Timestamp,Location/Street,District,Latitude,Longitude,CurrentSpeed,FreeFlowSpeed,Confidence
2025-12-09 08:16:58,Cho Ben Thanh,Quan 1,10.772727584493625,106.69804225297563,14,23,0.995907
2025-12-09 08:16:59,Duong Nguyen Hue,Quan 1,10.774028664434528,106.70357076461706,20,28,1.0
2025-12-09 08:17:00,Nguyen Van Linh,Quan 7,10.752616652291238,106.72509685338922,39,39,1.0
2025-12-09 08:17:01,Vo Van Kiet,Quan 5,10.745754766198267,106.65326266831877,42,42,1.0
2025-12-09 08:17:02,Xa lo Ha Noi,QL1A,10.94927106740351,106.87196348224562,29,41,1.0
2025-12-09 08:17:03,Duong Dien Bien Phu,Quan 1,10.78866360854368,106.69551372228901,33,42,1.0
2025-12-09 08:17:03,Nga tu Hang Xanh,Binh Thanh,10.801406421807085,106.71148440879679,33,42,1.0
2025-12-09 08:17:04,Nga tu An Suong,Hoc Mon,10.843150534972033,106.6151343241409,24,35,1.0
2025-12-09 08:17:16,Ben xe Mien Dong,Quan 9,10.880537767027526,106.81481342866444,40,53,1.0
2025-12-09 08:17:17,Ben xe Mien Tay,Binh Tan,10.740840166521663,106.61899246873142,27,35,1.0
2025-12-09 08:17:18,Cau Sai Gon,Quan 2 ,10.798986343749618,106.72697056646841,31,45,1.0
2025-12-09 08:17:19,Cau Phu My,Q2,10.741860769464234,106.73790365482627,44,44,1.0
2025-12-09 08:17:28,Cau Kenh Te,Q4,10.752408891679814,106.7022703818112,18,34,1.0
2025-12-09 08:17:29,Cau Thu Thiem,Quan 2,10.786216596454727,106.71836665482695,40,40,1.0
2025-12-09 08:17:30,Nguyen Huu Canh,Binh Thanh,10.78948793356203,106.71518838181179,22,35,1.0
2025-12-09 08:17:31,Cong Hoa,Tan Binh,10.80223925742187,106.6478722259914,28,39,1.0
2025-12-09 08:17:32,Truong Son / Tan Son Nhat Blvd,Gan san bay,10.813928881466124,106.66511432455972,20,34,0.998954
2025-12-09 08:17:33,Nguyen Trai,Quan 5,10.755608615763382,106.67347943578082,19,27,1.0
2025-12-09 08:17:41,Le Duan,Quan 1,10.782680856341083,106.70051548181169,18,30,1.0
2025-12-09 08:17:53,Tran Hung Dao ,Quan 5,10.754895139302109,106.67839188181134,22,33,1.0
2025-12-09 08:17:53,Tran Quoc Thao,Quan 3,10.785070445194592,106.68331340921323,9,27,1.0
2025-12-09 08:17:54,Tran Hung Dao,Quan 5,10.7549373008113,106.67848844133415,22,33,1.0
2025-12-09 08:17:55,Cach Mang Thang 8 (CMT8),Quan 3,10.77898143649726,106.67684447140958,22,34,1.0
2025-12-09 08:17:56,Pham Ngu Lao / Bui Vien,Quan 1,10.767112828386699,106.6927618222887,15,20,1.0
2025-12-09 08:17:57,Nguyen Thi Minh Khai,Quan 3,10.77847212665258,106.69389510879643,28,41,1.0
2025-12-09 08:18:05,Nguyen Van Troi,Phu Nhuan,10.796057790235078,106.67492629345334,21,34,0.998954
2025-12-09 08:18:06,Pham Van Dong,Go Vap,10.835298215641501,106.72935479345391,31,42,0.994777
2025-12-09 08:18:06,Cong truong lam son,Quan 1,10.777562007197462,106.7041335430398,19,30,1.0
2025-12-09 08:18:07,Nguyen Oanh ,Go Vap,10.83886351241477,106.67566625482782,36,36,1.0
2025-12-09 08:18:08,Le Hong Phong,Quan 10,10.765187049751795,106.67550552599073,25,36,1.0
2025-12-09 08:18:09,Nguyen Van Cu,Quan 5,10.759484371982321,106.6840537511244,20,27,1.0
2025-12-09 08:18:17,Nga tu Binh Phuoc,Ngoai o,10.865229381280965,106.72366973948475,37,49,1.0
2025-12-09 08:18:17,Phu My Hung ,Quan 7,10.72279213640514,106.72808623948244,27,36,1.0
2025-12-09 08:18:18,Nguyen Thai Son,Phu Nhuan,10.823400120373712,106.68551227436063,24,32,1.0
2025-12-09 08:18:19,An Duong Vuong,Quan 8,10.756158554057757,106.66631758181126,29,29,1.0
2025-12-09 08:18:21,Huynh Tan Phat,Nha Be,10.7144382088356,106.73711688366167,22,35,1.0
2025-12-09 08:18:22,Truong Chinh,Tan Binh ,10.817236653231737,106.63191539530457,24,35,1.0
2025-12-09 08:20:34,Cho Ben Thanh,Quan 1,10.772727584493625,106.69804225297563,15,24,0.998765
2025-12-09 08:20:35,Duong Nguyen Hue,Quan 1,10.774028664434528,106.70357076461706,14,28,1.0
2025-12-09 08:20:35,Nguyen Van Linh,Quan 7,10.752616652291238,106.72509685338922,28,38,1.0
2025-12-09 08:20:36,Vo Van Kiet,Quan 5,10.745754766198267,106.65326266831877,42,42,1.0
2025-12-09 08:20:37,Xa lo Ha Noi,QL1A,10.94927106740351,106.87196348224562,30,41,1.0
2025-12-09 08:20:38,Duong Dien Bien Phu,Quan 1,10.78866360854368,106.69551372228901,33,41,1.0
2025-12-09 08:20:39,Nga tu Hang Xanh,Binh Thanh,10.801406421807085,106.71148440879679,33,41,1.0
2025-12-09 08:20:46,Nga tu An Suong,Hoc Mon,10.843150534972033,106.6151343241409,24,35,1.0
2025-12-09 08:20:59,Ben xe Mien Dong,Quan 9,10.880537767027526,106.81481342866444,39,53,1.0
2025-12-09 08:21:00,Ben xe Mien Tay,Binh Tan,10.740840166521663,106.61899246873142,27,35,1.0
2025-12-09 08:21:01,Cau Sai Gon,Quan 2 ,10.798986343749618,106.72697056646841,45,45,1.0
2025-12-09 08:21:02,Cau Phu My,Q2,10.741860769464234,106.73790365482627,44,44,1.0
2025-12-09 08:21:14,Cau Kenh Te,Q4,10.752408891679814,106.7022703818112,17,34,1.0
2025-12-09 08:21:26,Cau Thu Thiem,Quan 2,10.786216596454727,106.71836665482695,40,40,1.0
2025-12-09 08:21:27,Nguyen Huu Canh,Binh Thanh,10.78948793356203,106.71518838181179,22,35,1.0
2025-12-09 08:21:28,Cong Hoa,Tan Binh,10.80223925742187,106.6478722259914,27,41,1.0
2025-12-09 08:21:29,Truong Son / Tan Son Nhat Blvd,Gan san bay,10.813928881466124,106.66511432455972,19,34,0.99892
2025-12-09 08:21:30,Nguyen Trai,Quan 5,10.755608615763382,106.67347943578082,19,27,1.0
2025-12-09 08:21:31,Le Duan,Quan 1,10.782680856341083,106.70051548181169,18,30,1.0
2025-12-09 08:21:32,Tran Hung Dao ,Quan 5,10.754895139302109,106.67839188181134,21,33,1.0
2025-12-09 08:21:33,Tran Quoc Thao,Quan 3,10.785070445194592,106.68331340921323,12,27,1.0
2025-12-09 08:21:34,Tran Hung Dao,Quan 5,10.7549373008113,106.67848844133415,21,33,1.0
2025-12-09 08:21:35,Cach Mang Thang 8 (CMT8),Quan 3,10.77898143649726,106.67684447140958,20,35,1.0
2025-12-09 08:21:35,Pham Ngu Lao / Bui Vien,Quan 1,10.767112828386699,106.6927618222887,20,20,1.0
2025-12-09 08:21:36,Nguyen Thi Minh Khai,Quan 3,10.77847212665258,106.69389510879643,26,41,1.0
2025-12-09 08:21:38,Nguyen Van Troi,Phu Nhuan,10.796057790235078,106.67492629345334,19,34,0.99892
2025-12-09 08:21:41,Pham Van Dong,Go Vap,10.835298215641501,106.72935479345391,32,42,0.993124
2025-12-09 08:23:08,Cong truong lam son,Quan 1,10.777562007197462,106.7041335430398,19,30,1.0
2025-12-09 08:23:08,Nguyen Oanh ,Go Vap,10.83886351241477,106.67566625482782,27,35,0.996417
2025-12-09 08:23:09,Le Hong Phong,Quan 10,10.765187049751795,106.67550552599073,22,35,1.0
2025-12-09 08:23:10,Nguyen Van Cu,Quan 5,10.759484371982321,106.6840537511244,18,27,1.0
2025-12-09 08:23:11,Nga tu Binh Phuoc,Ngoai o,10.865229381280965,106.72366973948475,36,49,1.0
2025-12-09 08:23:13,Phu My Hung ,Quan 7,10.72279213640514,106.72808623948244,28,36,1.0
2025-12-09 08:23:25,Nguyen Thai Son,Phu Nhuan,10.823400120373712,106.68551227436063,21,31,1.0
2025-12-09 08:23:26,An Duong Vuong,Quan 8,10.756158554057757,106.66631758181126,29,29,1.0
2025-12-09 08:23:27,Huynh Tan Phat,Nha Be,10.7144382088356,106.73711688366167,22,35,1.0
2025-12-09 08:23:28,Truong Chinh,Tan Binh ,10.817236653231737,106.63191539530457,24,34,1.0
2025-12-09 08:25:41,Cho Ben Thanh,Quan 1,10.772727584493625,106.69804225297563,16,24,0.997559
2025-12-09 08:25:41,Duong Nguyen Hue,Quan 1,10.774028664434528,106.70357076461706,20,27,1.0
2025-12-09 08:25:42,Nguyen Van Linh,Quan 7,10.752616652291238,106.72509685338922,39,39,1.0
2025-12-09 08:25:43,Vo Van Kiet,Quan 5,10.745754766198267,106.65326266831877,42,42,1.0
2025-12-09 08:25:44,Xa lo Ha Noi,QL1A,10.94927106740351,106.87196348224562,30,42,1.0
2025-12-09 08:25:45,Duong Dien Bien Phu,Quan 1,10.78866360854368,106.69551372228901,31,42,1.0
2025-12-09 08:25:53,Nga tu Hang Xanh,Binh Thanh,10.801406421807085,106.71148440879679,31,42,1.0
2025-12-09 08:26:05,Nga tu An Suong,Hoc Mon,10.843150534972033,106.6151343241409,23,35,1.0
2025-12-09 08:26:05,Ben xe Mien Dong,Quan 9,10.880537767027526,106.81481342866444,40,54,1.0
2025-12-09 08:26:06,Ben xe Mien Tay,Binh Tan,10.740840166521663,106.61899246873142,26,35,1.0
2025-12-09 08:26:07,Cau Sai Gon,Quan 2 ,10.798986343749618,106.72697056646841,45,45,1.0
2025-12-09 08:26:08,Cau Phu My,Q2,10.741860769464234,106.73790365482627,44,44,1.0
2025-12-09 08:26:09,Cau Kenh Te,Q4,10.752408891679814,106.7022703818112,17,33,1.0
2025-12-09 08:26:16,Cau Thu Thiem,Quan 2,10.786216596454727,106.71836665482695,40,40,1.0
2025-12-09 08:26:17,Nguyen Huu Canh,Binh Thanh,10.78948793356203,106.71518838181179,36,36,1.0
2025-12-09 08:26:18,Cong Hoa,Tan Binh,10.80223925742187,106.6478722259914,29,39,1.0
2025-12-09 08:26:19,Truong Son / Tan Son Nhat Blvd,Gan san bay,10.813928881466124,106.66511432455972,18,33,1.0
2025-12-09 08:26:20,Nguyen Trai,Quan 5,10.755608615763382,106.67347943578082,22,28,1.0
2025-12-09 08:26:21,Le Duan,Quan 1,10.782680856341083,106.70051548181169,19,31,1.0
2025-12-09 08:26:28,Tran Hung Dao ,Quan 5,10.754895139302109,106.67839188181134,21,32,1.0
2025-12-09 08:26:40,Tran Quoc Thao,Quan 3,10.785070445194592,106.68331340921323,7,27,1.0
2025-12-09 08:26:41,Tran Hung Dao,Quan 5,10.7549373008113,106.67848844133415,21,32,1.0
2025-12-09 08:26:42,Cach Mang Thang 8 (CMT8),Quan 3,10.77898143649726,106.67684447140958,20,34,1.0
2025-12-09 08:26:43,Pham Ngu Lao / Bui Vien,Quan 1,10.767112828386699,106.6927618222887,16,20,1.0
2025-12-09 08:26:44,Nguyen Thi Minh Khai,Quan 3,10.77847212665258,106.69389510879643,27,41,1.0
2025-12-09 08:26:45,Nguyen Van Troi,Phu Nhuan,10.796057790235078,106.67492629345334,18,34,1.0
2025-12-09 08:26:52,Pham Van Dong,Go Vap,10.835298215641501,106.72935479345391,32,42,0.993142
2025-12-09 08:27:04,Cong truong lam son,Quan 1,10.777562007197462,106.7041335430398,19,30,1.0
2025-12-09 08:27:05,Nguyen Oanh ,Go Vap,10.83886351241477,106.67566625482782,27,36,0.998429
2025-12-09 08:27:06,Le Hong Phong,Quan 10,10.765187049751795,106.67550552599073,21,36,1.0
2025-12-09 08:27:07,Nguyen Van Cu,Quan 5,10.759484371982321,106.6840537511244,22,27,1.0
2025-12-09 08:27:08,Nga tu Binh Phuoc,Ngoai o,10.865229381280965,106.72366973948475,36,49,1.0
2025-12-09 08:27:09,Phu My Hung ,Quan 7,10.72279213640514,106.72808623948244,27,36,1.0
2025-12-09 08:27:17,Nguyen Thai Son,Phu Nhuan,10.823400120373712,106.68551227436063,21,31,1.0
2025-12-09 08:27:18,An Duong Vuong,Quan 8,10.756158554057757,106.66631758181126,22,30,1.0
2025-12-09 08:27:19,Huynh Tan Phat,Nha Be,10.7144382088356,106.73711688366167,22,35,1.0
2025-12-09 08:27:19,Truong Chinh,Tan Binh ,10.817236653231737,106.63191539530457,24,34,1.0
2025-12-09 08:29:32,Cho Ben Thanh,Quan 1,10.772727584493625,106.69804225297563,15,24,1.0
2025-12-09 08:29:33,Duong Nguyen Hue,Quan 1,10.774028664434528,106.70357076461706,12,27,1.0
2025-12-09 08:29:34,Nguyen Van Linh,Quan 7,10.752616652291238,106.72509685338922,39,39,1.0
2025-12-09 08:29:35,Vo Van Kiet,Quan 5,10.745754766198267,106.65326266831877,42,42,1.0
2025-12-09 08:29:36,Xa lo Ha Noi,QL1A,10.94927106740351,106.87196348224562,29,41,1.0
2025-12-09 08:29:44,Duong Dien Bien Phu,Quan 1,10.78866360854368,106.69551372228901,33,42,1.0
2025-12-09 08:29:56,Nga tu Hang Xanh,Binh Thanh,10.801406421807085,106.71148440879679,32,42,1.0
2025-12-09 08:29:57,Nga tu An Suong,Hoc Mon,10.843150534972033,106.6151343241409,23,35,1.0
2025-12-09 08:29:58,Ben xe Mien Dong,Quan 9,10.880537767027526,106.81481342866444,40,53,1.0
2025-12-09 08:30:02,Ben xe Mien Tay,Binh Tan,10.740840166521663,106.61899246873142,25,35,1.0
2025-12-09 08:30:09,Cau Sai Gon,Quan 2 ,10.798986343749618,106.72697056646841,45,45,1.0
2025-12-09 08:30:10,Cau Phu My,Q2,10.741860769464234,106.73790365482627,44,44,1.0
2025-12-09 08:30:11,Cau Kenh Te,Q4,10.752408891679814,106.7022703818112,18,34,1.0
2025-12-09 08:30:11,Cau Thu Thiem,Quan 2,10.786216596454727,106.71836665482695,36,40,1.0
2025-12-09 08:30:12,Nguyen Huu Canh,Binh Thanh,10.78948793356203,106.71518838181179,23,36,1.0
2025-12-09 08:30:21,Cong Hoa,Tan Binh,10.80223925742187,106.6478722259914,24,40,1.0
2025-12-09 08:30:22,Truong Son / Tan Son Nhat Blvd,Gan san bay,10.813928881466124,106.66511432455972,17,34,1.0
2025-12-09 08:30:23,Nguyen Trai,Quan 5,10.755608615763382,106.67347943578082,19,28,0.99684
2025-12-09 08:30:24,Le Duan,Quan 1,10.782680856341083,106.70051548181169,17,30,1.0
2025-12-09 08:30:24,Tran Hung Dao ,Quan 5,10.754895139302109,106.67839188181134,23,32,1.0
2025-12-09 08:30:25,Tran Quoc Thao,Quan 3,10.785070445194592,106.68331340921323,9,26,1.0
2025-12-09 08:30:33,Tran Hung Dao,Quan 5,10.7549373008113,106.67848844133415,23,32,1.0
2025-12-09 08:30:34,Cach Mang Thang 8 (CMT8),Quan 3,10.77898143649726,106.67684447140958,21,34,1.0
2025-12-09 08:30:35,Pham Ngu Lao / Bui Vien,Quan 1,10.767112828386699,106.6927618222887,20,20,1.0
2025-12-09 08:30:36,Nguyen Thi Minh Khai,Quan 3,10.77847212665258,106.69389510879643,28,41,1.0
2025-12-09 08:30:37,Nguyen Van Troi,Phu Nhuan,10.796057790235078,106.67492629345334,17,34,1.0
2025-12-09 08:30:45,Pham Van Dong,Go Vap,10.835298215641501,106.72935479345391,33,42,0.993351
2025-12-09 08:30:47,Cong truong lam son,Quan 1,10.777562007197462,106.7041335430398,17,30,1.0
2025-12-09 08:30:48,Nguyen Oanh ,Go Vap,10.83886351241477,106.67566625482782,29,36,1.0
2025-12-09 08:30:49,Le Hong Phong,Quan 10,10.765187049751795,106.67550552599073,23,35,1.0
2025-12-09 08:30:50,Nguyen Van Cu,Quan 5,10.759484371982321,106.6840537511244,20,28,0.99684
2025-12-09 08:30:57,Nga tu Binh Phuoc,Ngoai o,10.865229381280965,106.72366973948475,36,49,1.0
2025-12-09 08:30:58,Phu My Hung ,Quan 7,10.72279213640514,106.72808623948244,26,37,1.0
2025-12-09 08:30:59,Nguyen Thai Son,Phu Nhuan,10.823400120373712,106.68551227436063,22,31,1.0
2025-12-09 08:31:00,An Duong Vuong,Quan 8,10.756158554057757,106.66631758181126,21,29,1.0
2025-12-09 08:31:01,Huynh Tan Phat,Nha Be,10.7144382088356,106.73711688366167,22,35,1.0
2025-12-09 08:31:02,Truong Chinh,Tan Binh ,10.817236653231737,106.63191539530457,24,35,1.0
2025-12-09 08:33:14,Cho Ben Thanh,Quan 1,10.772727584493625,106.69804225297563,15,24,1.0
2025-12-09 08:33:15,Duong Nguyen Hue,Quan 1,10.774028664434528,106.70357076461706,20,28,1.0
2025-12-09 08:33:16,Nguyen Van Linh,Quan 7,10.752616652291238,106.72509685338922,34,41,1.0
2025-12-09 08:33:17,Vo Van Kiet,Quan 5,10.745754766198267,106.65326266831877,42,42,1.0
2025-12-09 08:33:18,Xa lo Ha Noi,QL1A,10.94927106740351,106.87196348224562,30,41,1.0
2025-12-09 08:33:26,Duong Dien Bien Phu,Quan 1,10.78866360854368,106.69551372228901,32,42,1.0
2025-12-09 08:33:27,Nga tu Hang Xanh,Binh Thanh,10.801406421807085,106.71148440879679,32,42,1.0
2025-12-09 08:33:28,Nga tu An Suong,Hoc Mon,10.843150534972033,106.6151343241409,24,34,1.0
2025-12-09 08:33:29,Ben xe Mien Dong,Quan 9,10.880537767027526,106.81481342866444,38,53,1.0
2025-12-09 08:33:30,Ben xe Mien Tay,Binh Tan,10.740840166521663,106.61899246873142,26,36,1.0
2025-12-09 08:33:31,Cau Sai Gon,Quan 2 ,10.798986343749618,106.72697056646841,45,45,1.0
2025-12-09 08:33:38,Cau Phu My,Q2,10.741860769464234,106.73790365482627,44,44,1.0
2025-12-09 08:33:40,Cau Kenh Te,Q4,10.752408891679814,106.7022703818112,16,34,1.0
2025-12-09 08:33:41,Cau Thu Thiem,Quan 2,10.786216596454727,106.71836665482695,35,40,1.0
2025-12-09 08:33:42,Nguyen Huu Canh,Binh Thanh,10.78948793356203,106.71518838181179,26,36,1.0
2025-12-09 08:33:43,Cong Hoa,Tan Binh,10.80223925742187,106.6478722259914,28,40,1.0
2025-12-09 08:33:50,Truong Son / Tan Son Nhat Blvd,Gan san bay,10.813928881466124,106.66511432455972,18,34,0.998669
2025-12-09 08:33:51,Nguyen Trai,Quan 5,10.755608615763382,106.67347943578082,19,28,0.997894
2025-12-09 08:33:52,Le Duan,Quan 1,10.782680856341083,106.70051548181169,19,30,1.0
2025-12-09 08:33:53,Tran Hung Dao ,Quan 5,10.754895139302109,106.67839188181134,23,33,1.0
2025-12-09 08:33:53,Tran Quoc Thao,Quan 3,10.785070445194592,106.68331340921323,10,27,1.0
2025-12-09 08:33:55,Tran Hung Dao,Quan 5,10.7549373008113,106.67848844133415,23,33,1.0
2025-12-09 08:34:02,Cach Mang Thang 8 (CMT8),Quan 3,10.77898143649726,106.67684447140958,20,34,1.0
2025-12-09 08:34:03,Pham Ngu Lao / Bui Vien,Quan 1,10.767112828386699,106.6927618222887,14,20,1.0
2025-12-09 08:34:04,Nguyen Thi Minh Khai,Quan 3,10.77847212665258,106.69389510879643,28,41,1.0
2025-12-09 08:34:05,Nguyen Van Troi,Phu Nhuan,10.796057790235078,106.67492629345334,18,34,0.998669
2025-12-09 08:34:06,Pham Van Dong,Go Vap,10.835298215641501,106.72935479345391,32,42,0.995826
2025-12-09 08:34:07,Cong truong lam son,Quan 1,10.777562007197462,106.7041335430398,20,30,1.0
2025-12-09 08:34:14,Nguyen Oanh ,Go Vap,10.83886351241477,106.67566625482782,29,36,1.0
2025-12-09 08:34:15,Le Hong Phong,Quan 10,10.765187049751795,106.67550552599073,24,36,1.0
2025-12-09 08:34:16,Nguyen Van Cu,Quan 5,10.759484371982321,106.6840537511244,20,28,0.997894
2025-12-09 08:34:17,Nga tu Binh Phuoc,Ngoai o,10.865229381280965,106.72366973948475,35,48,1.0
2025-12-09 08:34:18,Phu My Hung ,Quan 7,10.72279213640514,106.72808623948244,25,37,0.99951
2025-12-09 08:34:19,Nguyen Thai Son,Phu Nhuan,10.823400120373712,106.68551227436063,21,31,1.0
2025-12-09 08:34:26,An Duong Vuong,Quan 8,10.756158554057757,106.66631758181126,19,28,1.0
2025-12-09 08:34:27,Huynh Tan Phat,Nha Be,10.7144382088356,106.73711688366167,21,35,1.0
2025-12-09 08:34:28,Truong Chinh,Tan Binh ,10.817236653231737,106.63191539530457,23,35,1.0
2025-12-09 08:36:40,Cho Ben Thanh,Quan 1,10.772727584493625,106.69804225297563,15,24,1.0
2025-12-09 08:36:41,Duong Nguyen Hue,Quan 1,10.774028664434528,106.70357076461706,21,28,1.0
2025-12-09 08:36:42,Nguyen Van Linh,Quan 7,10.752616652291238,106.72509685338922,39,39,1.0
2025-12-09 08:36:43,Vo Van Kiet,Quan 5,10.745754766198267,106.65326266831877,42,42,1.0
2025-12-09 08:36:43,Xa lo Ha Noi,QL1A,10.94927106740351,106.87196348224562,28,42,1.0
2025-12-09 08:36:44,Duong Dien Bien Phu,Quan 1,10.78866360854368,106.69551372228901,33,42,1.0
2025-12-09 08:36:56,Nga tu Hang Xanh,Binh Thanh,10.801406421807085,106.71148440879679,33,42,1.0
2025-12-09 08:37:09,Nga tu An Suong,Hoc Mon,10.843150534972033,106.6151343241409,24,34,1.0
2025-12-09 08:37:09,Ben xe Mien Dong,Quan 9,10.880537767027526,106.81481342866444,37,53,1.0
2025-12-09 08:37:11,Ben xe Mien Tay,Binh Tan,10.740840166521663,106.61899246873142,27,35,1.0
2025-12-09 08:37:13,Cau Sai Gon,Quan 2 ,10.798986343749618,106.72697056646841,45,45,1.0
2025-12-09 08:37:21,Cau Phu My,Q2,10.741860769464234,106.73790365482627,44,44,1.0
2025-12-09 08:37:22,Cau Kenh Te,Q4,10.752408891679814,106.7022703818112,17,35,1.0
2025-12-09 08:37:23,Cau Thu Thiem,Quan 2,10.786216596454727,106.71836665482695,40,40,1.0
2025-12-09 08:37:24,Nguyen Huu Canh,Binh Thanh,10.78948793356203,106.71518838181179,36,36,1.0
2025-12-09 08:37:25,Cong Hoa,Tan Binh,10.80223925742187,106.6478722259914,27,40,1.0
2025-12-09 08:37:25,Truong Son / Tan Son Nhat Blvd,Gan san bay,10.813928881466124,106.66511432455972,18,34,0.998691
2025-12-09 08:37:33,Nguyen Trai,Quan 5,10.755608615763382,106.67347943578082,28,28,1.0
2025-12-09 08:37:34,Le Duan,Quan 1,10.782680856341083,106.70051548181169,19,30,1.0
2025-12-09 08:37:35,Tran Hung Dao ,Quan 5,10.754895139302109,106.67839188181134,22,32,1.0
2025-12-09 08:37:35,Tran Quoc Thao,Quan 3,10.785070445194592,106.68331340921323,12,28,1.0
2025-12-09 08:37:36,Tran Hung Dao,Quan 5,10.7549373008113,106.67848844133415,22,32,1.0
2025-12-09 08:37:37,Cach Mang Thang 8 (CMT8),Quan 3,10.77898143649726,106.67684447140958,21,34,1.0
2025-12-09 08:37:45,Pham Ngu Lao / Bui Vien,Quan 1,10.767112828386699,106.6927618222887,13,19,1.0
2025-12-09 08:37:45,Nguyen Thi Minh Khai,Quan 3,10.77847212665258,106.69389510879643,28,41,1.0
2025-12-09 08:37:46,Nguyen Van Troi,Phu Nhuan,10.796057790235078,106.67492629345334,18,33,0.998954
2025-12-09 08:37:47,Pham Van Dong,Go Vap,10.835298215641501,106.72935479345391,33,41,0.995747
2025-12-09 08:37:48,Cong truong lam son,Quan 1,10.777562007197462,106.7041335430398,19,30,1.0
2025-12-09 08:37:49,Nguyen Oanh ,Go Vap,10.83886351241477,106.67566625482782,36,36,1.0
2025-12-09 08:37:57,Le Hong Phong,Quan 10,10.765187049751795,106.67550552599073,24,36,1.0
2025-12-09 08:37:58,Nguyen Van Cu,Quan 5,10.759484371982321,106.6840537511244,28,28,1.0
2025-12-09 08:37:58,Nga tu Binh Phuoc,Ngoai o,10.865229381280965,106.72366973948475,34,49,1.0
2025-12-09 08:38:00,Phu My Hung ,Quan 7,10.72279213640514,106.72808623948244,26,37,1.0
2025-12-09 08:38:00,Nguyen Thai Son,Phu Nhuan,10.823400120373712,106.68551227436063,22,31,1.0
2025-12-09 08:38:01,An Duong Vuong,Quan 8,10.756158554057757,106.66631758181126,22,29,1.0
2025-12-09 08:38:09,Huynh Tan Phat,Nha Be,10.7144382088356,106.73711688366167,21,35,1.0
2025-12-09 08:38:10,Truong Chinh,Tan Binh ,10.817236653231737,106.63191539530457,25,35,1.0
2025-12-09 08:40:22,Cho Ben Thanh,Quan 1,10.772727584493625,106.69804225297563,13,24,1.0
2025-12-09 08:40:23,Duong Nguyen Hue,Quan 1,10.774028664434528,106.70357076461706,20,28,1.0
2025-12-09 08:40:24,Nguyen Van Linh,Quan 7,10.752616652291238,106.72509685338922,39,39,1.0
2025-12-09 08:40:25,Vo Van Kiet,Quan 5,10.745754766198267,106.65326266831877,42,42,1.0
2025-12-09 08:40:26,Xa lo Ha Noi,QL1A,10.94927106740351,106.87196348224562,31,40,1.0
2025-12-09 08:40:34,Duong Dien Bien Phu,Quan 1,10.78866360854368,106.69551372228901,32,42,1.0
2025-12-09 08:40:36,Nga tu Hang Xanh,Binh Thanh,10.801406421807085,106.71148440879679,32,42,1.0
2025-12-09 08:40:39,Nga tu An Suong,Hoc Mon,10.843150534972033,106.6151343241409,24,35,1.0
2025-12-09 08:40:46,Ben xe Mien Dong,Quan 9,10.880537767027526,106.81481342866444,38,53,1.0
2025-12-09 08:40:58,Ben xe Mien Tay,Binh Tan,10.740840166521663,106.61899246873142,26,35,1.0
2025-12-09 08:40:59,Cau Sai Gon,Quan 2 ,10.798986343749618,106.72697056646841,45,45,1.0
2025-12-09 08:41:00,Cau Phu My,Q2,10.741860769464234,106.73790365482627,44,44,1.0
2025-12-09 08:41:01,Cau Kenh Te,Q4,10.752408891679814,106.7022703818112,18,34,1.0
2025-12-09 08:41:01,Cau Thu Thiem,Quan 2,10.786216596454727,106.71836665482695,40,40,1.0
2025-12-09 08:41:02,Nguyen Huu Canh,Binh Thanh,10.78948793356203,106.71518838181179,36,36,1.0
2025-12-09 08:41:10,Cong Hoa,Tan Binh,10.80223925742187,106.6478722259914,25,39,1.0
2025-12-09 08:41:23,Truong Son / Tan Son Nhat Blvd,Gan san bay,10.813928881466124,106.66511432455972,17,34,0.998691
2025-12-09 08:41:24,Nguyen Trai,Quan 5,10.755608615763382,106.67347943578082,20,27,0.997478
2025-12-09 08:41:25,Le Duan,Quan 1,10.782680856341083,106.70051548181169,19,30,1.0
2025-12-09 08:41:25,Tran Hung Dao ,Quan 5,10.754895139302109,106.67839188181134,22,32,1.0
2025-12-09 08:41:26,Tran Quoc Thao,Quan 3,10.785070445194592,106.68331340921323,12,27,1.0
2025-12-09 08:41:35,Tran Hung Dao,Quan 5,10.7549373008113,106.67848844133415,22,32,1.0
2025-12-09 08:41:35,Cach Mang Thang 8 (CMT8),Quan 3,10.77898143649726,106.67684447140958,20,34,1.0
2025-12-09 08:41:36,Pham Ngu Lao / Bui Vien,Quan 1,10.767112828386699,106.6927618222887,14,19,1.0
2025-12-09 08:41:37,Nguyen Thi Minh Khai,Quan 3,10.77847212665258,106.69389510879643,27,42,1.0
2025-12-09 08:41:38,Nguyen Van Troi,Phu Nhuan,10.796057790235078,106.67492629345334,17,34,0.998691
2025-12-09 08:41:39,Pham Van Dong,Go Vap,10.835298215641501,106.72935479345391,36,42,0.993599
2025-12-09 08:41:47,Cong truong lam son,Quan 1,10.777562007197462,106.7041335430398,19,30,1.0
2025-12-09 08:41:59,Nguyen Oanh ,Go Vap,10.83886351241477,106.67566625482782,36,36,1.0
2025-12-09 08:42:00,Le Hong Phong,Quan 10,10.765187049751795,106.67550552599073,24,35,1.0
2025-12-09 08:42:00,Nguyen Van Cu,Quan 5,10.759484371982321,106.6840537511244,21,27,0.997907
2025-12-09 08:42:01,Nga tu Binh Phuoc,Ngoai o,10.865229381280965,106.72366973948475,35,49,1.0
2025-12-09 08:42:02,Phu My Hung ,Quan 7,10.72279213640514,106.72808623948244,25,37,1.0
2025-12-09 08:42:03,Nguyen Thai Son,Phu Nhuan,10.823400120373712,106.68551227436063,32,32,1.0
2025-12-09 08:42:11,An Duong Vuong,Quan 8,10.756158554057757,106.66631758181126,20,28,1.0
2025-12-09 08:42:23,Huynh Tan Phat,Nha Be,10.7144382088356,106.73711688366167,21,35,1.0
2025-12-09 08:42:23,Truong Chinh,Tan Binh ,10.817236653231737,106.63191539530457,25,35,1.0
2025-12-09 08:44:36,Cho Ben Thanh,Quan 1,10.772727584493625,106.69804225297563,16,24,1.0
2025-12-09 08:44:37,Duong Nguyen Hue,Quan 1,10.774028664434528,106.70357076461706,13,28,1.0
2025-12-09 08:44:38,Nguyen Van Linh,Quan 7,10.752616652291238,106.72509685338922,39,39,1.0
2025-12-09 08:44:38,Vo Van Kiet,Quan 5,10.745754766198267,106.65326266831877,35,42,1.0
2025-12-09 08:44:39,Xa lo Ha Noi,QL1A,10.94927106740351,106.87196348224562,29,42,1.0
2025-12-09 08:44:40,Duong Dien Bien Phu,Quan 1,10.78866360854368,106.69551372228901,34,42,1.0
2025-12-09 08:44:48,Nga tu Hang Xanh,Binh Thanh,10.801406421807085,106.71148440879679,34,42,1.0
2025-12-09 08:45:00,Nga tu An Suong,Hoc Mon,10.843150534972033,106.6151343241409,24,35,1.0
2025-12-09 08:45:01,Ben xe Mien Dong,Quan 9,10.880537767027526,106.81481342866444,39,53,1.0
2025-12-09 08:45:02,Ben xe Mien Tay,Binh Tan,10.740840166521663,106.61899246873142,26,35,1.0
2025-12-09 08:45:03,Cau Sai Gon,Quan 2 ,10.798986343749618,106.72697056646841,45,45,1.0
2025-12-09 08:45:04,Cau Phu My,Q2,10.741860769464234,106.73790365482627,44,44,1.0
2025-12-09 08:45:05,Cau Kenh Te,Q4,10.752408891679814,106.7022703818112,16,33,1.0
2025-12-09 08:45:12,Cau Thu Thiem,Quan 2,10.786216596454727,106.71836665482695,40,40,1.0
2025-12-09 08:45:14,Nguyen Huu Canh,Binh Thanh,10.78948793356203,106.71518838181179,36,36,1.0
2025-12-09 08:45:15,Cong Hoa,Tan Binh,10.80223925742187,106.6478722259914,30,39,1.0
2025-12-09 08:45:16,Truong Son / Tan Son Nhat Blvd,Gan san bay,10.813928881466124,106.66511432455972,21,34,0.997914
2025-12-09 08:45:24,Nguyen Trai,Quan 5,10.755608615763382,106.67347943578082,19,27,1.0
2025-12-09 08:45:36,Le Duan,Quan 1,10.782680856341083,106.70051548181169,18,30,1.0
2025-12-09 08:45:37,Tran Hung Dao ,Quan 5,10.754895139302109,106.67839188181134,22,32,1.0
2025-12-09 08:45:38,Tran Quoc Thao,Quan 3,10.785070445194592,106.68331340921323,13,27,1.0
2025-12-09 08:45:39,Tran Hung Dao,Quan 5,10.7549373008113,106.67848844133415,22,32,1.0
2025-12-09 08:45:40,Cach Mang Thang 8 (CMT8),Quan 3,10.77898143649726,106.67684447140958,20,34,1.0
2025-12-09 08:45:48,Pham Ngu Lao / Bui Vien,Quan 1,10.767112828386699,106.6927618222887,20,20,1.0
2025-12-09 08:45:49,Nguyen Thi Minh Khai,Quan 3,10.77847212665258,106.69389510879643,27,41,1.0
2025-12-09 08:45:50,Nguyen Van Troi,Phu Nhuan,10.796057790235078,106.67492629345334,21,34,0.997914
2025-12-09 08:45:51,Pham Van Dong,Go Vap,10.835298215641501,106.72935479345391,34,42,0.993342
2025-12-09 08:45:52,Cong truong lam son,Quan 1,10.777562007197462,106.7041335430398,18,30,1.0
2025-12-09 08:45:52,Nguyen Oanh ,Go Vap,10.83886351241477,106.67566625482782,28,36,1.0
2025-12-09 08:46:00,Le Hong Phong,Quan 10,10.765187049751795,106.67550552599073,18,36,1.0
2025-12-09 08:46:12,Nguyen Van Cu,Quan 5,10.759484371982321,106.6840537511244,17,27,0.997903
2025-12-09 08:46:13,Nga tu Binh Phuoc,Ngoai o,10.865229381280965,106.72366973948475,35,49,1.0
2025-12-09 08:46:14,Phu My Hung ,Quan 7,10.72279213640514,106.72808623948244,26,37,1.0
2025-12-09 08:46:15,Nguyen Thai Son,Phu Nhuan,10.823400120373712,106.68551227436063,23,31,1.0
2025-12-09 08:46:16,An Duong Vuong,Quan 8,10.756158554057757,106.66631758181126,21,28,1.0
2025-12-09 08:46:16,Huynh Tan Phat,Nha Be,10.7144382088356,106.73711688366167,22,35,1.0
2025-12-09 08:46:24,Truong Chinh,Tan Binh ,10.817236653231737,106.63191539530457,23,35,1.0
2025-12-09 08:48:36,Cho Ben Thanh,Quan 1,10.772727584493625,106.69804225297563,16,24,1.0
2025-12-09 08:48:37,Duong Nguyen Hue,Quan 1,10.774028664434528,106.70357076461706,19,28,1.0
2025-12-09 08:48:38,Nguyen Van Linh,Quan 7,10.752616652291238,106.72509685338922,39,39,1.0
2025-12-09 08:48:39,Vo Van Kiet,Quan 5,10.745754766198267,106.65326266831877,37,42,1.0
2025-12-09 08:48:40,Xa lo Ha Noi,QL1A,10.94927106740351,106.87196348224562,29,42,1.0
2025-12-09 08:48:40,Duong Dien Bien Phu,Quan 1,10.78866360854368,106.69551372228901,33,42,1.0
2025-12-09 08:48:48,Nga tu Hang Xanh,Binh Thanh,10.801406421807085,106.71148440879679,33,42,1.0
2025-12-09 08:49:00,Nga tu An Suong,Hoc Mon,10.843150534972033,106.6151343241409,23,35,1.0
2025-12-09 08:49:01,Ben xe Mien Dong,Quan 9,10.880537767027526,106.81481342866444,39,53,1.0
2025-12-09 08:49:02,Ben xe Mien Tay,Binh Tan,10.740840166521663,106.61899246873142,26,35,1.0
2025-12-09 08:49:04,Cau Sai Gon,Quan 2 ,10.798986343749618,106.72697056646841,45,45,1.0
2025-12-09 08:49:05,Cau Phu My,Q2,10.741860769464234,106.73790365482627,44,44,1.0
2025-12-09 08:49:12,Cau Kenh Te,Q4,10.752408891679814,106.7022703818112,18,33,1.0
2025-12-09 08:49:13,Cau Thu Thiem,Quan 2,10.786216596454727,106.71836665482695,40,40,1.0
2025-12-09 08:49:14,Nguyen Huu Canh,Binh Thanh,10.78948793356203,106.71518838181179,36,36,1.0
2025-12-09 08:49:15,Cong Hoa,Tan Binh,10.80223925742187,106.6478722259914,29,39,1.0
2025-12-09 08:49:16,Truong Son / Tan Son Nhat Blvd,Gan san bay,10.813928881466124,106.66511432455972,21,34,0.997915
2025-12-09 08:49:17,Nguyen Trai,Quan 5,10.755608615763382,106.67347943578082,19,27,0.997903
2025-12-09 08:49:24,Le Duan,Quan 1,10.782680856341083,106.70051548181169,18,30,1.0
2025-12-09 08:49:36,Tran Hung Dao ,Quan 5,10.754895139302109,106.67839188181134,22,32,1.0
2025-12-09 08:49:37,Tran Quoc Thao,Quan 3,10.785070445194592,106.68331340921323,11,26,1.0
2025-12-09 08:49:38,Tran Hung Dao,Quan 5,10.7549373008113,106.67848844133415,22,32,1.0
2025-12-09 08:49:39,Cach Mang Thang 8 (CMT8),Quan 3,10.77898143649726,106.67684447140958,21,34,1.0
2025-12-09 08:49:40,Pham Ngu Lao / Bui Vien,Quan 1,10.767112828386699,106.6927618222887,20,20,1.0
2025-12-09 08:49:41,Nguyen Thi Minh Khai,Quan 3,10.77847212665258,106.69389510879643,27,41,1.0
2025-12-09 08:49:48,Nguyen Van Troi,Phu Nhuan,10.796057790235078,106.67492629345334,19,34,1.0
2025-12-09 08:50:00,Pham Van Dong,Go Vap,10.835298215641501,106.72935479345391,33,42,0.997488
2025-12-09 08:50:01,Cong truong lam son,Quan 1,10.777562007197462,106.7041335430398,19,30,1.0
2025-12-09 08:50:02,Nguyen Oanh ,Go Vap,10.83886351241477,106.67566625482782,28,36,1.0
2025-12-09 08:50:03,Le Hong Phong,Quan 10,10.765187049751795,106.67550552599073,24,36,1.0
2025-12-09 08:50:04,Nguyen Van Cu,Quan 5,10.759484371982321,106.6840537511244,18,27,1.0
2025-12-09 08:50:05,Nga tu Binh Phuoc,Ngoai o,10.865229381280965,106.72366973948475,34,49,1.0
2025-12-09 08:50:12,Phu My Hung ,Quan 7,10.72279213640514,106.72808623948244,25,37,0.999301
2025-12-09 08:50:13,Nguyen Thai Son,Phu Nhuan,10.823400120373712,106.68551227436063,20,31,1.0
2025-12-09 08:50:14,An Duong Vuong,Quan 8,10.756158554057757,106.66631758181126,29,29,1.0
2025-12-09 08:50:15,Huynh Tan Phat,Nha Be,10.7144382088356,106.73711688366167,22,35,1.0
2025-12-09 08:50:15,Truong Chinh,Tan Binh ,10.817236653231737,106.63191539530457,24,35,1.0
2025-12-09 08:52:33,Cho Ben Thanh,Quan 1,10.772727584493625,106.69804225297563,17,23,1.0
2025-12-09 08:52:45,Duong Nguyen Hue,Quan 1,10.774028664434528,106.70357076461706,19,28,1.0
2025-12-09 08:52:46,Nguyen Van Linh,Quan 7,10.752616652291238,106.72509685338922,39,39,1.0
2025-12-09 08:52:47,Vo Van Kiet,Quan 5,10.745754766198267,106.65326266831877,42,42,1.0
2025-12-09 08:52:48,Xa lo Ha Noi,QL1A,10.94927106740351,106.87196348224562,29,42,1.0
2025-12-09 08:52:49,Duong Dien Bien Phu,Quan 1,10.78866360854368,106.69551372228901,34,42,1.0
2025-12-09 08:52:50,Nga tu Hang Xanh,Binh Thanh,10.801406421807085,106.71148440879679,34,42,1.0
2025-12-09 08:52:57,Nga tu An Suong,Hoc Mon,10.843150534972033,106.6151343241409,22,35,1.0
2025-12-09 08:52:58,Ben xe Mien Dong,Quan 9,10.880537767027526,106.81481342866444,39,53,1.0
2025-12-09 08:52:59,Ben xe Mien Tay,Binh Tan,10.740840166521663,106.61899246873142,26,35,1.0
2025-12-09 08:53:00,Cau Sai Gon,Quan 2 ,10.798986343749618,106.72697056646841,45,45,1.0
2025-12-09 08:53:01,Cau Phu My,Q2,10.741860769464234,106.73790365482627,44,44,1.0
2025-12-09 08:53:02,Cau Kenh Te,Q4,10.752408891679814,106.7022703818112,17,33,1.0
2025-12-09 08:53:09,Cau Thu Thiem,Quan 2,10.786216596454727,106.71836665482695,40,40,1.0
2025-12-09 08:53:10,Nguyen Huu Canh,Binh Thanh,10.78948793356203,106.71518838181179,36,36,1.0
2025-12-09 08:53:11,Cong Hoa,Tan Binh,10.80223925742187,106.6478722259914,29,39,1.0
2025-12-09 08:53:12,Truong Son / Tan Son Nhat Blvd,Gan san bay,10.813928881466124,106.66511432455972,20,33,1.0
2025-12-09 08:53:13,Nguyen Trai,Quan 5,10.755608615763382,106.67347943578082,21,27,0.998947
2025-12-09 08:53:21,Le Duan,Quan 1,10.782680856341083,106.70051548181169,18,30,1.0
2025-12-09 08:53:23,Tran Hung Dao ,Quan 5,10.754895139302109,106.67839188181134,21,32,1.0
2025-12-09 08:53:26,Tran Quoc Thao,Quan 3,10.785070445194592,106.68331340921323,13,27,1.0
2025-12-09 08:53:33,Tran Hung Dao,Quan 5,10.7549373008113,106.67848844133415,21,32,1.0
2025-12-09 08:53:36,Cach Mang Thang 8 (CMT8),Quan 3,10.77898143649726,106.67684447140958,20,34,1.0
2025-12-09 08:53:37,Pham Ngu Lao / Bui Vien,Quan 1,10.767112828386699,106.6927618222887,15,20,1.0
2025-12-09 08:53:38,Nguyen Thi Minh Khai,Quan 3,10.77847212665258,106.69389510879643,26,41,1.0
2025-12-09 08:53:45,Nguyen Van Troi,Phu Nhuan,10.796057790235078,106.67492629345334,20,33,1.0
2025-12-09 08:53:46,Pham Van Dong,Go Vap,10.835298215641501,106.72935479345391,33,42,0.998013
2025-12-09 08:53:50,Cong truong lam son,Quan 1,10.777562007197462,106.7041335430398,17,30,1.0
2025-12-09 08:53:57,Nguyen Oanh ,Go Vap,10.83886351241477,106.67566625482782,36,36,1.0
2025-12-09 08:53:58,Le Hong Phong,Quan 10,10.765187049751795,106.67550552599073,24,35,1.0
2025-12-09 08:53:59,Nguyen Van Cu,Quan 5,10.759484371982321,106.6840537511244,21,28,0.998947
2025-12-09 08:54:00,Nga tu Binh Phuoc,Ngoai o,10.865229381280965,106.72366973948475,35,49,1.0
2025-12-09 08:54:01,Phu My Hung ,Quan 7,10.72279213640514,106.72808623948244,26,37,0.999302
2025-12-09 08:54:02,Nguyen Thai Son,Phu Nhuan,10.823400120373712,106.68551227436063,22,31,1.0
2025-12-09 08:54:09,An Duong Vuong,Quan 8,10.756158554057757,106.66631758181126,22,29,1.0
2025-12-09 08:54:11,Huynh Tan Phat,Nha Be,10.7144382088356,106.73711688366167,22,35,1.0
2025-12-09 08:54:11,Truong Chinh,Tan Binh ,10.817236653231737,106.63191539530457,24,35,1.0
2025-12-09 08:56:24,Cho Ben Thanh,Quan 1,10.772727584493625,106.69804225297563,15,23,1.0
2025-12-09 08:56:25,Duong Nguyen Hue,Quan 1,10.774028664434528,106.70357076461706,17,28,1.0
2025-12-09 08:56:26,Nguyen Van Linh,Quan 7,10.752616652291238,106.72509685338922,39,39,1.0
2025-12-09 08:56:27,Vo Van Kiet,Quan 5,10.745754766198267,106.65326266831877,42,42,1.0
2025-12-09 08:56:28,Xa lo Ha Noi,QL1A,10.94927106740351,106.87196348224562,28,42,1.0
2025-12-09 08:56:36,Duong Dien Bien Phu,Quan 1,10.78866360854368,106.69551372228901,34,42,1.0
2025-12-09 08:56:48,Nga tu Hang Xanh,Binh Thanh,10.801406421807085,106.71148440879679,34,42,1.0
2025-12-09 08:56:49,Nga tu An Suong,Hoc Mon,10.843150534972033,106.6151343241409,24,34,1.0
2025-12-09 08:56:51,Ben xe Mien Dong,Quan 9,10.880537767027526,106.81481342866444,39,53,1.0
2025-12-09 08:56:51,Ben xe Mien Tay,Binh Tan,10.740840166521663,106.61899246873142,26,35,1.0
2025-12-09 08:56:53,Cau Sai Gon,Quan 2 ,10.798986343749618,106.72697056646841,45,45,1.0
2025-12-09 08:57:00,Cau Phu My,Q2,10.741860769464234,106.73790365482627,44,44,1.0
2025-12-09 08:57:01,Cau Kenh Te,Q4,10.752408891679814,106.7022703818112,16,32,1.0
2025-12-09 08:57:02,Cau Thu Thiem,Quan 2,10.786216596454727,106.71836665482695,40,40,1.0
2025-12-09 08:57:03,Nguyen Huu Canh,Binh Thanh,10.78948793356203,106.71518838181179,36,36,1.0
2025-12-09 08:57:04,Cong Hoa,Tan Binh,10.80223925742187,106.6478722259914,31,41,1.0
2025-12-09 08:57:05,Truong Son / Tan Son Nhat Blvd,Gan san bay,10.813928881466124,106.66511432455972,17,33,0.997914
2025-12-09 08:57:12,Nguyen Trai,Quan 5,10.755608615763382,106.67347943578082,19,27,0.997909
2025-12-09 08:57:13,Le Duan,Quan 1,10.782680856341083,106.70051548181169,18,30,1.0
2025-12-09 08:57:14,Tran Hung Dao ,Quan 5,10.754895139302109,106.67839188181134,23,33,1.0
2025-12-09 08:57:15,Tran Quoc Thao,Quan 3,10.785070445194592,106.68331340921323,14,26,1.0
2025-12-09 08:57:16,Tran Hung Dao,Quan 5,10.7549373008113,106.67848844133415,23,33,1.0
2025-12-09 08:57:17,Cach Mang Thang 8 (CMT8),Quan 3,10.77898143649726,106.67684447140958,20,34,1.0
2025-12-09 08:57:18,Pham Ngu Lao / Bui Vien,Quan 1,10.767112828386699,106.6927618222887,20,20,1.0
2025-12-09 08:57:19,Nguyen Thi Minh Khai,Quan 3,10.77847212665258,106.69389510879643,27,41,1.0
2025-12-09 08:57:20,Nguyen Van Troi,Phu Nhuan,10.796057790235078,106.67492629345334,19,34,0.997914
2025-12-09 08:57:21,Pham Van Dong,Go Vap,10.835298215641501,106.72935479345391,34,42,0.997134
2025-12-09 08:57:22,Cong truong lam son,Quan 1,10.777562007197462,106.7041335430398,18,30,1.0
2025-12-09 08:57:24,Nguyen Oanh ,Go Vap,10.83886351241477,106.67566625482782,27,36,1.0
2025-12-09 08:57:26,Le Hong Phong,Quan 10,10.765187049751795,106.67550552599073,21,36,1.0
2025-12-09 08:57:26,Nguyen Van Cu,Quan 5,10.759484371982321,106.6840537511244,19,27,0.997909
2025-12-09 08:57:28,Nga tu Binh Phuoc,Ngoai o,10.865229381280965,106.72366973948475,35,49,1.0
2025-12-09 08:57:29,Phu My Hung ,Quan 7,10.72279213640514,106.72808623948244,27,37,0.999302
2025-12-09 08:57:36,Nguyen Thai Son,Phu Nhuan,10.823400120373712,106.68551227436063,20,31,1.0
2025-12-09 08:57:37,An Duong Vuong,Quan 8,10.756158554057757,106.66631758181126,18,29,1.0
2025-12-09 08:57:38,Huynh Tan Phat,Nha Be,10.7144382088356,106.73711688366167,21,35,1.0
2025-12-09 08:57:39,Truong Chinh,Tan Binh ,10.817236653231737,106.63191539530457,24,35,1.0
2025-12-09 08:59:51,Cho Ben Thanh,Quan 1,10.772727584493625,106.69804225297563,15,24,1.0
2025-12-09 08:59:52,Duong Nguyen Hue,Quan 1,10.774028664434528,106.70357076461706,19,27,1.0
2025-12-09 08:59:54,Nguyen Van Linh,Quan 7,10.752616652291238,106.72509685338922,39,39,1.0
2025-12-09 08:59:55,Vo Van Kiet,Quan 5,10.745754766198267,106.65326266831877,42,42,1.0
2025-12-09 08:59:56,Xa lo Ha Noi,QL1A,10.94927106740351,106.87196348224562,24,41,1.0
2025-12-09 09:00:03,Duong Dien Bien Phu,Quan 1,10.78866360854368,106.69551372228901,34,42,1.0
2025-12-09 09:00:15,Nga tu Hang Xanh,Binh Thanh,10.801406421807085,106.71148440879679,34,41,1.0
2025-12-09 09:00:16,Nga tu An Suong,Hoc Mon,10.843150534972033,106.6151343241409,23,35,1.0
2025-12-09 09:00:17,Ben xe Mien Dong,Quan 9,10.880537767027526,106.81481342866444,40,53,1.0
2025-12-09 09:00:18,Ben xe Mien Tay,Binh Tan,10.740840166521663,106.61899246873142,27,35,1.0
2025-12-09 09:00:20,Cau Sai Gon,Quan 2 ,10.798986343749618,106.72697056646841,45,45,1.0
2025-12-09 09:00:21,Cau Phu My,Q2,10.741860769464234,106.73790365482627,44,44,1.0
2025-12-09 09:00:27,Cau Kenh Te,Q4,10.752408891679814,106.7022703818112,16,34,1.0
2025-12-09 09:00:29,Cau Thu Thiem,Quan 2,10.786216596454727,106.71836665482695,40,40,1.0
2025-12-09 09:00:30,Nguyen Huu Canh,Binh Thanh,10.78948793356203,106.71518838181179,36,36,1.0
2025-12-09 09:00:31,Cong Hoa,Tan Binh,10.80223925742187,106.6478722259914,29,41,1.0
2025-12-09 09:00:35,Truong Son / Tan Son Nhat Blvd,Gan san bay,10.813928881466124,106.66511432455972,19,34,0.997651
2025-12-09 09:00:41,Nguyen Trai,Quan 5,10.755608615763382,106.67347943578082,20,27,0.998954
2025-12-09 09:00:43,Le Duan,Quan 1,10.782680856341083,106.70051548181169,19,30,1.0
2025-12-09 09:00:44,Tran Hung Dao ,Quan 5,10.754895139302109,106.67839188181134,21,32,1.0
2025-12-09 09:00:45,Tran Quoc Thao,Quan 3,10.785070445194592,106.68331340921323,12,27,1.0
2025-12-09 09:00:47,Tran Hung Dao,Quan 5,10.7549373008113,106.67848844133415,21,32,1.0
2025-12-09 09:00:49,Cach Mang Thang 8 (CMT8),Quan 3,10.77898143649726,106.67684447140958,19,34,1.0
2025-12-09 09:00:50,Pham Ngu Lao / Bui Vien,Quan 1,10.767112828386699,106.6927618222887,20,20,1.0
2025-12-09 09:00:53,Nguyen Thi Minh Khai,Quan 3,10.77847212665258,106.69389510879643,28,41,1.0
2025-12-09 09:01:05,Nguyen Van Troi,Phu Nhuan,10.796057790235078,106.67492629345334,19,34,1.0
2025-12-09 09:01:06,Pham Van Dong,Go Vap,10.835298215641501,106.72935479345391,34,42,0.997293
2025-12-09 09:01:07,Cong truong lam son,Quan 1,10.777562007197462,106.7041335430398,19,30,1.0
2025-12-09 09:01:09,Nguyen Oanh ,Go Vap,10.83886351241477,106.67566625482782,36,36,1.0
2025-12-09 09:01:09,Le Hong Phong,Quan 10,10.765187049751795,106.67550552599073,19,35,1.0
2025-12-09 09:01:10,Nguyen Van Cu,Quan 5,10.759484371982321,106.6840537511244,20,27,0.997909
2025-12-09 09:01:18,Nga tu Binh Phuoc,Ngoai o,10.865229381280965,106.72366973948475,35,48,1.0
2025-12-09 09:01:30,Phu My Hung ,Quan 7,10.72279213640514,106.72808623948244,26,37,0.998475
2025-12-09 09:01:31,Nguyen Thai Son,Phu Nhuan,10.823400120373712,106.68551227436063,23,31,1.0
2025-12-09 09:01:32,An Duong Vuong,Quan 8,10.756158554057757,106.66631758181126,29,29,1.0
2025-12-09 09:01:33,Huynh Tan Phat,Nha Be,10.7144382088356,106.73711688366167,21,35,1.0
2025-12-09 09:01:34,Truong Chinh,Tan Binh ,10.817236653231737,106.63191539530457,24,35,1.0
2025-12-09 09:03:46,Cho Ben Thanh,Quan 1,10.772727584493625,106.69804225297563,14,23,1.0
2025-12-09 09:03:47,Duong Nguyen Hue,Quan 1,10.774028664434528,106.70357076461706,9,28,1.0
2025-12-09 09:03:48,Nguyen Van Linh,Quan 7,10.752616652291238,106.72509685338922,39,39,1.0
2025-12-09 09:03:48,Vo Van Kiet,Quan 5,10.745754766198267,106.65326266831877,36,43,1.0
2025-12-09 09:03:49,Xa lo Ha Noi,QL1A,10.94927106740351,106.87196348224562,30,42,1.0
2025-12-09 09:03:50,Duong Dien Bien Phu,Quan 1,10.78866360854368,106.69551372228901,33,42,1.0
2025-12-09 09:03:51,Nga tu Hang Xanh,Binh Thanh,10.801406421807085,106.71148440879679,33,42,1.0
2025-12-09 09:03:52,Nga tu An Suong,Hoc Mon,10.843150534972033,106.6151343241409,23,35,1.0
2025-12-09 09:03:53,Ben xe Mien Dong,Quan 9,10.880537767027526,106.81481342866444,41,53,1.0
2025-12-09 09:03:54,Ben xe Mien Tay,Binh Tan,10.740840166521663,106.61899246873142,25,35,1.0
2025-12-09 09:03:55,Cau Sai Gon,Quan 2 ,10.798986343749618,106.72697056646841,45,45,1.0
2025-12-09 09:04:01,Cau Phu My,Q2,10.741860769464234,106.73790365482627,44,44,1.0
2025-12-09 09:04:02,Cau Kenh Te,Q4,10.752408891679814,106.7022703818112,19,33,1.0
2025-12-09 09:04:03,Cau Thu Thiem,Quan 2,10.786216596454727,106.71836665482695,40,40,1.0
2025-12-09 09:04:04,Nguyen Huu Canh,Binh Thanh,10.78948793356203,106.71518838181179,36,36,1.0
2025-12-09 09:04:13,Cong Hoa,Tan Binh,10.80223925742187,106.6478722259914,30,40,1.0
2025-12-09 09:04:14,Truong Son / Tan Son Nhat Blvd,Gan san bay,10.813928881466124,106.66511432455972,18,34,1.0
2025-12-09 09:04:15,Nguyen Trai,Quan 5,10.755608615763382,106.67347943578082,19,27,1.0
2025-12-09 09:04:17,Le Duan,Quan 1,10.782680856341083,106.70051548181169,17,30,1.0
2025-12-09 09:04:18,Tran Hung Dao ,Quan 5,10.754895139302109,106.67839188181134,21,32,1.0
2025-12-09 09:04:26,Tran Quoc Thao,Quan 3,10.785070445194592,106.68331340921323,17,27,1.0
2025-12-09 09:04:38,Tran Hung Dao,Quan 5,10.7549373008113,106.67848844133415,21,33,1.0
2025-12-09 09:04:39,Cach Mang Thang 8 (CMT8),Quan 3,10.77898143649726,106.67684447140958,19,34,1.0
2025-12-09 09:04:40,Pham Ngu Lao / Bui Vien,Quan 1,10.767112828386699,106.6927618222887,20,20,1.0
2025-12-09 09:04:41,Nguyen Thi Minh Khai,Quan 3,10.77847212665258,106.69389510879643,28,41,1.0
2025-12-09 09:04:42,Nguyen Van Troi,Phu Nhuan,10.796057790235078,106.67492629345334,19,34,1.0
2025-12-09 09:04:43,Pham Van Dong,Go Vap,10.835298215641501,106.72935479345391,34,42,0.997293
2025-12-09 09:04:50,Cong truong lam son,Quan 1,10.777562007197462,106.7041335430398,16,30,1.0
2025-12-09 09:04:51,Nguyen Oanh ,Go Vap,10.83886351241477,106.67566625482782,28,36,1.0
2025-12-09 09:04:52,Le Hong Phong,Quan 10,10.765187049751795,106.67550552599073,18,36,1.0
2025-12-09 09:04:53,Nguyen Van Cu,Quan 5,10.759484371982321,106.6840537511244,18,28,1.0
2025-12-09 09:04:54,Nga tu Binh Phuoc,Ngoai o,10.865229381280965,106.72366973948475,34,49,1.0
2025-12-09 09:04:55,Phu My Hung ,Quan 7,10.72279213640514,106.72808623948244,27,36,1.0
2025-12-09 09:05:02,Nguyen Thai Son,Phu Nhuan,10.823400120373712,106.68551227436063,20,31,1.0
2025-12-09 09:05:03,An Duong Vuong,Quan 8,10.756158554057757,106.66631758181126,23,29,1.0
2025-12-09 09:05:04,Huynh Tan Phat,Nha Be,10.7144382088356,106.73711688366167,22,35,1.0
2025-12-09 09:05:05,Truong Chinh,Tan Binh ,10.817236653231737,106.63191539530457,23,34,1.0
2025-12-09 09:07:17,Cho Ben Thanh,Quan 1,10.772727584493625,106.69804225297563,15,23,1.0
2025-12-09 09:07:18,Duong Nguyen Hue,Quan 1,10.774028664434528,106.70357076461706,22,28,1.0
2025-12-09 09:07:19,Nguyen Van Linh,Quan 7,10.752616652291238,106.72509685338922,36,42,1.0
2025-12-09 09:07:19,Vo Van Kiet,Quan 5,10.745754766198267,106.65326266831877,37,42,1.0
2025-12-09 09:07:20,Xa lo Ha Noi,QL1A,10.94927106740351,106.87196348224562,30,41,1.0
2025-12-09 09:07:22,Duong Dien Bien Phu,Quan 1,10.78866360854368,106.69551372228901,33,42,1.0
2025-12-09 09:07:22,Nga tu Hang Xanh,Binh Thanh,10.801406421807085,106.71148440879679,33,42,1.0
2025-12-09 09:07:23,Nga tu An Suong,Hoc Mon,10.843150534972033,106.6151343241409,24,35,1.0
2025-12-09 09:07:29,Ben xe Mien Dong,Quan 9,10.880537767027526,106.81481342866444,41,53,1.0
2025-12-09 09:07:41,Ben xe Mien Tay,Binh Tan,10.740840166521663,106.61899246873142,25,35,1.0
2025-12-09 09:07:42,Cau Sai Gon,Quan 2 ,10.798986343749618,106.72697056646841,45,45,1.0
2025-12-09 09:07:43,Cau Phu My,Q2,10.741860769464234,106.73790365482627,44,44,1.0
2025-12-09 09:07:43,Cau Kenh Te,Q4,10.752408891679814,106.7022703818112,18,34,1.0
2025-12-09 09:07:44,Cau Thu Thiem,Quan 2,10.786216596454727,106.71836665482695,40,40,1.0
2025-12-09 09:07:45,Nguyen Huu Canh,Binh Thanh,10.78948793356203,106.71518838181179,36,36,1.0
2025-12-09 09:07:53,Cong Hoa,Tan Binh,10.80223925742187,106.6478722259914,26,40,1.0
2025-12-09 09:07:54,Truong Son / Tan Son Nhat Blvd,Gan san bay,10.813928881466124,106.66511432455972,18,34,1.0
2025-12-09 09:07:57,Nguyen Trai,Quan 5,10.755608615763382,106.67347943578082,22,28,1.0
2025-12-09 09:08:05,Le Duan,Quan 1,10.782680856341083,106.70051548181169,18,30,1.0
2025-12-09 09:08:06,Tran Hung Dao ,Quan 5,10.754895139302109,106.67839188181134,21,32,1.0
2025-12-09 09:08:07,Tran Quoc Thao,Quan 3,10.785070445194592,106.68331340921323,17,27,1.0
2025-12-09 09:08:08,Tran Hung Dao,Quan 5,10.7549373008113,106.67848844133415,21,32,1.0
2025-12-09 09:08:09,Cach Mang Thang 8 (CMT8),Quan 3,10.77898143649726,106.67684447140958,19,34,1.0
2025-12-09 09:08:10,Pham Ngu Lao / Bui Vien,Quan 1,10.767112828386699,106.6927618222887,20,20,1.0
2025-12-09 09:08:17,Nguyen Thi Minh Khai,Quan 3,10.77847212665258,106.69389510879643,28,41,1.0
2025-12-09 09:08:29,Nguyen Van Troi,Phu Nhuan,10.796057790235078,106.67492629345334,18,34,1.0
2025-12-09 09:08:30,Pham Van Dong,Go Vap,10.835298215641501,106.72935479345391,34,42,0.997764
2025-12-09 09:08:31,Cong truong lam son,Quan 1,10.777562007197462,106.7041335430398,18,30,1.0
2025-12-09 09:08:32,Nguyen Oanh ,Go Vap,10.83886351241477,106.67566625482782,29,36,1.0
2025-12-09 09:08:33,Le Hong Phong,Quan 10,10.765187049751795,106.67550552599073,21,35,1.0
2025-12-09 09:08:41,Nguyen Van Cu,Quan 5,10.759484371982321,106.6840537511244,20,27,0.998943
2025-12-09 09:08:45,Nga tu Binh Phuoc,Ngoai o,10.865229381280965,106.72366973948475,34,49,1.0
2025-12-09 09:08:45,Phu My Hung ,Quan 7,10.72279213640514,106.72808623948244,26,37,1.0
2025-12-09 09:08:53,Nguyen Thai Son,Phu Nhuan,10.823400120373712,106.68551227436063,22,32,1.0
2025-12-09 09:08:57,An Duong Vuong,Quan 8,10.756158554057757,106.66631758181126,22,29,1.0
2025-12-09 09:08:58,Huynh Tan Phat,Nha Be,10.7144382088356,106.73711688366167,21,36,1.0
2025-12-09 09:09:05,Truong Chinh,Tan Binh ,10.817236653231737,106.63191539530457,23,35,1.0
2025-12-09 09:11:17,Cho Ben Thanh,Quan 1,10.772727584493625,106.69804225297563,12,24,1.0
2025-12-09 09:11:18,Duong Nguyen Hue,Quan 1,10.774028664434528,106.70357076461706,14,27,1.0
2025-12-09 09:11:19,Nguyen Van Linh,Quan 7,10.752616652291238,106.72509685338922,32,40,1.0
2025-12-09 09:11:20,Vo Van Kiet,Quan 5,10.745754766198267,106.65326266831877,37,43,1.0
2025-12-09 09:11:21,Xa lo Ha Noi,QL1A,10.94927106740351,106.87196348224562,30,41,1.0
2025-12-09 09:11:22,Duong Dien Bien Phu,Quan 1,10.78866360854368,106.69551372228901,32,42,1.0
2025-12-09 09:11:29,Nga tu Hang Xanh,Binh Thanh,10.801406421807085,106.71148440879679,32,42,1.0
2025-12-09 09:11:41,Nga tu An Suong,Hoc Mon,10.843150534972033,106.6151343241409,23,35,1.0
2025-12-09 09:11:42,Ben xe Mien Dong,Quan 9,10.880537767027526,106.81481342866444,40,53,1.0
2025-12-09 09:11:43,Ben xe Mien Tay,Binh Tan,10.740840166521663,106.61899246873142,24,35,1.0
2025-12-09 09:11:44,Cau Sai Gon,Quan 2 ,10.798986343749618,106.72697056646841,45,45,1.0
2025-12-09 09:11:45,Cau Phu My,Q2,10.741860769464234,106.73790365482627,44,44,1.0
2025-12-09 09:11:46,Cau Kenh Te,Q4,10.752408891679814,106.7022703818112,17,33,1.0
2025-12-09 09:11:53,Cau Thu Thiem,Quan 2,10.786216596454727,106.71836665482695,40,40,1.0
2025-12-09 09:11:54,Nguyen Huu Canh,Binh Thanh,10.78948793356203,106.71518838181179,36,36,1.0
2025-12-09 09:11:55,Cong Hoa,Tan Binh,10.80223925742187,106.6478722259914,29,39,1.0
2025-12-09 09:11:56,Truong Son / Tan Son Nhat Blvd,Gan san bay,10.813928881466124,106.66511432455972,17,34,1.0
2025-12-09 09:11:57,Nguyen Trai,Quan 5,10.755608615763382,106.67347943578082,20,28,1.0
2025-12-09 09:12:05,Le Duan,Quan 1,10.782680856341083,106.70051548181169,18,30,1.0
2025-12-09 09:12:06,Tran Hung Dao ,Quan 5,10.754895139302109,106.67839188181134,22,32,1.0
2025-12-09 09:12:07,Tran Quoc Thao,Quan 3,10.785070445194592,106.68331340921323,16,28,1.0
2025-12-09 09:12:08,Tran Hung Dao,Quan 5,10.7549373008113,106.67848844133415,22,32,1.0
2025-12-09 09:12:09,Cach Mang Thang 8 (CMT8),Quan 3,10.77898143649726,106.67684447140958,18,34,1.0
2025-12-09 09:12:10,Pham Ngu Lao / Bui Vien,Quan 1,10.767112828386699,106.6927618222887,14,20,0.99
2025-12-09 09:12:22,Nguyen Thi Minh Khai,Quan 3,10.77847212665258,106.69389510879643,27,41,1.0
2025-12-09 09:12:34,Nguyen Van Troi,Phu Nhuan,10.796057790235078,106.67492629345334,18,34,1.0
2025-12-09 09:12:35,Pham Van Dong,Go Vap,10.835298215641501,106.72935479345391,35,42,0.998193
2025-12-09 09:12:36,Cong truong lam son,Quan 1,10.777562007197462,106.7041335430398,17,30,1.0
2025-12-09 09:12:37,Nguyen Oanh ,Go Vap,10.83886351241477,106.67566625482782,29,36,1.0
2025-12-09 09:12:38,Le Hong Phong,Quan 10,10.765187049751795,106.67550552599073,27,36,1.0
2025-12-09 09:12:38,Nguyen Van Cu,Quan 5,10.759484371982321,106.6840537511244,20,27,1.0
2025-12-09 09:12:46,Nga tu Binh Phuoc,Ngoai o,10.865229381280965,106.72366973948475,35,49,1.0
2025-12-09 09:12:58,Phu My Hung ,Quan 7,10.72279213640514,106.72808623948244,26,36,0.998878
2025-12-09 09:12:59,Nguyen Thai Son,Phu Nhuan,10.823400120373712,106.68551227436063,24,31,1.0
2025-12-09 09:13:00,An Duong Vuong,Quan 8,10.756158554057757,106.66631758181126,22,29,1.0
2025-12-09 09:13:01,Huynh Tan Phat,Nha Be,10.7144382088356,106.73711688366167,22,35,1.0
2025-12-09 09:13:02,Truong Chinh,Tan Binh ,10.817236653231737,106.63191539530457,23,35,1.0
2025-12-09 09:15:14,Cho Ben Thanh,Quan 1,10.772727584493625,106.69804225297563,15,24,1.0
2025-12-09 09:15:15,Duong Nguyen Hue,Quan 1,10.774028664434528,106.70357076461706,19,28,1.0
2025-12-09 09:15:17,Nguyen Van Linh,Quan 7,10.752616652291238,106.72509685338922,39,39,1.0
2025-12-09 09:15:17,Vo Van Kiet,Quan 5,10.745754766198267,106.65326266831877,42,42,1.0
2025-12-09 09:15:18,Xa lo Ha Noi,QL1A,10.94927106740351,106.87196348224562,29,42,1.0
2025-12-09 09:15:26,Duong Dien Bien Phu,Quan 1,10.78866360854368,106.69551372228901,33,41,1.0
2025-12-09 09:15:38,Nga tu Hang Xanh,Binh Thanh,10.801406421807085,106.71148440879679,33,41,1.0
2025-12-09 09:15:39,Nga tu An Suong,Hoc Mon,10.843150534972033,106.6151343241409,23,35,1.0
2025-12-09 09:15:40,Ben xe Mien Dong,Quan 9,10.880537767027526,106.81481342866444,38,53,1.0
2025-12-09 09:15:41,Ben xe Mien Tay,Binh Tan,10.740840166521663,106.61899246873142,24,35,1.0
2025-12-09 09:15:42,Cau Sai Gon,Quan 2 ,10.798986343749618,106.72697056646841,45,45,1.0
2025-12-09 09:15:43,Cau Phu My,Q2,10.741860769464234,106.73790365482627,44,44,1.0
2025-12-09 09:15:50,Cau Kenh Te,Q4,10.752408891679814,106.7022703818112,18,33,1.0
2025-12-09 09:15:51,Cau Thu Thiem,Quan 2,10.786216596454727,106.71836665482695,40,40,1.0
2025-12-09 09:15:52,Nguyen Huu Canh,Binh Thanh,10.78948793356203,106.71518838181179,28,35,1.0
2025-12-09 09:15:53,Cong Hoa,Tan Binh,10.80223925742187,106.6478722259914,26,39,1.0
2025-12-09 09:15:54,Truong Son / Tan Son Nhat Blvd,Gan san bay,10.813928881466124,106.66511432455972,18,34,1.0
2025-12-09 09:15:55,Nguyen Trai,Quan 5,10.755608615763382,106.67347943578082,17,27,1.0
2025-12-09 09:16:02,Le Duan,Quan 1,10.782680856341083,106.70051548181169,18,31,1.0
2025-12-09 09:16:03,Tran Hung Dao ,Quan 5,10.754895139302109,106.67839188181134,22,32,1.0
2025-12-09 09:16:04,Tran Quoc Thao,Quan 3,10.785070445194592,106.68331340921323,12,27,1.0
2025-12-09 09:16:05,Tran Hung Dao,Quan 5,10.7549373008113,106.67848844133415,22,32,1.0
2025-12-09 09:16:06,Cach Mang Thang 8 (CMT8),Quan 3,10.77898143649726,106.67684447140958,19,34,1.0
2025-12-09 09:16:06,Pham Ngu Lao / Bui Vien,Quan 1,10.767112828386699,106.6927618222887,20,20,1.0
2025-12-09 09:16:14,Nguyen Thi Minh Khai,Quan 3,10.77847212665258,106.69389510879643,27,41,1.0
2025-12-09 09:16:15,Nguyen Van Troi,Phu Nhuan,10.796057790235078,106.67492629345334,17,33,1.0
2025-12-09 09:16:16,Pham Van Dong,Go Vap,10.835298215641501,106.72935479345391,33,42,0.99802
2025-12-09 09:16:17,Cong truong lam son,Quan 1,10.777562007197462,106.7041335430398,18,30,1.0
2025-12-09 09:16:18,Nguyen Oanh ,Go Vap,10.83886351241477,106.67566625482782,27,35,1.0
2025-12-09 09:16:19,Le Hong Phong,Quan 10,10.765187049751795,106.67550552599073,23,36,1.0
2025-12-09 09:16:26,Nguyen Van Cu,Quan 5,10.759484371982321,106.6840537511244,17,28,1.0
2025-12-09 09:16:27,Nga tu Binh Phuoc,Ngoai o,10.865229381280965,106.72366973948475,35,49,1.0
2025-12-09 09:16:28,Phu My Hung ,Quan 7,10.72279213640514,106.72808623948244,24,36,1.0
2025-12-09 09:16:29,Nguyen Thai Son,Phu Nhuan,10.823400120373712,106.68551227436063,21,31,1.0
2025-12-09 09:16:30,An Duong Vuong,Quan 8,10.756158554057757,106.66631758181126,21,28,1.0
2025-12-09 09:16:30,Huynh Tan Phat,Nha Be,10.7144382088356,106.73711688366167,21,35,1.0
2025-12-09 09:16:43,Truong Chinh,Tan Binh ,10.817236653231737,106.63191539530457,23,35,1.0
2025-12-09 09:18:55,Cho Ben Thanh,Quan 1,10.772727584493625,106.69804225297563,13,23,1.0
2025-12-09 09:18:55,Duong Nguyen Hue,Quan 1,10.774028664434528,106.70357076461706,21,27,1.0
2025-12-09 09:18:56,Nguyen Van Linh,Quan 7,10.752616652291238,106.72509685338922,39,39,1.0
2025-12-09 09:18:57,Vo Van Kiet,Quan 5,10.745754766198267,106.65326266831877,36,42,1.0
2025-12-09 09:18:58,Xa lo Ha Noi,QL1A,10.94927106740351,106.87196348224562,42,42,1.0
2025-12-09 09:18:59,Duong Dien Bien Phu,Quan 1,10.78866360854368,106.69551372228901,33,42,1.0
2025-12-09 09:19:07,Nga tu Hang Xanh,Binh Thanh,10.801406421807085,106.71148440879679,33,42,1.0
2025-12-09 09:19:08,Nga tu An Suong,Hoc Mon,10.843150534972033,106.6151343241409,23,35,1.0
2025-12-09 09:19:09,Ben xe Mien Dong,Quan 9,10.880537767027526,106.81481342866444,39,53,1.0
2025-12-09 09:19:09,Ben xe Mien Tay,Binh Tan,10.740840166521663,106.61899246873142,24,35,1.0
2025-12-09 09:19:10,Cau Sai Gon,Quan 2 ,10.798986343749618,106.72697056646841,45,45,1.0
2025-12-09 09:19:11,Cau Phu My,Q2,10.741860769464234,106.73790365482627,44,44,1.0
2025-12-09 09:19:19,Cau Kenh Te,Q4,10.752408891679814,106.7022703818112,19,34,1.0
2025-12-09 09:19:20,Cau Thu Thiem,Quan 2,10.786216596454727,106.71836665482695,40,40,1.0
2025-12-09 09:19:21,Nguyen Huu Canh,Binh Thanh,10.78948793356203,106.71518838181179,36,36,1.0
2025-12-09 09:19:21,Cong Hoa,Tan Binh,10.80223925742187,106.6478722259914,32,39,1.0
2025-12-09 09:19:22,Truong Son / Tan Son Nhat Blvd,Gan san bay,10.813928881466124,106.66511432455972,17,34,1.0
2025-12-09 09:19:23,Nguyen Trai,Quan 5,10.755608615763382,106.67347943578082,18,28,1.0
2025-12-09 09:19:31,Le Duan,Quan 1,10.782680856341083,106.70051548181169,18,30,1.0
2025-12-09 09:19:32,Tran Hung Dao ,Quan 5,10.754895139302109,106.67839188181134,22,32,1.0
2025-12-09 09:19:32,Tran Quoc Thao,Quan 3,10.785070445194592,106.68331340921323,15,28,1.0
2025-12-09 09:19:33,Tran Hung Dao,Quan 5,10.7549373008113,106.67848844133415,22,32,1.0
2025-12-09 09:19:34,Cach Mang Thang 8 (CMT8),Quan 3,10.77898143649726,106.67684447140958,19,34,1.0
2025-12-09 09:19:35,Pham Ngu Lao / Bui Vien,Quan 1,10.767112828386699,106.6927618222887,20,20,1.0
2025-12-09 09:19:43,Nguyen Thi Minh Khai,Quan 3,10.77847212665258,106.69389510879643,27,42,1.0
2025-12-09 09:19:44,Nguyen Van Troi,Phu Nhuan,10.796057790235078,106.67492629345334,17,33,1.0
2025-12-09 09:19:44,Pham Van Dong,Go Vap,10.835298215641501,106.72935479345391,32,42,0.997475
2025-12-09 09:19:45,Cong truong lam son,Quan 1,10.777562007197462,106.7041335430398,18,30,1.0
2025-12-09 09:19:46,Nguyen Oanh ,Go Vap,10.83886351241477,106.67566625482782,28,36,1.0
2025-12-09 09:19:47,Le Hong Phong,Quan 10,10.765187049751795,106.67550552599073,24,35,1.0
2025-12-09 09:19:55,Nguyen Van Cu,Quan 5,10.759484371982321,106.6840537511244,17,28,1.0
2025-12-09 09:19:56,Nga tu Binh Phuoc,Ngoai o,10.865229381280965,106.72366973948475,35,49,1.0
2025-12-09 09:19:57,Phu My Hung ,Quan 7,10.72279213640514,106.72808623948244,27,37,1.0
2025-12-09 09:19:58,Nguyen Thai Son,Phu Nhuan,10.823400120373712,106.68551227436063,32,32,1.0
2025-12-09 09:19:58,An Duong Vuong,Quan 8,10.756158554057757,106.66631758181126,23,29,1.0
2025-12-09 09:19:59,Huynh Tan Phat,Nha Be,10.7144382088356,106.73711688366167,23,35,1.0
2025-12-09 09:20:07,Truong Chinh,Tan Binh ,10.817236653231737,106.63191539530457,22,35,1.0
2025-12-09 09:22:19,Cho Ben Thanh,Quan 1,10.772727584493625,106.69804225297563,15,24,0.997434
2025-12-09 09:22:31,Duong Nguyen Hue,Quan 1,10.774028664434528,106.70357076461706,19,27,1.0
2025-12-09 09:22:43,Nguyen Van Linh,Quan 7,10.752616652291238,106.72509685338922,39,39,1.0
2025-12-09 09:22:44,Vo Van Kiet,Quan 5,10.745754766198267,106.65326266831877,42,42,1.0
2025-12-09 09:22:45,Xa lo Ha Noi,QL1A,10.94927106740351,106.87196348224562,30,42,1.0
2025-12-09 09:22:46,Duong Dien Bien Phu,Quan 1,10.78866360854368,106.69551372228901,34,42,1.0
2025-12-09 09:22:47,Nga tu Hang Xanh,Binh Thanh,10.801406421807085,106.71148440879679,34,42,1.0
2025-12-09 09:22:48,Nga tu An Suong,Hoc Mon,10.843150534972033,106.6151343241409,23,35,1.0
2025-12-09 09:23:00,Ben xe Mien Dong,Quan 9,10.880537767027526,106.81481342866444,39,53,1.0
2025-12-09 09:23:01,Ben xe Mien Tay,Binh Tan,10.740840166521663,106.61899246873142,23,36,1.0
2025-12-09 09:23:02,Cau Sai Gon,Quan 2 ,10.798986343749618,106.72697056646841,45,45,1.0
2025-12-09 09:23:03,Cau Phu My,Q2,10.741860769464234,106.73790365482627,44,44,1.0
2025-12-09 09:23:04,Cau Kenh Te,Q4,10.752408891679814,106.7022703818112,19,34,1.0
2025-12-09 09:23:04,Cau Thu Thiem,Quan 2,10.786216596454727,106.71836665482695,40,40,1.0
2025-12-09 09:23:05,Nguyen Huu Canh,Binh Thanh,10.78948793356203,106.71518838181179,36,36,1.0
2025-12-09 09:23:06,Cong Hoa,Tan Binh,10.80223925742187,106.6478722259914,27,40,1.0
2025-12-09 09:23:18,Truong Son / Tan Son Nhat Blvd,Gan san bay,10.813928881466124,106.66511432455972,17,34,1.0
2025-12-09 09:23:31,Nguyen Trai,Quan 5,10.755608615763382,106.67347943578082,19,28,0.997907
2025-12-09 09:23:31,Le Duan,Quan 1,10.782680856341083,106.70051548181169,17,30,1.0
2025-12-09 09:23:33,Tran Hung Dao ,Quan 5,10.754895139302109,106.67839188181134,24,33,1.0
2025-12-09 09:23:36,Tran Quoc Thao,Quan 3,10.785070445194592,106.68331340921323,13,28,1.0
2025-12-09 09:23:43,Tran Hung Dao,Quan 5,10.7549373008113,106.67848844133415,24,33,1.0
2025-12-09 09:23:54,Cach Mang Thang 8 (CMT8),Quan 3,10.77898143649726,106.67684447140958,18,34,1.0
2025-12-09 09:23:55,Pham Ngu Lao / Bui Vien,Quan 1,10.767112828386699,106.6927618222887,20,20,1.0
2025-12-09 09:23:56,Nguyen Thi Minh Khai,Quan 3,10.77847212665258,106.69389510879643,27,42,1.0
2025-12-09 09:23:57,Nguyen Van Troi,Phu Nhuan,10.796057790235078,106.67492629345334,18,33,1.0
2025-12-09 09:23:58,Pham Van Dong,Go Vap,10.835298215641501,106.72935479345391,31,42,0.997826
2025-12-09 09:23:59,Cong truong lam son,Quan 1,10.777562007197462,106.7041335430398,17,30,1.0
2025-12-09 09:24:06,Nguyen Oanh ,Go Vap,10.83886351241477,106.67566625482782,27,36,1.0
2025-12-09 09:24:18,Le Hong Phong,Quan 10,10.765187049751795,106.67550552599073,22,36,1.0
2025-12-09 09:24:19,Nguyen Van Cu,Quan 5,10.759484371982321,106.6840537511244,18,27,0.998947
2025-12-09 09:24:20,Nga tu Binh Phuoc,Ngoai o,10.865229381280965,106.72366973948475,36,49,1.0
2025-12-09 09:24:21,Phu My Hung ,Quan 7,10.72279213640514,106.72808623948244,28,37,0.99951
2025-12-09 09:24:22,Nguyen Thai Son,Phu Nhuan,10.823400120373712,106.68551227436063,32,32,1.0
2025-12-09 09:24:23,An Duong Vuong,Quan 8,10.756158554057757,106.66631758181126,21,29,1.0
2025-12-09 09:24:30,Huynh Tan Phat,Nha Be,10.7144382088356,106.73711688366167,22,35,1.0
2025-12-09 09:24:32,Truong Chinh,Tan Binh ,10.817236653231737,106.63191539530457,22,35,1.0
2025-12-09 09:26:44,Cho Ben Thanh,Quan 1,10.772727584493625,106.69804225297563,14,23,0.995986
2025-12-09 09:26:45,Duong Nguyen Hue,Quan 1,10.774028664434528,106.70357076461706,28,28,1.0
2025-12-09 09:26:46,Nguyen Van Linh,Quan 7,10.752616652291238,106.72509685338922,39,39,1.0
2025-12-09 09:26:46,Vo Van Kiet,Quan 5,10.745754766198267,106.65326266831877,37,43,0.999762
2025-12-09 09:26:47,Xa lo Ha Noi,QL1A,10.94927106740351,106.87196348224562,31,42,1.0
2025-12-09 09:26:48,Duong Dien Bien Phu,Quan 1,10.78866360854368,106.69551372228901,33,42,1.0
2025-12-09 09:26:56,Nga tu Hang Xanh,Binh Thanh,10.801406421807085,106.71148440879679,33,42,1.0
2025-12-09 09:27:08,Nga tu An Suong,Hoc Mon,10.843150534972033,106.6151343241409,24,35,1.0
2025-12-09 09:27:09,Ben xe Mien Dong,Quan 9,10.880537767027526,106.81481342866444,39,52,1.0
2025-12-09 09:27:10,Ben xe Mien Tay,Binh Tan,10.740840166521663,106.61899246873142,23,36,1.0
2025-12-09 09:27:11,Cau Sai Gon,Quan 2 ,10.798986343749618,106.72697056646841,45,45,1.0
2025-12-09 09:27:12,Cau Phu My,Q2,10.741860769464234,106.73790365482627,44,44,1.0
2025-12-09 09:27:13,Cau Kenh Te,Q4,10.752408891679814,106.7022703818112,21,34,1.0
2025-12-09 09:27:20,Cau Thu Thiem,Quan 2,10.786216596454727,106.71836665482695,40,40,1.0
2025-12-09 09:27:21,Nguyen Huu Canh,Binh Thanh,10.78948793356203,106.71518838181179,29,36,1.0
2025-12-09 09:27:22,Cong Hoa,Tan Binh,10.80223925742187,106.6478722259914,28,41,1.0
2025-12-09 09:27:23,Truong Son / Tan Son Nhat Blvd,Gan san bay,10.813928881466124,106.66511432455972,19,34,1.0
2025-12-09 09:27:24,Nguyen Trai,Quan 5,10.755608615763382,106.67347943578082,17,27,0.998954
2025-12-09 09:27:25,Le Duan,Quan 1,10.782680856341083,106.70051548181169,17,30,1.0
2025-12-09 09:27:25,Tran Hung Dao ,Quan 5,10.754895139302109,106.67839188181134,24,33,1.0
2025-12-09 09:27:26,Tran Quoc Thao,Quan 3,10.785070445194592,106.68331340921323,15,27,1.0
2025-12-09 09:27:27,Tran Hung Dao,Quan 5,10.7549373008113,106.67848844133415,24,33,1.0
2025-12-09 09:27:28,Cach Mang Thang 8 (CMT8),Quan 3,10.77898143649726,106.67684447140958,19,34,1.0
2025-12-09 09:27:29,Pham Ngu Lao / Bui Vien,Quan 1,10.767112828386699,106.6927618222887,20,20,1.0
2025-12-09 09:27:32,Nguyen Thi Minh Khai,Quan 3,10.77847212665258,106.69389510879643,27,41,1.0
2025-12-09 09:28:49,Nguyen Van Troi,Phu Nhuan,10.796057790235078,106.67492629345334,18,33,1.0
2025-12-09 09:29:02,Pham Van Dong,Go Vap,10.835298215641501,106.72935479345391,31,42,0.998012
2025-12-09 09:29:15,Cong truong lam son,Quan 1,10.777562007197462,106.7041335430398,18,29,1.0
2025-12-09 09:29:16,Nguyen Oanh ,Go Vap,10.83886351241477,106.67566625482782,27,36,0.998425
2025-12-09 09:29:17,Le Hong Phong,Quan 10,10.765187049751795,106.67550552599073,21,36,1.0
2025-12-09 09:29:18,Nguyen Van Cu,Quan 5,10.759484371982321,106.6840537511244,19,27,0.998951
2025-12-09 09:29:19,Nga tu Binh Phuoc,Ngoai o,10.865229381280965,106.72366973948475,35,49,1.0
2025-12-09 09:29:20,Phu My Hung ,Quan 7,10.72279213640514,106.72808623948244,27,37,0.999596
2025-12-09 09:29:21,Nguyen Thai Son,Phu Nhuan,10.823400120373712,106.68551227436063,22,32,1.0
2025-12-09 09:29:22,An Duong Vuong,Quan 8,10.756158554057757,106.66631758181126,20,29,1.0
2025-12-09 09:29:23,Huynh Tan Phat,Nha Be,10.7144382088356,106.73711688366167,24,35,1.0
2025-12-09 09:29:28,Truong Chinh,Tan Binh ,10.817236653231737,106.63191539530457,23,35,1.0
2025-12-09 09:31:41,Cho Ben Thanh,Quan 1,10.772727584493625,106.69804225297563,14,23,0.997559
2025-12-09 09:31:42,Duong Nguyen Hue,Quan 1,10.774028664434528,106.70357076461706,19,29,1.0
2025-12-09 09:31:43,Nguyen Van Linh,Quan 7,10.752616652291238,106.72509685338922,31,39,1.0
2025-12-09 09:31:44,Vo Van Kiet,Quan 5,10.745754766198267,106.65326266831877,37,43,0.999762
2025-12-09 09:31:45,Xa lo Ha Noi,QL1A,10.94927106740351,106.87196348224562,30,42,1.0
2025-12-09 09:31:45,Duong Dien Bien Phu,Quan 1,10.78866360854368,106.69551372228901,33,42,1.0
2025-12-09 09:31:54,Nga tu Hang Xanh,Binh Thanh,10.801406421807085,106.71148440879679,33,42,1.0
2025-12-09 09:32:07,Nga tu An Suong,Hoc Mon,10.843150534972033,106.6151343241409,23,35,1.0
2025-12-09 09:32:08,Ben xe Mien Dong,Quan 9,10.880537767027526,106.81481342866444,38,53,1.0
2025-12-09 09:32:09,Ben xe Mien Tay,Binh Tan,10.740840166521663,106.61899246873142,24,35,1.0
2025-12-09 09:32:10,Cau Sai Gon,Quan 2 ,10.798986343749618,106.72697056646841,45,45,1.0
2025-12-09 09:32:11,Cau Phu My,Q2,10.741860769464234,106.73790365482627,44,44,1.0
2025-12-09 09:32:12,Cau Kenh Te,Q4,10.752408891679814,106.7022703818112,20,34,1.0
2025-12-09 09:32:21,Cau Thu Thiem,Quan 2,10.786216596454727,106.71836665482695,40,40,1.0
2025-12-09 09:32:22,Nguyen Huu Canh,Binh Thanh,10.78948793356203,106.71518838181179,29,34,1.0
2025-12-09 09:32:23,Cong Hoa,Tan Binh,10.80223925742187,106.6478722259914,26,41,1.0
2025-12-09 09:32:24,Truong Son / Tan Son Nhat Blvd,Gan san bay,10.813928881466124,106.66511432455972,19,33,1.0
2025-12-09 09:32:25,Nguyen Trai,Quan 5,10.755608615763382,106.67347943578082,18,27,1.0
2025-12-09 09:32:34,Le Duan,Quan 1,10.782680856341083,106.70051548181169,19,30,1.0
2025-12-09 09:32:36,Tran Hung Dao ,Quan 5,10.754895139302109,106.67839188181134,23,33,1.0
2025-12-09 09:32:37,Tran Quoc Thao,Quan 3,10.785070445194592,106.68331340921323,16,27,1.0
2025-12-09 09:32:37,Tran Hung Dao,Quan 5,10.7549373008113,106.67848844133415,23,33,1.0
2025-12-09 09:32:39,Cach Mang Thang 8 (CMT8),Quan 3,10.77898143649726,106.67684447140958,19,34,1.0
2025-12-09 09:32:47,Pham Ngu Lao / Bui Vien,Quan 1,10.767112828386699,106.6927618222887,13,20,1.0
2025-12-09 09:32:50,Nguyen Thi Minh Khai,Quan 3,10.77847212665258,106.69389510879643,29,42,1.0
2025-12-09 09:32:51,Nguyen Van Troi,Phu Nhuan,10.796057790235078,106.67492629345334,19,33,1.0
2025-12-09 09:33:01,Pham Van Dong,Go Vap,10.835298215641501,106.72935479345391,32,42,0.997464
2025-12-09 09:33:02,Cong truong lam son,Quan 1,10.777562007197462,106.7041335430398,18,30,1.0
2025-12-09 09:33:04,Nguyen Oanh ,Go Vap,10.83886351241477,106.67566625482782,26,35,1.0
2025-12-09 09:33:04,Le Hong Phong,Quan 10,10.765187049751795,106.67550552599073,24,36,1.0
2025-12-09 09:33:14,Nguyen Van Cu,Quan 5,10.759484371982321,106.6840537511244,19,27,1.0
2025-12-09 09:33:15,Nga tu Binh Phuoc,Ngoai o,10.865229381280965,106.72366973948475,33,49,1.0
2025-12-09 09:33:16,Phu My Hung ,Quan 7,10.72279213640514,106.72808623948244,27,37,1.0
2025-12-09 09:33:17,Nguyen Thai Son,Phu Nhuan,10.823400120373712,106.68551227436063,21,31,1.0
2025-12-09 09:33:18,An Duong Vuong,Quan 8,10.756158554057757,106.66631758181126,20,30,1.0
2025-12-09 09:33:19,Huynh Tan Phat,Nha Be,10.7144382088356,106.73711688366167,23,35,1.0
2025-12-09 09:33:27,Truong Chinh,Tan Binh ,10.817236653231737,106.63191539530457,23,35,1.0
2025-12-09 09:35:40,Cho Ben Thanh,Quan 1,10.772727584493625,106.69804225297563,13,24,0.997559
2025-12-09 09:35:41,Duong Nguyen Hue,Quan 1,10.774028664434528,106.70357076461706,17,27,1.0
2025-12-09 09:35:42,Nguyen Van Linh,Quan 7,10.752616652291238,106.72509685338922,39,39,1.0
2025-12-09 09:35:43,Vo Van Kiet,Quan 5,10.745754766198267,106.65326266831877,36,42,1.0
2025-12-09 09:35:44,Xa lo Ha Noi,QL1A,10.94927106740351,106.87196348224562,27,41,1.0
2025-12-09 09:35:44,Duong Dien Bien Phu,Quan 1,10.78866360854368,106.69551372228901,31,42,1.0
2025-12-09 09:35:53,Nga tu Hang Xanh,Binh Thanh,10.801406421807085,106.71148440879679,31,42,1.0
2025-12-09 09:36:06,Nga tu An Suong,Hoc Mon,10.843150534972033,106.6151343241409,23,35,1.0
2025-12-09 09:36:07,Ben xe Mien Dong,Quan 9,10.880537767027526,106.81481342866444,37,52,1.0
2025-12-09 09:36:08,Ben xe Mien Tay,Binh Tan,10.740840166521663,106.61899246873142,23,35,1.0
2025-12-09 09:36:09,Cau Sai Gon,Quan 2 ,10.798986343749618,106.72697056646841,45,45,1.0
2025-12-09 09:36:10,Cau Phu My,Q2,10.741860769464234,106.73790365482627,44,44,1.0
2025-12-09 09:36:11,Cau Kenh Te,Q4,10.752408891679814,106.7022703818112,20,34,1.0
2025-12-09 09:36:19,Cau Thu Thiem,Quan 2,10.786216596454727,106.71836665482695,40,40,1.0
2025-12-09 09:36:21,Nguyen Huu Canh,Binh Thanh,10.78948793356203,106.71518838181179,24,34,1.0
2025-12-09 09:36:21,Cong Hoa,Tan Binh,10.80223925742187,106.6478722259914,27,41,1.0
2025-12-09 09:36:23,Truong Son / Tan Son Nhat Blvd,Gan san bay,10.813928881466124,106.66511432455972,18,33,0.999713
2025-12-09 09:36:24,Nguyen Trai,Quan 5,10.755608615763382,106.67347943578082,21,27,1.0
2025-12-09 09:36:32,Le Duan,Quan 1,10.782680856341083,106.70051548181169,18,29,1.0
2025-12-09 09:36:33,Tran Hung Dao ,Quan 5,10.754895139302109,106.67839188181134,22,32,1.0
2025-12-09 09:36:34,Tran Quoc Thao,Quan 3,10.785070445194592,106.68331340921323,14,27,1.0
2025-12-09 09:36:35,Tran Hung Dao,Quan 5,10.7549373008113,106.67848844133415,22,32,1.0
2025-12-09 09:36:36,Cach Mang Thang 8 (CMT8),Quan 3,10.77898143649726,106.67684447140958,17,34,1.0
2025-12-09 09:36:37,Pham Ngu Lao / Bui Vien,Quan 1,10.767112828386699,106.6927618222887,13,20,1.0
2025-12-09 09:36:44,Nguyen Thi Minh Khai,Quan 3,10.77847212665258,106.69389510879643,27,41,1.0
2025-12-09 09:36:45,Nguyen Van Troi,Phu Nhuan,10.796057790235078,106.67492629345334,19,33,0.999713
2025-12-09 09:36:46,Pham Van Dong,Go Vap,10.835298215641501,106.72935479345391,32,42,0.997413
2025-12-09 09:36:47,Cong truong lam son,Quan 1,10.777562007197462,106.7041335430398,17,30,1.0
2025-12-09 09:36:48,Nguyen Oanh ,Go Vap,10.83886351241477,106.67566625482782,26,36,0.999218
2025-12-09 09:36:49,Le Hong Phong,Quan 10,10.765187049751795,106.67550552599073,24,36,1.0
2025-12-09 09:36:56,Nguyen Van Cu,Quan 5,10.759484371982321,106.6840537511244,20,26,1.0
2025-12-09 09:37:05,Nga tu Binh Phuoc,Ngoai o,10.865229381280965,106.72366973948475,33,49,1.0
2025-12-09 09:37:18,Phu My Hung ,Quan 7,10.72279213640514,106.72808623948244,28,37,1.0
2025-12-09 09:37:30,Nguyen Thai Son,Phu Nhuan,10.823400120373712,106.68551227436063,20,31,1.0
2025-12-09 09:38:47,An Duong Vuong,Quan 8,10.756158554057757,106.66631758181126,21,29,1.0
2025-12-09 09:39:00,Huynh Tan Phat,Nha Be,10.7144382088356,106.73711688366167,24,35,1.0
2025-12-09 09:39:02,Truong Chinh,Tan Binh ,10.817236653231737,106.63191539530457,23,35,1.0
2025-12-09 09:41:25,Cho Ben Thanh,Quan 1,10.772727584493625,106.69804225297563,18,23,0.998765
2025-12-09 09:42:09,Duong Nguyen Hue,Quan 1,10.774028664434528,106.70357076461706,28,28,1.0
2025-12-09 09:42:24,Nguyen Van Linh,Quan 7,10.752616652291238,106.72509685338922,39,39,1.0
2025-12-09 09:42:44,Vo Van Kiet,Quan 5,10.745754766198267,106.65326266831877,35,42,1.0
2025-12-09 09:43:00,Xa lo Ha Noi,QL1A,10.94927106740351,106.87196348224562,31,41,1.0
2025-12-09 09:43:02,Duong Dien Bien Phu,Quan 1,10.78866360854368,106.69551372228901,33,42,1.0
2025-12-09 09:43:13,Nga tu Hang Xanh,Binh Thanh,10.801406421807085,106.71148440879679,33,42,1.0
2025-12-09 09:43:30,Nga tu An Suong,Hoc Mon,10.843150534972033,106.6151343241409,22,34,1.0
2025-12-09 09:43:43,Ben xe Mien Dong,Quan 9,10.880537767027526,106.81481342866444,40,53,1.0
2025-12-09 09:43:56,Ben xe Mien Tay,Binh Tan,10.740840166521663,106.61899246873142,23,35,1.0
2025-12-09 09:43:58,Cau Sai Gon,Quan 2 ,10.798986343749618,106.72697056646841,45,45,1.0
2025-12-09 09:43:59,Cau Phu My,Q2,10.741860769464234,106.73790365482627,44,44,1.0
2025-12-09 09:44:00,Cau Kenh Te,Q4,10.752408891679814,106.7022703818112,21,34,1.0
2025-12-09 09:44:09,Cau Thu Thiem,Quan 2,10.786216596454727,106.71836665482695,40,40,1.0
2025-12-09 09:44:23,Nguyen Huu Canh,Binh Thanh,10.78948793356203,106.71518838181179,27,36,1.0
2025-12-09 09:44:24,Cong Hoa,Tan Binh,10.80223925742187,106.6478722259914,27,40,1.0
2025-12-09 09:44:25,Truong Son / Tan Son Nhat Blvd,Gan san bay,10.813928881466124,106.66511432455972,18,34,0.999713
2025-12-09 09:44:36,Nguyen Trai,Quan 5,10.755608615763382,106.67347943578082,18,27,1.0
2025-12-09 09:44:37,Le Duan,Quan 1,10.782680856341083,106.70051548181169,18,30,1.0
2025-12-09 09:44:39,Tran Hung Dao ,Quan 5,10.754895139302109,106.67839188181134,23,32,1.0
2025-12-09 09:44:40,Tran Quoc Thao,Quan 3,10.785070445194592,106.68331340921323,14,27,1.0
2025-12-09 09:44:49,Tran Hung Dao,Quan 5,10.7549373008113,106.67848844133415,23,32,1.0
2025-12-09 09:44:51,Cach Mang Thang 8 (CMT8),Quan 3,10.77898143649726,106.67684447140958,17,34,1.0
2025-12-09 09:44:53,Pham Ngu Lao / Bui Vien,Quan 1,10.767112828386699,106.6927618222887,13,19,1.0
2025-12-09 09:45:04,Nguyen Thi Minh Khai,Quan 3,10.77847212665258,106.69389510879643,27,42,1.0
2025-12-09 09:45:05,Nguyen Van Troi,Phu Nhuan,10.796057790235078,106.67492629345334,19,34,0.999713
2025-12-09 09:45:18,Pham Van Dong,Go Vap,10.835298215641501,106.72935479345391,33,43,0.995097
2025-12-09 09:45:19,Cong truong lam son,Quan 1,10.777562007197462,106.7041335430398,18,30,1.0
2025-12-09 09:45:21,Nguyen Oanh ,Go Vap,10.83886351241477,106.67566625482782,27,36,0.998443
2025-12-09 09:45:33,Le Hong Phong,Quan 10,10.765187049751795,106.67550552599073,21,35,1.0
2025-12-09 09:45:39,Nguyen Van Cu,Quan 5,10.759484371982321,106.6840537511244,19,27,0.998947
2025-12-09 09:45:57,Nga tu Binh Phuoc,Ngoai o,10.865229381280965,106.72366973948475,32,49,1.0
2025-12-09 09:46:10,Phu My Hung ,Quan 7,10.72279213640514,106.72808623948244,27,37,0.998475
2025-12-09 09:46:12,Nguyen Thai Son,Phu Nhuan,10.823400120373712,106.68551227436063,23,31,1.0
2025-12-09 09:46:13,An Duong Vuong,Quan 8,10.756158554057757,106.66631758181126,17,28,1.0
2025-12-09 09:46:27,Huynh Tan Phat,Nha Be,10.7144382088356,106.73711688366167,25,35,1.0
2025-12-09 09:46:44,Truong Chinh,Tan Binh ,10.817236653231737,106.63191539530457,24,35,1.0
2025-12-09 09:48:48,Cho Ben Thanh,Quan 1,10.772727584493625,106.69804225297563,16,24,0.998765
2025-12-09 09:49:00,Duong Nguyen Hue,Quan 1,10.774028664434528,106.70357076461706,28,28,1.0
2025-12-09 09:49:02,Nguyen Van Linh,Quan 7,10.752616652291238,106.72509685338922,39,39,1.0
2025-12-09 09:49:13,Vo Van Kiet,Quan 5,10.745754766198267,106.65326266831877,42,42,1.0
2025-12-09 09:49:15,Xa lo Ha Noi,QL1A,10.94927106740351,106.87196348224562,29,41,1.0
2025-12-09 09:49:18,Duong Dien Bien Phu,Quan 1,10.78866360854368,106.69551372228901,34,42,1.0
2025-12-09 09:49:25,Nga tu Hang Xanh,Binh Thanh,10.801406421807085,106.71148440879679,34,42,1.0
2025-12-09 09:49:31,Nga tu An Suong,Hoc Mon,10.843150534972033,106.6151343241409,23,35,1.0
2025-12-09 09:49:38,Ben xe Mien Dong,Quan 9,10.880537767027526,106.81481342866444,39,53,1.0
2025-12-09 09:49:39,Ben xe Mien Tay,Binh Tan,10.740840166521663,106.61899246873142,24,36,1.0
2025-12-09 09:49:51,Cau Sai Gon,Quan 2 ,10.798986343749618,106.72697056646841,45,45,1.0
2025-12-09 09:49:53,Cau Phu My,Q2,10.741860769464234,106.73790365482627,44,44,1.0
2025-12-09 09:49:55,Cau Kenh Te,Q4,10.752408891679814,106.7022703818112,21,34,1.0
2025-12-09 09:50:07,Cau Thu Thiem,Quan 2,10.786216596454727,106.71836665482695,36,40,1.0
2025-12-09 09:50:15,Nguyen Huu Canh,Binh Thanh,10.78948793356203,106.71518838181179,36,36,1.0
2025-12-09 09:50:20,Cong Hoa,Tan Binh,10.80223925742187,106.6478722259914,31,39,1.0
2025-12-09 09:50:29,Truong Son / Tan Son Nhat Blvd,Gan san bay,10.813928881466124,106.66511432455972,19,34,0.998555
2025-12-09 09:50:45,Nguyen Trai,Quan 5,10.755608615763382,106.67347943578082,19,27,1.0
2025-12-09 09:50:57,Le Duan,Quan 1,10.782680856341083,106.70051548181169,17,30,1.0
2025-12-09 09:51:30,Tran Hung Dao ,Quan 5,10.754895139302109,106.67839188181134,22,32,1.0
2025-12-09 09:51:32,Tran Quoc Thao,Quan 3,10.785070445194592,106.68331340921323,14,28,1.0
2025-12-09 09:51:34,Tran Hung Dao,Quan 5,10.7549373008113,106.67848844133415,22,32,1.0
2025-12-09 09:51:43,Cach Mang Thang 8 (CMT8),Quan 3,10.77898143649726,106.67684447140958,18,34,1.0
2025-12-09 09:51:50,Pham Ngu Lao / Bui Vien,Quan 1,10.767112828386699,106.6927618222887,20,20,1.0
2025-12-09 09:51:58,Nguyen Thi Minh Khai,Quan 3,10.77847212665258,106.69389510879643,28,41,1.0
2025-12-09 09:52:39,Nguyen Van Troi,Phu Nhuan,10.796057790235078,106.67492629345334,18,34,0.998948
2025-12-09 09:52:52,Pham Van Dong,Go Vap,10.835298215641501,106.72935479345391,31,43,0.993848
2025-12-09 09:53:04,Cong truong lam son,Quan 1,10.777562007197462,106.7041335430398,17,30,1.0
2025-12-09 09:53:06,Nguyen Oanh ,Go Vap,10.83886351241477,106.67566625482782,28,36,1.0
2025-12-09 09:53:07,Le Hong Phong,Quan 10,10.765187049751795,106.67550552599073,23,35,1.0
2025-12-09 09:53:09,Nguyen Van Cu,Quan 5,10.759484371982321,106.6840537511244,16,27,1.0
2025-12-09 09:53:50,Nga tu Binh Phuoc,Ngoai o,10.865229381280965,106.72366973948475,35,49,1.0
2025-12-09 09:55:12,Phu My Hung ,Quan 7,10.72279213640514,106.72808623948244,26,36,1.0
2025-12-09 09:55:36,Nguyen Thai Son,Phu Nhuan,10.823400120373712,106.68551227436063,23,31,1.0
2025-12-09 09:57:01,An Duong Vuong,Quan 8,10.756158554057757,106.66631758181126,21,28,1.0
2025-12-09 09:58:19,Huynh Tan Phat,Nha Be,10.7144382088356,106.73711688366167,24,35,1.0
2025-12-09 09:59:15,Truong Chinh,Tan Binh ,10.817236653231737,106.63191539530457,23,35,1.0
2025-12-09 10:01:28,Cho Ben Thanh,Quan 1,10.772727584493625,106.69804225297563,16,24,0.998765
2025-12-09 10:01:29,Duong Nguyen Hue,Quan 1,10.774028664434528,106.70357076461706,20,28,1.0
2025-12-09 10:01:31,Nguyen Van Linh,Quan 7,10.752616652291238,106.72509685338922,39,39,1.0
2025-12-09 10:01:32,Vo Van Kiet,Quan 5,10.745754766198267,106.65326266831877,35,42,1.0
2025-12-09 10:01:46,Xa lo Ha Noi,QL1A,10.94927106740351,106.87196348224562,26,42,1.0
2025-12-09 10:01:58,Duong Dien Bien Phu,Quan 1,10.78866360854368,106.69551372228901,32,42,1.0
2025-12-09 10:02:00,Nga tu Hang Xanh,Binh Thanh,10.801406421807085,106.71148440879679,32,42,1.0
2025-12-09 10:02:01,Nga tu An Suong,Hoc Mon,10.843150534972033,106.6151343241409,22,35,1.0
2025-12-09 10:02:02,Ben xe Mien Dong,Quan 9,10.880537767027526,106.81481342866444,38,53,1.0
2025-12-09 10:02:03,Ben xe Mien Tay,Binh Tan,10.740840166521663,106.61899246873142,23,35,1.0
2025-12-09 10:02:16,Cau Sai Gon,Quan 2 ,10.798986343749618,106.72697056646841,45,45,1.0
2025-12-09 10:03:00,Cau Phu My,Q2,10.741860769464234,106.73790365482627,44,44,1.0
2025-12-09 10:03:01,Cau Kenh Te,Q4,10.752408891679814,106.7022703818112,23,34,1.0
2025-12-09 10:03:02,Cau Thu Thiem,Quan 2,10.786216596454727,106.71836665482695,40,40,1.0
2025-12-09 10:03:04,Nguyen Huu Canh,Binh Thanh,10.78948793356203,106.71518838181179,36,36,1.0
2025-12-09 10:03:13,Cong Hoa,Tan Binh,10.80223925742187,106.6478722259914,24,40,1.0
2025-12-09 10:04:37,Truong Son / Tan Son Nhat Blvd,Gan san bay,10.813928881466124,106.66511432455972,19,33,0.99863
2025-12-09 10:04:50,Nguyen Trai,Quan 5,10.755608615763382,106.67347943578082,19,26,0.998951
2025-12-09 10:04:58,Le Duan,Quan 1,10.782680856341083,106.70051548181169,18,30,1.0
2025-12-09 10:05:05,Tran Hung Dao ,Quan 5,10.754895139302109,106.67839188181134,23,33,1.0
2025-12-09 10:05:12,Tran Quoc Thao,Quan 3,10.785070445194592,106.68331340921323,16,27,1.0
2025-12-09 10:05:26,Tran Hung Dao,Quan 5,10.7549373008113,106.67848844133415,23,33,1.0
2025-12-09 10:05:42,Cach Mang Thang 8 (CMT8),Quan 3,10.77898143649726,106.67684447140958,18,34,1.0
2025-12-09 10:05:55,Pham Ngu Lao / Bui Vien,Quan 1,10.767112828386699,106.6927618222887,20,20,1.0
2025-12-09 10:06:00,Nguyen Thi Minh Khai,Quan 3,10.77847212665258,106.69389510879643,27,41,1.0
2025-12-09 10:06:08,Nguyen Van Troi,Phu Nhuan,10.796057790235078,106.67492629345334,19,34,0.998692
2025-12-09 10:06:21,Pham Van Dong,Go Vap,10.835298215641501,106.72935479345391,33,42,0.997458
2025-12-09 10:06:22,Cong truong lam son,Quan 1,10.777562007197462,106.7041335430398,17,30,1.0
2025-12-09 10:06:25,Nguyen Oanh ,Go Vap,10.83886351241477,106.67566625482782,29,35,0.998081
2025-12-09 10:06:27,Le Hong Phong,Quan 10,10.765187049751795,106.67550552599073,24,36,1.0
2025-12-09 10:06:28,Nguyen Van Cu,Quan 5,10.759484371982321,106.6840537511244,19,27,0.998943
2025-12-09 10:06:29,Nga tu Binh Phuoc,Ngoai o,10.865229381280965,106.72366973948475,35,49,1.0
2025-12-09 10:06:33,Phu My Hung ,Quan 7,10.72279213640514,106.72808623948244,26,37,1.0
2025-12-09 10:06:35,Nguyen Thai Son,Phu Nhuan,10.823400120373712,106.68551227436063,21,31,1.0
2025-12-09 10:06:38,An Duong Vuong,Quan 8,10.756158554057757,106.66631758181126,21,28,1.0
2025-12-09 10:06:39,Huynh Tan Phat,Nha Be,10.7144382088356,106.73711688366167,25,35,1.0
2025-12-09 10:06:41,Truong Chinh,Tan Binh ,10.817236653231737,106.63191539530457,22,35,1.0
2025-12-09 10:08:55,Cho Ben Thanh,Quan 1,10.772727584493625,106.69804225297563,15,23,0.998765
2025-12-09 10:08:57,Duong Nguyen Hue,Quan 1,10.774028664434528,106.70357076461706,28,28,1.0
2025-12-09 10:08:58,Nguyen Van Linh,Quan 7,10.752616652291238,106.72509685338922,39,39,1.0
2025-12-09 10:09:32,Vo Van Kiet,Quan 5,10.745754766198267,106.65326266831877,35,42,1.0
2025-12-09 10:09:35,Xa lo Ha Noi,QL1A,10.94927106740351,106.87196348224562,28,42,1.0
2025-12-09 10:10:17,Duong Dien Bien Phu,Quan 1,10.78866360854368,106.69551372228901,33,41,1.0
2025-12-09 10:10:20,Nga tu Hang Xanh,Binh Thanh,10.801406421807085,106.71148440879679,33,41,1.0
2025-12-09 10:10:22,Nga tu An Suong,Hoc Mon,10.843150534972033,106.6151343241409,21,35,1.0
2025-12-09 10:10:31,Ben xe Mien Dong,Quan 9,10.880537767027526,106.81481342866444,38,53,1.0
2025-12-09 10:12:08,Ben xe Mien Tay,Binh Tan,10.740840166521663,106.61899246873142,23,35,1.0
2025-12-09 10:13:50,Cau Sai Gon,Quan 2 ,10.798986343749618,106.72697056646841,45,45,1.0
2025-12-09 10:14:33,Cau Phu My,Q2,10.741860769464234,106.73790365482627,44,44,1.0
2025-12-09 10:14:42,Cau Kenh Te,Q4,10.752408891679814,106.7022703818112,25,33,1.0
2025-12-09 10:14:57,Cau Thu Thiem,Quan 2,10.786216596454727,106.71836665482695,40,40,1.0
2025-12-09 10:17:50,Cong Hoa,Tan Binh,10.80223925742187,106.6478722259914,26,41,1.0
2025-12-09 10:18:35,Truong Son / Tan Son Nhat Blvd,Gan san bay,10.813928881466124,106.66511432455972,20,33,0.99892
2025-12-09 10:18:38,Nguyen Trai,Quan 5,10.755608615763382,106.67347943578082,20,27,0.998954
2025-12-09 10:18:40,Le Duan,Quan 1,10.782680856341083,106.70051548181169,18,30,1.0
2025-12-09 10:19:10,Tran Hung Dao ,Quan 5,10.754895139302109,106.67839188181134,21,32,1.0
2025-12-09 10:19:20,Tran Quoc Thao,Quan 3,10.785070445194592,106.68331340921323,15,28,1.0
2025-12-09 10:21:05,Tran Hung Dao,Quan 5,10.7549373008113,106.67848844133415,21,33,1.0
2025-12-09 10:21:19,Cach Mang Thang 8 (CMT8),Quan 3,10.77898143649726,106.67684447140958,19,34,1.0
2025-12-09 10:21:20,Pham Ngu Lao / Bui Vien,Quan 1,10.767112828386699,106.6927618222887,20,20,1.0
2025-12-09 10:21:38,Nguyen Thi Minh Khai,Quan 3,10.77847212665258,106.69389510879643,27,41,1.0
2025-12-09 10:21:57,Nguyen Van Troi,Phu Nhuan,10.796057790235078,106.67492629345334,19,34,0.998921
2025-12-09 10:22:09,Pham Van Dong,Go Vap,10.835298215641501,106.72935479345391,33,42,0.99476
2025-12-09 10:22:11,Cong truong lam son,Quan 1,10.777562007197462,106.7041335430398,17,30,1.0
2025-12-09 10:22:12,Nguyen Oanh ,Go Vap,10.83886351241477,106.67566625482782,28,35,0.998447
2025-12-09 10:22:13,Le Hong Phong,Quan 10,10.765187049751795,106.67550552599073,27,35,1.0
2025-12-09 10:22:14,Nguyen Van Cu,Quan 5,10.759484371982321,106.6840537511244,17,27,1.0
2025-12-09 10:22:22,Nga tu Binh Phuoc,Ngoai o,10.865229381280965,106.72366973948475,34,49,1.0
2025-12-09 10:22:35,Phu My Hung ,Quan 7,10.72279213640514,106.72808623948244,27,37,0.998834
2025-12-09 10:22:48,Nguyen Thai Son,Phu Nhuan,10.823400120373712,106.68551227436063,24,31,1.0
2025-12-09 10:23:06,An Duong Vuong,Quan 8,10.756158554057757,106.66631758181126,19,28,1.0
2025-12-09 10:23:19,Huynh Tan Phat,Nha Be,10.7144382088356,106.73711688366167,25,35,1.0
2025-12-09 10:23:21,Truong Chinh,Tan Binh ,10.817236653231737,106.63191539530457,22,35,1.0
2025-12-09 10:25:35,Cho Ben Thanh,Quan 1,10.772727584493625,106.69804225297563,14,24,0.997876
2025-12-09 10:25:37,Duong Nguyen Hue,Quan 1,10.774028664434528,106.70357076461706,28,28,1.0
2025-12-09 10:25:38,Nguyen Van Linh,Quan 7,10.752616652291238,106.72509685338922,39,39,1.0
2025-12-09 10:25:48,Vo Van Kiet,Quan 5,10.745754766198267,106.65326266831877,34,42,1.0
2025-12-09 10:27:39,Xa lo Ha Noi,QL1A,10.94927106740351,106.87196348224562,25,42,1.0
2025-12-09 10:27:40,Duong Dien Bien Phu,Quan 1,10.78866360854368,106.69551372228901,33,41,1.0
2025-12-09 10:28:13,Nga tu Hang Xanh,Binh Thanh,10.801406421807085,106.71148440879679,34,42,1.0
2025-12-09 10:28:46,Nga tu An Suong,Hoc Mon,10.843150534972033,106.6151343241409,22,35,1.0
2025-12-09 10:28:47,Ben xe Mien Dong,Quan 9,10.880537767027526,106.81481342866444,40,53,1.0
2025-12-09 10:28:48,Ben xe Mien Tay,Binh Tan,10.740840166521663,106.61899246873142,24,35,1.0
2025-12-09 10:28:49,Cau Sai Gon,Quan 2 ,10.798986343749618,106.72697056646841,45,45,1.0
2025-12-09 10:28:52,Cau Phu My,Q2,10.741860769464234,106.73790365482627,44,44,1.0
2025-12-09 10:28:59,Cau Kenh Te,Q4,10.752408891679814,106.7022703818112,26,34,1.0
2025-12-09 10:29:13,Cau Thu Thiem,Quan 2,10.786216596454727,106.71836665482695,40,40,1.0
2025-12-09 10:29:14,Nguyen Huu Canh,Binh Thanh,10.78948793356203,106.71518838181179,36,36,1.0
2025-12-09 10:29:15,Cong Hoa,Tan Binh,10.80223925742187,106.6478722259914,28,40,1.0
2025-12-09 10:29:16,Truong Son / Tan Son Nhat Blvd,Gan san bay,10.813928881466124,106.66511432455972,19,34,0.998955
2025-12-09 10:29:25,Nguyen Trai,Quan 5,10.755608615763382,106.67347943578082,16,27,1.0
2025-12-09 10:29:28,Le Duan,Quan 1,10.782680856341083,106.70051548181169,16,30,1.0
2025-12-09 10:29:29,Tran Hung Dao ,Quan 5,10.754895139302109,106.67839188181134,21,32,1.0
2025-12-09 10:29:38,Tran Quoc Thao,Quan 3,10.785070445194592,106.68331340921323,13,27,1.0
2025-12-09 10:29:39,Tran Hung Dao,Quan 5,10.7549373008113,106.67848844133415,21,32,1.0
2025-12-09 10:29:41,Cach Mang Thang 8 (CMT8),Quan 3,10.77898143649726,106.67684447140958,19,35,1.0
2025-12-09 10:29:42,Pham Ngu Lao / Bui Vien,Quan 1,10.767112828386699,106.6927618222887,20,20,1.0
2025-12-09 10:29:51,Nguyen Thi Minh Khai,Quan 3,10.77847212665258,106.69389510879643,26,41,1.0
2025-12-09 10:29:52,Nguyen Van Troi,Phu Nhuan,10.796057790235078,106.67492629345334,19,34,0.998691
2025-12-09 10:29:53,Pham Van Dong,Go Vap,10.835298215641501,106.72935479345391,31,42,0.995108
2025-12-09 10:29:54,Cong truong lam son,Quan 1,10.777562007197462,106.7041335430398,16,31,1.0
2025-12-09 10:29:55,Nguyen Oanh ,Go Vap,10.83886351241477,106.67566625482782,29,36,0.997413
2025-12-09 10:30:03,Le Hong Phong,Quan 10,10.765187049751795,106.67550552599073,24,36,1.0
2025-12-09 10:30:06,Nguyen Van Cu,Quan 5,10.759484371982321,106.6840537511244,15,27,1.0
2025-12-09 10:30:08,Nga tu Binh Phuoc,Ngoai o,10.865229381280965,106.72366973948475,33,49,1.0
2025-12-09 10:30:16,Phu My Hung ,Quan 7,10.72279213640514,106.72808623948244,29,37,1.0
2025-12-09 10:30:17,Nguyen Thai Son,Phu Nhuan,10.823400120373712,106.68551227436063,20,31,1.0
2025-12-09 10:30:19,An Duong Vuong,Quan 8,10.756158554057757,106.66631758181126,17,28,1.0
2025-12-09 10:30:21,Huynh Tan Phat,Nha Be,10.7144382088356,106.73711688366167,26,35,1.0
2025-12-09 10:30:29,Truong Chinh,Tan Binh ,10.817236653231737,106.63191539530457,22,34,1.0
2025-12-09 10:32:41,Cho Ben Thanh,Quan 1,10.772727584493625,106.69804225297563,16,24,0.99753
2025-12-09 10:32:42,Duong Nguyen Hue,Quan 1,10.774028664434528,106.70357076461706,22,28,1.0
2025-12-09 10:32:43,Nguyen Van Linh,Quan 7,10.752616652291238,106.72509685338922,39,39,1.0
2025-12-09 10:32:46,Vo Van Kiet,Quan 5,10.745754766198267,106.65326266831877,35,43,1.0
2025-12-09 10:32:58,Xa lo Ha Noi,QL1A,10.94927106740351,106.87196348224562,30,42,1.0
2025-12-09 10:33:10,Duong Dien Bien Phu,Quan 1,10.78866360854368,106.69551372228901,32,41,1.0
2025-12-09 10:33:11,Nga tu Hang Xanh,Binh Thanh,10.801406421807085,106.71148440879679,32,41,1.0
2025-12-09 10:33:12,Nga tu An Suong,Hoc Mon,10.843150534972033,106.6151343241409,22,35,1.0
2025-12-09 10:33:15,Ben xe Mien Dong,Quan 9,10.880537767027526,106.81481342866444,40,53,1.0
2025-12-09 10:33:26,Ben xe Mien Tay,Binh Tan,10.740840166521663,106.61899246873142,24,35,1.0
2025-12-09 10:33:28,Cau Sai Gon,Quan 2 ,10.798986343749618,106.72697056646841,45,45,1.0
2025-12-09 10:33:39,Cau Phu My,Q2,10.741860769464234,106.73790365482627,44,44,1.0
2025-12-09 10:33:41,Cau Kenh Te,Q4,10.752408891679814,106.7022703818112,25,33,1.0
2025-12-09 10:33:45,Cau Thu Thiem,Quan 2,10.786216596454727,106.71836665482695,40,40,1.0
2025-12-09 10:33:52,Nguyen Huu Canh,Binh Thanh,10.78948793356203,106.71518838181179,36,36,1.0
2025-12-09 10:33:53,Cong Hoa,Tan Binh,10.80223925742187,106.6478722259914,25,41,1.0
2025-12-09 10:33:54,Truong Son / Tan Son Nhat Blvd,Gan san bay,10.813928881466124,106.66511432455972,19,34,0.998955
2025-12-09 10:33:55,Nguyen Trai,Quan 5,10.755608615763382,106.67347943578082,15,27,1.0
2025-12-09 10:33:56,Le Duan,Quan 1,10.782680856341083,106.70051548181169,18,30,1.0
2025-12-09 10:34:04,Tran Hung Dao ,Quan 5,10.754895139302109,106.67839188181134,21,33,1.0
2025-12-09 10:34:08,Tran Quoc Thao,Quan 3,10.785070445194592,106.68331340921323,14,26,1.0
2025-12-09 10:34:17,Tran Hung Dao,Quan 5,10.7549373008113,106.67848844133415,22,32,1.0
2025-12-09 10:34:19,Cach Mang Thang 8 (CMT8),Quan 3,10.77898143649726,106.67684447140958,18,34,1.0
2025-12-09 10:34:21,Pham Ngu Lao / Bui Vien,Quan 1,10.767112828386699,106.6927618222887,14,20,1.0
2025-12-09 10:34:32,Nguyen Thi Minh Khai,Quan 3,10.77847212665258,106.69389510879643,27,41,1.0
2025-12-09 10:34:33,Nguyen Van Troi,Phu Nhuan,10.796057790235078,106.67492629345334,20,34,0.998955
2025-12-09 10:35:22,Pham Van Dong,Go Vap,10.835298215641501,106.72935479345391,32,42,0.996013
2025-12-09 10:35:35,Cong truong lam son,Quan 1,10.777562007197462,106.7041335430398,18,30,1.0
2025-12-09 10:35:51,Nguyen Oanh ,Go Vap,10.83886351241477,106.67566625482782,29,37,0.997228
2025-12-09 10:36:04,Le Hong Phong,Quan 10,10.765187049751795,106.67550552599073,22,35,1.0
2025-12-09 10:36:05,Nguyen Van Cu,Quan 5,10.759484371982321,106.6840537511244,16,28,0.999628
2025-12-09 10:36:06,Nga tu Binh Phuoc,Ngoai o,10.865229381280965,106.72366973948475,33,48,1.0
2025-12-09 10:36:07,Phu My Hung ,Quan 7,10.72279213640514,106.72808623948244,27,37,0.998836
2025-12-09 10:36:09,Nguyen Thai Son,Phu Nhuan,10.823400120373712,106.68551227436063,24,31,1.0
2025-12-09 10:36:16,An Duong Vuong,Quan 8,10.756158554057757,106.66631758181126,22,29,1.0
2025-12-09 10:36:17,Huynh Tan Phat,Nha Be,10.7144382088356,106.73711688366167,25,35,1.0
2025-12-09 10:36:19,Truong Chinh,Tan Binh ,10.817236653231737,106.63191539530457,21,35,1.0
2025-12-09 10:39:14,Cho Ben Thanh,Quan 1,10.772727584493625,106.69804225297563,14,24,0.99753
2025-12-09 10:39:58,Duong Nguyen Hue,Quan 1,10.774028664434528,106.70357076461706,17,28,1.0
2025-12-09 10:40:00,Nguyen Van Linh,Quan 7,10.752616652291238,106.72509685338922,39,39,1.0
2025-12-09 10:40:01,Vo Van Kiet,Quan 5,10.745754766198267,106.65326266831877,35,43,1.0
2025-12-09 10:40:02,Xa lo Ha Noi,QL1A,10.94927106740351,106.87196348224562,31,41,1.0
2025-12-09 10:40:47,Duong Dien Bien Phu,Quan 1,10.78866360854368,106.69551372228901,34,41,1.0
2025-12-09 10:40:57,Nga tu Hang Xanh,Binh Thanh,10.801406421807085,106.71148440879679,34,41,1.0
2025-12-09 10:41:10,Nga tu An Suong,Hoc Mon,10.843150534972033,106.6151343241409,22,35,1.0
2025-12-09 10:41:11,Ben xe Mien Dong,Quan 9,10.880537767027526,106.81481342866444,40,53,1.0
2025-12-09 10:41:12,Ben xe Mien Tay,Binh Tan,10.740840166521663,106.61899246873142,25,35,1.0
2025-12-09 10:41:13,Cau Sai Gon,Quan 2 ,10.798986343749618,106.72697056646841,45,45,1.0
2025-12-09 10:41:46,Cau Phu My,Q2,10.741860769464234,106.73790365482627,44,44,1.0
2025-12-09 10:41:47,Cau Kenh Te,Q4,10.752408891679814,106.7022703818112,24,33,1.0
2025-12-09 10:42:20,Cau Thu Thiem,Quan 2,10.786216596454727,106.71836665482695,40,40,1.0
2025-12-09 10:42:22,Nguyen Huu Canh,Binh Thanh,10.78948793356203,106.71518838181179,36,36,1.0
2025-12-09 10:42:56,Cong Hoa,Tan Binh,10.80223925742187,106.6478722259914,28,41,1.0
2025-12-09 10:42:57,Truong Son / Tan Son Nhat Blvd,Gan san bay,10.813928881466124,106.66511432455972,22,33,0.998657
2025-12-09 10:42:59,Nguyen Trai,Quan 5,10.755608615763382,106.67347943578082,14,27,0.998943
2025-12-09 10:43:17,Le Duan,Quan 1,10.782680856341083,106.70051548181169,18,30,1.0
2025-12-09 10:43:36,Tran Hung Dao ,Quan 5,10.754895139302109,106.67839188181134,23,32,1.0
2025-12-09 10:43:49,Tran Quoc Thao,Quan 3,10.785070445194592,106.68331340921323,12,27,1.0
2025-12-09 10:43:50,Tran Hung Dao,Quan 5,10.7549373008113,106.67848844133415,23,32,1.0
2025-12-09 10:43:52,Cach Mang Thang 8 (CMT8),Quan 3,10.77898143649726,106.67684447140958,18,34,1.0
2025-12-09 10:44:28,Pham Ngu Lao / Bui Vien,Quan 1,10.767112828386699,106.6927618222887,13,20,1.0
2025-12-09 10:44:42,Nguyen Thi Minh Khai,Quan 3,10.77847212665258,106.69389510879643,27,41,1.0
2025-12-09 10:44:55,Nguyen Van Troi,Phu Nhuan,10.796057790235078,106.67492629345334,22,34,0.9986
2025-12-09 10:45:28,Pham Van Dong,Go Vap,10.835298215641501,106.72935479345391,35,42,0.998003
2025-12-09 10:45:29,Cong truong lam son,Quan 1,10.777562007197462,106.7041335430398,17,30,1.0
2025-12-09 10:45:30,Nguyen Oanh ,Go Vap,10.83886351241477,106.67566625482782,29,36,1.0
2025-12-09 10:45:31,Le Hong Phong,Quan 10,10.765187049751795,106.67550552599073,26,35,1.0
2025-12-09 10:45:32,Nguyen Van Cu,Quan 5,10.759484371982321,106.6840537511244,16,27,0.998943
2025-12-09 10:45:41,Nga tu Binh Phuoc,Ngoai o,10.865229381280965,106.72366973948475,35,49,1.0
2025-12-09 10:45:57,Phu My Hung ,Quan 7,10.72279213640514,106.72808623948244,27,37,1.0
2025-12-09 10:46:03,Nguyen Thai Son,Phu Nhuan,10.823400120373712,106.68551227436063,23,32,1.0
2025-12-09 10:46:12,An Duong Vuong,Quan 8,10.756158554057757,106.66631758181126,21,28,1.0
2025-12-09 10:46:13,Huynh Tan Phat,Nha Be,10.7144382088356,106.73711688366167,26,35,1.0
2025-12-09 10:46:15,Truong Chinh,Tan Binh ,10.817236653231737,106.63191539530457,22,35,1.0
2025-12-09 10:48:29,Cho Ben Thanh,Quan 1,10.772727584493625,106.69804225297563,15,24,0.997559
2025-12-09 10:49:01,Duong Nguyen Hue,Quan 1,10.774028664434528,106.70357076461706,28,28,1.0
2025-12-09 10:49:16,Nguyen Van Linh,Quan 7,10.752616652291238,106.72509685338922,39,39,1.0
2025-12-09 10:49:37,Vo Van Kiet,Quan 5,10.745754766198267,106.65326266831877,35,42,0.999762
2025-12-09 10:49:39,Xa lo Ha Noi,QL1A,10.94927106740351,106.87196348224562,31,42,1.0
2025-12-09 10:50:18,Duong Dien Bien Phu,Quan 1,10.78866360854368,106.69551372228901,33,41,1.0
2025-12-09 10:50:19,Nga tu Hang Xanh,Binh Thanh,10.801406421807085,106.71148440879679,33,41,1.0
2025-12-09 10:50:22,Nga tu An Suong,Hoc Mon,10.843150534972033,106.6151343241409,20,35,1.0
2025-12-09 10:50:54,Ben xe Mien Dong,Quan 9,10.880537767027526,106.81481342866444,41,53,1.0
2025-12-09 10:50:59,Ben xe Mien Tay,Binh Tan,10.740840166521663,106.61899246873142,24,35,1.0
2025-12-09 10:51:13,Cau Sai Gon,Quan 2 ,10.798986343749618,106.72697056646841,45,45,1.0
2025-12-09 10:51:40,Cau Phu My,Q2,10.741860769464234,106.73790365482627,44,44,1.0
2025-12-09 10:51:54,Cau Kenh Te,Q4,10.752408891679814,106.7022703818112,25,34,1.0
2025-12-09 10:51:56,Cau Thu Thiem,Quan 2,10.786216596454727,106.71836665482695,40,40,1.0
2025-12-09 10:51:57,Nguyen Huu Canh,Binh Thanh,10.78948793356203,106.71518838181179,36,36,1.0
2025-12-09 10:52:07,Cong Hoa,Tan Binh,10.80223925742187,106.6478722259914,28,39,1.0
2025-12-09 10:52:08,Truong Son / Tan Son Nhat Blvd,Gan san bay,10.813928881466124,106.66511432455972,21,34,0.999021
2025-12-09 10:52:11,Nguyen Trai,Quan 5,10.755608615763382,106.67347943578082,18,26,1.0
2025-12-09 10:52:50,Le Duan,Quan 1,10.782680856341083,106.70051548181169,17,30,1.0
2025-12-09 10:53:15,Tran Hung Dao ,Quan 5,10.754895139302109,106.67839188181134,20,32,1.0
2025-12-09 10:54:00,Tran Quoc Thao,Quan 3,10.785070445194592,106.68331340921323,14,28,1.0
2025-12-09 10:55:25,Tran Hung Dao,Quan 5,10.7549373008113,106.67848844133415,20,32,1.0
2025-12-09 10:56:10,Cach Mang Thang 8 (CMT8),Quan 3,10.77898143649726,106.67684447140958,19,34,1.0
2025-12-09 10:56:17,Pham Ngu Lao / Bui Vien,Quan 1,10.767112828386699,106.6927618222887,20,20,1.0
2025-12-09 10:56:26,Nguyen Thi Minh Khai,Quan 3,10.77847212665258,106.69389510879643,27,41,1.0
2025-12-09 10:56:39,Nguyen Van Troi,Phu Nhuan,10.796057790235078,106.67492629345334,19,34,0.99892
2025-12-09 10:56:42,Pham Van Dong,Go Vap,10.835298215641501,106.72935479345391,34,42,0.998012
2025-12-09 10:56:43,Cong truong lam son,Quan 1,10.777562007197462,106.7041335430398,16,30,1.0
2025-12-09 10:57:06,Nguyen Oanh ,Go Vap,10.83886351241477,106.67566625482782,29,36,1.0
2025-12-09 10:57:18,Le Hong Phong,Quan 10,10.765187049751795,106.67550552599073,27,36,1.0
2025-12-09 10:57:21,Nguyen Van Cu,Quan 5,10.759484371982321,106.6840537511244,16,27,1.0
2025-12-09 10:57:25,Nga tu Binh Phuoc,Ngoai o,10.865229381280965,106.72366973948475,34,49,1.0
2025-12-09 10:57:31,Phu My Hung ,Quan 7,10.72279213640514,106.72808623948244,27,37,1.0
2025-12-09 10:58:15,Nguyen Thai Son,Phu Nhuan,10.823400120373712,106.68551227436063,24,31,1.0
2025-12-09 10:58:17,An Duong Vuong,Quan 8,10.756158554057757,106.66631758181126,21,29,1.0
2025-12-09 10:58:19,Huynh Tan Phat,Nha Be,10.7144382088356,106.73711688366167,25,35,1.0
2025-12-09 10:58:21,Truong Chinh,Tan Binh ,10.817236653231737,106.63191539530457,22,35,1.0
2025-12-09 11:00:34,Cho Ben Thanh,Quan 1,10.772727584493625,106.69804225297563,16,24,0.99753
2025-12-09 11:00:37,Duong Nguyen Hue,Quan 1,10.774028664434528,106.70357076461706,18,28,1.0
2025-12-09 11:00:38,Nguyen Van Linh,Quan 7,10.752616652291238,106.72509685338922,39,39,1.0
2025-12-09 11:01:00,Vo Van Kiet,Quan 5,10.745754766198267,106.65326266831877,36,43,0.999762
2025-12-09 11:01:12,Xa lo Ha Noi,QL1A,10.94927106740351,106.87196348224562,31,41,1.0
2025-12-09 11:01:14,Duong Dien Bien Phu,Quan 1,10.78866360854368,106.69551372228901,34,41,1.0
2025-12-09 11:01:16,Nga tu Hang Xanh,Binh Thanh,10.801406421807085,106.71148440879679,33,42,1.0
2025-12-09 11:01:18,Nga tu An Suong,Hoc Mon,10.843150534972033,106.6151343241409,21,35,1.0
2025-12-09 11:01:32,Ben xe Mien Dong,Quan 9,10.880537767027526,106.81481342866444,40,52,1.0
2025-12-09 11:01:45,Ben xe Mien Tay,Binh Tan,10.740840166521663,106.61899246873142,25,36,1.0
2025-12-09 11:01:51,Cau Sai Gon,Quan 2 ,10.798986343749618,106.72697056646841,45,45,1.0
2025-12-09 11:01:59,Cau Phu My,Q2,10.741860769464234,106.73790365482627,44,44,1.0
2025-12-09 11:02:15,Cau Kenh Te,Q4,10.752408891679814,106.7022703818112,25,33,1.0
2025-12-09 11:02:23,Cau Thu Thiem,Quan 2,10.786216596454727,106.71836665482695,40,40,1.0
2025-12-09 11:02:33,Nguyen Huu Canh,Binh Thanh,10.78948793356203,106.71518838181179,36,36,1.0
2025-12-09 11:02:47,Cong Hoa,Tan Binh,10.80223925742187,106.6478722259914,26,41,1.0
2025-12-09 11:02:48,Truong Son / Tan Son Nhat Blvd,Gan san bay,10.813928881466124,106.66511432455972,18,34,1.0
2025-12-09 11:02:49,Nguyen Trai,Quan 5,10.755608615763382,106.67347943578082,15,27,1.0
2025-12-09 11:02:50,Le Duan,Quan 1,10.782680856341083,106.70051548181169,16,29,1.0
2025-12-09 11:02:51,Tran Hung Dao ,Quan 5,10.754895139302109,106.67839188181134,22,32,1.0
2025-12-09 11:03:00,Tran Quoc Thao,Quan 3,10.785070445194592,106.68331340921323,11,28,1.0
2025-12-09 11:03:13,Tran Hung Dao,Quan 5,10.7549373008113,106.67848844133415,20,32,1.0
2025-12-09 11:03:14,Cach Mang Thang 8 (CMT8),Quan 3,10.77898143649726,106.67684447140958,20,34,1.0
2025-12-09 11:03:16,Pham Ngu Lao / Bui Vien,Quan 1,10.767112828386699,106.6927618222887,15,20,1.0
2025-12-09 11:03:17,Nguyen Thi Minh Khai,Quan 3,10.77847212665258,106.69389510879643,27,41,1.0
2025-12-09 11:03:27,Nguyen Van Troi,Phu Nhuan,10.796057790235078,106.67492629345334,19,34,1.0
2025-12-09 11:03:29,Pham Van Dong,Go Vap,10.835298215641501,106.72935479345391,34,42,0.998018
2025-12-09 11:03:30,Cong truong lam son,Quan 1,10.777562007197462,106.7041335430398,17,30,1.0
2025-12-09 11:03:40,Nguyen Oanh ,Go Vap,10.83886351241477,106.67566625482782,29,36,1.0
2025-12-09 11:03:42,Le Hong Phong,Quan 10,10.765187049751795,106.67550552599073,20,36,1.0
2025-12-09 11:03:43,Nguyen Van Cu,Quan 5,10.759484371982321,106.6840537511244,17,26,0.998954
2025-12-09 11:03:45,Nga tu Binh Phuoc,Ngoai o,10.865229381280965,106.72366973948475,35,49,1.0
2025-12-09 11:03:53,Phu My Hung ,Quan 7,10.72279213640514,106.72808623948244,26,37,0.998209
2025-12-09 11:04:05,Nguyen Thai Son,Phu Nhuan,10.823400120373712,106.68551227436063,23,31,1.0
2025-12-09 11:04:07,An Duong Vuong,Quan 8,10.756158554057757,106.66631758181126,19,29,1.0
2025-12-09 11:04:09,Huynh Tan Phat,Nha Be,10.7144382088356,106.73711688366167,25,35,1.0
2025-12-09 11:04:10,Truong Chinh,Tan Binh ,10.817236653231737,106.63191539530457,21,35,1.0
2025-12-09 11:06:23,Cho Ben Thanh,Quan 1,10.772727584493625,106.69804225297563,14,22,0.967696
2025-12-09 11:06:25,Duong Nguyen Hue,Quan 1,10.774028664434528,106.70357076461706,28,28,1.0
2025-12-09 11:06:26,Nguyen Van Linh,Quan 7,10.752616652291238,106.72509685338922,39,39,1.0
2025-12-09 11:06:28,Vo Van Kiet,Quan 5,10.745754766198267,106.65326266831877,35,42,1.0
2025-12-09 11:06:29,Xa lo Ha Noi,QL1A,10.94927106740351,106.87196348224562,29,42,1.0
2025-12-09 11:06:32,Duong Dien Bien Phu,Quan 1,10.78866360854368,106.69551372228901,33,42,1.0
2025-12-09 11:06:33,Nga tu Hang Xanh,Binh Thanh,10.801406421807085,106.71148440879679,33,42,1.0
2025-12-09 11:06:40,Nga tu An Suong,Hoc Mon,10.843150534972033,106.6151343241409,21,35,1.0
2025-12-09 11:06:41,Ben xe Mien Dong,Quan 9,10.880537767027526,106.81481342866444,39,53,1.0
2025-12-09 11:06:50,Ben xe Mien Tay,Binh Tan,10.740840166521663,106.61899246873142,25,35,1.0
2025-12-09 11:07:02,Cau Sai Gon,Quan 2 ,10.798986343749618,106.72697056646841,45,45,1.0
2025-12-09 11:07:15,Cau Phu My,Q2,10.741860769464234,106.73790365482627,44,44,1.0
2025-12-09 11:07:17,Cau Kenh Te,Q4,10.752408891679814,106.7022703818112,23,33,1.0
2025-12-09 11:07:20,Cau Thu Thiem,Quan 2,10.786216596454727,106.71836665482695,40,40,1.0
2025-12-09 11:07:22,Nguyen Huu Canh,Binh Thanh,10.78948793356203,106.71518838181179,36,36,1.0
2025-12-09 11:07:28,Cong Hoa,Tan Binh,10.80223925742187,106.6478722259914,23,41,1.0
2025-12-09 11:07:31,Truong Son / Tan Son Nhat Blvd,Gan san bay,10.813928881466124,106.66511432455972,19,34,0.998955
2025-12-09 11:07:32,Nguyen Trai,Quan 5,10.755608615763382,106.67347943578082,18,27,1.0
2025-12-09 11:07:41,Le Duan,Quan 1,10.782680856341083,106.70051548181169,15,30,1.0
2025-12-09 11:07:46,Tran Hung Dao ,Quan 5,10.754895139302109,106.67839188181134,21,33,1.0
2025-12-09 11:07:59,Tran Quoc Thao,Quan 3,10.785070445194592,106.68331340921323,12,27,1.0
2025-12-09 11:08:12,Tran Hung Dao,Quan 5,10.7549373008113,106.67848844133415,21,33,1.0
2025-12-09 11:08:13,Cach Mang Thang 8 (CMT8),Quan 3,10.77898143649726,106.67684447140958,21,34,1.0
2025-12-09 11:08:14,Pham Ngu Lao / Bui Vien,Quan 1,10.767112828386699,106.6927618222887,12,20,1.0
2025-12-09 11:08:15,Nguyen Thi Minh Khai,Quan 3,10.77847212665258,106.69389510879643,27,41,1.0
2025-12-09 11:08:18,Nguyen Van Troi,Phu Nhuan,10.796057790235078,106.67492629345334,19,34,0.998955
2025-12-09 11:08:27,Pham Van Dong,Go Vap,10.835298215641501,106.72935479345391,34,42,0.99765
2025-12-09 11:08:41,Cong truong lam son,Quan 1,10.777562007197462,106.7041335430398,15,30,1.0
2025-12-09 11:08:44,Nguyen Oanh ,Go Vap,10.83886351241477,106.67566625482782,36,36,1.0
2025-12-09 11:08:59,Le Hong Phong,Quan 10,10.765187049751795,106.67550552599073,23,35,1.0
2025-12-09 11:09:43,Nguyen Van Cu,Quan 5,10.759484371982321,106.6840537511244,18,28,1.0
2025-12-09 11:09:56,Nga tu Binh Phuoc,Ngoai o,10.865229381280965,106.72366973948475,35,49,1.0
2025-12-09 11:10:09,Phu My Hung ,Quan 7,10.72279213640514,106.72808623948244,27,37,0.998218
2025-12-09 11:10:10,Nguyen Thai Son,Phu Nhuan,10.823400120373712,106.68551227436063,32,32,1.0
2025-12-09 11:10:22,An Duong Vuong,Quan 8,10.756158554057757,106.66631758181126,22,29,1.0
2025-12-09 11:10:24,Huynh Tan Phat,Nha Be,10.7144382088356,106.73711688366167,26,35,1.0
2025-12-09 11:10:57,Truong Chinh,Tan Binh ,10.817236653231737,106.63191539530457,21,35,1.0
2025-12-09 11:13:10,Cho Ben Thanh,Quan 1,10.772727584493625,106.69804225297563,14,21,0.967696
2025-12-09 11:13:44,Duong Nguyen Hue,Quan 1,10.774028664434528,106.70357076461706,28,28,1.0
2025-12-09 11:13:57,Nguyen Van Linh,Quan 7,10.752616652291238,106.72509685338922,39,39,1.0
2025-12-09 11:14:41,Vo Van Kiet,Quan 5,10.745754766198267,106.65326266831877,35,43,1.0
2025-12-09 11:14:54,Xa lo Ha Noi,QL1A,10.94927106740351,106.87196348224562,29,41,1.0
2025-12-09 11:15:28,Duong Dien Bien Phu,Quan 1,10.78866360854368,106.69551372228901,34,41,1.0
2025-12-09 11:15:29,Nga tu Hang Xanh,Binh Thanh,10.801406421807085,106.71148440879679,34,41,1.0
2025-12-09 11:15:40,Nga tu An Suong,Hoc Mon,10.843150534972033,106.6151343241409,21,35,1.0
2025-12-09 11:15:53,Ben xe Mien Dong,Quan 9,10.880537767027526,106.81481342866444,41,53,1.0
2025-12-09 11:15:55,Ben xe Mien Tay,Binh Tan,10.740840166521663,106.61899246873142,25,35,1.0
2025-12-09 11:15:57,Cau Sai Gon,Quan 2 ,10.798986343749618,106.72697056646841,45,45,1.0
2025-12-09 11:16:38,Cau Phu My,Q2,10.741860769464234,106.73790365482627,44,44,1.0
2025-12-09 11:16:40,Cau Kenh Te,Q4,10.752408891679814,106.7022703818112,25,33,1.0
2025-12-09 11:16:41,Cau Thu Thiem,Quan 2,10.786216596454727,106.71836665482695,40,40,1.0
2025-12-09 11:16:42,Nguyen Huu Canh,Binh Thanh,10.78948793356203,106.71518838181179,36,36,1.0
2025-12-09 11:16:52,Cong Hoa,Tan Binh,10.80223925742187,106.6478722259914,30,41,1.0
2025-12-09 11:16:53,Truong Son / Tan Son Nhat Blvd,Gan san bay,10.813928881466124,106.66511432455972,19,34,1.0
2025-12-09 11:16:54,Nguyen Trai,Quan 5,10.755608615763382,106.67347943578082,18,27,1.0
2025-12-09 11:16:55,Le Duan,Quan 1,10.782680856341083,106.70051548181169,17,30,1.0
2025-12-09 11:17:04,Tran Hung Dao ,Quan 5,10.754895139302109,106.67839188181134,21,33,1.0
2025-12-09 11:17:06,Tran Quoc Thao,Quan 3,10.785070445194592,106.68331340921323,13,27,1.0
2025-12-09 11:17:07,Tran Hung Dao,Quan 5,10.7549373008113,106.67848844133415,21,33,1.0
2025-12-09 11:17:08,Cach Mang Thang 8 (CMT8),Quan 3,10.77898143649726,106.67684447140958,21,34,1.0
2025-12-09 11:17:17,Pham Ngu Lao / Bui Vien,Quan 1,10.767112828386699,106.6927618222887,20,20,1.0
2025-12-09 11:17:18,Nguyen Thi Minh Khai,Quan 3,10.77847212665258,106.69389510879643,27,41,1.0
2025-12-09 11:17:19,Nguyen Van Troi,Phu Nhuan,10.796057790235078,106.67492629345334,19,34,1.0
2025-12-09 11:17:20,Pham Van Dong,Go Vap,10.835298215641501,106.72935479345391,34,42,0.997597
2025-12-09 11:17:21,Cong truong lam son,Quan 1,10.777562007197462,106.7041335430398,16,30,1.0
2025-12-09 11:17:35,Nguyen Oanh ,Go Vap,10.83886351241477,106.67566625482782,28,36,1.0
2025-12-09 11:17:48,Le Hong Phong,Quan 10,10.765187049751795,106.67550552599073,24,36,1.0
2025-12-09 11:17:49,Nguyen Van Cu,Quan 5,10.759484371982321,106.6840537511244,17,28,1.0
2025-12-09 11:17:50,Nga tu Binh Phuoc,Ngoai o,10.865229381280965,106.72366973948475,36,49,1.0
2025-12-09 11:17:51,Phu My Hung ,Quan 7,10.72279213640514,106.72808623948244,26,37,0.998601
2025-12-09 11:17:52,Nguyen Thai Son,Phu Nhuan,10.823400120373712,106.68551227436063,32,32,1.0
2025-12-09 11:17:53,An Duong Vuong,Quan 8,10.756158554057757,106.66631758181126,19,29,1.0
2025-12-09 11:18:05,Huynh Tan Phat,Nha Be,10.7144382088356,106.73711688366167,24,35,1.0
2025-12-09 11:18:18,Truong Chinh,Tan Binh ,10.817236653231737,106.63191539530457,21,35,1.0
2025-12-09 11:20:30,Cho Ben Thanh,Quan 1,10.772727584493625,106.69804225297563,12,22,0.967696
2025-12-09 11:20:31,Duong Nguyen Hue,Quan 1,10.774028664434528,106.70357076461706,28,28,1.0
2025-12-09 11:20:32,Nguyen Van Linh,Quan 7,10.752616652291238,106.72509685338922,39,39,1.0
2025-12-09 11:20:34,Vo Van Kiet,Quan 5,10.745754766198267,106.65326266831877,37,43,1.0
2025-12-09 11:20:40,Xa lo Ha Noi,QL1A,10.94927106740351,106.87196348224562,30,42,1.0
2025-12-09 11:20:54,Duong Dien Bien Phu,Quan 1,10.78866360854368,106.69551372228901,33,41,1.0
2025-12-09 11:21:09,Nga tu Hang Xanh,Binh Thanh,10.801406421807085,106.71148440879679,32,41,1.0
2025-12-09 11:21:21,Nga tu An Suong,Hoc Mon,10.843150534972033,106.6151343241409,21,35,1.0
2025-12-09 11:21:23,Ben xe Mien Dong,Quan 9,10.880537767027526,106.81481342866444,39,53,1.0
2025-12-09 11:21:24,Ben xe Mien Tay,Binh Tan,10.740840166521663,106.61899246873142,24,35,1.0
2025-12-09 11:21:25,Cau Sai Gon,Quan 2 ,10.798986343749618,106.72697056646841,45,45,1.0
2025-12-09 11:21:27,Cau Phu My,Q2,10.741860769464234,106.73790365482627,44,44,1.0
2025-12-09 11:21:28,Cau Kenh Te,Q4,10.752408891679814,106.7022703818112,24,33,1.0
2025-12-09 11:21:29,Cau Thu Thiem,Quan 2,10.786216596454727,106.71836665482695,40,40,1.0
2025-12-09 11:21:31,Nguyen Huu Canh,Binh Thanh,10.78948793356203,106.71518838181179,36,36,1.0
2025-12-09 11:21:34,Cong Hoa,Tan Binh,10.80223925742187,106.6478722259914,27,40,1.0
2025-12-09 11:21:35,Truong Son / Tan Son Nhat Blvd,Gan san bay,10.813928881466124,106.66511432455972,19,34,0.999679
2025-12-09 11:21:36,Nguyen Trai,Quan 5,10.755608615763382,106.67347943578082,20,27,0.997886
2025-12-09 11:21:37,Le Duan,Quan 1,10.782680856341083,106.70051548181169,16,30,1.0
2025-12-09 11:21:39,Tran Hung Dao ,Quan 5,10.754895139302109,106.67839188181134,21,33,1.0
2025-12-09 11:21:46,Tran Quoc Thao,Quan 3,10.785070445194592,106.68331340921323,17,27,1.0
2025-12-09 11:21:59,Tran Hung Dao,Quan 5,10.7549373008113,106.67848844133415,21,33,1.0
2025-12-09 11:22:01,Cach Mang Thang 8 (CMT8),Quan 3,10.77898143649726,106.67684447140958,21,34,1.0
2025-12-09 11:22:02,Pham Ngu Lao / Bui Vien,Quan 1,10.767112828386699,106.6927618222887,15,20,1.0
2025-12-09 11:22:03,Nguyen Thi Minh Khai,Quan 3,10.77847212665258,106.69389510879643,28,41,1.0
2025-12-09 11:22:04,Nguyen Van Troi,Phu Nhuan,10.796057790235078,106.67492629345334,18,33,0.999207
2025-12-09 11:22:11,Pham Van Dong,Go Vap,10.835298215641501,106.72935479345391,34,42,0.997421
2025-12-09 11:22:24,Cong truong lam son,Quan 1,10.777562007197462,106.7041335430398,15,29,1.0
2025-12-09 11:22:25,Nguyen Oanh ,Go Vap,10.83886351241477,106.67566625482782,28,36,1.0
2025-12-09 11:22:26,Le Hong Phong,Quan 10,10.765187049751795,106.67550552599073,20,35,1.0
2025-12-09 11:22:27,Nguyen Van Cu,Quan 5,10.759484371982321,106.6840537511244,18,28,1.0
2025-12-09 11:22:27,Nga tu Binh Phuoc,Ngoai o,10.865229381280965,106.72366973948475,35,49,1.0
2025-12-09 11:22:28,Phu My Hung ,Quan 7,10.72279213640514,106.72808623948244,26,37,0.9983
2025-12-09 11:22:36,Nguyen Thai Son,Phu Nhuan,10.823400120373712,106.68551227436063,24,31,1.0
2025-12-09 11:22:38,An Duong Vuong,Quan 8,10.756158554057757,106.66631758181126,17,29,1.0
2025-12-09 11:22:39,Huynh Tan Phat,Nha Be,10.7144382088356,106.73711688366167,26,35,1.0
2025-12-09 11:22:40,Truong Chinh,Tan Binh ,10.817236653231737,106.63191539530457,21,35,1.0
2025-12-09 11:24:53,Cho Ben Thanh,Quan 1,10.772727584493625,106.69804225297563,13,22,0.96757
2025-12-09 11:25:40,Duong Nguyen Hue,Quan 1,10.774028664434528,106.70357076461706,13,27,1.0
2025-12-09 11:25:44,Nguyen Van Linh,Quan 7,10.752616652291238,106.72509685338922,39,39,1.0
2025-12-09 11:25:54,Vo Van Kiet,Quan 5,10.745754766198267,106.65326266831877,35,42,1.0
2025-12-09 11:26:06,Xa lo Ha Noi,QL1A,10.94927106740351,106.87196348224562,31,41,1.0
2025-12-09 11:26:09,Duong Dien Bien Phu,Quan 1,10.78866360854368,106.69551372228901,34,41,1.0
2025-12-09 11:26:18,Nga tu Hang Xanh,Binh Thanh,10.801406421807085,106.71148440879679,34,42,1.0
2025-12-09 11:26:32,Nga tu An Suong,Hoc Mon,10.843150534972033,106.6151343241409,21,35,1.0
2025-12-09 11:26:34,Ben xe Mien Dong,Quan 9,10.880537767027526,106.81481342866444,39,52,1.0
2025-12-09 11:26:40,Ben xe Mien Tay,Binh Tan,10.740840166521663,106.61899246873142,25,36,1.0
2025-12-09 11:26:45,Cau Sai Gon,Quan 2 ,10.798986343749618,106.72697056646841,45,45,1.0
2025-12-09 11:26:57,Cau Phu My,Q2,10.741860769464234,106.73790365482627,44,44,1.0
2025-12-09 11:27:06,Cau Kenh Te,Q4,10.752408891679814,106.7022703818112,25,33,1.0
2025-12-09 11:27:11,Cau Thu Thiem,Quan 2,10.786216596454727,106.71836665482695,40,40,1.0
2025-12-09 11:27:12,Nguyen Huu Canh,Binh Thanh,10.78948793356203,106.71518838181179,28,35,1.0
2025-12-09 11:27:14,Cong Hoa,Tan Binh,10.80223925742187,106.6478722259914,28,40,1.0
2025-12-09 11:27:15,Truong Son / Tan Son Nhat Blvd,Gan san bay,10.813928881466124,106.66511432455972,19,34,0.999235
2025-12-09 11:27:24,Nguyen Trai,Quan 5,10.755608615763382,106.67347943578082,16,27,0.997886
2025-12-09 11:27:26,Le Duan,Quan 1,10.782680856341083,106.70051548181169,17,29,1.0
2025-12-09 11:27:27,Tran Hung Dao ,Quan 5,10.754895139302109,106.67839188181134,21,32,1.0
2025-12-09 11:27:29,Tran Quoc Thao,Quan 3,10.785070445194592,106.68331340921323,12,27,1.0
2025-12-09 11:27:37,Tran Hung Dao,Quan 5,10.7549373008113,106.67848844133415,21,32,1.0
2025-12-09 11:27:38,Cach Mang Thang 8 (CMT8),Quan 3,10.77898143649726,106.67684447140958,22,34,1.0
2025-12-09 11:27:39,Pham Ngu Lao / Bui Vien,Quan 1,10.767112828386699,106.6927618222887,20,20,1.0
2025-12-09 11:27:40,Nguyen Thi Minh Khai,Quan 3,10.77847212665258,106.69389510879643,28,41,1.0
2025-12-09 11:27:50,Nguyen Van Troi,Phu Nhuan,10.796057790235078,106.67492629345334,18,34,0.999202
2025-12-09 11:27:54,Pham Van Dong,Go Vap,10.835298215641501,106.72935479345391,33,42,0.997959
2025-12-09 11:28:02,Cong truong lam son,Quan 1,10.777562007197462,106.7041335430398,18,30,1.0
2025-12-09 11:28:05,Nguyen Oanh ,Go Vap,10.83886351241477,106.67566625482782,26,36,0.997404
2025-12-09 11:28:06,Le Hong Phong,Quan 10,10.765187049751795,106.67550552599073,22,35,1.0
2025-12-09 11:28:11,Nguyen Van Cu,Quan 5,10.759484371982321,106.6840537511244,17,27,0.997886
2025-12-09 11:28:17,Nga tu Binh Phuoc,Ngoai o,10.865229381280965,106.72366973948475,35,49,1.0
2025-12-09 11:28:20,Phu My Hung ,Quan 7,10.72279213640514,106.72808623948244,25,37,0.999302
2025-12-09 11:28:35,Nguyen Thai Son,Phu Nhuan,10.823400120373712,106.68551227436063,24,30,1.0
2025-12-09 11:28:49,An Duong Vuong,Quan 8,10.756158554057757,106.66631758181126,19,28,1.0
2025-12-09 11:28:50,Huynh Tan Phat,Nha Be,10.7144382088356,106.73711688366167,25,35,1.0
2025-12-09 11:28:51,Truong Chinh,Tan Binh ,10.817236653231737,106.63191539530457,21,35,1.0
2025-12-09 11:31:10,Cho Ben Thanh,Quan 1,10.772727584493625,106.69804225297563,14,22,0.96757
2025-12-09 11:31:22,Duong Nguyen Hue,Quan 1,10.774028664434528,106.70357076461706,22,27,1.0
2025-12-09 11:31:23,Nguyen Van Linh,Quan 7,10.752616652291238,106.72509685338922,39,39,1.0
2025-12-09 11:31:24,Vo Van Kiet,Quan 5,10.745754766198267,106.65326266831877,35,43,0.999762
2025-12-09 11:31:31,Xa lo Ha Noi,QL1A,10.94927106740351,106.87196348224562,30,42,1.0
2025-12-09 11:31:39,Duong Dien Bien Phu,Quan 1,10.78866360854368,106.69551372228901,35,42,1.0
2025-12-09 11:31:40,Nga tu Hang Xanh,Binh Thanh,10.801406421807085,106.71148440879679,35,42,1.0
2025-12-09 11:32:01,Nga tu An Suong,Hoc Mon,10.843150534972033,106.6151343241409,21,35,1.0
2025-12-09 11:32:15,Ben xe Mien Dong,Quan 9,10.880537767027526,106.81481342866444,38,53,1.0
2025-12-09 11:32:20,Ben xe Mien Tay,Binh Tan,10.740840166521663,106.61899246873142,24,35,1.0
2025-12-09 11:32:21,Cau Sai Gon,Quan 2 ,10.798986343749618,106.72697056646841,45,45,1.0
2025-12-09 11:32:22,Cau Phu My,Q2,10.741860769464234,106.73790365482627,44,44,1.0
2025-12-09 11:32:28,Cau Kenh Te,Q4,10.752408891679814,106.7022703818112,25,34,1.0
2025-12-09 11:32:29,Cau Thu Thiem,Quan 2,10.786216596454727,106.71836665482695,40,40,1.0
2025-12-09 11:32:30,Nguyen Huu Canh,Binh Thanh,10.78948793356203,106.71518838181179,36,36,1.0
2025-12-09 11:32:32,Cong Hoa,Tan Binh,10.80223925742187,106.6478722259914,28,40,1.0
2025-12-09 11:32:41,Truong Son / Tan Son Nhat Blvd,Gan san bay,10.813928881466124,106.66511432455972,19,34,0.9986
2025-12-09 11:32:46,Nguyen Trai,Quan 5,10.755608615763382,106.67347943578082,16,27,1.0
2025-12-09 11:32:59,Le Duan,Quan 1,10.782680856341083,106.70051548181169,16,30,1.0
2025-12-09 11:33:12,Tran Hung Dao ,Quan 5,10.754895139302109,106.67839188181134,20,32,1.0
2025-12-09 11:33:26,Tran Quoc Thao,Quan 3,10.785070445194592,106.68331340921323,9,26,1.0
2025-12-09 11:33:28,Tran Hung Dao,Quan 5,10.7549373008113,106.67848844133415,20,32,1.0
2025-12-09 11:33:29,Cach Mang Thang 8 (CMT8),Quan 3,10.77898143649726,106.67684447140958,21,34,1.0
2025-12-09 11:33:45,Pham Ngu Lao / Bui Vien,Quan 1,10.767112828386699,106.6927618222887,11,19,1.0
2025-12-09 11:33:58,Nguyen Thi Minh Khai,Quan 3,10.77847212665258,106.69389510879643,29,41,1.0
2025-12-09 11:34:00,Nguyen Van Troi,Phu Nhuan,10.796057790235078,106.67492629345334,18,33,0.99784
2025-12-09 11:34:01,Pham Van Dong,Go Vap,10.835298215641501,106.72935479345391,34,42,0.998196
2025-12-09 11:34:04,Cong truong lam son,Quan 1,10.777562007197462,106.7041335430398,17,30,1.0
2025-12-09 11:34:14,Nguyen Oanh ,Go Vap,10.83886351241477,106.67566625482782,25,36,1.0
2025-12-09 11:34:29,Le Hong Phong,Quan 10,10.765187049751795,106.67550552599073,23,36,1.0
2025-12-09 11:34:31,Nguyen Van Cu,Quan 5,10.759484371982321,106.6840537511244,17,27,0.998939
2025-12-09 11:34:42,Nga tu Binh Phuoc,Ngoai o,10.865229381280965,106.72366973948475,37,49,1.0
2025-12-09 11:34:43,Phu My Hung ,Quan 7,10.72279213640514,106.72808623948244,25,37,1.0
2025-12-09 11:34:44,Nguyen Thai Son,Phu Nhuan,10.823400120373712,106.68551227436063,22,31,1.0
2025-12-09 11:34:45,An Duong Vuong,Quan 8,10.756158554057757,106.66631758181126,16,28,1.0
2025-12-09 11:34:54,Huynh Tan Phat,Nha Be,10.7144382088356,106.73711688366167,25,35,1.0
2025-12-09 11:34:55,Truong Chinh,Tan Binh ,10.817236653231737,106.63191539530457,20,34,1.0
2025-12-09 11:37:10,Cho Ben Thanh,Quan 1,10.772727584493625,106.69804225297563,12,22,0.967696
2025-12-09 11:37:11,Duong Nguyen Hue,Quan 1,10.774028664434528,106.70357076461706,21,28,1.0
2025-12-09 11:37:12,Nguyen Van Linh,Quan 7,10.752616652291238,106.72509685338922,30,39,1.0
2025-12-09 11:37:15,Vo Van Kiet,Quan 5,10.745754766198267,106.65326266831877,33,43,0.999762
2025-12-09 11:37:22,Xa lo Ha Noi,QL1A,10.94927106740351,106.87196348224562,28,41,1.0
2025-12-09 11:37:36,Duong Dien Bien Phu,Quan 1,10.78866360854368,106.69551372228901,33,42,1.0
2025-12-09 11:37:38,Nga tu Hang Xanh,Binh Thanh,10.801406421807085,106.71148440879679,33,42,1.0
2025-12-09 11:37:50,Nga tu An Suong,Hoc Mon,10.843150534972033,106.6151343241409,20,35,1.0
2025-12-09 11:38:02,Ben xe Mien Dong,Quan 9,10.880537767027526,106.81481342866444,39,53,1.0
2025-12-09 11:38:04,Ben xe Mien Tay,Binh Tan,10.740840166521663,106.61899246873142,27,36,1.0
2025-12-09 11:38:05,Cau Sai Gon,Quan 2 ,10.798986343749618,106.72697056646841,45,45,1.0
2025-12-09 11:38:09,Cau Phu My,Q2,10.741860769464234,106.73790365482627,44,44,1.0
2025-12-09 11:38:21,Cau Kenh Te,Q4,10.752408891679814,106.7022703818112,22,34,1.0
2025-12-09 11:38:34,Cau Thu Thiem,Quan 2,10.786216596454727,106.71836665482695,40,40,1.0
2025-12-09 11:38:46,Nguyen Huu Canh,Binh Thanh,10.78948793356203,106.71518838181179,36,36,1.0
2025-12-09 11:38:48,Cong Hoa,Tan Binh,10.80223925742187,106.6478722259914,27,40,1.0
2025-12-09 11:38:50,Truong Son / Tan Son Nhat Blvd,Gan san bay,10.813928881466124,106.66511432455972,20,34,0.99784
2025-12-09 11:38:51,Nguyen Trai,Quan 5,10.755608615763382,106.67347943578082,18,27,1.0
2025-12-09 11:39:00,Le Duan,Quan 1,10.782680856341083,106.70051548181169,17,30,1.0
2025-12-09 11:39:01,Tran Hung Dao ,Quan 5,10.754895139302109,106.67839188181134,20,33,1.0
2025-12-09 11:39:02,Tran Quoc Thao,Quan 3,10.785070445194592,106.68331340921323,13,27,1.0
2025-12-09 11:39:03,Tran Hung Dao,Quan 5,10.7549373008113,106.67848844133415,20,33,1.0
2025-12-09 11:39:13,Cach Mang Thang 8 (CMT8),Quan 3,10.77898143649726,106.67684447140958,21,34,1.0
2025-12-09 11:39:14,Pham Ngu Lao / Bui Vien,Quan 1,10.767112828386699,106.6927618222887,20,20,1.0
2025-12-09 11:39:15,Nguyen Thi Minh Khai,Quan 3,10.77847212665258,106.69389510879643,28,42,1.0
2025-12-09 11:39:17,Nguyen Van Troi,Phu Nhuan,10.796057790235078,106.67492629345334,19,33,0.99676
2025-12-09 11:39:25,Pham Van Dong,Go Vap,10.835298215641501,106.72935479345391,34,42,0.997672
2025-12-09 11:39:38,Cong truong lam son,Quan 1,10.777562007197462,106.7041335430398,17,30,1.0
2025-12-09 11:39:40,Nguyen Oanh ,Go Vap,10.83886351241477,106.67566625482782,28,36,0.997422
2025-12-09 11:39:41,Le Hong Phong,Quan 10,10.765187049751795,106.67550552599073,26,36,1.0
2025-12-09 11:39:42,Nguyen Van Cu,Quan 5,10.759484371982321,106.6840537511244,18,27,1.0
2025-12-09 11:39:53,Nga tu Binh Phuoc,Ngoai o,10.865229381280965,106.72366973948475,36,49,1.0
2025-12-09 11:40:06,Phu My Hung ,Quan 7,10.72279213640514,106.72808623948244,27,37,1.0
2025-12-09 11:40:07,Nguyen Thai Son,Phu Nhuan,10.823400120373712,106.68551227436063,24,32,1.0
2025-12-09 11:40:08,An Duong Vuong,Quan 8,10.756158554057757,106.66631758181126,17,28,1.0
2025-12-09 11:40:09,Huynh Tan Phat,Nha Be,10.7144382088356,106.73711688366167,25,35,1.0
2025-12-09 11:40:11,Truong Chinh,Tan Binh ,10.817236653231737,106.63191539530457,20,35,1.0
2025-12-09 11:42:24,Cho Ben Thanh,Quan 1,10.772727584493625,106.69804225297563,13,23,0.96757
2025-12-09 11:42:26,Duong Nguyen Hue,Quan 1,10.774028664434528,106.70357076461706,18,28,1.0
2025-12-09 11:42:27,Nguyen Van Linh,Quan 7,10.752616652291238,106.72509685338922,39,39,1.0
2025-12-09 11:42:29,Vo Van Kiet,Quan 5,10.745754766198267,106.65326266831877,36,42,0.999762
2025-12-09 11:42:37,Xa lo Ha Noi,QL1A,10.94927106740351,106.87196348224562,42,42,1.0
2025-12-09 11:42:49,Duong Dien Bien Phu,Quan 1,10.78866360854368,106.69551372228901,33,42,1.0
2025-12-09 11:42:51,Nga tu Hang Xanh,Binh Thanh,10.801406421807085,106.71148440879679,33,42,1.0
2025-12-09 11:42:51,Nga tu An Suong,Hoc Mon,10.843150534972033,106.6151343241409,21,35,1.0
2025-12-09 11:42:52,Ben xe Mien Dong,Quan 9,10.880537767027526,106.81481342866444,41,53,1.0
2025-12-09 11:42:55,Ben xe Mien Tay,Binh Tan,10.740840166521663,106.61899246873142,26,36,1.0
2025-12-09 11:43:03,Cau Sai Gon,Quan 2 ,10.798986343749618,106.72697056646841,45,45,1.0
2025-12-09 11:43:04,Cau Phu My,Q2,10.741860769464234,106.73790365482627,44,44,1.0
2025-12-09 11:43:05,Cau Kenh Te,Q4,10.752408891679814,106.7022703818112,23,34,1.0
2025-12-09 11:43:06,Cau Thu Thiem,Quan 2,10.786216596454727,106.71836665482695,40,40,1.0
2025-12-09 11:43:15,Nguyen Huu Canh,Binh Thanh,10.78948793356203,106.71518838181179,36,36,1.0
2025-12-09 11:43:17,Cong Hoa,Tan Binh,10.80223925742187,106.6478722259914,23,41,1.0
2025-12-09 11:43:21,Truong Son / Tan Son Nhat Blvd,Gan san bay,10.813928881466124,106.66511432455972,18,33,0.998597
2025-12-09 11:43:28,Nguyen Trai,Quan 5,10.755608615763382,106.67347943578082,17,26,0.998954
2025-12-09 11:43:29,Le Duan,Quan 1,10.782680856341083,106.70051548181169,17,30,1.0
2025-12-09 11:43:31,Tran Hung Dao ,Quan 5,10.754895139302109,106.67839188181134,20,32,1.0
2025-12-09 11:43:33,Tran Quoc Thao,Quan 3,10.785070445194592,106.68331340921323,14,27,1.0
2025-12-09 11:43:41,Tran Hung Dao,Quan 5,10.7549373008113,106.67848844133415,20,32,1.0
2025-12-09 11:43:43,Cach Mang Thang 8 (CMT8),Quan 3,10.77898143649726,106.67684447140958,21,34,1.0
2025-12-09 11:43:45,Pham Ngu Lao / Bui Vien,Quan 1,10.767112828386699,106.6927618222887,11,20,1.0
2025-12-09 11:43:53,Nguyen Thi Minh Khai,Quan 3,10.77847212665258,106.69389510879643,28,41,1.0
2025-12-09 11:43:56,Nguyen Van Troi,Phu Nhuan,10.796057790235078,106.67492629345334,18,34,0.998
2025-12-09 11:43:57,Pham Van Dong,Go Vap,10.835298215641501,106.72935479345391,34,42,0.998012
2025-12-09 11:44:06,Cong truong lam son,Quan 1,10.777562007197462,106.7041335430398,18,30,1.0
2025-12-09 11:44:18,Nguyen Oanh ,Go Vap,10.83886351241477,106.67566625482782,26,36,1.0
2025-12-09 11:44:20,Le Hong Phong,Quan 10,10.765187049751795,106.67550552599073,22,35,1.0
2025-12-09 11:44:22,Nguyen Van Cu,Quan 5,10.759484371982321,106.6840537511244,17,28,1.0
2025-12-09 11:44:31,Nga tu Binh Phuoc,Ngoai o,10.865229381280965,106.72366973948475,35,49,1.0
2025-12-09 11:44:43,Phu My Hung ,Quan 7,10.72279213640514,106.72808623948244,27,37,0.999485
2025-12-09 11:44:45,Nguyen Thai Son,Phu Nhuan,10.823400120373712,106.68551227436063,32,32,1.0
2025-12-09 11:44:46,An Duong Vuong,Quan 8,10.756158554057757,106.66631758181126,21,29,1.0
2025-12-09 11:44:50,Huynh Tan Phat,Nha Be,10.7144382088356,106.73711688366167,25,35,1.0
2025-12-09 11:44:57,Truong Chinh,Tan Binh ,10.817236653231737,106.63191539530457,19,35,1.0
2025-12-09 11:47:10,Cho Ben Thanh,Quan 1,10.772727584493625,106.69804225297563,13,22,0.966523
2025-12-09 11:47:11,Duong Nguyen Hue,Quan 1,10.774028664434528,106.70357076461706,22,28,1.0
2025-12-09 11:47:12,Nguyen Van Linh,Quan 7,10.752616652291238,106.72509685338922,39,39,1.0
2025-12-09 11:47:12,Vo Van Kiet,Quan 5,10.745754766198267,106.65326266831877,35,42,1.0
2025-12-09 11:47:13,Xa lo Ha Noi,QL1A,10.94927106740351,106.87196348224562,30,42,1.0
2025-12-09 11:47:22,Duong Dien Bien Phu,Quan 1,10.78866360854368,106.69551372228901,34,42,1.0
2025-12-09 11:47:34,Nga tu Hang Xanh,Binh Thanh,10.801406421807085,106.71148440879679,34,42,1.0
2025-12-09 11:47:35,Nga tu An Suong,Hoc Mon,10.843150534972033,106.6151343241409,20,35,1.0
2025-12-09 11:47:37,Ben xe Mien Dong,Quan 9,10.880537767027526,106.81481342866444,40,52,1.0
2025-12-09 11:47:38,Ben xe Mien Tay,Binh Tan,10.740840166521663,106.61899246873142,26,35,1.0
2025-12-09 11:47:39,Cau Sai Gon,Quan 2 ,10.798986343749618,106.72697056646841,45,45,1.0
2025-12-09 11:47:47,Cau Phu My,Q2,10.741860769464234,106.73790365482627,38,44,1.0
2025-12-09 11:48:00,Cau Kenh Te,Q4,10.752408891679814,106.7022703818112,24,34,1.0
2025-12-09 11:48:01,Cau Thu Thiem,Quan 2,10.786216596454727,106.71836665482695,40,40,1.0
2025-12-09 11:48:02,Nguyen Huu Canh,Binh Thanh,10.78948793356203,106.71518838181179,36,36,1.0
2025-12-09 11:48:03,Cong Hoa,Tan Binh,10.80223925742187,106.6478722259914,26,40,1.0
2025-12-09 11:48:04,Truong Son / Tan Son Nhat Blvd,Gan san bay,10.813928881466124,106.66511432455972,19,34,0.998577
2025-12-09 11:48:12,Nguyen Trai,Quan 5,10.755608615763382,106.67347943578082,16,27,1.0
2025-12-09 11:48:25,Le Duan,Quan 1,10.782680856341083,106.70051548181169,17,30,1.0
2025-12-09 11:48:26,Tran Hung Dao ,Quan 5,10.754895139302109,106.67839188181134,21,32,1.0
2025-12-09 11:48:27,Tran Quoc Thao,Quan 3,10.785070445194592,106.68331340921323,15,27,1.0
2025-12-09 11:48:29,Tran Hung Dao,Quan 5,10.7549373008113,106.67848844133415,21,32,1.0
2025-12-09 11:48:31,Cach Mang Thang 8 (CMT8),Quan 3,10.77898143649726,106.67684447140958,20,34,1.0
2025-12-09 11:48:38,Pham Ngu Lao / Bui Vien,Quan 1,10.767112828386699,106.6927618222887,20,20,1.0
2025-12-09 11:48:40,Nguyen Thi Minh Khai,Quan 3,10.77847212665258,106.69389510879643,28,41,1.0
2025-12-09 11:48:41,Nguyen Van Troi,Phu Nhuan,10.796057790235078,106.67492629345334,18,33,0.998805
2025-12-09 11:48:42,Pham Van Dong,Go Vap,10.835298215641501,106.72935479345391,35,42,0.997483
2025-12-09 11:48:50,Cong truong lam son,Quan 1,10.777562007197462,106.7041335430398,17,30,1.0
2025-12-09 11:48:51,Nguyen Oanh ,Go Vap,10.83886351241477,106.67566625482782,26,35,1.0
2025-12-09 11:48:52,Le Hong Phong,Quan 10,10.765187049751795,106.67550552599073,27,36,1.0
2025-12-09 11:48:53,Nguyen Van Cu,Quan 5,10.759484371982321,106.6840537511244,15,26,0.998954
2025-12-09 11:48:58,Nga tu Binh Phuoc,Ngoai o,10.865229381280965,106.72366973948475,34,48,1.0
2025-12-09 11:49:03,Phu My Hung ,Quan 7,10.72279213640514,106.72808623948244,26,37,0.999025
2025-12-09 11:49:06,Nguyen Thai Son,Phu Nhuan,10.823400120373712,106.68551227436063,32,32,1.0
2025-12-09 11:49:07,An Duong Vuong,Quan 8,10.756158554057757,106.66631758181126,19,29,1.0
2025-12-09 11:49:16,Huynh Tan Phat,Nha Be,10.7144382088356,106.73711688366167,25,35,1.0
2025-12-09 11:49:17,Truong Chinh,Tan Binh ,10.817236653231737,106.63191539530457,21,35,1.0
2025-12-09 11:51:29,Cho Ben Thanh,Quan 1,10.772727584493625,106.69804225297563,13,22,0.967696
2025-12-09 11:51:30,Duong Nguyen Hue,Quan 1,10.774028664434528,106.70357076461706,22,28,1.0
2025-12-09 11:51:31,Nguyen Van Linh,Quan 7,10.752616652291238,106.72509685338922,39,39,1.0
2025-12-09 11:51:32,Vo Van Kiet,Quan 5,10.745754766198267,106.65326266831877,34,43,1.0
2025-12-09 11:51:33,Xa lo Ha Noi,QL1A,10.94927106740351,106.87196348224562,32,42,1.0
2025-12-09 11:51:34,Duong Dien Bien Phu,Quan 1,10.78866360854368,106.69551372228901,34,42,1.0
2025-12-09 11:51:41,Nga tu Hang Xanh,Binh Thanh,10.801406421807085,106.71148440879679,34,42,1.0
2025-12-09 11:51:54,Nga tu An Suong,Hoc Mon,10.843150534972033,106.6151343241409,21,35,1.0
2025-12-09 11:51:54,Ben xe Mien Dong,Quan 9,10.880537767027526,106.81481342866444,40,53,1.0
2025-12-09 11:51:55,Ben xe Mien Tay,Binh Tan,10.740840166521663,106.61899246873142,26,35,1.0
2025-12-09 11:51:56,Cau Sai Gon,Quan 2 ,10.798986343749618,106.72697056646841,45,45,1.0
2025-12-09 11:51:57,Cau Phu My,Q2,10.741860769464234,106.73790365482627,44,44,1.0
2025-12-09 11:51:58,Cau Kenh Te,Q4,10.752408891679814,106.7022703818112,22,34,1.0
2025-12-09 11:52:06,Cau Thu Thiem,Quan 2,10.786216596454727,106.71836665482695,40,40,1.0
2025-12-09 11:52:07,Nguyen Huu Canh,Binh Thanh,10.78948793356203,106.71518838181179,36,36,1.0
2025-12-09 11:52:08,Cong Hoa,Tan Binh,10.80223925742187,106.6478722259914,27,41,1.0
2025-12-09 11:52:09,Truong Son / Tan Son Nhat Blvd,Gan san bay,10.813928881466124,106.66511432455972,18,34,0.998669
2025-12-09 11:52:10,Nguyen Trai,Quan 5,10.755608615763382,106.67347943578082,18,27,0.998947
2025-12-09 11:53:37,Le Duan,Quan 1,10.782680856341083,106.70051548181169,19,30,1.0
2025-12-09 11:53:49,Tran Hung Dao ,Quan 5,10.754895139302109,106.67839188181134,19,32,1.0
2025-12-09 11:54:13,Tran Quoc Thao,Quan 3,10.785070445194592,106.68331340921323,16,27,1.0
2025-12-09 11:54:55,Tran Hung Dao,Quan 5,10.7549373008113,106.67848844133415,19,33,1.0
2025-12-09 11:55:12,Cach Mang Thang 8 (CMT8),Quan 3,10.77898143649726,106.67684447140958,21,34,1.0
2025-12-09 11:55:27,Pham Ngu Lao / Bui Vien,Quan 1,10.767112828386699,106.6927618222887,10,20,1.0
2025-12-09 11:55:28,Nguyen Thi Minh Khai,Quan 3,10.77847212665258,106.69389510879643,28,41,1.0
2025-12-09 11:55:29,Nguyen Van Troi,Phu Nhuan,10.796057790235078,106.67492629345334,18,34,0.999513
2025-12-09 11:55:31,Pham Van Dong,Go Vap,10.835298215641501,106.72935479345391,33,42,0.996926
2025-12-09 11:55:43,Cong truong lam son,Quan 1,10.777562007197462,106.7041335430398,18,30,1.0
2025-12-09 11:55:59,Nguyen Oanh ,Go Vap,10.83886351241477,106.67566625482782,27,36,1.0
2025-12-09 11:56:00,Le Hong Phong,Quan 10,10.765187049751795,106.67550552599073,25,35,1.0
2025-12-09 11:56:05,Nguyen Van Cu,Quan 5,10.759484371982321,106.6840537511244,19,27,0.998951
2025-12-09 11:56:07,Nga tu Binh Phuoc,Ngoai o,10.865229381280965,106.72366973948475,36,49,1.0
2025-12-09 11:56:11,Phu My Hung ,Quan 7,10.72279213640514,106.72808623948244,27,36,0.998878
2025-12-09 11:56:12,Nguyen Thai Son,Phu Nhuan,10.823400120373712,106.68551227436063,22,31,1.0
2025-12-09 11:56:17,An Duong Vuong,Quan 8,10.756158554057757,106.66631758181126,22,28,1.0
2025-12-09 11:56:35,Huynh Tan Phat,Nha Be,10.7144382088356,106.73711688366167,26,35,1.0
2025-12-09 11:56:53,Truong Chinh,Tan Binh ,10.817236653231737,106.63191539530457,20,34,1.0
2025-12-09 11:59:06,Cho Ben Thanh,Quan 1,10.772727584493625,106.69804225297563,14,22,0.968292
2025-12-09 11:59:08,Duong Nguyen Hue,Quan 1,10.774028664434528,106.70357076461706,16,27,1.0
2025-12-09 11:59:09,Nguyen Van Linh,Quan 7,10.752616652291238,106.72509685338922,39,39,1.0
2025-12-09 11:59:14,Vo Van Kiet,Quan 5,10.745754766198267,106.65326266831877,35,43,1.0
2025-12-09 11:59:25,Xa lo Ha Noi,QL1A,10.94927106740351,106.87196348224562,28,42,1.0
2025-12-09 12:00:12,Duong Dien Bien Phu,Quan 1,10.78866360854368,106.69551372228901,34,42,1.0
2025-12-09 12:00:15,Nga tu Hang Xanh,Binh Thanh,10.801406421807085,106.71148440879679,34,42,1.0
2025-12-09 12:00:16,Nga tu An Suong,Hoc Mon,10.843150534972033,106.6151343241409,20,35,1.0
2025-12-09 12:00:26,Ben xe Mien Dong,Quan 9,10.880537767027526,106.81481342866444,41,53,1.0
2025-12-09 12:00:40,Ben xe Mien Tay,Binh Tan,10.740840166521663,106.61899246873142,27,35,1.0
2025-12-09 12:00:41,Cau Sai Gon,Quan 2 ,10.798986343749618,106.72697056646841,45,45,1.0
2025-12-09 12:00:44,Cau Phu My,Q2,10.741860769464234,106.73790365482627,44,44,1.0
2025-12-09 12:00:54,Cau Kenh Te,Q4,10.752408891679814,106.7022703818112,23,33,1.0
2025-12-09 12:01:04,Cau Thu Thiem,Quan 2,10.786216596454727,106.71836665482695,34,40,1.0
2025-12-09 12:03:36,Cong Hoa,Tan Binh,10.80223925742187,106.6478722259914,30,39,1.0
2025-12-09 12:03:37,Truong Son / Tan Son Nhat Blvd,Gan san bay,10.813928881466124,106.66511432455972,21,34,1.0
2025-12-09 12:03:39,Nguyen Trai,Quan 5,10.755608615763382,106.67347943578082,19,27,0.997975
2025-12-09 12:03:56,Le Duan,Quan 1,10.782680856341083,106.70051548181169,17,30,1.0
2025-12-09 12:04:12,Tran Hung Dao ,Quan 5,10.754895139302109,106.67839188181134,23,33,1.0
2025-12-09 12:04:14,Tran Quoc Thao,Quan 3,10.785070445194592,106.68331340921323,16,27,1.0
2025-12-09 12:04:27,Tran Hung Dao,Quan 5,10.7549373008113,106.67848844133415,23,33,1.0
2025-12-09 12:05:15,Cach Mang Thang 8 (CMT8),Quan 3,10.77898143649726,106.67684447140958,22,34,1.0
2025-12-09 12:05:22,Pham Ngu Lao / Bui Vien,Quan 1,10.767112828386699,106.6927618222887,20,20,1.0
2025-12-09 12:05:42,Nguyen Thi Minh Khai,Quan 3,10.77847212665258,106.69389510879643,29,41,1.0
2025-12-09 12:10:32,Cong truong lam son,Quan 1,10.777562007197462,106.7041335430398,18,30,1.0
2025-12-09 12:12:35,Nguyen Oanh ,Go Vap,10.83886351241477,106.67566625482782,27,36,1.0
2025-12-09 12:12:51,Le Hong Phong,Quan 10,10.765187049751795,106.67550552599073,26,35,1.0
2025-12-09 12:13:18,Nguyen Van Cu,Quan 5,10.759484371982321,106.6840537511244,19,27,0.998947
2025-12-09 12:13:37,Nga tu Binh Phuoc,Ngoai o,10.865229381280965,106.72366973948475,37,49,1.0
2025-12-09 12:14:30,Phu My Hung ,Quan 7,10.72279213640514,106.72808623948244,26,37,0.999301
2025-12-09 12:14:33,Nguyen Thai Son,Phu Nhuan,10.823400120373712,106.68551227436063,32,32,1.0
2025-12-09 12:14:48,An Duong Vuong,Quan 8,10.756158554057757,106.66631758181126,20,28,1.0
2025-12-09 12:14:49,Huynh Tan Phat,Nha Be,10.7144382088356,106.73711688366167,27,35,1.0
2025-12-09 12:14:56,Truong Chinh,Tan Binh ,10.817236653231737,106.63191539530457,21,34,1.0
2025-12-09 12:17:15,Cho Ben Thanh,Quan 1,10.772727584493625,106.69804225297563,13,22,0.966461
2025-12-09 12:17:29,Duong Nguyen Hue,Quan 1,10.774028664434528,106.70357076461706,12,28,1.0
2025-12-09 12:17:32,Nguyen Van Linh,Quan 7,10.752616652291238,106.72509685338922,29,40,1.0
2025-12-09 12:17:33,Vo Van Kiet,Quan 5,10.745754766198267,106.65326266831877,35,43,0.999762
2025-12-09 12:17:34,Xa lo Ha Noi,QL1A,10.94927106740351,106.87196348224562,28,42,1.0
2025-12-09 12:17:42,Duong Dien Bien Phu,Quan 1,10.78866360854368,106.69551372228901,32,41,1.0
2025-12-09 12:17:46,Nga tu Hang Xanh,Binh Thanh,10.801406421807085,106.71148440879679,32,41,1.0
2025-12-09 12:17:55,Nga tu An Suong,Hoc Mon,10.843150534972033,106.6151343241409,22,34,1.0
2025-12-09 12:17:59,Ben xe Mien Dong,Quan 9,10.880537767027526,106.81481342866444,39,53,1.0
2025-12-09 12:18:14,Ben xe Mien Tay,Binh Tan,10.740840166521663,106.61899246873142,29,36,1.0
2025-12-09 12:18:33,Cau Sai Gon,Quan 2 ,10.798986343749618,106.72697056646841,45,45,1.0
2025-12-09 12:18:52,Cau Phu My,Q2,10.741860769464234,106.73790365482627,44,44,1.0
2025-12-09 12:19:08,Cau Kenh Te,Q4,10.752408891679814,106.7022703818112,25,33,1.0
2025-12-09 12:19:17,Cau Thu Thiem,Quan 2,10.786216596454727,106.71836665482695,40,40,1.0
2025-12-09 12:19:34,Nguyen Huu Canh,Binh Thanh,10.78948793356203,106.71518838181179,36,36,1.0
2025-12-09 12:19:57,Cong Hoa,Tan Binh,10.80223925742187,106.6478722259914,29,41,1.0
2025-12-09 12:20:16,Truong Son / Tan Son Nhat Blvd,Gan san bay,10.813928881466124,106.66511432455972,22,34,0.998455
2025-12-09 12:21:20,Nguyen Trai,Quan 5,10.755608615763382,106.67347943578082,19,27,1.0
2025-12-09 12:24:40,Tran Hung Dao ,Quan 5,10.754895139302109,106.67839188181134,22,33,1.0
2025-12-09 12:25:35,Tran Quoc Thao,Quan 3,10.785070445194592,106.68331340921323,13,27,1.0
2025-12-09 12:25:48,Tran Hung Dao,Quan 5,10.7549373008113,106.67848844133415,22,33,1.0
2025-12-09 12:25:51,Cach Mang Thang 8 (CMT8),Quan 3,10.77898143649726,106.67684447140958,22,34,1.0
2025-12-09 12:25:52,Pham Ngu Lao / Bui Vien,Quan 1,10.767112828386699,106.6927618222887,11,19,1.0
2025-12-09 12:26:01,Nguyen Thi Minh Khai,Quan 3,10.77847212665258,106.69389510879643,30,41,1.0
2025-12-09 12:26:03,Nguyen Van Troi,Phu Nhuan,10.796057790235078,106.67492629345334,22,34,0.997907
2025-12-09 12:26:04,Pham Van Dong,Go Vap,10.835298215641501,106.72935479345391,42,42,1.0
2025-12-09 12:26:05,Cong truong lam son,Quan 1,10.777562007197462,106.7041335430398,18,30,1.0
2025-12-09 12:26:14,Nguyen Oanh ,Go Vap,10.83886351241477,106.67566625482782,28,36,0.999221
2025-12-09 12:26:15,Le Hong Phong,Quan 10,10.765187049751795,106.67550552599073,26,36,1.0
2025-12-09 12:26:16,Nguyen Van Cu,Quan 5,10.759484371982321,106.6840537511244,16,26,1.0
2025-12-09 12:26:17,Nga tu Binh Phuoc,Ngoai o,10.865229381280965,106.72366973948475,36,49,1.0
2025-12-09 12:26:18,Phu My Hung ,Quan 7,10.72279213640514,106.72808623948244,29,37,1.0
2025-12-09 12:26:19,Nguyen Thai Son,Phu Nhuan,10.823400120373712,106.68551227436063,22,32,1.0
2025-12-09 12:26:28,An Duong Vuong,Quan 8,10.756158554057757,106.66631758181126,20,29,1.0
2025-12-09 12:26:42,Huynh Tan Phat,Nha Be,10.7144382088356,106.73711688366167,27,35,1.0
2025-12-09 12:26:44,Truong Chinh,Tan Binh ,10.817236653231737,106.63191539530457,21,34,1.0
2025-12-09 12:29:08,Cho Ben Thanh,Quan 1,10.772727584493625,106.69804225297563,15,23,0.967696
2025-12-09 12:29:57,Duong Nguyen Hue,Quan 1,10.774028664434528,106.70357076461706,17,28,1.0
2025-12-09 12:29:59,Nguyen Van Linh,Quan 7,10.752616652291238,106.72509685338922,39,39,1.0
2025-12-09 12:30:12,Vo Van Kiet,Quan 5,10.745754766198267,106.65326266831877,35,42,0.999762
2025-12-09 12:30:14,Xa lo Ha Noi,QL1A,10.94927106740351,106.87196348224562,25,41,1.0
2025-12-09 12:30:15,Duong Dien Bien Phu,Quan 1,10.78866360854368,106.69551372228901,34,41,1.0
2025-12-09 12:30:25,Nga tu Hang Xanh,Binh Thanh,10.801406421807085,106.71148440879679,34,42,1.0
2025-12-09 12:30:32,Nga tu An Suong,Hoc Mon,10.843150534972033,106.6151343241409,21,34,1.0
2025-12-09 12:30:39,Ben xe Mien Dong,Quan 9,10.880537767027526,106.81481342866444,42,53,1.0
2025-12-09 12:30:39,Ben xe Mien Tay,Binh Tan,10.740840166521663,106.61899246873142,28,35,1.0
2025-12-09 12:30:43,Cau Sai Gon,Quan 2 ,10.798986343749618,106.72697056646841,45,45,1.0
2025-12-09 12:30:57,Cau Phu My,Q2,10.741860769464234,106.73790365482627,44,44,1.0
2025-12-09 12:31:10,Cau Kenh Te,Q4,10.752408891679814,106.7022703818112,25,34,1.0
2025-12-09 12:31:11,Cau Thu Thiem,Quan 2,10.786216596454727,106.71836665482695,40,40,1.0
2025-12-09 12:31:12,Nguyen Huu Canh,Binh Thanh,10.78948793356203,106.71518838181179,36,36,1.0
2025-12-09 12:31:14,Cong Hoa,Tan Binh,10.80223925742187,106.6478722259914,26,40,1.0
2025-12-09 12:31:23,Truong Son / Tan Son Nhat Blvd,Gan san bay,10.813928881466124,106.66511432455972,21,33,0.997472
2025-12-09 12:31:24,Nguyen Trai,Quan 5,10.755608615763382,106.67347943578082,19,27,0.998951
2025-12-09 12:31:25,Le Duan,Quan 1,10.782680856341083,106.70051548181169,18,30,1.0
2025-12-09 12:31:26,Tran Hung Dao ,Quan 5,10.754895139302109,106.67839188181134,24,33,1.0
2025-12-09 12:31:27,Tran Quoc Thao,Quan 3,10.785070445194592,106.68331340921323,16,27,1.0
2025-12-09 12:31:28,Tran Hung Dao,Quan 5,10.7549373008113,106.67848844133415,24,33,1.0
2025-12-09 12:31:41,Cach Mang Thang 8 (CMT8),Quan 3,10.77898143649726,106.67684447140958,23,34,1.0
2025-12-09 12:31:54,Pham Ngu Lao / Bui Vien,Quan 1,10.767112828386699,106.6927618222887,15,19,1.0
2025-12-09 12:32:06,Nguyen Thi Minh Khai,Quan 3,10.77847212665258,106.69389510879643,30,41,1.0
2025-12-09 12:32:07,Nguyen Van Troi,Phu Nhuan,10.796057790235078,106.67492629345334,22,33,1.0
2025-12-09 12:32:08,Pham Van Dong,Go Vap,10.835298215641501,106.72935479345391,35,42,0.998323
2025-12-09 12:32:09,Cong truong lam son,Quan 1,10.777562007197462,106.7041335430398,19,30,1.0
2025-12-09 12:32:10,Nguyen Oanh ,Go Vap,10.83886351241477,106.67566625482782,28,36,0.99922
2025-12-09 12:32:12,Le Hong Phong,Quan 10,10.765187049751795,106.67550552599073,24,36,1.0
2025-12-09 12:32:26,Nguyen Van Cu,Quan 5,10.759484371982321,106.6840537511244,21,28,1.0
2025-12-09 12:32:38,Nga tu Binh Phuoc,Ngoai o,10.865229381280965,106.72366973948475,36,49,1.0
2025-12-09 12:32:40,Phu My Hung ,Quan 7,10.72279213640514,106.72808623948244,29,37,1.0
2025-12-09 12:32:44,Nguyen Thai Son,Phu Nhuan,10.823400120373712,106.68551227436063,24,31,1.0
2025-12-09 12:32:50,An Duong Vuong,Quan 8,10.756158554057757,106.66631758181126,19,29,1.0
2025-12-09 12:33:03,Huynh Tan Phat,Nha Be,10.7144382088356,106.73711688366167,28,35,1.0
2025-12-09 12:33:04,Truong Chinh,Tan Binh ,10.817236653231737,106.63191539530457,22,34,1.0
2025-12-09 12:35:17,Cho Ben Thanh,Quan 1,10.772727584493625,106.69804225297563,13,22,0.968292
2025-12-09 12:35:18,Duong Nguyen Hue,Quan 1,10.774028664434528,106.70357076461706,28,28,1.0
2025-12-09 12:35:22,Nguyen Van Linh,Quan 7,10.752616652291238,106.72509685338922,39,39,1.0
2025-12-09 12:35:30,Vo Van Kiet,Quan 5,10.745754766198267,106.65326266831877,36,43,0.999762
2025-12-09 12:35:42,Xa lo Ha Noi,QL1A,10.94927106740351,106.87196348224562,42,42,1.0
2025-12-09 12:35:45,Duong Dien Bien Phu,Quan 1,10.78866360854368,106.69551372228901,34,41,1.0
2025-12-09 12:35:48,Nga tu Hang Xanh,Binh Thanh,10.801406421807085,106.71148440879679,34,41,1.0
2025-12-09 12:35:56,Nga tu An Suong,Hoc Mon,10.843150534972033,106.6151343241409,22,34,1.0
2025-12-09 12:35:58,Ben xe Mien Dong,Quan 9,10.880537767027526,106.81481342866444,41,53,1.0
2025-12-09 12:35:59,Ben xe Mien Tay,Binh Tan,10.740840166521663,106.61899246873142,27,35,1.0
2025-12-09 12:36:00,Cau Sai Gon,Quan 2 ,10.798986343749618,106.72697056646841,45,45,1.0
2025-12-09 12:36:10,Cau Phu My,Q2,10.741860769464234,106.73790365482627,44,44,1.0
2025-12-09 12:36:13,Cau Kenh Te,Q4,10.752408891679814,106.7022703818112,26,34,1.0
2025-12-09 12:36:14,Cau Thu Thiem,Quan 2,10.786216596454727,106.71836665482695,40,40,1.0
2025-12-09 12:36:23,Nguyen Huu Canh,Binh Thanh,10.78948793356203,106.71518838181179,36,36,1.0
2025-12-09 12:36:26,Cong Hoa,Tan Binh,10.80223925742187,106.6478722259914,29,41,1.0
2025-12-09 12:36:27,Truong Son / Tan Son Nhat Blvd,Gan san bay,10.813928881466124,106.66511432455972,22,34,1.0
2025-12-09 12:36:40,Nguyen Trai,Quan 5,10.755608615763382,106.67347943578082,17,27,1.0
2025-12-09 12:36:52,Le Duan,Quan 1,10.782680856341083,106.70051548181169,19,30,1.0
2025-12-09 12:36:53,Tran Hung Dao ,Quan 5,10.754895139302109,106.67839188181134,22,32,1.0
2025-12-09 12:36:54,Tran Quoc Thao,Quan 3,10.785070445194592,106.68331340921323,13,27,1.0
2025-12-09 12:36:57,Tran Hung Dao,Quan 5,10.7549373008113,106.67848844133415,22,32,1.0
2025-12-09 12:37:05,Cach Mang Thang 8 (CMT8),Quan 3,10.77898143649726,106.67684447140958,22,34,1.0
2025-12-09 12:37:18,Pham Ngu Lao / Bui Vien,Quan 1,10.767112828386699,106.6927618222887,12,19,1.0
2025-12-09 12:37:25,Nguyen Thi Minh Khai,Quan 3,10.77847212665258,106.69389510879643,31,41,1.0
2025-12-09 12:37:31,Nguyen Van Troi,Phu Nhuan,10.796057790235078,106.67492629345334,22,33,0.998954
2025-12-09 12:37:32,Pham Van Dong,Go Vap,10.835298215641501,106.72935479345391,35,42,0.997842
2025-12-09 12:37:33,Cong truong lam son,Quan 1,10.777562007197462,106.7041335430398,20,30,1.0
2025-12-09 12:37:34,Nguyen Oanh ,Go Vap,10.83886351241477,106.67566625482782,28,36,0.998436
2025-12-09 12:37:37,Le Hong Phong,Quan 10,10.765187049751795,106.67550552599073,25,36,1.0
2025-12-09 12:37:46,Nguyen Van Cu,Quan 5,10.759484371982321,106.6840537511244,16,27,1.0
2025-12-09 12:37:59,Nga tu Binh Phuoc,Ngoai o,10.865229381280965,106.72366973948475,36,49,1.0
2025-12-09 12:38:13,Phu My Hung ,Quan 7,10.72279213640514,106.72808623948244,28,37,0.998015
2025-12-09 12:38:14,Nguyen Thai Son,Phu Nhuan,10.823400120373712,106.68551227436063,32,32,1.0
2025-12-09 12:38:16,An Duong Vuong,Quan 8,10.756158554057757,106.66631758181126,17,29,1.0
2025-12-09 12:39:05,Huynh Tan Phat,Nha Be,10.7144382088356,106.73711688366167,29,35,1.0
2025-12-09 12:39:50,Truong Chinh,Tan Binh ,10.817236653231737,106.63191539530457,23,34,1.0
2025-12-09 12:42:03,Cho Ben Thanh,Quan 1,10.772727584493625,106.69804225297563,14,22,0.967696
2025-12-09 12:42:06,Duong Nguyen Hue,Quan 1,10.774028664434528,106.70357076461706,16,28,1.0
2025-12-09 12:42:07,Nguyen Van Linh,Quan 7,10.752616652291238,106.72509685338922,39,39,1.0
2025-12-09 12:42:09,Vo Van Kiet,Quan 5,10.745754766198267,106.65326266831877,42,42,1.0
2025-12-09 12:42:15,Xa lo Ha Noi,QL1A,10.94927106740351,106.87196348224562,42,42,1.0
2025-12-09 12:42:28,Duong Dien Bien Phu,Quan 1,10.78866360854368,106.69551372228901,35,41,1.0
2025-12-09 12:42:30,Nga tu Hang Xanh,Binh Thanh,10.801406421807085,106.71148440879679,35,41,1.0
2025-12-09 12:42:32,Nga tu An Suong,Hoc Mon,10.843150534972033,106.6151343241409,22,35,1.0
2025-12-09 12:42:41,Ben xe Mien Dong,Quan 9,10.880537767027526,106.81481342866444,40,53,1.0
2025-12-09 12:42:43,Ben xe Mien Tay,Binh Tan,10.740840166521663,106.61899246873142,25,35,1.0
2025-12-09 12:42:53,Cau Sai Gon,Quan 2 ,10.798986343749618,106.72697056646841,45,45,1.0
2025-12-09 12:43:06,Cau Phu My,Q2,10.741860769464234,106.73790365482627,44,44,1.0
2025-12-09 12:43:08,Cau Kenh Te,Q4,10.752408891679814,106.7022703818112,25,33,1.0
2025-12-09 12:43:09,Cau Thu Thiem,Quan 2,10.786216596454727,106.71836665482695,40,40,1.0
2025-12-09 12:43:10,Nguyen Huu Canh,Binh Thanh,10.78948793356203,106.71518838181179,36,36,1.0
2025-12-09 12:43:18,Cong Hoa,Tan Binh,10.80223925742187,106.6478722259914,28,40,1.0
2025-12-09 12:43:32,Truong Son / Tan Son Nhat Blvd,Gan san bay,10.813928881466124,106.66511432455972,22,33,0.998691
2025-12-09 12:43:33,Nguyen Trai,Quan 5,10.755608615763382,106.67347943578082,20,28,1.0
2025-12-09 12:43:40,Le Duan,Quan 1,10.782680856341083,106.70051548181169,20,30,1.0
2025-12-09 12:43:49,Tran Hung Dao ,Quan 5,10.754895139302109,106.67839188181134,23,32,1.0
2025-12-09 12:44:01,Tran Quoc Thao,Quan 3,10.785070445194592,106.68331340921323,13,27,1.0
2025-12-09 12:44:02,Tran Hung Dao,Quan 5,10.7549373008113,106.67848844133415,23,32,1.0
2025-12-09 12:44:04,Cach Mang Thang 8 (CMT8),Quan 3,10.77898143649726,106.67684447140958,21,33,1.0
2025-12-09 12:44:08,Pham Ngu Lao / Bui Vien,Quan 1,10.767112828386699,106.6927618222887,12,20,1.0
2025-12-09 12:44:14,Nguyen Thi Minh Khai,Quan 3,10.77847212665258,106.69389510879643,30,41,1.0
2025-12-09 12:44:26,Nguyen Van Troi,Phu Nhuan,10.796057790235078,106.67492629345334,22,34,0.998691
2025-12-09 12:44:27,Pham Van Dong,Go Vap,10.835298215641501,106.72935479345391,35,42,0.997303
2025-12-09 12:44:28,Cong truong lam son,Quan 1,10.777562007197462,106.7041335430398,20,30,1.0
2025-12-09 12:44:30,Nguyen Oanh ,Go Vap,10.83886351241477,106.67566625482782,28,36,1.0
2025-12-09 12:44:31,Le Hong Phong,Quan 10,10.765187049751795,106.67550552599073,24,36,1.0
2025-12-09 12:44:39,Nguyen Van Cu,Quan 5,10.759484371982321,106.6840537511244,21,28,1.0
2025-12-09 12:44:52,Nga tu Binh Phuoc,Ngoai o,10.865229381280965,106.72366973948475,37,49,1.0
2025-12-09 12:44:54,Phu My Hung ,Quan 7,10.72279213640514,106.72808623948244,28,37,0.997777
2025-12-09 12:44:56,Nguyen Thai Son,Phu Nhuan,10.823400120373712,106.68551227436063,32,32,1.0
2025-12-09 12:45:04,An Duong Vuong,Quan 8,10.756158554057757,106.66631758181126,20,28,1.0
2025-12-09 12:45:06,Huynh Tan Phat,Nha Be,10.7144382088356,106.73711688366167,28,35,1.0
2025-12-09 12:45:07,Truong Chinh,Tan Binh ,10.817236653231737,106.63191539530457,21,35,1.0
2025-12-09 12:47:19,Cho Ben Thanh,Quan 1,10.772727584493625,106.69804225297563,16,22,0.967696
2025-12-09 12:47:20,Duong Nguyen Hue,Quan 1,10.774028664434528,106.70357076461706,17,28,1.0
2025-12-09 12:47:21,Nguyen Van Linh,Quan 7,10.752616652291238,106.72509685338922,39,39,1.0
2025-12-09 12:47:22,Vo Van Kiet,Quan 5,10.745754766198267,106.65326266831877,36,43,1.0
2025-12-09 12:47:23,Xa lo Ha Noi,QL1A,10.94927106740351,106.87196348224562,28,42,1.0
2025-12-09 12:47:33,Duong Dien Bien Phu,Quan 1,10.78866360854368,106.69551372228901,34,42,1.0
2025-12-09 12:47:45,Nga tu Hang Xanh,Binh Thanh,10.801406421807085,106.71148440879679,35,42,1.0
2025-12-09 12:47:47,Nga tu An Suong,Hoc Mon,10.843150534972033,106.6151343241409,21,34,1.0
2025-12-09 12:47:52,Ben xe Mien Dong,Quan 9,10.880537767027526,106.81481342866444,41,54,1.0
2025-12-09 12:48:05,Ben xe Mien Tay,Binh Tan,10.740840166521663,106.61899246873142,25,35,1.0
2025-12-09 12:48:17,Cau Sai Gon,Quan 2 ,10.798986343749618,106.72697056646841,45,45,1.0
2025-12-09 12:48:29,Cau Phu My,Q2,10.741860769464234,106.73790365482627,44,44,1.0
2025-12-09 12:48:30,Cau Kenh Te,Q4,10.752408891679814,106.7022703818112,25,34,1.0
2025-12-09 12:48:31,Cau Thu Thiem,Quan 2,10.786216596454727,106.71836665482695,40,40,1.0
2025-12-09 12:48:33,Nguyen Huu Canh,Binh Thanh,10.78948793356203,106.71518838181179,36,36,1.0
2025-12-09 12:48:48,Cong Hoa,Tan Binh,10.80223925742187,106.6478722259914,30,41,1.0
2025-12-09 12:49:09,Truong Son / Tan Son Nhat Blvd,Gan san bay,10.813928881466124,106.66511432455972,24,33,0.998691
2025-12-09 12:49:22,Nguyen Trai,Quan 5,10.755608615763382,106.67347943578082,28,28,1.0
2025-12-09 12:49:25,Le Duan,Quan 1,10.782680856341083,106.70051548181169,20,30,1.0
2025-12-09 12:49:26,Tran Hung Dao ,Quan 5,10.754895139302109,106.67839188181134,22,34,1.0
2025-12-09 12:49:35,Tran Quoc Thao,Quan 3,10.785070445194592,106.68331340921323,13,27,1.0
2025-12-09 12:49:49,Tran Hung Dao,Quan 5,10.7549373008113,106.67848844133415,22,34,1.0
2025-12-09 12:49:51,Cach Mang Thang 8 (CMT8),Quan 3,10.77898143649726,106.67684447140958,21,35,1.0
2025-12-09 12:49:53,Pham Ngu Lao / Bui Vien,Quan 1,10.767112828386699,106.6927618222887,13,20,1.0
2025-12-09 12:50:01,Nguyen Thi Minh Khai,Quan 3,10.77847212665258,106.69389510879643,30,42,1.0
2025-12-09 12:50:02,Nguyen Van Troi,Phu Nhuan,10.796057790235078,106.67492629345334,23,33,0.998954
2025-12-09 12:50:03,Pham Van Dong,Go Vap,10.835298215641501,106.72935479345391,35,42,0.997665
2025-12-09 12:50:04,Cong truong lam son,Quan 1,10.777562007197462,106.7041335430398,21,30,1.0
2025-12-09 12:50:05,Nguyen Oanh ,Go Vap,10.83886351241477,106.67566625482782,28,35,1.0
2025-12-09 12:50:13,Le Hong Phong,Quan 10,10.765187049751795,106.67550552599073,22,35,1.0
2025-12-09 12:50:15,Nguyen Van Cu,Quan 5,10.759484371982321,106.6840537511244,20,27,0.998951
2025-12-09 12:50:16,Nga tu Binh Phuoc,Ngoai o,10.865229381280965,106.72366973948475,38,49,1.0
2025-12-09 12:50:16,Phu My Hung ,Quan 7,10.72279213640514,106.72808623948244,27,36,0.995552
2025-12-09 12:50:17,Nguyen Thai Son,Phu Nhuan,10.823400120373712,106.68551227436063,32,32,1.0
2025-12-09 12:50:26,An Duong Vuong,Quan 8,10.756158554057757,106.66631758181126,22,29,1.0
2025-12-09 12:50:27,Huynh Tan Phat,Nha Be,10.7144382088356,106.73711688366167,28,35,1.0
2025-12-09 12:50:28,Truong Chinh,Tan Binh ,10.817236653231737,106.63191539530457,21,34,1.0
2025-12-09 12:52:41,Cho Ben Thanh,Quan 1,10.772727584493625,106.69804225297563,15,23,0.96757
2025-12-09 12:52:42,Duong Nguyen Hue,Quan 1,10.774028664434528,106.70357076461706,14,27,1.0
2025-12-09 12:52:43,Nguyen Van Linh,Quan 7,10.752616652291238,106.72509685338922,39,39,1.0
2025-12-09 12:52:46,Vo Van Kiet,Quan 5,10.745754766198267,106.65326266831877,36,42,1.0
2025-12-09 12:52:59,Xa lo Ha Noi,QL1A,10.94927106740351,106.87196348224562,28,40,1.0
2025-12-09 12:53:14,Duong Dien Bien Phu,Quan 1,10.78866360854368,106.69551372228901,35,41,1.0
2025-12-09 12:53:15,Nga tu Hang Xanh,Binh Thanh,10.801406421807085,106.71148440879679,35,41,1.0
2025-12-09 12:53:16,Nga tu An Suong,Hoc Mon,10.843150534972033,106.6151343241409,21,35,1.0
2025-12-09 12:53:27,Ben xe Mien Dong,Quan 9,10.880537767027526,106.81481342866444,38,53,1.0
2025-12-09 12:53:39,Ben xe Mien Tay,Binh Tan,10.740840166521663,106.61899246873142,27,36,1.0
2025-12-09 12:53:40,Cau Sai Gon,Quan 2 ,10.798986343749618,106.72697056646841,45,45,1.0
2025-12-09 12:53:41,Cau Phu My,Q2,10.741860769464234,106.73790365482627,37,44,1.0
2025-12-09 12:53:42,Cau Kenh Te,Q4,10.752408891679814,106.7022703818112,26,34,1.0
2025-12-09 12:53:43,Cau Thu Thiem,Quan 2,10.786216596454727,106.71836665482695,40,40,1.0
2025-12-09 12:53:51,Nguyen Huu Canh,Binh Thanh,10.78948793356203,106.71518838181179,36,36,1.0
2025-12-09 12:53:52,Cong Hoa,Tan Binh,10.80223925742187,106.6478722259914,31,39,1.0
2025-12-09 12:53:53,Truong Son / Tan Son Nhat Blvd,Gan san bay,10.813928881466124,106.66511432455972,24,34,0.998956
2025-12-09 12:53:55,Nguyen Trai,Quan 5,10.755608615763382,106.67347943578082,18,28,1.0
2025-12-09 12:53:56,Le Duan,Quan 1,10.782680856341083,106.70051548181169,19,30,1.0
2025-12-09 12:54:04,Tran Hung Dao ,Quan 5,10.754895139302109,106.67839188181134,22,32,1.0
2025-12-09 12:54:05,Tran Quoc Thao,Quan 3,10.785070445194592,106.68331340921323,17,27,1.0
2025-12-09 12:54:06,Tran Hung Dao,Quan 5,10.7549373008113,106.67848844133415,22,32,1.0
2025-12-09 12:54:08,Cach Mang Thang 8 (CMT8),Quan 3,10.77898143649726,106.67684447140958,21,34,1.0
2025-12-09 12:54:16,Pham Ngu Lao / Bui Vien,Quan 1,10.767112828386699,106.6927618222887,15,19,1.0
2025-12-09 12:54:17,Nguyen Thi Minh Khai,Quan 3,10.77847212665258,106.69389510879643,30,41,1.0
2025-12-09 12:54:18,Nguyen Van Troi,Phu Nhuan,10.796057790235078,106.67492629345334,23,34,0.998693
2025-12-09 12:54:19,Pham Van Dong,Go Vap,10.835298215641501,106.72935479345391,36,42,0.997305
2025-12-09 12:54:20,Cong truong lam son,Quan 1,10.777562007197462,106.7041335430398,20,30,1.0
2025-12-09 12:54:21,Nguyen Oanh ,Go Vap,10.83886351241477,106.67566625482782,29,36,0.998081
2025-12-09 12:54:29,Le Hong Phong,Quan 10,10.765187049751795,106.67550552599073,24,36,1.0
2025-12-09 12:54:30,Nguyen Van Cu,Quan 5,10.759484371982321,106.6840537511244,20,27,1.0
2025-12-09 12:54:31,Nga tu Binh Phuoc,Ngoai o,10.865229381280965,106.72366973948475,37,49,1.0
2025-12-09 12:54:31,Phu My Hung ,Quan 7,10.72279213640514,106.72808623948244,27,37,0.995404
2025-12-09 12:54:32,Nguyen Thai Son,Phu Nhuan,10.823400120373712,106.68551227436063,32,32,1.0
2025-12-09 12:54:41,An Duong Vuong,Quan 8,10.756158554057757,106.66631758181126,20,29,1.0
2025-12-09 12:54:42,Huynh Tan Phat,Nha Be,10.7144382088356,106.73711688366167,27,35,1.0
2025-12-09 12:54:43,Truong Chinh,Tan Binh ,10.817236653231737,106.63191539530457,20,34,1.0
2025-12-09 12:57:00,Cho Ben Thanh,Quan 1,10.772727584493625,106.69804225297563,14,23,0.968292
2025-12-09 12:57:13,Duong Nguyen Hue,Quan 1,10.774028664434528,106.70357076461706,16,28,1.0
2025-12-09 12:57:26,Nguyen Van Linh,Quan 7,10.752616652291238,106.72509685338922,39,39,1.0
2025-12-09 12:57:28,Vo Van Kiet,Quan 5,10.745754766198267,106.65326266831877,42,42,1.0
2025-12-09 12:57:29,Xa lo Ha Noi,QL1A,10.94927106740351,106.87196348224562,42,42,1.0
2025-12-09 12:57:31,Duong Dien Bien Phu,Quan 1,10.78866360854368,106.69551372228901,34,42,1.0
2025-12-09 12:57:38,Nga tu Hang Xanh,Binh Thanh,10.801406421807085,106.71148440879679,35,42,1.0
2025-12-09 12:57:50,Nga tu An Suong,Hoc Mon,10.843150534972033,106.6151343241409,22,35,1.0
2025-12-09 12:57:51,Ben xe Mien Dong,Quan 9,10.880537767027526,106.81481342866444,39,53,1.0
2025-12-09 12:57:52,Ben xe Mien Tay,Binh Tan,10.740840166521663,106.61899246873142,26,35,1.0
2025-12-09 12:57:54,Cau Sai Gon,Quan 2 ,10.798986343749618,106.72697056646841,45,45,1.0
2025-12-09 12:57:55,Cau Phu My,Q2,10.741860769464234,106.73790365482627,44,44,1.0
2025-12-09 12:58:03,Cau Kenh Te,Q4,10.752408891679814,106.7022703818112,25,33,1.0
2025-12-09 12:58:05,Cau Thu Thiem,Quan 2,10.786216596454727,106.71836665482695,40,40,1.0
2025-12-09 12:58:06,Nguyen Huu Canh,Binh Thanh,10.78948793356203,106.71518838181179,36,36,1.0
2025-12-09 12:58:07,Cong Hoa,Tan Binh,10.80223925742187,106.6478722259914,30,41,1.0
2025-12-09 12:58:15,Truong Son / Tan Son Nhat Blvd,Gan san bay,10.813928881466124,106.66511432455972,24,34,1.0
2025-12-09 12:58:28,Nguyen Trai,Quan 5,10.755608615763382,106.67347943578082,22,28,0.997901
2025-12-09 12:58:29,Le Duan,Quan 1,10.782680856341083,106.70051548181169,20,30,1.0
2025-12-09 12:58:31,Tran Hung Dao ,Quan 5,10.754895139302109,106.67839188181134,23,32,1.0
2025-12-09 12:58:33,Tran Quoc Thao,Quan 3,10.785070445194592,106.68331340921323,14,28,1.0
2025-12-09 12:58:40,Tran Hung Dao,Quan 5,10.7549373008113,106.67848844133415,23,32,1.0
2025-12-09 12:58:52,Cach Mang Thang 8 (CMT8),Quan 3,10.77898143649726,106.67684447140958,22,34,1.0
2025-12-09 12:58:53,Pham Ngu Lao / Bui Vien,Quan 1,10.767112828386699,106.6927618222887,20,20,1.0
2025-12-09 12:58:54,Nguyen Thi Minh Khai,Quan 3,10.77847212665258,106.69389510879643,30,41,1.0
2025-12-09 12:58:55,Nguyen Van Troi,Phu Nhuan,10.796057790235078,106.67492629345334,23,34,0.999244
2025-12-09 12:58:56,Pham Van Dong,Go Vap,10.835298215641501,106.72935479345391,36,42,0.996569
2025-12-09 12:59:04,Cong truong lam son,Quan 1,10.777562007197462,106.7041335430398,20,30,1.0
2025-12-09 12:59:05,Nguyen Oanh ,Go Vap,10.83886351241477,106.67566625482782,25,35,0.997428
2025-12-09 12:59:06,Le Hong Phong,Quan 10,10.765187049751795,106.67550552599073,27,35,1.0
2025-12-09 12:59:07,Nguyen Van Cu,Quan 5,10.759484371982321,106.6840537511244,22,28,1.0
2025-12-09 12:59:08,Nga tu Binh Phuoc,Ngoai o,10.865229381280965,106.72366973948475,37,49,1.0
2025-12-09 12:59:09,Phu My Hung ,Quan 7,10.72279213640514,106.72808623948244,28,37,0.995105
2025-12-09 12:59:17,Nguyen Thai Son,Phu Nhuan,10.823400120373712,106.68551227436063,32,32,1.0
2025-12-09 12:59:29,An Duong Vuong,Quan 8,10.756158554057757,106.66631758181126,29,29,1.0
2025-12-09 12:59:31,Huynh Tan Phat,Nha Be,10.7144382088356,106.73711688366167,28,35,1.0
2025-12-09 12:59:32,Truong Chinh,Tan Binh ,10.817236653231737,106.63191539530457,22,34,1.0
2025-12-09 13:01:46,Cho Ben Thanh,Quan 1,10.772727584493625,106.69804225297563,14,22,0.968292
2025-12-09 13:01:47,Duong Nguyen Hue,Quan 1,10.774028664434528,106.70357076461706,21,28,1.0
2025-12-09 13:01:49,Nguyen Van Linh,Quan 7,10.752616652291238,106.72509685338922,39,39,1.0
2025-12-09 13:01:59,Vo Van Kiet,Quan 5,10.745754766198267,106.65326266831877,42,42,1.0
2025-12-09 13:02:00,Xa lo Ha Noi,QL1A,10.94927106740351,106.87196348224562,27,42,1.0
2025-12-09 13:02:02,Duong Dien Bien Phu,Quan 1,10.78866360854368,106.69551372228901,35,41,1.0
2025-12-09 13:02:03,Nga tu Hang Xanh,Binh Thanh,10.801406421807085,106.71148440879679,35,41,1.0
2025-12-09 13:02:11,Nga tu An Suong,Hoc Mon,10.843150534972033,106.6151343241409,22,35,1.0
2025-12-09 13:02:12,Ben xe Mien Dong,Quan 9,10.880537767027526,106.81481342866444,40,53,1.0
2025-12-09 13:02:13,Ben xe Mien Tay,Binh Tan,10.740840166521663,106.61899246873142,26,35,1.0
2025-12-09 13:02:14,Cau Sai Gon,Quan 2 ,10.798986343749618,106.72697056646841,45,45,1.0
2025-12-09 13:02:15,Cau Phu My,Q2,10.741860769464234,106.73790365482627,44,44,1.0
2025-12-09 13:02:23,Cau Kenh Te,Q4,10.752408891679814,106.7022703818112,26,34,1.0
2025-12-09 13:02:35,Cau Thu Thiem,Quan 2,10.786216596454727,106.71836665482695,40,40,1.0
2025-12-09 13:02:37,Nguyen Huu Canh,Binh Thanh,10.78948793356203,106.71518838181179,36,36,1.0
2025-12-09 13:02:38,Cong Hoa,Tan Binh,10.80223925742187,106.6478722259914,32,41,1.0
2025-12-09 13:02:39,Truong Son / Tan Son Nhat Blvd,Gan san bay,10.813928881466124,106.66511432455972,25,33,0.998955
2025-12-09 13:02:40,Nguyen Trai,Quan 5,10.755608615763382,106.67347943578082,19,27,1.0
2025-12-09 13:02:48,Le Duan,Quan 1,10.782680856341083,106.70051548181169,20,29,1.0
2025-12-09 13:02:49,Tran Hung Dao ,Quan 5,10.754895139302109,106.67839188181134,22,32,1.0
2025-12-09 13:02:50,Tran Quoc Thao,Quan 3,10.785070445194592,106.68331340921323,13,26,1.0
2025-12-09 13:02:51,Tran Hung Dao,Quan 5,10.7549373008113,106.67848844133415,22,32,1.0
2025-12-09 13:02:52,Cach Mang Thang 8 (CMT8),Quan 3,10.77898143649726,106.67684447140958,22,34,1.0
2025-12-09 13:03:01,Pham Ngu Lao / Bui Vien,Quan 1,10.767112828386699,106.6927618222887,20,20,1.0
2025-12-09 13:03:13,Nguyen Thi Minh Khai,Quan 3,10.77847212665258,106.69389510879643,28,41,1.0
2025-12-09 13:03:14,Nguyen Van Troi,Phu Nhuan,10.796057790235078,106.67492629345334,23,34,0.999528
2025-12-09 13:03:15,Pham Van Dong,Go Vap,10.835298215641501,106.72935479345391,36,42,0.995114
2025-12-09 13:03:16,Cong truong lam son,Quan 1,10.777562007197462,106.7041335430398,21,30,1.0
2025-12-09 13:03:17,Nguyen Oanh ,Go Vap,10.83886351241477,106.67566625482782,36,36,1.0
2025-12-09 13:03:26,Le Hong Phong,Quan 10,10.765187049751795,106.67550552599073,29,36,1.0
2025-12-09 13:03:27,Nguyen Van Cu,Quan 5,10.759484371982321,106.6840537511244,18,26,0.998954
2025-12-09 13:03:29,Nga tu Binh Phuoc,Ngoai o,10.865229381280965,106.72366973948475,38,49,1.0
2025-12-09 13:03:30,Phu My Hung ,Quan 7,10.72279213640514,106.72808623948244,29,37,0.991266
2025-12-09 13:03:38,Nguyen Thai Son,Phu Nhuan,10.823400120373712,106.68551227436063,24,32,1.0
2025-12-09 13:03:50,An Duong Vuong,Quan 8,10.756158554057757,106.66631758181126,22,29,1.0
2025-12-09 13:03:51,Huynh Tan Phat,Nha Be,10.7144382088356,106.73711688366167,28,35,1.0
2025-12-09 13:03:52,Truong Chinh,Tan Binh ,10.817236653231737,106.63191539530457,21,35,1.0
2025-12-09 13:04:27,Cho Ben Thanh,Quan 1,10.772727584493625,106.69804225297563,13,22,0.968292
2025-12-09 13:04:28,Duong Nguyen Hue,Quan 1,10.774028664434528,106.70357076461706,21,28,1.0
2025-12-09 13:04:40,Nguyen Van Linh,Quan 7,10.752616652291238,106.72509685338922,34,39,1.0
2025-12-09 13:04:53,Vo Van Kiet,Quan 5,10.745754766198267,106.65326266831877,42,42,1.0
2025-12-09 13:04:54,Xa lo Ha Noi,QL1A,10.94927106740351,106.87196348224562,35,42,1.0
2025-12-09 13:04:56,Duong Dien Bien Phu,Quan 1,10.78866360854368,106.69551372228901,34,41,1.0
2025-12-09 13:04:58,Nga tu Hang Xanh,Binh Thanh,10.801406421807085,106.71148440879679,34,41,1.0
2025-12-09 13:05:09,Nga tu An Suong,Hoc Mon,10.843150534972033,106.6151343241409,22,35,1.0
2025-12-09 13:05:25,Ben xe Mien Dong,Quan 9,10.880537767027526,106.81481342866444,41,54,1.0
2025-12-09 13:05:35,Ben xe Mien Tay,Binh Tan,10.740840166521663,106.61899246873142,27,34,1.0
2025-12-09 13:05:48,Cau Sai Gon,Quan 2 ,10.798986343749618,106.72697056646841,45,45,1.0
2025-12-09 13:06:05,Cau Phu My,Q2,10.741860769464234,106.73790365482627,44,44,1.0
2025-12-09 13:06:17,Cau Kenh Te,Q4,10.752408891679814,106.7022703818112,27,33,1.0
2025-12-09 13:06:20,Cau Thu Thiem,Quan 2,10.786216596454727,106.71836665482695,40,40,1.0
2025-12-09 13:06:21,Nguyen Huu Canh,Binh Thanh,10.78948793356203,106.71518838181179,22,35,1.0
2025-12-09 13:06:34,Cong Hoa,Tan Binh,10.80223925742187,106.6478722259914,32,41,1.0
2025-12-09 13:06:47,Truong Son / Tan Son Nhat Blvd,Gan san bay,10.813928881466124,106.66511432455972,21,33,0.999242
2025-12-09 13:06:52,Nguyen Trai,Quan 5,10.755608615763382,106.67347943578082,16,27,1.0
2025-12-09 13:07:00,Le Duan,Quan 1,10.782680856341083,106.70051548181169,19,30,1.0
2025-12-09 13:07:01,Tran Hung Dao ,Quan 5,10.754895139302109,106.67839188181134,23,32,1.0
2025-12-09 13:07:06,Tran Quoc Thao,Quan 3,10.785070445194592,106.68331340921323,17,27,1.0
2025-12-09 13:07:18,Tran Hung Dao,Quan 5,10.7549373008113,106.67848844133415,24,32,1.0
2025-12-09 13:07:20,Cach Mang Thang 8 (CMT8),Quan 3,10.77898143649726,106.67684447140958,22,34,1.0
2025-12-09 13:07:21,Pham Ngu Lao / Bui Vien,Quan 1,10.767112828386699,106.6927618222887,11,20,1.0
2025-12-09 13:07:24,Nguyen Thi Minh Khai,Quan 3,10.77847212665258,106.69389510879643,29,41,1.0
2025-12-09 13:07:31,Nguyen Van Troi,Phu Nhuan,10.796057790235078,106.67492629345334,21,34,1.0
2025-12-09 13:07:44,Pham Van Dong,Go Vap,10.835298215641501,106.72935479345391,36,42,0.996706
2025-12-09 13:07:57,Cong truong lam son,Quan 1,10.777562007197462,106.7041335430398,20,30,1.0
2025-12-09 13:08:09,Nguyen Oanh ,Go Vap,10.83886351241477,106.67566625482782,28,36,1.0
2025-12-09 13:08:11,Le Hong Phong,Quan 10,10.765187049751795,106.67550552599073,27,36,1.0
2025-12-09 13:08:13,Nguyen Van Cu,Quan 5,10.759484371982321,106.6840537511244,17,27,1.0
2025-12-09 13:08:26,Nga tu Binh Phuoc,Ngoai o,10.865229381280965,106.72366973948475,37,49,1.0
2025-12-09 13:08:39,Phu My Hung ,Quan 7,10.72279213640514,106.72808623948244,28,37,0.995155
2025-12-09 13:08:40,Nguyen Thai Son,Phu Nhuan,10.823400120373712,106.68551227436063,32,32,1.0
2025-12-09 13:08:41,An Duong Vuong,Quan 8,10.756158554057757,106.66631758181126,22,29,1.0
2025-12-09 13:08:42,Huynh Tan Phat,Nha Be,10.7144382088356,106.73711688366167,27,35,1.0
2025-12-09 13:08:43,Truong Chinh,Tan Binh ,10.817236653231737,106.63191539530457,21,34,1.0
2025-12-09 13:10:56,Cho Ben Thanh,Quan 1,10.772727584493625,106.69804225297563,15,23,0.967696
2025-12-09 13:10:58,Duong Nguyen Hue,Quan 1,10.774028664434528,106.70357076461706,19,27,1.0
2025-12-09 13:10:59,Nguyen Van Linh,Quan 7,10.752616652291238,106.72509685338922,39,39,1.0
2025-12-09 13:11:00,Vo Van Kiet,Quan 5,10.745754766198267,106.65326266831877,42,42,1.0
2025-12-09 13:11:08,Xa lo Ha Noi,QL1A,10.94927106740351,106.87196348224562,28,41,1.0
2025-12-09 13:11:20,Duong Dien Bien Phu,Quan 1,10.78866360854368,106.69551372228901,34,41,1.0
2025-12-09 13:11:22,Nga tu Hang Xanh,Binh Thanh,10.801406421807085,106.71148440879679,34,41,1.0
2025-12-09 13:11:24,Nga tu An Suong,Hoc Mon,10.843150534972033,106.6151343241409,22,35,1.0
2025-12-09 13:11:25,Ben xe Mien Dong,Quan 9,10.880537767027526,106.81481342866444,40,53,1.0
2025-12-09 13:11:38,Ben xe Mien Tay,Binh Tan,10.740840166521663,106.61899246873142,27,35,1.0
2025-12-09 13:11:53,Cau Sai Gon,Quan 2 ,10.798986343749618,106.72697056646841,45,45,1.0
2025-12-09 13:11:55,Cau Phu My,Q2,10.741860769464234,106.73790365482627,44,44,1.0
2025-12-09 13:12:08,Cau Kenh Te,Q4,10.752408891679814,106.7022703818112,26,34,1.0
2025-12-09 13:12:09,Cau Thu Thiem,Quan 2,10.786216596454727,106.71836665482695,40,40,1.0
2025-12-09 13:12:23,Nguyen Huu Canh,Binh Thanh,10.78948793356203,106.71518838181179,36,36,1.0
2025-12-09 13:12:37,Cong Hoa,Tan Binh,10.80223925742187,106.6478722259914,31,41,1.0
2025-12-09 13:12:38,Truong Son / Tan Son Nhat Blvd,Gan san bay,10.813928881466124,106.66511432455972,24,34,1.0
2025-12-09 13:12:39,Nguyen Trai,Quan 5,10.755608615763382,106.67347943578082,20,28,1.0
2025-12-09 13:12:40,Le Duan,Quan 1,10.782680856341083,106.70051548181169,20,30,1.0
2025-12-09 13:12:49,Tran Hung Dao ,Quan 5,10.754895139302109,106.67839188181134,24,32,1.0
2025-12-09 13:12:50,Tran Quoc Thao,Quan 3,10.785070445194592,106.68331340921323,17,26,1.0
2025-12-09 13:12:51,Tran Hung Dao,Quan 5,10.7549373008113,106.67848844133415,24,32,1.0
2025-12-09 13:12:52,Cach Mang Thang 8 (CMT8),Quan 3,10.77898143649726,106.67684447140958,22,35,1.0
2025-12-09 13:12:53,Pham Ngu Lao / Bui Vien,Quan 1,10.767112828386699,106.6927618222887,16,20,1.0
2025-12-09 13:12:53,Nguyen Thi Minh Khai,Quan 3,10.77847212665258,106.69389510879643,29,41,1.0
2025-12-09 13:13:01,Nguyen Van Troi,Phu Nhuan,10.796057790235078,106.67492629345334,22,33,1.0
2025-12-09 13:13:02,Pham Van Dong,Go Vap,10.835298215641501,106.72935479345391,36,42,0.996842
2025-12-09 13:13:03,Cong truong lam son,Quan 1,10.777562007197462,106.7041335430398,19,30,1.0
2025-12-09 13:13:04,Nguyen Oanh ,Go Vap,10.83886351241477,106.67566625482782,27,36,1.0
2025-12-09 13:13:05,Le Hong Phong,Quan 10,10.765187049751795,106.67550552599073,26,35,1.0
2025-12-09 13:13:06,Nguyen Van Cu,Quan 5,10.759484371982321,106.6840537511244,20,28,1.0
2025-12-09 13:13:13,Nga tu Binh Phuoc,Ngoai o,10.865229381280965,106.72366973948475,37,49,1.0
2025-12-09 13:13:14,Phu My Hung ,Quan 7,10.72279213640514,106.72808623948244,28,37,0.995425
2025-12-09 13:13:15,Nguyen Thai Son,Phu Nhuan,10.823400120373712,106.68551227436063,32,32,1.0
2025-12-09 13:13:16,An Duong Vuong,Quan 8,10.756158554057757,106.66631758181126,18,28,1.0
2025-12-09 13:13:17,Huynh Tan Phat,Nha Be,10.7144382088356,106.73711688366167,27,35,1.0
2025-12-09 13:13:18,Truong Chinh,Tan Binh ,10.817236653231737,106.63191539530457,22,35,1.0
2025-12-09 13:15:31,Cho Ben Thanh,Quan 1,10.772727584493625,106.69804225297563,13,23,0.968292
2025-12-09 13:15:32,Duong Nguyen Hue,Quan 1,10.774028664434528,106.70357076461706,14,27,1.0
2025-12-09 13:15:33,Nguyen Van Linh,Quan 7,10.752616652291238,106.72509685338922,39,39,1.0
2025-12-09 13:15:34,Vo Van Kiet,Quan 5,10.745754766198267,106.65326266831877,42,42,1.0
2025-12-09 13:15:35,Xa lo Ha Noi,QL1A,10.94927106740351,106.87196348224562,34,42,1.0
2025-12-09 13:15:43,Duong Dien Bien Phu,Quan 1,10.78866360854368,106.69551372228901,35,42,1.0
2025-12-09 13:15:44,Nga tu Hang Xanh,Binh Thanh,10.801406421807085,106.71148440879679,35,42,1.0
2025-12-09 13:15:45,Nga tu An Suong,Hoc Mon,10.843150534972033,106.6151343241409,22,35,1.0
2025-12-09 13:15:46,Ben xe Mien Dong,Quan 9,10.880537767027526,106.81481342866444,38,53,1.0
2025-12-09 13:15:55,Ben xe Mien Tay,Binh Tan,10.740840166521663,106.61899246873142,27,36,1.0
2025-12-09 13:15:56,Cau Sai Gon,Quan 2 ,10.798986343749618,106.72697056646841,45,45,1.0
2025-12-09 13:15:57,Cau Phu My,Q2,10.741860769464234,106.73790365482627,44,44,1.0
2025-12-09 13:15:58,Cau Kenh Te,Q4,10.752408891679814,106.7022703818112,33,33,1.0
2025-12-09 13:15:59,Cau Thu Thiem,Quan 2,10.786216596454727,106.71836665482695,40,40,1.0
2025-12-09 13:16:07,Nguyen Huu Canh,Binh Thanh,10.78948793356203,106.71518838181179,36,36,1.0
2025-12-09 13:16:09,Cong Hoa,Tan Binh,10.80223925742187,106.6478722259914,31,40,1.0
2025-12-09 13:16:10,Truong Son / Tan Son Nhat Blvd,Gan san bay,10.813928881466124,106.66511432455972,24,34,1.0
2025-12-09 13:16:11,Nguyen Trai,Quan 5,10.755608615763382,106.67347943578082,18,27,0.997894
2025-12-09 13:16:13,Le Duan,Quan 1,10.782680856341083,106.70051548181169,19,30,1.0
2025-12-09 13:16:20,Tran Hung Dao ,Quan 5,10.754895139302109,106.67839188181134,24,32,1.0
2025-12-09 13:16:33,Tran Quoc Thao,Quan 3,10.785070445194592,106.68331340921323,16,27,1.0
2025-12-09 13:16:34,Tran Hung Dao,Quan 5,10.7549373008113,106.67848844133415,24,32,1.0
2025-12-09 13:16:35,Cach Mang Thang 8 (CMT8),Quan 3,10.77898143649726,106.67684447140958,22,34,1.0
2025-12-09 13:16:36,Pham Ngu Lao / Bui Vien,Quan 1,10.767112828386699,106.6927618222887,14,20,1.0
2025-12-09 13:16:38,Nguyen Thi Minh Khai,Quan 3,10.77847212665258,106.69389510879643,29,41,1.0
2025-12-09 13:16:51,Nguyen Van Troi,Phu Nhuan,10.796057790235078,106.67492629345334,22,33,1.0
2025-12-09 13:17:04,Pham Van Dong,Go Vap,10.835298215641501,106.72935479345391,34,42,0.99676
2025-12-09 13:17:16,Cong truong lam son,Quan 1,10.777562007197462,106.7041335430398,18,31,1.0
2025-12-09 13:17:17,Nguyen Oanh ,Go Vap,10.83886351241477,106.67566625482782,27,36,0.999214
2025-12-09 13:17:18,Le Hong Phong,Quan 10,10.765187049751795,106.67550552599073,36,36,1.0
2025-12-09 13:17:19,Nguyen Van Cu,Quan 5,10.759484371982321,106.6840537511244,17,28,0.997894
2025-12-09 13:17:20,Nga tu Binh Phuoc,Ngoai o,10.865229381280965,106.72366973948475,36,49,1.0
2025-12-09 13:17:29,Phu My Hung ,Quan 7,10.72279213640514,106.72808623948244,28,37,0.996715
2025-12-09 13:17:30,Nguyen Thai Son,Phu Nhuan,10.823400120373712,106.68551227436063,25,31,1.0
2025-12-09 13:17:32,An Duong Vuong,Quan 8,10.756158554057757,106.66631758181126,21,29,1.0
2025-12-09 13:17:35,Huynh Tan Phat,Nha Be,10.7144382088356,106.73711688366167,27,35,1.0
2025-12-09 13:17:44,Truong Chinh,Tan Binh ,10.817236653231737,106.63191539530457,22,35,1.0
2025-12-09 13:20:00,Cho Ben Thanh,Quan 1,10.772727584493625,106.69804225297563,15,23,0.968292
2025-12-09 13:20:03,Duong Nguyen Hue,Quan 1,10.774028664434528,106.70357076461706,28,28,1.0
2025-12-09 13:20:13,Nguyen Van Linh,Quan 7,10.752616652291238,106.72509685338922,39,39,1.0
2025-12-09 13:20:25,Vo Van Kiet,Quan 5,10.745754766198267,106.65326266831877,42,42,1.0
2025-12-09 13:20:28,Xa lo Ha Noi,QL1A,10.94927106740351,106.87196348224562,32,41,1.0
2025-12-09 13:20:29,Duong Dien Bien Phu,Quan 1,10.78866360854368,106.69551372228901,33,42,1.0
2025-12-09 13:20:30,Nga tu Hang Xanh,Binh Thanh,10.801406421807085,106.71148440879679,33,42,1.0
2025-12-09 13:20:38,Nga tu An Suong,Hoc Mon,10.843150534972033,106.6151343241409,22,34,1.0
2025-12-09 13:20:39,Ben xe Mien Dong,Quan 9,10.880537767027526,106.81481342866444,37,53,1.0
2025-12-09 13:20:40,Ben xe Mien Tay,Binh Tan,10.740840166521663,106.61899246873142,26,35,1.0
2025-12-09 13:20:42,Cau Sai Gon,Quan 2 ,10.798986343749618,106.72697056646841,45,45,1.0
2025-12-09 13:20:50,Cau Phu My,Q2,10.741860769464234,106.73790365482627,44,44,1.0
2025-12-09 13:20:51,Cau Kenh Te,Q4,10.752408891679814,106.7022703818112,26,34,1.0
2025-12-09 13:20:52,Cau Thu Thiem,Quan 2,10.786216596454727,106.71836665482695,40,40,1.0
2025-12-09 13:20:53,Nguyen Huu Canh,Binh Thanh,10.78948793356203,106.71518838181179,36,36,1.0
2025-12-09 13:20:54,Cong Hoa,Tan Binh,10.80223925742187,106.6478722259914,28,40,1.0
2025-12-09 13:20:56,Truong Son / Tan Son Nhat Blvd,Gan san bay,10.813928881466124,106.66511432455972,23,33,1.0
2025-12-09 13:21:04,Nguyen Trai,Quan 5,10.755608615763382,106.67347943578082,18,28,0.998939
2025-12-09 13:21:05,Le Duan,Quan 1,10.782680856341083,106.70051548181169,18,30,1.0
2025-12-09 13:21:07,Tran Hung Dao ,Quan 5,10.754895139302109,106.67839188181134,24,33,1.0
2025-12-09 13:21:17,Tran Quoc Thao,Quan 3,10.785070445194592,106.68331340921323,15,26,1.0
2025-12-09 13:21:21,Tran Hung Dao,Quan 5,10.7549373008113,106.67848844133415,24,32,1.0
2025-12-09 13:21:29,Cach Mang Thang 8 (CMT8),Quan 3,10.77898143649726,106.67684447140958,21,34,1.0
2025-12-09 13:21:30,Pham Ngu Lao / Bui Vien,Quan 1,10.767112828386699,106.6927618222887,20,20,1.0
2025-12-09 13:21:31,Nguyen Thi Minh Khai,Quan 3,10.77847212665258,106.69389510879643,28,41,1.0
2025-12-09 13:21:32,Nguyen Van Troi,Phu Nhuan,10.796057790235078,106.67492629345334,24,34,0.999679
2025-12-09 13:21:35,Pham Van Dong,Go Vap,10.835298215641501,106.72935479345391,35,42,0.995849
2025-12-09 13:21:47,Cong truong lam son,Quan 1,10.777562007197462,106.7041335430398,18,30,1.0
2025-12-09 13:22:01,Nguyen Oanh ,Go Vap,10.83886351241477,106.67566625482782,28,36,1.0
2025-12-09 13:22:18,Le Hong Phong,Quan 10,10.765187049751795,106.67550552599073,28,35,1.0
2025-12-09 13:22:20,Nguyen Van Cu,Quan 5,10.759484371982321,106.6840537511244,21,28,1.0
2025-12-09 13:22:22,Nga tu Binh Phuoc,Ngoai o,10.865229381280965,106.72366973948475,37,49,1.0
2025-12-09 13:22:37,Phu My Hung ,Quan 7,10.72279213640514,106.72808623948244,28,37,1.0
2025-12-09 13:22:50,Nguyen Thai Son,Phu Nhuan,10.823400120373712,106.68551227436063,23,32,1.0
2025-12-09 13:23:04,An Duong Vuong,Quan 8,10.756158554057757,106.66631758181126,21,29,1.0
2025-12-09 13:23:05,Huynh Tan Phat,Nha Be,10.7144382088356,106.73711688366167,27,35,1.0
2025-12-09 13:23:06,Truong Chinh,Tan Binh ,10.817236653231737,106.63191539530457,22,35,1.0
2025-12-09 13:25:19,Cho Ben Thanh,Quan 1,10.772727584493625,106.69804225297563,13,23,0.967696
2025-12-09 13:25:20,Duong Nguyen Hue,Quan 1,10.774028664434528,106.70357076461706,19,28,1.0
2025-12-09 13:25:21,Nguyen Van Linh,Quan 7,10.752616652291238,106.72509685338922,39,39,1.0
2025-12-09 13:25:23,Vo Van Kiet,Quan 5,10.745754766198267,106.65326266831877,42,42,1.0
2025-12-09 13:25:31,Xa lo Ha Noi,QL1A,10.94927106740351,106.87196348224562,30,42,1.0
2025-12-09 13:25:53,Duong Dien Bien Phu,Quan 1,10.78866360854368,106.69551372228901,34,41,1.0
2025-12-09 13:26:05,Nga tu Hang Xanh,Binh Thanh,10.801406421807085,106.71148440879679,34,41,1.0
2025-12-09 13:26:06,Nga tu An Suong,Hoc Mon,10.843150534972033,106.6151343241409,22,34,1.0
2025-12-09 13:26:07,Ben xe Mien Dong,Quan 9,10.880537767027526,106.81481342866444,37,53,1.0
2025-12-09 13:26:08,Ben xe Mien Tay,Binh Tan,10.740840166521663,106.61899246873142,27,35,1.0
2025-12-09 13:26:09,Cau Sai Gon,Quan 2 ,10.798986343749618,106.72697056646841,45,45,1.0
2025-12-09 13:26:11,Cau Phu My,Q2,10.741860769464234,106.73790365482627,44,44,1.0
2025-12-09 13:26:27,Cau Kenh Te,Q4,10.752408891679814,106.7022703818112,26,34,1.0
2025-12-09 13:26:40,Cau Thu Thiem,Quan 2,10.786216596454727,106.71836665482695,40,40,1.0
2025-12-09 13:26:41,Nguyen Huu Canh,Binh Thanh,10.78948793356203,106.71518838181179,36,36,1.0
2025-12-09 13:26:42,Cong Hoa,Tan Binh,10.80223925742187,106.6478722259914,29,40,1.0
2025-12-09 13:26:43,Truong Son / Tan Son Nhat Blvd,Gan san bay,10.813928881466124,106.66511432455972,19,32,0.999265
2025-12-09 13:26:45,Nguyen Trai,Quan 5,10.755608615763382,106.67347943578082,20,28,1.0
2025-12-09 13:26:52,Le Duan,Quan 1,10.782680856341083,106.70051548181169,19,31,1.0
2025-12-09 13:27:05,Tran Hung Dao ,Quan 5,10.754895139302109,106.67839188181134,23,32,1.0
2025-12-09 13:27:06,Tran Quoc Thao,Quan 3,10.785070445194592,106.68331340921323,17,27,1.0
2025-12-09 13:27:08,Tran Hung Dao,Quan 5,10.7549373008113,106.67848844133415,23,32,1.0
2025-12-09 13:27:11,Cach Mang Thang 8 (CMT8),Quan 3,10.77898143649726,106.67684447140958,22,34,1.0
2025-12-09 13:27:23,Pham Ngu Lao / Bui Vien,Quan 1,10.767112828386699,106.6927618222887,16,20,1.0
2025-12-09 13:27:36,Nguyen Thi Minh Khai,Quan 3,10.77847212665258,106.69389510879643,30,41,1.0
2025-12-09 13:27:37,Nguyen Van Troi,Phu Nhuan,10.796057790235078,106.67492629345334,23,34,0.998594
2025-12-09 13:27:38,Pham Van Dong,Go Vap,10.835298215641501,106.72935479345391,34,42,0.996215
2025-12-09 13:27:40,Cong truong lam son,Quan 1,10.777562007197462,106.7041335430398,18,30,1.0
2025-12-09 13:27:48,Nguyen Oanh ,Go Vap,10.83886351241477,106.67566625482782,28,36,1.0
2025-12-09 13:28:01,Le Hong Phong,Quan 10,10.765187049751795,106.67550552599073,22,35,1.0
2025-12-09 13:28:03,Nguyen Van Cu,Quan 5,10.759484371982321,106.6840537511244,19,27,0.996852
2025-12-09 13:28:04,Nga tu Binh Phuoc,Ngoai o,10.865229381280965,106.72366973948475,35,49,1.0
2025-12-09 13:28:08,Phu My Hung ,Quan 7,10.72279213640514,106.72808623948244,27,37,0.998603
2025-12-09 13:28:14,Nguyen Thai Son,Phu Nhuan,10.823400120373712,106.68551227436063,21,31,1.0
2025-12-09 13:28:15,An Duong Vuong,Quan 8,10.756158554057757,106.66631758181126,22,28,1.0
2025-12-09 13:28:16,Huynh Tan Phat,Nha Be,10.7144382088356,106.73711688366167,27,35,1.0
2025-12-09 13:28:18,Truong Chinh,Tan Binh ,10.817236653231737,106.63191539530457,23,35,1.0
2025-12-09 13:30:30,Cho Ben Thanh,Quan 1,10.772727584493625,106.69804225297563,13,22,0.96757
2025-12-09 13:30:32,Duong Nguyen Hue,Quan 1,10.774028664434528,106.70357076461706,28,28,1.0
2025-12-09 13:30:33,Nguyen Van Linh,Quan 7,10.752616652291238,106.72509685338922,39,39,1.0
2025-12-09 13:30:34,Vo Van Kiet,Quan 5,10.745754766198267,106.65326266831877,42,42,1.0
2025-12-09 13:30:35,Xa lo Ha Noi,QL1A,10.94927106740351,106.87196348224562,26,41,1.0
2025-12-09 13:30:44,Duong Dien Bien Phu,Quan 1,10.78866360854368,106.69551372228901,35,42,1.0
2025-12-09 13:30:56,Nga tu Hang Xanh,Binh Thanh,10.801406421807085,106.71148440879679,35,42,1.0
2025-12-09 13:30:57,Nga tu An Suong,Hoc Mon,10.843150534972033,106.6151343241409,22,35,1.0
2025-12-09 13:30:58,Ben xe Mien Dong,Quan 9,10.880537767027526,106.81481342866444,36,53,1.0
2025-12-09 13:30:59,Ben xe Mien Tay,Binh Tan,10.740840166521663,106.61899246873142,26,35,1.0
2025-12-09 13:31:00,Cau Sai Gon,Quan 2 ,10.798986343749618,106.72697056646841,45,45,1.0
2025-12-09 13:31:09,Cau Phu My,Q2,10.741860769464234,106.73790365482627,44,44,1.0
2025-12-09 13:31:21,Cau Kenh Te,Q4,10.752408891679814,106.7022703818112,26,34,1.0
2025-12-09 13:31:23,Cau Thu Thiem,Quan 2,10.786216596454727,106.71836665482695,40,40,1.0
2025-12-09 13:31:24,Nguyen Huu Canh,Binh Thanh,10.78948793356203,106.71518838181179,36,36,1.0
2025-12-09 13:31:26,Cong Hoa,Tan Binh,10.80223925742187,106.6478722259914,30,41,1.0
2025-12-09 13:31:34,Truong Son / Tan Son Nhat Blvd,Gan san bay,10.813928881466124,106.66511432455972,22,34,0.997651
2025-12-09 13:31:47,Nguyen Trai,Quan 5,10.755608615763382,106.67347943578082,18,26,0.997901
2025-12-09 13:31:48,Le Duan,Quan 1,10.782680856341083,106.70051548181169,19,30,1.0
2025-12-09 13:31:50,Tran Hung Dao ,Quan 5,10.754895139302109,106.67839188181134,23,32,1.0
2025-12-09 13:31:52,Tran Quoc Thao,Quan 3,10.785070445194592,106.68331340921323,16,27,1.0
2025-12-09 13:32:05,Tran Hung Dao,Quan 5,10.7549373008113,106.67848844133415,23,32,1.0
2025-12-09 13:32:17,Cach Mang Thang 8 (CMT8),Quan 3,10.77898143649726,106.67684447140958,22,34,1.0
2025-12-09 13:32:18,Pham Ngu Lao / Bui Vien,Quan 1,10.767112828386699,106.6927618222887,14,20,1.0
2025-12-09 13:32:19,Nguyen Thi Minh Khai,Quan 3,10.77847212665258,106.69389510879643,29,42,1.0
2025-12-09 13:32:33,Nguyen Van Troi,Phu Nhuan,10.796057790235078,106.67492629345334,23,34,0.997915
2025-12-09 13:32:49,Pham Van Dong,Go Vap,10.835298215641501,106.72935479345391,36,42,0.99676
2025-12-09 13:33:13,Cong truong lam son,Quan 1,10.777562007197462,106.7041335430398,20,29,1.0
2025-12-09 13:33:26,Nguyen Oanh ,Go Vap,10.83886351241477,106.67566625482782,28,36,1.0
2025-12-09 13:33:28,Le Hong Phong,Quan 10,10.765187049751795,106.67550552599073,23,35,1.0
2025-12-09 13:33:30,Nguyen Van Cu,Quan 5,10.759484371982321,106.6840537511244,19,27,1.0
2025-12-09 13:33:40,Nga tu Binh Phuoc,Ngoai o,10.865229381280965,106.72366973948475,37,49,1.0
2025-12-09 13:33:54,Phu My Hung ,Quan 7,10.72279213640514,106.72808623948244,27,36,1.0
2025-12-09 13:33:56,Nguyen Thai Son,Phu Nhuan,10.823400120373712,106.68551227436063,32,32,1.0
2025-12-09 13:34:07,An Duong Vuong,Quan 8,10.756158554057757,106.66631758181126,23,28,1.0
2025-12-09 13:34:08,Huynh Tan Phat,Nha Be,10.7144382088356,106.73711688366167,27,35,1.0
2025-12-09 13:34:11,Truong Chinh,Tan Binh ,10.817236653231737,106.63191539530457,24,35,1.0
2025-12-09 13:36:23,Cho Ben Thanh,Quan 1,10.772727584493625,106.69804225297563,15,22,0.967696
2025-12-09 13:36:27,Duong Nguyen Hue,Quan 1,10.774028664434528,106.70357076461706,18,28,1.0
2025-12-09 13:36:33,Nguyen Van Linh,Quan 7,10.752616652291238,106.72509685338922,32,39,1.0
2025-12-09 13:36:46,Vo Van Kiet,Quan 5,10.745754766198267,106.65326266831877,42,42,1.0
2025-12-09 13:36:48,Xa lo Ha Noi,QL1A,10.94927106740351,106.87196348224562,31,43,1.0
2025-12-09 13:36:50,Duong Dien Bien Phu,Quan 1,10.78866360854368,106.69551372228901,35,42,1.0
2025-12-09 13:37:03,Nga tu Hang Xanh,Binh Thanh,10.801406421807085,106.71148440879679,35,42,1.0
2025-12-09 13:37:22,Nga tu An Suong,Hoc Mon,10.843150534972033,106.6151343241409,22,35,1.0
2025-12-09 13:37:23,Ben xe Mien Dong,Quan 9,10.880537767027526,106.81481342866444,37,53,1.0
2025-12-09 13:37:44,Ben xe Mien Tay,Binh Tan,10.740840166521663,106.61899246873142,26,35,1.0
2025-12-09 13:37:57,Cau Sai Gon,Quan 2 ,10.798986343749618,106.72697056646841,45,45,1.0
2025-12-09 13:38:10,Cau Phu My,Q2,10.741860769464234,106.73790365482627,44,44,1.0
2025-12-09 13:38:13,Cau Kenh Te,Q4,10.752408891679814,106.7022703818112,23,34,1.0
2025-12-09 13:38:15,Cau Thu Thiem,Quan 2,10.786216596454727,106.71836665482695,40,40,1.0
2025-12-09 13:38:26,Nguyen Huu Canh,Binh Thanh,10.78948793356203,106.71518838181179,36,36,1.0
2025-12-09 13:38:41,Cong Hoa,Tan Binh,10.80223925742187,106.6478722259914,28,41,1.0
2025-12-09 13:38:43,Truong Son / Tan Son Nhat Blvd,Gan san bay,10.813928881466124,106.66511432455972,24,34,0.998432
2025-12-09 13:38:53,Nguyen Trai,Quan 5,10.755608615763382,106.67347943578082,21,28,1.0
2025-12-09 13:39:06,Le Duan,Quan 1,10.782680856341083,106.70051548181169,20,30,1.0
2025-12-09 13:39:17,Tran Hung Dao ,Quan 5,10.754895139302109,106.67839188181134,23,32,1.0
2025-12-09 13:39:30,Tran Quoc Thao,Quan 3,10.785070445194592,106.68331340921323,14,27,1.0
2025-12-09 13:39:46,Tran Hung Dao,Quan 5,10.7549373008113,106.67848844133415,24,33,1.0
2025-12-09 13:39:59,Cach Mang Thang 8 (CMT8),Quan 3,10.77898143649726,106.67684447140958,22,34,1.0
2025-12-09 13:40:01,Pham Ngu Lao / Bui Vien,Quan 1,10.767112828386699,106.6927618222887,15,20,1.0
2025-12-09 13:40:05,Nguyen Thi Minh Khai,Quan 3,10.77847212665258,106.69389510879643,30,41,1.0
2025-12-09 13:40:12,Nguyen Van Troi,Phu Nhuan,10.796057790235078,106.67492629345334,24,34,0.998715
2025-12-09 13:40:14,Pham Van Dong,Go Vap,10.835298215641501,106.72935479345391,36,42,0.996041
2025-12-09 13:40:16,Cong truong lam son,Quan 1,10.777562007197462,106.7041335430398,19,30,1.0
2025-12-09 13:40:26,Nguyen Oanh ,Go Vap,10.83886351241477,106.67566625482782,30,35,1.0
2025-12-09 13:40:28,Le Hong Phong,Quan 10,10.765187049751795,106.67550552599073,23,35,1.0
2025-12-09 13:40:29,Nguyen Van Cu,Quan 5,10.759484371982321,106.6840537511244,19,27,1.0
2025-12-09 13:40:42,Nga tu Binh Phuoc,Ngoai o,10.865229381280965,106.72366973948475,37,49,1.0
2025-12-09 13:40:43,Phu My Hung ,Quan 7,10.72279213640514,106.72808623948244,28,36,1.0
2025-12-09 13:40:57,Nguyen Thai Son,Phu Nhuan,10.823400120373712,106.68551227436063,32,32,1.0
2025-12-09 13:40:58,An Duong Vuong,Quan 8,10.756158554057757,106.66631758181126,23,29,1.0
2025-12-09 13:41:10,Huynh Tan Phat,Nha Be,10.7144382088356,106.73711688366167,26,35,1.0
2025-12-09 13:41:12,Truong Chinh,Tan Binh ,10.817236653231737,106.63191539530457,22,35,1.0
2025-12-09 13:43:26,Cho Ben Thanh,Quan 1,10.772727584493625,106.69804225297563,14,23,0.967696
2025-12-09 13:43:33,Duong Nguyen Hue,Quan 1,10.774028664434528,106.70357076461706,28,28,1.0
2025-12-09 13:43:46,Nguyen Van Linh,Quan 7,10.752616652291238,106.72509685338922,32,39,1.0
2025-12-09 13:43:47,Vo Van Kiet,Quan 5,10.745754766198267,106.65326266831877,36,43,1.0
2025-12-09 13:43:48,Xa lo Ha Noi,QL1A,10.94927106740351,106.87196348224562,26,42,1.0
2025-12-09 13:43:50,Duong Dien Bien Phu,Quan 1,10.78866360854368,106.69551372228901,34,42,1.0
2025-12-09 13:43:59,Nga tu Hang Xanh,Binh Thanh,10.801406421807085,106.71148440879679,34,42,1.0
2025-12-09 13:44:12,Nga tu An Suong,Hoc Mon,10.843150534972033,106.6151343241409,23,34,1.0
2025-12-09 13:44:13,Ben xe Mien Dong,Quan 9,10.880537767027526,106.81481342866444,38,53,1.0
2025-12-09 13:44:14,Ben xe Mien Tay,Binh Tan,10.740840166521663,106.61899246873142,25,35,1.0
2025-12-09 13:44:16,Cau Sai Gon,Quan 2 ,10.798986343749618,106.72697056646841,45,45,1.0
2025-12-09 13:44:25,Cau Phu My,Q2,10.741860769464234,106.73790365482627,44,44,1.0
2025-12-09 13:44:37,Cau Kenh Te,Q4,10.752408891679814,106.7022703818112,25,34,1.0
2025-12-09 13:44:40,Cau Thu Thiem,Quan 2,10.786216596454727,106.71836665482695,40,40,1.0
2025-12-09 13:44:41,Nguyen Huu Canh,Binh Thanh,10.78948793356203,106.71518838181179,36,36,1.0
2025-12-09 13:44:51,Cong Hoa,Tan Binh,10.80223925742187,106.6478722259914,31,39,1.0
2025-12-09 13:45:04,Truong Son / Tan Son Nhat Blvd,Gan san bay,10.813928881466124,106.66511432455972,23,34,0.998902
2025-12-09 13:45:05,Nguyen Trai,Quan 5,10.755608615763382,106.67347943578082,19,27,1.0
2025-12-09 13:45:08,Le Duan,Quan 1,10.782680856341083,106.70051548181169,18,30,1.0
2025-12-09 13:45:21,Tran Hung Dao ,Quan 5,10.754895139302109,106.67839188181134,23,33,1.0
2025-12-09 13:45:33,Tran Quoc Thao,Quan 3,10.785070445194592,106.68331340921323,16,28,1.0
2025-12-09 13:45:48,Tran Hung Dao,Quan 5,10.7549373008113,106.67848844133415,23,33,1.0
2025-12-09 13:45:54,Cach Mang Thang 8 (CMT8),Quan 3,10.77898143649726,106.67684447140958,22,34,1.0
2025-12-09 13:46:08,Pham Ngu Lao / Bui Vien,Quan 1,10.767112828386699,106.6927618222887,10,19,1.0
2025-12-09 13:46:29,Nguyen Thi Minh Khai,Quan 3,10.77847212665258,106.69389510879643,29,41,1.0
2025-12-09 13:46:41,Nguyen Van Troi,Phu Nhuan,10.796057790235078,106.67492629345334,24,34,0.998758
2025-12-09 13:46:43,Pham Van Dong,Go Vap,10.835298215641501,106.72935479345391,35,42,0.996231
2025-12-09 13:46:45,Cong truong lam son,Quan 1,10.777562007197462,106.7041335430398,19,30,1.0
2025-12-09 13:46:54,Nguyen Oanh ,Go Vap,10.83886351241477,106.67566625482782,36,36,1.0
2025-12-09 13:47:07,Le Hong Phong,Quan 10,10.765187049751795,106.67550552599073,27,36,1.0
2025-12-09 13:47:09,Nguyen Van Cu,Quan 5,10.759484371982321,106.6840537511244,18,27,0.994219
2025-12-09 13:47:10,Nga tu Binh Phuoc,Ngoai o,10.865229381280965,106.72366973948475,37,49,1.0
2025-12-09 13:47:11,Phu My Hung ,Quan 7,10.72279213640514,106.72808623948244,28,37,0.999026
2025-12-09 13:47:29,Nguyen Thai Son,Phu Nhuan,10.823400120373712,106.68551227436063,32,32,1.0
2025-12-09 13:47:42,An Duong Vuong,Quan 8,10.756158554057757,106.66631758181126,29,29,1.0
2025-12-09 13:47:44,Huynh Tan Phat,Nha Be,10.7144382088356,106.73711688366167,26,35,1.0
2025-12-09 13:47:45,Truong Chinh,Tan Binh ,10.817236653231737,106.63191539530457,23,35,1.0
2025-12-09 13:49:57,Cho Ben Thanh,Quan 1,10.772727584493625,106.69804225297563,14,23,0.96757
2025-12-09 13:49:58,Duong Nguyen Hue,Quan 1,10.774028664434528,106.70357076461706,11,27,1.0
2025-12-09 13:49:59,Nguyen Van Linh,Quan 7,10.752616652291238,106.72509685338922,38,42,1.0
2025-12-09 13:50:00,Vo Van Kiet,Quan 5,10.745754766198267,106.65326266831877,36,43,1.0
2025-12-09 13:50:02,Xa lo Ha Noi,QL1A,10.94927106740351,106.87196348224562,42,42,1.0
2025-12-09 13:50:09,Duong Dien Bien Phu,Quan 1,10.78866360854368,106.69551372228901,35,41,1.0
2025-12-09 13:50:22,Nga tu Hang Xanh,Binh Thanh,10.801406421807085,106.71148440879679,35,41,1.0
2025-12-09 13:50:22,Nga tu An Suong,Hoc Mon,10.843150534972033,106.6151343241409,23,35,1.0
2025-12-09 13:50:23,Ben xe Mien Dong,Quan 9,10.880537767027526,106.81481342866444,39,53,1.0
2025-12-09 13:50:25,Ben xe Mien Tay,Binh Tan,10.740840166521663,106.61899246873142,24,35,1.0
2025-12-09 13:50:26,Cau Sai Gon,Quan 2 ,10.798986343749618,106.72697056646841,45,45,1.0
2025-12-09 13:50:34,Cau Phu My,Q2,10.741860769464234,106.73790365482627,44,44,1.0
2025-12-09 13:50:36,Cau Kenh Te,Q4,10.752408891679814,106.7022703818112,26,33,1.0
2025-12-09 13:50:37,Cau Thu Thiem,Quan 2,10.786216596454727,106.71836665482695,40,40,1.0
2025-12-09 13:50:39,Nguyen Huu Canh,Binh Thanh,10.78948793356203,106.71518838181179,36,36,1.0
2025-12-09 13:50:47,Cong Hoa,Tan Binh,10.80223925742187,106.6478722259914,28,40,1.0
2025-12-09 13:51:00,Truong Son / Tan Son Nhat Blvd,Gan san bay,10.813928881466124,106.66511432455972,23,33,0.999528
2025-12-09 13:51:03,Nguyen Trai,Quan 5,10.755608615763382,106.67347943578082,20,28,0.995757
2025-12-09 13:51:16,Le Duan,Quan 1,10.782680856341083,106.70051548181169,18,30,1.0
2025-12-09 13:51:17,Tran Hung Dao ,Quan 5,10.754895139302109,106.67839188181134,23,32,1.0
2025-12-09 13:51:31,Tran Quoc Thao,Quan 3,10.785070445194592,106.68331340921323,15,27,1.0
2025-12-09 13:51:43,Tran Hung Dao,Quan 5,10.7549373008113,106.67848844133415,23,32,1.0
2025-12-09 13:51:44,Cach Mang Thang 8 (CMT8),Quan 3,10.77898143649726,106.67684447140958,22,34,1.0
2025-12-09 13:51:45,Pham Ngu Lao / Bui Vien,Quan 1,10.767112828386699,106.6927618222887,12,19,1.0
2025-12-09 13:51:47,Nguyen Thi Minh Khai,Quan 3,10.77847212665258,106.69389510879643,29,41,1.0
2025-12-09 13:51:48,Nguyen Van Troi,Phu Nhuan,10.796057790235078,106.67492629345334,23,33,0.999528
2025-12-09 13:51:55,Pham Van Dong,Go Vap,10.835298215641501,106.72935479345391,42,42,1.0
2025-12-09 13:52:10,Cong truong lam son,Quan 1,10.777562007197462,106.7041335430398,18,30,1.0
2025-12-09 13:52:11,Nguyen Oanh ,Go Vap,10.83886351241477,106.67566625482782,29,35,0.998083
2025-12-09 13:52:12,Le Hong Phong,Quan 10,10.765187049751795,106.67550552599073,27,35,1.0
2025-12-09 13:52:22,Nguyen Van Cu,Quan 5,10.759484371982321,106.6840537511244,21,27,0.994223
2025-12-09 13:52:23,Nga tu Binh Phuoc,Ngoai o,10.865229381280965,106.72366973948475,38,49,1.0
2025-12-09 13:52:25,Phu My Hung ,Quan 7,10.72279213640514,106.72808623948244,28,37,1.0
2025-12-09 13:52:26,Nguyen Thai Son,Phu Nhuan,10.823400120373712,106.68551227436063,25,32,1.0
2025-12-09 13:52:34,An Duong Vuong,Quan 8,10.756158554057757,106.66631758181126,21,29,1.0
2025-12-09 13:52:35,Huynh Tan Phat,Nha Be,10.7144382088356,106.73711688366167,26,35,1.0
2025-12-09 13:52:36,Truong Chinh,Tan Binh ,10.817236653231737,106.63191539530457,22,35,1.0
2025-12-09 13:54:48,Cho Ben Thanh,Quan 1,10.772727584493625,106.69804225297563,13,23,0.968292
2025-12-09 13:54:49,Duong Nguyen Hue,Quan 1,10.774028664434528,106.70357076461706,15,27,1.0
2025-12-09 13:54:50,Nguyen Van Linh,Quan 7,10.752616652291238,106.72509685338922,39,39,1.0
2025-12-09 13:54:51,Vo Van Kiet,Quan 5,10.745754766198267,106.65326266831877,35,43,1.0
2025-12-09 13:54:52,Xa lo Ha Noi,QL1A,10.94927106740351,106.87196348224562,42,42,1.0
2025-12-09 13:54:53,Duong Dien Bien Phu,Quan 1,10.78866360854368,106.69551372228901,33,42,1.0
2025-12-09 13:55:00,Nga tu Hang Xanh,Binh Thanh,10.801406421807085,106.71148440879679,33,42,1.0
2025-12-09 13:55:13,Nga tu An Suong,Hoc Mon,10.843150534972033,106.6151343241409,23,35,1.0
2025-12-09 13:55:14,Ben xe Mien Dong,Quan 9,10.880537767027526,106.81481342866444,38,53,1.0
2025-12-09 13:55:15,Ben xe Mien Tay,Binh Tan,10.740840166521663,106.61899246873142,25,35,1.0
2025-12-09 13:55:16,Cau Sai Gon,Quan 2 ,10.798986343749618,106.72697056646841,45,45,1.0
2025-12-09 13:55:17,Cau Phu My,Q2,10.741860769464234,106.73790365482627,44,44,1.0
2025-12-09 13:55:25,Cau Kenh Te,Q4,10.752408891679814,106.7022703818112,27,33,1.0
2025-12-09 13:55:26,Cau Thu Thiem,Quan 2,10.786216596454727,106.71836665482695,40,40,1.0
2025-12-09 13:55:27,Nguyen Huu Canh,Binh Thanh,10.78948793356203,106.71518838181179,36,36,1.0
2025-12-09 13:55:28,Cong Hoa,Tan Binh,10.80223925742187,106.6478722259914,28,40,1.0
2025-12-09 13:55:29,Truong Son / Tan Son Nhat Blvd,Gan san bay,10.813928881466124,106.66511432455972,22,34,0.999528
2025-12-09 13:55:30,Nguyen Trai,Quan 5,10.755608615763382,106.67347943578082,20,28,1.0
2025-12-09 13:55:38,Le Duan,Quan 1,10.782680856341083,106.70051548181169,18,30,1.0
2025-12-09 13:55:39,Tran Hung Dao ,Quan 5,10.754895139302109,106.67839188181134,23,32,1.0
2025-12-09 13:55:40,Tran Quoc Thao,Quan 3,10.785070445194592,106.68331340921323,15,27,1.0
2025-12-09 13:55:41,Tran Hung Dao,Quan 5,10.7549373008113,106.67848844133415,23,32,1.0
2025-12-09 13:55:42,Cach Mang Thang 8 (CMT8),Quan 3,10.77898143649726,106.67684447140958,22,34,1.0
2025-12-09 13:55:50,Pham Ngu Lao / Bui Vien,Quan 1,10.767112828386699,106.6927618222887,20,20,1.0
2025-12-09 13:55:52,Nguyen Thi Minh Khai,Quan 3,10.77847212665258,106.69389510879643,29,41,1.0
2025-12-09 13:55:54,Nguyen Van Troi,Phu Nhuan,10.796057790235078,106.67492629345334,20,33,0.998955
2025-12-09 13:55:56,Pham Van Dong,Go Vap,10.835298215641501,106.72935479345391,35,42,0.997634
2025-12-09 13:56:03,Cong truong lam son,Quan 1,10.777562007197462,106.7041335430398,18,30,1.0
2025-12-09 13:56:04,Nguyen Oanh ,Go Vap,10.83886351241477,106.67566625482782,29,36,0.998081
2025-12-09 13:56:06,Le Hong Phong,Quan 10,10.765187049751795,106.67550552599073,26,36,1.0
2025-12-09 13:56:07,Nguyen Van Cu,Quan 5,10.759484371982321,106.6840537511244,21,28,1.0
2025-12-09 13:56:16,Nga tu Binh Phuoc,Ngoai o,10.865229381280965,106.72366973948475,38,49,1.0
2025-12-09 13:56:17,Phu My Hung ,Quan 7,10.72279213640514,106.72808623948244,27,36,1.0
2025-12-09 13:56:18,Nguyen Thai Son,Phu Nhuan,10.823400120373712,106.68551227436063,23,31,1.0
2025-12-09 13:56:19,An Duong Vuong,Quan 8,10.756158554057757,106.66631758181126,22,29,1.0
2025-12-09 13:56:29,Huynh Tan Phat,Nha Be,10.7144382088356,106.73711688366167,26,35,1.0
2025-12-09 13:56:32,Truong Chinh,Tan Binh ,10.817236653231737,106.63191539530457,23,35,1.0
2025-12-09 13:58:44,Cho Ben Thanh,Quan 1,10.772727584493625,106.69804225297563,12,22,0.967696
2025-12-09 13:58:45,Duong Nguyen Hue,Quan 1,10.774028664434528,106.70357076461706,20,28,1.0
2025-12-09 13:58:47,Nguyen Van Linh,Quan 7,10.752616652291238,106.72509685338922,39,39,1.0
2025-12-09 13:58:48,Vo Van Kiet,Quan 5,10.745754766198267,106.65326266831877,42,42,1.0
2025-12-09 13:58:48,Xa lo Ha Noi,QL1A,10.94927106740351,106.87196348224562,34,41,1.0
2025-12-09 13:58:57,Duong Dien Bien Phu,Quan 1,10.78866360854368,106.69551372228901,34,42,1.0
2025-12-09 13:59:10,Nga tu Hang Xanh,Binh Thanh,10.801406421807085,106.71148440879679,34,42,1.0
2025-12-09 13:59:12,Nga tu An Suong,Hoc Mon,10.843150534972033,106.6151343241409,23,35,1.0
2025-12-09 13:59:13,Ben xe Mien Dong,Quan 9,10.880537767027526,106.81481342866444,38,53,1.0
2025-12-09 13:59:23,Ben xe Mien Tay,Binh Tan,10.740840166521663,106.61899246873142,26,35,1.0
2025-12-09 13:59:24,Cau Sai Gon,Quan 2 ,10.798986343749618,106.72697056646841,45,45,1.0
2025-12-09 13:59:25,Cau Phu My,Q2,10.741860769464234,106.73790365482627,44,44,1.0
2025-12-09 13:59:26,Cau Kenh Te,Q4,10.752408891679814,106.7022703818112,25,33,1.0
2025-12-09 13:59:35,Cau Thu Thiem,Quan 2,10.786216596454727,106.71836665482695,40,40,1.0
2025-12-09 13:59:37,Nguyen Huu Canh,Binh Thanh,10.78948793356203,106.71518838181179,36,36,1.0
2025-12-09 13:59:38,Cong Hoa,Tan Binh,10.80223925742187,106.6478722259914,28,40,1.0
2025-12-09 13:59:39,Truong Son / Tan Son Nhat Blvd,Gan san bay,10.813928881466124,106.66511432455972,21,34,0.999265
2025-12-09 13:59:47,Nguyen Trai,Quan 5,10.755608615763382,106.67347943578082,16,27,0.995787
2025-12-09 13:59:48,Le Duan,Quan 1,10.782680856341083,106.70051548181169,18,30,1.0
2025-12-09 13:59:49,Tran Hung Dao ,Quan 5,10.754895139302109,106.67839188181134,24,32,1.0
2025-12-09 13:59:50,Tran Quoc Thao,Quan 3,10.785070445194592,106.68331340921323,16,27,1.0
2025-12-09 13:59:51,Tran Hung Dao,Quan 5,10.7549373008113,106.67848844133415,23,33,1.0
2025-12-09 13:59:52,Cach Mang Thang 8 (CMT8),Quan 3,10.77898143649726,106.67684447140958,21,34,1.0
2025-12-09 13:59:59,Pham Ngu Lao / Bui Vien,Quan 1,10.767112828386699,106.6927618222887,12,19,1.0
2025-12-09 14:00:00,Nguyen Thi Minh Khai,Quan 3,10.77847212665258,106.69389510879643,29,42,1.0
2025-12-09 14:00:02,Nguyen Van Troi,Phu Nhuan,10.796057790235078,106.67492629345334,21,34,0.999528
2025-12-09 14:00:02,Pham Van Dong,Go Vap,10.835298215641501,106.72935479345391,35,42,0.997094
2025-12-09 14:00:03,Cong truong lam son,Quan 1,10.777562007197462,106.7041335430398,19,30,1.0
2025-12-09 14:00:04,Nguyen Oanh ,Go Vap,10.83886351241477,106.67566625482782,36,36,1.0
2025-12-09 14:00:11,Le Hong Phong,Quan 10,10.765187049751795,106.67550552599073,25,35,1.0
2025-12-09 14:00:12,Nguyen Van Cu,Quan 5,10.759484371982321,106.6840537511244,16,27,0.997911
2025-12-09 14:00:13,Nga tu Binh Phuoc,Ngoai o,10.865229381280965,106.72366973948475,36,49,1.0
2025-12-09 14:00:14,Phu My Hung ,Quan 7,10.72279213640514,106.72808623948244,29,37,1.0
2025-12-09 14:00:16,Nguyen Thai Son,Phu Nhuan,10.823400120373712,106.68551227436063,24,31,1.0
2025-12-09 14:00:24,An Duong Vuong,Quan 8,10.756158554057757,106.66631758181126,23,29,1.0
2025-12-09 14:00:25,Huynh Tan Phat,Nha Be,10.7144382088356,106.73711688366167,26,35,1.0
2025-12-09 14:00:27,Truong Chinh,Tan Binh ,10.817236653231737,106.63191539530457,22,35,1.0
2025-12-09 14:02:39,Cho Ben Thanh,Quan 1,10.772727584493625,106.69804225297563,14,22,0.968292
2025-12-09 14:02:41,Duong Nguyen Hue,Quan 1,10.774028664434528,106.70357076461706,28,28,1.0
2025-12-09 14:02:43,Nguyen Van Linh,Quan 7,10.752616652291238,106.72509685338922,39,39,1.0
2025-12-09 14:02:52,Vo Van Kiet,Quan 5,10.745754766198267,106.65326266831877,42,42,1.0
2025-12-09 14:02:53,Xa lo Ha Noi,QL1A,10.94927106740351,106.87196348224562,32,42,1.0
2025-12-09 14:02:54,Duong Dien Bien Phu,Quan 1,10.78866360854368,106.69551372228901,34,42,1.0
2025-12-09 14:03:07,Nga tu Hang Xanh,Binh Thanh,10.801406421807085,106.71148440879679,34,42,1.0
2025-12-09 14:03:08,Nga tu An Suong,Hoc Mon,10.843150534972033,106.6151343241409,21,35,1.0
2025-12-09 14:03:19,Ben xe Mien Dong,Quan 9,10.880537767027526,106.81481342866444,36,53,1.0
2025-12-09 14:03:21,Ben xe Mien Tay,Binh Tan,10.740840166521663,106.61899246873142,25,36,1.0
2025-12-09 14:03:22,Cau Sai Gon,Quan 2 ,10.798986343749618,106.72697056646841,45,45,1.0
2025-12-09 14:03:24,Cau Phu My,Q2,10.741860769464234,106.73790365482627,44,44,1.0
2025-12-09 14:03:32,Cau Kenh Te,Q4,10.752408891679814,106.7022703818112,25,34,1.0
2025-12-09 14:03:44,Cau Thu Thiem,Quan 2,10.786216596454727,106.71836665482695,40,40,1.0
2025-12-09 14:03:46,Nguyen Huu Canh,Binh Thanh,10.78948793356203,106.71518838181179,25,34,1.0
2025-12-09 14:03:49,Cong Hoa,Tan Binh,10.80223925742187,106.6478722259914,31,41,1.0
2025-12-09 14:03:57,Truong Son / Tan Son Nhat Blvd,Gan san bay,10.813928881466124,106.66511432455972,21,34,0.998955
2025-12-09 14:04:00,Nguyen Trai,Quan 5,10.755608615763382,106.67347943578082,19,27,1.0
2025-12-09 14:04:14,Le Duan,Quan 1,10.782680856341083,106.70051548181169,19,30,1.0
2025-12-09 14:04:26,Tran Hung Dao ,Quan 5,10.754895139302109,106.67839188181134,22,32,1.0
2025-12-09 14:04:33,Tran Quoc Thao,Quan 3,10.785070445194592,106.68331340921323,14,27,1.0
2025-12-09 14:04:45,Tran Hung Dao,Quan 5,10.7549373008113,106.67848844133415,22,32,1.0
2025-12-09 14:04:46,Cach Mang Thang 8 (CMT8),Quan 3,10.77898143649726,106.67684447140958,20,34,1.0
2025-12-09 14:04:48,Pham Ngu Lao / Bui Vien,Quan 1,10.767112828386699,106.6927618222887,15,20,1.0
2025-12-09 14:04:50,Nguyen Thi Minh Khai,Quan 3,10.77847212665258,106.69389510879643,29,41,1.0
2025-12-09 14:05:02,Nguyen Van Troi,Phu Nhuan,10.796057790235078,106.67492629345334,21,34,0.998955
2025-12-09 14:05:14,Pham Van Dong,Go Vap,10.835298215641501,106.72935479345391,35,42,0.997809
2025-12-09 14:05:26,Cong truong lam son,Quan 1,10.777562007197462,106.7041335430398,17,30,1.0
2025-12-09 14:05:28,Nguyen Oanh ,Go Vap,10.83886351241477,106.67566625482782,27,36,0.997411
2025-12-09 14:05:29,Le Hong Phong,Quan 10,10.765187049751795,106.67550552599073,22,35,1.0
2025-12-09 14:05:30,Nguyen Van Cu,Quan 5,10.759484371982321,106.6840537511244,20,27,1.0
2025-12-09 14:05:32,Nga tu Binh Phuoc,Ngoai o,10.865229381280965,106.72366973948475,36,49,1.0
2025-12-09 14:05:39,Phu My Hung ,Quan 7,10.72279213640514,106.72808623948244,29,37,0.999301
2025-12-09 14:05:52,Nguyen Thai Son,Phu Nhuan,10.823400120373712,106.68551227436063,23,31,1.0
2025-12-09 14:05:52,An Duong Vuong,Quan 8,10.756158554057757,106.66631758181126,21,29,1.0
2025-12-09 14:05:53,Huynh Tan Phat,Nha Be,10.7144382088356,106.73711688366167,27,35,1.0
2025-12-09 14:05:54,Truong Chinh,Tan Binh ,10.817236653231737,106.63191539530457,22,34,1.0
2025-12-09 14:08:07,Cho Ben Thanh,Quan 1,10.772727584493625,106.69804225297563,12,22,0.968292
2025-12-09 14:08:20,Duong Nguyen Hue,Quan 1,10.774028664434528,106.70357076461706,28,28,1.0
2025-12-09 14:08:23,Nguyen Van Linh,Quan 7,10.752616652291238,106.72509685338922,39,39,1.0
2025-12-09 14:08:35,Vo Van Kiet,Quan 5,10.745754766198267,106.65326266831877,36,42,0.999762
2025-12-09 14:08:40,Xa lo Ha Noi,QL1A,10.94927106740351,106.87196348224562,33,41,1.0
2025-12-09 14:08:49,Duong Dien Bien Phu,Quan 1,10.78866360854368,106.69551372228901,34,41,1.0
2025-12-09 14:08:51,Nga tu Hang Xanh,Binh Thanh,10.801406421807085,106.71148440879679,34,41,1.0
2025-12-09 14:09:04,Nga tu An Suong,Hoc Mon,10.843150534972033,106.6151343241409,24,35,1.0
2025-12-09 14:09:06,Ben xe Mien Dong,Quan 9,10.880537767027526,106.81481342866444,36,53,1.0
2025-12-09 14:09:18,Ben xe Mien Tay,Binh Tan,10.740840166521663,106.61899246873142,25,35,1.0
2025-12-09 14:09:19,Cau Sai Gon,Quan 2 ,10.798986343749618,106.72697056646841,45,45,1.0
2025-12-09 14:09:21,Cau Phu My,Q2,10.741860769464234,106.73790365482627,44,44,1.0
2025-12-09 14:09:32,Cau Kenh Te,Q4,10.752408891679814,106.7022703818112,24,33,1.0
2025-12-09 14:09:45,Cau Thu Thiem,Quan 2,10.786216596454727,106.71836665482695,35,39,1.0
2025-12-09 14:09:46,Nguyen Huu Canh,Binh Thanh,10.78948793356203,106.71518838181179,36,36,1.0
2025-12-09 14:09:47,Cong Hoa,Tan Binh,10.80223925742187,106.6478722259914,28,41,1.0
2025-12-09 14:09:49,Truong Son / Tan Son Nhat Blvd,Gan san bay,10.813928881466124,106.66511432455972,20,34,0.998955
2025-12-09 14:09:58,Nguyen Trai,Quan 5,10.755608615763382,106.67347943578082,19,27,1.0
2025-12-09 14:09:59,Le Duan,Quan 1,10.782680856341083,106.70051548181169,16,30,1.0
2025-12-09 14:10:01,Tran Hung Dao ,Quan 5,10.754895139302109,106.67839188181134,23,33,1.0
2025-12-09 14:10:02,Tran Quoc Thao,Quan 3,10.785070445194592,106.68331340921323,15,26,1.0
2025-12-09 14:10:04,Tran Hung Dao,Quan 5,10.7549373008113,106.67848844133415,23,33,1.0
2025-12-09 14:10:05,Cach Mang Thang 8 (CMT8),Quan 3,10.77898143649726,106.67684447140958,21,34,1.0
2025-12-09 14:10:07,Pham Ngu Lao / Bui Vien,Quan 1,10.767112828386699,106.6927618222887,15,19,1.0
2025-12-09 14:10:10,Nguyen Thi Minh Khai,Quan 3,10.77847212665258,106.69389510879643,30,41,1.0
2025-12-09 14:10:12,Nguyen Van Troi,Phu Nhuan,10.796057790235078,106.67492629345334,20,34,0.998955
2025-12-09 14:10:13,Pham Van Dong,Go Vap,10.835298215641501,106.72935479345391,35,42,0.997837
2025-12-09 14:10:20,Cong truong lam son,Quan 1,10.777562007197462,106.7041335430398,17,30,1.0
2025-12-09 14:10:23,Nguyen Oanh ,Go Vap,10.83886351241477,106.67566625482782,36,36,1.0
2025-12-09 14:10:25,Le Hong Phong,Quan 10,10.765187049751795,106.67550552599073,22,36,1.0
2025-12-09 14:10:26,Nguyen Van Cu,Quan 5,10.759484371982321,106.6840537511244,19,27,0.998951
2025-12-09 14:10:27,Nga tu Binh Phuoc,Ngoai o,10.865229381280965,106.72366973948475,36,49,1.0
2025-12-09 14:10:35,Phu My Hung ,Quan 7,10.72279213640514,106.72808623948244,26,37,0.998605
2025-12-09 14:10:48,Nguyen Thai Son,Phu Nhuan,10.823400120373712,106.68551227436063,32,32,1.0
2025-12-09 14:10:49,An Duong Vuong,Quan 8,10.756158554057757,106.66631758181126,23,29,1.0
2025-12-09 14:10:50,Huynh Tan Phat,Nha Be,10.7144382088356,106.73711688366167,26,35,1.0
2025-12-09 14:10:52,Truong Chinh,Tan Binh ,10.817236653231737,106.63191539530457,22,35,1.0
2025-12-09 14:12:57,Cho Ben Thanh,Quan 1,10.772727584493625,106.69804225297563,13,22,0.968292
2025-12-09 14:13:06,Duong Nguyen Hue,Quan 1,10.774028664434528,106.70357076461706,28,28,1.0
2025-12-09 14:13:08,Nguyen Van Linh,Quan 7,10.752616652291238,106.72509685338922,39,39,1.0
2025-12-09 14:13:09,Vo Van Kiet,Quan 5,10.745754766198267,106.65326266831877,42,42,1.0
2025-12-09 14:15:18,Duong Dien Bien Phu,Quan 1,10.78866360854368,106.69551372228901,35,42,1.0
2025-12-09 14:15:19,Nga tu Hang Xanh,Binh Thanh,10.801406421807085,106.71148440879679,35,42,1.0
2025-12-09 14:15:19,Nga tu An Suong,Hoc Mon,10.843150534972033,106.6151343241409,22,35,1.0
2025-12-09 14:15:20,Ben xe Mien Dong,Quan 9,10.880537767027526,106.81481342866444,37,53,1.0
2025-12-09 14:15:21,Ben xe Mien Tay,Binh Tan,10.740840166521663,106.61899246873142,25,35,1.0
2025-12-09 14:15:22,Cau Sai Gon,Quan 2 ,10.798986343749618,106.72697056646841,45,45,1.0
2025-12-09 14:15:35,Cau Phu My,Q2,10.741860769464234,106.73790365482627,44,44,1.0
2025-12-09 14:15:48,Cau Kenh Te,Q4,10.752408891679814,106.7022703818112,23,33,1.0
2025-12-09 14:15:49,Cau Thu Thiem,Quan 2,10.786216596454727,106.71836665482695,40,40,1.0
2025-12-09 14:15:50,Nguyen Huu Canh,Binh Thanh,10.78948793356203,106.71518838181179,36,36,1.0
2025-12-09 14:15:51,Cong Hoa,Tan Binh,10.80223925742187,106.6478722259914,26,39,1.0
2025-12-09 14:15:52,Truong Son / Tan Son Nhat Blvd,Gan san bay,10.813928881466124,106.66511432455972,22,34,0.998658
2025-12-09 14:15:54,Nguyen Trai,Quan 5,10.755608615763382,106.67347943578082,20,27,1.0
2025-12-09 14:16:01,Le Duan,Quan 1,10.782680856341083,106.70051548181169,19,30,1.0
2025-12-09 14:16:14,Tran Hung Dao ,Quan 5,10.754895139302109,106.67839188181134,23,33,1.0
2025-12-09 14:16:15,Tran Quoc Thao,Quan 3,10.785070445194592,106.68331340921323,15,27,1.0
2025-12-09 14:16:16,Tran Hung Dao,Quan 5,10.7549373008113,106.67848844133415,23,33,1.0
2025-12-09 14:16:17,Cach Mang Thang 8 (CMT8),Quan 3,10.77898143649726,106.67684447140958,21,34,1.0
2025-12-09 14:16:18,Pham Ngu Lao / Bui Vien,Quan 1,10.767112828386699,106.6927618222887,16,20,1.0
2025-12-09 14:16:19,Nguyen Thi Minh Khai,Quan 3,10.77847212665258,106.69389510879643,30,41,1.0
2025-12-09 14:16:27,Nguyen Van Troi,Phu Nhuan,10.796057790235078,106.67492629345334,21,34,0.998692
2025-12-09 14:16:28,Pham Van Dong,Go Vap,10.835298215641501,106.72935479345391,35,42,0.997296
2025-12-09 14:16:29,Cong truong lam son,Quan 1,10.777562007197462,106.7041335430398,17,30,1.0
2025-12-09 14:16:30,Nguyen Oanh ,Go Vap,10.83886351241477,106.67566625482782,28,36,0.99741
2025-12-09 14:16:31,Le Hong Phong,Quan 10,10.765187049751795,106.67550552599073,23,35,1.0
2025-12-09 14:16:32,Nguyen Van Cu,Quan 5,10.759484371982321,106.6840537511244,20,27,1.0
2025-12-09 14:16:40,Nga tu Binh Phuoc,Ngoai o,10.865229381280965,106.72366973948475,35,49,1.0
2025-12-09 14:16:53,Phu My Hung ,Quan 7,10.72279213640514,106.72808623948244,26,37,0.998115
2025-12-09 14:17:06,Nguyen Thai Son,Phu Nhuan,10.823400120373712,106.68551227436063,24,31,1.0
2025-12-09 14:17:18,An Duong Vuong,Quan 8,10.756158554057757,106.66631758181126,21,29,1.0
2025-12-09 14:17:30,Huynh Tan Phat,Nha Be,10.7144382088356,106.73711688366167,26,35,1.0
2025-12-09 14:17:32,Truong Chinh,Tan Binh ,10.817236653231737,106.63191539530457,22,35,1.0
2025-12-09 14:19:44,Cho Ben Thanh,Quan 1,10.772727584493625,106.69804225297563,13,23,0.99715
2025-12-09 14:19:56,Duong Nguyen Hue,Quan 1,10.774028664434528,106.70357076461706,28,28,1.0
2025-12-09 14:20:08,Nguyen Van Linh,Quan 7,10.752616652291238,106.72509685338922,39,39,1.0
2025-12-09 14:20:09,Vo Van Kiet,Quan 5,10.745754766198267,106.65326266831877,42,42,1.0
2025-12-09 14:20:10,Xa lo Ha Noi,QL1A,10.94927106740351,106.87196348224562,31,42,1.0
2025-12-09 14:20:11,Duong Dien Bien Phu,Quan 1,10.78866360854368,106.69551372228901,33,42,1.0
2025-12-09 14:20:12,Nga tu Hang Xanh,Binh Thanh,10.801406421807085,106.71148440879679,33,42,1.0
2025-12-09 14:20:12,Nga tu An Suong,Hoc Mon,10.843150534972033,106.6151343241409,22,35,1.0
2025-12-09 14:20:25,Ben xe Mien Dong,Quan 9,10.880537767027526,106.81481342866444,37,53,1.0
2025-12-09 14:20:38,Ben xe Mien Tay,Binh Tan,10.740840166521663,106.61899246873142,24,35,1.0
2025-12-09 14:20:50,Cau Sai Gon,Quan 2 ,10.798986343749618,106.72697056646841,45,45,1.0
2025-12-09 14:20:50,Cau Phu My,Q2,10.741860769464234,106.73790365482627,44,44,1.0
2025-12-09 14:20:51,Cau Kenh Te,Q4,10.752408891679814,106.7022703818112,23,34,1.0
2025-12-09 14:20:52,Cau Thu Thiem,Quan 2,10.786216596454727,106.71836665482695,40,40,1.0
2025-12-09 14:20:54,Nguyen Huu Canh,Binh Thanh,10.78948793356203,106.71518838181179,36,36,1.0
2025-12-09 14:20:55,Cong Hoa,Tan Binh,10.80223925742187,106.6478722259914,27,41,1.0
2025-12-09 14:21:02,Truong Son / Tan Son Nhat Blvd,Gan san bay,10.813928881466124,106.66511432455972,21,33,0.997914
2025-12-09 14:21:03,Nguyen Trai,Quan 5,10.755608615763382,106.67347943578082,18,28,1.0
2025-12-09 14:21:04,Le Duan,Quan 1,10.782680856341083,106.70051548181169,18,30,1.0
2025-12-09 14:21:05,Tran Hung Dao ,Quan 5,10.754895139302109,106.67839188181134,21,33,1.0
2025-12-09 14:21:06,Tran Quoc Thao,Quan 3,10.785070445194592,106.68331340921323,14,27,1.0
2025-12-09 14:21:14,Tran Hung Dao,Quan 5,10.7549373008113,106.67848844133415,21,33,1.0
2025-12-09 14:21:26,Cach Mang Thang 8 (CMT8),Quan 3,10.77898143649726,106.67684447140958,22,34,1.0
2025-12-09 14:21:27,Pham Ngu Lao / Bui Vien,Quan 1,10.767112828386699,106.6927618222887,13,20,1.0
2025-12-09 14:21:27,Nguyen Thi Minh Khai,Quan 3,10.77847212665258,106.69389510879643,29,41,1.0
2025-12-09 14:21:28,Nguyen Van Troi,Phu Nhuan,10.796057790235078,106.67492629345334,21,34,1.0
2025-12-09 14:21:29,Pham Van Dong,Go Vap,10.835298215641501,106.72935479345391,34,42,0.996198
2025-12-09 14:21:30,Cong truong lam son,Quan 1,10.777562007197462,106.7041335430398,17,30,1.0
2025-12-09 14:21:38,Nguyen Oanh ,Go Vap,10.83886351241477,106.67566625482782,28,36,0.998429
2025-12-09 14:21:50,Le Hong Phong,Quan 10,10.765187049751795,106.67550552599073,22,35,1.0
2025-12-09 14:21:51,Nguyen Van Cu,Quan 5,10.759484371982321,106.6840537511244,19,27,1.0
2025-12-09 14:21:52,Nga tu Binh Phuoc,Ngoai o,10.865229381280965,106.72366973948475,36,49,1.0
2025-12-09 14:21:53,Phu My Hung ,Quan 7,10.72279213640514,106.72808623948244,26,36,1.0
2025-12-09 14:21:53,Nguyen Thai Son,Phu Nhuan,10.823400120373712,106.68551227436063,32,32,1.0
2025-12-09 14:21:54,An Duong Vuong,Quan 8,10.756158554057757,106.66631758181126,23,29,1.0
2025-12-09 14:22:02,Huynh Tan Phat,Nha Be,10.7144382088356,106.73711688366167,26,35,1.0
2025-12-09 14:22:04,Truong Chinh,Tan Binh ,10.817236653231737,106.63191539530457,22,34,1.0
2025-12-09 14:24:16,Cho Ben Thanh,Quan 1,10.772727584493625,106.69804225297563,14,24,0.997993
2025-12-09 14:24:17,Duong Nguyen Hue,Quan 1,10.774028664434528,106.70357076461706,17,28,1.0
2025-12-09 14:24:18,Nguyen Van Linh,Quan 7,10.752616652291238,106.72509685338922,39,39,1.0
2025-12-09 14:24:20,Vo Van Kiet,Quan 5,10.745754766198267,106.65326266831877,42,42,1.0
2025-12-09 14:24:21,Xa lo Ha Noi,QL1A,10.94927106740351,106.87196348224562,23,41,1.0
2025-12-09 14:25:33,Duong Dien Bien Phu,Quan 1,10.78866360854368,106.69551372228901,33,41,1.0
2025-12-09 14:25:34,Nga tu Hang Xanh,Binh Thanh,10.801406421807085,106.71148440879679,33,41,1.0
2025-12-09 14:25:35,Nga tu An Suong,Hoc Mon,10.843150534972033,106.6151343241409,23,34,1.0
2025-12-09 14:25:45,Ben xe Mien Dong,Quan 9,10.880537767027526,106.81481342866444,38,53,1.0
2025-12-09 14:25:46,Ben xe Mien Tay,Binh Tan,10.740840166521663,106.61899246873142,24,35,1.0
2025-12-09 14:25:46,Cau Sai Gon,Quan 2 ,10.798986343749618,106.72697056646841,45,45,1.0
2025-12-09 14:25:47,Cau Phu My,Q2,10.741860769464234,106.73790365482627,44,44,1.0
2025-12-09 14:25:48,Cau Kenh Te,Q4,10.752408891679814,106.7022703818112,25,34,1.0
2025-12-09 14:25:49,Cau Thu Thiem,Quan 2,10.786216596454727,106.71836665482695,40,40,1.0
2025-12-09 14:25:58,Nguyen Huu Canh,Binh Thanh,10.78948793356203,106.71518838181179,36,36,1.0
2025-12-09 14:25:59,Cong Hoa,Tan Binh,10.80223925742187,106.6478722259914,29,41,1.0
2025-12-09 14:25:59,Truong Son / Tan Son Nhat Blvd,Gan san bay,10.813928881466124,106.66511432455972,21,34,0.99892
2025-12-09 14:26:00,Nguyen Trai,Quan 5,10.755608615763382,106.67347943578082,18,27,1.0
2025-12-09 14:26:01,Le Duan,Quan 1,10.782680856341083,106.70051548181169,17,30,1.0
2025-12-09 14:26:02,Tran Hung Dao ,Quan 5,10.754895139302109,106.67839188181134,22,33,1.0
2025-12-09 14:26:15,Tran Quoc Thao,Quan 3,10.785070445194592,106.68331340921323,14,28,1.0
2025-12-09 14:26:28,Tran Hung Dao,Quan 5,10.7549373008113,106.67848844133415,23,32,1.0
2025-12-09 14:26:41,Cach Mang Thang 8 (CMT8),Quan 3,10.77898143649726,106.67684447140958,21,34,1.0
2025-12-09 14:26:42,Pham Ngu Lao / Bui Vien,Quan 1,10.767112828386699,106.6927618222887,14,19,1.0
2025-12-09 14:26:43,Nguyen Thi Minh Khai,Quan 3,10.77847212665258,106.69389510879643,29,41,1.0
2025-12-09 14:26:44,Nguyen Van Troi,Phu Nhuan,10.796057790235078,106.67492629345334,21,34,0.99892
2025-12-09 14:26:46,Pham Van Dong,Go Vap,10.835298215641501,106.72935479345391,34,42,0.997109
2025-12-09 14:26:55,Cong truong lam son,Quan 1,10.777562007197462,106.7041335430398,17,30,1.0
2025-12-09 14:26:56,Nguyen Oanh ,Go Vap,10.83886351241477,106.67566625482782,26,36,0.997659
2025-12-09 14:26:58,Le Hong Phong,Quan 10,10.765187049751795,106.67550552599073,23,35,1.0
2025-12-09 14:26:59,Nguyen Van Cu,Quan 5,10.759484371982321,106.6840537511244,17,28,1.0
2025-12-09 14:27:08,Nga tu Binh Phuoc,Ngoai o,10.865229381280965,106.72366973948475,36,49,1.0
2025-12-09 14:27:21,Phu My Hung ,Quan 7,10.72279213640514,106.72808623948244,28,37,0.998209
2025-12-09 14:27:35,Nguyen Thai Son,Phu Nhuan,10.823400120373712,106.68551227436063,32,32,1.0
2025-12-09 14:27:36,An Duong Vuong,Quan 8,10.756158554057757,106.66631758181126,20,28,1.0
2025-12-09 14:27:38,Huynh Tan Phat,Nha Be,10.7144382088356,106.73711688366167,26,35,1.0
2025-12-09 14:27:40,Truong Chinh,Tan Binh ,10.817236653231737,106.63191539530457,22,35,1.0
2025-12-09 14:29:53,Cho Ben Thanh,Quan 1,10.772727584493625,106.69804225297563,13,24,1.0
2025-12-09 14:30:06,Duong Nguyen Hue,Quan 1,10.774028664434528,106.70357076461706,20,27,1.0
2025-12-09 14:30:19,Nguyen Van Linh,Quan 7,10.752616652291238,106.72509685338922,31,39,1.0
2025-12-09 14:30:20,Vo Van Kiet,Quan 5,10.745754766198267,106.65326266831877,37,42,0.999762
2025-12-09 14:30:21,Xa lo Ha Noi,QL1A,10.94927106740351,106.87196348224562,29,41,1.0
2025-12-09 14:30:21,Duong Dien Bien Phu,Quan 1,10.78866360854368,106.69551372228901,34,41,1.0
2025-12-09 14:30:22,Nga tu Hang Xanh,Binh Thanh,10.801406421807085,106.71148440879679,34,41,1.0
2025-12-09 14:30:23,Nga tu An Suong,Hoc Mon,10.843150534972033,106.6151343241409,22,35,1.0
2025-12-09 14:30:32,Ben xe Mien Dong,Quan 9,10.880537767027526,106.81481342866444,35,53,1.0
2025-12-09 14:30:35,Ben xe Mien Tay,Binh Tan,10.740840166521663,106.61899246873142,24,35,1.0
2025-12-09 14:30:36,Cau Sai Gon,Quan 2 ,10.798986343749618,106.72697056646841,45,45,1.0
2025-12-09 14:30:45,Cau Phu My,Q2,10.741860769464234,106.73790365482627,44,44,1.0
2025-12-09 14:30:58,Cau Kenh Te,Q4,10.752408891679814,106.7022703818112,25,33,1.0
2025-12-09 14:30:59,Cau Thu Thiem,Quan 2,10.786216596454727,106.71836665482695,40,40,1.0
2025-12-09 14:31:00,Nguyen Huu Canh,Binh Thanh,10.78948793356203,106.71518838181179,36,36,1.0
2025-12-09 14:31:01,Cong Hoa,Tan Binh,10.80223925742187,106.6478722259914,30,41,1.0
2025-12-09 14:31:02,Truong Son / Tan Son Nhat Blvd,Gan san bay,10.813928881466124,106.66511432455972,21,34,0.99892
2025-12-09 14:31:03,Nguyen Trai,Quan 5,10.755608615763382,106.67347943578082,19,27,1.0
2025-12-09 14:31:11,Le Duan,Quan 1,10.782680856341083,106.70051548181169,18,30,1.0
2025-12-09 14:31:12,Tran Hung Dao ,Quan 5,10.754895139302109,106.67839188181134,22,32,1.0
2025-12-09 14:31:13,Tran Quoc Thao,Quan 3,10.785070445194592,106.68331340921323,14,27,1.0
2025-12-09 14:31:14,Tran Hung Dao,Quan 5,10.7549373008113,106.67848844133415,22,32,1.0
2025-12-09 14:31:14,Cach Mang Thang 8 (CMT8),Quan 3,10.77898143649726,106.67684447140958,20,34,1.0
2025-12-09 14:31:15,Pham Ngu Lao / Bui Vien,Quan 1,10.767112828386699,106.6927618222887,20,20,1.0
2025-12-09 14:31:24,Nguyen Thi Minh Khai,Quan 3,10.77847212665258,106.69389510879643,28,41,1.0
2025-12-09 14:31:25,Nguyen Van Troi,Phu Nhuan,10.796057790235078,106.67492629345334,21,33,0.998657
2025-12-09 14:31:25,Pham Van Dong,Go Vap,10.835298215641501,106.72935479345391,35,42,0.995133
2025-12-09 14:31:26,Cong truong lam son,Quan 1,10.777562007197462,106.7041335430398,19,30,1.0
2025-12-09 14:31:27,Nguyen Oanh ,Go Vap,10.83886351241477,106.67566625482782,26,35,1.0
2025-12-09 14:31:28,Le Hong Phong,Quan 10,10.765187049751795,106.67550552599073,23,36,1.0
2025-12-09 14:31:37,Nguyen Van Cu,Quan 5,10.759484371982321,106.6840537511244,17,27,1.0
2025-12-09 14:31:38,Nga tu Binh Phuoc,Ngoai o,10.865229381280965,106.72366973948475,36,49,1.0
2025-12-09 14:31:39,Phu My Hung ,Quan 7,10.72279213640514,106.72808623948244,27,37,0.997329
2025-12-09 14:31:39,Nguyen Thai Son,Phu Nhuan,10.823400120373712,106.68551227436063,32,32,1.0
2025-12-09 14:31:40,An Duong Vuong,Quan 8,10.756158554057757,106.66631758181126,23,29,1.0
2025-12-09 14:31:41,Huynh Tan Phat,Nha Be,10.7144382088356,106.73711688366167,27,35,1.0
2025-12-09 14:31:54,Truong Chinh,Tan Binh ,10.817236653231737,106.63191539530457,22,34,1.0
2025-12-09 14:34:07,Cho Ben Thanh,Quan 1,10.772727584493625,106.69804225297563,14,23,0.996404
2025-12-09 14:34:08,Duong Nguyen Hue,Quan 1,10.774028664434528,106.70357076461706,19,29,1.0
2025-12-09 14:34:09,Nguyen Van Linh,Quan 7,10.752616652291238,106.72509685338922,31,39,1.0
2025-12-09 14:34:10,Vo Van Kiet,Quan 5,10.745754766198267,106.65326266831877,35,42,0.999762
2025-12-09 14:34:11,Xa lo Ha Noi,QL1A,10.94927106740351,106.87196348224562,33,41,1.0
2025-12-09 14:34:12,Duong Dien Bien Phu,Quan 1,10.78866360854368,106.69551372228901,33,42,1.0
2025-12-09 14:34:20,Nga tu Hang Xanh,Binh Thanh,10.801406421807085,106.71148440879679,33,42,1.0
2025-12-09 14:34:33,Nga tu An Suong,Hoc Mon,10.843150534972033,106.6151343241409,24,35,1.0
2025-12-09 14:34:35,Ben xe Mien Dong,Quan 9,10.880537767027526,106.81481342866444,38,53,1.0
2025-12-09 14:34:36,Ben xe Mien Tay,Binh Tan,10.740840166521663,106.61899246873142,24,36,1.0
2025-12-09 14:34:37,Cau Sai Gon,Quan 2 ,10.798986343749618,106.72697056646841,45,45,1.0
2025-12-09 14:34:46,Cau Phu My,Q2,10.741860769464234,106.73790365482627,44,44,1.0
2025-12-09 14:34:48,Cau Kenh Te,Q4,10.752408891679814,106.7022703818112,25,33,1.0
2025-12-09 14:34:49,Cau Thu Thiem,Quan 2,10.786216596454727,106.71836665482695,40,40,1.0
2025-12-09 14:34:50,Nguyen Huu Canh,Binh Thanh,10.78948793356203,106.71518838181179,36,36,1.0
2025-12-09 14:34:50,Cong Hoa,Tan Binh,10.80223925742187,106.6478722259914,41,41,1.0
2025-12-09 14:34:59,Truong Son / Tan Son Nhat Blvd,Gan san bay,10.813928881466124,106.66511432455972,22,34,0.998691
2025-12-09 14:35:00,Nguyen Trai,Quan 5,10.755608615763382,106.67347943578082,16,27,1.0
2025-12-09 14:35:01,Le Duan,Quan 1,10.782680856341083,106.70051548181169,19,30,1.0
2025-12-09 14:35:02,Tran Hung Dao ,Quan 5,10.754895139302109,106.67839188181134,23,33,1.0
2025-12-09 14:35:03,Tran Quoc Thao,Quan 3,10.785070445194592,106.68331340921323,12,27,1.0
2025-12-09 14:35:11,Tran Hung Dao,Quan 5,10.7549373008113,106.67848844133415,23,33,1.0
2025-12-09 14:35:12,Cach Mang Thang 8 (CMT8),Quan 3,10.77898143649726,106.67684447140958,22,34,1.0
2025-12-09 14:35:13,Pham Ngu Lao / Bui Vien,Quan 1,10.767112828386699,106.6927618222887,16,20,1.0
2025-12-09 14:35:15,Nguyen Thi Minh Khai,Quan 3,10.77847212665258,106.69389510879643,29,41,1.0
2025-12-09 14:35:16,Nguyen Van Troi,Phu Nhuan,10.796057790235078,106.67492629345334,22,34,0.998691
2025-12-09 14:35:23,Pham Van Dong,Go Vap,10.835298215641501,106.72935479345391,36,42,0.99657
2025-12-09 14:35:24,Cong truong lam son,Quan 1,10.777562007197462,106.7041335430398,18,30,1.0
2025-12-09 14:35:25,Nguyen Oanh ,Go Vap,10.83886351241477,106.67566625482782,29,36,1.0
2025-12-09 14:35:26,Le Hong Phong,Quan 10,10.765187049751795,106.67550552599073,26,36,1.0
2025-12-09 14:35:27,Nguyen Van Cu,Quan 5,10.759484371982321,106.6840537511244,16,28,1.0
2025-12-09 14:35:28,Nga tu Binh Phuoc,Ngoai o,10.865229381280965,106.72366973948475,35,49,1.0
2025-12-09 14:35:36,Phu My Hung ,Quan 7,10.72279213640514,106.72808623948244,27,37,0.997578
2025-12-09 14:35:38,Nguyen Thai Son,Phu Nhuan,10.823400120373712,106.68551227436063,32,32,1.0
2025-12-09 14:35:39,An Duong Vuong,Quan 8,10.756158554057757,106.66631758181126,17,29,1.0
2025-12-09 14:35:39,Huynh Tan Phat,Nha Be,10.7144382088356,106.73711688366167,26,35,1.0
2025-12-09 14:35:40,Truong Chinh,Tan Binh ,10.817236653231737,106.63191539530457,23,35,1.0
2025-12-09 14:37:52,Cho Ben Thanh,Quan 1,10.772727584493625,106.69804225297563,14,24,0.993788
2025-12-09 14:38:05,Duong Nguyen Hue,Quan 1,10.774028664434528,106.70357076461706,28,28,1.0
2025-12-09 14:38:06,Nguyen Van Linh,Quan 7,10.752616652291238,106.72509685338922,39,39,1.0
2025-12-09 14:38:07,Vo Van Kiet,Quan 5,10.745754766198267,106.65326266831877,36,43,0.999762
2025-12-09 14:38:08,Xa lo Ha Noi,QL1A,10.94927106740351,106.87196348224562,33,41,1.0
2025-12-09 14:38:09,Duong Dien Bien Phu,Quan 1,10.78866360854368,106.69551372228901,35,42,1.0
2025-12-09 14:38:17,Nga tu Hang Xanh,Binh Thanh,10.801406421807085,106.71148440879679,35,42,1.0
2025-12-09 14:38:18,Nga tu An Suong,Hoc Mon,10.843150534972033,106.6151343241409,21,35,1.0
2025-12-09 14:38:19,Ben xe Mien Dong,Quan 9,10.880537767027526,106.81481342866444,36,53,1.0
2025-12-09 14:38:20,Ben xe Mien Tay,Binh Tan,10.740840166521663,106.61899246873142,23,35,1.0
2025-12-09 14:38:21,Cau Sai Gon,Quan 2 ,10.798986343749618,106.72697056646841,45,45,1.0
2025-12-09 14:38:22,Cau Phu My,Q2,10.741860769464234,106.73790365482627,44,44,1.0
2025-12-09 14:38:30,Cau Kenh Te,Q4,10.752408891679814,106.7022703818112,23,33,1.0
2025-12-09 14:38:31,Cau Thu Thiem,Quan 2,10.786216596454727,106.71836665482695,40,40,1.0
2025-12-09 14:38:32,Nguyen Huu Canh,Binh Thanh,10.78948793356203,106.71518838181179,24,35,1.0
2025-12-09 14:38:32,Cong Hoa,Tan Binh,10.80223925742187,106.6478722259914,27,41,1.0
2025-12-09 14:38:33,Truong Son / Tan Son Nhat Blvd,Gan san bay,10.813928881466124,106.66511432455972,22,34,0.998954
2025-12-09 14:38:42,Nguyen Trai,Quan 5,10.755608615763382,106.67347943578082,20,27,1.0
2025-12-09 14:38:43,Le Duan,Quan 1,10.782680856341083,106.70051548181169,18,30,1.0
2025-12-09 14:38:44,Tran Hung Dao ,Quan 5,10.754895139302109,106.67839188181134,21,32,1.0
2025-12-09 14:38:45,Tran Quoc Thao,Quan 3,10.785070445194592,106.68331340921323,15,27,1.0
2025-12-09 14:38:46,Tran Hung Dao,Quan 5,10.7549373008113,106.67848844133415,21,32,1.0
2025-12-09 14:38:47,Cach Mang Thang 8 (CMT8),Quan 3,10.77898143649726,106.67684447140958,20,34,1.0
2025-12-09 14:38:55,Pham Ngu Lao / Bui Vien,Quan 1,10.767112828386699,106.6927618222887,20,20,1.0
2025-12-09 14:38:57,Nguyen Thi Minh Khai,Quan 3,10.77847212665258,106.69389510879643,29,41,1.0
2025-12-09 14:38:58,Nguyen Van Troi,Phu Nhuan,10.796057790235078,106.67492629345334,22,34,0.998954
2025-12-09 14:39:07,Pham Van Dong,Go Vap,10.835298215641501,106.72935479345391,42,42,1.0
2025-12-09 14:39:09,Cong truong lam son,Quan 1,10.777562007197462,106.7041335430398,17,30,1.0
2025-12-09 14:39:10,Nguyen Oanh ,Go Vap,10.83886351241477,106.67566625482782,29,36,0.997224
2025-12-09 14:39:11,Le Hong Phong,Quan 10,10.765187049751795,106.67550552599073,25,36,1.0
2025-12-09 14:39:20,Nguyen Van Cu,Quan 5,10.759484371982321,106.6840537511244,18,27,0.998939
2025-12-09 14:39:25,Nga tu Binh Phuoc,Ngoai o,10.865229381280965,106.72366973948475,36,49,1.0
2025-12-09 14:40:37,Phu My Hung ,Quan 7,10.72279213640514,106.72808623948244,29,37,0.996557
2025-12-09 14:40:39,Nguyen Thai Son,Phu Nhuan,10.823400120373712,106.68551227436063,32,32,1.0
2025-12-09 14:41:23,An Duong Vuong,Quan 8,10.756158554057757,106.66631758181126,21,28,1.0
2025-12-09 14:41:34,Huynh Tan Phat,Nha Be,10.7144382088356,106.73711688366167,27,35,1.0
2025-12-09 14:41:46,Truong Chinh,Tan Binh ,10.817236653231737,106.63191539530457,21,34,1.0
2025-12-09 14:44:02,Cho Ben Thanh,Quan 1,10.772727584493625,106.69804225297563,14,23,0.991877
2025-12-09 14:44:03,Duong Nguyen Hue,Quan 1,10.774028664434528,106.70357076461706,28,28,1.0
2025-12-09 14:44:14,Nguyen Van Linh,Quan 7,10.752616652291238,106.72509685338922,32,38,1.0
2025-12-09 14:44:27,Vo Van Kiet,Quan 5,10.745754766198267,106.65326266831877,35,43,0.999762
2025-12-09 14:44:28,Xa lo Ha Noi,QL1A,10.94927106740351,106.87196348224562,27,41,1.0
2025-12-09 14:44:30,Duong Dien Bien Phu,Quan 1,10.78866360854368,106.69551372228901,36,42,1.0
2025-12-09 14:45:02,Nga tu Hang Xanh,Binh Thanh,10.801406421807085,106.71148440879679,35,42,1.0
2025-12-09 14:45:06,Nga tu An Suong,Hoc Mon,10.843150534972033,106.6151343241409,21,34,1.0
2025-12-09 14:45:15,Ben xe Mien Dong,Quan 9,10.880537767027526,106.81481342866444,38,53,1.0
2025-12-09 14:45:28,Ben xe Mien Tay,Binh Tan,10.740840166521663,106.61899246873142,26,35,1.0
2025-12-09 14:45:29,Cau Sai Gon,Quan 2 ,10.798986343749618,106.72697056646841,45,45,1.0
2025-12-09 14:45:30,Cau Phu My,Q2,10.741860769464234,106.73790365482627,44,44,1.0
2025-12-09 14:45:31,Cau Kenh Te,Q4,10.752408891679814,106.7022703818112,24,34,1.0
2025-12-09 14:45:32,Cau Thu Thiem,Quan 2,10.786216596454727,106.71836665482695,40,40,1.0
2025-12-09 14:45:40,Nguyen Huu Canh,Binh Thanh,10.78948793356203,106.71518838181179,36,36,1.0
2025-12-09 14:45:41,Cong Hoa,Tan Binh,10.80223925742187,106.6478722259914,28,41,1.0
2025-12-09 14:45:43,Truong Son / Tan Son Nhat Blvd,Gan san bay,10.813928881466124,106.66511432455972,21,33,0.998253
2025-12-09 14:45:44,Nguyen Trai,Quan 5,10.755608615763382,106.67347943578082,17,28,0.998939
2025-12-09 14:45:45,Le Duan,Quan 1,10.782680856341083,106.70051548181169,19,30,1.0
2025-12-09 14:45:53,Tran Hung Dao ,Quan 5,10.754895139302109,106.67839188181134,21,33,1.0
2025-12-09 14:45:54,Tran Quoc Thao,Quan 3,10.785070445194592,106.68331340921323,14,28,1.0
2025-12-09 14:45:55,Tran Hung Dao,Quan 5,10.7549373008113,106.67848844133415,21,33,1.0
2025-12-09 14:45:57,Cach Mang Thang 8 (CMT8),Quan 3,10.77898143649726,106.67684447140958,22,34,1.0
2025-12-09 14:46:06,Pham Ngu Lao / Bui Vien,Quan 1,10.767112828386699,106.6927618222887,20,20,1.0
2025-12-09 14:46:08,Nguyen Thi Minh Khai,Quan 3,10.77847212665258,106.69389510879643,29,41,1.0
2025-12-09 14:46:09,Nguyen Van Troi,Phu Nhuan,10.796057790235078,106.67492629345334,20,33,0.99914
2025-12-09 14:46:10,Pham Van Dong,Go Vap,10.835298215641501,106.72935479345391,36,42,0.997644
2025-12-09 14:46:19,Cong truong lam son,Quan 1,10.777562007197462,106.7041335430398,18,30,1.0
2025-12-09 14:46:20,Nguyen Oanh ,Go Vap,10.83886351241477,106.67566625482782,36,36,1.0
2025-12-09 14:46:21,Le Hong Phong,Quan 10,10.765187049751795,106.67550552599073,24,35,1.0
2025-12-09 14:46:22,Nguyen Van Cu,Quan 5,10.759484371982321,106.6840537511244,15,27,0.997069
2025-12-09 14:46:23,Nga tu Binh Phuoc,Ngoai o,10.865229381280965,106.72366973948475,36,49,1.0
2025-12-09 14:46:32,Phu My Hung ,Quan 7,10.72279213640514,106.72808623948244,26,37,0.996624
2025-12-09 14:46:33,Nguyen Thai Son,Phu Nhuan,10.823400120373712,106.68551227436063,21,31,1.0
2025-12-09 14:46:34,An Duong Vuong,Quan 8,10.756158554057757,106.66631758181126,18,28,1.0
2025-12-09 14:46:35,Huynh Tan Phat,Nha Be,10.7144382088356,106.73711688366167,25,35,1.0
2025-12-09 14:46:44,Truong Chinh,Tan Binh ,10.817236653231737,106.63191539530457,21,35,1.0
2025-12-09 14:49:08,Cho Ben Thanh,Quan 1,10.772727584493625,106.69804225297563,12,24,0.996107
2025-12-09 14:49:54,Duong Nguyen Hue,Quan 1,10.774028664434528,106.70357076461706,28,28,1.0
2025-12-09 14:50:29,Nguyen Van Linh,Quan 7,10.752616652291238,106.72509685338922,39,39,1.0
2025-12-09 14:50:32,Vo Van Kiet,Quan 5,10.745754766198267,106.65326266831877,36,43,1.0
2025-12-09 14:51:45,Xa lo Ha Noi,QL1A,10.94927106740351,106.87196348224562,24,43,1.0
2025-12-09 14:51:48,Duong Dien Bien Phu,Quan 1,10.78866360854368,106.69551372228901,34,42,1.0
2025-12-09 14:51:51,Nga tu Hang Xanh,Binh Thanh,10.801406421807085,106.71148440879679,34,42,1.0
2025-12-09 14:52:02,Nga tu An Suong,Hoc Mon,10.843150534972033,106.6151343241409,22,34,1.0
2025-12-09 14:52:18,Ben xe Mien Dong,Quan 9,10.880537767027526,106.81481342866444,38,53,1.0
2025-12-09 14:52:53,Ben xe Mien Tay,Binh Tan,10.740840166521663,106.61899246873142,25,35,1.0
2025-12-09 14:53:37,Cau Sai Gon,Quan 2 ,10.798986343749618,106.72697056646841,45,45,1.0
2025-12-09 14:53:38,Cau Phu My,Q2,10.741860769464234,106.73790365482627,44,44,1.0
2025-12-09 14:53:40,Cau Kenh Te,Q4,10.752408891679814,106.7022703818112,27,34,1.0
2025-12-09 14:53:43,Cau Thu Thiem,Quan 2,10.786216596454727,106.71836665482695,40,40,1.0
2025-12-09 14:54:15,Nguyen Huu Canh,Binh Thanh,10.78948793356203,106.71518838181179,26,35,1.0
2025-12-09 14:54:17,Cong Hoa,Tan Binh,10.80223925742187,106.6478722259914,28,41,1.0
2025-12-09 14:54:18,Truong Son / Tan Son Nhat Blvd,Gan san bay,10.813928881466124,106.66511432455972,22,34,0.998657
2025-12-09 14:54:19,Nguyen Trai,Quan 5,10.755608615763382,106.67347943578082,17,28,1.0
2025-12-09 14:54:21,Le Duan,Quan 1,10.782680856341083,106.70051548181169,18,30,1.0
2025-12-09 14:54:22,Tran Hung Dao ,Quan 5,10.754895139302109,106.67839188181134,20,32,1.0
2025-12-09 14:54:23,Tran Quoc Thao,Quan 3,10.785070445194592,106.68331340921323,12,28,1.0
2025-12-09 14:54:24,Tran Hung Dao,Quan 5,10.7549373008113,106.67848844133415,20,32,1.0
2025-12-09 14:54:37,Cach Mang Thang 8 (CMT8),Quan 3,10.77898143649726,106.67684447140958,21,34,1.0
2025-12-09 14:54:49,Pham Ngu Lao / Bui Vien,Quan 1,10.767112828386699,106.6927618222887,20,20,1.0
2025-12-09 14:55:01,Nguyen Thi Minh Khai,Quan 3,10.77847212665258,106.69389510879643,28,41,1.0
2025-12-09 14:55:02,Nguyen Van Troi,Phu Nhuan,10.796057790235078,106.67492629345334,21,33,0.99784
2025-12-09 14:55:03,Pham Van Dong,Go Vap,10.835298215641501,106.72935479345391,35,42,0.997286
2025-12-09 14:55:04,Cong truong lam son,Quan 1,10.777562007197462,106.7041335430398,19,30,1.0
2025-12-09 14:55:06,Nguyen Oanh ,Go Vap,10.83886351241477,106.67566625482782,36,36,1.0
2025-12-09 14:55:14,Le Hong Phong,Quan 10,10.765187049751795,106.67550552599073,26,35,1.0
2025-12-09 14:55:26,Nguyen Van Cu,Quan 5,10.759484371982321,106.6840537511244,16,27,1.0
2025-12-09 14:55:27,Nga tu Binh Phuoc,Ngoai o,10.865229381280965,106.72366973948475,35,48,1.0
2025-12-09 14:55:29,Phu My Hung ,Quan 7,10.72279213640514,106.72808623948244,27,37,0.997292
2025-12-09 14:55:30,Nguyen Thai Son,Phu Nhuan,10.823400120373712,106.68551227436063,24,31,1.0
2025-12-09 14:55:38,An Duong Vuong,Quan 8,10.756158554057757,106.66631758181126,23,29,1.0
2025-12-09 14:55:39,Huynh Tan Phat,Nha Be,10.7144382088356,106.73711688366167,27,35,1.0
2025-12-09 14:55:40,Truong Chinh,Tan Binh ,10.817236653231737,106.63191539530457,22,34,1.0
2025-12-09 14:57:54,Cho Ben Thanh,Quan 1,10.772727584493625,106.69804225297563,14,23,0.994001
2025-12-09 14:57:55,Duong Nguyen Hue,Quan 1,10.774028664434528,106.70357076461706,21,27,1.0
2025-12-09 14:58:07,Nguyen Van Linh,Quan 7,10.752616652291238,106.72509685338922,30,39,1.0
2025-12-09 14:58:20,Vo Van Kiet,Quan 5,10.745754766198267,106.65326266831877,34,42,1.0
2025-12-09 14:58:21,Xa lo Ha Noi,QL1A,10.94927106740351,106.87196348224562,24,41,1.0
2025-12-09 14:58:22,Duong Dien Bien Phu,Quan 1,10.78866360854368,106.69551372228901,34,42,1.0
2025-12-09 14:58:24,Nga tu Hang Xanh,Binh Thanh,10.801406421807085,106.71148440879679,34,42,1.0
2025-12-09 14:58:39,Nga tu An Suong,Hoc Mon,10.843150534972033,106.6151343241409,21,35,1.0
2025-12-09 14:58:51,Ben xe Mien Dong,Quan 9,10.880537767027526,106.81481342866444,36,53,1.0
2025-12-09 14:58:52,Ben xe Mien Tay,Binh Tan,10.740840166521663,106.61899246873142,25,35,1.0
2025-12-09 14:59:27,Cau Sai Gon,Quan 2 ,10.798986343749618,106.72697056646841,45,45,1.0
2025-12-09 14:59:33,Cau Phu My,Q2,10.741860769464234,106.73790365482627,44,44,1.0
2025-12-09 14:59:45,Cau Kenh Te,Q4,10.752408891679814,106.7022703818112,26,33,1.0
2025-12-09 14:59:58,Cau Thu Thiem,Quan 2,10.786216596454727,106.71836665482695,40,40,1.0
2025-12-09 15:00:10,Nguyen Huu Canh,Binh Thanh,10.78948793356203,106.71518838181179,36,36,1.0
2025-12-09 15:00:12,Cong Hoa,Tan Binh,10.80223925742187,106.6478722259914,31,41,1.0
2025-12-09 15:00:14,Truong Son / Tan Son Nhat Blvd,Gan san bay,10.813928881466124,106.66511432455972,22,33,0.998657
2025-12-09 15:00:23,Nguyen Trai,Quan 5,10.755608615763382,106.67347943578082,17,27,0.996173
2025-12-09 15:00:36,Le Duan,Quan 1,10.782680856341083,106.70051548181169,18,30,1.0
2025-12-09 15:00:37,Tran Hung Dao ,Quan 5,10.754895139302109,106.67839188181134,22,33,1.0
2025-12-09 15:00:38,Tran Quoc Thao,Quan 3,10.785070445194592,106.68331340921323,10,27,1.0
2025-12-09 15:00:39,Tran Hung Dao,Quan 5,10.7549373008113,106.67848844133415,22,33,1.0
2025-12-09 15:00:40,Cach Mang Thang 8 (CMT8),Quan 3,10.77898143649726,106.67684447140958,21,34,1.0
2025-12-09 15:00:48,Pham Ngu Lao / Bui Vien,Quan 1,10.767112828386699,106.6927618222887,11,20,1.0
2025-12-09 15:00:49,Nguyen Thi Minh Khai,Quan 3,10.77847212665258,106.69389510879643,29,41,1.0
2025-12-09 15:00:51,Nguyen Van Troi,Phu Nhuan,10.796057790235078,106.67492629345334,22,34,0.998657
2025-12-09 15:00:52,Pham Van Dong,Go Vap,10.835298215641501,106.72935479345391,35,42,0.996476
2025-12-09 15:00:53,Cong truong lam son,Quan 1,10.777562007197462,106.7041335430398,18,30,1.0
2025-12-09 15:01:01,Nguyen Oanh ,Go Vap,10.83886351241477,106.67566625482782,29,36,0.998086
2025-12-09 15:01:02,Le Hong Phong,Quan 10,10.765187049751795,106.67550552599073,27,36,1.0
2025-12-09 15:01:03,Nguyen Van Cu,Quan 5,10.759484371982321,106.6840537511244,16,27,0.996173
2025-12-09 15:01:04,Nga tu Binh Phuoc,Ngoai o,10.865229381280965,106.72366973948475,37,50,1.0
2025-12-09 15:01:05,Phu My Hung ,Quan 7,10.72279213640514,106.72808623948244,27,36,0.997839
2025-12-09 15:01:13,Nguyen Thai Son,Phu Nhuan,10.823400120373712,106.68551227436063,23,31,1.0
2025-12-09 15:01:14,An Duong Vuong,Quan 8,10.756158554057757,106.66631758181126,19,29,1.0
2025-12-09 15:01:15,Huynh Tan Phat,Nha Be,10.7144382088356,106.73711688366167,26,35,1.0
2025-12-09 15:01:21,Truong Chinh,Tan Binh ,10.817236653231737,106.63191539530457,22,35,1.0
2025-12-09 15:03:34,Cho Ben Thanh,Quan 1,10.772727584493625,106.69804225297563,13,24,0.995744
2025-12-09 15:03:35,Duong Nguyen Hue,Quan 1,10.774028664434528,106.70357076461706,22,28,1.0
2025-12-09 15:03:36,Nguyen Van Linh,Quan 7,10.752616652291238,106.72509685338922,32,39,1.0
2025-12-09 15:03:38,Vo Van Kiet,Quan 5,10.745754766198267,106.65326266831877,35,42,1.0
2025-12-09 15:03:46,Xa lo Ha Noi,QL1A,10.94927106740351,106.87196348224562,28,41,1.0
2025-12-09 15:03:58,Duong Dien Bien Phu,Quan 1,10.78866360854368,106.69551372228901,34,42,1.0
2025-12-09 15:04:00,Nga tu Hang Xanh,Binh Thanh,10.801406421807085,106.71148440879679,34,42,1.0
2025-12-09 15:04:01,Nga tu An Suong,Hoc Mon,10.843150534972033,106.6151343241409,21,35,1.0
2025-12-09 15:04:02,Ben xe Mien Dong,Quan 9,10.880537767027526,106.81481342866444,38,53,1.0
2025-12-09 15:04:03,Ben xe Mien Tay,Binh Tan,10.740840166521663,106.61899246873142,25,35,1.0
2025-12-09 15:04:11,Cau Sai Gon,Quan 2 ,10.798986343749618,106.72697056646841,45,45,1.0
2025-12-09 15:04:25,Cau Phu My,Q2,10.741860769464234,106.73790365482627,44,44,1.0
2025-12-09 15:04:33,Cau Kenh Te,Q4,10.752408891679814,106.7022703818112,27,34,1.0
2025-12-09 15:04:39,Cau Thu Thiem,Quan 2,10.786216596454727,106.71836665482695,40,40,1.0
2025-12-09 15:05:12,Nguyen Huu Canh,Binh Thanh,10.78948793356203,106.71518838181179,36,36,1.0
2025-12-09 15:05:14,Cong Hoa,Tan Binh,10.80223925742187,106.6478722259914,32,41,1.0
2025-12-09 15:05:15,Truong Son / Tan Son Nhat Blvd,Gan san bay,10.813928881466124,106.66511432455972,21,34,0.998455
2025-12-09 15:05:16,Nguyen Trai,Quan 5,10.755608615763382,106.67347943578082,18,27,0.997894
2025-12-09 15:05:25,Le Duan,Quan 1,10.782680856341083,106.70051548181169,21,30,1.0
2025-12-09 15:05:26,Tran Hung Dao ,Quan 5,10.754895139302109,106.67839188181134,21,33,1.0
2025-12-09 15:05:28,Tran Quoc Thao,Quan 3,10.785070445194592,106.68331340921323,14,28,1.0
2025-12-09 15:05:33,Tran Hung Dao,Quan 5,10.7549373008113,106.67848844133415,21,33,1.0
2025-12-09 15:05:39,Cach Mang Thang 8 (CMT8),Quan 3,10.77898143649726,106.67684447140958,23,34,1.0
2025-12-09 15:05:51,Pham Ngu Lao / Bui Vien,Quan 1,10.767112828386699,106.6927618222887,10,20,1.0
2025-12-09 15:05:53,Nguyen Thi Minh Khai,Quan 3,10.77847212665258,106.69389510879643,28,41,1.0
2025-12-09 15:05:53,Nguyen Van Troi,Phu Nhuan,10.796057790235078,106.67492629345334,19,34,0.999425
2025-12-09 15:05:54,Pham Van Dong,Go Vap,10.835298215641501,106.72935479345391,33,42,0.996976
2025-12-09 15:05:55,Cong truong lam son,Quan 1,10.777562007197462,106.7041335430398,21,30,1.0
2025-12-09 15:06:04,Nguyen Oanh ,Go Vap,10.83886351241477,106.67566625482782,28,36,0.997426
2025-12-09 15:06:16,Le Hong Phong,Quan 10,10.765187049751795,106.67550552599073,23,35,1.0
2025-12-09 15:06:17,Nguyen Van Cu,Quan 5,10.759484371982321,106.6840537511244,18,27,0.997894
2025-12-09 15:06:18,Nga tu Binh Phuoc,Ngoai o,10.865229381280965,106.72366973948475,36,49,1.0
2025-12-09 15:06:18,Phu My Hung ,Quan 7,10.72279213640514,106.72808623948244,26,37,0.997777
2025-12-09 15:06:20,Nguyen Thai Son,Phu Nhuan,10.823400120373712,106.68551227436063,23,32,1.0
2025-12-09 15:06:21,An Duong Vuong,Quan 8,10.756158554057757,106.66631758181126,20,29,1.0
2025-12-09 15:06:29,Huynh Tan Phat,Nha Be,10.7144382088356,106.73711688366167,27,35,1.0
2025-12-09 15:06:31,Truong Chinh,Tan Binh ,10.817236653231737,106.63191539530457,21,35,1.0
2025-12-09 15:08:43,Cho Ben Thanh,Quan 1,10.772727584493625,106.69804225297563,11,23,0.997276
2025-12-09 15:08:55,Duong Nguyen Hue,Quan 1,10.774028664434528,106.70357076461706,19,27,1.0
2025-12-09 15:08:57,Nguyen Van Linh,Quan 7,10.752616652291238,106.72509685338922,31,38,1.0
2025-12-09 15:08:57,Vo Van Kiet,Quan 5,10.745754766198267,106.65326266831877,36,42,1.0
2025-12-09 15:09:01,Xa lo Ha Noi,QL1A,10.94927106740351,106.87196348224562,32,42,1.0
2025-12-09 15:09:08,Duong Dien Bien Phu,Quan 1,10.78866360854368,106.69551372228901,34,42,1.0
2025-12-09 15:09:10,Nga tu Hang Xanh,Binh Thanh,10.801406421807085,106.71148440879679,34,42,1.0
2025-12-09 15:09:11,Nga tu An Suong,Hoc Mon,10.843150534972033,106.6151343241409,22,35,1.0
2025-12-09 15:09:15,Ben xe Mien Dong,Quan 9,10.880537767027526,106.81481342866444,38,53,1.0
2025-12-09 15:09:21,Ben xe Mien Tay,Binh Tan,10.740840166521663,106.61899246873142,26,36,1.0
2025-12-09 15:09:57,Cau Sai Gon,Quan 2 ,10.798986343749618,106.72697056646841,45,45,1.0
2025-12-09 15:10:00,Cau Phu My,Q2,10.741860769464234,106.73790365482627,44,44,1.0
2025-12-09 15:10:02,Cau Kenh Te,Q4,10.752408891679814,106.7022703818112,25,34,1.0
2025-12-09 15:10:11,Cau Thu Thiem,Quan 2,10.786216596454727,106.71836665482695,40,40,1.0
2025-12-09 15:10:23,Nguyen Huu Canh,Binh Thanh,10.78948793356203,106.71518838181179,36,36,1.0
2025-12-09 15:10:24,Cong Hoa,Tan Binh,10.80223925742187,106.6478722259914,31,39,1.0
2025-12-09 15:10:25,Truong Son / Tan Son Nhat Blvd,Gan san bay,10.813928881466124,106.66511432455972,20,33,1.0
2025-12-09 15:10:27,Nguyen Trai,Quan 5,10.755608615763382,106.67347943578082,17,27,0.998947
2025-12-09 15:10:35,Le Duan,Quan 1,10.782680856341083,106.70051548181169,19,30,1.0
2025-12-09 15:10:36,Tran Hung Dao ,Quan 5,10.754895139302109,106.67839188181134,21,33,1.0
2025-12-09 15:10:37,Tran Quoc Thao,Quan 3,10.785070445194592,106.68331340921323,11,28,1.0
2025-12-09 15:10:38,Tran Hung Dao,Quan 5,10.7549373008113,106.67848844133415,21,33,1.0
2025-12-09 15:10:43,Cach Mang Thang 8 (CMT8),Quan 3,10.77898143649726,106.67684447140958,23,34,1.0
2025-12-09 15:10:47,Pham Ngu Lao / Bui Vien,Quan 1,10.767112828386699,106.6927618222887,20,20,1.0
2025-12-09 15:10:49,Nguyen Thi Minh Khai,Quan 3,10.77847212665258,106.69389510879643,28,41,1.0
2025-12-09 15:10:50,Nguyen Van Troi,Phu Nhuan,10.796057790235078,106.67492629345334,19,33,1.0
2025-12-09 15:10:52,Pham Van Dong,Go Vap,10.835298215641501,106.72935479345391,35,42,0.996676
2025-12-09 15:11:01,Cong truong lam son,Quan 1,10.777562007197462,106.7041335430398,19,30,1.0
2025-12-09 15:11:02,Nguyen Oanh ,Go Vap,10.83886351241477,106.67566625482782,28,35,0.99845
2025-12-09 15:11:04,Le Hong Phong,Quan 10,10.765187049751795,106.67550552599073,23,35,1.0
2025-12-09 15:11:14,Nguyen Van Cu,Quan 5,10.759484371982321,106.6840537511244,18,27,0.998947
2025-12-09 15:11:19,Nga tu Binh Phuoc,Ngoai o,10.865229381280965,106.72366973948475,36,49,1.0
2025-12-09 15:11:28,Phu My Hung ,Quan 7,10.72279213640514,106.72808623948244,26,37,0.999044
2025-12-09 15:11:29,Nguyen Thai Son,Phu Nhuan,10.823400120373712,106.68551227436063,24,31,1.0
2025-12-09 15:11:30,An Duong Vuong,Quan 8,10.756158554057757,106.66631758181126,23,29,1.0
2025-12-09 15:11:31,Huynh Tan Phat,Nha Be,10.7144382088356,106.73711688366167,27,35,1.0
2025-12-09 15:11:40,Truong Chinh,Tan Binh ,10.817236653231737,106.63191539530457,21,34,1.0
2025-12-09 15:13:53,Cho Ben Thanh,Quan 1,10.772727584493625,106.69804225297563,13,24,0.99874
2025-12-09 15:14:09,Duong Nguyen Hue,Quan 1,10.774028664434528,106.70357076461706,28,28,1.0
2025-12-09 15:14:22,Nguyen Van Linh,Quan 7,10.752616652291238,106.72509685338922,39,39,1.0
2025-12-09 15:14:24,Vo Van Kiet,Quan 5,10.745754766198267,106.65326266831877,35,42,1.0
2025-12-09 15:14:59,Xa lo Ha Noi,QL1A,10.94927106740351,106.87196348224562,31,41,1.0
2025-12-09 15:15:01,Duong Dien Bien Phu,Quan 1,10.78866360854368,106.69551372228901,33,42,1.0
2025-12-09 15:15:02,Nga tu Hang Xanh,Binh Thanh,10.801406421807085,106.71148440879679,33,42,1.0
2025-12-09 15:15:12,Nga tu An Suong,Hoc Mon,10.843150534972033,106.6151343241409,21,35,1.0
2025-12-09 15:15:24,Ben xe Mien Dong,Quan 9,10.880537767027526,106.81481342866444,40,53,1.0
2025-12-09 15:15:26,Ben xe Mien Tay,Binh Tan,10.740840166521663,106.61899246873142,25,36,1.0
2025-12-09 15:15:27,Cau Sai Gon,Quan 2 ,10.798986343749618,106.72697056646841,45,45,1.0
2025-12-09 15:15:30,Cau Phu My,Q2,10.741860769464234,106.73790365482627,44,44,1.0
2025-12-09 15:15:37,Cau Kenh Te,Q4,10.752408891679814,106.7022703818112,24,34,1.0
2025-12-09 15:15:38,Cau Thu Thiem,Quan 2,10.786216596454727,106.71836665482695,40,40,1.0
2025-12-09 15:15:39,Nguyen Huu Canh,Binh Thanh,10.78948793356203,106.71518838181179,36,36,1.0
2025-12-09 15:15:43,Cong Hoa,Tan Binh,10.80223925742187,106.6478722259914,33,41,1.0
2025-12-09 15:15:50,Truong Son / Tan Son Nhat Blvd,Gan san bay,10.813928881466124,106.66511432455972,20,33,0.998954
2025-12-09 15:15:55,Nguyen Trai,Quan 5,10.755608615763382,106.67347943578082,15,27,1.0
2025-12-09 15:16:02,Le Duan,Quan 1,10.782680856341083,106.70051548181169,19,30,1.0
2025-12-09 15:16:04,Tran Hung Dao ,Quan 5,10.754895139302109,106.67839188181134,20,32,1.0
2025-12-09 15:16:05,Tran Quoc Thao,Quan 3,10.785070445194592,106.68331340921323,14,27,1.0
2025-12-09 15:16:08,Tran Hung Dao,Quan 5,10.7549373008113,106.67848844133415,20,32,1.0
2025-12-09 15:16:33,Cach Mang Thang 8 (CMT8),Quan 3,10.77898143649726,106.67684447140958,23,34,1.0
2025-12-09 15:16:46,Pham Ngu Lao / Bui Vien,Quan 1,10.767112828386699,106.6927618222887,12,19,1.0
2025-12-09 15:16:47,Nguyen Thi Minh Khai,Quan 3,10.77847212665258,106.69389510879643,29,41,1.0
2025-12-09 15:16:58,Nguyen Van Troi,Phu Nhuan,10.796057790235078,106.67492629345334,21,33,1.0
2025-12-09 15:17:11,Pham Van Dong,Go Vap,10.835298215641501,106.72935479345391,34,42,0.99555
2025-12-09 15:17:13,Cong truong lam son,Quan 1,10.777562007197462,106.7041335430398,17,30,1.0
2025-12-09 15:17:15,Nguyen Oanh ,Go Vap,10.83886351241477,106.67566625482782,26,36,1.0
2025-12-09 15:17:30,Le Hong Phong,Quan 10,10.765187049751795,106.67550552599073,24,36,1.0
2025-12-09 15:17:44,Nguyen Van Cu,Quan 5,10.759484371982321,106.6840537511244,17,28,1.0
2025-12-09 15:17:57,Nga tu Binh Phuoc,Ngoai o,10.865229381280965,106.72366973948475,34,49,1.0
2025-12-09 15:18:03,Phu My Hung ,Quan 7,10.72279213640514,106.72808623948244,27,37,0.998722
2025-12-09 15:18:42,Nguyen Thai Son,Phu Nhuan,10.823400120373712,106.68551227436063,25,31,1.0
2025-12-09 15:19:15,An Duong Vuong,Quan 8,10.756158554057757,106.66631758181126,19,29,1.0
2025-12-09 15:20:19,Huynh Tan Phat,Nha Be,10.7144382088356,106.73711688366167,26,35,1.0
2025-12-09 15:20:21,Truong Chinh,Tan Binh ,10.817236653231737,106.63191539530457,20,35,1.0
2025-12-09 15:22:58,Cho Ben Thanh,Quan 1,10.772727584493625,106.69804225297563,15,24,0.998765
2025-12-09 15:23:15,Duong Nguyen Hue,Quan 1,10.774028664434528,106.70357076461706,19,27,1.0
2025-12-09 15:23:28,Nguyen Van Linh,Quan 7,10.752616652291238,106.72509685338922,39,39,1.0
2025-12-09 15:23:29,Vo Van Kiet,Quan 5,10.745754766198267,106.65326266831877,42,42,1.0
2025-12-09 15:23:30,Xa lo Ha Noi,QL1A,10.94927106740351,106.87196348224562,23,42,1.0
2025-12-09 15:23:31,Duong Dien Bien Phu,Quan 1,10.78866360854368,106.69551372228901,32,42,1.0
2025-12-09 15:24:08,Nga tu Hang Xanh,Binh Thanh,10.801406421807085,106.71148440879679,32,41,1.0
2025-12-09 15:24:21,Nga tu An Suong,Hoc Mon,10.843150534972033,106.6151343241409,20,35,1.0
2025-12-09 15:24:33,Ben xe Mien Dong,Quan 9,10.880537767027526,106.81481342866444,36,53,1.0
2025-12-09 15:24:34,Ben xe Mien Tay,Binh Tan,10.740840166521663,106.61899246873142,27,35,1.0
2025-12-09 15:24:37,Cau Sai Gon,Quan 2 ,10.798986343749618,106.72697056646841,45,45,1.0
2025-12-09 15:24:49,Cau Phu My,Q2,10.741860769464234,106.73790365482627,44,44,1.0
2025-12-09 15:25:04,Cau Kenh Te,Q4,10.752408891679814,106.7022703818112,25,33,1.0
2025-12-09 15:25:06,Cau Thu Thiem,Quan 2,10.786216596454727,106.71836665482695,40,40,1.0
2025-12-09 15:25:17,Nguyen Huu Canh,Binh Thanh,10.78948793356203,106.71518838181179,36,36,1.0
2025-12-09 15:25:39,Cong Hoa,Tan Binh,10.80223925742187,106.6478722259914,30,39,1.0
2025-12-09 15:25:41,Truong Son / Tan Son Nhat Blvd,Gan san bay,10.813928881466124,106.66511432455972,20,34,0.999207
2025-12-09 15:25:42,Nguyen Trai,Quan 5,10.755608615763382,106.67347943578082,19,28,1.0
2025-12-09 15:25:55,Le Duan,Quan 1,10.782680856341083,106.70051548181169,18,30,1.0
2025-12-09 15:26:13,Tran Hung Dao ,Quan 5,10.754895139302109,106.67839188181134,21,32,1.0
2025-12-09 15:26:27,Tran Quoc Thao,Quan 3,10.785070445194592,106.68331340921323,14,27,1.0
2025-12-09 15:26:43,Tran Hung Dao,Quan 5,10.7549373008113,106.67848844133415,21,32,1.0
2025-12-09 15:26:48,Cach Mang Thang 8 (CMT8),Quan 3,10.77898143649726,106.67684447140958,24,34,1.0
2025-12-09 15:29:10,Pham Ngu Lao / Bui Vien,Quan 1,10.767112828386699,106.6927618222887,15,20,1.0
2025-12-09 15:29:11,Nguyen Thi Minh Khai,Quan 3,10.77847212665258,106.69389510879643,29,41,1.0
2025-12-09 15:30:15,Nguyen Van Troi,Phu Nhuan,10.796057790235078,106.67492629345334,21,34,0.998954
2025-12-09 15:30:17,Pham Van Dong,Go Vap,10.835298215641501,106.72935479345391,36,42,0.997127
2025-12-09 15:30:51,Cong truong lam son,Quan 1,10.777562007197462,106.7041335430398,18,31,1.0
2025-12-09 15:30:52,Nguyen Oanh ,Go Vap,10.83886351241477,106.67566625482782,26,36,0.999211
2025-12-09 15:30:53,Le Hong Phong,Quan 10,10.765187049751795,106.67550552599073,27,36,1.0
2025-12-09 15:30:55,Nguyen Van Cu,Quan 5,10.759484371982321,106.6840537511244,17,27,0.997894
2025-12-09 15:31:04,Nga tu Binh Phuoc,Ngoai o,10.865229381280965,106.72366973948475,34,49,1.0
2025-12-09 15:31:16,Phu My Hung ,Quan 7,10.72279213640514,106.72808623948244,27,37,1.0
2025-12-09 15:31:17,Nguyen Thai Son,Phu Nhuan,10.823400120373712,106.68551227436063,24,31,1.0
2025-12-09 15:31:18,An Duong Vuong,Quan 8,10.756158554057757,106.66631758181126,19,29,1.0
2025-12-09 15:31:19,Huynh Tan Phat,Nha Be,10.7144382088356,106.73711688366167,26,35,1.0
2025-12-09 15:31:21,Truong Chinh,Tan Binh ,10.817236653231737,106.63191539530457,20,35,1.0
2025-12-09 15:33:34,Cho Ben Thanh,Quan 1,10.772727584493625,106.69804225297563,15,24,0.992474
2025-12-09 15:33:39,Duong Nguyen Hue,Quan 1,10.774028664434528,106.70357076461706,20,27,1.0
2025-12-09 15:33:47,Nguyen Van Linh,Quan 7,10.752616652291238,106.72509685338922,39,39,1.0
2025-12-09 15:34:00,Vo Van Kiet,Quan 5,10.745754766198267,106.65326266831877,36,43,1.0
2025-12-09 15:34:03,Xa lo Ha Noi,QL1A,10.94927106740351,106.87196348224562,34,41,1.0
2025-12-09 15:34:05,Duong Dien Bien Phu,Quan 1,10.78866360854368,106.69551372228901,32,41,1.0
2025-12-09 15:34:12,Nga tu Hang Xanh,Binh Thanh,10.801406421807085,106.71148440879679,32,42,1.0
2025-12-09 15:34:16,Nga tu An Suong,Hoc Mon,10.843150534972033,106.6151343241409,22,35,1.0
2025-12-09 15:34:20,Ben xe Mien Dong,Quan 9,10.880537767027526,106.81481342866444,41,53,1.0
2025-12-09 15:34:26,Ben xe Mien Tay,Binh Tan,10.740840166521663,106.61899246873142,25,36,1.0
2025-12-09 15:34:28,Cau Sai Gon,Quan 2 ,10.798986343749618,106.72697056646841,45,45,1.0
2025-12-09 15:34:29,Cau Phu My,Q2,10.741860769464234,106.73790365482627,44,44,1.0
2025-12-09 15:34:39,Cau Kenh Te,Q4,10.752408891679814,106.7022703818112,25,34,1.0
2025-12-09 15:34:40,Cau Thu Thiem,Quan 2,10.786216596454727,106.71836665482695,40,40,1.0
2025-12-09 15:34:42,Nguyen Huu Canh,Binh Thanh,10.78948793356203,106.71518838181179,36,36,1.0
2025-12-09 15:34:43,Cong Hoa,Tan Binh,10.80223925742187,106.6478722259914,30,39,1.0
2025-12-09 15:34:51,Truong Son / Tan Son Nhat Blvd,Gan san bay,10.813928881466124,106.66511432455972,22,34,0.998923
2025-12-09 15:34:52,Nguyen Trai,Quan 5,10.755608615763382,106.67347943578082,19,27,1.0
2025-12-09 15:34:55,Le Duan,Quan 1,10.782680856341083,106.70051548181169,18,30,1.0
2025-12-09 15:35:04,Tran Hung Dao ,Quan 5,10.754895139302109,106.67839188181134,22,32,1.0
2025-12-09 15:35:06,Tran Quoc Thao,Quan 3,10.785070445194592,106.68331340921323,11,27,1.0
2025-12-09 15:35:07,Tran Hung Dao,Quan 5,10.7549373008113,106.67848844133415,22,32,1.0
2025-12-09 15:35:08,Cach Mang Thang 8 (CMT8),Quan 3,10.77898143649726,106.67684447140958,23,34,1.0
2025-12-09 15:35:17,Pham Ngu Lao / Bui Vien,Quan 1,10.767112828386699,106.6927618222887,15,19,1.0
2025-12-09 15:35:29,Nguyen Thi Minh Khai,Quan 3,10.77847212665258,106.69389510879643,29,41,1.0
2025-12-09 15:35:34,Nguyen Van Troi,Phu Nhuan,10.796057790235078,106.67492629345334,22,34,0.998923
2025-12-09 15:35:42,Pham Van Dong,Go Vap,10.835298215641501,106.72935479345391,36,42,0.996666
2025-12-09 15:35:44,Cong truong lam son,Quan 1,10.777562007197462,106.7041335430398,20,30,1.0
2025-12-09 15:35:46,Nguyen Oanh ,Go Vap,10.83886351241477,106.67566625482782,26,35,1.0
2025-12-09 15:35:56,Le Hong Phong,Quan 10,10.765187049751795,106.67550552599073,23,35,1.0
2025-12-09 15:35:57,Nguyen Van Cu,Quan 5,10.759484371982321,106.6840537511244,21,28,0.997894
2025-12-09 15:36:04,Nga tu Binh Phuoc,Ngoai o,10.865229381280965,106.72366973948475,34,49,1.0
2025-12-09 15:36:08,Phu My Hung ,Quan 7,10.72279213640514,106.72808623948244,24,37,1.0
2025-12-09 15:36:15,Nguyen Thai Son,Phu Nhuan,10.823400120373712,106.68551227436063,32,32,1.0
2025-12-09 15:36:22,An Duong Vuong,Quan 8,10.756158554057757,106.66631758181126,20,29,1.0
2025-12-09 15:36:59,Huynh Tan Phat,Nha Be,10.7144382088356,106.73711688366167,25,35,1.0
2025-12-09 15:37:05,Truong Chinh,Tan Binh ,10.817236653231737,106.63191539530457,21,35,1.0
2025-12-09 15:39:26,Cho Ben Thanh,Quan 1,10.772727584493625,106.69804225297563,15,24,0.990438
2025-12-09 15:39:39,Duong Nguyen Hue,Quan 1,10.774028664434528,106.70357076461706,28,28,1.0
2025-12-09 15:39:40,Nguyen Van Linh,Quan 7,10.752616652291238,106.72509685338922,39,39,1.0
2025-12-09 15:39:43,Vo Van Kiet,Quan 5,10.745754766198267,106.65326266831877,34,42,1.0
2025-12-09 15:39:52,Xa lo Ha Noi,QL1A,10.94927106740351,106.87196348224562,31,41,1.0
2025-12-09 15:40:06,Duong Dien Bien Phu,Quan 1,10.78866360854368,106.69551372228901,33,42,1.0
2025-12-09 15:40:08,Nga tu Hang Xanh,Binh Thanh,10.801406421807085,106.71148440879679,33,42,1.0
2025-12-09 15:40:09,Nga tu An Suong,Hoc Mon,10.843150534972033,106.6151343241409,21,34,1.0
2025-12-09 15:40:24,Ben xe Mien Dong,Quan 9,10.880537767027526,106.81481342866444,40,53,1.0
2025-12-09 15:41:01,Ben xe Mien Tay,Binh Tan,10.740840166521663,106.61899246873142,25,35,1.0
2025-12-09 15:41:07,Cau Sai Gon,Quan 2 ,10.798986343749618,106.72697056646841,45,45,1.0
2025-12-09 15:41:09,Cau Phu My,Q2,10.741860769464234,106.73790365482627,44,44,1.0
2025-12-09 15:41:26,Cau Kenh Te,Q4,10.752408891679814,106.7022703818112,24,34,1.0
2025-12-09 15:41:40,Cau Thu Thiem,Quan 2,10.786216596454727,106.71836665482695,40,40,1.0
2025-12-09 15:41:42,Nguyen Huu Canh,Binh Thanh,10.78948793356203,106.71518838181179,36,36,1.0
2025-12-09 15:41:43,Cong Hoa,Tan Binh,10.80223925742187,106.6478722259914,27,41,1.0
2025-12-09 15:41:52,Truong Son / Tan Son Nhat Blvd,Gan san bay,10.813928881466124,106.66511432455972,22,34,0.998657
2025-12-09 15:42:05,Nguyen Trai,Quan 5,10.755608615763382,106.67347943578082,18,27,0.998951
2025-12-09 15:42:07,Le Duan,Quan 1,10.782680856341083,106.70051548181169,19,30,1.0
2025-12-09 15:42:14,Tran Hung Dao ,Quan 5,10.754895139302109,106.67839188181134,21,33,1.0
2025-12-09 15:42:22,Tran Quoc Thao,Quan 3,10.785070445194592,106.68331340921323,12,27,1.0
2025-12-09 15:42:34,Tran Hung Dao,Quan 5,10.7549373008113,106.67848844133415,20,32,1.0
2025-12-09 15:42:36,Cach Mang Thang 8 (CMT8),Quan 3,10.77898143649726,106.67684447140958,23,34,1.0
2025-12-09 15:42:38,Pham Ngu Lao / Bui Vien,Quan 1,10.767112828386699,106.6927618222887,20,20,1.0
2025-12-09 15:42:39,Nguyen Thi Minh Khai,Quan 3,10.77847212665258,106.69389510879643,28,42,1.0
2025-12-09 15:42:50,Nguyen Van Troi,Phu Nhuan,10.796057790235078,106.67492629345334,22,34,0.998657
2025-12-09 15:42:51,Pham Van Dong,Go Vap,10.835298215641501,106.72935479345391,36,42,0.997296
2025-12-09 15:43:03,Cong truong lam son,Quan 1,10.777562007197462,106.7041335430398,19,29,1.0
2025-12-09 15:43:07,Nguyen Oanh ,Go Vap,10.83886351241477,106.67566625482782,26,36,0.998447
2025-12-09 15:43:13,Le Hong Phong,Quan 10,10.765187049751795,106.67550552599073,25,36,1.0
2025-12-09 15:43:16,Nguyen Van Cu,Quan 5,10.759484371982321,106.6840537511244,20,27,0.998947
2025-12-09 15:43:32,Nga tu Binh Phuoc,Ngoai o,10.865229381280965,106.72366973948475,33,49,1.0
2025-12-09 15:43:36,Phu My Hung ,Quan 7,10.72279213640514,106.72808623948244,25,36,0.999769
2025-12-09 15:43:37,Nguyen Thai Son,Phu Nhuan,10.823400120373712,106.68551227436063,23,31,1.0
2025-12-09 15:43:39,An Duong Vuong,Quan 8,10.756158554057757,106.66631758181126,18,29,1.0
2025-12-09 15:43:45,Huynh Tan Phat,Nha Be,10.7144382088356,106.73711688366167,24,35,1.0
2025-12-09 15:43:46,Truong Chinh,Tan Binh ,10.817236653231737,106.63191539530457,22,35,1.0
2025-12-09 15:45:59,Cho Ben Thanh,Quan 1,10.772727584493625,106.69804225297563,11,24,0.992807
2025-12-09 15:46:01,Duong Nguyen Hue,Quan 1,10.774028664434528,106.70357076461706,22,27,1.0
2025-12-09 15:46:02,Nguyen Van Linh,Quan 7,10.752616652291238,106.72509685338922,39,39,1.0
2025-12-09 15:46:15,Vo Van Kiet,Quan 5,10.745754766198267,106.65326266831877,36,43,0.999762
2025-12-09 15:46:27,Xa lo Ha Noi,QL1A,10.94927106740351,106.87196348224562,25,41,1.0
2025-12-09 15:46:28,Duong Dien Bien Phu,Quan 1,10.78866360854368,106.69551372228901,32,41,1.0
2025-12-09 15:46:29,Nga tu Hang Xanh,Binh Thanh,10.801406421807085,106.71148440879679,32,41,1.0
2025-12-09 15:46:30,Nga tu An Suong,Hoc Mon,10.843150534972033,106.6151343241409,21,35,1.0
2025-12-09 15:46:31,Ben xe Mien Dong,Quan 9,10.880537767027526,106.81481342866444,42,53,1.0
2025-12-09 15:46:41,Ben xe Mien Tay,Binh Tan,10.740840166521663,106.61899246873142,25,35,1.0
2025-12-09 15:46:42,Cau Sai Gon,Quan 2 ,10.798986343749618,106.72697056646841,45,45,1.0
2025-12-09 15:46:43,Cau Phu My,Q2,10.741860769464234,106.73790365482627,44,44,1.0
2025-12-09 15:46:47,Cau Kenh Te,Q4,10.752408891679814,106.7022703818112,22,34,1.0
2025-12-09 15:46:54,Cau Thu Thiem,Quan 2,10.786216596454727,106.71836665482695,40,40,1.0
2025-12-09 15:46:55,Nguyen Huu Canh,Binh Thanh,10.78948793356203,106.71518838181179,36,36,1.0
2025-12-09 15:46:56,Cong Hoa,Tan Binh,10.80223925742187,106.6478722259914,31,41,1.0
2025-12-09 15:46:57,Truong Son / Tan Son Nhat Blvd,Gan san bay,10.813928881466124,106.66511432455972,22,34,0.998736
2025-12-09 15:47:13,Nguyen Trai,Quan 5,10.755608615763382,106.67347943578082,19,28,1.0
2025-12-09 15:47:25,Le Duan,Quan 1,10.782680856341083,106.70051548181169,18,30,1.0
2025-12-09 15:47:37,Tran Hung Dao ,Quan 5,10.754895139302109,106.67839188181134,22,33,1.0
2025-12-09 15:47:38,Tran Quoc Thao,Quan 3,10.785070445194592,106.68331340921323,14,27,1.0
2025-12-09 15:47:39,Tran Hung Dao,Quan 5,10.7549373008113,106.67848844133415,22,33,1.0
2025-12-09 15:47:41,Cach Mang Thang 8 (CMT8),Quan 3,10.77898143649726,106.67684447140958,23,34,1.0
2025-12-09 15:47:42,Pham Ngu Lao / Bui Vien,Quan 1,10.767112828386699,106.6927618222887,14,20,1.0
2025-12-09 15:47:49,Nguyen Thi Minh Khai,Quan 3,10.77847212665258,106.69389510879643,28,41,1.0
2025-12-09 15:47:50,Nguyen Van Troi,Phu Nhuan,10.796057790235078,106.67492629345334,21,33,0.998692
2025-12-09 15:47:51,Pham Van Dong,Go Vap,10.835298215641501,106.72935479345391,35,42,0.998017
2025-12-09 15:47:52,Cong truong lam son,Quan 1,10.777562007197462,106.7041335430398,18,29,1.0
2025-12-09 15:47:53,Nguyen Oanh ,Go Vap,10.83886351241477,106.67566625482782,27,37,1.0
2025-12-09 15:47:54,Le Hong Phong,Quan 10,10.765187049751795,106.67550552599073,19,35,1.0
2025-12-09 15:48:01,Nguyen Van Cu,Quan 5,10.759484371982321,106.6840537511244,17,27,1.0
2025-12-09 15:48:02,Nga tu Binh Phuoc,Ngoai o,10.865229381280965,106.72366973948475,34,49,1.0
2025-12-09 15:48:04,Phu My Hung ,Quan 7,10.72279213640514,106.72808623948244,25,36,1.0
2025-12-09 15:48:05,Nguyen Thai Son,Phu Nhuan,10.823400120373712,106.68551227436063,32,32,1.0
2025-12-09 15:48:05,An Duong Vuong,Quan 8,10.756158554057757,106.66631758181126,21,29,1.0
2025-12-09 15:48:14,Huynh Tan Phat,Nha Be,10.7144382088356,106.73711688366167,25,35,1.0
2025-12-09 15:48:15,Truong Chinh,Tan Binh ,10.817236653231737,106.63191539530457,21,35,1.0
2025-12-09 17:40:47,Cho Ben Thanh,Quan 1,10.772727584493625,106.69804225297563,10,24,0.991451
2025-12-09 17:40:48,Duong Nguyen Hue,Quan 1,10.774028664434528,106.70357076461706,15,28,1.0
2025-12-09 17:40:49,Nguyen Van Linh,Quan 7,10.752616652291238,106.72509685338922,34,42,1.0
2025-12-09 17:40:50,Vo Van Kiet,Quan 5,10.745754766198267,106.65326266831877,34,43,1.0
2025-12-09 17:40:51,Xa lo Ha Noi,QL1A,10.94927106740351,106.87196348224562,25,42,1.0
2025-12-09 17:40:52,Duong Dien Bien Phu,Quan 1,10.78866360854368,106.69551372228901,26,41,1.0
2025-12-09 17:40:52,Nga tu Hang Xanh,Binh Thanh,10.801406421807085,106.71148440879679,26,41,1.0
2025-12-09 17:40:53,Nga tu An Suong,Hoc Mon,10.843150534972033,106.6151343241409,20,35,1.0
2025-12-09 17:40:54,Ben xe Mien Dong,Quan 9,10.880537767027526,106.81481342866444,41,53,1.0
2025-12-09 17:40:55,Ben xe Mien Tay,Binh Tan,10.740840166521663,106.61899246873142,23,35,1.0
2025-12-09 17:40:56,Cau Sai Gon,Quan 2 ,10.798986343749618,106.72697056646841,23,43,1.0
2025-12-09 17:40:57,Cau Phu My,Q2,10.741860769464234,106.73790365482627,35,44,1.0
2025-12-09 17:40:58,Cau Kenh Te,Q4,10.752408891679814,106.7022703818112,17,33,1.0
2025-12-09 17:41:11,Cau Thu Thiem,Quan 2,10.786216596454727,106.71836665482695,40,40,1.0
2025-12-09 17:41:12,Nguyen Huu Canh,Binh Thanh,10.78948793356203,106.71518838181179,27,36,1.0
2025-12-09 17:41:13,Cong Hoa,Tan Binh,10.80223925742187,106.6478722259914,24,39,1.0
2025-12-09 17:41:14,Truong Son / Tan Son Nhat Blvd,Gan san bay,10.813928881466124,106.66511432455972,17,34,0.998657
2025-12-09 17:41:14,Nguyen Trai,Quan 5,10.755608615763382,106.67347943578082,17,27,1.0
2025-12-09 17:41:15,Le Duan,Quan 1,10.782680856341083,106.70051548181169,11,31,1.0
2025-12-09 17:41:16,Tran Hung Dao ,Quan 5,10.754895139302109,106.67839188181134,17,33,1.0
2025-12-09 17:41:17,Tran Quoc Thao,Quan 3,10.785070445194592,106.68331340921323,13,27,1.0
2025-12-09 17:41:18,Tran Hung Dao,Quan 5,10.7549373008113,106.67848844133415,17,33,1.0
2025-12-09 17:41:19,Cach Mang Thang 8 (CMT8),Quan 3,10.77898143649726,106.67684447140958,20,34,1.0
2025-12-09 17:41:20,Pham Ngu Lao / Bui Vien,Quan 1,10.767112828386699,106.6927618222887,12,20,1.0
2025-12-09 17:41:21,Nguyen Thi Minh Khai,Quan 3,10.77847212665258,106.69389510879643,25,41,1.0
2025-12-09 17:41:34,Nguyen Van Troi,Phu Nhuan,10.796057790235078,106.67492629345334,17,34,0.998657
2025-12-09 17:41:47,Pham Van Dong,Go Vap,10.835298215641501,106.72935479345391,33,42,0.998371
2025-12-09 17:41:48,Cong truong lam son,Quan 1,10.777562007197462,106.7041335430398,11,31,1.0
2025-12-09 17:41:49,Nguyen Oanh ,Go Vap,10.83886351241477,106.67566625482782,20,36,1.0
2025-12-09 17:41:49,Le Hong Phong,Quan 10,10.765187049751795,106.67550552599073,21,36,1.0
2025-12-09 17:41:50,Nguyen Van Cu,Quan 5,10.759484371982321,106.6840537511244,17,27,1.0
2025-12-09 17:41:51,Nga tu Binh Phuoc,Ngoai o,10.865229381280965,106.72366973948475,32,49,1.0
2025-12-09 17:41:52,Phu My Hung ,Quan 7,10.72279213640514,106.72808623948244,21,37,0.9983
2025-12-09 17:41:53,Nguyen Thai Son,Phu Nhuan,10.823400120373712,106.68551227436063,20,31,1.0
2025-12-09 17:41:54,An Duong Vuong,Quan 8,10.756158554057757,106.66631758181126,19,29,1.0
2025-12-09 17:42:07,Huynh Tan Phat,Nha Be,10.7144382088356,106.73711688366167,20,35,1.0
2025-12-09 17:42:20,Truong Chinh,Tan Binh ,10.817236653231737,106.63191539530457,19,35,1.0
2025-12-09 17:44:33,Cho Ben Thanh,Quan 1,10.772727584493625,106.69804225297563,11,23,0.99398
2025-12-09 17:44:34,Duong Nguyen Hue,Quan 1,10.774028664434528,106.70357076461706,12,28,1.0
2025-12-09 17:44:35,Nguyen Van Linh,Quan 7,10.752616652291238,106.72509685338922,38,42,1.0
2025-12-09 17:44:36,Vo Van Kiet,Quan 5,10.745754766198267,106.65326266831877,35,42,1.0
2025-12-09 17:44:37,Xa lo Ha Noi,QL1A,10.94927106740351,106.87196348224562,25,42,1.0
2025-12-09 17:44:37,Duong Dien Bien Phu,Quan 1,10.78866360854368,106.69551372228901,26,42,1.0
2025-12-09 17:44:50,Nga tu Hang Xanh,Binh Thanh,10.801406421807085,106.71148440879679,26,42,1.0
2025-12-09 17:44:51,Nga tu An Suong,Hoc Mon,10.843150534972033,106.6151343241409,20,34,1.0
2025-12-09 17:44:52,Ben xe Mien Dong,Quan 9,10.880537767027526,106.81481342866444,42,53,1.0
2025-12-09 17:44:53,Ben xe Mien Tay,Binh Tan,10.740840166521663,106.61899246873142,24,35,1.0
2025-12-09 17:44:54,Cau Sai Gon,Quan 2 ,10.798986343749618,106.72697056646841,22,46,1.0
2025-12-09 17:44:55,Cau Phu My,Q2,10.741860769464234,106.73790365482627,36,44,1.0
2025-12-09 17:45:08,Cau Kenh Te,Q4,10.752408891679814,106.7022703818112,17,33,1.0
2025-12-09 17:45:21,Cau Thu Thiem,Quan 2,10.786216596454727,106.71836665482695,40,40,1.0
2025-12-09 17:45:22,Nguyen Huu Canh,Binh Thanh,10.78948793356203,106.71518838181179,28,36,1.0
2025-12-09 17:45:23,Cong Hoa,Tan Binh,10.80223925742187,106.6478722259914,25,39,1.0
2025-12-09 17:45:24,Truong Son / Tan Son Nhat Blvd,Gan san bay,10.813928881466124,106.66511432455972,18,34,1.0
2025-12-09 17:45:24,Nguyen Trai,Quan 5,10.755608615763382,106.67347943578082,18,27,1.0
2025-12-09 17:45:25,Le Duan,Quan 1,10.782680856341083,106.70051548181169,11,30,1.0
2025-12-09 17:45:38,Tran Hung Dao ,Quan 5,10.754895139302109,106.67839188181134,17,33,1.0
2025-12-09 17:45:50,Tran Quoc Thao,Quan 3,10.785070445194592,106.68331340921323,13,28,1.0
2025-12-09 17:45:51,Tran Hung Dao,Quan 5,10.7549373008113,106.67848844133415,17,33,1.0
2025-12-09 17:45:52,Cach Mang Thang 8 (CMT8),Quan 3,10.77898143649726,106.67684447140958,20,34,1.0
2025-12-09 17:45:53,Pham Ngu Lao / Bui Vien,Quan 1,10.767112828386699,106.6927618222887,12,19,1.0
2025-12-09 17:45:54,Nguyen Thi Minh Khai,Quan 3,10.77847212665258,106.69389510879643,26,41,1.0
2025-12-09 17:46:06,Nguyen Van Troi,Phu Nhuan,10.796057790235078,106.67492629345334,18,34,1.0
2025-12-09 17:46:18,Pham Van Dong,Go Vap,10.835298215641501,106.72935479345391,34,42,0.997634
2025-12-09 17:46:19,Cong truong lam son,Quan 1,10.777562007197462,106.7041335430398,11,30,1.0
2025-12-09 17:46:20,Nguyen Oanh ,Go Vap,10.83886351241477,106.67566625482782,21,36,1.0
2025-12-09 17:46:21,Le Hong Phong,Quan 10,10.765187049751795,106.67550552599073,26,35,1.0
2025-12-09 17:46:22,Nguyen Van Cu,Quan 5,10.759484371982321,106.6840537511244,18,27,1.0
2025-12-09 17:46:22,Nga tu Binh Phuoc,Ngoai o,10.865229381280965,106.72366973948475,31,49,1.0
2025-12-09 17:46:30,Phu My Hung ,Quan 7,10.72279213640514,106.72808623948244,23,37,0.998601
2025-12-09 17:46:42,Nguyen Thai Son,Phu Nhuan,10.823400120373712,106.68551227436063,19,31,1.0
2025-12-09 17:46:43,An Duong Vuong,Quan 8,10.756158554057757,106.66631758181126,16,29,1.0
2025-12-09 17:46:44,Huynh Tan Phat,Nha Be,10.7144382088356,106.73711688366167,20,35,1.0
2025-12-09 17:46:45,Truong Chinh,Tan Binh ,10.817236653231737,106.63191539530457,20,35,1.0
2025-12-09 17:48:57,Cho Ben Thanh,Quan 1,10.772727584493625,106.69804225297563,12,24,0.992678
2025-12-09 17:48:58,Duong Nguyen Hue,Quan 1,10.774028664434528,106.70357076461706,12,28,1.0
2025-12-09 17:48:59,Nguyen Van Linh,Quan 7,10.752616652291238,106.72509685338922,32,38,1.0
2025-12-09 17:49:00,Vo Van Kiet,Quan 5,10.745754766198267,106.65326266831877,36,43,0.999762
2025-12-09 17:49:01,Xa lo Ha Noi,QL1A,10.94927106740351,106.87196348224562,28,43,1.0
2025-12-09 17:49:01,Duong Dien Bien Phu,Quan 1,10.78866360854368,106.69551372228901,25,41,1.0
2025-12-09 17:49:13,Nga tu Hang Xanh,Binh Thanh,10.801406421807085,106.71148440879679,25,41,1.0
2025-12-09 17:49:25,Nga tu An Suong,Hoc Mon,10.843150534972033,106.6151343241409,20,35,1.0
2025-12-09 17:49:26,Ben xe Mien Dong,Quan 9,10.880537767027526,106.81481342866444,40,53,1.0
2025-12-09 17:49:27,Ben xe Mien Tay,Binh Tan,10.740840166521663,106.61899246873142,24,35,1.0
2025-12-09 17:49:28,Cau Sai Gon,Quan 2 ,10.798986343749618,106.72697056646841,33,44,1.0
2025-12-09 17:49:29,Cau Phu My,Q2,10.741860769464234,106.73790365482627,34,44,1.0
2025-12-09 17:49:41,Cau Kenh Te,Q4,10.752408891679814,106.7022703818112,17,33,1.0
2025-12-09 17:49:53,Cau Thu Thiem,Quan 2,10.786216596454727,106.71836665482695,40,40,1.0
2025-12-09 17:49:54,Nguyen Huu Canh,Binh Thanh,10.78948793356203,106.71518838181179,24,36,1.0
2025-12-09 17:49:55,Cong Hoa,Tan Binh,10.80223925742187,106.6478722259914,23,41,1.0
2025-12-09 17:49:56,Truong Son / Tan Son Nhat Blvd,Gan san bay,10.813928881466124,106.66511432455972,18,34,0.998692
2025-12-09 17:50:18,Nguyen Trai,Quan 5,10.755608615763382,106.67347943578082,15,27,0.996177
2025-12-09 17:50:19,Le Duan,Quan 1,10.782680856341083,106.70051548181169,11,29,1.0
2025-12-09 17:50:20,Tran Hung Dao ,Quan 5,10.754895139302109,106.67839188181134,18,32,1.0
2025-12-09 17:50:21,Tran Quoc Thao,Quan 3,10.785070445194592,106.68331340921323,17,27,1.0
2025-12-09 17:50:22,Tran Hung Dao,Quan 5,10.7549373008113,106.67848844133415,18,32,1.0
2025-12-09 17:50:23,Cach Mang Thang 8 (CMT8),Quan 3,10.77898143649726,106.67684447140958,20,34,1.0
2025-12-09 17:50:35,Pham Ngu Lao / Bui Vien,Quan 1,10.767112828386699,106.6927618222887,15,20,1.0
2025-12-09 17:50:47,Nguyen Thi Minh Khai,Quan 3,10.77847212665258,106.69389510879643,25,42,1.0
2025-12-09 17:50:48,Nguyen Van Troi,Phu Nhuan,10.796057790235078,106.67492629345334,18,33,0.998667
2025-12-09 17:50:49,Pham Van Dong,Go Vap,10.835298215641501,106.72935479345391,31,42,0.997622
2025-12-09 17:50:50,Cong truong lam son,Quan 1,10.777562007197462,106.7041335430398,11,30,1.0
2025-12-09 17:50:50,Nguyen Oanh ,Go Vap,10.83886351241477,106.67566625482782,21,36,0.999216
2025-12-09 17:50:51,Le Hong Phong,Quan 10,10.765187049751795,106.67550552599073,24,36,1.0
2025-12-09 17:51:03,Nguyen Van Cu,Quan 5,10.759484371982321,106.6840537511244,14,27,0.997907
2025-12-09 17:51:15,Nga tu Binh Phuoc,Ngoai o,10.865229381280965,106.72366973948475,33,49,1.0
2025-12-09 17:51:16,Phu My Hung ,Quan 7,10.72279213640514,106.72808623948244,21,37,0.998209
2025-12-09 17:51:17,Nguyen Thai Son,Phu Nhuan,10.823400120373712,106.68551227436063,20,31,1.0
2025-12-09 17:51:29,An Duong Vuong,Quan 8,10.756158554057757,106.66631758181126,14,29,1.0
2025-12-09 17:51:30,Huynh Tan Phat,Nha Be,10.7144382088356,106.73711688366167,20,35,1.0
2025-12-09 17:51:31,Truong Chinh,Tan Binh ,10.817236653231737,106.63191539530457,19,35,1.0
2025-12-09 17:53:43,Cho Ben Thanh,Quan 1,10.772727584493625,106.69804225297563,11,25,0.991973
2025-12-09 17:53:44,Duong Nguyen Hue,Quan 1,10.774028664434528,106.70357076461706,7,27,1.0
2025-12-09 17:53:45,Nguyen Van Linh,Quan 7,10.752616652291238,106.72509685338922,31,39,1.0
2025-12-09 17:53:45,Vo Van Kiet,Quan 5,10.745754766198267,106.65326266831877,36,42,1.0
2025-12-09 17:53:46,Xa lo Ha Noi,QL1A,10.94927106740351,106.87196348224562,30,41,1.0
2025-12-09 17:53:47,Duong Dien Bien Phu,Quan 1,10.78866360854368,106.69551372228901,26,41,1.0
2025-12-09 17:53:59,Nga tu Hang Xanh,Binh Thanh,10.801406421807085,106.71148440879679,26,41,1.0
2025-12-09 17:54:11,Nga tu An Suong,Hoc Mon,10.843150534972033,106.6151343241409,21,35,1.0
2025-12-09 17:54:12,Ben xe Mien Dong,Quan 9,10.880537767027526,106.81481342866444,41,53,1.0
2025-12-09 17:54:24,Ben xe Mien Tay,Binh Tan,10.740840166521663,106.61899246873142,24,35,1.0
2025-12-09 17:54:25,Cau Sai Gon,Quan 2 ,10.798986343749618,106.72697056646841,28,44,1.0
2025-12-09 17:54:26,Cau Phu My,Q2,10.741860769464234,106.73790365482627,32,44,1.0
2025-12-09 17:54:27,Cau Kenh Te,Q4,10.752408891679814,106.7022703818112,15,32,1.0
2025-12-09 17:54:28,Cau Thu Thiem,Quan 2,10.786216596454727,106.71836665482695,30,39,1.0
2025-12-09 17:54:29,Nguyen Huu Canh,Binh Thanh,10.78948793356203,106.71518838181179,20,35,1.0
2025-12-09 17:54:41,Cong Hoa,Tan Binh,10.80223925742187,106.6478722259914,23,40,1.0
2025-12-09 17:54:53,Truong Son / Tan Son Nhat Blvd,Gan san bay,10.813928881466124,106.66511432455972,18,34,0.997651
2025-12-09 17:54:54,Nguyen Trai,Quan 5,10.755608615763382,106.67347943578082,15,27,0.998943
2025-12-09 17:55:06,Le Duan,Quan 1,10.782680856341083,106.70051548181169,10,30,1.0
2025-12-09 17:55:06,Tran Hung Dao ,Quan 5,10.754895139302109,106.67839188181134,18,33,1.0
2025-12-09 17:55:07,Tran Quoc Thao,Quan 3,10.785070445194592,106.68331340921323,11,28,1.0
2025-12-09 17:55:08,Tran Hung Dao,Quan 5,10.7549373008113,106.67848844133415,18,33,1.0
2025-12-09 17:55:09,Cach Mang Thang 8 (CMT8),Quan 3,10.77898143649726,106.67684447140958,20,34,1.0
2025-12-09 17:55:10,Pham Ngu Lao / Bui Vien,Quan 1,10.767112828386699,106.6927618222887,14,20,1.0
2025-12-09 17:55:11,Nguyen Thi Minh Khai,Quan 3,10.77847212665258,106.69389510879643,26,41,1.0
2025-12-09 17:55:12,Nguyen Van Troi,Phu Nhuan,10.796057790235078,106.67492629345334,18,34,0.997651
2025-12-09 17:55:13,Pham Van Dong,Go Vap,10.835298215641501,106.72935479345391,31,42,0.997587
2025-12-09 17:55:14,Cong truong lam son,Quan 1,10.777562007197462,106.7041335430398,10,30,1.0
2025-12-09 17:55:21,Nguyen Oanh ,Go Vap,10.83886351241477,106.67566625482782,22,36,1.0
2025-12-09 17:55:33,Le Hong Phong,Quan 10,10.765187049751795,106.67550552599073,21,35,1.0
2025-12-09 17:55:45,Nguyen Van Cu,Quan 5,10.759484371982321,106.6840537511244,15,27,0.998943
2025-12-09 17:55:57,Nga tu Binh Phuoc,Ngoai o,10.865229381280965,106.72366973948475,32,49,1.0
2025-12-09 17:55:58,Phu My Hung ,Quan 7,10.72279213640514,106.72808623948244,22,37,0.997856
2025-12-09 17:55:59,Nguyen Thai Son,Phu Nhuan,10.823400120373712,106.68551227436063,22,31,1.0
2025-12-09 17:56:00,An Duong Vuong,Quan 8,10.756158554057757,106.66631758181126,19,29,1.0
2025-12-09 17:56:01,Huynh Tan Phat,Nha Be,10.7144382088356,106.73711688366167,20,35,1.0
2025-12-09 17:56:01,Truong Chinh,Tan Binh ,10.817236653231737,106.63191539530457,21,35,1.0
2025-12-09 17:58:13,Cho Ben Thanh,Quan 1,10.772727584493625,106.69804225297563,11,23,0.966327
2025-12-09 17:58:14,Duong Nguyen Hue,Quan 1,10.774028664434528,106.70357076461706,9,26,1.0
2025-12-09 17:58:15,Nguyen Van Linh,Quan 7,10.752616652291238,106.72509685338922,37,42,1.0
2025-12-09 17:58:16,Vo Van Kiet,Quan 5,10.745754766198267,106.65326266831877,36,43,1.0
2025-12-09 17:58:17,Xa lo Ha Noi,QL1A,10.94927106740351,106.87196348224562,19,41,1.0
2025-12-09 17:58:18,Duong Dien Bien Phu,Quan 1,10.78866360854368,106.69551372228901,26,42,1.0
2025-12-09 17:58:19,Nga tu Hang Xanh,Binh Thanh,10.801406421807085,106.71148440879679,26,42,1.0
2025-12-09 17:58:31,Nga tu An Suong,Hoc Mon,10.843150534972033,106.6151343241409,21,35,1.0
2025-12-09 17:58:43,Ben xe Mien Dong,Quan 9,10.880537767027526,106.81481342866444,41,53,1.0
2025-12-09 17:58:44,Ben xe Mien Tay,Binh Tan,10.740840166521663,106.61899246873142,25,35,1.0
2025-12-09 17:58:45,Cau Sai Gon,Quan 2 ,10.798986343749618,106.72697056646841,45,45,1.0
2025-12-09 17:58:46,Cau Phu My,Q2,10.741860769464234,106.73790365482627,34,44,1.0
2025-12-09 17:58:46,Cau Kenh Te,Q4,10.752408891679814,106.7022703818112,17,34,1.0
2025-12-09 17:58:47,Cau Thu Thiem,Quan 2,10.786216596454727,106.71836665482695,34,40,1.0
2025-12-09 17:58:55,Nguyen Huu Canh,Binh Thanh,10.78948793356203,106.71518838181179,24,34,1.0
2025-12-09 17:58:56,Cong Hoa,Tan Binh,10.80223925742187,106.6478722259914,20,40,1.0
2025-12-09 17:58:57,Truong Son / Tan Son Nhat Blvd,Gan san bay,10.813928881466124,106.66511432455972,17,34,0.997907
2025-12-09 17:58:58,Nguyen Trai,Quan 5,10.755608615763382,106.67347943578082,15,27,0.998951
2025-12-09 17:58:59,Le Duan,Quan 1,10.782680856341083,106.70051548181169,11,30,1.0
2025-12-09 17:58:59,Tran Hung Dao ,Quan 5,10.754895139302109,106.67839188181134,19,33,1.0
2025-12-09 17:59:00,Tran Quoc Thao,Quan 3,10.785070445194592,106.68331340921323,11,27,1.0
2025-12-09 17:59:01,Tran Hung Dao,Quan 5,10.7549373008113,106.67848844133415,18,33,1.0
2025-12-09 17:59:13,Cach Mang Thang 8 (CMT8),Quan 3,10.77898143649726,106.67684447140958,19,34,1.0
2025-12-09 17:59:14,Pham Ngu Lao / Bui Vien,Quan 1,10.767112828386699,106.6927618222887,13,19,1.0
2025-12-09 17:59:15,Nguyen Thi Minh Khai,Quan 3,10.77847212665258,106.69389510879643,26,42,1.0
2025-12-09 17:59:16,Nguyen Van Troi,Phu Nhuan,10.796057790235078,106.67492629345334,17,33,0.997416
2025-12-09 17:59:17,Pham Van Dong,Go Vap,10.835298215641501,106.72935479345391,30,42,0.997999
2025-12-09 17:59:18,Cong truong lam son,Quan 1,10.777562007197462,106.7041335430398,12,30,1.0
2025-12-09 17:59:30,Nguyen Oanh ,Go Vap,10.83886351241477,106.67566625482782,23,36,1.0
2025-12-09 17:59:42,Le Hong Phong,Quan 10,10.765187049751795,106.67550552599073,26,36,1.0
2025-12-09 17:59:43,Nguyen Van Cu,Quan 5,10.759484371982321,106.6840537511244,13,26,1.0
2025-12-09 17:59:44,Nga tu Binh Phuoc,Ngoai o,10.865229381280965,106.72366973948475,33,49,1.0
2025-12-09 17:59:45,Phu My Hung ,Quan 7,10.72279213640514,106.72808623948244,23,37,0.997769
2025-12-09 17:59:46,Nguyen Thai Son,Phu Nhuan,10.823400120373712,106.68551227436063,22,31,1.0
2025-12-09 17:59:46,An Duong Vuong,Quan 8,10.756158554057757,106.66631758181126,17,28,1.0
2025-12-09 17:59:54,Huynh Tan Phat,Nha Be,10.7144382088356,106.73711688366167,20,36,1.0
2025-12-09 18:00:06,Truong Chinh,Tan Binh ,10.817236653231737,106.63191539530457,21,35,1.0
2025-12-09 18:02:18,Cho Ben Thanh,Quan 1,10.772727584493625,106.69804225297563,11,23,0.966719
2025-12-09 18:02:19,Duong Nguyen Hue,Quan 1,10.774028664434528,106.70357076461706,9,27,1.0
2025-12-09 18:02:20,Nguyen Van Linh,Quan 7,10.752616652291238,106.72509685338922,37,42,1.0
2025-12-09 18:02:21,Vo Van Kiet,Quan 5,10.745754766198267,106.65326266831877,36,43,0.999762
2025-12-09 18:02:22,Xa lo Ha Noi,QL1A,10.94927106740351,106.87196348224562,28,42,1.0
2025-12-09 18:02:23,Duong Dien Bien Phu,Quan 1,10.78866360854368,106.69551372228901,27,42,1.0
2025-12-09 18:02:23,Nga tu Hang Xanh,Binh Thanh,10.801406421807085,106.71148440879679,27,42,1.0
2025-12-09 18:02:35,Nga tu An Suong,Hoc Mon,10.843150534972033,106.6151343241409,21,35,1.0
2025-12-09 18:02:47,Ben xe Mien Dong,Quan 9,10.880537767027526,106.81481342866444,41,53,1.0
2025-12-09 18:02:59,Ben xe Mien Tay,Binh Tan,10.740840166521663,106.61899246873142,23,35,1.0
2025-12-09 18:03:11,Cau Sai Gon,Quan 2 ,10.798986343749618,106.72697056646841,34,44,1.0
2025-12-09 18:03:23,Cau Phu My,Q2,10.741860769464234,106.73790365482627,34,44,1.0
2025-12-09 18:03:24,Cau Kenh Te,Q4,10.752408891679814,106.7022703818112,18,34,1.0
2025-12-09 18:03:25,Cau Thu Thiem,Quan 2,10.786216596454727,106.71836665482695,35,40,1.0
2025-12-09 18:03:26,Nguyen Huu Canh,Binh Thanh,10.78948793356203,106.71518838181179,26,35,1.0
2025-12-09 18:03:27,Cong Hoa,Tan Binh,10.80223925742187,106.6478722259914,23,39,1.0
2025-12-09 18:03:28,Truong Son / Tan Son Nhat Blvd,Gan san bay,10.813928881466124,106.66511432455972,17,34,0.997651
2025-12-09 18:03:39,Nguyen Trai,Quan 5,10.755608615763382,106.67347943578082,13,27,0.996829
2025-12-09 18:03:51,Le Duan,Quan 1,10.782680856341083,106.70051548181169,12,30,1.0
2025-12-09 18:03:52,Tran Hung Dao ,Quan 5,10.754895139302109,106.67839188181134,18,32,1.0
2025-12-09 18:03:53,Tran Quoc Thao,Quan 3,10.785070445194592,106.68331340921323,10,27,1.0
2025-12-09 18:04:05,Tran Hung Dao,Quan 5,10.7549373008113,106.67848844133415,18,32,1.0
2025-12-09 18:04:17,Cach Mang Thang 8 (CMT8),Quan 3,10.77898143649726,106.67684447140958,22,34,1.0
2025-12-09 18:04:18,Pham Ngu Lao / Bui Vien,Quan 1,10.767112828386699,106.6927618222887,12,19,1.0
2025-12-09 18:04:19,Nguyen Thi Minh Khai,Quan 3,10.77847212665258,106.69389510879643,27,41,1.0
2025-12-09 18:04:20,Nguyen Van Troi,Phu Nhuan,10.796057790235078,106.67492629345334,17,34,0.997651
2025-12-09 18:04:21,Pham Van Dong,Go Vap,10.835298215641501,106.72935479345391,31,42,0.998016
2025-12-09 18:04:24,Cong truong lam son,Quan 1,10.777562007197462,106.7041335430398,12,30,1.0
2025-12-09 18:04:24,Nguyen Oanh ,Go Vap,10.83886351241477,106.67566625482782,23,36,1.0
2025-12-09 18:04:25,Le Hong Phong,Quan 10,10.765187049751795,106.67550552599073,21,35,1.0
2025-12-09 18:04:37,Nguyen Van Cu,Quan 5,10.759484371982321,106.6840537511244,14,27,1.0
2025-12-09 18:04:49,Nga tu Binh Phuoc,Ngoai o,10.865229381280965,106.72366973948475,34,49,1.0
2025-12-09 18:04:50,Phu My Hung ,Quan 7,10.72279213640514,106.72808623948244,24,37,0.997961
2025-12-09 18:05:02,Nguyen Thai Son,Phu Nhuan,10.823400120373712,106.68551227436063,20,31,1.0
2025-12-09 18:05:03,An Duong Vuong,Quan 8,10.756158554057757,106.66631758181126,17,29,1.0
2025-12-09 18:05:14,Huynh Tan Phat,Nha Be,10.7144382088356,106.73711688366167,20,35,1.0
2025-12-09 18:05:26,Truong Chinh,Tan Binh ,10.817236653231737,106.63191539530457,22,35,1.0
2025-12-09 18:07:38,Cho Ben Thanh,Quan 1,10.772727584493625,106.69804225297563,9,22,0.96757
2025-12-09 18:07:39,Duong Nguyen Hue,Quan 1,10.774028664434528,106.70357076461706,10,26,1.0
2025-12-09 18:07:40,Nguyen Van Linh,Quan 7,10.752616652291238,106.72509685338922,39,39,1.0
2025-12-09 18:07:41,Vo Van Kiet,Quan 5,10.745754766198267,106.65326266831877,42,42,1.0
2025-12-09 18:07:42,Xa lo Ha Noi,QL1A,10.94927106740351,106.87196348224562,23,41,1.0
2025-12-09 18:07:54,Duong Dien Bien Phu,Quan 1,10.78866360854368,106.69551372228901,28,42,1.0
2025-12-09 18:08:06,Nga tu Hang Xanh,Binh Thanh,10.801406421807085,106.71148440879679,28,42,1.0
2025-12-09 18:08:07,Nga tu An Suong,Hoc Mon,10.843150534972033,106.6151343241409,21,35,1.0
2025-12-09 18:08:08,Ben xe Mien Dong,Quan 9,10.880537767027526,106.81481342866444,43,53,1.0
2025-12-09 18:08:08,Ben xe Mien Tay,Binh Tan,10.740840166521663,106.61899246873142,23,35,1.0
2025-12-09 18:08:09,Cau Sai Gon,Quan 2 ,10.798986343749618,106.72697056646841,35,44,1.0
2025-12-09 18:08:10,Cau Phu My,Q2,10.741860769464234,106.73790365482627,32,44,1.0
2025-12-09 18:08:11,Cau Kenh Te,Q4,10.752408891679814,106.7022703818112,19,34,1.0
2025-12-09 18:08:23,Cau Thu Thiem,Quan 2,10.786216596454727,106.71836665482695,32,40,1.0
2025-12-09 18:08:35,Nguyen Huu Canh,Binh Thanh,10.78948793356203,106.71518838181179,25,35,1.0
2025-12-09 18:08:36,Cong Hoa,Tan Binh,10.80223925742187,106.6478722259914,24,41,1.0
2025-12-09 18:08:37,Truong Son / Tan Son Nhat Blvd,Gan san bay,10.813928881466124,106.66511432455972,19,34,1.0
2025-12-09 18:08:49,Nguyen Trai,Quan 5,10.755608615763382,106.67347943578082,16,28,1.0
2025-12-09 18:08:50,Le Duan,Quan 1,10.782680856341083,106.70051548181169,13,29,1.0
2025-12-09 18:08:51,Tran Hung Dao ,Quan 5,10.754895139302109,106.67839188181134,18,33,1.0
2025-12-09 18:08:52,Tran Quoc Thao,Quan 3,10.785070445194592,106.68331340921323,12,28,1.0
2025-12-09 18:08:53,Tran Hung Dao,Quan 5,10.7549373008113,106.67848844133415,18,33,1.0
2025-12-09 18:08:54,Cach Mang Thang 8 (CMT8),Quan 3,10.77898143649726,106.67684447140958,20,35,1.0
2025-12-09 18:09:06,Pham Ngu Lao / Bui Vien,Quan 1,10.767112828386699,106.6927618222887,11,19,1.0
2025-12-09 18:09:18,Nguyen Thi Minh Khai,Quan 3,10.77847212665258,106.69389510879643,27,41,1.0
2025-12-09 18:09:19,Nguyen Van Troi,Phu Nhuan,10.796057790235078,106.67492629345334,19,34,1.0
2025-12-09 18:09:20,Pham Van Dong,Go Vap,10.835298215641501,106.72935479345391,32,42,0.998529
2025-12-09 18:09:21,Cong truong lam son,Quan 1,10.777562007197462,106.7041335430398,13,29,1.0
2025-12-09 18:09:21,Nguyen Oanh ,Go Vap,10.83886351241477,106.67566625482782,23,36,1.0
2025-12-09 18:09:22,Le Hong Phong,Quan 10,10.765187049751795,106.67550552599073,20,35,1.0
2025-12-09 18:09:23,Nguyen Van Cu,Quan 5,10.759484371982321,106.6840537511244,16,28,1.0
2025-12-09 18:09:24,Nga tu Binh Phuoc,Ngoai o,10.865229381280965,106.72366973948475,33,49,1.0
2025-12-09 18:09:25,Phu My Hung ,Quan 7,10.72279213640514,106.72808623948244,23,37,0.997961
2025-12-09 18:09:26,Nguyen Thai Son,Phu Nhuan,10.823400120373712,106.68551227436063,21,31,1.0
2025-12-09 18:09:27,An Duong Vuong,Quan 8,10.756158554057757,106.66631758181126,19,29,1.0
2025-12-09 18:09:28,Huynh Tan Phat,Nha Be,10.7144382088356,106.73711688366167,21,35,1.0
2025-12-09 18:09:29,Truong Chinh,Tan Binh ,10.817236653231737,106.63191539530457,22,35,1.0
2025-12-09 18:11:41,Cho Ben Thanh,Quan 1,10.772727584493625,106.69804225297563,12,22,0.968292
2025-12-09 18:11:53,Duong Nguyen Hue,Quan 1,10.774028664434528,106.70357076461706,11,28,1.0
2025-12-09 18:11:53,Nguyen Van Linh,Quan 7,10.752616652291238,106.72509685338922,37,42,1.0
2025-12-09 18:11:54,Vo Van Kiet,Quan 5,10.745754766198267,106.65326266831877,37,42,1.0
2025-12-09 18:11:55,Xa lo Ha Noi,QL1A,10.94927106740351,106.87196348224562,25,42,1.0
2025-12-09 18:11:56,Duong Dien Bien Phu,Quan 1,10.78866360854368,106.69551372228901,28,42,1.0
2025-12-09 18:12:08,Nga tu Hang Xanh,Binh Thanh,10.801406421807085,106.71148440879679,28,42,1.0
2025-12-09 18:12:20,Nga tu An Suong,Hoc Mon,10.843150534972033,106.6151343241409,22,35,1.0
2025-12-09 18:12:21,Ben xe Mien Dong,Quan 9,10.880537767027526,106.81481342866444,41,53,1.0
2025-12-09 18:12:22,Ben xe Mien Tay,Binh Tan,10.740840166521663,106.61899246873142,25,35,1.0
2025-12-09 18:12:23,Cau Sai Gon,Quan 2 ,10.798986343749618,106.72697056646841,45,45,1.0
2025-12-09 18:12:24,Cau Phu My,Q2,10.741860769464234,106.73790365482627,33,44,1.0
2025-12-09 18:12:25,Cau Kenh Te,Q4,10.752408891679814,106.7022703818112,22,34,1.0
2025-12-09 18:12:34,Cau Thu Thiem,Quan 2,10.786216596454727,106.71836665482695,32,40,1.0
2025-12-09 18:12:46,Nguyen Huu Canh,Binh Thanh,10.78948793356203,106.71518838181179,21,36,1.0
2025-12-09 18:12:47,Cong Hoa,Tan Binh,10.80223925742187,106.6478722259914,22,41,1.0
2025-12-09 18:12:48,Truong Son / Tan Son Nhat Blvd,Gan san bay,10.813928881466124,106.66511432455972,19,33,1.0
2025-12-09 18:12:49,Nguyen Trai,Quan 5,10.755608615763382,106.67347943578082,14,26,1.0
2025-12-09 18:12:49,Le Duan,Quan 1,10.782680856341083,106.70051548181169,13,30,1.0
2025-12-09 18:12:50,Tran Hung Dao ,Quan 5,10.754895139302109,106.67839188181134,17,32,1.0
2025-12-09 18:13:02,Tran Quoc Thao,Quan 3,10.785070445194592,106.68331340921323,12,27,1.0
2025-12-09 18:13:14,Tran Hung Dao,Quan 5,10.7549373008113,106.67848844133415,17,32,1.0
2025-12-09 18:13:15,Cach Mang Thang 8 (CMT8),Quan 3,10.77898143649726,106.67684447140958,20,34,1.0
2025-12-09 18:13:27,Pham Ngu Lao / Bui Vien,Quan 1,10.767112828386699,106.6927618222887,11,19,1.0
2025-12-09 18:13:39,Nguyen Thi Minh Khai,Quan 3,10.77847212665258,106.69389510879643,27,41,1.0
2025-12-09 18:13:51,Nguyen Van Troi,Phu Nhuan,10.796057790235078,106.67492629345334,18,33,1.0
2025-12-09 18:13:52,Pham Van Dong,Go Vap,10.835298215641501,106.72935479345391,31,42,0.998525
2025-12-09 18:13:53,Cong truong lam son,Quan 1,10.777562007197462,106.7041335430398,14,30,1.0
2025-12-09 18:13:54,Nguyen Oanh ,Go Vap,10.83886351241477,106.67566625482782,22,36,1.0
2025-12-09 18:13:55,Le Hong Phong,Quan 10,10.765187049751795,106.67550552599073,24,36,1.0
2025-12-09 18:13:56,Nguyen Van Cu,Quan 5,10.759484371982321,106.6840537511244,16,27,1.0
2025-12-09 18:14:03,Nga tu Binh Phuoc,Ngoai o,10.865229381280965,106.72366973948475,34,49,1.0
2025-12-09 18:14:15,Phu My Hung ,Quan 7,10.72279213640514,106.72808623948244,22,37,0.998603
2025-12-09 18:14:16,Nguyen Thai Son,Phu Nhuan,10.823400120373712,106.68551227436063,19,31,1.0
2025-12-09 18:14:38,An Duong Vuong,Quan 8,10.756158554057757,106.66631758181126,15,28,1.0
2025-12-09 18:14:50,Huynh Tan Phat,Nha Be,10.7144382088356,106.73711688366167,21,35,1.0
2025-12-09 18:14:51,Truong Chinh,Tan Binh ,10.817236653231737,106.63191539530457,22,35,1.0
2025-12-09 18:17:03,Cho Ben Thanh,Quan 1,10.772727584493625,106.69804225297563,10,22,0.968292
2025-12-09 18:17:04,Duong Nguyen Hue,Quan 1,10.774028664434528,106.70357076461706,9,27,1.0
2025-12-09 18:17:05,Nguyen Van Linh,Quan 7,10.752616652291238,106.72509685338922,28,39,1.0
2025-12-09 18:17:06,Vo Van Kiet,Quan 5,10.745754766198267,106.65326266831877,36,43,1.0
2025-12-09 18:17:07,Xa lo Ha Noi,QL1A,10.94927106740351,106.87196348224562,26,42,1.0
2025-12-09 18:17:08,Duong Dien Bien Phu,Quan 1,10.78866360854368,106.69551372228901,29,41,1.0
2025-12-09 18:17:20,Nga tu Hang Xanh,Binh Thanh,10.801406421807085,106.71148440879679,29,41,1.0
2025-12-09 18:17:32,Nga tu An Suong,Hoc Mon,10.843150534972033,106.6151343241409,22,35,1.0
2025-12-09 18:17:32,Ben xe Mien Dong,Quan 9,10.880537767027526,106.81481342866444,41,54,1.0
2025-12-09 18:17:44,Ben xe Mien Tay,Binh Tan,10.740840166521663,106.61899246873142,26,35,1.0
2025-12-09 18:17:45,Cau Sai Gon,Quan 2 ,10.798986343749618,106.72697056646841,35,45,1.0
2025-12-09 18:17:46,Cau Phu My,Q2,10.741860769464234,106.73790365482627,33,44,1.0
2025-12-09 18:17:47,Cau Kenh Te,Q4,10.752408891679814,106.7022703818112,20,34,1.0
2025-12-09 18:17:48,Cau Thu Thiem,Quan 2,10.786216596454727,106.71836665482695,34,40,1.0
2025-12-09 18:17:49,Nguyen Huu Canh,Binh Thanh,10.78948793356203,106.71518838181179,25,35,1.0
2025-12-09 18:18:00,Cong Hoa,Tan Binh,10.80223925742187,106.6478722259914,24,40,1.0
2025-12-09 18:18:12,Truong Son / Tan Son Nhat Blvd,Gan san bay,10.813928881466124,106.66511432455972,18,34,1.0
2025-12-09 18:18:24,Nguyen Trai,Quan 5,10.755608615763382,106.67347943578082,17,28,1.0
2025-12-09 18:18:25,Le Duan,Quan 1,10.782680856341083,106.70051548181169,13,29,1.0
2025-12-09 18:18:26,Tran Hung Dao ,Quan 5,10.754895139302109,106.67839188181134,18,33,1.0
2025-12-09 18:18:27,Tran Quoc Thao,Quan 3,10.785070445194592,106.68331340921323,12,27,1.0
2025-12-09 18:18:49,Tran Hung Dao,Quan 5,10.7549373008113,106.67848844133415,18,33,1.0
2025-12-09 18:18:50,Cach Mang Thang 8 (CMT8),Quan 3,10.77898143649726,106.67684447140958,22,34,1.0
2025-12-09 18:18:51,Pham Ngu Lao / Bui Vien,Quan 1,10.767112828386699,106.6927618222887,12,20,1.0
2025-12-09 18:18:51,Nguyen Thi Minh Khai,Quan 3,10.77847212665258,106.69389510879643,27,41,1.0
2025-12-09 18:18:52,Nguyen Van Troi,Phu Nhuan,10.796057790235078,106.67492629345334,18,34,1.0
2025-12-09 18:18:53,Pham Van Dong,Go Vap,10.835298215641501,106.72935479345391,31,42,0.998561
2025-12-09 18:19:05,Cong truong lam son,Quan 1,10.777562007197462,106.7041335430398,13,30,1.0
2025-12-09 18:19:06,Nguyen Oanh ,Go Vap,10.83886351241477,106.67566625482782,23,36,1.0
2025-12-09 18:19:07,Le Hong Phong,Quan 10,10.765187049751795,106.67550552599073,20,36,1.0
2025-12-09 18:19:08,Nguyen Van Cu,Quan 5,10.759484371982321,106.6840537511244,15,28,1.0
2025-12-09 18:19:09,Nga tu Binh Phuoc,Ngoai o,10.865229381280965,106.72366973948475,34,49,1.0
2025-12-09 18:19:21,Phu My Hung ,Quan 7,10.72279213640514,106.72808623948244,23,37,0.998739
2025-12-09 18:19:33,Nguyen Thai Son,Phu Nhuan,10.823400120373712,106.68551227436063,19,31,1.0
2025-12-09 18:19:45,An Duong Vuong,Quan 8,10.756158554057757,106.66631758181126,15,28,1.0
2025-12-09 18:19:46,Huynh Tan Phat,Nha Be,10.7144382088356,106.73711688366167,21,35,1.0
2025-12-09 18:19:47,Truong Chinh,Tan Binh ,10.817236653231737,106.63191539530457,23,35,1.0
2025-12-09 18:21:59,Cho Ben Thanh,Quan 1,10.772727584493625,106.69804225297563,11,23,0.968292
2025-12-09 18:22:11,Duong Nguyen Hue,Quan 1,10.774028664434528,106.70357076461706,12,28,1.0
2025-12-09 18:22:12,Nguyen Van Linh,Quan 7,10.752616652291238,106.72509685338922,38,42,1.0
2025-12-09 18:22:12,Vo Van Kiet,Quan 5,10.745754766198267,106.65326266831877,37,43,1.0
2025-12-09 18:22:13,Xa lo Ha Noi,QL1A,10.94927106740351,106.87196348224562,29,41,1.0
2025-12-09 18:22:14,Duong Dien Bien Phu,Quan 1,10.78866360854368,106.69551372228901,29,42,1.0
2025-12-09 18:22:15,Nga tu Hang Xanh,Binh Thanh,10.801406421807085,106.71148440879679,29,42,1.0
2025-12-09 18:22:16,Nga tu An Suong,Hoc Mon,10.843150534972033,106.6151343241409,23,34,1.0
2025-12-09 18:22:17,Ben xe Mien Dong,Quan 9,10.880537767027526,106.81481342866444,41,53,1.0
2025-12-09 18:22:27,Ben xe Mien Tay,Binh Tan,10.740840166521663,106.61899246873142,26,36,1.0
2025-12-09 18:22:39,Cau Sai Gon,Quan 2 ,10.798986343749618,106.72697056646841,45,45,1.0
2025-12-09 18:22:40,Cau Phu My,Q2,10.741860769464234,106.73790365482627,33,44,1.0
2025-12-09 18:22:41,Cau Kenh Te,Q4,10.752408891679814,106.7022703818112,20,34,1.0
2025-12-09 18:22:42,Cau Thu Thiem,Quan 2,10.786216596454727,106.71836665482695,34,40,1.0
2025-12-09 18:22:43,Nguyen Huu Canh,Binh Thanh,10.78948793356203,106.71518838181179,14,35,1.0
2025-12-09 18:22:44,Cong Hoa,Tan Binh,10.80223925742187,106.6478722259914,25,40,1.0
2025-12-09 18:22:56,Truong Son / Tan Son Nhat Blvd,Gan san bay,10.813928881466124,106.66511432455972,18,34,1.0
2025-12-09 18:23:08,Nguyen Trai,Quan 5,10.755608615763382,106.67347943578082,15,27,1.0
2025-12-09 18:23:20,Le Duan,Quan 1,10.782680856341083,106.70051548181169,14,30,1.0
2025-12-09 18:23:21,Tran Hung Dao ,Quan 5,10.754895139302109,106.67839188181134,18,33,1.0
2025-12-09 18:23:22,Tran Quoc Thao,Quan 3,10.785070445194592,106.68331340921323,10,27,1.0
2025-12-09 18:23:23,Tran Hung Dao,Quan 5,10.7549373008113,106.67848844133415,18,33,1.0
2025-12-09 18:23:24,Cach Mang Thang 8 (CMT8),Quan 3,10.77898143649726,106.67684447140958,21,34,1.0
2025-12-09 18:23:25,Pham Ngu Lao / Bui Vien,Quan 1,10.767112828386699,106.6927618222887,10,19,1.0
2025-12-09 18:23:37,Nguyen Thi Minh Khai,Quan 3,10.77847212665258,106.69389510879643,27,41,1.0
2025-12-09 18:23:49,Nguyen Van Troi,Phu Nhuan,10.796057790235078,106.67492629345334,19,34,1.0
2025-12-09 18:23:50,Pham Van Dong,Go Vap,10.835298215641501,106.72935479345391,31,42,0.998558
2025-12-09 18:23:50,Cong truong lam son,Quan 1,10.777562007197462,106.7041335430398,14,30,1.0
2025-12-09 18:23:51,Nguyen Oanh ,Go Vap,10.83886351241477,106.67566625482782,22,36,1.0
2025-12-09 18:23:52,Le Hong Phong,Quan 10,10.765187049751795,106.67550552599073,24,36,1.0
2025-12-09 18:23:53,Nguyen Van Cu,Quan 5,10.759484371982321,106.6840537511244,17,27,1.0
2025-12-09 18:24:01,Nga tu Binh Phuoc,Ngoai o,10.865229381280965,106.72366973948475,34,49,1.0
2025-12-09 18:24:13,Phu My Hung ,Quan 7,10.72279213640514,106.72808623948244,22,36,0.997406
2025-12-09 18:24:13,Nguyen Thai Son,Phu Nhuan,10.823400120373712,106.68551227436063,19,32,1.0
2025-12-09 18:24:14,An Duong Vuong,Quan 8,10.756158554057757,106.66631758181126,17,29,1.0
2025-12-09 18:24:15,Huynh Tan Phat,Nha Be,10.7144382088356,106.73711688366167,21,35,1.0
2025-12-09 18:24:16,Truong Chinh,Tan Binh ,10.817236653231737,106.63191539530457,23,35,1.0
2025-12-09 18:26:28,Cho Ben Thanh,Quan 1,10.772727584493625,106.69804225297563,9,21,0.968292
2025-12-09 18:26:29,Duong Nguyen Hue,Quan 1,10.774028664434528,106.70357076461706,13,28,1.0
2025-12-09 18:26:30,Nguyen Van Linh,Quan 7,10.752616652291238,106.72509685338922,37,42,1.0
2025-12-09 18:26:31,Vo Van Kiet,Quan 5,10.745754766198267,106.65326266831877,42,42,1.0
2025-12-09 18:26:32,Xa lo Ha Noi,QL1A,10.94927106740351,106.87196348224562,31,41,1.0
2025-12-09 18:26:33,Duong Dien Bien Phu,Quan 1,10.78866360854368,106.69551372228901,29,42,1.0
2025-12-09 18:26:45,Nga tu Hang Xanh,Binh Thanh,10.801406421807085,106.71148440879679,29,42,1.0
2025-12-09 18:26:46,Nga tu An Suong,Hoc Mon,10.843150534972033,106.6151343241409,23,35,1.0
2025-12-09 18:26:47,Ben xe Mien Dong,Quan 9,10.880537767027526,106.81481342866444,43,53,1.0
2025-12-09 18:26:59,Ben xe Mien Tay,Binh Tan,10.740840166521663,106.61899246873142,26,35,1.0
2025-12-09 18:27:00,Cau Sai Gon,Quan 2 ,10.798986343749618,106.72697056646841,45,45,1.0
2025-12-09 18:27:00,Cau Phu My,Q2,10.741860769464234,106.73790365482627,34,44,1.0
2025-12-09 18:27:02,Cau Kenh Te,Q4,10.752408891679814,106.7022703818112,21,33,1.0
2025-12-09 18:27:02,Cau Thu Thiem,Quan 2,10.786216596454727,106.71836665482695,33,40,1.0
2025-12-09 18:27:14,Nguyen Huu Canh,Binh Thanh,10.78948793356203,106.71518838181179,24,35,1.0
2025-12-09 18:27:26,Cong Hoa,Tan Binh,10.80223925742187,106.6478722259914,23,41,1.0
2025-12-09 18:27:27,Truong Son / Tan Son Nhat Blvd,Gan san bay,10.813928881466124,106.66511432455972,18,34,0.999713
2025-12-09 18:27:28,Nguyen Trai,Quan 5,10.755608615763382,106.67347943578082,16,27,1.0
2025-12-09 18:27:29,Le Duan,Quan 1,10.782680856341083,106.70051548181169,14,30,1.0
2025-12-09 18:27:30,Tran Hung Dao ,Quan 5,10.754895139302109,106.67839188181134,17,32,1.0
2025-12-09 18:27:31,Tran Quoc Thao,Quan 3,10.785070445194592,106.68331340921323,14,29,1.0
2025-12-09 18:27:32,Tran Hung Dao,Quan 5,10.7549373008113,106.67848844133415,17,32,1.0
2025-12-09 18:27:33,Cach Mang Thang 8 (CMT8),Quan 3,10.77898143649726,106.67684447140958,19,34,1.0
2025-12-09 18:27:34,Pham Ngu Lao / Bui Vien,Quan 1,10.767112828386699,106.6927618222887,7,19,1.0
2025-12-09 18:27:35,Nguyen Thi Minh Khai,Quan 3,10.77847212665258,106.69389510879643,26,41,1.0
2025-12-09 18:27:36,Nguyen Van Troi,Phu Nhuan,10.796057790235078,106.67492629345334,18,34,0.999713
2025-12-09 18:27:43,Pham Van Dong,Go Vap,10.835298215641501,106.72935479345391,33,42,0.998711
2025-12-09 18:27:55,Cong truong lam son,Quan 1,10.777562007197462,106.7041335430398,14,30,1.0
2025-12-09 18:28:07,Nguyen Oanh ,Go Vap,10.83886351241477,106.67566625482782,24,36,1.0
2025-12-09 18:28:19,Le Hong Phong,Quan 10,10.765187049751795,106.67550552599073,24,35,1.0
2025-12-09 18:28:20,Nguyen Van Cu,Quan 5,10.759484371982321,106.6840537511244,16,27,1.0
2025-12-09 18:28:21,Nga tu Binh Phuoc,Ngoai o,10.865229381280965,106.72366973948475,34,49,1.0
2025-12-09 18:28:22,Phu My Hung ,Quan 7,10.72279213640514,106.72808623948244,23,37,0.997902
2025-12-09 18:28:23,Nguyen Thai Son,Phu Nhuan,10.823400120373712,106.68551227436063,20,31,1.0
2025-12-09 18:28:23,An Duong Vuong,Quan 8,10.756158554057757,106.66631758181126,17,29,1.0
2025-12-09 18:28:36,Huynh Tan Phat,Nha Be,10.7144382088356,106.73711688366167,21,35,1.0
2025-12-09 18:28:48,Truong Chinh,Tan Binh ,10.817236653231737,106.63191539530457,23,35,1.0
2025-12-09 18:31:00,Cho Ben Thanh,Quan 1,10.772727584493625,106.69804225297563,10,22,0.968292
2025-12-09 18:31:12,Duong Nguyen Hue,Quan 1,10.774028664434528,106.70357076461706,11,29,1.0
2025-12-09 18:31:13,Nguyen Van Linh,Quan 7,10.752616652291238,106.72509685338922,28,39,1.0
2025-12-09 18:31:14,Vo Van Kiet,Quan 5,10.745754766198267,106.65326266831877,36,42,1.0
2025-12-09 18:31:15,Xa lo Ha Noi,QL1A,10.94927106740351,106.87196348224562,28,42,1.0
2025-12-09 18:31:15,Duong Dien Bien Phu,Quan 1,10.78866360854368,106.69551372228901,29,41,1.0
2025-12-09 18:31:16,Nga tu Hang Xanh,Binh Thanh,10.801406421807085,106.71148440879679,29,41,1.0
2025-12-09 18:31:24,Nga tu An Suong,Hoc Mon,10.843150534972033,106.6151343241409,24,35,1.0
2025-12-09 18:31:36,Ben xe Mien Dong,Quan 9,10.880537767027526,106.81481342866444,42,53,1.0
2025-12-09 18:31:37,Ben xe Mien Tay,Binh Tan,10.740840166521663,106.61899246873142,27,35,1.0
2025-12-09 18:31:38,Cau Sai Gon,Quan 2 ,10.798986343749618,106.72697056646841,35,44,1.0
2025-12-09 18:31:39,Cau Phu My,Q2,10.741860769464234,106.73790365482627,33,44,1.0
2025-12-09 18:31:40,Cau Kenh Te,Q4,10.752408891679814,106.7022703818112,20,33,1.0
2025-12-09 18:31:41,Cau Thu Thiem,Quan 2,10.786216596454727,106.71836665482695,40,40,1.0
2025-12-09 18:31:52,Nguyen Huu Canh,Binh Thanh,10.78948793356203,106.71518838181179,23,34,1.0
2025-12-09 18:32:05,Cong Hoa,Tan Binh,10.80223925742187,106.6478722259914,26,41,1.0
2025-12-09 18:32:05,Truong Son / Tan Son Nhat Blvd,Gan san bay,10.813928881466124,106.66511432455972,18,33,0.998691
2025-12-09 18:32:27,Nguyen Trai,Quan 5,10.755608615763382,106.67347943578082,17,28,1.0
2025-12-09 18:32:28,Le Duan,Quan 1,10.782680856341083,106.70051548181169,13,30,1.0
2025-12-09 18:32:29,Tran Hung Dao ,Quan 5,10.754895139302109,106.67839188181134,18,33,1.0
2025-12-09 18:32:30,Tran Quoc Thao,Quan 3,10.785070445194592,106.68331340921323,13,28,1.0
2025-12-09 18:32:31,Tran Hung Dao,Quan 5,10.7549373008113,106.67848844133415,18,33,1.0
2025-12-09 18:32:43,Cach Mang Thang 8 (CMT8),Quan 3,10.77898143649726,106.67684447140958,21,34,1.0
2025-12-09 18:32:55,Pham Ngu Lao / Bui Vien,Quan 1,10.767112828386699,106.6927618222887,15,19,1.0
2025-12-09 18:32:56,Nguyen Thi Minh Khai,Quan 3,10.77847212665258,106.69389510879643,27,41,1.0
2025-12-09 18:33:08,Nguyen Van Troi,Phu Nhuan,10.796057790235078,106.67492629345334,17,34,0.998954
2025-12-09 18:33:09,Pham Van Dong,Go Vap,10.835298215641501,106.72935479345391,32,42,0.997598
2025-12-09 18:33:10,Cong truong lam son,Quan 1,10.777562007197462,106.7041335430398,13,30,1.0
2025-12-09 18:33:11,Nguyen Oanh ,Go Vap,10.83886351241477,106.67566625482782,23,36,1.0
2025-12-09 18:33:12,Le Hong Phong,Quan 10,10.765187049751795,106.67550552599073,22,35,1.0
2025-12-09 18:33:24,Nguyen Van Cu,Quan 5,10.759484371982321,106.6840537511244,18,27,1.0
2025-12-09 18:33:25,Nga tu Binh Phuoc,Ngoai o,10.865229381280965,106.72366973948475,34,49,1.0
2025-12-09 18:33:26,Phu My Hung ,Quan 7,10.72279213640514,106.72808623948244,23,37,0.999326
2025-12-09 18:33:38,Nguyen Thai Son,Phu Nhuan,10.823400120373712,106.68551227436063,22,31,1.0
2025-12-09 18:33:39,An Duong Vuong,Quan 8,10.756158554057757,106.66631758181126,19,28,1.0
2025-12-09 18:33:40,Huynh Tan Phat,Nha Be,10.7144382088356,106.73711688366167,21,35,1.0
2025-12-09 18:33:41,Truong Chinh,Tan Binh ,10.817236653231737,106.63191539530457,22,35,1.0
2025-12-09 18:35:53,Cho Ben Thanh,Quan 1,10.772727584493625,106.69804225297563,10,22,0.968292
2025-12-09 18:35:54,Duong Nguyen Hue,Quan 1,10.774028664434528,106.70357076461706,11,27,1.0
2025-12-09 18:35:54,Nguyen Van Linh,Quan 7,10.752616652291238,106.72509685338922,28,38,1.0
2025-12-09 18:35:55,Vo Van Kiet,Quan 5,10.745754766198267,106.65326266831877,37,43,0.999762
2025-12-09 18:35:56,Xa lo Ha Noi,QL1A,10.94927106740351,106.87196348224562,25,41,1.0
2025-12-09 18:35:57,Duong Dien Bien Phu,Quan 1,10.78866360854368,106.69551372228901,30,42,1.0
2025-12-09 18:36:09,Nga tu Hang Xanh,Binh Thanh,10.801406421807085,106.71148440879679,30,42,1.0
2025-12-09 18:36:21,Nga tu An Suong,Hoc Mon,10.843150534972033,106.6151343241409,21,35,1.0
2025-12-09 18:36:22,Ben xe Mien Dong,Quan 9,10.880537767027526,106.81481342866444,43,53,1.0
2025-12-09 18:36:23,Ben xe Mien Tay,Binh Tan,10.740840166521663,106.61899246873142,27,35,1.0
2025-12-09 18:36:24,Cau Sai Gon,Quan 2 ,10.798986343749618,106.72697056646841,45,45,1.0
2025-12-09 18:36:25,Cau Phu My,Q2,10.741860769464234,106.73790365482627,32,44,1.0
2025-12-09 18:36:26,Cau Kenh Te,Q4,10.752408891679814,106.7022703818112,19,34,1.0
2025-12-09 18:36:38,Cau Thu Thiem,Quan 2,10.786216596454727,106.71836665482695,40,40,1.0
2025-12-09 18:36:50,Nguyen Huu Canh,Binh Thanh,10.78948793356203,106.71518838181179,25,35,1.0
2025-12-09 18:36:51,Cong Hoa,Tan Binh,10.80223925742187,106.6478722259914,26,41,1.0
2025-12-09 18:36:52,Truong Son / Tan Son Nhat Blvd,Gan san bay,10.813928881466124,106.66511432455972,18,34,0.998691
2025-12-09 18:36:53,Nguyen Trai,Quan 5,10.755608615763382,106.67347943578082,16,27,1.0
2025-12-09 18:37:04,Le Duan,Quan 1,10.782680856341083,106.70051548181169,12,29,1.0
2025-12-09 18:37:17,Tran Hung Dao ,Quan 5,10.754895139302109,106.67839188181134,18,33,1.0
2025-12-09 18:37:17,Tran Quoc Thao,Quan 3,10.785070445194592,106.68331340921323,12,27,1.0
2025-12-09 18:37:18,Tran Hung Dao,Quan 5,10.7549373008113,106.67848844133415,18,33,1.0
2025-12-09 18:37:19,Cach Mang Thang 8 (CMT8),Quan 3,10.77898143649726,106.67684447140958,22,34,1.0
2025-12-09 18:37:41,Pham Ngu Lao / Bui Vien,Quan 1,10.767112828386699,106.6927618222887,10,19,1.0
2025-12-09 18:37:42,Nguyen Thi Minh Khai,Quan 3,10.77847212665258,106.69389510879643,27,41,1.0
2025-12-09 18:37:43,Nguyen Van Troi,Phu Nhuan,10.796057790235078,106.67492629345334,19,33,1.0
2025-12-09 18:37:44,Pham Van Dong,Go Vap,10.835298215641501,106.72935479345391,33,42,0.997648
2025-12-09 18:37:45,Cong truong lam son,Quan 1,10.777562007197462,106.7041335430398,12,31,1.0
2025-12-09 18:37:46,Nguyen Oanh ,Go Vap,10.83886351241477,106.67566625482782,23,36,1.0
2025-12-09 18:37:58,Le Hong Phong,Quan 10,10.765187049751795,106.67550552599073,20,35,1.0
2025-12-09 18:37:58,Nguyen Van Cu,Quan 5,10.759484371982321,106.6840537511244,17,28,1.0
2025-12-09 18:37:59,Nga tu Binh Phuoc,Ngoai o,10.865229381280965,106.72366973948475,34,49,1.0
2025-12-09 18:38:00,Phu My Hung ,Quan 7,10.72279213640514,106.72808623948244,23,37,0.998528
2025-12-09 18:38:01,Nguyen Thai Son,Phu Nhuan,10.823400120373712,106.68551227436063,19,32,1.0
2025-12-09 18:38:02,An Duong Vuong,Quan 8,10.756158554057757,106.66631758181126,18,29,1.0
2025-12-09 18:38:03,Huynh Tan Phat,Nha Be,10.7144382088356,106.73711688366167,22,35,1.0
2025-12-09 18:38:04,Truong Chinh,Tan Binh ,10.817236653231737,106.63191539530457,22,34,1.0
2025-12-09 18:40:16,Cho Ben Thanh,Quan 1,10.772727584493625,106.69804225297563,11,23,0.968292
2025-12-09 18:40:17,Duong Nguyen Hue,Quan 1,10.774028664434528,106.70357076461706,13,27,1.0
2025-12-09 18:40:18,Nguyen Van Linh,Quan 7,10.752616652291238,106.72509685338922,29,39,1.0
2025-12-09 18:40:19,Vo Van Kiet,Quan 5,10.745754766198267,106.65326266831877,37,43,1.0
2025-12-09 18:40:20,Xa lo Ha Noi,QL1A,10.94927106740351,106.87196348224562,31,41,1.0
2025-12-09 18:40:20,Duong Dien Bien Phu,Quan 1,10.78866360854368,106.69551372228901,31,41,1.0
2025-12-09 18:40:32,Nga tu Hang Xanh,Binh Thanh,10.801406421807085,106.71148440879679,31,41,1.0
2025-12-09 18:40:44,Nga tu An Suong,Hoc Mon,10.843150534972033,106.6151343241409,23,35,1.0
2025-12-09 18:40:56,Ben xe Mien Dong,Quan 9,10.880537767027526,106.81481342866444,42,53,1.0
2025-12-09 18:40:57,Ben xe Mien Tay,Binh Tan,10.740840166521663,106.61899246873142,27,35,1.0
2025-12-09 18:40:58,Cau Sai Gon,Quan 2 ,10.798986343749618,106.72697056646841,45,45,1.0
2025-12-09 18:40:59,Cau Phu My,Q2,10.741860769464234,106.73790365482627,30,44,1.0
2025-12-09 18:41:00,Cau Kenh Te,Q4,10.752408891679814,106.7022703818112,19,33,1.0
2025-12-09 18:41:01,Cau Thu Thiem,Quan 2,10.786216596454727,106.71836665482695,32,39,1.0
2025-12-09 18:41:02,Nguyen Huu Canh,Binh Thanh,10.78948793356203,106.71518838181179,25,36,1.0
2025-12-09 18:41:08,Cong Hoa,Tan Binh,10.80223925742187,106.6478722259914,24,40,1.0
2025-12-09 18:41:09,Truong Son / Tan Son Nhat Blvd,Gan san bay,10.813928881466124,106.66511432455972,20,33,0.999523
2025-12-09 18:41:10,Nguyen Trai,Quan 5,10.755608615763382,106.67347943578082,16,26,1.0
2025-12-09 18:41:11,Le Duan,Quan 1,10.782680856341083,106.70051548181169,13,29,1.0
2025-12-09 18:41:12,Tran Hung Dao ,Quan 5,10.754895139302109,106.67839188181134,18,32,1.0
2025-12-09 18:41:13,Tran Quoc Thao,Quan 3,10.785070445194592,106.68331340921323,11,29,1.0
2025-12-09 18:41:25,Tran Hung Dao,Quan 5,10.7549373008113,106.67848844133415,18,32,1.0
2025-12-09 18:41:37,Cach Mang Thang 8 (CMT8),Quan 3,10.77898143649726,106.67684447140958,22,34,1.0
2025-12-09 18:41:38,Pham Ngu Lao / Bui Vien,Quan 1,10.767112828386699,106.6927618222887,10,20,1.0
2025-12-09 18:41:39,Nguyen Thi Minh Khai,Quan 3,10.77847212665258,106.69389510879643,27,42,1.0
2025-12-09 18:41:40,Nguyen Van Troi,Phu Nhuan,10.796057790235078,106.67492629345334,20,33,1.0
2025-12-09 18:41:41,Pham Van Dong,Go Vap,10.835298215641501,106.72935479345391,34,42,0.997484
2025-12-09 18:41:42,Cong truong lam son,Quan 1,10.777562007197462,106.7041335430398,14,30,1.0
2025-12-09 18:41:54,Nguyen Oanh ,Go Vap,10.83886351241477,106.67566625482782,25,36,1.0
2025-12-09 18:42:06,Le Hong Phong,Quan 10,10.765187049751795,106.67550552599073,18,35,1.0
2025-12-09 18:42:18,Nguyen Van Cu,Quan 5,10.759484371982321,106.6840537511244,16,26,1.0
2025-12-09 18:42:19,Nga tu Binh Phuoc,Ngoai o,10.865229381280965,106.72366973948475,34,49,1.0
2025-12-09 18:42:20,Phu My Hung ,Quan 7,10.72279213640514,106.72808623948244,24,37,0.998475
2025-12-09 18:42:20,Nguyen Thai Son,Phu Nhuan,10.823400120373712,106.68551227436063,21,31,1.0
2025-12-09 18:42:21,An Duong Vuong,Quan 8,10.756158554057757,106.66631758181126,18,29,1.0
2025-12-09 18:42:22,Huynh Tan Phat,Nha Be,10.7144382088356,106.73711688366167,22,35,1.0
2025-12-09 18:42:23,Truong Chinh,Tan Binh ,10.817236653231737,106.63191539530457,23,34,1.0
2025-12-09 18:44:35,Cho Ben Thanh,Quan 1,10.772727584493625,106.69804225297563,11,23,0.968292
2025-12-09 18:44:36,Duong Nguyen Hue,Quan 1,10.774028664434528,106.70357076461706,11,28,1.0
2025-12-09 18:44:37,Nguyen Van Linh,Quan 7,10.752616652291238,106.72509685338922,33,39,1.0
2025-12-09 18:44:38,Vo Van Kiet,Quan 5,10.745754766198267,106.65326266831877,37,43,1.0
2025-12-09 18:44:39,Xa lo Ha Noi,QL1A,10.94927106740351,106.87196348224562,33,41,1.0
2025-12-09 18:44:51,Duong Dien Bien Phu,Quan 1,10.78866360854368,106.69551372228901,32,41,1.0
2025-12-09 18:45:03,Nga tu Hang Xanh,Binh Thanh,10.801406421807085,106.71148440879679,32,41,1.0
2025-12-09 18:45:04,Nga tu An Suong,Hoc Mon,10.843150534972033,106.6151343241409,22,35,1.0
2025-12-09 18:45:16,Ben xe Mien Dong,Quan 9,10.880537767027526,106.81481342866444,42,52,1.0
2025-12-09 18:45:28,Ben xe Mien Tay,Binh Tan,10.740840166521663,106.61899246873142,26,36,1.0
2025-12-09 18:45:29,Cau Sai Gon,Quan 2 ,10.798986343749618,106.72697056646841,45,45,1.0
2025-12-09 18:45:30,Cau Phu My,Q2,10.741860769464234,106.73790365482627,32,44,1.0
2025-12-09 18:45:31,Cau Kenh Te,Q4,10.752408891679814,106.7022703818112,20,33,1.0
2025-12-09 18:45:32,Cau Thu Thiem,Quan 2,10.786216596454727,106.71836665482695,40,40,1.0
2025-12-09 18:45:33,Nguyen Huu Canh,Binh Thanh,10.78948793356203,106.71518838181179,28,36,1.0
2025-12-09 18:45:45,Cong Hoa,Tan Binh,10.80223925742187,106.6478722259914,28,41,1.0
2025-12-09 18:45:56,Truong Son / Tan Son Nhat Blvd,Gan san bay,10.813928881466124,106.66511432455972,19,33,0.998691
2025-12-09 18:46:08,Nguyen Trai,Quan 5,10.755608615763382,106.67347943578082,19,27,1.0
2025-12-09 18:46:09,Le Duan,Quan 1,10.782680856341083,106.70051548181169,13,30,1.0
2025-12-09 18:46:21,Tran Hung Dao ,Quan 5,10.754895139302109,106.67839188181134,19,33,1.0
2025-12-09 18:46:22,Tran Quoc Thao,Quan 3,10.785070445194592,106.68331340921323,10,26,1.0
2025-12-09 18:46:23,Tran Hung Dao,Quan 5,10.7549373008113,106.67848844133415,19,33,1.0
2025-12-09 18:46:35,Cach Mang Thang 8 (CMT8),Quan 3,10.77898143649726,106.67684447140958,22,34,1.0
2025-12-09 18:46:47,Pham Ngu Lao / Bui Vien,Quan 1,10.767112828386699,106.6927618222887,13,20,1.0
2025-12-09 18:46:48,Nguyen Thi Minh Khai,Quan 3,10.77847212665258,106.69389510879643,28,41,1.0
2025-12-09 18:46:49,Nguyen Van Troi,Phu Nhuan,10.796057790235078,106.67492629345334,19,33,1.0
2025-12-09 18:46:50,Pham Van Dong,Go Vap,10.835298215641501,106.72935479345391,33,42,0.997305
2025-12-09 18:46:51,Cong truong lam son,Quan 1,10.777562007197462,106.7041335430398,14,30,1.0
2025-12-09 18:46:52,Nguyen Oanh ,Go Vap,10.83886351241477,106.67566625482782,25,36,1.0
2025-12-09 18:46:53,Le Hong Phong,Quan 10,10.765187049751795,106.67550552599073,18,36,1.0
2025-12-09 18:46:53,Nguyen Van Cu,Quan 5,10.759484371982321,106.6840537511244,18,28,1.0
2025-12-09 18:47:05,Nga tu Binh Phuoc,Ngoai o,10.865229381280965,106.72366973948475,35,49,1.0
2025-12-09 18:47:17,Phu My Hung ,Quan 7,10.72279213640514,106.72808623948244,23,37,0.998303
2025-12-09 18:47:29,Nguyen Thai Son,Phu Nhuan,10.823400120373712,106.68551227436063,23,31,1.0
2025-12-09 18:47:30,An Duong Vuong,Quan 8,10.756158554057757,106.66631758181126,17,28,1.0
2025-12-09 18:47:42,Huynh Tan Phat,Nha Be,10.7144382088356,106.73711688366167,23,35,1.0
2025-12-09 18:47:54,Truong Chinh,Tan Binh ,10.817236653231737,106.63191539530457,22,34,1.0
2025-12-09 18:50:06,Cho Ben Thanh,Quan 1,10.772727584493625,106.69804225297563,10,22,0.968292
2025-12-09 18:50:07,Duong Nguyen Hue,Quan 1,10.774028664434528,106.70357076461706,15,27,1.0
2025-12-09 18:50:08,Nguyen Van Linh,Quan 7,10.752616652291238,106.72509685338922,28,38,1.0
2025-12-09 18:50:09,Vo Van Kiet,Quan 5,10.745754766198267,106.65326266831877,37,42,1.0
2025-12-09 18:50:10,Xa lo Ha Noi,QL1A,10.94927106740351,106.87196348224562,29,40,1.0
2025-12-09 18:50:11,Duong Dien Bien Phu,Quan 1,10.78866360854368,106.69551372228901,31,41,1.0
2025-12-09 18:50:12,Nga tu Hang Xanh,Binh Thanh,10.801406421807085,106.71148440879679,31,41,1.0
2025-12-09 18:50:13,Nga tu An Suong,Hoc Mon,10.843150534972033,106.6151343241409,23,35,1.0
2025-12-09 18:50:14,Ben xe Mien Dong,Quan 9,10.880537767027526,106.81481342866444,42,53,1.0
2025-12-09 18:50:22,Ben xe Mien Tay,Binh Tan,10.740840166521663,106.61899246873142,27,35,1.0
2025-12-09 18:50:34,Cau Sai Gon,Quan 2 ,10.798986343749618,106.72697056646841,45,45,1.0
2025-12-09 18:50:46,Cau Phu My,Q2,10.741860769464234,106.73790365482627,31,44,1.0
2025-12-09 18:50:47,Cau Kenh Te,Q4,10.752408891679814,106.7022703818112,22,34,1.0
2025-12-09 18:50:48,Cau Thu Thiem,Quan 2,10.786216596454727,106.71836665482695,40,40,1.0
2025-12-09 18:50:48,Nguyen Huu Canh,Binh Thanh,10.78948793356203,106.71518838181179,36,36,1.0
2025-12-09 18:50:49,Cong Hoa,Tan Binh,10.80223925742187,106.6478722259914,26,40,1.0
2025-12-09 18:50:50,Truong Son / Tan Son Nhat Blvd,Gan san bay,10.813928881466124,106.66511432455972,20,34,0.999713
2025-12-09 18:51:02,Nguyen Trai,Quan 5,10.755608615763382,106.67347943578082,16,28,1.0
2025-12-09 18:51:14,Le Duan,Quan 1,10.782680856341083,106.70051548181169,14,30,1.0
2025-12-09 18:51:15,Tran Hung Dao ,Quan 5,10.754895139302109,106.67839188181134,18,32,1.0
2025-12-09 18:51:16,Tran Quoc Thao,Quan 3,10.785070445194592,106.68331340921323,13,27,1.0
2025-12-09 18:51:17,Tran Hung Dao,Quan 5,10.7549373008113,106.67848844133415,18,32,1.0
2025-12-09 18:51:18,Cach Mang Thang 8 (CMT8),Quan 3,10.77898143649726,106.67684447140958,22,34,1.0
2025-12-09 18:51:19,Pham Ngu Lao / Bui Vien,Quan 1,10.767112828386699,106.6927618222887,9,19,1.0
2025-12-09 18:51:26,Nguyen Thi Minh Khai,Quan 3,10.77847212665258,106.69389510879643,29,41,1.0
2025-12-09 18:51:38,Nguyen Van Troi,Phu Nhuan,10.796057790235078,106.67492629345334,20,33,0.999713
2025-12-09 18:51:39,Pham Van Dong,Go Vap,10.835298215641501,106.72935479345391,34,42,0.996787
2025-12-09 18:51:40,Cong truong lam son,Quan 1,10.777562007197462,106.7041335430398,14,30,1.0
2025-12-09 18:51:41,Nguyen Oanh ,Go Vap,10.83886351241477,106.67566625482782,23,36,0.999225
2025-12-09 18:51:42,Le Hong Phong,Quan 10,10.765187049751795,106.67550552599073,15,36,1.0
2025-12-09 18:51:43,Nguyen Van Cu,Quan 5,10.759484371982321,106.6840537511244,16,28,1.0
2025-12-09 18:51:44,Nga tu Binh Phuoc,Ngoai o,10.865229381280965,106.72366973948475,35,49,1.0
2025-12-09 18:51:50,Phu My Hung ,Quan 7,10.72279213640514,106.72808623948244,22,37,0.998601
2025-12-09 18:51:51,Nguyen Thai Son,Phu Nhuan,10.823400120373712,106.68551227436063,23,32,1.0
2025-12-09 18:51:52,An Duong Vuong,Quan 8,10.756158554057757,106.66631758181126,17,29,1.0
2025-12-09 18:51:53,Huynh Tan Phat,Nha Be,10.7144382088356,106.73711688366167,23,35,1.0
2025-12-09 18:51:54,Truong Chinh,Tan Binh ,10.817236653231737,106.63191539530457,23,35,1.0
2025-12-09 18:54:06,Cho Ben Thanh,Quan 1,10.772727584493625,106.69804225297563,12,23,0.968292
2025-12-09 18:54:07,Duong Nguyen Hue,Quan 1,10.774028664434528,106.70357076461706,10,27,1.0
2025-12-09 18:54:08,Nguyen Van Linh,Quan 7,10.752616652291238,106.72509685338922,39,39,1.0
2025-12-09 18:54:09,Vo Van Kiet,Quan 5,10.745754766198267,106.65326266831877,38,42,1.0
2025-12-09 18:54:10,Xa lo Ha Noi,QL1A,10.94927106740351,106.87196348224562,27,42,1.0
2025-12-09 18:54:11,Duong Dien Bien Phu,Quan 1,10.78866360854368,106.69551372228901,32,42,1.0
2025-12-09 18:54:12,Nga tu Hang Xanh,Binh Thanh,10.801406421807085,106.71148440879679,32,42,1.0
2025-12-09 18:54:13,Nga tu An Suong,Hoc Mon,10.843150534972033,106.6151343241409,22,34,1.0
2025-12-09 18:54:13,Ben xe Mien Dong,Quan 9,10.880537767027526,106.81481342866444,43,53,1.0
2025-12-09 18:54:23,Ben xe Mien Tay,Binh Tan,10.740840166521663,106.61899246873142,26,35,1.0
2025-12-09 18:54:35,Cau Sai Gon,Quan 2 ,10.798986343749618,106.72697056646841,45,45,1.0
2025-12-09 18:54:35,Cau Phu My,Q2,10.741860769464234,106.73790365482627,32,44,1.0
2025-12-09 18:54:36,Cau Kenh Te,Q4,10.752408891679814,106.7022703818112,19,33,1.0
2025-12-09 18:54:37,Cau Thu Thiem,Quan 2,10.786216596454727,106.71836665482695,40,40,1.0
2025-12-09 18:54:38,Nguyen Huu Canh,Binh Thanh,10.78948793356203,106.71518838181179,36,36,1.0
2025-12-09 18:54:39,Cong Hoa,Tan Binh,10.80223925742187,106.6478722259914,30,41,1.0
2025-12-09 18:54:47,Truong Son / Tan Son Nhat Blvd,Gan san bay,10.813928881466124,106.66511432455972,21,34,1.0
2025-12-09 18:54:48,Nguyen Trai,Quan 5,10.755608615763382,106.67347943578082,14,28,1.0
2025-12-09 18:54:49,Le Duan,Quan 1,10.782680856341083,106.70051548181169,15,30,1.0
2025-12-09 18:54:49,Tran Hung Dao ,Quan 5,10.754895139302109,106.67839188181134,20,32,1.0
2025-12-09 18:54:50,Tran Quoc Thao,Quan 3,10.785070445194592,106.68331340921323,11,27,1.0
2025-12-09 18:54:51,Tran Hung Dao,Quan 5,10.7549373008113,106.67848844133415,20,32,1.0
2025-12-09 18:54:59,Cach Mang Thang 8 (CMT8),Quan 3,10.77898143649726,106.67684447140958,21,34,1.0
2025-12-09 18:55:11,Pham Ngu Lao / Bui Vien,Quan 1,10.767112828386699,106.6927618222887,12,20,1.0
2025-12-09 18:55:23,Nguyen Thi Minh Khai,Quan 3,10.77847212665258,106.69389510879643,28,41,1.0
2025-12-09 18:55:23,Nguyen Van Troi,Phu Nhuan,10.796057790235078,106.67492629345334,20,34,1.0
2025-12-09 18:55:24,Pham Van Dong,Go Vap,10.835298215641501,106.72935479345391,34,42,0.994247
2025-12-09 18:55:25,Cong truong lam son,Quan 1,10.777562007197462,106.7041335430398,15,30,1.0
2025-12-09 18:55:26,Nguyen Oanh ,Go Vap,10.83886351241477,106.67566625482782,24,36,1.0
2025-12-09 18:55:38,Le Hong Phong,Quan 10,10.765187049751795,106.67550552599073,21,35,1.0
2025-12-09 18:55:50,Nguyen Van Cu,Quan 5,10.759484371982321,106.6840537511244,17,28,1.0
2025-12-09 18:55:51,Nga tu Binh Phuoc,Ngoai o,10.865229381280965,106.72366973948475,34,49,1.0
2025-12-09 18:55:52,Phu My Hung ,Quan 7,10.72279213640514,106.72808623948244,24,37,0.998836
2025-12-09 18:55:53,Nguyen Thai Son,Phu Nhuan,10.823400120373712,106.68551227436063,22,31,1.0
2025-12-09 18:55:54,An Duong Vuong,Quan 8,10.756158554057757,106.66631758181126,19,28,1.0
2025-12-09 18:55:55,Huynh Tan Phat,Nha Be,10.7144382088356,106.73711688366167,22,35,1.0
2025-12-09 18:55:56,Truong Chinh,Tan Binh ,10.817236653231737,106.63191539530457,23,35,1.0
2025-12-09 18:58:08,Cho Ben Thanh,Quan 1,10.772727584493625,106.69804225297563,12,22,0.968292
2025-12-09 18:58:20,Duong Nguyen Hue,Quan 1,10.774028664434528,106.70357076461706,13,28,1.0
2025-12-09 18:58:21,Nguyen Van Linh,Quan 7,10.752616652291238,106.72509685338922,39,39,1.0
2025-12-09 18:58:22,Vo Van Kiet,Quan 5,10.745754766198267,106.65326266831877,37,43,1.0
2025-12-09 18:58:23,Xa lo Ha Noi,QL1A,10.94927106740351,106.87196348224562,27,41,1.0
2025-12-09 18:58:24,Duong Dien Bien Phu,Quan 1,10.78866360854368,106.69551372228901,32,41,1.0
2025-12-09 18:58:24,Nga tu Hang Xanh,Binh Thanh,10.801406421807085,106.71148440879679,32,41,1.0
2025-12-09 18:58:36,Nga tu An Suong,Hoc Mon,10.843150534972033,106.6151343241409,24,35,1.0
2025-12-09 18:58:48,Ben xe Mien Dong,Quan 9,10.880537767027526,106.81481342866444,42,53,1.0
2025-12-09 18:58:49,Ben xe Mien Tay,Binh Tan,10.740840166521663,106.61899246873142,27,36,1.0
2025-12-09 18:58:50,Cau Sai Gon,Quan 2 ,10.798986343749618,106.72697056646841,36,45,1.0
2025-12-09 18:58:51,Cau Phu My,Q2,10.741860769464234,106.73790365482627,30,44,1.0
2025-12-09 18:58:52,Cau Kenh Te,Q4,10.752408891679814,106.7022703818112,21,33,1.0
2025-12-09 18:58:53,Cau Thu Thiem,Quan 2,10.786216596454727,106.71836665482695,40,40,1.0
2025-12-09 18:59:05,Nguyen Huu Canh,Binh Thanh,10.78948793356203,106.71518838181179,23,34,1.0
2025-12-09 18:59:06,Cong Hoa,Tan Binh,10.80223925742187,106.6478722259914,26,39,1.0
2025-12-09 18:59:07,Truong Son / Tan Son Nhat Blvd,Gan san bay,10.813928881466124,106.66511432455972,20,34,1.0
2025-12-09 18:59:08,Nguyen Trai,Quan 5,10.755608615763382,106.67347943578082,15,26,0.998954
2025-12-09 18:59:09,Le Duan,Quan 1,10.782680856341083,106.70051548181169,15,30,1.0
2025-12-09 18:59:09,Tran Hung Dao ,Quan 5,10.754895139302109,106.67839188181134,21,32,1.0
2025-12-09 18:59:10,Tran Quoc Thao,Quan 3,10.785070445194592,106.68331340921323,13,27,1.0
2025-12-09 18:59:11,Tran Hung Dao,Quan 5,10.7549373008113,106.67848844133415,21,32,1.0
2025-12-09 18:59:12,Cach Mang Thang 8 (CMT8),Quan 3,10.77898143649726,106.67684447140958,22,34,1.0
2025-12-09 18:59:13,Pham Ngu Lao / Bui Vien,Quan 1,10.767112828386699,106.6927618222887,9,19,1.0
2025-12-09 18:59:14,Nguyen Thi Minh Khai,Quan 3,10.77847212665258,106.69389510879643,29,41,1.0
2025-12-09 18:59:15,Nguyen Van Troi,Phu Nhuan,10.796057790235078,106.67492629345334,20,34,1.0
2025-12-09 18:59:16,Pham Van Dong,Go Vap,10.835298215641501,106.72935479345391,34,42,0.994485
2025-12-09 18:59:17,Cong truong lam son,Quan 1,10.777562007197462,106.7041335430398,15,30,1.0
2025-12-09 18:59:18,Nguyen Oanh ,Go Vap,10.83886351241477,106.67566625482782,24,36,1.0
2025-12-09 18:59:19,Le Hong Phong,Quan 10,10.765187049751795,106.67550552599073,22,36,1.0
2025-12-09 18:59:20,Nguyen Van Cu,Quan 5,10.759484371982321,106.6840537511244,15,26,0.998954
2025-12-09 18:59:20,Nga tu Binh Phuoc,Ngoai o,10.865229381280965,106.72366973948475,35,49,1.0
2025-12-09 18:59:23,Phu My Hung ,Quan 7,10.72279213640514,106.72808623948244,23,37,0.998009
2025-12-09 18:59:23,Nguyen Thai Son,Phu Nhuan,10.823400120373712,106.68551227436063,21,32,1.0
2025-12-09 18:59:35,An Duong Vuong,Quan 8,10.756158554057757,106.66631758181126,19,29,1.0
2025-12-09 18:59:47,Huynh Tan Phat,Nha Be,10.7144382088356,106.73711688366167,22,35,1.0
2025-12-09 18:59:48,Truong Chinh,Tan Binh ,10.817236653231737,106.63191539530457,22,35,1.0
2025-12-09 19:02:01,Cho Ben Thanh,Quan 1,10.772727584493625,106.69804225297563,11,22,0.968292
2025-12-09 19:02:01,Duong Nguyen Hue,Quan 1,10.774028664434528,106.70357076461706,12,28,1.0
2025-12-09 19:02:02,Nguyen Van Linh,Quan 7,10.752616652291238,106.72509685338922,39,39,1.0
2025-12-09 19:02:03,Vo Van Kiet,Quan 5,10.745754766198267,106.65326266831877,42,42,1.0
2025-12-09 19:02:04,Xa lo Ha Noi,QL1A,10.94927106740351,106.87196348224562,42,42,1.0
2025-12-09 19:02:05,Duong Dien Bien Phu,Quan 1,10.78866360854368,106.69551372228901,32,42,1.0
2025-12-09 19:02:17,Nga tu Hang Xanh,Binh Thanh,10.801406421807085,106.71148440879679,32,42,1.0
2025-12-09 19:02:29,Nga tu An Suong,Hoc Mon,10.843150534972033,106.6151343241409,24,35,1.0
2025-12-09 19:02:41,Ben xe Mien Dong,Quan 9,10.880537767027526,106.81481342866444,39,53,1.0
2025-12-09 19:02:42,Ben xe Mien Tay,Binh Tan,10.740840166521663,106.61899246873142,26,35,1.0
2025-12-09 19:02:43,Cau Sai Gon,Quan 2 ,10.798986343749618,106.72697056646841,45,45,1.0
2025-12-09 19:02:44,Cau Phu My,Q2,10.741860769464234,106.73790365482627,31,44,1.0
2025-12-09 19:02:45,Cau Kenh Te,Q4,10.752408891679814,106.7022703818112,24,34,1.0
2025-12-09 19:02:57,Cau Thu Thiem,Quan 2,10.786216596454727,106.71836665482695,40,40,1.0
2025-12-09 19:03:09,Nguyen Huu Canh,Binh Thanh,10.78948793356203,106.71518838181179,23,35,1.0
2025-12-09 19:03:10,Cong Hoa,Tan Binh,10.80223925742187,106.6478722259914,26,41,1.0
2025-12-09 19:03:11,Truong Son / Tan Son Nhat Blvd,Gan san bay,10.813928881466124,106.66511432455972,20,34,0.999358
2025-12-09 19:03:12,Nguyen Trai,Quan 5,10.755608615763382,106.67347943578082,18,28,1.0
2025-12-09 19:03:13,Le Duan,Quan 1,10.782680856341083,106.70051548181169,15,29,1.0
2025-12-09 19:03:13,Tran Hung Dao ,Quan 5,10.754895139302109,106.67839188181134,19,32,1.0
2025-12-09 19:03:14,Tran Quoc Thao,Quan 3,10.785070445194592,106.68331340921323,14,28,1.0
2025-12-09 19:03:15,Tran Hung Dao,Quan 5,10.7549373008113,106.67848844133415,19,32,1.0
2025-12-09 19:03:16,Cach Mang Thang 8 (CMT8),Quan 3,10.77898143649726,106.67684447140958,23,34,1.0
2025-12-09 19:03:17,Pham Ngu Lao / Bui Vien,Quan 1,10.767112828386699,106.6927618222887,14,20,1.0
2025-12-09 19:03:29,Nguyen Thi Minh Khai,Quan 3,10.77847212665258,106.69389510879643,28,41,1.0
2025-12-09 19:03:41,Nguyen Van Troi,Phu Nhuan,10.796057790235078,106.67492629345334,20,33,1.0
2025-12-09 19:03:42,Pham Van Dong,Go Vap,10.835298215641501,106.72935479345391,33,42,0.991471
2025-12-09 19:03:43,Cong truong lam son,Quan 1,10.777562007197462,106.7041335430398,15,29,1.0
2025-12-09 19:03:44,Nguyen Oanh ,Go Vap,10.83886351241477,106.67566625482782,25,36,1.0
2025-12-09 19:03:45,Le Hong Phong,Quan 10,10.765187049751795,106.67550552599073,19,36,1.0
2025-12-09 19:03:57,Nguyen Van Cu,Quan 5,10.759484371982321,106.6840537511244,16,27,1.0
2025-12-09 19:04:09,Nga tu Binh Phuoc,Ngoai o,10.865229381280965,106.72366973948475,35,49,1.0
2025-12-09 19:04:21,Phu My Hung ,Quan 7,10.72279213640514,106.72808623948244,23,37,0.999277
2025-12-09 19:04:22,Nguyen Thai Son,Phu Nhuan,10.823400120373712,106.68551227436063,21,32,1.0
2025-12-09 19:04:25,An Duong Vuong,Quan 8,10.756158554057757,106.66631758181126,19,29,1.0
2025-12-09 19:04:37,Huynh Tan Phat,Nha Be,10.7144382088356,106.73711688366167,23,35,1.0
2025-12-09 19:04:49,Truong Chinh,Tan Binh ,10.817236653231737,106.63191539530457,23,35,1.0
2025-12-09 19:07:00,Cho Ben Thanh,Quan 1,10.772727584493625,106.69804225297563,10,22,0.968292
2025-12-09 19:07:01,Duong Nguyen Hue,Quan 1,10.774028664434528,106.70357076461706,12,27,1.0
2025-12-09 19:07:02,Nguyen Van Linh,Quan 7,10.752616652291238,106.72509685338922,30,39,1.0
2025-12-09 19:07:03,Vo Van Kiet,Quan 5,10.745754766198267,106.65326266831877,37,43,1.0
2025-12-09 19:07:04,Xa lo Ha Noi,QL1A,10.94927106740351,106.87196348224562,29,42,1.0
2025-12-09 19:07:16,Duong Dien Bien Phu,Quan 1,10.78866360854368,106.69551372228901,33,41,1.0
2025-12-09 19:07:17,Nga tu Hang Xanh,Binh Thanh,10.801406421807085,106.71148440879679,33,41,1.0
2025-12-09 19:07:18,Nga tu An Suong,Hoc Mon,10.843150534972033,106.6151343241409,24,35,1.0
2025-12-09 19:07:19,Ben xe Mien Dong,Quan 9,10.880537767027526,106.81481342866444,43,53,1.0
2025-12-09 19:07:20,Ben xe Mien Tay,Binh Tan,10.740840166521663,106.61899246873142,27,35,1.0
2025-12-09 19:07:21,Cau Sai Gon,Quan 2 ,10.798986343749618,106.72697056646841,45,45,1.0
2025-12-09 19:07:22,Cau Phu My,Q2,10.741860769464234,106.73790365482627,32,44,1.0
2025-12-09 19:07:23,Cau Kenh Te,Q4,10.752408891679814,106.7022703818112,25,34,1.0
2025-12-09 19:07:24,Cau Thu Thiem,Quan 2,10.786216596454727,106.71836665482695,40,40,1.0
2025-12-09 19:07:25,Nguyen Huu Canh,Binh Thanh,10.78948793356203,106.71518838181179,36,36,1.0
2025-12-09 19:07:37,Cong Hoa,Tan Binh,10.80223925742187,106.6478722259914,30,41,1.0
2025-12-09 19:07:49,Truong Son / Tan Son Nhat Blvd,Gan san bay,10.813928881466124,106.66511432455972,21,34,0.998853
2025-12-09 19:07:50,Nguyen Trai,Quan 5,10.755608615763382,106.67347943578082,14,27,1.0
2025-12-09 19:07:51,Le Duan,Quan 1,10.782680856341083,106.70051548181169,16,30,1.0
2025-12-09 19:07:51,Tran Hung Dao ,Quan 5,10.754895139302109,106.67839188181134,20,32,1.0
2025-12-09 19:07:52,Tran Quoc Thao,Quan 3,10.785070445194592,106.68331340921323,14,27,1.0
2025-12-09 19:07:53,Tran Hung Dao,Quan 5,10.7549373008113,106.67848844133415,20,32,1.0
2025-12-09 19:08:05,Cach Mang Thang 8 (CMT8),Quan 3,10.77898143649726,106.67684447140958,23,34,1.0
2025-12-09 19:08:06,Pham Ngu Lao / Bui Vien,Quan 1,10.767112828386699,106.6927618222887,14,20,1.0
2025-12-09 19:08:07,Nguyen Thi Minh Khai,Quan 3,10.77847212665258,106.69389510879643,29,41,1.0
2025-12-09 19:08:08,Nguyen Van Troi,Phu Nhuan,10.796057790235078,106.67492629345334,21,34,0.998853
2025-12-09 19:08:09,Pham Van Dong,Go Vap,10.835298215641501,106.72935479345391,33,42,0.995206
2025-12-09 19:08:10,Cong truong lam son,Quan 1,10.777562007197462,106.7041335430398,16,30,1.0
2025-12-09 19:08:11,Nguyen Oanh ,Go Vap,10.83886351241477,106.67566625482782,25,36,0.998582
2025-12-09 19:08:11,Le Hong Phong,Quan 10,10.765187049751795,106.67550552599073,25,35,1.0
2025-12-09 19:08:12,Nguyen Van Cu,Quan 5,10.759484371982321,106.6840537511244,14,27,1.0
2025-12-09 19:08:13,Nga tu Binh Phuoc,Ngoai o,10.865229381280965,106.72366973948475,35,49,1.0
2025-12-09 19:08:14,Phu My Hung ,Quan 7,10.72279213640514,106.72808623948244,23,36,1.0
2025-12-09 19:08:15,Nguyen Thai Son,Phu Nhuan,10.823400120373712,106.68551227436063,21,32,1.0
2025-12-09 19:08:27,An Duong Vuong,Quan 8,10.756158554057757,106.66631758181126,20,28,1.0
2025-12-09 19:08:39,Huynh Tan Phat,Nha Be,10.7144382088356,106.73711688366167,23,35,1.0
2025-12-09 19:08:40,Truong Chinh,Tan Binh ,10.817236653231737,106.63191539530457,23,34,1.0
2025-12-09 19:10:52,Cho Ben Thanh,Quan 1,10.772727584493625,106.69804225297563,12,22,0.968292
2025-12-09 19:10:53,Duong Nguyen Hue,Quan 1,10.774028664434528,106.70357076461706,11,28,1.0
2025-12-09 19:10:54,Nguyen Van Linh,Quan 7,10.752616652291238,106.72509685338922,26,39,1.0
2025-12-09 19:10:55,Vo Van Kiet,Quan 5,10.745754766198267,106.65326266831877,42,42,1.0
2025-12-09 19:10:56,Xa lo Ha Noi,QL1A,10.94927106740351,106.87196348224562,33,41,1.0
2025-12-09 19:10:57,Duong Dien Bien Phu,Quan 1,10.78866360854368,106.69551372228901,33,41,1.0
2025-12-09 19:11:09,Nga tu Hang Xanh,Binh Thanh,10.801406421807085,106.71148440879679,33,41,1.0
2025-12-09 19:11:10,Nga tu An Suong,Hoc Mon,10.843150534972033,106.6151343241409,23,34,1.0
2025-12-09 19:11:22,Ben xe Mien Dong,Quan 9,10.880537767027526,106.81481342866444,41,52,1.0
2025-12-09 19:11:22,Ben xe Mien Tay,Binh Tan,10.740840166521663,106.61899246873142,26,35,1.0
2025-12-09 19:11:34,Cau Sai Gon,Quan 2 ,10.798986343749618,106.72697056646841,45,45,1.0
2025-12-09 19:11:46,Cau Phu My,Q2,10.741860769464234,106.73790365482627,32,44,1.0
2025-12-09 19:11:46,Cau Kenh Te,Q4,10.752408891679814,106.7022703818112,26,32,1.0
2025-12-09 19:11:47,Cau Thu Thiem,Quan 2,10.786216596454727,106.71836665482695,40,40,1.0
2025-12-09 19:11:48,Nguyen Huu Canh,Binh Thanh,10.78948793356203,106.71518838181179,28,35,1.0
2025-12-09 19:11:49,Cong Hoa,Tan Binh,10.80223925742187,106.6478722259914,25,41,1.0
2025-12-09 19:11:50,Truong Son / Tan Son Nhat Blvd,Gan san bay,10.813928881466124,106.66511432455972,21,34,1.0
2025-12-09 19:11:58,Nguyen Trai,Quan 5,10.755608615763382,106.67347943578082,12,27,1.0
2025-12-09 19:12:10,Le Duan,Quan 1,10.782680856341083,106.70051548181169,15,29,1.0
2025-12-09 19:12:22,Tran Hung Dao ,Quan 5,10.754895139302109,106.67839188181134,22,32,1.0
2025-12-09 19:12:22,Tran Quoc Thao,Quan 3,10.785070445194592,106.68331340921323,17,27,1.0
2025-12-09 19:12:23,Tran Hung Dao,Quan 5,10.7549373008113,106.67848844133415,22,32,1.0
2025-12-09 19:12:24,Cach Mang Thang 8 (CMT8),Quan 3,10.77898143649726,106.67684447140958,23,34,1.0
2025-12-09 19:12:25,Pham Ngu Lao / Bui Vien,Quan 1,10.767112828386699,106.6927618222887,10,19,1.0
2025-12-09 19:12:26,Nguyen Thi Minh Khai,Quan 3,10.77847212665258,106.69389510879643,29,41,1.0
2025-12-09 19:12:27,Nguyen Van Troi,Phu Nhuan,10.796057790235078,106.67492629345334,21,33,0.999715
2025-12-09 19:12:28,Pham Van Dong,Go Vap,10.835298215641501,106.72935479345391,42,42,1.0
2025-12-09 19:12:39,Cong truong lam son,Quan 1,10.777562007197462,106.7041335430398,15,30,1.0
2025-12-09 19:12:40,Nguyen Oanh ,Go Vap,10.83886351241477,106.67566625482782,24,36,1.0
2025-12-09 19:12:41,Le Hong Phong,Quan 10,10.765187049751795,106.67550552599073,23,35,1.0
2025-12-09 19:12:42,Nguyen Van Cu,Quan 5,10.759484371982321,106.6840537511244,14,27,1.0
2025-12-09 19:12:43,Nga tu Binh Phuoc,Ngoai o,10.865229381280965,106.72366973948475,35,49,1.0
2025-12-09 19:12:50,Phu My Hung ,Quan 7,10.72279213640514,106.72808623948244,23,37,0.999301
2025-12-09 19:12:51,Nguyen Thai Son,Phu Nhuan,10.823400120373712,106.68551227436063,22,31,1.0
2025-12-09 19:12:52,An Duong Vuong,Quan 8,10.756158554057757,106.66631758181126,18,29,1.0
2025-12-09 19:12:53,Huynh Tan Phat,Nha Be,10.7144382088356,106.73711688366167,22,35,1.0
2025-12-09 19:12:54,Truong Chinh,Tan Binh ,10.817236653231737,106.63191539530457,23,35,1.0
2025-12-09 19:15:06,Cho Ben Thanh,Quan 1,10.772727584493625,106.69804225297563,12,22,0.968292
2025-12-09 19:15:07,Duong Nguyen Hue,Quan 1,10.774028664434528,106.70357076461706,12,28,1.0
2025-12-09 19:15:08,Nguyen Van Linh,Quan 7,10.752616652291238,106.72509685338922,39,39,1.0
2025-12-09 19:15:08,Vo Van Kiet,Quan 5,10.745754766198267,106.65326266831877,42,42,1.0
2025-12-09 19:15:09,Xa lo Ha Noi,QL1A,10.94927106740351,106.87196348224562,30,41,1.0
2025-12-09 19:15:10,Duong Dien Bien Phu,Quan 1,10.78866360854368,106.69551372228901,33,42,1.0
2025-12-09 19:15:11,Nga tu Hang Xanh,Binh Thanh,10.801406421807085,106.71148440879679,33,42,1.0
2025-12-09 19:15:12,Nga tu An Suong,Hoc Mon,10.843150534972033,106.6151343241409,23,35,1.0
2025-12-09 19:15:13,Ben xe Mien Dong,Quan 9,10.880537767027526,106.81481342866444,43,53,1.0
2025-12-09 19:15:14,Ben xe Mien Tay,Binh Tan,10.740840166521663,106.61899246873142,28,35,1.0
2025-12-09 19:15:26,Cau Sai Gon,Quan 2 ,10.798986343749618,106.72697056646841,45,45,1.0
2025-12-09 19:15:37,Cau Phu My,Q2,10.741860769464234,106.73790365482627,32,44,1.0
2025-12-09 19:15:38,Cau Kenh Te,Q4,10.752408891679814,106.7022703818112,23,32,1.0
2025-12-09 19:15:39,Cau Thu Thiem,Quan 2,10.786216596454727,106.71836665482695,40,40,1.0
2025-12-09 19:15:40,Nguyen Huu Canh,Binh Thanh,10.78948793356203,106.71518838181179,36,36,1.0
2025-12-09 19:15:41,Cong Hoa,Tan Binh,10.80223925742187,106.6478722259914,27,40,1.0
2025-12-09 19:15:42,Truong Son / Tan Son Nhat Blvd,Gan san bay,10.813928881466124,106.66511432455972,21,34,1.0
2025-12-09 19:15:48,Nguyen Trai,Quan 5,10.755608615763382,106.67347943578082,17,27,1.0
2025-12-09 19:16:00,Le Duan,Quan 1,10.782680856341083,106.70051548181169,15,29,1.0
2025-12-09 19:16:12,Tran Hung Dao ,Quan 5,10.754895139302109,106.67839188181134,21,33,1.0
2025-12-09 19:16:13,Tran Quoc Thao,Quan 3,10.785070445194592,106.68331340921323,18,28,1.0
2025-12-09 19:16:14,Tran Hung Dao,Quan 5,10.7549373008113,106.67848844133415,21,33,1.0
2025-12-09 19:16:24,Cach Mang Thang 8 (CMT8),Quan 3,10.77898143649726,106.67684447140958,23,34,1.0
2025-12-09 19:16:25,Pham Ngu Lao / Bui Vien,Quan 1,10.767112828386699,106.6927618222887,9,19,1.0
2025-12-09 19:16:26,Nguyen Thi Minh Khai,Quan 3,10.77847212665258,106.69389510879643,28,41,1.0
2025-12-09 19:16:26,Nguyen Van Troi,Phu Nhuan,10.796057790235078,106.67492629345334,21,33,1.0
2025-12-09 19:16:27,Pham Van Dong,Go Vap,10.835298215641501,106.72935479345391,35,42,0.996616
2025-12-09 19:16:28,Cong truong lam son,Quan 1,10.777562007197462,106.7041335430398,15,30,1.0
2025-12-09 19:16:40,Nguyen Oanh ,Go Vap,10.83886351241477,106.67566625482782,23,36,1.0
2025-12-09 19:16:52,Le Hong Phong,Quan 10,10.765187049751795,106.67550552599073,23,36,1.0
2025-12-09 19:16:53,Nguyen Van Cu,Quan 5,10.759484371982321,106.6840537511244,16,27,1.0
2025-12-09 19:16:54,Nga tu Binh Phuoc,Ngoai o,10.865229381280965,106.72366973948475,36,49,1.0
2025-12-09 19:16:55,Phu My Hung ,Quan 7,10.72279213640514,106.72808623948244,22,36,0.998557
2025-12-09 19:17:07,Nguyen Thai Son,Phu Nhuan,10.823400120373712,106.68551227436063,22,31,1.0
2025-12-09 19:17:08,An Duong Vuong,Quan 8,10.756158554057757,106.66631758181126,22,29,1.0
2025-12-09 19:17:09,Huynh Tan Phat,Nha Be,10.7144382088356,106.73711688366167,23,35,1.0
2025-12-09 19:17:17,Truong Chinh,Tan Binh ,10.817236653231737,106.63191539530457,24,34,1.0
2025-12-09 19:19:29,Cho Ben Thanh,Quan 1,10.772727584493625,106.69804225297563,10,22,0.968292
2025-12-09 19:19:41,Duong Nguyen Hue,Quan 1,10.774028664434528,106.70357076461706,14,27,1.0
2025-12-09 19:19:42,Nguyen Van Linh,Quan 7,10.752616652291238,106.72509685338922,28,39,1.0
2025-12-09 19:19:43,Vo Van Kiet,Quan 5,10.745754766198267,106.65326266831877,42,42,1.0
2025-12-09 19:19:44,Xa lo Ha Noi,QL1A,10.94927106740351,106.87196348224562,29,41,1.0
2025-12-09 19:19:44,Duong Dien Bien Phu,Quan 1,10.78866360854368,106.69551372228901,33,41,1.0
2025-12-09 19:19:45,Nga tu Hang Xanh,Binh Thanh,10.801406421807085,106.71148440879679,33,41,1.0
2025-12-09 19:19:46,Nga tu An Suong,Hoc Mon,10.843150534972033,106.6151343241409,24,35,1.0
2025-12-09 19:19:53,Ben xe Mien Dong,Quan 9,10.880537767027526,106.81481342866444,46,53,1.0
2025-12-09 19:19:54,Ben xe Mien Tay,Binh Tan,10.740840166521663,106.61899246873142,27,35,1.0
2025-12-09 19:19:55,Cau Sai Gon,Quan 2 ,10.798986343749618,106.72697056646841,45,45,1.0
2025-12-09 19:19:56,Cau Phu My,Q2,10.741860769464234,106.73790365482627,32,44,1.0
2025-12-09 19:19:57,Cau Kenh Te,Q4,10.752408891679814,106.7022703818112,23,33,1.0
2025-12-09 19:19:57,Cau Thu Thiem,Quan 2,10.786216596454727,106.71836665482695,40,40,1.0
2025-12-09 19:19:58,Nguyen Huu Canh,Binh Thanh,10.78948793356203,106.71518838181179,36,36,1.0
2025-12-09 19:19:59,Cong Hoa,Tan Binh,10.80223925742187,106.6478722259914,24,41,1.0
2025-12-09 19:20:00,Truong Son / Tan Son Nhat Blvd,Gan san bay,10.813928881466124,106.66511432455972,21,33,1.0
2025-12-09 19:20:01,Nguyen Trai,Quan 5,10.755608615763382,106.67347943578082,17,27,1.0
2025-12-09 19:20:02,Le Duan,Quan 1,10.782680856341083,106.70051548181169,16,30,1.0
2025-12-09 19:20:05,Tran Hung Dao ,Quan 5,10.754895139302109,106.67839188181134,21,33,1.0
2025-12-09 19:20:27,Tran Quoc Thao,Quan 3,10.785070445194592,106.68331340921323,16,28,1.0
2025-12-09 19:20:39,Tran Hung Dao,Quan 5,10.7549373008113,106.67848844133415,22,33,1.0
2025-12-09 19:20:51,Cach Mang Thang 8 (CMT8),Quan 3,10.77898143649726,106.67684447140958,23,34,1.0
2025-12-09 19:20:52,Pham Ngu Lao / Bui Vien,Quan 1,10.767112828386699,106.6927618222887,15,20,1.0
2025-12-09 19:20:53,Nguyen Thi Minh Khai,Quan 3,10.77847212665258,106.69389510879643,29,41,1.0
2025-12-09 19:20:54,Nguyen Van Troi,Phu Nhuan,10.796057790235078,106.67492629345334,21,34,0.998657
2025-12-09 19:20:54,Pham Van Dong,Go Vap,10.835298215641501,106.72935479345391,42,42,1.0
2025-12-09 19:21:06,Cong truong lam son,Quan 1,10.777562007197462,106.7041335430398,15,30,1.0
2025-12-09 19:21:18,Nguyen Oanh ,Go Vap,10.83886351241477,106.67566625482782,23,37,1.0
2025-12-09 19:21:19,Le Hong Phong,Quan 10,10.765187049751795,106.67550552599073,21,36,1.0
2025-12-09 19:21:20,Nguyen Van Cu,Quan 5,10.759484371982321,106.6840537511244,16,27,1.0
2025-12-09 19:21:42,Nga tu Binh Phuoc,Ngoai o,10.865229381280965,106.72366973948475,36,49,1.0
2025-12-09 19:21:43,Phu My Hung ,Quan 7,10.72279213640514,106.72808623948244,22,37,0.998557
2025-12-09 19:21:44,Nguyen Thai Son,Phu Nhuan,10.823400120373712,106.68551227436063,22,31,1.0
2025-12-09 19:21:45,An Duong Vuong,Quan 8,10.756158554057757,106.66631758181126,22,29,1.0
2025-12-09 19:21:46,Huynh Tan Phat,Nha Be,10.7144382088356,106.73711688366167,23,35,1.0
2025-12-09 19:21:47,Truong Chinh,Tan Binh ,10.817236653231737,106.63191539530457,24,35,1.0
2025-12-09 19:23:48,Cho Ben Thanh,Quan 1,10.772727584493625,106.69804225297563,11,23,0.968292
2025-12-09 19:23:49,Duong Nguyen Hue,Quan 1,10.774028664434528,106.70357076461706,12,27,1.0
2025-12-09 19:23:50,Nguyen Van Linh,Quan 7,10.752616652291238,106.72509685338922,25,39,1.0
2025-12-09 19:23:59,Vo Van Kiet,Quan 5,10.745754766198267,106.65326266831877,42,42,1.0
2025-12-09 19:24:11,Xa lo Ha Noi,QL1A,10.94927106740351,106.87196348224562,31,41,1.0
2025-12-09 19:24:12,Duong Dien Bien Phu,Quan 1,10.78866360854368,106.69551372228901,34,42,1.0
2025-12-09 19:24:13,Nga tu Hang Xanh,Binh Thanh,10.801406421807085,106.71148440879679,34,42,1.0
2025-12-09 19:24:13,Nga tu An Suong,Hoc Mon,10.843150534972033,106.6151343241409,23,35,1.0
2025-12-09 19:24:14,Ben xe Mien Dong,Quan 9,10.880537767027526,106.81481342866444,43,53,1.0
2025-12-09 19:24:15,Ben xe Mien Tay,Binh Tan,10.740840166521663,106.61899246873142,27,35,1.0
2025-12-09 19:24:23,Cau Sai Gon,Quan 2 ,10.798986343749618,106.72697056646841,45,45,1.0
2025-12-09 19:24:35,Cau Phu My,Q2,10.741860769464234,106.73790365482627,33,44,1.0
2025-12-09 19:24:36,Cau Kenh Te,Q4,10.752408891679814,106.7022703818112,22,32,1.0
2025-12-09 19:24:36,Cau Thu Thiem,Quan 2,10.786216596454727,106.71836665482695,40,40,1.0
2025-12-09 19:24:37,Nguyen Huu Canh,Binh Thanh,10.78948793356203,106.71518838181179,36,36,1.0
2025-12-09 19:24:38,Cong Hoa,Tan Binh,10.80223925742187,106.6478722259914,27,41,1.0
2025-12-09 19:24:39,Truong Son / Tan Son Nhat Blvd,Gan san bay,10.813928881466124,106.66511432455972,21,34,0.998691
2025-12-09 19:24:40,Nguyen Trai,Quan 5,10.755608615763382,106.67347943578082,17,27,0.997911
2025-12-09 19:24:41,Le Duan,Quan 1,10.782680856341083,106.70051548181169,16,30,1.0
2025-12-09 19:24:42,Tran Hung Dao ,Quan 5,10.754895139302109,106.67839188181134,20,33,1.0
2025-12-09 19:24:43,Tran Quoc Thao,Quan 3,10.785070445194592,106.68331340921323,21,27,1.0
2025-12-09 19:24:44,Tran Hung Dao,Quan 5,10.7549373008113,106.67848844133415,20,33,1.0
2025-12-09 19:24:47,Cach Mang Thang 8 (CMT8),Quan 3,10.77898143649726,106.67684447140958,22,34,1.0
2025-12-09 19:24:59,Pham Ngu Lao / Bui Vien,Quan 1,10.767112828386699,106.6927618222887,10,19,1.0
2025-12-09 19:25:00,Nguyen Thi Minh Khai,Quan 3,10.77847212665258,106.69389510879643,28,41,1.0
2025-12-09 19:25:01,Nguyen Van Troi,Phu Nhuan,10.796057790235078,106.67492629345334,21,34,0.999427
2025-12-09 19:25:02,Pham Van Dong,Go Vap,10.835298215641501,106.72935479345391,36,42,0.996595
2025-12-09 19:25:02,Cong truong lam son,Quan 1,10.777562007197462,106.7041335430398,16,29,1.0
2025-12-09 19:25:03,Nguyen Oanh ,Go Vap,10.83886351241477,106.67566625482782,24,36,0.998077
2025-12-09 19:25:16,Le Hong Phong,Quan 10,10.765187049751795,106.67550552599073,23,36,1.0
2025-12-09 19:25:28,Nguyen Van Cu,Quan 5,10.759484371982321,106.6840537511244,19,28,1.0
2025-12-09 19:25:28,Nga tu Binh Phuoc,Ngoai o,10.865229381280965,106.72366973948475,36,49,1.0
2025-12-09 19:25:40,Phu My Hung ,Quan 7,10.72279213640514,106.72808623948244,23,37,0.998476
2025-12-09 19:25:41,Nguyen Thai Son,Phu Nhuan,10.823400120373712,106.68551227436063,21,31,1.0
2025-12-09 19:25:42,An Duong Vuong,Quan 8,10.756158554057757,106.66631758181126,19,29,1.0
2025-12-09 19:25:43,Huynh Tan Phat,Nha Be,10.7144382088356,106.73711688366167,24,35,1.0
2025-12-09 19:25:44,Truong Chinh,Tan Binh ,10.817236653231737,106.63191539530457,24,35,1.0
2025-12-09 19:27:56,Cho Ben Thanh,Quan 1,10.772727584493625,106.69804225297563,11,23,0.968292
2025-12-09 19:27:57,Duong Nguyen Hue,Quan 1,10.774028664434528,106.70357076461706,16,27,1.0
2025-12-09 19:27:58,Nguyen Van Linh,Quan 7,10.752616652291238,106.72509685338922,29,39,1.0
2025-12-09 19:27:59,Vo Van Kiet,Quan 5,10.745754766198267,106.65326266831877,42,42,1.0
2025-12-09 19:28:00,Xa lo Ha Noi,QL1A,10.94927106740351,106.87196348224562,32,41,1.0
2025-12-09 19:28:00,Duong Dien Bien Phu,Quan 1,10.78866360854368,106.69551372228901,34,41,1.0
2025-12-09 19:28:13,Nga tu Hang Xanh,Binh Thanh,10.801406421807085,106.71148440879679,34,41,1.0
2025-12-09 19:28:14,Nga tu An Suong,Hoc Mon,10.843150534972033,106.6151343241409,23,34,1.0
2025-12-09 19:28:14,Ben xe Mien Dong,Quan 9,10.880537767027526,106.81481342866444,44,53,1.0
2025-12-09 19:28:24,Ben xe Mien Tay,Binh Tan,10.740840166521663,106.61899246873142,28,35,1.0
2025-12-09 19:28:37,Cau Sai Gon,Quan 2 ,10.798986343749618,106.72697056646841,45,45,1.0
2025-12-09 19:28:49,Cau Phu My,Q2,10.741860769464234,106.73790365482627,33,44,1.0
2025-12-09 19:28:50,Cau Kenh Te,Q4,10.752408891679814,106.7022703818112,24,34,1.0
2025-12-09 19:28:51,Cau Thu Thiem,Quan 2,10.786216596454727,106.71836665482695,32,40,1.0
2025-12-09 19:28:51,Nguyen Huu Canh,Binh Thanh,10.78948793356203,106.71518838181179,36,36,1.0
2025-12-09 19:28:52,Cong Hoa,Tan Binh,10.80223925742187,106.6478722259914,29,41,1.0
2025-12-09 19:28:53,Truong Son / Tan Son Nhat Blvd,Gan san bay,10.813928881466124,106.66511432455972,23,34,1.0
2025-12-09 19:29:05,Nguyen Trai,Quan 5,10.755608615763382,106.67347943578082,17,27,1.0
2025-12-09 19:29:06,Le Duan,Quan 1,10.782680856341083,106.70051548181169,16,30,1.0
2025-12-09 19:29:07,Tran Hung Dao ,Quan 5,10.754895139302109,106.67839188181134,21,32,1.0
2025-12-09 19:29:08,Tran Quoc Thao,Quan 3,10.785070445194592,106.68331340921323,16,28,1.0
2025-12-09 19:29:09,Tran Hung Dao,Quan 5,10.7549373008113,106.67848844133415,21,32,1.0
2025-12-09 19:29:10,Cach Mang Thang 8 (CMT8),Quan 3,10.77898143649726,106.67684447140958,22,34,1.0
2025-12-09 19:29:11,Pham Ngu Lao / Bui Vien,Quan 1,10.767112828386699,106.6927618222887,14,20,1.0
2025-12-09 19:29:11,Nguyen Thi Minh Khai,Quan 3,10.77847212665258,106.69389510879643,30,41,1.0
2025-12-09 19:29:23,Nguyen Van Troi,Phu Nhuan,10.796057790235078,106.67492629345334,22,33,1.0
2025-12-09 19:29:35,Pham Van Dong,Go Vap,10.835298215641501,106.72935479345391,34,42,0.996736
2025-12-09 19:29:47,Cong truong lam son,Quan 1,10.777562007197462,106.7041335430398,16,30,1.0
2025-12-09 19:29:48,Nguyen Oanh ,Go Vap,10.83886351241477,106.67566625482782,25,36,1.0
2025-12-09 19:29:49,Le Hong Phong,Quan 10,10.765187049751795,106.67550552599073,23,35,1.0
2025-12-09 19:29:50,Nguyen Van Cu,Quan 5,10.759484371982321,106.6840537511244,17,28,1.0
2025-12-09 19:29:51,Nga tu Binh Phuoc,Ngoai o,10.865229381280965,106.72366973948475,35,49,1.0
2025-12-09 19:29:52,Phu My Hung ,Quan 7,10.72279213640514,106.72808623948244,24,37,0.998557
2025-12-09 19:30:03,Nguyen Thai Son,Phu Nhuan,10.823400120373712,106.68551227436063,23,31,1.0
2025-12-09 19:30:15,An Duong Vuong,Quan 8,10.756158554057757,106.66631758181126,21,29,1.0
2025-12-09 19:30:16,Huynh Tan Phat,Nha Be,10.7144382088356,106.73711688366167,26,35,1.0
2025-12-09 19:30:17,Truong Chinh,Tan Binh ,10.817236653231737,106.63191539530457,25,35,1.0
2025-12-09 19:32:29,Cho Ben Thanh,Quan 1,10.772727584493625,106.69804225297563,12,22,0.968292
2025-12-09 19:32:30,Duong Nguyen Hue,Quan 1,10.774028664434528,106.70357076461706,16,27,1.0
2025-12-09 19:32:31,Nguyen Van Linh,Quan 7,10.752616652291238,106.72509685338922,29,39,1.0
2025-12-09 19:32:32,Vo Van Kiet,Quan 5,10.745754766198267,106.65326266831877,42,42,1.0
2025-12-09 19:32:33,Xa lo Ha Noi,QL1A,10.94927106740351,106.87196348224562,28,42,1.0
2025-12-09 19:32:33,Duong Dien Bien Phu,Quan 1,10.78866360854368,106.69551372228901,33,42,1.0
2025-12-09 19:32:45,Nga tu Hang Xanh,Binh Thanh,10.801406421807085,106.71148440879679,33,42,1.0
2025-12-09 19:32:57,Nga tu An Suong,Hoc Mon,10.843150534972033,106.6151343241409,25,35,1.0
2025-12-09 19:32:59,Ben xe Mien Dong,Quan 9,10.880537767027526,106.81481342866444,44,53,1.0
2025-12-09 19:33:11,Ben xe Mien Tay,Binh Tan,10.740840166521663,106.61899246873142,28,35,1.0
2025-12-09 19:33:23,Cau Sai Gon,Quan 2 ,10.798986343749618,106.72697056646841,45,45,1.0
2025-12-09 19:33:23,Cau Phu My,Q2,10.741860769464234,106.73790365482627,36,44,1.0
2025-12-09 19:33:24,Cau Kenh Te,Q4,10.752408891679814,106.7022703818112,23,34,1.0
2025-12-09 19:33:25,Cau Thu Thiem,Quan 2,10.786216596454727,106.71836665482695,40,40,1.0
2025-12-09 19:33:26,Nguyen Huu Canh,Binh Thanh,10.78948793356203,106.71518838181179,36,36,1.0
2025-12-09 19:33:27,Cong Hoa,Tan Binh,10.80223925742187,106.6478722259914,29,41,1.0
2025-12-09 19:33:35,Truong Son / Tan Son Nhat Blvd,Gan san bay,10.813928881466124,106.66511432455972,21,33,0.999713
2025-12-09 19:33:46,Nguyen Trai,Quan 5,10.755608615763382,106.67347943578082,16,28,1.0
2025-12-09 19:33:47,Le Duan,Quan 1,10.782680856341083,106.70051548181169,16,29,1.0
2025-12-09 19:33:48,Tran Hung Dao ,Quan 5,10.754895139302109,106.67839188181134,21,32,1.0
2025-12-09 19:33:49,Tran Quoc Thao,Quan 3,10.785070445194592,106.68331340921323,19,27,1.0
2025-12-09 19:33:50,Tran Hung Dao,Quan 5,10.7549373008113,106.67848844133415,21,32,1.0
2025-12-09 19:33:51,Cach Mang Thang 8 (CMT8),Quan 3,10.77898143649726,106.67684447140958,23,34,1.0
2025-12-09 19:34:03,Pham Ngu Lao / Bui Vien,Quan 1,10.767112828386699,106.6927618222887,13,20,1.0
2025-12-09 19:34:15,Nguyen Thi Minh Khai,Quan 3,10.77847212665258,106.69389510879643,30,41,1.0
2025-12-09 19:34:16,Nguyen Van Troi,Phu Nhuan,10.796057790235078,106.67492629345334,22,33,0.999713
2025-12-09 19:34:17,Pham Van Dong,Go Vap,10.835298215641501,106.72935479345391,42,42,1.0
2025-12-09 19:34:18,Cong truong lam son,Quan 1,10.777562007197462,106.7041335430398,16,30,1.0
2025-12-09 19:34:19,Nguyen Oanh ,Go Vap,10.83886351241477,106.67566625482782,26,36,0.997413
2025-12-09 19:34:20,Le Hong Phong,Quan 10,10.765187049751795,106.67550552599073,23,36,1.0
2025-12-09 19:34:21,Nguyen Van Cu,Quan 5,10.759484371982321,106.6840537511244,16,28,1.0
2025-12-09 19:34:22,Nga tu Binh Phuoc,Ngoai o,10.865229381280965,106.72366973948475,36,49,1.0
2025-12-09 19:34:22,Phu My Hung ,Quan 7,10.72279213640514,106.72808623948244,23,36,0.998476
2025-12-09 19:34:23,Nguyen Thai Son,Phu Nhuan,10.823400120373712,106.68551227436063,20,31,1.0
2025-12-09 19:34:35,An Duong Vuong,Quan 8,10.756158554057757,106.66631758181126,18,28,1.0
2025-12-09 19:34:47,Huynh Tan Phat,Nha Be,10.7144382088356,106.73711688366167,26,35,1.0
2025-12-09 19:34:48,Truong Chinh,Tan Binh ,10.817236653231737,106.63191539530457,25,35,1.0
2025-12-09 19:37:00,Cho Ben Thanh,Quan 1,10.772727584493625,106.69804225297563,13,23,0.967696
2025-12-09 19:37:01,Duong Nguyen Hue,Quan 1,10.774028664434528,106.70357076461706,11,28,1.0
2025-12-09 19:37:02,Nguyen Van Linh,Quan 7,10.752616652291238,106.72509685338922,36,41,1.0
2025-12-09 19:37:03,Vo Van Kiet,Quan 5,10.745754766198267,106.65326266831877,42,42,1.0
2025-12-09 19:37:04,Xa lo Ha Noi,QL1A,10.94927106740351,106.87196348224562,42,42,1.0
2025-12-09 19:37:16,Duong Dien Bien Phu,Quan 1,10.78866360854368,106.69551372228901,34,41,1.0
2025-12-09 19:37:28,Nga tu Hang Xanh,Binh Thanh,10.801406421807085,106.71148440879679,33,41,1.0
2025-12-09 19:37:40,Nga tu An Suong,Hoc Mon,10.843150534972033,106.6151343241409,25,35,1.0
2025-12-09 19:37:52,Ben xe Mien Dong,Quan 9,10.880537767027526,106.81481342866444,44,53,1.0
2025-12-09 19:37:53,Ben xe Mien Tay,Binh Tan,10.740840166521663,106.61899246873142,28,35,1.0
2025-12-09 19:37:54,Cau Sai Gon,Quan 2 ,10.798986343749618,106.72697056646841,45,45,1.0
2025-12-09 19:37:55,Cau Phu My,Q2,10.741860769464234,106.73790365482627,35,44,1.0
2025-12-09 19:37:56,Cau Kenh Te,Q4,10.752408891679814,106.7022703818112,25,33,1.0
2025-12-09 19:37:57,Cau Thu Thiem,Quan 2,10.786216596454727,106.71836665482695,40,40,1.0
2025-12-09 19:38:09,Nguyen Huu Canh,Binh Thanh,10.78948793356203,106.71518838181179,26,35,1.0
2025-12-09 19:38:10,Cong Hoa,Tan Binh,10.80223925742187,106.6478722259914,25,40,1.0
2025-12-09 19:38:11,Truong Son / Tan Son Nhat Blvd,Gan san bay,10.813928881466124,106.66511432455972,22,33,1.0
2025-12-09 19:38:12,Nguyen Trai,Quan 5,10.755608615763382,106.67347943578082,18,28,1.0
2025-12-09 19:38:13,Le Duan,Quan 1,10.782680856341083,106.70051548181169,14,30,1.0
2025-12-09 19:38:13,Tran Hung Dao ,Quan 5,10.754895139302109,106.67839188181134,20,32,1.0
2025-12-09 19:38:26,Tran Quoc Thao,Quan 3,10.785070445194592,106.68331340921323,17,26,1.0
2025-12-09 19:38:37,Tran Hung Dao,Quan 5,10.7549373008113,106.67848844133415,20,32,1.0
2025-12-09 19:38:50,Cach Mang Thang 8 (CMT8),Quan 3,10.77898143649726,106.67684447140958,24,34,1.0
2025-12-09 19:38:50,Pham Ngu Lao / Bui Vien,Quan 1,10.767112828386699,106.6927618222887,13,20,1.0
2025-12-09 19:38:51,Nguyen Thi Minh Khai,Quan 3,10.77847212665258,106.69389510879643,30,42,1.0
2025-12-09 19:38:52,Nguyen Van Troi,Phu Nhuan,10.796057790235078,106.67492629345334,22,34,0.999713
2025-12-09 19:38:53,Pham Van Dong,Go Vap,10.835298215641501,106.72935479345391,36,42,0.997662
2025-12-09 19:39:05,Cong truong lam son,Quan 1,10.777562007197462,106.7041335430398,15,30,1.0
2025-12-09 19:39:17,Nguyen Oanh ,Go Vap,10.83886351241477,106.67566625482782,26,36,1.0
2025-12-09 19:39:18,Le Hong Phong,Quan 10,10.765187049751795,106.67550552599073,20,36,1.0
2025-12-09 19:39:19,Nguyen Van Cu,Quan 5,10.759484371982321,106.6840537511244,19,28,1.0
2025-12-09 19:39:20,Nga tu Binh Phuoc,Ngoai o,10.865229381280965,106.72366973948475,37,49,1.0
2025-12-09 19:39:21,Phu My Hung ,Quan 7,10.72279213640514,106.72808623948244,23,37,0.9983
2025-12-09 19:39:22,Nguyen Thai Son,Phu Nhuan,10.823400120373712,106.68551227436063,21,31,1.0
2025-12-09 19:39:23,An Duong Vuong,Quan 8,10.756158554057757,106.66631758181126,22,28,1.0
2025-12-09 19:39:23,Huynh Tan Phat,Nha Be,10.7144382088356,106.73711688366167,24,35,1.0
2025-12-09 19:39:29,Truong Chinh,Tan Binh ,10.817236653231737,106.63191539530457,24,35,1.0
2025-12-09 19:41:41,Cho Ben Thanh,Quan 1,10.772727584493625,106.69804225297563,12,22,0.967696
2025-12-09 19:41:42,Duong Nguyen Hue,Quan 1,10.774028664434528,106.70357076461706,9,27,1.0
2025-12-09 19:41:43,Nguyen Van Linh,Quan 7,10.752616652291238,106.72509685338922,29,38,1.0
2025-12-09 19:41:44,Vo Van Kiet,Quan 5,10.745754766198267,106.65326266831877,42,42,1.0
2025-12-09 19:41:45,Xa lo Ha Noi,QL1A,10.94927106740351,106.87196348224562,32,42,1.0
2025-12-09 19:41:46,Duong Dien Bien Phu,Quan 1,10.78866360854368,106.69551372228901,34,42,1.0
2025-12-09 19:41:58,Nga tu Hang Xanh,Binh Thanh,10.801406421807085,106.71148440879679,33,42,1.0
2025-12-09 19:42:10,Nga tu An Suong,Hoc Mon,10.843150534972033,106.6151343241409,25,34,1.0
2025-12-09 19:42:22,Ben xe Mien Dong,Quan 9,10.880537767027526,106.81481342866444,45,53,1.0
2025-12-09 19:42:23,Ben xe Mien Tay,Binh Tan,10.740840166521663,106.61899246873142,29,35,1.0
2025-12-09 19:42:24,Cau Sai Gon,Quan 2 ,10.798986343749618,106.72697056646841,45,45,1.0
2025-12-09 19:42:24,Cau Phu My,Q2,10.741860769464234,106.73790365482627,36,44,1.0
2025-12-09 19:42:25,Cau Kenh Te,Q4,10.752408891679814,106.7022703818112,24,34,1.0
2025-12-09 19:42:27,Cau Thu Thiem,Quan 2,10.786216596454727,106.71836665482695,40,40,1.0
2025-12-09 19:42:39,Nguyen Huu Canh,Binh Thanh,10.78948793356203,106.71518838181179,36,36,1.0
2025-12-09 19:42:40,Cong Hoa,Tan Binh,10.80223925742187,106.6478722259914,30,40,1.0
2025-12-09 19:42:41,Truong Son / Tan Son Nhat Blvd,Gan san bay,10.813928881466124,106.66511432455972,22,34,0.999427
2025-12-09 19:42:42,Nguyen Trai,Quan 5,10.755608615763382,106.67347943578082,16,27,1.0
2025-12-09 19:42:43,Le Duan,Quan 1,10.782680856341083,106.70051548181169,16,30,1.0
2025-12-09 19:42:43,Tran Hung Dao ,Quan 5,10.754895139302109,106.67839188181134,20,32,1.0
2025-12-09 19:42:44,Tran Quoc Thao,Quan 3,10.785070445194592,106.68331340921323,19,28,1.0
2025-12-09 19:42:51,Tran Hung Dao,Quan 5,10.7549373008113,106.67848844133415,20,32,1.0
2025-12-09 19:42:52,Cach Mang Thang 8 (CMT8),Quan 3,10.77898143649726,106.67684447140958,24,34,1.0
2025-12-09 19:42:53,Pham Ngu Lao / Bui Vien,Quan 1,10.767112828386699,106.6927618222887,16,20,1.0
2025-12-09 19:42:54,Nguyen Thi Minh Khai,Quan 3,10.77847212665258,106.69389510879643,29,41,1.0
2025-12-09 19:42:55,Nguyen Van Troi,Phu Nhuan,10.796057790235078,106.67492629345334,22,34,0.999427
2025-12-09 19:42:56,Pham Van Dong,Go Vap,10.835298215641501,106.72935479345391,42,42,1.0
2025-12-09 19:42:57,Cong truong lam son,Quan 1,10.777562007197462,106.7041335430398,16,30,1.0
2025-12-09 19:43:09,Nguyen Oanh ,Go Vap,10.83886351241477,106.67566625482782,28,36,1.0
2025-12-09 19:43:21,Le Hong Phong,Quan 10,10.765187049751795,106.67550552599073,20,35,1.0
2025-12-09 19:43:22,Nguyen Van Cu,Quan 5,10.759484371982321,106.6840537511244,18,27,1.0
2025-12-09 19:43:22,Nga tu Binh Phuoc,Ngoai o,10.865229381280965,106.72366973948475,38,49,1.0
2025-12-09 19:43:23,Phu My Hung ,Quan 7,10.72279213640514,106.72808623948244,24,37,0.998614
2025-12-09 19:43:24,Nguyen Thai Son,Phu Nhuan,10.823400120373712,106.68551227436063,23,31,1.0
2025-12-09 19:43:36,An Duong Vuong,Quan 8,10.756158554057757,106.66631758181126,29,29,1.0
2025-12-09 19:43:48,Huynh Tan Phat,Nha Be,10.7144382088356,106.73711688366167,25,35,1.0
2025-12-09 19:43:49,Truong Chinh,Tan Binh ,10.817236653231737,106.63191539530457,25,35,1.0
2025-12-09 19:46:01,Cho Ben Thanh,Quan 1,10.772727584493625,106.69804225297563,13,22,0.968292
2025-12-09 19:46:13,Duong Nguyen Hue,Quan 1,10.774028664434528,106.70357076461706,14,27,1.0
2025-12-09 19:46:14,Nguyen Van Linh,Quan 7,10.752616652291238,106.72509685338922,30,39,1.0
2025-12-09 19:46:15,Vo Van Kiet,Quan 5,10.745754766198267,106.65326266831877,42,42,1.0
2025-12-09 19:46:16,Xa lo Ha Noi,QL1A,10.94927106740351,106.87196348224562,27,41,1.0
2025-12-09 19:46:17,Duong Dien Bien Phu,Quan 1,10.78866360854368,106.69551372228901,36,42,1.0
2025-12-09 19:46:18,Nga tu Hang Xanh,Binh Thanh,10.801406421807085,106.71148440879679,36,42,1.0
2025-12-09 19:46:18,Nga tu An Suong,Hoc Mon,10.843150534972033,106.6151343241409,24,35,1.0
2025-12-09 19:46:19,Ben xe Mien Dong,Quan 9,10.880537767027526,106.81481342866444,43,53,1.0
2025-12-09 19:46:20,Ben xe Mien Tay,Binh Tan,10.740840166521663,106.61899246873142,27,35,1.0
2025-12-09 19:46:21,Cau Sai Gon,Quan 2 ,10.798986343749618,106.72697056646841,45,45,1.0
2025-12-09 19:46:22,Cau Phu My,Q2,10.741860769464234,106.73790365482627,37,44,1.0
2025-12-09 19:46:23,Cau Kenh Te,Q4,10.752408891679814,106.7022703818112,23,34,1.0
2025-12-09 19:46:35,Cau Thu Thiem,Quan 2,10.786216596454727,106.71836665482695,40,40,1.0
2025-12-09 19:46:36,Nguyen Huu Canh,Binh Thanh,10.78948793356203,106.71518838181179,36,36,1.0
2025-12-09 19:46:37,Cong Hoa,Tan Binh,10.80223925742187,106.6478722259914,28,39,1.0
2025-12-09 19:46:37,Truong Son / Tan Son Nhat Blvd,Gan san bay,10.813928881466124,106.66511432455972,24,34,1.0
2025-12-09 19:46:38,Nguyen Trai,Quan 5,10.755608615763382,106.67347943578082,16,27,1.0
2025-12-09 19:46:50,Le Duan,Quan 1,10.782680856341083,106.70051548181169,18,30,1.0
2025-12-09 19:46:51,Tran Hung Dao ,Quan 5,10.754895139302109,106.67839188181134,21,32,1.0
2025-12-09 19:46:53,Tran Quoc Thao,Quan 3,10.785070445194592,106.68331340921323,16,28,1.0
2025-12-09 19:46:54,Tran Hung Dao,Quan 5,10.7549373008113,106.67848844133415,21,32,1.0
2025-12-09 19:46:55,Cach Mang Thang 8 (CMT8),Quan 3,10.77898143649726,106.67684447140958,23,34,1.0
2025-12-09 19:46:56,Pham Ngu Lao / Bui Vien,Quan 1,10.767112828386699,106.6927618222887,13,20,1.0
2025-12-09 19:46:57,Nguyen Thi Minh Khai,Quan 3,10.77847212665258,106.69389510879643,31,41,1.0
2025-12-09 19:46:57,Nguyen Van Troi,Phu Nhuan,10.796057790235078,106.67492629345334,21,33,1.0
2025-12-09 19:46:58,Pham Van Dong,Go Vap,10.835298215641501,106.72935479345391,36,42,0.997654
2025-12-09 19:47:00,Cong truong lam son,Quan 1,10.777562007197462,106.7041335430398,18,30,1.0
2025-12-09 19:47:01,Nguyen Oanh ,Go Vap,10.83886351241477,106.67566625482782,25,36,1.0
2025-12-09 19:47:02,Le Hong Phong,Quan 10,10.765187049751795,106.67550552599073,26,36,1.0
2025-12-09 19:47:02,Nguyen Van Cu,Quan 5,10.759484371982321,106.6840537511244,16,27,1.0
2025-12-09 19:47:03,Nga tu Binh Phuoc,Ngoai o,10.865229381280965,106.72366973948475,38,49,1.0
2025-12-09 19:47:06,Phu My Hung ,Quan 7,10.72279213640514,106.72808623948244,24,37,0.998603
2025-12-09 19:47:10,Nguyen Thai Son,Phu Nhuan,10.823400120373712,106.68551227436063,24,31,1.0
2025-12-09 19:47:10,An Duong Vuong,Quan 8,10.756158554057757,106.66631758181126,22,29,1.0
2025-12-09 19:47:13,Huynh Tan Phat,Nha Be,10.7144382088356,106.73711688366167,25,35,1.0
2025-12-09 19:47:14,Truong Chinh,Tan Binh ,10.817236653231737,106.63191539530457,24,34,1.0
2025-12-09 19:49:26,Cho Ben Thanh,Quan 1,10.772727584493625,106.69804225297563,12,23,0.968292
2025-12-09 19:49:26,Duong Nguyen Hue,Quan 1,10.774028664434528,106.70357076461706,13,28,1.0
2025-12-09 19:49:27,Nguyen Van Linh,Quan 7,10.752616652291238,106.72509685338922,35,42,1.0
2025-12-09 19:49:28,Vo Van Kiet,Quan 5,10.745754766198267,106.65326266831877,36,43,0.999762
2025-12-09 19:49:29,Xa lo Ha Noi,QL1A,10.94927106740351,106.87196348224562,27,41,1.0
2025-12-09 19:49:41,Duong Dien Bien Phu,Quan 1,10.78866360854368,106.69551372228901,35,41,1.0
2025-12-09 19:49:42,Nga tu Hang Xanh,Binh Thanh,10.801406421807085,106.71148440879679,35,41,1.0
2025-12-09 19:49:43,Nga tu An Suong,Hoc Mon,10.843150534972033,106.6151343241409,25,34,1.0
2025-12-09 19:49:44,Ben xe Mien Dong,Quan 9,10.880537767027526,106.81481342866444,44,53,1.0
2025-12-09 19:49:45,Ben xe Mien Tay,Binh Tan,10.740840166521663,106.61899246873142,27,35,1.0
2025-12-09 19:49:57,Cau Sai Gon,Quan 2 ,10.798986343749618,106.72697056646841,45,45,1.0
2025-12-09 19:49:58,Cau Phu My,Q2,10.741860769464234,106.73790365482627,36,44,1.0
2025-12-09 19:49:59,Cau Kenh Te,Q4,10.752408891679814,106.7022703818112,27,32,1.0
2025-12-09 19:50:00,Cau Thu Thiem,Quan 2,10.786216596454727,106.71836665482695,40,40,1.0
2025-12-09 19:50:01,Nguyen Huu Canh,Binh Thanh,10.78948793356203,106.71518838181179,29,36,1.0
2025-12-09 19:50:02,Cong Hoa,Tan Binh,10.80223925742187,106.6478722259914,31,40,1.0
2025-12-09 19:50:14,Truong Son / Tan Son Nhat Blvd,Gan san bay,10.813928881466124,106.66511432455972,22,33,1.0
2025-12-09 19:50:26,Nguyen Trai,Quan 5,10.755608615763382,106.67347943578082,16,28,1.0
2025-12-09 19:50:27,Le Duan,Quan 1,10.782680856341083,106.70051548181169,17,30,1.0
2025-12-09 19:50:27,Tran Hung Dao ,Quan 5,10.754895139302109,106.67839188181134,22,32,1.0
2025-12-09 19:50:29,Tran Quoc Thao,Quan 3,10.785070445194592,106.68331340921323,17,26,1.0
2025-12-09 19:50:29,Tran Hung Dao,Quan 5,10.7549373008113,106.67848844133415,22,32,1.0
2025-12-09 19:50:41,Cach Mang Thang 8 (CMT8),Quan 3,10.77898143649726,106.67684447140958,24,33,1.0
2025-12-09 19:50:53,Pham Ngu Lao / Bui Vien,Quan 1,10.767112828386699,106.6927618222887,11,20,1.0
2025-12-09 19:50:54,Nguyen Thi Minh Khai,Quan 3,10.77847212665258,106.69389510879643,31,41,1.0
2025-12-09 19:50:55,Nguyen Van Troi,Phu Nhuan,10.796057790235078,106.67492629345334,23,33,1.0
2025-12-09 19:50:56,Pham Van Dong,Go Vap,10.835298215641501,106.72935479345391,42,42,1.0
2025-12-09 19:50:57,Cong truong lam son,Quan 1,10.777562007197462,106.7041335430398,17,30,1.0
2025-12-09 19:51:09,Nguyen Oanh ,Go Vap,10.83886351241477,106.67566625482782,26,35,1.0
2025-12-09 19:51:21,Le Hong Phong,Quan 10,10.765187049751795,106.67550552599073,25,36,1.0
2025-12-09 19:51:22,Nguyen Van Cu,Quan 5,10.759484371982321,106.6840537511244,16,27,1.0
2025-12-09 19:51:23,Nga tu Binh Phuoc,Ngoai o,10.865229381280965,106.72366973948475,36,49,1.0
2025-12-09 19:51:24,Phu My Hung ,Quan 7,10.72279213640514,106.72808623948244,24,37,0.998603
2025-12-09 19:51:25,Nguyen Thai Son,Phu Nhuan,10.823400120373712,106.68551227436063,23,31,1.0
2025-12-09 19:51:25,An Duong Vuong,Quan 8,10.756158554057757,106.66631758181126,20,29,1.0
2025-12-09 19:51:37,Huynh Tan Phat,Nha Be,10.7144382088356,106.73711688366167,27,35,1.0
2025-12-09 19:51:49,Truong Chinh,Tan Binh ,10.817236653231737,106.63191539530457,26,34,1.0
2025-12-09 19:53:50,Cho Ben Thanh,Quan 1,10.772727584493625,106.69804225297563,13,22,0.968292
2025-12-09 19:53:51,Duong Nguyen Hue,Quan 1,10.774028664434528,106.70357076461706,12,27,1.0
2025-12-09 19:53:52,Nguyen Van Linh,Quan 7,10.752616652291238,106.72509685338922,39,39,1.0
2025-12-09 19:53:53,Vo Van Kiet,Quan 5,10.745754766198267,106.65326266831877,36,42,0.999762
2025-12-09 19:53:54,Xa lo Ha Noi,QL1A,10.94927106740351,106.87196348224562,29,42,1.0
2025-12-09 19:54:06,Duong Dien Bien Phu,Quan 1,10.78866360854368,106.69551372228901,35,41,1.0
2025-12-09 19:54:18,Nga tu Hang Xanh,Binh Thanh,10.801406421807085,106.71148440879679,42,42,1.0
2025-12-09 19:54:19,Nga tu An Suong,Hoc Mon,10.843150534972033,106.6151343241409,26,34,1.0
2025-12-09 19:54:20,Ben xe Mien Dong,Quan 9,10.880537767027526,106.81481342866444,43,53,1.0
2025-12-09 19:54:21,Ben xe Mien Tay,Binh Tan,10.740840166521663,106.61899246873142,27,35,1.0
2025-12-09 19:54:22,Cau Sai Gon,Quan 2 ,10.798986343749618,106.72697056646841,45,45,1.0
2025-12-09 19:54:23,Cau Phu My,Q2,10.741860769464234,106.73790365482627,34,44,1.0
2025-12-09 19:54:35,Cau Kenh Te,Q4,10.752408891679814,106.7022703818112,26,33,1.0
2025-12-09 19:54:47,Cau Thu Thiem,Quan 2,10.786216596454727,106.71836665482695,33,40,1.0
2025-12-09 19:54:48,Nguyen Huu Canh,Binh Thanh,10.78948793356203,106.71518838181179,36,36,1.0
2025-12-09 19:54:48,Cong Hoa,Tan Binh,10.80223925742187,106.6478722259914,30,41,1.0
2025-12-09 19:54:49,Truong Son / Tan Son Nhat Blvd,Gan san bay,10.813928881466124,106.66511432455972,23,34,1.0
2025-12-09 19:54:59,Nguyen Trai,Quan 5,10.755608615763382,106.67347943578082,18,27,1.0
2025-12-09 19:55:11,Le Duan,Quan 1,10.782680856341083,106.70051548181169,17,29,1.0
2025-12-09 19:55:23,Tran Hung Dao ,Quan 5,10.754895139302109,106.67839188181134,21,32,1.0
2025-12-09 19:55:35,Tran Quoc Thao,Quan 3,10.785070445194592,106.68331340921323,19,27,1.0
2025-12-09 19:55:47,Tran Hung Dao,Quan 5,10.7549373008113,106.67848844133415,21,32,1.0
2025-12-09 19:55:48,Cach Mang Thang 8 (CMT8),Quan 3,10.77898143649726,106.67684447140958,24,33,1.0
2025-12-09 19:55:48,Pham Ngu Lao / Bui Vien,Quan 1,10.767112828386699,106.6927618222887,20,20,1.0
2025-12-09 19:55:49,Nguyen Thi Minh Khai,Quan 3,10.77847212665258,106.69389510879643,31,41,1.0
2025-12-09 19:55:50,Nguyen Van Troi,Phu Nhuan,10.796057790235078,106.67492629345334,24,33,1.0
2025-12-09 19:55:51,Pham Van Dong,Go Vap,10.835298215641501,106.72935479345391,42,42,1.0
2025-12-09 19:56:03,Cong truong lam son,Quan 1,10.777562007197462,106.7041335430398,16,30,1.0
2025-12-09 19:56:04,Nguyen Oanh ,Go Vap,10.83886351241477,106.67566625482782,26,36,1.0
2025-12-09 19:56:05,Le Hong Phong,Quan 10,10.765187049751795,106.67550552599073,24,35,1.0
2025-12-09 19:56:06,Nguyen Van Cu,Quan 5,10.759484371982321,106.6840537511244,18,28,1.0
2025-12-09 19:56:07,Nga tu Binh Phuoc,Ngoai o,10.865229381280965,106.72366973948475,37,49,1.0
2025-12-09 19:56:08,Phu My Hung ,Quan 7,10.72279213640514,106.72808623948244,26,37,0.998218
2025-12-09 19:56:09,Nguyen Thai Son,Phu Nhuan,10.823400120373712,106.68551227436063,23,31,1.0
2025-12-09 19:56:10,An Duong Vuong,Quan 8,10.756158554057757,106.66631758181126,23,29,1.0
2025-12-09 19:56:11,Huynh Tan Phat,Nha Be,10.7144382088356,106.73711688366167,25,35,1.0
2025-12-09 19:56:12,Truong Chinh,Tan Binh ,10.817236653231737,106.63191539530457,25,35,1.0
2025-12-09 19:58:13,Cho Ben Thanh,Quan 1,10.772727584493625,106.69804225297563,11,23,0.968292
2025-12-09 19:58:14,Duong Nguyen Hue,Quan 1,10.774028664434528,106.70357076461706,14,28,1.0
2025-12-09 19:58:14,Nguyen Van Linh,Quan 7,10.752616652291238,106.72509685338922,39,39,1.0
2025-12-09 19:58:15,Vo Van Kiet,Quan 5,10.745754766198267,106.65326266831877,42,42,1.0
2025-12-09 19:58:16,Xa lo Ha Noi,QL1A,10.94927106740351,106.87196348224562,33,42,1.0
2025-12-09 19:58:24,Duong Dien Bien Phu,Quan 1,10.78866360854368,106.69551372228901,35,42,1.0
2025-12-09 19:58:36,Nga tu Hang Xanh,Binh Thanh,10.801406421807085,106.71148440879679,35,42,1.0
2025-12-09 19:58:48,Nga tu An Suong,Hoc Mon,10.843150534972033,106.6151343241409,26,35,1.0
2025-12-09 19:58:49,Ben xe Mien Dong,Quan 9,10.880537767027526,106.81481342866444,43,53,1.0
2025-12-09 19:58:49,Ben xe Mien Tay,Binh Tan,10.740840166521663,106.61899246873142,34,34,1.0
2025-12-09 19:58:50,Cau Sai Gon,Quan 2 ,10.798986343749618,106.72697056646841,45,45,1.0
2025-12-09 19:58:51,Cau Phu My,Q2,10.741860769464234,106.73790365482627,36,44,1.0
2025-12-09 19:58:52,Cau Kenh Te,Q4,10.752408891679814,106.7022703818112,26,34,1.0
2025-12-09 19:58:53,Cau Thu Thiem,Quan 2,10.786216596454727,106.71836665482695,40,40,1.0
2025-12-09 19:58:54,Nguyen Huu Canh,Binh Thanh,10.78948793356203,106.71518838181179,36,36,1.0
2025-12-09 19:58:55,Cong Hoa,Tan Binh,10.80223925742187,106.6478722259914,29,41,1.0
2025-12-09 19:59:00,Truong Son / Tan Son Nhat Blvd,Gan san bay,10.813928881466124,106.66511432455972,23,33,1.0
2025-12-09 19:59:01,Nguyen Trai,Quan 5,10.755608615763382,106.67347943578082,18,27,1.0
2025-12-09 19:59:01,Le Duan,Quan 1,10.782680856341083,106.70051548181169,18,30,1.0
2025-12-09 19:59:02,Tran Hung Dao ,Quan 5,10.754895139302109,106.67839188181134,22,32,1.0
2025-12-09 19:59:03,Tran Quoc Thao,Quan 3,10.785070445194592,106.68331340921323,18,28,1.0
2025-12-09 19:59:04,Tran Hung Dao,Quan 5,10.7549373008113,106.67848844133415,22,32,1.0
2025-12-09 19:59:12,Cach Mang Thang 8 (CMT8),Quan 3,10.77898143649726,106.67684447140958,24,34,1.0
2025-12-09 19:59:13,Pham Ngu Lao / Bui Vien,Quan 1,10.767112828386699,106.6927618222887,14,20,1.0
2025-12-09 19:59:14,Nguyen Thi Minh Khai,Quan 3,10.77847212665258,106.69389510879643,33,41,1.0
2025-12-09 19:59:15,Nguyen Van Troi,Phu Nhuan,10.796057790235078,106.67492629345334,22,34,0.998955
2025-12-09 19:59:16,Pham Van Dong,Go Vap,10.835298215641501,106.72935479345391,36,42,0.998384
2025-12-09 19:59:17,Cong truong lam son,Quan 1,10.777562007197462,106.7041335430398,18,30,1.0
2025-12-09 19:59:18,Nguyen Oanh ,Go Vap,10.83886351241477,106.67566625482782,26,36,1.0
2025-12-09 19:59:24,Le Hong Phong,Quan 10,10.765187049751795,106.67550552599073,23,36,1.0
2025-12-09 19:59:36,Nguyen Van Cu,Quan 5,10.759484371982321,106.6840537511244,18,27,1.0
2025-12-09 19:59:37,Nga tu Binh Phuoc,Ngoai o,10.865229381280965,106.72366973948475,38,49,1.0
2025-12-09 19:59:38,Phu My Hung ,Quan 7,10.72279213640514,106.72808623948244,24,36,1.0
2025-12-09 19:59:39,Nguyen Thai Son,Phu Nhuan,10.823400120373712,106.68551227436063,20,31,1.0
2025-12-09 19:59:40,An Duong Vuong,Quan 8,10.756158554057757,106.66631758181126,22,29,1.0
2025-12-09 19:59:41,Huynh Tan Phat,Nha Be,10.7144382088356,106.73711688366167,26,35,1.0
2025-12-09 19:59:41,Truong Chinh,Tan Binh ,10.817236653231737,106.63191539530457,25,35,1.0
2025-12-09 20:01:53,Cho Ben Thanh,Quan 1,10.772727584493625,106.69804225297563,10,23,0.968292
2025-12-09 20:01:54,Duong Nguyen Hue,Quan 1,10.774028664434528,106.70357076461706,15,28,1.0
2025-12-09 20:01:55,Nguyen Van Linh,Quan 7,10.752616652291238,106.72509685338922,39,39,1.0
2025-12-09 20:01:56,Vo Van Kiet,Quan 5,10.745754766198267,106.65326266831877,42,42,1.0
2025-12-09 20:01:57,Xa lo Ha Noi,QL1A,10.94927106740351,106.87196348224562,32,41,1.0
2025-12-09 20:01:58,Duong Dien Bien Phu,Quan 1,10.78866360854368,106.69551372228901,36,41,1.0
2025-12-09 20:02:10,Nga tu Hang Xanh,Binh Thanh,10.801406421807085,106.71148440879679,36,41,1.0
2025-12-09 20:02:22,Nga tu An Suong,Hoc Mon,10.843150534972033,106.6151343241409,25,34,1.0
2025-12-09 20:02:23,Ben xe Mien Dong,Quan 9,10.880537767027526,106.81481342866444,44,53,1.0
2025-12-09 20:02:24,Ben xe Mien Tay,Binh Tan,10.740840166521663,106.61899246873142,27,34,1.0
2025-12-09 20:02:25,Cau Sai Gon,Quan 2 ,10.798986343749618,106.72697056646841,45,45,1.0
2025-12-09 20:02:26,Cau Phu My,Q2,10.741860769464234,106.73790365482627,44,44,1.0
2025-12-09 20:02:26,Cau Kenh Te,Q4,10.752408891679814,106.7022703818112,27,34,1.0
2025-12-09 20:02:39,Cau Thu Thiem,Quan 2,10.786216596454727,106.71836665482695,40,40,1.0
2025-12-09 20:02:51,Nguyen Huu Canh,Binh Thanh,10.78948793356203,106.71518838181179,29,36,1.0
2025-12-09 20:02:51,Cong Hoa,Tan Binh,10.80223925742187,106.6478722259914,30,40,1.0
2025-12-09 20:02:52,Truong Son / Tan Son Nhat Blvd,Gan san bay,10.813928881466124,106.66511432455972,25,33,1.0
2025-12-09 20:02:53,Nguyen Trai,Quan 5,10.755608615763382,106.67347943578082,17,27,1.0
2025-12-09 20:02:54,Le Duan,Quan 1,10.782680856341083,106.70051548181169,19,30,1.0
2025-12-09 20:02:55,Tran Hung Dao ,Quan 5,10.754895139302109,106.67839188181134,22,32,1.0
2025-12-09 20:02:56,Tran Quoc Thao,Quan 3,10.785070445194592,106.68331340921323,18,27,1.0
2025-12-09 20:03:08,Tran Hung Dao,Quan 5,10.7549373008113,106.67848844133415,22,32,1.0
2025-12-09 20:03:20,Cach Mang Thang 8 (CMT8),Quan 3,10.77898143649726,106.67684447140958,24,34,1.0
2025-12-09 20:03:21,Pham Ngu Lao / Bui Vien,Quan 1,10.767112828386699,106.6927618222887,16,20,1.0
2025-12-09 20:03:22,Nguyen Thi Minh Khai,Quan 3,10.77847212665258,106.69389510879643,31,41,1.0
2025-12-09 20:03:23,Nguyen Van Troi,Phu Nhuan,10.796057790235078,106.67492629345334,24,33,1.0
2025-12-09 20:03:24,Pham Van Dong,Go Vap,10.835298215641501,106.72935479345391,42,42,1.0
2025-12-09 20:03:25,Cong truong lam son,Quan 1,10.777562007197462,106.7041335430398,19,30,1.0
2025-12-09 20:03:26,Nguyen Oanh ,Go Vap,10.83886351241477,106.67566625482782,26,35,1.0
2025-12-09 20:03:32,Le Hong Phong,Quan 10,10.765187049751795,106.67550552599073,25,36,1.0
2025-12-09 20:03:33,Nguyen Van Cu,Quan 5,10.759484371982321,106.6840537511244,19,27,1.0
2025-12-09 20:03:34,Nga tu Binh Phuoc,Ngoai o,10.865229381280965,106.72366973948475,38,49,1.0
2025-12-09 20:03:35,Phu My Hung ,Quan 7,10.72279213640514,106.72808623948244,26,37,0.998072
2025-12-09 20:03:36,Nguyen Thai Son,Phu Nhuan,10.823400120373712,106.68551227436063,22,31,1.0
2025-12-09 20:03:47,An Duong Vuong,Quan 8,10.756158554057757,106.66631758181126,24,29,1.0
2025-12-09 20:03:48,Huynh Tan Phat,Nha Be,10.7144382088356,106.73711688366167,25,35,1.0
2025-12-09 20:03:49,Truong Chinh,Tan Binh ,10.817236653231737,106.63191539530457,26,34,1.0
2025-12-09 20:06:01,Cho Ben Thanh,Quan 1,10.772727584493625,106.69804225297563,12,23,0.968292
2025-12-09 20:06:02,Duong Nguyen Hue,Quan 1,10.774028664434528,106.70357076461706,11,27,1.0
2025-12-09 20:06:03,Nguyen Van Linh,Quan 7,10.752616652291238,106.72509685338922,39,39,1.0
2025-12-09 20:06:03,Vo Van Kiet,Quan 5,10.745754766198267,106.65326266831877,42,42,1.0
2025-12-09 20:06:04,Xa lo Ha Noi,QL1A,10.94927106740351,106.87196348224562,33,41,1.0
2025-12-09 20:06:16,Duong Dien Bien Phu,Quan 1,10.78866360854368,106.69551372228901,34,41,1.0
2025-12-09 20:06:28,Nga tu Hang Xanh,Binh Thanh,10.801406421807085,106.71148440879679,34,42,1.0
2025-12-09 20:06:29,Nga tu An Suong,Hoc Mon,10.843150534972033,106.6151343241409,26,34,1.0
2025-12-09 20:06:30,Ben xe Mien Dong,Quan 9,10.880537767027526,106.81481342866444,40,53,1.0
2025-12-09 20:06:52,Ben xe Mien Tay,Binh Tan,10.740840166521663,106.61899246873142,27,35,1.0
2025-12-09 20:06:53,Cau Sai Gon,Quan 2 ,10.798986343749618,106.72697056646841,36,45,1.0
2025-12-09 20:06:54,Cau Phu My,Q2,10.741860769464234,106.73790365482627,35,44,1.0
2025-12-09 20:06:55,Cau Kenh Te,Q4,10.752408891679814,106.7022703818112,26,33,1.0
2025-12-09 20:06:56,Cau Thu Thiem,Quan 2,10.786216596454727,106.71836665482695,40,40,1.0
2025-12-09 20:07:08,Nguyen Huu Canh,Binh Thanh,10.78948793356203,106.71518838181179,36,36,1.0
2025-12-09 20:07:20,Cong Hoa,Tan Binh,10.80223925742187,106.6478722259914,32,41,1.0
2025-12-09 20:07:21,Truong Son / Tan Son Nhat Blvd,Gan san bay,10.813928881466124,106.66511432455972,24,34,1.0
2025-12-09 20:07:22,Nguyen Trai,Quan 5,10.755608615763382,106.67347943578082,17,28,0.997892
2025-12-09 20:07:24,Le Duan,Quan 1,10.782680856341083,106.70051548181169,20,30,1.0
2025-12-09 20:07:24,Tran Hung Dao ,Quan 5,10.754895139302109,106.67839188181134,21,32,1.0
2025-12-09 20:07:25,Tran Quoc Thao,Quan 3,10.785070445194592,106.68331340921323,19,27,1.0
2025-12-09 20:07:37,Tran Hung Dao,Quan 5,10.7549373008113,106.67848844133415,21,32,1.0
2025-12-09 20:07:49,Cach Mang Thang 8 (CMT8),Quan 3,10.77898143649726,106.67684447140958,23,34,1.0
2025-12-09 20:07:50,Pham Ngu Lao / Bui Vien,Quan 1,10.767112828386699,106.6927618222887,12,20,1.0
2025-12-09 20:07:51,Nguyen Thi Minh Khai,Quan 3,10.77847212665258,106.69389510879643,32,41,1.0
2025-12-09 20:07:52,Nguyen Van Troi,Phu Nhuan,10.796057790235078,106.67492629345334,24,33,0.997651
2025-12-09 20:07:53,Pham Van Dong,Go Vap,10.835298215641501,106.72935479345391,35,42,0.997305
2025-12-09 20:07:54,Cong truong lam son,Quan 1,10.777562007197462,106.7041335430398,19,30,1.0
2025-12-09 20:08:05,Nguyen Oanh ,Go Vap,10.83886351241477,106.67566625482782,25,35,1.0
2025-12-09 20:08:06,Le Hong Phong,Quan 10,10.765187049751795,106.67550552599073,24,35,1.0
2025-12-09 20:08:07,Nguyen Van Cu,Quan 5,10.759484371982321,106.6840537511244,16,27,1.0
2025-12-09 20:08:08,Nga tu Binh Phuoc,Ngoai o,10.865229381280965,106.72366973948475,38,49,1.0
2025-12-09 20:08:09,Phu My Hung ,Quan 7,10.72279213640514,106.72808623948244,24,37,0.997766
2025-12-09 20:08:10,Nguyen Thai Son,Phu Nhuan,10.823400120373712,106.68551227436063,22,31,1.0
2025-12-09 20:08:10,An Duong Vuong,Quan 8,10.756158554057757,106.66631758181126,24,29,1.0
2025-12-09 20:08:11,Huynh Tan Phat,Nha Be,10.7144382088356,106.73711688366167,25,35,1.0
2025-12-09 20:08:12,Truong Chinh,Tan Binh ,10.817236653231737,106.63191539530457,26,34,1.0
2025-12-09 20:10:14,Cho Ben Thanh,Quan 1,10.772727584493625,106.69804225297563,12,22,0.968292
2025-12-09 20:10:15,Duong Nguyen Hue,Quan 1,10.774028664434528,106.70357076461706,13,27,1.0
2025-12-09 20:10:15,Nguyen Van Linh,Quan 7,10.752616652291238,106.72509685338922,28,39,1.0
2025-12-09 20:10:16,Vo Van Kiet,Quan 5,10.745754766198267,106.65326266831877,42,42,1.0
2025-12-09 20:10:17,Xa lo Ha Noi,QL1A,10.94927106740351,106.87196348224562,33,41,1.0
2025-12-09 20:10:29,Duong Dien Bien Phu,Quan 1,10.78866360854368,106.69551372228901,33,42,1.0
2025-12-09 20:10:41,Nga tu Hang Xanh,Binh Thanh,10.801406421807085,106.71148440879679,34,41,1.0
2025-12-09 20:10:42,Nga tu An Suong,Hoc Mon,10.843150534972033,106.6151343241409,26,34,1.0
2025-12-09 20:10:43,Ben xe Mien Dong,Quan 9,10.880537767027526,106.81481342866444,45,53,1.0
2025-12-09 20:10:44,Ben xe Mien Tay,Binh Tan,10.740840166521663,106.61899246873142,27,35,1.0
2025-12-09 20:10:45,Cau Sai Gon,Quan 2 ,10.798986343749618,106.72697056646841,45,45,1.0
2025-12-09 20:10:46,Cau Phu My,Q2,10.741860769464234,106.73790365482627,37,44,1.0
2025-12-09 20:10:58,Cau Kenh Te,Q4,10.752408891679814,106.7022703818112,25,34,1.0
2025-12-09 20:10:59,Cau Thu Thiem,Quan 2,10.786216596454727,106.71836665482695,40,40,1.0
2025-12-09 20:11:00,Nguyen Huu Canh,Binh Thanh,10.78948793356203,106.71518838181179,36,36,1.0
2025-12-09 20:11:01,Cong Hoa,Tan Binh,10.80223925742187,106.6478722259914,26,40,1.0
2025-12-09 20:11:01,Truong Son / Tan Son Nhat Blvd,Gan san bay,10.813928881466124,106.66511432455972,23,33,1.0
2025-12-09 20:11:02,Nguyen Trai,Quan 5,10.755608615763382,106.67347943578082,18,27,1.0
2025-12-09 20:11:14,Le Duan,Quan 1,10.782680856341083,106.70051548181169,19,30,1.0
2025-12-09 20:11:26,Tran Hung Dao ,Quan 5,10.754895139302109,106.67839188181134,21,32,1.0
2025-12-09 20:11:27,Tran Quoc Thao,Quan 3,10.785070445194592,106.68331340921323,17,28,1.0
2025-12-09 20:11:39,Tran Hung Dao,Quan 5,10.7549373008113,106.67848844133415,20,32,1.0
2025-12-09 20:11:51,Cach Mang Thang 8 (CMT8),Quan 3,10.77898143649726,106.67684447140958,22,34,1.0
2025-12-09 20:11:52,Pham Ngu Lao / Bui Vien,Quan 1,10.767112828386699,106.6927618222887,10,20,1.0
2025-12-09 20:11:53,Nguyen Thi Minh Khai,Quan 3,10.77847212665258,106.69389510879643,32,41,1.0
2025-12-09 20:11:54,Nguyen Van Troi,Phu Nhuan,10.796057790235078,106.67492629345334,23,33,1.0
2025-12-09 20:11:55,Pham Van Dong,Go Vap,10.835298215641501,106.72935479345391,33,42,0.995601
2025-12-09 20:12:07,Cong truong lam son,Quan 1,10.777562007197462,106.7041335430398,18,30,1.0
2025-12-09 20:12:08,Nguyen Oanh ,Go Vap,10.83886351241477,106.67566625482782,25,36,1.0
2025-12-09 20:12:20,Le Hong Phong,Quan 10,10.765187049751795,106.67550552599073,23,35,1.0
2025-12-09 20:12:21,Nguyen Van Cu,Quan 5,10.759484371982321,106.6840537511244,18,27,0.998943
2025-12-09 20:12:22,Nga tu Binh Phuoc,Ngoai o,10.865229381280965,106.72366973948475,37,49,1.0
2025-12-09 20:12:23,Phu My Hung ,Quan 7,10.72279213640514,106.72808623948244,25,37,0.997184
2025-12-09 20:12:24,Nguyen Thai Son,Phu Nhuan,10.823400120373712,106.68551227436063,25,31,1.0
2025-12-09 20:12:24,An Duong Vuong,Quan 8,10.756158554057757,106.66631758181126,22,30,1.0
2025-12-09 20:12:36,Huynh Tan Phat,Nha Be,10.7144382088356,106.73711688366167,26,35,1.0
2025-12-09 20:12:37,Truong Chinh,Tan Binh ,10.817236653231737,106.63191539530457,26,35,1.0
2025-12-09 20:14:50,Cho Ben Thanh,Quan 1,10.772727584493625,106.69804225297563,12,23,0.968292
2025-12-09 20:14:51,Duong Nguyen Hue,Quan 1,10.774028664434528,106.70357076461706,14,28,1.0
2025-12-09 20:14:53,Nguyen Van Linh,Quan 7,10.752616652291238,106.72509685338922,30,38,1.0
2025-12-09 20:14:54,Vo Van Kiet,Quan 5,10.745754766198267,106.65326266831877,42,42,1.0
2025-12-09 20:15:06,Xa lo Ha Noi,QL1A,10.94927106740351,106.87196348224562,30,41,1.0
2025-12-09 20:15:18,Duong Dien Bien Phu,Quan 1,10.78866360854368,106.69551372228901,33,41,1.0
2025-12-09 20:15:19,Nga tu Hang Xanh,Binh Thanh,10.801406421807085,106.71148440879679,33,41,1.0
2025-12-09 20:15:20,Nga tu An Suong,Hoc Mon,10.843150534972033,106.6151343241409,25,35,1.0
2025-12-09 20:15:21,Ben xe Mien Dong,Quan 9,10.880537767027526,106.81481342866444,44,53,1.0
2025-12-09 20:15:22,Ben xe Mien Tay,Binh Tan,10.740840166521663,106.61899246873142,27,35,1.0
2025-12-09 20:15:23,Cau Sai Gon,Quan 2 ,10.798986343749618,106.72697056646841,45,45,1.0
2025-12-09 20:15:24,Cau Phu My,Q2,10.741860769464234,106.73790365482627,44,44,1.0
2025-12-09 20:15:25,Cau Kenh Te,Q4,10.752408891679814,106.7022703818112,23,33,1.0
2025-12-09 20:15:26,Cau Thu Thiem,Quan 2,10.786216596454727,106.71836665482695,40,40,1.0
2025-12-09 20:15:27,Nguyen Huu Canh,Binh Thanh,10.78948793356203,106.71518838181179,36,36,1.0
2025-12-09 20:15:30,Cong Hoa,Tan Binh,10.80223925742187,106.6478722259914,30,41,1.0
2025-12-09 20:15:31,Truong Son / Tan Son Nhat Blvd,Gan san bay,10.813928881466124,106.66511432455972,22,34,0.998938
2025-12-09 20:15:32,Nguyen Trai,Quan 5,10.755608615763382,106.67347943578082,17,27,0.998943
2025-12-09 20:15:33,Le Duan,Quan 1,10.782680856341083,106.70051548181169,19,30,1.0
2025-12-09 20:15:34,Tran Hung Dao ,Quan 5,10.754895139302109,106.67839188181134,23,32,1.0
2025-12-09 20:15:35,Tran Quoc Thao,Quan 3,10.785070445194592,106.68331340921323,18,27,1.0
2025-12-09 20:15:42,Tran Hung Dao,Quan 5,10.7549373008113,106.67848844133415,23,32,1.0
2025-12-09 20:15:43,Cach Mang Thang 8 (CMT8),Quan 3,10.77898143649726,106.67684447140958,22,34,1.0
2025-12-09 20:15:44,Pham Ngu Lao / Bui Vien,Quan 1,10.767112828386699,106.6927618222887,10,19,1.0
2025-12-09 20:15:45,Nguyen Thi Minh Khai,Quan 3,10.77847212665258,106.69389510879643,32,41,1.0
2025-12-09 20:15:46,Nguyen Van Troi,Phu Nhuan,10.796057790235078,106.67492629345334,22,33,1.0
2025-12-09 20:15:47,Pham Van Dong,Go Vap,10.835298215641501,106.72935479345391,32,42,0.991725
2025-12-09 20:15:54,Cong truong lam son,Quan 1,10.777562007197462,106.7041335430398,20,30,1.0
2025-12-09 20:16:06,Nguyen Oanh ,Go Vap,10.83886351241477,106.67566625482782,25,35,1.0
2025-12-09 20:16:07,Le Hong Phong,Quan 10,10.765187049751795,106.67550552599073,27,36,1.0
2025-12-09 20:16:08,Nguyen Van Cu,Quan 5,10.759484371982321,106.6840537511244,18,26,1.0
2025-12-09 20:16:09,Nga tu Binh Phuoc,Ngoai o,10.865229381280965,106.72366973948475,38,49,1.0
2025-12-09 20:16:10,Phu My Hung ,Quan 7,10.72279213640514,106.72808623948244,23,37,0.997399
2025-12-09 20:16:11,Nguyen Thai Son,Phu Nhuan,10.823400120373712,106.68551227436063,22,31,1.0
2025-12-09 20:16:23,An Duong Vuong,Quan 8,10.756158554057757,106.66631758181126,23,30,1.0
2025-12-09 20:16:24,Huynh Tan Phat,Nha Be,10.7144382088356,106.73711688366167,25,35,1.0
2025-12-09 20:16:25,Truong Chinh,Tan Binh ,10.817236653231737,106.63191539530457,24,35,1.0
2025-12-09 20:18:26,Cho Ben Thanh,Quan 1,10.772727584493625,106.69804225297563,12,23,0.968292
2025-12-09 20:18:27,Duong Nguyen Hue,Quan 1,10.774028664434528,106.70357076461706,15,27,1.0
2025-12-09 20:18:28,Nguyen Van Linh,Quan 7,10.752616652291238,106.72509685338922,39,39,1.0
2025-12-09 20:18:29,Vo Van Kiet,Quan 5,10.745754766198267,106.65326266831877,42,42,1.0
2025-12-09 20:18:30,Xa lo Ha Noi,QL1A,10.94927106740351,106.87196348224562,27,42,1.0
2025-12-09 20:18:31,Duong Dien Bien Phu,Quan 1,10.78866360854368,106.69551372228901,36,41,1.0
2025-12-09 20:18:43,Nga tu Hang Xanh,Binh Thanh,10.801406421807085,106.71148440879679,35,41,1.0
2025-12-09 20:18:55,Nga tu An Suong,Hoc Mon,10.843150534972033,106.6151343241409,25,35,1.0
2025-12-09 20:18:56,Ben xe Mien Dong,Quan 9,10.880537767027526,106.81481342866444,44,54,1.0
2025-12-09 20:18:56,Ben xe Mien Tay,Binh Tan,10.740840166521663,106.61899246873142,34,34,1.0
2025-12-09 20:18:57,Cau Sai Gon,Quan 2 ,10.798986343749618,106.72697056646841,45,45,1.0
2025-12-09 20:18:58,Cau Phu My,Q2,10.741860769464234,106.73790365482627,44,44,1.0
2025-12-09 20:19:10,Cau Kenh Te,Q4,10.752408891679814,106.7022703818112,24,34,1.0
2025-12-09 20:19:11,Cau Thu Thiem,Quan 2,10.786216596454727,106.71836665482695,40,40,1.0
2025-12-09 20:19:12,Nguyen Huu Canh,Binh Thanh,10.78948793356203,106.71518838181179,36,36,1.0
2025-12-09 20:19:13,Cong Hoa,Tan Binh,10.80223925742187,106.6478722259914,29,40,1.0
2025-12-09 20:19:15,Truong Son / Tan Son Nhat Blvd,Gan san bay,10.813928881466124,106.66511432455972,22,33,1.0
2025-12-09 20:19:15,Nguyen Trai,Quan 5,10.755608615763382,106.67347943578082,17,26,0.998954
2025-12-09 20:19:22,Le Duan,Quan 1,10.782680856341083,106.70051548181169,20,30,1.0
2025-12-09 20:19:23,Tran Hung Dao ,Quan 5,10.754895139302109,106.67839188181134,22,32,1.0
2025-12-09 20:19:24,Tran Quoc Thao,Quan 3,10.785070445194592,106.68331340921323,17,27,1.0
2025-12-09 20:19:25,Tran Hung Dao,Quan 5,10.7549373008113,106.67848844133415,22,32,1.0
2025-12-09 20:19:26,Cach Mang Thang 8 (CMT8),Quan 3,10.77898143649726,106.67684447140958,22,34,1.0
2025-12-09 20:19:27,Pham Ngu Lao / Bui Vien,Quan 1,10.767112828386699,106.6927618222887,9,19,1.0
2025-12-09 20:19:39,Nguyen Thi Minh Khai,Quan 3,10.77847212665258,106.69389510879643,31,41,1.0
2025-12-09 20:19:51,Nguyen Van Troi,Phu Nhuan,10.796057790235078,106.67492629345334,22,34,0.999242
2025-12-09 20:20:03,Pham Van Dong,Go Vap,10.835298215641501,106.72935479345391,32,42,0.990283
2025-12-09 20:20:15,Cong truong lam son,Quan 1,10.777562007197462,106.7041335430398,20,30,1.0
2025-12-09 20:20:16,Nguyen Oanh ,Go Vap,10.83886351241477,106.67566625482782,27,35,1.0
2025-12-09 20:20:17,Le Hong Phong,Quan 10,10.765187049751795,106.67550552599073,23,36,1.0
2025-12-09 20:20:18,Nguyen Van Cu,Quan 5,10.759484371982321,106.6840537511244,20,27,1.0
2025-12-09 20:20:19,Nga tu Binh Phuoc,Ngoai o,10.865229381280965,106.72366973948475,38,49,1.0
2025-12-09 20:20:20,Phu My Hung ,Quan 7,10.72279213640514,106.72808623948244,24,37,0.998605
2025-12-09 20:20:27,Nguyen Thai Son,Phu Nhuan,10.823400120373712,106.68551227436063,20,31,1.0
2025-12-09 20:20:39,An Duong Vuong,Quan 8,10.756158554057757,106.66631758181126,22,29,1.0
2025-12-09 20:20:40,Huynh Tan Phat,Nha Be,10.7144382088356,106.73711688366167,26,35,1.0
2025-12-09 20:20:41,Truong Chinh,Tan Binh ,10.817236653231737,106.63191539530457,24,34,1.0
2025-12-09 20:22:53,Cho Ben Thanh,Quan 1,10.772727584493625,106.69804225297563,11,23,0.968292
2025-12-09 20:22:54,Duong Nguyen Hue,Quan 1,10.774028664434528,106.70357076461706,12,28,1.0
2025-12-09 20:22:55,Nguyen Van Linh,Quan 7,10.752616652291238,106.72509685338922,39,39,1.0
2025-12-09 20:22:56,Vo Van Kiet,Quan 5,10.745754766198267,106.65326266831877,42,42,1.0
2025-12-09 20:22:57,Xa lo Ha Noi,QL1A,10.94927106740351,106.87196348224562,31,42,1.0
2025-12-09 20:22:58,Duong Dien Bien Phu,Quan 1,10.78866360854368,106.69551372228901,36,42,1.0
2025-12-09 20:23:09,Nga tu Hang Xanh,Binh Thanh,10.801406421807085,106.71148440879679,36,42,1.0
2025-12-09 20:23:21,Nga tu An Suong,Hoc Mon,10.843150534972033,106.6151343241409,25,34,1.0
2025-12-09 20:23:22,Ben xe Mien Dong,Quan 9,10.880537767027526,106.81481342866444,44,53,1.0
2025-12-09 20:23:44,Ben xe Mien Tay,Binh Tan,10.740840166521663,106.61899246873142,28,35,1.0
2025-12-09 20:23:45,Cau Sai Gon,Quan 2 ,10.798986343749618,106.72697056646841,45,45,1.0
2025-12-09 20:23:46,Cau Phu My,Q2,10.741860769464234,106.73790365482627,35,44,1.0
2025-12-09 20:23:47,Cau Kenh Te,Q4,10.752408891679814,106.7022703818112,24,33,1.0
2025-12-09 20:23:48,Cau Thu Thiem,Quan 2,10.786216596454727,106.71836665482695,40,40,1.0
2025-12-09 20:23:49,Nguyen Huu Canh,Binh Thanh,10.78948793356203,106.71518838181179,36,36,1.0
2025-12-09 20:23:50,Cong Hoa,Tan Binh,10.80223925742187,106.6478722259914,28,39,1.0
2025-12-09 20:23:51,Truong Son / Tan Son Nhat Blvd,Gan san bay,10.813928881466124,106.66511432455972,23,33,1.0
2025-12-09 20:23:52,Nguyen Trai,Quan 5,10.755608615763382,106.67347943578082,17,28,0.998935
2025-12-09 20:24:04,Le Duan,Quan 1,10.782680856341083,106.70051548181169,18,30,1.0
2025-12-09 20:24:16,Tran Hung Dao ,Quan 5,10.754895139302109,106.67839188181134,23,32,1.0
2025-12-09 20:24:17,Tran Quoc Thao,Quan 3,10.785070445194592,106.68331340921323,19,27,1.0
2025-12-09 20:24:18,Tran Hung Dao,Quan 5,10.7549373008113,106.67848844133415,23,32,1.0
2025-12-09 20:24:19,Cach Mang Thang 8 (CMT8),Quan 3,10.77898143649726,106.67684447140958,23,34,1.0
2025-12-09 20:24:20,Pham Ngu Lao / Bui Vien,Quan 1,10.767112828386699,106.6927618222887,14,19,1.0
2025-12-09 20:24:21,Nguyen Thi Minh Khai,Quan 3,10.77847212665258,106.69389510879643,32,41,1.0
2025-12-09 20:24:33,Nguyen Van Troi,Phu Nhuan,10.796057790235078,106.67492629345334,24,33,1.0
2025-12-09 20:24:45,Pham Van Dong,Go Vap,10.835298215641501,106.72935479345391,33,42,0.989193
2025-12-09 20:24:57,Cong truong lam son,Quan 1,10.777562007197462,106.7041335430398,18,30,1.0
2025-12-09 20:25:09,Nguyen Oanh ,Go Vap,10.83886351241477,106.67566625482782,27,36,1.0
2025-12-09 20:25:09,Le Hong Phong,Quan 10,10.765187049751795,106.67550552599073,27,35,1.0
2025-12-09 20:25:10,Nguyen Van Cu,Quan 5,10.759484371982321,106.6840537511244,17,28,1.0
2025-12-09 20:25:11,Nga tu Binh Phuoc,Ngoai o,10.865229381280965,106.72366973948475,38,49,1.0
2025-12-09 20:25:12,Phu My Hung ,Quan 7,10.72279213640514,106.72808623948244,24,37,0.99814
2025-12-09 20:25:13,Nguyen Thai Son,Phu Nhuan,10.823400120373712,106.68551227436063,23,31,1.0
2025-12-09 20:25:14,An Duong Vuong,Quan 8,10.756158554057757,106.66631758181126,20,28,1.0
2025-12-09 20:25:15,Huynh Tan Phat,Nha Be,10.7144382088356,106.73711688366167,27,35,1.0
2025-12-09 20:25:16,Truong Chinh,Tan Binh ,10.817236653231737,106.63191539530457,25,35,1.0
2025-12-09 20:27:29,Cho Ben Thanh,Quan 1,10.772727584493625,106.69804225297563,12,23,0.966523
2025-12-09 20:27:30,Duong Nguyen Hue,Quan 1,10.774028664434528,106.70357076461706,15,27,1.0
2025-12-09 20:27:31,Nguyen Van Linh,Quan 7,10.752616652291238,106.72509685338922,39,39,1.0
2025-12-09 20:27:32,Vo Van Kiet,Quan 5,10.745754766198267,106.65326266831877,42,42,1.0
2025-12-09 20:27:44,Xa lo Ha Noi,QL1A,10.94927106740351,106.87196348224562,32,42,1.0
2025-12-09 20:27:56,Duong Dien Bien Phu,Quan 1,10.78866360854368,106.69551372228901,36,42,1.0
2025-12-09 20:27:57,Nga tu Hang Xanh,Binh Thanh,10.801406421807085,106.71148440879679,36,42,1.0
2025-12-09 20:28:09,Nga tu An Suong,Hoc Mon,10.843150534972033,106.6151343241409,26,35,1.0
2025-12-09 20:28:10,Ben xe Mien Dong,Quan 9,10.880537767027526,106.81481342866444,42,53,1.0
2025-12-09 20:28:11,Ben xe Mien Tay,Binh Tan,10.740840166521663,106.61899246873142,34,34,1.0
2025-12-09 20:28:12,Cau Sai Gon,Quan 2 ,10.798986343749618,106.72697056646841,45,45,1.0
2025-12-09 20:28:13,Cau Phu My,Q2,10.741860769464234,106.73790365482627,36,44,1.0
2025-12-09 20:28:14,Cau Kenh Te,Q4,10.752408891679814,106.7022703818112,24,34,1.0
2025-12-09 20:28:15,Cau Thu Thiem,Quan 2,10.786216596454727,106.71836665482695,40,40,1.0
2025-12-09 20:28:16,Nguyen Huu Canh,Binh Thanh,10.78948793356203,106.71518838181179,36,36,1.0
2025-12-09 20:28:25,Cong Hoa,Tan Binh,10.80223925742187,106.6478722259914,28,39,1.0
2025-12-09 20:28:37,Truong Son / Tan Son Nhat Blvd,Gan san bay,10.813928881466124,106.66511432455972,25,33,0.999528
2025-12-09 20:28:49,Nguyen Trai,Quan 5,10.755608615763382,106.67347943578082,19,27,0.998947
2025-12-09 20:28:50,Le Duan,Quan 1,10.782680856341083,106.70051548181169,19,30,1.0
2025-12-09 20:28:51,Tran Hung Dao ,Quan 5,10.754895139302109,106.67839188181134,21,32,1.0
2025-12-09 20:28:52,Tran Quoc Thao,Quan 3,10.785070445194592,106.68331340921323,21,26,1.0
2025-12-09 20:28:53,Tran Hung Dao,Quan 5,10.7549373008113,106.67848844133415,21,32,1.0
2025-12-09 20:28:54,Cach Mang Thang 8 (CMT8),Quan 3,10.77898143649726,106.67684447140958,25,34,1.0
2025-12-09 20:29:05,Pham Ngu Lao / Bui Vien,Quan 1,10.767112828386699,106.6927618222887,9,19,1.0
2025-12-09 20:29:17,Nguyen Thi Minh Khai,Quan 3,10.77847212665258,106.69389510879643,32,41,1.0
2025-12-09 20:29:18,Nguyen Van Troi,Phu Nhuan,10.796057790235078,106.67492629345334,24,34,0.999528
2025-12-09 20:29:19,Pham Van Dong,Go Vap,10.835298215641501,106.72935479345391,34,42,0.992997
2025-12-09 20:29:20,Cong truong lam son,Quan 1,10.777562007197462,106.7041335430398,19,30,1.0
2025-12-09 20:29:21,Nguyen Oanh ,Go Vap,10.83886351241477,106.67566625482782,28,36,1.0
2025-12-09 20:29:22,Le Hong Phong,Quan 10,10.765187049751795,106.67550552599073,28,36,1.0
2025-12-09 20:29:29,Nguyen Van Cu,Quan 5,10.759484371982321,106.6840537511244,18,27,0.998943
2025-12-09 20:29:41,Nga tu Binh Phuoc,Ngoai o,10.865229381280965,106.72366973948475,37,49,1.0
2025-12-09 20:29:42,Phu My Hung ,Quan 7,10.72279213640514,106.72808623948244,26,36,0.997961
2025-12-09 20:29:54,Nguyen Thai Son,Phu Nhuan,10.823400120373712,106.68551227436063,22,31,1.0
2025-12-09 20:30:06,An Duong Vuong,Quan 8,10.756158554057757,106.66631758181126,22,28,1.0
2025-12-09 20:30:18,Huynh Tan Phat,Nha Be,10.7144382088356,106.73711688366167,27,35,1.0
2025-12-09 20:30:19,Truong Chinh,Tan Binh ,10.817236653231737,106.63191539530457,26,34,1.0
2025-12-09 20:32:31,Cho Ben Thanh,Quan 1,10.772727584493625,106.69804225297563,11,22,0.968292
2025-12-09 20:32:32,Duong Nguyen Hue,Quan 1,10.774028664434528,106.70357076461706,18,28,1.0
2025-12-09 20:32:33,Nguyen Van Linh,Quan 7,10.752616652291238,106.72509685338922,39,39,1.0
2025-12-09 20:32:34,Vo Van Kiet,Quan 5,10.745754766198267,106.65326266831877,42,42,1.0
2025-12-09 20:32:35,Xa lo Ha Noi,QL1A,10.94927106740351,106.87196348224562,32,41,1.0
2025-12-09 20:32:47,Duong Dien Bien Phu,Quan 1,10.78866360854368,106.69551372228901,36,42,1.0
2025-12-09 20:32:48,Nga tu Hang Xanh,Binh Thanh,10.801406421807085,106.71148440879679,36,42,1.0
2025-12-09 20:33:00,Nga tu An Suong,Hoc Mon,10.843150534972033,106.6151343241409,25,35,1.0
2025-12-09 20:33:12,Ben xe Mien Dong,Quan 9,10.880537767027526,106.81481342866444,44,53,1.0
2025-12-09 20:33:24,Ben xe Mien Tay,Binh Tan,10.740840166521663,106.61899246873142,28,35,1.0
2025-12-09 20:33:25,Cau Sai Gon,Quan 2 ,10.798986343749618,106.72697056646841,45,45,1.0
2025-12-09 20:33:26,Cau Phu My,Q2,10.741860769464234,106.73790365482627,44,44,1.0
2025-12-09 20:33:27,Cau Kenh Te,Q4,10.752408891679814,106.7022703818112,26,34,1.0
2025-12-09 20:33:28,Cau Thu Thiem,Quan 2,10.786216596454727,106.71836665482695,40,40,1.0
2025-12-09 20:33:29,Nguyen Huu Canh,Binh Thanh,10.78948793356203,106.71518838181179,36,36,1.0
2025-12-09 20:33:30,Cong Hoa,Tan Binh,10.80223925742187,106.6478722259914,31,41,1.0
2025-12-09 20:33:31,Truong Son / Tan Son Nhat Blvd,Gan san bay,10.813928881466124,106.66511432455972,24,33,1.0
2025-12-09 20:33:43,Nguyen Trai,Quan 5,10.755608615763382,106.67347943578082,19,28,1.0
2025-12-09 20:33:44,Le Duan,Quan 1,10.782680856341083,106.70051548181169,17,30,1.0
2025-12-09 20:33:44,Tran Hung Dao ,Quan 5,10.754895139302109,106.67839188181134,24,32,1.0
2025-12-09 20:33:45,Tran Quoc Thao,Quan 3,10.785070445194592,106.68331340921323,18,28,1.0
2025-12-09 20:33:46,Tran Hung Dao,Quan 5,10.7549373008113,106.67848844133415,24,32,1.0
2025-12-09 20:33:47,Cach Mang Thang 8 (CMT8),Quan 3,10.77898143649726,106.67684447140958,25,34,1.0
2025-12-09 20:33:55,Pham Ngu Lao / Bui Vien,Quan 1,10.767112828386699,106.6927618222887,11,20,1.0
2025-12-09 20:34:07,Nguyen Thi Minh Khai,Quan 3,10.77847212665258,106.69389510879643,32,41,1.0
2025-12-09 20:34:07,Nguyen Van Troi,Phu Nhuan,10.796057790235078,106.67492629345334,24,34,1.0
2025-12-09 20:34:08,Pham Van Dong,Go Vap,10.835298215641501,106.72935479345391,42,42,1.0
2025-12-09 20:34:09,Cong truong lam son,Quan 1,10.777562007197462,106.7041335430398,17,30,1.0
2025-12-09 20:34:10,Nguyen Oanh ,Go Vap,10.83886351241477,106.67566625482782,27,35,1.0
2025-12-09 20:34:11,Le Hong Phong,Quan 10,10.765187049751795,106.67550552599073,22,35,1.0
2025-12-09 20:34:12,Nguyen Van Cu,Quan 5,10.759484371982321,106.6840537511244,19,27,1.0
2025-12-09 20:34:13,Nga tu Binh Phuoc,Ngoai o,10.865229381280965,106.72366973948475,37,48,1.0
2025-12-09 20:34:14,Phu My Hung ,Quan 7,10.72279213640514,106.72808623948244,26,37,0.997961
2025-12-09 20:34:15,Nguyen Thai Son,Phu Nhuan,10.823400120373712,106.68551227436063,21,31,1.0
2025-12-09 20:34:27,An Duong Vuong,Quan 8,10.756158554057757,106.66631758181126,21,29,1.0
2025-12-09 20:34:28,Huynh Tan Phat,Nha Be,10.7144382088356,106.73711688366167,27,35,1.0
2025-12-09 20:34:29,Truong Chinh,Tan Binh ,10.817236653231737,106.63191539530457,25,35,1.0
2025-12-09 20:36:41,Cho Ben Thanh,Quan 1,10.772727584493625,106.69804225297563,10,22,0.967696
2025-12-09 20:36:42,Duong Nguyen Hue,Quan 1,10.774028664434528,106.70357076461706,13,28,1.0
2025-12-09 20:36:43,Nguyen Van Linh,Quan 7,10.752616652291238,106.72509685338922,39,39,1.0
2025-12-09 20:36:44,Vo Van Kiet,Quan 5,10.745754766198267,106.65326266831877,42,42,1.0
2025-12-09 20:36:45,Xa lo Ha Noi,QL1A,10.94927106740351,106.87196348224562,28,41,1.0
2025-12-09 20:36:46,Duong Dien Bien Phu,Quan 1,10.78866360854368,106.69551372228901,36,41,1.0
2025-12-09 20:36:47,Nga tu Hang Xanh,Binh Thanh,10.801406421807085,106.71148440879679,36,41,1.0
2025-12-09 20:36:48,Nga tu An Suong,Hoc Mon,10.843150534972033,106.6151343241409,25,35,1.0
2025-12-09 20:37:00,Ben xe Mien Dong,Quan 9,10.880537767027526,106.81481342866444,43,53,1.0
2025-12-09 20:37:12,Ben xe Mien Tay,Binh Tan,10.740840166521663,106.61899246873142,34,34,1.0
2025-12-09 20:37:13,Cau Sai Gon,Quan 2 ,10.798986343749618,106.72697056646841,45,45,1.0
2025-12-09 20:37:14,Cau Phu My,Q2,10.741860769464234,106.73790365482627,36,44,1.0
2025-12-09 20:37:15,Cau Kenh Te,Q4,10.752408891679814,106.7022703818112,25,33,1.0
2025-12-09 20:37:15,Cau Thu Thiem,Quan 2,10.786216596454727,106.71836665482695,40,40,1.0
2025-12-09 20:37:16,Nguyen Huu Canh,Binh Thanh,10.78948793356203,106.71518838181179,36,36,1.0
2025-12-09 20:37:17,Cong Hoa,Tan Binh,10.80223925742187,106.6478722259914,30,41,1.0
2025-12-09 20:37:18,Truong Son / Tan Son Nhat Blvd,Gan san bay,10.813928881466124,106.66511432455972,24,33,1.0
2025-12-09 20:37:24,Nguyen Trai,Quan 5,10.755608615763382,106.67347943578082,18,27,1.0
2025-12-09 20:37:36,Le Duan,Quan 1,10.782680856341083,106.70051548181169,19,30,1.0
2025-12-09 20:37:48,Tran Hung Dao ,Quan 5,10.754895139302109,106.67839188181134,22,33,1.0
2025-12-09 20:37:49,Tran Quoc Thao,Quan 3,10.785070445194592,106.68331340921323,18,27,1.0
2025-12-09 20:37:50,Tran Hung Dao,Quan 5,10.7549373008113,106.67848844133415,22,33,1.0
2025-12-09 20:37:51,Cach Mang Thang 8 (CMT8),Quan 3,10.77898143649726,106.67684447140958,24,34,1.0
2025-12-09 20:37:51,Pham Ngu Lao / Bui Vien,Quan 1,10.767112828386699,106.6927618222887,8,20,1.0
2025-12-09 20:37:52,Nguyen Thi Minh Khai,Quan 3,10.77847212665258,106.69389510879643,33,42,1.0
2025-12-09 20:37:53,Nguyen Van Troi,Phu Nhuan,10.796057790235078,106.67492629345334,24,33,0.998691
2025-12-09 20:38:00,Pham Van Dong,Go Vap,10.835298215641501,106.72935479345391,36,42,0.996395
2025-12-09 20:38:01,Cong truong lam son,Quan 1,10.777562007197462,106.7041335430398,20,30,1.0
2025-12-09 20:38:02,Nguyen Oanh ,Go Vap,10.83886351241477,106.67566625482782,28,36,0.999223
2025-12-09 20:38:03,Le Hong Phong,Quan 10,10.765187049751795,106.67550552599073,28,36,1.0
2025-12-09 20:38:04,Nguyen Van Cu,Quan 5,10.759484371982321,106.6840537511244,18,27,1.0
2025-12-09 20:38:05,Nga tu Binh Phuoc,Ngoai o,10.865229381280965,106.72366973948475,37,48,1.0
2025-12-09 20:38:12,Phu My Hung ,Quan 7,10.72279213640514,106.72808623948244,27,37,0.997784
2025-12-09 20:38:13,Nguyen Thai Son,Phu Nhuan,10.823400120373712,106.68551227436063,20,31,1.0
2025-12-09 20:38:14,An Duong Vuong,Quan 8,10.756158554057757,106.66631758181126,29,29,1.0
2025-12-09 20:38:15,Huynh Tan Phat,Nha Be,10.7144382088356,106.73711688366167,26,35,1.0
2025-12-09 20:38:15,Truong Chinh,Tan Binh ,10.817236653231737,106.63191539530457,26,35,1.0
2025-12-09 20:40:28,Cho Ben Thanh,Quan 1,10.772727584493625,106.69804225297563,10,22,0.967696
2025-12-09 20:40:40,Duong Nguyen Hue,Quan 1,10.774028664434528,106.70357076461706,17,27,1.0
2025-12-09 20:40:41,Nguyen Van Linh,Quan 7,10.752616652291238,106.72509685338922,34,38,1.0
2025-12-09 20:40:41,Vo Van Kiet,Quan 5,10.745754766198267,106.65326266831877,42,42,1.0
2025-12-09 20:40:42,Xa lo Ha Noi,QL1A,10.94927106740351,106.87196348224562,42,42,1.0
2025-12-09 20:40:43,Duong Dien Bien Phu,Quan 1,10.78866360854368,106.69551372228901,36,41,1.0
2025-12-09 20:40:44,Nga tu Hang Xanh,Binh Thanh,10.801406421807085,106.71148440879679,36,41,1.0
2025-12-09 20:40:45,Nga tu An Suong,Hoc Mon,10.843150534972033,106.6151343241409,25,35,1.0
2025-12-09 20:40:46,Ben xe Mien Dong,Quan 9,10.880537767027526,106.81481342866444,44,54,1.0
2025-12-09 20:40:47,Ben xe Mien Tay,Binh Tan,10.740840166521663,106.61899246873142,34,34,1.0
2025-12-09 20:40:48,Cau Sai Gon,Quan 2 ,10.798986343749618,106.72697056646841,45,45,1.0
2025-12-09 20:40:49,Cau Phu My,Q2,10.741860769464234,106.73790365482627,35,44,1.0
2025-12-09 20:40:50,Cau Kenh Te,Q4,10.752408891679814,106.7022703818112,26,34,1.0
2025-12-09 20:40:51,Cau Thu Thiem,Quan 2,10.786216596454727,106.71836665482695,40,40,1.0
2025-12-09 20:40:52,Nguyen Huu Canh,Binh Thanh,10.78948793356203,106.71518838181179,36,36,1.0
2025-12-09 20:41:04,Cong Hoa,Tan Binh,10.80223925742187,106.6478722259914,30,40,1.0
2025-12-09 20:41:04,Truong Son / Tan Son Nhat Blvd,Gan san bay,10.813928881466124,106.66511432455972,24,34,0.999242
2025-12-09 20:41:05,Nguyen Trai,Quan 5,10.755608615763382,106.67347943578082,19,28,1.0
2025-12-09 20:41:06,Le Duan,Quan 1,10.782680856341083,106.70051548181169,18,30,1.0
2025-12-09 20:41:07,Tran Hung Dao ,Quan 5,10.754895139302109,106.67839188181134,23,32,1.0
2025-12-09 20:41:08,Tran Quoc Thao,Quan 3,10.785070445194592,106.68331340921323,17,27,1.0
2025-12-09 20:41:09,Tran Hung Dao,Quan 5,10.7549373008113,106.67848844133415,23,32,1.0
2025-12-09 20:41:10,Cach Mang Thang 8 (CMT8),Quan 3,10.77898143649726,106.67684447140958,24,34,1.0
2025-12-09 20:41:11,Pham Ngu Lao / Bui Vien,Quan 1,10.767112828386699,106.6927618222887,6,19,1.0
2025-12-09 20:41:12,Nguyen Thi Minh Khai,Quan 3,10.77847212665258,106.69389510879643,32,41,1.0
2025-12-09 20:41:19,Nguyen Van Troi,Phu Nhuan,10.796057790235078,106.67492629345334,23,34,1.0
2025-12-09 20:41:31,Pham Van Dong,Go Vap,10.835298215641501,106.72935479345391,34,42,0.996397
2025-12-09 20:41:32,Cong truong lam son,Quan 1,10.777562007197462,106.7041335430398,17,30,1.0
2025-12-09 20:41:33,Nguyen Oanh ,Go Vap,10.83886351241477,106.67566625482782,28,36,1.0
2025-12-09 20:41:34,Le Hong Phong,Quan 10,10.765187049751795,106.67550552599073,22,35,1.0
2025-12-09 20:41:35,Nguyen Van Cu,Quan 5,10.759484371982321,106.6840537511244,16,27,1.0
2025-12-09 20:41:47,Nga tu Binh Phuoc,Ngoai o,10.865229381280965,106.72366973948475,38,49,1.0
2025-12-09 20:41:59,Phu My Hung ,Quan 7,10.72279213640514,106.72808623948244,27,36,0.99794
2025-12-09 20:42:00,Nguyen Thai Son,Phu Nhuan,10.823400120373712,106.68551227436063,23,31,1.0
2025-12-09 20:42:12,An Duong Vuong,Quan 8,10.756158554057757,106.66631758181126,21,28,1.0
2025-12-09 20:42:13,Huynh Tan Phat,Nha Be,10.7144382088356,106.73711688366167,26,35,1.0
2025-12-09 20:42:14,Truong Chinh,Tan Binh ,10.817236653231737,106.63191539530457,25,34,1.0
2025-12-09 20:44:15,Cho Ben Thanh,Quan 1,10.772727584493625,106.69804225297563,14,23,0.967696
2025-12-09 20:44:16,Duong Nguyen Hue,Quan 1,10.774028664434528,106.70357076461706,11,28,1.0
2025-12-09 20:44:17,Nguyen Van Linh,Quan 7,10.752616652291238,106.72509685338922,32,39,1.0
2025-12-09 20:44:18,Vo Van Kiet,Quan 5,10.745754766198267,106.65326266831877,42,42,1.0
2025-12-09 20:44:19,Xa lo Ha Noi,QL1A,10.94927106740351,106.87196348224562,31,41,1.0
2025-12-09 20:44:19,Duong Dien Bien Phu,Quan 1,10.78866360854368,106.69551372228901,34,42,0.999821
2025-12-09 20:44:26,Nga tu Hang Xanh,Binh Thanh,10.801406421807085,106.71148440879679,34,42,0.999821
2025-12-09 20:44:38,Nga tu An Suong,Hoc Mon,10.843150534972033,106.6151343241409,27,35,1.0
2025-12-09 20:44:39,Ben xe Mien Dong,Quan 9,10.880537767027526,106.81481342866444,44,53,1.0
2025-12-09 20:44:40,Ben xe Mien Tay,Binh Tan,10.740840166521663,106.61899246873142,34,34,1.0
2025-12-09 20:44:41,Cau Sai Gon,Quan 2 ,10.798986343749618,106.72697056646841,45,45,1.0
2025-12-09 20:44:42,Cau Phu My,Q2,10.741860769464234,106.73790365482627,35,44,1.0
2025-12-09 20:44:42,Cau Kenh Te,Q4,10.752408891679814,106.7022703818112,25,33,1.0
2025-12-09 20:44:55,Cau Thu Thiem,Quan 2,10.786216596454727,106.71836665482695,40,40,1.0
2025-12-09 20:45:07,Nguyen Huu Canh,Binh Thanh,10.78948793356203,106.71518838181179,36,36,1.0
2025-12-09 20:45:08,Cong Hoa,Tan Binh,10.80223925742187,106.6478722259914,29,41,1.0
2025-12-09 20:45:09,Truong Son / Tan Son Nhat Blvd,Gan san bay,10.813928881466124,106.66511432455972,24,34,0.999244
2025-12-09 20:45:10,Nguyen Trai,Quan 5,10.755608615763382,106.67347943578082,18,28,1.0
2025-12-09 20:45:10,Le Duan,Quan 1,10.782680856341083,106.70051548181169,17,30,1.0
2025-12-09 20:45:11,Tran Hung Dao ,Quan 5,10.754895139302109,106.67839188181134,24,32,1.0
2025-12-09 20:45:12,Tran Quoc Thao,Quan 3,10.785070445194592,106.68331340921323,21,27,1.0
2025-12-09 20:45:14,Tran Hung Dao,Quan 5,10.7549373008113,106.67848844133415,24,32,1.0
2025-12-09 20:45:15,Cach Mang Thang 8 (CMT8),Quan 3,10.77898143649726,106.67684447140958,24,34,1.0
2025-12-09 20:45:16,Pham Ngu Lao / Bui Vien,Quan 1,10.767112828386699,106.6927618222887,15,20,1.0
2025-12-09 20:45:17,Nguyen Thi Minh Khai,Quan 3,10.77847212665258,106.69389510879643,32,41,1.0
2025-12-09 20:45:18,Nguyen Van Troi,Phu Nhuan,10.796057790235078,106.67492629345334,24,34,0.999244
2025-12-09 20:45:18,Pham Van Dong,Go Vap,10.835298215641501,106.72935479345391,35,42,0.997568
2025-12-09 20:45:40,Cong truong lam son,Quan 1,10.777562007197462,106.7041335430398,19,30,1.0
2025-12-09 20:45:41,Nguyen Oanh ,Go Vap,10.83886351241477,106.67566625482782,36,36,1.0
2025-12-09 20:45:42,Le Hong Phong,Quan 10,10.765187049751795,106.67550552599073,21,36,1.0
2025-12-09 20:45:43,Nguyen Van Cu,Quan 5,10.759484371982321,106.6840537511244,17,27,0.998943
2025-12-09 20:45:44,Nga tu Binh Phuoc,Ngoai o,10.865229381280965,106.72366973948475,38,49,1.0
2025-12-09 20:45:45,Phu My Hung ,Quan 7,10.72279213640514,106.72808623948244,26,37,0.997365
2025-12-09 20:45:46,Nguyen Thai Son,Phu Nhuan,10.823400120373712,106.68551227436063,24,31,1.0
2025-12-09 20:45:47,An Duong Vuong,Quan 8,10.756158554057757,106.66631758181126,29,29,1.0
2025-12-09 20:45:48,Huynh Tan Phat,Nha Be,10.7144382088356,106.73711688366167,26,35,1.0
2025-12-09 20:45:49,Truong Chinh,Tan Binh ,10.817236653231737,106.63191539530457,27,35,1.0
2025-12-09 20:48:01,Cho Ben Thanh,Quan 1,10.772727584493625,106.69804225297563,12,23,0.968292
2025-12-09 20:48:02,Duong Nguyen Hue,Quan 1,10.774028664434528,106.70357076461706,15,28,1.0
2025-12-09 20:48:03,Nguyen Van Linh,Quan 7,10.752616652291238,106.72509685338922,39,39,1.0
2025-12-09 20:48:04,Vo Van Kiet,Quan 5,10.745754766198267,106.65326266831877,42,42,1.0
2025-12-09 20:48:04,Xa lo Ha Noi,QL1A,10.94927106740351,106.87196348224562,42,42,1.0
2025-12-09 20:48:05,Duong Dien Bien Phu,Quan 1,10.78866360854368,106.69551372228901,35,42,1.0
2025-12-09 20:48:17,Nga tu Hang Xanh,Binh Thanh,10.801406421807085,106.71148440879679,35,42,1.0
2025-12-09 20:48:18,Nga tu An Suong,Hoc Mon,10.843150534972033,106.6151343241409,27,35,1.0
2025-12-09 20:48:19,Ben xe Mien Dong,Quan 9,10.880537767027526,106.81481342866444,42,52,1.0
2025-12-09 20:48:20,Ben xe Mien Tay,Binh Tan,10.740840166521663,106.61899246873142,27,35,1.0
2025-12-09 20:48:21,Cau Sai Gon,Quan 2 ,10.798986343749618,106.72697056646841,45,45,1.0
2025-12-09 20:48:22,Cau Phu My,Q2,10.741860769464234,106.73790365482627,35,44,1.0
2025-12-09 20:48:29,Cau Kenh Te,Q4,10.752408891679814,106.7022703818112,26,33,1.0
2025-12-09 20:48:30,Cau Thu Thiem,Quan 2,10.786216596454727,106.71836665482695,40,40,1.0
2025-12-09 20:48:31,Nguyen Huu Canh,Binh Thanh,10.78948793356203,106.71518838181179,36,36,1.0
2025-12-09 20:48:32,Cong Hoa,Tan Binh,10.80223925742187,106.6478722259914,29,41,1.0
2025-12-09 20:48:33,Truong Son / Tan Son Nhat Blvd,Gan san bay,10.813928881466124,106.66511432455972,24,33,1.0
2025-12-09 20:48:34,Nguyen Trai,Quan 5,10.755608615763382,106.67347943578082,20,28,1.0
2025-12-09 20:48:41,Le Duan,Quan 1,10.782680856341083,106.70051548181169,17,30,1.0
2025-12-09 20:48:42,Tran Hung Dao ,Quan 5,10.754895139302109,106.67839188181134,24,33,1.0
2025-12-09 20:48:43,Tran Quoc Thao,Quan 3,10.785070445194592,106.68331340921323,28,28,1.0
2025-12-09 20:48:44,Tran Hung Dao,Quan 5,10.7549373008113,106.67848844133415,24,33,1.0
2025-12-09 20:48:45,Cach Mang Thang 8 (CMT8),Quan 3,10.77898143649726,106.67684447140958,25,34,1.0
2025-12-09 20:48:46,Pham Ngu Lao / Bui Vien,Quan 1,10.767112828386699,106.6927618222887,14,20,1.0
2025-12-09 20:48:53,Nguyen Thi Minh Khai,Quan 3,10.77847212665258,106.69389510879643,33,41,1.0
2025-12-09 20:48:54,Nguyen Van Troi,Phu Nhuan,10.796057790235078,106.67492629345334,24,33,0.999713
2025-12-09 20:48:55,Pham Van Dong,Go Vap,10.835298215641501,106.72935479345391,36,42,0.997237
2025-12-09 20:48:56,Cong truong lam son,Quan 1,10.777562007197462,106.7041335430398,17,30,1.0
2025-12-09 20:48:57,Nguyen Oanh ,Go Vap,10.83886351241477,106.67566625482782,28,36,1.0
2025-12-09 20:48:58,Le Hong Phong,Quan 10,10.765187049751795,106.67550552599073,22,36,1.0
2025-12-09 20:49:10,Nguyen Van Cu,Quan 5,10.759484371982321,106.6840537511244,18,27,1.0
2025-12-09 20:49:22,Nga tu Binh Phuoc,Ngoai o,10.865229381280965,106.72366973948475,39,49,1.0
2025-12-09 20:49:23,Phu My Hung ,Quan 7,10.72279213640514,106.72808623948244,26,36,0.995497
2025-12-09 20:49:24,Nguyen Thai Son,Phu Nhuan,10.823400120373712,106.68551227436063,23,31,1.0
2025-12-09 20:49:36,An Duong Vuong,Quan 8,10.756158554057757,106.66631758181126,22,28,1.0
2025-12-09 20:49:48,Huynh Tan Phat,Nha Be,10.7144382088356,106.73711688366167,26,35,1.0
2025-12-09 20:49:49,Truong Chinh,Tan Binh ,10.817236653231737,106.63191539530457,27,35,1.0
2025-12-09 20:51:50,Cho Ben Thanh,Quan 1,10.772727584493625,106.69804225297563,13,23,0.968292
2025-12-09 20:51:51,Duong Nguyen Hue,Quan 1,10.774028664434528,106.70357076461706,13,29,1.0
2025-12-09 20:51:52,Nguyen Van Linh,Quan 7,10.752616652291238,106.72509685338922,31,39,1.0
2025-12-09 20:51:53,Vo Van Kiet,Quan 5,10.745754766198267,106.65326266831877,42,42,1.0
2025-12-09 20:51:54,Xa lo Ha Noi,QL1A,10.94927106740351,106.87196348224562,28,41,1.0
2025-12-09 20:51:55,Duong Dien Bien Phu,Quan 1,10.78866360854368,106.69551372228901,42,42,1.0
2025-12-09 20:52:06,Nga tu Hang Xanh,Binh Thanh,10.801406421807085,106.71148440879679,42,42,1.0
2025-12-09 20:52:19,Nga tu An Suong,Hoc Mon,10.843150534972033,106.6151343241409,27,35,1.0
2025-12-09 20:52:20,Ben xe Mien Dong,Quan 9,10.880537767027526,106.81481342866444,44,53,1.0
2025-12-09 20:52:20,Ben xe Mien Tay,Binh Tan,10.740840166521663,106.61899246873142,34,34,1.0
2025-12-09 20:52:21,Cau Sai Gon,Quan 2 ,10.798986343749618,106.72697056646841,45,45,1.0
2025-12-09 20:52:22,Cau Phu My,Q2,10.741860769464234,106.73790365482627,36,44,1.0
2025-12-09 20:52:23,Cau Kenh Te,Q4,10.752408891679814,106.7022703818112,21,33,1.0
2025-12-09 20:52:30,Cau Thu Thiem,Quan 2,10.786216596454727,106.71836665482695,35,39,1.0
2025-12-09 20:52:42,Nguyen Huu Canh,Binh Thanh,10.78948793356203,106.71518838181179,36,36,1.0
2025-12-09 20:52:43,Cong Hoa,Tan Binh,10.80223925742187,106.6478722259914,30,41,1.0
2025-12-09 20:52:44,Truong Son / Tan Son Nhat Blvd,Gan san bay,10.813928881466124,106.66511432455972,24,34,0.997651
2025-12-09 20:52:45,Nguyen Trai,Quan 5,10.755608615763382,106.67347943578082,18,27,1.0
2025-12-09 20:52:46,Le Duan,Quan 1,10.782680856341083,106.70051548181169,18,29,1.0
2025-12-09 20:52:47,Tran Hung Dao ,Quan 5,10.754895139302109,106.67839188181134,22,32,1.0
2025-12-09 20:52:58,Tran Quoc Thao,Quan 3,10.785070445194592,106.68331340921323,20,27,1.0
2025-12-09 20:53:10,Tran Hung Dao,Quan 5,10.7549373008113,106.67848844133415,22,32,1.0
2025-12-09 20:53:11,Cach Mang Thang 8 (CMT8),Quan 3,10.77898143649726,106.67684447140958,25,34,1.0
2025-12-09 20:53:12,Pham Ngu Lao / Bui Vien,Quan 1,10.767112828386699,106.6927618222887,11,20,1.0
2025-12-09 20:53:13,Nguyen Thi Minh Khai,Quan 3,10.77847212665258,106.69389510879643,33,41,1.0
2025-12-09 20:53:14,Nguyen Van Troi,Phu Nhuan,10.796057790235078,106.67492629345334,25,33,0.997651
2025-12-09 20:53:15,Pham Van Dong,Go Vap,10.835298215641501,106.72935479345391,35,42,0.996759
2025-12-09 20:53:27,Cong truong lam son,Quan 1,10.777562007197462,106.7041335430398,19,30,1.0
2025-12-09 20:53:38,Nguyen Oanh ,Go Vap,10.83886351241477,106.67566625482782,27,36,1.0
2025-12-09 20:53:39,Le Hong Phong,Quan 10,10.765187049751795,106.67550552599073,24,36,1.0
2025-12-09 20:53:40,Nguyen Van Cu,Quan 5,10.759484371982321,106.6840537511244,18,27,1.0
2025-12-09 20:53:41,Nga tu Binh Phuoc,Ngoai o,10.865229381280965,106.72366973948475,39,49,1.0
2025-12-09 20:53:42,Phu My Hung ,Quan 7,10.72279213640514,106.72808623948244,26,37,0.995124
2025-12-09 20:53:43,Nguyen Thai Son,Phu Nhuan,10.823400120373712,106.68551227436063,24,31,1.0
2025-12-09 20:53:55,An Duong Vuong,Quan 8,10.756158554057757,106.66631758181126,29,29,1.0
2025-12-09 20:54:07,Huynh Tan Phat,Nha Be,10.7144382088356,106.73711688366167,27,35,1.0
2025-12-09 20:54:08,Truong Chinh,Tan Binh ,10.817236653231737,106.63191539530457,26,35,1.0
2025-12-09 20:56:09,Cho Ben Thanh,Quan 1,10.772727584493625,106.69804225297563,12,23,0.968292
2025-12-09 20:56:10,Duong Nguyen Hue,Quan 1,10.774028664434528,106.70357076461706,11,28,1.0
2025-12-09 20:56:11,Nguyen Van Linh,Quan 7,10.752616652291238,106.72509685338922,39,39,1.0
2025-12-09 20:56:12,Vo Van Kiet,Quan 5,10.745754766198267,106.65326266831877,42,42,1.0
2025-12-09 20:56:13,Xa lo Ha Noi,QL1A,10.94927106740351,106.87196348224562,42,42,1.0
2025-12-09 20:56:14,Duong Dien Bien Phu,Quan 1,10.78866360854368,106.69551372228901,42,42,1.0
2025-12-09 20:56:20,Nga tu Hang Xanh,Binh Thanh,10.801406421807085,106.71148440879679,42,42,1.0
2025-12-09 20:56:21,Nga tu An Suong,Hoc Mon,10.843150534972033,106.6151343241409,26,34,1.0
2025-12-09 20:56:22,Ben xe Mien Dong,Quan 9,10.880537767027526,106.81481342866444,44,53,1.0
2025-12-09 20:56:23,Ben xe Mien Tay,Binh Tan,10.740840166521663,106.61899246873142,34,34,1.0
2025-12-09 20:56:24,Cau Sai Gon,Quan 2 ,10.798986343749618,106.72697056646841,45,45,1.0
2025-12-09 20:56:36,Cau Phu My,Q2,10.741860769464234,106.73790365482627,44,44,1.0
2025-12-09 20:56:48,Cau Kenh Te,Q4,10.752408891679814,106.7022703818112,25,33,1.0
2025-12-09 20:56:49,Cau Thu Thiem,Quan 2,10.786216596454727,106.71836665482695,40,40,1.0
2025-12-09 20:56:50,Nguyen Huu Canh,Binh Thanh,10.78948793356203,106.71518838181179,36,36,1.0
2025-12-09 20:56:50,Cong Hoa,Tan Binh,10.80223925742187,106.6478722259914,29,41,1.0
2025-12-09 20:56:51,Truong Son / Tan Son Nhat Blvd,Gan san bay,10.813928881466124,106.66511432455972,26,33,0.99791
2025-12-09 20:56:52,Nguyen Trai,Quan 5,10.755608615763382,106.67347943578082,17,28,1.0
2025-12-09 20:56:53,Le Duan,Quan 1,10.782680856341083,106.70051548181169,19,30,1.0
2025-12-09 20:56:54,Tran Hung Dao ,Quan 5,10.754895139302109,106.67839188181134,22,32,1.0
2025-12-09 20:57:04,Tran Quoc Thao,Quan 3,10.785070445194592,106.68331340921323,21,26,1.0
2025-12-09 20:57:16,Tran Hung Dao,Quan 5,10.7549373008113,106.67848844133415,22,32,1.0
2025-12-09 20:57:17,Cach Mang Thang 8 (CMT8),Quan 3,10.77898143649726,106.67684447140958,25,34,1.0
2025-12-09 20:57:18,Pham Ngu Lao / Bui Vien,Quan 1,10.767112828386699,106.6927618222887,10,20,1.0
2025-12-09 20:57:19,Nguyen Thi Minh Khai,Quan 3,10.77847212665258,106.69389510879643,32,41,1.0
2025-12-09 20:57:20,Nguyen Van Troi,Phu Nhuan,10.796057790235078,106.67492629345334,26,33,0.998487
2025-12-09 20:57:21,Pham Van Dong,Go Vap,10.835298215641501,106.72935479345391,37,42,0.996217
2025-12-09 20:57:33,Cong truong lam son,Quan 1,10.777562007197462,106.7041335430398,19,30,1.0
2025-12-09 20:57:45,Nguyen Oanh ,Go Vap,10.83886351241477,106.67566625482782,26,36,1.0
2025-12-09 20:57:46,Le Hong Phong,Quan 10,10.765187049751795,106.67550552599073,23,35,1.0
2025-12-09 20:57:47,Nguyen Van Cu,Quan 5,10.759484371982321,106.6840537511244,18,27,1.0
2025-12-09 20:57:48,Nga tu Binh Phuoc,Ngoai o,10.865229381280965,106.72366973948475,38,49,1.0
2025-12-09 20:57:49,Phu My Hung ,Quan 7,10.72279213640514,106.72808623948244,26,37,0.996415
2025-12-09 20:57:50,Nguyen Thai Son,Phu Nhuan,10.823400120373712,106.68551227436063,23,31,1.0
2025-12-09 20:58:02,An Duong Vuong,Quan 8,10.756158554057757,106.66631758181126,22,29,1.0
2025-12-09 20:58:14,Huynh Tan Phat,Nha Be,10.7144382088356,106.73711688366167,26,34,1.0
2025-12-09 20:58:15,Truong Chinh,Tan Binh ,10.817236653231737,106.63191539530457,26,34,1.0
2025-12-09 21:00:16,Cho Ben Thanh,Quan 1,10.772727584493625,106.69804225297563,13,23,0.968292
2025-12-09 21:00:17,Duong Nguyen Hue,Quan 1,10.774028664434528,106.70357076461706,14,29,1.0
2025-12-09 21:00:18,Nguyen Van Linh,Quan 7,10.752616652291238,106.72509685338922,39,39,1.0
2025-12-09 21:00:19,Vo Van Kiet,Quan 5,10.745754766198267,106.65326266831877,42,42,1.0
2025-12-09 21:00:20,Xa lo Ha Noi,QL1A,10.94927106740351,106.87196348224562,30,41,1.0
2025-12-09 21:00:20,Duong Dien Bien Phu,Quan 1,10.78866360854368,106.69551372228901,42,42,1.0
2025-12-09 21:00:21,Nga tu Hang Xanh,Binh Thanh,10.801406421807085,106.71148440879679,42,42,1.0
2025-12-09 21:00:22,Nga tu An Suong,Hoc Mon,10.843150534972033,106.6151343241409,26,35,1.0
2025-12-09 21:00:23,Ben xe Mien Dong,Quan 9,10.880537767027526,106.81481342866444,43,53,1.0
2025-12-09 21:00:24,Ben xe Mien Tay,Binh Tan,10.740840166521663,106.61899246873142,29,35,1.0
2025-12-09 21:00:25,Cau Sai Gon,Quan 2 ,10.798986343749618,106.72697056646841,45,45,1.0
2025-12-09 21:00:26,Cau Phu My,Q2,10.741860769464234,106.73790365482627,44,44,1.0
2025-12-09 21:00:27,Cau Kenh Te,Q4,10.752408891679814,106.7022703818112,26,33,1.0
2025-12-09 21:00:28,Cau Thu Thiem,Quan 2,10.786216596454727,106.71836665482695,40,40,1.0
2025-12-09 21:00:50,Nguyen Huu Canh,Binh Thanh,10.78948793356203,106.71518838181179,36,36,1.0
2025-12-09 21:00:51,Cong Hoa,Tan Binh,10.80223925742187,106.6478722259914,31,40,1.0
2025-12-09 21:00:51,Truong Son / Tan Son Nhat Blvd,Gan san bay,10.813928881466124,106.66511432455972,25,33,0.997443
2025-12-09 21:00:52,Nguyen Trai,Quan 5,10.755608615763382,106.67347943578082,20,28,1.0
2025-12-09 21:00:53,Le Duan,Quan 1,10.782680856341083,106.70051548181169,18,30,1.0
2025-12-09 21:00:54,Tran Hung Dao ,Quan 5,10.754895139302109,106.67839188181134,22,32,1.0
2025-12-09 21:01:06,Tran Quoc Thao,Quan 3,10.785070445194592,106.68331340921323,19,26,1.0
2025-12-09 21:01:18,Tran Hung Dao,Quan 5,10.7549373008113,106.67848844133415,22,32,1.0
2025-12-09 21:01:19,Cach Mang Thang 8 (CMT8),Quan 3,10.77898143649726,106.67684447140958,26,34,1.0
2025-12-09 21:01:20,Pham Ngu Lao / Bui Vien,Quan 1,10.767112828386699,106.6927618222887,10,19,1.0
2025-12-09 21:01:21,Nguyen Thi Minh Khai,Quan 3,10.77847212665258,106.69389510879643,33,41,1.0
2025-12-09 21:01:22,Nguyen Van Troi,Phu Nhuan,10.796057790235078,106.67492629345334,25,33,0.997443
2025-12-09 21:01:23,Pham Van Dong,Go Vap,10.835298215641501,106.72935479345391,42,42,1.0
2025-12-09 21:01:24,Cong truong lam son,Quan 1,10.777562007197462,106.7041335430398,19,30,1.0
2025-12-09 21:01:25,Nguyen Oanh ,Go Vap,10.83886351241477,106.67566625482782,28,36,1.0
2025-12-09 21:01:37,Le Hong Phong,Quan 10,10.765187049751795,106.67550552599073,22,35,1.0
2025-12-09 21:01:49,Nguyen Van Cu,Quan 5,10.759484371982321,106.6840537511244,17,27,1.0
2025-12-09 21:01:50,Nga tu Binh Phuoc,Ngoai o,10.865229381280965,106.72366973948475,40,49,1.0
2025-12-09 21:01:51,Phu My Hung ,Quan 7,10.72279213640514,106.72808623948244,27,37,0.997188
2025-12-09 21:01:51,Nguyen Thai Son,Phu Nhuan,10.823400120373712,106.68551227436063,22,31,1.0
2025-12-09 21:01:52,An Duong Vuong,Quan 8,10.756158554057757,106.66631758181126,29,29,1.0
2025-12-09 21:01:53,Huynh Tan Phat,Nha Be,10.7144382088356,106.73711688366167,27,35,1.0
2025-12-09 21:02:01,Truong Chinh,Tan Binh ,10.817236653231737,106.63191539530457,27,34,1.0
2025-12-09 21:04:13,Cho Ben Thanh,Quan 1,10.772727584493625,106.69804225297563,11,22,0.968292
2025-12-09 21:04:25,Duong Nguyen Hue,Quan 1,10.774028664434528,106.70357076461706,16,27,1.0
2025-12-09 21:04:26,Nguyen Van Linh,Quan 7,10.752616652291238,106.72509685338922,39,39,1.0
2025-12-09 21:04:26,Vo Van Kiet,Quan 5,10.745754766198267,106.65326266831877,42,42,1.0
2025-12-09 21:04:27,Xa lo Ha Noi,QL1A,10.94927106740351,106.87196348224562,30,42,1.0
2025-12-09 21:04:28,Duong Dien Bien Phu,Quan 1,10.78866360854368,106.69551372228901,34,41,1.0
2025-12-09 21:04:40,Nga tu Hang Xanh,Binh Thanh,10.801406421807085,106.71148440879679,34,41,1.0
2025-12-09 21:04:41,Nga tu An Suong,Hoc Mon,10.843150534972033,106.6151343241409,26,34,1.0
2025-12-09 21:04:42,Ben xe Mien Dong,Quan 9,10.880537767027526,106.81481342866444,43,54,1.0
2025-12-09 21:04:43,Ben xe Mien Tay,Binh Tan,10.740840166521663,106.61899246873142,34,34,1.0
2025-12-09 21:04:44,Cau Sai Gon,Quan 2 ,10.798986343749618,106.72697056646841,45,45,1.0
2025-12-09 21:04:45,Cau Phu My,Q2,10.741860769464234,106.73790365482627,36,43,1.0
2025-12-09 21:04:52,Cau Kenh Te,Q4,10.752408891679814,106.7022703818112,24,33,1.0
2025-12-09 21:04:53,Cau Thu Thiem,Quan 2,10.786216596454727,106.71836665482695,40,40,1.0
2025-12-09 21:04:54,Nguyen Huu Canh,Binh Thanh,10.78948793356203,106.71518838181179,28,35,1.0
2025-12-09 21:04:55,Cong Hoa,Tan Binh,10.80223925742187,106.6478722259914,30,41,1.0
2025-12-09 21:04:56,Truong Son / Tan Son Nhat Blvd,Gan san bay,10.813928881466124,106.66511432455972,25,33,0.997915
2025-12-09 21:04:57,Nguyen Trai,Quan 5,10.755608615763382,106.67347943578082,19,27,0.998951
2025-12-09 21:05:04,Le Duan,Quan 1,10.782680856341083,106.70051548181169,18,30,1.0
2025-12-09 21:05:05,Tran Hung Dao ,Quan 5,10.754895139302109,106.67839188181134,23,32,1.0
2025-12-09 21:05:06,Tran Quoc Thao,Quan 3,10.785070445194592,106.68331340921323,18,27,1.0
2025-12-09 21:05:07,Tran Hung Dao,Quan 5,10.7549373008113,106.67848844133415,23,32,1.0
2025-12-09 21:05:08,Cach Mang Thang 8 (CMT8),Quan 3,10.77898143649726,106.67684447140958,27,34,1.0
2025-12-09 21:05:09,Pham Ngu Lao / Bui Vien,Quan 1,10.767112828386699,106.6927618222887,8,19,1.0
2025-12-09 21:05:16,Nguyen Thi Minh Khai,Quan 3,10.77847212665258,106.69389510879643,32,41,1.0
2025-12-09 21:05:17,Nguyen Van Troi,Phu Nhuan,10.796057790235078,106.67492629345334,25,33,0.997915
2025-12-09 21:05:18,Pham Van Dong,Go Vap,10.835298215641501,106.72935479345391,36,42,0.99687
2025-12-09 21:05:19,Cong truong lam son,Quan 1,10.777562007197462,106.7041335430398,18,30,1.0
2025-12-09 21:05:20,Nguyen Oanh ,Go Vap,10.83886351241477,106.67566625482782,28,36,1.0
2025-12-09 21:05:21,Le Hong Phong,Quan 10,10.765187049751795,106.67550552599073,27,36,1.0
2025-12-09 21:05:28,Nguyen Van Cu,Quan 5,10.759484371982321,106.6840537511244,19,28,1.0
2025-12-09 21:05:40,Nga tu Binh Phuoc,Ngoai o,10.865229381280965,106.72366973948475,40,49,1.0
2025-12-09 21:05:41,Phu My Hung ,Quan 7,10.72279213640514,106.72808623948244,27,37,0.997445
2025-12-09 21:05:42,Nguyen Thai Son,Phu Nhuan,10.823400120373712,106.68551227436063,32,32,1.0
2025-12-09 21:05:43,An Duong Vuong,Quan 8,10.756158554057757,106.66631758181126,24,29,1.0
2025-12-09 21:05:44,Huynh Tan Phat,Nha Be,10.7144382088356,106.73711688366167,27,35,1.0
2025-12-09 21:05:45,Truong Chinh,Tan Binh ,10.817236653231737,106.63191539530457,27,35,1.0
2025-12-09 21:07:57,Cho Ben Thanh,Quan 1,10.772727584493625,106.69804225297563,12,23,0.968292
2025-12-09 21:07:58,Duong Nguyen Hue,Quan 1,10.774028664434528,106.70357076461706,16,27,1.0
2025-12-09 21:07:59,Nguyen Van Linh,Quan 7,10.752616652291238,106.72509685338922,39,39,1.0
2025-12-09 21:08:00,Vo Van Kiet,Quan 5,10.745754766198267,106.65326266831877,42,42,1.0
2025-12-09 21:08:01,Xa lo Ha Noi,QL1A,10.94927106740351,106.87196348224562,30,42,1.0
2025-12-09 21:08:02,Duong Dien Bien Phu,Quan 1,10.78866360854368,106.69551372228901,34,42,1.0
2025-12-09 21:08:14,Nga tu Hang Xanh,Binh Thanh,10.801406421807085,106.71148440879679,34,42,1.0
2025-12-09 21:08:26,Nga tu An Suong,Hoc Mon,10.843150534972033,106.6151343241409,27,34,1.0
2025-12-09 21:08:27,Ben xe Mien Dong,Quan 9,10.880537767027526,106.81481342866444,43,53,1.0
2025-12-09 21:08:39,Ben xe Mien Tay,Binh Tan,10.740840166521663,106.61899246873142,34,34,1.0
2025-12-09 21:08:50,Cau Sai Gon,Quan 2 ,10.798986343749618,106.72697056646841,45,45,1.0
2025-12-09 21:08:51,Cau Phu My,Q2,10.741860769464234,106.73790365482627,44,44,1.0
2025-12-09 21:08:52,Cau Kenh Te,Q4,10.752408891679814,106.7022703818112,27,34,1.0
2025-12-09 21:08:53,Cau Thu Thiem,Quan 2,10.786216596454727,106.71836665482695,40,40,1.0
2025-12-09 21:08:54,Nguyen Huu Canh,Binh Thanh,10.78948793356203,106.71518838181179,36,36,1.0
2025-12-09 21:08:55,Cong Hoa,Tan Binh,10.80223925742187,106.6478722259914,32,41,1.0
2025-12-09 21:09:07,Truong Son / Tan Son Nhat Blvd,Gan san bay,10.813928881466124,106.66511432455972,25,33,0.998531
2025-12-09 21:09:19,Nguyen Trai,Quan 5,10.755608615763382,106.67347943578082,19,27,0.998951
2025-12-09 21:09:20,Le Duan,Quan 1,10.782680856341083,106.70051548181169,19,30,1.0
2025-12-09 21:09:21,Tran Hung Dao ,Quan 5,10.754895139302109,106.67839188181134,23,33,1.0
2025-12-09 21:09:22,Tran Quoc Thao,Quan 3,10.785070445194592,106.68331340921323,18,27,1.0
2025-12-09 21:09:23,Tran Hung Dao,Quan 5,10.7549373008113,106.67848844133415,23,33,1.0
2025-12-09 21:09:24,Cach Mang Thang 8 (CMT8),Quan 3,10.77898143649726,106.67684447140958,26,34,1.0
2025-12-09 21:09:32,Pham Ngu Lao / Bui Vien,Quan 1,10.767112828386699,106.6927618222887,12,20,1.0
2025-12-09 21:09:33,Nguyen Thi Minh Khai,Quan 3,10.77847212665258,106.69389510879643,32,41,1.0
2025-12-09 21:09:34,Nguyen Van Troi,Phu Nhuan,10.796057790235078,106.67492629345334,24,34,0.997651
2025-12-09 21:09:35,Pham Van Dong,Go Vap,10.835298215641501,106.72935479345391,37,42,0.996147
2025-12-09 21:09:36,Cong truong lam son,Quan 1,10.777562007197462,106.7041335430398,19,30,1.0
2025-12-09 21:09:37,Nguyen Oanh ,Go Vap,10.83886351241477,106.67566625482782,26,36,1.0
2025-12-09 21:09:38,Le Hong Phong,Quan 10,10.765187049751795,106.67550552599073,25,36,1.0
2025-12-09 21:09:39,Nguyen Van Cu,Quan 5,10.759484371982321,106.6840537511244,19,28,0.998947
2025-12-09 21:09:40,Nga tu Binh Phuoc,Ngoai o,10.865229381280965,106.72366973948475,39,49,1.0
2025-12-09 21:09:44,Phu My Hung ,Quan 7,10.72279213640514,106.72808623948244,26,36,0.997703
2025-12-09 21:09:45,Nguyen Thai Son,Phu Nhuan,10.823400120373712,106.68551227436063,24,32,1.0
2025-12-09 21:09:46,An Duong Vuong,Quan 8,10.756158554057757,106.66631758181126,29,29,1.0
2025-12-09 21:09:47,Huynh Tan Phat,Nha Be,10.7144382088356,106.73711688366167,26,35,1.0
2025-12-09 21:09:48,Truong Chinh,Tan Binh ,10.817236653231737,106.63191539530457,27,35,1.0
2025-12-09 21:12:00,Cho Ben Thanh,Quan 1,10.772727584493625,106.69804225297563,13,23,0.968292
2025-12-09 21:12:01,Duong Nguyen Hue,Quan 1,10.774028664434528,106.70357076461706,14,27,1.0
2025-12-09 21:12:02,Nguyen Van Linh,Quan 7,10.752616652291238,106.72509685338922,39,39,1.0
2025-12-09 21:12:03,Vo Van Kiet,Quan 5,10.745754766198267,106.65326266831877,42,42,1.0
2025-12-09 21:12:04,Xa lo Ha Noi,QL1A,10.94927106740351,106.87196348224562,33,41,1.0
2025-12-09 21:12:05,Duong Dien Bien Phu,Quan 1,10.78866360854368,106.69551372228901,33,42,1.0
2025-12-09 21:12:16,Nga tu Hang Xanh,Binh Thanh,10.801406421807085,106.71148440879679,33,42,1.0
2025-12-09 21:12:29,Nga tu An Suong,Hoc Mon,10.843150534972033,106.6151343241409,25,35,1.0
2025-12-09 21:12:29,Ben xe Mien Dong,Quan 9,10.880537767027526,106.81481342866444,45,53,1.0
2025-12-09 21:12:30,Ben xe Mien Tay,Binh Tan,10.740840166521663,106.61899246873142,34,34,1.0
2025-12-09 21:12:31,Cau Sai Gon,Quan 2 ,10.798986343749618,106.72697056646841,45,45,1.0
2025-12-09 21:12:32,Cau Phu My,Q2,10.741860769464234,106.73790365482627,36,44,1.0
2025-12-09 21:12:33,Cau Kenh Te,Q4,10.752408891679814,106.7022703818112,25,33,1.0
2025-12-09 21:12:34,Cau Thu Thiem,Quan 2,10.786216596454727,106.71836665482695,40,40,1.0
2025-12-09 21:12:35,Nguyen Huu Canh,Binh Thanh,10.78948793356203,106.71518838181179,36,36,1.0
2025-12-09 21:12:36,Cong Hoa,Tan Binh,10.80223925742187,106.6478722259914,32,41,1.0
2025-12-09 21:12:37,Truong Son / Tan Son Nhat Blvd,Gan san bay,10.813928881466124,106.66511432455972,25,34,0.997651
2025-12-09 21:12:38,Nguyen Trai,Quan 5,10.755608615763382,106.67347943578082,16,27,1.0
2025-12-09 21:12:45,Le Duan,Quan 1,10.782680856341083,106.70051548181169,19,30,1.0
2025-12-09 21:12:46,Tran Hung Dao ,Quan 5,10.754895139302109,106.67839188181134,23,32,1.0
2025-12-09 21:12:47,Tran Quoc Thao,Quan 3,10.785070445194592,106.68331340921323,20,28,1.0
2025-12-09 21:12:48,Tran Hung Dao,Quan 5,10.7549373008113,106.67848844133415,23,32,1.0
2025-12-09 21:12:49,Cach Mang Thang 8 (CMT8),Quan 3,10.77898143649726,106.67684447140958,26,34,1.0
2025-12-09 21:12:50,Pham Ngu Lao / Bui Vien,Quan 1,10.767112828386699,106.6927618222887,11,20,1.0
2025-12-09 21:13:01,Nguyen Thi Minh Khai,Quan 3,10.77847212665258,106.69389510879643,32,41,1.0
2025-12-09 21:13:13,Nguyen Van Troi,Phu Nhuan,10.796057790235078,106.67492629345334,24,34,0.997734
2025-12-09 21:13:14,Pham Van Dong,Go Vap,10.835298215641501,106.72935479345391,42,42,1.0
2025-12-09 21:13:15,Cong truong lam son,Quan 1,10.777562007197462,106.7041335430398,19,30,1.0
2025-12-09 21:13:15,Nguyen Oanh ,Go Vap,10.83886351241477,106.67566625482782,28,36,1.0
2025-12-09 21:13:16,Le Hong Phong,Quan 10,10.765187049751795,106.67550552599073,24,35,1.0
2025-12-09 21:13:17,Nguyen Van Cu,Quan 5,10.759484371982321,106.6840537511244,16,27,1.0
2025-12-09 21:13:18,Nga tu Binh Phuoc,Ngoai o,10.865229381280965,106.72366973948475,39,48,1.0
2025-12-09 21:13:30,Phu My Hung ,Quan 7,10.72279213640514,106.72808623948244,27,37,0.997703
2025-12-09 21:13:42,Nguyen Thai Son,Phu Nhuan,10.823400120373712,106.68551227436063,22,31,1.0
2025-12-09 21:13:43,An Duong Vuong,Quan 8,10.756158554057757,106.66631758181126,29,29,1.0
2025-12-09 21:13:44,Huynh Tan Phat,Nha Be,10.7144382088356,106.73711688366167,26,35,1.0
2025-12-09 21:13:45,Truong Chinh,Tan Binh ,10.817236653231737,106.63191539530457,26,35,1.0
2025-12-09 21:15:57,Cho Ben Thanh,Quan 1,10.772727584493625,106.69804225297563,12,23,0.968292
2025-12-09 21:15:58,Duong Nguyen Hue,Quan 1,10.774028664434528,106.70357076461706,17,28,1.0
2025-12-09 21:15:59,Nguyen Van Linh,Quan 7,10.752616652291238,106.72509685338922,39,39,1.0
2025-12-09 21:16:00,Vo Van Kiet,Quan 5,10.745754766198267,106.65326266831877,42,42,1.0
2025-12-09 21:16:01,Xa lo Ha Noi,QL1A,10.94927106740351,106.87196348224562,33,41,1.0
2025-12-09 21:16:02,Duong Dien Bien Phu,Quan 1,10.78866360854368,106.69551372228901,34,42,1.0
2025-12-09 21:16:14,Nga tu Hang Xanh,Binh Thanh,10.801406421807085,106.71148440879679,34,42,1.0
2025-12-09 21:16:15,Nga tu An Suong,Hoc Mon,10.843150534972033,106.6151343241409,26,35,1.0
2025-12-09 21:16:16,Ben xe Mien Dong,Quan 9,10.880537767027526,106.81481342866444,44,53,1.0
2025-12-09 21:16:17,Ben xe Mien Tay,Binh Tan,10.740840166521663,106.61899246873142,34,34,1.0
2025-12-09 21:16:18,Cau Sai Gon,Quan 2 ,10.798986343749618,106.72697056646841,45,45,1.0
2025-12-09 21:16:19,Cau Phu My,Q2,10.741860769464234,106.73790365482627,35,44,1.0
2025-12-09 21:16:20,Cau Kenh Te,Q4,10.752408891679814,106.7022703818112,24,32,1.0
2025-12-09 21:16:20,Cau Thu Thiem,Quan 2,10.786216596454727,106.71836665482695,40,40,1.0
2025-12-09 21:16:21,Nguyen Huu Canh,Binh Thanh,10.78948793356203,106.71518838181179,28,35,1.0
2025-12-09 21:16:22,Cong Hoa,Tan Binh,10.80223925742187,106.6478722259914,31,39,1.0
2025-12-09 21:16:23,Truong Son / Tan Son Nhat Blvd,Gan san bay,10.813928881466124,106.66511432455972,26,33,0.998955
2025-12-09 21:16:24,Nguyen Trai,Quan 5,10.755608615763382,106.67347943578082,18,27,1.0
2025-12-09 21:16:25,Le Duan,Quan 1,10.782680856341083,106.70051548181169,19,30,1.0
2025-12-09 21:16:36,Tran Hung Dao ,Quan 5,10.754895139302109,106.67839188181134,23,32,1.0
2025-12-09 21:16:48,Tran Quoc Thao,Quan 3,10.785070445194592,106.68331340921323,20,26,1.0
2025-12-09 21:16:49,Tran Hung Dao,Quan 5,10.7549373008113,106.67848844133415,23,32,1.0
2025-12-09 21:16:50,Cach Mang Thang 8 (CMT8),Quan 3,10.77898143649726,106.67684447140958,27,34,1.0
2025-12-09 21:16:51,Pham Ngu Lao / Bui Vien,Quan 1,10.767112828386699,106.6927618222887,15,20,1.0
2025-12-09 21:16:52,Nguyen Thi Minh Khai,Quan 3,10.77847212665258,106.69389510879643,33,41,1.0
2025-12-09 21:16:53,Nguyen Van Troi,Phu Nhuan,10.796057790235078,106.67492629345334,25,33,0.998981
2025-12-09 21:16:54,Pham Van Dong,Go Vap,10.835298215641501,106.72935479345391,42,42,1.0
2025-12-09 21:16:54,Cong truong lam son,Quan 1,10.777562007197462,106.7041335430398,19,30,1.0
2025-12-09 21:17:07,Nguyen Oanh ,Go Vap,10.83886351241477,106.67566625482782,27,36,1.0
2025-12-09 21:17:18,Le Hong Phong,Quan 10,10.765187049751795,106.67550552599073,22,36,1.0
2025-12-09 21:17:19,Nguyen Van Cu,Quan 5,10.759484371982321,106.6840537511244,18,27,1.0
2025-12-09 21:17:20,Nga tu Binh Phuoc,Ngoai o,10.865229381280965,106.72366973948475,40,49,1.0
2025-12-09 21:17:21,Phu My Hung ,Quan 7,10.72279213640514,106.72808623948244,25,37,0.996548
2025-12-09 21:17:22,Nguyen Thai Son,Phu Nhuan,10.823400120373712,106.68551227436063,22,31,1.0
2025-12-09 21:17:34,An Duong Vuong,Quan 8,10.756158554057757,106.66631758181126,29,29,1.0
2025-12-09 21:17:46,Huynh Tan Phat,Nha Be,10.7144382088356,106.73711688366167,27,35,1.0
2025-12-09 21:17:47,Truong Chinh,Tan Binh ,10.817236653231737,106.63191539530457,26,35,1.0
2025-12-09 21:19:59,Cho Ben Thanh,Quan 1,10.772727584493625,106.69804225297563,12,22,0.968292
2025-12-09 21:20:00,Duong Nguyen Hue,Quan 1,10.774028664434528,106.70357076461706,12,27,1.0
2025-12-09 21:20:01,Nguyen Van Linh,Quan 7,10.752616652291238,106.72509685338922,36,42,1.0
2025-12-09 21:20:02,Vo Van Kiet,Quan 5,10.745754766198267,106.65326266831877,42,42,1.0
2025-12-09 21:20:03,Xa lo Ha Noi,QL1A,10.94927106740351,106.87196348224562,42,42,1.0
2025-12-09 21:20:04,Duong Dien Bien Phu,Quan 1,10.78866360854368,106.69551372228901,33,41,1.0
2025-12-09 21:20:16,Nga tu Hang Xanh,Binh Thanh,10.801406421807085,106.71148440879679,34,42,1.0
2025-12-09 21:20:28,Nga tu An Suong,Hoc Mon,10.843150534972033,106.6151343241409,27,35,1.0
2025-12-09 21:20:40,Ben xe Mien Dong,Quan 9,10.880537767027526,106.81481342866444,44,53,1.0
2025-12-09 21:20:40,Ben xe Mien Tay,Binh Tan,10.740840166521663,106.61899246873142,34,34,1.0
2025-12-09 21:20:41,Cau Sai Gon,Quan 2 ,10.798986343749618,106.72697056646841,45,45,1.0
2025-12-09 21:20:42,Cau Phu My,Q2,10.741860769464234,106.73790365482627,36,44,1.0
2025-12-09 21:20:43,Cau Kenh Te,Q4,10.752408891679814,106.7022703818112,33,33,1.0
2025-12-09 21:20:55,Cau Thu Thiem,Quan 2,10.786216596454727,106.71836665482695,40,40,1.0
2025-12-09 21:21:07,Nguyen Huu Canh,Binh Thanh,10.78948793356203,106.71518838181179,36,36,1.0
2025-12-09 21:21:19,Cong Hoa,Tan Binh,10.80223925742187,106.6478722259914,29,41,1.0
2025-12-09 21:21:20,Truong Son / Tan Son Nhat Blvd,Gan san bay,10.813928881466124,106.66511432455972,25,33,0.999242
2025-12-09 21:21:21,Nguyen Trai,Quan 5,10.755608615763382,106.67347943578082,19,27,1.0
2025-12-09 21:21:22,Le Duan,Quan 1,10.782680856341083,106.70051548181169,18,30,1.0
2025-12-09 21:21:23,Tran Hung Dao ,Quan 5,10.754895139302109,106.67839188181134,23,32,1.0
2025-12-09 21:21:24,Tran Quoc Thao,Quan 3,10.785070445194592,106.68331340921323,18,27,1.0
2025-12-09 21:21:31,Tran Hung Dao,Quan 5,10.7549373008113,106.67848844133415,23,32,1.0
2025-12-09 21:21:32,Cach Mang Thang 8 (CMT8),Quan 3,10.77898143649726,106.67684447140958,27,34,1.0
2025-12-09 21:21:33,Pham Ngu Lao / Bui Vien,Quan 1,10.767112828386699,106.6927618222887,11,20,1.0
2025-12-09 21:21:34,Nguyen Thi Minh Khai,Quan 3,10.77847212665258,106.69389510879643,32,41,1.0
2025-12-09 21:21:35,Nguyen Van Troi,Phu Nhuan,10.796057790235078,106.67492629345334,24,33,0.998979
2025-12-09 21:21:36,Pham Van Dong,Go Vap,10.835298215641501,106.72935479345391,42,42,1.0
2025-12-09 21:21:43,Cong truong lam son,Quan 1,10.777562007197462,106.7041335430398,17,30,1.0
2025-12-09 21:21:44,Nguyen Oanh ,Go Vap,10.83886351241477,106.67566625482782,27,36,1.0
2025-12-09 21:21:45,Le Hong Phong,Quan 10,10.765187049751795,106.67550552599073,36,36,1.0
2025-12-09 21:21:46,Nguyen Van Cu,Quan 5,10.759484371982321,106.6840537511244,19,27,1.0
2025-12-09 21:21:47,Nga tu Binh Phuoc,Ngoai o,10.865229381280965,106.72366973948475,39,48,1.0
2025-12-09 21:21:48,Phu My Hung ,Quan 7,10.72279213640514,106.72808623948244,26,37,0.997315
2025-12-09 21:21:49,Nguyen Thai Son,Phu Nhuan,10.823400120373712,106.68551227436063,23,31,1.0
2025-12-09 21:21:50,An Duong Vuong,Quan 8,10.756158554057757,106.66631758181126,29,29,1.0
2025-12-09 21:21:51,Huynh Tan Phat,Nha Be,10.7144382088356,106.73711688366167,27,35,1.0
2025-12-09 21:21:52,Truong Chinh,Tan Binh ,10.817236653231737,106.63191539530457,26,34,1.0
2025-12-09 21:23:53,Cho Ben Thanh,Quan 1,10.772727584493625,106.69804225297563,10,23,1.0
2025-12-09 21:23:54,Duong Nguyen Hue,Quan 1,10.774028664434528,106.70357076461706,12,26,1.0
2025-12-09 21:23:55,Nguyen Van Linh,Quan 7,10.752616652291238,106.72509685338922,34,42,1.0
2025-12-09 21:23:56,Vo Van Kiet,Quan 5,10.745754766198267,106.65326266831877,42,42,1.0
2025-12-09 21:23:57,Xa lo Ha Noi,QL1A,10.94927106740351,106.87196348224562,31,42,1.0
2025-12-09 21:24:09,Duong Dien Bien Phu,Quan 1,10.78866360854368,106.69551372228901,34,42,1.0
2025-12-09 21:24:21,Nga tu Hang Xanh,Binh Thanh,10.801406421807085,106.71148440879679,34,42,1.0
2025-12-09 21:24:22,Nga tu An Suong,Hoc Mon,10.843150534972033,106.6151343241409,26,35,1.0
2025-12-09 21:24:23,Ben xe Mien Dong,Quan 9,10.880537767027526,106.81481342866444,43,53,1.0
2025-12-09 21:24:24,Ben xe Mien Tay,Binh Tan,10.740840166521663,106.61899246873142,34,34,1.0
2025-12-09 21:24:24,Cau Sai Gon,Quan 2 ,10.798986343749618,106.72697056646841,45,45,1.0
2025-12-09 21:24:25,Cau Phu My,Q2,10.741860769464234,106.73790365482627,44,44,1.0
2025-12-09 21:24:26,Cau Kenh Te,Q4,10.752408891679814,106.7022703818112,23,33,1.0
2025-12-09 21:24:27,Cau Thu Thiem,Quan 2,10.786216596454727,106.71836665482695,40,40,1.0
2025-12-09 21:24:37,Nguyen Huu Canh,Binh Thanh,10.78948793356203,106.71518838181179,36,36,1.0
2025-12-09 21:24:49,Cong Hoa,Tan Binh,10.80223925742187,106.6478722259914,29,40,1.0
2025-12-09 21:24:50,Truong Son / Tan Son Nhat Blvd,Gan san bay,10.813928881466124,106.66511432455972,24,33,0.998667
2025-12-09 21:25:12,Nguyen Trai,Quan 5,10.755608615763382,106.67347943578082,18,28,1.0
2025-12-09 21:25:13,Le Duan,Quan 1,10.782680856341083,106.70051548181169,17,30,1.0
2025-12-09 21:25:14,Tran Hung Dao ,Quan 5,10.754895139302109,106.67839188181134,22,32,1.0
2025-12-09 21:25:15,Tran Quoc Thao,Quan 3,10.785070445194592,106.68331340921323,17,27,1.0
2025-12-09 21:25:16,Tran Hung Dao,Quan 5,10.7549373008113,106.67848844133415,22,32,1.0
2025-12-09 21:25:28,Cach Mang Thang 8 (CMT8),Quan 3,10.77898143649726,106.67684447140958,25,34,1.0
2025-12-09 21:25:40,Pham Ngu Lao / Bui Vien,Quan 1,10.767112828386699,106.6927618222887,11,20,1.0
2025-12-09 21:25:52,Nguyen Thi Minh Khai,Quan 3,10.77847212665258,106.69389510879643,32,41,1.0
2025-12-09 21:25:53,Nguyen Van Troi,Phu Nhuan,10.796057790235078,106.67492629345334,24,34,0.99791
2025-12-09 21:25:54,Pham Van Dong,Go Vap,10.835298215641501,106.72935479345391,42,42,1.0
2025-12-09 21:25:55,Cong truong lam son,Quan 1,10.777562007197462,106.7041335430398,17,30,1.0
2025-12-09 21:25:56,Nguyen Oanh ,Go Vap,10.83886351241477,106.67566625482782,26,35,1.0
2025-12-09 21:25:57,Le Hong Phong,Quan 10,10.765187049751795,106.67550552599073,19,35,1.0
2025-12-09 21:26:04,Nguyen Van Cu,Quan 5,10.759484371982321,106.6840537511244,17,27,0.998951
2025-12-09 21:26:05,Nga tu Binh Phuoc,Ngoai o,10.865229381280965,106.72366973948475,39,48,1.0
2025-12-09 21:26:06,Phu My Hung ,Quan 7,10.72279213640514,106.72808623948244,27,36,0.9981
2025-12-09 21:26:07,Nguyen Thai Son,Phu Nhuan,10.823400120373712,106.68551227436063,24,31,1.0
2025-12-09 21:26:08,An Duong Vuong,Quan 8,10.756158554057757,106.66631758181126,29,29,1.0
2025-12-09 21:26:09,Huynh Tan Phat,Nha Be,10.7144382088356,106.73711688366167,27,34,1.0
2025-12-09 21:26:10,Truong Chinh,Tan Binh ,10.817236653231737,106.63191539530457,27,34,1.0
2025-12-09 21:28:22,Cho Ben Thanh,Quan 1,10.772727584493625,106.69804225297563,12,23,1.0
2025-12-09 21:28:23,Duong Nguyen Hue,Quan 1,10.774028664434528,106.70357076461706,14,29,1.0
2025-12-09 21:28:24,Nguyen Van Linh,Quan 7,10.752616652291238,106.72509685338922,34,39,1.0
2025-12-09 21:28:25,Vo Van Kiet,Quan 5,10.745754766198267,106.65326266831877,42,42,1.0
2025-12-09 21:28:26,Xa lo Ha Noi,QL1A,10.94927106740351,106.87196348224562,32,42,1.0
2025-12-09 21:28:27,Duong Dien Bien Phu,Quan 1,10.78866360854368,106.69551372228901,34,42,1.0
2025-12-09 21:28:39,Nga tu Hang Xanh,Binh Thanh,10.801406421807085,106.71148440879679,34,42,1.0
2025-12-09 21:28:50,Nga tu An Suong,Hoc Mon,10.843150534972033,106.6151343241409,27,35,1.0
2025-12-09 21:28:51,Ben xe Mien Dong,Quan 9,10.880537767027526,106.81481342866444,43,53,1.0
2025-12-09 21:29:03,Ben xe Mien Tay,Binh Tan,10.740840166521663,106.61899246873142,34,34,1.0
2025-12-09 21:29:04,Cau Sai Gon,Quan 2 ,10.798986343749618,106.72697056646841,45,45,1.0
2025-12-09 21:29:05,Cau Phu My,Q2,10.741860769464234,106.73790365482627,44,44,1.0
2025-12-09 21:29:17,Cau Kenh Te,Q4,10.752408891679814,106.7022703818112,33,33,1.0
2025-12-09 21:29:29,Cau Thu Thiem,Quan 2,10.786216596454727,106.71836665482695,40,40,1.0
2025-12-09 21:29:30,Nguyen Huu Canh,Binh Thanh,10.78948793356203,106.71518838181179,36,36,1.0
2025-12-09 21:29:31,Cong Hoa,Tan Binh,10.80223925742187,106.6478722259914,31,40,1.0
2025-12-09 21:29:32,Truong Son / Tan Son Nhat Blvd,Gan san bay,10.813928881466124,106.66511432455972,25,33,0.997929
2025-12-09 21:29:44,Nguyen Trai,Quan 5,10.755608615763382,106.67347943578082,17,27,1.0
2025-12-09 21:29:56,Le Duan,Quan 1,10.782680856341083,106.70051548181169,20,30,1.0
2025-12-09 21:29:57,Tran Hung Dao ,Quan 5,10.754895139302109,106.67839188181134,22,33,1.0
2025-12-09 21:29:58,Tran Quoc Thao,Quan 3,10.785070445194592,106.68331340921323,20,26,1.0
2025-12-09 21:29:59,Tran Hung Dao,Quan 5,10.7549373008113,106.67848844133415,22,33,1.0
2025-12-09 21:29:59,Cach Mang Thang 8 (CMT8),Quan 3,10.77898143649726,106.67684447140958,26,34,1.0
2025-12-09 21:30:00,Pham Ngu Lao / Bui Vien,Quan 1,10.767112828386699,106.6927618222887,9,19,1.0
2025-12-09 21:30:12,Nguyen Thi Minh Khai,Quan 3,10.77847212665258,106.69389510879643,31,41,1.0
2025-12-09 21:30:24,Nguyen Van Troi,Phu Nhuan,10.796057790235078,106.67492629345334,25,33,0.998192
2025-12-09 21:30:25,Pham Van Dong,Go Vap,10.835298215641501,106.72935479345391,35,42,0.996776
2025-12-09 21:30:26,Cong truong lam son,Quan 1,10.777562007197462,106.7041335430398,20,30,1.0
2025-12-09 21:30:27,Nguyen Oanh ,Go Vap,10.83886351241477,106.67566625482782,27,36,1.0
2025-12-09 21:30:28,Le Hong Phong,Quan 10,10.765187049751795,106.67550552599073,36,36,1.0
2025-12-09 21:30:29,Nguyen Van Cu,Quan 5,10.759484371982321,106.6840537511244,17,27,1.0
2025-12-09 21:30:36,Nga tu Binh Phuoc,Ngoai o,10.865229381280965,106.72366973948475,39,48,1.0
2025-12-09 21:30:48,Phu My Hung ,Quan 7,10.72279213640514,106.72808623948244,25,36,0.993948
2025-12-09 21:30:50,Nguyen Thai Son,Phu Nhuan,10.823400120373712,106.68551227436063,24,31,1.0
2025-12-09 21:30:50,An Duong Vuong,Quan 8,10.756158554057757,106.66631758181126,23,29,1.0
2025-12-09 21:30:51,Huynh Tan Phat,Nha Be,10.7144382088356,106.73711688366167,27,35,0.999726
2025-12-09 21:30:52,Truong Chinh,Tan Binh ,10.817236653231737,106.63191539530457,26,34,1.0
2025-12-09 21:32:53,Cho Ben Thanh,Quan 1,10.772727584493625,106.69804225297563,12,24,0.998765
2025-12-09 21:32:54,Duong Nguyen Hue,Quan 1,10.774028664434528,106.70357076461706,13,26,1.0
2025-12-09 21:33:06,Nguyen Van Linh,Quan 7,10.752616652291238,106.72509685338922,39,39,1.0
2025-12-09 21:33:18,Vo Van Kiet,Quan 5,10.745754766198267,106.65326266831877,42,42,1.0
2025-12-09 21:33:19,Xa lo Ha Noi,QL1A,10.94927106740351,106.87196348224562,34,41,1.0
2025-12-09 21:33:20,Duong Dien Bien Phu,Quan 1,10.78866360854368,106.69551372228901,35,42,1.0
2025-12-09 21:33:21,Nga tu Hang Xanh,Binh Thanh,10.801406421807085,106.71148440879679,35,42,1.0
2025-12-09 21:33:22,Nga tu An Suong,Hoc Mon,10.843150534972033,106.6151343241409,27,34,1.0
2025-12-09 21:33:23,Ben xe Mien Dong,Quan 9,10.880537767027526,106.81481342866444,43,53,1.0
2025-12-09 21:33:34,Ben xe Mien Tay,Binh Tan,10.740840166521663,106.61899246873142,34,34,1.0
2025-12-09 21:33:35,Cau Sai Gon,Quan 2 ,10.798986343749618,106.72697056646841,45,45,1.0
2025-12-09 21:33:36,Cau Phu My,Q2,10.741860769464234,106.73790365482627,34,43,1.0
2025-12-09 21:33:37,Cau Kenh Te,Q4,10.752408891679814,106.7022703818112,27,34,1.0
2025-12-09 21:33:38,Cau Thu Thiem,Quan 2,10.786216596454727,106.71836665482695,40,40,1.0
2025-12-09 21:33:39,Nguyen Huu Canh,Binh Thanh,10.78948793356203,106.71518838181179,36,36,1.0
2025-12-09 21:33:40,Cong Hoa,Tan Binh,10.80223925742187,106.6478722259914,31,39,1.0
2025-12-09 21:33:52,Truong Son / Tan Son Nhat Blvd,Gan san bay,10.813928881466124,106.66511432455972,25,33,0.998669
2025-12-09 21:33:53,Nguyen Trai,Quan 5,10.755608615763382,106.67347943578082,17,27,1.0
2025-12-09 21:33:54,Le Duan,Quan 1,10.782680856341083,106.70051548181169,20,30,1.0
2025-12-09 21:33:55,Tran Hung Dao ,Quan 5,10.754895139302109,106.67839188181134,23,32,1.0
2025-12-09 21:34:07,Tran Quoc Thao,Quan 3,10.785070445194592,106.68331340921323,18,28,1.0
2025-12-09 21:34:19,Tran Hung Dao,Quan 5,10.7549373008113,106.67848844133415,22,32,1.0
2025-12-09 21:34:20,Cach Mang Thang 8 (CMT8),Quan 3,10.77898143649726,106.67684447140958,25,34,1.0
2025-12-09 21:34:20,Pham Ngu Lao / Bui Vien,Quan 1,10.767112828386699,106.6927618222887,9,19,1.0
2025-12-09 21:34:21,Nguyen Thi Minh Khai,Quan 3,10.77847212665258,106.69389510879643,32,41,1.0
2025-12-09 21:34:22,Nguyen Van Troi,Phu Nhuan,10.796057790235078,106.67492629345334,25,34,0.998406
2025-12-09 21:34:23,Pham Van Dong,Go Vap,10.835298215641501,106.72935479345391,42,42,1.0
2025-12-09 21:34:24,Cong truong lam son,Quan 1,10.777562007197462,106.7041335430398,19,30,1.0
2025-12-09 21:34:25,Nguyen Oanh ,Go Vap,10.83886351241477,106.67566625482782,36,36,1.0
2025-12-09 21:34:26,Le Hong Phong,Quan 10,10.765187049751795,106.67550552599073,28,35,1.0
2025-12-09 21:34:38,Nguyen Van Cu,Quan 5,10.759484371982321,106.6840537511244,18,27,1.0
2025-12-09 21:34:50,Nga tu Binh Phuoc,Ngoai o,10.865229381280965,106.72366973948475,40,48,1.0
2025-12-09 21:34:51,Phu My Hung ,Quan 7,10.72279213640514,106.72808623948244,27,37,0.996876
2025-12-09 21:34:52,Nguyen Thai Son,Phu Nhuan,10.823400120373712,106.68551227436063,23,31,1.0
2025-12-09 21:34:52,An Duong Vuong,Quan 8,10.756158554057757,106.66631758181126,20,29,1.0
2025-12-09 21:34:54,Huynh Tan Phat,Nha Be,10.7144382088356,106.73711688366167,27,35,1.0
2025-12-09 21:34:54,Truong Chinh,Tan Binh ,10.817236653231737,106.63191539530457,29,35,1.0
2025-12-09 21:37:06,Cho Ben Thanh,Quan 1,10.772727584493625,106.69804225297563,11,23,1.0
2025-12-09 21:37:07,Duong Nguyen Hue,Quan 1,10.774028664434528,106.70357076461706,14,27,1.0
2025-12-09 21:37:08,Nguyen Van Linh,Quan 7,10.752616652291238,106.72509685338922,33,38,1.0
2025-12-09 21:37:09,Vo Van Kiet,Quan 5,10.745754766198267,106.65326266831877,42,42,1.0
2025-12-09 21:37:10,Xa lo Ha Noi,QL1A,10.94927106740351,106.87196348224562,35,42,1.0
2025-12-09 21:37:22,Duong Dien Bien Phu,Quan 1,10.78866360854368,106.69551372228901,32,42,1.0
2025-12-09 21:37:23,Nga tu Hang Xanh,Binh Thanh,10.801406421807085,106.71148440879679,32,42,1.0
2025-12-09 21:37:24,Nga tu An Suong,Hoc Mon,10.843150534972033,106.6151343241409,28,35,1.0
2025-12-09 21:37:36,Ben xe Mien Dong,Quan 9,10.880537767027526,106.81481342866444,42,53,1.0
2025-12-09 21:37:48,Ben xe Mien Tay,Binh Tan,10.740840166521663,106.61899246873142,34,34,1.0
2025-12-09 21:38:00,Cau Sai Gon,Quan 2 ,10.798986343749618,106.72697056646841,45,45,1.0
2025-12-09 21:38:01,Cau Phu My,Q2,10.741860769464234,106.73790365482627,36,44,1.0
2025-12-09 21:38:02,Cau Kenh Te,Q4,10.752408891679814,106.7022703818112,26,34,1.0
2025-12-09 21:38:03,Cau Thu Thiem,Quan 2,10.786216596454727,106.71836665482695,40,40,1.0
2025-12-09 21:38:04,Nguyen Huu Canh,Binh Thanh,10.78948793356203,106.71518838181179,36,36,1.0
2025-12-09 21:38:05,Cong Hoa,Tan Binh,10.80223925742187,106.6478722259914,30,41,1.0
2025-12-09 21:38:06,Truong Son / Tan Son Nhat Blvd,Gan san bay,10.813928881466124,106.66511432455972,25,34,0.997651
2025-12-09 21:38:07,Nguyen Trai,Quan 5,10.755608615763382,106.67347943578082,19,28,1.0
2025-12-09 21:38:08,Le Duan,Quan 1,10.782680856341083,106.70051548181169,19,30,1.0
2025-12-09 21:38:17,Tran Hung Dao ,Quan 5,10.754895139302109,106.67839188181134,25,33,1.0
2025-12-09 21:38:29,Tran Quoc Thao,Quan 3,10.785070445194592,106.68331340921323,20,27,1.0
2025-12-09 21:38:30,Tran Hung Dao,Quan 5,10.7549373008113,106.67848844133415,25,33,1.0
2025-12-09 21:38:31,Cach Mang Thang 8 (CMT8),Quan 3,10.77898143649726,106.67684447140958,27,34,1.0
2025-12-09 21:38:32,Pham Ngu Lao / Bui Vien,Quan 1,10.767112828386699,106.6927618222887,15,20,1.0
2025-12-09 21:38:33,Nguyen Thi Minh Khai,Quan 3,10.77847212665258,106.69389510879643,31,41,1.0
2025-12-09 21:38:34,Nguyen Van Troi,Phu Nhuan,10.796057790235078,106.67492629345334,25,34,0.997651
2025-12-09 21:38:46,Pham Van Dong,Go Vap,10.835298215641501,106.72935479345391,42,42,1.0
2025-12-09 21:38:58,Cong truong lam son,Quan 1,10.777562007197462,106.7041335430398,20,30,1.0
2025-12-09 21:39:10,Nguyen Oanh ,Go Vap,10.83886351241477,106.67566625482782,27,36,1.0
2025-12-09 21:39:11,Le Hong Phong,Quan 10,10.765187049751795,106.67550552599073,28,35,1.0
2025-12-09 21:39:12,Nguyen Van Cu,Quan 5,10.759484371982321,106.6840537511244,19,27,1.0
2025-12-09 21:39:13,Nga tu Binh Phuoc,Ngoai o,10.865229381280965,106.72366973948475,40,49,1.0
2025-12-09 21:39:14,Phu My Hung ,Quan 7,10.72279213640514,106.72808623948244,29,37,0.994487
2025-12-09 21:39:15,Nguyen Thai Son,Phu Nhuan,10.823400120373712,106.68551227436063,32,32,1.0
2025-12-09 21:39:15,An Duong Vuong,Quan 8,10.756158554057757,106.66631758181126,29,29,1.0
2025-12-09 21:39:16,Huynh Tan Phat,Nha Be,10.7144382088356,106.73711688366167,28,35,1.0
2025-12-09 21:39:17,Truong Chinh,Tan Binh ,10.817236653231737,106.63191539530457,26,34,1.0
2025-12-09 21:41:19,Cho Ben Thanh,Quan 1,10.772727584493625,106.69804225297563,12,23,1.0
2025-12-09 21:41:19,Duong Nguyen Hue,Quan 1,10.774028664434528,106.70357076461706,13,28,1.0
2025-12-09 21:41:20,Nguyen Van Linh,Quan 7,10.752616652291238,106.72509685338922,39,39,1.0
2025-12-09 21:41:21,Vo Van Kiet,Quan 5,10.745754766198267,106.65326266831877,42,42,1.0
2025-12-09 21:41:22,Xa lo Ha Noi,QL1A,10.94927106740351,106.87196348224562,42,42,1.0
2025-12-09 21:41:29,Duong Dien Bien Phu,Quan 1,10.78866360854368,106.69551372228901,33,42,1.0
2025-12-09 21:41:41,Nga tu Hang Xanh,Binh Thanh,10.801406421807085,106.71148440879679,33,42,1.0
2025-12-09 21:41:42,Nga tu An Suong,Hoc Mon,10.843150534972033,106.6151343241409,27,35,1.0
2025-12-09 21:41:43,Ben xe Mien Dong,Quan 9,10.880537767027526,106.81481342866444,40,53,1.0
2025-12-09 21:41:44,Ben xe Mien Tay,Binh Tan,10.740840166521663,106.61899246873142,34,34,1.0
2025-12-09 21:41:45,Cau Sai Gon,Quan 2 ,10.798986343749618,106.72697056646841,45,45,1.0
2025-12-09 21:41:46,Cau Phu My,Q2,10.741860769464234,106.73790365482627,36,43,1.0
2025-12-09 21:41:47,Cau Kenh Te,Q4,10.752408891679814,106.7022703818112,26,34,1.0
2025-12-09 21:41:48,Cau Thu Thiem,Quan 2,10.786216596454727,106.71836665482695,40,40,1.0
2025-12-09 21:42:00,Nguyen Huu Canh,Binh Thanh,10.78948793356203,106.71518838181179,36,36,1.0
2025-12-09 21:42:12,Cong Hoa,Tan Binh,10.80223925742187,106.6478722259914,33,41,1.0
2025-12-09 21:42:13,Truong Son / Tan Son Nhat Blvd,Gan san bay,10.813928881466124,106.66511432455972,27,34,0.9982
2025-12-09 21:42:14,Nguyen Trai,Quan 5,10.755608615763382,106.67347943578082,21,28,1.0
2025-12-09 21:42:15,Le Duan,Quan 1,10.782680856341083,106.70051548181169,21,30,1.0
2025-12-09 21:42:16,Tran Hung Dao ,Quan 5,10.754895139302109,106.67839188181134,25,32,1.0
2025-12-09 21:42:17,Tran Quoc Thao,Quan 3,10.785070445194592,106.68331340921323,22,27,1.0
2025-12-09 21:42:17,Tran Hung Dao,Quan 5,10.7549373008113,106.67848844133415,25,32,1.0
2025-12-09 21:42:29,Cach Mang Thang 8 (CMT8),Quan 3,10.77898143649726,106.67684447140958,25,34,1.0
2025-12-09 21:42:31,Pham Ngu Lao / Bui Vien,Quan 1,10.767112828386699,106.6927618222887,12,20,1.0
2025-12-09 21:42:32,Nguyen Thi Minh Khai,Quan 3,10.77847212665258,106.69389510879643,32,41,1.0
2025-12-09 21:42:32,Nguyen Van Troi,Phu Nhuan,10.796057790235078,106.67492629345334,27,34,0.9982
2025-12-09 21:42:33,Pham Van Dong,Go Vap,10.835298215641501,106.72935479345391,42,42,1.0
2025-12-09 21:42:34,Cong truong lam son,Quan 1,10.777562007197462,106.7041335430398,21,30,1.0
2025-12-09 21:42:41,Nguyen Oanh ,Go Vap,10.83886351241477,106.67566625482782,27,36,0.99741
2025-12-09 21:42:42,Le Hong Phong,Quan 10,10.765187049751795,106.67550552599073,27,36,1.0
2025-12-09 21:42:43,Nguyen Van Cu,Quan 5,10.759484371982321,106.6840537511244,19,28,1.0
2025-12-09 21:42:44,Nga tu Binh Phuoc,Ngoai o,10.865229381280965,106.72366973948475,40,48,1.0
2025-12-09 21:42:45,Phu My Hung ,Quan 7,10.72279213640514,106.72808623948244,28,37,0.99511
2025-12-09 21:42:46,Nguyen Thai Son,Phu Nhuan,10.823400120373712,106.68551227436063,32,32,1.0
2025-12-09 21:42:47,An Duong Vuong,Quan 8,10.756158554057757,106.66631758181126,29,29,1.0
2025-12-09 21:42:48,Huynh Tan Phat,Nha Be,10.7144382088356,106.73711688366167,28,35,1.0
2025-12-09 21:42:49,Truong Chinh,Tan Binh ,10.817236653231737,106.63191539530457,27,34,1.0
2025-12-09 21:45:01,Cho Ben Thanh,Quan 1,10.772727584493625,106.69804225297563,11,23,1.0
2025-12-09 21:45:02,Duong Nguyen Hue,Quan 1,10.774028664434528,106.70357076461706,11,27,1.0
2025-12-09 21:45:02,Nguyen Van Linh,Quan 7,10.752616652291238,106.72509685338922,39,39,1.0
2025-12-09 21:45:03,Vo Van Kiet,Quan 5,10.745754766198267,106.65326266831877,42,42,1.0
2025-12-09 21:45:04,Xa lo Ha Noi,QL1A,10.94927106740351,106.87196348224562,30,42,1.0
2025-12-09 21:45:16,Duong Dien Bien Phu,Quan 1,10.78866360854368,106.69551372228901,33,42,1.0
2025-12-09 21:45:17,Nga tu Hang Xanh,Binh Thanh,10.801406421807085,106.71148440879679,33,42,1.0
2025-12-09 21:45:18,Nga tu An Suong,Hoc Mon,10.843150534972033,106.6151343241409,28,35,1.0
2025-12-09 21:45:19,Ben xe Mien Dong,Quan 9,10.880537767027526,106.81481342866444,44,53,1.0
2025-12-09 21:45:20,Ben xe Mien Tay,Binh Tan,10.740840166521663,106.61899246873142,34,34,1.0
2025-12-09 21:45:21,Cau Sai Gon,Quan 2 ,10.798986343749618,106.72697056646841,45,45,1.0
2025-12-09 21:45:22,Cau Phu My,Q2,10.741860769464234,106.73790365482627,44,44,1.0
2025-12-09 21:45:23,Cau Kenh Te,Q4,10.752408891679814,106.7022703818112,26,34,1.0
2025-12-09 21:45:24,Cau Thu Thiem,Quan 2,10.786216596454727,106.71836665482695,34,39,1.0
2025-12-09 21:45:25,Nguyen Huu Canh,Binh Thanh,10.78948793356203,106.71518838181179,36,36,1.0
2025-12-09 21:45:26,Cong Hoa,Tan Binh,10.80223925742187,106.6478722259914,30,39,1.0
2025-12-09 21:45:27,Truong Son / Tan Son Nhat Blvd,Gan san bay,10.813928881466124,106.66511432455972,26,34,0.997651
2025-12-09 21:45:28,Nguyen Trai,Quan 5,10.755608615763382,106.67347943578082,19,27,0.998943
2025-12-09 21:45:29,Le Duan,Quan 1,10.782680856341083,106.70051548181169,20,30,1.0
2025-12-09 21:45:29,Tran Hung Dao ,Quan 5,10.754895139302109,106.67839188181134,24,32,1.0
2025-12-09 21:45:30,Tran Quoc Thao,Quan 3,10.785070445194592,106.68331340921323,22,27,1.0
2025-12-09 21:45:38,Tran Hung Dao,Quan 5,10.7549373008113,106.67848844133415,24,33,1.0
2025-12-09 21:45:39,Cach Mang Thang 8 (CMT8),Quan 3,10.77898143649726,106.67684447140958,25,34,1.0
2025-12-09 21:45:40,Pham Ngu Lao / Bui Vien,Quan 1,10.767112828386699,106.6927618222887,11,19,1.0
2025-12-09 21:45:41,Nguyen Thi Minh Khai,Quan 3,10.77847212665258,106.69389510879643,33,41,1.0
2025-12-09 21:45:42,Nguyen Van Troi,Phu Nhuan,10.796057790235078,106.67492629345334,27,34,0.997916
2025-12-09 21:45:42,Pham Van Dong,Go Vap,10.835298215641501,106.72935479345391,37,42,0.997063
2025-12-09 21:45:50,Cong truong lam son,Quan 1,10.777562007197462,106.7041335430398,19,30,1.0
2025-12-09 21:45:51,Nguyen Oanh ,Go Vap,10.83886351241477,106.67566625482782,36,36,1.0
2025-12-09 21:45:51,Le Hong Phong,Quan 10,10.765187049751795,106.67550552599073,36,36,1.0
2025-12-09 21:45:52,Nguyen Van Cu,Quan 5,10.759484371982321,106.6840537511244,20,27,0.998951
2025-12-09 21:45:53,Nga tu Binh Phuoc,Ngoai o,10.865229381280965,106.72366973948475,49,49,1.0
2025-12-09 21:45:54,Phu My Hung ,Quan 7,10.72279213640514,106.72808623948244,29,36,0.996296
2025-12-09 21:46:02,Nguyen Thai Son,Phu Nhuan,10.823400120373712,106.68551227436063,32,32,1.0
2025-12-09 21:46:14,An Duong Vuong,Quan 8,10.756158554057757,106.66631758181126,29,29,1.0
2025-12-09 21:46:15,Huynh Tan Phat,Nha Be,10.7144382088356,106.73711688366167,28,35,1.0
2025-12-09 21:46:15,Truong Chinh,Tan Binh ,10.817236653231737,106.63191539530457,27,34,1.0
2025-12-09 21:48:27,Cho Ben Thanh,Quan 1,10.772727584493625,106.69804225297563,11,23,1.0
2025-12-09 21:48:28,Duong Nguyen Hue,Quan 1,10.774028664434528,106.70357076461706,16,28,1.0
2025-12-09 21:48:29,Nguyen Van Linh,Quan 7,10.752616652291238,106.72509685338922,39,39,1.0
2025-12-09 21:48:30,Vo Van Kiet,Quan 5,10.745754766198267,106.65326266831877,42,42,1.0
2025-12-09 21:48:31,Xa lo Ha Noi,QL1A,10.94927106740351,106.87196348224562,28,41,1.0
2025-12-09 21:48:32,Duong Dien Bien Phu,Quan 1,10.78866360854368,106.69551372228901,32,41,1.0
2025-12-09 21:48:39,Nga tu Hang Xanh,Binh Thanh,10.801406421807085,106.71148440879679,33,42,1.0
2025-12-09 21:48:40,Nga tu An Suong,Hoc Mon,10.843150534972033,106.6151343241409,27,34,1.0
2025-12-09 21:48:41,Ben xe Mien Dong,Quan 9,10.880537767027526,106.81481342866444,44,53,1.0
2025-12-09 21:48:42,Ben xe Mien Tay,Binh Tan,10.740840166521663,106.61899246873142,34,34,1.0
2025-12-09 21:48:43,Cau Sai Gon,Quan 2 ,10.798986343749618,106.72697056646841,45,45,1.0
2025-12-09 21:48:44,Cau Phu My,Q2,10.741860769464234,106.73790365482627,44,44,1.0
2025-12-09 21:48:56,Cau Kenh Te,Q4,10.752408891679814,106.7022703818112,33,33,1.0
2025-12-09 21:49:08,Cau Thu Thiem,Quan 2,10.786216596454727,106.71836665482695,40,40,1.0
2025-12-09 21:49:09,Nguyen Huu Canh,Binh Thanh,10.78948793356203,106.71518838181179,36,36,1.0
2025-12-09 21:49:21,Cong Hoa,Tan Binh,10.80223925742187,106.6478722259914,41,41,1.0
2025-12-09 21:49:22,Truong Son / Tan Son Nhat Blvd,Gan san bay,10.813928881466124,106.66511432455972,33,33,1.0
2025-12-09 21:49:23,Nguyen Trai,Quan 5,10.755608615763382,106.67347943578082,19,27,1.0
2025-12-09 21:49:24,Le Duan,Quan 1,10.782680856341083,106.70051548181169,21,30,1.0
2025-12-09 21:49:25,Tran Hung Dao ,Quan 5,10.754895139302109,106.67839188181134,24,32,1.0
2025-12-09 21:49:26,Tran Quoc Thao,Quan 3,10.785070445194592,106.68331340921323,22,28,1.0
2025-12-09 21:49:38,Tran Hung Dao,Quan 5,10.7549373008113,106.67848844133415,24,32,1.0
2025-12-09 21:49:50,Cach Mang Thang 8 (CMT8),Quan 3,10.77898143649726,106.67684447140958,26,34,1.0
2025-12-09 21:50:02,Pham Ngu Lao / Bui Vien,Quan 1,10.767112828386699,106.6927618222887,10,19,1.0
2025-12-09 21:50:03,Nguyen Thi Minh Khai,Quan 3,10.77847212665258,106.69389510879643,33,41,1.0
2025-12-09 21:50:04,Nguyen Van Troi,Phu Nhuan,10.796057790235078,106.67492629345334,27,33,0.997915
2025-12-09 21:50:05,Pham Van Dong,Go Vap,10.835298215641501,106.72935479345391,42,42,1.0
2025-12-09 21:50:06,Cong truong lam son,Quan 1,10.777562007197462,106.7041335430398,22,30,1.0
2025-12-09 21:50:06,Nguyen Oanh ,Go Vap,10.83886351241477,106.67566625482782,29,36,1.0
2025-12-09 21:50:14,Le Hong Phong,Quan 10,10.765187049751795,106.67550552599073,36,36,1.0
2025-12-09 21:50:26,Nguyen Van Cu,Quan 5,10.759484371982321,106.6840537511244,19,28,1.0
2025-12-09 21:50:38,Nga tu Binh Phuoc,Ngoai o,10.865229381280965,106.72366973948475,40,49,1.0
2025-12-09 21:50:39,Phu My Hung ,Quan 7,10.72279213640514,106.72808623948244,28,37,0.997399
2025-12-09 21:50:39,Nguyen Thai Son,Phu Nhuan,10.823400120373712,106.68551227436063,32,32,1.0
2025-12-09 21:50:40,An Duong Vuong,Quan 8,10.756158554057757,106.66631758181126,29,29,1.0
2025-12-09 21:50:41,Huynh Tan Phat,Nha Be,10.7144382088356,106.73711688366167,28,35,1.0
2025-12-09 21:50:42,Truong Chinh,Tan Binh ,10.817236653231737,106.63191539530457,26,35,1.0
2025-12-09 21:52:54,Cho Ben Thanh,Quan 1,10.772727584493625,106.69804225297563,12,24,1.0
2025-12-09 21:52:55,Duong Nguyen Hue,Quan 1,10.774028664434528,106.70357076461706,15,28,1.0
2025-12-09 21:52:56,Nguyen Van Linh,Quan 7,10.752616652291238,106.72509685338922,39,39,1.0
2025-12-09 21:52:57,Vo Van Kiet,Quan 5,10.745754766198267,106.65326266831877,42,42,1.0
2025-12-09 21:52:58,Xa lo Ha Noi,QL1A,10.94927106740351,106.87196348224562,33,42,1.0
2025-12-09 21:52:59,Duong Dien Bien Phu,Quan 1,10.78866360854368,106.69551372228901,34,41,1.0
2025-12-09 21:53:11,Nga tu Hang Xanh,Binh Thanh,10.801406421807085,106.71148440879679,34,41,1.0
2025-12-09 21:53:12,Nga tu An Suong,Hoc Mon,10.843150534972033,106.6151343241409,26,35,1.0
2025-12-09 21:53:13,Ben xe Mien Dong,Quan 9,10.880537767027526,106.81481342866444,42,53,1.0
2025-12-09 21:53:14,Ben xe Mien Tay,Binh Tan,10.740840166521663,106.61899246873142,34,34,1.0
2025-12-09 21:53:14,Cau Sai Gon,Quan 2 ,10.798986343749618,106.72697056646841,45,45,1.0
2025-12-09 21:53:15,Cau Phu My,Q2,10.741860769464234,106.73790365482627,44,44,1.0
2025-12-09 21:53:16,Cau Kenh Te,Q4,10.752408891679814,106.7022703818112,28,34,1.0
2025-12-09 21:53:17,Cau Thu Thiem,Quan 2,10.786216596454727,106.71836665482695,33,39,1.0
2025-12-09 21:53:18,Nguyen Huu Canh,Binh Thanh,10.78948793356203,106.71518838181179,36,36,1.0
2025-12-09 21:53:19,Cong Hoa,Tan Binh,10.80223925742187,106.6478722259914,30,39,1.0
2025-12-09 21:53:20,Truong Son / Tan Son Nhat Blvd,Gan san bay,10.813928881466124,106.66511432455972,26,33,0.998955
2025-12-09 21:53:26,Nguyen Trai,Quan 5,10.755608615763382,106.67347943578082,19,28,0.998947
2025-12-09 21:53:38,Le Duan,Quan 1,10.782680856341083,106.70051548181169,20,30,1.0
2025-12-09 21:53:39,Tran Hung Dao ,Quan 5,10.754895139302109,106.67839188181134,23,32,1.0
2025-12-09 21:53:40,Tran Quoc Thao,Quan 3,10.785070445194592,106.68331340921323,21,27,1.0
2025-12-09 21:53:52,Tran Hung Dao,Quan 5,10.7549373008113,106.67848844133415,23,32,1.0
2025-12-09 21:53:53,Cach Mang Thang 8 (CMT8),Quan 3,10.77898143649726,106.67684447140958,27,34,1.0
2025-12-09 21:53:54,Pham Ngu Lao / Bui Vien,Quan 1,10.767112828386699,106.6927618222887,6,20,1.0
2025-12-09 21:53:55,Nguyen Thi Minh Khai,Quan 3,10.77847212665258,106.69389510879643,33,41,1.0
2025-12-09 21:53:56,Nguyen Van Troi,Phu Nhuan,10.796057790235078,106.67492629345334,25,33,0.998692
2025-12-09 21:54:08,Pham Van Dong,Go Vap,10.835298215641501,106.72935479345391,42,42,1.0
2025-12-09 21:54:20,Cong truong lam son,Quan 1,10.777562007197462,106.7041335430398,20,29,1.0
2025-12-09 21:54:21,Nguyen Oanh ,Go Vap,10.83886351241477,106.67566625482782,28,36,0.997417
2025-12-09 21:54:22,Le Hong Phong,Quan 10,10.765187049751795,106.67550552599073,36,36,1.0
2025-12-09 21:54:23,Nguyen Van Cu,Quan 5,10.759484371982321,106.6840537511244,20,27,1.0
2025-12-09 21:54:24,Nga tu Binh Phuoc,Ngoai o,10.865229381280965,106.72366973948475,40,49,1.0
2025-12-09 21:54:25,Phu My Hung ,Quan 7,10.72279213640514,106.72808623948244,28,37,0.996503
2025-12-09 21:54:32,Nguyen Thai Son,Phu Nhuan,10.823400120373712,106.68551227436063,32,32,1.0
2025-12-09 21:54:44,An Duong Vuong,Quan 8,10.756158554057757,106.66631758181126,29,29,1.0
2025-12-09 21:54:45,Huynh Tan Phat,Nha Be,10.7144382088356,106.73711688366167,27,34,1.0
2025-12-09 21:54:46,Truong Chinh,Tan Binh ,10.817236653231737,106.63191539530457,27,35,1.0
2025-12-09 21:56:47,Cho Ben Thanh,Quan 1,10.772727584493625,106.69804225297563,12,25,1.0
2025-12-09 21:56:48,Duong Nguyen Hue,Quan 1,10.774028664434528,106.70357076461706,12,28,1.0
2025-12-09 21:57:00,Nguyen Van Linh,Quan 7,10.752616652291238,106.72509685338922,39,39,1.0
2025-12-09 21:57:12,Vo Van Kiet,Quan 5,10.745754766198267,106.65326266831877,42,42,1.0
2025-12-09 21:57:13,Xa lo Ha Noi,QL1A,10.94927106740351,106.87196348224562,25,41,1.0
2025-12-09 21:57:14,Duong Dien Bien Phu,Quan 1,10.78866360854368,106.69551372228901,33,41,1.0
2025-12-09 21:57:14,Nga tu Hang Xanh,Binh Thanh,10.801406421807085,106.71148440879679,33,41,1.0
2025-12-09 21:57:15,Nga tu An Suong,Hoc Mon,10.843150534972033,106.6151343241409,26,35,1.0
2025-12-09 21:57:16,Ben xe Mien Dong,Quan 9,10.880537767027526,106.81481342866444,41,53,1.0
2025-12-09 21:57:28,Ben xe Mien Tay,Binh Tan,10.740840166521663,106.61899246873142,34,34,1.0
2025-12-09 21:57:40,Cau Sai Gon,Quan 2 ,10.798986343749618,106.72697056646841,45,45,1.0
2025-12-09 21:57:41,Cau Phu My,Q2,10.741860769464234,106.73790365482627,44,44,1.0
2025-12-09 21:57:42,Cau Kenh Te,Q4,10.752408891679814,106.7022703818112,25,33,1.0
2025-12-09 21:57:43,Cau Thu Thiem,Quan 2,10.786216596454727,106.71836665482695,40,40,1.0
2025-12-09 21:57:52,Nguyen Huu Canh,Binh Thanh,10.78948793356203,106.71518838181179,36,36,1.0
2025-12-09 21:57:53,Cong Hoa,Tan Binh,10.80223925742187,106.6478722259914,41,41,1.0
2025-12-09 21:57:54,Truong Son / Tan Son Nhat Blvd,Gan san bay,10.813928881466124,106.66511432455972,25,33,0.998691
2025-12-09 21:57:55,Nguyen Trai,Quan 5,10.755608615763382,106.67347943578082,16,27,0.998951
2025-12-09 21:57:56,Le Duan,Quan 1,10.782680856341083,106.70051548181169,22,30,1.0
2025-12-09 21:57:57,Tran Hung Dao ,Quan 5,10.754895139302109,106.67839188181134,26,32,1.0
2025-12-09 21:58:09,Tran Quoc Thao,Quan 3,10.785070445194592,106.68331340921323,20,28,1.0
2025-12-09 21:58:21,Tran Hung Dao,Quan 5,10.7549373008113,106.67848844133415,24,31,1.0
2025-12-09 21:58:22,Cach Mang Thang 8 (CMT8),Quan 3,10.77898143649726,106.67684447140958,28,34,1.0
2025-12-09 21:58:23,Pham Ngu Lao / Bui Vien,Quan 1,10.767112828386699,106.6927618222887,11,20,1.0
2025-12-09 21:58:24,Nguyen Thi Minh Khai,Quan 3,10.77847212665258,106.69389510879643,32,41,1.0
2025-12-09 21:58:25,Nguyen Van Troi,Phu Nhuan,10.796057790235078,106.67492629345334,25,33,0.997907
2025-12-09 21:58:26,Pham Van Dong,Go Vap,10.835298215641501,106.72935479345391,36,42,0.996589
2025-12-09 21:58:27,Cong truong lam son,Quan 1,10.777562007197462,106.7041335430398,22,30,1.0
2025-12-09 21:58:27,Nguyen Oanh ,Go Vap,10.83886351241477,106.67566625482782,36,36,1.0
2025-12-09 21:58:28,Le Hong Phong,Quan 10,10.765187049751795,106.67550552599073,36,36,1.0
2025-12-09 21:58:40,Nguyen Van Cu,Quan 5,10.759484371982321,106.6840537511244,18,28,1.0
2025-12-09 21:58:41,Nga tu Binh Phuoc,Ngoai o,10.865229381280965,106.72366973948475,49,49,1.0
2025-12-09 21:58:42,Phu My Hung ,Quan 7,10.72279213640514,106.72808623948244,29,37,0.996503
2025-12-09 21:58:43,Nguyen Thai Son,Phu Nhuan,10.823400120373712,106.68551227436063,32,32,1.0
2025-12-09 21:58:44,An Duong Vuong,Quan 8,10.756158554057757,106.66631758181126,23,29,1.0
2025-12-09 21:58:45,Huynh Tan Phat,Nha Be,10.7144382088356,106.73711688366167,28,35,1.0
2025-12-09 21:58:46,Truong Chinh,Tan Binh ,10.817236653231737,106.63191539530457,27,35,1.0
2025-12-09 22:00:58,Cho Ben Thanh,Quan 1,10.772727584493625,106.69804225297563,12,25,1.0
2025-12-09 22:00:59,Duong Nguyen Hue,Quan 1,10.774028664434528,106.70357076461706,16,28,1.0
2025-12-09 22:01:00,Nguyen Van Linh,Quan 7,10.752616652291238,106.72509685338922,36,39,1.0
2025-12-09 22:01:01,Vo Van Kiet,Quan 5,10.745754766198267,106.65326266831877,42,42,1.0
2025-12-09 22:01:02,Xa lo Ha Noi,QL1A,10.94927106740351,106.87196348224562,42,42,1.0
2025-12-09 22:01:14,Duong Dien Bien Phu,Quan 1,10.78866360854368,106.69551372228901,36,41,1.0
2025-12-09 22:01:26,Nga tu Hang Xanh,Binh Thanh,10.801406421807085,106.71148440879679,36,41,1.0
2025-12-09 22:01:27,Nga tu An Suong,Hoc Mon,10.843150534972033,106.6151343241409,28,35,1.0
2025-12-09 22:01:28,Ben xe Mien Dong,Quan 9,10.880537767027526,106.81481342866444,41,52,1.0
2025-12-09 22:01:29,Ben xe Mien Tay,Binh Tan,10.740840166521663,106.61899246873142,34,34,1.0
2025-12-09 22:01:30,Cau Sai Gon,Quan 2 ,10.798986343749618,106.72697056646841,45,45,1.0
2025-12-09 22:01:30,Cau Phu My,Q2,10.741860769464234,106.73790365482627,44,44,1.0
2025-12-09 22:01:43,Cau Kenh Te,Q4,10.752408891679814,106.7022703818112,27,33,1.0
2025-12-09 22:01:55,Cau Thu Thiem,Quan 2,10.786216596454727,106.71836665482695,40,40,1.0
2025-12-09 22:01:55,Nguyen Huu Canh,Binh Thanh,10.78948793356203,106.71518838181179,36,36,1.0
2025-12-09 22:01:57,Cong Hoa,Tan Binh,10.80223925742187,106.6478722259914,30,40,1.0
2025-12-09 22:01:58,Truong Son / Tan Son Nhat Blvd,Gan san bay,10.813928881466124,106.66511432455972,27,34,0.998696
2025-12-09 22:01:58,Nguyen Trai,Quan 5,10.755608615763382,106.67347943578082,22,27,1.0
2025-12-09 22:01:59,Le Duan,Quan 1,10.782680856341083,106.70051548181169,20,30,1.0
2025-12-09 22:02:06,Tran Hung Dao ,Quan 5,10.754895139302109,106.67839188181134,26,32,1.0
2025-12-09 22:02:08,Tran Quoc Thao,Quan 3,10.785070445194592,106.68331340921323,20,27,1.0
2025-12-09 22:02:09,Tran Hung Dao,Quan 5,10.7549373008113,106.67848844133415,26,32,1.0
2025-12-09 22:02:09,Cach Mang Thang 8 (CMT8),Quan 3,10.77898143649726,106.67684447140958,27,34,1.0
2025-12-09 22:02:10,Pham Ngu Lao / Bui Vien,Quan 1,10.767112828386699,106.6927618222887,11,19,1.0
2025-12-09 22:02:11,Nguyen Thi Minh Khai,Quan 3,10.77847212665258,106.69389510879643,34,41,1.0
2025-12-09 22:02:19,Nguyen Van Troi,Phu Nhuan,10.796057790235078,106.67492629345334,26,33,0.998696
2025-12-09 22:02:19,Pham Van Dong,Go Vap,10.835298215641501,106.72935479345391,37,42,0.9955
2025-12-09 22:02:20,Cong truong lam son,Quan 1,10.777562007197462,106.7041335430398,20,30,1.0
2025-12-09 22:02:21,Nguyen Oanh ,Go Vap,10.83886351241477,106.67566625482782,36,36,1.0
2025-12-09 22:02:22,Le Hong Phong,Quan 10,10.765187049751795,106.67550552599073,19,35,1.0
2025-12-09 22:02:23,Nguyen Van Cu,Quan 5,10.759484371982321,106.6840537511244,22,27,1.0
2025-12-09 22:02:24,Nga tu Binh Phuoc,Ngoai o,10.865229381280965,106.72366973948475,40,49,1.0
2025-12-09 22:02:25,Phu My Hung ,Quan 7,10.72279213640514,106.72808623948244,28,37,0.997482
2025-12-09 22:02:37,Nguyen Thai Son,Phu Nhuan,10.823400120373712,106.68551227436063,24,31,1.0
2025-12-09 22:02:49,An Duong Vuong,Quan 8,10.756158554057757,106.66631758181126,29,29,1.0
2025-12-09 22:02:50,Huynh Tan Phat,Nha Be,10.7144382088356,106.73711688366167,28,35,1.0
2025-12-09 22:02:51,Truong Chinh,Tan Binh ,10.817236653231737,106.63191539530457,27,35,1.0
2025-12-09 22:05:03,Cho Ben Thanh,Quan 1,10.772727584493625,106.69804225297563,12,25,1.0
2025-12-09 22:05:04,Duong Nguyen Hue,Quan 1,10.774028664434528,106.70357076461706,13,28,1.0
2025-12-09 22:05:04,Nguyen Van Linh,Quan 7,10.752616652291238,106.72509685338922,38,42,1.0
2025-12-09 22:05:05,Vo Van Kiet,Quan 5,10.745754766198267,106.65326266831877,42,42,1.0
2025-12-09 22:05:17,Xa lo Ha Noi,QL1A,10.94927106740351,106.87196348224562,42,42,1.0
2025-12-09 22:05:29,Duong Dien Bien Phu,Quan 1,10.78866360854368,106.69551372228901,42,42,1.0
2025-12-09 22:05:41,Nga tu Hang Xanh,Binh Thanh,10.801406421807085,106.71148440879679,42,42,1.0
2025-12-09 22:05:53,Nga tu An Suong,Hoc Mon,10.843150534972033,106.6151343241409,28,35,1.0
2025-12-09 22:05:54,Ben xe Mien Dong,Quan 9,10.880537767027526,106.81481342866444,43,53,1.0
2025-12-09 22:05:55,Ben xe Mien Tay,Binh Tan,10.740840166521663,106.61899246873142,34,34,1.0
2025-12-09 22:05:56,Cau Sai Gon,Quan 2 ,10.798986343749618,106.72697056646841,45,45,1.0
2025-12-09 22:05:57,Cau Phu My,Q2,10.741860769464234,106.73790365482627,44,44,1.0
2025-12-09 22:06:09,Cau Kenh Te,Q4,10.752408891679814,106.7022703818112,26,34,1.0
2025-12-09 22:06:21,Cau Thu Thiem,Quan 2,10.786216596454727,106.71836665482695,40,40,1.0
2025-12-09 22:06:22,Nguyen Huu Canh,Binh Thanh,10.78948793356203,106.71518838181179,36,36,1.0
2025-12-09 22:06:23,Cong Hoa,Tan Binh,10.80223925742187,106.6478722259914,29,40,1.0
2025-12-09 22:06:24,Truong Son / Tan Son Nhat Blvd,Gan san bay,10.813928881466124,106.66511432455972,33,33,1.0
2025-12-09 22:06:25,Nguyen Trai,Quan 5,10.755608615763382,106.67347943578082,22,27,1.0
2025-12-09 22:06:26,Le Duan,Quan 1,10.782680856341083,106.70051548181169,21,30,1.0
2025-12-09 22:06:38,Tran Hung Dao ,Quan 5,10.754895139302109,106.67839188181134,23,33,1.0
2025-12-09 22:06:50,Tran Quoc Thao,Quan 3,10.785070445194592,106.68331340921323,21,27,1.0
2025-12-09 22:06:51,Tran Hung Dao,Quan 5,10.7549373008113,106.67848844133415,23,33,1.0
2025-12-09 22:06:52,Cach Mang Thang 8 (CMT8),Quan 3,10.77898143649726,106.67684447140958,26,34,1.0
2025-12-09 22:06:52,Pham Ngu Lao / Bui Vien,Quan 1,10.767112828386699,106.6927618222887,9,19,1.0
2025-12-09 22:06:53,Nguyen Thi Minh Khai,Quan 3,10.77847212665258,106.69389510879643,34,41,1.0
2025-12-09 22:06:54,Nguyen Van Troi,Phu Nhuan,10.796057790235078,106.67492629345334,33,33,1.0
2025-12-09 22:06:55,Pham Van Dong,Go Vap,10.835298215641501,106.72935479345391,34,42,0.995298
2025-12-09 22:07:07,Cong truong lam son,Quan 1,10.777562007197462,106.7041335430398,21,30,1.0
2025-12-09 22:07:19,Nguyen Oanh ,Go Vap,10.83886351241477,106.67566625482782,27,35,1.0
2025-12-09 22:07:20,Le Hong Phong,Quan 10,10.765187049751795,106.67550552599073,27,36,1.0
2025-12-09 22:07:21,Nguyen Van Cu,Quan 5,10.759484371982321,106.6840537511244,21,28,1.0
2025-12-09 22:07:22,Nga tu Binh Phuoc,Ngoai o,10.865229381280965,106.72366973948475,39,48,1.0
2025-12-09 22:07:23,Phu My Hung ,Quan 7,10.72279213640514,106.72808623948244,28,37,0.997961
2025-12-09 22:07:24,Nguyen Thai Son,Phu Nhuan,10.823400120373712,106.68551227436063,21,31,1.0
2025-12-09 22:07:25,An Duong Vuong,Quan 8,10.756158554057757,106.66631758181126,21,29,1.0
2025-12-09 22:07:26,Huynh Tan Phat,Nha Be,10.7144382088356,106.73711688366167,28,35,1.0
2025-12-09 22:07:38,Truong Chinh,Tan Binh ,10.817236653231737,106.63191539530457,29,35,1.0
2025-12-09 22:09:50,Cho Ben Thanh,Quan 1,10.772727584493625,106.69804225297563,13,24,1.0
2025-12-09 22:09:51,Duong Nguyen Hue,Quan 1,10.774028664434528,106.70357076461706,13,27,1.0
2025-12-09 22:09:51,Nguyen Van Linh,Quan 7,10.752616652291238,106.72509685338922,39,39,1.0
2025-12-09 22:09:52,Vo Van Kiet,Quan 5,10.745754766198267,106.65326266831877,42,42,1.0
2025-12-09 22:09:53,Xa lo Ha Noi,QL1A,10.94927106740351,106.87196348224562,31,42,1.0
2025-12-09 22:09:54,Duong Dien Bien Phu,Quan 1,10.78866360854368,106.69551372228901,35,42,0.999821
2025-12-09 22:10:06,Nga tu Hang Xanh,Binh Thanh,10.801406421807085,106.71148440879679,36,42,0.999821
2025-12-09 22:10:18,Nga tu An Suong,Hoc Mon,10.843150534972033,106.6151343241409,28,35,1.0
2025-12-09 22:10:30,Ben xe Mien Dong,Quan 9,10.880537767027526,106.81481342866444,43,52,1.0
2025-12-09 22:10:42,Ben xe Mien Tay,Binh Tan,10.740840166521663,106.61899246873142,28,35,1.0
2025-12-09 22:10:43,Cau Sai Gon,Quan 2 ,10.798986343749618,106.72697056646841,45,45,1.0
2025-12-09 22:10:44,Cau Phu My,Q2,10.741860769464234,106.73790365482627,37,44,1.0
2025-12-09 22:10:45,Cau Kenh Te,Q4,10.752408891679814,106.7022703818112,26,34,1.0
2025-12-09 22:10:45,Cau Thu Thiem,Quan 2,10.786216596454727,106.71836665482695,40,40,1.0
2025-12-09 22:10:46,Nguyen Huu Canh,Binh Thanh,10.78948793356203,106.71518838181179,36,36,1.0
2025-12-09 22:10:58,Cong Hoa,Tan Binh,10.80223925742187,106.6478722259914,41,41,1.0
2025-12-09 22:11:10,Truong Son / Tan Son Nhat Blvd,Gan san bay,10.813928881466124,106.66511432455972,33,33,1.0
2025-12-09 22:11:22,Nguyen Trai,Quan 5,10.755608615763382,106.67347943578082,21,28,1.0
2025-12-09 22:11:23,Le Duan,Quan 1,10.782680856341083,106.70051548181169,20,30,1.0
2025-12-09 22:11:24,Tran Hung Dao ,Quan 5,10.754895139302109,106.67839188181134,25,33,1.0
2025-12-09 22:11:25,Tran Quoc Thao,Quan 3,10.785070445194592,106.68331340921323,20,27,1.0
2025-12-09 22:11:26,Tran Hung Dao,Quan 5,10.7549373008113,106.67848844133415,24,32,1.0
2025-12-09 22:11:38,Cach Mang Thang 8 (CMT8),Quan 3,10.77898143649726,106.67684447140958,25,34,1.0
2025-12-09 22:11:39,Pham Ngu Lao / Bui Vien,Quan 1,10.767112828386699,106.6927618222887,12,19,1.0
2025-12-09 22:11:40,Nguyen Thi Minh Khai,Quan 3,10.77847212665258,106.69389510879643,34,41,1.0
2025-12-09 22:11:41,Nguyen Van Troi,Phu Nhuan,10.796057790235078,106.67492629345334,26,32,0.99972
2025-12-09 22:11:52,Pham Van Dong,Go Vap,10.835298215641501,106.72935479345391,42,42,1.0
2025-12-09 22:11:53,Cong truong lam son,Quan 1,10.777562007197462,106.7041335430398,20,30,1.0
2025-12-09 22:11:54,Nguyen Oanh ,Go Vap,10.83886351241477,106.67566625482782,36,36,1.0
2025-12-09 22:11:55,Le Hong Phong,Quan 10,10.765187049751795,106.67550552599073,19,35,1.0
2025-12-09 22:11:56,Nguyen Van Cu,Quan 5,10.759484371982321,106.6840537511244,19,27,1.0
2025-12-09 22:12:08,Nga tu Binh Phuoc,Ngoai o,10.865229381280965,106.72366973948475,40,49,1.0
2025-12-09 22:12:20,Phu My Hung ,Quan 7,10.72279213640514,106.72808623948244,28,37,0.995367
2025-12-09 22:12:20,Nguyen Thai Son,Phu Nhuan,10.823400120373712,106.68551227436063,32,32,1.0
2025-12-09 22:12:21,An Duong Vuong,Quan 8,10.756158554057757,106.66631758181126,23,29,1.0
2025-12-09 22:12:22,Huynh Tan Phat,Nha Be,10.7144382088356,106.73711688366167,29,35,1.0
2025-12-09 22:12:23,Truong Chinh,Tan Binh ,10.817236653231737,106.63191539530457,28,34,1.0
2025-12-09 22:14:24,Cho Ben Thanh,Quan 1,10.772727584493625,106.69804225297563,12,24,1.0
2025-12-09 22:14:25,Duong Nguyen Hue,Quan 1,10.774028664434528,106.70357076461706,16,27,1.0
2025-12-09 22:14:26,Nguyen Van Linh,Quan 7,10.752616652291238,106.72509685338922,39,39,1.0
2025-12-09 22:14:27,Vo Van Kiet,Quan 5,10.745754766198267,106.65326266831877,42,42,1.0
2025-12-09 22:14:28,Xa lo Ha Noi,QL1A,10.94927106740351,106.87196348224562,42,42,1.0
2025-12-09 22:14:40,Duong Dien Bien Phu,Quan 1,10.78866360854368,106.69551372228901,42,42,1.0
2025-12-09 22:14:52,Nga tu Hang Xanh,Binh Thanh,10.801406421807085,106.71148440879679,42,42,1.0
2025-12-09 22:14:53,Nga tu An Suong,Hoc Mon,10.843150534972033,106.6151343241409,27,34,1.0
2025-12-09 22:14:54,Ben xe Mien Dong,Quan 9,10.880537767027526,106.81481342866444,43,53,1.0
2025-12-09 22:14:55,Ben xe Mien Tay,Binh Tan,10.740840166521663,106.61899246873142,30,35,1.0
2025-12-09 22:14:56,Cau Sai Gon,Quan 2 ,10.798986343749618,106.72697056646841,45,45,1.0
2025-12-09 22:15:08,Cau Phu My,Q2,10.741860769464234,106.73790365482627,35,44,1.0
2025-12-09 22:15:20,Cau Kenh Te,Q4,10.752408891679814,106.7022703818112,23,34,1.0
2025-12-09 22:15:21,Cau Thu Thiem,Quan 2,10.786216596454727,106.71836665482695,40,40,1.0
2025-12-09 22:15:22,Nguyen Huu Canh,Binh Thanh,10.78948793356203,106.71518838181179,36,36,1.0
2025-12-09 22:15:22,Cong Hoa,Tan Binh,10.80223925742187,106.6478722259914,32,41,1.0
2025-12-09 22:15:23,Truong Son / Tan Son Nhat Blvd,Gan san bay,10.813928881466124,106.66511432455972,26,33,0.997424
2025-12-09 22:15:24,Nguyen Trai,Quan 5,10.755608615763382,106.67347943578082,21,27,1.0
2025-12-09 22:15:25,Le Duan,Quan 1,10.782680856341083,106.70051548181169,20,30,1.0
2025-12-09 22:15:26,Tran Hung Dao ,Quan 5,10.754895139302109,106.67839188181134,24,32,1.0
2025-12-09 22:15:27,Tran Quoc Thao,Quan 3,10.785070445194592,106.68331340921323,19,28,1.0
2025-12-09 22:15:28,Tran Hung Dao,Quan 5,10.7549373008113,106.67848844133415,24,32,1.0
2025-12-09 22:15:29,Cach Mang Thang 8 (CMT8),Quan 3,10.77898143649726,106.67684447140958,25,34,1.0
2025-12-09 22:15:30,Pham Ngu Lao / Bui Vien,Quan 1,10.767112828386699,106.6927618222887,14,20,1.0
2025-12-09 22:15:52,Nguyen Thi Minh Khai,Quan 3,10.77847212665258,106.69389510879643,34,41,1.0
2025-12-09 22:15:53,Nguyen Van Troi,Phu Nhuan,10.796057790235078,106.67492629345334,26,33,0.99972
2025-12-09 22:15:54,Pham Van Dong,Go Vap,10.835298215641501,106.72935479345391,36,42,0.995946
2025-12-09 22:15:55,Cong truong lam son,Quan 1,10.777562007197462,106.7041335430398,20,30,1.0
2025-12-09 22:15:56,Nguyen Oanh ,Go Vap,10.83886351241477,106.67566625482782,28,35,1.0
2025-12-09 22:15:56,Le Hong Phong,Quan 10,10.765187049751795,106.67550552599073,21,35,1.0
2025-12-09 22:15:57,Nguyen Van Cu,Quan 5,10.759484371982321,106.6840537511244,22,28,1.0
2025-12-09 22:16:10,Nga tu Binh Phuoc,Ngoai o,10.865229381280965,106.72366973948475,39,49,1.0
2025-12-09 22:16:21,Phu My Hung ,Quan 7,10.72279213640514,106.72808623948244,28,37,0.996621
2025-12-09 22:16:22,Nguyen Thai Son,Phu Nhuan,10.823400120373712,106.68551227436063,32,32,1.0
2025-12-09 22:16:23,An Duong Vuong,Quan 8,10.756158554057757,106.66631758181126,29,29,1.0
2025-12-09 22:16:24,Huynh Tan Phat,Nha Be,10.7144382088356,106.73711688366167,28,35,1.0
2025-12-09 22:16:25,Truong Chinh,Tan Binh ,10.817236653231737,106.63191539530457,28,35,1.0
2025-12-09 22:18:37,Cho Ben Thanh,Quan 1,10.772727584493625,106.69804225297563,12,24,1.0
2025-12-09 22:18:38,Duong Nguyen Hue,Quan 1,10.774028664434528,106.70357076461706,15,27,1.0
2025-12-09 22:18:39,Nguyen Van Linh,Quan 7,10.752616652291238,106.72509685338922,39,39,1.0
2025-12-09 22:18:40,Vo Van Kiet,Quan 5,10.745754766198267,106.65326266831877,42,42,1.0
2025-12-09 22:18:41,Xa lo Ha Noi,QL1A,10.94927106740351,106.87196348224562,32,41,1.0
2025-12-09 22:18:42,Duong Dien Bien Phu,Quan 1,10.78866360854368,106.69551372228901,42,42,1.0
2025-12-09 22:18:43,Nga tu Hang Xanh,Binh Thanh,10.801406421807085,106.71148440879679,42,42,1.0
2025-12-09 22:18:44,Nga tu An Suong,Hoc Mon,10.843150534972033,106.6151343241409,28,34,1.0
2025-12-09 22:18:45,Ben xe Mien Dong,Quan 9,10.880537767027526,106.81481342866444,43,54,1.0
2025-12-09 22:18:45,Ben xe Mien Tay,Binh Tan,10.740840166521663,106.61899246873142,34,34,1.0
2025-12-09 22:18:46,Cau Sai Gon,Quan 2 ,10.798986343749618,106.72697056646841,45,45,1.0
2025-12-09 22:18:47,Cau Phu My,Q2,10.741860769464234,106.73790365482627,37,44,1.0
2025-12-09 22:18:54,Cau Kenh Te,Q4,10.752408891679814,106.7022703818112,24,33,1.0
2025-12-09 22:18:55,Cau Thu Thiem,Quan 2,10.786216596454727,106.71836665482695,40,40,1.0
2025-12-09 22:18:56,Nguyen Huu Canh,Binh Thanh,10.78948793356203,106.71518838181179,36,36,1.0
2025-12-09 22:19:08,Cong Hoa,Tan Binh,10.80223925742187,106.6478722259914,32,39,1.0
2025-12-09 22:19:19,Truong Son / Tan Son Nhat Blvd,Gan san bay,10.813928881466124,106.66511432455972,27,33,0.998189
2025-12-09 22:19:20,Nguyen Trai,Quan 5,10.755608615763382,106.67347943578082,28,28,1.0
2025-12-09 22:19:21,Le Duan,Quan 1,10.782680856341083,106.70051548181169,20,30,1.0
2025-12-09 22:19:22,Tran Hung Dao ,Quan 5,10.754895139302109,106.67839188181134,25,33,1.0
2025-12-09 22:19:23,Tran Quoc Thao,Quan 3,10.785070445194592,106.68331340921323,20,27,1.0
2025-12-09 22:19:24,Tran Hung Dao,Quan 5,10.7549373008113,106.67848844133415,25,33,1.0
2025-12-09 22:19:36,Cach Mang Thang 8 (CMT8),Quan 3,10.77898143649726,106.67684447140958,27,34,1.0
2025-12-09 22:19:48,Pham Ngu Lao / Bui Vien,Quan 1,10.767112828386699,106.6927618222887,11,19,1.0
2025-12-09 22:19:49,Nguyen Thi Minh Khai,Quan 3,10.77847212665258,106.69389510879643,35,41,1.0
2025-12-09 22:19:50,Nguyen Van Troi,Phu Nhuan,10.796057790235078,106.67492629345334,27,33,0.998189
2025-12-09 22:19:51,Pham Van Dong,Go Vap,10.835298215641501,106.72935479345391,42,42,1.0
2025-12-09 22:19:52,Cong truong lam son,Quan 1,10.777562007197462,106.7041335430398,20,30,1.0
2025-12-09 22:19:53,Nguyen Oanh ,Go Vap,10.83886351241477,106.67566625482782,29,35,0.997408
2025-12-09 22:19:54,Le Hong Phong,Quan 10,10.765187049751795,106.67550552599073,36,36,1.0
2025-12-09 22:20:00,Nguyen Van Cu,Quan 5,10.759484371982321,106.6840537511244,28,28,1.0
2025-12-09 22:20:01,Nga tu Binh Phuoc,Ngoai o,10.865229381280965,106.72366973948475,39,48,1.0
2025-12-09 22:20:02,Phu My Hung ,Quan 7,10.72279213640514,106.72808623948244,28,36,0.996943
2025-12-09 22:20:03,Nguyen Thai Son,Phu Nhuan,10.823400120373712,106.68551227436063,25,31,1.0
2025-12-09 22:20:04,An Duong Vuong,Quan 8,10.756158554057757,106.66631758181126,29,29,1.0
2025-12-09 22:20:05,Huynh Tan Phat,Nha Be,10.7144382088356,106.73711688366167,27,35,1.0
2025-12-09 22:20:12,Truong Chinh,Tan Binh ,10.817236653231737,106.63191539530457,28,34,1.0
2025-12-09 22:22:13,Cho Ben Thanh,Quan 1,10.772727584493625,106.69804225297563,12,25,1.0
2025-12-09 22:22:15,Duong Nguyen Hue,Quan 1,10.774028664434528,106.70357076461706,15,28,1.0
2025-12-09 22:22:15,Nguyen Van Linh,Quan 7,10.752616652291238,106.72509685338922,39,39,1.0
2025-12-09 22:22:16,Vo Van Kiet,Quan 5,10.745754766198267,106.65326266831877,42,42,1.0
2025-12-09 22:22:17,Xa lo Ha Noi,QL1A,10.94927106740351,106.87196348224562,42,42,1.0
2025-12-09 22:22:24,Duong Dien Bien Phu,Quan 1,10.78866360854368,106.69551372228901,42,42,1.0
2025-12-09 22:22:25,Nga tu Hang Xanh,Binh Thanh,10.801406421807085,106.71148440879679,42,42,1.0
2025-12-09 22:22:37,Nga tu An Suong,Hoc Mon,10.843150534972033,106.6151343241409,35,35,1.0
2025-12-09 22:22:49,Ben xe Mien Dong,Quan 9,10.880537767027526,106.81481342866444,45,53,1.0
2025-12-09 22:22:50,Ben xe Mien Tay,Binh Tan,10.740840166521663,106.61899246873142,34,34,1.0
2025-12-09 22:22:51,Cau Sai Gon,Quan 2 ,10.798986343749618,106.72697056646841,45,45,1.0
2025-12-09 22:22:52,Cau Phu My,Q2,10.741860769464234,106.73790365482627,36,43,1.0
2025-12-09 22:22:53,Cau Kenh Te,Q4,10.752408891679814,106.7022703818112,25,34,1.0
2025-12-09 22:22:54,Cau Thu Thiem,Quan 2,10.786216596454727,106.71836665482695,40,40,1.0
2025-12-09 22:23:01,Nguyen Huu Canh,Binh Thanh,10.78948793356203,106.71518838181179,36,36,1.0
2025-12-09 22:23:13,Cong Hoa,Tan Binh,10.80223925742187,106.6478722259914,30,41,1.0
2025-12-09 22:23:14,Truong Son / Tan Son Nhat Blvd,Gan san bay,10.813928881466124,106.66511432455972,27,33,0.997652
2025-12-09 22:23:15,Nguyen Trai,Quan 5,10.755608615763382,106.67347943578082,20,28,1.0
2025-12-09 22:23:16,Le Duan,Quan 1,10.782680856341083,106.70051548181169,20,30,1.0
2025-12-09 22:23:17,Tran Hung Dao ,Quan 5,10.754895139302109,106.67839188181134,24,32,1.0
2025-12-09 22:23:18,Tran Quoc Thao,Quan 3,10.785070445194592,106.68331340921323,19,26,1.0
2025-12-09 22:23:30,Tran Hung Dao,Quan 5,10.7549373008113,106.67848844133415,24,32,1.0
2025-12-09 22:23:42,Cach Mang Thang 8 (CMT8),Quan 3,10.77898143649726,106.67684447140958,26,34,1.0
2025-12-09 22:23:43,Pham Ngu Lao / Bui Vien,Quan 1,10.767112828386699,106.6927618222887,12,20,1.0
2025-12-09 22:23:44,Nguyen Thi Minh Khai,Quan 3,10.77847212665258,106.69389510879643,35,41,1.0
2025-12-09 22:23:45,Nguyen Van Troi,Phu Nhuan,10.796057790235078,106.67492629345334,27,32,0.995112
2025-12-09 22:23:46,Pham Van Dong,Go Vap,10.835298215641501,106.72935479345391,35,42,0.996831
2025-12-09 22:23:46,Cong truong lam son,Quan 1,10.777562007197462,106.7041335430398,20,30,1.0
2025-12-09 22:23:47,Nguyen Oanh ,Go Vap,10.83886351241477,106.67566625482782,36,36,1.0
2025-12-09 22:23:48,Le Hong Phong,Quan 10,10.765187049751795,106.67550552599073,36,36,1.0
2025-12-09 22:23:49,Nguyen Van Cu,Quan 5,10.759484371982321,106.6840537511244,21,27,0.997061
2025-12-09 22:23:50,Nga tu Binh Phuoc,Ngoai o,10.865229381280965,106.72366973948475,49,49,1.0
2025-12-09 22:23:51,Phu My Hung ,Quan 7,10.72279213640514,106.72808623948244,27,37,0.997902
2025-12-09 22:23:52,Nguyen Thai Son,Phu Nhuan,10.823400120373712,106.68551227436063,23,32,1.0
2025-12-09 22:24:14,An Duong Vuong,Quan 8,10.756158554057757,106.66631758181126,29,29,1.0
2025-12-09 22:24:15,Huynh Tan Phat,Nha Be,10.7144382088356,106.73711688366167,28,35,1.0
2025-12-09 22:24:16,Truong Chinh,Tan Binh ,10.817236653231737,106.63191539530457,28,35,1.0
2025-12-09 22:26:28,Cho Ben Thanh,Quan 1,10.772727584493625,106.69804225297563,13,23,1.0
2025-12-09 22:26:29,Duong Nguyen Hue,Quan 1,10.774028664434528,106.70357076461706,12,27,1.0
2025-12-09 22:26:30,Nguyen Van Linh,Quan 7,10.752616652291238,106.72509685338922,39,39,1.0
2025-12-09 22:26:31,Vo Van Kiet,Quan 5,10.745754766198267,106.65326266831877,42,42,1.0
2025-12-09 22:26:31,Xa lo Ha Noi,QL1A,10.94927106740351,106.87196348224562,35,42,1.0
2025-12-09 22:26:32,Duong Dien Bien Phu,Quan 1,10.78866360854368,106.69551372228901,35,41,0.999821
2025-12-09 22:26:44,Nga tu Hang Xanh,Binh Thanh,10.801406421807085,106.71148440879679,35,41,0.999821
2025-12-09 22:26:56,Nga tu An Suong,Hoc Mon,10.843150534972033,106.6151343241409,27,34,1.0
2025-12-09 22:26:57,Ben xe Mien Dong,Quan 9,10.880537767027526,106.81481342866444,42,53,1.0
2025-12-09 22:27:09,Ben xe Mien Tay,Binh Tan,10.740840166521663,106.61899246873142,34,34,1.0
2025-12-09 22:27:21,Cau Sai Gon,Quan 2 ,10.798986343749618,106.72697056646841,45,45,1.0
2025-12-09 22:27:22,Cau Phu My,Q2,10.741860769464234,106.73790365482627,36,44,1.0
2025-12-09 22:27:23,Cau Kenh Te,Q4,10.752408891679814,106.7022703818112,33,33,1.0
2025-12-09 22:27:24,Cau Thu Thiem,Quan 2,10.786216596454727,106.71836665482695,40,40,1.0
2025-12-09 22:27:25,Nguyen Huu Canh,Binh Thanh,10.78948793356203,106.71518838181179,36,36,1.0
2025-12-09 22:27:26,Cong Hoa,Tan Binh,10.80223925742187,106.6478722259914,33,40,1.0
2025-12-09 22:27:27,Truong Son / Tan Son Nhat Blvd,Gan san bay,10.813928881466124,106.66511432455972,27,34,0.996631
2025-12-09 22:27:28,Nguyen Trai,Quan 5,10.755608615763382,106.67347943578082,19,28,0.997894
2025-12-09 22:27:29,Le Duan,Quan 1,10.782680856341083,106.70051548181169,22,29,1.0
2025-12-09 22:27:30,Tran Hung Dao ,Quan 5,10.754895139302109,106.67839188181134,26,33,1.0
2025-12-09 22:27:31,Tran Quoc Thao,Quan 3,10.785070445194592,106.68331340921323,19,27,1.0
2025-12-09 22:27:31,Tran Hung Dao,Quan 5,10.7549373008113,106.67848844133415,26,33,1.0
2025-12-09 22:27:32,Cach Mang Thang 8 (CMT8),Quan 3,10.77898143649726,106.67684447140958,27,34,1.0
2025-12-09 22:27:33,Pham Ngu Lao / Bui Vien,Quan 1,10.767112828386699,106.6927618222887,9,20,1.0
2025-12-09 22:27:34,Nguyen Thi Minh Khai,Quan 3,10.77847212665258,106.69389510879643,35,41,1.0
2025-12-09 22:27:35,Nguyen Van Troi,Phu Nhuan,10.796057790235078,106.67492629345334,27,33,0.997915
2025-12-09 22:27:39,Pham Van Dong,Go Vap,10.835298215641501,106.72935479345391,37,42,0.996682
2025-12-09 22:27:51,Cong truong lam son,Quan 1,10.777562007197462,106.7041335430398,22,30,1.0
2025-12-09 22:27:52,Nguyen Oanh ,Go Vap,10.83886351241477,106.67566625482782,36,36,1.0
2025-12-09 22:27:53,Le Hong Phong,Quan 10,10.765187049751795,106.67550552599073,26,35,1.0
2025-12-09 22:27:54,Nguyen Van Cu,Quan 5,10.759484371982321,106.6840537511244,19,27,0.997894
2025-12-09 22:27:54,Nga tu Binh Phuoc,Ngoai o,10.865229381280965,106.72366973948475,42,49,1.0
2025-12-09 22:27:55,Phu My Hung ,Quan 7,10.72279213640514,106.72808623948244,27,36,0.997697
2025-12-09 22:27:56,Nguyen Thai Son,Phu Nhuan,10.823400120373712,106.68551227436063,23,31,1.0
2025-12-09 22:28:08,An Duong Vuong,Quan 8,10.756158554057757,106.66631758181126,29,29,1.0
2025-12-09 22:28:20,Huynh Tan Phat,Nha Be,10.7144382088356,106.73711688366167,28,35,1.0
2025-12-09 22:28:21,Truong Chinh,Tan Binh ,10.817236653231737,106.63191539530457,35,35,1.0
