Timestamp,Location/Street,District,Latitude,Longitude,CurrentSpeed,FreeFlowSpeed,Confidence
2025-11-21 06:05:33,Cho Ben Thanh,Quan 1,10.772727584493625,106.69804225297563,25,25,1.0
2025-11-21 06:05:33,Duong Nguyen Hue,Quan 1,10.774028664434528,106.70357076461706,29,29,1.0
2025-11-21 06:05:34,Nguyen Van Linh,Quan 7,10.752616652291238,106.72509685338922,39,39,1.0
2025-11-21 06:05:35,Vo Van Kiet,Quan 5,10.745754766198267,106.65326266831877,42,42,1.0
2025-11-21 06:05:36,Xa lo Ha Noi,QL1A,10.94927106740351,106.87196348224562,42,42,1.0
2025-11-21 06:05:37,Duong Dien Bien Phu,Quan 1,10.78866360854368,106.69551372228901,42,42,1.0
2025-11-21 06:05:38,Nga tu Hang Xanh,Binh Thanh,10.801406421807085,106.71148440879679,42,42,1.0
2025-11-21 06:05:39,Nga tu An Suong,Hoc Mon,10.843150534972033,106.6151343241409,35,35,1.0
2025-11-21 06:05:40,Ben xe Mien Dong,Quan 9,10.880537767027526,106.81481342866444,45,53,1.0
2025-11-21 06:05:41,Ben xe Mien Tay,Binh Tan,10.740840166521663,106.61899246873142,31,36,0.998842
2025-11-21 06:05:42,Cau Sai Gon,Quan 2 ,10.798986343749618,106.72697056646841,45,45,1.0
2025-11-21 06:05:43,Cau Phu My,Q2,10.741860769464234,106.73790365482627,45,45,1.0
2025-11-21 06:05:44,Cau Kenh Te,Q4,10.752408891679814,106.7022703818112,33,33,1.0
2025-11-21 06:05:45,Cau Thu Thiem,Quan 2,10.786216596454727,106.71836665482695,40,40,1.0
2025-11-21 06:05:46,Nguyen Huu Canh,Binh Thanh,10.78948793356203,106.71518838181179,36,36,1.0
2025-11-21 06:05:47,Cong Hoa,Tan Binh,10.80223925742187,106.6478722259914,41,41,1.0
2025-11-21 06:05:48,Truong Son / Tan Son Nhat Blvd,Gan san bay,10.813928881466124,106.66511432455972,33,33,1.0
2025-11-21 06:06:00,Nguyen Trai,Quan 5,10.755608615763382,106.67347943578082,22,27,0.980741
2025-11-21 06:06:12,Le Duan,Quan 1,10.782680856341083,106.70051548181169,30,30,1.0
2025-11-21 06:06:13,Tran Hung Dao ,Quan 5,10.754895139302109,106.67839188181134,32,32,1.0
2025-11-21 06:06:24,Tran Quoc Thao,Quan 3,10.785070445194592,106.68331340921323,28,28,1.0
2025-11-21 06:06:25,Tran Hung Dao,Quan 5,10.7549373008113,106.67848844133415,32,32,1.0
2025-11-21 06:06:26,Cach Mang Thang 8 (CMT8),Quan 3,10.77898143649726,106.67684447140958,25,34,0.999754
2025-11-21 06:06:27,Pham Ngu Lao / Bui Vien,Quan 1,10.767112828386699,106.6927618222887,20,20,1.0
2025-11-21 06:06:28,Nguyen Thi Minh Khai,Quan 3,10.77847212665258,106.69389510879643,35,41,1.0
2025-11-21 06:06:40,Nguyen Van Troi,Phu Nhuan,10.796057790235078,106.67492629345334,33,33,1.0
2025-11-21 06:06:53,Pham Van Dong,Go Vap,10.835298215641501,106.72935479345391,42,42,1.0
2025-11-21 06:06:54,Cong truong lam son,Quan 1,10.777562007197462,106.7041335430398,30,30,1.0
2025-11-21 06:06:55,Nguyen Oanh ,Go Vap,10.83886351241477,106.67566625482782,36,36,1.0
2025-11-21 06:07:08,Le Hong Phong,Quan 10,10.765187049751795,106.67550552599073,36,36,1.0
2025-11-21 06:07:09,Nguyen Van Cu,Quan 5,10.759484371982321,106.6840537511244,23,28,0.980741
2025-11-21 06:07:10,Nga tu Binh Phuoc,Ngoai o,10.865229381280965,106.72366973948475,49,49,1.0
2025-11-21 06:07:10,Phu My Hung ,Quan 7,10.72279213640514,106.72808623948244,28,37,0.991522
2025-11-21 06:07:11,Nguyen Thai Son,Phu Nhuan,10.823400120373712,106.68551227436063,32,32,1.0
2025-11-21 06:07:12,An Duong Vuong,Quan 8,10.756158554057757,106.66631758181126,30,30,1.0
2025-11-21 06:07:24,Huynh Tan Phat,Nha Be,10.7144382088356,106.73711688366167,28,35,1.0
2025-11-21 06:07:36,Truong Chinh,Tan Binh ,10.817236653231737,106.63191539530457,30,35,1.0
2025-11-21 06:09:48,Cho Ben Thanh,Quan 1,10.772727584493625,106.69804225297563,25,25,1.0
2025-11-21 06:09:49,Duong Nguyen Hue,Quan 1,10.774028664434528,106.70357076461706,29,29,1.0
2025-11-21 06:09:50,Nguyen Van Linh,Quan 7,10.752616652291238,106.72509685338922,39,39,1.0
2025-11-21 06:09:51,Vo Van Kiet,Quan 5,10.745754766198267,106.65326266831877,42,42,1.0
2025-11-21 06:09:52,Xa lo Ha Noi,QL1A,10.94927106740351,106.87196348224562,29,41,0.994001
2025-11-21 06:10:04,Duong Dien Bien Phu,Quan 1,10.78866360854368,106.69551372228901,42,42,1.0
2025-11-21 06:10:16,Nga tu Hang Xanh,Binh Thanh,10.801406421807085,106.71148440879679,42,42,1.0
2025-11-21 06:10:28,Nga tu An Suong,Hoc Mon,10.843150534972033,106.6151343241409,29,35,1.0
2025-11-21 06:10:29,Ben xe Mien Dong,Quan 9,10.880537767027526,106.81481342866444,46,53,1.0
2025-11-21 06:10:30,Ben xe Mien Tay,Binh Tan,10.740840166521663,106.61899246873142,34,34,1.0
2025-11-21 06:10:31,Cau Sai Gon,Quan 2 ,10.798986343749618,106.72697056646841,45,45,1.0
2025-11-21 06:10:32,Cau Phu My,Q2,10.741860769464234,106.73790365482627,45,45,1.0
2025-11-21 06:10:32,Cau Kenh Te,Q4,10.752408891679814,106.7022703818112,27,34,0.998233
2025-11-21 06:10:33,Cau Thu Thiem,Quan 2,10.786216596454727,106.71836665482695,40,40,1.0
2025-11-21 06:10:34,Nguyen Huu Canh,Binh Thanh,10.78948793356203,106.71518838181179,36,36,1.0
2025-11-21 06:10:35,Cong Hoa,Tan Binh,10.80223925742187,106.6478722259914,41,41,1.0
2025-11-21 06:10:36,Truong Son / Tan Son Nhat Blvd,Gan san bay,10.813928881466124,106.66511432455972,33,33,1.0
2025-11-21 06:10:48,Nguyen Trai,Quan 5,10.755608615763382,106.67347943578082,21,27,0.982362
2025-11-21 06:11:00,Le Duan,Quan 1,10.782680856341083,106.70051548181169,26,30,1.0
2025-11-21 06:11:01,Tran Hung Dao ,Quan 5,10.754895139302109,106.67839188181134,32,32,1.0
2025-11-21 06:11:02,Tran Quoc Thao,Quan 3,10.785070445194592,106.68331340921323,19,28,1.0
2025-11-21 06:11:03,Tran Hung Dao,Quan 5,10.7549373008113,106.67848844133415,32,32,1.0
2025-11-21 06:11:04,Cach Mang Thang 8 (CMT8),Quan 3,10.77898143649726,106.67684447140958,27,34,0.999754
2025-11-21 06:11:05,Pham Ngu Lao / Bui Vien,Quan 1,10.767112828386699,106.6927618222887,20,20,1.0
2025-11-21 06:11:06,Nguyen Thi Minh Khai,Quan 3,10.77847212665258,106.69389510879643,34,41,1.0
2025-11-21 06:11:07,Nguyen Van Troi,Phu Nhuan,10.796057790235078,106.67492629345334,33,33,1.0
2025-11-21 06:11:08,Pham Van Dong,Go Vap,10.835298215641501,106.72935479345391,42,42,1.0
2025-11-21 06:11:08,Cong truong lam son,Quan 1,10.777562007197462,106.7041335430398,26,30,1.0
2025-11-21 06:11:20,Nguyen Oanh ,Go Vap,10.83886351241477,106.67566625482782,36,36,1.0
2025-11-21 06:11:32,Le Hong Phong,Quan 10,10.765187049751795,106.67550552599073,36,36,1.0
2025-11-21 06:11:33,Nguyen Van Cu,Quan 5,10.759484371982321,106.6840537511244,22,27,0.980741
2025-11-21 06:11:34,Nga tu Binh Phuoc,Ngoai o,10.865229381280965,106.72366973948475,49,49,1.0
2025-11-21 06:11:35,Phu My Hung ,Quan 7,10.72279213640514,106.72808623948244,28,37,0.988215
2025-11-21 06:11:36,Nguyen Thai Son,Phu Nhuan,10.823400120373712,106.68551227436063,26,31,0.99362
2025-11-21 06:11:37,An Duong Vuong,Quan 8,10.756158554057757,106.66631758181126,30,30,1.0
2025-11-21 06:11:48,Huynh Tan Phat,Nha Be,10.7144382088356,106.73711688366167,28,35,1.0
2025-11-21 06:12:00,Truong Chinh,Tan Binh ,10.817236653231737,106.63191539530457,30,35,1.0
2025-11-21 06:14:12,Cho Ben Thanh,Quan 1,10.772727584493625,106.69804225297563,25,25,1.0
2025-11-21 06:14:13,Duong Nguyen Hue,Quan 1,10.774028664434528,106.70357076461706,29,29,1.0
2025-11-21 06:14:14,Nguyen Van Linh,Quan 7,10.752616652291238,106.72509685338922,39,39,1.0
2025-11-21 06:14:15,Vo Van Kiet,Quan 5,10.745754766198267,106.65326266831877,42,42,1.0
2025-11-21 06:14:16,Xa lo Ha Noi,QL1A,10.94927106740351,106.87196348224562,28,41,0.994001
2025-11-21 06:14:16,Duong Dien Bien Phu,Quan 1,10.78866360854368,106.69551372228901,42,42,1.0
2025-11-21 06:14:29,Nga tu Hang Xanh,Binh Thanh,10.801406421807085,106.71148440879679,42,42,1.0
2025-11-21 06:14:41,Nga tu An Suong,Hoc Mon,10.843150534972033,106.6151343241409,29,35,1.0
2025-11-21 06:14:42,Ben xe Mien Dong,Quan 9,10.880537767027526,106.81481342866444,45,53,1.0
2025-11-21 06:14:43,Ben xe Mien Tay,Binh Tan,10.740840166521663,106.61899246873142,30,35,0.998842
2025-11-21 06:14:44,Cau Sai Gon,Quan 2 ,10.798986343749618,106.72697056646841,45,45,1.0
2025-11-21 06:14:44,Cau Phu My,Q2,10.741860769464234,106.73790365482627,45,45,1.0
2025-11-21 06:14:45,Cau Kenh Te,Q4,10.752408891679814,106.7022703818112,26,34,0.998447
2025-11-21 06:14:53,Cau Thu Thiem,Quan 2,10.786216596454727,106.71836665482695,40,40,1.0
2025-11-21 06:14:54,Nguyen Huu Canh,Binh Thanh,10.78948793356203,106.71518838181179,36,36,1.0
2025-11-21 06:14:55,Cong Hoa,Tan Binh,10.80223925742187,106.6478722259914,41,41,1.0
2025-11-21 06:14:55,Truong Son / Tan Son Nhat Blvd,Gan san bay,10.813928881466124,106.66511432455972,33,33,1.0
2025-11-21 06:14:56,Nguyen Trai,Quan 5,10.755608615763382,106.67347943578082,22,28,0.979574
2025-11-21 06:14:57,Le Duan,Quan 1,10.782680856341083,106.70051548181169,25,30,1.0
2025-11-21 06:15:05,Tran Hung Dao ,Quan 5,10.754895139302109,106.67839188181134,32,32,1.0
2025-11-21 06:15:06,Tran Quoc Thao,Quan 3,10.785070445194592,106.68331340921323,21,27,1.0
2025-11-21 06:15:06,Tran Hung Dao,Quan 5,10.7549373008113,106.67848844133415,32,32,1.0
2025-11-21 06:15:07,Cach Mang Thang 8 (CMT8),Quan 3,10.77898143649726,106.67684447140958,26,34,1.0
2025-11-21 06:15:08,Pham Ngu Lao / Bui Vien,Quan 1,10.767112828386699,106.6927618222887,14,20,0.96
2025-11-21 06:15:20,Nguyen Thi Minh Khai,Quan 3,10.77847212665258,106.69389510879643,34,42,1.0
2025-11-21 06:15:32,Nguyen Van Troi,Phu Nhuan,10.796057790235078,106.67492629345334,33,33,1.0
2025-11-21 06:15:33,Pham Van Dong,Go Vap,10.835298215641501,106.72935479345391,42,42,1.0
2025-11-21 06:15:34,Cong truong lam son,Quan 1,10.777562007197462,106.7041335430398,24,30,1.0
2025-11-21 06:15:35,Nguyen Oanh ,Go Vap,10.83886351241477,106.67566625482782,36,36,1.0
2025-11-21 06:15:36,Le Hong Phong,Quan 10,10.765187049751795,106.67550552599073,36,36,1.0
2025-11-21 06:15:37,Nguyen Van Cu,Quan 5,10.759484371982321,106.6840537511244,22,28,0.979574
2025-11-21 06:15:49,Nga tu Binh Phuoc,Ngoai o,10.865229381280965,106.72366973948475,49,49,1.0
2025-11-21 06:16:01,Phu My Hung ,Quan 7,10.72279213640514,106.72808623948244,28,36,0.985331
2025-11-21 06:16:02,Nguyen Thai Son,Phu Nhuan,10.823400120373712,106.68551227436063,32,32,1.0
2025-11-21 06:16:03,An Duong Vuong,Quan 8,10.756158554057757,106.66631758181126,30,30,1.0
2025-11-21 06:16:04,Huynh Tan Phat,Nha Be,10.7144382088356,106.73711688366167,27,35,1.0
2025-11-21 06:16:05,Truong Chinh,Tan Binh ,10.817236653231737,106.63191539530457,35,35,1.0
2025-11-21 06:18:17,Cho Ben Thanh,Quan 1,10.772727584493625,106.69804225297563,25,25,1.0
2025-11-21 06:18:18,Duong Nguyen Hue,Quan 1,10.774028664434528,106.70357076461706,22,28,0.99
2025-11-21 06:18:19,Nguyen Van Linh,Quan 7,10.752616652291238,106.72509685338922,39,39,1.0
2025-11-21 06:18:20,Vo Van Kiet,Quan 5,10.745754766198267,106.65326266831877,42,42,1.0
2025-11-21 06:18:21,Xa lo Ha Noi,QL1A,10.94927106740351,106.87196348224562,33,41,0.99
2025-11-21 06:18:22,Duong Dien Bien Phu,Quan 1,10.78866360854368,106.69551372228901,42,42,1.0
2025-11-21 06:18:23,Nga tu Hang Xanh,Binh Thanh,10.801406421807085,106.71148440879679,42,42,1.0
2025-11-21 06:18:24,Nga tu An Suong,Hoc Mon,10.843150534972033,106.6151343241409,29,35,1.0
2025-11-21 06:18:24,Ben xe Mien Dong,Quan 9,10.880537767027526,106.81481342866444,45,53,1.0
2025-11-21 06:18:25,Ben xe Mien Tay,Binh Tan,10.740840166521663,106.61899246873142,29,35,0.99864
2025-11-21 06:18:32,Cau Sai Gon,Quan 2 ,10.798986343749618,106.72697056646841,45,45,1.0
2025-11-21 06:18:33,Cau Phu My,Q2,10.741860769464234,106.73790365482627,45,45,1.0
2025-11-21 06:18:34,Cau Kenh Te,Q4,10.752408891679814,106.7022703818112,28,34,0.998231
2025-11-21 06:18:35,Cau Thu Thiem,Quan 2,10.786216596454727,106.71836665482695,40,40,1.0
2025-11-21 06:18:36,Nguyen Huu Canh,Binh Thanh,10.78948793356203,106.71518838181179,36,36,1.0
2025-11-21 06:18:37,Cong Hoa,Tan Binh,10.80223925742187,106.6478722259914,41,41,1.0
2025-11-21 06:18:48,Truong Son / Tan Son Nhat Blvd,Gan san bay,10.813928881466124,106.66511432455972,33,33,1.0
2025-11-21 06:19:00,Nguyen Trai,Quan 5,10.755608615763382,106.67347943578082,28,28,1.0
2025-11-21 06:19:01,Le Duan,Quan 1,10.782680856341083,106.70051548181169,24,30,1.0
2025-11-21 06:19:02,Tran Hung Dao ,Quan 5,10.754895139302109,106.67839188181134,26,32,0.997096
2025-11-21 06:19:03,Tran Quoc Thao,Quan 3,10.785070445194592,106.68331340921323,18,27,1.0
2025-11-21 06:19:04,Tran Hung Dao,Quan 5,10.7549373008113,106.67848844133415,26,32,0.997096
2025-11-21 06:19:05,Cach Mang Thang 8 (CMT8),Quan 3,10.77898143649726,106.67684447140958,26,34,1.0
2025-11-21 06:19:06,Pham Ngu Lao / Bui Vien,Quan 1,10.767112828386699,106.6927618222887,15,20,0.95
2025-11-21 06:19:07,Nguyen Thi Minh Khai,Quan 3,10.77847212665258,106.69389510879643,34,41,1.0
2025-11-21 06:19:29,Nguyen Van Troi,Phu Nhuan,10.796057790235078,106.67492629345334,33,33,1.0
2025-11-21 06:19:30,Pham Van Dong,Go Vap,10.835298215641501,106.72935479345391,42,42,1.0
2025-11-21 06:19:42,Cong truong lam son,Quan 1,10.777562007197462,106.7041335430398,24,30,1.0
2025-11-21 06:19:54,Nguyen Oanh ,Go Vap,10.83886351241477,106.67566625482782,36,36,1.0
2025-11-21 06:20:06,Le Hong Phong,Quan 10,10.765187049751795,106.67550552599073,36,36,1.0
2025-11-21 06:20:06,Nguyen Van Cu,Quan 5,10.759484371982321,106.6840537511244,28,28,1.0
2025-11-21 06:20:07,Nga tu Binh Phuoc,Ngoai o,10.865229381280965,106.72366973948475,40,49,1.0
2025-11-21 06:20:08,Phu My Hung ,Quan 7,10.72279213640514,106.72808623948244,27,37,0.994798
2025-11-21 06:20:09,Nguyen Thai Son,Phu Nhuan,10.823400120373712,106.68551227436063,25,31,0.997643
2025-11-21 06:20:21,An Duong Vuong,Quan 8,10.756158554057757,106.66631758181126,30,30,1.0
2025-11-21 06:20:22,Huynh Tan Phat,Nha Be,10.7144382088356,106.73711688366167,26,35,1.0
2025-11-21 06:20:23,Truong Chinh,Tan Binh ,10.817236653231737,106.63191539530457,29,35,1.0
2025-11-21 06:22:36,Cho Ben Thanh,Quan 1,10.772727584493625,106.69804225297563,25,25,1.0
2025-11-21 06:22:38,Duong Nguyen Hue,Quan 1,10.774028664434528,106.70357076461706,29,29,1.0
2025-11-21 06:22:40,Nguyen Van Linh,Quan 7,10.752616652291238,106.72509685338922,39,39,1.0
2025-11-21 06:22:53,Vo Van Kiet,Quan 5,10.745754766198267,106.65326266831877,42,42,1.0
2025-11-21 06:23:06,Xa lo Ha Noi,QL1A,10.94927106740351,106.87196348224562,32,42,0.988002
2025-11-21 06:23:07,Duong Dien Bien Phu,Quan 1,10.78866360854368,106.69551372228901,37,42,1.0
2025-11-21 06:23:10,Nga tu Hang Xanh,Binh Thanh,10.801406421807085,106.71148440879679,37,42,1.0
2025-11-21 06:23:11,Nga tu An Suong,Hoc Mon,10.843150534972033,106.6151343241409,28,35,1.0
2025-11-21 06:23:24,Ben xe Mien Dong,Quan 9,10.880537767027526,106.81481342866444,44,52,0.999647
2025-11-21 06:23:26,Ben xe Mien Tay,Binh Tan,10.740840166521663,106.61899246873142,28,35,0.99932
2025-11-21 06:23:39,Cau Sai Gon,Quan 2 ,10.798986343749618,106.72697056646841,45,45,1.0
2025-11-21 06:23:41,Cau Phu My,Q2,10.741860769464234,106.73790365482627,45,45,1.0
2025-11-21 06:23:54,Cau Kenh Te,Q4,10.752408891679814,106.7022703818112,23,34,0.998449
2025-11-21 06:23:56,Cau Thu Thiem,Quan 2,10.786216596454727,106.71836665482695,40,40,1.0
2025-11-21 06:23:57,Nguyen Huu Canh,Binh Thanh,10.78948793356203,106.71518838181179,36,36,1.0
2025-11-21 06:24:11,Cong Hoa,Tan Binh,10.80223925742187,106.6478722259914,34,41,1.0
2025-11-21 06:24:24,Truong Son / Tan Son Nhat Blvd,Gan san bay,10.813928881466124,106.66511432455972,33,33,1.0
2025-11-21 06:24:25,Nguyen Trai,Quan 5,10.755608615763382,106.67347943578082,28,28,1.0
2025-11-21 06:24:27,Le Duan,Quan 1,10.782680856341083,106.70051548181169,30,30,1.0
2025-11-21 06:24:39,Tran Hung Dao ,Quan 5,10.754895139302109,106.67839188181134,25,32,0.995494
2025-11-21 06:24:51,Tran Quoc Thao,Quan 3,10.785070445194592,106.68331340921323,19,26,1.0
2025-11-21 06:24:52,Tran Hung Dao,Quan 5,10.7549373008113,106.67848844133415,25,32,0.995494
2025-11-21 06:24:53,Cach Mang Thang 8 (CMT8),Quan 3,10.77898143649726,106.67684447140958,24,34,1.0
2025-11-21 06:24:54,Pham Ngu Lao / Bui Vien,Quan 1,10.767112828386699,106.6927618222887,16,20,0.95
2025-11-21 06:24:55,Nguyen Thi Minh Khai,Quan 3,10.77847212665258,106.69389510879643,35,41,1.0
2025-11-21 06:24:55,Nguyen Van Troi,Phu Nhuan,10.796057790235078,106.67492629345334,33,33,1.0
2025-11-21 06:24:56,Pham Van Dong,Go Vap,10.835298215641501,106.72935479345391,37,42,0.989692
2025-11-21 06:25:08,Cong truong lam son,Quan 1,10.777562007197462,106.7041335430398,30,30,1.0
2025-11-21 06:25:09,Nguyen Oanh ,Go Vap,10.83886351241477,106.67566625482782,36,36,1.0
2025-11-21 06:25:10,Le Hong Phong,Quan 10,10.765187049751795,106.67550552599073,36,36,1.0
2025-11-21 06:25:11,Nguyen Van Cu,Quan 5,10.759484371982321,106.6840537511244,28,28,1.0
2025-11-21 06:25:12,Nga tu Binh Phuoc,Ngoai o,10.865229381280965,106.72366973948475,40,49,1.0
2025-11-21 06:25:13,Phu My Hung ,Quan 7,10.72279213640514,106.72808623948244,25,37,0.995428
2025-11-21 06:25:25,Nguyen Thai Son,Phu Nhuan,10.823400120373712,106.68551227436063,24,32,0.997648
2025-11-21 06:25:37,An Duong Vuong,Quan 8,10.756158554057757,106.66631758181126,22,29,1.0
2025-11-21 06:25:38,Huynh Tan Phat,Nha Be,10.7144382088356,106.73711688366167,26,35,1.0
2025-11-21 06:25:50,Truong Chinh,Tan Binh ,10.817236653231737,106.63191539530457,28,34,1.0
2025-11-21 06:28:02,Cho Ben Thanh,Quan 1,10.772727584493625,106.69804225297563,25,25,1.0
2025-11-21 06:28:14,Duong Nguyen Hue,Quan 1,10.774028664434528,106.70357076461706,13,28,0.99
2025-11-21 06:28:15,Nguyen Van Linh,Quan 7,10.752616652291238,106.72509685338922,39,39,1.0
2025-11-21 06:28:15,Vo Van Kiet,Quan 5,10.745754766198267,106.65326266831877,42,42,1.0
2025-11-21 06:28:16,Xa lo Ha Noi,QL1A,10.94927106740351,106.87196348224562,31,42,0.988002
2025-11-21 06:28:17,Duong Dien Bien Phu,Quan 1,10.78866360854368,106.69551372228901,37,42,1.0
2025-11-21 06:28:18,Nga tu Hang Xanh,Binh Thanh,10.801406421807085,106.71148440879679,37,42,1.0
2025-11-21 06:28:19,Nga tu An Suong,Hoc Mon,10.843150534972033,106.6151343241409,29,35,1.0
2025-11-21 06:28:20,Ben xe Mien Dong,Quan 9,10.880537767027526,106.81481342866444,43,53,1.0
2025-11-21 06:28:21,Ben xe Mien Tay,Binh Tan,10.740840166521663,106.61899246873142,28,35,0.99932
2025-11-21 06:28:22,Cau Sai Gon,Quan 2 ,10.798986343749618,106.72697056646841,45,45,1.0
2025-11-21 06:28:22,Cau Phu My,Q2,10.741860769464234,106.73790365482627,45,45,1.0
2025-11-21 06:28:23,Cau Kenh Te,Q4,10.752408891679814,106.7022703818112,25,34,1.0
2025-11-21 06:28:24,Cau Thu Thiem,Quan 2,10.786216596454727,106.71836665482695,40,40,1.0
2025-11-21 06:28:25,Nguyen Huu Canh,Binh Thanh,10.78948793356203,106.71518838181179,36,36,1.0
2025-11-21 06:28:26,Cong Hoa,Tan Binh,10.80223925742187,106.6478722259914,32,41,1.0
2025-11-21 06:28:27,Truong Son / Tan Son Nhat Blvd,Gan san bay,10.813928881466124,106.66511432455972,28,33,0.995827
2025-11-21 06:28:30,Nguyen Trai,Quan 5,10.755608615763382,106.67347943578082,21,27,0.97876
2025-11-21 06:28:31,Le Duan,Quan 1,10.782680856341083,106.70051548181169,30,30,1.0
2025-11-21 06:28:34,Tran Hung Dao ,Quan 5,10.754895139302109,106.67839188181134,26,32,0.999479
2025-11-21 06:28:42,Tran Quoc Thao,Quan 3,10.785070445194592,106.68331340921323,28,28,1.0
2025-11-21 06:28:54,Tran Hung Dao,Quan 5,10.7549373008113,106.67848844133415,26,32,0.999479
2025-11-21 06:28:55,Cach Mang Thang 8 (CMT8),Quan 3,10.77898143649726,106.67684447140958,23,34,1.0
2025-11-21 06:28:56,Pham Ngu Lao / Bui Vien,Quan 1,10.767112828386699,106.6927618222887,20,20,1.0
2025-11-21 06:29:08,Nguyen Thi Minh Khai,Quan 3,10.77847212665258,106.69389510879643,34,41,1.0
2025-11-21 06:29:09,Nguyen Van Troi,Phu Nhuan,10.796057790235078,106.67492629345334,33,33,1.0
2025-11-21 06:29:10,Pham Van Dong,Go Vap,10.835298215641501,106.72935479345391,35,42,0.991332
2025-11-21 06:29:11,Cong truong lam son,Quan 1,10.777562007197462,106.7041335430398,25,30,1.0
2025-11-21 06:29:12,Nguyen Oanh ,Go Vap,10.83886351241477,106.67566625482782,36,36,1.0
2025-11-21 06:29:12,Le Hong Phong,Quan 10,10.765187049751795,106.67550552599073,36,36,1.0
2025-11-21 06:29:24,Nguyen Van Cu,Quan 5,10.759484371982321,106.6840537511244,20,27,0.984753
2025-11-21 06:29:36,Nga tu Binh Phuoc,Ngoai o,10.865229381280965,106.72366973948475,40,48,1.0
2025-11-21 06:29:47,Phu My Hung ,Quan 7,10.72279213640514,106.72808623948244,26,37,1.0
2025-11-21 06:29:48,Nguyen Thai Son,Phu Nhuan,10.823400120373712,106.68551227436063,21,32,0.995295
2025-11-21 06:29:49,An Duong Vuong,Quan 8,10.756158554057757,106.66631758181126,30,30,1.0
2025-11-21 06:29:50,Huynh Tan Phat,Nha Be,10.7144382088356,106.73711688366167,24,35,1.0
2025-11-21 06:29:51,Truong Chinh,Tan Binh ,10.817236653231737,106.63191539530457,28,35,1.0
2025-11-21 06:32:03,Cho Ben Thanh,Quan 1,10.772727584493625,106.69804225297563,25,25,1.0
2025-11-21 06:32:04,Duong Nguyen Hue,Quan 1,10.774028664434528,106.70357076461706,29,29,1.0
2025-11-21 06:32:05,Nguyen Van Linh,Quan 7,10.752616652291238,106.72509685338922,39,39,1.0
2025-11-21 06:32:06,Vo Van Kiet,Quan 5,10.745754766198267,106.65326266831877,42,42,1.0
2025-11-21 06:32:07,Xa lo Ha Noi,QL1A,10.94927106740351,106.87196348224562,29,42,0.994001
2025-11-21 06:32:07,Duong Dien Bien Phu,Quan 1,10.78866360854368,106.69551372228901,37,42,1.0
2025-11-21 06:32:19,Nga tu Hang Xanh,Binh Thanh,10.801406421807085,106.71148440879679,38,42,1.0
2025-11-21 06:32:31,Nga tu An Suong,Hoc Mon,10.843150534972033,106.6151343241409,27,35,1.0
2025-11-21 06:32:32,Ben xe Mien Dong,Quan 9,10.880537767027526,106.81481342866444,43,53,1.0
2025-11-21 06:32:44,Ben xe Mien Tay,Binh Tan,10.740840166521663,106.61899246873142,27,35,0.99932
2025-11-21 06:32:45,Cau Sai Gon,Quan 2 ,10.798986343749618,106.72697056646841,45,45,1.0
2025-11-21 06:32:46,Cau Phu My,Q2,10.741860769464234,106.73790365482627,45,45,1.0
2025-11-21 06:32:47,Cau Kenh Te,Q4,10.752408891679814,106.7022703818112,25,34,1.0
2025-11-21 06:32:48,Cau Thu Thiem,Quan 2,10.786216596454727,106.71836665482695,40,40,1.0
2025-11-21 06:32:49,Nguyen Huu Canh,Binh Thanh,10.78948793356203,106.71518838181179,36,36,1.0
2025-11-21 06:33:01,Cong Hoa,Tan Binh,10.80223925742187,106.6478722259914,33,40,1.0
2025-11-21 06:33:13,Truong Son / Tan Son Nhat Blvd,Gan san bay,10.813928881466124,106.66511432455972,33,33,1.0
2025-11-21 06:33:25,Nguyen Trai,Quan 5,10.755608615763382,106.67347943578082,22,27,0.985818
2025-11-21 06:33:37,Le Duan,Quan 1,10.782680856341083,106.70051548181169,24,30,1.0
2025-11-21 06:33:38,Tran Hung Dao ,Quan 5,10.754895139302109,106.67839188181134,25,33,0.999479
2025-11-21 06:33:38,Tran Quoc Thao,Quan 3,10.785070445194592,106.68331340921323,23,27,1.0
2025-11-21 06:33:39,Tran Hung Dao,Quan 5,10.7549373008113,106.67848844133415,25,33,0.999479
2025-11-21 06:33:40,Cach Mang Thang 8 (CMT8),Quan 3,10.77898143649726,106.67684447140958,24,34,1.0
2025-11-21 06:33:52,Pham Ngu Lao / Bui Vien,Quan 1,10.767112828386699,106.6927618222887,20,20,1.0
2025-11-21 06:34:04,Nguyen Thi Minh Khai,Quan 3,10.77847212665258,106.69389510879643,33,41,1.0
2025-11-21 06:34:05,Nguyen Van Troi,Phu Nhuan,10.796057790235078,106.67492629345334,33,33,1.0
2025-11-21 06:34:06,Pham Van Dong,Go Vap,10.835298215641501,106.72935479345391,36,43,0.992387
2025-11-21 06:34:07,Cong truong lam son,Quan 1,10.777562007197462,106.7041335430398,25,30,1.0
2025-11-21 06:34:08,Nguyen Oanh ,Go Vap,10.83886351241477,106.67566625482782,36,36,1.0
2025-11-21 06:34:09,Le Hong Phong,Quan 10,10.765187049751795,106.67550552599073,24,35,1.0
2025-11-21 06:34:10,Nguyen Van Cu,Quan 5,10.759484371982321,106.6840537511244,23,27,0.985871
2025-11-21 06:34:11,Nga tu Binh Phuoc,Ngoai o,10.865229381280965,106.72366973948475,39,49,1.0
2025-11-21 06:34:23,Phu My Hung ,Quan 7,10.72279213640514,106.72808623948244,26,37,0.997578
2025-11-21 06:34:24,Nguyen Thai Son,Phu Nhuan,10.823400120373712,106.68551227436063,22,32,0.995295
2025-11-21 06:34:25,An Duong Vuong,Quan 8,10.756158554057757,106.66631758181126,30,30,1.0
2025-11-21 06:34:25,Huynh Tan Phat,Nha Be,10.7144382088356,106.73711688366167,24,35,1.0
2025-11-21 06:34:26,Truong Chinh,Tan Binh ,10.817236653231737,106.63191539530457,27,35,1.0
2025-11-21 06:36:27,Cho Ben Thanh,Quan 1,10.772727584493625,106.69804225297563,25,25,1.0
2025-11-21 06:36:28,Duong Nguyen Hue,Quan 1,10.774028664434528,106.70357076461706,29,29,1.0
2025-11-21 06:36:29,Nguyen Van Linh,Quan 7,10.752616652291238,106.72509685338922,39,39,1.0
2025-11-21 06:36:30,Vo Van Kiet,Quan 5,10.745754766198267,106.65326266831877,42,42,1.0
2025-11-21 06:36:31,Xa lo Ha Noi,QL1A,10.94927106740351,106.87196348224562,33,42,0.994001
2025-11-21 06:36:43,Duong Dien Bien Phu,Quan 1,10.78866360854368,106.69551372228901,42,42,1.0
2025-11-21 06:36:55,Nga tu Hang Xanh,Binh Thanh,10.801406421807085,106.71148440879679,37,42,1.0
2025-11-21 06:36:56,Nga tu An Suong,Hoc Mon,10.843150534972033,106.6151343241409,27,35,1.0
2025-11-21 06:36:57,Ben xe Mien Dong,Quan 9,10.880537767027526,106.81481342866444,42,53,1.0
2025-11-21 06:36:58,Ben xe Mien Tay,Binh Tan,10.740840166521663,106.61899246873142,27,36,1.0
2025-11-21 06:36:58,Cau Sai Gon,Quan 2 ,10.798986343749618,106.72697056646841,45,45,1.0
2025-11-21 06:36:59,Cau Phu My,Q2,10.741860769464234,106.73790365482627,45,45,1.0
2025-11-21 06:37:11,Cau Kenh Te,Q4,10.752408891679814,106.7022703818112,25,34,1.0
2025-11-21 06:37:23,Cau Thu Thiem,Quan 2,10.786216596454727,106.71836665482695,40,40,1.0
2025-11-21 06:37:35,Nguyen Huu Canh,Binh Thanh,10.78948793356203,106.71518838181179,36,36,1.0
2025-11-21 06:37:36,Cong Hoa,Tan Binh,10.80223925742187,106.6478722259914,31,41,1.0
2025-11-21 06:37:37,Truong Son / Tan Son Nhat Blvd,Gan san bay,10.813928881466124,106.66511432455972,26,33,0.994763
2025-11-21 06:37:38,Nguyen Trai,Quan 5,10.755608615763382,106.67347943578082,28,28,1.0
2025-11-21 06:37:39,Le Duan,Quan 1,10.782680856341083,106.70051548181169,23,30,1.0
2025-11-21 06:37:51,Tran Hung Dao ,Quan 5,10.754895139302109,106.67839188181134,23,32,1.0
2025-11-21 06:38:03,Tran Quoc Thao,Quan 3,10.785070445194592,106.68331340921323,21,26,1.0
2025-11-21 06:38:04,Tran Hung Dao,Quan 5,10.7549373008113,106.67848844133415,23,32,1.0
2025-11-21 06:38:04,Cach Mang Thang 8 (CMT8),Quan 3,10.77898143649726,106.67684447140958,23,34,1.0
2025-11-21 06:38:05,Pham Ngu Lao / Bui Vien,Quan 1,10.767112828386699,106.6927618222887,20,20,1.0
2025-11-21 06:38:06,Nguyen Thi Minh Khai,Quan 3,10.77847212665258,106.69389510879643,32,41,1.0
2025-11-21 06:38:07,Nguyen Van Troi,Phu Nhuan,10.796057790235078,106.67492629345334,26,33,0.995469
2025-11-21 06:38:08,Pham Van Dong,Go Vap,10.835298215641501,106.72935479345391,34,42,0.988686
2025-11-21 06:38:09,Cong truong lam son,Quan 1,10.777562007197462,106.7041335430398,23,30,1.0
2025-11-21 06:38:21,Nguyen Oanh ,Go Vap,10.83886351241477,106.67566625482782,30,36,0.997408
2025-11-21 06:38:33,Le Hong Phong,Quan 10,10.765187049751795,106.67550552599073,36,36,1.0
2025-11-21 06:38:34,Nguyen Van Cu,Quan 5,10.759484371982321,106.6840537511244,28,28,1.0
2025-11-21 06:38:35,Nga tu Binh Phuoc,Ngoai o,10.865229381280965,106.72366973948475,39,49,1.0
2025-11-21 06:38:36,Phu My Hung ,Quan 7,10.72279213640514,106.72808623948244,25,36,1.0
2025-11-21 06:38:37,Nguyen Thai Son,Phu Nhuan,10.823400120373712,106.68551227436063,21,31,0.997104
2025-11-21 06:38:38,An Duong Vuong,Quan 8,10.756158554057757,106.66631758181126,30,30,1.0
2025-11-21 06:38:50,Huynh Tan Phat,Nha Be,10.7144382088356,106.73711688366167,24,35,1.0
2025-11-21 06:38:51,Truong Chinh,Tan Binh ,10.817236653231737,106.63191539530457,27,35,1.0
2025-11-21 06:41:03,Cho Ben Thanh,Quan 1,10.772727584493625,106.69804225297563,25,25,1.0
2025-11-21 06:41:04,Duong Nguyen Hue,Quan 1,10.774028664434528,106.70357076461706,29,29,1.0
2025-11-21 06:41:05,Nguyen Van Linh,Quan 7,10.752616652291238,106.72509685338922,39,39,1.0
2025-11-21 06:41:05,Vo Van Kiet,Quan 5,10.745754766198267,106.65326266831877,42,42,1.0
2025-11-21 06:41:06,Xa lo Ha Noi,QL1A,10.94927106740351,106.87196348224562,31,41,1.0
2025-11-21 06:41:07,Duong Dien Bien Phu,Quan 1,10.78866360854368,106.69551372228901,36,41,1.0
2025-11-21 06:41:08,Nga tu Hang Xanh,Binh Thanh,10.801406421807085,106.71148440879679,36,41,1.0
2025-11-21 06:41:20,Nga tu An Suong,Hoc Mon,10.843150534972033,106.6151343241409,28,35,1.0
2025-11-21 06:41:32,Ben xe Mien Dong,Quan 9,10.880537767027526,106.81481342866444,42,53,1.0
2025-11-21 06:41:44,Ben xe Mien Tay,Binh Tan,10.740840166521663,106.61899246873142,26,35,1.0
2025-11-21 06:41:45,Cau Sai Gon,Quan 2 ,10.798986343749618,106.72697056646841,45,45,1.0
2025-11-21 06:41:46,Cau Phu My,Q2,10.741860769464234,106.73790365482627,45,45,1.0
2025-11-21 06:41:47,Cau Kenh Te,Q4,10.752408891679814,106.7022703818112,22,34,1.0
2025-11-21 06:41:48,Cau Thu Thiem,Quan 2,10.786216596454727,106.71836665482695,40,40,1.0
2025-11-21 06:41:49,Nguyen Huu Canh,Binh Thanh,10.78948793356203,106.71518838181179,36,36,1.0
2025-11-21 06:41:56,Cong Hoa,Tan Binh,10.80223925742187,106.6478722259914,30,40,1.0
2025-11-21 06:41:57,Truong Son / Tan Son Nhat Blvd,Gan san bay,10.813928881466124,106.66511432455972,26,33,0.995435
2025-11-21 06:41:58,Nguyen Trai,Quan 5,10.755608615763382,106.67347943578082,23,27,0.987474
2025-11-21 06:41:59,Le Duan,Quan 1,10.782680856341083,106.70051548181169,24,30,1.0
2025-11-21 06:42:00,Tran Hung Dao ,Quan 5,10.754895139302109,106.67839188181134,24,32,1.0
2025-11-21 06:42:01,Tran Quoc Thao,Quan 3,10.785070445194592,106.68331340921323,22,28,1.0
2025-11-21 06:42:08,Tran Hung Dao,Quan 5,10.7549373008113,106.67848844133415,24,32,1.0
2025-11-21 06:42:09,Cach Mang Thang 8 (CMT8),Quan 3,10.77898143649726,106.67684447140958,23,34,1.0
2025-11-21 06:42:10,Pham Ngu Lao / Bui Vien,Quan 1,10.767112828386699,106.6927618222887,20,20,1.0
2025-11-21 06:42:11,Nguyen Thi Minh Khai,Quan 3,10.77847212665258,106.69389510879643,31,42,1.0
2025-11-21 06:42:12,Nguyen Van Troi,Phu Nhuan,10.796057790235078,106.67492629345334,26,34,0.994718
2025-11-21 06:42:13,Pham Van Dong,Go Vap,10.835298215641501,106.72935479345391,36,42,0.978124
2025-11-21 06:42:25,Cong truong lam son,Quan 1,10.777562007197462,106.7041335430398,23,30,1.0
2025-11-21 06:42:37,Nguyen Oanh ,Go Vap,10.83886351241477,106.67566625482782,27,36,1.0
2025-11-21 06:42:38,Le Hong Phong,Quan 10,10.765187049751795,106.67550552599073,25,35,1.0
2025-11-21 06:42:39,Nguyen Van Cu,Quan 5,10.759484371982321,106.6840537511244,28,28,1.0
2025-11-21 06:42:40,Nga tu Binh Phuoc,Ngoai o,10.865229381280965,106.72366973948475,39,49,1.0
2025-11-21 06:42:52,Phu My Hung ,Quan 7,10.72279213640514,106.72808623948244,24,37,1.0
2025-11-21 06:43:04,Nguyen Thai Son,Phu Nhuan,10.823400120373712,106.68551227436063,21,32,1.0
2025-11-21 06:43:05,An Duong Vuong,Quan 8,10.756158554057757,106.66631758181126,24,28,1.0
2025-11-21 06:43:05,Huynh Tan Phat,Nha Be,10.7144382088356,106.73711688366167,23,35,1.0
2025-11-21 06:43:06,Truong Chinh,Tan Binh ,10.817236653231737,106.63191539530457,27,35,1.0
2025-11-21 06:45:07,Cho Ben Thanh,Quan 1,10.772727584493625,106.69804225297563,25,25,1.0
2025-11-21 06:45:08,Duong Nguyen Hue,Quan 1,10.774028664434528,106.70357076461706,29,29,1.0
2025-11-21 06:45:09,Nguyen Van Linh,Quan 7,10.752616652291238,106.72509685338922,39,39,1.0
2025-11-21 06:45:21,Vo Van Kiet,Quan 5,10.745754766198267,106.65326266831877,42,42,1.0
2025-11-21 06:45:33,Xa lo Ha Noi,QL1A,10.94927106740351,106.87196348224562,29,42,0.994001
2025-11-21 06:45:34,Duong Dien Bien Phu,Quan 1,10.78866360854368,106.69551372228901,35,42,1.0
2025-11-21 06:45:35,Nga tu Hang Xanh,Binh Thanh,10.801406421807085,106.71148440879679,35,42,1.0
2025-11-21 06:45:36,Nga tu An Suong,Hoc Mon,10.843150534972033,106.6151343241409,25,35,1.0
2025-11-21 06:45:37,Ben xe Mien Dong,Quan 9,10.880537767027526,106.81481342866444,43,53,1.0
2025-11-21 06:45:38,Ben xe Mien Tay,Binh Tan,10.740840166521663,106.61899246873142,25,35,0.999559
2025-11-21 06:45:39,Cau Sai Gon,Quan 2 ,10.798986343749618,106.72697056646841,45,45,1.0
2025-11-21 06:45:39,Cau Phu My,Q2,10.741860769464234,106.73790365482627,45,45,1.0
2025-11-21 06:45:51,Cau Kenh Te,Q4,10.752408891679814,106.7022703818112,21,34,1.0
2025-11-21 06:46:04,Cau Thu Thiem,Quan 2,10.786216596454727,106.71836665482695,40,40,1.0
2025-11-21 06:46:15,Nguyen Huu Canh,Binh Thanh,10.78948793356203,106.71518838181179,27,36,1.0
2025-11-21 06:46:16,Cong Hoa,Tan Binh,10.80223925742187,106.6478722259914,31,41,1.0
2025-11-21 06:46:17,Truong Son / Tan Son Nhat Blvd,Gan san bay,10.813928881466124,106.66511432455972,26,33,0.994569
2025-11-21 06:46:18,Nguyen Trai,Quan 5,10.755608615763382,106.67347943578082,19,28,0.990059
2025-11-21 06:46:19,Le Duan,Quan 1,10.782680856341083,106.70051548181169,23,31,1.0
2025-11-21 06:46:20,Tran Hung Dao ,Quan 5,10.754895139302109,106.67839188181134,25,34,1.0
2025-11-21 06:46:31,Tran Quoc Thao,Quan 3,10.785070445194592,106.68331340921323,18,28,1.0
2025-11-21 06:46:43,Tran Hung Dao,Quan 5,10.7549373008113,106.67848844133415,25,33,1.0
2025-11-21 06:46:55,Cach Mang Thang 8 (CMT8),Quan 3,10.77898143649726,106.67684447140958,21,34,1.0
2025-11-21 06:46:56,Pham Ngu Lao / Bui Vien,Quan 1,10.767112828386699,106.6927618222887,20,20,1.0
2025-11-21 06:46:57,Nguyen Thi Minh Khai,Quan 3,10.77847212665258,106.69389510879643,31,41,1.0
2025-11-21 06:46:58,Nguyen Van Troi,Phu Nhuan,10.796057790235078,106.67492629345334,25,34,0.994886
2025-11-21 06:46:59,Pham Van Dong,Go Vap,10.835298215641501,106.72935479345391,32,42,0.988054
2025-11-21 06:46:59,Cong truong lam son,Quan 1,10.777562007197462,106.7041335430398,22,30,1.0
2025-11-21 06:47:00,Nguyen Oanh ,Go Vap,10.83886351241477,106.67566625482782,28,36,0.996417
2025-11-21 06:47:01,Le Hong Phong,Quan 10,10.765187049751795,106.67550552599073,28,35,1.0
2025-11-21 06:47:13,Nguyen Van Cu,Quan 5,10.759484371982321,106.6840537511244,20,28,0.974643
2025-11-21 06:47:25,Nga tu Binh Phuoc,Ngoai o,10.865229381280965,106.72366973948475,39,49,1.0
2025-11-21 06:47:26,Phu My Hung ,Quan 7,10.72279213640514,106.72808623948244,25,37,1.0
2025-11-21 06:47:27,Nguyen Thai Son,Phu Nhuan,10.823400120373712,106.68551227436063,20,31,1.0
2025-11-21 06:47:28,An Duong Vuong,Quan 8,10.756158554057757,106.66631758181126,26,30,1.0
2025-11-21 06:47:29,Huynh Tan Phat,Nha Be,10.7144382088356,106.73711688366167,22,35,1.0
2025-11-21 06:47:30,Truong Chinh,Tan Binh ,10.817236653231737,106.63191539530457,24,35,1.0
2025-11-21 06:49:31,Cho Ben Thanh,Quan 1,10.772727584493625,106.69804225297563,17,24,0.983695
2025-11-21 06:49:32,Duong Nguyen Hue,Quan 1,10.774028664434528,106.70357076461706,29,29,1.0
2025-11-21 06:49:32,Nguyen Van Linh,Quan 7,10.752616652291238,106.72509685338922,39,39,1.0
2025-11-21 06:49:45,Vo Van Kiet,Quan 5,10.745754766198267,106.65326266831877,42,42,1.0
2025-11-21 06:49:57,Xa lo Ha Noi,QL1A,10.94927106740351,106.87196348224562,28,42,1.0
2025-11-21 06:49:57,Duong Dien Bien Phu,Quan 1,10.78866360854368,106.69551372228901,35,42,1.0
2025-11-21 06:49:58,Nga tu Hang Xanh,Binh Thanh,10.801406421807085,106.71148440879679,35,42,1.0
2025-11-21 06:49:59,Nga tu An Suong,Hoc Mon,10.843150534972033,106.6151343241409,27,35,1.0
2025-11-21 06:50:00,Ben xe Mien Dong,Quan 9,10.880537767027526,106.81481342866444,43,53,1.0
2025-11-21 06:50:01,Ben xe Mien Tay,Binh Tan,10.740840166521663,106.61899246873142,25,35,1.0
2025-11-21 06:50:13,Cau Sai Gon,Quan 2 ,10.798986343749618,106.72697056646841,45,45,1.0
2025-11-21 06:50:26,Cau Phu My,Q2,10.741860769464234,106.73790365482627,45,45,1.0
2025-11-21 06:50:27,Cau Kenh Te,Q4,10.752408891679814,106.7022703818112,19,33,1.0
2025-11-21 06:50:38,Cau Thu Thiem,Quan 2,10.786216596454727,106.71836665482695,40,40,1.0
2025-11-21 06:50:38,Nguyen Huu Canh,Binh Thanh,10.78948793356203,106.71518838181179,36,36,1.0
2025-11-21 06:50:39,Cong Hoa,Tan Binh,10.80223925742187,106.6478722259914,29,41,1.0
2025-11-21 06:50:40,Truong Son / Tan Son Nhat Blvd,Gan san bay,10.813928881466124,106.66511432455972,25,33,0.995301
2025-11-21 06:50:41,Nguyen Trai,Quan 5,10.755608615763382,106.67347943578082,20,27,0.977062
2025-11-21 06:50:49,Le Duan,Quan 1,10.782680856341083,106.70051548181169,24,30,1.0
2025-11-21 06:50:50,Tran Hung Dao ,Quan 5,10.754895139302109,106.67839188181134,23,33,1.0
2025-11-21 06:50:51,Tran Quoc Thao,Quan 3,10.785070445194592,106.68331340921323,20,28,1.0
2025-11-21 06:50:52,Tran Hung Dao,Quan 5,10.7549373008113,106.67848844133415,23,33,1.0
2025-11-21 06:50:52,Cach Mang Thang 8 (CMT8),Quan 3,10.77898143649726,106.67684447140958,21,34,1.0
2025-11-21 06:50:53,Pham Ngu Lao / Bui Vien,Quan 1,10.767112828386699,106.6927618222887,20,20,1.0
2025-11-21 06:50:54,Nguyen Thi Minh Khai,Quan 3,10.77847212665258,106.69389510879643,30,41,1.0
2025-11-21 06:50:55,Nguyen Van Troi,Phu Nhuan,10.796057790235078,106.67492629345334,25,33,0.995847
2025-11-21 06:50:56,Pham Van Dong,Go Vap,10.835298215641501,106.72935479345391,33,42,0.99169
2025-11-21 06:50:57,Cong truong lam son,Quan 1,10.777562007197462,106.7041335430398,24,30,1.0
2025-11-21 06:50:58,Nguyen Oanh ,Go Vap,10.83886351241477,106.67566625482782,27,36,0.998086
2025-11-21 06:50:59,Le Hong Phong,Quan 10,10.765187049751795,106.67550552599073,25,36,1.0
2025-11-21 06:51:01,Nguyen Van Cu,Quan 5,10.759484371982321,106.6840537511244,20,27,0.97
2025-11-21 06:51:02,Nga tu Binh Phuoc,Ngoai o,10.865229381280965,106.72366973948475,39,49,1.0
2025-11-21 06:51:02,Phu My Hung ,Quan 7,10.72279213640514,106.72808623948244,25,37,0.997995
2025-11-21 06:51:03,Nguyen Thai Son,Phu Nhuan,10.823400120373712,106.68551227436063,22,31,1.0
2025-11-21 06:51:04,An Duong Vuong,Quan 8,10.756158554057757,106.66631758181126,23,29,1.0
2025-11-21 06:51:05,Huynh Tan Phat,Nha Be,10.7144382088356,106.73711688366167,22,35,1.0
2025-11-21 06:51:16,Truong Chinh,Tan Binh ,10.817236653231737,106.63191539530457,26,35,1.0
2025-11-21 06:53:28,Cho Ben Thanh,Quan 1,10.772727584493625,106.69804225297563,19,24,0.983695
2025-11-21 06:53:29,Duong Nguyen Hue,Quan 1,10.774028664434528,106.70357076461706,29,29,1.0
2025-11-21 06:53:30,Nguyen Van Linh,Quan 7,10.752616652291238,106.72509685338922,39,39,1.0
2025-11-21 06:53:31,Vo Van Kiet,Quan 5,10.745754766198267,106.65326266831877,42,42,1.0
2025-11-21 06:53:32,Xa lo Ha Noi,QL1A,10.94927106740351,106.87196348224562,28,41,1.0
2025-11-21 06:53:33,Duong Dien Bien Phu,Quan 1,10.78866360854368,106.69551372228901,34,42,1.0
2025-11-21 06:53:45,Nga tu Hang Xanh,Binh Thanh,10.801406421807085,106.71148440879679,34,42,1.0
2025-11-21 06:53:57,Nga tu An Suong,Hoc Mon,10.843150534972033,106.6151343241409,25,35,1.0
2025-11-21 06:53:58,Ben xe Mien Dong,Quan 9,10.880537767027526,106.81481342866444,44,53,1.0
2025-11-21 06:53:59,Ben xe Mien Tay,Binh Tan,10.740840166521663,106.61899246873142,24,35,1.0
2025-11-21 06:54:00,Cau Sai Gon,Quan 2 ,10.798986343749618,106.72697056646841,45,45,1.0
2025-11-21 06:54:01,Cau Phu My,Q2,10.741860769464234,106.73790365482627,45,45,1.0
2025-11-21 06:54:02,Cau Kenh Te,Q4,10.752408891679814,106.7022703818112,19,34,1.0
2025-11-21 06:54:09,Cau Thu Thiem,Quan 2,10.786216596454727,106.71836665482695,40,40,1.0
2025-11-21 06:54:10,Nguyen Huu Canh,Binh Thanh,10.78948793356203,106.71518838181179,24,34,1.0
2025-11-21 06:54:10,Cong Hoa,Tan Binh,10.80223925742187,106.6478722259914,28,41,1.0
2025-11-21 06:54:11,Truong Son / Tan Son Nhat Blvd,Gan san bay,10.813928881466124,106.66511432455972,26,34,0.997914
2025-11-21 06:54:12,Nguyen Trai,Quan 5,10.755608615763382,106.67347943578082,20,27,0.988778
2025-11-21 06:54:13,Le Duan,Quan 1,10.782680856341083,106.70051548181169,23,30,1.0
2025-11-21 06:54:25,Tran Hung Dao ,Quan 5,10.754895139302109,106.67839188181134,24,33,1.0
2025-11-21 06:54:37,Tran Quoc Thao,Quan 3,10.785070445194592,106.68331340921323,21,27,1.0
2025-11-21 06:54:38,Tran Hung Dao,Quan 5,10.7549373008113,106.67848844133415,23,33,1.0
2025-11-21 06:54:39,Cach Mang Thang 8 (CMT8),Quan 3,10.77898143649726,106.67684447140958,21,34,1.0
2025-11-21 06:54:40,Pham Ngu Lao / Bui Vien,Quan 1,10.767112828386699,106.6927618222887,20,20,1.0
2025-11-21 06:54:41,Nguyen Thi Minh Khai,Quan 3,10.77847212665258,106.69389510879643,30,41,1.0
2025-11-21 06:54:42,Nguyen Van Troi,Phu Nhuan,10.796057790235078,106.67492629345334,26,34,0.997651
2025-11-21 06:54:54,Pham Van Dong,Go Vap,10.835298215641501,106.72935479345391,32,42,0.995408
2025-11-21 06:55:06,Cong truong lam son,Quan 1,10.777562007197462,106.7041335430398,22,30,1.0
2025-11-21 06:55:07,Nguyen Oanh ,Go Vap,10.83886351241477,106.67566625482782,27,35,0.998084
2025-11-21 06:55:07,Le Hong Phong,Quan 10,10.765187049751795,106.67550552599073,26,36,1.0
2025-11-21 06:55:08,Nguyen Van Cu,Quan 5,10.759484371982321,106.6840537511244,19,28,0.988751
2025-11-21 06:55:09,Nga tu Binh Phuoc,Ngoai o,10.865229381280965,106.72366973948475,38,49,1.0
2025-11-21 06:55:10,Phu My Hung ,Quan 7,10.72279213640514,106.72808623948244,25,38,0.997754
2025-11-21 06:55:22,Nguyen Thai Son,Phu Nhuan,10.823400120373712,106.68551227436063,22,32,1.0
2025-11-21 06:55:34,An Duong Vuong,Quan 8,10.756158554057757,106.66631758181126,19,29,1.0
2025-11-21 06:55:46,Huynh Tan Phat,Nha Be,10.7144382088356,106.73711688366167,22,35,1.0
2025-11-21 06:55:58,Truong Chinh,Tan Binh ,10.817236653231737,106.63191539530457,26,35,1.0
2025-11-21 06:57:59,Cho Ben Thanh,Quan 1,10.772727584493625,106.69804225297563,19,25,0.991105
2025-11-21 06:58:00,Duong Nguyen Hue,Quan 1,10.774028664434528,106.70357076461706,29,29,1.0
2025-11-21 06:58:01,Nguyen Van Linh,Quan 7,10.752616652291238,106.72509685338922,39,39,1.0
2025-11-21 06:58:02,Vo Van Kiet,Quan 5,10.745754766198267,106.65326266831877,42,42,1.0
2025-11-21 06:58:03,Xa lo Ha Noi,QL1A,10.94927106740351,106.87196348224562,29,43,1.0
2025-11-21 06:58:10,Duong Dien Bien Phu,Quan 1,10.78866360854368,106.69551372228901,34,41,1.0
2025-11-21 06:58:11,Nga tu Hang Xanh,Binh Thanh,10.801406421807085,106.71148440879679,34,41,1.0
2025-11-21 06:58:12,Nga tu An Suong,Hoc Mon,10.843150534972033,106.6151343241409,25,35,1.0
2025-11-21 06:58:13,Ben xe Mien Dong,Quan 9,10.880537767027526,106.81481342866444,41,53,1.0
2025-11-21 06:58:14,Ben xe Mien Tay,Binh Tan,10.740840166521663,106.61899246873142,25,35,1.0
2025-11-21 06:58:15,Cau Sai Gon,Quan 2 ,10.798986343749618,106.72697056646841,45,45,1.0
2025-11-21 06:58:22,Cau Phu My,Q2,10.741860769464234,106.73790365482627,45,45,1.0
2025-11-21 06:58:23,Cau Kenh Te,Q4,10.752408891679814,106.7022703818112,21,34,1.0
2025-11-21 06:58:24,Cau Thu Thiem,Quan 2,10.786216596454727,106.71836665482695,40,40,1.0
2025-11-21 06:58:25,Nguyen Huu Canh,Binh Thanh,10.78948793356203,106.71518838181179,26,35,1.0
2025-11-21 06:58:26,Cong Hoa,Tan Binh,10.80223925742187,106.6478722259914,31,40,1.0
2025-11-21 06:58:27,Truong Son / Tan Son Nhat Blvd,Gan san bay,10.813928881466124,106.66511432455972,23,33,0.995081
2025-11-21 06:58:27,Nguyen Trai,Quan 5,10.755608615763382,106.67347943578082,17,27,0.992856
2025-11-21 06:58:34,Le Duan,Quan 1,10.782680856341083,106.70051548181169,20,30,1.0
2025-11-21 06:58:35,Tran Hung Dao ,Quan 5,10.754895139302109,106.67839188181134,23,33,1.0
2025-11-21 06:58:36,Tran Quoc Thao,Quan 3,10.785070445194592,106.68331340921323,18,28,1.0
2025-11-21 06:58:37,Tran Hung Dao,Quan 5,10.7549373008113,106.67848844133415,23,33,1.0
2025-11-21 06:58:38,Cach Mang Thang 8 (CMT8),Quan 3,10.77898143649726,106.67684447140958,21,34,1.0
2025-11-21 06:58:39,Pham Ngu Lao / Bui Vien,Quan 1,10.767112828386699,106.6927618222887,20,20,1.0
2025-11-21 06:58:51,Nguyen Thi Minh Khai,Quan 3,10.77847212665258,106.69389510879643,30,42,1.0
2025-11-21 06:59:03,Nguyen Van Troi,Phu Nhuan,10.796057790235078,106.67492629345334,23,33,0.995081
2025-11-21 06:59:04,Pham Van Dong,Go Vap,10.835298215641501,106.72935479345391,34,42,0.994047
2025-11-21 06:59:04,Cong truong lam son,Quan 1,10.777562007197462,106.7041335430398,20,30,1.0
2025-11-21 06:59:05,Nguyen Oanh ,Go Vap,10.83886351241477,106.67566625482782,27,36,0.99741
2025-11-21 06:59:06,Le Hong Phong,Quan 10,10.765187049751795,106.67550552599073,27,36,1.0
2025-11-21 06:59:07,Nguyen Van Cu,Quan 5,10.759484371982321,106.6840537511244,17,27,0.992856
2025-11-21 06:59:08,Nga tu Binh Phuoc,Ngoai o,10.865229381280965,106.72366973948475,37,49,1.0
2025-11-21 06:59:09,Phu My Hung ,Quan 7,10.72279213640514,106.72808623948244,24,37,0.996599
2025-11-21 06:59:10,Nguyen Thai Son,Phu Nhuan,10.823400120373712,106.68551227436063,22,31,1.0
2025-11-21 06:59:22,An Duong Vuong,Quan 8,10.756158554057757,106.66631758181126,23,30,1.0
2025-11-21 06:59:34,Huynh Tan Phat,Nha Be,10.7144382088356,106.73711688366167,22,36,1.0
2025-11-21 06:59:34,Truong Chinh,Tan Binh ,10.817236653231737,106.63191539530457,25,35,1.0
2025-11-21 07:01:46,Cho Ben Thanh,Quan 1,10.772727584493625,106.69804225297563,19,24,0.99259
2025-11-21 07:01:47,Duong Nguyen Hue,Quan 1,10.774028664434528,106.70357076461706,29,29,1.0
2025-11-21 07:01:48,Nguyen Van Linh,Quan 7,10.752616652291238,106.72509685338922,39,39,1.0
2025-11-21 07:01:49,Vo Van Kiet,Quan 5,10.745754766198267,106.65326266831877,42,42,1.0
2025-11-21 07:01:50,Xa lo Ha Noi,QL1A,10.94927106740351,106.87196348224562,31,41,1.0
2025-11-21 07:02:02,Duong Dien Bien Phu,Quan 1,10.78866360854368,106.69551372228901,33,42,1.0
2025-11-21 07:02:14,Nga tu Hang Xanh,Binh Thanh,10.801406421807085,106.71148440879679,34,42,1.0
2025-11-21 07:02:15,Nga tu An Suong,Hoc Mon,10.843150534972033,106.6151343241409,25,35,1.0
2025-11-21 07:02:16,Ben xe Mien Dong,Quan 9,10.880537767027526,106.81481342866444,43,53,1.0
2025-11-21 07:02:28,Ben xe Mien Tay,Binh Tan,10.740840166521663,106.61899246873142,23,35,1.0
2025-11-21 07:02:39,Cau Sai Gon,Quan 2 ,10.798986343749618,106.72697056646841,45,45,1.0
2025-11-21 07:02:40,Cau Phu My,Q2,10.741860769464234,106.73790365482627,45,45,1.0
2025-11-21 07:02:41,Cau Kenh Te,Q4,10.752408891679814,106.7022703818112,20,34,1.0
2025-11-21 07:02:42,Cau Thu Thiem,Quan 2,10.786216596454727,106.71836665482695,40,40,1.0
2025-11-21 07:02:54,Nguyen Huu Canh,Binh Thanh,10.78948793356203,106.71518838181179,24,35,1.0
2025-11-21 07:02:55,Cong Hoa,Tan Binh,10.80223925742187,106.6478722259914,26,40,1.0
2025-11-21 07:02:56,Truong Son / Tan Son Nhat Blvd,Gan san bay,10.813928881466124,106.66511432455972,24,33,0.997916
2025-11-21 07:03:18,Nguyen Trai,Quan 5,10.755608615763382,106.67347943578082,19,28,0.988613
2025-11-21 07:03:19,Le Duan,Quan 1,10.782680856341083,106.70051548181169,20,30,1.0
2025-11-21 07:03:20,Tran Hung Dao ,Quan 5,10.754895139302109,106.67839188181134,21,32,1.0
2025-11-21 07:03:20,Tran Quoc Thao,Quan 3,10.785070445194592,106.68331340921323,16,27,1.0
2025-11-21 07:03:21,Tran Hung Dao,Quan 5,10.7549373008113,106.67848844133415,21,32,1.0
2025-11-21 07:03:22,Cach Mang Thang 8 (CMT8),Quan 3,10.77898143649726,106.67684447140958,20,34,1.0
2025-11-21 07:03:34,Pham Ngu Lao / Bui Vien,Quan 1,10.767112828386699,106.6927618222887,20,20,1.0
2025-11-21 07:03:35,Nguyen Thi Minh Khai,Quan 3,10.77847212665258,106.69389510879643,29,41,1.0
2025-11-21 07:03:36,Nguyen Van Troi,Phu Nhuan,10.796057790235078,106.67492629345334,25,34,0.997652
2025-11-21 07:03:46,Pham Van Dong,Go Vap,10.835298215641501,106.72935479345391,34,42,0.994933
2025-11-21 07:03:58,Cong truong lam son,Quan 1,10.777562007197462,106.7041335430398,20,30,1.0
2025-11-21 07:04:10,Nguyen Oanh ,Go Vap,10.83886351241477,106.67566625482782,24,36,1.0
2025-11-21 07:04:11,Le Hong Phong,Quan 10,10.765187049751795,106.67550552599073,27,36,1.0
2025-11-21 07:04:12,Nguyen Van Cu,Quan 5,10.759484371982321,106.6840537511244,17,28,0.994227
2025-11-21 07:04:13,Nga tu Binh Phuoc,Ngoai o,10.865229381280965,106.72366973948475,38,49,1.0
2025-11-21 07:04:13,Phu My Hung ,Quan 7,10.72279213640514,106.72808623948244,24,37,0.996792
2025-11-21 07:04:14,Nguyen Thai Son,Phu Nhuan,10.823400120373712,106.68551227436063,20,31,1.0
2025-11-21 07:04:26,An Duong Vuong,Quan 8,10.756158554057757,106.66631758181126,24,29,1.0
2025-11-21 07:04:27,Huynh Tan Phat,Nha Be,10.7144382088356,106.73711688366167,22,35,1.0
2025-11-21 07:04:28,Truong Chinh,Tan Binh ,10.817236653231737,106.63191539530457,25,35,1.0
2025-11-21 07:06:40,Cho Ben Thanh,Quan 1,10.772727584493625,106.69804225297563,18,24,0.993825
2025-11-21 07:06:52,Duong Nguyen Hue,Quan 1,10.774028664434528,106.70357076461706,21,27,0.994132
2025-11-21 07:06:53,Nguyen Van Linh,Quan 7,10.752616652291238,106.72509685338922,39,39,1.0
2025-11-21 07:06:54,Vo Van Kiet,Quan 5,10.745754766198267,106.65326266831877,42,42,1.0
2025-11-21 07:06:55,Xa lo Ha Noi,QL1A,10.94927106740351,106.87196348224562,27,40,1.0
2025-11-21 07:06:55,Duong Dien Bien Phu,Quan 1,10.78866360854368,106.69551372228901,31,42,1.0
2025-11-21 07:06:56,Nga tu Hang Xanh,Binh Thanh,10.801406421807085,106.71148440879679,31,42,1.0
2025-11-21 07:07:08,Nga tu An Suong,Hoc Mon,10.843150534972033,106.6151343241409,24,35,1.0
2025-11-21 07:07:09,Ben xe Mien Dong,Quan 9,10.880537767027526,106.81481342866444,43,53,1.0
2025-11-21 07:07:10,Ben xe Mien Tay,Binh Tan,10.740840166521663,106.61899246873142,25,35,1.0
2025-11-21 07:07:32,Cau Sai Gon,Quan 2 ,10.798986343749618,106.72697056646841,45,45,1.0
2025-11-21 07:07:33,Cau Phu My,Q2,10.741860769464234,106.73790365482627,45,45,1.0
2025-11-21 07:07:34,Cau Kenh Te,Q4,10.752408891679814,106.7022703818112,20,33,1.0
2025-11-21 07:07:35,Cau Thu Thiem,Quan 2,10.786216596454727,106.71836665482695,40,40,1.0
2025-11-21 07:07:36,Nguyen Huu Canh,Binh Thanh,10.78948793356203,106.71518838181179,25,36,1.0
2025-11-21 07:07:37,Cong Hoa,Tan Binh,10.80223925742187,106.6478722259914,28,40,1.0
2025-11-21 07:07:49,Truong Son / Tan Son Nhat Blvd,Gan san bay,10.813928881466124,106.66511432455972,26,34,0.998691
2025-11-21 07:08:01,Nguyen Trai,Quan 5,10.755608615763382,106.67347943578082,19,27,0.996181
2025-11-21 07:08:01,Le Duan,Quan 1,10.782680856341083,106.70051548181169,19,30,1.0
2025-11-21 07:08:02,Tran Hung Dao ,Quan 5,10.754895139302109,106.67839188181134,20,32,1.0
2025-11-21 07:08:03,Tran Quoc Thao,Quan 3,10.785070445194592,106.68331340921323,16,28,1.0
2025-11-21 07:08:04,Tran Hung Dao,Quan 5,10.7549373008113,106.67848844133415,20,32,1.0
2025-11-21 07:08:05,Cach Mang Thang 8 (CMT8),Quan 3,10.77898143649726,106.67684447140958,21,34,1.0
2025-11-21 07:08:06,Pham Ngu Lao / Bui Vien,Quan 1,10.767112828386699,106.6927618222887,13,19,1.0
2025-11-21 07:08:07,Nguyen Thi Minh Khai,Quan 3,10.77847212665258,106.69389510879643,29,41,1.0
2025-11-21 07:08:08,Nguyen Van Troi,Phu Nhuan,10.796057790235078,106.67492629345334,26,34,1.0
2025-11-21 07:08:09,Pham Van Dong,Go Vap,10.835298215641501,106.72935479345391,34,42,0.996746
2025-11-21 07:08:09,Cong truong lam son,Quan 1,10.777562007197462,106.7041335430398,19,30,1.0
2025-11-21 07:08:21,Nguyen Oanh ,Go Vap,10.83886351241477,106.67566625482782,26,35,0.997411
2025-11-21 07:08:33,Le Hong Phong,Quan 10,10.765187049751795,106.67550552599073,24,36,1.0
2025-11-21 07:08:45,Nguyen Van Cu,Quan 5,10.759484371982321,106.6840537511244,21,28,0.996181
2025-11-21 07:08:46,Nga tu Binh Phuoc,Ngoai o,10.865229381280965,106.72366973948475,37,49,1.0
2025-11-21 07:08:47,Phu My Hung ,Quan 7,10.72279213640514,106.72808623948244,25,37,0.996999
2025-11-21 07:08:58,Nguyen Thai Son,Phu Nhuan,10.823400120373712,106.68551227436063,20,31,1.0
2025-11-21 07:08:59,An Duong Vuong,Quan 8,10.756158554057757,106.66631758181126,22,29,1.0
2025-11-21 07:09:00,Huynh Tan Phat,Nha Be,10.7144382088356,106.73711688366167,22,35,1.0
2025-11-21 07:09:01,Truong Chinh,Tan Binh ,10.817236653231737,106.63191539530457,25,35,1.0
2025-11-21 07:11:01,Cho Ben Thanh,Quan 1,10.772727584493625,106.69804225297563,17,24,0.99506
2025-11-21 07:11:02,Duong Nguyen Hue,Quan 1,10.774028664434528,106.70357076461706,29,29,1.0
2025-11-21 07:11:03,Nguyen Van Linh,Quan 7,10.752616652291238,106.72509685338922,39,39,1.0
2025-11-21 07:11:04,Vo Van Kiet,Quan 5,10.745754766198267,106.65326266831877,42,42,1.0
2025-11-21 07:11:05,Xa lo Ha Noi,QL1A,10.94927106740351,106.87196348224562,26,43,1.0
2025-11-21 07:11:06,Duong Dien Bien Phu,Quan 1,10.78866360854368,106.69551372228901,33,41,1.0
2025-11-21 07:11:07,Nga tu Hang Xanh,Binh Thanh,10.801406421807085,106.71148440879679,33,41,1.0
2025-11-21 07:11:08,Nga tu An Suong,Hoc Mon,10.843150534972033,106.6151343241409,24,35,1.0
2025-11-21 07:11:09,Ben xe Mien Dong,Quan 9,10.880537767027526,106.81481342866444,43,53,1.0
2025-11-21 07:11:09,Ben xe Mien Tay,Binh Tan,10.740840166521663,106.61899246873142,24,35,1.0
2025-11-21 07:11:21,Cau Sai Gon,Quan 2 ,10.798986343749618,106.72697056646841,45,45,1.0
2025-11-21 07:11:33,Cau Phu My,Q2,10.741860769464234,106.73790365482627,45,45,1.0
2025-11-21 07:11:45,Cau Kenh Te,Q4,10.752408891679814,106.7022703818112,20,34,1.0
2025-11-21 07:11:46,Cau Thu Thiem,Quan 2,10.786216596454727,106.71836665482695,40,40,1.0
2025-11-21 07:11:47,Nguyen Huu Canh,Binh Thanh,10.78948793356203,106.71518838181179,18,35,1.0
2025-11-21 07:11:48,Cong Hoa,Tan Binh,10.80223925742187,106.6478722259914,28,40,1.0
2025-11-21 07:11:49,Truong Son / Tan Son Nhat Blvd,Gan san bay,10.813928881466124,106.66511432455972,22,33,0.999528
2025-11-21 07:11:49,Nguyen Trai,Quan 5,10.755608615763382,106.67347943578082,20,28,0.994092
2025-11-21 07:11:50,Le Duan,Quan 1,10.782680856341083,106.70051548181169,19,30,1.0
2025-11-21 07:12:02,Tran Hung Dao ,Quan 5,10.754895139302109,106.67839188181134,20,32,1.0
2025-11-21 07:12:15,Tran Quoc Thao,Quan 3,10.785070445194592,106.68331340921323,14,27,1.0
2025-11-21 07:12:27,Tran Hung Dao,Quan 5,10.7549373008113,106.67848844133415,20,33,1.0
2025-11-21 07:12:38,Cach Mang Thang 8 (CMT8),Quan 3,10.77898143649726,106.67684447140958,22,34,1.0
2025-11-21 07:12:39,Pham Ngu Lao / Bui Vien,Quan 1,10.767112828386699,106.6927618222887,15,20,1.0
2025-11-21 07:12:40,Nguyen Thi Minh Khai,Quan 3,10.77847212665258,106.69389510879643,30,42,1.0
2025-11-21 07:12:41,Nguyen Van Troi,Phu Nhuan,10.796057790235078,106.67492629345334,23,33,0.999528
2025-11-21 07:12:42,Pham Van Dong,Go Vap,10.835298215641501,106.72935479345391,33,42,0.997288
2025-11-21 07:12:54,Cong truong lam son,Quan 1,10.777562007197462,106.7041335430398,20,30,1.0
2025-11-21 07:13:06,Nguyen Oanh ,Go Vap,10.83886351241477,106.67566625482782,28,36,0.997226
2025-11-21 07:13:07,Le Hong Phong,Quan 10,10.765187049751795,106.67550552599073,22,36,1.0
2025-11-21 07:13:08,Nguyen Van Cu,Quan 5,10.759484371982321,106.6840537511244,20,28,0.996181
2025-11-21 07:13:09,Nga tu Binh Phuoc,Ngoai o,10.865229381280965,106.72366973948475,36,49,1.0
2025-11-21 07:13:31,Phu My Hung ,Quan 7,10.72279213640514,106.72808623948244,25,37,0.998019
2025-11-21 07:13:32,Nguyen Thai Son,Phu Nhuan,10.823400120373712,106.68551227436063,21,31,1.0
2025-11-21 07:13:33,An Duong Vuong,Quan 8,10.756158554057757,106.66631758181126,22,29,1.0
2025-11-21 07:13:34,Huynh Tan Phat,Nha Be,10.7144382088356,106.73711688366167,22,35,1.0
2025-11-21 07:13:34,Truong Chinh,Tan Binh ,10.817236653231737,106.63191539530457,23,35,1.0
2025-11-21 07:15:46,Cho Ben Thanh,Quan 1,10.772727584493625,106.69804225297563,18,24,0.99506
2025-11-21 07:15:58,Duong Nguyen Hue,Quan 1,10.774028664434528,106.70357076461706,29,29,1.0
2025-11-21 07:15:59,Nguyen Van Linh,Quan 7,10.752616652291238,106.72509685338922,31,39,1.0
2025-11-21 07:16:00,Vo Van Kiet,Quan 5,10.745754766198267,106.65326266831877,42,42,1.0
2025-11-21 07:16:01,Xa lo Ha Noi,QL1A,10.94927106740351,106.87196348224562,26,40,1.0
2025-11-21 07:16:02,Duong Dien Bien Phu,Quan 1,10.78866360854368,106.69551372228901,32,42,1.0
2025-11-21 07:16:03,Nga tu Hang Xanh,Binh Thanh,10.801406421807085,106.71148440879679,32,42,1.0
2025-11-21 07:16:10,Nga tu An Suong,Hoc Mon,10.843150534972033,106.6151343241409,25,35,1.0
2025-11-21 07:16:11,Ben xe Mien Dong,Quan 9,10.880537767027526,106.81481342866444,44,52,1.0
2025-11-21 07:16:12,Ben xe Mien Tay,Binh Tan,10.740840166521663,106.61899246873142,24,35,1.0
2025-11-21 07:16:13,Cau Sai Gon,Quan 2 ,10.798986343749618,106.72697056646841,45,45,1.0
2025-11-21 07:16:14,Cau Phu My,Q2,10.741860769464234,106.73790365482627,45,45,1.0
2025-11-21 07:16:15,Cau Kenh Te,Q4,10.752408891679814,106.7022703818112,20,34,1.0
2025-11-21 07:16:16,Cau Thu Thiem,Quan 2,10.786216596454727,106.71836665482695,40,40,1.0
2025-11-21 07:16:22,Nguyen Huu Canh,Binh Thanh,10.78948793356203,106.71518838181179,25,35,1.0
2025-11-21 07:16:23,Cong Hoa,Tan Binh,10.80223925742187,106.6478722259914,27,40,1.0
2025-11-21 07:16:24,Truong Son / Tan Son Nhat Blvd,Gan san bay,10.813928881466124,106.66511432455972,23,33,1.0
2025-11-21 07:16:25,Nguyen Trai,Quan 5,10.755608615763382,106.67347943578082,19,28,0.996129
2025-11-21 07:16:26,Le Duan,Quan 1,10.782680856341083,106.70051548181169,19,30,1.0
2025-11-21 07:16:27,Tran Hung Dao ,Quan 5,10.754895139302109,106.67839188181134,21,33,1.0
2025-11-21 07:16:34,Tran Quoc Thao,Quan 3,10.785070445194592,106.68331340921323,13,28,1.0
2025-11-21 07:16:35,Tran Hung Dao,Quan 5,10.7549373008113,106.67848844133415,21,33,1.0
2025-11-21 07:16:57,Cach Mang Thang 8 (CMT8),Quan 3,10.77898143649726,106.67684447140958,21,34,1.0
2025-11-21 07:17:09,Pham Ngu Lao / Bui Vien,Quan 1,10.767112828386699,106.6927618222887,20,20,1.0
2025-11-21 07:17:21,Nguyen Thi Minh Khai,Quan 3,10.77847212665258,106.69389510879643,28,41,1.0
2025-11-21 07:17:22,Nguyen Van Troi,Phu Nhuan,10.796057790235078,106.67492629345334,24,33,1.0
2025-11-21 07:17:23,Pham Van Dong,Go Vap,10.835298215641501,106.72935479345391,33,43,0.99711
2025-11-21 07:17:24,Cong truong lam son,Quan 1,10.777562007197462,106.7041335430398,21,30,1.0
2025-11-21 07:17:25,Nguyen Oanh ,Go Vap,10.83886351241477,106.67566625482782,26,36,0.997406
2025-11-21 07:17:26,Le Hong Phong,Quan 10,10.765187049751795,106.67550552599073,20,35,1.0
2025-11-21 07:17:38,Nguyen Van Cu,Quan 5,10.759484371982321,106.6840537511244,19,28,1.0
2025-11-21 07:17:39,Nga tu Binh Phuoc,Ngoai o,10.865229381280965,106.72366973948475,37,49,1.0
2025-11-21 07:17:39,Phu My Hung ,Quan 7,10.72279213640514,106.72808623948244,25,37,0.9981
2025-11-21 07:17:40,Nguyen Thai Son,Phu Nhuan,10.823400120373712,106.68551227436063,22,32,1.0
2025-11-21 07:17:41,An Duong Vuong,Quan 8,10.756158554057757,106.66631758181126,23,29,1.0
2025-11-21 07:17:42,Huynh Tan Phat,Nha Be,10.7144382088356,106.73711688366167,22,35,1.0
2025-11-21 07:17:54,Truong Chinh,Tan Binh ,10.817236653231737,106.63191539530457,24,35,1.0
2025-11-21 07:20:06,Cho Ben Thanh,Quan 1,10.772727584493625,106.69804225297563,18,24,0.99506
2025-11-21 07:20:07,Duong Nguyen Hue,Quan 1,10.774028664434528,106.70357076461706,29,29,1.0
2025-11-21 07:20:08,Nguyen Van Linh,Quan 7,10.752616652291238,106.72509685338922,39,39,1.0
2025-11-21 07:20:09,Vo Van Kiet,Quan 5,10.745754766198267,106.65326266831877,42,42,1.0
2025-11-21 07:20:09,Xa lo Ha Noi,QL1A,10.94927106740351,106.87196348224562,26,41,1.0
2025-11-21 07:20:21,Duong Dien Bien Phu,Quan 1,10.78866360854368,106.69551372228901,32,42,1.0
2025-11-21 07:20:33,Nga tu Hang Xanh,Binh Thanh,10.801406421807085,106.71148440879679,32,42,1.0
2025-11-21 07:20:34,Nga tu An Suong,Hoc Mon,10.843150534972033,106.6151343241409,23,34,1.0
2025-11-21 07:20:56,Ben xe Mien Dong,Quan 9,10.880537767027526,106.81481342866444,44,53,1.0
2025-11-21 07:20:57,Ben xe Mien Tay,Binh Tan,10.740840166521663,106.61899246873142,24,35,1.0
2025-11-21 07:20:58,Cau Sai Gon,Quan 2 ,10.798986343749618,106.72697056646841,45,45,1.0
2025-11-21 07:20:59,Cau Phu My,Q2,10.741860769464234,106.73790365482627,45,45,1.0
2025-11-21 07:20:59,Cau Kenh Te,Q4,10.752408891679814,106.7022703818112,19,33,1.0
2025-11-21 07:21:00,Cau Thu Thiem,Quan 2,10.786216596454727,106.71836665482695,40,40,1.0
2025-11-21 07:21:01,Nguyen Huu Canh,Binh Thanh,10.78948793356203,106.71518838181179,25,36,1.0
2025-11-21 07:21:02,Cong Hoa,Tan Binh,10.80223925742187,106.6478722259914,27,41,1.0
2025-11-21 07:21:03,Truong Son / Tan Son Nhat Blvd,Gan san bay,10.813928881466124,106.66511432455972,23,34,1.0
2025-11-21 07:21:04,Nguyen Trai,Quan 5,10.755608615763382,106.67347943578082,16,27,0.997911
2025-11-21 07:21:05,Le Duan,Quan 1,10.782680856341083,106.70051548181169,18,30,1.0
2025-11-21 07:21:06,Tran Hung Dao ,Quan 5,10.754895139302109,106.67839188181134,19,33,1.0
2025-11-21 07:21:07,Tran Quoc Thao,Quan 3,10.785070445194592,106.68331340921323,17,27,1.0
2025-11-21 07:21:08,Tran Hung Dao,Quan 5,10.7549373008113,106.67848844133415,19,33,1.0
2025-11-21 07:21:08,Cach Mang Thang 8 (CMT8),Quan 3,10.77898143649726,106.67684447140958,21,34,1.0
2025-11-21 07:21:09,Pham Ngu Lao / Bui Vien,Quan 1,10.767112828386699,106.6927618222887,20,20,1.0
2025-11-21 07:21:10,Nguyen Thi Minh Khai,Quan 3,10.77847212665258,106.69389510879643,29,41,1.0
2025-11-21 07:21:11,Nguyen Van Troi,Phu Nhuan,10.796057790235078,106.67492629345334,23,34,1.0
2025-11-21 07:21:23,Pham Van Dong,Go Vap,10.835298215641501,106.72935479345391,31,42,0.997467
2025-11-21 07:21:35,Cong truong lam son,Quan 1,10.777562007197462,106.7041335430398,19,31,1.0
2025-11-21 07:21:36,Nguyen Oanh ,Go Vap,10.83886351241477,106.67566625482782,28,36,1.0
2025-11-21 07:21:37,Le Hong Phong,Quan 10,10.765187049751795,106.67550552599073,19,35,1.0
2025-11-21 07:21:38,Nguyen Van Cu,Quan 5,10.759484371982321,106.6840537511244,16,27,1.0
2025-11-21 07:21:39,Nga tu Binh Phuoc,Ngoai o,10.865229381280965,106.72366973948475,36,49,1.0
2025-11-21 07:21:40,Phu My Hung ,Quan 7,10.72279213640514,106.72808623948244,23,37,1.0
2025-11-21 07:21:51,Nguyen Thai Son,Phu Nhuan,10.823400120373712,106.68551227436063,21,32,1.0
2025-11-21 07:22:03,An Duong Vuong,Quan 8,10.756158554057757,106.66631758181126,21,29,1.0
2025-11-21 07:22:04,Huynh Tan Phat,Nha Be,10.7144382088356,106.73711688366167,22,35,1.0
2025-11-21 07:22:05,Truong Chinh,Tan Binh ,10.817236653231737,106.63191539530457,25,35,1.0
2025-11-21 07:24:06,Cho Ben Thanh,Quan 1,10.772727584493625,106.69804225297563,17,24,0.99506
2025-11-21 07:24:07,Duong Nguyen Hue,Quan 1,10.774028664434528,106.70357076461706,29,29,1.0
2025-11-21 07:24:08,Nguyen Van Linh,Quan 7,10.752616652291238,106.72509685338922,39,39,1.0
2025-11-21 07:24:09,Vo Van Kiet,Quan 5,10.745754766198267,106.65326266831877,42,42,1.0
2025-11-21 07:24:10,Xa lo Ha Noi,QL1A,10.94927106740351,106.87196348224562,29,42,1.0
2025-11-21 07:24:11,Duong Dien Bien Phu,Quan 1,10.78866360854368,106.69551372228901,31,41,1.0
2025-11-21 07:24:22,Nga tu Hang Xanh,Binh Thanh,10.801406421807085,106.71148440879679,31,41,1.0
2025-11-21 07:24:35,Nga tu An Suong,Hoc Mon,10.843150534972033,106.6151343241409,25,35,1.0
2025-11-21 07:24:35,Ben xe Mien Dong,Quan 9,10.880537767027526,106.81481342866444,45,54,1.0
2025-11-21 07:24:36,Ben xe Mien Tay,Binh Tan,10.740840166521663,106.61899246873142,24,35,1.0
2025-11-21 07:24:37,Cau Sai Gon,Quan 2 ,10.798986343749618,106.72697056646841,35,44,1.0
2025-11-21 07:24:38,Cau Phu My,Q2,10.741860769464234,106.73790365482627,45,45,1.0
2025-11-21 07:24:39,Cau Kenh Te,Q4,10.752408891679814,106.7022703818112,19,33,1.0
2025-11-21 07:24:50,Cau Thu Thiem,Quan 2,10.786216596454727,106.71836665482695,40,40,1.0
2025-11-21 07:25:02,Nguyen Huu Canh,Binh Thanh,10.78948793356203,106.71518838181179,36,36,1.0
2025-11-21 07:25:03,Cong Hoa,Tan Binh,10.80223925742187,106.6478722259914,29,41,1.0
2025-11-21 07:25:04,Truong Son / Tan Son Nhat Blvd,Gan san bay,10.813928881466124,106.66511432455972,23,34,1.0
2025-11-21 07:25:04,Nguyen Trai,Quan 5,10.755608615763382,106.67347943578082,17,27,1.0
2025-11-21 07:25:16,Le Duan,Quan 1,10.782680856341083,106.70051548181169,19,30,1.0
2025-11-21 07:25:17,Tran Hung Dao ,Quan 5,10.754895139302109,106.67839188181134,19,32,1.0
2025-11-21 07:25:18,Tran Quoc Thao,Quan 3,10.785070445194592,106.68331340921323,14,27,1.0
2025-11-21 07:25:30,Tran Hung Dao,Quan 5,10.7549373008113,106.67848844133415,19,32,1.0
2025-11-21 07:25:42,Cach Mang Thang 8 (CMT8),Quan 3,10.77898143649726,106.67684447140958,19,34,1.0
2025-11-21 07:25:43,Pham Ngu Lao / Bui Vien,Quan 1,10.767112828386699,106.6927618222887,20,20,1.0
2025-11-21 07:25:44,Nguyen Thi Minh Khai,Quan 3,10.77847212665258,106.69389510879643,28,41,1.0
2025-11-21 07:25:45,Nguyen Van Troi,Phu Nhuan,10.796057790235078,106.67492629345334,23,34,1.0
2025-11-21 07:25:46,Pham Van Dong,Go Vap,10.835298215641501,106.72935479345391,32,43,0.997651
2025-11-21 07:25:46,Cong truong lam son,Quan 1,10.777562007197462,106.7041335430398,20,30,1.0
2025-11-21 07:25:58,Nguyen Oanh ,Go Vap,10.83886351241477,106.67566625482782,28,36,1.0
2025-11-21 07:25:59,Le Hong Phong,Quan 10,10.765187049751795,106.67550552599073,23,35,1.0
2025-11-21 07:26:00,Nguyen Van Cu,Quan 5,10.759484371982321,106.6840537511244,18,28,0.997941
2025-11-21 07:26:01,Nga tu Binh Phuoc,Ngoai o,10.865229381280965,106.72366973948475,37,49,1.0
2025-11-21 07:26:02,Phu My Hung ,Quan 7,10.72279213640514,106.72808623948244,24,37,0.998998
2025-11-21 07:26:03,Nguyen Thai Son,Phu Nhuan,10.823400120373712,106.68551227436063,22,31,1.0
2025-11-21 07:26:04,An Duong Vuong,Quan 8,10.756158554057757,106.66631758181126,25,29,1.0
2025-11-21 07:26:16,Huynh Tan Phat,Nha Be,10.7144382088356,106.73711688366167,22,35,1.0
2025-11-21 07:26:28,Truong Chinh,Tan Binh ,10.817236653231737,106.63191539530457,25,35,1.0
2025-11-21 07:28:40,Cho Ben Thanh,Quan 1,10.772727584493625,106.69804225297563,18,24,0.993825
2025-11-21 07:28:41,Duong Nguyen Hue,Quan 1,10.774028664434528,106.70357076461706,29,29,1.0
2025-11-21 07:28:42,Nguyen Van Linh,Quan 7,10.752616652291238,106.72509685338922,39,39,1.0
2025-11-21 07:28:42,Vo Van Kiet,Quan 5,10.745754766198267,106.65326266831877,42,42,1.0
2025-11-21 07:28:43,Xa lo Ha Noi,QL1A,10.94927106740351,106.87196348224562,29,42,1.0
2025-11-21 07:28:55,Duong Dien Bien Phu,Quan 1,10.78866360854368,106.69551372228901,31,41,1.0
2025-11-21 07:29:07,Nga tu Hang Xanh,Binh Thanh,10.801406421807085,106.71148440879679,32,42,1.0
2025-11-21 07:29:19,Nga tu An Suong,Hoc Mon,10.843150534972033,106.6151343241409,25,35,1.0
2025-11-21 07:29:31,Ben xe Mien Dong,Quan 9,10.880537767027526,106.81481342866444,44,53,1.0
2025-11-21 07:29:43,Ben xe Mien Tay,Binh Tan,10.740840166521663,106.61899246873142,25,35,1.0
2025-11-21 07:29:44,Cau Sai Gon,Quan 2 ,10.798986343749618,106.72697056646841,34,45,1.0
2025-11-21 07:29:45,Cau Phu My,Q2,10.741860769464234,106.73790365482627,45,45,1.0
2025-11-21 07:29:46,Cau Kenh Te,Q4,10.752408891679814,106.7022703818112,21,34,1.0
2025-11-21 07:29:47,Cau Thu Thiem,Quan 2,10.786216596454727,106.71836665482695,36,39,1.0
2025-11-21 07:29:48,Nguyen Huu Canh,Binh Thanh,10.78948793356203,106.71518838181179,22,35,1.0
2025-11-21 07:29:49,Cong Hoa,Tan Binh,10.80223925742187,106.6478722259914,29,40,1.0
2025-11-21 07:30:01,Truong Son / Tan Son Nhat Blvd,Gan san bay,10.813928881466124,106.66511432455972,23,34,1.0
2025-11-21 07:30:13,Nguyen Trai,Quan 5,10.755608615763382,106.67347943578082,18,27,1.0
2025-11-21 07:30:13,Le Duan,Quan 1,10.782680856341083,106.70051548181169,19,30,1.0
2025-11-21 07:30:14,Tran Hung Dao ,Quan 5,10.754895139302109,106.67839188181134,18,32,1.0
2025-11-21 07:30:15,Tran Quoc Thao,Quan 3,10.785070445194592,106.68331340921323,14,28,1.0
2025-11-21 07:30:16,Tran Hung Dao,Quan 5,10.7549373008113,106.67848844133415,18,32,1.0
2025-11-21 07:30:28,Cach Mang Thang 8 (CMT8),Quan 3,10.77898143649726,106.67684447140958,21,34,1.0
2025-11-21 07:30:40,Pham Ngu Lao / Bui Vien,Quan 1,10.767112828386699,106.6927618222887,14,19,1.0
2025-11-21 07:30:52,Nguyen Thi Minh Khai,Quan 3,10.77847212665258,106.69389510879643,28,42,1.0
2025-11-21 07:30:53,Nguyen Van Troi,Phu Nhuan,10.796057790235078,106.67492629345334,22,34,1.0
2025-11-21 07:30:54,Pham Van Dong,Go Vap,10.835298215641501,106.72935479345391,32,43,0.996716
2025-11-21 07:30:55,Cong truong lam son,Quan 1,10.777562007197462,106.7041335430398,19,30,1.0
2025-11-21 07:31:07,Nguyen Oanh ,Go Vap,10.83886351241477,106.67566625482782,25,36,1.0
2025-11-21 07:31:08,Le Hong Phong,Quan 10,10.765187049751795,106.67550552599073,23,35,1.0
2025-11-21 07:31:08,Nguyen Van Cu,Quan 5,10.759484371982321,106.6840537511244,19,27,1.0
2025-11-21 07:31:09,Nga tu Binh Phuoc,Ngoai o,10.865229381280965,106.72366973948475,36,49,1.0
2025-11-21 07:31:10,Phu My Hung ,Quan 7,10.72279213640514,106.72808623948244,23,37,1.0
2025-11-21 07:31:22,Nguyen Thai Son,Phu Nhuan,10.823400120373712,106.68551227436063,19,32,1.0
2025-11-21 07:31:34,An Duong Vuong,Quan 8,10.756158554057757,106.66631758181126,22,28,1.0
2025-11-21 07:31:35,Huynh Tan Phat,Nha Be,10.7144382088356,106.73711688366167,22,35,1.0
2025-11-21 07:31:36,Truong Chinh,Tan Binh ,10.817236653231737,106.63191539530457,24,35,1.0
2025-11-21 07:33:48,Cho Ben Thanh,Quan 1,10.772727584493625,106.69804225297563,19,24,0.99506
2025-11-21 07:33:48,Duong Nguyen Hue,Quan 1,10.774028664434528,106.70357076461706,29,29,1.0
2025-11-21 07:33:49,Nguyen Van Linh,Quan 7,10.752616652291238,106.72509685338922,39,39,1.0
2025-11-21 07:33:50,Vo Van Kiet,Quan 5,10.745754766198267,106.65326266831877,42,42,1.0
2025-11-21 07:33:51,Xa lo Ha Noi,QL1A,10.94927106740351,106.87196348224562,28,42,1.0
2025-11-21 07:34:03,Duong Dien Bien Phu,Quan 1,10.78866360854368,106.69551372228901,31,41,1.0
2025-11-21 07:34:04,Nga tu Hang Xanh,Binh Thanh,10.801406421807085,106.71148440879679,31,41,1.0
2025-11-21 07:34:05,Nga tu An Suong,Hoc Mon,10.843150534972033,106.6151343241409,24,34,1.0
2025-11-21 07:34:06,Ben xe Mien Dong,Quan 9,10.880537767027526,106.81481342866444,43,53,1.0
2025-11-21 07:34:07,Ben xe Mien Tay,Binh Tan,10.740840166521663,106.61899246873142,25,36,1.0
2025-11-21 07:34:08,Cau Sai Gon,Quan 2 ,10.798986343749618,106.72697056646841,45,45,1.0
2025-11-21 07:34:09,Cau Phu My,Q2,10.741860769464234,106.73790365482627,45,45,1.0
2025-11-21 07:34:10,Cau Kenh Te,Q4,10.752408891679814,106.7022703818112,18,33,1.0
2025-11-21 07:34:10,Cau Thu Thiem,Quan 2,10.786216596454727,106.71836665482695,40,40,1.0
2025-11-21 07:34:17,Nguyen Huu Canh,Binh Thanh,10.78948793356203,106.71518838181179,26,35,1.0
2025-11-21 07:34:29,Cong Hoa,Tan Binh,10.80223925742187,106.6478722259914,27,41,1.0
2025-11-21 07:34:30,Truong Son / Tan Son Nhat Blvd,Gan san bay,10.813928881466124,106.66511432455972,21,34,0.999235
2025-11-21 07:34:31,Nguyen Trai,Quan 5,10.755608615763382,106.67347943578082,19,27,1.0
2025-11-21 07:34:32,Le Duan,Quan 1,10.782680856341083,106.70051548181169,18,30,1.0
2025-11-21 07:34:33,Tran Hung Dao ,Quan 5,10.754895139302109,106.67839188181134,18,32,1.0
2025-11-21 07:34:34,Tran Quoc Thao,Quan 3,10.785070445194592,106.68331340921323,16,27,1.0
2025-11-21 07:34:46,Tran Hung Dao,Quan 5,10.7549373008113,106.67848844133415,18,32,1.0
2025-11-21 07:34:58,Cach Mang Thang 8 (CMT8),Quan 3,10.77898143649726,106.67684447140958,20,34,1.0
2025-11-21 07:35:10,Pham Ngu Lao / Bui Vien,Quan 1,10.767112828386699,106.6927618222887,14,19,1.0
2025-11-21 07:35:11,Nguyen Thi Minh Khai,Quan 3,10.77847212665258,106.69389510879643,28,41,1.0
2025-11-21 07:35:12,Nguyen Van Troi,Phu Nhuan,10.796057790235078,106.67492629345334,22,34,1.0
2025-11-21 07:35:12,Pham Van Dong,Go Vap,10.835298215641501,106.72935479345391,30,43,0.996232
2025-11-21 07:35:13,Cong truong lam son,Quan 1,10.777562007197462,106.7041335430398,19,30,1.0
2025-11-21 07:35:25,Nguyen Oanh ,Go Vap,10.83886351241477,106.67566625482782,27,36,0.999223
2025-11-21 07:35:37,Le Hong Phong,Quan 10,10.765187049751795,106.67550552599073,21,35,1.0
2025-11-21 07:35:38,Nguyen Van Cu,Quan 5,10.759484371982321,106.6840537511244,19,27,1.0
2025-11-21 07:36:00,Nga tu Binh Phuoc,Ngoai o,10.865229381280965,106.72366973948475,38,49,1.0
2025-11-21 07:36:01,Phu My Hung ,Quan 7,10.72279213640514,106.72808623948244,24,37,0.999769
2025-11-21 07:36:02,Nguyen Thai Son,Phu Nhuan,10.823400120373712,106.68551227436063,22,32,1.0
2025-11-21 07:36:03,An Duong Vuong,Quan 8,10.756158554057757,106.66631758181126,21,29,1.0
2025-11-21 07:36:04,Huynh Tan Phat,Nha Be,10.7144382088356,106.73711688366167,22,35,1.0
2025-11-21 07:36:05,Truong Chinh,Tan Binh ,10.817236653231737,106.63191539530457,25,35,1.0
2025-11-21 07:38:17,Cho Ben Thanh,Quan 1,10.772727584493625,106.69804225297563,19,24,0.99506
2025-11-21 07:38:18,Duong Nguyen Hue,Quan 1,10.774028664434528,106.70357076461706,29,29,1.0
2025-11-21 07:38:18,Nguyen Van Linh,Quan 7,10.752616652291238,106.72509685338922,39,39,1.0
2025-11-21 07:38:19,Vo Van Kiet,Quan 5,10.745754766198267,106.65326266831877,42,42,1.0
2025-11-21 07:38:20,Xa lo Ha Noi,QL1A,10.94927106740351,106.87196348224562,27,41,1.0
2025-11-21 07:38:21,Duong Dien Bien Phu,Quan 1,10.78866360854368,106.69551372228901,31,42,1.0
2025-11-21 07:38:33,Nga tu Hang Xanh,Binh Thanh,10.801406421807085,106.71148440879679,31,42,1.0
2025-11-21 07:38:34,Nga tu An Suong,Hoc Mon,10.843150534972033,106.6151343241409,23,35,1.0
2025-11-21 07:38:35,Ben xe Mien Dong,Quan 9,10.880537767027526,106.81481342866444,44,54,1.0
2025-11-21 07:38:36,Ben xe Mien Tay,Binh Tan,10.740840166521663,106.61899246873142,25,35,1.0
2025-11-21 07:38:37,Cau Sai Gon,Quan 2 ,10.798986343749618,106.72697056646841,31,44,1.0
2025-11-21 07:38:38,Cau Phu My,Q2,10.741860769464234,106.73790365482627,45,45,1.0
2025-11-21 07:38:38,Cau Kenh Te,Q4,10.752408891679814,106.7022703818112,17,33,1.0
2025-11-21 07:38:39,Cau Thu Thiem,Quan 2,10.786216596454727,106.71836665482695,40,40,1.0
2025-11-21 07:38:40,Nguyen Huu Canh,Binh Thanh,10.78948793356203,106.71518838181179,27,35,1.0
2025-11-21 07:38:41,Cong Hoa,Tan Binh,10.80223925742187,106.6478722259914,27,40,1.0
2025-11-21 07:38:42,Truong Son / Tan Son Nhat Blvd,Gan san bay,10.813928881466124,106.66511432455972,20,34,1.0
2025-11-21 07:38:43,Nguyen Trai,Quan 5,10.755608615763382,106.67347943578082,20,26,1.0
2025-11-21 07:38:44,Le Duan,Quan 1,10.782680856341083,106.70051548181169,19,30,1.0
2025-11-21 07:38:45,Tran Hung Dao ,Quan 5,10.754895139302109,106.67839188181134,20,33,1.0
2025-11-21 07:38:46,Tran Quoc Thao,Quan 3,10.785070445194592,106.68331340921323,12,27,1.0
2025-11-21 07:38:46,Tran Hung Dao,Quan 5,10.7549373008113,106.67848844133415,20,33,1.0
2025-11-21 07:38:47,Cach Mang Thang 8 (CMT8),Quan 3,10.77898143649726,106.67684447140958,20,34,1.0
2025-11-21 07:38:48,Pham Ngu Lao / Bui Vien,Quan 1,10.767112828386699,106.6927618222887,16,20,0.99
2025-11-21 07:38:53,Nguyen Thi Minh Khai,Quan 3,10.77847212665258,106.69389510879643,28,41,1.0
2025-11-21 07:38:54,Nguyen Van Troi,Phu Nhuan,10.796057790235078,106.67492629345334,20,34,1.0
2025-11-21 07:38:55,Pham Van Dong,Go Vap,10.835298215641501,106.72935479345391,31,42,0.99483
2025-11-21 07:38:55,Cong truong lam son,Quan 1,10.777562007197462,106.7041335430398,19,30,1.0
2025-11-21 07:38:56,Nguyen Oanh ,Go Vap,10.83886351241477,106.67566625482782,26,36,1.0
2025-11-21 07:38:57,Le Hong Phong,Quan 10,10.765187049751795,106.67550552599073,27,36,1.0
2025-11-21 07:39:09,Nguyen Van Cu,Quan 5,10.759484371982321,106.6840537511244,20,26,1.0
2025-11-21 07:39:21,Nga tu Binh Phuoc,Ngoai o,10.865229381280965,106.72366973948475,37,49,1.0
2025-11-21 07:39:22,Phu My Hung ,Quan 7,10.72279213640514,106.72808623948244,25,36,0.999741
2025-11-21 07:39:23,Nguyen Thai Son,Phu Nhuan,10.823400120373712,106.68551227436063,23,31,1.0
2025-11-21 07:39:24,An Duong Vuong,Quan 8,10.756158554057757,106.66631758181126,25,29,1.0
2025-11-21 07:39:36,Huynh Tan Phat,Nha Be,10.7144382088356,106.73711688366167,22,35,1.0
2025-11-21 07:39:48,Truong Chinh,Tan Binh ,10.817236653231737,106.63191539530457,25,35,1.0
2025-11-21 07:42:00,Cho Ben Thanh,Quan 1,10.772727584493625,106.69804225297563,15,24,0.993825
2025-11-21 07:42:01,Duong Nguyen Hue,Quan 1,10.774028664434528,106.70357076461706,22,28,1.0
2025-11-21 07:42:02,Nguyen Van Linh,Quan 7,10.752616652291238,106.72509685338922,39,39,1.0
2025-11-21 07:42:03,Vo Van Kiet,Quan 5,10.745754766198267,106.65326266831877,42,42,1.0
2025-11-21 07:42:03,Xa lo Ha Noi,QL1A,10.94927106740351,106.87196348224562,23,41,1.0
2025-11-21 07:42:04,Duong Dien Bien Phu,Quan 1,10.78866360854368,106.69551372228901,31,42,1.0
2025-11-21 07:42:05,Nga tu Hang Xanh,Binh Thanh,10.801406421807085,106.71148440879679,31,42,1.0
2025-11-21 07:42:06,Nga tu An Suong,Hoc Mon,10.843150534972033,106.6151343241409,23,35,1.0
2025-11-21 07:42:07,Ben xe Mien Dong,Quan 9,10.880537767027526,106.81481342866444,44,53,1.0
2025-11-21 07:42:08,Ben xe Mien Tay,Binh Tan,10.740840166521663,106.61899246873142,25,35,1.0
2025-11-21 07:42:09,Cau Sai Gon,Quan 2 ,10.798986343749618,106.72697056646841,33,44,1.0
2025-11-21 07:42:09,Cau Phu My,Q2,10.741860769464234,106.73790365482627,45,45,1.0
2025-11-21 07:42:21,Cau Kenh Te,Q4,10.752408891679814,106.7022703818112,18,33,1.0
2025-11-21 07:42:33,Cau Thu Thiem,Quan 2,10.786216596454727,106.71836665482695,40,40,1.0
2025-11-21 07:42:34,Nguyen Huu Canh,Binh Thanh,10.78948793356203,106.71518838181179,19,35,1.0
2025-11-21 07:42:35,Cong Hoa,Tan Binh,10.80223925742187,106.6478722259914,28,40,1.0
2025-11-21 07:42:36,Truong Son / Tan Son Nhat Blvd,Gan san bay,10.813928881466124,106.66511432455972,20,34,1.0
2025-11-21 07:42:37,Nguyen Trai,Quan 5,10.755608615763382,106.67347943578082,18,28,0.998951
2025-11-21 07:42:38,Le Duan,Quan 1,10.782680856341083,106.70051548181169,19,30,1.0
2025-11-21 07:42:45,Tran Hung Dao ,Quan 5,10.754895139302109,106.67839188181134,20,32,1.0
2025-11-21 07:42:57,Tran Quoc Thao,Quan 3,10.785070445194592,106.68331340921323,11,28,1.0
2025-11-21 07:42:58,Tran Hung Dao,Quan 5,10.7549373008113,106.67848844133415,20,32,1.0
2025-11-21 07:43:10,Cach Mang Thang 8 (CMT8),Quan 3,10.77898143649726,106.67684447140958,19,34,1.0
2025-11-21 07:43:22,Pham Ngu Lao / Bui Vien,Quan 1,10.767112828386699,106.6927618222887,15,20,0.99
2025-11-21 07:43:23,Nguyen Thi Minh Khai,Quan 3,10.77847212665258,106.69389510879643,28,41,1.0
2025-11-21 07:43:24,Nguyen Van Troi,Phu Nhuan,10.796057790235078,106.67492629345334,22,34,1.0
2025-11-21 07:43:25,Pham Van Dong,Go Vap,10.835298215641501,106.72935479345391,30,42,0.997328
2025-11-21 07:43:25,Cong truong lam son,Quan 1,10.777562007197462,106.7041335430398,19,30,1.0
2025-11-21 07:43:26,Nguyen Oanh ,Go Vap,10.83886351241477,106.67566625482782,26,36,1.0
2025-11-21 07:43:34,Le Hong Phong,Quan 10,10.765187049751795,106.67550552599073,23,36,1.0
2025-11-21 07:43:35,Nguyen Van Cu,Quan 5,10.759484371982321,106.6840537511244,17,27,0.998951
2025-11-21 07:43:36,Nga tu Binh Phuoc,Ngoai o,10.865229381280965,106.72366973948475,36,49,1.0
2025-11-21 07:43:37,Phu My Hung ,Quan 7,10.72279213640514,106.72808623948244,25,37,1.0
2025-11-21 07:43:37,Nguyen Thai Son,Phu Nhuan,10.823400120373712,106.68551227436063,21,31,1.0
2025-11-21 07:43:38,An Duong Vuong,Quan 8,10.756158554057757,106.66631758181126,30,30,1.0
2025-11-21 07:43:46,Huynh Tan Phat,Nha Be,10.7144382088356,106.73711688366167,22,35,1.0
2025-11-21 07:43:58,Truong Chinh,Tan Binh ,10.817236653231737,106.63191539530457,24,35,1.0
2025-11-21 07:45:59,Cho Ben Thanh,Quan 1,10.772727584493625,106.69804225297563,17,24,0.993825
2025-11-21 07:46:00,Duong Nguyen Hue,Quan 1,10.774028664434528,106.70357076461706,19,27,1.0
2025-11-21 07:46:00,Nguyen Van Linh,Quan 7,10.752616652291238,106.72509685338922,39,39,1.0
2025-11-21 07:46:01,Vo Van Kiet,Quan 5,10.745754766198267,106.65326266831877,42,42,1.0
2025-11-21 07:46:02,Xa lo Ha Noi,QL1A,10.94927106740351,106.87196348224562,28,41,1.0
2025-11-21 07:46:03,Duong Dien Bien Phu,Quan 1,10.78866360854368,106.69551372228901,31,42,1.0
2025-11-21 07:46:04,Nga tu Hang Xanh,Binh Thanh,10.801406421807085,106.71148440879679,31,42,1.0
2025-11-21 07:46:05,Nga tu An Suong,Hoc Mon,10.843150534972033,106.6151343241409,22,35,1.0
2025-11-21 07:46:06,Ben xe Mien Dong,Quan 9,10.880537767027526,106.81481342866444,43,53,1.0
2025-11-21 07:46:07,Ben xe Mien Tay,Binh Tan,10.740840166521663,106.61899246873142,25,35,1.0
2025-11-21 07:46:07,Cau Sai Gon,Quan 2 ,10.798986343749618,106.72697056646841,35,45,1.0
2025-11-21 07:46:08,Cau Phu My,Q2,10.741860769464234,106.73790365482627,45,45,1.0
2025-11-21 07:46:09,Cau Kenh Te,Q4,10.752408891679814,106.7022703818112,20,33,1.0
2025-11-21 07:46:10,Cau Thu Thiem,Quan 2,10.786216596454727,106.71836665482695,40,40,1.0
2025-11-21 07:46:18,Nguyen Huu Canh,Binh Thanh,10.78948793356203,106.71518838181179,21,35,1.0
2025-11-21 07:46:19,Cong Hoa,Tan Binh,10.80223925742187,106.6478722259914,27,41,1.0
2025-11-21 07:46:31,Truong Son / Tan Son Nhat Blvd,Gan san bay,10.813928881466124,106.66511432455972,20,34,1.0
2025-11-21 07:46:32,Nguyen Trai,Quan 5,10.755608615763382,106.67347943578082,18,28,0.997938
2025-11-21 07:46:33,Le Duan,Quan 1,10.782680856341083,106.70051548181169,19,30,1.0
2025-11-21 07:46:34,Tran Hung Dao ,Quan 5,10.754895139302109,106.67839188181134,20,33,1.0
2025-11-21 07:46:35,Tran Quoc Thao,Quan 3,10.785070445194592,106.68331340921323,13,27,1.0
2025-11-21 07:46:41,Tran Hung Dao,Quan 5,10.7549373008113,106.67848844133415,20,32,1.0
2025-11-21 07:46:53,Cach Mang Thang 8 (CMT8),Quan 3,10.77898143649726,106.67684447140958,20,34,1.0
2025-11-21 07:46:54,Pham Ngu Lao / Bui Vien,Quan 1,10.767112828386699,106.6927618222887,16,20,1.0
2025-11-21 07:46:55,Nguyen Thi Minh Khai,Quan 3,10.77847212665258,106.69389510879643,28,41,1.0
2025-11-21 07:46:56,Nguyen Van Troi,Phu Nhuan,10.796057790235078,106.67492629345334,20,34,1.0
2025-11-21 07:46:57,Pham Van Dong,Go Vap,10.835298215641501,106.72935479345391,29,42,0.997474
2025-11-21 07:46:58,Cong truong lam son,Quan 1,10.777562007197462,106.7041335430398,19,30,1.0
2025-11-21 07:47:10,Nguyen Oanh ,Go Vap,10.83886351241477,106.67566625482782,27,36,1.0
2025-11-21 07:47:21,Le Hong Phong,Quan 10,10.765187049751795,106.67550552599073,21,36,1.0
2025-11-21 07:47:34,Nguyen Van Cu,Quan 5,10.759484371982321,106.6840537511244,18,27,0.998951
2025-11-21 07:47:35,Nga tu Binh Phuoc,Ngoai o,10.865229381280965,106.72366973948475,36,49,1.0
2025-11-21 07:47:36,Phu My Hung ,Quan 7,10.72279213640514,106.72808623948244,25,37,0.999509
2025-11-21 07:47:37,Nguyen Thai Son,Phu Nhuan,10.823400120373712,106.68551227436063,20,32,1.0
2025-11-21 07:47:38,An Duong Vuong,Quan 8,10.756158554057757,106.66631758181126,22,29,1.0
2025-11-21 07:47:50,Huynh Tan Phat,Nha Be,10.7144382088356,106.73711688366167,23,35,1.0
2025-11-21 07:48:02,Truong Chinh,Tan Binh ,10.817236653231737,106.63191539530457,25,35,1.0
2025-11-21 07:50:14,Cho Ben Thanh,Quan 1,10.772727584493625,106.69804225297563,18,25,0.99506
2025-11-21 07:50:15,Duong Nguyen Hue,Quan 1,10.774028664434528,106.70357076461706,29,29,1.0
2025-11-21 07:50:15,Nguyen Van Linh,Quan 7,10.752616652291238,106.72509685338922,39,39,1.0
2025-11-21 07:50:16,Vo Van Kiet,Quan 5,10.745754766198267,106.65326266831877,42,42,1.0
2025-11-21 07:50:17,Xa lo Ha Noi,QL1A,10.94927106740351,106.87196348224562,30,42,1.0
2025-11-21 07:50:29,Duong Dien Bien Phu,Quan 1,10.78866360854368,106.69551372228901,31,42,1.0
2025-11-21 07:50:30,Nga tu Hang Xanh,Binh Thanh,10.801406421807085,106.71148440879679,31,42,1.0
2025-11-21 07:50:31,Nga tu An Suong,Hoc Mon,10.843150534972033,106.6151343241409,24,34,1.0
2025-11-21 07:50:32,Ben xe Mien Dong,Quan 9,10.880537767027526,106.81481342866444,45,53,1.0
2025-11-21 07:50:33,Ben xe Mien Tay,Binh Tan,10.740840166521663,106.61899246873142,25,35,1.0
2025-11-21 07:50:33,Cau Sai Gon,Quan 2 ,10.798986343749618,106.72697056646841,31,45,1.0
2025-11-21 07:50:34,Cau Phu My,Q2,10.741860769464234,106.73790365482627,45,45,1.0
2025-11-21 07:50:35,Cau Kenh Te,Q4,10.752408891679814,106.7022703818112,19,33,1.0
2025-11-21 07:50:36,Cau Thu Thiem,Quan 2,10.786216596454727,106.71836665482695,40,40,1.0
2025-11-21 07:50:37,Nguyen Huu Canh,Binh Thanh,10.78948793356203,106.71518838181179,19,35,1.0
2025-11-21 07:50:41,Cong Hoa,Tan Binh,10.80223925742187,106.6478722259914,28,41,1.0
2025-11-21 07:50:42,Truong Son / Tan Son Nhat Blvd,Gan san bay,10.813928881466124,106.66511432455972,20,34,1.0
2025-11-21 07:50:43,Nguyen Trai,Quan 5,10.755608615763382,106.67347943578082,16,27,1.0
2025-11-21 07:50:43,Le Duan,Quan 1,10.782680856341083,106.70051548181169,20,30,1.0
2025-11-21 07:50:44,Tran Hung Dao ,Quan 5,10.754895139302109,106.67839188181134,20,33,1.0
2025-11-21 07:50:45,Tran Quoc Thao,Quan 3,10.785070445194592,106.68331340921323,14,27,1.0
2025-11-21 07:50:46,Tran Hung Dao,Quan 5,10.7549373008113,106.67848844133415,20,33,1.0
2025-11-21 07:50:53,Cach Mang Thang 8 (CMT8),Quan 3,10.77898143649726,106.67684447140958,19,34,1.0
2025-11-21 07:50:54,Pham Ngu Lao / Bui Vien,Quan 1,10.767112828386699,106.6927618222887,20,20,1.0
2025-11-21 07:50:55,Nguyen Thi Minh Khai,Quan 3,10.77847212665258,106.69389510879643,27,41,1.0
2025-11-21 07:50:56,Nguyen Van Troi,Phu Nhuan,10.796057790235078,106.67492629345334,20,34,1.0
2025-11-21 07:50:56,Pham Van Dong,Go Vap,10.835298215641501,106.72935479345391,30,42,0.996899
2025-11-21 07:50:57,Cong truong lam son,Quan 1,10.777562007197462,106.7041335430398,20,30,1.0
2025-11-21 07:50:58,Nguyen Oanh ,Go Vap,10.83886351241477,106.67566625482782,27,36,1.0
2025-11-21 07:51:05,Le Hong Phong,Quan 10,10.765187049751795,106.67550552599073,22,35,1.0
2025-11-21 07:51:06,Nguyen Van Cu,Quan 5,10.759484371982321,106.6840537511244,16,27,1.0
2025-11-21 07:51:06,Nga tu Binh Phuoc,Ngoai o,10.865229381280965,106.72366973948475,36,49,1.0
2025-11-21 07:51:07,Phu My Hung ,Quan 7,10.72279213640514,106.72808623948244,25,37,1.0
2025-11-21 07:51:08,Nguyen Thai Son,Phu Nhuan,10.823400120373712,106.68551227436063,18,31,1.0
2025-11-21 07:51:09,An Duong Vuong,Quan 8,10.756158554057757,106.66631758181126,30,30,1.0
2025-11-21 07:51:17,Huynh Tan Phat,Nha Be,10.7144382088356,106.73711688366167,23,35,1.0
2025-11-21 07:51:29,Truong Chinh,Tan Binh ,10.817236653231737,106.63191539530457,24,35,1.0
2025-11-21 07:53:41,Cho Ben Thanh,Quan 1,10.772727584493625,106.69804225297563,17,24,0.99506
2025-11-21 07:53:41,Duong Nguyen Hue,Quan 1,10.774028664434528,106.70357076461706,29,29,1.0
2025-11-21 07:53:42,Nguyen Van Linh,Quan 7,10.752616652291238,106.72509685338922,39,39,1.0
2025-11-21 07:53:43,Vo Van Kiet,Quan 5,10.745754766198267,106.65326266831877,42,42,1.0
2025-11-21 07:53:44,Xa lo Ha Noi,QL1A,10.94927106740351,106.87196348224562,30,42,1.0
2025-11-21 07:53:45,Duong Dien Bien Phu,Quan 1,10.78866360854368,106.69551372228901,32,42,1.0
2025-11-21 07:53:46,Nga tu Hang Xanh,Binh Thanh,10.801406421807085,106.71148440879679,32,42,1.0
2025-11-21 07:53:47,Nga tu An Suong,Hoc Mon,10.843150534972033,106.6151343241409,24,35,1.0
2025-11-21 07:53:47,Ben xe Mien Dong,Quan 9,10.880537767027526,106.81481342866444,44,53,1.0
2025-11-21 07:53:48,Ben xe Mien Tay,Binh Tan,10.740840166521663,106.61899246873142,24,35,1.0
2025-11-21 07:53:49,Cau Sai Gon,Quan 2 ,10.798986343749618,106.72697056646841,45,45,1.0
2025-11-21 07:53:50,Cau Phu My,Q2,10.741860769464234,106.73790365482627,45,45,1.0
2025-11-21 07:53:51,Cau Kenh Te,Q4,10.752408891679814,106.7022703818112,20,33,1.0
2025-11-21 07:53:52,Cau Thu Thiem,Quan 2,10.786216596454727,106.71836665482695,37,40,1.0
2025-11-21 07:53:53,Nguyen Huu Canh,Binh Thanh,10.78948793356203,106.71518838181179,21,35,1.0
2025-11-21 07:53:54,Cong Hoa,Tan Binh,10.80223925742187,106.6478722259914,27,41,1.0
2025-11-21 07:53:54,Truong Son / Tan Son Nhat Blvd,Gan san bay,10.813928881466124,106.66511432455972,21,34,1.0
2025-11-21 07:53:55,Nguyen Trai,Quan 5,10.755608615763382,106.67347943578082,18,27,1.0
2025-11-21 07:53:56,Le Duan,Quan 1,10.782680856341083,106.70051548181169,18,31,1.0
2025-11-21 07:54:01,Tran Hung Dao ,Quan 5,10.754895139302109,106.67839188181134,22,33,1.0
2025-11-21 07:54:02,Tran Quoc Thao,Quan 3,10.785070445194592,106.68331340921323,13,27,1.0
2025-11-21 07:54:03,Tran Hung Dao,Quan 5,10.7549373008113,106.67848844133415,22,33,1.0
2025-11-21 07:54:04,Cach Mang Thang 8 (CMT8),Quan 3,10.77898143649726,106.67684447140958,19,34,1.0
2025-11-21 07:54:05,Pham Ngu Lao / Bui Vien,Quan 1,10.767112828386699,106.6927618222887,14,20,0.99
2025-11-21 07:54:06,Nguyen Thi Minh Khai,Quan 3,10.77847212665258,106.69389510879643,26,41,1.0
2025-11-21 07:54:13,Nguyen Van Troi,Phu Nhuan,10.796057790235078,106.67492629345334,21,34,1.0
2025-11-21 07:54:25,Pham Van Dong,Go Vap,10.835298215641501,106.72935479345391,31,42,0.996334
2025-11-21 07:54:26,Cong truong lam son,Quan 1,10.777562007197462,106.7041335430398,19,30,1.0
2025-11-21 07:54:27,Nguyen Oanh ,Go Vap,10.83886351241477,106.67566625482782,26,36,1.0
2025-11-21 07:54:28,Le Hong Phong,Quan 10,10.765187049751795,106.67550552599073,22,35,1.0
2025-11-21 07:54:29,Nguyen Van Cu,Quan 5,10.759484371982321,106.6840537511244,18,27,1.0
2025-11-21 07:54:30,Nga tu Binh Phuoc,Ngoai o,10.865229381280965,106.72366973948475,36,49,1.0
2025-11-21 07:54:30,Phu My Hung ,Quan 7,10.72279213640514,106.72808623948244,25,37,1.0
2025-11-21 07:54:31,Nguyen Thai Son,Phu Nhuan,10.823400120373712,106.68551227436063,22,32,1.0
2025-11-21 07:54:32,An Duong Vuong,Quan 8,10.756158554057757,106.66631758181126,30,30,1.0
2025-11-21 07:54:33,Huynh Tan Phat,Nha Be,10.7144382088356,106.73711688366167,23,35,1.0
2025-11-21 07:54:34,Truong Chinh,Tan Binh ,10.817236653231737,106.63191539530457,24,35,1.0
2025-11-21 07:56:46,Cho Ben Thanh,Quan 1,10.772727584493625,106.69804225297563,17,24,0.99753
2025-11-21 07:56:47,Duong Nguyen Hue,Quan 1,10.774028664434528,106.70357076461706,21,28,1.0
2025-11-21 07:56:48,Nguyen Van Linh,Quan 7,10.752616652291238,106.72509685338922,39,39,1.0
2025-11-21 07:56:49,Vo Van Kiet,Quan 5,10.745754766198267,106.65326266831877,42,42,1.0
2025-11-21 07:56:49,Xa lo Ha Noi,QL1A,10.94927106740351,106.87196348224562,33,41,1.0
2025-11-21 07:56:50,Duong Dien Bien Phu,Quan 1,10.78866360854368,106.69551372228901,31,42,1.0
2025-11-21 07:56:51,Nga tu Hang Xanh,Binh Thanh,10.801406421807085,106.71148440879679,31,42,1.0
2025-11-21 07:56:52,Nga tu An Suong,Hoc Mon,10.843150534972033,106.6151343241409,23,35,1.0
2025-11-21 07:56:58,Ben xe Mien Dong,Quan 9,10.880537767027526,106.81481342866444,44,53,1.0
2025-11-21 07:56:59,Ben xe Mien Tay,Binh Tan,10.740840166521663,106.61899246873142,25,35,1.0
2025-11-21 07:57:00,Cau Sai Gon,Quan 2 ,10.798986343749618,106.72697056646841,33,44,1.0
2025-11-21 07:57:01,Cau Phu My,Q2,10.741860769464234,106.73790365482627,45,45,1.0
2025-11-21 07:57:02,Cau Kenh Te,Q4,10.752408891679814,106.7022703818112,19,33,1.0
2025-11-21 07:57:02,Cau Thu Thiem,Quan 2,10.786216596454727,106.71836665482695,40,40,1.0
2025-11-21 07:57:03,Nguyen Huu Canh,Binh Thanh,10.78948793356203,106.71518838181179,24,35,1.0
2025-11-21 07:57:04,Cong Hoa,Tan Binh,10.80223925742187,106.6478722259914,26,41,1.0
2025-11-21 07:57:05,Truong Son / Tan Son Nhat Blvd,Gan san bay,10.813928881466124,106.66511432455972,19,34,1.0
2025-11-21 07:57:06,Nguyen Trai,Quan 5,10.755608615763382,106.67347943578082,18,27,0.998947
2025-11-21 07:57:07,Le Duan,Quan 1,10.782680856341083,106.70051548181169,19,30,1.0
2025-11-21 07:57:08,Tran Hung Dao ,Quan 5,10.754895139302109,106.67839188181134,21,32,1.0
2025-11-21 07:57:20,Tran Quoc Thao,Quan 3,10.785070445194592,106.68331340921323,14,27,1.0
2025-11-21 07:57:32,Tran Hung Dao,Quan 5,10.7549373008113,106.67848844133415,21,32,1.0
2025-11-21 07:57:33,Cach Mang Thang 8 (CMT8),Quan 3,10.77898143649726,106.67684447140958,20,34,1.0
2025-11-21 07:57:34,Pham Ngu Lao / Bui Vien,Quan 1,10.767112828386699,106.6927618222887,13,20,1.0
2025-11-21 07:57:35,Nguyen Thi Minh Khai,Quan 3,10.77847212665258,106.69389510879643,27,41,1.0
2025-11-21 07:57:36,Nguyen Van Troi,Phu Nhuan,10.796057790235078,106.67492629345334,19,34,1.0
2025-11-21 07:57:37,Pham Van Dong,Go Vap,10.835298215641501,106.72935479345391,34,42,0.997512
2025-11-21 07:57:38,Cong truong lam son,Quan 1,10.777562007197462,106.7041335430398,19,30,1.0
2025-11-21 07:57:50,Nguyen Oanh ,Go Vap,10.83886351241477,106.67566625482782,28,36,0.99742
2025-11-21 07:58:02,Le Hong Phong,Quan 10,10.765187049751795,106.67550552599073,19,36,1.0
2025-11-21 07:58:02,Nguyen Van Cu,Quan 5,10.759484371982321,106.6840537511244,17,28,0.998947
2025-11-21 07:58:03,Nga tu Binh Phuoc,Ngoai o,10.865229381280965,106.72366973948475,37,49,1.0
2025-11-21 07:58:04,Phu My Hung ,Quan 7,10.72279213640514,106.72808623948244,25,37,1.0
2025-11-21 07:58:05,Nguyen Thai Son,Phu Nhuan,10.823400120373712,106.68551227436063,20,32,1.0
2025-11-21 07:58:06,An Duong Vuong,Quan 8,10.756158554057757,106.66631758181126,23,29,1.0
2025-11-21 07:58:07,Huynh Tan Phat,Nha Be,10.7144382088356,106.73711688366167,22,35,1.0
2025-11-21 07:58:08,Truong Chinh,Tan Binh ,10.817236653231737,106.63191539530457,24,35,1.0
2025-11-21 08:00:09,Cho Ben Thanh,Quan 1,10.772727584493625,106.69804225297563,15,24,0.99753
2025-11-21 08:00:10,Duong Nguyen Hue,Quan 1,10.774028664434528,106.70357076461706,20,28,1.0
2025-11-21 08:00:11,Nguyen Van Linh,Quan 7,10.752616652291238,106.72509685338922,39,39,1.0
2025-11-21 08:00:12,Vo Van Kiet,Quan 5,10.745754766198267,106.65326266831877,36,42,1.0
2025-11-21 08:00:13,Xa lo Ha Noi,QL1A,10.94927106740351,106.87196348224562,31,41,1.0
2025-11-21 08:00:14,Duong Dien Bien Phu,Quan 1,10.78866360854368,106.69551372228901,33,42,1.0
2025-11-21 08:00:26,Nga tu Hang Xanh,Binh Thanh,10.801406421807085,106.71148440879679,32,41,1.0
2025-11-21 08:00:37,Nga tu An Suong,Hoc Mon,10.843150534972033,106.6151343241409,23,35,1.0
2025-11-21 08:00:38,Ben xe Mien Dong,Quan 9,10.880537767027526,106.81481342866444,42,53,1.0
2025-11-21 08:00:39,Ben xe Mien Tay,Binh Tan,10.740840166521663,106.61899246873142,25,35,1.0
2025-11-21 08:00:40,Cau Sai Gon,Quan 2 ,10.798986343749618,106.72697056646841,35,44,1.0
2025-11-21 08:00:52,Cau Phu My,Q2,10.741860769464234,106.73790365482627,45,45,1.0
2025-11-21 08:01:04,Cau Kenh Te,Q4,10.752408891679814,106.7022703818112,18,34,1.0
2025-11-21 08:01:05,Cau Thu Thiem,Quan 2,10.786216596454727,106.71836665482695,40,40,1.0
2025-11-21 08:01:06,Nguyen Huu Canh,Binh Thanh,10.78948793356203,106.71518838181179,21,35,1.0
2025-11-21 08:01:07,Cong Hoa,Tan Binh,10.80223925742187,106.6478722259914,29,40,1.0
2025-11-21 08:01:07,Truong Son / Tan Son Nhat Blvd,Gan san bay,10.813928881466124,106.66511432455972,19,34,0.999358
2025-11-21 08:01:19,Nguyen Trai,Quan 5,10.755608615763382,106.67347943578082,17,28,0.997894
2025-11-21 08:01:31,Le Duan,Quan 1,10.782680856341083,106.70051548181169,19,29,1.0
2025-11-21 08:01:43,Tran Hung Dao ,Quan 5,10.754895139302109,106.67839188181134,22,32,1.0
2025-11-21 08:01:55,Tran Quoc Thao,Quan 3,10.785070445194592,106.68331340921323,13,28,1.0
2025-11-21 08:01:56,Tran Hung Dao,Quan 5,10.7549373008113,106.67848844133415,22,32,1.0
2025-11-21 08:02:08,Cach Mang Thang 8 (CMT8),Quan 3,10.77898143649726,106.67684447140958,21,34,1.0
2025-11-21 08:02:20,Pham Ngu Lao / Bui Vien,Quan 1,10.767112828386699,106.6927618222887,20,20,1.0
2025-11-21 08:02:32,Nguyen Thi Minh Khai,Quan 3,10.77847212665258,106.69389510879643,27,41,1.0
2025-11-21 08:02:33,Nguyen Van Troi,Phu Nhuan,10.796057790235078,106.67492629345334,19,34,0.999528
2025-11-21 08:02:34,Pham Van Dong,Go Vap,10.835298215641501,106.72935479345391,31,42,0.997665
2025-11-21 08:02:35,Cong truong lam son,Quan 1,10.777562007197462,106.7041335430398,18,30,1.0
2025-11-21 08:02:36,Nguyen Oanh ,Go Vap,10.83886351241477,106.67566625482782,28,35,0.997224
2025-11-21 08:02:37,Le Hong Phong,Quan 10,10.765187049751795,106.67550552599073,22,36,1.0
2025-11-21 08:02:38,Nguyen Van Cu,Quan 5,10.759484371982321,106.6840537511244,18,28,0.997901
2025-11-21 08:02:38,Nga tu Binh Phuoc,Ngoai o,10.865229381280965,106.72366973948475,36,49,1.0
2025-11-21 08:02:39,Phu My Hung ,Quan 7,10.72279213640514,106.72808623948244,27,37,0.999742
2025-11-21 08:02:40,Nguyen Thai Son,Phu Nhuan,10.823400120373712,106.68551227436063,23,32,1.0
2025-11-21 08:02:41,An Duong Vuong,Quan 8,10.756158554057757,106.66631758181126,18,29,1.0
2025-11-21 08:02:42,Huynh Tan Phat,Nha Be,10.7144382088356,106.73711688366167,23,35,1.0
2025-11-21 08:02:54,Truong Chinh,Tan Binh ,10.817236653231737,106.63191539530457,24,35,1.0
2025-11-21 08:04:55,Cho Ben Thanh,Quan 1,10.772727584493625,106.69804225297563,14,24,0.998765
2025-11-21 08:04:56,Duong Nguyen Hue,Quan 1,10.774028664434528,106.70357076461706,29,29,1.0
2025-11-21 08:05:08,Nguyen Van Linh,Quan 7,10.752616652291238,106.72509685338922,29,39,1.0
2025-11-21 08:05:09,Vo Van Kiet,Quan 5,10.745754766198267,106.65326266831877,42,42,1.0
2025-11-21 08:05:10,Xa lo Ha Noi,QL1A,10.94927106740351,106.87196348224562,33,41,1.0
2025-11-21 08:05:11,Duong Dien Bien Phu,Quan 1,10.78866360854368,106.69551372228901,33,41,1.0
2025-11-21 08:05:23,Nga tu Hang Xanh,Binh Thanh,10.801406421807085,106.71148440879679,33,42,1.0
2025-11-21 08:05:35,Nga tu An Suong,Hoc Mon,10.843150534972033,106.6151343241409,24,35,1.0
2025-11-21 08:05:47,Ben xe Mien Dong,Quan 9,10.880537767027526,106.81481342866444,42,53,1.0
2025-11-21 08:05:47,Ben xe Mien Tay,Binh Tan,10.740840166521663,106.61899246873142,26,35,1.0
2025-11-21 08:05:48,Cau Sai Gon,Quan 2 ,10.798986343749618,106.72697056646841,35,45,1.0
2025-11-21 08:05:49,Cau Phu My,Q2,10.741860769464234,106.73790365482627,45,45,1.0
2025-11-21 08:05:50,Cau Kenh Te,Q4,10.752408891679814,106.7022703818112,18,34,1.0
2025-11-21 08:05:51,Cau Thu Thiem,Quan 2,10.786216596454727,106.71836665482695,40,40,1.0
2025-11-21 08:05:59,Nguyen Huu Canh,Binh Thanh,10.78948793356203,106.71518838181179,36,36,1.0
2025-11-21 08:05:59,Cong Hoa,Tan Binh,10.80223925742187,106.6478722259914,26,40,1.0
2025-11-21 08:06:00,Truong Son / Tan Son Nhat Blvd,Gan san bay,10.813928881466124,106.66511432455972,19,34,0.998954
2025-11-21 08:06:01,Nguyen Trai,Quan 5,10.755608615763382,106.67347943578082,19,26,0.997909
2025-11-21 08:06:02,Le Duan,Quan 1,10.782680856341083,106.70051548181169,19,31,1.0
2025-11-21 08:06:03,Tran Hung Dao ,Quan 5,10.754895139302109,106.67839188181134,22,32,1.0
2025-11-21 08:06:11,Tran Quoc Thao,Quan 3,10.785070445194592,106.68331340921323,16,26,1.0
2025-11-21 08:06:23,Tran Hung Dao,Quan 5,10.7549373008113,106.67848844133415,22,32,1.0
2025-11-21 08:06:23,Cach Mang Thang 8 (CMT8),Quan 3,10.77898143649726,106.67684447140958,21,34,1.0
2025-11-21 08:06:24,Pham Ngu Lao / Bui Vien,Quan 1,10.767112828386699,106.6927618222887,16,20,1.0
2025-11-21 08:06:25,Nguyen Thi Minh Khai,Quan 3,10.77847212665258,106.69389510879643,28,41,1.0
2025-11-21 08:06:26,Nguyen Van Troi,Phu Nhuan,10.796057790235078,106.67492629345334,18,33,0.998488
2025-11-21 08:06:38,Pham Van Dong,Go Vap,10.835298215641501,106.72935479345391,33,42,0.998013
2025-11-21 08:06:50,Cong truong lam son,Quan 1,10.777562007197462,106.7041335430398,20,30,1.0
2025-11-21 08:07:02,Nguyen Oanh ,Go Vap,10.83886351241477,106.67566625482782,36,36,1.0
2025-11-21 08:07:03,Le Hong Phong,Quan 10,10.765187049751795,106.67550552599073,24,36,1.0
2025-11-21 08:07:03,Nguyen Van Cu,Quan 5,10.759484371982321,106.6840537511244,19,27,0.997901
2025-11-21 08:07:04,Nga tu Binh Phuoc,Ngoai o,10.865229381280965,106.72366973948475,37,49,1.0
2025-11-21 08:07:05,Phu My Hung ,Quan 7,10.72279213640514,106.72808623948244,26,37,1.0
2025-11-21 08:07:06,Nguyen Thai Son,Phu Nhuan,10.823400120373712,106.68551227436063,22,31,1.0
2025-11-21 08:07:18,An Duong Vuong,Quan 8,10.756158554057757,106.66631758181126,21,29,1.0
2025-11-21 08:07:19,Huynh Tan Phat,Nha Be,10.7144382088356,106.73711688366167,23,35,1.0
2025-11-21 08:07:20,Truong Chinh,Tan Binh ,10.817236653231737,106.63191539530457,24,35,1.0
2025-11-21 08:09:32,Cho Ben Thanh,Quan 1,10.772727584493625,106.69804225297563,18,24,1.0
2025-11-21 08:09:33,Duong Nguyen Hue,Quan 1,10.774028664434528,106.70357076461706,21,28,1.0
2025-11-21 08:09:34,Nguyen Van Linh,Quan 7,10.752616652291238,106.72509685338922,30,39,1.0
2025-11-21 08:09:35,Vo Van Kiet,Quan 5,10.745754766198267,106.65326266831877,38,43,1.0
2025-11-21 08:09:35,Xa lo Ha Noi,QL1A,10.94927106740351,106.87196348224562,32,42,1.0
2025-11-21 08:09:36,Duong Dien Bien Phu,Quan 1,10.78866360854368,106.69551372228901,32,42,1.0
2025-11-21 08:09:48,Nga tu Hang Xanh,Binh Thanh,10.801406421807085,106.71148440879679,32,42,1.0
2025-11-21 08:10:00,Nga tu An Suong,Hoc Mon,10.843150534972033,106.6151343241409,22,35,1.0
2025-11-21 08:10:01,Ben xe Mien Dong,Quan 9,10.880537767027526,106.81481342866444,45,53,1.0
2025-11-21 08:10:13,Ben xe Mien Tay,Binh Tan,10.740840166521663,106.61899246873142,25,36,1.0
2025-11-21 08:10:14,Cau Sai Gon,Quan 2 ,10.798986343749618,106.72697056646841,45,45,1.0
2025-11-21 08:10:15,Cau Phu My,Q2,10.741860769464234,106.73790365482627,45,45,1.0
2025-11-21 08:10:16,Cau Kenh Te,Q4,10.752408891679814,106.7022703818112,17,34,1.0
2025-11-21 08:10:17,Cau Thu Thiem,Quan 2,10.786216596454727,106.71836665482695,40,40,1.0
2025-11-21 08:10:18,Nguyen Huu Canh,Binh Thanh,10.78948793356203,106.71518838181179,26,36,1.0
2025-11-21 08:10:19,Cong Hoa,Tan Binh,10.80223925742187,106.6478722259914,41,41,1.0
2025-11-21 08:10:20,Truong Son / Tan Son Nhat Blvd,Gan san bay,10.813928881466124,106.66511432455972,22,34,1.0
2025-11-21 08:10:21,Nguyen Trai,Quan 5,10.755608615763382,106.67347943578082,20,28,1.0
2025-11-21 08:10:22,Le Duan,Quan 1,10.782680856341083,106.70051548181169,20,30,1.0
2025-11-21 08:10:23,Tran Hung Dao ,Quan 5,10.754895139302109,106.67839188181134,21,32,1.0
2025-11-21 08:10:24,Tran Quoc Thao,Quan 3,10.785070445194592,106.68331340921323,17,28,1.0
2025-11-21 08:10:24,Tran Hung Dao,Quan 5,10.7549373008113,106.67848844133415,21,32,1.0
2025-11-21 08:10:25,Cach Mang Thang 8 (CMT8),Quan 3,10.77898143649726,106.67684447140958,19,34,1.0
2025-11-21 08:10:26,Pham Ngu Lao / Bui Vien,Quan 1,10.767112828386699,106.6927618222887,16,20,1.0
2025-11-21 08:10:27,Nguyen Thi Minh Khai,Quan 3,10.77847212665258,106.69389510879643,28,42,1.0
2025-11-21 08:10:34,Nguyen Van Troi,Phu Nhuan,10.796057790235078,106.67492629345334,22,34,1.0
2025-11-21 08:10:35,Pham Van Dong,Go Vap,10.835298215641501,106.72935479345391,34,43,0.99745
2025-11-21 08:10:36,Cong truong lam son,Quan 1,10.777562007197462,106.7041335430398,20,30,1.0
2025-11-21 08:10:37,Nguyen Oanh ,Go Vap,10.83886351241477,106.67566625482782,29,36,1.0
2025-11-21 08:10:37,Le Hong Phong,Quan 10,10.765187049751795,106.67550552599073,23,36,1.0
2025-11-21 08:10:38,Nguyen Van Cu,Quan 5,10.759484371982321,106.6840537511244,20,28,1.0
2025-11-21 08:10:46,Nga tu Binh Phuoc,Ngoai o,10.865229381280965,106.72366973948475,36,49,1.0
2025-11-21 08:10:47,Phu My Hung ,Quan 7,10.72279213640514,106.72808623948244,26,37,1.0
2025-11-21 08:10:48,Nguyen Thai Son,Phu Nhuan,10.823400120373712,106.68551227436063,22,32,1.0
2025-11-21 08:10:49,An Duong Vuong,Quan 8,10.756158554057757,106.66631758181126,20,28,1.0
2025-11-21 08:10:49,Huynh Tan Phat,Nha Be,10.7144382088356,106.73711688366167,23,35,1.0
2025-11-21 08:10:50,Truong Chinh,Tan Binh ,10.817236653231737,106.63191539530457,23,35,1.0
2025-11-21 08:13:02,Cho Ben Thanh,Quan 1,10.772727584493625,106.69804225297563,15,24,1.0
2025-11-21 08:13:03,Duong Nguyen Hue,Quan 1,10.774028664434528,106.70357076461706,23,28,1.0
2025-11-21 08:13:04,Nguyen Van Linh,Quan 7,10.752616652291238,106.72509685338922,31,39,1.0
2025-11-21 08:13:05,Vo Van Kiet,Quan 5,10.745754766198267,106.65326266831877,42,42,1.0
2025-11-21 08:13:06,Xa lo Ha Noi,QL1A,10.94927106740351,106.87196348224562,30,42,1.0
2025-11-21 08:13:18,Duong Dien Bien Phu,Quan 1,10.78866360854368,106.69551372228901,33,41,1.0
2025-11-21 08:13:30,Nga tu Hang Xanh,Binh Thanh,10.801406421807085,106.71148440879679,32,42,1.0
2025-11-21 08:13:31,Nga tu An Suong,Hoc Mon,10.843150534972033,106.6151343241409,24,34,1.0
2025-11-21 08:13:32,Ben xe Mien Dong,Quan 9,10.880537767027526,106.81481342866444,44,53,1.0
2025-11-21 08:13:33,Ben xe Mien Tay,Binh Tan,10.740840166521663,106.61899246873142,25,35,1.0
2025-11-21 08:13:42,Cau Sai Gon,Quan 2 ,10.798986343749618,106.72697056646841,32,45,1.0
2025-11-21 08:13:43,Cau Phu My,Q2,10.741860769464234,106.73790365482627,38,44,1.0
2025-11-21 08:13:44,Cau Kenh Te,Q4,10.752408891679814,106.7022703818112,20,34,1.0
2025-11-21 08:13:44,Cau Thu Thiem,Quan 2,10.786216596454727,106.71836665482695,34,39,1.0
2025-11-21 08:13:45,Nguyen Huu Canh,Binh Thanh,10.78948793356203,106.71518838181179,20,36,1.0
2025-11-21 08:13:46,Cong Hoa,Tan Binh,10.80223925742187,106.6478722259914,28,41,1.0
2025-11-21 08:13:47,Truong Son / Tan Son Nhat Blvd,Gan san bay,10.813928881466124,106.66511432455972,21,33,1.0
2025-11-21 08:13:48,Nguyen Trai,Quan 5,10.755608615763382,106.67347943578082,18,28,0.998951
2025-11-21 08:13:54,Le Duan,Quan 1,10.782680856341083,106.70051548181169,20,30,1.0
2025-11-21 08:13:55,Tran Hung Dao ,Quan 5,10.754895139302109,106.67839188181134,22,33,1.0
2025-11-21 08:13:56,Tran Quoc Thao,Quan 3,10.785070445194592,106.68331340921323,20,28,1.0
2025-11-21 08:14:08,Tran Hung Dao,Quan 5,10.7549373008113,106.67848844133415,22,33,1.0
2025-11-21 08:14:20,Cach Mang Thang 8 (CMT8),Quan 3,10.77898143649726,106.67684447140958,21,35,1.0
2025-11-21 08:14:32,Pham Ngu Lao / Bui Vien,Quan 1,10.767112828386699,106.6927618222887,12,19,1.0
2025-11-21 08:14:33,Nguyen Thi Minh Khai,Quan 3,10.77847212665258,106.69389510879643,28,41,1.0
2025-11-21 08:14:34,Nguyen Van Troi,Phu Nhuan,10.796057790235078,106.67492629345334,19,34,1.0
2025-11-21 08:14:35,Pham Van Dong,Go Vap,10.835298215641501,106.72935479345391,33,42,0.997415
2025-11-21 08:14:35,Cong truong lam son,Quan 1,10.777562007197462,106.7041335430398,18,30,1.0
2025-11-21 08:14:36,Nguyen Oanh ,Go Vap,10.83886351241477,106.67566625482782,29,36,1.0
2025-11-21 08:14:48,Le Hong Phong,Quan 10,10.765187049751795,106.67550552599073,26,36,1.0
2025-11-21 08:15:00,Nguyen Van Cu,Quan 5,10.759484371982321,106.6840537511244,18,27,0.998951
2025-11-21 08:15:22,Nga tu Binh Phuoc,Ngoai o,10.865229381280965,106.72366973948475,36,49,1.0
2025-11-21 08:15:23,Phu My Hung ,Quan 7,10.72279213640514,106.72808623948244,25,37,1.0
2025-11-21 08:15:24,Nguyen Thai Son,Phu Nhuan,10.823400120373712,106.68551227436063,20,31,1.0
2025-11-21 08:15:25,An Duong Vuong,Quan 8,10.756158554057757,106.66631758181126,21,29,1.0
2025-11-21 08:15:37,Huynh Tan Phat,Nha Be,10.7144382088356,106.73711688366167,22,35,1.0
2025-11-21 08:15:49,Truong Chinh,Tan Binh ,10.817236653231737,106.63191539530457,24,35,1.0
2025-11-21 08:18:02,Cho Ben Thanh,Quan 1,10.772727584493625,106.69804225297563,15,24,1.0
2025-11-21 08:18:03,Duong Nguyen Hue,Quan 1,10.774028664434528,106.70357076461706,21,28,1.0
2025-11-21 08:18:04,Nguyen Van Linh,Quan 7,10.752616652291238,106.72509685338922,39,39,1.0
2025-11-21 08:18:05,Vo Van Kiet,Quan 5,10.745754766198267,106.65326266831877,42,42,1.0
2025-11-21 08:18:06,Xa lo Ha Noi,QL1A,10.94927106740351,106.87196348224562,27,42,1.0
2025-11-21 08:18:07,Duong Dien Bien Phu,Quan 1,10.78866360854368,106.69551372228901,30,42,1.0
2025-11-21 08:18:08,Nga tu Hang Xanh,Binh Thanh,10.801406421807085,106.71148440879679,30,42,1.0
2025-11-21 08:18:08,Nga tu An Suong,Hoc Mon,10.843150534972033,106.6151343241409,24,35,1.0
2025-11-21 08:18:09,Ben xe Mien Dong,Quan 9,10.880537767027526,106.81481342866444,44,53,1.0
2025-11-21 08:18:10,Ben xe Mien Tay,Binh Tan,10.740840166521663,106.61899246873142,27,35,1.0
2025-11-21 08:18:11,Cau Sai Gon,Quan 2 ,10.798986343749618,106.72697056646841,45,45,1.0
2025-11-21 08:18:12,Cau Phu My,Q2,10.741860769464234,106.73790365482627,45,45,1.0
2025-11-21 08:18:13,Cau Kenh Te,Q4,10.752408891679814,106.7022703818112,20,34,1.0
2025-11-21 08:18:14,Cau Thu Thiem,Quan 2,10.786216596454727,106.71836665482695,40,40,1.0
2025-11-21 08:18:15,Nguyen Huu Canh,Binh Thanh,10.78948793356203,106.71518838181179,23,35,1.0
2025-11-21 08:18:16,Cong Hoa,Tan Binh,10.80223925742187,106.6478722259914,28,41,1.0
2025-11-21 08:18:17,Truong Son / Tan Son Nhat Blvd,Gan san bay,10.813928881466124,106.66511432455972,19,34,1.0
2025-11-21 08:18:21,Nguyen Trai,Quan 5,10.755608615763382,106.67347943578082,17,27,0.997478
2025-11-21 08:18:21,Le Duan,Quan 1,10.782680856341083,106.70051548181169,19,30,1.0
2025-11-21 08:18:22,Tran Hung Dao ,Quan 5,10.754895139302109,106.67839188181134,23,32,1.0
2025-11-21 08:18:23,Tran Quoc Thao,Quan 3,10.785070445194592,106.68331340921323,19,27,1.0
2025-11-21 08:18:24,Tran Hung Dao,Quan 5,10.7549373008113,106.67848844133415,23,33,1.0
2025-11-21 08:18:25,Cach Mang Thang 8 (CMT8),Quan 3,10.77898143649726,106.67684447140958,21,34,1.0
2025-11-21 08:18:37,Pham Ngu Lao / Bui Vien,Quan 1,10.767112828386699,106.6927618222887,14,20,1.0
2025-11-21 08:18:49,Nguyen Thi Minh Khai,Quan 3,10.77847212665258,106.69389510879643,27,41,1.0
2025-11-21 08:18:50,Nguyen Van Troi,Phu Nhuan,10.796057790235078,106.67492629345334,20,34,1.0
2025-11-21 08:18:51,Pham Van Dong,Go Vap,10.835298215641501,106.72935479345391,33,42,0.996853
2025-11-21 08:18:52,Cong truong lam son,Quan 1,10.777562007197462,106.7041335430398,19,30,1.0
2025-11-21 08:18:53,Nguyen Oanh ,Go Vap,10.83886351241477,106.67566625482782,29,36,1.0
2025-11-21 08:18:54,Le Hong Phong,Quan 10,10.765187049751795,106.67550552599073,25,36,1.0
2025-11-21 08:19:01,Nguyen Van Cu,Quan 5,10.759484371982321,106.6840537511244,16,27,0.997478
2025-11-21 08:19:13,Nga tu Binh Phuoc,Ngoai o,10.865229381280965,106.72366973948475,35,49,1.0
2025-11-21 08:19:14,Phu My Hung ,Quan 7,10.72279213640514,106.72808623948244,26,37,1.0
2025-11-21 08:19:15,Nguyen Thai Son,Phu Nhuan,10.823400120373712,106.68551227436063,22,32,1.0
2025-11-21 08:19:16,An Duong Vuong,Quan 8,10.756158554057757,106.66631758181126,22,29,1.0
2025-11-21 08:19:17,Huynh Tan Phat,Nha Be,10.7144382088356,106.73711688366167,22,35,1.0
2025-11-21 08:19:18,Truong Chinh,Tan Binh ,10.817236653231737,106.63191539530457,23,35,1.0
2025-11-21 08:21:19,Cho Ben Thanh,Quan 1,10.772727584493625,106.69804225297563,15,24,1.0
2025-11-21 08:21:20,Duong Nguyen Hue,Quan 1,10.774028664434528,106.70357076461706,22,28,1.0
2025-11-21 08:21:20,Nguyen Van Linh,Quan 7,10.752616652291238,106.72509685338922,39,39,1.0
2025-11-21 08:21:30,Vo Van Kiet,Quan 5,10.745754766198267,106.65326266831877,37,43,1.0
2025-11-21 08:21:42,Xa lo Ha Noi,QL1A,10.94927106740351,106.87196348224562,42,42,1.0
2025-11-21 08:21:42,Duong Dien Bien Phu,Quan 1,10.78866360854368,106.69551372228901,33,41,1.0
2025-11-21 08:21:43,Nga tu Hang Xanh,Binh Thanh,10.801406421807085,106.71148440879679,33,41,1.0
2025-11-21 08:21:44,Nga tu An Suong,Hoc Mon,10.843150534972033,106.6151343241409,25,35,1.0
2025-11-21 08:21:45,Ben xe Mien Dong,Quan 9,10.880537767027526,106.81481342866444,46,53,1.0
2025-11-21 08:21:46,Ben xe Mien Tay,Binh Tan,10.740840166521663,106.61899246873142,28,35,1.0
2025-11-21 08:21:57,Cau Sai Gon,Quan 2 ,10.798986343749618,106.72697056646841,35,45,1.0
2025-11-21 08:22:09,Cau Phu My,Q2,10.741860769464234,106.73790365482627,45,45,1.0
2025-11-21 08:22:10,Cau Kenh Te,Q4,10.752408891679814,106.7022703818112,20,34,1.0
2025-11-21 08:22:11,Cau Thu Thiem,Quan 2,10.786216596454727,106.71836665482695,40,40,1.0
2025-11-21 08:22:23,Nguyen Huu Canh,Binh Thanh,10.78948793356203,106.71518838181179,29,36,1.0
2025-11-21 08:22:24,Cong Hoa,Tan Binh,10.80223925742187,106.6478722259914,27,40,1.0
2025-11-21 08:22:25,Truong Son / Tan Son Nhat Blvd,Gan san bay,10.813928881466124,106.66511432455972,19,34,1.0
2025-11-21 08:22:26,Nguyen Trai,Quan 5,10.755608615763382,106.67347943578082,19,28,0.997907
2025-11-21 08:22:27,Le Duan,Quan 1,10.782680856341083,106.70051548181169,18,30,1.0
2025-11-21 08:22:28,Tran Hung Dao ,Quan 5,10.754895139302109,106.67839188181134,22,32,1.0
2025-11-21 08:22:40,Tran Quoc Thao,Quan 3,10.785070445194592,106.68331340921323,14,28,1.0
2025-11-21 08:22:51,Tran Hung Dao,Quan 5,10.7549373008113,106.67848844133415,22,33,1.0
2025-11-21 08:22:52,Cach Mang Thang 8 (CMT8),Quan 3,10.77898143649726,106.67684447140958,20,34,1.0
2025-11-21 08:22:53,Pham Ngu Lao / Bui Vien,Quan 1,10.767112828386699,106.6927618222887,20,20,1.0
2025-11-21 08:22:54,Nguyen Thi Minh Khai,Quan 3,10.77847212665258,106.69389510879643,28,41,1.0
2025-11-21 08:22:55,Nguyen Van Troi,Phu Nhuan,10.796057790235078,106.67492629345334,20,34,1.0
2025-11-21 08:23:07,Pham Van Dong,Go Vap,10.835298215641501,106.72935479345391,31,42,0.997588
2025-11-21 08:23:19,Cong truong lam son,Quan 1,10.777562007197462,106.7041335430398,17,30,1.0
2025-11-21 08:23:31,Nguyen Oanh ,Go Vap,10.83886351241477,106.67566625482782,36,36,1.0
2025-11-21 08:23:43,Le Hong Phong,Quan 10,10.765187049751795,106.67550552599073,21,36,1.0
2025-11-21 08:23:44,Nguyen Van Cu,Quan 5,10.759484371982321,106.6840537511244,18,27,0.997907
2025-11-21 08:23:45,Nga tu Binh Phuoc,Ngoai o,10.865229381280965,106.72366973948475,35,49,1.0
2025-11-21 08:23:45,Phu My Hung ,Quan 7,10.72279213640514,106.72808623948244,27,37,1.0
2025-11-21 08:23:46,Nguyen Thai Son,Phu Nhuan,10.823400120373712,106.68551227436063,24,31,1.0
2025-11-21 08:23:47,An Duong Vuong,Quan 8,10.756158554057757,106.66631758181126,22,30,1.0
2025-11-21 08:23:59,Huynh Tan Phat,Nha Be,10.7144382088356,106.73711688366167,23,35,1.0
2025-11-21 08:24:00,Truong Chinh,Tan Binh ,10.817236653231737,106.63191539530457,25,35,1.0
2025-11-21 08:26:12,Cho Ben Thanh,Quan 1,10.772727584493625,106.69804225297563,16,24,1.0
2025-11-21 08:26:13,Duong Nguyen Hue,Quan 1,10.774028664434528,106.70357076461706,29,29,1.0
2025-11-21 08:26:14,Nguyen Van Linh,Quan 7,10.752616652291238,106.72509685338922,36,39,1.0
2025-11-21 08:26:15,Vo Van Kiet,Quan 5,10.745754766198267,106.65326266831877,36,43,1.0
2025-11-21 08:26:16,Xa lo Ha Noi,QL1A,10.94927106740351,106.87196348224562,31,42,1.0
2025-11-21 08:26:17,Duong Dien Bien Phu,Quan 1,10.78866360854368,106.69551372228901,33,42,1.0
2025-11-21 08:26:18,Nga tu Hang Xanh,Binh Thanh,10.801406421807085,106.71148440879679,33,42,1.0
2025-11-21 08:26:19,Nga tu An Suong,Hoc Mon,10.843150534972033,106.6151343241409,24,35,1.0
2025-11-21 08:26:20,Ben xe Mien Dong,Quan 9,10.880537767027526,106.81481342866444,43,53,1.0
2025-11-21 08:26:20,Ben xe Mien Tay,Binh Tan,10.740840166521663,106.61899246873142,27,35,1.0
2025-11-21 08:26:21,Cau Sai Gon,Quan 2 ,10.798986343749618,106.72697056646841,35,44,1.0
2025-11-21 08:26:33,Cau Phu My,Q2,10.741860769464234,106.73790365482627,45,45,1.0
2025-11-21 08:26:34,Cau Kenh Te,Q4,10.752408891679814,106.7022703818112,20,33,1.0
2025-11-21 08:26:35,Cau Thu Thiem,Quan 2,10.786216596454727,106.71836665482695,40,40,1.0
2025-11-21 08:26:36,Nguyen Huu Canh,Binh Thanh,10.78948793356203,106.71518838181179,24,35,1.0
2025-11-21 08:26:37,Cong Hoa,Tan Binh,10.80223925742187,106.6478722259914,32,40,1.0
2025-11-21 08:26:49,Truong Son / Tan Son Nhat Blvd,Gan san bay,10.813928881466124,106.66511432455972,20,34,1.0
2025-11-21 08:27:01,Nguyen Trai,Quan 5,10.755608615763382,106.67347943578082,17,28,0.997907
2025-11-21 08:27:02,Le Duan,Quan 1,10.782680856341083,106.70051548181169,18,30,1.0
2025-11-21 08:27:03,Tran Hung Dao ,Quan 5,10.754895139302109,106.67839188181134,22,33,1.0
2025-11-21 08:27:04,Tran Quoc Thao,Quan 3,10.785070445194592,106.68331340921323,13,27,1.0
2025-11-21 08:27:05,Tran Hung Dao,Quan 5,10.7549373008113,106.67848844133415,22,33,1.0
2025-11-21 08:27:06,Cach Mang Thang 8 (CMT8),Quan 3,10.77898143649726,106.67684447140958,21,34,1.0
2025-11-21 08:27:06,Pham Ngu Lao / Bui Vien,Quan 1,10.767112828386699,106.6927618222887,20,20,1.0
2025-11-21 08:27:07,Nguyen Thi Minh Khai,Quan 3,10.77847212665258,106.69389510879643,29,41,1.0
2025-11-21 08:27:08,Nguyen Van Troi,Phu Nhuan,10.796057790235078,106.67492629345334,19,34,1.0
2025-11-21 08:27:09,Pham Van Dong,Go Vap,10.835298215641501,106.72935479345391,33,42,0.996847
2025-11-21 08:27:10,Cong truong lam son,Quan 1,10.777562007197462,106.7041335430398,18,30,1.0
2025-11-21 08:27:11,Nguyen Oanh ,Go Vap,10.83886351241477,106.67566625482782,28,36,1.0
2025-11-21 08:27:23,Le Hong Phong,Quan 10,10.765187049751795,106.67550552599073,23,35,1.0
2025-11-21 08:27:24,Nguyen Van Cu,Quan 5,10.759484371982321,106.6840537511244,16,27,1.0
2025-11-21 08:27:25,Nga tu Binh Phuoc,Ngoai o,10.865229381280965,106.72366973948475,36,49,1.0
2025-11-21 08:27:25,Phu My Hung ,Quan 7,10.72279213640514,106.72808623948244,27,37,1.0
2025-11-21 08:27:37,Nguyen Thai Son,Phu Nhuan,10.823400120373712,106.68551227436063,20,32,1.0
2025-11-21 08:27:49,An Duong Vuong,Quan 8,10.756158554057757,106.66631758181126,23,30,1.0
2025-11-21 08:28:01,Huynh Tan Phat,Nha Be,10.7144382088356,106.73711688366167,24,35,1.0
2025-11-21 08:28:02,Truong Chinh,Tan Binh ,10.817236653231737,106.63191539530457,24,34,1.0
2025-11-21 08:30:14,Cho Ben Thanh,Quan 1,10.772727584493625,106.69804225297563,15,24,1.0
2025-11-21 08:30:15,Duong Nguyen Hue,Quan 1,10.774028664434528,106.70357076461706,16,27,1.0
2025-11-21 08:30:16,Nguyen Van Linh,Quan 7,10.752616652291238,106.72509685338922,39,39,1.0
2025-11-21 08:30:17,Vo Van Kiet,Quan 5,10.745754766198267,106.65326266831877,36,43,1.0
2025-11-21 08:30:18,Xa lo Ha Noi,QL1A,10.94927106740351,106.87196348224562,29,41,1.0
2025-11-21 08:30:19,Duong Dien Bien Phu,Quan 1,10.78866360854368,106.69551372228901,33,42,1.0
2025-11-21 08:30:19,Nga tu Hang Xanh,Binh Thanh,10.801406421807085,106.71148440879679,33,42,1.0
2025-11-21 08:30:20,Nga tu An Suong,Hoc Mon,10.843150534972033,106.6151343241409,25,35,1.0
2025-11-21 08:30:21,Ben xe Mien Dong,Quan 9,10.880537767027526,106.81481342866444,46,53,1.0
2025-11-21 08:30:28,Ben xe Mien Tay,Binh Tan,10.740840166521663,106.61899246873142,28,36,1.0
2025-11-21 08:30:40,Cau Sai Gon,Quan 2 ,10.798986343749618,106.72697056646841,45,45,1.0
2025-11-21 08:30:41,Cau Phu My,Q2,10.741860769464234,106.73790365482627,45,45,1.0
2025-11-21 08:30:42,Cau Kenh Te,Q4,10.752408891679814,106.7022703818112,20,34,1.0
2025-11-21 08:30:43,Cau Thu Thiem,Quan 2,10.786216596454727,106.71836665482695,34,40,1.0
2025-11-21 08:30:43,Nguyen Huu Canh,Binh Thanh,10.78948793356203,106.71518838181179,25,35,1.0
2025-11-21 08:30:44,Cong Hoa,Tan Binh,10.80223925742187,106.6478722259914,25,41,1.0
2025-11-21 08:30:56,Truong Son / Tan Son Nhat Blvd,Gan san bay,10.813928881466124,106.66511432455972,20,34,1.0
2025-11-21 08:30:57,Nguyen Trai,Quan 5,10.755608615763382,106.67347943578082,19,28,1.0
2025-11-21 08:30:58,Le Duan,Quan 1,10.782680856341083,106.70051548181169,18,30,1.0
2025-11-21 08:30:59,Tran Hung Dao ,Quan 5,10.754895139302109,106.67839188181134,23,32,1.0
2025-11-21 08:31:00,Tran Quoc Thao,Quan 3,10.785070445194592,106.68331340921323,14,27,1.0
2025-11-21 08:31:12,Tran Hung Dao,Quan 5,10.7549373008113,106.67848844133415,24,32,1.0
2025-11-21 08:31:24,Cach Mang Thang 8 (CMT8),Quan 3,10.77898143649726,106.67684447140958,22,34,1.0
2025-11-21 08:31:25,Pham Ngu Lao / Bui Vien,Quan 1,10.767112828386699,106.6927618222887,13,20,1.0
2025-11-21 08:31:25,Nguyen Thi Minh Khai,Quan 3,10.77847212665258,106.69389510879643,28,41,1.0
2025-11-21 08:31:26,Nguyen Van Troi,Phu Nhuan,10.796057790235078,106.67492629345334,20,34,1.0
2025-11-21 08:31:27,Pham Van Dong,Go Vap,10.835298215641501,106.72935479345391,33,42,0.996324
2025-11-21 08:31:38,Cong truong lam son,Quan 1,10.777562007197462,106.7041335430398,19,30,1.0
2025-11-21 08:31:39,Nguyen Oanh ,Go Vap,10.83886351241477,106.67566625482782,36,36,1.0
2025-11-21 08:31:40,Le Hong Phong,Quan 10,10.765187049751795,106.67550552599073,22,36,1.0
2025-11-21 08:31:49,Nguyen Van Cu,Quan 5,10.759484371982321,106.6840537511244,20,28,1.0
2025-11-21 08:31:50,Nga tu Binh Phuoc,Ngoai o,10.865229381280965,106.72366973948475,35,49,1.0
2025-11-21 08:31:51,Phu My Hung ,Quan 7,10.72279213640514,106.72808623948244,27,37,1.0
2025-11-21 08:31:52,Nguyen Thai Son,Phu Nhuan,10.823400120373712,106.68551227436063,21,31,1.0
2025-11-21 08:31:53,An Duong Vuong,Quan 8,10.756158554057757,106.66631758181126,21,29,1.0
2025-11-21 08:31:54,Huynh Tan Phat,Nha Be,10.7144382088356,106.73711688366167,23,35,1.0
2025-11-21 08:31:54,Truong Chinh,Tan Binh ,10.817236653231737,106.63191539530457,25,35,1.0
2025-11-21 08:33:55,Cho Ben Thanh,Quan 1,10.772727584493625,106.69804225297563,15,24,0.998765
2025-11-21 08:33:56,Duong Nguyen Hue,Quan 1,10.774028664434528,106.70357076461706,10,29,1.0
2025-11-21 08:33:57,Nguyen Van Linh,Quan 7,10.752616652291238,106.72509685338922,31,40,1.0
2025-11-21 08:34:09,Vo Van Kiet,Quan 5,10.745754766198267,106.65326266831877,37,43,1.0
2025-11-21 08:34:21,Xa lo Ha Noi,QL1A,10.94927106740351,106.87196348224562,26,42,1.0
2025-11-21 08:34:22,Duong Dien Bien Phu,Quan 1,10.78866360854368,106.69551372228901,30,42,1.0
2025-11-21 08:34:23,Nga tu Hang Xanh,Binh Thanh,10.801406421807085,106.71148440879679,30,42,1.0
2025-11-21 08:34:24,Nga tu An Suong,Hoc Mon,10.843150534972033,106.6151343241409,24,35,1.0
2025-11-21 08:34:25,Ben xe Mien Dong,Quan 9,10.880537767027526,106.81481342866444,45,53,1.0
2025-11-21 08:34:26,Ben xe Mien Tay,Binh Tan,10.740840166521663,106.61899246873142,28,35,1.0
2025-11-21 08:34:33,Cau Sai Gon,Quan 2 ,10.798986343749618,106.72697056646841,45,45,1.0
2025-11-21 08:34:34,Cau Phu My,Q2,10.741860769464234,106.73790365482627,45,45,1.0
2025-11-21 08:34:35,Cau Kenh Te,Q4,10.752408891679814,106.7022703818112,22,34,1.0
2025-11-21 08:34:36,Cau Thu Thiem,Quan 2,10.786216596454727,106.71836665482695,40,40,1.0
2025-11-21 08:34:37,Nguyen Huu Canh,Binh Thanh,10.78948793356203,106.71518838181179,25,35,1.0
2025-11-21 08:34:38,Cong Hoa,Tan Binh,10.80223925742187,106.6478722259914,28,41,1.0
2025-11-21 08:34:45,Truong Son / Tan Son Nhat Blvd,Gan san bay,10.813928881466124,106.66511432455972,20,33,1.0
2025-11-21 08:34:46,Nguyen Trai,Quan 5,10.755608615763382,106.67347943578082,19,26,0.998954
2025-11-21 08:34:47,Le Duan,Quan 1,10.782680856341083,106.70051548181169,20,31,1.0
2025-11-21 08:34:48,Tran Hung Dao ,Quan 5,10.754895139302109,106.67839188181134,21,33,1.0
2025-11-21 08:34:49,Tran Quoc Thao,Quan 3,10.785070445194592,106.68331340921323,13,28,1.0
2025-11-21 08:34:50,Tran Hung Dao,Quan 5,10.7549373008113,106.67848844133415,21,33,1.0
2025-11-21 08:34:51,Cach Mang Thang 8 (CMT8),Quan 3,10.77898143649726,106.67684447140958,22,34,1.0
2025-11-21 08:34:57,Pham Ngu Lao / Bui Vien,Quan 1,10.767112828386699,106.6927618222887,15,20,1.0
2025-11-21 08:35:09,Nguyen Thi Minh Khai,Quan 3,10.77847212665258,106.69389510879643,28,42,1.0
2025-11-21 08:35:10,Nguyen Van Troi,Phu Nhuan,10.796057790235078,106.67492629345334,20,34,1.0
2025-11-21 08:35:11,Pham Van Dong,Go Vap,10.835298215641501,106.72935479345391,33,42,0.996676
2025-11-21 08:35:12,Cong truong lam son,Quan 1,10.777562007197462,106.7041335430398,20,30,1.0
2025-11-21 08:35:13,Nguyen Oanh ,Go Vap,10.83886351241477,106.67566625482782,36,36,1.0
2025-11-21 08:35:14,Le Hong Phong,Quan 10,10.765187049751795,106.67550552599073,23,36,1.0
2025-11-21 08:35:25,Nguyen Van Cu,Quan 5,10.759484371982321,106.6840537511244,18,28,0.998943
2025-11-21 08:35:37,Nga tu Binh Phuoc,Ngoai o,10.865229381280965,106.72366973948475,36,49,1.0
2025-11-21 08:35:38,Phu My Hung ,Quan 7,10.72279213640514,106.72808623948244,26,36,0.999769
2025-11-21 08:35:39,Nguyen Thai Son,Phu Nhuan,10.823400120373712,106.68551227436063,23,31,1.0
2025-11-21 08:35:40,An Duong Vuong,Quan 8,10.756158554057757,106.66631758181126,22,30,1.0
2025-11-21 08:35:41,Huynh Tan Phat,Nha Be,10.7144382088356,106.73711688366167,23,35,1.0
2025-11-21 08:37:09,Truong Chinh,Tan Binh ,10.817236653231737,106.63191539530457,24,35,1.0
2025-11-21 08:39:10,Cho Ben Thanh,Quan 1,10.772727584493625,106.69804225297563,15,24,1.0
2025-11-21 08:39:22,Duong Nguyen Hue,Quan 1,10.774028664434528,106.70357076461706,21,29,1.0
2025-11-21 08:39:23,Nguyen Van Linh,Quan 7,10.752616652291238,106.72509685338922,39,39,1.0
2025-11-21 08:39:24,Vo Van Kiet,Quan 5,10.745754766198267,106.65326266831877,37,43,1.0
2025-11-21 08:39:28,Xa lo Ha Noi,QL1A,10.94927106740351,106.87196348224562,29,42,1.0
2025-11-21 08:39:40,Duong Dien Bien Phu,Quan 1,10.78866360854368,106.69551372228901,32,41,1.0
2025-11-21 08:39:52,Nga tu Hang Xanh,Binh Thanh,10.801406421807085,106.71148440879679,33,42,1.0
2025-11-21 08:39:53,Nga tu An Suong,Hoc Mon,10.843150534972033,106.6151343241409,24,35,1.0
2025-11-21 08:39:54,Ben xe Mien Dong,Quan 9,10.880537767027526,106.81481342866444,43,53,1.0
2025-11-21 08:39:55,Ben xe Mien Tay,Binh Tan,10.740840166521663,106.61899246873142,27,36,1.0
2025-11-21 08:40:09,Cau Sai Gon,Quan 2 ,10.798986343749618,106.72697056646841,45,45,1.0
2025-11-21 08:40:21,Cau Phu My,Q2,10.741860769464234,106.73790365482627,45,45,1.0
2025-11-21 08:40:33,Cau Kenh Te,Q4,10.752408891679814,106.7022703818112,22,34,0.999881
2025-11-21 08:40:44,Cau Thu Thiem,Quan 2,10.786216596454727,106.71836665482695,40,40,1.0
2025-11-21 08:40:56,Nguyen Huu Canh,Binh Thanh,10.78948793356203,106.71518838181179,23,34,1.0
2025-11-21 08:40:57,Cong Hoa,Tan Binh,10.80223925742187,106.6478722259914,32,41,1.0
2025-11-21 08:40:58,Truong Son / Tan Son Nhat Blvd,Gan san bay,10.813928881466124,106.66511432455972,20,34,1.0
2025-11-21 08:40:59,Nguyen Trai,Quan 5,10.755608615763382,106.67347943578082,19,27,0.997909
2025-11-21 08:41:01,Le Duan,Quan 1,10.782680856341083,106.70051548181169,19,30,1.0
2025-11-21 08:41:13,Tran Hung Dao ,Quan 5,10.754895139302109,106.67839188181134,22,33,1.0
2025-11-21 08:41:15,Tran Quoc Thao,Quan 3,10.785070445194592,106.68331340921323,14,27,1.0
2025-11-21 08:41:17,Tran Hung Dao,Quan 5,10.7549373008113,106.67848844133415,22,33,1.0
2025-11-21 08:41:20,Cach Mang Thang 8 (CMT8),Quan 3,10.77898143649726,106.67684447140958,21,34,1.0
2025-11-21 08:41:31,Pham Ngu Lao / Bui Vien,Quan 1,10.767112828386699,106.6927618222887,20,20,1.0
2025-11-21 08:41:43,Nguyen Thi Minh Khai,Quan 3,10.77847212665258,106.69389510879643,28,42,1.0
2025-11-21 08:41:55,Nguyen Van Troi,Phu Nhuan,10.796057790235078,106.67492629345334,20,34,1.0
2025-11-21 08:41:57,Pham Van Dong,Go Vap,10.835298215641501,106.72935479345391,34,42,0.996579
2025-11-21 08:41:58,Cong truong lam son,Quan 1,10.777562007197462,106.7041335430398,18,30,1.0
2025-11-21 08:41:59,Nguyen Oanh ,Go Vap,10.83886351241477,106.67566625482782,29,36,1.0
2025-11-21 08:42:02,Le Hong Phong,Quan 10,10.765187049751795,106.67550552599073,27,36,1.0
2025-11-21 08:42:14,Nguyen Van Cu,Quan 5,10.759484371982321,106.6840537511244,19,27,0.997901
2025-11-21 08:42:26,Nga tu Binh Phuoc,Ngoai o,10.865229381280965,106.72366973948475,36,49,1.0
2025-11-21 08:42:27,Phu My Hung ,Quan 7,10.72279213640514,106.72808623948244,27,37,1.0
2025-11-21 08:42:28,Nguyen Thai Son,Phu Nhuan,10.823400120373712,106.68551227436063,21,32,1.0
2025-11-21 08:42:29,An Duong Vuong,Quan 8,10.756158554057757,106.66631758181126,20,30,1.0
2025-11-21 08:42:31,Huynh Tan Phat,Nha Be,10.7144382088356,106.73711688366167,23,35,1.0
2025-11-21 08:42:43,Truong Chinh,Tan Binh ,10.817236653231737,106.63191539530457,23,35,1.0
2025-11-21 08:44:57,Cho Ben Thanh,Quan 1,10.772727584493625,106.69804225297563,15,24,1.0
2025-11-21 08:45:00,Duong Nguyen Hue,Quan 1,10.774028664434528,106.70357076461706,19,29,1.0
2025-11-21 08:45:12,Nguyen Van Linh,Quan 7,10.752616652291238,106.72509685338922,39,39,1.0
2025-11-21 08:45:26,Vo Van Kiet,Quan 5,10.745754766198267,106.65326266831877,35,43,1.0
2025-11-21 08:45:38,Xa lo Ha Noi,QL1A,10.94927106740351,106.87196348224562,27,42,1.0
2025-11-21 08:45:50,Duong Dien Bien Phu,Quan 1,10.78866360854368,106.69551372228901,33,42,1.0
2025-11-21 08:45:51,Nga tu Hang Xanh,Binh Thanh,10.801406421807085,106.71148440879679,33,42,1.0
2025-11-21 08:45:54,Nga tu An Suong,Hoc Mon,10.843150534972033,106.6151343241409,23,35,1.0
2025-11-21 08:46:02,Ben xe Mien Dong,Quan 9,10.880537767027526,106.81481342866444,44,53,1.0
2025-11-21 08:46:14,Ben xe Mien Tay,Binh Tan,10.740840166521663,106.61899246873142,26,35,1.0
2025-11-21 08:46:15,Cau Sai Gon,Quan 2 ,10.798986343749618,106.72697056646841,45,45,1.0
2025-11-21 08:46:29,Cau Phu My,Q2,10.741860769464234,106.73790365482627,45,45,1.0
2025-11-21 08:46:45,Cau Kenh Te,Q4,10.752408891679814,106.7022703818112,20,33,1.0
2025-11-21 08:46:58,Cau Thu Thiem,Quan 2,10.786216596454727,106.71836665482695,40,40,1.0
2025-11-21 08:47:14,Nguyen Huu Canh,Binh Thanh,10.78948793356203,106.71518838181179,36,36,1.0
2025-11-21 08:47:26,Cong Hoa,Tan Binh,10.80223925742187,106.6478722259914,30,40,1.0
2025-11-21 08:47:53,Truong Son / Tan Son Nhat Blvd,Gan san bay,10.813928881466124,106.66511432455972,20,34,1.0
2025-11-21 08:48:07,Nguyen Trai,Quan 5,10.755608615763382,106.67347943578082,18,27,1.0
2025-11-21 08:48:08,Le Duan,Quan 1,10.782680856341083,106.70051548181169,19,30,1.0
2025-11-21 08:48:11,Tran Hung Dao ,Quan 5,10.754895139302109,106.67839188181134,23,32,1.0
2025-11-21 08:48:24,Tran Quoc Thao,Quan 3,10.785070445194592,106.68331340921323,14,28,1.0
2025-11-21 08:48:37,Tran Hung Dao,Quan 5,10.7549373008113,106.67848844133415,23,33,1.0
2025-11-21 08:48:50,Cach Mang Thang 8 (CMT8),Quan 3,10.77898143649726,106.67684447140958,21,34,1.0
2025-11-21 08:48:51,Pham Ngu Lao / Bui Vien,Quan 1,10.767112828386699,106.6927618222887,20,20,1.0
2025-11-21 08:48:52,Nguyen Thi Minh Khai,Quan 3,10.77847212665258,106.69389510879643,29,42,1.0
2025-11-21 08:48:57,Nguyen Van Troi,Phu Nhuan,10.796057790235078,106.67492629345334,19,34,1.0
2025-11-21 08:49:12,Pham Van Dong,Go Vap,10.835298215641501,106.72935479345391,31,42,0.995854
2025-11-21 08:49:24,Cong truong lam son,Quan 1,10.777562007197462,106.7041335430398,19,30,1.0
2025-11-21 08:49:25,Nguyen Oanh ,Go Vap,10.83886351241477,106.67566625482782,36,36,1.0
2025-11-21 08:49:26,Le Hong Phong,Quan 10,10.765187049751795,106.67550552599073,21,36,1.0
2025-11-21 08:49:27,Nguyen Van Cu,Quan 5,10.759484371982321,106.6840537511244,21,26,0.998954
2025-11-21 08:49:33,Nga tu Binh Phuoc,Ngoai o,10.865229381280965,106.72366973948475,35,49,1.0
2025-11-21 08:49:34,Phu My Hung ,Quan 7,10.72279213640514,106.72808623948244,28,37,0.998476
2025-11-21 08:49:35,Nguyen Thai Son,Phu Nhuan,10.823400120373712,106.68551227436063,25,32,1.0
2025-11-21 08:49:36,An Duong Vuong,Quan 8,10.756158554057757,106.66631758181126,18,28,1.0
2025-11-21 08:49:37,Huynh Tan Phat,Nha Be,10.7144382088356,106.73711688366167,24,35,1.0
2025-11-21 08:49:45,Truong Chinh,Tan Binh ,10.817236653231737,106.63191539530457,25,35,1.0
2025-11-21 08:51:58,Cho Ben Thanh,Quan 1,10.772727584493625,106.69804225297563,15,23,1.0
2025-11-21 08:52:10,Duong Nguyen Hue,Quan 1,10.774028664434528,106.70357076461706,23,28,1.0
2025-11-21 08:52:22,Nguyen Van Linh,Quan 7,10.752616652291238,106.72509685338922,39,39,1.0
2025-11-21 08:52:23,Vo Van Kiet,Quan 5,10.745754766198267,106.65326266831877,37,43,1.0
2025-11-21 08:52:26,Xa lo Ha Noi,QL1A,10.94927106740351,106.87196348224562,28,42,1.0
2025-11-21 08:52:27,Duong Dien Bien Phu,Quan 1,10.78866360854368,106.69551372228901,32,41,1.0
2025-11-21 08:52:34,Nga tu Hang Xanh,Binh Thanh,10.801406421807085,106.71148440879679,32,41,1.0
2025-11-21 08:52:43,Nga tu An Suong,Hoc Mon,10.843150534972033,106.6151343241409,23,35,1.0
2025-11-21 08:52:44,Ben xe Mien Dong,Quan 9,10.880537767027526,106.81481342866444,42,53,1.0
2025-11-21 08:52:45,Ben xe Mien Tay,Binh Tan,10.740840166521663,106.61899246873142,28,36,1.0
2025-11-21 08:52:55,Cau Sai Gon,Quan 2 ,10.798986343749618,106.72697056646841,45,45,1.0
2025-11-21 08:52:56,Cau Phu My,Q2,10.741860769464234,106.73790365482627,45,45,1.0
2025-11-21 08:52:57,Cau Kenh Te,Q4,10.752408891679814,106.7022703818112,22,33,1.0
2025-11-21 08:52:58,Cau Thu Thiem,Quan 2,10.786216596454727,106.71836665482695,40,40,1.0
2025-11-21 08:52:59,Nguyen Huu Canh,Binh Thanh,10.78948793356203,106.71518838181179,36,36,1.0
2025-11-21 08:53:14,Cong Hoa,Tan Binh,10.80223925742187,106.6478722259914,30,41,1.0
2025-11-21 08:53:27,Truong Son / Tan Son Nhat Blvd,Gan san bay,10.813928881466124,106.66511432455972,20,34,0.999323
2025-11-21 08:53:28,Nguyen Trai,Quan 5,10.755608615763382,106.67347943578082,18,27,0.997909
2025-11-21 08:53:29,Le Duan,Quan 1,10.782680856341083,106.70051548181169,20,30,1.0
2025-11-21 08:53:30,Tran Hung Dao ,Quan 5,10.754895139302109,106.67839188181134,22,32,1.0
2025-11-21 08:54:06,Tran Quoc Thao,Quan 3,10.785070445194592,106.68331340921323,13,27,1.0
2025-11-21 08:54:20,Tran Hung Dao,Quan 5,10.7549373008113,106.67848844133415,22,33,1.0
2025-11-21 08:54:21,Cach Mang Thang 8 (CMT8),Quan 3,10.77898143649726,106.67684447140958,20,34,1.0
2025-11-21 08:54:22,Pham Ngu Lao / Bui Vien,Quan 1,10.767112828386699,106.6927618222887,20,20,1.0
2025-11-21 08:54:23,Nguyen Thi Minh Khai,Quan 3,10.77847212665258,106.69389510879643,29,42,1.0
2025-11-21 08:54:35,Nguyen Van Troi,Phu Nhuan,10.796057790235078,106.67492629345334,19,34,0.99905
2025-11-21 08:54:47,Pham Van Dong,Go Vap,10.835298215641501,106.72935479345391,34,42,0.997028
2025-11-21 08:54:52,Cong truong lam son,Quan 1,10.777562007197462,106.7041335430398,19,30,1.0
2025-11-21 08:55:04,Nguyen Oanh ,Go Vap,10.83886351241477,106.67566625482782,29,36,1.0
2025-11-21 08:55:16,Le Hong Phong,Quan 10,10.765187049751795,106.67550552599073,21,36,1.0
2025-11-21 08:55:28,Nguyen Van Cu,Quan 5,10.759484371982321,106.6840537511244,18,28,0.997878
2025-11-21 08:55:29,Nga tu Binh Phuoc,Ngoai o,10.865229381280965,106.72366973948475,34,49,1.0
2025-11-21 08:55:41,Phu My Hung ,Quan 7,10.72279213640514,106.72808623948244,27,37,0.998218
2025-11-21 08:55:42,Nguyen Thai Son,Phu Nhuan,10.823400120373712,106.68551227436063,24,31,1.0
2025-11-21 08:55:43,An Duong Vuong,Quan 8,10.756158554057757,106.66631758181126,19,30,1.0
2025-11-21 08:55:44,Huynh Tan Phat,Nha Be,10.7144382088356,106.73711688366167,23,35,1.0
2025-11-21 08:55:45,Truong Chinh,Tan Binh ,10.817236653231737,106.63191539530457,23,35,1.0
2025-11-21 08:57:57,Cho Ben Thanh,Quan 1,10.772727584493625,106.69804225297563,15,24,1.0
2025-11-21 08:57:58,Duong Nguyen Hue,Quan 1,10.774028664434528,106.70357076461706,19,29,1.0
2025-11-21 08:57:59,Nguyen Van Linh,Quan 7,10.752616652291238,106.72509685338922,39,39,1.0
2025-11-21 08:58:08,Vo Van Kiet,Quan 5,10.745754766198267,106.65326266831877,42,42,1.0
2025-11-21 08:58:21,Xa lo Ha Noi,QL1A,10.94927106740351,106.87196348224562,30,41,1.0
2025-11-21 08:58:22,Duong Dien Bien Phu,Quan 1,10.78866360854368,106.69551372228901,33,41,1.0
2025-11-21 08:58:23,Nga tu Hang Xanh,Binh Thanh,10.801406421807085,106.71148440879679,33,41,1.0
2025-11-21 08:58:24,Nga tu An Suong,Hoc Mon,10.843150534972033,106.6151343241409,23,35,1.0
2025-11-21 08:58:25,Ben xe Mien Dong,Quan 9,10.880537767027526,106.81481342866444,44,53,1.0
2025-11-21 08:58:37,Ben xe Mien Tay,Binh Tan,10.740840166521663,106.61899246873142,27,36,1.0
2025-11-21 08:58:38,Cau Sai Gon,Quan 2 ,10.798986343749618,106.72697056646841,45,45,1.0
2025-11-21 08:58:39,Cau Phu My,Q2,10.741860769464234,106.73790365482627,45,45,1.0
2025-11-21 08:58:40,Cau Kenh Te,Q4,10.752408891679814,106.7022703818112,23,34,1.0
2025-11-21 08:58:42,Cau Thu Thiem,Quan 2,10.786216596454727,106.71836665482695,40,40,1.0
2025-11-21 08:58:43,Nguyen Huu Canh,Binh Thanh,10.78948793356203,106.71518838181179,25,36,1.0
2025-11-21 08:58:44,Cong Hoa,Tan Binh,10.80223925742187,106.6478722259914,30,41,1.0
2025-11-21 08:58:55,Truong Son / Tan Son Nhat Blvd,Gan san bay,10.813928881466124,106.66511432455972,19,34,0.999129
2025-11-21 08:59:07,Nguyen Trai,Quan 5,10.755608615763382,106.67347943578082,20,27,0.996173
2025-11-21 08:59:09,Le Duan,Quan 1,10.782680856341083,106.70051548181169,19,31,1.0
2025-11-21 08:59:10,Tran Hung Dao ,Quan 5,10.754895139302109,106.67839188181134,23,32,1.0
2025-11-21 08:59:11,Tran Quoc Thao,Quan 3,10.785070445194592,106.68331340921323,14,28,1.0
2025-11-21 08:59:24,Tran Hung Dao,Quan 5,10.7549373008113,106.67848844133415,23,33,1.0
2025-11-21 08:59:25,Cach Mang Thang 8 (CMT8),Quan 3,10.77898143649726,106.67684447140958,22,34,1.0
2025-11-21 08:59:27,Pham Ngu Lao / Bui Vien,Quan 1,10.767112828386699,106.6927618222887,20,20,1.0
2025-11-21 08:59:39,Nguyen Thi Minh Khai,Quan 3,10.77847212665258,106.69389510879643,29,41,1.0
2025-11-21 08:59:51,Nguyen Van Troi,Phu Nhuan,10.796057790235078,106.67492629345334,19,34,0.999093
2025-11-21 08:59:52,Pham Van Dong,Go Vap,10.835298215641501,106.72935479345391,34,42,0.997296
2025-11-21 08:59:53,Cong truong lam son,Quan 1,10.777562007197462,106.7041335430398,19,30,1.0
2025-11-21 08:59:56,Nguyen Oanh ,Go Vap,10.83886351241477,106.67566625482782,36,36,1.0
2025-11-21 09:00:08,Le Hong Phong,Quan 10,10.765187049751795,106.67550552599073,27,35,1.0
2025-11-21 09:00:20,Nguyen Van Cu,Quan 5,10.759484371982321,106.6840537511244,18,28,0.996173
2025-11-21 09:00:21,Nga tu Binh Phuoc,Ngoai o,10.865229381280965,106.72366973948475,34,49,1.0
2025-11-21 09:00:22,Phu My Hung ,Quan 7,10.72279213640514,106.72808623948244,27,37,1.0
2025-11-21 09:00:23,Nguyen Thai Son,Phu Nhuan,10.823400120373712,106.68551227436063,20,32,1.0
2025-11-21 09:00:24,An Duong Vuong,Quan 8,10.756158554057757,106.66631758181126,30,30,1.0
2025-11-21 09:00:32,Huynh Tan Phat,Nha Be,10.7144382088356,106.73711688366167,23,35,1.0
2025-11-21 09:00:44,Truong Chinh,Tan Binh ,10.817236653231737,106.63191539530457,24,35,1.0
2025-11-21 09:02:59,Cho Ben Thanh,Quan 1,10.772727584493625,106.69804225297563,16,24,1.0
2025-11-21 09:03:12,Duong Nguyen Hue,Quan 1,10.774028664434528,106.70357076461706,29,29,1.0
2025-11-21 09:03:15,Nguyen Van Linh,Quan 7,10.752616652291238,106.72509685338922,39,39,1.0
2025-11-21 09:03:16,Vo Van Kiet,Quan 5,10.745754766198267,106.65326266831877,42,42,1.0
2025-11-21 09:03:17,Xa lo Ha Noi,QL1A,10.94927106740351,106.87196348224562,29,41,1.0
2025-11-21 09:03:18,Duong Dien Bien Phu,Quan 1,10.78866360854368,106.69551372228901,31,41,1.0
2025-11-21 09:03:21,Nga tu Hang Xanh,Binh Thanh,10.801406421807085,106.71148440879679,31,41,1.0
2025-11-21 09:03:22,Nga tu An Suong,Hoc Mon,10.843150534972033,106.6151343241409,23,35,1.0
2025-11-21 09:03:30,Ben xe Mien Dong,Quan 9,10.880537767027526,106.81481342866444,45,53,1.0
2025-11-21 09:03:43,Ben xe Mien Tay,Binh Tan,10.740840166521663,106.61899246873142,26,35,1.0
2025-11-21 09:04:02,Cau Sai Gon,Quan 2 ,10.798986343749618,106.72697056646841,45,45,1.0
2025-11-21 09:04:14,Cau Phu My,Q2,10.741860769464234,106.73790365482627,45,45,1.0
2025-11-21 09:04:15,Cau Kenh Te,Q4,10.752408891679814,106.7022703818112,23,34,1.0
2025-11-21 09:04:16,Cau Thu Thiem,Quan 2,10.786216596454727,106.71836665482695,40,40,1.0
2025-11-21 09:04:17,Nguyen Huu Canh,Binh Thanh,10.78948793356203,106.71518838181179,36,36,1.0
2025-11-21 09:04:19,Cong Hoa,Tan Binh,10.80223925742187,106.6478722259914,27,40,1.0
2025-11-21 09:04:20,Truong Son / Tan Son Nhat Blvd,Gan san bay,10.813928881466124,106.66511432455972,20,34,1.0
2025-11-21 09:04:21,Nguyen Trai,Quan 5,10.755608615763382,106.67347943578082,21,28,1.0
2025-11-21 09:04:22,Le Duan,Quan 1,10.782680856341083,106.70051548181169,19,30,1.0
2025-11-21 09:04:23,Tran Hung Dao ,Quan 5,10.754895139302109,106.67839188181134,21,33,1.0
2025-11-21 09:04:24,Tran Quoc Thao,Quan 3,10.785070445194592,106.68331340921323,13,27,1.0
2025-11-21 09:04:26,Tran Hung Dao,Quan 5,10.7549373008113,106.67848844133415,21,33,1.0
2025-11-21 09:04:27,Cach Mang Thang 8 (CMT8),Quan 3,10.77898143649726,106.67684447140958,20,34,1.0
2025-11-21 09:04:28,Pham Ngu Lao / Bui Vien,Quan 1,10.767112828386699,106.6927618222887,20,20,1.0
2025-11-21 09:04:29,Nguyen Thi Minh Khai,Quan 3,10.77847212665258,106.69389510879643,28,41,1.0
2025-11-21 09:04:31,Nguyen Van Troi,Phu Nhuan,10.796057790235078,106.67492629345334,20,34,1.0
2025-11-21 09:04:33,Pham Van Dong,Go Vap,10.835298215641501,106.72935479345391,34,42,0.997662
2025-11-21 09:04:35,Cong truong lam son,Quan 1,10.777562007197462,106.7041335430398,19,30,1.0
2025-11-21 09:04:48,Nguyen Oanh ,Go Vap,10.83886351241477,106.67566625482782,36,36,1.0
2025-11-21 09:05:00,Le Hong Phong,Quan 10,10.765187049751795,106.67550552599073,24,36,1.0
2025-11-21 09:05:12,Nguyen Van Cu,Quan 5,10.759484371982321,106.6840537511244,21,27,0.996181
2025-11-21 09:05:24,Nga tu Binh Phuoc,Ngoai o,10.865229381280965,106.72366973948475,35,49,1.0
2025-11-21 09:05:25,Phu My Hung ,Quan 7,10.72279213640514,106.72808623948244,25,37,0.998126
2025-11-21 09:05:26,Nguyen Thai Son,Phu Nhuan,10.823400120373712,106.68551227436063,21,31,1.0
2025-11-21 09:05:27,An Duong Vuong,Quan 8,10.756158554057757,106.66631758181126,21,29,1.0
2025-11-21 09:05:28,Huynh Tan Phat,Nha Be,10.7144382088356,106.73711688366167,23,35,1.0
2025-11-21 09:05:42,Truong Chinh,Tan Binh ,10.817236653231737,106.63191539530457,22,35,1.0
2025-11-21 09:06:46,Cho Ben Thanh,Quan 1,10.772727584493625,106.69804225297563,15,25,1.0
2025-11-21 09:06:47,Duong Nguyen Hue,Quan 1,10.774028664434528,106.70357076461706,20,29,1.0
2025-11-21 09:06:50,Nguyen Van Linh,Quan 7,10.752616652291238,106.72509685338922,38,42,1.0
2025-11-21 09:06:54,Vo Van Kiet,Quan 5,10.745754766198267,106.65326266831877,37,42,1.0
2025-11-21 09:06:56,Xa lo Ha Noi,QL1A,10.94927106740351,106.87196348224562,30,42,1.0
2025-11-21 09:06:57,Duong Dien Bien Phu,Quan 1,10.78866360854368,106.69551372228901,32,41,1.0
2025-11-21 09:06:58,Nga tu Hang Xanh,Binh Thanh,10.801406421807085,106.71148440879679,32,41,1.0
2025-11-21 09:07:00,Nga tu An Suong,Hoc Mon,10.843150534972033,106.6151343241409,24,35,1.0
2025-11-21 09:07:14,Ben xe Mien Dong,Quan 9,10.880537767027526,106.81481342866444,45,54,1.0
2025-11-21 09:07:26,Ben xe Mien Tay,Binh Tan,10.740840166521663,106.61899246873142,26,35,1.0
2025-11-21 09:07:28,Cau Sai Gon,Quan 2 ,10.798986343749618,106.72697056646841,45,45,1.0
2025-11-21 09:07:29,Cau Phu My,Q2,10.741860769464234,106.73790365482627,45,45,1.0
2025-11-21 09:07:30,Cau Kenh Te,Q4,10.752408891679814,106.7022703818112,23,34,1.0
2025-11-21 09:07:31,Cau Thu Thiem,Quan 2,10.786216596454727,106.71836665482695,40,40,1.0
2025-11-21 09:07:32,Nguyen Huu Canh,Binh Thanh,10.78948793356203,106.71518838181179,36,36,1.0
2025-11-21 09:07:33,Cong Hoa,Tan Binh,10.80223925742187,106.6478722259914,28,41,1.0
2025-11-21 09:07:35,Truong Son / Tan Son Nhat Blvd,Gan san bay,10.813928881466124,106.66511432455972,20,33,1.0
2025-11-21 09:07:36,Nguyen Trai,Quan 5,10.755608615763382,106.67347943578082,18,28,0.997941
2025-11-21 09:07:37,Le Duan,Quan 1,10.782680856341083,106.70051548181169,18,30,1.0
2025-11-21 09:07:38,Tran Hung Dao ,Quan 5,10.754895139302109,106.67839188181134,23,32,1.0
2025-11-21 09:07:39,Tran Quoc Thao,Quan 3,10.785070445194592,106.68331340921323,14,27,1.0
2025-11-21 09:07:40,Tran Hung Dao,Quan 5,10.7549373008113,106.67848844133415,23,32,1.0
2025-11-21 09:07:43,Cach Mang Thang 8 (CMT8),Quan 3,10.77898143649726,106.67684447140958,21,34,1.0
2025-11-21 09:07:55,Pham Ngu Lao / Bui Vien,Quan 1,10.767112828386699,106.6927618222887,12,19,1.0
2025-11-21 09:07:56,Nguyen Thi Minh Khai,Quan 3,10.77847212665258,106.69389510879643,28,41,1.0
2025-11-21 09:07:57,Nguyen Van Troi,Phu Nhuan,10.796057790235078,106.67492629345334,19,34,1.0
2025-11-21 09:07:59,Pham Van Dong,Go Vap,10.835298215641501,106.72935479345391,36,42,0.998023
2025-11-21 09:08:00,Cong truong lam son,Quan 1,10.777562007197462,106.7041335430398,18,30,1.0
2025-11-21 09:08:01,Nguyen Oanh ,Go Vap,10.83886351241477,106.67566625482782,28,35,1.0
2025-11-21 09:08:14,Le Hong Phong,Quan 10,10.765187049751795,106.67550552599073,27,36,1.0
2025-11-21 09:08:26,Nguyen Van Cu,Quan 5,10.759484371982321,106.6840537511244,20,27,1.0
2025-11-21 09:08:27,Nga tu Binh Phuoc,Ngoai o,10.865229381280965,106.72366973948475,36,49,1.0
2025-11-21 09:08:32,Phu My Hung ,Quan 7,10.72279213640514,106.72808623948244,27,37,1.0
2025-11-21 09:08:44,Nguyen Thai Son,Phu Nhuan,10.823400120373712,106.68551227436063,21,31,1.0
2025-11-21 09:08:45,An Duong Vuong,Quan 8,10.756158554057757,106.66631758181126,20,29,1.0
2025-11-21 09:08:46,Huynh Tan Phat,Nha Be,10.7144382088356,106.73711688366167,23,35,1.0
2025-11-21 09:08:47,Truong Chinh,Tan Binh ,10.817236653231737,106.63191539530457,23,35,1.0
2025-11-21 09:10:59,Cho Ben Thanh,Quan 1,10.772727584493625,106.69804225297563,17,24,1.0
2025-11-21 09:11:00,Duong Nguyen Hue,Quan 1,10.774028664434528,106.70357076461706,22,28,1.0
2025-11-21 09:11:01,Nguyen Van Linh,Quan 7,10.752616652291238,106.72509685338922,39,39,1.0
2025-11-21 09:11:02,Vo Van Kiet,Quan 5,10.745754766198267,106.65326266831877,36,43,1.0
2025-11-21 09:11:04,Xa lo Ha Noi,QL1A,10.94927106740351,106.87196348224562,29,42,1.0
2025-11-21 09:11:16,Duong Dien Bien Phu,Quan 1,10.78866360854368,106.69551372228901,33,42,1.0
2025-11-21 09:11:18,Nga tu Hang Xanh,Binh Thanh,10.801406421807085,106.71148440879679,33,42,1.0
2025-11-21 09:11:19,Nga tu An Suong,Hoc Mon,10.843150534972033,106.6151343241409,24,35,1.0
2025-11-21 09:11:20,Ben xe Mien Dong,Quan 9,10.880537767027526,106.81481342866444,45,53,1.0
2025-11-21 09:11:21,Ben xe Mien Tay,Binh Tan,10.740840166521663,106.61899246873142,24,36,1.0
2025-11-21 09:11:22,Cau Sai Gon,Quan 2 ,10.798986343749618,106.72697056646841,45,45,1.0
2025-11-21 09:11:23,Cau Phu My,Q2,10.741860769464234,106.73790365482627,45,45,1.0
2025-11-21 09:11:24,Cau Kenh Te,Q4,10.752408891679814,106.7022703818112,22,34,1.0
2025-11-21 09:11:27,Cau Thu Thiem,Quan 2,10.786216596454727,106.71836665482695,40,40,1.0
2025-11-21 09:11:39,Nguyen Huu Canh,Binh Thanh,10.78948793356203,106.71518838181179,36,36,1.0
2025-11-21 09:11:51,Cong Hoa,Tan Binh,10.80223925742187,106.6478722259914,27,41,1.0
2025-11-21 09:11:52,Truong Son / Tan Son Nhat Blvd,Gan san bay,10.813928881466124,106.66511432455972,20,34,0.99876
2025-11-21 09:11:55,Nguyen Trai,Quan 5,10.755608615763382,106.67347943578082,19,28,0.997894
2025-11-21 09:11:56,Le Duan,Quan 1,10.782680856341083,106.70051548181169,17,30,1.0
2025-11-21 09:11:57,Tran Hung Dao ,Quan 5,10.754895139302109,106.67839188181134,22,33,1.0
2025-11-21 09:11:58,Tran Quoc Thao,Quan 3,10.785070445194592,106.68331340921323,13,27,1.0
2025-11-21 09:11:59,Tran Hung Dao,Quan 5,10.7549373008113,106.67848844133415,22,33,1.0
2025-11-21 09:12:12,Cach Mang Thang 8 (CMT8),Quan 3,10.77898143649726,106.67684447140958,21,34,1.0
2025-11-21 09:12:24,Pham Ngu Lao / Bui Vien,Quan 1,10.767112828386699,106.6927618222887,10,20,1.0
2025-11-21 09:12:36,Nguyen Thi Minh Khai,Quan 3,10.77847212665258,106.69389510879643,27,41,1.0
2025-11-21 09:12:48,Nguyen Van Troi,Phu Nhuan,10.796057790235078,106.67492629345334,20,34,0.99876
2025-11-21 09:13:00,Pham Van Dong,Go Vap,10.835298215641501,106.72935479345391,33,42,0.997483
2025-11-21 09:13:12,Cong truong lam son,Quan 1,10.777562007197462,106.7041335430398,15,29,1.0
2025-11-21 09:13:14,Nguyen Oanh ,Go Vap,10.83886351241477,106.67566625482782,36,36,1.0
2025-11-21 09:13:16,Le Hong Phong,Quan 10,10.765187049751795,106.67550552599073,25,36,1.0
2025-11-21 09:13:28,Nguyen Van Cu,Quan 5,10.759484371982321,106.6840537511244,18,27,1.0
2025-11-21 09:13:29,Nga tu Binh Phuoc,Ngoai o,10.865229381280965,106.72366973948475,36,49,1.0
2025-11-21 09:13:30,Phu My Hung ,Quan 7,10.72279213640514,106.72808623948244,28,37,0.998475
2025-11-21 09:13:33,Nguyen Thai Son,Phu Nhuan,10.823400120373712,106.68551227436063,21,31,1.0
2025-11-21 09:13:45,An Duong Vuong,Quan 8,10.756158554057757,106.66631758181126,20,29,1.0
2025-11-21 09:13:46,Huynh Tan Phat,Nha Be,10.7144382088356,106.73711688366167,23,35,1.0
2025-11-21 09:13:47,Truong Chinh,Tan Binh ,10.817236653231737,106.63191539530457,23,35,1.0
2025-11-21 09:16:20,Cho Ben Thanh,Quan 1,10.772727584493625,106.69804225297563,16,24,1.0
2025-11-21 09:16:22,Duong Nguyen Hue,Quan 1,10.774028664434528,106.70357076461706,16,27,1.0
2025-11-21 09:16:23,Nguyen Van Linh,Quan 7,10.752616652291238,106.72509685338922,39,39,1.0
2025-11-21 09:16:24,Vo Van Kiet,Quan 5,10.745754766198267,106.65326266831877,36,42,1.0
2025-11-21 09:16:25,Xa lo Ha Noi,QL1A,10.94927106740351,106.87196348224562,31,41,1.0
2025-11-21 09:16:38,Duong Dien Bien Phu,Quan 1,10.78866360854368,106.69551372228901,34,42,1.0
2025-11-21 09:16:50,Nga tu Hang Xanh,Binh Thanh,10.801406421807085,106.71148440879679,34,42,1.0
2025-11-21 09:16:51,Nga tu An Suong,Hoc Mon,10.843150534972033,106.6151343241409,22,35,1.0
2025-11-21 09:16:52,Ben xe Mien Dong,Quan 9,10.880537767027526,106.81481342866444,45,53,1.0
2025-11-21 09:16:53,Ben xe Mien Tay,Binh Tan,10.740840166521663,106.61899246873142,25,35,1.0
2025-11-21 09:16:56,Cau Sai Gon,Quan 2 ,10.798986343749618,106.72697056646841,45,45,1.0
2025-11-21 09:17:12,Cau Phu My,Q2,10.741860769464234,106.73790365482627,45,45,1.0
2025-11-21 09:17:24,Cau Kenh Te,Q4,10.752408891679814,106.7022703818112,19,33,1.0
2025-11-21 09:17:25,Cau Thu Thiem,Quan 2,10.786216596454727,106.71836665482695,40,40,1.0
2025-11-21 09:17:27,Nguyen Huu Canh,Binh Thanh,10.78948793356203,106.71518838181179,36,36,1.0
2025-11-21 09:17:29,Cong Hoa,Tan Binh,10.80223925742187,106.6478722259914,30,40,1.0
2025-11-21 09:17:42,Truong Son / Tan Son Nhat Blvd,Gan san bay,10.813928881466124,106.66511432455972,20,34,1.0
2025-11-21 09:17:54,Nguyen Trai,Quan 5,10.755608615763382,106.67347943578082,19,28,1.0
2025-11-21 09:18:07,Le Duan,Quan 1,10.782680856341083,106.70051548181169,18,31,1.0
2025-11-21 09:18:19,Tran Hung Dao ,Quan 5,10.754895139302109,106.67839188181134,23,32,1.0
2025-11-21 09:18:20,Tran Quoc Thao,Quan 3,10.785070445194592,106.68331340921323,14,26,1.0
2025-11-21 09:18:21,Tran Hung Dao,Quan 5,10.7549373008113,106.67848844133415,23,32,1.0
2025-11-21 09:18:22,Cach Mang Thang 8 (CMT8),Quan 3,10.77898143649726,106.67684447140958,20,35,1.0
2025-11-21 09:18:24,Pham Ngu Lao / Bui Vien,Quan 1,10.767112828386699,106.6927618222887,20,20,1.0
2025-11-21 09:18:27,Nguyen Thi Minh Khai,Quan 3,10.77847212665258,106.69389510879643,29,41,1.0
2025-11-21 09:18:39,Nguyen Van Troi,Phu Nhuan,10.796057790235078,106.67492629345334,20,34,1.0
2025-11-21 09:18:53,Pham Van Dong,Go Vap,10.835298215641501,106.72935479345391,34,42,0.998017
2025-11-21 09:18:56,Cong truong lam son,Quan 1,10.777562007197462,106.7041335430398,17,30,1.0
2025-11-21 09:19:08,Nguyen Oanh ,Go Vap,10.83886351241477,106.67566625482782,36,36,1.0
2025-11-21 09:19:20,Le Hong Phong,Quan 10,10.765187049751795,106.67550552599073,26,36,1.0
2025-11-21 09:19:42,Nguyen Van Cu,Quan 5,10.759484371982321,106.6840537511244,21,28,0.997901
2025-11-21 09:19:55,Nga tu Binh Phuoc,Ngoai o,10.865229381280965,106.72366973948475,36,49,1.0
2025-11-21 09:20:07,Phu My Hung ,Quan 7,10.72279213640514,106.72808623948244,27,37,0.99756
2025-11-21 09:20:19,Nguyen Thai Son,Phu Nhuan,10.823400120373712,106.68551227436063,23,32,1.0
2025-11-21 09:20:31,An Duong Vuong,Quan 8,10.756158554057757,106.66631758181126,22,29,1.0
2025-11-21 09:20:43,Huynh Tan Phat,Nha Be,10.7144382088356,106.73711688366167,23,35,1.0
2025-11-21 09:20:44,Truong Chinh,Tan Binh ,10.817236653231737,106.63191539530457,22,35,1.0
2025-11-21 09:22:56,Cho Ben Thanh,Quan 1,10.772727584493625,106.69804225297563,18,24,1.0
2025-11-21 09:22:59,Duong Nguyen Hue,Quan 1,10.774028664434528,106.70357076461706,11,29,1.0
2025-11-21 09:23:00,Nguyen Van Linh,Quan 7,10.752616652291238,106.72509685338922,39,39,1.0
2025-11-21 09:23:15,Vo Van Kiet,Quan 5,10.745754766198267,106.65326266831877,35,42,1.0
2025-11-21 09:23:16,Xa lo Ha Noi,QL1A,10.94927106740351,106.87196348224562,30,41,1.0
2025-11-21 09:23:17,Duong Dien Bien Phu,Quan 1,10.78866360854368,106.69551372228901,32,41,1.0
2025-11-21 09:23:18,Nga tu Hang Xanh,Binh Thanh,10.801406421807085,106.71148440879679,32,41,1.0
2025-11-21 09:23:20,Nga tu An Suong,Hoc Mon,10.843150534972033,106.6151343241409,24,35,1.0
2025-11-21 09:23:29,Ben xe Mien Dong,Quan 9,10.880537767027526,106.81481342866444,45,53,1.0
2025-11-21 09:23:42,Ben xe Mien Tay,Binh Tan,10.740840166521663,106.61899246873142,23,36,1.0
2025-11-21 09:23:43,Cau Sai Gon,Quan 2 ,10.798986343749618,106.72697056646841,45,45,1.0
2025-11-21 09:23:44,Cau Phu My,Q2,10.741860769464234,106.73790365482627,45,45,1.0
2025-11-21 09:23:56,Cau Kenh Te,Q4,10.752408891679814,106.7022703818112,22,33,1.0
2025-11-21 09:24:08,Cau Thu Thiem,Quan 2,10.786216596454727,106.71836665482695,40,40,1.0
2025-11-21 09:24:09,Nguyen Huu Canh,Binh Thanh,10.78948793356203,106.71518838181179,36,36,1.0
2025-11-21 09:24:10,Cong Hoa,Tan Binh,10.80223925742187,106.6478722259914,28,41,1.0
2025-11-21 09:24:11,Truong Son / Tan Son Nhat Blvd,Gan san bay,10.813928881466124,106.66511432455972,18,34,0.999713
2025-11-21 09:24:12,Nguyen Trai,Quan 5,10.755608615763382,106.67347943578082,20,28,1.0
2025-11-21 09:24:13,Le Duan,Quan 1,10.782680856341083,106.70051548181169,17,30,1.0
2025-11-21 09:24:20,Tran Hung Dao ,Quan 5,10.754895139302109,106.67839188181134,23,32,1.0
2025-11-21 09:24:21,Tran Quoc Thao,Quan 3,10.785070445194592,106.68331340921323,15,28,1.0
2025-11-21 09:24:22,Tran Hung Dao,Quan 5,10.7549373008113,106.67848844133415,23,32,1.0
2025-11-21 09:24:23,Cach Mang Thang 8 (CMT8),Quan 3,10.77898143649726,106.67684447140958,20,34,1.0
2025-11-21 09:24:24,Pham Ngu Lao / Bui Vien,Quan 1,10.767112828386699,106.6927618222887,13,20,1.0
2025-11-21 09:24:25,Nguyen Thi Minh Khai,Quan 3,10.77847212665258,106.69389510879643,28,42,1.0
2025-11-21 09:24:26,Nguyen Van Troi,Phu Nhuan,10.796057790235078,106.67492629345334,17,34,0.999713
2025-11-21 09:24:27,Pham Van Dong,Go Vap,10.835298215641501,106.72935479345391,32,42,0.998139
2025-11-21 09:24:39,Cong truong lam son,Quan 1,10.777562007197462,106.7041335430398,17,30,1.0
2025-11-21 09:24:51,Nguyen Oanh ,Go Vap,10.83886351241477,106.67566625482782,28,36,1.0
2025-11-21 09:24:52,Le Hong Phong,Quan 10,10.765187049751795,106.67550552599073,24,35,1.0
2025-11-21 09:24:52,Nguyen Van Cu,Quan 5,10.759484371982321,106.6840537511244,19,27,1.0
2025-11-21 09:24:53,Nga tu Binh Phuoc,Ngoai o,10.865229381280965,106.72366973948475,36,49,1.0
2025-11-21 09:24:54,Phu My Hung ,Quan 7,10.72279213640514,106.72808623948244,26,37,1.0
2025-11-21 09:24:55,Nguyen Thai Son,Phu Nhuan,10.823400120373712,106.68551227436063,22,31,1.0
2025-11-21 09:25:07,An Duong Vuong,Quan 8,10.756158554057757,106.66631758181126,20,29,1.0
2025-11-21 09:25:19,Huynh Tan Phat,Nha Be,10.7144382088356,106.73711688366167,23,35,1.0
2025-11-21 09:25:20,Truong Chinh,Tan Binh ,10.817236653231737,106.63191539530457,22,35,1.0
2025-11-21 09:27:21,Cho Ben Thanh,Quan 1,10.772727584493625,106.69804225297563,17,23,0.998765
2025-11-21 09:27:22,Duong Nguyen Hue,Quan 1,10.774028664434528,106.70357076461706,19,28,1.0
2025-11-21 09:27:23,Nguyen Van Linh,Quan 7,10.752616652291238,106.72509685338922,39,39,1.0
2025-11-21 09:27:24,Vo Van Kiet,Quan 5,10.745754766198267,106.65326266831877,35,43,1.0
2025-11-21 09:27:25,Xa lo Ha Noi,QL1A,10.94927106740351,106.87196348224562,31,42,1.0
2025-11-21 09:27:26,Duong Dien Bien Phu,Quan 1,10.78866360854368,106.69551372228901,33,42,1.0
2025-11-21 09:27:38,Nga tu Hang Xanh,Binh Thanh,10.801406421807085,106.71148440879679,33,42,1.0
2025-11-21 09:27:49,Nga tu An Suong,Hoc Mon,10.843150534972033,106.6151343241409,23,35,1.0
2025-11-21 09:27:50,Ben xe Mien Dong,Quan 9,10.880537767027526,106.81481342866444,45,53,1.0
2025-11-21 09:27:51,Ben xe Mien Tay,Binh Tan,10.740840166521663,106.61899246873142,22,35,1.0
2025-11-21 09:27:52,Cau Sai Gon,Quan 2 ,10.798986343749618,106.72697056646841,45,45,1.0
2025-11-21 09:27:53,Cau Phu My,Q2,10.741860769464234,106.73790365482627,45,45,1.0
2025-11-21 09:27:54,Cau Kenh Te,Q4,10.752408891679814,106.7022703818112,20,34,1.0
2025-11-21 09:28:05,Cau Thu Thiem,Quan 2,10.786216596454727,106.71836665482695,40,40,1.0
2025-11-21 09:28:17,Nguyen Huu Canh,Binh Thanh,10.78948793356203,106.71518838181179,36,36,1.0
2025-11-21 09:28:18,Cong Hoa,Tan Binh,10.80223925742187,106.6478722259914,30,41,1.0
2025-11-21 09:28:19,Truong Son / Tan Son Nhat Blvd,Gan san bay,10.813928881466124,106.66511432455972,20,34,0.999713
2025-11-21 09:28:20,Nguyen Trai,Quan 5,10.755608615763382,106.67347943578082,19,28,0.998947
2025-11-21 09:28:21,Le Duan,Quan 1,10.782680856341083,106.70051548181169,18,30,1.0
2025-11-21 09:28:22,Tran Hung Dao ,Quan 5,10.754895139302109,106.67839188181134,23,33,1.0
2025-11-21 09:28:29,Tran Quoc Thao,Quan 3,10.785070445194592,106.68331340921323,14,27,1.0
2025-11-21 09:28:41,Tran Hung Dao,Quan 5,10.7549373008113,106.67848844133415,23,33,1.0
2025-11-21 09:28:42,Cach Mang Thang 8 (CMT8),Quan 3,10.77898143649726,106.67684447140958,21,34,1.0
2025-11-21 09:29:06,Pham Ngu Lao / Bui Vien,Quan 1,10.767112828386699,106.6927618222887,14,20,1.0
2025-11-21 09:29:18,Nguyen Thi Minh Khai,Quan 3,10.77847212665258,106.69389510879643,29,41,1.0
2025-11-21 09:29:30,Nguyen Van Troi,Phu Nhuan,10.796057790235078,106.67492629345334,19,34,1.0
2025-11-21 09:29:31,Pham Van Dong,Go Vap,10.835298215641501,106.72935479345391,33,42,0.997944
2025-11-21 09:29:32,Cong truong lam son,Quan 1,10.777562007197462,106.7041335430398,18,31,1.0
2025-11-21 09:29:33,Nguyen Oanh ,Go Vap,10.83886351241477,106.67566625482782,27,36,1.0
2025-11-21 09:29:33,Le Hong Phong,Quan 10,10.765187049751795,106.67550552599073,21,36,1.0
2025-11-21 09:29:34,Nguyen Van Cu,Quan 5,10.759484371982321,106.6840537511244,18,28,0.998947
2025-11-21 09:29:46,Nga tu Binh Phuoc,Ngoai o,10.865229381280965,106.72366973948475,36,48,1.0
2025-11-21 09:29:58,Phu My Hung ,Quan 7,10.72279213640514,106.72808623948244,25,37,1.0
2025-11-21 09:29:59,Nguyen Thai Son,Phu Nhuan,10.823400120373712,106.68551227436063,21,31,1.0
2025-11-21 09:30:00,An Duong Vuong,Quan 8,10.756158554057757,106.66631758181126,21,29,1.0
2025-11-21 09:30:01,Huynh Tan Phat,Nha Be,10.7144382088356,106.73711688366167,25,36,1.0
2025-11-21 09:30:02,Truong Chinh,Tan Binh ,10.817236653231737,106.63191539530457,25,35,1.0
2025-11-21 09:32:14,Cho Ben Thanh,Quan 1,10.772727584493625,106.69804225297563,17,25,0.998765
2025-11-21 09:32:26,Duong Nguyen Hue,Quan 1,10.774028664434528,106.70357076461706,17,28,1.0
2025-11-21 09:32:38,Nguyen Van Linh,Quan 7,10.752616652291238,106.72509685338922,39,39,1.0
2025-11-21 09:32:39,Vo Van Kiet,Quan 5,10.745754766198267,106.65326266831877,34,42,1.0
2025-11-21 09:32:40,Xa lo Ha Noi,QL1A,10.94927106740351,106.87196348224562,31,42,1.0
2025-11-21 09:32:41,Duong Dien Bien Phu,Quan 1,10.78866360854368,106.69551372228901,32,42,1.0
2025-11-21 09:32:42,Nga tu Hang Xanh,Binh Thanh,10.801406421807085,106.71148440879679,32,42,1.0
2025-11-21 09:32:43,Nga tu An Suong,Hoc Mon,10.843150534972033,106.6151343241409,23,35,1.0
2025-11-21 09:32:44,Ben xe Mien Dong,Quan 9,10.880537767027526,106.81481342866444,44,53,1.0
2025-11-21 09:32:44,Ben xe Mien Tay,Binh Tan,10.740840166521663,106.61899246873142,24,36,1.0
2025-11-21 09:32:45,Cau Sai Gon,Quan 2 ,10.798986343749618,106.72697056646841,45,45,1.0
2025-11-21 09:32:46,Cau Phu My,Q2,10.741860769464234,106.73790365482627,45,45,1.0
2025-11-21 09:32:47,Cau Kenh Te,Q4,10.752408891679814,106.7022703818112,20,34,1.0
2025-11-21 09:32:48,Cau Thu Thiem,Quan 2,10.786216596454727,106.71836665482695,40,40,1.0
2025-11-21 09:32:49,Nguyen Huu Canh,Binh Thanh,10.78948793356203,106.71518838181179,36,36,1.0
2025-11-21 09:32:50,Cong Hoa,Tan Binh,10.80223925742187,106.6478722259914,29,41,1.0
2025-11-21 09:32:51,Truong Son / Tan Son Nhat Blvd,Gan san bay,10.813928881466124,106.66511432455972,18,34,1.0
2025-11-21 09:32:51,Nguyen Trai,Quan 5,10.755608615763382,106.67347943578082,16,28,1.0
2025-11-21 09:32:52,Le Duan,Quan 1,10.782680856341083,106.70051548181169,18,31,1.0
2025-11-21 09:32:53,Tran Hung Dao ,Quan 5,10.754895139302109,106.67839188181134,22,32,1.0
2025-11-21 09:32:54,Tran Quoc Thao,Quan 3,10.785070445194592,106.68331340921323,12,27,1.0
2025-11-21 09:32:55,Tran Hung Dao,Quan 5,10.7549373008113,106.67848844133415,22,32,1.0
2025-11-21 09:32:56,Cach Mang Thang 8 (CMT8),Quan 3,10.77898143649726,106.67684447140958,20,34,1.0
2025-11-21 09:32:57,Pham Ngu Lao / Bui Vien,Quan 1,10.767112828386699,106.6927618222887,20,20,1.0
2025-11-21 09:33:00,Nguyen Thi Minh Khai,Quan 3,10.77847212665258,106.69389510879643,27,41,1.0
2025-11-21 09:33:01,Nguyen Van Troi,Phu Nhuan,10.796057790235078,106.67492629345334,18,34,1.0
2025-11-21 09:33:02,Pham Van Dong,Go Vap,10.835298215641501,106.72935479345391,33,42,0.997105
2025-11-21 09:33:03,Cong truong lam son,Quan 1,10.777562007197462,106.7041335430398,18,31,1.0
2025-11-21 09:33:04,Nguyen Oanh ,Go Vap,10.83886351241477,106.67566625482782,29,36,1.0
2025-11-21 09:33:26,Le Hong Phong,Quan 10,10.765187049751795,106.67550552599073,26,36,1.0
2025-11-21 09:33:38,Nguyen Van Cu,Quan 5,10.759484371982321,106.6840537511244,17,28,1.0
2025-11-21 09:33:50,Nga tu Binh Phuoc,Ngoai o,10.865229381280965,106.72366973948475,35,49,1.0
2025-11-21 09:33:51,Phu My Hung ,Quan 7,10.72279213640514,106.72808623948244,26,37,1.0
2025-11-21 09:33:52,Nguyen Thai Son,Phu Nhuan,10.823400120373712,106.68551227436063,22,31,1.0
2025-11-21 09:33:52,An Duong Vuong,Quan 8,10.756158554057757,106.66631758181126,19,29,1.0
2025-11-21 09:33:53,Huynh Tan Phat,Nha Be,10.7144382088356,106.73711688366167,25,35,1.0
2025-11-21 09:33:54,Truong Chinh,Tan Binh ,10.817236653231737,106.63191539530457,22,35,1.0
2025-11-21 09:36:06,Cho Ben Thanh,Quan 1,10.772727584493625,106.69804225297563,17,24,0.998765
2025-11-21 09:36:07,Duong Nguyen Hue,Quan 1,10.774028664434528,106.70357076461706,14,27,1.0
2025-11-21 09:36:08,Nguyen Van Linh,Quan 7,10.752616652291238,106.72509685338922,31,40,1.0
2025-11-21 09:36:09,Vo Van Kiet,Quan 5,10.745754766198267,106.65326266831877,35,43,1.0
2025-11-21 09:36:10,Xa lo Ha Noi,QL1A,10.94927106740351,106.87196348224562,32,41,1.0
2025-11-21 09:36:11,Duong Dien Bien Phu,Quan 1,10.78866360854368,106.69551372228901,32,41,1.0
2025-11-21 09:36:18,Nga tu Hang Xanh,Binh Thanh,10.801406421807085,106.71148440879679,32,42,1.0
2025-11-21 09:36:19,Nga tu An Suong,Hoc Mon,10.843150534972033,106.6151343241409,23,35,1.0
2025-11-21 09:36:20,Ben xe Mien Dong,Quan 9,10.880537767027526,106.81481342866444,43,53,1.0
2025-11-21 09:36:21,Ben xe Mien Tay,Binh Tan,10.740840166521663,106.61899246873142,24,35,1.0
2025-11-21 09:36:22,Cau Sai Gon,Quan 2 ,10.798986343749618,106.72697056646841,45,45,1.0
2025-11-21 09:36:23,Cau Phu My,Q2,10.741860769464234,106.73790365482627,45,45,1.0
2025-11-21 09:36:30,Cau Kenh Te,Q4,10.752408891679814,106.7022703818112,19,34,1.0
2025-11-21 09:36:42,Cau Thu Thiem,Quan 2,10.786216596454727,106.71836665482695,40,40,1.0
2025-11-21 09:36:54,Nguyen Huu Canh,Binh Thanh,10.78948793356203,106.71518838181179,36,36,1.0
2025-11-21 09:36:55,Cong Hoa,Tan Binh,10.80223925742187,106.6478722259914,28,40,1.0
2025-11-21 09:36:56,Truong Son / Tan Son Nhat Blvd,Gan san bay,10.813928881466124,106.66511432455972,20,34,0.998938
2025-11-21 09:36:57,Nguyen Trai,Quan 5,10.755608615763382,106.67347943578082,20,28,1.0
2025-11-21 09:36:58,Le Duan,Quan 1,10.782680856341083,106.70051548181169,18,30,1.0
2025-11-21 09:37:10,Tran Hung Dao ,Quan 5,10.754895139302109,106.67839188181134,23,33,1.0
2025-11-21 09:37:22,Tran Quoc Thao,Quan 3,10.785070445194592,106.68331340921323,14,29,1.0
2025-11-21 09:37:23,Tran Hung Dao,Quan 5,10.7549373008113,106.67848844133415,23,33,1.0
2025-11-21 09:37:24,Cach Mang Thang 8 (CMT8),Quan 3,10.77898143649726,106.67684447140958,20,34,1.0
2025-11-21 09:37:25,Pham Ngu Lao / Bui Vien,Quan 1,10.767112828386699,106.6927618222887,20,20,1.0
2025-11-21 09:37:25,Nguyen Thi Minh Khai,Quan 3,10.77847212665258,106.69389510879643,26,41,1.0
2025-11-21 09:37:26,Nguyen Van Troi,Phu Nhuan,10.796057790235078,106.67492629345334,20,34,0.998938
2025-11-21 09:37:37,Pham Van Dong,Go Vap,10.835298215641501,106.72935479345391,32,42,0.997833
2025-11-21 09:37:49,Cong truong lam son,Quan 1,10.777562007197462,106.7041335430398,18,30,1.0
2025-11-21 09:37:50,Nguyen Oanh ,Go Vap,10.83886351241477,106.67566625482782,36,36,1.0
2025-11-21 09:37:51,Le Hong Phong,Quan 10,10.765187049751795,106.67550552599073,21,36,1.0
2025-11-21 09:37:52,Nguyen Van Cu,Quan 5,10.759484371982321,106.6840537511244,20,27,1.0
2025-11-21 09:37:52,Nga tu Binh Phuoc,Ngoai o,10.865229381280965,106.72366973948475,35,49,1.0
2025-11-21 09:37:53,Phu My Hung ,Quan 7,10.72279213640514,106.72808623948244,26,37,0.999769
2025-11-21 09:38:04,Nguyen Thai Son,Phu Nhuan,10.823400120373712,106.68551227436063,23,32,1.0
2025-11-21 09:38:16,An Duong Vuong,Quan 8,10.756158554057757,106.66631758181126,19,29,1.0
2025-11-21 09:38:17,Huynh Tan Phat,Nha Be,10.7144382088356,106.73711688366167,24,35,1.0
2025-11-21 09:38:18,Truong Chinh,Tan Binh ,10.817236653231737,106.63191539530457,23,35,1.0
2025-11-21 09:40:19,Cho Ben Thanh,Quan 1,10.772727584493625,106.69804225297563,15,24,0.998765
2025-11-21 09:40:20,Duong Nguyen Hue,Quan 1,10.774028664434528,106.70357076461706,19,28,1.0
2025-11-21 09:40:21,Nguyen Van Linh,Quan 7,10.752616652291238,106.72509685338922,38,42,1.0
2025-11-21 09:40:22,Vo Van Kiet,Quan 5,10.745754766198267,106.65326266831877,35,43,1.0
2025-11-21 09:40:23,Xa lo Ha Noi,QL1A,10.94927106740351,106.87196348224562,30,42,1.0
2025-11-21 09:40:24,Duong Dien Bien Phu,Quan 1,10.78866360854368,106.69551372228901,33,41,1.0
2025-11-21 09:40:36,Nga tu Hang Xanh,Binh Thanh,10.801406421807085,106.71148440879679,33,41,1.0
2025-11-21 09:40:48,Nga tu An Suong,Hoc Mon,10.843150534972033,106.6151343241409,24,35,1.0
2025-11-21 09:40:49,Ben xe Mien Dong,Quan 9,10.880537767027526,106.81481342866444,44,53,1.0
2025-11-21 09:40:50,Ben xe Mien Tay,Binh Tan,10.740840166521663,106.61899246873142,24,35,1.0
2025-11-21 09:40:51,Cau Sai Gon,Quan 2 ,10.798986343749618,106.72697056646841,45,45,1.0
2025-11-21 09:40:52,Cau Phu My,Q2,10.741860769464234,106.73790365482627,45,45,1.0
2025-11-21 09:40:52,Cau Kenh Te,Q4,10.752408891679814,106.7022703818112,21,34,1.0
2025-11-21 09:41:00,Cau Thu Thiem,Quan 2,10.786216596454727,106.71836665482695,36,40,1.0
2025-11-21 09:41:12,Nguyen Huu Canh,Binh Thanh,10.78948793356203,106.71518838181179,36,36,1.0
2025-11-21 09:41:13,Cong Hoa,Tan Binh,10.80223925742187,106.6478722259914,28,40,1.0
2025-11-21 09:41:14,Truong Son / Tan Son Nhat Blvd,Gan san bay,10.813928881466124,106.66511432455972,22,34,0.999416
2025-11-21 09:41:14,Nguyen Trai,Quan 5,10.755608615763382,106.67347943578082,20,27,0.997915
2025-11-21 09:41:26,Le Duan,Quan 1,10.782680856341083,106.70051548181169,19,30,1.0
2025-11-21 09:41:38,Tran Hung Dao ,Quan 5,10.754895139302109,106.67839188181134,23,33,1.0
2025-11-21 09:41:50,Tran Quoc Thao,Quan 3,10.785070445194592,106.68331340921323,15,28,1.0
2025-11-21 09:41:51,Tran Hung Dao,Quan 5,10.7549373008113,106.67848844133415,23,33,1.0
2025-11-21 09:41:52,Cach Mang Thang 8 (CMT8),Quan 3,10.77898143649726,106.67684447140958,19,34,1.0
2025-11-21 09:41:53,Pham Ngu Lao / Bui Vien,Quan 1,10.767112828386699,106.6927618222887,11,19,1.0
2025-11-21 09:41:54,Nguyen Thi Minh Khai,Quan 3,10.77847212665258,106.69389510879643,28,41,1.0
2025-11-21 09:41:55,Nguyen Van Troi,Phu Nhuan,10.796057790235078,106.67492629345334,21,34,0.999528
2025-11-21 09:41:56,Pham Van Dong,Go Vap,10.835298215641501,106.72935479345391,32,42,0.998154
2025-11-21 09:41:57,Cong truong lam son,Quan 1,10.777562007197462,106.7041335430398,19,30,1.0
2025-11-21 09:41:58,Nguyen Oanh ,Go Vap,10.83886351241477,106.67566625482782,27,36,1.0
2025-11-21 09:42:10,Le Hong Phong,Quan 10,10.765187049751795,106.67550552599073,23,36,1.0
2025-11-21 09:42:10,Nguyen Van Cu,Quan 5,10.759484371982321,106.6840537511244,20,28,1.0
2025-11-21 09:42:22,Nga tu Binh Phuoc,Ngoai o,10.865229381280965,106.72366973948475,35,49,1.0
2025-11-21 09:42:23,Phu My Hung ,Quan 7,10.72279213640514,106.72808623948244,27,36,0.998475
2025-11-21 09:42:35,Nguyen Thai Son,Phu Nhuan,10.823400120373712,106.68551227436063,24,32,1.0
2025-11-21 09:42:47,An Duong Vuong,Quan 8,10.756158554057757,106.66631758181126,17,29,1.0
2025-11-21 09:42:48,Huynh Tan Phat,Nha Be,10.7144382088356,106.73711688366167,24,35,1.0
2025-11-21 09:42:49,Truong Chinh,Tan Binh ,10.817236653231737,106.63191539530457,23,35,1.0
2025-11-21 09:44:50,Cho Ben Thanh,Quan 1,10.772727584493625,106.69804225297563,16,24,0.998765
2025-11-21 09:44:51,Duong Nguyen Hue,Quan 1,10.774028664434528,106.70357076461706,17,28,1.0
2025-11-21 09:45:03,Nguyen Van Linh,Quan 7,10.752616652291238,106.72509685338922,39,39,1.0
2025-11-21 09:45:04,Vo Van Kiet,Quan 5,10.745754766198267,106.65326266831877,34,42,1.0
2025-11-21 09:45:05,Xa lo Ha Noi,QL1A,10.94927106740351,106.87196348224562,31,41,1.0
2025-11-21 09:45:06,Duong Dien Bien Phu,Quan 1,10.78866360854368,106.69551372228901,32,41,1.0
2025-11-21 09:45:07,Nga tu Hang Xanh,Binh Thanh,10.801406421807085,106.71148440879679,32,41,1.0
2025-11-21 09:45:08,Nga tu An Suong,Hoc Mon,10.843150534972033,106.6151343241409,24,35,1.0
2025-11-21 09:45:08,Ben xe Mien Dong,Quan 9,10.880537767027526,106.81481342866444,45,53,1.0
2025-11-21 09:45:09,Ben xe Mien Tay,Binh Tan,10.740840166521663,106.61899246873142,24,35,1.0
2025-11-21 09:45:10,Cau Sai Gon,Quan 2 ,10.798986343749618,106.72697056646841,45,45,1.0
2025-11-21 09:45:11,Cau Phu My,Q2,10.741860769464234,106.73790365482627,45,45,1.0
2025-11-21 09:45:12,Cau Kenh Te,Q4,10.752408891679814,106.7022703818112,19,33,1.0
2025-11-21 09:45:13,Cau Thu Thiem,Quan 2,10.786216596454727,106.71836665482695,40,40,1.0
2025-11-21 09:45:25,Nguyen Huu Canh,Binh Thanh,10.78948793356203,106.71518838181179,26,34,1.0
2025-11-21 09:45:26,Cong Hoa,Tan Binh,10.80223925742187,106.6478722259914,30,40,1.0
2025-11-21 09:45:27,Truong Son / Tan Son Nhat Blvd,Gan san bay,10.813928881466124,106.66511432455972,20,34,0.999528
2025-11-21 09:45:28,Nguyen Trai,Quan 5,10.755608615763382,106.67347943578082,17,28,1.0
2025-11-21 09:45:29,Le Duan,Quan 1,10.782680856341083,106.70051548181169,19,31,1.0
2025-11-21 09:45:30,Tran Hung Dao ,Quan 5,10.754895139302109,106.67839188181134,22,33,1.0
2025-11-21 09:45:31,Tran Quoc Thao,Quan 3,10.785070445194592,106.68331340921323,13,28,1.0
2025-11-21 09:45:43,Tran Hung Dao,Quan 5,10.7549373008113,106.67848844133415,22,33,1.0
2025-11-21 09:45:55,Cach Mang Thang 8 (CMT8),Quan 3,10.77898143649726,106.67684447140958,20,34,1.0
2025-11-21 09:46:07,Pham Ngu Lao / Bui Vien,Quan 1,10.767112828386699,106.6927618222887,16,20,1.0
2025-11-21 09:46:19,Nguyen Thi Minh Khai,Quan 3,10.77847212665258,106.69389510879643,28,41,1.0
2025-11-21 09:46:20,Nguyen Van Troi,Phu Nhuan,10.796057790235078,106.67492629345334,19,34,0.999244
2025-11-21 09:46:21,Pham Van Dong,Go Vap,10.835298215641501,106.72935479345391,32,43,0.99728
2025-11-21 09:46:22,Cong truong lam son,Quan 1,10.777562007197462,106.7041335430398,19,30,1.0
2025-11-21 09:46:23,Nguyen Oanh ,Go Vap,10.83886351241477,106.67566625482782,27,35,1.0
2025-11-21 09:46:24,Le Hong Phong,Quan 10,10.765187049751795,106.67550552599073,21,35,1.0
2025-11-21 09:46:25,Nguyen Van Cu,Quan 5,10.759484371982321,106.6840537511244,17,27,0.998954
2025-11-21 09:46:26,Nga tu Binh Phuoc,Ngoai o,10.865229381280965,106.72366973948475,36,49,1.0
2025-11-21 09:46:27,Phu My Hung ,Quan 7,10.72279213640514,106.72808623948244,26,37,1.0
2025-11-21 09:46:27,Nguyen Thai Son,Phu Nhuan,10.823400120373712,106.68551227436063,24,32,1.0
2025-11-21 09:46:28,An Duong Vuong,Quan 8,10.756158554057757,106.66631758181126,21,30,1.0
2025-11-21 09:46:29,Huynh Tan Phat,Nha Be,10.7144382088356,106.73711688366167,24,35,1.0
2025-11-21 09:46:30,Truong Chinh,Tan Binh ,10.817236653231737,106.63191539530457,22,35,1.0
2025-11-21 09:48:42,Cho Ben Thanh,Quan 1,10.772727584493625,106.69804225297563,16,24,1.0
2025-11-21 09:48:54,Duong Nguyen Hue,Quan 1,10.774028664434528,106.70357076461706,29,29,1.0
2025-11-21 09:48:55,Nguyen Van Linh,Quan 7,10.752616652291238,106.72509685338922,39,39,1.0
2025-11-21 09:48:56,Vo Van Kiet,Quan 5,10.745754766198267,106.65326266831877,34,43,1.0
2025-11-21 09:48:57,Xa lo Ha Noi,QL1A,10.94927106740351,106.87196348224562,25,42,1.0
2025-11-21 09:48:58,Duong Dien Bien Phu,Quan 1,10.78866360854368,106.69551372228901,32,41,1.0
2025-11-21 09:49:10,Nga tu Hang Xanh,Binh Thanh,10.801406421807085,106.71148440879679,32,41,1.0
2025-11-21 09:49:22,Nga tu An Suong,Hoc Mon,10.843150534972033,106.6151343241409,22,35,1.0
2025-11-21 09:49:23,Ben xe Mien Dong,Quan 9,10.880537767027526,106.81481342866444,44,54,1.0
2025-11-21 09:49:24,Ben xe Mien Tay,Binh Tan,10.740840166521663,106.61899246873142,24,35,1.0
2025-11-21 09:49:25,Cau Sai Gon,Quan 2 ,10.798986343749618,106.72697056646841,45,45,1.0
2025-11-21 09:49:47,Cau Phu My,Q2,10.741860769464234,106.73790365482627,45,45,1.0
2025-11-21 09:49:47,Cau Kenh Te,Q4,10.752408891679814,106.7022703818112,20,34,1.0
2025-11-21 09:49:48,Cau Thu Thiem,Quan 2,10.786216596454727,106.71836665482695,40,40,1.0
2025-11-21 09:49:49,Nguyen Huu Canh,Binh Thanh,10.78948793356203,106.71518838181179,36,36,1.0
2025-11-21 09:49:50,Cong Hoa,Tan Binh,10.80223925742187,106.6478722259914,28,40,1.0
2025-11-21 09:49:51,Truong Son / Tan Son Nhat Blvd,Gan san bay,10.813928881466124,106.66511432455972,20,34,0.997381
2025-11-21 09:50:03,Nguyen Trai,Quan 5,10.755608615763382,106.67347943578082,17,28,1.0
2025-11-21 09:50:15,Le Duan,Quan 1,10.782680856341083,106.70051548181169,18,30,1.0
2025-11-21 09:50:16,Tran Hung Dao ,Quan 5,10.754895139302109,106.67839188181134,21,33,1.0
2025-11-21 09:50:17,Tran Quoc Thao,Quan 3,10.785070445194592,106.68331340921323,14,28,1.0
2025-11-21 09:50:18,Tran Hung Dao,Quan 5,10.7549373008113,106.67848844133415,21,33,1.0
2025-11-21 09:50:19,Cach Mang Thang 8 (CMT8),Quan 3,10.77898143649726,106.67684447140958,20,34,1.0
2025-11-21 09:50:20,Pham Ngu Lao / Bui Vien,Quan 1,10.767112828386699,106.6927618222887,20,20,1.0
2025-11-21 09:50:27,Nguyen Thi Minh Khai,Quan 3,10.77847212665258,106.69389510879643,28,42,1.0
2025-11-21 09:50:39,Nguyen Van Troi,Phu Nhuan,10.796057790235078,106.67492629345334,20,34,0.998691
2025-11-21 09:50:51,Pham Van Dong,Go Vap,10.835298215641501,106.72935479345391,31,42,0.997837
2025-11-21 09:50:52,Cong truong lam son,Quan 1,10.777562007197462,106.7041335430398,18,30,1.0
2025-11-21 09:50:53,Nguyen Oanh ,Go Vap,10.83886351241477,106.67566625482782,27,36,1.0
2025-11-21 09:50:54,Le Hong Phong,Quan 10,10.765187049751795,106.67550552599073,26,35,1.0
2025-11-21 09:50:55,Nguyen Van Cu,Quan 5,10.759484371982321,106.6840537511244,19,27,0.998947
2025-11-21 09:50:56,Nga tu Binh Phuoc,Ngoai o,10.865229381280965,106.72366973948475,35,49,1.0
2025-11-21 09:50:57,Phu My Hung ,Quan 7,10.72279213640514,106.72808623948244,27,37,1.0
2025-11-21 09:50:58,Nguyen Thai Son,Phu Nhuan,10.823400120373712,106.68551227436063,22,32,1.0
2025-11-21 09:50:59,An Duong Vuong,Quan 8,10.756158554057757,106.66631758181126,18,29,1.0
2025-11-21 09:51:00,Huynh Tan Phat,Nha Be,10.7144382088356,106.73711688366167,25,35,1.0
2025-11-21 09:51:01,Truong Chinh,Tan Binh ,10.817236653231737,106.63191539530457,22,35,1.0
2025-11-21 09:53:13,Cho Ben Thanh,Quan 1,10.772727584493625,106.69804225297563,16,25,0.998765
2025-11-21 09:53:14,Duong Nguyen Hue,Quan 1,10.774028664434528,106.70357076461706,29,29,1.0
2025-11-21 09:53:15,Nguyen Van Linh,Quan 7,10.752616652291238,106.72509685338922,39,39,1.0
2025-11-21 09:53:16,Vo Van Kiet,Quan 5,10.745754766198267,106.65326266831877,35,43,1.0
2025-11-21 09:53:16,Xa lo Ha Noi,QL1A,10.94927106740351,106.87196348224562,28,41,1.0
2025-11-21 09:53:17,Duong Dien Bien Phu,Quan 1,10.78866360854368,106.69551372228901,33,42,1.0
2025-11-21 09:53:18,Nga tu Hang Xanh,Binh Thanh,10.801406421807085,106.71148440879679,33,42,1.0
2025-11-21 09:53:19,Nga tu An Suong,Hoc Mon,10.843150534972033,106.6151343241409,23,35,1.0
2025-11-21 09:53:20,Ben xe Mien Dong,Quan 9,10.880537767027526,106.81481342866444,44,53,1.0
2025-11-21 09:53:21,Ben xe Mien Tay,Binh Tan,10.740840166521663,106.61899246873142,24,35,1.0
2025-11-21 09:53:22,Cau Sai Gon,Quan 2 ,10.798986343749618,106.72697056646841,45,45,1.0
2025-11-21 09:53:34,Cau Phu My,Q2,10.741860769464234,106.73790365482627,45,45,1.0
2025-11-21 09:53:46,Cau Kenh Te,Q4,10.752408891679814,106.7022703818112,21,33,1.0
2025-11-21 09:53:47,Cau Thu Thiem,Quan 2,10.786216596454727,106.71836665482695,40,40,1.0
2025-11-21 09:53:48,Nguyen Huu Canh,Binh Thanh,10.78948793356203,106.71518838181179,36,36,1.0
2025-11-21 09:53:48,Cong Hoa,Tan Binh,10.80223925742187,106.6478722259914,28,40,1.0
2025-11-21 09:53:49,Truong Son / Tan Son Nhat Blvd,Gan san bay,10.813928881466124,106.66511432455972,19,33,0.997474
2025-11-21 09:53:50,Nguyen Trai,Quan 5,10.755608615763382,106.67347943578082,20,27,0.997909
2025-11-21 09:54:02,Le Duan,Quan 1,10.782680856341083,106.70051548181169,18,30,1.0
2025-11-21 09:54:03,Tran Hung Dao ,Quan 5,10.754895139302109,106.67839188181134,22,33,1.0
2025-11-21 09:54:26,Tran Quoc Thao,Quan 3,10.785070445194592,106.68331340921323,14,28,1.0
2025-11-21 09:54:26,Tran Hung Dao,Quan 5,10.7549373008113,106.67848844133415,22,32,1.0
2025-11-21 09:54:38,Cach Mang Thang 8 (CMT8),Quan 3,10.77898143649726,106.67684447140958,20,34,1.0
2025-11-21 09:54:39,Pham Ngu Lao / Bui Vien,Quan 1,10.767112828386699,106.6927618222887,14,20,1.0
2025-11-21 09:54:40,Nguyen Thi Minh Khai,Quan 3,10.77847212665258,106.69389510879643,28,41,1.0
2025-11-21 09:54:41,Nguyen Van Troi,Phu Nhuan,10.796057790235078,106.67492629345334,19,33,1.0
2025-11-21 09:54:42,Pham Van Dong,Go Vap,10.835298215641501,106.72935479345391,32,42,0.998018
2025-11-21 09:54:54,Cong truong lam son,Quan 1,10.777562007197462,106.7041335430398,18,30,1.0
2025-11-21 09:55:06,Nguyen Oanh ,Go Vap,10.83886351241477,106.67566625482782,28,35,1.0
2025-11-21 09:55:18,Le Hong Phong,Quan 10,10.765187049751795,106.67550552599073,26,36,1.0
2025-11-21 09:55:19,Nguyen Van Cu,Quan 5,10.759484371982321,106.6840537511244,20,28,1.0
2025-11-21 09:55:20,Nga tu Binh Phuoc,Ngoai o,10.865229381280965,106.72366973948475,35,49,1.0
2025-11-21 09:55:21,Phu My Hung ,Quan 7,10.72279213640514,106.72808623948244,26,37,1.0
2025-11-21 09:55:22,Nguyen Thai Son,Phu Nhuan,10.823400120373712,106.68551227436063,22,31,1.0
2025-11-21 09:55:23,An Duong Vuong,Quan 8,10.756158554057757,106.66631758181126,18,28,1.0
2025-11-21 09:55:30,Huynh Tan Phat,Nha Be,10.7144382088356,106.73711688366167,24,35,1.0
2025-11-21 09:55:42,Truong Chinh,Tan Binh ,10.817236653231737,106.63191539530457,22,35,1.0
2025-11-21 09:57:55,Cho Ben Thanh,Quan 1,10.772727584493625,106.69804225297563,15,24,1.0
2025-11-21 09:57:55,Duong Nguyen Hue,Quan 1,10.774028664434528,106.70357076461706,17,28,1.0
2025-11-21 09:57:56,Nguyen Van Linh,Quan 7,10.752616652291238,106.72509685338922,29,39,1.0
2025-11-21 09:57:57,Vo Van Kiet,Quan 5,10.745754766198267,106.65326266831877,35,43,1.0
2025-11-21 09:57:58,Xa lo Ha Noi,QL1A,10.94927106740351,106.87196348224562,25,42,1.0
2025-11-21 09:58:10,Duong Dien Bien Phu,Quan 1,10.78866360854368,106.69551372228901,33,42,1.0
2025-11-21 09:58:22,Nga tu Hang Xanh,Binh Thanh,10.801406421807085,106.71148440879679,33,42,1.0
2025-11-21 09:58:23,Nga tu An Suong,Hoc Mon,10.843150534972033,106.6151343241409,22,35,1.0
2025-11-21 09:58:24,Ben xe Mien Dong,Quan 9,10.880537767027526,106.81481342866444,42,53,1.0
2025-11-21 09:58:25,Ben xe Mien Tay,Binh Tan,10.740840166521663,106.61899246873142,22,35,1.0
2025-11-21 09:58:26,Cau Sai Gon,Quan 2 ,10.798986343749618,106.72697056646841,45,45,1.0
2025-11-21 09:58:27,Cau Phu My,Q2,10.741860769464234,106.73790365482627,45,45,1.0
2025-11-21 09:58:39,Cau Kenh Te,Q4,10.752408891679814,106.7022703818112,22,33,1.0
2025-11-21 09:58:51,Cau Thu Thiem,Quan 2,10.786216596454727,106.71836665482695,40,40,1.0
2025-11-21 09:58:52,Nguyen Huu Canh,Binh Thanh,10.78948793356203,106.71518838181179,36,36,1.0
2025-11-21 09:58:53,Cong Hoa,Tan Binh,10.80223925742187,106.6478722259914,28,41,1.0
2025-11-21 09:58:54,Truong Son / Tan Son Nhat Blvd,Gan san bay,10.813928881466124,106.66511432455972,21,34,1.0
2025-11-21 09:58:54,Nguyen Trai,Quan 5,10.755608615763382,106.67347943578082,18,27,1.0
2025-11-21 09:58:55,Le Duan,Quan 1,10.782680856341083,106.70051548181169,18,30,1.0
2025-11-21 09:58:56,Tran Hung Dao ,Quan 5,10.754895139302109,106.67839188181134,22,32,1.0
2025-11-21 09:59:08,Tran Quoc Thao,Quan 3,10.785070445194592,106.68331340921323,14,27,1.0
2025-11-21 09:59:09,Tran Hung Dao,Quan 5,10.7549373008113,106.67848844133415,22,32,1.0
2025-11-21 09:59:10,Cach Mang Thang 8 (CMT8),Quan 3,10.77898143649726,106.67684447140958,21,34,1.0
2025-11-21 09:59:22,Pham Ngu Lao / Bui Vien,Quan 1,10.767112828386699,106.6927618222887,14,20,1.0
2025-11-21 09:59:34,Nguyen Thi Minh Khai,Quan 3,10.77847212665258,106.69389510879643,28,41,1.0
2025-11-21 09:59:35,Nguyen Van Troi,Phu Nhuan,10.796057790235078,106.67492629345334,22,34,1.0
2025-11-21 09:59:36,Pham Van Dong,Go Vap,10.835298215641501,106.72935479345391,33,43,0.998552
2025-11-21 09:59:37,Cong truong lam son,Quan 1,10.777562007197462,106.7041335430398,18,31,1.0
2025-11-21 09:59:38,Nguyen Oanh ,Go Vap,10.83886351241477,106.67566625482782,27,36,1.0
2025-11-21 09:59:39,Le Hong Phong,Quan 10,10.765187049751795,106.67550552599073,20,35,1.0
2025-11-21 09:59:51,Nguyen Van Cu,Quan 5,10.759484371982321,106.6840537511244,21,28,1.0
2025-11-21 10:00:04,Nga tu Binh Phuoc,Ngoai o,10.865229381280965,106.72366973948475,35,49,1.0
2025-11-21 10:00:16,Phu My Hung ,Quan 7,10.72279213640514,106.72808623948244,26,36,0.997578
2025-11-21 10:00:28,Nguyen Thai Son,Phu Nhuan,10.823400120373712,106.68551227436063,26,32,1.0
2025-11-21 10:00:29,An Duong Vuong,Quan 8,10.756158554057757,106.66631758181126,20,28,1.0
2025-11-21 10:00:30,Huynh Tan Phat,Nha Be,10.7144382088356,106.73711688366167,24,35,1.0
2025-11-21 10:00:30,Truong Chinh,Tan Binh ,10.817236653231737,106.63191539530457,21,35,1.0
2025-11-21 10:02:42,Cho Ben Thanh,Quan 1,10.772727584493625,106.69804225297563,14,24,0.998765
2025-11-21 10:02:43,Duong Nguyen Hue,Quan 1,10.774028664434528,106.70357076461706,22,28,1.0
2025-11-21 10:02:44,Nguyen Van Linh,Quan 7,10.752616652291238,106.72509685338922,39,39,1.0
2025-11-21 10:02:45,Vo Van Kiet,Quan 5,10.745754766198267,106.65326266831877,34,42,1.0
2025-11-21 10:02:46,Xa lo Ha Noi,QL1A,10.94927106740351,106.87196348224562,25,41,1.0
2025-11-21 10:02:58,Duong Dien Bien Phu,Quan 1,10.78866360854368,106.69551372228901,32,41,1.0
2025-11-21 10:02:59,Nga tu Hang Xanh,Binh Thanh,10.801406421807085,106.71148440879679,32,41,1.0
2025-11-21 10:03:00,Nga tu An Suong,Hoc Mon,10.843150534972033,106.6151343241409,22,35,1.0
2025-11-21 10:03:01,Ben xe Mien Dong,Quan 9,10.880537767027526,106.81481342866444,43,53,1.0
2025-11-21 10:03:02,Ben xe Mien Tay,Binh Tan,10.740840166521663,106.61899246873142,25,35,1.0
2025-11-21 10:03:03,Cau Sai Gon,Quan 2 ,10.798986343749618,106.72697056646841,45,45,1.0
2025-11-21 10:03:15,Cau Phu My,Q2,10.741860769464234,106.73790365482627,45,45,1.0
2025-11-21 10:03:27,Cau Kenh Te,Q4,10.752408891679814,106.7022703818112,24,34,1.0
2025-11-21 10:03:39,Cau Thu Thiem,Quan 2,10.786216596454727,106.71836665482695,40,40,1.0
2025-11-21 10:03:51,Nguyen Huu Canh,Binh Thanh,10.78948793356203,106.71518838181179,36,36,1.0
2025-11-21 10:03:52,Cong Hoa,Tan Binh,10.80223925742187,106.6478722259914,27,40,1.0
2025-11-21 10:03:53,Truong Son / Tan Son Nhat Blvd,Gan san bay,10.813928881466124,106.66511432455972,20,33,0.998405
2025-11-21 10:03:54,Nguyen Trai,Quan 5,10.755608615763382,106.67347943578082,18,27,1.0
2025-11-21 10:03:55,Le Duan,Quan 1,10.782680856341083,106.70051548181169,19,30,1.0
2025-11-21 10:03:56,Tran Hung Dao ,Quan 5,10.754895139302109,106.67839188181134,22,32,1.0
2025-11-21 10:03:57,Tran Quoc Thao,Quan 3,10.785070445194592,106.68331340921323,12,27,1.0
2025-11-21 10:04:09,Tran Hung Dao,Quan 5,10.7549373008113,106.67848844133415,22,32,1.0
2025-11-21 10:04:21,Cach Mang Thang 8 (CMT8),Quan 3,10.77898143649726,106.67684447140958,22,34,1.0
2025-11-21 10:04:33,Pham Ngu Lao / Bui Vien,Quan 1,10.767112828386699,106.6927618222887,20,20,1.0
2025-11-21 10:04:33,Nguyen Thi Minh Khai,Quan 3,10.77847212665258,106.69389510879643,27,42,1.0
2025-11-21 10:04:34,Nguyen Van Troi,Phu Nhuan,10.796057790235078,106.67492629345334,20,34,0.998451
2025-11-21 10:04:35,Pham Van Dong,Go Vap,10.835298215641501,106.72935479345391,33,43,0.998189
2025-11-21 10:04:36,Cong truong lam son,Quan 1,10.777562007197462,106.7041335430398,19,30,1.0
2025-11-21 10:04:48,Nguyen Oanh ,Go Vap,10.83886351241477,106.67566625482782,27,35,1.0
2025-11-21 10:05:00,Le Hong Phong,Quan 10,10.765187049751795,106.67550552599073,24,36,1.0
2025-11-21 10:05:12,Nguyen Van Cu,Quan 5,10.759484371982321,106.6840537511244,17,28,0.996818
2025-11-21 10:05:13,Nga tu Binh Phuoc,Ngoai o,10.865229381280965,106.72366973948475,35,49,1.0
2025-11-21 10:05:14,Phu My Hung ,Quan 7,10.72279213640514,106.72808623948244,25,37,0.998218
2025-11-21 10:05:15,Nguyen Thai Son,Phu Nhuan,10.823400120373712,106.68551227436063,25,31,1.0
2025-11-21 10:05:16,An Duong Vuong,Quan 8,10.756158554057757,106.66631758181126,20,30,1.0
2025-11-21 10:05:17,Huynh Tan Phat,Nha Be,10.7144382088356,106.73711688366167,25,35,1.0
2025-11-21 10:05:18,Truong Chinh,Tan Binh ,10.817236653231737,106.63191539530457,23,35,1.0
2025-11-21 10:07:19,Cho Ben Thanh,Quan 1,10.772727584493625,106.69804225297563,15,24,0.998765
2025-11-21 10:07:20,Duong Nguyen Hue,Quan 1,10.774028664434528,106.70357076461706,29,29,1.0
2025-11-21 10:07:21,Nguyen Van Linh,Quan 7,10.752616652291238,106.72509685338922,39,39,1.0
2025-11-21 10:07:22,Vo Van Kiet,Quan 5,10.745754766198267,106.65326266831877,34,42,1.0
2025-11-21 10:07:23,Xa lo Ha Noi,QL1A,10.94927106740351,106.87196348224562,30,42,1.0
2025-11-21 10:07:23,Duong Dien Bien Phu,Quan 1,10.78866360854368,106.69551372228901,32,42,1.0
2025-11-21 10:07:35,Nga tu Hang Xanh,Binh Thanh,10.801406421807085,106.71148440879679,32,42,1.0
2025-11-21 10:07:47,Nga tu An Suong,Hoc Mon,10.843150534972033,106.6151343241409,22,35,1.0
2025-11-21 10:07:59,Ben xe Mien Dong,Quan 9,10.880537767027526,106.81481342866444,45,53,1.0
2025-11-21 10:08:11,Ben xe Mien Tay,Binh Tan,10.740840166521663,106.61899246873142,25,36,1.0
2025-11-21 10:08:12,Cau Sai Gon,Quan 2 ,10.798986343749618,106.72697056646841,45,45,1.0
2025-11-21 10:08:13,Cau Phu My,Q2,10.741860769464234,106.73790365482627,45,45,1.0
2025-11-21 10:08:14,Cau Kenh Te,Q4,10.752408891679814,106.7022703818112,23,33,1.0
2025-11-21 10:08:15,Cau Thu Thiem,Quan 2,10.786216596454727,106.71836665482695,40,40,1.0
2025-11-21 10:08:16,Nguyen Huu Canh,Binh Thanh,10.78948793356203,106.71518838181179,29,36,1.0
2025-11-21 10:08:17,Cong Hoa,Tan Binh,10.80223925742187,106.6478722259914,27,40,1.0
2025-11-21 10:08:18,Truong Son / Tan Son Nhat Blvd,Gan san bay,10.813928881466124,106.66511432455972,20,34,1.0
2025-11-21 10:08:19,Nguyen Trai,Quan 5,10.755608615763382,106.67347943578082,15,28,1.0
2025-11-21 10:08:19,Le Duan,Quan 1,10.782680856341083,106.70051548181169,18,29,1.0
2025-11-21 10:08:32,Tran Hung Dao ,Quan 5,10.754895139302109,106.67839188181134,21,32,1.0
2025-11-21 10:08:43,Tran Quoc Thao,Quan 3,10.785070445194592,106.68331340921323,13,27,1.0
2025-11-21 10:08:44,Tran Hung Dao,Quan 5,10.7549373008113,106.67848844133415,21,32,1.0
2025-11-21 10:08:45,Cach Mang Thang 8 (CMT8),Quan 3,10.77898143649726,106.67684447140958,22,34,1.0
2025-11-21 10:08:46,Pham Ngu Lao / Bui Vien,Quan 1,10.767112828386699,106.6927618222887,20,20,1.0
2025-11-21 10:08:47,Nguyen Thi Minh Khai,Quan 3,10.77847212665258,106.69389510879643,28,41,1.0
2025-11-21 10:08:48,Nguyen Van Troi,Phu Nhuan,10.796057790235078,106.67492629345334,21,34,1.0
2025-11-21 10:09:00,Pham Van Dong,Go Vap,10.835298215641501,106.72935479345391,34,42,0.99783
2025-11-21 10:09:01,Cong truong lam son,Quan 1,10.777562007197462,106.7041335430398,19,30,1.0
2025-11-21 10:09:02,Nguyen Oanh ,Go Vap,10.83886351241477,106.67566625482782,28,37,1.0
2025-11-21 10:09:03,Le Hong Phong,Quan 10,10.765187049751795,106.67550552599073,22,36,1.0
2025-11-21 10:09:15,Nguyen Van Cu,Quan 5,10.759484371982321,106.6840537511244,15,27,0.99
2025-11-21 10:09:16,Nga tu Binh Phuoc,Ngoai o,10.865229381280965,106.72366973948475,35,49,1.0
2025-11-21 10:09:17,Phu My Hung ,Quan 7,10.72279213640514,106.72808623948244,25,37,1.0
2025-11-21 10:09:17,Nguyen Thai Son,Phu Nhuan,10.823400120373712,106.68551227436063,23,31,1.0
2025-11-21 10:09:18,An Duong Vuong,Quan 8,10.756158554057757,106.66631758181126,21,30,1.0
2025-11-21 10:09:19,Huynh Tan Phat,Nha Be,10.7144382088356,106.73711688366167,26,35,1.0
2025-11-21 10:09:31,Truong Chinh,Tan Binh ,10.817236653231737,106.63191539530457,22,35,1.0
2025-11-21 10:11:43,Cho Ben Thanh,Quan 1,10.772727584493625,106.69804225297563,15,24,0.998098
2025-11-21 10:11:44,Duong Nguyen Hue,Quan 1,10.774028664434528,106.70357076461706,29,29,1.0
2025-11-21 10:11:45,Nguyen Van Linh,Quan 7,10.752616652291238,106.72509685338922,39,39,1.0
2025-11-21 10:11:46,Vo Van Kiet,Quan 5,10.745754766198267,106.65326266831877,34,43,1.0
2025-11-21 10:11:47,Xa lo Ha Noi,QL1A,10.94927106740351,106.87196348224562,32,42,1.0
2025-11-21 10:11:59,Duong Dien Bien Phu,Quan 1,10.78866360854368,106.69551372228901,34,42,1.0
2025-11-21 10:12:11,Nga tu Hang Xanh,Binh Thanh,10.801406421807085,106.71148440879679,34,42,1.0
2025-11-21 10:12:12,Nga tu An Suong,Hoc Mon,10.843150534972033,106.6151343241409,23,35,1.0
2025-11-21 10:12:13,Ben xe Mien Dong,Quan 9,10.880537767027526,106.81481342866444,44,53,1.0
2025-11-21 10:12:13,Ben xe Mien Tay,Binh Tan,10.740840166521663,106.61899246873142,24,35,1.0
2025-11-21 10:12:26,Cau Sai Gon,Quan 2 ,10.798986343749618,106.72697056646841,45,45,1.0
2025-11-21 10:12:26,Cau Phu My,Q2,10.741860769464234,106.73790365482627,45,45,1.0
2025-11-21 10:12:27,Cau Kenh Te,Q4,10.752408891679814,106.7022703818112,24,33,1.0
2025-11-21 10:12:28,Cau Thu Thiem,Quan 2,10.786216596454727,106.71836665482695,40,40,1.0
2025-11-21 10:12:29,Nguyen Huu Canh,Binh Thanh,10.78948793356203,106.71518838181179,36,36,1.0
2025-11-21 10:12:41,Cong Hoa,Tan Binh,10.80223925742187,106.6478722259914,29,41,1.0
2025-11-21 10:12:53,Truong Son / Tan Son Nhat Blvd,Gan san bay,10.813928881466124,106.66511432455972,21,34,0.998657
2025-11-21 10:12:54,Nguyen Trai,Quan 5,10.755608615763382,106.67347943578082,15,27,0.994734
2025-11-21 10:12:55,Le Duan,Quan 1,10.782680856341083,106.70051548181169,19,30,1.0
2025-11-21 10:12:56,Tran Hung Dao ,Quan 5,10.754895139302109,106.67839188181134,21,32,1.0
2025-11-21 10:12:57,Tran Quoc Thao,Quan 3,10.785070445194592,106.68331340921323,14,27,1.0
2025-11-21 10:12:58,Tran Hung Dao,Quan 5,10.7549373008113,106.67848844133415,21,32,1.0
2025-11-21 10:13:10,Cach Mang Thang 8 (CMT8),Quan 3,10.77898143649726,106.67684447140958,21,34,1.0
2025-11-21 10:13:22,Pham Ngu Lao / Bui Vien,Quan 1,10.767112828386699,106.6927618222887,20,20,1.0
2025-11-21 10:13:34,Nguyen Thi Minh Khai,Quan 3,10.77847212665258,106.69389510879643,28,41,1.0
2025-11-21 10:13:46,Nguyen Van Troi,Phu Nhuan,10.796057790235078,106.67492629345334,21,33,0.99892
2025-11-21 10:13:58,Pham Van Dong,Go Vap,10.835298215641501,106.72935479345391,33,42,0.997472
2025-11-21 10:14:10,Cong truong lam son,Quan 1,10.777562007197462,106.7041335430398,20,30,1.0
2025-11-21 10:14:22,Nguyen Oanh ,Go Vap,10.83886351241477,106.67566625482782,27,36,1.0
2025-11-21 10:14:23,Le Hong Phong,Quan 10,10.765187049751795,106.67550552599073,23,35,1.0
2025-11-21 10:14:24,Nguyen Van Cu,Quan 5,10.759484371982321,106.6840537511244,14,28,0.995772
2025-11-21 10:14:25,Nga tu Binh Phuoc,Ngoai o,10.865229381280965,106.72366973948475,35,49,1.0
2025-11-21 10:14:26,Phu My Hung ,Quan 7,10.72279213640514,106.72808623948244,27,37,1.0
2025-11-21 10:14:27,Nguyen Thai Son,Phu Nhuan,10.823400120373712,106.68551227436063,20,32,1.0
2025-11-21 10:14:38,An Duong Vuong,Quan 8,10.756158554057757,106.66631758181126,20,29,1.0
2025-11-21 10:14:51,Huynh Tan Phat,Nha Be,10.7144382088356,106.73711688366167,25,35,1.0
2025-11-21 10:14:51,Truong Chinh,Tan Binh ,10.817236653231737,106.63191539530457,22,35,1.0
2025-11-21 10:17:03,Cho Ben Thanh,Quan 1,10.772727584493625,106.69804225297563,15,24,0.998765
2025-11-21 10:17:15,Duong Nguyen Hue,Quan 1,10.774028664434528,106.70357076461706,17,28,1.0
2025-11-21 10:17:16,Nguyen Van Linh,Quan 7,10.752616652291238,106.72509685338922,39,39,1.0
2025-11-21 10:17:17,Vo Van Kiet,Quan 5,10.745754766198267,106.65326266831877,34,43,1.0
2025-11-21 10:17:18,Xa lo Ha Noi,QL1A,10.94927106740351,106.87196348224562,30,42,1.0
2025-11-21 10:17:19,Duong Dien Bien Phu,Quan 1,10.78866360854368,106.69551372228901,32,41,1.0
2025-11-21 10:17:20,Nga tu Hang Xanh,Binh Thanh,10.801406421807085,106.71148440879679,32,41,1.0
2025-11-21 10:17:21,Nga tu An Suong,Hoc Mon,10.843150534972033,106.6151343241409,23,35,1.0
2025-11-21 10:17:22,Ben xe Mien Dong,Quan 9,10.880537767027526,106.81481342866444,46,53,1.0
2025-11-21 10:17:23,Ben xe Mien Tay,Binh Tan,10.740840166521663,106.61899246873142,24,35,1.0
2025-11-21 10:17:23,Cau Sai Gon,Quan 2 ,10.798986343749618,106.72697056646841,45,45,1.0
2025-11-21 10:17:31,Cau Phu My,Q2,10.741860769464234,106.73790365482627,45,45,1.0
2025-11-21 10:17:43,Cau Kenh Te,Q4,10.752408891679814,106.7022703818112,25,34,1.0
2025-11-21 10:17:44,Cau Thu Thiem,Quan 2,10.786216596454727,106.71836665482695,40,40,1.0
2025-11-21 10:17:45,Nguyen Huu Canh,Binh Thanh,10.78948793356203,106.71518838181179,36,36,1.0
2025-11-21 10:17:46,Cong Hoa,Tan Binh,10.80223925742187,106.6478722259914,28,40,1.0
2025-11-21 10:17:58,Truong Son / Tan Son Nhat Blvd,Gan san bay,10.813928881466124,106.66511432455972,22,34,1.0
2025-11-21 10:17:59,Nguyen Trai,Quan 5,10.755608615763382,106.67347943578082,18,27,0.99
2025-11-21 10:17:59,Le Duan,Quan 1,10.782680856341083,106.70051548181169,18,30,1.0
2025-11-21 10:18:00,Tran Hung Dao ,Quan 5,10.754895139302109,106.67839188181134,21,33,1.0
2025-11-21 10:18:01,Tran Quoc Thao,Quan 3,10.785070445194592,106.68331340921323,14,27,1.0
2025-11-21 10:18:02,Tran Hung Dao,Quan 5,10.7549373008113,106.67848844133415,21,33,1.0
2025-11-21 10:18:14,Cach Mang Thang 8 (CMT8),Quan 3,10.77898143649726,106.67684447140958,21,34,1.0
2025-11-21 10:18:26,Pham Ngu Lao / Bui Vien,Quan 1,10.767112828386699,106.6927618222887,14,20,1.0
2025-11-21 10:18:38,Nguyen Thi Minh Khai,Quan 3,10.77847212665258,106.69389510879643,28,41,1.0
2025-11-21 10:18:50,Nguyen Van Troi,Phu Nhuan,10.796057790235078,106.67492629345334,21,34,1.0
2025-11-21 10:19:02,Pham Van Dong,Go Vap,10.835298215641501,106.72935479345391,33,42,0.997144
2025-11-21 10:19:03,Cong truong lam son,Quan 1,10.777562007197462,106.7041335430398,19,30,1.0
2025-11-21 10:19:04,Nguyen Oanh ,Go Vap,10.83886351241477,106.67566625482782,25,35,0.999216
2025-11-21 10:19:05,Le Hong Phong,Quan 10,10.765187049751795,106.67550552599073,26,36,1.0
2025-11-21 10:19:06,Nguyen Van Cu,Quan 5,10.759484371982321,106.6840537511244,19,27,0.992617
2025-11-21 10:19:18,Nga tu Binh Phuoc,Ngoai o,10.865229381280965,106.72366973948475,35,49,1.0
2025-11-21 10:19:19,Phu My Hung ,Quan 7,10.72279213640514,106.72808623948244,26,37,0.998475
2025-11-21 10:19:20,Nguyen Thai Son,Phu Nhuan,10.823400120373712,106.68551227436063,23,31,1.0
2025-11-21 10:19:21,An Duong Vuong,Quan 8,10.756158554057757,106.66631758181126,19,28,1.0
2025-11-21 10:19:22,Huynh Tan Phat,Nha Be,10.7144382088356,106.73711688366167,26,35,1.0
2025-11-21 10:19:22,Truong Chinh,Tan Binh ,10.817236653231737,106.63191539530457,22,35,1.0
2025-11-21 10:21:34,Cho Ben Thanh,Quan 1,10.772727584493625,106.69804225297563,14,23,0.998765
2025-11-21 10:21:46,Duong Nguyen Hue,Quan 1,10.774028664434528,106.70357076461706,23,27,1.0
2025-11-21 10:21:47,Nguyen Van Linh,Quan 7,10.752616652291238,106.72509685338922,39,39,1.0
2025-11-21 10:21:48,Vo Van Kiet,Quan 5,10.745754766198267,106.65326266831877,36,43,1.0
2025-11-21 10:21:49,Xa lo Ha Noi,QL1A,10.94927106740351,106.87196348224562,18,42,1.0
2025-11-21 10:21:50,Duong Dien Bien Phu,Quan 1,10.78866360854368,106.69551372228901,32,42,1.0
2025-11-21 10:21:51,Nga tu Hang Xanh,Binh Thanh,10.801406421807085,106.71148440879679,32,42,1.0
2025-11-21 10:21:58,Nga tu An Suong,Hoc Mon,10.843150534972033,106.6151343241409,24,35,1.0
2025-11-21 10:22:10,Ben xe Mien Dong,Quan 9,10.880537767027526,106.81481342866444,44,53,1.0
2025-11-21 10:22:11,Ben xe Mien Tay,Binh Tan,10.740840166521663,106.61899246873142,25,35,1.0
2025-11-21 10:22:23,Cau Sai Gon,Quan 2 ,10.798986343749618,106.72697056646841,45,45,1.0
2025-11-21 10:22:24,Cau Phu My,Q2,10.741860769464234,106.73790365482627,45,45,1.0
2025-11-21 10:22:25,Cau Kenh Te,Q4,10.752408891679814,106.7022703818112,26,34,1.0
2025-11-21 10:22:26,Cau Thu Thiem,Quan 2,10.786216596454727,106.71836665482695,32,40,0.995993
2025-11-21 10:22:27,Nguyen Huu Canh,Binh Thanh,10.78948793356203,106.71518838181179,36,36,1.0
2025-11-21 10:22:39,Cong Hoa,Tan Binh,10.80223925742187,106.6478722259914,31,41,1.0
2025-11-21 10:22:51,Truong Son / Tan Son Nhat Blvd,Gan san bay,10.813928881466124,106.66511432455972,20,33,1.0
2025-11-21 10:22:52,Nguyen Trai,Quan 5,10.755608615763382,106.67347943578082,17,27,0.992362
2025-11-21 10:22:53,Le Duan,Quan 1,10.782680856341083,106.70051548181169,18,30,1.0
2025-11-21 10:22:54,Tran Hung Dao ,Quan 5,10.754895139302109,106.67839188181134,21,33,1.0
2025-11-21 10:22:55,Tran Quoc Thao,Quan 3,10.785070445194592,106.68331340921323,13,26,1.0
2025-11-21 10:22:55,Tran Hung Dao,Quan 5,10.7549373008113,106.67848844133415,21,33,1.0
2025-11-21 10:23:08,Cach Mang Thang 8 (CMT8),Quan 3,10.77898143649726,106.67684447140958,20,35,1.0
2025-11-21 10:23:19,Pham Ngu Lao / Bui Vien,Quan 1,10.767112828386699,106.6927618222887,20,20,1.0
2025-11-21 10:23:20,Nguyen Thi Minh Khai,Quan 3,10.77847212665258,106.69389510879643,28,41,1.0
2025-11-21 10:23:21,Nguyen Van Troi,Phu Nhuan,10.796057790235078,106.67492629345334,20,33,1.0
2025-11-21 10:23:22,Pham Van Dong,Go Vap,10.835298215641501,106.72935479345391,33,42,0.99582
2025-11-21 10:23:23,Cong truong lam son,Quan 1,10.777562007197462,106.7041335430398,18,30,1.0
2025-11-21 10:23:24,Nguyen Oanh ,Go Vap,10.83886351241477,106.67566625482782,28,36,1.0
2025-11-21 10:23:31,Le Hong Phong,Quan 10,10.765187049751795,106.67550552599073,27,35,1.0
2025-11-21 10:23:43,Nguyen Van Cu,Quan 5,10.759484371982321,106.6840537511244,17,27,0.992362
2025-11-21 10:23:44,Nga tu Binh Phuoc,Ngoai o,10.865229381280965,106.72366973948475,35,49,1.0
2025-11-21 10:23:45,Phu My Hung ,Quan 7,10.72279213640514,106.72808623948244,26,37,1.0
2025-11-21 10:23:57,Nguyen Thai Son,Phu Nhuan,10.823400120373712,106.68551227436063,23,31,1.0
2025-11-21 10:23:58,An Duong Vuong,Quan 8,10.756158554057757,106.66631758181126,20,29,1.0
2025-11-21 10:23:59,Huynh Tan Phat,Nha Be,10.7144382088356,106.73711688366167,25,35,1.0
2025-11-21 10:24:00,Truong Chinh,Tan Binh ,10.817236653231737,106.63191539530457,23,35,1.0
2025-11-21 10:26:12,Cho Ben Thanh,Quan 1,10.772727584493625,106.69804225297563,14,25,0.998765
2025-11-21 10:26:13,Duong Nguyen Hue,Quan 1,10.774028664434528,106.70357076461706,19,28,1.0
2025-11-21 10:26:14,Nguyen Van Linh,Quan 7,10.752616652291238,106.72509685338922,39,39,1.0
2025-11-21 10:26:15,Vo Van Kiet,Quan 5,10.745754766198267,106.65326266831877,35,42,1.0
2025-11-21 10:26:16,Xa lo Ha Noi,QL1A,10.94927106740351,106.87196348224562,30,41,1.0
2025-11-21 10:26:17,Duong Dien Bien Phu,Quan 1,10.78866360854368,106.69551372228901,31,42,1.0
2025-11-21 10:26:17,Nga tu Hang Xanh,Binh Thanh,10.801406421807085,106.71148440879679,31,42,1.0
2025-11-21 10:26:18,Nga tu An Suong,Hoc Mon,10.843150534972033,106.6151343241409,23,35,1.0
2025-11-21 10:26:19,Ben xe Mien Dong,Quan 9,10.880537767027526,106.81481342866444,45,53,1.0
2025-11-21 10:26:20,Ben xe Mien Tay,Binh Tan,10.740840166521663,106.61899246873142,25,35,1.0
2025-11-21 10:26:21,Cau Sai Gon,Quan 2 ,10.798986343749618,106.72697056646841,45,45,1.0
2025-11-21 10:26:22,Cau Phu My,Q2,10.741860769464234,106.73790365482627,45,45,1.0
2025-11-21 10:26:28,Cau Kenh Te,Q4,10.752408891679814,106.7022703818112,23,33,1.0
2025-11-21 10:26:41,Cau Thu Thiem,Quan 2,10.786216596454727,106.71836665482695,40,40,1.0
2025-11-21 10:26:52,Nguyen Huu Canh,Binh Thanh,10.78948793356203,106.71518838181179,36,36,1.0
2025-11-21 10:26:53,Cong Hoa,Tan Binh,10.80223925742187,106.6478722259914,31,41,1.0
2025-11-21 10:26:54,Truong Son / Tan Son Nhat Blvd,Gan san bay,10.813928881466124,106.66511432455972,21,34,1.0
2025-11-21 10:26:55,Nguyen Trai,Quan 5,10.755608615763382,106.67347943578082,17,28,0.997907
2025-11-21 10:26:56,Le Duan,Quan 1,10.782680856341083,106.70051548181169,19,30,1.0
2025-11-21 10:26:57,Tran Hung Dao ,Quan 5,10.754895139302109,106.67839188181134,22,33,1.0
2025-11-21 10:27:09,Tran Quoc Thao,Quan 3,10.785070445194592,106.68331340921323,9,28,1.0
2025-11-21 10:27:21,Tran Hung Dao,Quan 5,10.7549373008113,106.67848844133415,22,32,1.0
2025-11-21 10:27:22,Cach Mang Thang 8 (CMT8),Quan 3,10.77898143649726,106.67684447140958,22,34,1.0
2025-11-21 10:27:23,Pham Ngu Lao / Bui Vien,Quan 1,10.767112828386699,106.6927618222887,14,20,1.0
2025-11-21 10:27:24,Nguyen Thi Minh Khai,Quan 3,10.77847212665258,106.69389510879643,27,41,1.0
2025-11-21 10:27:25,Nguyen Van Troi,Phu Nhuan,10.796057790235078,106.67492629345334,21,33,1.0
2025-11-21 10:27:26,Pham Van Dong,Go Vap,10.835298215641501,106.72935479345391,36,42,0.99496
2025-11-21 10:27:27,Cong truong lam son,Quan 1,10.777562007197462,106.7041335430398,19,30,1.0
2025-11-21 10:27:39,Nguyen Oanh ,Go Vap,10.83886351241477,106.67566625482782,27,36,1.0
2025-11-21 10:27:51,Le Hong Phong,Quan 10,10.765187049751795,106.67550552599073,26,35,1.0
2025-11-21 10:27:52,Nguyen Van Cu,Quan 5,10.759484371982321,106.6840537511244,16,27,0.997069
2025-11-21 10:27:52,Nga tu Binh Phuoc,Ngoai o,10.865229381280965,106.72366973948475,35,49,1.0
2025-11-21 10:27:53,Phu My Hung ,Quan 7,10.72279213640514,106.72808623948244,26,37,0.999302
2025-11-21 10:27:54,Nguyen Thai Son,Phu Nhuan,10.823400120373712,106.68551227436063,22,32,1.0
2025-11-21 10:27:55,An Duong Vuong,Quan 8,10.756158554057757,106.66631758181126,19,29,1.0
2025-11-21 10:28:03,Huynh Tan Phat,Nha Be,10.7144382088356,106.73711688366167,25,36,1.0
2025-11-21 10:28:15,Truong Chinh,Tan Binh ,10.817236653231737,106.63191539530457,23,35,1.0
2025-11-21 10:30:27,Cho Ben Thanh,Quan 1,10.772727584493625,106.69804225297563,14,24,0.998765
2025-11-21 10:30:28,Duong Nguyen Hue,Quan 1,10.774028664434528,106.70357076461706,23,28,1.0
2025-11-21 10:30:29,Nguyen Van Linh,Quan 7,10.752616652291238,106.72509685338922,39,39,1.0
2025-11-21 10:30:30,Vo Van Kiet,Quan 5,10.745754766198267,106.65326266831877,34,43,1.0
2025-11-21 10:30:30,Xa lo Ha Noi,QL1A,10.94927106740351,106.87196348224562,26,40,1.0
2025-11-21 10:30:42,Duong Dien Bien Phu,Quan 1,10.78866360854368,106.69551372228901,31,42,1.0
2025-11-21 10:30:43,Nga tu Hang Xanh,Binh Thanh,10.801406421807085,106.71148440879679,31,42,1.0
2025-11-21 10:30:44,Nga tu An Suong,Hoc Mon,10.843150534972033,106.6151343241409,22,35,1.0
2025-11-21 10:30:54,Ben xe Mien Dong,Quan 9,10.880537767027526,106.81481342866444,43,53,1.0
2025-11-21 10:30:55,Ben xe Mien Tay,Binh Tan,10.740840166521663,106.61899246873142,25,35,1.0
2025-11-21 10:30:56,Cau Sai Gon,Quan 2 ,10.798986343749618,106.72697056646841,45,45,1.0
2025-11-21 10:30:57,Cau Phu My,Q2,10.741860769464234,106.73790365482627,45,45,1.0
2025-11-21 10:30:58,Cau Kenh Te,Q4,10.752408891679814,106.7022703818112,23,34,1.0
2025-11-21 10:30:59,Cau Thu Thiem,Quan 2,10.786216596454727,106.71836665482695,40,40,1.0
2025-11-21 10:31:11,Nguyen Huu Canh,Binh Thanh,10.78948793356203,106.71518838181179,36,36,1.0
2025-11-21 10:31:23,Cong Hoa,Tan Binh,10.80223925742187,106.6478722259914,30,41,1.0
2025-11-21 10:31:24,Truong Son / Tan Son Nhat Blvd,Gan san bay,10.813928881466124,106.66511432455972,21,33,1.0
2025-11-21 10:31:25,Nguyen Trai,Quan 5,10.755608615763382,106.67347943578082,14,27,1.0
2025-11-21 10:31:26,Le Duan,Quan 1,10.782680856341083,106.70051548181169,18,30,1.0
2025-11-21 10:31:27,Tran Hung Dao ,Quan 5,10.754895139302109,106.67839188181134,21,32,1.0
2025-11-21 10:31:28,Tran Quoc Thao,Quan 3,10.785070445194592,106.68331340921323,12,27,1.0
2025-11-21 10:31:29,Tran Hung Dao,Quan 5,10.7549373008113,106.67848844133415,21,32,1.0
2025-11-21 10:31:30,Cach Mang Thang 8 (CMT8),Quan 3,10.77898143649726,106.67684447140958,22,34,1.0
2025-11-21 10:31:31,Pham Ngu Lao / Bui Vien,Quan 1,10.767112828386699,106.6927618222887,12,19,1.0
2025-11-21 10:31:43,Nguyen Thi Minh Khai,Quan 3,10.77847212665258,106.69389510879643,27,41,1.0
2025-11-21 10:31:43,Nguyen Van Troi,Phu Nhuan,10.796057790235078,106.67492629345334,21,33,1.0
2025-11-21 10:31:44,Pham Van Dong,Go Vap,10.835298215641501,106.72935479345391,34,42,0.996719
2025-11-21 10:31:45,Cong truong lam son,Quan 1,10.777562007197462,106.7041335430398,18,30,1.0
2025-11-21 10:31:46,Nguyen Oanh ,Go Vap,10.83886351241477,106.67566625482782,29,36,1.0
2025-11-21 10:31:58,Le Hong Phong,Quan 10,10.765187049751795,106.67550552599073,23,36,1.0
2025-11-21 10:32:10,Nguyen Van Cu,Quan 5,10.759484371982321,106.6840537511244,14,27,0.998943
2025-11-21 10:32:11,Nga tu Binh Phuoc,Ngoai o,10.865229381280965,106.72366973948475,36,49,1.0
2025-11-21 10:32:23,Phu My Hung ,Quan 7,10.72279213640514,106.72808623948244,27,37,0.999301
2025-11-21 10:32:24,Nguyen Thai Son,Phu Nhuan,10.823400120373712,106.68551227436063,22,31,1.0
2025-11-21 10:32:25,An Duong Vuong,Quan 8,10.756158554057757,106.66631758181126,18,29,1.0
2025-11-21 10:32:26,Huynh Tan Phat,Nha Be,10.7144382088356,106.73711688366167,25,35,1.0
2025-11-21 10:32:38,Truong Chinh,Tan Binh ,10.817236653231737,106.63191539530457,22,35,1.0
2025-11-21 10:34:39,Cho Ben Thanh,Quan 1,10.772727584493625,106.69804225297563,15,24,0.998765
2025-11-21 10:34:40,Duong Nguyen Hue,Quan 1,10.774028664434528,106.70357076461706,23,27,1.0
2025-11-21 10:34:41,Nguyen Van Linh,Quan 7,10.752616652291238,106.72509685338922,39,39,1.0
2025-11-21 10:34:42,Vo Van Kiet,Quan 5,10.745754766198267,106.65326266831877,35,43,1.0
2025-11-21 10:34:43,Xa lo Ha Noi,QL1A,10.94927106740351,106.87196348224562,32,42,1.0
2025-11-21 10:34:51,Duong Dien Bien Phu,Quan 1,10.78866360854368,106.69551372228901,33,41,1.0
2025-11-21 10:34:52,Nga tu Hang Xanh,Binh Thanh,10.801406421807085,106.71148440879679,33,41,1.0
2025-11-21 10:34:53,Nga tu An Suong,Hoc Mon,10.843150534972033,106.6151343241409,22,35,1.0
2025-11-21 10:34:54,Ben xe Mien Dong,Quan 9,10.880537767027526,106.81481342866444,44,53,1.0
2025-11-21 10:34:55,Ben xe Mien Tay,Binh Tan,10.740840166521663,106.61899246873142,25,35,1.0
2025-11-21 10:34:56,Cau Sai Gon,Quan 2 ,10.798986343749618,106.72697056646841,45,45,1.0
2025-11-21 10:34:56,Cau Phu My,Q2,10.741860769464234,106.73790365482627,45,45,1.0
2025-11-21 10:35:09,Cau Kenh Te,Q4,10.752408891679814,106.7022703818112,24,33,1.0
2025-11-21 10:35:22,Cau Thu Thiem,Quan 2,10.786216596454727,106.71836665482695,40,40,1.0
2025-11-21 10:35:23,Nguyen Huu Canh,Binh Thanh,10.78948793356203,106.71518838181179,36,36,1.0
2025-11-21 10:35:24,Cong Hoa,Tan Binh,10.80223925742187,106.6478722259914,30,40,1.0
2025-11-21 10:35:25,Truong Son / Tan Son Nhat Blvd,Gan san bay,10.813928881466124,106.66511432455972,18,34,0.999202
2025-11-21 10:35:26,Nguyen Trai,Quan 5,10.755608615763382,106.67347943578082,16,28,1.0
2025-11-21 10:35:38,Le Duan,Quan 1,10.782680856341083,106.70051548181169,19,30,1.0
2025-11-21 10:35:50,Tran Hung Dao ,Quan 5,10.754895139302109,106.67839188181134,20,32,1.0
2025-11-21 10:35:51,Tran Quoc Thao,Quan 3,10.785070445194592,106.68331340921323,11,27,1.0
2025-11-21 10:35:52,Tran Hung Dao,Quan 5,10.7549373008113,106.67848844133415,20,32,1.0
2025-11-21 10:35:54,Cach Mang Thang 8 (CMT8),Quan 3,10.77898143649726,106.67684447140958,22,35,1.0
2025-11-21 10:35:54,Pham Ngu Lao / Bui Vien,Quan 1,10.767112828386699,106.6927618222887,20,20,1.0
2025-11-21 10:35:55,Nguyen Thi Minh Khai,Quan 3,10.77847212665258,106.69389510879643,27,41,1.0
2025-11-21 10:36:02,Nguyen Van Troi,Phu Nhuan,10.796057790235078,106.67492629345334,18,34,0.999202
2025-11-21 10:36:03,Pham Van Dong,Go Vap,10.835298215641501,106.72935479345391,34,42,0.996565
2025-11-21 10:36:04,Cong truong lam son,Quan 1,10.777562007197462,106.7041335430398,19,30,1.0
2025-11-21 10:36:05,Nguyen Oanh ,Go Vap,10.83886351241477,106.67566625482782,36,36,1.0
2025-11-21 10:36:06,Le Hong Phong,Quan 10,10.765187049751795,106.67550552599073,21,35,1.0
2025-11-21 10:36:07,Nguyen Van Cu,Quan 5,10.759484371982321,106.6840537511244,16,27,1.0
2025-11-21 10:36:14,Nga tu Binh Phuoc,Ngoai o,10.865229381280965,106.72366973948475,35,49,1.0
2025-11-21 10:36:15,Phu My Hung ,Quan 7,10.72279213640514,106.72808623948244,26,37,0.998475
2025-11-21 10:36:16,Nguyen Thai Son,Phu Nhuan,10.823400120373712,106.68551227436063,24,31,1.0
2025-11-21 10:36:17,An Duong Vuong,Quan 8,10.756158554057757,106.66631758181126,18,29,1.0
2025-11-21 10:36:18,Huynh Tan Phat,Nha Be,10.7144382088356,106.73711688366167,25,35,1.0
2025-11-21 10:36:19,Truong Chinh,Tan Binh ,10.817236653231737,106.63191539530457,22,35,1.0
2025-11-21 10:38:20,Cho Ben Thanh,Quan 1,10.772727584493625,106.69804225297563,15,24,0.998765
2025-11-21 10:38:21,Duong Nguyen Hue,Quan 1,10.774028664434528,106.70357076461706,29,29,1.0
2025-11-21 10:38:22,Nguyen Van Linh,Quan 7,10.752616652291238,106.72509685338922,39,39,1.0
2025-11-21 10:38:23,Vo Van Kiet,Quan 5,10.745754766198267,106.65326266831877,35,43,1.0
2025-11-21 10:38:24,Xa lo Ha Noi,QL1A,10.94927106740351,106.87196348224562,42,42,1.0
2025-11-21 10:38:25,Duong Dien Bien Phu,Quan 1,10.78866360854368,106.69551372228901,32,42,1.0
2025-11-21 10:38:31,Nga tu Hang Xanh,Binh Thanh,10.801406421807085,106.71148440879679,32,42,1.0
2025-11-21 10:38:43,Nga tu An Suong,Hoc Mon,10.843150534972033,106.6151343241409,23,34,1.0
2025-11-21 10:38:44,Ben xe Mien Dong,Quan 9,10.880537767027526,106.81481342866444,42,54,1.0
2025-11-21 10:38:45,Ben xe Mien Tay,Binh Tan,10.740840166521663,106.61899246873142,25,35,1.0
2025-11-21 10:38:46,Cau Sai Gon,Quan 2 ,10.798986343749618,106.72697056646841,45,45,1.0
2025-11-21 10:38:47,Cau Phu My,Q2,10.741860769464234,106.73790365482627,45,45,1.0
2025-11-21 10:38:48,Cau Kenh Te,Q4,10.752408891679814,106.7022703818112,23,34,1.0
2025-11-21 10:38:55,Cau Thu Thiem,Quan 2,10.786216596454727,106.71836665482695,40,40,1.0
2025-11-21 10:38:56,Nguyen Huu Canh,Binh Thanh,10.78948793356203,106.71518838181179,29,36,1.0
2025-11-21 10:39:08,Cong Hoa,Tan Binh,10.80223925742187,106.6478722259914,31,40,1.0
2025-11-21 10:39:09,Truong Son / Tan Son Nhat Blvd,Gan san bay,10.813928881466124,106.66511432455972,19,34,0.998692
2025-11-21 10:39:10,Nguyen Trai,Quan 5,10.755608615763382,106.67347943578082,17,28,1.0
2025-11-21 10:39:11,Le Duan,Quan 1,10.782680856341083,106.70051548181169,20,30,1.0
2025-11-21 10:39:12,Tran Hung Dao ,Quan 5,10.754895139302109,106.67839188181134,22,32,1.0
2025-11-21 10:39:13,Tran Quoc Thao,Quan 3,10.785070445194592,106.68331340921323,15,27,1.0
2025-11-21 10:39:14,Tran Hung Dao,Quan 5,10.7549373008113,106.67848844133415,22,32,1.0
2025-11-21 10:39:14,Cach Mang Thang 8 (CMT8),Quan 3,10.77898143649726,106.67684447140958,21,34,1.0
2025-11-21 10:39:20,Pham Ngu Lao / Bui Vien,Quan 1,10.767112828386699,106.6927618222887,9,19,1.0
2025-11-21 10:39:21,Nguyen Thi Minh Khai,Quan 3,10.77847212665258,106.69389510879643,28,41,1.0
2025-11-21 10:39:22,Nguyen Van Troi,Phu Nhuan,10.796057790235078,106.67492629345334,20,33,1.0
2025-11-21 10:39:23,Pham Van Dong,Go Vap,10.835298215641501,106.72935479345391,33,42,0.996566
2025-11-21 10:39:24,Cong truong lam son,Quan 1,10.777562007197462,106.7041335430398,19,30,1.0
2025-11-21 10:39:25,Nguyen Oanh ,Go Vap,10.83886351241477,106.67566625482782,27,36,1.0
2025-11-21 10:39:32,Le Hong Phong,Quan 10,10.765187049751795,106.67550552599073,22,35,1.0
2025-11-21 10:39:44,Nguyen Van Cu,Quan 5,10.759484371982321,106.6840537511244,16,27,1.0
2025-11-21 10:39:45,Nga tu Binh Phuoc,Ngoai o,10.865229381280965,106.72366973948475,35,49,1.0
2025-11-21 10:39:46,Phu My Hung ,Quan 7,10.72279213640514,106.72808623948244,27,37,1.0
2025-11-21 10:39:47,Nguyen Thai Son,Phu Nhuan,10.823400120373712,106.68551227436063,23,31,1.0
2025-11-21 10:39:48,An Duong Vuong,Quan 8,10.756158554057757,106.66631758181126,19,29,1.0
2025-11-21 10:39:49,Huynh Tan Phat,Nha Be,10.7144382088356,106.73711688366167,24,35,1.0
2025-11-21 10:39:56,Truong Chinh,Tan Binh ,10.817236653231737,106.63191539530457,21,34,1.0
2025-11-21 10:42:08,Cho Ben Thanh,Quan 1,10.772727584493625,106.69804225297563,15,23,0.996295
2025-11-21 10:42:09,Duong Nguyen Hue,Quan 1,10.774028664434528,106.70357076461706,29,29,1.0
2025-11-21 10:42:10,Nguyen Van Linh,Quan 7,10.752616652291238,106.72509685338922,39,39,1.0
2025-11-21 10:42:11,Vo Van Kiet,Quan 5,10.745754766198267,106.65326266831877,34,43,1.0
2025-11-21 10:42:12,Xa lo Ha Noi,QL1A,10.94927106740351,106.87196348224562,31,41,1.0
2025-11-21 10:42:13,Duong Dien Bien Phu,Quan 1,10.78866360854368,106.69551372228901,32,41,1.0
2025-11-21 10:42:25,Nga tu Hang Xanh,Binh Thanh,10.801406421807085,106.71148440879679,32,41,1.0
2025-11-21 10:42:37,Nga tu An Suong,Hoc Mon,10.843150534972033,106.6151343241409,22,35,1.0
2025-11-21 10:42:49,Ben xe Mien Dong,Quan 9,10.880537767027526,106.81481342866444,42,53,1.0
2025-11-21 10:42:50,Ben xe Mien Tay,Binh Tan,10.740840166521663,106.61899246873142,25,35,1.0
2025-11-21 10:42:51,Cau Sai Gon,Quan 2 ,10.798986343749618,106.72697056646841,45,45,1.0
2025-11-21 10:42:52,Cau Phu My,Q2,10.741860769464234,106.73790365482627,36,44,1.0
2025-11-21 10:42:53,Cau Kenh Te,Q4,10.752408891679814,106.7022703818112,25,34,1.0
2025-11-21 10:42:54,Cau Thu Thiem,Quan 2,10.786216596454727,106.71836665482695,40,40,1.0
2025-11-21 10:43:06,Nguyen Huu Canh,Binh Thanh,10.78948793356203,106.71518838181179,36,36,1.0
2025-11-21 10:43:17,Cong Hoa,Tan Binh,10.80223925742187,106.6478722259914,30,40,1.0
2025-11-21 10:43:18,Truong Son / Tan Son Nhat Blvd,Gan san bay,10.813928881466124,106.66511432455972,19,34,1.0
2025-11-21 10:43:19,Nguyen Trai,Quan 5,10.755608615763382,106.67347943578082,16,28,0.998951
2025-11-21 10:43:20,Le Duan,Quan 1,10.782680856341083,106.70051548181169,19,30,1.0
2025-11-21 10:43:21,Tran Hung Dao ,Quan 5,10.754895139302109,106.67839188181134,20,32,1.0
2025-11-21 10:43:22,Tran Quoc Thao,Quan 3,10.785070445194592,106.68331340921323,14,27,1.0
2025-11-21 10:43:30,Tran Hung Dao,Quan 5,10.7549373008113,106.67848844133415,20,32,1.0
2025-11-21 10:43:31,Cach Mang Thang 8 (CMT8),Quan 3,10.77898143649726,106.67684447140958,21,34,1.0
2025-11-21 10:43:31,Pham Ngu Lao / Bui Vien,Quan 1,10.767112828386699,106.6927618222887,12,20,1.0
2025-11-21 10:43:32,Nguyen Thi Minh Khai,Quan 3,10.77847212665258,106.69389510879643,27,42,1.0
2025-11-21 10:43:33,Nguyen Van Troi,Phu Nhuan,10.796057790235078,106.67492629345334,19,34,1.0
2025-11-21 10:43:34,Pham Van Dong,Go Vap,10.835298215641501,106.72935479345391,33,42,0.997109
2025-11-21 10:43:41,Cong truong lam son,Quan 1,10.777562007197462,106.7041335430398,19,30,1.0
2025-11-21 10:43:42,Nguyen Oanh ,Go Vap,10.83886351241477,106.67566625482782,28,35,1.0
2025-11-21 10:43:43,Le Hong Phong,Quan 10,10.765187049751795,106.67550552599073,18,35,1.0
2025-11-21 10:43:44,Nguyen Van Cu,Quan 5,10.759484371982321,106.6840537511244,16,28,0.998951
2025-11-21 10:43:45,Nga tu Binh Phuoc,Ngoai o,10.865229381280965,106.72366973948475,35,49,1.0
2025-11-21 10:43:46,Phu My Hung ,Quan 7,10.72279213640514,106.72808623948244,27,37,0.998218
2025-11-21 10:43:53,Nguyen Thai Son,Phu Nhuan,10.823400120373712,106.68551227436063,22,32,1.0
2025-11-21 10:43:55,An Duong Vuong,Quan 8,10.756158554057757,106.66631758181126,18,29,1.0
2025-11-21 10:43:55,Huynh Tan Phat,Nha Be,10.7144382088356,106.73711688366167,24,35,1.0
2025-11-21 10:43:56,Truong Chinh,Tan Binh ,10.817236653231737,106.63191539530457,22,35,1.0
2025-11-21 10:46:08,Cho Ben Thanh,Quan 1,10.772727584493625,106.69804225297563,13,24,0.996195
2025-11-21 10:46:09,Duong Nguyen Hue,Quan 1,10.774028664434528,106.70357076461706,20,28,1.0
2025-11-21 10:46:10,Nguyen Van Linh,Quan 7,10.752616652291238,106.72509685338922,39,39,1.0
2025-11-21 10:46:11,Vo Van Kiet,Quan 5,10.745754766198267,106.65326266831877,34,43,1.0
2025-11-21 10:46:12,Xa lo Ha Noi,QL1A,10.94927106740351,106.87196348224562,19,41,1.0
2025-11-21 10:46:13,Duong Dien Bien Phu,Quan 1,10.78866360854368,106.69551372228901,32,42,1.0
2025-11-21 10:46:14,Nga tu Hang Xanh,Binh Thanh,10.801406421807085,106.71148440879679,32,42,1.0
2025-11-21 10:46:15,Nga tu An Suong,Hoc Mon,10.843150534972033,106.6151343241409,22,35,1.0
2025-11-21 10:46:16,Ben xe Mien Dong,Quan 9,10.880537767027526,106.81481342866444,43,53,1.0
2025-11-21 10:46:17,Ben xe Mien Tay,Binh Tan,10.740840166521663,106.61899246873142,24,36,1.0
2025-11-21 10:46:18,Cau Sai Gon,Quan 2 ,10.798986343749618,106.72697056646841,45,45,1.0
2025-11-21 10:46:30,Cau Phu My,Q2,10.741860769464234,106.73790365482627,45,45,1.0
2025-11-21 10:46:42,Cau Kenh Te,Q4,10.752408891679814,106.7022703818112,26,32,1.0
2025-11-21 10:46:43,Cau Thu Thiem,Quan 2,10.786216596454727,106.71836665482695,40,40,1.0
2025-11-21 10:46:43,Nguyen Huu Canh,Binh Thanh,10.78948793356203,106.71518838181179,36,36,1.0
2025-11-21 10:46:44,Cong Hoa,Tan Binh,10.80223925742187,106.6478722259914,31,40,1.0
2025-11-21 10:46:45,Truong Son / Tan Son Nhat Blvd,Gan san bay,10.813928881466124,106.66511432455972,19,33,1.0
2025-11-21 10:46:46,Nguyen Trai,Quan 5,10.755608615763382,106.67347943578082,18,28,0.998951
2025-11-21 10:46:47,Le Duan,Quan 1,10.782680856341083,106.70051548181169,18,30,1.0
2025-11-21 10:46:54,Tran Hung Dao ,Quan 5,10.754895139302109,106.67839188181134,21,33,1.0
2025-11-21 10:47:06,Tran Quoc Thao,Quan 3,10.785070445194592,106.68331340921323,16,27,1.0
2025-11-21 10:47:18,Tran Hung Dao,Quan 5,10.7549373008113,106.67848844133415,21,33,1.0
2025-11-21 10:47:18,Cach Mang Thang 8 (CMT8),Quan 3,10.77898143649726,106.67684447140958,21,34,1.0
2025-11-21 10:47:19,Pham Ngu Lao / Bui Vien,Quan 1,10.767112828386699,106.6927618222887,11,19,1.0
2025-11-21 10:47:20,Nguyen Thi Minh Khai,Quan 3,10.77847212665258,106.69389510879643,27,41,1.0
2025-11-21 10:47:21,Nguyen Van Troi,Phu Nhuan,10.796057790235078,106.67492629345334,19,34,1.0
2025-11-21 10:47:22,Pham Van Dong,Go Vap,10.835298215641501,106.72935479345391,33,42,0.997649
2025-11-21 10:47:23,Cong truong lam son,Quan 1,10.777562007197462,106.7041335430398,18,30,1.0
2025-11-21 10:47:35,Nguyen Oanh ,Go Vap,10.83886351241477,106.67566625482782,27,35,0.997228
2025-11-21 10:47:47,Le Hong Phong,Quan 10,10.765187049751795,106.67550552599073,27,35,1.0
2025-11-21 10:47:48,Nguyen Van Cu,Quan 5,10.759484371982321,106.6840537511244,18,27,1.0
2025-11-21 10:47:49,Nga tu Binh Phuoc,Ngoai o,10.865229381280965,106.72366973948475,35,49,1.0
2025-11-21 10:47:50,Phu My Hung ,Quan 7,10.72279213640514,106.72808623948244,26,36,0.998218
2025-11-21 10:47:51,Nguyen Thai Son,Phu Nhuan,10.823400120373712,106.68551227436063,21,31,1.0
2025-11-21 10:47:52,An Duong Vuong,Quan 8,10.756158554057757,106.66631758181126,17,29,1.0
2025-11-21 10:48:03,Huynh Tan Phat,Nha Be,10.7144382088356,106.73711688366167,26,35,1.0
2025-11-21 10:48:15,Truong Chinh,Tan Binh ,10.817236653231737,106.63191539530457,21,35,1.0
2025-11-21 10:50:28,Cho Ben Thanh,Quan 1,10.772727584493625,106.69804225297563,13,25,0.993696
2025-11-21 10:50:41,Duong Nguyen Hue,Quan 1,10.774028664434528,106.70357076461706,19,28,1.0
2025-11-21 10:50:42,Nguyen Van Linh,Quan 7,10.752616652291238,106.72509685338922,39,39,1.0
2025-11-21 10:50:43,Vo Van Kiet,Quan 5,10.745754766198267,106.65326266831877,36,42,1.0
2025-11-21 10:50:43,Xa lo Ha Noi,QL1A,10.94927106740351,106.87196348224562,25,41,1.0
2025-11-21 10:50:44,Duong Dien Bien Phu,Quan 1,10.78866360854368,106.69551372228901,33,41,1.0
2025-11-21 10:50:45,Nga tu Hang Xanh,Binh Thanh,10.801406421807085,106.71148440879679,33,41,1.0
2025-11-21 10:50:54,Nga tu An Suong,Hoc Mon,10.843150534972033,106.6151343241409,22,35,1.0
2025-11-21 10:51:06,Ben xe Mien Dong,Quan 9,10.880537767027526,106.81481342866444,43,52,1.0
2025-11-21 10:51:07,Ben xe Mien Tay,Binh Tan,10.740840166521663,106.61899246873142,25,35,1.0
2025-11-21 10:51:08,Cau Sai Gon,Quan 2 ,10.798986343749618,106.72697056646841,45,45,1.0
2025-11-21 10:51:09,Cau Phu My,Q2,10.741860769464234,106.73790365482627,45,45,1.0
2025-11-21 10:51:10,Cau Kenh Te,Q4,10.752408891679814,106.7022703818112,25,34,1.0
2025-11-21 10:51:11,Cau Thu Thiem,Quan 2,10.786216596454727,106.71836665482695,40,40,1.0
2025-11-21 10:51:18,Nguyen Huu Canh,Binh Thanh,10.78948793356203,106.71518838181179,36,36,1.0
2025-11-21 10:51:19,Cong Hoa,Tan Binh,10.80223925742187,106.6478722259914,32,41,1.0
2025-11-21 10:51:20,Truong Son / Tan Son Nhat Blvd,Gan san bay,10.813928881466124,106.66511432455972,20,33,0.999242
2025-11-21 10:51:20,Nguyen Trai,Quan 5,10.755608615763382,106.67347943578082,16,28,1.0
2025-11-21 10:51:21,Le Duan,Quan 1,10.782680856341083,106.70051548181169,17,30,1.0
2025-11-21 10:51:22,Tran Hung Dao ,Quan 5,10.754895139302109,106.67839188181134,19,32,1.0
2025-11-21 10:51:30,Tran Quoc Thao,Quan 3,10.785070445194592,106.68331340921323,16,27,1.0
2025-11-21 10:51:42,Tran Hung Dao,Quan 5,10.7549373008113,106.67848844133415,20,32,1.0
2025-11-21 10:51:43,Cach Mang Thang 8 (CMT8),Quan 3,10.77898143649726,106.67684447140958,22,34,1.0
2025-11-21 10:51:44,Pham Ngu Lao / Bui Vien,Quan 1,10.767112828386699,106.6927618222887,15,19,1.0
2025-11-21 10:51:44,Nguyen Thi Minh Khai,Quan 3,10.77847212665258,106.69389510879643,27,42,1.0
2025-11-21 10:51:45,Nguyen Van Troi,Phu Nhuan,10.796057790235078,106.67492629345334,20,34,1.0
2025-11-21 10:51:46,Pham Van Dong,Go Vap,10.835298215641501,106.72935479345391,35,42,0.998349
2025-11-21 10:51:58,Cong truong lam son,Quan 1,10.777562007197462,106.7041335430398,17,30,1.0
2025-11-21 10:52:10,Nguyen Oanh ,Go Vap,10.83886351241477,106.67566625482782,36,36,1.0
2025-11-21 10:52:11,Le Hong Phong,Quan 10,10.765187049751795,106.67550552599073,22,36,1.0
2025-11-21 10:52:12,Nguyen Van Cu,Quan 5,10.759484371982321,106.6840537511244,15,27,1.0
2025-11-21 10:52:13,Nga tu Binh Phuoc,Ngoai o,10.865229381280965,106.72366973948475,35,49,1.0
2025-11-21 10:52:14,Phu My Hung ,Quan 7,10.72279213640514,106.72808623948244,28,37,0.997703
2025-11-21 10:52:15,Nguyen Thai Son,Phu Nhuan,10.823400120373712,106.68551227436063,25,31,1.0
2025-11-21 10:52:22,An Duong Vuong,Quan 8,10.756158554057757,106.66631758181126,17,29,1.0
2025-11-21 10:52:23,Huynh Tan Phat,Nha Be,10.7144382088356,106.73711688366167,25,35,1.0
2025-11-21 10:52:24,Truong Chinh,Tan Binh ,10.817236653231737,106.63191539530457,21,35,1.0
2025-11-21 10:54:25,Cho Ben Thanh,Quan 1,10.772727584493625,106.69804225297563,16,24,0.996295
2025-11-21 10:54:26,Duong Nguyen Hue,Quan 1,10.774028664434528,106.70357076461706,29,29,1.0
2025-11-21 10:54:27,Nguyen Van Linh,Quan 7,10.752616652291238,106.72509685338922,39,39,1.0
2025-11-21 10:54:39,Vo Van Kiet,Quan 5,10.745754766198267,106.65326266831877,42,42,1.0
2025-11-21 10:54:51,Xa lo Ha Noi,QL1A,10.94927106740351,106.87196348224562,42,42,1.0
2025-11-21 10:54:52,Duong Dien Bien Phu,Quan 1,10.78866360854368,106.69551372228901,34,42,1.0
2025-11-21 10:54:53,Nga tu Hang Xanh,Binh Thanh,10.801406421807085,106.71148440879679,34,42,1.0
2025-11-21 10:54:54,Nga tu An Suong,Hoc Mon,10.843150534972033,106.6151343241409,22,35,1.0
2025-11-21 10:54:55,Ben xe Mien Dong,Quan 9,10.880537767027526,106.81481342866444,42,53,1.0
2025-11-21 10:54:56,Ben xe Mien Tay,Binh Tan,10.740840166521663,106.61899246873142,25,36,1.0
2025-11-21 10:55:03,Cau Sai Gon,Quan 2 ,10.798986343749618,106.72697056646841,45,45,1.0
2025-11-21 10:55:15,Cau Phu My,Q2,10.741860769464234,106.73790365482627,37,44,1.0
2025-11-21 10:55:16,Cau Kenh Te,Q4,10.752408891679814,106.7022703818112,23,34,1.0
2025-11-21 10:55:17,Cau Thu Thiem,Quan 2,10.786216596454727,106.71836665482695,40,40,1.0
2025-11-21 10:55:18,Nguyen Huu Canh,Binh Thanh,10.78948793356203,106.71518838181179,36,36,1.0
2025-11-21 10:55:19,Cong Hoa,Tan Binh,10.80223925742187,106.6478722259914,26,41,1.0
2025-11-21 10:55:20,Truong Son / Tan Son Nhat Blvd,Gan san bay,10.813928881466124,106.66511432455972,21,34,0.998955
2025-11-21 10:55:20,Nguyen Trai,Quan 5,10.755608615763382,106.67347943578082,16,27,1.0
2025-11-21 10:55:21,Le Duan,Quan 1,10.782680856341083,106.70051548181169,16,30,1.0
2025-11-21 10:55:22,Tran Hung Dao ,Quan 5,10.754895139302109,106.67839188181134,20,33,1.0
2025-11-21 10:55:27,Tran Quoc Thao,Quan 3,10.785070445194592,106.68331340921323,14,28,1.0
2025-11-21 10:55:28,Tran Hung Dao,Quan 5,10.7549373008113,106.67848844133415,20,33,1.0
2025-11-21 10:55:29,Cach Mang Thang 8 (CMT8),Quan 3,10.77898143649726,106.67684447140958,23,34,1.0
2025-11-21 10:55:30,Pham Ngu Lao / Bui Vien,Quan 1,10.767112828386699,106.6927618222887,10,19,1.0
2025-11-21 10:55:31,Nguyen Thi Minh Khai,Quan 3,10.77847212665258,106.69389510879643,27,41,1.0
2025-11-21 10:55:32,Nguyen Van Troi,Phu Nhuan,10.796057790235078,106.67492629345334,21,34,0.998955
2025-11-21 10:55:39,Pham Van Dong,Go Vap,10.835298215641501,106.72935479345391,34,42,0.998774
2025-11-21 10:55:40,Cong truong lam son,Quan 1,10.777562007197462,106.7041335430398,16,30,1.0
2025-11-21 10:55:41,Nguyen Oanh ,Go Vap,10.83886351241477,106.67566625482782,28,35,1.0
2025-11-21 10:55:42,Le Hong Phong,Quan 10,10.765187049751795,106.67550552599073,26,36,1.0
2025-11-21 10:55:43,Nguyen Van Cu,Quan 5,10.759484371982321,106.6840537511244,16,27,1.0
2025-11-21 10:55:51,Nga tu Binh Phuoc,Ngoai o,10.865229381280965,106.72366973948475,35,49,1.0
2025-11-21 10:55:52,Phu My Hung ,Quan 7,10.72279213640514,106.72808623948244,27,37,0.998649
2025-11-21 10:55:53,Nguyen Thai Son,Phu Nhuan,10.823400120373712,106.68551227436063,32,32,1.0
2025-11-21 10:55:54,An Duong Vuong,Quan 8,10.756158554057757,106.66631758181126,19,29,1.0
2025-11-21 10:55:55,Huynh Tan Phat,Nha Be,10.7144382088356,106.73711688366167,24,35,1.0
2025-11-21 10:55:56,Truong Chinh,Tan Binh ,10.817236653231737,106.63191539530457,20,34,1.0
2025-11-21 10:58:08,Cho Ben Thanh,Quan 1,10.772727584493625,106.69804225297563,16,25,0.99753
2025-11-21 10:58:09,Duong Nguyen Hue,Quan 1,10.774028664434528,106.70357076461706,13,29,1.0
2025-11-21 10:58:10,Nguyen Van Linh,Quan 7,10.752616652291238,106.72509685338922,39,39,1.0
2025-11-21 10:58:11,Vo Van Kiet,Quan 5,10.745754766198267,106.65326266831877,36,42,1.0
2025-11-21 10:58:13,Xa lo Ha Noi,QL1A,10.94927106740351,106.87196348224562,30,42,1.0
2025-11-21 10:58:25,Duong Dien Bien Phu,Quan 1,10.78866360854368,106.69551372228901,32,42,1.0
2025-11-21 10:58:37,Nga tu Hang Xanh,Binh Thanh,10.801406421807085,106.71148440879679,32,42,1.0
2025-11-21 10:58:37,Nga tu An Suong,Hoc Mon,10.843150534972033,106.6151343241409,21,34,1.0
2025-11-21 10:58:38,Ben xe Mien Dong,Quan 9,10.880537767027526,106.81481342866444,41,53,1.0
2025-11-21 10:58:39,Ben xe Mien Tay,Binh Tan,10.740840166521663,106.61899246873142,25,35,1.0
2025-11-21 10:58:40,Cau Sai Gon,Quan 2 ,10.798986343749618,106.72697056646841,45,45,1.0
2025-11-21 10:58:41,Cau Phu My,Q2,10.741860769464234,106.73790365482627,45,45,1.0
2025-11-21 10:58:53,Cau Kenh Te,Q4,10.752408891679814,106.7022703818112,24,34,1.0
2025-11-21 10:59:05,Cau Thu Thiem,Quan 2,10.786216596454727,106.71836665482695,40,40,1.0
2025-11-21 10:59:17,Nguyen Huu Canh,Binh Thanh,10.78948793356203,106.71518838181179,36,36,1.0
2025-11-21 10:59:29,Cong Hoa,Tan Binh,10.80223925742187,106.6478722259914,28,41,1.0
2025-11-21 10:59:30,Truong Son / Tan Son Nhat Blvd,Gan san bay,10.813928881466124,106.66511432455972,20,33,1.0
2025-11-21 10:59:31,Nguyen Trai,Quan 5,10.755608615763382,106.67347943578082,17,28,1.0
2025-11-21 10:59:31,Le Duan,Quan 1,10.782680856341083,106.70051548181169,18,30,1.0
2025-11-21 10:59:32,Tran Hung Dao ,Quan 5,10.754895139302109,106.67839188181134,20,31,1.0
2025-11-21 10:59:45,Tran Quoc Thao,Quan 3,10.785070445194592,106.68331340921323,12,29,1.0
2025-11-21 10:59:57,Tran Hung Dao,Quan 5,10.7549373008113,106.67848844133415,20,31,1.0
2025-11-21 10:59:57,Cach Mang Thang 8 (CMT8),Quan 3,10.77898143649726,106.67684447140958,22,34,1.0
2025-11-21 11:00:09,Pham Ngu Lao / Bui Vien,Quan 1,10.767112828386699,106.6927618222887,14,19,1.0
2025-11-21 11:00:10,Nguyen Thi Minh Khai,Quan 3,10.77847212665258,106.69389510879643,26,41,1.0
2025-11-21 11:00:11,Nguyen Van Troi,Phu Nhuan,10.796057790235078,106.67492629345334,20,33,1.0
2025-11-21 11:00:12,Pham Van Dong,Go Vap,10.835298215641501,106.72935479345391,33,42,0.998418
2025-11-21 11:00:13,Cong truong lam son,Quan 1,10.777562007197462,106.7041335430398,18,30,1.0
2025-11-21 11:00:14,Nguyen Oanh ,Go Vap,10.83886351241477,106.67566625482782,29,36,0.997426
2025-11-21 11:00:21,Le Hong Phong,Quan 10,10.765187049751795,106.67550552599073,21,35,1.0
2025-11-21 11:00:22,Nguyen Van Cu,Quan 5,10.759484371982321,106.6840537511244,17,28,1.0
2025-11-21 11:00:23,Nga tu Binh Phuoc,Ngoai o,10.865229381280965,106.72366973948475,35,49,1.0
2025-11-21 11:00:24,Phu My Hung ,Quan 7,10.72279213640514,106.72808623948244,26,37,0.997902
2025-11-21 11:00:25,Nguyen Thai Son,Phu Nhuan,10.823400120373712,106.68551227436063,25,32,1.0
2025-11-21 11:00:26,An Duong Vuong,Quan 8,10.756158554057757,106.66631758181126,20,29,1.0
2025-11-21 11:00:38,Huynh Tan Phat,Nha Be,10.7144382088356,106.73711688366167,25,35,1.0
2025-11-21 11:00:39,Truong Chinh,Tan Binh ,10.817236653231737,106.63191539530457,21,35,1.0
2025-11-21 11:02:51,Cho Ben Thanh,Quan 1,10.772727584493625,106.69804225297563,15,25,0.99753
2025-11-21 11:02:52,Duong Nguyen Hue,Quan 1,10.774028664434528,106.70357076461706,20,28,1.0
2025-11-21 11:02:53,Nguyen Van Linh,Quan 7,10.752616652291238,106.72509685338922,39,39,1.0
2025-11-21 11:02:54,Vo Van Kiet,Quan 5,10.745754766198267,106.65326266831877,34,42,1.0
2025-11-21 11:02:55,Xa lo Ha Noi,QL1A,10.94927106740351,106.87196348224562,34,41,1.0
2025-11-21 11:03:07,Duong Dien Bien Phu,Quan 1,10.78866360854368,106.69551372228901,34,42,1.0
2025-11-21 11:03:08,Nga tu Hang Xanh,Binh Thanh,10.801406421807085,106.71148440879679,34,42,1.0
2025-11-21 11:03:09,Nga tu An Suong,Hoc Mon,10.843150534972033,106.6151343241409,21,35,1.0
2025-11-21 11:03:10,Ben xe Mien Dong,Quan 9,10.880537767027526,106.81481342866444,41,53,1.0
2025-11-21 11:03:11,Ben xe Mien Tay,Binh Tan,10.740840166521663,106.61899246873142,24,35,1.0
2025-11-21 11:03:12,Cau Sai Gon,Quan 2 ,10.798986343749618,106.72697056646841,45,45,1.0
2025-11-21 11:03:12,Cau Phu My,Q2,10.741860769464234,106.73790365482627,45,45,1.0
2025-11-21 11:03:13,Cau Kenh Te,Q4,10.752408891679814,106.7022703818112,25,33,1.0
2025-11-21 11:03:14,Cau Thu Thiem,Quan 2,10.786216596454727,106.71836665482695,40,40,1.0
2025-11-21 11:03:15,Nguyen Huu Canh,Binh Thanh,10.78948793356203,106.71518838181179,36,36,1.0
2025-11-21 11:03:27,Cong Hoa,Tan Binh,10.80223925742187,106.6478722259914,29,40,1.0
2025-11-21 11:03:39,Truong Son / Tan Son Nhat Blvd,Gan san bay,10.813928881466124,106.66511432455972,20,34,0.998691
2025-11-21 11:03:40,Nguyen Trai,Quan 5,10.755608615763382,106.67347943578082,16,27,1.0
2025-11-21 11:03:41,Le Duan,Quan 1,10.782680856341083,106.70051548181169,18,30,1.0
2025-11-21 11:03:42,Tran Hung Dao ,Quan 5,10.754895139302109,106.67839188181134,22,33,1.0
2025-11-21 11:03:43,Tran Quoc Thao,Quan 3,10.785070445194592,106.68331340921323,20,28,1.0
2025-11-21 11:03:44,Tran Hung Dao,Quan 5,10.7549373008113,106.67848844133415,22,33,1.0
2025-11-21 11:03:56,Cach Mang Thang 8 (CMT8),Quan 3,10.77898143649726,106.67684447140958,22,34,1.0
2025-11-21 11:04:08,Pham Ngu Lao / Bui Vien,Quan 1,10.767112828386699,106.6927618222887,20,20,1.0
2025-11-21 11:04:21,Nguyen Thi Minh Khai,Quan 3,10.77847212665258,106.69389510879643,27,42,1.0
2025-11-21 11:04:22,Nguyen Van Troi,Phu Nhuan,10.796057790235078,106.67492629345334,19,34,1.0
2025-11-21 11:04:22,Pham Van Dong,Go Vap,10.835298215641501,106.72935479345391,34,43,0.998495
2025-11-21 11:04:23,Cong truong lam son,Quan 1,10.777562007197462,106.7041335430398,18,30,1.0
2025-11-21 11:04:24,Nguyen Oanh ,Go Vap,10.83886351241477,106.67566625482782,27,36,1.0
2025-11-21 11:04:25,Le Hong Phong,Quan 10,10.765187049751795,106.67550552599073,16,35,1.0
2025-11-21 11:04:38,Nguyen Van Cu,Quan 5,10.759484371982321,106.6840537511244,16,27,1.0
2025-11-21 11:04:51,Nga tu Binh Phuoc,Ngoai o,10.865229381280965,106.72366973948475,35,49,1.0
2025-11-21 11:04:52,Phu My Hung ,Quan 7,10.72279213640514,106.72808623948244,26,37,0.99837
2025-11-21 11:04:53,Nguyen Thai Son,Phu Nhuan,10.823400120373712,106.68551227436063,23,32,1.0
2025-11-21 11:04:54,An Duong Vuong,Quan 8,10.756158554057757,106.66631758181126,20,29,1.0
2025-11-21 11:04:55,Huynh Tan Phat,Nha Be,10.7144382088356,106.73711688366167,24,35,1.0
2025-11-21 11:04:55,Truong Chinh,Tan Binh ,10.817236653231737,106.63191539530457,21,35,1.0
2025-11-21 11:07:07,Cho Ben Thanh,Quan 1,10.772727584493625,106.69804225297563,15,24,0.993099
2025-11-21 11:07:08,Duong Nguyen Hue,Quan 1,10.774028664434528,106.70357076461706,19,28,1.0
2025-11-21 11:07:09,Nguyen Van Linh,Quan 7,10.752616652291238,106.72509685338922,39,39,1.0
2025-11-21 11:07:10,Vo Van Kiet,Quan 5,10.745754766198267,106.65326266831877,34,42,1.0
2025-11-21 11:07:11,Xa lo Ha Noi,QL1A,10.94927106740351,106.87196348224562,30,42,1.0
2025-11-21 11:07:23,Duong Dien Bien Phu,Quan 1,10.78866360854368,106.69551372228901,32,42,1.0
2025-11-21 11:07:36,Nga tu Hang Xanh,Binh Thanh,10.801406421807085,106.71148440879679,32,42,1.0
2025-11-21 11:07:47,Nga tu An Suong,Hoc Mon,10.843150534972033,106.6151343241409,21,35,1.0
2025-11-21 11:07:48,Ben xe Mien Dong,Quan 9,10.880537767027526,106.81481342866444,42,53,1.0
2025-11-21 11:07:49,Ben xe Mien Tay,Binh Tan,10.740840166521663,106.61899246873142,24,35,1.0
2025-11-21 11:07:50,Cau Sai Gon,Quan 2 ,10.798986343749618,106.72697056646841,45,45,1.0
2025-11-21 11:07:51,Cau Phu My,Q2,10.741860769464234,106.73790365482627,45,45,1.0
2025-11-21 11:07:52,Cau Kenh Te,Q4,10.752408891679814,106.7022703818112,24,34,1.0
2025-11-21 11:07:59,Cau Thu Thiem,Quan 2,10.786216596454727,106.71836665482695,40,40,1.0
2025-11-21 11:08:12,Nguyen Huu Canh,Binh Thanh,10.78948793356203,106.71518838181179,36,36,1.0
2025-11-21 11:08:24,Cong Hoa,Tan Binh,10.80223925742187,106.6478722259914,26,40,1.0
2025-11-21 11:08:24,Truong Son / Tan Son Nhat Blvd,Gan san bay,10.813928881466124,106.66511432455972,21,34,0.999523
2025-11-21 11:08:25,Nguyen Trai,Quan 5,10.755608615763382,106.67347943578082,13,27,1.0
2025-11-21 11:08:26,Le Duan,Quan 1,10.782680856341083,106.70051548181169,18,30,1.0
2025-11-21 11:08:27,Tran Hung Dao ,Quan 5,10.754895139302109,106.67839188181134,20,33,1.0
2025-11-21 11:08:28,Tran Quoc Thao,Quan 3,10.785070445194592,106.68331340921323,15,27,1.0
2025-11-21 11:08:40,Tran Hung Dao,Quan 5,10.7549373008113,106.67848844133415,20,32,1.0
2025-11-21 11:08:52,Cach Mang Thang 8 (CMT8),Quan 3,10.77898143649726,106.67684447140958,23,34,1.0
2025-11-21 11:08:53,Pham Ngu Lao / Bui Vien,Quan 1,10.767112828386699,106.6927618222887,20,20,1.0
2025-11-21 11:08:54,Nguyen Thi Minh Khai,Quan 3,10.77847212665258,106.69389510879643,27,41,1.0
2025-11-21 11:08:55,Nguyen Van Troi,Phu Nhuan,10.796057790235078,106.67492629345334,20,34,0.999244
2025-11-21 11:08:56,Pham Van Dong,Go Vap,10.835298215641501,106.72935479345391,33,42,0.998142
2025-11-21 11:08:56,Cong truong lam son,Quan 1,10.777562007197462,106.7041335430398,17,30,1.0
2025-11-21 11:09:08,Nguyen Oanh ,Go Vap,10.83886351241477,106.67566625482782,26,35,1.0
2025-11-21 11:09:09,Le Hong Phong,Quan 10,10.765187049751795,106.67550552599073,20,35,1.0
2025-11-21 11:09:10,Nguyen Van Cu,Quan 5,10.759484371982321,106.6840537511244,16,27,1.0
2025-11-21 11:09:11,Nga tu Binh Phuoc,Ngoai o,10.865229381280965,106.72366973948475,35,49,1.0
2025-11-21 11:09:12,Phu My Hung ,Quan 7,10.72279213640514,106.72808623948244,25,37,0.99793
2025-11-21 11:09:13,Nguyen Thai Son,Phu Nhuan,10.823400120373712,106.68551227436063,20,31,1.0
2025-11-21 11:09:20,An Duong Vuong,Quan 8,10.756158554057757,106.66631758181126,20,29,1.0
2025-11-21 11:09:21,Huynh Tan Phat,Nha Be,10.7144382088356,106.73711688366167,25,35,1.0
2025-11-21 11:09:22,Truong Chinh,Tan Binh ,10.817236653231737,106.63191539530457,21,35,1.0
2025-11-21 11:11:23,Cho Ben Thanh,Quan 1,10.772727584493625,106.69804225297563,14,25,0.993696
2025-11-21 11:11:24,Duong Nguyen Hue,Quan 1,10.774028664434528,106.70357076461706,29,29,1.0
2025-11-21 11:11:25,Nguyen Van Linh,Quan 7,10.752616652291238,106.72509685338922,39,39,1.0
2025-11-21 11:11:26,Vo Van Kiet,Quan 5,10.745754766198267,106.65326266831877,36,42,1.0
2025-11-21 11:11:27,Xa lo Ha Noi,QL1A,10.94927106740351,106.87196348224562,42,42,1.0
2025-11-21 11:11:28,Duong Dien Bien Phu,Quan 1,10.78866360854368,106.69551372228901,33,42,1.0
2025-11-21 11:11:40,Nga tu Hang Xanh,Binh Thanh,10.801406421807085,106.71148440879679,33,42,1.0
2025-11-21 11:11:52,Nga tu An Suong,Hoc Mon,10.843150534972033,106.6151343241409,21,35,1.0
2025-11-21 11:11:53,Ben xe Mien Dong,Quan 9,10.880537767027526,106.81481342866444,40,53,1.0
2025-11-21 11:11:54,Ben xe Mien Tay,Binh Tan,10.740840166521663,106.61899246873142,24,35,1.0
2025-11-21 11:11:54,Cau Sai Gon,Quan 2 ,10.798986343749618,106.72697056646841,45,45,1.0
2025-11-21 11:11:55,Cau Phu My,Q2,10.741860769464234,106.73790365482627,45,45,1.0
2025-11-21 11:11:56,Cau Kenh Te,Q4,10.752408891679814,106.7022703818112,24,33,1.0
2025-11-21 11:12:04,Cau Thu Thiem,Quan 2,10.786216596454727,106.71836665482695,40,40,1.0
2025-11-21 11:12:16,Nguyen Huu Canh,Binh Thanh,10.78948793356203,106.71518838181179,28,35,1.0
2025-11-21 11:12:17,Cong Hoa,Tan Binh,10.80223925742187,106.6478722259914,27,41,1.0
2025-11-21 11:12:18,Truong Son / Tan Son Nhat Blvd,Gan san bay,10.813928881466124,106.66511432455972,21,33,0.998691
2025-11-21 11:12:18,Nguyen Trai,Quan 5,10.755608615763382,106.67347943578082,17,28,1.0
2025-11-21 11:12:19,Le Duan,Quan 1,10.782680856341083,106.70051548181169,17,30,1.0
2025-11-21 11:12:20,Tran Hung Dao ,Quan 5,10.754895139302109,106.67839188181134,21,32,1.0
2025-11-21 11:12:28,Tran Quoc Thao,Quan 3,10.785070445194592,106.68331340921323,17,28,1.0
2025-11-21 11:12:40,Tran Hung Dao,Quan 5,10.7549373008113,106.67848844133415,22,32,1.0
2025-11-21 11:12:41,Cach Mang Thang 8 (CMT8),Quan 3,10.77898143649726,106.67684447140958,22,34,1.0
2025-11-21 11:12:41,Pham Ngu Lao / Bui Vien,Quan 1,10.767112828386699,106.6927618222887,15,20,1.0
2025-11-21 11:12:42,Nguyen Thi Minh Khai,Quan 3,10.77847212665258,106.69389510879643,26,41,1.0
2025-11-21 11:12:43,Nguyen Van Troi,Phu Nhuan,10.796057790235078,106.67492629345334,20,33,0.998209
2025-11-21 11:12:44,Pham Van Dong,Go Vap,10.835298215641501,106.72935479345391,33,42,0.998142
2025-11-21 11:12:45,Cong truong lam son,Quan 1,10.777562007197462,106.7041335430398,17,30,1.0
2025-11-21 11:12:46,Nguyen Oanh ,Go Vap,10.83886351241477,106.67566625482782,26,36,0.998079
2025-11-21 11:12:47,Le Hong Phong,Quan 10,10.765187049751795,106.67550552599073,21,35,1.0
2025-11-21 11:12:48,Nguyen Van Cu,Quan 5,10.759484371982321,106.6840537511244,15,28,1.0
2025-11-21 11:13:00,Nga tu Binh Phuoc,Ngoai o,10.865229381280965,106.72366973948475,35,49,1.0
2025-11-21 11:13:12,Phu My Hung ,Quan 7,10.72279213640514,106.72808623948244,25,37,0.99793
2025-11-21 11:13:24,Nguyen Thai Son,Phu Nhuan,10.823400120373712,106.68551227436063,23,32,1.0
2025-11-21 11:13:25,An Duong Vuong,Quan 8,10.756158554057757,106.66631758181126,18,29,1.0
2025-11-21 11:13:26,Huynh Tan Phat,Nha Be,10.7144382088356,106.73711688366167,24,35,1.0
2025-11-21 11:13:27,Truong Chinh,Tan Binh ,10.817236653231737,106.63191539530457,21,35,1.0
2025-11-21 11:15:28,Cho Ben Thanh,Quan 1,10.772727584493625,106.69804225297563,15,23,0.967696
2025-11-21 11:15:29,Duong Nguyen Hue,Quan 1,10.774028664434528,106.70357076461706,23,28,1.0
2025-11-21 11:15:29,Nguyen Van Linh,Quan 7,10.752616652291238,106.72509685338922,39,39,1.0
2025-11-21 11:15:30,Vo Van Kiet,Quan 5,10.745754766198267,106.65326266831877,36,43,1.0
2025-11-21 11:15:31,Xa lo Ha Noi,QL1A,10.94927106740351,106.87196348224562,29,41,1.0
2025-11-21 11:15:44,Duong Dien Bien Phu,Quan 1,10.78866360854368,106.69551372228901,33,41,1.0
2025-11-21 11:15:55,Nga tu Hang Xanh,Binh Thanh,10.801406421807085,106.71148440879679,33,41,1.0
2025-11-21 11:15:56,Nga tu An Suong,Hoc Mon,10.843150534972033,106.6151343241409,22,35,1.0
2025-11-21 11:15:57,Ben xe Mien Dong,Quan 9,10.880537767027526,106.81481342866444,41,53,1.0
2025-11-21 11:15:58,Ben xe Mien Tay,Binh Tan,10.740840166521663,106.61899246873142,25,35,1.0
2025-11-21 11:15:59,Cau Sai Gon,Quan 2 ,10.798986343749618,106.72697056646841,45,45,1.0
2025-11-21 11:16:11,Cau Phu My,Q2,10.741860769464234,106.73790365482627,45,45,1.0
2025-11-21 11:16:23,Cau Kenh Te,Q4,10.752408891679814,106.7022703818112,23,34,1.0
2025-11-21 11:16:24,Cau Thu Thiem,Quan 2,10.786216596454727,106.71836665482695,40,40,1.0
2025-11-21 11:16:36,Nguyen Huu Canh,Binh Thanh,10.78948793356203,106.71518838181179,36,36,1.0
2025-11-21 11:16:37,Cong Hoa,Tan Binh,10.80223925742187,106.6478722259914,27,41,1.0
2025-11-21 11:16:59,Truong Son / Tan Son Nhat Blvd,Gan san bay,10.813928881466124,106.66511432455972,22,34,0.997652
2025-11-21 11:17:00,Nguyen Trai,Quan 5,10.755608615763382,106.67347943578082,13,27,1.0
2025-11-21 11:17:01,Le Duan,Quan 1,10.782680856341083,106.70051548181169,16,30,1.0
2025-11-21 11:17:02,Tran Hung Dao ,Quan 5,10.754895139302109,106.67839188181134,20,33,1.0
2025-11-21 11:17:03,Tran Quoc Thao,Quan 3,10.785070445194592,106.68331340921323,14,27,1.0
2025-11-21 11:17:04,Tran Hung Dao,Quan 5,10.7549373008113,106.67848844133415,20,33,1.0
2025-11-21 11:17:16,Cach Mang Thang 8 (CMT8),Quan 3,10.77898143649726,106.67684447140958,22,34,1.0
2025-11-21 11:17:27,Pham Ngu Lao / Bui Vien,Quan 1,10.767112828386699,106.6927618222887,9,20,1.0
2025-11-21 11:17:28,Nguyen Thi Minh Khai,Quan 3,10.77847212665258,106.69389510879643,26,42,1.0
2025-11-21 11:17:40,Nguyen Van Troi,Phu Nhuan,10.796057790235078,106.67492629345334,21,34,0.997919
2025-11-21 11:17:52,Pham Van Dong,Go Vap,10.835298215641501,106.72935479345391,35,42,0.998137
2025-11-21 11:17:53,Cong truong lam son,Quan 1,10.777562007197462,106.7041335430398,16,30,1.0
2025-11-21 11:17:54,Nguyen Oanh ,Go Vap,10.83886351241477,106.67566625482782,27,36,0.99722
2025-11-21 11:17:55,Le Hong Phong,Quan 10,10.765187049751795,106.67550552599073,24,36,1.0
2025-11-21 11:17:56,Nguyen Van Cu,Quan 5,10.759484371982321,106.6840537511244,14,29,1.0
2025-11-21 11:17:57,Nga tu Binh Phuoc,Ngoai o,10.865229381280965,106.72366973948475,36,49,1.0
2025-11-21 11:18:04,Phu My Hung ,Quan 7,10.72279213640514,106.72808623948244,25,37,0.998603
2025-11-21 11:18:16,Nguyen Thai Son,Phu Nhuan,10.823400120373712,106.68551227436063,22,32,1.0
2025-11-21 11:18:17,An Duong Vuong,Quan 8,10.756158554057757,106.66631758181126,19,29,1.0
2025-11-21 11:18:39,Huynh Tan Phat,Nha Be,10.7144382088356,106.73711688366167,25,35,1.0
2025-11-21 11:18:51,Truong Chinh,Tan Binh ,10.817236653231737,106.63191539530457,21,34,1.0
2025-11-21 11:21:04,Cho Ben Thanh,Quan 1,10.772727584493625,106.69804225297563,13,23,0.967696
2025-11-21 11:21:05,Duong Nguyen Hue,Quan 1,10.774028664434528,106.70357076461706,20,28,1.0
2025-11-21 11:21:06,Nguyen Van Linh,Quan 7,10.752616652291238,106.72509685338922,39,39,1.0
2025-11-21 11:21:07,Vo Van Kiet,Quan 5,10.745754766198267,106.65326266831877,35,43,1.0
2025-11-21 11:21:08,Xa lo Ha Noi,QL1A,10.94927106740351,106.87196348224562,42,42,1.0
2025-11-21 11:21:09,Duong Dien Bien Phu,Quan 1,10.78866360854368,106.69551372228901,33,41,1.0
2025-11-21 11:21:22,Nga tu Hang Xanh,Binh Thanh,10.801406421807085,106.71148440879679,33,41,1.0
2025-11-21 11:21:35,Nga tu An Suong,Hoc Mon,10.843150534972033,106.6151343241409,22,35,1.0
2025-11-21 11:21:47,Ben xe Mien Dong,Quan 9,10.880537767027526,106.81481342866444,41,53,1.0
2025-11-21 11:21:59,Ben xe Mien Tay,Binh Tan,10.740840166521663,106.61899246873142,26,35,1.0
2025-11-21 11:22:11,Cau Sai Gon,Quan 2 ,10.798986343749618,106.72697056646841,45,45,1.0
2025-11-21 11:22:12,Cau Phu My,Q2,10.741860769464234,106.73790365482627,45,45,1.0
2025-11-21 11:22:13,Cau Kenh Te,Q4,10.752408891679814,106.7022703818112,26,34,1.0
2025-11-21 11:22:14,Cau Thu Thiem,Quan 2,10.786216596454727,106.71836665482695,40,40,1.0
2025-11-21 11:22:15,Nguyen Huu Canh,Binh Thanh,10.78948793356203,106.71518838181179,36,36,1.0
2025-11-21 11:22:16,Cong Hoa,Tan Binh,10.80223925742187,106.6478722259914,27,41,1.0
2025-11-21 11:22:16,Truong Son / Tan Son Nhat Blvd,Gan san bay,10.813928881466124,106.66511432455972,20,34,0.998691
2025-11-21 11:22:17,Nguyen Trai,Quan 5,10.755608615763382,106.67347943578082,16,27,1.0
2025-11-21 11:22:18,Le Duan,Quan 1,10.782680856341083,106.70051548181169,18,30,1.0
2025-11-21 11:22:19,Tran Hung Dao ,Quan 5,10.754895139302109,106.67839188181134,20,33,1.0
2025-11-21 11:22:20,Tran Quoc Thao,Quan 3,10.785070445194592,106.68331340921323,14,27,1.0
2025-11-21 11:22:21,Tran Hung Dao,Quan 5,10.7549373008113,106.67848844133415,20,33,1.0
2025-11-21 11:22:22,Cach Mang Thang 8 (CMT8),Quan 3,10.77898143649726,106.67684447140958,23,34,1.0
2025-11-21 11:22:23,Pham Ngu Lao / Bui Vien,Quan 1,10.767112828386699,106.6927618222887,11,20,1.0
2025-11-21 11:22:24,Nguyen Thi Minh Khai,Quan 3,10.77847212665258,106.69389510879643,27,41,1.0
2025-11-21 11:22:25,Nguyen Van Troi,Phu Nhuan,10.796057790235078,106.67492629345334,20,34,0.998691
2025-11-21 11:22:26,Pham Van Dong,Go Vap,10.835298215641501,106.72935479345391,34,42,0.995842
2025-11-21 11:22:26,Cong truong lam son,Quan 1,10.777562007197462,106.7041335430398,18,30,1.0
2025-11-21 11:22:28,Nguyen Oanh ,Go Vap,10.83886351241477,106.67566625482782,28,35,1.0
2025-11-21 11:22:29,Le Hong Phong,Quan 10,10.765187049751795,106.67550552599073,24,35,1.0
2025-11-21 11:22:29,Nguyen Van Cu,Quan 5,10.759484371982321,106.6840537511244,16,27,1.0
2025-11-21 11:22:30,Nga tu Binh Phuoc,Ngoai o,10.865229381280965,106.72366973948475,36,49,1.0
2025-11-21 11:22:31,Phu My Hung ,Quan 7,10.72279213640514,106.72808623948244,26,37,0.998476
2025-11-21 11:22:43,Nguyen Thai Son,Phu Nhuan,10.823400120373712,106.68551227436063,25,31,1.0
2025-11-21 11:22:44,An Duong Vuong,Quan 8,10.756158554057757,106.66631758181126,14,29,1.0
2025-11-21 11:22:55,Huynh Tan Phat,Nha Be,10.7144382088356,106.73711688366167,25,35,1.0
2025-11-21 11:23:07,Truong Chinh,Tan Binh ,10.817236653231737,106.63191539530457,22,35,1.0
2025-11-21 11:25:19,Cho Ben Thanh,Quan 1,10.772727584493625,106.69804225297563,15,23,0.967696
2025-11-21 11:25:20,Duong Nguyen Hue,Quan 1,10.774028664434528,106.70357076461706,21,27,1.0
2025-11-21 11:25:21,Nguyen Van Linh,Quan 7,10.752616652291238,106.72509685338922,39,39,1.0
2025-11-21 11:25:22,Vo Van Kiet,Quan 5,10.745754766198267,106.65326266831877,42,42,1.0
2025-11-21 11:25:23,Xa lo Ha Noi,QL1A,10.94927106740351,106.87196348224562,29,41,1.0
2025-11-21 11:25:35,Duong Dien Bien Phu,Quan 1,10.78866360854368,106.69551372228901,33,42,1.0
2025-11-21 11:25:47,Nga tu Hang Xanh,Binh Thanh,10.801406421807085,106.71148440879679,33,42,1.0
2025-11-21 11:25:48,Nga tu An Suong,Hoc Mon,10.843150534972033,106.6151343241409,22,35,1.0
2025-11-21 11:25:49,Ben xe Mien Dong,Quan 9,10.880537767027526,106.81481342866444,43,53,1.0
2025-11-21 11:25:49,Ben xe Mien Tay,Binh Tan,10.740840166521663,106.61899246873142,25,35,1.0
2025-11-21 11:26:02,Cau Sai Gon,Quan 2 ,10.798986343749618,106.72697056646841,45,45,1.0
2025-11-21 11:26:14,Cau Phu My,Q2,10.741860769464234,106.73790365482627,45,45,1.0
2025-11-21 11:26:14,Cau Kenh Te,Q4,10.752408891679814,106.7022703818112,26,34,1.0
2025-11-21 11:26:15,Cau Thu Thiem,Quan 2,10.786216596454727,106.71836665482695,40,40,1.0
2025-11-21 11:26:16,Nguyen Huu Canh,Binh Thanh,10.78948793356203,106.71518838181179,36,36,1.0
2025-11-21 11:26:17,Cong Hoa,Tan Binh,10.80223925742187,106.6478722259914,27,41,1.0
2025-11-21 11:26:18,Truong Son / Tan Son Nhat Blvd,Gan san bay,10.813928881466124,106.66511432455972,21,34,0.999235
2025-11-21 11:26:19,Nguyen Trai,Quan 5,10.755608615763382,106.67347943578082,17,27,1.0
2025-11-21 11:26:20,Le Duan,Quan 1,10.782680856341083,106.70051548181169,18,30,1.0
2025-11-21 11:26:21,Tran Hung Dao ,Quan 5,10.754895139302109,106.67839188181134,19,32,1.0
2025-11-21 11:26:22,Tran Quoc Thao,Quan 3,10.785070445194592,106.68331340921323,14,27,1.0
2025-11-21 11:26:26,Tran Hung Dao,Quan 5,10.7549373008113,106.67848844133415,19,32,1.0
2025-11-21 11:26:27,Cach Mang Thang 8 (CMT8),Quan 3,10.77898143649726,106.67684447140958,21,34,1.0
2025-11-21 11:26:39,Pham Ngu Lao / Bui Vien,Quan 1,10.767112828386699,106.6927618222887,15,20,1.0
2025-11-21 11:26:51,Nguyen Thi Minh Khai,Quan 3,10.77847212665258,106.69389510879643,26,41,1.0
2025-11-21 11:26:52,Nguyen Van Troi,Phu Nhuan,10.796057790235078,106.67492629345334,21,34,0.999235
2025-11-21 11:26:53,Pham Van Dong,Go Vap,10.835298215641501,106.72935479345391,34,42,0.993126
2025-11-21 11:26:54,Cong truong lam son,Quan 1,10.777562007197462,106.7041335430398,19,30,1.0
2025-11-21 11:26:54,Nguyen Oanh ,Go Vap,10.83886351241477,106.67566625482782,26,36,1.0
2025-11-21 11:26:55,Le Hong Phong,Quan 10,10.765187049751795,106.67550552599073,24,35,1.0
2025-11-21 11:27:07,Nguyen Van Cu,Quan 5,10.759484371982321,106.6840537511244,18,28,1.0
2025-11-21 11:27:08,Nga tu Binh Phuoc,Ngoai o,10.865229381280965,106.72366973948475,35,49,1.0
2025-11-21 11:27:09,Phu My Hung ,Quan 7,10.72279213640514,106.72808623948244,26,37,0.998361
2025-11-21 11:27:10,Nguyen Thai Son,Phu Nhuan,10.823400120373712,106.68551227436063,26,31,1.0
2025-11-21 11:27:11,An Duong Vuong,Quan 8,10.756158554057757,106.66631758181126,17,29,1.0
2025-11-21 11:27:12,Huynh Tan Phat,Nha Be,10.7144382088356,106.73711688366167,26,35,1.0
2025-11-21 11:27:13,Truong Chinh,Tan Binh ,10.817236653231737,106.63191539530457,21,35,1.0
2025-11-21 11:29:25,Cho Ben Thanh,Quan 1,10.772727584493625,106.69804225297563,14,22,0.967696
2025-11-21 11:29:26,Duong Nguyen Hue,Quan 1,10.774028664434528,106.70357076461706,29,29,1.0
2025-11-21 11:29:27,Nguyen Van Linh,Quan 7,10.752616652291238,106.72509685338922,39,39,1.0
2025-11-21 11:29:28,Vo Van Kiet,Quan 5,10.745754766198267,106.65326266831877,35,43,1.0
2025-11-21 11:29:29,Xa lo Ha Noi,QL1A,10.94927106740351,106.87196348224562,32,41,1.0
2025-11-21 11:29:30,Duong Dien Bien Phu,Quan 1,10.78866360854368,106.69551372228901,30,42,1.0
2025-11-21 11:29:42,Nga tu Hang Xanh,Binh Thanh,10.801406421807085,106.71148440879679,30,41,1.0
2025-11-21 11:29:54,Nga tu An Suong,Hoc Mon,10.843150534972033,106.6151343241409,21,35,1.0
2025-11-21 11:29:55,Ben xe Mien Dong,Quan 9,10.880537767027526,106.81481342866444,43,53,1.0
2025-11-21 11:29:56,Ben xe Mien Tay,Binh Tan,10.740840166521663,106.61899246873142,25,35,1.0
2025-11-21 11:29:57,Cau Sai Gon,Quan 2 ,10.798986343749618,106.72697056646841,45,45,1.0
2025-11-21 11:29:58,Cau Phu My,Q2,10.741860769464234,106.73790365482627,45,45,1.0
2025-11-21 11:29:59,Cau Kenh Te,Q4,10.752408891679814,106.7022703818112,25,32,1.0
2025-11-21 11:30:11,Cau Thu Thiem,Quan 2,10.786216596454727,106.71836665482695,40,40,1.0
2025-11-21 11:30:23,Nguyen Huu Canh,Binh Thanh,10.78948793356203,106.71518838181179,36,36,1.0
2025-11-21 11:30:24,Cong Hoa,Tan Binh,10.80223925742187,106.6478722259914,31,41,1.0
2025-11-21 11:30:46,Truong Son / Tan Son Nhat Blvd,Gan san bay,10.813928881466124,106.66511432455972,21,33,1.0
2025-11-21 11:30:47,Nguyen Trai,Quan 5,10.755608615763382,106.67347943578082,19,27,1.0
2025-11-21 11:30:48,Le Duan,Quan 1,10.782680856341083,106.70051548181169,18,30,1.0
2025-11-21 11:30:48,Tran Hung Dao ,Quan 5,10.754895139302109,106.67839188181134,21,32,1.0
2025-11-21 11:30:49,Tran Quoc Thao,Quan 3,10.785070445194592,106.68331340921323,13,27,1.0
2025-11-21 11:31:01,Tran Hung Dao,Quan 5,10.7549373008113,106.67848844133415,21,32,1.0
2025-11-21 11:31:13,Cach Mang Thang 8 (CMT8),Quan 3,10.77898143649726,106.67684447140958,23,34,1.0
2025-11-21 11:31:14,Pham Ngu Lao / Bui Vien,Quan 1,10.767112828386699,106.6927618222887,20,20,1.0
2025-11-21 11:31:36,Nguyen Thi Minh Khai,Quan 3,10.77847212665258,106.69389510879643,27,42,1.0
2025-11-21 11:31:48,Nguyen Van Troi,Phu Nhuan,10.796057790235078,106.67492629345334,20,34,1.0
2025-11-21 11:31:49,Pham Van Dong,Go Vap,10.835298215641501,106.72935479345391,34,42,0.996399
2025-11-21 11:31:50,Cong truong lam son,Quan 1,10.777562007197462,106.7041335430398,17,30,1.0
2025-11-21 11:31:51,Nguyen Oanh ,Go Vap,10.83886351241477,106.67566625482782,27,35,0.997231
2025-11-21 11:31:52,Le Hong Phong,Quan 10,10.765187049751795,106.67550552599073,23,36,1.0
2025-11-21 11:31:53,Nguyen Van Cu,Quan 5,10.759484371982321,106.6840537511244,18,27,1.0
2025-11-21 11:32:00,Nga tu Binh Phuoc,Ngoai o,10.865229381280965,106.72366973948475,35,49,1.0
2025-11-21 11:32:12,Phu My Hung ,Quan 7,10.72279213640514,106.72808623948244,25,37,0.998475
2025-11-21 11:32:13,Nguyen Thai Son,Phu Nhuan,10.823400120373712,106.68551227436063,25,31,1.0
2025-11-21 11:32:14,An Duong Vuong,Quan 8,10.756158554057757,106.66631758181126,19,29,1.0
2025-11-21 11:32:15,Huynh Tan Phat,Nha Be,10.7144382088356,106.73711688366167,25,35,1.0
2025-11-21 11:32:16,Truong Chinh,Tan Binh ,10.817236653231737,106.63191539530457,22,34,1.0
2025-11-21 11:34:28,Cho Ben Thanh,Quan 1,10.772727584493625,106.69804225297563,11,22,0.967696
2025-11-21 11:34:28,Duong Nguyen Hue,Quan 1,10.774028664434528,106.70357076461706,20,28,1.0
2025-11-21 11:34:29,Nguyen Van Linh,Quan 7,10.752616652291238,106.72509685338922,39,39,1.0
2025-11-21 11:34:30,Vo Van Kiet,Quan 5,10.745754766198267,106.65326266831877,34,42,0.999762
2025-11-21 11:34:31,Xa lo Ha Noi,QL1A,10.94927106740351,106.87196348224562,33,41,1.0
2025-11-21 11:34:43,Duong Dien Bien Phu,Quan 1,10.78866360854368,106.69551372228901,33,41,1.0
2025-11-21 11:34:55,Nga tu Hang Xanh,Binh Thanh,10.801406421807085,106.71148440879679,33,42,1.0
2025-11-21 11:34:56,Nga tu An Suong,Hoc Mon,10.843150534972033,106.6151343241409,22,34,1.0
2025-11-21 11:34:57,Ben xe Mien Dong,Quan 9,10.880537767027526,106.81481342866444,41,53,1.0
2025-11-21 11:34:58,Ben xe Mien Tay,Binh Tan,10.740840166521663,106.61899246873142,26,36,1.0
2025-11-21 11:34:59,Cau Sai Gon,Quan 2 ,10.798986343749618,106.72697056646841,45,45,1.0
2025-11-21 11:35:00,Cau Phu My,Q2,10.741860769464234,106.73790365482627,45,45,1.0
2025-11-21 11:35:01,Cau Kenh Te,Q4,10.752408891679814,106.7022703818112,26,34,1.0
2025-11-21 11:35:13,Cau Thu Thiem,Quan 2,10.786216596454727,106.71836665482695,40,40,1.0
2025-11-21 11:35:25,Nguyen Huu Canh,Binh Thanh,10.78948793356203,106.71518838181179,27,35,1.0
2025-11-21 11:35:37,Cong Hoa,Tan Binh,10.80223925742187,106.6478722259914,27,41,1.0
2025-11-21 11:35:38,Truong Son / Tan Son Nhat Blvd,Gan san bay,10.813928881466124,106.66511432455972,21,33,1.0
2025-11-21 11:35:38,Nguyen Trai,Quan 5,10.755608615763382,106.67347943578082,15,27,1.0
2025-11-21 11:35:39,Le Duan,Quan 1,10.782680856341083,106.70051548181169,19,30,1.0
2025-11-21 11:35:40,Tran Hung Dao ,Quan 5,10.754895139302109,106.67839188181134,21,33,1.0
2025-11-21 11:35:52,Tran Quoc Thao,Quan 3,10.785070445194592,106.68331340921323,8,27,1.0
2025-11-21 11:36:04,Tran Hung Dao,Quan 5,10.7549373008113,106.67848844133415,21,33,1.0
2025-11-21 11:36:05,Cach Mang Thang 8 (CMT8),Quan 3,10.77898143649726,106.67684447140958,22,34,1.0
2025-11-21 11:36:27,Pham Ngu Lao / Bui Vien,Quan 1,10.767112828386699,106.6927618222887,16,20,1.0
2025-11-21 11:36:39,Nguyen Thi Minh Khai,Quan 3,10.77847212665258,106.69389510879643,28,42,1.0
2025-11-21 11:36:40,Nguyen Van Troi,Phu Nhuan,10.796057790235078,106.67492629345334,21,34,1.0
2025-11-21 11:36:41,Pham Van Dong,Go Vap,10.835298215641501,106.72935479345391,34,42,0.997201
2025-11-21 11:36:42,Cong truong lam son,Quan 1,10.777562007197462,106.7041335430398,18,30,1.0
2025-11-21 11:36:43,Nguyen Oanh ,Go Vap,10.83886351241477,106.67566625482782,26,36,1.0
2025-11-21 11:36:44,Le Hong Phong,Quan 10,10.765187049751795,106.67550552599073,23,36,1.0
2025-11-21 11:36:56,Nguyen Van Cu,Quan 5,10.759484371982321,106.6840537511244,15,28,1.0
2025-11-21 11:37:08,Nga tu Binh Phuoc,Ngoai o,10.865229381280965,106.72366973948475,36,49,1.0
2025-11-21 11:37:20,Phu My Hung ,Quan 7,10.72279213640514,106.72808623948244,27,37,0.998245
2025-11-21 11:37:32,Nguyen Thai Son,Phu Nhuan,10.823400120373712,106.68551227436063,24,32,1.0
2025-11-21 11:37:33,An Duong Vuong,Quan 8,10.756158554057757,106.66631758181126,19,28,1.0
2025-11-21 11:37:34,Huynh Tan Phat,Nha Be,10.7144382088356,106.73711688366167,24,35,1.0
2025-11-21 11:37:35,Truong Chinh,Tan Binh ,10.817236653231737,106.63191539530457,21,35,1.0
2025-11-21 11:39:47,Cho Ben Thanh,Quan 1,10.772727584493625,106.69804225297563,13,22,0.967099
2025-11-21 11:39:47,Duong Nguyen Hue,Quan 1,10.774028664434528,106.70357076461706,19,29,1.0
2025-11-21 11:39:48,Nguyen Van Linh,Quan 7,10.752616652291238,106.72509685338922,31,39,1.0
2025-11-21 11:39:49,Vo Van Kiet,Quan 5,10.745754766198267,106.65326266831877,34,43,0.999762
2025-11-21 11:39:50,Xa lo Ha Noi,QL1A,10.94927106740351,106.87196348224562,32,42,1.0
2025-11-21 11:40:02,Duong Dien Bien Phu,Quan 1,10.78866360854368,106.69551372228901,31,42,1.0
2025-11-21 11:40:14,Nga tu Hang Xanh,Binh Thanh,10.801406421807085,106.71148440879679,31,42,1.0
2025-11-21 11:40:15,Nga tu An Suong,Hoc Mon,10.843150534972033,106.6151343241409,19,35,1.0
2025-11-21 11:40:27,Ben xe Mien Dong,Quan 9,10.880537767027526,106.81481342866444,40,53,1.0
2025-11-21 11:40:28,Ben xe Mien Tay,Binh Tan,10.740840166521663,106.61899246873142,25,36,1.0
2025-11-21 11:40:29,Cau Sai Gon,Quan 2 ,10.798986343749618,106.72697056646841,45,45,1.0
2025-11-21 11:40:30,Cau Phu My,Q2,10.741860769464234,106.73790365482627,45,45,1.0
2025-11-21 11:40:31,Cau Kenh Te,Q4,10.752408891679814,106.7022703818112,26,34,1.0
2025-11-21 11:40:41,Cau Thu Thiem,Quan 2,10.786216596454727,106.71836665482695,40,40,1.0
2025-11-21 11:40:53,Nguyen Huu Canh,Binh Thanh,10.78948793356203,106.71518838181179,36,36,1.0
2025-11-21 11:41:15,Cong Hoa,Tan Binh,10.80223925742187,106.6478722259914,29,41,1.0
2025-11-21 11:41:27,Truong Son / Tan Son Nhat Blvd,Gan san bay,10.813928881466124,106.66511432455972,21,33,1.0
2025-11-21 11:41:28,Nguyen Trai,Quan 5,10.755608615763382,106.67347943578082,17,27,1.0
2025-11-21 11:41:29,Le Duan,Quan 1,10.782680856341083,106.70051548181169,18,30,1.0
2025-11-21 11:41:30,Tran Hung Dao ,Quan 5,10.754895139302109,106.67839188181134,19,32,1.0
2025-11-21 11:41:30,Tran Quoc Thao,Quan 3,10.785070445194592,106.68331340921323,11,27,1.0
2025-11-21 11:41:31,Tran Hung Dao,Quan 5,10.7549373008113,106.67848844133415,19,32,1.0
2025-11-21 11:41:43,Cach Mang Thang 8 (CMT8),Quan 3,10.77898143649726,106.67684447140958,22,34,1.0
2025-11-21 11:41:44,Pham Ngu Lao / Bui Vien,Quan 1,10.767112828386699,106.6927618222887,13,20,1.0
2025-11-21 11:41:45,Nguyen Thi Minh Khai,Quan 3,10.77847212665258,106.69389510879643,26,42,1.0
2025-11-21 11:41:46,Nguyen Van Troi,Phu Nhuan,10.796057790235078,106.67492629345334,20,33,1.0
2025-11-21 11:41:47,Pham Van Dong,Go Vap,10.835298215641501,106.72935479345391,35,42,0.997671
2025-11-21 11:41:48,Cong truong lam son,Quan 1,10.777562007197462,106.7041335430398,18,30,1.0
2025-11-21 11:42:00,Nguyen Oanh ,Go Vap,10.83886351241477,106.67566625482782,28,36,1.0
2025-11-21 11:42:12,Le Hong Phong,Quan 10,10.765187049751795,106.67550552599073,25,36,1.0
2025-11-21 11:42:23,Nguyen Van Cu,Quan 5,10.759484371982321,106.6840537511244,17,28,1.0
2025-11-21 11:42:24,Nga tu Binh Phuoc,Ngoai o,10.865229381280965,106.72366973948475,36,49,1.0
2025-11-21 11:42:25,Phu My Hung ,Quan 7,10.72279213640514,106.72808623948244,26,37,0.998605
2025-11-21 11:42:26,Nguyen Thai Son,Phu Nhuan,10.823400120373712,106.68551227436063,23,31,1.0
2025-11-21 11:42:27,An Duong Vuong,Quan 8,10.756158554057757,106.66631758181126,23,29,1.0
2025-11-21 11:42:39,Huynh Tan Phat,Nha Be,10.7144382088356,106.73711688366167,25,35,1.0
2025-11-21 11:42:51,Truong Chinh,Tan Binh ,10.817236653231737,106.63191539530457,21,35,1.0
2025-11-21 11:45:03,Cho Ben Thanh,Quan 1,10.772727584493625,106.69804225297563,15,23,0.967099
2025-11-21 11:45:15,Duong Nguyen Hue,Quan 1,10.774028664434528,106.70357076461706,18,28,1.0
2025-11-21 11:45:16,Nguyen Van Linh,Quan 7,10.752616652291238,106.72509685338922,39,39,1.0
2025-11-21 11:45:17,Vo Van Kiet,Quan 5,10.745754766198267,106.65326266831877,35,42,0.999762
2025-11-21 11:45:18,Xa lo Ha Noi,QL1A,10.94927106740351,106.87196348224562,32,41,1.0
2025-11-21 11:45:18,Duong Dien Bien Phu,Quan 1,10.78866360854368,106.69551372228901,32,42,1.0
2025-11-21 11:45:19,Nga tu Hang Xanh,Binh Thanh,10.801406421807085,106.71148440879679,32,42,1.0
2025-11-21 11:45:31,Nga tu An Suong,Hoc Mon,10.843150534972033,106.6151343241409,21,34,1.0
2025-11-21 11:45:43,Ben xe Mien Dong,Quan 9,10.880537767027526,106.81481342866444,41,53,1.0
2025-11-21 11:45:44,Ben xe Mien Tay,Binh Tan,10.740840166521663,106.61899246873142,25,35,1.0
2025-11-21 11:45:45,Cau Sai Gon,Quan 2 ,10.798986343749618,106.72697056646841,45,45,1.0
2025-11-21 11:45:46,Cau Phu My,Q2,10.741860769464234,106.73790365482627,45,45,1.0
2025-11-21 11:45:47,Cau Kenh Te,Q4,10.752408891679814,106.7022703818112,25,34,1.0
2025-11-21 11:45:48,Cau Thu Thiem,Quan 2,10.786216596454727,106.71836665482695,40,40,1.0
2025-11-21 11:45:48,Nguyen Huu Canh,Binh Thanh,10.78948793356203,106.71518838181179,36,36,1.0
2025-11-21 11:45:55,Cong Hoa,Tan Binh,10.80223925742187,106.6478722259914,26,41,1.0
2025-11-21 11:46:07,Truong Son / Tan Son Nhat Blvd,Gan san bay,10.813928881466124,106.66511432455972,21,33,0.999244
2025-11-21 11:46:08,Nguyen Trai,Quan 5,10.755608615763382,106.67347943578082,17,26,0.998954
2025-11-21 11:46:09,Le Duan,Quan 1,10.782680856341083,106.70051548181169,17,30,1.0
2025-11-21 11:46:10,Tran Hung Dao ,Quan 5,10.754895139302109,106.67839188181134,22,33,1.0
2025-11-21 11:46:11,Tran Quoc Thao,Quan 3,10.785070445194592,106.68331340921323,12,27,1.0
2025-11-21 11:46:23,Tran Hung Dao,Quan 5,10.7549373008113,106.67848844133415,22,33,1.0
2025-11-21 11:46:35,Cach Mang Thang 8 (CMT8),Quan 3,10.77898143649726,106.67684447140958,23,34,1.0
2025-11-21 11:46:36,Pham Ngu Lao / Bui Vien,Quan 1,10.767112828386699,106.6927618222887,12,19,1.0
2025-11-21 11:46:37,Nguyen Thi Minh Khai,Quan 3,10.77847212665258,106.69389510879643,27,42,1.0
2025-11-21 11:46:37,Nguyen Van Troi,Phu Nhuan,10.796057790235078,106.67492629345334,21,34,0.999244
2025-11-21 11:46:38,Pham Van Dong,Go Vap,10.835298215641501,106.72935479345391,34,43,0.996932
2025-11-21 11:46:39,Cong truong lam son,Quan 1,10.777562007197462,106.7041335430398,16,29,1.0
2025-11-21 11:46:40,Nguyen Oanh ,Go Vap,10.83886351241477,106.67566625482782,27,36,1.0
2025-11-21 11:46:47,Le Hong Phong,Quan 10,10.765187049751795,106.67550552599073,25,35,1.0
2025-11-21 11:46:59,Nguyen Van Cu,Quan 5,10.759484371982321,106.6840537511244,16,28,1.0
2025-11-21 11:47:11,Nga tu Binh Phuoc,Ngoai o,10.865229381280965,106.72366973948475,35,49,1.0
2025-11-21 11:47:23,Phu My Hung ,Quan 7,10.72279213640514,106.72808623948244,25,37,1.0
2025-11-21 11:47:24,Nguyen Thai Son,Phu Nhuan,10.823400120373712,106.68551227436063,24,31,1.0
2025-11-21 11:47:25,An Duong Vuong,Quan 8,10.756158554057757,106.66631758181126,22,29,1.0
2025-11-21 11:47:25,Huynh Tan Phat,Nha Be,10.7144382088356,106.73711688366167,25,35,1.0
2025-11-21 11:47:26,Truong Chinh,Tan Binh ,10.817236653231737,106.63191539530457,22,35,1.0
2025-11-21 11:49:38,Cho Ben Thanh,Quan 1,10.772727584493625,106.69804225297563,15,23,0.967099
2025-11-21 11:49:51,Duong Nguyen Hue,Quan 1,10.774028664434528,106.70357076461706,13,28,1.0
2025-11-21 11:50:03,Nguyen Van Linh,Quan 7,10.752616652291238,106.72509685338922,39,39,1.0
2025-11-21 11:50:14,Vo Van Kiet,Quan 5,10.745754766198267,106.65326266831877,35,43,0.999762
2025-11-21 11:50:15,Xa lo Ha Noi,QL1A,10.94927106740351,106.87196348224562,31,41,1.0
2025-11-21 11:50:16,Duong Dien Bien Phu,Quan 1,10.78866360854368,106.69551372228901,33,42,1.0
2025-11-21 11:50:17,Nga tu Hang Xanh,Binh Thanh,10.801406421807085,106.71148440879679,33,42,1.0
2025-11-21 11:50:18,Nga tu An Suong,Hoc Mon,10.843150534972033,106.6151343241409,22,35,1.0
2025-11-21 11:50:19,Ben xe Mien Dong,Quan 9,10.880537767027526,106.81481342866444,41,53,1.0
2025-11-21 11:50:31,Ben xe Mien Tay,Binh Tan,10.740840166521663,106.61899246873142,26,35,1.0
2025-11-21 11:50:43,Cau Sai Gon,Quan 2 ,10.798986343749618,106.72697056646841,45,45,1.0
2025-11-21 11:50:44,Cau Phu My,Q2,10.741860769464234,106.73790365482627,37,44,1.0
2025-11-21 11:50:45,Cau Kenh Te,Q4,10.752408891679814,106.7022703818112,24,33,1.0
2025-11-21 11:50:46,Cau Thu Thiem,Quan 2,10.786216596454727,106.71836665482695,40,40,1.0
2025-11-21 11:50:47,Nguyen Huu Canh,Binh Thanh,10.78948793356203,106.71518838181179,36,36,1.0
2025-11-21 11:50:47,Cong Hoa,Tan Binh,10.80223925742187,106.6478722259914,27,41,1.0
2025-11-21 11:50:59,Truong Son / Tan Son Nhat Blvd,Gan san bay,10.813928881466124,106.66511432455972,21,33,0.999244
2025-11-21 11:51:11,Nguyen Trai,Quan 5,10.755608615763382,106.67347943578082,16,28,1.0
2025-11-21 11:51:23,Le Duan,Quan 1,10.782680856341083,106.70051548181169,18,30,1.0
2025-11-21 11:51:24,Tran Hung Dao ,Quan 5,10.754895139302109,106.67839188181134,23,32,1.0
2025-11-21 11:51:25,Tran Quoc Thao,Quan 3,10.785070445194592,106.68331340921323,16,28,1.0
2025-11-21 11:51:26,Tran Hung Dao,Quan 5,10.7549373008113,106.67848844133415,23,32,1.0
2025-11-21 11:51:27,Cach Mang Thang 8 (CMT8),Quan 3,10.77898143649726,106.67684447140958,21,34,1.0
2025-11-21 11:51:28,Pham Ngu Lao / Bui Vien,Quan 1,10.767112828386699,106.6927618222887,13,19,1.0
2025-11-21 11:51:40,Nguyen Thi Minh Khai,Quan 3,10.77847212665258,106.69389510879643,27,41,1.0
2025-11-21 11:51:52,Nguyen Van Troi,Phu Nhuan,10.796057790235078,106.67492629345334,20,34,0.999528
2025-11-21 11:51:53,Pham Van Dong,Go Vap,10.835298215641501,106.72935479345391,35,42,0.996935
2025-11-21 11:52:15,Cong truong lam son,Quan 1,10.777562007197462,106.7041335430398,18,30,1.0
2025-11-21 11:52:16,Nguyen Oanh ,Go Vap,10.83886351241477,106.67566625482782,26,36,1.0
2025-11-21 11:52:17,Le Hong Phong,Quan 10,10.765187049751795,106.67550552599073,25,36,1.0
2025-11-21 11:52:18,Nguyen Van Cu,Quan 5,10.759484371982321,106.6840537511244,17,28,1.0
2025-11-21 11:52:30,Nga tu Binh Phuoc,Ngoai o,10.865229381280965,106.72366973948475,35,49,1.0
2025-11-21 11:52:42,Phu My Hung ,Quan 7,10.72279213640514,106.72808623948244,28,37,0.999742
2025-11-21 11:52:43,Nguyen Thai Son,Phu Nhuan,10.823400120373712,106.68551227436063,24,32,1.0
2025-11-21 11:53:05,An Duong Vuong,Quan 8,10.756158554057757,106.66631758181126,22,29,1.0
2025-11-21 11:53:17,Huynh Tan Phat,Nha Be,10.7144382088356,106.73711688366167,26,35,1.0
2025-11-21 11:53:18,Truong Chinh,Tan Binh ,10.817236653231737,106.63191539530457,21,35,1.0
2025-11-21 11:55:30,Cho Ben Thanh,Quan 1,10.772727584493625,106.69804225297563,14,23,0.967099
2025-11-21 11:55:31,Duong Nguyen Hue,Quan 1,10.774028664434528,106.70357076461706,14,28,1.0
2025-11-21 11:55:32,Nguyen Van Linh,Quan 7,10.752616652291238,106.72509685338922,31,39,1.0
2025-11-21 11:55:33,Vo Van Kiet,Quan 5,10.745754766198267,106.65326266831877,34,42,0.999762
2025-11-21 11:55:34,Xa lo Ha Noi,QL1A,10.94927106740351,106.87196348224562,42,42,1.0
2025-11-21 11:55:35,Duong Dien Bien Phu,Quan 1,10.78866360854368,106.69551372228901,32,42,1.0
2025-11-21 11:55:46,Nga tu Hang Xanh,Binh Thanh,10.801406421807085,106.71148440879679,31,42,1.0
2025-11-21 11:55:58,Nga tu An Suong,Hoc Mon,10.843150534972033,106.6151343241409,21,35,1.0
2025-11-21 11:55:59,Ben xe Mien Dong,Quan 9,10.880537767027526,106.81481342866444,42,53,1.0
2025-11-21 11:56:00,Ben xe Mien Tay,Binh Tan,10.740840166521663,106.61899246873142,27,36,1.0
2025-11-21 11:56:12,Cau Sai Gon,Quan 2 ,10.798986343749618,106.72697056646841,45,45,1.0
2025-11-21 11:56:13,Cau Phu My,Q2,10.741860769464234,106.73790365482627,45,45,1.0
2025-11-21 11:56:14,Cau Kenh Te,Q4,10.752408891679814,106.7022703818112,24,34,1.0
2025-11-21 11:56:15,Cau Thu Thiem,Quan 2,10.786216596454727,106.71836665482695,40,40,1.0
2025-11-21 11:56:15,Nguyen Huu Canh,Binh Thanh,10.78948793356203,106.71518838181179,36,36,1.0
2025-11-21 11:56:16,Cong Hoa,Tan Binh,10.80223925742187,106.6478722259914,27,41,1.0
2025-11-21 11:56:17,Truong Son / Tan Son Nhat Blvd,Gan san bay,10.813928881466124,106.66511432455972,20,33,0.999265
2025-11-21 11:56:18,Nguyen Trai,Quan 5,10.755608615763382,106.67347943578082,19,28,1.0
2025-11-21 11:56:19,Le Duan,Quan 1,10.782680856341083,106.70051548181169,17,30,1.0
2025-11-21 11:56:20,Tran Hung Dao ,Quan 5,10.754895139302109,106.67839188181134,22,32,1.0
2025-11-21 11:56:21,Tran Quoc Thao,Quan 3,10.785070445194592,106.68331340921323,15,27,1.0
2025-11-21 11:56:33,Tran Hung Dao,Quan 5,10.7549373008113,106.67848844133415,22,32,1.0
2025-11-21 11:56:34,Cach Mang Thang 8 (CMT8),Quan 3,10.77898143649726,106.67684447140958,23,34,1.0
2025-11-21 11:56:35,Pham Ngu Lao / Bui Vien,Quan 1,10.767112828386699,106.6927618222887,12,20,1.0
2025-11-21 11:56:36,Nguyen Thi Minh Khai,Quan 3,10.77847212665258,106.69389510879643,27,41,1.0
2025-11-21 11:56:37,Nguyen Van Troi,Phu Nhuan,10.796057790235078,106.67492629345334,20,33,0.999236
2025-11-21 11:56:37,Pham Van Dong,Go Vap,10.835298215641501,106.72935479345391,35,42,0.996808
2025-11-21 11:56:50,Cong truong lam son,Quan 1,10.777562007197462,106.7041335430398,18,30,1.0
2025-11-21 11:56:50,Nguyen Oanh ,Go Vap,10.83886351241477,106.67566625482782,26,36,1.0
2025-11-21 11:56:51,Le Hong Phong,Quan 10,10.765187049751795,106.67550552599073,26,35,1.0
2025-11-21 11:56:52,Nguyen Van Cu,Quan 5,10.759484371982321,106.6840537511244,19,28,1.0
2025-11-21 11:57:04,Nga tu Binh Phuoc,Ngoai o,10.865229381280965,106.72366973948475,36,49,1.0
2025-11-21 11:57:16,Phu My Hung ,Quan 7,10.72279213640514,106.72808623948244,28,36,1.0
2025-11-21 11:57:28,Nguyen Thai Son,Phu Nhuan,10.823400120373712,106.68551227436063,22,32,1.0
2025-11-21 11:57:29,An Duong Vuong,Quan 8,10.756158554057757,106.66631758181126,20,29,1.0
2025-11-21 11:57:30,Huynh Tan Phat,Nha Be,10.7144382088356,106.73711688366167,26,35,1.0
2025-11-21 11:57:31,Truong Chinh,Tan Binh ,10.817236653231737,106.63191539530457,21,35,1.0
2025-11-21 11:59:43,Cho Ben Thanh,Quan 1,10.772727584493625,106.69804225297563,14,22,0.967696
2025-11-21 11:59:44,Duong Nguyen Hue,Quan 1,10.774028664434528,106.70357076461706,22,28,1.0
2025-11-21 11:59:45,Nguyen Van Linh,Quan 7,10.752616652291238,106.72509685338922,32,38,1.0
2025-11-21 11:59:45,Vo Van Kiet,Quan 5,10.745754766198267,106.65326266831877,42,42,1.0
2025-11-21 11:59:46,Xa lo Ha Noi,QL1A,10.94927106740351,106.87196348224562,28,41,1.0
2025-11-21 11:59:47,Duong Dien Bien Phu,Quan 1,10.78866360854368,106.69551372228901,32,42,1.0
2025-11-21 11:59:59,Nga tu Hang Xanh,Binh Thanh,10.801406421807085,106.71148440879679,32,42,1.0
2025-11-21 12:00:11,Nga tu An Suong,Hoc Mon,10.843150534972033,106.6151343241409,21,35,1.0
2025-11-21 12:00:23,Ben xe Mien Dong,Quan 9,10.880537767027526,106.81481342866444,40,53,1.0
2025-11-21 12:00:24,Ben xe Mien Tay,Binh Tan,10.740840166521663,106.61899246873142,25,35,1.0
2025-11-21 12:00:25,Cau Sai Gon,Quan 2 ,10.798986343749618,106.72697056646841,45,45,1.0
2025-11-21 12:00:26,Cau Phu My,Q2,10.741860769464234,106.73790365482627,45,45,1.0
2025-11-21 12:00:27,Cau Kenh Te,Q4,10.752408891679814,106.7022703818112,24,34,1.0
2025-11-21 12:00:28,Cau Thu Thiem,Quan 2,10.786216596454727,106.71836665482695,40,40,1.0
2025-11-21 12:00:40,Nguyen Huu Canh,Binh Thanh,10.78948793356203,106.71518838181179,29,36,1.0
2025-11-21 12:00:52,Cong Hoa,Tan Binh,10.80223925742187,106.6478722259914,26,41,1.0
2025-11-21 12:00:53,Truong Son / Tan Son Nhat Blvd,Gan san bay,10.813928881466124,106.66511432455972,20,33,1.0
2025-11-21 12:00:53,Nguyen Trai,Quan 5,10.755608615763382,106.67347943578082,20,28,1.0
2025-11-21 12:01:06,Le Duan,Quan 1,10.782680856341083,106.70051548181169,17,30,1.0
2025-11-21 12:01:18,Tran Hung Dao ,Quan 5,10.754895139302109,106.67839188181134,20,33,1.0
2025-11-21 12:01:18,Tran Quoc Thao,Quan 3,10.785070445194592,106.68331340921323,13,27,1.0
2025-11-21 12:01:19,Tran Hung Dao,Quan 5,10.7549373008113,106.67848844133415,20,33,1.0
2025-11-21 12:01:20,Cach Mang Thang 8 (CMT8),Quan 3,10.77898143649726,106.67684447140958,21,34,1.0
2025-11-21 12:01:32,Pham Ngu Lao / Bui Vien,Quan 1,10.767112828386699,106.6927618222887,12,19,1.0
2025-11-21 12:01:33,Nguyen Thi Minh Khai,Quan 3,10.77847212665258,106.69389510879643,28,41,1.0
2025-11-21 12:01:34,Nguyen Van Troi,Phu Nhuan,10.796057790235078,106.67492629345334,19,33,1.0
2025-11-21 12:01:35,Pham Van Dong,Go Vap,10.835298215641501,106.72935479345391,36,42,0.994411
2025-11-21 12:01:36,Cong truong lam son,Quan 1,10.777562007197462,106.7041335430398,16,30,1.0
2025-11-21 12:01:37,Nguyen Oanh ,Go Vap,10.83886351241477,106.67566625482782,27,36,1.0
2025-11-21 12:01:47,Le Hong Phong,Quan 10,10.765187049751795,106.67550552599073,27,36,1.0
2025-11-21 12:01:59,Nguyen Van Cu,Quan 5,10.759484371982321,106.6840537511244,18,27,0.998954
2025-11-21 12:02:00,Nga tu Binh Phuoc,Ngoai o,10.865229381280965,106.72366973948475,37,49,1.0
2025-11-21 12:02:01,Phu My Hung ,Quan 7,10.72279213640514,106.72808623948244,28,37,0.999742
2025-11-21 12:02:02,Nguyen Thai Son,Phu Nhuan,10.823400120373712,106.68551227436063,23,31,1.0
2025-11-21 12:02:03,An Duong Vuong,Quan 8,10.756158554057757,106.66631758181126,18,29,1.0
2025-11-21 12:02:04,Huynh Tan Phat,Nha Be,10.7144382088356,106.73711688366167,25,35,1.0
2025-11-21 12:02:16,Truong Chinh,Tan Binh ,10.817236653231737,106.63191539530457,22,35,1.0
2025-11-21 12:04:28,Cho Ben Thanh,Quan 1,10.772727584493625,106.69804225297563,14,22,0.967696
2025-11-21 12:04:29,Duong Nguyen Hue,Quan 1,10.774028664434528,106.70357076461706,17,29,1.0
2025-11-21 12:04:29,Nguyen Van Linh,Quan 7,10.752616652291238,106.72509685338922,39,39,1.0
2025-11-21 12:04:30,Vo Van Kiet,Quan 5,10.745754766198267,106.65326266831877,36,43,1.0
2025-11-21 12:04:31,Xa lo Ha Noi,QL1A,10.94927106740351,106.87196348224562,34,41,1.0
2025-11-21 12:04:32,Duong Dien Bien Phu,Quan 1,10.78866360854368,106.69551372228901,33,42,1.0
2025-11-21 12:04:33,Nga tu Hang Xanh,Binh Thanh,10.801406421807085,106.71148440879679,33,42,1.0
2025-11-21 12:04:43,Nga tu An Suong,Hoc Mon,10.843150534972033,106.6151343241409,21,35,1.0
2025-11-21 12:04:55,Ben xe Mien Dong,Quan 9,10.880537767027526,106.81481342866444,42,53,1.0
2025-11-21 12:04:56,Ben xe Mien Tay,Binh Tan,10.740840166521663,106.61899246873142,26,35,1.0
2025-11-21 12:05:08,Cau Sai Gon,Quan 2 ,10.798986343749618,106.72697056646841,45,45,1.0
2025-11-21 12:05:09,Cau Phu My,Q2,10.741860769464234,106.73790365482627,45,45,1.0
2025-11-21 12:05:10,Cau Kenh Te,Q4,10.752408891679814,106.7022703818112,24,34,1.0
2025-11-21 12:05:11,Cau Thu Thiem,Quan 2,10.786216596454727,106.71836665482695,40,40,1.0
2025-11-21 12:05:12,Nguyen Huu Canh,Binh Thanh,10.78948793356203,106.71518838181179,36,36,1.0
2025-11-21 12:05:12,Cong Hoa,Tan Binh,10.80223925742187,106.6478722259914,27,40,1.0
2025-11-21 12:05:13,Truong Son / Tan Son Nhat Blvd,Gan san bay,10.813928881466124,106.66511432455972,19,33,0.998691
2025-11-21 12:05:14,Nguyen Trai,Quan 5,10.755608615763382,106.67347943578082,17,26,0.998954
2025-11-21 12:05:15,Le Duan,Quan 1,10.782680856341083,106.70051548181169,17,30,1.0
2025-11-21 12:05:16,Tran Hung Dao ,Quan 5,10.754895139302109,106.67839188181134,21,32,1.0
2025-11-21 12:05:17,Tran Quoc Thao,Quan 3,10.785070445194592,106.68331340921323,13,27,1.0
2025-11-21 12:05:29,Tran Hung Dao,Quan 5,10.7549373008113,106.67848844133415,21,32,1.0
2025-11-21 12:05:41,Cach Mang Thang 8 (CMT8),Quan 3,10.77898143649726,106.67684447140958,22,34,1.0
2025-11-21 12:05:42,Pham Ngu Lao / Bui Vien,Quan 1,10.767112828386699,106.6927618222887,14,19,1.0
2025-11-21 12:05:43,Nguyen Thi Minh Khai,Quan 3,10.77847212665258,106.69389510879643,29,41,1.0
2025-11-21 12:05:44,Nguyen Van Troi,Phu Nhuan,10.796057790235078,106.67492629345334,20,33,0.998954
2025-11-21 12:05:45,Pham Van Dong,Go Vap,10.835298215641501,106.72935479345391,35,42,0.994719
2025-11-21 12:05:46,Cong truong lam son,Quan 1,10.777562007197462,106.7041335430398,17,30,1.0
2025-11-21 12:05:47,Nguyen Oanh ,Go Vap,10.83886351241477,106.67566625482782,26,36,1.0
2025-11-21 12:05:53,Le Hong Phong,Quan 10,10.765187049751795,106.67550552599073,24,35,1.0
2025-11-21 12:05:54,Nguyen Van Cu,Quan 5,10.759484371982321,106.6840537511244,17,26,0.998954
2025-11-21 12:05:55,Nga tu Binh Phuoc,Ngoai o,10.865229381280965,106.72366973948475,36,49,1.0
2025-11-21 12:05:56,Phu My Hung ,Quan 7,10.72279213640514,106.72808623948244,27,37,0.999742
2025-11-21 12:05:57,Nguyen Thai Son,Phu Nhuan,10.823400120373712,106.68551227436063,21,32,1.0
2025-11-21 12:06:05,An Duong Vuong,Quan 8,10.756158554057757,106.66631758181126,21,29,1.0
2025-11-21 12:06:06,Huynh Tan Phat,Nha Be,10.7144382088356,106.73711688366167,26,35,1.0
2025-11-21 12:06:07,Truong Chinh,Tan Binh ,10.817236653231737,106.63191539530457,20,35,1.0
2025-11-21 12:08:19,Cho Ben Thanh,Quan 1,10.772727584493625,106.69804225297563,14,22,0.967696
2025-11-21 12:08:20,Duong Nguyen Hue,Quan 1,10.774028664434528,106.70357076461706,23,29,1.0
2025-11-21 12:08:20,Nguyen Van Linh,Quan 7,10.752616652291238,106.72509685338922,31,39,1.0
2025-11-21 12:08:21,Vo Van Kiet,Quan 5,10.745754766198267,106.65326266831877,35,43,1.0
2025-11-21 12:08:22,Xa lo Ha Noi,QL1A,10.94927106740351,106.87196348224562,42,42,1.0
2025-11-21 12:08:23,Duong Dien Bien Phu,Quan 1,10.78866360854368,106.69551372228901,34,42,1.0
2025-11-21 12:08:34,Nga tu Hang Xanh,Binh Thanh,10.801406421807085,106.71148440879679,34,42,1.0
2025-11-21 12:08:46,Nga tu An Suong,Hoc Mon,10.843150534972033,106.6151343241409,21,35,1.0
2025-11-21 12:08:58,Ben xe Mien Dong,Quan 9,10.880537767027526,106.81481342866444,42,53,1.0
2025-11-21 12:08:59,Ben xe Mien Tay,Binh Tan,10.740840166521663,106.61899246873142,26,36,1.0
2025-11-21 12:09:00,Cau Sai Gon,Quan 2 ,10.798986343749618,106.72697056646841,45,45,1.0
2025-11-21 12:09:01,Cau Phu My,Q2,10.741860769464234,106.73790365482627,45,45,1.0
2025-11-21 12:09:02,Cau Kenh Te,Q4,10.752408891679814,106.7022703818112,23,33,1.0
2025-11-21 12:09:03,Cau Thu Thiem,Quan 2,10.786216596454727,106.71836665482695,40,40,1.0
2025-11-21 12:09:04,Nguyen Huu Canh,Binh Thanh,10.78948793356203,106.71518838181179,36,36,1.0
2025-11-21 12:09:05,Cong Hoa,Tan Binh,10.80223925742187,106.6478722259914,25,40,1.0
2025-11-21 12:09:06,Truong Son / Tan Son Nhat Blvd,Gan san bay,10.813928881466124,106.66511432455972,21,34,0.998691
2025-11-21 12:09:07,Nguyen Trai,Quan 5,10.755608615763382,106.67347943578082,19,27,0.997911
2025-11-21 12:09:07,Le Duan,Quan 1,10.782680856341083,106.70051548181169,18,30,1.0
2025-11-21 12:09:08,Tran Hung Dao ,Quan 5,10.754895139302109,106.67839188181134,21,33,1.0
2025-11-21 12:09:09,Tran Quoc Thao,Quan 3,10.785070445194592,106.68331340921323,15,27,1.0
2025-11-21 12:09:10,Tran Hung Dao,Quan 5,10.7549373008113,106.67848844133415,21,33,1.0
2025-11-21 12:09:11,Cach Mang Thang 8 (CMT8),Quan 3,10.77898143649726,106.67684447140958,24,34,1.0
2025-11-21 12:09:15,Pham Ngu Lao / Bui Vien,Quan 1,10.767112828386699,106.6927618222887,20,20,1.0
2025-11-21 12:09:17,Nguyen Thi Minh Khai,Quan 3,10.77847212665258,106.69389510879643,29,42,1.0
2025-11-21 12:09:17,Nguyen Van Troi,Phu Nhuan,10.796057790235078,106.67492629345334,21,34,0.998691
2025-11-21 12:09:30,Pham Van Dong,Go Vap,10.835298215641501,106.72935479345391,35,42,0.995182
2025-11-21 12:09:41,Cong truong lam son,Quan 1,10.777562007197462,106.7041335430398,18,30,1.0
2025-11-21 12:09:53,Nguyen Oanh ,Go Vap,10.83886351241477,106.67566625482782,27,36,1.0
2025-11-21 12:10:05,Le Hong Phong,Quan 10,10.765187049751795,106.67550552599073,27,35,1.0
2025-11-21 12:10:06,Nguyen Van Cu,Quan 5,10.759484371982321,106.6840537511244,20,27,0.997909
2025-11-21 12:10:07,Nga tu Binh Phuoc,Ngoai o,10.865229381280965,106.72366973948475,37,49,1.0
2025-11-21 12:10:08,Phu My Hung ,Quan 7,10.72279213640514,106.72808623948244,27,36,1.0
2025-11-21 12:10:20,Nguyen Thai Son,Phu Nhuan,10.823400120373712,106.68551227436063,24,31,1.0
2025-11-21 12:10:32,An Duong Vuong,Quan 8,10.756158554057757,106.66631758181126,20,29,1.0
2025-11-21 12:10:33,Huynh Tan Phat,Nha Be,10.7144382088356,106.73711688366167,26,35,1.0
2025-11-21 12:10:34,Truong Chinh,Tan Binh ,10.817236653231737,106.63191539530457,21,35,1.0
2025-11-21 12:12:46,Cho Ben Thanh,Quan 1,10.772727584493625,106.69804225297563,15,23,0.967696
2025-11-21 12:12:47,Duong Nguyen Hue,Quan 1,10.774028664434528,106.70357076461706,29,29,1.0
2025-11-21 12:12:47,Nguyen Van Linh,Quan 7,10.752616652291238,106.72509685338922,39,39,1.0
2025-11-21 12:12:48,Vo Van Kiet,Quan 5,10.745754766198267,106.65326266831877,34,42,1.0
2025-11-21 12:12:49,Xa lo Ha Noi,QL1A,10.94927106740351,106.87196348224562,30,42,1.0
2025-11-21 12:13:01,Duong Dien Bien Phu,Quan 1,10.78866360854368,106.69551372228901,34,42,1.0
2025-11-21 12:13:13,Nga tu Hang Xanh,Binh Thanh,10.801406421807085,106.71148440879679,33,42,1.0
2025-11-21 12:13:14,Nga tu An Suong,Hoc Mon,10.843150534972033,106.6151343241409,21,35,1.0
2025-11-21 12:13:26,Ben xe Mien Dong,Quan 9,10.880537767027526,106.81481342866444,42,53,1.0
2025-11-21 12:13:27,Ben xe Mien Tay,Binh Tan,10.740840166521663,106.61899246873142,27,35,1.0
2025-11-21 12:13:28,Cau Sai Gon,Quan 2 ,10.798986343749618,106.72697056646841,45,45,1.0
2025-11-21 12:13:29,Cau Phu My,Q2,10.741860769464234,106.73790365482627,45,45,1.0
2025-11-21 12:13:30,Cau Kenh Te,Q4,10.752408891679814,106.7022703818112,24,34,1.0
2025-11-21 12:13:42,Cau Thu Thiem,Quan 2,10.786216596454727,106.71836665482695,40,40,1.0
2025-11-21 12:13:54,Nguyen Huu Canh,Binh Thanh,10.78948793356203,106.71518838181179,36,36,1.0
2025-11-21 12:13:55,Cong Hoa,Tan Binh,10.80223925742187,106.6478722259914,27,40,1.0
2025-11-21 12:13:56,Truong Son / Tan Son Nhat Blvd,Gan san bay,10.813928881466124,106.66511432455972,21,33,0.999241
2025-11-21 12:13:57,Nguyen Trai,Quan 5,10.755608615763382,106.67347943578082,18,28,1.0
2025-11-21 12:13:58,Le Duan,Quan 1,10.782680856341083,106.70051548181169,17,30,1.0
2025-11-21 12:13:58,Tran Hung Dao ,Quan 5,10.754895139302109,106.67839188181134,22,32,1.0
2025-11-21 12:14:10,Tran Quoc Thao,Quan 3,10.785070445194592,106.68331340921323,12,27,1.0
2025-11-21 12:14:23,Tran Hung Dao,Quan 5,10.7549373008113,106.67848844133415,22,33,1.0
2025-11-21 12:14:24,Cach Mang Thang 8 (CMT8),Quan 3,10.77898143649726,106.67684447140958,23,34,1.0
2025-11-21 12:14:24,Pham Ngu Lao / Bui Vien,Quan 1,10.767112828386699,106.6927618222887,15,19,1.0
2025-11-21 12:14:25,Nguyen Thi Minh Khai,Quan 3,10.77847212665258,106.69389510879643,28,41,1.0
2025-11-21 12:14:26,Nguyen Van Troi,Phu Nhuan,10.796057790235078,106.67492629345334,21,34,0.999241
2025-11-21 12:14:27,Pham Van Dong,Go Vap,10.835298215641501,106.72935479345391,35,42,0.991995
2025-11-21 12:14:28,Cong truong lam son,Quan 1,10.777562007197462,106.7041335430398,18,30,1.0
2025-11-21 12:14:29,Nguyen Oanh ,Go Vap,10.83886351241477,106.67566625482782,27,36,1.0
2025-11-21 12:14:30,Le Hong Phong,Quan 10,10.765187049751795,106.67550552599073,26,35,1.0
2025-11-21 12:14:42,Nguyen Van Cu,Quan 5,10.759484371982321,106.6840537511244,17,27,0.997907
2025-11-21 12:14:43,Nga tu Binh Phuoc,Ngoai o,10.865229381280965,106.72366973948475,36,49,1.0
2025-11-21 12:14:43,Phu My Hung ,Quan 7,10.72279213640514,106.72808623948244,27,37,0.997231
2025-11-21 12:14:56,Nguyen Thai Son,Phu Nhuan,10.823400120373712,106.68551227436063,25,31,1.0
2025-11-21 12:14:57,An Duong Vuong,Quan 8,10.756158554057757,106.66631758181126,19,29,1.0
2025-11-21 12:14:57,Huynh Tan Phat,Nha Be,10.7144382088356,106.73711688366167,27,35,1.0
2025-11-21 12:14:58,Truong Chinh,Tan Binh ,10.817236653231737,106.63191539530457,21,35,1.0
2025-11-21 12:17:10,Cho Ben Thanh,Quan 1,10.772727584493625,106.69804225297563,14,23,0.968292
2025-11-21 12:17:11,Duong Nguyen Hue,Quan 1,10.774028664434528,106.70357076461706,17,27,1.0
2025-11-21 12:17:12,Nguyen Van Linh,Quan 7,10.752616652291238,106.72509685338922,39,39,1.0
2025-11-21 12:17:13,Vo Van Kiet,Quan 5,10.745754766198267,106.65326266831877,36,43,1.0
2025-11-21 12:17:14,Xa lo Ha Noi,QL1A,10.94927106740351,106.87196348224562,42,42,1.0
2025-11-21 12:17:15,Duong Dien Bien Phu,Quan 1,10.78866360854368,106.69551372228901,33,42,1.0
2025-11-21 12:17:15,Nga tu Hang Xanh,Binh Thanh,10.801406421807085,106.71148440879679,33,42,1.0
2025-11-21 12:17:16,Nga tu An Suong,Hoc Mon,10.843150534972033,106.6151343241409,21,35,1.0
2025-11-21 12:17:17,Ben xe Mien Dong,Quan 9,10.880537767027526,106.81481342866444,41,53,1.0
2025-11-21 12:17:18,Ben xe Mien Tay,Binh Tan,10.740840166521663,106.61899246873142,25,35,1.0
2025-11-21 12:17:19,Cau Sai Gon,Quan 2 ,10.798986343749618,106.72697056646841,45,45,1.0
2025-11-21 12:17:20,Cau Phu My,Q2,10.741860769464234,106.73790365482627,45,45,1.0
2025-11-21 12:17:21,Cau Kenh Te,Q4,10.752408891679814,106.7022703818112,24,33,1.0
2025-11-21 12:17:22,Cau Thu Thiem,Quan 2,10.786216596454727,106.71836665482695,40,40,1.0
2025-11-21 12:17:23,Nguyen Huu Canh,Binh Thanh,10.78948793356203,106.71518838181179,36,36,1.0
2025-11-21 12:17:24,Cong Hoa,Tan Binh,10.80223925742187,106.6478722259914,29,40,1.0
2025-11-21 12:17:28,Truong Son / Tan Son Nhat Blvd,Gan san bay,10.813928881466124,106.66511432455972,20,34,0.999528
2025-11-21 12:17:31,Nguyen Trai,Quan 5,10.755608615763382,106.67347943578082,19,28,0.998943
2025-11-21 12:17:43,Le Duan,Quan 1,10.782680856341083,106.70051548181169,17,30,1.0
2025-11-21 12:17:55,Tran Hung Dao ,Quan 5,10.754895139302109,106.67839188181134,22,33,1.0
2025-11-21 12:18:07,Tran Quoc Thao,Quan 3,10.785070445194592,106.68331340921323,13,29,1.0
2025-11-21 12:18:08,Tran Hung Dao,Quan 5,10.7549373008113,106.67848844133415,22,33,1.0
2025-11-21 12:18:09,Cach Mang Thang 8 (CMT8),Quan 3,10.77898143649726,106.67684447140958,23,34,1.0
2025-11-21 12:18:31,Pham Ngu Lao / Bui Vien,Quan 1,10.767112828386699,106.6927618222887,12,20,1.0
2025-11-21 12:18:43,Nguyen Thi Minh Khai,Quan 3,10.77847212665258,106.69389510879643,28,42,1.0
2025-11-21 12:18:44,Nguyen Van Troi,Phu Nhuan,10.796057790235078,106.67492629345334,20,34,0.999528
2025-11-21 12:18:45,Pham Van Dong,Go Vap,10.835298215641501,106.72935479345391,35,42,0.996263
2025-11-21 12:18:46,Cong truong lam son,Quan 1,10.777562007197462,106.7041335430398,18,31,1.0
2025-11-21 12:18:47,Nguyen Oanh ,Go Vap,10.83886351241477,106.67566625482782,28,36,1.0
2025-11-21 12:18:47,Le Hong Phong,Quan 10,10.765187049751795,106.67550552599073,26,35,1.0
2025-11-21 12:18:59,Nguyen Van Cu,Quan 5,10.759484371982321,106.6840537511244,18,28,0.998951
2025-11-21 12:19:12,Nga tu Binh Phuoc,Ngoai o,10.865229381280965,106.72366973948475,36,49,1.0
2025-11-21 12:19:24,Phu My Hung ,Quan 7,10.72279213640514,106.72808623948244,26,36,0.996466
2025-11-21 12:19:25,Nguyen Thai Son,Phu Nhuan,10.823400120373712,106.68551227436063,24,32,1.0
2025-11-21 12:19:26,An Duong Vuong,Quan 8,10.756158554057757,106.66631758181126,30,30,1.0
2025-11-21 12:19:27,Huynh Tan Phat,Nha Be,10.7144382088356,106.73711688366167,26,35,1.0
2025-11-21 12:19:27,Truong Chinh,Tan Binh ,10.817236653231737,106.63191539530457,21,34,1.0
2025-11-21 12:21:39,Cho Ben Thanh,Quan 1,10.772727584493625,106.69804225297563,16,22,0.968292
2025-11-21 12:21:40,Duong Nguyen Hue,Quan 1,10.774028664434528,106.70357076461706,22,29,1.0
2025-11-21 12:21:41,Nguyen Van Linh,Quan 7,10.752616652291238,106.72509685338922,39,39,1.0
2025-11-21 12:21:42,Vo Van Kiet,Quan 5,10.745754766198267,106.65326266831877,37,42,1.0
2025-11-21 12:21:43,Xa lo Ha Noi,QL1A,10.94927106740351,106.87196348224562,23,42,1.0
2025-11-21 12:21:55,Duong Dien Bien Phu,Quan 1,10.78866360854368,106.69551372228901,34,42,1.0
2025-11-21 12:22:07,Nga tu Hang Xanh,Binh Thanh,10.801406421807085,106.71148440879679,34,42,1.0
2025-11-21 12:22:08,Nga tu An Suong,Hoc Mon,10.843150534972033,106.6151343241409,21,35,1.0
2025-11-21 12:22:09,Ben xe Mien Dong,Quan 9,10.880537767027526,106.81481342866444,42,53,1.0
2025-11-21 12:22:21,Ben xe Mien Tay,Binh Tan,10.740840166521663,106.61899246873142,27,35,1.0
2025-11-21 12:22:33,Cau Sai Gon,Quan 2 ,10.798986343749618,106.72697056646841,45,45,1.0
2025-11-21 12:22:34,Cau Phu My,Q2,10.741860769464234,106.73790365482627,37,44,1.0
2025-11-21 12:22:35,Cau Kenh Te,Q4,10.752408891679814,106.7022703818112,23,34,1.0
2025-11-21 12:22:36,Cau Thu Thiem,Quan 2,10.786216596454727,106.71836665482695,40,40,1.0
2025-11-21 12:22:37,Nguyen Huu Canh,Binh Thanh,10.78948793356203,106.71518838181179,36,36,1.0
2025-11-21 12:22:38,Cong Hoa,Tan Binh,10.80223925742187,106.6478722259914,25,41,1.0
2025-11-21 12:22:50,Truong Son / Tan Son Nhat Blvd,Gan san bay,10.813928881466124,106.66511432455972,20,34,1.0
2025-11-21 12:23:02,Nguyen Trai,Quan 5,10.755608615763382,106.67347943578082,18,28,0.997886
2025-11-21 12:23:14,Le Duan,Quan 1,10.782680856341083,106.70051548181169,18,30,1.0
2025-11-21 12:23:26,Tran Hung Dao ,Quan 5,10.754895139302109,106.67839188181134,22,32,1.0
2025-11-21 12:23:26,Tran Quoc Thao,Quan 3,10.785070445194592,106.68331340921323,14,28,1.0
2025-11-21 12:23:27,Tran Hung Dao,Quan 5,10.7549373008113,106.67848844133415,22,32,1.0
2025-11-21 12:23:28,Cach Mang Thang 8 (CMT8),Quan 3,10.77898143649726,106.67684447140958,23,34,1.0
2025-11-21 12:23:29,Pham Ngu Lao / Bui Vien,Quan 1,10.767112828386699,106.6927618222887,11,19,1.0
2025-11-21 12:23:41,Nguyen Thi Minh Khai,Quan 3,10.77847212665258,106.69389510879643,29,41,1.0
2025-11-21 12:23:53,Nguyen Van Troi,Phu Nhuan,10.796057790235078,106.67492629345334,19,34,0.998954
2025-11-21 12:24:05,Pham Van Dong,Go Vap,10.835298215641501,106.72935479345391,36,42,0.996214
2025-11-21 12:24:06,Cong truong lam son,Quan 1,10.777562007197462,106.7041335430398,17,30,1.0
2025-11-21 12:24:07,Nguyen Oanh ,Go Vap,10.83886351241477,106.67566625482782,26,36,1.0
2025-11-21 12:24:08,Le Hong Phong,Quan 10,10.765187049751795,106.67550552599073,21,36,1.0
2025-11-21 12:24:09,Nguyen Van Cu,Quan 5,10.759484371982321,106.6840537511244,17,27,1.0
2025-11-21 12:24:10,Nga tu Binh Phuoc,Ngoai o,10.865229381280965,106.72366973948475,36,49,1.0
2025-11-21 12:24:17,Phu My Hung ,Quan 7,10.72279213640514,106.72808623948244,28,37,1.0
2025-11-21 12:24:18,Nguyen Thai Son,Phu Nhuan,10.823400120373712,106.68551227436063,23,31,1.0
2025-11-21 12:24:19,An Duong Vuong,Quan 8,10.756158554057757,106.66631758181126,20,29,1.0
2025-11-21 12:24:20,Huynh Tan Phat,Nha Be,10.7144382088356,106.73711688366167,26,35,1.0
2025-11-21 12:24:29,Truong Chinh,Tan Binh ,10.817236653231737,106.63191539530457,21,35,1.0
2025-11-21 12:26:41,Cho Ben Thanh,Quan 1,10.772727584493625,106.69804225297563,14,23,0.968292
2025-11-21 12:26:42,Duong Nguyen Hue,Quan 1,10.774028664434528,106.70357076461706,15,27,1.0
2025-11-21 12:26:43,Nguyen Van Linh,Quan 7,10.752616652291238,106.72509685338922,39,39,1.0
2025-11-21 12:26:44,Vo Van Kiet,Quan 5,10.745754766198267,106.65326266831877,37,43,1.0
2025-11-21 12:26:45,Xa lo Ha Noi,QL1A,10.94927106740351,106.87196348224562,32,41,1.0
2025-11-21 12:26:46,Duong Dien Bien Phu,Quan 1,10.78866360854368,106.69551372228901,34,41,1.0
2025-11-21 12:26:58,Nga tu Hang Xanh,Binh Thanh,10.801406421807085,106.71148440879679,34,41,1.0
2025-11-21 12:27:10,Nga tu An Suong,Hoc Mon,10.843150534972033,106.6151343241409,21,35,1.0
2025-11-21 12:27:11,Ben xe Mien Dong,Quan 9,10.880537767027526,106.81481342866444,42,53,1.0
2025-11-21 12:27:12,Ben xe Mien Tay,Binh Tan,10.740840166521663,106.61899246873142,26,35,1.0
2025-11-21 12:27:13,Cau Sai Gon,Quan 2 ,10.798986343749618,106.72697056646841,45,45,1.0
2025-11-21 12:27:13,Cau Phu My,Q2,10.741860769464234,106.73790365482627,45,45,1.0
2025-11-21 12:27:14,Cau Kenh Te,Q4,10.752408891679814,106.7022703818112,23,34,1.0
2025-11-21 12:27:15,Cau Thu Thiem,Quan 2,10.786216596454727,106.71836665482695,40,40,1.0
2025-11-21 12:27:16,Nguyen Huu Canh,Binh Thanh,10.78948793356203,106.71518838181179,36,36,1.0
2025-11-21 12:27:17,Cong Hoa,Tan Binh,10.80223925742187,106.6478722259914,29,42,1.0
2025-11-21 12:27:18,Truong Son / Tan Son Nhat Blvd,Gan san bay,10.813928881466124,106.66511432455972,20,34,0.999057
2025-11-21 12:27:22,Nguyen Trai,Quan 5,10.755608615763382,106.67347943578082,20,28,0.998951
2025-11-21 12:27:34,Le Duan,Quan 1,10.782680856341083,106.70051548181169,18,30,1.0
2025-11-21 12:27:35,Tran Hung Dao ,Quan 5,10.754895139302109,106.67839188181134,22,32,1.0
2025-11-21 12:27:36,Tran Quoc Thao,Quan 3,10.785070445194592,106.68331340921323,12,28,1.0
2025-11-21 12:27:36,Tran Hung Dao,Quan 5,10.7549373008113,106.67848844133415,22,32,1.0
2025-11-21 12:27:37,Cach Mang Thang 8 (CMT8),Quan 3,10.77898143649726,106.67684447140958,22,34,1.0
2025-11-21 12:27:38,Pham Ngu Lao / Bui Vien,Quan 1,10.767112828386699,106.6927618222887,15,19,1.0
2025-11-21 12:27:50,Nguyen Thi Minh Khai,Quan 3,10.77847212665258,106.69389510879643,30,41,1.0
2025-11-21 12:28:02,Nguyen Van Troi,Phu Nhuan,10.796057790235078,106.67492629345334,20,34,0.998955
2025-11-21 12:28:14,Pham Van Dong,Go Vap,10.835298215641501,106.72935479345391,35,42,0.997778
2025-11-21 12:28:15,Cong truong lam son,Quan 1,10.777562007197462,106.7041335430398,19,30,1.0
2025-11-21 12:28:16,Nguyen Oanh ,Go Vap,10.83886351241477,106.67566625482782,26,35,1.0
2025-11-21 12:28:17,Le Hong Phong,Quan 10,10.765187049751795,106.67550552599073,23,36,1.0
2025-11-21 12:28:18,Nguyen Van Cu,Quan 5,10.759484371982321,106.6840537511244,19,27,0.998954
2025-11-21 12:28:19,Nga tu Binh Phuoc,Ngoai o,10.865229381280965,106.72366973948475,37,49,1.0
2025-11-21 12:28:20,Phu My Hung ,Quan 7,10.72279213640514,106.72808623948244,30,37,0.997961
2025-11-21 12:28:21,Nguyen Thai Son,Phu Nhuan,10.823400120373712,106.68551227436063,20,32,1.0
2025-11-21 12:28:22,An Duong Vuong,Quan 8,10.756158554057757,106.66631758181126,21,29,1.0
2025-11-21 12:28:23,Huynh Tan Phat,Nha Be,10.7144382088356,106.73711688366167,27,35,1.0
2025-11-21 12:28:24,Truong Chinh,Tan Binh ,10.817236653231737,106.63191539530457,23,35,1.0
2025-11-21 12:30:35,Cho Ben Thanh,Quan 1,10.772727584493625,106.69804225297563,12,22,0.968292
2025-11-21 12:30:36,Duong Nguyen Hue,Quan 1,10.774028664434528,106.70357076461706,13,28,1.0
2025-11-21 12:30:37,Nguyen Van Linh,Quan 7,10.752616652291238,106.72509685338922,32,39,1.0
2025-11-21 12:30:38,Vo Van Kiet,Quan 5,10.745754766198267,106.65326266831877,35,43,1.0
2025-11-21 12:30:39,Xa lo Ha Noi,QL1A,10.94927106740351,106.87196348224562,31,42,1.0
2025-11-21 12:30:51,Duong Dien Bien Phu,Quan 1,10.78866360854368,106.69551372228901,34,41,1.0
2025-11-21 12:31:03,Nga tu Hang Xanh,Binh Thanh,10.801406421807085,106.71148440879679,34,42,1.0
2025-11-21 12:31:04,Nga tu An Suong,Hoc Mon,10.843150534972033,106.6151343241409,23,35,1.0
2025-11-21 12:31:16,Ben xe Mien Dong,Quan 9,10.880537767027526,106.81481342866444,42,53,1.0
2025-11-21 12:31:28,Ben xe Mien Tay,Binh Tan,10.740840166521663,106.61899246873142,28,35,1.0
2025-11-21 12:31:29,Cau Sai Gon,Quan 2 ,10.798986343749618,106.72697056646841,45,45,1.0
2025-11-21 12:31:30,Cau Phu My,Q2,10.741860769464234,106.73790365482627,45,45,1.0
2025-11-21 12:31:31,Cau Kenh Te,Q4,10.752408891679814,106.7022703818112,24,33,1.0
2025-11-21 12:31:31,Cau Thu Thiem,Quan 2,10.786216596454727,106.71836665482695,40,40,1.0
2025-11-21 12:31:32,Nguyen Huu Canh,Binh Thanh,10.78948793356203,106.71518838181179,36,36,1.0
2025-11-21 12:31:40,Cong Hoa,Tan Binh,10.80223925742187,106.6478722259914,29,41,1.0
2025-11-21 12:31:52,Truong Son / Tan Son Nhat Blvd,Gan san bay,10.813928881466124,106.66511432455972,22,34,0.998758
2025-11-21 12:31:53,Nguyen Trai,Quan 5,10.755608615763382,106.67347943578082,20,27,0.998951
2025-11-21 12:31:54,Le Duan,Quan 1,10.782680856341083,106.70051548181169,18,30,1.0
2025-11-21 12:31:54,Tran Hung Dao ,Quan 5,10.754895139302109,106.67839188181134,24,32,1.0
2025-11-21 12:31:55,Tran Quoc Thao,Quan 3,10.785070445194592,106.68331340921323,14,27,1.0
2025-11-21 12:31:56,Tran Hung Dao,Quan 5,10.7549373008113,106.67848844133415,24,32,1.0
2025-11-21 12:32:04,Cach Mang Thang 8 (CMT8),Quan 3,10.77898143649726,106.67684447140958,22,34,1.0
2025-11-21 12:32:16,Pham Ngu Lao / Bui Vien,Quan 1,10.767112828386699,106.6927618222887,20,20,1.0
2025-11-21 12:32:28,Nguyen Thi Minh Khai,Quan 3,10.77847212665258,106.69389510879643,29,41,1.0
2025-11-21 12:32:29,Nguyen Van Troi,Phu Nhuan,10.796057790235078,106.67492629345334,21,34,0.999427
2025-11-21 12:32:30,Pham Van Dong,Go Vap,10.835298215641501,106.72935479345391,34,42,0.998322
2025-11-21 12:32:42,Cong truong lam son,Quan 1,10.777562007197462,106.7041335430398,18,30,1.0
2025-11-21 12:32:54,Nguyen Oanh ,Go Vap,10.83886351241477,106.67566625482782,27,36,0.997426
2025-11-21 12:32:55,Le Hong Phong,Quan 10,10.765187049751795,106.67550552599073,22,36,1.0
2025-11-21 12:32:55,Nguyen Van Cu,Quan 5,10.759484371982321,106.6840537511244,19,27,1.0
2025-11-21 12:32:56,Nga tu Binh Phuoc,Ngoai o,10.865229381280965,106.72366973948475,39,50,1.0
2025-11-21 12:33:08,Phu My Hung ,Quan 7,10.72279213640514,106.72808623948244,28,37,0.998245
2025-11-21 12:33:09,Nguyen Thai Son,Phu Nhuan,10.823400120373712,106.68551227436063,25,31,1.0
2025-11-21 12:33:10,An Duong Vuong,Quan 8,10.756158554057757,106.66631758181126,19,29,1.0
2025-11-21 12:33:11,Huynh Tan Phat,Nha Be,10.7144382088356,106.73711688366167,26,35,1.0
2025-11-21 12:33:12,Truong Chinh,Tan Binh ,10.817236653231737,106.63191539530457,22,35,1.0
2025-11-21 12:35:25,Cho Ben Thanh,Quan 1,10.772727584493625,106.69804225297563,14,23,0.968292
2025-11-21 12:35:26,Duong Nguyen Hue,Quan 1,10.774028664434528,106.70357076461706,19,28,1.0
2025-11-21 12:35:27,Nguyen Van Linh,Quan 7,10.752616652291238,106.72509685338922,39,39,1.0
2025-11-21 12:35:28,Vo Van Kiet,Quan 5,10.745754766198267,106.65326266831877,42,42,1.0
2025-11-21 12:35:29,Xa lo Ha Noi,QL1A,10.94927106740351,106.87196348224562,30,42,1.0
2025-11-21 12:35:30,Duong Dien Bien Phu,Quan 1,10.78866360854368,106.69551372228901,34,41,1.0
2025-11-21 12:35:43,Nga tu Hang Xanh,Binh Thanh,10.801406421807085,106.71148440879679,34,42,1.0
2025-11-21 12:35:56,Nga tu An Suong,Hoc Mon,10.843150534972033,106.6151343241409,22,35,1.0
2025-11-21 12:35:56,Ben xe Mien Dong,Quan 9,10.880537767027526,106.81481342866444,43,53,1.0
2025-11-21 12:35:57,Ben xe Mien Tay,Binh Tan,10.740840166521663,106.61899246873142,27,36,1.0
2025-11-21 12:35:59,Cau Sai Gon,Quan 2 ,10.798986343749618,106.72697056646841,45,45,1.0
2025-11-21 12:35:59,Cau Phu My,Q2,10.741860769464234,106.73790365482627,45,45,1.0
2025-11-21 12:36:00,Cau Kenh Te,Q4,10.752408891679814,106.7022703818112,25,34,1.0
2025-11-21 12:36:13,Cau Thu Thiem,Quan 2,10.786216596454727,106.71836665482695,40,40,1.0
2025-11-21 12:36:26,Nguyen Huu Canh,Binh Thanh,10.78948793356203,106.71518838181179,36,36,1.0
2025-11-21 12:36:27,Cong Hoa,Tan Binh,10.80223925742187,106.6478722259914,29,41,1.0
2025-11-21 12:36:28,Truong Son / Tan Son Nhat Blvd,Gan san bay,10.813928881466124,106.66511432455972,23,34,0.998691
2025-11-21 12:36:29,Nguyen Trai,Quan 5,10.755608615763382,106.67347943578082,19,28,1.0
2025-11-21 12:36:30,Le Duan,Quan 1,10.782680856341083,106.70051548181169,18,30,1.0
2025-11-21 12:36:31,Tran Hung Dao ,Quan 5,10.754895139302109,106.67839188181134,24,32,1.0
2025-11-21 12:36:44,Tran Quoc Thao,Quan 3,10.785070445194592,106.68331340921323,12,27,1.0
2025-11-21 12:36:57,Tran Hung Dao,Quan 5,10.7549373008113,106.67848844133415,24,32,1.0
2025-11-21 12:36:58,Cach Mang Thang 8 (CMT8),Quan 3,10.77898143649726,106.67684447140958,23,35,1.0
2025-11-21 12:36:59,Pham Ngu Lao / Bui Vien,Quan 1,10.767112828386699,106.6927618222887,11,20,1.0
2025-11-21 12:37:00,Nguyen Thi Minh Khai,Quan 3,10.77847212665258,106.69389510879643,30,42,1.0
2025-11-21 12:37:00,Nguyen Van Troi,Phu Nhuan,10.796057790235078,106.67492629345334,23,34,0.998691
2025-11-21 12:37:01,Pham Van Dong,Go Vap,10.835298215641501,106.72935479345391,35,42,0.997961
2025-11-21 12:37:14,Cong truong lam son,Quan 1,10.777562007197462,106.7041335430398,17,30,1.0
2025-11-21 12:37:26,Nguyen Oanh ,Go Vap,10.83886351241477,106.67566625482782,27,36,1.0
2025-11-21 12:37:27,Le Hong Phong,Quan 10,10.765187049751795,106.67550552599073,25,36,1.0
2025-11-21 12:37:28,Nguyen Van Cu,Quan 5,10.759484371982321,106.6840537511244,19,27,1.0
2025-11-21 12:37:29,Nga tu Binh Phuoc,Ngoai o,10.865229381280965,106.72366973948475,38,49,1.0
2025-11-21 12:37:30,Phu My Hung ,Quan 7,10.72279213640514,106.72808623948244,28,37,0.998741
2025-11-21 12:37:31,Nguyen Thai Son,Phu Nhuan,10.823400120373712,106.68551227436063,23,31,1.0
2025-11-21 12:37:43,An Duong Vuong,Quan 8,10.756158554057757,106.66631758181126,20,29,1.0
2025-11-21 12:37:55,Huynh Tan Phat,Nha Be,10.7144382088356,106.73711688366167,28,35,1.0
2025-11-21 12:37:55,Truong Chinh,Tan Binh ,10.817236653231737,106.63191539530457,22,34,1.0
2025-11-21 12:40:07,Cho Ben Thanh,Quan 1,10.772727584493625,106.69804225297563,14,23,0.968292
2025-11-21 12:40:08,Duong Nguyen Hue,Quan 1,10.774028664434528,106.70357076461706,18,27,1.0
2025-11-21 12:40:09,Nguyen Van Linh,Quan 7,10.752616652291238,106.72509685338922,39,39,1.0
2025-11-21 12:40:10,Vo Van Kiet,Quan 5,10.745754766198267,106.65326266831877,36,42,0.999762
2025-11-21 12:40:11,Xa lo Ha Noi,QL1A,10.94927106740351,106.87196348224562,30,41,1.0
2025-11-21 12:40:12,Duong Dien Bien Phu,Quan 1,10.78866360854368,106.69551372228901,33,42,1.0
2025-11-21 12:40:13,Nga tu Hang Xanh,Binh Thanh,10.801406421807085,106.71148440879679,33,42,1.0
2025-11-21 12:40:14,Nga tu An Suong,Hoc Mon,10.843150534972033,106.6151343241409,23,35,1.0
2025-11-21 12:40:15,Ben xe Mien Dong,Quan 9,10.880537767027526,106.81481342866444,43,52,1.0
2025-11-21 12:40:16,Ben xe Mien Tay,Binh Tan,10.740840166521663,106.61899246873142,27,35,1.0
2025-11-21 12:40:16,Cau Sai Gon,Quan 2 ,10.798986343749618,106.72697056646841,45,45,1.0
2025-11-21 12:40:18,Cau Phu My,Q2,10.741860769464234,106.73790365482627,45,45,1.0
2025-11-21 12:40:18,Cau Kenh Te,Q4,10.752408891679814,106.7022703818112,25,34,1.0
2025-11-21 12:40:19,Cau Thu Thiem,Quan 2,10.786216596454727,106.71836665482695,40,40,1.0
2025-11-21 12:40:23,Nguyen Huu Canh,Binh Thanh,10.78948793356203,106.71518838181179,36,36,1.0
2025-11-21 12:40:24,Cong Hoa,Tan Binh,10.80223925742187,106.6478722259914,27,41,1.0
2025-11-21 12:40:25,Truong Son / Tan Son Nhat Blvd,Gan san bay,10.813928881466124,106.66511432455972,22,34,0.998956
2025-11-21 12:40:26,Nguyen Trai,Quan 5,10.755608615763382,106.67347943578082,18,28,1.0
2025-11-21 12:40:27,Le Duan,Quan 1,10.782680856341083,106.70051548181169,18,30,1.0
2025-11-21 12:40:28,Tran Hung Dao ,Quan 5,10.754895139302109,106.67839188181134,23,33,1.0
2025-11-21 12:40:28,Tran Quoc Thao,Quan 3,10.785070445194592,106.68331340921323,14,28,1.0
2025-11-21 12:40:29,Tran Hung Dao,Quan 5,10.7549373008113,106.67848844133415,23,33,1.0
2025-11-21 12:40:31,Cach Mang Thang 8 (CMT8),Quan 3,10.77898143649726,106.67684447140958,23,34,1.0
2025-11-21 12:40:32,Pham Ngu Lao / Bui Vien,Quan 1,10.767112828386699,106.6927618222887,7,21,1.0
2025-11-21 12:40:35,Nguyen Thi Minh Khai,Quan 3,10.77847212665258,106.69389510879643,30,41,1.0
2025-11-21 12:40:36,Nguyen Van Troi,Phu Nhuan,10.796057790235078,106.67492629345334,22,34,0.998484
2025-11-21 12:40:39,Pham Van Dong,Go Vap,10.835298215641501,106.72935479345391,42,42,1.0
2025-11-21 12:40:40,Cong truong lam son,Quan 1,10.777562007197462,106.7041335430398,18,30,1.0
2025-11-21 12:40:47,Nguyen Oanh ,Go Vap,10.83886351241477,106.67566625482782,26,36,1.0
2025-11-21 12:40:59,Le Hong Phong,Quan 10,10.765187049751795,106.67550552599073,20,35,1.0
2025-11-21 12:41:00,Nguyen Van Cu,Quan 5,10.759484371982321,106.6840537511244,18,27,1.0
2025-11-21 12:41:01,Nga tu Binh Phuoc,Ngoai o,10.865229381280965,106.72366973948475,38,49,1.0
2025-11-21 12:41:02,Phu My Hung ,Quan 7,10.72279213640514,106.72808623948244,29,37,0.998303
2025-11-21 12:41:03,Nguyen Thai Son,Phu Nhuan,10.823400120373712,106.68551227436063,25,31,1.0
2025-11-21 12:41:03,An Duong Vuong,Quan 8,10.756158554057757,106.66631758181126,21,29,1.0
2025-11-21 12:41:16,Huynh Tan Phat,Nha Be,10.7144382088356,106.73711688366167,27,35,1.0
2025-11-21 12:41:28,Truong Chinh,Tan Binh ,10.817236653231737,106.63191539530457,22,34,1.0
2025-11-21 12:43:40,Cho Ben Thanh,Quan 1,10.772727584493625,106.69804225297563,13,22,0.968292
2025-11-21 12:43:40,Duong Nguyen Hue,Quan 1,10.774028664434528,106.70357076461706,16,28,1.0
2025-11-21 12:43:41,Nguyen Van Linh,Quan 7,10.752616652291238,106.72509685338922,39,39,1.0
2025-11-21 12:43:42,Vo Van Kiet,Quan 5,10.745754766198267,106.65326266831877,36,43,1.0
2025-11-21 12:43:43,Xa lo Ha Noi,QL1A,10.94927106740351,106.87196348224562,30,42,1.0
2025-11-21 12:43:44,Duong Dien Bien Phu,Quan 1,10.78866360854368,106.69551372228901,34,41,1.0
2025-11-21 12:43:56,Nga tu Hang Xanh,Binh Thanh,10.801406421807085,106.71148440879679,34,41,1.0
2025-11-21 12:44:08,Nga tu An Suong,Hoc Mon,10.843150534972033,106.6151343241409,22,34,1.0
2025-11-21 12:44:20,Ben xe Mien Dong,Quan 9,10.880537767027526,106.81481342866444,43,53,1.0
2025-11-21 12:44:21,Ben xe Mien Tay,Binh Tan,10.740840166521663,106.61899246873142,26,35,1.0
2025-11-21 12:44:22,Cau Sai Gon,Quan 2 ,10.798986343749618,106.72697056646841,45,45,1.0
2025-11-21 12:44:23,Cau Phu My,Q2,10.741860769464234,106.73790365482627,36,43,1.0
2025-11-21 12:44:24,Cau Kenh Te,Q4,10.752408891679814,106.7022703818112,22,33,1.0
2025-11-21 12:44:25,Cau Thu Thiem,Quan 2,10.786216596454727,106.71836665482695,40,40,1.0
2025-11-21 12:44:26,Nguyen Huu Canh,Binh Thanh,10.78948793356203,106.71518838181179,36,36,1.0
2025-11-21 12:44:26,Cong Hoa,Tan Binh,10.80223925742187,106.6478722259914,28,41,1.0
2025-11-21 12:44:27,Truong Son / Tan Son Nhat Blvd,Gan san bay,10.813928881466124,106.66511432455972,21,34,0.998405
2025-11-21 12:44:37,Nguyen Trai,Quan 5,10.755608615763382,106.67347943578082,17,28,1.0
2025-11-21 12:44:49,Le Duan,Quan 1,10.782680856341083,106.70051548181169,17,30,1.0
2025-11-21 12:45:00,Tran Hung Dao ,Quan 5,10.754895139302109,106.67839188181134,21,33,1.0
2025-11-21 12:45:01,Tran Quoc Thao,Quan 3,10.785070445194592,106.68331340921323,13,27,1.0
2025-11-21 12:45:02,Tran Hung Dao,Quan 5,10.7549373008113,106.67848844133415,22,33,1.0
2025-11-21 12:45:03,Cach Mang Thang 8 (CMT8),Quan 3,10.77898143649726,106.67684447140958,22,34,1.0
2025-11-21 12:45:04,Pham Ngu Lao / Bui Vien,Quan 1,10.767112828386699,106.6927618222887,12,20,1.0
2025-11-21 12:45:05,Nguyen Thi Minh Khai,Quan 3,10.77847212665258,106.69389510879643,29,41,1.0
2025-11-21 12:45:06,Nguyen Van Troi,Phu Nhuan,10.796057790235078,106.67492629345334,21,34,0.998405
2025-11-21 12:45:07,Pham Van Dong,Go Vap,10.835298215641501,106.72935479345391,35,42,0.998382
2025-11-21 12:45:08,Cong truong lam son,Quan 1,10.777562007197462,106.7041335430398,18,30,1.0
2025-11-21 12:45:09,Nguyen Oanh ,Go Vap,10.83886351241477,106.67566625482782,26,36,1.0
2025-11-21 12:45:10,Le Hong Phong,Quan 10,10.765187049751795,106.67550552599073,24,36,1.0
2025-11-21 12:45:11,Nguyen Van Cu,Quan 5,10.759484371982321,106.6840537511244,18,28,1.0
2025-11-21 12:45:23,Nga tu Binh Phuoc,Ngoai o,10.865229381280965,106.72366973948475,38,50,1.0
2025-11-21 12:45:23,Phu My Hung ,Quan 7,10.72279213640514,106.72808623948244,29,36,0.998245
2025-11-21 12:45:24,Nguyen Thai Son,Phu Nhuan,10.823400120373712,106.68551227436063,23,31,1.0
2025-11-21 12:45:25,An Duong Vuong,Quan 8,10.756158554057757,106.66631758181126,20,30,1.0
2025-11-21 12:45:26,Huynh Tan Phat,Nha Be,10.7144382088356,106.73711688366167,27,35,1.0
2025-11-21 12:45:27,Truong Chinh,Tan Binh ,10.817236653231737,106.63191539530457,21,34,1.0
2025-11-21 12:47:39,Cho Ben Thanh,Quan 1,10.772727584493625,106.69804225297563,14,22,0.968292
2025-11-21 12:47:40,Duong Nguyen Hue,Quan 1,10.774028664434528,106.70357076461706,21,29,1.0
2025-11-21 12:47:41,Nguyen Van Linh,Quan 7,10.752616652291238,106.72509685338922,31,39,1.0
2025-11-21 12:47:42,Vo Van Kiet,Quan 5,10.745754766198267,106.65326266831877,36,43,1.0
2025-11-21 12:47:43,Xa lo Ha Noi,QL1A,10.94927106740351,106.87196348224562,26,41,1.0
2025-11-21 12:47:55,Duong Dien Bien Phu,Quan 1,10.78866360854368,106.69551372228901,33,42,1.0
2025-11-21 12:48:07,Nga tu Hang Xanh,Binh Thanh,10.801406421807085,106.71148440879679,33,42,1.0
2025-11-21 12:48:08,Nga tu An Suong,Hoc Mon,10.843150534972033,106.6151343241409,23,35,1.0
2025-11-21 12:48:09,Ben xe Mien Dong,Quan 9,10.880537767027526,106.81481342866444,45,53,1.0
2025-11-21 12:48:10,Ben xe Mien Tay,Binh Tan,10.740840166521663,106.61899246873142,27,35,1.0
2025-11-21 12:48:11,Cau Sai Gon,Quan 2 ,10.798986343749618,106.72697056646841,45,45,1.0
2025-11-21 12:48:12,Cau Phu My,Q2,10.741860769464234,106.73790365482627,45,45,1.0
2025-11-21 12:48:13,Cau Kenh Te,Q4,10.752408891679814,106.7022703818112,26,34,1.0
2025-11-21 12:48:14,Cau Thu Thiem,Quan 2,10.786216596454727,106.71836665482695,40,40,1.0
2025-11-21 12:48:20,Nguyen Huu Canh,Binh Thanh,10.78948793356203,106.71518838181179,36,36,1.0
2025-11-21 12:48:21,Cong Hoa,Tan Binh,10.80223925742187,106.6478722259914,25,41,1.0
2025-11-21 12:48:22,Truong Son / Tan Son Nhat Blvd,Gan san bay,10.813928881466124,106.66511432455972,23,34,0.998667
2025-11-21 12:48:23,Nguyen Trai,Quan 5,10.755608615763382,106.67347943578082,19,27,0.998951
2025-11-21 12:48:24,Le Duan,Quan 1,10.782680856341083,106.70051548181169,18,30,1.0
2025-11-21 12:48:25,Tran Hung Dao ,Quan 5,10.754895139302109,106.67839188181134,21,32,1.0
2025-11-21 12:48:25,Tran Quoc Thao,Quan 3,10.785070445194592,106.68331340921323,17,27,1.0
2025-11-21 12:48:32,Tran Hung Dao,Quan 5,10.7549373008113,106.67848844133415,21,32,1.0
2025-11-21 12:48:44,Cach Mang Thang 8 (CMT8),Quan 3,10.77898143649726,106.67684447140958,23,34,1.0
2025-11-21 12:48:45,Pham Ngu Lao / Bui Vien,Quan 1,10.767112828386699,106.6927618222887,20,20,1.0
2025-11-21 12:48:46,Nguyen Thi Minh Khai,Quan 3,10.77847212665258,106.69389510879643,30,41,1.0
2025-11-21 12:48:47,Nguyen Van Troi,Phu Nhuan,10.796057790235078,106.67492629345334,21,34,0.998955
2025-11-21 12:48:48,Pham Van Dong,Go Vap,10.835298215641501,106.72935479345391,35,43,0.998558
2025-11-21 12:48:49,Cong truong lam son,Quan 1,10.777562007197462,106.7041335430398,18,30,1.0
2025-11-21 12:49:00,Nguyen Oanh ,Go Vap,10.83886351241477,106.67566625482782,30,36,0.998083
2025-11-21 12:49:12,Le Hong Phong,Quan 10,10.765187049751795,106.67550552599073,22,35,1.0
2025-11-21 12:49:13,Nguyen Van Cu,Quan 5,10.759484371982321,106.6840537511244,20,27,1.0
2025-11-21 12:49:25,Nga tu Binh Phuoc,Ngoai o,10.865229381280965,106.72366973948475,37,49,1.0
2025-11-21 12:49:26,Phu My Hung ,Quan 7,10.72279213640514,106.72808623948244,29,37,0.998245
2025-11-21 12:49:27,Nguyen Thai Son,Phu Nhuan,10.823400120373712,106.68551227436063,22,31,1.0
2025-11-21 12:49:28,An Duong Vuong,Quan 8,10.756158554057757,106.66631758181126,18,29,1.0
2025-11-21 12:49:29,Huynh Tan Phat,Nha Be,10.7144382088356,106.73711688366167,26,35,1.0
2025-11-21 12:49:30,Truong Chinh,Tan Binh ,10.817236653231737,106.63191539530457,24,35,1.0
2025-11-21 12:51:42,Cho Ben Thanh,Quan 1,10.772727584493625,106.69804225297563,14,23,0.968292
2025-11-21 12:51:43,Duong Nguyen Hue,Quan 1,10.774028664434528,106.70357076461706,29,29,1.0
2025-11-21 12:51:44,Nguyen Van Linh,Quan 7,10.752616652291238,106.72509685338922,39,39,1.0
2025-11-21 12:51:44,Vo Van Kiet,Quan 5,10.745754766198267,106.65326266831877,34,42,1.0
2025-11-21 12:51:45,Xa lo Ha Noi,QL1A,10.94927106740351,106.87196348224562,34,41,1.0
2025-11-21 12:51:46,Duong Dien Bien Phu,Quan 1,10.78866360854368,106.69551372228901,33,42,1.0
2025-11-21 12:51:58,Nga tu Hang Xanh,Binh Thanh,10.801406421807085,106.71148440879679,33,42,1.0
2025-11-21 12:51:59,Nga tu An Suong,Hoc Mon,10.843150534972033,106.6151343241409,23,35,1.0
2025-11-21 12:52:00,Ben xe Mien Dong,Quan 9,10.880537767027526,106.81481342866444,43,53,1.0
2025-11-21 12:52:01,Ben xe Mien Tay,Binh Tan,10.740840166521663,106.61899246873142,27,35,1.0
2025-11-21 12:52:13,Cau Sai Gon,Quan 2 ,10.798986343749618,106.72697056646841,45,45,1.0
2025-11-21 12:52:25,Cau Phu My,Q2,10.741860769464234,106.73790365482627,37,44,1.0
2025-11-21 12:52:26,Cau Kenh Te,Q4,10.752408891679814,106.7022703818112,25,34,1.0
2025-11-21 12:52:27,Cau Thu Thiem,Quan 2,10.786216596454727,106.71836665482695,40,40,1.0
2025-11-21 12:52:27,Nguyen Huu Canh,Binh Thanh,10.78948793356203,106.71518838181179,36,36,1.0
2025-11-21 12:52:28,Cong Hoa,Tan Binh,10.80223925742187,106.6478722259914,27,41,1.0
2025-11-21 12:52:40,Truong Son / Tan Son Nhat Blvd,Gan san bay,10.813928881466124,106.66511432455972,22,33,0.998772
2025-11-21 12:52:41,Nguyen Trai,Quan 5,10.755608615763382,106.67347943578082,17,28,1.0
2025-11-21 12:52:52,Le Duan,Quan 1,10.782680856341083,106.70051548181169,18,30,1.0
2025-11-21 12:53:14,Tran Hung Dao ,Quan 5,10.754895139302109,106.67839188181134,23,32,1.0
2025-11-21 12:53:15,Tran Quoc Thao,Quan 3,10.785070445194592,106.68331340921323,17,27,1.0
2025-11-21 12:53:16,Tran Hung Dao,Quan 5,10.7549373008113,106.67848844133415,23,32,1.0
2025-11-21 12:53:17,Cach Mang Thang 8 (CMT8),Quan 3,10.77898143649726,106.67684447140958,24,34,1.0
2025-11-21 12:53:18,Pham Ngu Lao / Bui Vien,Quan 1,10.767112828386699,106.6927618222887,13,20,1.0
2025-11-21 12:53:19,Nguyen Thi Minh Khai,Quan 3,10.77847212665258,106.69389510879643,30,41,1.0
2025-11-21 12:53:30,Nguyen Van Troi,Phu Nhuan,10.796057790235078,106.67492629345334,21,34,1.0
2025-11-21 12:53:42,Pham Van Dong,Go Vap,10.835298215641501,106.72935479345391,35,42,0.998917
2025-11-21 12:53:43,Cong truong lam son,Quan 1,10.777562007197462,106.7041335430398,18,30,1.0
2025-11-21 12:53:43,Nguyen Oanh ,Go Vap,10.83886351241477,106.67566625482782,27,36,1.0
2025-11-21 12:53:44,Le Hong Phong,Quan 10,10.765187049751795,106.67550552599073,22,36,1.0
2025-11-21 12:53:45,Nguyen Van Cu,Quan 5,10.759484371982321,106.6840537511244,16,28,0.998951
2025-11-21 12:53:46,Nga tu Binh Phuoc,Ngoai o,10.865229381280965,106.72366973948475,37,49,1.0
2025-11-21 12:53:58,Phu My Hung ,Quan 7,10.72279213640514,106.72808623948244,28,37,0.997703
2025-11-21 12:54:10,Nguyen Thai Son,Phu Nhuan,10.823400120373712,106.68551227436063,32,32,1.0
2025-11-21 12:54:22,An Duong Vuong,Quan 8,10.756158554057757,106.66631758181126,17,29,1.0
2025-11-21 12:54:23,Huynh Tan Phat,Nha Be,10.7144382088356,106.73711688366167,27,35,1.0
2025-11-21 12:54:24,Truong Chinh,Tan Binh ,10.817236653231737,106.63191539530457,24,35,1.0
2025-11-21 12:56:36,Cho Ben Thanh,Quan 1,10.772727584493625,106.69804225297563,12,22,0.968292
2025-11-21 12:56:37,Duong Nguyen Hue,Quan 1,10.774028664434528,106.70357076461706,23,28,1.0
2025-11-21 12:56:38,Nguyen Van Linh,Quan 7,10.752616652291238,106.72509685338922,39,39,1.0
2025-11-21 12:56:39,Vo Van Kiet,Quan 5,10.745754766198267,106.65326266831877,35,43,1.0
2025-11-21 12:56:40,Xa lo Ha Noi,QL1A,10.94927106740351,106.87196348224562,33,41,1.0
2025-11-21 12:56:40,Duong Dien Bien Phu,Quan 1,10.78866360854368,106.69551372228901,33,42,1.0
2025-11-21 12:56:52,Nga tu Hang Xanh,Binh Thanh,10.801406421807085,106.71148440879679,33,42,1.0
2025-11-21 12:57:04,Nga tu An Suong,Hoc Mon,10.843150534972033,106.6151343241409,23,35,1.0
2025-11-21 12:57:16,Ben xe Mien Dong,Quan 9,10.880537767027526,106.81481342866444,45,53,1.0
2025-11-21 12:57:17,Ben xe Mien Tay,Binh Tan,10.740840166521663,106.61899246873142,26,35,1.0
2025-11-21 12:57:18,Cau Sai Gon,Quan 2 ,10.798986343749618,106.72697056646841,45,45,1.0
2025-11-21 12:57:19,Cau Phu My,Q2,10.741860769464234,106.73790365482627,35,44,1.0
2025-11-21 12:57:20,Cau Kenh Te,Q4,10.752408891679814,106.7022703818112,25,33,1.0
2025-11-21 12:57:32,Cau Thu Thiem,Quan 2,10.786216596454727,106.71836665482695,40,40,1.0
2025-11-21 12:57:44,Nguyen Huu Canh,Binh Thanh,10.78948793356203,106.71518838181179,36,36,1.0
2025-11-21 12:57:45,Cong Hoa,Tan Binh,10.80223925742187,106.6478722259914,33,41,1.0
2025-11-21 12:57:46,Truong Son / Tan Son Nhat Blvd,Gan san bay,10.813928881466124,106.66511432455972,21,34,0.999244
2025-11-21 12:57:47,Nguyen Trai,Quan 5,10.755608615763382,106.67347943578082,20,28,1.0
2025-11-21 12:57:48,Le Duan,Quan 1,10.782680856341083,106.70051548181169,17,30,1.0
2025-11-21 12:57:49,Tran Hung Dao ,Quan 5,10.754895139302109,106.67839188181134,22,32,1.0
2025-11-21 12:58:01,Tran Quoc Thao,Quan 3,10.785070445194592,106.68331340921323,16,28,1.0
2025-11-21 12:58:13,Tran Hung Dao,Quan 5,10.7549373008113,106.67848844133415,22,33,1.0
2025-11-21 12:58:13,Cach Mang Thang 8 (CMT8),Quan 3,10.77898143649726,106.67684447140958,23,34,1.0
2025-11-21 12:58:14,Pham Ngu Lao / Bui Vien,Quan 1,10.767112828386699,106.6927618222887,11,19,1.0
2025-11-21 12:58:15,Nguyen Thi Minh Khai,Quan 3,10.77847212665258,106.69389510879643,29,41,1.0
2025-11-21 12:58:16,Nguyen Van Troi,Phu Nhuan,10.796057790235078,106.67492629345334,21,33,0.999713
2025-11-21 12:58:17,Pham Van Dong,Go Vap,10.835298215641501,106.72935479345391,37,42,0.997834
2025-11-21 12:58:18,Cong truong lam son,Quan 1,10.777562007197462,106.7041335430398,16,30,1.0
2025-11-21 12:58:19,Nguyen Oanh ,Go Vap,10.83886351241477,106.67566625482782,28,36,1.0
2025-11-21 12:58:20,Le Hong Phong,Quan 10,10.765187049751795,106.67550552599073,24,36,1.0
2025-11-21 12:58:21,Nguyen Van Cu,Quan 5,10.759484371982321,106.6840537511244,20,28,1.0
2025-11-21 12:58:21,Nga tu Binh Phuoc,Ngoai o,10.865229381280965,106.72366973948475,37,49,1.0
2025-11-21 12:58:22,Phu My Hung ,Quan 7,10.72279213640514,106.72808623948244,29,37,0.997703
2025-11-21 12:58:23,Nguyen Thai Son,Phu Nhuan,10.823400120373712,106.68551227436063,23,32,1.0
2025-11-21 12:58:24,An Duong Vuong,Quan 8,10.756158554057757,106.66631758181126,21,29,1.0
2025-11-21 12:58:25,Huynh Tan Phat,Nha Be,10.7144382088356,106.73711688366167,27,35,1.0
2025-11-21 12:58:26,Truong Chinh,Tan Binh ,10.817236653231737,106.63191539530457,24,34,1.0
2025-11-21 13:00:38,Cho Ben Thanh,Quan 1,10.772727584493625,106.69804225297563,16,23,0.998765
2025-11-21 13:00:39,Duong Nguyen Hue,Quan 1,10.774028664434528,106.70357076461706,21,28,1.0
2025-11-21 13:00:40,Nguyen Van Linh,Quan 7,10.752616652291238,106.72509685338922,39,39,1.0
2025-11-21 13:00:41,Vo Van Kiet,Quan 5,10.745754766198267,106.65326266831877,42,42,1.0
2025-11-21 13:00:42,Xa lo Ha Noi,QL1A,10.94927106740351,106.87196348224562,28,42,1.0
2025-11-21 13:00:43,Duong Dien Bien Phu,Quan 1,10.78866360854368,106.69551372228901,32,42,1.0
2025-11-21 13:00:55,Nga tu Hang Xanh,Binh Thanh,10.801406421807085,106.71148440879679,33,42,1.0
2025-11-21 13:00:56,Nga tu An Suong,Hoc Mon,10.843150534972033,106.6151343241409,23,35,1.0
2025-11-21 13:00:56,Ben xe Mien Dong,Quan 9,10.880537767027526,106.81481342866444,45,53,1.0
2025-11-21 13:00:58,Ben xe Mien Tay,Binh Tan,10.740840166521663,106.61899246873142,26,35,1.0
2025-11-21 13:00:58,Cau Sai Gon,Quan 2 ,10.798986343749618,106.72697056646841,45,45,1.0
2025-11-21 13:00:59,Cau Phu My,Q2,10.741860769464234,106.73790365482627,37,44,1.0
2025-11-21 13:01:00,Cau Kenh Te,Q4,10.752408891679814,106.7022703818112,24,34,1.0
2025-11-21 13:01:01,Cau Thu Thiem,Quan 2,10.786216596454727,106.71836665482695,40,40,1.0
2025-11-21 13:01:13,Nguyen Huu Canh,Binh Thanh,10.78948793356203,106.71518838181179,36,36,1.0
2025-11-21 13:01:25,Cong Hoa,Tan Binh,10.80223925742187,106.6478722259914,30,41,1.0
2025-11-21 13:01:26,Truong Son / Tan Son Nhat Blvd,Gan san bay,10.813928881466124,106.66511432455972,23,34,1.0
2025-11-21 13:01:27,Nguyen Trai,Quan 5,10.755608615763382,106.67347943578082,19,28,0.997061
2025-11-21 13:01:28,Le Duan,Quan 1,10.782680856341083,106.70051548181169,19,30,1.0
2025-11-21 13:01:29,Tran Hung Dao ,Quan 5,10.754895139302109,106.67839188181134,23,32,1.0
2025-11-21 13:01:30,Tran Quoc Thao,Quan 3,10.785070445194592,106.68331340921323,14,28,1.0
2025-11-21 13:01:31,Tran Hung Dao,Quan 5,10.7549373008113,106.67848844133415,23,32,1.0
2025-11-21 13:01:32,Cach Mang Thang 8 (CMT8),Quan 3,10.77898143649726,106.67684447140958,23,34,1.0
2025-11-21 13:01:33,Pham Ngu Lao / Bui Vien,Quan 1,10.767112828386699,106.6927618222887,13,20,1.0
2025-11-21 13:01:34,Nguyen Thi Minh Khai,Quan 3,10.77847212665258,106.69389510879643,31,42,1.0
2025-11-21 13:01:34,Nguyen Van Troi,Phu Nhuan,10.796057790235078,106.67492629345334,23,34,1.0
2025-11-21 13:01:46,Pham Van Dong,Go Vap,10.835298215641501,106.72935479345391,35,42,0.998018
2025-11-21 13:01:47,Cong truong lam son,Quan 1,10.777562007197462,106.7041335430398,19,30,1.0
2025-11-21 13:01:48,Nguyen Oanh ,Go Vap,10.83886351241477,106.67566625482782,28,36,1.0
2025-11-21 13:01:49,Le Hong Phong,Quan 10,10.765187049751795,106.67550552599073,21,35,1.0
2025-11-21 13:01:50,Nguyen Van Cu,Quan 5,10.759484371982321,106.6840537511244,19,28,0.997061
2025-11-21 13:01:51,Nga tu Binh Phuoc,Ngoai o,10.865229381280965,106.72366973948475,38,49,1.0
2025-11-21 13:01:52,Phu My Hung ,Quan 7,10.72279213640514,106.72808623948244,28,37,0.998112
2025-11-21 13:01:53,Nguyen Thai Son,Phu Nhuan,10.823400120373712,106.68551227436063,22,32,1.0
2025-11-21 13:01:54,An Duong Vuong,Quan 8,10.756158554057757,106.66631758181126,23,29,1.0
2025-11-21 13:01:55,Huynh Tan Phat,Nha Be,10.7144382088356,106.73711688366167,26,35,1.0
2025-11-21 13:01:56,Truong Chinh,Tan Binh ,10.817236653231737,106.63191539530457,23,35,1.0
2025-11-21 13:04:07,Cho Ben Thanh,Quan 1,10.772727584493625,106.69804225297563,13,24,0.998765
2025-11-21 13:04:20,Duong Nguyen Hue,Quan 1,10.774028664434528,106.70357076461706,20,29,1.0
2025-11-21 13:04:20,Nguyen Van Linh,Quan 7,10.752616652291238,106.72509685338922,39,39,1.0
2025-11-21 13:04:21,Vo Van Kiet,Quan 5,10.745754766198267,106.65326266831877,42,42,1.0
2025-11-21 13:04:22,Xa lo Ha Noi,QL1A,10.94927106740351,106.87196348224562,28,43,1.0
2025-11-21 13:04:23,Duong Dien Bien Phu,Quan 1,10.78866360854368,106.69551372228901,33,41,1.0
2025-11-21 13:04:24,Nga tu Hang Xanh,Binh Thanh,10.801406421807085,106.71148440879679,33,41,1.0
2025-11-21 13:04:36,Nga tu An Suong,Hoc Mon,10.843150534972033,106.6151343241409,21,34,1.0
2025-11-21 13:04:37,Ben xe Mien Dong,Quan 9,10.880537767027526,106.81481342866444,43,53,1.0
2025-11-21 13:04:38,Ben xe Mien Tay,Binh Tan,10.740840166521663,106.61899246873142,26,35,1.0
2025-11-21 13:04:38,Cau Sai Gon,Quan 2 ,10.798986343749618,106.72697056646841,45,45,1.0
2025-11-21 13:04:39,Cau Phu My,Q2,10.741860769464234,106.73790365482627,38,44,1.0
2025-11-21 13:04:48,Cau Kenh Te,Q4,10.752408891679814,106.7022703818112,26,33,1.0
2025-11-21 13:04:49,Cau Thu Thiem,Quan 2,10.786216596454727,106.71836665482695,40,40,1.0
2025-11-21 13:04:50,Nguyen Huu Canh,Binh Thanh,10.78948793356203,106.71518838181179,36,36,1.0
2025-11-21 13:04:51,Cong Hoa,Tan Binh,10.80223925742187,106.6478722259914,31,41,1.0
2025-11-21 13:04:51,Truong Son / Tan Son Nhat Blvd,Gan san bay,10.813928881466124,106.66511432455972,23,34,1.0
2025-11-21 13:04:52,Nguyen Trai,Quan 5,10.755608615763382,106.67347943578082,19,27,1.0
2025-11-21 13:05:04,Le Duan,Quan 1,10.782680856341083,106.70051548181169,19,30,1.0
2025-11-21 13:05:16,Tran Hung Dao ,Quan 5,10.754895139302109,106.67839188181134,24,33,1.0
2025-11-21 13:05:18,Tran Quoc Thao,Quan 3,10.785070445194592,106.68331340921323,17,27,1.0
2025-11-21 13:05:18,Tran Hung Dao,Quan 5,10.7549373008113,106.67848844133415,24,33,1.0
2025-11-21 13:05:19,Cach Mang Thang 8 (CMT8),Quan 3,10.77898143649726,106.67684447140958,23,34,1.0
2025-11-21 13:05:20,Pham Ngu Lao / Bui Vien,Quan 1,10.767112828386699,106.6927618222887,13,20,1.0
2025-11-21 13:05:21,Nguyen Thi Minh Khai,Quan 3,10.77847212665258,106.69389510879643,30,41,1.0
2025-11-21 13:05:33,Nguyen Van Troi,Phu Nhuan,10.796057790235078,106.67492629345334,23,34,1.0
2025-11-21 13:05:45,Pham Van Dong,Go Vap,10.835298215641501,106.72935479345391,36,42,0.997836
2025-11-21 13:05:46,Cong truong lam son,Quan 1,10.777562007197462,106.7041335430398,18,31,1.0
2025-11-21 13:05:58,Nguyen Oanh ,Go Vap,10.83886351241477,106.67566625482782,27,36,1.0
2025-11-21 13:05:59,Le Hong Phong,Quan 10,10.765187049751795,106.67550552599073,20,36,1.0
2025-11-21 13:06:00,Nguyen Van Cu,Quan 5,10.759484371982321,106.6840537511244,19,26,0.994753
2025-11-21 13:06:01,Nga tu Binh Phuoc,Ngoai o,10.865229381280965,106.72366973948475,37,49,1.0
2025-11-21 13:06:01,Phu My Hung ,Quan 7,10.72279213640514,106.72808623948244,28,36,0.997445
2025-11-21 13:06:02,Nguyen Thai Son,Phu Nhuan,10.823400120373712,106.68551227436063,20,31,1.0
2025-11-21 13:06:14,An Duong Vuong,Quan 8,10.756158554057757,106.66631758181126,20,29,1.0
2025-11-21 13:06:26,Huynh Tan Phat,Nha Be,10.7144382088356,106.73711688366167,27,35,1.0
2025-11-21 13:06:27,Truong Chinh,Tan Binh ,10.817236653231737,106.63191539530457,23,34,1.0
2025-11-21 13:08:39,Cho Ben Thanh,Quan 1,10.772727584493625,106.69804225297563,16,24,1.0
2025-11-21 13:08:40,Duong Nguyen Hue,Quan 1,10.774028664434528,106.70357076461706,23,29,1.0
2025-11-21 13:08:41,Nguyen Van Linh,Quan 7,10.752616652291238,106.72509685338922,39,39,1.0
2025-11-21 13:08:42,Vo Van Kiet,Quan 5,10.745754766198267,106.65326266831877,42,42,1.0
2025-11-21 13:08:43,Xa lo Ha Noi,QL1A,10.94927106740351,106.87196348224562,28,41,1.0
2025-11-21 13:08:55,Duong Dien Bien Phu,Quan 1,10.78866360854368,106.69551372228901,35,42,1.0
2025-11-21 13:09:07,Nga tu Hang Xanh,Binh Thanh,10.801406421807085,106.71148440879679,35,42,1.0
2025-11-21 13:09:08,Nga tu An Suong,Hoc Mon,10.843150534972033,106.6151343241409,24,34,1.0
2025-11-21 13:09:20,Ben xe Mien Dong,Quan 9,10.880537767027526,106.81481342866444,42,53,1.0
2025-11-21 13:09:21,Ben xe Mien Tay,Binh Tan,10.740840166521663,106.61899246873142,25,35,1.0
2025-11-21 13:09:22,Cau Sai Gon,Quan 2 ,10.798986343749618,106.72697056646841,45,45,1.0
2025-11-21 13:09:23,Cau Phu My,Q2,10.741860769464234,106.73790365482627,45,45,1.0
2025-11-21 13:09:24,Cau Kenh Te,Q4,10.752408891679814,106.7022703818112,25,33,1.0
2025-11-21 13:09:25,Cau Thu Thiem,Quan 2,10.786216596454727,106.71836665482695,40,40,1.0
2025-11-21 13:09:37,Nguyen Huu Canh,Binh Thanh,10.78948793356203,106.71518838181179,36,36,1.0
2025-11-21 13:09:49,Cong Hoa,Tan Binh,10.80223925742187,106.6478722259914,29,41,1.0
2025-11-21 13:09:50,Truong Son / Tan Son Nhat Blvd,Gan san bay,10.813928881466124,106.66511432455972,21,34,1.0
2025-11-21 13:09:51,Nguyen Trai,Quan 5,10.755608615763382,106.67347943578082,19,28,1.0
2025-11-21 13:09:52,Le Duan,Quan 1,10.782680856341083,106.70051548181169,17,29,1.0
2025-11-21 13:09:53,Tran Hung Dao ,Quan 5,10.754895139302109,106.67839188181134,22,32,1.0
2025-11-21 13:09:54,Tran Quoc Thao,Quan 3,10.785070445194592,106.68331340921323,17,28,1.0
2025-11-21 13:10:05,Tran Hung Dao,Quan 5,10.7549373008113,106.67848844133415,22,32,1.0
2025-11-21 13:10:17,Cach Mang Thang 8 (CMT8),Quan 3,10.77898143649726,106.67684447140958,24,34,1.0
2025-11-21 13:10:18,Pham Ngu Lao / Bui Vien,Quan 1,10.767112828386699,106.6927618222887,12,20,1.0
2025-11-21 13:10:18,Nguyen Thi Minh Khai,Quan 3,10.77847212665258,106.69389510879643,29,42,1.0
2025-11-21 13:10:19,Nguyen Van Troi,Phu Nhuan,10.796057790235078,106.67492629345334,21,34,1.0
2025-11-21 13:10:20,Pham Van Dong,Go Vap,10.835298215641501,106.72935479345391,35,42,0.997456
2025-11-21 13:10:21,Cong truong lam son,Quan 1,10.777562007197462,106.7041335430398,18,30,1.0
2025-11-21 13:10:29,Nguyen Oanh ,Go Vap,10.83886351241477,106.67566625482782,29,36,1.0
2025-11-21 13:10:42,Le Hong Phong,Quan 10,10.765187049751795,106.67550552599073,22,36,1.0
2025-11-21 13:10:43,Nguyen Van Cu,Quan 5,10.759484371982321,106.6840537511244,20,28,1.0
2025-11-21 13:11:05,Nga tu Binh Phuoc,Ngoai o,10.865229381280965,106.72366973948475,37,49,1.0
2025-11-21 13:11:06,Phu My Hung ,Quan 7,10.72279213640514,106.72808623948244,27,36,1.0
2025-11-21 13:11:07,Nguyen Thai Son,Phu Nhuan,10.823400120373712,106.68551227436063,24,32,1.0
2025-11-21 13:11:08,An Duong Vuong,Quan 8,10.756158554057757,106.66631758181126,21,29,1.0
2025-11-21 13:11:08,Huynh Tan Phat,Nha Be,10.7144382088356,106.73711688366167,26,35,1.0
2025-11-21 13:11:21,Truong Chinh,Tan Binh ,10.817236653231737,106.63191539530457,23,35,1.0
2025-11-21 13:13:33,Cho Ben Thanh,Quan 1,10.772727584493625,106.69804225297563,15,25,1.0
2025-11-21 13:13:34,Duong Nguyen Hue,Quan 1,10.774028664434528,106.70357076461706,22,28,1.0
2025-11-21 13:13:34,Nguyen Van Linh,Quan 7,10.752616652291238,106.72509685338922,39,39,1.0
2025-11-21 13:13:35,Vo Van Kiet,Quan 5,10.745754766198267,106.65326266831877,37,42,1.0
2025-11-21 13:13:36,Xa lo Ha Noi,QL1A,10.94927106740351,106.87196348224562,23,41,1.0
2025-11-21 13:13:37,Duong Dien Bien Phu,Quan 1,10.78866360854368,106.69551372228901,35,42,1.0
2025-11-21 13:13:38,Nga tu Hang Xanh,Binh Thanh,10.801406421807085,106.71148440879679,35,42,1.0
2025-11-21 13:13:39,Nga tu An Suong,Hoc Mon,10.843150534972033,106.6151343241409,24,35,1.0
2025-11-21 13:13:40,Ben xe Mien Dong,Quan 9,10.880537767027526,106.81481342866444,43,53,1.0
2025-11-21 13:13:41,Ben xe Mien Tay,Binh Tan,10.740840166521663,106.61899246873142,25,35,1.0
2025-11-21 13:13:42,Cau Sai Gon,Quan 2 ,10.798986343749618,106.72697056646841,45,45,1.0
2025-11-21 13:13:50,Cau Phu My,Q2,10.741860769464234,106.73790365482627,45,45,1.0
2025-11-21 13:13:51,Cau Kenh Te,Q4,10.752408891679814,106.7022703818112,25,33,1.0
2025-11-21 13:13:52,Cau Thu Thiem,Quan 2,10.786216596454727,106.71836665482695,40,40,1.0
2025-11-21 13:13:53,Nguyen Huu Canh,Binh Thanh,10.78948793356203,106.71518838181179,36,36,1.0
2025-11-21 13:13:54,Cong Hoa,Tan Binh,10.80223925742187,106.6478722259914,30,41,1.0
2025-11-21 13:14:02,Truong Son / Tan Son Nhat Blvd,Gan san bay,10.813928881466124,106.66511432455972,21,33,1.0
2025-11-21 13:14:14,Nguyen Trai,Quan 5,10.755608615763382,106.67347943578082,20,27,0.997069
2025-11-21 13:14:26,Le Duan,Quan 1,10.782680856341083,106.70051548181169,19,30,1.0
2025-11-21 13:14:27,Tran Hung Dao ,Quan 5,10.754895139302109,106.67839188181134,23,33,1.0
2025-11-21 13:14:28,Tran Quoc Thao,Quan 3,10.785070445194592,106.68331340921323,12,27,1.0
2025-11-21 13:14:29,Tran Hung Dao,Quan 5,10.7549373008113,106.67848844133415,23,33,1.0
2025-11-21 13:14:30,Cach Mang Thang 8 (CMT8),Quan 3,10.77898143649726,106.67684447140958,23,34,1.0
2025-11-21 13:14:30,Pham Ngu Lao / Bui Vien,Quan 1,10.767112828386699,106.6927618222887,12,20,1.0
2025-11-21 13:14:43,Nguyen Thi Minh Khai,Quan 3,10.77847212665258,106.69389510879643,29,41,1.0
2025-11-21 13:14:55,Nguyen Van Troi,Phu Nhuan,10.796057790235078,106.67492629345334,22,33,0.999427
2025-11-21 13:15:06,Pham Van Dong,Go Vap,10.835298215641501,106.72935479345391,36,42,0.997288
2025-11-21 13:15:07,Cong truong lam son,Quan 1,10.777562007197462,106.7041335430398,18,30,1.0
2025-11-21 13:15:08,Nguyen Oanh ,Go Vap,10.83886351241477,106.67566625482782,36,36,1.0
2025-11-21 13:15:09,Le Hong Phong,Quan 10,10.765187049751795,106.67550552599073,25,36,1.0
2025-11-21 13:15:10,Nguyen Van Cu,Quan 5,10.759484371982321,106.6840537511244,22,28,1.0
2025-11-21 13:15:11,Nga tu Binh Phuoc,Ngoai o,10.865229381280965,106.72366973948475,37,49,1.0
2025-11-21 13:15:18,Phu My Hung ,Quan 7,10.72279213640514,106.72808623948244,28,37,1.0
2025-11-21 13:15:19,Nguyen Thai Son,Phu Nhuan,10.823400120373712,106.68551227436063,24,32,1.0
2025-11-21 13:15:20,An Duong Vuong,Quan 8,10.756158554057757,106.66631758181126,21,30,1.0
2025-11-21 13:15:21,Huynh Tan Phat,Nha Be,10.7144382088356,106.73711688366167,26,35,1.0
2025-11-21 13:15:22,Truong Chinh,Tan Binh ,10.817236653231737,106.63191539530457,22,35,1.0
2025-11-21 13:17:34,Cho Ben Thanh,Quan 1,10.772727584493625,106.69804225297563,14,24,1.0
2025-11-21 13:17:35,Duong Nguyen Hue,Quan 1,10.774028664434528,106.70357076461706,29,29,1.0
2025-11-21 13:17:36,Nguyen Van Linh,Quan 7,10.752616652291238,106.72509685338922,39,39,1.0
2025-11-21 13:17:37,Vo Van Kiet,Quan 5,10.745754766198267,106.65326266831877,42,42,1.0
2025-11-21 13:17:38,Xa lo Ha Noi,QL1A,10.94927106740351,106.87196348224562,31,41,1.0
2025-11-21 13:17:50,Duong Dien Bien Phu,Quan 1,10.78866360854368,106.69551372228901,34,42,1.0
2025-11-21 13:18:02,Nga tu Hang Xanh,Binh Thanh,10.801406421807085,106.71148440879679,34,42,1.0
2025-11-21 13:18:03,Nga tu An Suong,Hoc Mon,10.843150534972033,106.6151343241409,23,35,1.0
2025-11-21 13:18:04,Ben xe Mien Dong,Quan 9,10.880537767027526,106.81481342866444,40,53,1.0
2025-11-21 13:18:05,Ben xe Mien Tay,Binh Tan,10.740840166521663,106.61899246873142,25,35,1.0
2025-11-21 13:18:15,Cau Sai Gon,Quan 2 ,10.798986343749618,106.72697056646841,45,45,1.0
2025-11-21 13:18:16,Cau Phu My,Q2,10.741860769464234,106.73790365482627,45,45,1.0
2025-11-21 13:18:17,Cau Kenh Te,Q4,10.752408891679814,106.7022703818112,23,34,1.0
2025-11-21 13:18:27,Cau Thu Thiem,Quan 2,10.786216596454727,106.71836665482695,40,40,1.0
2025-11-21 13:18:28,Nguyen Huu Canh,Binh Thanh,10.78948793356203,106.71518838181179,36,36,1.0
2025-11-21 13:18:29,Cong Hoa,Tan Binh,10.80223925742187,106.6478722259914,30,41,1.0
2025-11-21 13:18:30,Truong Son / Tan Son Nhat Blvd,Gan san bay,10.813928881466124,106.66511432455972,21,34,1.0
2025-11-21 13:18:31,Nguyen Trai,Quan 5,10.755608615763382,106.67347943578082,20,28,1.0
2025-11-21 13:18:32,Le Duan,Quan 1,10.782680856341083,106.70051548181169,19,30,1.0
2025-11-21 13:18:44,Tran Hung Dao ,Quan 5,10.754895139302109,106.67839188181134,24,33,1.0
2025-11-21 13:18:56,Tran Quoc Thao,Quan 3,10.785070445194592,106.68331340921323,16,28,1.0
2025-11-21 13:18:57,Tran Hung Dao,Quan 5,10.7549373008113,106.67848844133415,23,32,1.0
2025-11-21 13:18:58,Cach Mang Thang 8 (CMT8),Quan 3,10.77898143649726,106.67684447140958,21,34,1.0
2025-11-21 13:18:59,Pham Ngu Lao / Bui Vien,Quan 1,10.767112828386699,106.6927618222887,8,21,1.0
2025-11-21 13:18:59,Nguyen Thi Minh Khai,Quan 3,10.77847212665258,106.69389510879643,30,41,1.0
2025-11-21 13:19:00,Nguyen Van Troi,Phu Nhuan,10.796057790235078,106.67492629345334,22,34,1.0
2025-11-21 13:19:08,Pham Van Dong,Go Vap,10.835298215641501,106.72935479345391,36,42,0.997037
2025-11-21 13:19:20,Cong truong lam son,Quan 1,10.777562007197462,106.7041335430398,19,30,1.0
2025-11-21 13:19:21,Nguyen Oanh ,Go Vap,10.83886351241477,106.67566625482782,30,36,1.0
2025-11-21 13:19:22,Le Hong Phong,Quan 10,10.765187049751795,106.67550552599073,27,36,1.0
2025-11-21 13:19:22,Nguyen Van Cu,Quan 5,10.759484371982321,106.6840537511244,17,28,1.0
2025-11-21 13:19:23,Nga tu Binh Phuoc,Ngoai o,10.865229381280965,106.72366973948475,36,49,1.0
2025-11-21 13:19:24,Phu My Hung ,Quan 7,10.72279213640514,106.72808623948244,27,37,0.999301
2025-11-21 13:19:32,Nguyen Thai Son,Phu Nhuan,10.823400120373712,106.68551227436063,26,32,1.0
2025-11-21 13:19:34,An Duong Vuong,Quan 8,10.756158554057757,106.66631758181126,21,28,1.0
2025-11-21 13:19:35,Huynh Tan Phat,Nha Be,10.7144382088356,106.73711688366167,26,35,1.0
2025-11-21 13:19:36,Truong Chinh,Tan Binh ,10.817236653231737,106.63191539530457,23,35,1.0
2025-11-21 13:21:48,Cho Ben Thanh,Quan 1,10.772727584493625,106.69804225297563,14,24,1.0
2025-11-21 13:21:49,Duong Nguyen Hue,Quan 1,10.774028664434528,106.70357076461706,23,29,1.0
2025-11-21 13:21:50,Nguyen Van Linh,Quan 7,10.752616652291238,106.72509685338922,39,39,1.0
2025-11-21 13:21:51,Vo Van Kiet,Quan 5,10.745754766198267,106.65326266831877,42,42,1.0
2025-11-21 13:21:52,Xa lo Ha Noi,QL1A,10.94927106740351,106.87196348224562,32,42,1.0
2025-11-21 13:21:53,Duong Dien Bien Phu,Quan 1,10.78866360854368,106.69551372228901,34,41,1.0
2025-11-21 13:22:05,Nga tu Hang Xanh,Binh Thanh,10.801406421807085,106.71148440879679,34,41,1.0
2025-11-21 13:22:17,Nga tu An Suong,Hoc Mon,10.843150534972033,106.6151343241409,23,35,1.0
2025-11-21 13:22:18,Ben xe Mien Dong,Quan 9,10.880537767027526,106.81481342866444,42,53,1.0
2025-11-21 13:22:19,Ben xe Mien Tay,Binh Tan,10.740840166521663,106.61899246873142,25,35,1.0
2025-11-21 13:22:20,Cau Sai Gon,Quan 2 ,10.798986343749618,106.72697056646841,45,45,1.0
2025-11-21 13:22:20,Cau Phu My,Q2,10.741860769464234,106.73790365482627,45,45,1.0
2025-11-21 13:22:21,Cau Kenh Te,Q4,10.752408891679814,106.7022703818112,23,34,1.0
2025-11-21 13:22:22,Cau Thu Thiem,Quan 2,10.786216596454727,106.71836665482695,40,40,1.0
2025-11-21 13:22:23,Nguyen Huu Canh,Binh Thanh,10.78948793356203,106.71518838181179,36,36,1.0
2025-11-21 13:22:31,Cong Hoa,Tan Binh,10.80223925742187,106.6478722259914,31,41,1.0
2025-11-21 13:22:32,Truong Son / Tan Son Nhat Blvd,Gan san bay,10.813928881466124,106.66511432455972,21,33,1.0
2025-11-21 13:22:32,Nguyen Trai,Quan 5,10.755608615763382,106.67347943578082,19,28,0.998943
2025-11-21 13:22:33,Le Duan,Quan 1,10.782680856341083,106.70051548181169,19,30,1.0
2025-11-21 13:22:34,Tran Hung Dao ,Quan 5,10.754895139302109,106.67839188181134,24,33,1.0
2025-11-21 13:22:35,Tran Quoc Thao,Quan 3,10.785070445194592,106.68331340921323,12,27,1.0
2025-11-21 13:22:43,Tran Hung Dao,Quan 5,10.7549373008113,106.67848844133415,24,33,1.0
2025-11-21 13:22:44,Cach Mang Thang 8 (CMT8),Quan 3,10.77898143649726,106.67684447140958,22,34,1.0
2025-11-21 13:22:44,Pham Ngu Lao / Bui Vien,Quan 1,10.767112828386699,106.6927618222887,10,20,1.0
2025-11-21 13:22:45,Nguyen Thi Minh Khai,Quan 3,10.77847212665258,106.69389510879643,30,41,1.0
2025-11-21 13:22:46,Nguyen Van Troi,Phu Nhuan,10.796057790235078,106.67492629345334,21,33,1.0
2025-11-21 13:22:47,Pham Van Dong,Go Vap,10.835298215641501,106.72935479345391,34,42,0.997253
2025-11-21 13:22:55,Cong truong lam son,Quan 1,10.777562007197462,106.7041335430398,19,30,1.0
2025-11-21 13:22:56,Nguyen Oanh ,Go Vap,10.83886351241477,106.67566625482782,29,36,1.0
2025-11-21 13:22:56,Le Hong Phong,Quan 10,10.765187049751795,106.67550552599073,22,35,1.0
2025-11-21 13:22:57,Nguyen Van Cu,Quan 5,10.759484371982321,106.6840537511244,19,28,0.998943
2025-11-21 13:22:58,Nga tu Binh Phuoc,Ngoai o,10.865229381280965,106.72366973948475,36,49,1.0
2025-11-21 13:22:59,Phu My Hung ,Quan 7,10.72279213640514,106.72808623948244,29,37,0.999301
2025-11-21 13:23:11,Nguyen Thai Son,Phu Nhuan,10.823400120373712,106.68551227436063,32,32,1.0
2025-11-21 13:23:23,An Duong Vuong,Quan 8,10.756158554057757,106.66631758181126,22,29,1.0
2025-11-21 13:23:24,Huynh Tan Phat,Nha Be,10.7144382088356,106.73711688366167,27,35,1.0
2025-11-21 13:23:25,Truong Chinh,Tan Binh ,10.817236653231737,106.63191539530457,23,35,1.0
2025-11-21 13:25:37,Cho Ben Thanh,Quan 1,10.772727584493625,106.69804225297563,14,24,0.998765
2025-11-21 13:25:37,Duong Nguyen Hue,Quan 1,10.774028664434528,106.70357076461706,19,28,1.0
2025-11-21 13:25:38,Nguyen Van Linh,Quan 7,10.752616652291238,106.72509685338922,39,39,1.0
2025-11-21 13:25:39,Vo Van Kiet,Quan 5,10.745754766198267,106.65326266831877,42,42,1.0
2025-11-21 13:25:40,Xa lo Ha Noi,QL1A,10.94927106740351,106.87196348224562,29,41,1.0
2025-11-21 13:25:41,Duong Dien Bien Phu,Quan 1,10.78866360854368,106.69551372228901,36,41,1.0
2025-11-21 13:25:52,Nga tu Hang Xanh,Binh Thanh,10.801406421807085,106.71148440879679,36,41,1.0
2025-11-21 13:26:04,Nga tu An Suong,Hoc Mon,10.843150534972033,106.6151343241409,24,35,1.0
2025-11-21 13:26:05,Ben xe Mien Dong,Quan 9,10.880537767027526,106.81481342866444,42,53,1.0
2025-11-21 13:26:17,Ben xe Mien Tay,Binh Tan,10.740840166521663,106.61899246873142,25,35,1.0
2025-11-21 13:26:29,Cau Sai Gon,Quan 2 ,10.798986343749618,106.72697056646841,45,45,1.0
2025-11-21 13:26:41,Cau Phu My,Q2,10.741860769464234,106.73790365482627,45,45,1.0
2025-11-21 13:26:42,Cau Kenh Te,Q4,10.752408891679814,106.7022703818112,25,34,1.0
2025-11-21 13:26:43,Cau Thu Thiem,Quan 2,10.786216596454727,106.71836665482695,40,40,1.0
2025-11-21 13:26:44,Nguyen Huu Canh,Binh Thanh,10.78948793356203,106.71518838181179,36,36,1.0
2025-11-21 13:26:45,Cong Hoa,Tan Binh,10.80223925742187,106.6478722259914,41,41,1.0
2025-11-21 13:26:46,Truong Son / Tan Son Nhat Blvd,Gan san bay,10.813928881466124,106.66511432455972,22,34,1.0
2025-11-21 13:26:58,Nguyen Trai,Quan 5,10.755608615763382,106.67347943578082,17,27,1.0
2025-11-21 13:27:10,Le Duan,Quan 1,10.782680856341083,106.70051548181169,18,30,1.0
2025-11-21 13:27:11,Tran Hung Dao ,Quan 5,10.754895139302109,106.67839188181134,24,32,1.0
2025-11-21 13:27:23,Tran Quoc Thao,Quan 3,10.785070445194592,106.68331340921323,13,27,1.0
2025-11-21 13:27:24,Tran Hung Dao,Quan 5,10.7549373008113,106.67848844133415,24,32,1.0
2025-11-21 13:27:25,Cach Mang Thang 8 (CMT8),Quan 3,10.77898143649726,106.67684447140958,21,34,1.0
2025-11-21 13:27:26,Pham Ngu Lao / Bui Vien,Quan 1,10.767112828386699,106.6927618222887,20,20,1.0
2025-11-21 13:27:27,Nguyen Thi Minh Khai,Quan 3,10.77847212665258,106.69389510879643,29,41,1.0
2025-11-21 13:27:39,Nguyen Van Troi,Phu Nhuan,10.796057790235078,106.67492629345334,22,34,1.0
2025-11-21 13:27:50,Pham Van Dong,Go Vap,10.835298215641501,106.72935479345391,36,42,0.998018
2025-11-21 13:27:51,Cong truong lam son,Quan 1,10.777562007197462,106.7041335430398,19,30,1.0
2025-11-21 13:27:52,Nguyen Oanh ,Go Vap,10.83886351241477,106.67566625482782,30,36,1.0
2025-11-21 13:27:53,Le Hong Phong,Quan 10,10.765187049751795,106.67550552599073,28,36,1.0
2025-11-21 13:27:54,Nguyen Van Cu,Quan 5,10.759484371982321,106.6840537511244,18,28,1.0
2025-11-21 13:27:55,Nga tu Binh Phuoc,Ngoai o,10.865229381280965,106.72366973948475,36,49,1.0
2025-11-21 13:27:56,Phu My Hung ,Quan 7,10.72279213640514,106.72808623948244,27,37,0.998476
2025-11-21 13:27:57,Nguyen Thai Son,Phu Nhuan,10.823400120373712,106.68551227436063,23,32,1.0
2025-11-21 13:28:09,An Duong Vuong,Quan 8,10.756158554057757,106.66631758181126,22,29,1.0
2025-11-21 13:28:21,Huynh Tan Phat,Nha Be,10.7144382088356,106.73711688366167,26,35,1.0
2025-11-21 13:28:22,Truong Chinh,Tan Binh ,10.817236653231737,106.63191539530457,22,34,1.0
2025-11-21 13:30:34,Cho Ben Thanh,Quan 1,10.772727584493625,106.69804225297563,13,24,0.998765
2025-11-21 13:30:35,Duong Nguyen Hue,Quan 1,10.774028664434528,106.70357076461706,22,29,1.0
2025-11-21 13:30:36,Nguyen Van Linh,Quan 7,10.752616652291238,106.72509685338922,39,39,1.0
2025-11-21 13:30:37,Vo Van Kiet,Quan 5,10.745754766198267,106.65326266831877,42,42,1.0
2025-11-21 13:30:38,Xa lo Ha Noi,QL1A,10.94927106740351,106.87196348224562,31,42,1.0
2025-11-21 13:30:50,Duong Dien Bien Phu,Quan 1,10.78866360854368,106.69551372228901,34,42,1.0
2025-11-21 13:31:02,Nga tu Hang Xanh,Binh Thanh,10.801406421807085,106.71148440879679,34,42,1.0
2025-11-21 13:31:03,Nga tu An Suong,Hoc Mon,10.843150534972033,106.6151343241409,26,35,1.0
2025-11-21 13:31:04,Ben xe Mien Dong,Quan 9,10.880537767027526,106.81481342866444,41,53,1.0
2025-11-21 13:31:04,Ben xe Mien Tay,Binh Tan,10.740840166521663,106.61899246873142,26,35,1.0
2025-11-21 13:31:16,Cau Sai Gon,Quan 2 ,10.798986343749618,106.72697056646841,45,45,1.0
2025-11-21 13:31:17,Cau Phu My,Q2,10.741860769464234,106.73790365482627,45,45,1.0
2025-11-21 13:31:18,Cau Kenh Te,Q4,10.752408891679814,106.7022703818112,26,34,1.0
2025-11-21 13:31:19,Cau Thu Thiem,Quan 2,10.786216596454727,106.71836665482695,40,40,1.0
2025-11-21 13:31:31,Nguyen Huu Canh,Binh Thanh,10.78948793356203,106.71518838181179,36,36,1.0
2025-11-21 13:31:43,Cong Hoa,Tan Binh,10.80223925742187,106.6478722259914,32,41,1.0
2025-11-21 13:31:44,Truong Son / Tan Son Nhat Blvd,Gan san bay,10.813928881466124,106.66511432455972,22,34,1.0
2025-11-21 13:31:45,Nguyen Trai,Quan 5,10.755608615763382,106.67347943578082,19,28,1.0
2025-11-21 13:31:46,Le Duan,Quan 1,10.782680856341083,106.70051548181169,19,30,1.0
2025-11-21 13:31:47,Tran Hung Dao ,Quan 5,10.754895139302109,106.67839188181134,23,32,1.0
2025-11-21 13:31:48,Tran Quoc Thao,Quan 3,10.785070445194592,106.68331340921323,13,27,1.0
2025-11-21 13:32:00,Tran Hung Dao,Quan 5,10.7549373008113,106.67848844133415,23,32,1.0
2025-11-21 13:32:12,Cach Mang Thang 8 (CMT8),Quan 3,10.77898143649726,106.67684447140958,22,34,1.0
2025-11-21 13:32:24,Pham Ngu Lao / Bui Vien,Quan 1,10.767112828386699,106.6927618222887,12,20,1.0
2025-11-21 13:32:25,Nguyen Thi Minh Khai,Quan 3,10.77847212665258,106.69389510879643,28,41,1.0
2025-11-21 13:32:26,Nguyen Van Troi,Phu Nhuan,10.796057790235078,106.67492629345334,22,34,1.0
2025-11-21 13:32:27,Pham Van Dong,Go Vap,10.835298215641501,106.72935479345391,34,42,0.997294
2025-11-21 13:32:27,Cong truong lam son,Quan 1,10.777562007197462,106.7041335430398,19,30,1.0
2025-11-21 13:32:28,Nguyen Oanh ,Go Vap,10.83886351241477,106.67566625482782,28,35,1.0
2025-11-21 13:32:30,Le Hong Phong,Quan 10,10.765187049751795,106.67550552599073,23,35,1.0
2025-11-21 13:32:31,Nguyen Van Cu,Quan 5,10.759484371982321,106.6840537511244,19,28,1.0
2025-11-21 13:32:32,Nga tu Binh Phuoc,Ngoai o,10.865229381280965,106.72366973948475,37,49,1.0
2025-11-21 13:32:33,Phu My Hung ,Quan 7,10.72279213640514,106.72808623948244,28,37,0.998218
2025-11-21 13:32:45,Nguyen Thai Son,Phu Nhuan,10.823400120373712,106.68551227436063,23,31,1.0
2025-11-21 13:32:57,An Duong Vuong,Quan 8,10.756158554057757,106.66631758181126,22,29,1.0
2025-11-21 13:33:09,Huynh Tan Phat,Nha Be,10.7144382088356,106.73711688366167,25,35,1.0
2025-11-21 13:33:10,Truong Chinh,Tan Binh ,10.817236653231737,106.63191539530457,24,35,1.0
2025-11-21 13:35:22,Cho Ben Thanh,Quan 1,10.772727584493625,106.69804225297563,16,24,0.99753
2025-11-21 13:35:23,Duong Nguyen Hue,Quan 1,10.774028664434528,106.70357076461706,23,29,1.0
2025-11-21 13:35:23,Nguyen Van Linh,Quan 7,10.752616652291238,106.72509685338922,39,39,1.0
2025-11-21 13:35:24,Vo Van Kiet,Quan 5,10.745754766198267,106.65326266831877,42,42,1.0
2025-11-21 13:35:25,Xa lo Ha Noi,QL1A,10.94927106740351,106.87196348224562,29,41,1.0
2025-11-21 13:35:37,Duong Dien Bien Phu,Quan 1,10.78866360854368,106.69551372228901,34,41,1.0
2025-11-21 13:35:50,Nga tu Hang Xanh,Binh Thanh,10.801406421807085,106.71148440879679,34,41,1.0
2025-11-21 13:36:03,Nga tu An Suong,Hoc Mon,10.843150534972033,106.6151343241409,22,35,1.0
2025-11-21 13:36:04,Ben xe Mien Dong,Quan 9,10.880537767027526,106.81481342866444,40,53,1.0
2025-11-21 13:36:05,Ben xe Mien Tay,Binh Tan,10.740840166521663,106.61899246873142,26,35,1.0
2025-11-21 13:36:06,Cau Sai Gon,Quan 2 ,10.798986343749618,106.72697056646841,45,45,1.0
2025-11-21 13:36:07,Cau Phu My,Q2,10.741860769464234,106.73790365482627,45,45,1.0
2025-11-21 13:36:08,Cau Kenh Te,Q4,10.752408891679814,106.7022703818112,23,34,1.0
2025-11-21 13:36:09,Cau Thu Thiem,Quan 2,10.786216596454727,106.71836665482695,40,40,1.0
2025-11-21 13:36:10,Nguyen Huu Canh,Binh Thanh,10.78948793356203,106.71518838181179,36,36,1.0
2025-11-21 13:36:10,Cong Hoa,Tan Binh,10.80223925742187,106.6478722259914,27,41,1.0
2025-11-21 13:36:11,Truong Son / Tan Son Nhat Blvd,Gan san bay,10.813928881466124,106.66511432455972,22,34,0.998978
2025-11-21 13:36:12,Nguyen Trai,Quan 5,10.755608615763382,106.67347943578082,18,28,0.998939
2025-11-21 13:36:13,Le Duan,Quan 1,10.782680856341083,106.70051548181169,18,30,1.0
2025-11-21 13:36:16,Tran Hung Dao ,Quan 5,10.754895139302109,106.67839188181134,24,32,1.0
2025-11-21 13:36:17,Tran Quoc Thao,Quan 3,10.785070445194592,106.68331340921323,13,27,1.0
2025-11-21 13:36:18,Tran Hung Dao,Quan 5,10.7549373008113,106.67848844133415,24,32,1.0
2025-11-21 13:36:19,Cach Mang Thang 8 (CMT8),Quan 3,10.77898143649726,106.67684447140958,21,34,1.0
2025-11-21 13:36:20,Pham Ngu Lao / Bui Vien,Quan 1,10.767112828386699,106.6927618222887,14,20,1.0
2025-11-21 13:36:21,Nguyen Thi Minh Khai,Quan 3,10.77847212665258,106.69389510879643,29,41,1.0
2025-11-21 13:36:29,Nguyen Van Troi,Phu Nhuan,10.796057790235078,106.67492629345334,22,34,0.998978
2025-11-21 13:36:30,Pham Van Dong,Go Vap,10.835298215641501,106.72935479345391,35,42,0.997395
2025-11-21 13:36:31,Cong truong lam son,Quan 1,10.777562007197462,106.7041335430398,18,30,1.0
2025-11-21 13:36:32,Nguyen Oanh ,Go Vap,10.83886351241477,106.67566625482782,28,35,1.0
2025-11-21 13:36:45,Le Hong Phong,Quan 10,10.765187049751795,106.67550552599073,25,36,1.0
2025-11-21 13:36:58,Nguyen Van Cu,Quan 5,10.759484371982321,106.6840537511244,17,27,1.0
2025-11-21 13:36:59,Nga tu Binh Phuoc,Ngoai o,10.865229381280965,106.72366973948475,37,49,1.0
2025-11-21 13:37:00,Phu My Hung ,Quan 7,10.72279213640514,106.72808623948244,28,37,0.998218
2025-11-21 13:37:01,Nguyen Thai Son,Phu Nhuan,10.823400120373712,106.68551227436063,25,32,1.0
2025-11-21 13:37:02,An Duong Vuong,Quan 8,10.756158554057757,106.66631758181126,22,29,1.0
2025-11-21 13:37:03,Huynh Tan Phat,Nha Be,10.7144382088356,106.73711688366167,26,35,1.0
2025-11-21 13:37:04,Truong Chinh,Tan Binh ,10.817236653231737,106.63191539530457,23,35,1.0
2025-11-21 13:39:16,Cho Ben Thanh,Quan 1,10.772727584493625,106.69804225297563,14,24,0.99753
2025-11-21 13:39:16,Duong Nguyen Hue,Quan 1,10.774028664434528,106.70357076461706,12,29,1.0
2025-11-21 13:39:17,Nguyen Van Linh,Quan 7,10.752616652291238,106.72509685338922,39,39,1.0
2025-11-21 13:39:18,Vo Van Kiet,Quan 5,10.745754766198267,106.65326266831877,42,42,1.0
2025-11-21 13:39:19,Xa lo Ha Noi,QL1A,10.94927106740351,106.87196348224562,26,42,1.0
2025-11-21 13:39:20,Duong Dien Bien Phu,Quan 1,10.78866360854368,106.69551372228901,35,42,1.0
2025-11-21 13:39:21,Nga tu Hang Xanh,Binh Thanh,10.801406421807085,106.71148440879679,35,42,1.0
2025-11-21 13:39:22,Nga tu An Suong,Hoc Mon,10.843150534972033,106.6151343241409,23,35,1.0
2025-11-21 13:39:23,Ben xe Mien Dong,Quan 9,10.880537767027526,106.81481342866444,41,54,1.0
2025-11-21 13:39:24,Ben xe Mien Tay,Binh Tan,10.740840166521663,106.61899246873142,26,36,1.0
2025-11-21 13:39:36,Cau Sai Gon,Quan 2 ,10.798986343749618,106.72697056646841,45,45,1.0
2025-11-21 13:39:48,Cau Phu My,Q2,10.741860769464234,106.73790365482627,45,45,1.0
2025-11-21 13:39:49,Cau Kenh Te,Q4,10.752408891679814,106.7022703818112,24,33,1.0
2025-11-21 13:39:50,Cau Thu Thiem,Quan 2,10.786216596454727,106.71836665482695,40,40,1.0
2025-11-21 13:39:51,Nguyen Huu Canh,Binh Thanh,10.78948793356203,106.71518838181179,36,36,1.0
2025-11-21 13:39:52,Cong Hoa,Tan Binh,10.80223925742187,106.6478722259914,30,40,1.0
2025-11-21 13:39:53,Truong Son / Tan Son Nhat Blvd,Gan san bay,10.813928881466124,106.66511432455972,22,34,0.999713
2025-11-21 13:40:05,Nguyen Trai,Quan 5,10.755608615763382,106.67347943578082,19,27,1.0
2025-11-21 13:40:17,Le Duan,Quan 1,10.782680856341083,106.70051548181169,17,30,1.0
2025-11-21 13:40:18,Tran Hung Dao ,Quan 5,10.754895139302109,106.67839188181134,23,33,1.0
2025-11-21 13:40:18,Tran Quoc Thao,Quan 3,10.785070445194592,106.68331340921323,15,27,1.0
2025-11-21 13:40:19,Tran Hung Dao,Quan 5,10.7549373008113,106.67848844133415,23,33,1.0
2025-11-21 13:40:20,Cach Mang Thang 8 (CMT8),Quan 3,10.77898143649726,106.67684447140958,23,34,1.0
2025-11-21 13:40:21,Pham Ngu Lao / Bui Vien,Quan 1,10.767112828386699,106.6927618222887,13,20,1.0
2025-11-21 13:40:22,Nguyen Thi Minh Khai,Quan 3,10.77847212665258,106.69389510879643,29,41,1.0
2025-11-21 13:40:23,Nguyen Van Troi,Phu Nhuan,10.796057790235078,106.67492629345334,22,34,0.999713
2025-11-21 13:40:24,Pham Van Dong,Go Vap,10.835298215641501,106.72935479345391,36,42,0.997416
2025-11-21 13:40:25,Cong truong lam son,Quan 1,10.777562007197462,106.7041335430398,17,30,1.0
2025-11-21 13:40:26,Nguyen Oanh ,Go Vap,10.83886351241477,106.67566625482782,28,36,1.0
2025-11-21 13:40:38,Le Hong Phong,Quan 10,10.765187049751795,106.67550552599073,28,36,1.0
2025-11-21 13:40:50,Nguyen Van Cu,Quan 5,10.759484371982321,106.6840537511244,19,27,1.0
2025-11-21 13:40:51,Nga tu Binh Phuoc,Ngoai o,10.865229381280965,106.72366973948475,34,49,1.0
2025-11-21 13:40:52,Phu My Hung ,Quan 7,10.72279213640514,106.72808623948244,28,37,0.996694
2025-11-21 13:40:53,Nguyen Thai Son,Phu Nhuan,10.823400120373712,106.68551227436063,23,31,1.0
2025-11-21 13:40:54,An Duong Vuong,Quan 8,10.756158554057757,106.66631758181126,24,29,1.0
2025-11-21 13:40:54,Huynh Tan Phat,Nha Be,10.7144382088356,106.73711688366167,26,35,1.0
2025-11-21 13:41:02,Truong Chinh,Tan Binh ,10.817236653231737,106.63191539530457,25,35,1.0
2025-11-21 13:43:14,Cho Ben Thanh,Quan 1,10.772727584493625,106.69804225297563,14,24,0.99753
2025-11-21 13:43:15,Duong Nguyen Hue,Quan 1,10.774028664434528,106.70357076461706,21,27,1.0
2025-11-21 13:43:15,Nguyen Van Linh,Quan 7,10.752616652291238,106.72509685338922,32,40,1.0
2025-11-21 13:43:16,Vo Van Kiet,Quan 5,10.745754766198267,106.65326266831877,42,42,1.0
2025-11-21 13:43:17,Xa lo Ha Noi,QL1A,10.94927106740351,106.87196348224562,27,41,1.0
2025-11-21 13:43:29,Duong Dien Bien Phu,Quan 1,10.78866360854368,106.69551372228901,33,41,1.0
2025-11-21 13:43:41,Nga tu Hang Xanh,Binh Thanh,10.801406421807085,106.71148440879679,33,41,1.0
2025-11-21 13:43:42,Nga tu An Suong,Hoc Mon,10.843150534972033,106.6151343241409,24,35,1.0
2025-11-21 13:43:43,Ben xe Mien Dong,Quan 9,10.880537767027526,106.81481342866444,41,53,1.0
2025-11-21 13:43:44,Ben xe Mien Tay,Binh Tan,10.740840166521663,106.61899246873142,26,35,1.0
2025-11-21 13:43:45,Cau Sai Gon,Quan 2 ,10.798986343749618,106.72697056646841,45,45,1.0
2025-11-21 13:43:46,Cau Phu My,Q2,10.741860769464234,106.73790365482627,45,45,1.0
2025-11-21 13:43:47,Cau Kenh Te,Q4,10.752408891679814,106.7022703818112,24,34,1.0
2025-11-21 13:43:47,Cau Thu Thiem,Quan 2,10.786216596454727,106.71836665482695,40,40,1.0
2025-11-21 13:43:48,Nguyen Huu Canh,Binh Thanh,10.78948793356203,106.71518838181179,36,36,1.0
2025-11-21 13:43:49,Cong Hoa,Tan Binh,10.80223925742187,106.6478722259914,25,41,1.0
2025-11-21 13:43:50,Truong Son / Tan Son Nhat Blvd,Gan san bay,10.813928881466124,106.66511432455972,23,34,1.0
2025-11-21 13:43:51,Nguyen Trai,Quan 5,10.755608615763382,106.67347943578082,17,28,1.0
2025-11-21 13:43:52,Le Duan,Quan 1,10.782680856341083,106.70051548181169,20,30,1.0
2025-11-21 13:43:54,Tran Hung Dao ,Quan 5,10.754895139302109,106.67839188181134,23,32,1.0
2025-11-21 13:43:55,Tran Quoc Thao,Quan 3,10.785070445194592,106.68331340921323,13,27,1.0
2025-11-21 13:43:56,Tran Hung Dao,Quan 5,10.7549373008113,106.67848844133415,23,33,1.0
2025-11-21 13:43:57,Cach Mang Thang 8 (CMT8),Quan 3,10.77898143649726,106.67684447140958,23,34,1.0
2025-11-21 13:43:58,Pham Ngu Lao / Bui Vien,Quan 1,10.767112828386699,106.6927618222887,13,20,1.0
2025-11-21 13:43:59,Nguyen Thi Minh Khai,Quan 3,10.77847212665258,106.69389510879643,29,41,1.0
2025-11-21 13:44:00,Nguyen Van Troi,Phu Nhuan,10.796057790235078,106.67492629345334,23,34,0.999528
2025-11-21 13:44:01,Pham Van Dong,Go Vap,10.835298215641501,106.72935479345391,36,42,0.997472
2025-11-21 13:44:13,Cong truong lam son,Quan 1,10.777562007197462,106.7041335430398,19,30,1.0
2025-11-21 13:44:25,Nguyen Oanh ,Go Vap,10.83886351241477,106.67566625482782,36,36,1.0
2025-11-21 13:44:26,Le Hong Phong,Quan 10,10.765187049751795,106.67550552599073,20,35,1.0
2025-11-21 13:44:27,Nguyen Van Cu,Quan 5,10.759484371982321,106.6840537511244,18,28,1.0
2025-11-21 13:44:27,Nga tu Binh Phuoc,Ngoai o,10.865229381280965,106.72366973948475,37,49,1.0
2025-11-21 13:44:28,Phu My Hung ,Quan 7,10.72279213640514,106.72808623948244,27,37,0.995428
2025-11-21 13:44:29,Nguyen Thai Son,Phu Nhuan,10.823400120373712,106.68551227436063,23,32,1.0
2025-11-21 13:44:30,An Duong Vuong,Quan 8,10.756158554057757,106.66631758181126,21,30,1.0
2025-11-21 13:44:37,Huynh Tan Phat,Nha Be,10.7144382088356,106.73711688366167,27,35,1.0
2025-11-21 13:44:49,Truong Chinh,Tan Binh ,10.817236653231737,106.63191539530457,23,35,1.0
2025-11-21 13:47:01,Cho Ben Thanh,Quan 1,10.772727584493625,106.69804225297563,14,24,0.99753
2025-11-21 13:47:02,Duong Nguyen Hue,Quan 1,10.774028664434528,106.70357076461706,23,29,1.0
2025-11-21 13:47:03,Nguyen Van Linh,Quan 7,10.752616652291238,106.72509685338922,39,39,1.0
2025-11-21 13:47:15,Vo Van Kiet,Quan 5,10.745754766198267,106.65326266831877,42,42,1.0
2025-11-21 13:47:27,Xa lo Ha Noi,QL1A,10.94927106740351,106.87196348224562,26,42,1.0
2025-11-21 13:47:28,Duong Dien Bien Phu,Quan 1,10.78866360854368,106.69551372228901,35,41,1.0
2025-11-21 13:47:29,Nga tu Hang Xanh,Binh Thanh,10.801406421807085,106.71148440879679,35,41,1.0
2025-11-21 13:47:30,Nga tu An Suong,Hoc Mon,10.843150534972033,106.6151343241409,22,35,1.0
2025-11-21 13:47:30,Ben xe Mien Dong,Quan 9,10.880537767027526,106.81481342866444,42,54,1.0
2025-11-21 13:47:52,Ben xe Mien Tay,Binh Tan,10.740840166521663,106.61899246873142,25,35,1.0
2025-11-21 13:47:53,Cau Sai Gon,Quan 2 ,10.798986343749618,106.72697056646841,45,45,1.0
2025-11-21 13:47:54,Cau Phu My,Q2,10.741860769464234,106.73790365482627,45,45,1.0
2025-11-21 13:47:55,Cau Kenh Te,Q4,10.752408891679814,106.7022703818112,23,34,1.0
2025-11-21 13:47:56,Cau Thu Thiem,Quan 2,10.786216596454727,106.71836665482695,40,40,1.0
2025-11-21 13:47:57,Nguyen Huu Canh,Binh Thanh,10.78948793356203,106.71518838181179,36,36,1.0
2025-11-21 13:48:09,Cong Hoa,Tan Binh,10.80223925742187,106.6478722259914,27,41,1.0
2025-11-21 13:48:10,Truong Son / Tan Son Nhat Blvd,Gan san bay,10.813928881466124,106.66511432455972,22,34,1.0
2025-11-21 13:48:11,Nguyen Trai,Quan 5,10.755608615763382,106.67347943578082,15,28,0.998951
2025-11-21 13:48:22,Le Duan,Quan 1,10.782680856341083,106.70051548181169,17,31,1.0
2025-11-21 13:48:22,Tran Hung Dao ,Quan 5,10.754895139302109,106.67839188181134,23,32,1.0
2025-11-21 13:48:23,Tran Quoc Thao,Quan 3,10.785070445194592,106.68331340921323,13,27,1.0
2025-11-21 13:48:24,Tran Hung Dao,Quan 5,10.7549373008113,106.67848844133415,23,32,1.0
2025-11-21 13:48:25,Cach Mang Thang 8 (CMT8),Quan 3,10.77898143649726,106.67684447140958,20,34,1.0
2025-11-21 13:48:47,Pham Ngu Lao / Bui Vien,Quan 1,10.767112828386699,106.6927618222887,11,20,1.0
2025-11-21 13:48:48,Nguyen Thi Minh Khai,Quan 3,10.77847212665258,106.69389510879643,28,41,1.0
2025-11-21 13:48:49,Nguyen Van Troi,Phu Nhuan,10.796057790235078,106.67492629345334,22,33,0.999528
2025-11-21 13:48:50,Pham Van Dong,Go Vap,10.835298215641501,106.72935479345391,35,42,0.996934
2025-11-21 13:48:51,Cong truong lam son,Quan 1,10.777562007197462,106.7041335430398,18,30,1.0
2025-11-21 13:48:52,Nguyen Oanh ,Go Vap,10.83886351241477,106.67566625482782,28,35,1.0
2025-11-21 13:48:53,Le Hong Phong,Quan 10,10.765187049751795,106.67550552599073,20,35,1.0
2025-11-21 13:48:54,Nguyen Van Cu,Quan 5,10.759484371982321,106.6840537511244,16,28,0.998951
2025-11-21 13:48:55,Nga tu Binh Phuoc,Ngoai o,10.865229381280965,106.72366973948475,36,49,1.0
2025-11-21 13:48:56,Phu My Hung ,Quan 7,10.72279213640514,106.72808623948244,29,37,0.996694
2025-11-21 13:49:03,Nguyen Thai Son,Phu Nhuan,10.823400120373712,106.68551227436063,24,31,1.0
2025-11-21 13:49:15,An Duong Vuong,Quan 8,10.756158554057757,106.66631758181126,22,29,1.0
2025-11-21 13:49:27,Huynh Tan Phat,Nha Be,10.7144382088356,106.73711688366167,26,35,1.0
2025-11-21 13:49:39,Truong Chinh,Tan Binh ,10.817236653231737,106.63191539530457,22,35,1.0
2025-11-21 13:51:51,Cho Ben Thanh,Quan 1,10.772727584493625,106.69804225297563,13,24,0.99753
2025-11-21 13:51:52,Duong Nguyen Hue,Quan 1,10.774028664434528,106.70357076461706,29,29,1.0
2025-11-21 13:51:53,Nguyen Van Linh,Quan 7,10.752616652291238,106.72509685338922,39,39,1.0
2025-11-21 13:51:54,Vo Van Kiet,Quan 5,10.745754766198267,106.65326266831877,37,42,1.0
2025-11-21 13:51:55,Xa lo Ha Noi,QL1A,10.94927106740351,106.87196348224562,29,42,1.0
2025-11-21 13:52:07,Duong Dien Bien Phu,Quan 1,10.78866360854368,106.69551372228901,34,42,1.0
2025-11-21 13:52:19,Nga tu Hang Xanh,Binh Thanh,10.801406421807085,106.71148440879679,34,42,1.0
2025-11-21 13:52:20,Nga tu An Suong,Hoc Mon,10.843150534972033,106.6151343241409,23,35,1.0
2025-11-21 13:52:21,Ben xe Mien Dong,Quan 9,10.880537767027526,106.81481342866444,42,53,1.0
2025-11-21 13:52:22,Ben xe Mien Tay,Binh Tan,10.740840166521663,106.61899246873142,27,36,1.0
2025-11-21 13:52:23,Cau Sai Gon,Quan 2 ,10.798986343749618,106.72697056646841,45,45,1.0
2025-11-21 13:52:24,Cau Phu My,Q2,10.741860769464234,106.73790365482627,38,44,1.0
2025-11-21 13:52:24,Cau Kenh Te,Q4,10.752408891679814,106.7022703818112,24,33,1.0
2025-11-21 13:52:31,Cau Thu Thiem,Quan 2,10.786216596454727,106.71836665482695,40,40,1.0
2025-11-21 13:52:32,Nguyen Huu Canh,Binh Thanh,10.78948793356203,106.71518838181179,36,36,1.0
2025-11-21 13:52:33,Cong Hoa,Tan Binh,10.80223925742187,106.6478722259914,26,41,1.0
2025-11-21 13:52:34,Truong Son / Tan Son Nhat Blvd,Gan san bay,10.813928881466124,106.66511432455972,23,34,1.0
2025-11-21 13:52:34,Nguyen Trai,Quan 5,10.755608615763382,106.67347943578082,19,28,0.997901
2025-11-21 13:52:35,Le Duan,Quan 1,10.782680856341083,106.70051548181169,18,30,1.0
2025-11-21 13:52:43,Tran Hung Dao ,Quan 5,10.754895139302109,106.67839188181134,23,33,1.0
2025-11-21 13:52:44,Tran Quoc Thao,Quan 3,10.785070445194592,106.68331340921323,13,27,1.0
2025-11-21 13:52:45,Tran Hung Dao,Quan 5,10.7549373008113,106.67848844133415,23,33,1.0
2025-11-21 13:52:46,Cach Mang Thang 8 (CMT8),Quan 3,10.77898143649726,106.67684447140958,22,34,1.0
2025-11-21 13:52:47,Pham Ngu Lao / Bui Vien,Quan 1,10.767112828386699,106.6927618222887,12,19,1.0
2025-11-21 13:52:47,Nguyen Thi Minh Khai,Quan 3,10.77847212665258,106.69389510879643,28,42,1.0
2025-11-21 13:52:48,Nguyen Van Troi,Phu Nhuan,10.796057790235078,106.67492629345334,23,34,1.0
2025-11-21 13:52:55,Pham Van Dong,Go Vap,10.835298215641501,106.72935479345391,35,42,0.997116
2025-11-21 13:52:56,Cong truong lam son,Quan 1,10.777562007197462,106.7041335430398,18,30,1.0
2025-11-21 13:52:57,Nguyen Oanh ,Go Vap,10.83886351241477,106.67566625482782,29,36,1.0
2025-11-21 13:52:58,Le Hong Phong,Quan 10,10.765187049751795,106.67550552599073,25,35,1.0
2025-11-21 13:52:59,Nguyen Van Cu,Quan 5,10.759484371982321,106.6840537511244,19,28,0.997901
2025-11-21 13:53:00,Nga tu Binh Phuoc,Ngoai o,10.865229381280965,106.72366973948475,36,49,1.0
2025-11-21 13:53:00,Phu My Hung ,Quan 7,10.72279213640514,106.72808623948244,27,36,0.997876
2025-11-21 13:53:07,Nguyen Thai Son,Phu Nhuan,10.823400120373712,106.68551227436063,32,32,1.0
2025-11-21 13:53:19,An Duong Vuong,Quan 8,10.756158554057757,106.66631758181126,21,29,1.0
2025-11-21 13:53:20,Huynh Tan Phat,Nha Be,10.7144382088356,106.73711688366167,26,35,1.0
2025-11-21 13:53:21,Truong Chinh,Tan Binh ,10.817236653231737,106.63191539530457,22,35,1.0
2025-11-21 13:55:22,Cho Ben Thanh,Quan 1,10.772727584493625,106.69804225297563,17,24,0.99753
2025-11-21 13:55:23,Duong Nguyen Hue,Quan 1,10.774028664434528,106.70357076461706,29,29,1.0
2025-11-21 13:55:24,Nguyen Van Linh,Quan 7,10.752616652291238,106.72509685338922,39,39,1.0
2025-11-21 13:55:25,Vo Van Kiet,Quan 5,10.745754766198267,106.65326266831877,35,42,1.0
2025-11-21 13:55:26,Xa lo Ha Noi,QL1A,10.94927106740351,106.87196348224562,32,42,1.0
2025-11-21 13:55:27,Duong Dien Bien Phu,Quan 1,10.78866360854368,106.69551372228901,34,41,1.0
2025-11-21 13:55:33,Nga tu Hang Xanh,Binh Thanh,10.801406421807085,106.71148440879679,34,41,1.0
2025-11-21 13:55:34,Nga tu An Suong,Hoc Mon,10.843150534972033,106.6151343241409,24,35,1.0
2025-11-21 13:55:35,Ben xe Mien Dong,Quan 9,10.880537767027526,106.81481342866444,41,53,1.0
2025-11-21 13:55:36,Ben xe Mien Tay,Binh Tan,10.740840166521663,106.61899246873142,27,35,1.0
2025-11-21 13:55:37,Cau Sai Gon,Quan 2 ,10.798986343749618,106.72697056646841,45,45,1.0
2025-11-21 13:55:38,Cau Phu My,Q2,10.741860769464234,106.73790365482627,45,45,1.0
2025-11-21 13:55:45,Cau Kenh Te,Q4,10.752408891679814,106.7022703818112,24,33,1.0
2025-11-21 13:55:46,Cau Thu Thiem,Quan 2,10.786216596454727,106.71836665482695,40,40,1.0
2025-11-21 13:55:47,Nguyen Huu Canh,Binh Thanh,10.78948793356203,106.71518838181179,36,36,1.0
2025-11-21 13:55:48,Cong Hoa,Tan Binh,10.80223925742187,106.6478722259914,28,41,1.0
2025-11-21 13:55:49,Truong Son / Tan Son Nhat Blvd,Gan san bay,10.813928881466124,106.66511432455972,23,34,0.999427
2025-11-21 13:55:50,Nguyen Trai,Quan 5,10.755608615763382,106.67347943578082,18,26,1.0
2025-11-21 13:55:51,Le Duan,Quan 1,10.782680856341083,106.70051548181169,19,30,1.0
2025-11-21 13:55:52,Tran Hung Dao ,Quan 5,10.754895139302109,106.67839188181134,22,32,1.0
2025-11-21 13:55:57,Tran Quoc Thao,Quan 3,10.785070445194592,106.68331340921323,14,27,1.0
2025-11-21 13:55:58,Tran Hung Dao,Quan 5,10.7549373008113,106.67848844133415,22,32,1.0
2025-11-21 13:55:59,Cach Mang Thang 8 (CMT8),Quan 3,10.77898143649726,106.67684447140958,22,34,1.0
2025-11-21 13:56:00,Pham Ngu Lao / Bui Vien,Quan 1,10.767112828386699,106.6927618222887,11,19,1.0
2025-11-21 13:56:01,Nguyen Thi Minh Khai,Quan 3,10.77847212665258,106.69389510879643,29,41,1.0
2025-11-21 13:56:02,Nguyen Van Troi,Phu Nhuan,10.796057790235078,106.67492629345334,23,34,0.999427
2025-11-21 13:56:14,Pham Van Dong,Go Vap,10.835298215641501,106.72935479345391,36,42,0.997831
2025-11-21 13:56:26,Cong truong lam son,Quan 1,10.777562007197462,106.7041335430398,18,30,1.0
2025-11-21 13:56:27,Nguyen Oanh ,Go Vap,10.83886351241477,106.67566625482782,36,36,1.0
2025-11-21 13:56:28,Le Hong Phong,Quan 10,10.765187049751795,106.67550552599073,23,36,1.0
2025-11-21 13:56:29,Nguyen Van Cu,Quan 5,10.759484371982321,106.6840537511244,19,27,1.0
2025-11-21 13:56:30,Nga tu Binh Phuoc,Ngoai o,10.865229381280965,106.72366973948475,35,49,1.0
2025-11-21 13:56:31,Phu My Hung ,Quan 7,10.72279213640514,106.72808623948244,29,37,0.997702
2025-11-21 13:56:38,Nguyen Thai Son,Phu Nhuan,10.823400120373712,106.68551227436063,24,31,1.0
2025-11-21 13:56:50,An Duong Vuong,Quan 8,10.756158554057757,106.66631758181126,21,29,1.0
2025-11-21 13:56:51,Huynh Tan Phat,Nha Be,10.7144382088356,106.73711688366167,26,35,1.0
2025-11-21 13:56:52,Truong Chinh,Tan Binh ,10.817236653231737,106.63191539530457,23,35,1.0
2025-11-21 13:59:04,Cho Ben Thanh,Quan 1,10.772727584493625,106.69804225297563,15,24,0.99753
2025-11-21 13:59:05,Duong Nguyen Hue,Quan 1,10.774028664434528,106.70357076461706,17,27,1.0
2025-11-21 13:59:06,Nguyen Van Linh,Quan 7,10.752616652291238,106.72509685338922,39,39,1.0
2025-11-21 13:59:07,Vo Van Kiet,Quan 5,10.745754766198267,106.65326266831877,42,42,1.0
2025-11-21 13:59:08,Xa lo Ha Noi,QL1A,10.94927106740351,106.87196348224562,28,41,1.0
2025-11-21 13:59:20,Duong Dien Bien Phu,Quan 1,10.78866360854368,106.69551372228901,35,42,1.0
2025-11-21 13:59:32,Nga tu Hang Xanh,Binh Thanh,10.801406421807085,106.71148440879679,35,42,1.0
2025-11-21 13:59:33,Nga tu An Suong,Hoc Mon,10.843150534972033,106.6151343241409,22,35,1.0
2025-11-21 13:59:34,Ben xe Mien Dong,Quan 9,10.880537767027526,106.81481342866444,44,53,1.0
2025-11-21 13:59:35,Ben xe Mien Tay,Binh Tan,10.740840166521663,106.61899246873142,27,36,1.0
2025-11-21 13:59:47,Cau Sai Gon,Quan 2 ,10.798986343749618,106.72697056646841,45,45,1.0
2025-11-21 13:59:48,Cau Phu My,Q2,10.741860769464234,106.73790365482627,45,45,1.0
2025-11-21 13:59:49,Cau Kenh Te,Q4,10.752408891679814,106.7022703818112,24,33,1.0
2025-11-21 13:59:49,Cau Thu Thiem,Quan 2,10.786216596454727,106.71836665482695,40,40,1.0
2025-11-21 13:59:50,Nguyen Huu Canh,Binh Thanh,10.78948793356203,106.71518838181179,36,36,1.0
2025-11-21 13:59:51,Cong Hoa,Tan Binh,10.80223925742187,106.6478722259914,27,41,1.0
2025-11-21 13:59:52,Truong Son / Tan Son Nhat Blvd,Gan san bay,10.813928881466124,106.66511432455972,22,34,0.998673
2025-11-21 13:59:53,Nguyen Trai,Quan 5,10.755608615763382,106.67347943578082,18,28,1.0
2025-11-21 13:59:54,Le Duan,Quan 1,10.782680856341083,106.70051548181169,19,30,1.0
2025-11-21 13:59:55,Tran Hung Dao ,Quan 5,10.754895139302109,106.67839188181134,23,33,1.0
2025-11-21 13:59:56,Tran Quoc Thao,Quan 3,10.785070445194592,106.68331340921323,13,27,1.0
2025-11-21 13:59:57,Tran Hung Dao,Quan 5,10.7549373008113,106.67848844133415,23,33,1.0
2025-11-21 13:59:58,Cach Mang Thang 8 (CMT8),Quan 3,10.77898143649726,106.67684447140958,20,34,1.0
2025-11-21 13:59:59,Pham Ngu Lao / Bui Vien,Quan 1,10.767112828386699,106.6927618222887,20,20,1.0
2025-11-21 14:00:00,Nguyen Thi Minh Khai,Quan 3,10.77847212665258,106.69389510879643,29,41,1.0
2025-11-21 14:00:01,Nguyen Van Troi,Phu Nhuan,10.796057790235078,106.67492629345334,22,34,0.998673
2025-11-21 14:00:01,Pham Van Dong,Go Vap,10.835298215641501,106.72935479345391,36,42,0.997842
2025-11-21 14:00:02,Cong truong lam son,Quan 1,10.777562007197462,106.7041335430398,19,30,1.0
2025-11-21 14:00:04,Nguyen Oanh ,Go Vap,10.83886351241477,106.67566625482782,36,36,1.0
2025-11-21 14:00:05,Le Hong Phong,Quan 10,10.765187049751795,106.67550552599073,28,36,1.0
2025-11-21 14:00:14,Nguyen Van Cu,Quan 5,10.759484371982321,106.6840537511244,18,28,1.0
2025-11-21 14:00:15,Nga tu Binh Phuoc,Ngoai o,10.865229381280965,106.72366973948475,35,49,1.0
2025-11-21 14:00:27,Phu My Hung ,Quan 7,10.72279213640514,106.72808623948244,28,37,0.997907
2025-11-21 14:00:39,Nguyen Thai Son,Phu Nhuan,10.823400120373712,106.68551227436063,22,32,1.0
2025-11-21 14:00:51,An Duong Vuong,Quan 8,10.756158554057757,106.66631758181126,30,30,1.0
2025-11-21 14:00:52,Huynh Tan Phat,Nha Be,10.7144382088356,106.73711688366167,25,35,1.0
2025-11-21 14:00:53,Truong Chinh,Tan Binh ,10.817236653231737,106.63191539530457,22,35,1.0
2025-11-21 14:03:24,Cho Ben Thanh,Quan 1,10.772727584493625,106.69804225297563,14,24,0.998765
2025-11-21 14:03:25,Duong Nguyen Hue,Quan 1,10.774028664434528,106.70357076461706,16,28,1.0
2025-11-21 14:03:26,Nguyen Van Linh,Quan 7,10.752616652291238,106.72509685338922,39,39,1.0
2025-11-21 14:03:27,Vo Van Kiet,Quan 5,10.745754766198267,106.65326266831877,42,42,1.0
2025-11-21 14:03:28,Xa lo Ha Noi,QL1A,10.94927106740351,106.87196348224562,29,41,1.0
2025-11-21 14:03:28,Duong Dien Bien Phu,Quan 1,10.78866360854368,106.69551372228901,34,42,1.0
2025-11-21 14:03:36,Nga tu Hang Xanh,Binh Thanh,10.801406421807085,106.71148440879679,34,42,1.0
2025-11-21 14:03:48,Nga tu An Suong,Hoc Mon,10.843150534972033,106.6151343241409,22,35,1.0
2025-11-21 14:03:49,Ben xe Mien Dong,Quan 9,10.880537767027526,106.81481342866444,43,53,1.0
2025-11-21 14:03:50,Ben xe Mien Tay,Binh Tan,10.740840166521663,106.61899246873142,26,35,1.0
2025-11-21 14:03:51,Cau Sai Gon,Quan 2 ,10.798986343749618,106.72697056646841,45,45,1.0
2025-11-21 14:03:51,Cau Phu My,Q2,10.741860769464234,106.73790365482627,45,45,1.0
2025-11-21 14:03:52,Cau Kenh Te,Q4,10.752408891679814,106.7022703818112,24,33,1.0
2025-11-21 14:03:53,Cau Thu Thiem,Quan 2,10.786216596454727,106.71836665482695,40,40,1.0
2025-11-21 14:03:54,Nguyen Huu Canh,Binh Thanh,10.78948793356203,106.71518838181179,36,36,1.0
2025-11-21 14:03:55,Cong Hoa,Tan Binh,10.80223925742187,106.6478722259914,30,41,1.0
2025-11-21 14:03:56,Truong Son / Tan Son Nhat Blvd,Gan san bay,10.813928881466124,106.66511432455972,19,34,0.998955
2025-11-21 14:03:57,Nguyen Trai,Quan 5,10.755608615763382,106.67347943578082,18,28,0.998947
2025-11-21 14:04:09,Le Duan,Quan 1,10.782680856341083,106.70051548181169,19,30,1.0
2025-11-21 14:04:21,Tran Hung Dao ,Quan 5,10.754895139302109,106.67839188181134,24,32,1.0
2025-11-21 14:04:22,Tran Quoc Thao,Quan 3,10.785070445194592,106.68331340921323,16,28,1.0
2025-11-21 14:04:23,Tran Hung Dao,Quan 5,10.7549373008113,106.67848844133415,24,32,1.0
2025-11-21 14:04:24,Cach Mang Thang 8 (CMT8),Quan 3,10.77898143649726,106.67684447140958,21,35,1.0
2025-11-21 14:04:25,Pham Ngu Lao / Bui Vien,Quan 1,10.767112828386699,106.6927618222887,20,20,1.0
2025-11-21 14:04:25,Nguyen Thi Minh Khai,Quan 3,10.77847212665258,106.69389510879643,28,42,1.0
2025-11-21 14:04:33,Nguyen Van Troi,Phu Nhuan,10.796057790235078,106.67492629345334,19,33,0.999528
2025-11-21 14:04:45,Pham Van Dong,Go Vap,10.835298215641501,106.72935479345391,34,42,0.997851
2025-11-21 14:04:47,Cong truong lam son,Quan 1,10.777562007197462,106.7041335430398,19,31,1.0
2025-11-21 14:04:48,Nguyen Oanh ,Go Vap,10.83886351241477,106.67566625482782,36,36,1.0
2025-11-21 14:04:49,Le Hong Phong,Quan 10,10.765187049751795,106.67550552599073,21,35,1.0
2025-11-21 14:04:50,Nguyen Van Cu,Quan 5,10.759484371982321,106.6840537511244,19,28,1.0
2025-11-21 14:04:50,Nga tu Binh Phuoc,Ngoai o,10.865229381280965,106.72366973948475,36,49,1.0
2025-11-21 14:04:51,Phu My Hung ,Quan 7,10.72279213640514,106.72808623948244,28,36,0.995795
2025-11-21 14:04:52,Nguyen Thai Son,Phu Nhuan,10.823400120373712,106.68551227436063,25,32,1.0
2025-11-21 14:04:57,An Duong Vuong,Quan 8,10.756158554057757,106.66631758181126,22,29,1.0
2025-11-21 14:04:58,Huynh Tan Phat,Nha Be,10.7144382088356,106.73711688366167,25,35,1.0
2025-11-21 14:04:59,Truong Chinh,Tan Binh ,10.817236653231737,106.63191539530457,22,35,1.0
2025-11-21 14:07:12,Cho Ben Thanh,Quan 1,10.772727584493625,106.69804225297563,15,24,0.998765
2025-11-21 14:07:25,Duong Nguyen Hue,Quan 1,10.774028664434528,106.70357076461706,17,28,1.0
2025-11-21 14:07:26,Nguyen Van Linh,Quan 7,10.752616652291238,106.72509685338922,39,39,1.0
2025-11-21 14:07:27,Vo Van Kiet,Quan 5,10.745754766198267,106.65326266831877,42,42,1.0
2025-11-21 14:07:28,Xa lo Ha Noi,QL1A,10.94927106740351,106.87196348224562,42,42,1.0
2025-11-21 14:07:29,Duong Dien Bien Phu,Quan 1,10.78866360854368,106.69551372228901,32,42,1.0
2025-11-21 14:07:30,Nga tu Hang Xanh,Binh Thanh,10.801406421807085,106.71148440879679,32,42,1.0
2025-11-21 14:07:42,Nga tu An Suong,Hoc Mon,10.843150534972033,106.6151343241409,23,35,1.0
2025-11-21 14:07:43,Ben xe Mien Dong,Quan 9,10.880537767027526,106.81481342866444,43,53,1.0
2025-11-21 14:07:44,Ben xe Mien Tay,Binh Tan,10.740840166521663,106.61899246873142,27,35,1.0
2025-11-21 14:07:45,Cau Sai Gon,Quan 2 ,10.798986343749618,106.72697056646841,45,45,1.0
2025-11-21 14:07:46,Cau Phu My,Q2,10.741860769464234,106.73790365482627,45,45,1.0
2025-11-21 14:07:47,Cau Kenh Te,Q4,10.752408891679814,106.7022703818112,22,34,1.0
2025-11-21 14:07:48,Cau Thu Thiem,Quan 2,10.786216596454727,106.71836665482695,40,40,1.0
2025-11-21 14:07:49,Nguyen Huu Canh,Binh Thanh,10.78948793356203,106.71518838181179,36,36,1.0
2025-11-21 14:07:50,Cong Hoa,Tan Binh,10.80223925742187,106.6478722259914,29,41,1.0
2025-11-21 14:07:51,Truong Son / Tan Son Nhat Blvd,Gan san bay,10.813928881466124,106.66511432455972,17,34,0.998955
2025-11-21 14:08:04,Nguyen Trai,Quan 5,10.755608615763382,106.67347943578082,16,27,1.0
2025-11-21 14:08:17,Le Duan,Quan 1,10.782680856341083,106.70051548181169,19,30,1.0
2025-11-21 14:08:18,Tran Hung Dao ,Quan 5,10.754895139302109,106.67839188181134,24,33,1.0
2025-11-21 14:08:19,Tran Quoc Thao,Quan 3,10.785070445194592,106.68331340921323,13,27,1.0
2025-11-21 14:08:20,Tran Hung Dao,Quan 5,10.7549373008113,106.67848844133415,24,33,1.0
2025-11-21 14:08:20,Cach Mang Thang 8 (CMT8),Quan 3,10.77898143649726,106.67684447140958,21,34,1.0
2025-11-21 14:08:21,Pham Ngu Lao / Bui Vien,Quan 1,10.767112828386699,106.6927618222887,14,19,1.0
2025-11-21 14:08:34,Nguyen Thi Minh Khai,Quan 3,10.77847212665258,106.69389510879643,28,41,1.0
2025-11-21 14:08:47,Nguyen Van Troi,Phu Nhuan,10.796057790235078,106.67492629345334,18,34,0.999528
2025-11-21 14:08:48,Pham Van Dong,Go Vap,10.835298215641501,106.72935479345391,34,42,0.998196
2025-11-21 14:08:49,Cong truong lam son,Quan 1,10.777562007197462,106.7041335430398,19,30,1.0
2025-11-21 14:08:50,Nguyen Oanh ,Go Vap,10.83886351241477,106.67566625482782,29,36,1.0
2025-11-21 14:08:51,Le Hong Phong,Quan 10,10.765187049751795,106.67550552599073,23,36,1.0
2025-11-21 14:08:52,Nguyen Van Cu,Quan 5,10.759484371982321,106.6840537511244,17,27,1.0
2025-11-21 14:09:05,Nga tu Binh Phuoc,Ngoai o,10.865229381280965,106.72366973948475,35,49,1.0
2025-11-21 14:09:17,Phu My Hung ,Quan 7,10.72279213640514,106.72808623948244,27,36,0.996807
2025-11-21 14:09:18,Nguyen Thai Son,Phu Nhuan,10.823400120373712,106.68551227436063,22,31,1.0
2025-11-21 14:09:19,An Duong Vuong,Quan 8,10.756158554057757,106.66631758181126,19,29,1.0
2025-11-21 14:09:19,Huynh Tan Phat,Nha Be,10.7144382088356,106.73711688366167,25,35,1.0
2025-11-21 14:09:20,Truong Chinh,Tan Binh ,10.817236653231737,106.63191539530457,23,35,1.0
2025-11-21 14:11:21,Cho Ben Thanh,Quan 1,10.772727584493625,106.69804225297563,15,23,0.998765
2025-11-21 14:11:22,Duong Nguyen Hue,Quan 1,10.774028664434528,106.70357076461706,29,29,1.0
2025-11-21 14:11:32,Nguyen Van Linh,Quan 7,10.752616652291238,106.72509685338922,39,39,1.0
2025-11-21 14:11:33,Vo Van Kiet,Quan 5,10.745754766198267,106.65326266831877,36,42,1.0
2025-11-21 14:11:45,Xa lo Ha Noi,QL1A,10.94927106740351,106.87196348224562,42,42,1.0
2025-11-21 14:11:57,Duong Dien Bien Phu,Quan 1,10.78866360854368,106.69551372228901,34,41,1.0
2025-11-21 14:11:58,Nga tu Hang Xanh,Binh Thanh,10.801406421807085,106.71148440879679,34,41,1.0
2025-11-21 14:11:59,Nga tu An Suong,Hoc Mon,10.843150534972033,106.6151343241409,23,35,1.0
2025-11-21 14:12:00,Ben xe Mien Dong,Quan 9,10.880537767027526,106.81481342866444,41,53,1.0
2025-11-21 14:12:01,Ben xe Mien Tay,Binh Tan,10.740840166521663,106.61899246873142,26,35,1.0
2025-11-21 14:12:02,Cau Sai Gon,Quan 2 ,10.798986343749618,106.72697056646841,45,45,1.0
2025-11-21 14:12:03,Cau Phu My,Q2,10.741860769464234,106.73790365482627,45,45,1.0
2025-11-21 14:12:13,Cau Kenh Te,Q4,10.752408891679814,106.7022703818112,24,33,1.0
2025-11-21 14:12:25,Cau Thu Thiem,Quan 2,10.786216596454727,106.71836665482695,40,40,1.0
2025-11-21 14:12:26,Nguyen Huu Canh,Binh Thanh,10.78948793356203,106.71518838181179,36,36,1.0
2025-11-21 14:12:27,Cong Hoa,Tan Binh,10.80223925742187,106.6478722259914,29,41,1.0
2025-11-21 14:12:28,Truong Son / Tan Son Nhat Blvd,Gan san bay,10.813928881466124,106.66511432455972,19,34,1.0
2025-11-21 14:12:29,Nguyen Trai,Quan 5,10.755608615763382,106.67347943578082,17,27,0.998951
2025-11-21 14:12:30,Le Duan,Quan 1,10.782680856341083,106.70051548181169,18,30,1.0
2025-11-21 14:12:31,Tran Hung Dao ,Quan 5,10.754895139302109,106.67839188181134,21,32,1.0
2025-11-21 14:12:37,Tran Quoc Thao,Quan 3,10.785070445194592,106.68331340921323,17,28,1.0
2025-11-21 14:12:49,Tran Hung Dao,Quan 5,10.7549373008113,106.67848844133415,21,32,1.0
2025-11-21 14:12:50,Cach Mang Thang 8 (CMT8),Quan 3,10.77898143649726,106.67684447140958,20,34,1.0
2025-11-21 14:12:51,Pham Ngu Lao / Bui Vien,Quan 1,10.767112828386699,106.6927618222887,15,20,1.0
2025-11-21 14:12:52,Nguyen Thi Minh Khai,Quan 3,10.77847212665258,106.69389510879643,29,42,1.0
2025-11-21 14:12:53,Nguyen Van Troi,Phu Nhuan,10.796057790235078,106.67492629345334,20,34,0.999242
2025-11-21 14:12:54,Pham Van Dong,Go Vap,10.835298215641501,106.72935479345391,36,42,0.998023
2025-11-21 14:13:06,Cong truong lam son,Quan 1,10.777562007197462,106.7041335430398,18,30,1.0
2025-11-21 14:13:18,Nguyen Oanh ,Go Vap,10.83886351241477,106.67566625482782,27,35,1.0
2025-11-21 14:13:19,Le Hong Phong,Quan 10,10.765187049751795,106.67550552599073,26,35,1.0
2025-11-21 14:13:20,Nguyen Van Cu,Quan 5,10.759484371982321,106.6840537511244,18,28,1.0
2025-11-21 14:13:20,Nga tu Binh Phuoc,Ngoai o,10.865229381280965,106.72366973948475,35,49,1.0
2025-11-21 14:13:21,Phu My Hung ,Quan 7,10.72279213640514,106.72808623948244,27,37,0.997902
2025-11-21 14:13:22,Nguyen Thai Son,Phu Nhuan,10.823400120373712,106.68551227436063,22,31,1.0
2025-11-21 14:13:30,An Duong Vuong,Quan 8,10.756158554057757,106.66631758181126,21,30,1.0
2025-11-21 14:13:31,Huynh Tan Phat,Nha Be,10.7144382088356,106.73711688366167,27,35,1.0
2025-11-21 14:13:32,Truong Chinh,Tan Binh ,10.817236653231737,106.63191539530457,22,35,1.0
2025-11-21 14:15:32,Cho Ben Thanh,Quan 1,10.772727584493625,106.69804225297563,14,24,1.0
2025-11-21 14:15:44,Duong Nguyen Hue,Quan 1,10.774028664434528,106.70357076461706,29,29,1.0
2025-11-21 14:15:56,Nguyen Van Linh,Quan 7,10.752616652291238,106.72509685338922,31,39,1.0
2025-11-21 14:15:57,Vo Van Kiet,Quan 5,10.745754766198267,106.65326266831877,42,42,1.0
2025-11-21 14:15:58,Xa lo Ha Noi,QL1A,10.94927106740351,106.87196348224562,28,42,1.0
2025-11-21 14:15:59,Duong Dien Bien Phu,Quan 1,10.78866360854368,106.69551372228901,33,42,1.0
2025-11-21 14:16:00,Nga tu Hang Xanh,Binh Thanh,10.801406421807085,106.71148440879679,33,42,1.0
2025-11-21 14:16:01,Nga tu An Suong,Hoc Mon,10.843150534972033,106.6151343241409,22,35,1.0
2025-11-21 14:16:13,Ben xe Mien Dong,Quan 9,10.880537767027526,106.81481342866444,43,54,1.0
2025-11-21 14:16:25,Ben xe Mien Tay,Binh Tan,10.740840166521663,106.61899246873142,26,35,1.0
2025-11-21 14:16:26,Cau Sai Gon,Quan 2 ,10.798986343749618,106.72697056646841,45,45,1.0
2025-11-21 14:16:27,Cau Phu My,Q2,10.741860769464234,106.73790365482627,45,45,1.0
2025-11-21 14:16:28,Cau Kenh Te,Q4,10.752408891679814,106.7022703818112,24,33,1.0
2025-11-21 14:16:29,Cau Thu Thiem,Quan 2,10.786216596454727,106.71836665482695,40,40,1.0
2025-11-21 14:16:30,Nguyen Huu Canh,Binh Thanh,10.78948793356203,106.71518838181179,36,36,1.0
2025-11-21 14:16:31,Cong Hoa,Tan Binh,10.80223925742187,106.6478722259914,30,41,1.0
2025-11-21 14:16:37,Truong Son / Tan Son Nhat Blvd,Gan san bay,10.813928881466124,106.66511432455972,19,34,1.0
2025-11-21 14:16:38,Nguyen Trai,Quan 5,10.755608615763382,106.67347943578082,20,28,0.998951
2025-11-21 14:16:39,Le Duan,Quan 1,10.782680856341083,106.70051548181169,18,30,1.0
2025-11-21 14:16:40,Tran Hung Dao ,Quan 5,10.754895139302109,106.67839188181134,23,32,1.0
2025-11-21 14:16:41,Tran Quoc Thao,Quan 3,10.785070445194592,106.68331340921323,17,27,1.0
2025-11-21 14:16:42,Tran Hung Dao,Quan 5,10.7549373008113,106.67848844133415,23,32,1.0
2025-11-21 14:16:42,Cach Mang Thang 8 (CMT8),Quan 3,10.77898143649726,106.67684447140958,20,34,1.0
2025-11-21 14:16:49,Pham Ngu Lao / Bui Vien,Quan 1,10.767112828386699,106.6927618222887,13,19,1.0
2025-11-21 14:16:50,Nguyen Thi Minh Khai,Quan 3,10.77847212665258,106.69389510879643,29,42,1.0
2025-11-21 14:16:51,Nguyen Van Troi,Phu Nhuan,10.796057790235078,106.67492629345334,20,33,1.0
2025-11-21 14:16:52,Pham Van Dong,Go Vap,10.835298215641501,106.72935479345391,35,42,0.998013
2025-11-21 14:16:53,Cong truong lam son,Quan 1,10.777562007197462,106.7041335430398,17,30,1.0
2025-11-21 14:16:53,Nguyen Oanh ,Go Vap,10.83886351241477,106.67566625482782,28,36,1.0
2025-11-21 14:17:01,Le Hong Phong,Quan 10,10.765187049751795,106.67550552599073,24,35,1.0
2025-11-21 14:17:02,Nguyen Van Cu,Quan 5,10.759484371982321,106.6840537511244,18,27,1.0
2025-11-21 14:17:03,Nga tu Binh Phuoc,Ngoai o,10.865229381280965,106.72366973948475,35,49,1.0
2025-11-21 14:17:04,Phu My Hung ,Quan 7,10.72279213640514,106.72808623948244,27,37,0.997313
2025-11-21 14:17:05,Nguyen Thai Son,Phu Nhuan,10.823400120373712,106.68551227436063,25,31,1.0
2025-11-21 14:17:06,An Duong Vuong,Quan 8,10.756158554057757,106.66631758181126,22,29,1.0
2025-11-21 14:17:07,Huynh Tan Phat,Nha Be,10.7144382088356,106.73711688366167,26,35,1.0
2025-11-21 14:17:19,Truong Chinh,Tan Binh ,10.817236653231737,106.63191539530457,23,35,1.0
2025-11-21 14:19:31,Cho Ben Thanh,Quan 1,10.772727584493625,106.69804225297563,14,25,1.0
2025-11-21 14:19:31,Duong Nguyen Hue,Quan 1,10.774028664434528,106.70357076461706,21,28,1.0
2025-11-21 14:19:32,Nguyen Van Linh,Quan 7,10.752616652291238,106.72509685338922,39,39,1.0
2025-11-21 14:19:33,Vo Van Kiet,Quan 5,10.745754766198267,106.65326266831877,35,42,1.0
2025-11-21 14:19:34,Xa lo Ha Noi,QL1A,10.94927106740351,106.87196348224562,32,41,1.0
2025-11-21 14:19:35,Duong Dien Bien Phu,Quan 1,10.78866360854368,106.69551372228901,34,42,1.0
2025-11-21 14:19:36,Nga tu Hang Xanh,Binh Thanh,10.801406421807085,106.71148440879679,34,42,1.0
2025-11-21 14:19:37,Nga tu An Suong,Hoc Mon,10.843150534972033,106.6151343241409,23,35,1.0
2025-11-21 14:19:38,Ben xe Mien Dong,Quan 9,10.880537767027526,106.81481342866444,41,53,1.0
2025-11-21 14:19:39,Ben xe Mien Tay,Binh Tan,10.740840166521663,106.61899246873142,26,35,1.0
2025-11-21 14:19:46,Cau Sai Gon,Quan 2 ,10.798986343749618,106.72697056646841,45,45,1.0
2025-11-21 14:19:58,Cau Phu My,Q2,10.741860769464234,106.73790365482627,45,45,1.0
2025-11-21 14:19:59,Cau Kenh Te,Q4,10.752408891679814,106.7022703818112,27,33,1.0
2025-11-21 14:20:00,Cau Thu Thiem,Quan 2,10.786216596454727,106.71836665482695,40,40,1.0
2025-11-21 14:20:01,Nguyen Huu Canh,Binh Thanh,10.78948793356203,106.71518838181179,36,36,1.0
2025-11-21 14:20:02,Cong Hoa,Tan Binh,10.80223925742187,106.6478722259914,32,40,1.0
2025-11-21 14:20:14,Truong Son / Tan Son Nhat Blvd,Gan san bay,10.813928881466124,106.66511432455972,18,34,1.0
2025-11-21 14:20:26,Nguyen Trai,Quan 5,10.755608615763382,106.67347943578082,19,27,1.0
2025-11-21 14:20:27,Le Duan,Quan 1,10.782680856341083,106.70051548181169,18,30,1.0
2025-11-21 14:20:28,Tran Hung Dao ,Quan 5,10.754895139302109,106.67839188181134,22,32,1.0
2025-11-21 14:20:29,Tran Quoc Thao,Quan 3,10.785070445194592,106.68331340921323,16,28,1.0
2025-11-21 14:20:30,Tran Hung Dao,Quan 5,10.7549373008113,106.67848844133415,22,32,1.0
2025-11-21 14:20:31,Cach Mang Thang 8 (CMT8),Quan 3,10.77898143649726,106.67684447140958,20,34,1.0
2025-11-21 14:20:32,Pham Ngu Lao / Bui Vien,Quan 1,10.767112828386699,106.6927618222887,16,20,1.0
2025-11-21 14:20:32,Nguyen Thi Minh Khai,Quan 3,10.77847212665258,106.69389510879643,28,42,1.0
2025-11-21 14:20:44,Nguyen Van Troi,Phu Nhuan,10.796057790235078,106.67492629345334,19,34,1.0
2025-11-21 14:20:56,Pham Van Dong,Go Vap,10.835298215641501,106.72935479345391,35,42,0.99853
2025-11-21 14:20:57,Cong truong lam son,Quan 1,10.777562007197462,106.7041335430398,18,30,1.0
2025-11-21 14:20:58,Nguyen Oanh ,Go Vap,10.83886351241477,106.67566625482782,29,36,1.0
2025-11-21 14:20:59,Le Hong Phong,Quan 10,10.765187049751795,106.67550552599073,24,36,1.0
2025-11-21 14:21:00,Nguyen Van Cu,Quan 5,10.759484371982321,106.6840537511244,19,27,1.0
2025-11-21 14:21:01,Nga tu Binh Phuoc,Ngoai o,10.865229381280965,106.72366973948475,34,49,1.0
2025-11-21 14:21:13,Phu My Hung ,Quan 7,10.72279213640514,106.72808623948244,26,37,0.997669
2025-11-21 14:21:25,Nguyen Thai Son,Phu Nhuan,10.823400120373712,106.68551227436063,25,32,1.0
2025-11-21 14:21:26,An Duong Vuong,Quan 8,10.756158554057757,106.66631758181126,24,29,1.0
2025-11-21 14:21:27,Huynh Tan Phat,Nha Be,10.7144382088356,106.73711688366167,26,35,1.0
2025-11-21 14:21:27,Truong Chinh,Tan Binh ,10.817236653231737,106.63191539530457,22,35,1.0
2025-11-21 14:23:28,Cho Ben Thanh,Quan 1,10.772727584493625,106.69804225297563,14,24,0.998765
2025-11-21 14:23:29,Duong Nguyen Hue,Quan 1,10.774028664434528,106.70357076461706,29,29,1.0
2025-11-21 14:23:30,Nguyen Van Linh,Quan 7,10.752616652291238,106.72509685338922,31,39,1.0
2025-11-21 14:23:31,Vo Van Kiet,Quan 5,10.745754766198267,106.65326266831877,36,43,1.0
2025-11-21 14:23:32,Xa lo Ha Noi,QL1A,10.94927106740351,106.87196348224562,34,41,1.0
2025-11-21 14:23:44,Duong Dien Bien Phu,Quan 1,10.78866360854368,106.69551372228901,33,42,1.0
2025-11-21 14:23:56,Nga tu Hang Xanh,Binh Thanh,10.801406421807085,106.71148440879679,33,42,1.0
2025-11-21 14:23:57,Nga tu An Suong,Hoc Mon,10.843150534972033,106.6151343241409,23,35,1.0
2025-11-21 14:23:58,Ben xe Mien Dong,Quan 9,10.880537767027526,106.81481342866444,41,53,1.0
2025-11-21 14:23:59,Ben xe Mien Tay,Binh Tan,10.740840166521663,106.61899246873142,25,36,1.0
2025-11-21 14:24:00,Cau Sai Gon,Quan 2 ,10.798986343749618,106.72697056646841,45,45,1.0
2025-11-21 14:24:01,Cau Phu My,Q2,10.741860769464234,106.73790365482627,45,45,1.0
2025-11-21 14:24:02,Cau Kenh Te,Q4,10.752408891679814,106.7022703818112,26,33,1.0
2025-11-21 14:24:02,Cau Thu Thiem,Quan 2,10.786216596454727,106.71836665482695,40,40,1.0
2025-11-21 14:24:03,Nguyen Huu Canh,Binh Thanh,10.78948793356203,106.71518838181179,26,36,1.0
2025-11-21 14:24:04,Cong Hoa,Tan Binh,10.80223925742187,106.6478722259914,28,41,1.0
2025-11-21 14:24:05,Truong Son / Tan Son Nhat Blvd,Gan san bay,10.813928881466124,106.66511432455972,19,34,0.998987
2025-11-21 14:24:17,Nguyen Trai,Quan 5,10.755608615763382,106.67347943578082,18,28,1.0
2025-11-21 14:24:29,Le Duan,Quan 1,10.782680856341083,106.70051548181169,18,30,1.0
2025-11-21 14:24:41,Tran Hung Dao ,Quan 5,10.754895139302109,106.67839188181134,23,33,1.0
2025-11-21 14:24:42,Tran Quoc Thao,Quan 3,10.785070445194592,106.68331340921323,16,26,1.0
2025-11-21 14:24:43,Tran Hung Dao,Quan 5,10.7549373008113,106.67848844133415,23,33,1.0
2025-11-21 14:24:44,Cach Mang Thang 8 (CMT8),Quan 3,10.77898143649726,106.67684447140958,21,34,1.0
2025-11-21 14:24:45,Pham Ngu Lao / Bui Vien,Quan 1,10.767112828386699,106.6927618222887,20,20,1.0
2025-11-21 14:24:45,Nguyen Thi Minh Khai,Quan 3,10.77847212665258,106.69389510879643,28,41,1.0
2025-11-21 14:24:57,Nguyen Van Troi,Phu Nhuan,10.796057790235078,106.67492629345334,20,34,0.998987
2025-11-21 14:25:09,Pham Van Dong,Go Vap,10.835298215641501,106.72935479345391,35,42,0.997837
2025-11-21 14:25:21,Cong truong lam son,Quan 1,10.777562007197462,106.7041335430398,17,29,1.0
2025-11-21 14:25:22,Nguyen Oanh ,Go Vap,10.83886351241477,106.67566625482782,26,36,1.0
2025-11-21 14:25:23,Le Hong Phong,Quan 10,10.765187049751795,106.67550552599073,25,36,1.0
2025-11-21 14:25:24,Nguyen Van Cu,Quan 5,10.759484371982321,106.6840537511244,18,28,1.0
2025-11-21 14:25:25,Nga tu Binh Phuoc,Ngoai o,10.865229381280965,106.72366973948475,35,49,1.0
2025-11-21 14:25:26,Phu My Hung ,Quan 7,10.72279213640514,106.72808623948244,26,37,0.997999
2025-11-21 14:25:27,Nguyen Thai Son,Phu Nhuan,10.823400120373712,106.68551227436063,23,31,1.0
2025-11-21 14:25:28,An Duong Vuong,Quan 8,10.756158554057757,106.66631758181126,24,29,1.0
2025-11-21 14:25:29,Huynh Tan Phat,Nha Be,10.7144382088356,106.73711688366167,25,35,1.0
2025-11-21 14:25:30,Truong Chinh,Tan Binh ,10.817236653231737,106.63191539530457,23,35,1.0
2025-11-21 14:27:42,Cho Ben Thanh,Quan 1,10.772727584493625,106.69804225297563,15,23,0.998765
2025-11-21 14:27:54,Duong Nguyen Hue,Quan 1,10.774028664434528,106.70357076461706,22,28,1.0
2025-11-21 14:27:55,Nguyen Van Linh,Quan 7,10.752616652291238,106.72509685338922,39,39,1.0
2025-11-21 14:27:56,Vo Van Kiet,Quan 5,10.745754766198267,106.65326266831877,36,42,1.0
2025-11-21 14:27:57,Xa lo Ha Noi,QL1A,10.94927106740351,106.87196348224562,42,42,1.0
2025-11-21 14:27:57,Duong Dien Bien Phu,Quan 1,10.78866360854368,106.69551372228901,35,42,1.0
2025-11-21 14:27:58,Nga tu Hang Xanh,Binh Thanh,10.801406421807085,106.71148440879679,35,42,1.0
2025-11-21 14:28:06,Nga tu An Suong,Hoc Mon,10.843150534972033,106.6151343241409,24,35,1.0
2025-11-21 14:28:18,Ben xe Mien Dong,Quan 9,10.880537767027526,106.81481342866444,41,54,1.0
2025-11-21 14:28:19,Ben xe Mien Tay,Binh Tan,10.740840166521663,106.61899246873142,25,35,1.0
2025-11-21 14:28:20,Cau Sai Gon,Quan 2 ,10.798986343749618,106.72697056646841,45,45,1.0
2025-11-21 14:28:21,Cau Phu My,Q2,10.741860769464234,106.73790365482627,45,45,1.0
2025-11-21 14:28:21,Cau Kenh Te,Q4,10.752408891679814,106.7022703818112,26,33,1.0
2025-11-21 14:28:22,Cau Thu Thiem,Quan 2,10.786216596454727,106.71836665482695,40,40,1.0
2025-11-21 14:28:23,Nguyen Huu Canh,Binh Thanh,10.78948793356203,106.71518838181179,36,36,1.0
2025-11-21 14:28:24,Cong Hoa,Tan Binh,10.80223925742187,106.6478722259914,27,41,1.0
2025-11-21 14:28:36,Truong Son / Tan Son Nhat Blvd,Gan san bay,10.813928881466124,106.66511432455972,20,34,0.998919
2025-11-21 14:28:37,Nguyen Trai,Quan 5,10.755608615763382,106.67347943578082,17,28,1.0
2025-11-21 14:28:38,Le Duan,Quan 1,10.782680856341083,106.70051548181169,17,30,1.0
2025-11-21 14:28:39,Tran Hung Dao ,Quan 5,10.754895139302109,106.67839188181134,21,33,1.0
2025-11-21 14:28:40,Tran Quoc Thao,Quan 3,10.785070445194592,106.68331340921323,14,27,1.0
2025-11-21 14:28:41,Tran Hung Dao,Quan 5,10.7549373008113,106.67848844133415,21,33,1.0
2025-11-21 14:28:42,Cach Mang Thang 8 (CMT8),Quan 3,10.77898143649726,106.67684447140958,21,34,1.0
2025-11-21 14:28:43,Pham Ngu Lao / Bui Vien,Quan 1,10.767112828386699,106.6927618222887,20,20,1.0
2025-11-21 14:28:43,Nguyen Thi Minh Khai,Quan 3,10.77847212665258,106.69389510879643,28,42,1.0
2025-11-21 14:28:51,Nguyen Van Troi,Phu Nhuan,10.796057790235078,106.67492629345334,20,34,0.998919
2025-11-21 14:29:03,Pham Van Dong,Go Vap,10.835298215641501,106.72935479345391,35,42,0.998012
2025-11-21 14:29:04,Cong truong lam son,Quan 1,10.777562007197462,106.7041335430398,17,30,1.0
2025-11-21 14:29:05,Nguyen Oanh ,Go Vap,10.83886351241477,106.67566625482782,28,36,1.0
2025-11-21 14:29:06,Le Hong Phong,Quan 10,10.765187049751795,106.67550552599073,19,35,1.0
2025-11-21 14:29:07,Nguyen Van Cu,Quan 5,10.759484371982321,106.6840537511244,17,28,1.0
2025-11-21 14:29:07,Nga tu Binh Phuoc,Ngoai o,10.865229381280965,106.72366973948475,35,49,1.0
2025-11-21 14:29:20,Phu My Hung ,Quan 7,10.72279213640514,106.72808623948244,26,37,0.997908
2025-11-21 14:29:31,Nguyen Thai Son,Phu Nhuan,10.823400120373712,106.68551227436063,22,31,1.0
2025-11-21 14:29:32,An Duong Vuong,Quan 8,10.756158554057757,106.66631758181126,23,30,1.0
2025-11-21 14:29:44,Huynh Tan Phat,Nha Be,10.7144382088356,106.73711688366167,26,35,1.0
2025-11-21 14:29:56,Truong Chinh,Tan Binh ,10.817236653231737,106.63191539530457,24,35,1.0
2025-11-21 14:31:57,Cho Ben Thanh,Quan 1,10.772727584493625,106.69804225297563,15,24,0.998765
2025-11-21 14:31:58,Duong Nguyen Hue,Quan 1,10.774028664434528,106.70357076461706,29,29,1.0
2025-11-21 14:31:59,Nguyen Van Linh,Quan 7,10.752616652291238,106.72509685338922,27,39,1.0
2025-11-21 14:32:00,Vo Van Kiet,Quan 5,10.745754766198267,106.65326266831877,42,42,1.0
2025-11-21 14:32:01,Xa lo Ha Noi,QL1A,10.94927106740351,106.87196348224562,29,42,1.0
2025-11-21 14:32:08,Duong Dien Bien Phu,Quan 1,10.78866360854368,106.69551372228901,34,42,1.0
2025-11-21 14:32:20,Nga tu Hang Xanh,Binh Thanh,10.801406421807085,106.71148440879679,34,42,1.0
2025-11-21 14:32:21,Nga tu An Suong,Hoc Mon,10.843150534972033,106.6151343241409,23,35,1.0
2025-11-21 14:32:22,Ben xe Mien Dong,Quan 9,10.880537767027526,106.81481342866444,42,53,1.0
2025-11-21 14:32:23,Ben xe Mien Tay,Binh Tan,10.740840166521663,106.61899246873142,25,36,1.0
2025-11-21 14:32:24,Cau Sai Gon,Quan 2 ,10.798986343749618,106.72697056646841,45,45,1.0
2025-11-21 14:32:25,Cau Phu My,Q2,10.741860769464234,106.73790365482627,36,44,1.0
2025-11-21 14:32:37,Cau Kenh Te,Q4,10.752408891679814,106.7022703818112,26,33,1.0
2025-11-21 14:32:49,Cau Thu Thiem,Quan 2,10.786216596454727,106.71836665482695,40,40,1.0
2025-11-21 14:33:01,Nguyen Huu Canh,Binh Thanh,10.78948793356203,106.71518838181179,36,36,1.0
2025-11-21 14:33:01,Cong Hoa,Tan Binh,10.80223925742187,106.6478722259914,30,41,1.0
2025-11-21 14:33:02,Truong Son / Tan Son Nhat Blvd,Gan san bay,10.813928881466124,106.66511432455972,20,34,0.99892
2025-11-21 14:33:03,Nguyen Trai,Quan 5,10.755608615763382,106.67347943578082,19,27,0.998954
2025-11-21 14:33:04,Le Duan,Quan 1,10.782680856341083,106.70051548181169,16,29,1.0
2025-11-21 14:33:05,Tran Hung Dao ,Quan 5,10.754895139302109,106.67839188181134,23,32,1.0
2025-11-21 14:33:17,Tran Quoc Thao,Quan 3,10.785070445194592,106.68331340921323,16,28,1.0
2025-11-21 14:33:29,Tran Hung Dao,Quan 5,10.7549373008113,106.67848844133415,22,33,1.0
2025-11-21 14:33:41,Cach Mang Thang 8 (CMT8),Quan 3,10.77898143649726,106.67684447140958,23,35,1.0
2025-11-21 14:33:42,Pham Ngu Lao / Bui Vien,Quan 1,10.767112828386699,106.6927618222887,14,20,1.0
2025-11-21 14:33:43,Nguyen Thi Minh Khai,Quan 3,10.77847212665258,106.69389510879643,28,41,1.0
2025-11-21 14:33:44,Nguyen Van Troi,Phu Nhuan,10.796057790235078,106.67492629345334,19,34,0.998919
2025-11-21 14:33:45,Pham Van Dong,Go Vap,10.835298215641501,106.72935479345391,34,42,0.998558
2025-11-21 14:33:46,Cong truong lam son,Quan 1,10.777562007197462,106.7041335430398,17,30,1.0
2025-11-21 14:33:58,Nguyen Oanh ,Go Vap,10.83886351241477,106.67566625482782,27,35,1.0
2025-11-21 14:33:58,Le Hong Phong,Quan 10,10.765187049751795,106.67550552599073,22,36,1.0
2025-11-21 14:33:59,Nguyen Van Cu,Quan 5,10.759484371982321,106.6840537511244,20,28,1.0
2025-11-21 14:34:00,Nga tu Binh Phuoc,Ngoai o,10.865229381280965,106.72366973948475,34,49,1.0
2025-11-21 14:34:01,Phu My Hung ,Quan 7,10.72279213640514,106.72808623948244,26,36,0.997787
2025-11-21 14:34:02,Nguyen Thai Son,Phu Nhuan,10.823400120373712,106.68551227436063,24,32,1.0
2025-11-21 14:34:14,An Duong Vuong,Quan 8,10.756158554057757,106.66631758181126,16,29,1.0
2025-11-21 14:34:26,Huynh Tan Phat,Nha Be,10.7144382088356,106.73711688366167,26,35,1.0
2025-11-21 14:34:27,Truong Chinh,Tan Binh ,10.817236653231737,106.63191539530457,24,35,1.0
2025-11-21 14:36:39,Cho Ben Thanh,Quan 1,10.772727584493625,106.69804225297563,14,23,0.99753
2025-11-21 14:36:51,Duong Nguyen Hue,Quan 1,10.774028664434528,106.70357076461706,29,29,1.0
2025-11-21 14:36:52,Nguyen Van Linh,Quan 7,10.752616652291238,106.72509685338922,39,39,1.0
2025-11-21 14:36:53,Vo Van Kiet,Quan 5,10.745754766198267,106.65326266831877,35,42,1.0
2025-11-21 14:36:54,Xa lo Ha Noi,QL1A,10.94927106740351,106.87196348224562,29,42,1.0
2025-11-21 14:36:55,Duong Dien Bien Phu,Quan 1,10.78866360854368,106.69551372228901,33,42,1.0
2025-11-21 14:36:56,Nga tu Hang Xanh,Binh Thanh,10.801406421807085,106.71148440879679,33,42,1.0
2025-11-21 14:37:08,Nga tu An Suong,Hoc Mon,10.843150534972033,106.6151343241409,23,35,1.0
2025-11-21 14:37:20,Ben xe Mien Dong,Quan 9,10.880537767027526,106.81481342866444,41,53,1.0
2025-11-21 14:37:21,Ben xe Mien Tay,Binh Tan,10.740840166521663,106.61899246873142,26,35,1.0
2025-11-21 14:37:22,Cau Sai Gon,Quan 2 ,10.798986343749618,106.72697056646841,45,45,1.0
2025-11-21 14:37:22,Cau Phu My,Q2,10.741860769464234,106.73790365482627,45,45,1.0
2025-11-21 14:37:23,Cau Kenh Te,Q4,10.752408891679814,106.7022703818112,26,34,1.0
2025-11-21 14:37:24,Cau Thu Thiem,Quan 2,10.786216596454727,106.71836665482695,40,40,1.0
2025-11-21 14:37:36,Nguyen Huu Canh,Binh Thanh,10.78948793356203,106.71518838181179,36,36,1.0
2025-11-21 14:37:48,Cong Hoa,Tan Binh,10.80223925742187,106.6478722259914,31,40,1.0
2025-11-21 14:37:49,Truong Son / Tan Son Nhat Blvd,Gan san bay,10.813928881466124,106.66511432455972,19,34,0.999713
2025-11-21 14:37:50,Nguyen Trai,Quan 5,10.755608615763382,106.67347943578082,16,27,1.0
2025-11-21 14:37:51,Le Duan,Quan 1,10.782680856341083,106.70051548181169,17,30,1.0
2025-11-21 14:37:52,Tran Hung Dao ,Quan 5,10.754895139302109,106.67839188181134,23,32,1.0
2025-11-21 14:37:53,Tran Quoc Thao,Quan 3,10.785070445194592,106.68331340921323,15,27,1.0
2025-11-21 14:37:54,Tran Hung Dao,Quan 5,10.7549373008113,106.67848844133415,23,32,1.0
2025-11-21 14:37:55,Cach Mang Thang 8 (CMT8),Quan 3,10.77898143649726,106.67684447140958,23,35,1.0
2025-11-21 14:38:00,Pham Ngu Lao / Bui Vien,Quan 1,10.767112828386699,106.6927618222887,20,20,1.0
2025-11-21 14:38:02,Nguyen Thi Minh Khai,Quan 3,10.77847212665258,106.69389510879643,28,41,1.0
2025-11-21 14:38:14,Nguyen Van Troi,Phu Nhuan,10.796057790235078,106.67492629345334,19,34,0.999713
2025-11-21 14:38:26,Pham Van Dong,Go Vap,10.835298215641501,106.72935479345391,35,42,0.998118
2025-11-21 14:38:27,Cong truong lam son,Quan 1,10.777562007197462,106.7041335430398,17,29,1.0
2025-11-21 14:38:28,Nguyen Oanh ,Go Vap,10.83886351241477,106.67566625482782,28,36,1.0
2025-11-21 14:38:29,Le Hong Phong,Quan 10,10.765187049751795,106.67550552599073,24,35,1.0
2025-11-21 14:38:30,Nguyen Van Cu,Quan 5,10.759484371982321,106.6840537511244,18,28,0.997907
2025-11-21 14:38:31,Nga tu Binh Phuoc,Ngoai o,10.865229381280965,106.72366973948475,33,49,1.0
2025-11-21 14:38:31,Phu My Hung ,Quan 7,10.72279213640514,106.72808623948244,28,37,0.995795
2025-11-21 14:38:32,Nguyen Thai Son,Phu Nhuan,10.823400120373712,106.68551227436063,26,32,1.0
2025-11-21 14:38:44,An Duong Vuong,Quan 8,10.756158554057757,106.66631758181126,16,30,1.0
2025-11-21 14:38:56,Huynh Tan Phat,Nha Be,10.7144382088356,106.73711688366167,25,35,1.0
2025-11-21 14:39:08,Truong Chinh,Tan Binh ,10.817236653231737,106.63191539530457,23,35,1.0
2025-11-21 14:41:22,Cho Ben Thanh,Quan 1,10.772727584493625,106.69804225297563,13,25,0.998765
2025-11-21 14:41:23,Duong Nguyen Hue,Quan 1,10.774028664434528,106.70357076461706,29,29,1.0
2025-11-21 14:41:34,Nguyen Van Linh,Quan 7,10.752616652291238,106.72509685338922,39,39,1.0
2025-11-21 14:41:35,Vo Van Kiet,Quan 5,10.745754766198267,106.65326266831877,35,42,1.0
2025-11-21 14:41:36,Xa lo Ha Noi,QL1A,10.94927106740351,106.87196348224562,31,42,1.0
2025-11-21 14:41:37,Duong Dien Bien Phu,Quan 1,10.78866360854368,106.69551372228901,31,42,1.0
2025-11-21 14:41:38,Nga tu Hang Xanh,Binh Thanh,10.801406421807085,106.71148440879679,31,42,1.0
2025-11-21 14:41:50,Nga tu An Suong,Hoc Mon,10.843150534972033,106.6151343241409,22,35,1.0
2025-11-21 14:41:51,Ben xe Mien Dong,Quan 9,10.880537767027526,106.81481342866444,42,53,1.0
2025-11-21 14:41:52,Ben xe Mien Tay,Binh Tan,10.740840166521663,106.61899246873142,24,36,1.0
2025-11-21 14:41:53,Cau Sai Gon,Quan 2 ,10.798986343749618,106.72697056646841,45,45,1.0
2025-11-21 14:41:54,Cau Phu My,Q2,10.741860769464234,106.73790365482627,35,44,1.0
2025-11-21 14:41:54,Cau Kenh Te,Q4,10.752408891679814,106.7022703818112,25,33,1.0
2025-11-21 14:41:55,Cau Thu Thiem,Quan 2,10.786216596454727,106.71836665482695,40,40,1.0
2025-11-21 14:41:56,Nguyen Huu Canh,Binh Thanh,10.78948793356203,106.71518838181179,36,36,1.0
2025-11-21 14:41:57,Cong Hoa,Tan Binh,10.80223925742187,106.6478722259914,29,41,1.0
2025-11-21 14:41:58,Truong Son / Tan Son Nhat Blvd,Gan san bay,10.813928881466124,106.66511432455972,19,34,0.999206
2025-11-21 14:41:59,Nguyen Trai,Quan 5,10.755608615763382,106.67347943578082,18,28,1.0
2025-11-21 14:42:00,Le Duan,Quan 1,10.782680856341083,106.70051548181169,17,30,1.0
2025-11-21 14:42:12,Tran Hung Dao ,Quan 5,10.754895139302109,106.67839188181134,21,32,1.0
2025-11-21 14:42:24,Tran Quoc Thao,Quan 3,10.785070445194592,106.68331340921323,12,27,1.0
2025-11-21 14:42:36,Tran Hung Dao,Quan 5,10.7549373008113,106.67848844133415,21,32,1.0
2025-11-21 14:42:37,Cach Mang Thang 8 (CMT8),Quan 3,10.77898143649726,106.67684447140958,22,34,1.0
2025-11-21 14:42:38,Pham Ngu Lao / Bui Vien,Quan 1,10.767112828386699,106.6927618222887,20,20,1.0
2025-11-21 14:42:39,Nguyen Thi Minh Khai,Quan 3,10.77847212665258,106.69389510879643,28,41,1.0
2025-11-21 14:42:40,Nguyen Van Troi,Phu Nhuan,10.796057790235078,106.67492629345334,19,34,0.999206
2025-11-21 14:42:52,Pham Van Dong,Go Vap,10.835298215641501,106.72935479345391,34,42,0.998557
2025-11-21 14:42:53,Cong truong lam son,Quan 1,10.777562007197462,106.7041335430398,16,30,1.0
2025-11-21 14:42:54,Nguyen Oanh ,Go Vap,10.83886351241477,106.67566625482782,29,36,1.0
2025-11-21 14:42:55,Le Hong Phong,Quan 10,10.765187049751795,106.67550552599073,22,36,1.0
2025-11-21 14:42:56,Nguyen Van Cu,Quan 5,10.759484371982321,106.6840537511244,19,28,0.997907
2025-11-21 14:42:56,Nga tu Binh Phuoc,Ngoai o,10.865229381280965,106.72366973948475,35,49,1.0
2025-11-21 14:43:08,Phu My Hung ,Quan 7,10.72279213640514,106.72808623948244,29,37,0.998245
2025-11-21 14:43:20,Nguyen Thai Son,Phu Nhuan,10.823400120373712,106.68551227436063,25,32,1.0
2025-11-21 14:43:21,An Duong Vuong,Quan 8,10.756158554057757,106.66631758181126,22,29,1.0
2025-11-21 14:43:22,Huynh Tan Phat,Nha Be,10.7144382088356,106.73711688366167,25,35,1.0
2025-11-21 14:43:23,Truong Chinh,Tan Binh ,10.817236653231737,106.63191539530457,23,35,1.0
2025-11-21 14:45:35,Cho Ben Thanh,Quan 1,10.772727584493625,106.69804225297563,15,25,1.0
2025-11-21 14:45:36,Duong Nguyen Hue,Quan 1,10.774028664434528,106.70357076461706,17,28,1.0
2025-11-21 14:45:37,Nguyen Van Linh,Quan 7,10.752616652291238,106.72509685338922,39,39,1.0
2025-11-21 14:45:38,Vo Van Kiet,Quan 5,10.745754766198267,106.65326266831877,35,43,1.0
2025-11-21 14:45:39,Xa lo Ha Noi,QL1A,10.94927106740351,106.87196348224562,32,42,1.0
2025-11-21 14:45:40,Duong Dien Bien Phu,Quan 1,10.78866360854368,106.69551372228901,31,41,1.0
2025-11-21 14:45:52,Nga tu Hang Xanh,Binh Thanh,10.801406421807085,106.71148440879679,31,41,1.0
2025-11-21 14:46:04,Nga tu An Suong,Hoc Mon,10.843150534972033,106.6151343241409,22,35,1.0
2025-11-21 14:46:16,Ben xe Mien Dong,Quan 9,10.880537767027526,106.81481342866444,41,53,1.0
2025-11-21 14:46:17,Ben xe Mien Tay,Binh Tan,10.740840166521663,106.61899246873142,25,35,1.0
2025-11-21 14:46:18,Cau Sai Gon,Quan 2 ,10.798986343749618,106.72697056646841,45,45,1.0
2025-11-21 14:46:18,Cau Phu My,Q2,10.741860769464234,106.73790365482627,33,44,1.0
2025-11-21 14:46:19,Cau Kenh Te,Q4,10.752408891679814,106.7022703818112,25,34,1.0
2025-11-21 14:46:32,Cau Thu Thiem,Quan 2,10.786216596454727,106.71836665482695,40,40,1.0
2025-11-21 14:46:33,Nguyen Huu Canh,Binh Thanh,10.78948793356203,106.71518838181179,36,36,1.0
2025-11-21 14:46:34,Cong Hoa,Tan Binh,10.80223925742187,106.6478722259914,28,41,1.0
2025-11-21 14:46:35,Truong Son / Tan Son Nhat Blvd,Gan san bay,10.813928881466124,106.66511432455972,18,34,0.999494
2025-11-21 14:46:36,Nguyen Trai,Quan 5,10.755608615763382,106.67347943578082,18,27,0.997901
2025-11-21 14:46:37,Le Duan,Quan 1,10.782680856341083,106.70051548181169,16,30,1.0
2025-11-21 14:46:37,Tran Hung Dao ,Quan 5,10.754895139302109,106.67839188181134,22,33,1.0
2025-11-21 14:46:38,Tran Quoc Thao,Quan 3,10.785070445194592,106.68331340921323,14,28,1.0
2025-11-21 14:46:39,Tran Hung Dao,Quan 5,10.7549373008113,106.67848844133415,22,33,1.0
2025-11-21 14:46:40,Cach Mang Thang 8 (CMT8),Quan 3,10.77898143649726,106.67684447140958,24,34,1.0
2025-11-21 14:46:52,Pham Ngu Lao / Bui Vien,Quan 1,10.767112828386699,106.6927618222887,20,20,1.0
2025-11-21 14:46:53,Nguyen Thi Minh Khai,Quan 3,10.77847212665258,106.69389510879643,27,41,1.0
2025-11-21 14:46:54,Nguyen Van Troi,Phu Nhuan,10.796057790235078,106.67492629345334,18,34,0.999494
2025-11-21 14:46:55,Pham Van Dong,Go Vap,10.835298215641501,106.72935479345391,35,42,0.998193
2025-11-21 14:46:56,Cong truong lam son,Quan 1,10.777562007197462,106.7041335430398,16,30,1.0
2025-11-21 14:46:58,Nguyen Oanh ,Go Vap,10.83886351241477,106.67566625482782,25,36,1.0
2025-11-21 14:47:10,Le Hong Phong,Quan 10,10.765187049751795,106.67550552599073,21,36,1.0
2025-11-21 14:47:22,Nguyen Van Cu,Quan 5,10.759484371982321,106.6840537511244,18,27,0.997901
2025-11-21 14:47:34,Nga tu Binh Phuoc,Ngoai o,10.865229381280965,106.72366973948475,34,49,1.0
2025-11-21 14:47:35,Phu My Hung ,Quan 7,10.72279213640514,106.72808623948244,27,36,0.998476
2025-11-21 14:47:47,Nguyen Thai Son,Phu Nhuan,10.823400120373712,106.68551227436063,23,31,1.0
2025-11-21 14:47:59,An Duong Vuong,Quan 8,10.756158554057757,106.66631758181126,21,28,1.0
2025-11-21 14:48:00,Huynh Tan Phat,Nha Be,10.7144382088356,106.73711688366167,26,35,1.0
2025-11-21 14:48:01,Truong Chinh,Tan Binh ,10.817236653231737,106.63191539530457,22,35,1.0
2025-11-21 14:50:02,Cho Ben Thanh,Quan 1,10.772727584493625,106.69804225297563,14,24,0.998765
2025-11-21 14:50:02,Duong Nguyen Hue,Quan 1,10.774028664434528,106.70357076461706,19,28,1.0
2025-11-21 14:50:03,Nguyen Van Linh,Quan 7,10.752616652291238,106.72509685338922,34,39,1.0
2025-11-21 14:50:04,Vo Van Kiet,Quan 5,10.745754766198267,106.65326266831877,34,43,1.0
2025-11-21 14:50:05,Xa lo Ha Noi,QL1A,10.94927106740351,106.87196348224562,28,41,1.0
2025-11-21 14:50:17,Duong Dien Bien Phu,Quan 1,10.78866360854368,106.69551372228901,32,42,1.0
2025-11-21 14:50:29,Nga tu Hang Xanh,Binh Thanh,10.801406421807085,106.71148440879679,33,41,1.0
2025-11-21 14:50:30,Nga tu An Suong,Hoc Mon,10.843150534972033,106.6151343241409,22,35,1.0
2025-11-21 14:50:31,Ben xe Mien Dong,Quan 9,10.880537767027526,106.81481342866444,40,53,1.0
2025-11-21 14:50:32,Ben xe Mien Tay,Binh Tan,10.740840166521663,106.61899246873142,25,35,1.0
2025-11-21 14:50:33,Cau Sai Gon,Quan 2 ,10.798986343749618,106.72697056646841,45,45,1.0
2025-11-21 14:50:45,Cau Phu My,Q2,10.741860769464234,106.73790365482627,33,44,1.0
2025-11-21 14:50:57,Cau Kenh Te,Q4,10.752408891679814,106.7022703818112,24,33,1.0
2025-11-21 14:50:58,Cau Thu Thiem,Quan 2,10.786216596454727,106.71836665482695,40,40,1.0
2025-11-21 14:50:59,Nguyen Huu Canh,Binh Thanh,10.78948793356203,106.71518838181179,36,36,1.0
2025-11-21 14:51:10,Cong Hoa,Tan Binh,10.80223925742187,106.6478722259914,28,41,1.0
2025-11-21 14:51:11,Truong Son / Tan Son Nhat Blvd,Gan san bay,10.813928881466124,106.66511432455972,18,34,1.0
2025-11-21 14:51:11,Nguyen Trai,Quan 5,10.755608615763382,106.67347943578082,19,26,1.0
2025-11-21 14:51:12,Le Duan,Quan 1,10.782680856341083,106.70051548181169,17,30,1.0
2025-11-21 14:51:13,Tran Hung Dao ,Quan 5,10.754895139302109,106.67839188181134,22,32,1.0
2025-11-21 14:51:21,Tran Quoc Thao,Quan 3,10.785070445194592,106.68331340921323,10,28,1.0
2025-11-21 14:51:33,Tran Hung Dao,Quan 5,10.7549373008113,106.67848844133415,22,32,1.0
2025-11-21 14:51:45,Cach Mang Thang 8 (CMT8),Quan 3,10.77898143649726,106.67684447140958,23,34,1.0
2025-11-21 14:51:45,Pham Ngu Lao / Bui Vien,Quan 1,10.767112828386699,106.6927618222887,9,19,1.0
2025-11-21 14:51:46,Nguyen Thi Minh Khai,Quan 3,10.77847212665258,106.69389510879643,28,41,1.0
2025-11-21 14:51:47,Nguyen Van Troi,Phu Nhuan,10.796057790235078,106.67492629345334,17,34,0.998783
2025-11-21 14:51:48,Pham Van Dong,Go Vap,10.835298215641501,106.72935479345391,34,42,0.998197
2025-11-21 14:52:00,Cong truong lam son,Quan 1,10.777562007197462,106.7041335430398,16,30,1.0
2025-11-21 14:52:01,Nguyen Oanh ,Go Vap,10.83886351241477,106.67566625482782,27,36,1.0
2025-11-21 14:52:02,Le Hong Phong,Quan 10,10.765187049751795,106.67550552599073,26,36,1.0
2025-11-21 14:52:03,Nguyen Van Cu,Quan 5,10.759484371982321,106.6840537511244,19,27,1.0
2025-11-21 14:52:04,Nga tu Binh Phuoc,Ngoai o,10.865229381280965,106.72366973948475,33,49,1.0
2025-11-21 14:52:05,Phu My Hung ,Quan 7,10.72279213640514,106.72808623948244,26,37,0.998218
2025-11-21 14:52:17,Nguyen Thai Son,Phu Nhuan,10.823400120373712,106.68551227436063,25,31,1.0
2025-11-21 14:52:29,An Duong Vuong,Quan 8,10.756158554057757,106.66631758181126,20,29,1.0
2025-11-21 14:52:30,Huynh Tan Phat,Nha Be,10.7144382088356,106.73711688366167,26,35,1.0
2025-11-21 14:52:31,Truong Chinh,Tan Binh ,10.817236653231737,106.63191539530457,23,35,1.0
2025-11-21 14:54:43,Cho Ben Thanh,Quan 1,10.772727584493625,106.69804225297563,14,24,0.996295
2025-11-21 14:54:44,Duong Nguyen Hue,Quan 1,10.774028664434528,106.70357076461706,19,29,1.0
2025-11-21 14:54:45,Nguyen Van Linh,Quan 7,10.752616652291238,106.72509685338922,32,39,1.0
2025-11-21 14:54:46,Vo Van Kiet,Quan 5,10.745754766198267,106.65326266831877,34,43,1.0
2025-11-21 14:54:47,Xa lo Ha Noi,QL1A,10.94927106740351,106.87196348224562,29,41,1.0
2025-11-21 14:54:47,Duong Dien Bien Phu,Quan 1,10.78866360854368,106.69551372228901,32,42,1.0
2025-11-21 14:54:59,Nga tu Hang Xanh,Binh Thanh,10.801406421807085,106.71148440879679,32,42,1.0
2025-11-21 14:55:11,Nga tu An Suong,Hoc Mon,10.843150534972033,106.6151343241409,22,35,1.0
2025-11-21 14:55:23,Ben xe Mien Dong,Quan 9,10.880537767027526,106.81481342866444,41,53,1.0
2025-11-21 14:55:24,Ben xe Mien Tay,Binh Tan,10.740840166521663,106.61899246873142,26,35,1.0
2025-11-21 14:55:25,Cau Sai Gon,Quan 2 ,10.798986343749618,106.72697056646841,45,45,1.0
2025-11-21 14:55:26,Cau Phu My,Q2,10.741860769464234,106.73790365482627,35,44,1.0
2025-11-21 14:55:27,Cau Kenh Te,Q4,10.752408891679814,106.7022703818112,21,34,1.0
2025-11-21 14:55:39,Cau Thu Thiem,Quan 2,10.786216596454727,106.71836665482695,40,40,1.0
2025-11-21 14:55:51,Nguyen Huu Canh,Binh Thanh,10.78948793356203,106.71518838181179,36,36,1.0
2025-11-21 14:55:52,Cong Hoa,Tan Binh,10.80223925742187,106.6478722259914,30,40,1.0
2025-11-21 14:55:53,Truong Son / Tan Son Nhat Blvd,Gan san bay,10.813928881466124,106.66511432455972,18,34,0.9991
2025-11-21 14:55:53,Nguyen Trai,Quan 5,10.755608615763382,106.67347943578082,18,26,0.998954
2025-11-21 14:55:54,Le Duan,Quan 1,10.782680856341083,106.70051548181169,17,30,1.0
2025-11-21 14:55:55,Tran Hung Dao ,Quan 5,10.754895139302109,106.67839188181134,20,33,1.0
2025-11-21 14:56:05,Tran Quoc Thao,Quan 3,10.785070445194592,106.68331340921323,13,27,1.0
2025-11-21 14:56:17,Tran Hung Dao,Quan 5,10.7549373008113,106.67848844133415,19,32,1.0
2025-11-21 14:56:18,Cach Mang Thang 8 (CMT8),Quan 3,10.77898143649726,106.67684447140958,24,35,1.0
2025-11-21 14:56:19,Pham Ngu Lao / Bui Vien,Quan 1,10.767112828386699,106.6927618222887,11,20,1.0
2025-11-21 14:56:20,Nguyen Thi Minh Khai,Quan 3,10.77847212665258,106.69389510879643,28,42,1.0
2025-11-21 14:56:21,Nguyen Van Troi,Phu Nhuan,10.796057790235078,106.67492629345334,18,34,0.999679
2025-11-21 14:56:22,Pham Van Dong,Go Vap,10.835298215641501,106.72935479345391,34,42,0.99729
2025-11-21 14:56:29,Cong truong lam son,Quan 1,10.777562007197462,106.7041335430398,17,30,1.0
2025-11-21 14:56:30,Nguyen Oanh ,Go Vap,10.83886351241477,106.67566625482782,28,36,1.0
2025-11-21 14:56:31,Le Hong Phong,Quan 10,10.765187049751795,106.67550552599073,25,35,1.0
2025-11-21 14:56:32,Nguyen Van Cu,Quan 5,10.759484371982321,106.6840537511244,18,27,0.998947
2025-11-21 14:56:54,Nga tu Binh Phuoc,Ngoai o,10.865229381280965,106.72366973948475,33,49,1.0
2025-11-21 14:56:55,Phu My Hung ,Quan 7,10.72279213640514,106.72808623948244,26,36,1.0
2025-11-21 14:56:56,Nguyen Thai Son,Phu Nhuan,10.823400120373712,106.68551227436063,25,31,1.0
2025-11-21 14:56:57,An Duong Vuong,Quan 8,10.756158554057757,106.66631758181126,18,29,1.0
2025-11-21 14:56:58,Huynh Tan Phat,Nha Be,10.7144382088356,106.73711688366167,26,35,1.0
2025-11-21 14:56:58,Truong Chinh,Tan Binh ,10.817236653231737,106.63191539530457,23,35,1.0
2025-11-21 14:59:10,Cho Ben Thanh,Quan 1,10.772727584493625,106.69804225297563,13,24,0.996295
2025-11-21 14:59:22,Duong Nguyen Hue,Quan 1,10.774028664434528,106.70357076461706,29,29,1.0
2025-11-21 14:59:23,Nguyen Van Linh,Quan 7,10.752616652291238,106.72509685338922,39,39,1.0
2025-11-21 14:59:24,Vo Van Kiet,Quan 5,10.745754766198267,106.65326266831877,35,43,1.0
2025-11-21 14:59:25,Xa lo Ha Noi,QL1A,10.94927106740351,106.87196348224562,22,41,1.0
2025-11-21 14:59:26,Duong Dien Bien Phu,Quan 1,10.78866360854368,106.69551372228901,32,41,1.0
2025-11-21 14:59:27,Nga tu Hang Xanh,Binh Thanh,10.801406421807085,106.71148440879679,32,41,1.0
2025-11-21 14:59:28,Nga tu An Suong,Hoc Mon,10.843150534972033,106.6151343241409,22,35,1.0
2025-11-21 14:59:28,Ben xe Mien Dong,Quan 9,10.880537767027526,106.81481342866444,41,53,1.0
2025-11-21 14:59:29,Ben xe Mien Tay,Binh Tan,10.740840166521663,106.61899246873142,25,35,1.0
2025-11-21 14:59:30,Cau Sai Gon,Quan 2 ,10.798986343749618,106.72697056646841,45,45,1.0
2025-11-21 14:59:31,Cau Phu My,Q2,10.741860769464234,106.73790365482627,33,44,1.0
2025-11-21 14:59:32,Cau Kenh Te,Q4,10.752408891679814,106.7022703818112,23,34,1.0
2025-11-21 14:59:33,Cau Thu Thiem,Quan 2,10.786216596454727,106.71836665482695,40,40,1.0
2025-11-21 14:59:45,Nguyen Huu Canh,Binh Thanh,10.78948793356203,106.71518838181179,36,36,1.0
2025-11-21 14:59:57,Cong Hoa,Tan Binh,10.80223925742187,106.6478722259914,26,40,1.0
2025-11-21 14:59:58,Truong Son / Tan Son Nhat Blvd,Gan san bay,10.813928881466124,106.66511432455972,19,34,1.0
2025-11-21 14:59:59,Nguyen Trai,Quan 5,10.755608615763382,106.67347943578082,19,28,1.0
2025-11-21 15:00:00,Le Duan,Quan 1,10.782680856341083,106.70051548181169,15,29,1.0
2025-11-21 15:00:00,Tran Hung Dao ,Quan 5,10.754895139302109,106.67839188181134,20,33,1.0
2025-11-21 15:00:01,Tran Quoc Thao,Quan 3,10.785070445194592,106.68331340921323,13,28,1.0
2025-11-21 15:00:02,Tran Hung Dao,Quan 5,10.7549373008113,106.67848844133415,20,33,1.0
2025-11-21 15:00:03,Cach Mang Thang 8 (CMT8),Quan 3,10.77898143649726,106.67684447140958,24,35,1.0
2025-11-21 15:00:15,Pham Ngu Lao / Bui Vien,Quan 1,10.767112828386699,106.6927618222887,13,20,1.0
2025-11-21 15:00:16,Nguyen Thi Minh Khai,Quan 3,10.77847212665258,106.69389510879643,28,41,1.0
2025-11-21 15:00:17,Nguyen Van Troi,Phu Nhuan,10.796057790235078,106.67492629345334,19,34,1.0
2025-11-21 15:00:18,Pham Van Dong,Go Vap,10.835298215641501,106.72935479345391,35,42,0.996206
2025-11-21 15:00:19,Cong truong lam son,Quan 1,10.777562007197462,106.7041335430398,15,29,1.0
2025-11-21 15:00:20,Nguyen Oanh ,Go Vap,10.83886351241477,106.67566625482782,29,36,1.0
2025-11-21 15:00:27,Le Hong Phong,Quan 10,10.765187049751795,106.67550552599073,25,36,1.0
2025-11-21 15:00:28,Nguyen Van Cu,Quan 5,10.759484371982321,106.6840537511244,19,28,1.0
2025-11-21 15:00:29,Nga tu Binh Phuoc,Ngoai o,10.865229381280965,106.72366973948475,32,49,1.0
2025-11-21 15:00:30,Phu My Hung ,Quan 7,10.72279213640514,106.72808623948244,27,37,1.0
2025-11-21 15:00:31,Nguyen Thai Son,Phu Nhuan,10.823400120373712,106.68551227436063,23,32,1.0
2025-11-21 15:00:31,An Duong Vuong,Quan 8,10.756158554057757,106.66631758181126,19,30,1.0
2025-11-21 15:00:39,Huynh Tan Phat,Nha Be,10.7144382088356,106.73711688366167,26,35,1.0
2025-11-21 15:00:51,Truong Chinh,Tan Binh ,10.817236653231737,106.63191539530457,22,35,1.0
2025-11-21 15:03:03,Cho Ben Thanh,Quan 1,10.772727584493625,106.69804225297563,14,24,0.994964
2025-11-21 15:03:04,Duong Nguyen Hue,Quan 1,10.774028664434528,106.70357076461706,18,29,1.0
2025-11-21 15:03:05,Nguyen Van Linh,Quan 7,10.752616652291238,106.72509685338922,39,39,1.0
2025-11-21 15:03:05,Vo Van Kiet,Quan 5,10.745754766198267,106.65326266831877,36,43,1.0
2025-11-21 15:03:06,Xa lo Ha Noi,QL1A,10.94927106740351,106.87196348224562,32,42,1.0
2025-11-21 15:03:07,Duong Dien Bien Phu,Quan 1,10.78866360854368,106.69551372228901,32,42,1.0
2025-11-21 15:03:08,Nga tu Hang Xanh,Binh Thanh,10.801406421807085,106.71148440879679,32,42,1.0
2025-11-21 15:03:09,Nga tu An Suong,Hoc Mon,10.843150534972033,106.6151343241409,22,35,1.0
2025-11-21 15:03:10,Ben xe Mien Dong,Quan 9,10.880537767027526,106.81481342866444,43,53,1.0
2025-11-21 15:03:11,Ben xe Mien Tay,Binh Tan,10.740840166521663,106.61899246873142,26,35,1.0
2025-11-21 15:03:20,Cau Sai Gon,Quan 2 ,10.798986343749618,106.72697056646841,45,45,1.0
2025-11-21 15:03:32,Cau Phu My,Q2,10.741860769464234,106.73790365482627,34,44,1.0
2025-11-21 15:03:33,Cau Kenh Te,Q4,10.752408891679814,106.7022703818112,25,34,1.0
2025-11-21 15:03:45,Cau Thu Thiem,Quan 2,10.786216596454727,106.71836665482695,40,40,1.0
2025-11-21 15:03:57,Nguyen Huu Canh,Binh Thanh,10.78948793356203,106.71518838181179,36,36,1.0
2025-11-21 15:03:58,Cong Hoa,Tan Binh,10.80223925742187,106.6478722259914,28,41,1.0
2025-11-21 15:03:59,Truong Son / Tan Son Nhat Blvd,Gan san bay,10.813928881466124,106.66511432455972,18,34,0.999323
2025-11-21 15:04:00,Nguyen Trai,Quan 5,10.755608615763382,106.67347943578082,17,28,0.997903
2025-11-21 15:04:00,Le Duan,Quan 1,10.782680856341083,106.70051548181169,16,30,1.0
2025-11-21 15:04:01,Tran Hung Dao ,Quan 5,10.754895139302109,106.67839188181134,19,32,1.0
2025-11-21 15:04:13,Tran Quoc Thao,Quan 3,10.785070445194592,106.68331340921323,13,28,1.0
2025-11-21 15:04:25,Tran Hung Dao,Quan 5,10.7549373008113,106.67848844133415,20,33,1.0
2025-11-21 15:04:26,Cach Mang Thang 8 (CMT8),Quan 3,10.77898143649726,106.67684447140958,23,34,1.0
2025-11-21 15:04:27,Pham Ngu Lao / Bui Vien,Quan 1,10.767112828386699,106.6927618222887,11,19,1.0
2025-11-21 15:04:28,Nguyen Thi Minh Khai,Quan 3,10.77847212665258,106.69389510879643,27,41,1.0
2025-11-21 15:04:29,Nguyen Van Troi,Phu Nhuan,10.796057790235078,106.67492629345334,19,34,0.999035
2025-11-21 15:04:29,Pham Van Dong,Go Vap,10.835298215641501,106.72935479345391,36,42,0.99693
2025-11-21 15:04:42,Cong truong lam son,Quan 1,10.777562007197462,106.7041335430398,16,30,1.0
2025-11-21 15:04:54,Nguyen Oanh ,Go Vap,10.83886351241477,106.67566625482782,27,36,1.0
2025-11-21 15:04:55,Le Hong Phong,Quan 10,10.765187049751795,106.67550552599073,24,36,1.0
2025-11-21 15:04:55,Nguyen Van Cu,Quan 5,10.759484371982321,106.6840537511244,20,27,1.0
2025-11-21 15:04:56,Nga tu Binh Phuoc,Ngoai o,10.865229381280965,106.72366973948475,33,49,1.0
2025-11-21 15:04:57,Phu My Hung ,Quan 7,10.72279213640514,106.72808623948244,28,37,1.0
2025-11-21 15:04:58,Nguyen Thai Son,Phu Nhuan,10.823400120373712,106.68551227436063,23,32,1.0
2025-11-21 15:05:06,An Duong Vuong,Quan 8,10.756158554057757,106.66631758181126,23,29,1.0
2025-11-21 15:05:18,Huynh Tan Phat,Nha Be,10.7144382088356,106.73711688366167,26,35,1.0
2025-11-21 15:05:19,Truong Chinh,Tan Binh ,10.817236653231737,106.63191539530457,22,35,1.0
2025-11-21 15:07:20,Cho Ben Thanh,Quan 1,10.772727584493625,106.69804225297563,17,24,0.99753
2025-11-21 15:07:20,Duong Nguyen Hue,Quan 1,10.774028664434528,106.70357076461706,21,29,1.0
2025-11-21 15:07:21,Nguyen Van Linh,Quan 7,10.752616652291238,106.72509685338922,39,39,1.0
2025-11-21 15:07:22,Vo Van Kiet,Quan 5,10.745754766198267,106.65326266831877,34,43,1.0
2025-11-21 15:07:23,Xa lo Ha Noi,QL1A,10.94927106740351,106.87196348224562,31,42,1.0
2025-11-21 15:07:24,Duong Dien Bien Phu,Quan 1,10.78866360854368,106.69551372228901,31,42,1.0
2025-11-21 15:07:25,Nga tu Hang Xanh,Binh Thanh,10.801406421807085,106.71148440879679,31,42,1.0
2025-11-21 15:07:26,Nga tu An Suong,Hoc Mon,10.843150534972033,106.6151343241409,22,35,1.0
2025-11-21 15:07:27,Ben xe Mien Dong,Quan 9,10.880537767027526,106.81481342866444,43,53,1.0
2025-11-21 15:07:28,Ben xe Mien Tay,Binh Tan,10.740840166521663,106.61899246873142,27,35,1.0
2025-11-21 15:07:32,Cau Sai Gon,Quan 2 ,10.798986343749618,106.72697056646841,45,45,1.0
2025-11-21 15:07:33,Cau Phu My,Q2,10.741860769464234,106.73790365482627,36,44,1.0
2025-11-21 15:07:34,Cau Kenh Te,Q4,10.752408891679814,106.7022703818112,26,34,1.0
2025-11-21 15:07:34,Cau Thu Thiem,Quan 2,10.786216596454727,106.71836665482695,40,40,1.0
2025-11-21 15:07:35,Nguyen Huu Canh,Binh Thanh,10.78948793356203,106.71518838181179,36,36,1.0
2025-11-21 15:07:36,Cong Hoa,Tan Binh,10.80223925742187,106.6478722259914,29,41,1.0
2025-11-21 15:07:45,Truong Son / Tan Son Nhat Blvd,Gan san bay,10.813928881466124,106.66511432455972,19,34,1.0
2025-11-21 15:07:46,Nguyen Trai,Quan 5,10.755608615763382,106.67347943578082,17,28,1.0
2025-11-21 15:07:46,Le Duan,Quan 1,10.782680856341083,106.70051548181169,17,30,1.0
2025-11-21 15:07:47,Tran Hung Dao ,Quan 5,10.754895139302109,106.67839188181134,22,33,1.0
2025-11-21 15:07:48,Tran Quoc Thao,Quan 3,10.785070445194592,106.68331340921323,13,27,1.0
2025-11-21 15:07:49,Tran Hung Dao,Quan 5,10.7549373008113,106.67848844133415,22,33,1.0
2025-11-21 15:08:02,Cach Mang Thang 8 (CMT8),Quan 3,10.77898143649726,106.67684447140958,22,34,1.0
2025-11-21 15:08:15,Pham Ngu Lao / Bui Vien,Quan 1,10.767112828386699,106.6927618222887,12,19,1.0
2025-11-21 15:08:28,Nguyen Thi Minh Khai,Quan 3,10.77847212665258,106.69389510879643,29,42,1.0
2025-11-21 15:08:29,Nguyen Van Troi,Phu Nhuan,10.796057790235078,106.67492629345334,18,33,0.999423
2025-11-21 15:08:30,Pham Van Dong,Go Vap,10.835298215641501,106.72935479345391,35,42,0.997292
2025-11-21 15:08:31,Cong truong lam son,Quan 1,10.777562007197462,106.7041335430398,18,30,1.0
2025-11-21 15:08:31,Nguyen Oanh ,Go Vap,10.83886351241477,106.67566625482782,26,36,1.0
2025-11-21 15:08:32,Le Hong Phong,Quan 10,10.765187049751795,106.67550552599073,36,36,1.0
2025-11-21 15:08:46,Nguyen Van Cu,Quan 5,10.759484371982321,106.6840537511244,18,28,1.0
2025-11-21 15:08:59,Nga tu Binh Phuoc,Ngoai o,10.865229381280965,106.72366973948475,33,49,1.0
2025-11-21 15:09:00,Phu My Hung ,Quan 7,10.72279213640514,106.72808623948244,28,37,0.998605
2025-11-21 15:09:01,Nguyen Thai Son,Phu Nhuan,10.823400120373712,106.68551227436063,32,32,1.0
2025-11-21 15:09:01,An Duong Vuong,Quan 8,10.756158554057757,106.66631758181126,22,29,1.0
2025-11-21 15:09:02,Huynh Tan Phat,Nha Be,10.7144382088356,106.73711688366167,27,35,1.0
2025-11-21 15:09:03,Truong Chinh,Tan Binh ,10.817236653231737,106.63191539530457,21,35,1.0
2025-11-21 15:11:15,Cho Ben Thanh,Quan 1,10.772727584493625,106.69804225297563,16,24,0.99753
2025-11-21 15:11:16,Duong Nguyen Hue,Quan 1,10.774028664434528,106.70357076461706,29,29,1.0
2025-11-21 15:11:17,Nguyen Van Linh,Quan 7,10.752616652291238,106.72509685338922,31,38,1.0
2025-11-21 15:11:18,Vo Van Kiet,Quan 5,10.745754766198267,106.65326266831877,36,43,1.0
2025-11-21 15:11:19,Xa lo Ha Noi,QL1A,10.94927106740351,106.87196348224562,31,42,1.0
2025-11-21 15:11:20,Duong Dien Bien Phu,Quan 1,10.78866360854368,106.69551372228901,32,41,1.0
2025-11-21 15:11:21,Nga tu Hang Xanh,Binh Thanh,10.801406421807085,106.71148440879679,32,41,1.0
2025-11-21 15:11:31,Nga tu An Suong,Hoc Mon,10.843150534972033,106.6151343241409,22,34,1.0
2025-11-21 15:11:43,Ben xe Mien Dong,Quan 9,10.880537767027526,106.81481342866444,41,53,1.0
2025-11-21 15:11:44,Ben xe Mien Tay,Binh Tan,10.740840166521663,106.61899246873142,27,36,1.0
2025-11-21 15:11:45,Cau Sai Gon,Quan 2 ,10.798986343749618,106.72697056646841,45,45,1.0
2025-11-21 15:11:57,Cau Phu My,Q2,10.741860769464234,106.73790365482627,35,44,1.0
2025-11-21 15:11:58,Cau Kenh Te,Q4,10.752408891679814,106.7022703818112,28,33,1.0
2025-11-21 15:11:58,Cau Thu Thiem,Quan 2,10.786216596454727,106.71836665482695,40,40,1.0
2025-11-21 15:11:59,Nguyen Huu Canh,Binh Thanh,10.78948793356203,106.71518838181179,28,36,1.0
2025-11-21 15:12:00,Cong Hoa,Tan Binh,10.80223925742187,106.6478722259914,30,41,1.0
2025-11-21 15:12:12,Truong Son / Tan Son Nhat Blvd,Gan san bay,10.813928881466124,106.66511432455972,18,34,1.0
2025-11-21 15:12:24,Nguyen Trai,Quan 5,10.755608615763382,106.67347943578082,20,28,1.0
2025-11-21 15:12:25,Le Duan,Quan 1,10.782680856341083,106.70051548181169,15,30,1.0
2025-11-21 15:12:26,Tran Hung Dao ,Quan 5,10.754895139302109,106.67839188181134,21,33,1.0
2025-11-21 15:12:27,Tran Quoc Thao,Quan 3,10.785070445194592,106.68331340921323,14,28,1.0
2025-11-21 15:12:28,Tran Hung Dao,Quan 5,10.7549373008113,106.67848844133415,21,33,1.0
2025-11-21 15:12:29,Cach Mang Thang 8 (CMT8),Quan 3,10.77898143649726,106.67684447140958,23,34,1.0
2025-11-21 15:12:29,Pham Ngu Lao / Bui Vien,Quan 1,10.767112828386699,106.6927618222887,13,19,1.0
2025-11-21 15:12:36,Nguyen Thi Minh Khai,Quan 3,10.77847212665258,106.69389510879643,29,42,1.0
2025-11-21 15:12:48,Nguyen Van Troi,Phu Nhuan,10.796057790235078,106.67492629345334,19,34,1.0
2025-11-21 15:13:00,Pham Van Dong,Go Vap,10.835298215641501,106.72935479345391,36,41,0.996572
2025-11-21 15:13:01,Cong truong lam son,Quan 1,10.777562007197462,106.7041335430398,16,30,1.0
2025-11-21 15:13:02,Nguyen Oanh ,Go Vap,10.83886351241477,106.67566625482782,27,37,1.0
2025-11-21 15:13:03,Le Hong Phong,Quan 10,10.765187049751795,106.67550552599073,23,35,1.0
2025-11-21 15:13:04,Nguyen Van Cu,Quan 5,10.759484371982321,106.6840537511244,21,27,1.0
2025-11-21 15:13:05,Nga tu Binh Phuoc,Ngoai o,10.865229381280965,106.72366973948475,33,49,1.0
2025-11-21 15:13:16,Phu My Hung ,Quan 7,10.72279213640514,106.72808623948244,28,36,1.0
2025-11-21 15:13:28,Nguyen Thai Son,Phu Nhuan,10.823400120373712,106.68551227436063,24,31,1.0
2025-11-21 15:13:29,An Duong Vuong,Quan 8,10.756158554057757,106.66631758181126,20,28,1.0
2025-11-21 15:13:30,Huynh Tan Phat,Nha Be,10.7144382088356,106.73711688366167,26,35,1.0
2025-11-21 15:13:31,Truong Chinh,Tan Binh ,10.817236653231737,106.63191539530457,22,34,1.0
2025-11-21 15:15:43,Cho Ben Thanh,Quan 1,10.772727584493625,106.69804225297563,17,24,0.99753
2025-11-21 15:15:44,Duong Nguyen Hue,Quan 1,10.774028664434528,106.70357076461706,17,28,1.0
2025-11-21 15:15:45,Nguyen Van Linh,Quan 7,10.752616652291238,106.72509685338922,39,39,1.0
2025-11-21 15:15:46,Vo Van Kiet,Quan 5,10.745754766198267,106.65326266831877,35,43,1.0
2025-11-21 15:15:47,Xa lo Ha Noi,QL1A,10.94927106740351,106.87196348224562,27,42,1.0
2025-11-21 15:15:48,Duong Dien Bien Phu,Quan 1,10.78866360854368,106.69551372228901,30,42,1.0
2025-11-21 15:15:49,Nga tu Hang Xanh,Binh Thanh,10.801406421807085,106.71148440879679,30,42,1.0
2025-11-21 15:15:50,Nga tu An Suong,Hoc Mon,10.843150534972033,106.6151343241409,22,34,1.0
2025-11-21 15:15:51,Ben xe Mien Dong,Quan 9,10.880537767027526,106.81481342866444,41,53,1.0
2025-11-21 15:15:51,Ben xe Mien Tay,Binh Tan,10.740840166521663,106.61899246873142,25,35,1.0
2025-11-21 15:15:52,Cau Sai Gon,Quan 2 ,10.798986343749618,106.72697056646841,45,45,1.0
2025-11-21 15:15:53,Cau Phu My,Q2,10.741860769464234,106.73790365482627,36,44,1.0
2025-11-21 15:15:54,Cau Kenh Te,Q4,10.752408891679814,106.7022703818112,25,33,1.0
2025-11-21 15:15:55,Cau Thu Thiem,Quan 2,10.786216596454727,106.71836665482695,40,40,1.0
2025-11-21 15:16:00,Nguyen Huu Canh,Binh Thanh,10.78948793356203,106.71518838181179,36,36,1.0
2025-11-21 15:16:01,Cong Hoa,Tan Binh,10.80223925742187,106.6478722259914,30,41,1.0
2025-11-21 15:16:01,Truong Son / Tan Son Nhat Blvd,Gan san bay,10.813928881466124,106.66511432455972,17,34,1.0
2025-11-21 15:16:04,Nguyen Trai,Quan 5,10.755608615763382,106.67347943578082,17,28,1.0
2025-11-21 15:16:16,Le Duan,Quan 1,10.782680856341083,106.70051548181169,17,30,1.0
2025-11-21 15:16:28,Tran Hung Dao ,Quan 5,10.754895139302109,106.67839188181134,22,32,1.0
2025-11-21 15:16:40,Tran Quoc Thao,Quan 3,10.785070445194592,106.68331340921323,16,28,1.0
2025-11-21 15:16:41,Tran Hung Dao,Quan 5,10.7549373008113,106.67848844133415,22,32,1.0
2025-11-21 15:16:42,Cach Mang Thang 8 (CMT8),Quan 3,10.77898143649726,106.67684447140958,23,34,1.0
2025-11-21 15:16:43,Pham Ngu Lao / Bui Vien,Quan 1,10.767112828386699,106.6927618222887,15,20,1.0
2025-11-21 15:16:44,Nguyen Thi Minh Khai,Quan 3,10.77847212665258,106.69389510879643,28,41,1.0
2025-11-21 15:16:45,Nguyen Van Troi,Phu Nhuan,10.796057790235078,106.67492629345334,17,34,0.999713
2025-11-21 15:16:52,Pham Van Dong,Go Vap,10.835298215641501,106.72935479345391,34,42,0.99729
2025-11-21 15:16:53,Cong truong lam son,Quan 1,10.777562007197462,106.7041335430398,17,30,1.0
2025-11-21 15:16:54,Nguyen Oanh ,Go Vap,10.83886351241477,106.67566625482782,27,36,1.0
2025-11-21 15:16:55,Le Hong Phong,Quan 10,10.765187049751795,106.67550552599073,27,35,1.0
2025-11-21 15:16:56,Nguyen Van Cu,Quan 5,10.759484371982321,106.6840537511244,17,27,1.0
2025-11-21 15:16:57,Nga tu Binh Phuoc,Ngoai o,10.865229381280965,106.72366973948475,33,49,1.0
2025-11-21 15:17:04,Phu My Hung ,Quan 7,10.72279213640514,106.72808623948244,28,37,0.999301
2025-11-21 15:17:16,Nguyen Thai Son,Phu Nhuan,10.823400120373712,106.68551227436063,24,32,1.0
2025-11-21 15:17:17,An Duong Vuong,Quan 8,10.756158554057757,106.66631758181126,23,30,1.0
2025-11-21 15:17:18,Huynh Tan Phat,Nha Be,10.7144382088356,106.73711688366167,26,35,1.0
2025-11-21 15:17:19,Truong Chinh,Tan Binh ,10.817236653231737,106.63191539530457,22,35,1.0
2025-11-21 15:19:31,Cho Ben Thanh,Quan 1,10.772727584493625,106.69804225297563,15,24,0.99753
2025-11-21 15:19:32,Duong Nguyen Hue,Quan 1,10.774028664434528,106.70357076461706,20,29,1.0
2025-11-21 15:19:33,Nguyen Van Linh,Quan 7,10.752616652291238,106.72509685338922,39,39,1.0
2025-11-21 15:19:34,Vo Van Kiet,Quan 5,10.745754766198267,106.65326266831877,34,43,1.0
2025-11-21 15:19:34,Xa lo Ha Noi,QL1A,10.94927106740351,106.87196348224562,30,41,1.0
2025-11-21 15:19:35,Duong Dien Bien Phu,Quan 1,10.78866360854368,106.69551372228901,31,41,1.0
2025-11-21 15:19:47,Nga tu Hang Xanh,Binh Thanh,10.801406421807085,106.71148440879679,31,41,1.0
2025-11-21 15:19:59,Nga tu An Suong,Hoc Mon,10.843150534972033,106.6151343241409,22,35,1.0
2025-11-21 15:20:00,Ben xe Mien Dong,Quan 9,10.880537767027526,106.81481342866444,42,53,1.0
2025-11-21 15:20:12,Ben xe Mien Tay,Binh Tan,10.740840166521663,106.61899246873142,26,35,1.0
2025-11-21 15:20:24,Cau Sai Gon,Quan 2 ,10.798986343749618,106.72697056646841,45,45,1.0
2025-11-21 15:20:25,Cau Phu My,Q2,10.741860769464234,106.73790365482627,36,44,1.0
2025-11-21 15:20:26,Cau Kenh Te,Q4,10.752408891679814,106.7022703818112,23,34,1.0
2025-11-21 15:20:27,Cau Thu Thiem,Quan 2,10.786216596454727,106.71836665482695,40,40,1.0
2025-11-21 15:20:28,Nguyen Huu Canh,Binh Thanh,10.78948793356203,106.71518838181179,36,36,1.0
2025-11-21 15:20:29,Cong Hoa,Tan Binh,10.80223925742187,106.6478722259914,29,41,1.0
2025-11-21 15:20:41,Truong Son / Tan Son Nhat Blvd,Gan san bay,10.813928881466124,106.66511432455972,18,34,0.999679
2025-11-21 15:20:53,Nguyen Trai,Quan 5,10.755608615763382,106.67347943578082,19,28,0.998947
2025-11-21 15:21:05,Le Duan,Quan 1,10.782680856341083,106.70051548181169,16,29,1.0
2025-11-21 15:21:06,Tran Hung Dao ,Quan 5,10.754895139302109,106.67839188181134,21,33,1.0
2025-11-21 15:21:07,Tran Quoc Thao,Quan 3,10.785070445194592,106.68331340921323,12,28,1.0
2025-11-21 15:21:08,Tran Hung Dao,Quan 5,10.7549373008113,106.67848844133415,21,33,1.0
2025-11-21 15:21:09,Cach Mang Thang 8 (CMT8),Quan 3,10.77898143649726,106.67684447140958,23,34,1.0
2025-11-21 15:21:10,Pham Ngu Lao / Bui Vien,Quan 1,10.767112828386699,106.6927618222887,13,20,1.0
2025-11-21 15:21:11,Nguyen Thi Minh Khai,Quan 3,10.77847212665258,106.69389510879643,28,41,1.0
2025-11-21 15:21:21,Nguyen Van Troi,Phu Nhuan,10.796057790235078,106.67492629345334,18,34,0.999679
2025-11-21 15:21:33,Pham Van Dong,Go Vap,10.835298215641501,106.72935479345391,35,42,0.997436
2025-11-21 15:21:34,Cong truong lam son,Quan 1,10.777562007197462,106.7041335430398,16,29,1.0
2025-11-21 15:21:35,Nguyen Oanh ,Go Vap,10.83886351241477,106.67566625482782,28,36,1.0
2025-11-21 15:21:47,Le Hong Phong,Quan 10,10.765187049751795,106.67550552599073,22,35,1.0
2025-11-21 15:21:59,Nguyen Van Cu,Quan 5,10.759484371982321,106.6840537511244,16,28,0.998951
2025-11-21 15:22:11,Nga tu Binh Phuoc,Ngoai o,10.865229381280965,106.72366973948475,32,48,1.0
2025-11-21 15:22:23,Phu My Hung ,Quan 7,10.72279213640514,106.72808623948244,27,37,0.999303
2025-11-21 15:22:35,Nguyen Thai Son,Phu Nhuan,10.823400120373712,106.68551227436063,25,31,1.0
2025-11-21 15:22:36,An Duong Vuong,Quan 8,10.756158554057757,106.66631758181126,18,30,1.0
2025-11-21 15:22:37,Huynh Tan Phat,Nha Be,10.7144382088356,106.73711688366167,26,36,1.0
2025-11-21 15:22:38,Truong Chinh,Tan Binh ,10.817236653231737,106.63191539530457,22,34,1.0
2025-11-21 15:24:50,Cho Ben Thanh,Quan 1,10.772727584493625,106.69804225297563,14,23,0.998765
2025-11-21 15:25:02,Duong Nguyen Hue,Quan 1,10.774028664434528,106.70357076461706,29,29,1.0
2025-11-21 15:25:02,Nguyen Van Linh,Quan 7,10.752616652291238,106.72509685338922,39,39,1.0
2025-11-21 15:25:03,Vo Van Kiet,Quan 5,10.745754766198267,106.65326266831877,32,43,1.0
2025-11-21 15:25:04,Xa lo Ha Noi,QL1A,10.94927106740351,106.87196348224562,29,42,1.0
2025-11-21 15:25:18,Duong Dien Bien Phu,Quan 1,10.78866360854368,106.69551372228901,31,42,1.0
2025-11-21 15:25:19,Nga tu Hang Xanh,Binh Thanh,10.801406421807085,106.71148440879679,31,42,1.0
2025-11-21 15:25:19,Nga tu An Suong,Hoc Mon,10.843150534972033,106.6151343241409,22,35,1.0
2025-11-21 15:25:20,Ben xe Mien Dong,Quan 9,10.880537767027526,106.81481342866444,41,53,1.0
2025-11-21 15:25:21,Ben xe Mien Tay,Binh Tan,10.740840166521663,106.61899246873142,26,36,1.0
2025-11-21 15:25:22,Cau Sai Gon,Quan 2 ,10.798986343749618,106.72697056646841,45,45,1.0
2025-11-21 15:25:30,Cau Phu My,Q2,10.741860769464234,106.73790365482627,35,44,1.0
2025-11-21 15:25:31,Cau Kenh Te,Q4,10.752408891679814,106.7022703818112,22,33,1.0
2025-11-21 15:25:32,Cau Thu Thiem,Quan 2,10.786216596454727,106.71836665482695,40,40,1.0
2025-11-21 15:25:33,Nguyen Huu Canh,Binh Thanh,10.78948793356203,106.71518838181179,36,36,1.0
2025-11-21 15:25:34,Cong Hoa,Tan Binh,10.80223925742187,106.6478722259914,27,40,1.0
2025-11-21 15:25:34,Truong Son / Tan Son Nhat Blvd,Gan san bay,10.813928881466124,106.66511432455972,17,33,1.0
2025-11-21 15:25:42,Nguyen Trai,Quan 5,10.755608615763382,106.67347943578082,18,27,0.998943
2025-11-21 15:25:43,Le Duan,Quan 1,10.782680856341083,106.70051548181169,16,31,1.0
2025-11-21 15:25:43,Tran Hung Dao ,Quan 5,10.754895139302109,106.67839188181134,22,33,1.0
2025-11-21 15:25:44,Tran Quoc Thao,Quan 3,10.785070445194592,106.68331340921323,15,28,1.0
2025-11-21 15:25:45,Tran Hung Dao,Quan 5,10.7549373008113,106.67848844133415,22,33,1.0
2025-11-21 15:25:46,Cach Mang Thang 8 (CMT8),Quan 3,10.77898143649726,106.67684447140958,22,34,1.0
2025-11-21 15:25:54,Pham Ngu Lao / Bui Vien,Quan 1,10.767112828386699,106.6927618222887,8,20,1.0
2025-11-21 15:25:55,Nguyen Thi Minh Khai,Quan 3,10.77847212665258,106.69389510879643,27,41,1.0
2025-11-21 15:25:56,Nguyen Van Troi,Phu Nhuan,10.796057790235078,106.67492629345334,18,34,1.0
2025-11-21 15:25:56,Pham Van Dong,Go Vap,10.835298215641501,106.72935479345391,36,42,0.998016
2025-11-21 15:25:57,Cong truong lam son,Quan 1,10.777562007197462,106.7041335430398,17,30,1.0
2025-11-21 15:25:58,Nguyen Oanh ,Go Vap,10.83886351241477,106.67566625482782,27,36,1.0
2025-11-21 15:26:06,Le Hong Phong,Quan 10,10.765187049751795,106.67550552599073,26,36,1.0
2025-11-21 15:26:18,Nguyen Van Cu,Quan 5,10.759484371982321,106.6840537511244,18,27,0.998951
2025-11-21 15:26:19,Nga tu Binh Phuoc,Ngoai o,10.865229381280965,106.72366973948475,32,49,1.0
2025-11-21 15:26:20,Phu My Hung ,Quan 7,10.72279213640514,106.72808623948244,26,37,0.999095
2025-11-21 15:26:21,Nguyen Thai Son,Phu Nhuan,10.823400120373712,106.68551227436063,32,32,1.0
2025-11-21 15:26:21,An Duong Vuong,Quan 8,10.756158554057757,106.66631758181126,20,29,1.0
2025-11-21 15:26:22,Huynh Tan Phat,Nha Be,10.7144382088356,106.73711688366167,25,35,1.0
2025-11-21 15:26:34,Truong Chinh,Tan Binh ,10.817236653231737,106.63191539530457,21,35,1.0
2025-11-21 15:28:35,Cho Ben Thanh,Quan 1,10.772727584493625,106.69804225297563,14,24,0.998765
2025-11-21 15:28:36,Duong Nguyen Hue,Quan 1,10.774028664434528,106.70357076461706,21,28,1.0
2025-11-21 15:28:37,Nguyen Van Linh,Quan 7,10.752616652291238,106.72509685338922,39,39,1.0
2025-11-21 15:28:38,Vo Van Kiet,Quan 5,10.745754766198267,106.65326266831877,35,42,1.0
2025-11-21 15:28:39,Xa lo Ha Noi,QL1A,10.94927106740351,106.87196348224562,29,42,1.0
2025-11-21 15:28:40,Duong Dien Bien Phu,Quan 1,10.78866360854368,106.69551372228901,32,42,1.0
2025-11-21 15:28:41,Nga tu Hang Xanh,Binh Thanh,10.801406421807085,106.71148440879679,32,42,1.0
2025-11-21 15:28:46,Nga tu An Suong,Hoc Mon,10.843150534972033,106.6151343241409,21,35,1.0
2025-11-21 15:28:47,Ben xe Mien Dong,Quan 9,10.880537767027526,106.81481342866444,41,53,1.0
2025-11-21 15:28:48,Ben xe Mien Tay,Binh Tan,10.740840166521663,106.61899246873142,24,35,1.0
2025-11-21 15:28:49,Cau Sai Gon,Quan 2 ,10.798986343749618,106.72697056646841,45,45,1.0
2025-11-21 15:28:50,Cau Phu My,Q2,10.741860769464234,106.73790365482627,37,44,1.0
2025-11-21 15:28:51,Cau Kenh Te,Q4,10.752408891679814,106.7022703818112,22,33,1.0
2025-11-21 15:28:58,Cau Thu Thiem,Quan 2,10.786216596454727,106.71836665482695,40,40,1.0
2025-11-21 15:28:59,Nguyen Huu Canh,Binh Thanh,10.78948793356203,106.71518838181179,36,36,1.0
2025-11-21 15:29:00,Cong Hoa,Tan Binh,10.80223925742187,106.6478722259914,26,41,1.0
2025-11-21 15:29:01,Truong Son / Tan Son Nhat Blvd,Gan san bay,10.813928881466124,106.66511432455972,18,34,1.0
2025-11-21 15:29:02,Nguyen Trai,Quan 5,10.755608615763382,106.67347943578082,16,27,0.998954
2025-11-21 15:29:03,Le Duan,Quan 1,10.782680856341083,106.70051548181169,18,30,1.0
2025-11-21 15:29:10,Tran Hung Dao ,Quan 5,10.754895139302109,106.67839188181134,21,32,1.0
2025-11-21 15:29:22,Tran Quoc Thao,Quan 3,10.785070445194592,106.68331340921323,12,27,1.0
2025-11-21 15:29:23,Tran Hung Dao,Quan 5,10.7549373008113,106.67848844133415,22,33,1.0
2025-11-21 15:29:24,Cach Mang Thang 8 (CMT8),Quan 3,10.77898143649726,106.67684447140958,22,34,1.0
2025-11-21 15:29:25,Pham Ngu Lao / Bui Vien,Quan 1,10.767112828386699,106.6927618222887,10,19,1.0
2025-11-21 15:29:26,Nguyen Thi Minh Khai,Quan 3,10.77847212665258,106.69389510879643,28,41,1.0
2025-11-21 15:29:27,Nguyen Van Troi,Phu Nhuan,10.796057790235078,106.67492629345334,19,33,1.0
2025-11-21 15:29:39,Pham Van Dong,Go Vap,10.835298215641501,106.72935479345391,34,42,0.998746
2025-11-21 15:29:51,Cong truong lam son,Quan 1,10.777562007197462,106.7041335430398,16,29,1.0
2025-11-21 15:29:52,Nguyen Oanh ,Go Vap,10.83886351241477,106.67566625482782,27,36,1.0
2025-11-21 15:29:53,Le Hong Phong,Quan 10,10.765187049751795,106.67550552599073,24,36,1.0
2025-11-21 15:29:54,Nguyen Van Cu,Quan 5,10.759484371982321,106.6840537511244,17,27,0.998954
2025-11-21 15:29:54,Nga tu Binh Phuoc,Ngoai o,10.865229381280965,106.72366973948475,32,49,1.0
2025-11-21 15:29:56,Phu My Hung ,Quan 7,10.72279213640514,106.72808623948244,27,37,0.999095
2025-11-21 15:29:56,Nguyen Thai Son,Phu Nhuan,10.823400120373712,106.68551227436063,25,32,1.0
2025-11-21 15:29:57,An Duong Vuong,Quan 8,10.756158554057757,106.66631758181126,23,29,1.0
2025-11-21 15:29:58,Huynh Tan Phat,Nha Be,10.7144382088356,106.73711688366167,27,35,1.0
2025-11-21 15:29:59,Truong Chinh,Tan Binh ,10.817236653231737,106.63191539530457,21,34,1.0
2025-11-21 15:32:11,Cho Ben Thanh,Quan 1,10.772727584493625,106.69804225297563,15,24,0.99753
2025-11-21 15:32:12,Duong Nguyen Hue,Quan 1,10.774028664434528,106.70357076461706,18,28,1.0
2025-11-21 15:32:13,Nguyen Van Linh,Quan 7,10.752616652291238,106.72509685338922,29,39,1.0
2025-11-21 15:32:14,Vo Van Kiet,Quan 5,10.745754766198267,106.65326266831877,35,43,1.0
2025-11-21 15:32:15,Xa lo Ha Noi,QL1A,10.94927106740351,106.87196348224562,26,41,1.0
2025-11-21 15:32:15,Duong Dien Bien Phu,Quan 1,10.78866360854368,106.69551372228901,33,42,1.0
2025-11-21 15:32:27,Nga tu Hang Xanh,Binh Thanh,10.801406421807085,106.71148440879679,33,42,1.0
2025-11-21 15:32:39,Nga tu An Suong,Hoc Mon,10.843150534972033,106.6151343241409,22,35,1.0
2025-11-21 15:32:51,Ben xe Mien Dong,Quan 9,10.880537767027526,106.81481342866444,42,53,1.0
2025-11-21 15:32:52,Ben xe Mien Tay,Binh Tan,10.740840166521663,106.61899246873142,25,35,1.0
2025-11-21 15:32:53,Cau Sai Gon,Quan 2 ,10.798986343749618,106.72697056646841,45,45,1.0
2025-11-21 15:32:54,Cau Phu My,Q2,10.741860769464234,106.73790365482627,36,44,1.0
2025-11-21 15:32:55,Cau Kenh Te,Q4,10.752408891679814,106.7022703818112,21,33,1.0
2025-11-21 15:33:07,Cau Thu Thiem,Quan 2,10.786216596454727,106.71836665482695,40,40,1.0
2025-11-21 15:33:19,Nguyen Huu Canh,Binh Thanh,10.78948793356203,106.71518838181179,36,36,1.0
2025-11-21 15:33:20,Cong Hoa,Tan Binh,10.80223925742187,106.6478722259914,29,41,1.0
2025-11-21 15:33:21,Truong Son / Tan Son Nhat Blvd,Gan san bay,10.813928881466124,106.66511432455972,19,34,1.0
2025-11-21 15:33:22,Nguyen Trai,Quan 5,10.755608615763382,106.67347943578082,16,27,0.997909
2025-11-21 15:33:22,Le Duan,Quan 1,10.782680856341083,106.70051548181169,16,30,1.0
2025-11-21 15:33:23,Tran Hung Dao ,Quan 5,10.754895139302109,106.67839188181134,21,32,1.0
2025-11-21 15:33:24,Tran Quoc Thao,Quan 3,10.785070445194592,106.68331340921323,14,28,1.0
2025-11-21 15:33:25,Tran Hung Dao,Quan 5,10.7549373008113,106.67848844133415,21,32,1.0
2025-11-21 15:33:26,Cach Mang Thang 8 (CMT8),Quan 3,10.77898143649726,106.67684447140958,24,34,1.0
2025-11-21 15:33:27,Pham Ngu Lao / Bui Vien,Quan 1,10.767112828386699,106.6927618222887,10,19,1.0
2025-11-21 15:33:28,Nguyen Thi Minh Khai,Quan 3,10.77847212665258,106.69389510879643,28,41,1.0
2025-11-21 15:33:35,Nguyen Van Troi,Phu Nhuan,10.796057790235078,106.67492629345334,17,33,1.0
2025-11-21 15:33:47,Pham Van Dong,Go Vap,10.835298215641501,106.72935479345391,35,42,0.99892
2025-11-21 15:33:48,Cong truong lam son,Quan 1,10.777562007197462,106.7041335430398,17,30,1.0
2025-11-21 15:33:49,Nguyen Oanh ,Go Vap,10.83886351241477,106.67566625482782,25,36,1.0
2025-11-21 15:34:01,Le Hong Phong,Quan 10,10.765187049751795,106.67550552599073,26,35,1.0
2025-11-21 15:34:02,Nguyen Van Cu,Quan 5,10.759484371982321,106.6840537511244,16,28,0.997878
2025-11-21 15:34:03,Nga tu Binh Phuoc,Ngoai o,10.865229381280965,106.72366973948475,34,49,1.0
2025-11-21 15:34:04,Phu My Hung ,Quan 7,10.72279213640514,106.72808623948244,28,36,0.999742
2025-11-21 15:34:05,Nguyen Thai Son,Phu Nhuan,10.823400120373712,106.68551227436063,23,31,1.0
2025-11-21 15:34:06,An Duong Vuong,Quan 8,10.756158554057757,106.66631758181126,21,29,1.0
2025-11-21 15:34:06,Huynh Tan Phat,Nha Be,10.7144382088356,106.73711688366167,25,35,1.0
2025-11-21 15:34:19,Truong Chinh,Tan Binh ,10.817236653231737,106.63191539530457,21,35,1.0
2025-11-21 15:36:31,Cho Ben Thanh,Quan 1,10.772727584493625,106.69804225297563,15,24,0.998765
2025-11-21 15:36:31,Duong Nguyen Hue,Quan 1,10.774028664434528,106.70357076461706,14,28,1.0
2025-11-21 15:36:32,Nguyen Van Linh,Quan 7,10.752616652291238,106.72509685338922,29,39,1.0
2025-11-21 15:36:33,Vo Van Kiet,Quan 5,10.745754766198267,106.65326266831877,37,42,1.0
2025-11-21 15:36:34,Xa lo Ha Noi,QL1A,10.94927106740351,106.87196348224562,27,42,1.0
2025-11-21 15:36:35,Duong Dien Bien Phu,Quan 1,10.78866360854368,106.69551372228901,32,41,1.0
2025-11-21 15:36:47,Nga tu Hang Xanh,Binh Thanh,10.801406421807085,106.71148440879679,32,41,1.0
2025-11-21 15:36:59,Nga tu An Suong,Hoc Mon,10.843150534972033,106.6151343241409,22,34,1.0
2025-11-21 15:37:00,Ben xe Mien Dong,Quan 9,10.880537767027526,106.81481342866444,41,54,1.0
2025-11-21 15:37:12,Ben xe Mien Tay,Binh Tan,10.740840166521663,106.61899246873142,27,35,1.0
2025-11-21 15:37:24,Cau Sai Gon,Quan 2 ,10.798986343749618,106.72697056646841,45,45,1.0
2025-11-21 15:37:25,Cau Phu My,Q2,10.741860769464234,106.73790365482627,37,44,1.0
2025-11-21 15:37:26,Cau Kenh Te,Q4,10.752408891679814,106.7022703818112,22,34,1.0
2025-11-21 15:37:27,Cau Thu Thiem,Quan 2,10.786216596454727,106.71836665482695,40,40,1.0
2025-11-21 15:37:28,Nguyen Huu Canh,Binh Thanh,10.78948793356203,106.71518838181179,36,36,1.0
2025-11-21 15:37:29,Cong Hoa,Tan Binh,10.80223925742187,106.6478722259914,28,40,1.0
2025-11-21 15:37:41,Truong Son / Tan Son Nhat Blvd,Gan san bay,10.813928881466124,106.66511432455972,18,34,0.999713
2025-11-21 15:37:53,Nguyen Trai,Quan 5,10.755608615763382,106.67347943578082,18,27,1.0
2025-11-21 15:37:53,Le Duan,Quan 1,10.782680856341083,106.70051548181169,14,30,1.0
2025-11-21 15:38:04,Tran Hung Dao ,Quan 5,10.754895139302109,106.67839188181134,20,32,1.0
2025-11-21 15:38:17,Tran Quoc Thao,Quan 3,10.785070445194592,106.68331340921323,17,28,1.0
2025-11-21 15:38:29,Tran Hung Dao,Quan 5,10.7549373008113,106.67848844133415,21,32,1.0
2025-11-21 15:38:30,Cach Mang Thang 8 (CMT8),Quan 3,10.77898143649726,106.67684447140958,23,34,1.0
2025-11-21 15:38:31,Pham Ngu Lao / Bui Vien,Quan 1,10.767112828386699,106.6927618222887,14,20,1.0
2025-11-21 15:38:32,Nguyen Thi Minh Khai,Quan 3,10.77847212665258,106.69389510879643,29,41,1.0
2025-11-21 15:38:33,Nguyen Van Troi,Phu Nhuan,10.796057790235078,106.67492629345334,18,34,0.999713
2025-11-21 15:38:34,Pham Van Dong,Go Vap,10.835298215641501,106.72935479345391,34,42,0.99895
2025-11-21 15:38:34,Cong truong lam son,Quan 1,10.777562007197462,106.7041335430398,17,30,1.0
2025-11-21 15:38:46,Nguyen Oanh ,Go Vap,10.83886351241477,106.67566625482782,27,36,1.0
2025-11-21 15:38:58,Le Hong Phong,Quan 10,10.765187049751795,106.67550552599073,25,36,1.0
2025-11-21 15:38:59,Nguyen Van Cu,Quan 5,10.759484371982321,106.6840537511244,17,27,0.998939
2025-11-21 15:39:00,Nga tu Binh Phuoc,Ngoai o,10.865229381280965,106.72366973948475,33,49,1.0
2025-11-21 15:39:01,Phu My Hung ,Quan 7,10.72279213640514,106.72808623948244,27,37,0.999742
2025-11-21 15:39:02,Nguyen Thai Son,Phu Nhuan,10.823400120373712,106.68551227436063,24,31,1.0
2025-11-21 15:39:03,An Duong Vuong,Quan 8,10.756158554057757,106.66631758181126,21,29,1.0
2025-11-21 15:39:10,Huynh Tan Phat,Nha Be,10.7144382088356,106.73711688366167,24,35,1.0
2025-11-21 15:39:11,Truong Chinh,Tan Binh ,10.817236653231737,106.63191539530457,21,35,1.0
2025-11-21 15:41:23,Cho Ben Thanh,Quan 1,10.772727584493625,106.69804225297563,13,24,0.998765
2025-11-21 15:41:24,Duong Nguyen Hue,Quan 1,10.774028664434528,106.70357076461706,21,28,1.0
2025-11-21 15:41:25,Nguyen Van Linh,Quan 7,10.752616652291238,106.72509685338922,39,39,1.0
2025-11-21 15:41:26,Vo Van Kiet,Quan 5,10.745754766198267,106.65326266831877,36,43,1.0
2025-11-21 15:41:27,Xa lo Ha Noi,QL1A,10.94927106740351,106.87196348224562,25,42,1.0
2025-11-21 15:41:28,Duong Dien Bien Phu,Quan 1,10.78866360854368,106.69551372228901,33,42,1.0
2025-11-21 15:41:28,Nga tu Hang Xanh,Binh Thanh,10.801406421807085,106.71148440879679,33,42,1.0
2025-11-21 15:41:29,Nga tu An Suong,Hoc Mon,10.843150534972033,106.6151343241409,21,35,1.0
2025-11-21 15:41:30,Ben xe Mien Dong,Quan 9,10.880537767027526,106.81481342866444,41,54,1.0
2025-11-21 15:41:31,Ben xe Mien Tay,Binh Tan,10.740840166521663,106.61899246873142,26,36,1.0
2025-11-21 15:41:43,Cau Sai Gon,Quan 2 ,10.798986343749618,106.72697056646841,45,45,1.0
2025-11-21 15:41:55,Cau Phu My,Q2,10.741860769464234,106.73790365482627,45,45,1.0
2025-11-21 15:42:07,Cau Kenh Te,Q4,10.752408891679814,106.7022703818112,24,33,1.0
2025-11-21 15:42:19,Cau Thu Thiem,Quan 2,10.786216596454727,106.71836665482695,40,40,1.0
2025-11-21 15:42:20,Nguyen Huu Canh,Binh Thanh,10.78948793356203,106.71518838181179,36,36,1.0
2025-11-21 15:42:21,Cong Hoa,Tan Binh,10.80223925742187,106.6478722259914,28,41,1.0
2025-11-21 15:42:22,Truong Son / Tan Son Nhat Blvd,Gan san bay,10.813928881466124,106.66511432455972,19,34,1.0
2025-11-21 15:42:23,Nguyen Trai,Quan 5,10.755608615763382,106.67347943578082,18,28,0.997528
2025-11-21 15:42:24,Le Duan,Quan 1,10.782680856341083,106.70051548181169,16,30,1.0
2025-11-21 15:42:32,Tran Hung Dao ,Quan 5,10.754895139302109,106.67839188181134,20,33,1.0
2025-11-21 15:42:33,Tran Quoc Thao,Quan 3,10.785070445194592,106.68331340921323,15,28,1.0
2025-11-21 15:42:34,Tran Hung Dao,Quan 5,10.7549373008113,106.67848844133415,20,33,1.0
2025-11-21 15:42:35,Cach Mang Thang 8 (CMT8),Quan 3,10.77898143649726,106.67684447140958,23,35,1.0
2025-11-21 15:42:36,Pham Ngu Lao / Bui Vien,Quan 1,10.767112828386699,106.6927618222887,13,19,1.0
2025-11-21 15:42:37,Nguyen Thi Minh Khai,Quan 3,10.77847212665258,106.69389510879643,28,42,1.0
2025-11-21 15:42:38,Nguyen Van Troi,Phu Nhuan,10.796057790235078,106.67492629345334,19,34,1.0
2025-11-21 15:42:50,Pham Van Dong,Go Vap,10.835298215641501,106.72935479345391,35,42,0.99911
2025-11-21 15:43:02,Cong truong lam son,Quan 1,10.777562007197462,106.7041335430398,16,30,1.0
2025-11-21 15:43:03,Nguyen Oanh ,Go Vap,10.83886351241477,106.67566625482782,27,36,1.0
2025-11-21 15:43:03,Le Hong Phong,Quan 10,10.765187049751795,106.67550552599073,23,36,1.0
2025-11-21 15:43:04,Nguyen Van Cu,Quan 5,10.759484371982321,106.6840537511244,18,28,0.997528
2025-11-21 15:43:05,Nga tu Binh Phuoc,Ngoai o,10.865229381280965,106.72366973948475,32,49,1.0
2025-11-21 15:43:17,Phu My Hung ,Quan 7,10.72279213640514,106.72808623948244,27,37,0.999301
2025-11-21 15:43:18,Nguyen Thai Son,Phu Nhuan,10.823400120373712,106.68551227436063,26,32,1.0
2025-11-21 15:43:19,An Duong Vuong,Quan 8,10.756158554057757,106.66631758181126,20,28,1.0
2025-11-21 15:43:20,Huynh Tan Phat,Nha Be,10.7144382088356,106.73711688366167,26,35,1.0
2025-11-21 15:43:21,Truong Chinh,Tan Binh ,10.817236653231737,106.63191539530457,22,35,1.0
2025-11-21 15:45:22,Cho Ben Thanh,Quan 1,10.772727584493625,106.69804225297563,15,23,0.968292
2025-11-21 15:45:22,Duong Nguyen Hue,Quan 1,10.774028664434528,106.70357076461706,29,29,1.0
2025-11-21 15:45:23,Nguyen Van Linh,Quan 7,10.752616652291238,106.72509685338922,38,42,1.0
2025-11-21 15:45:24,Vo Van Kiet,Quan 5,10.745754766198267,106.65326266831877,35,42,1.0
2025-11-21 15:45:25,Xa lo Ha Noi,QL1A,10.94927106740351,106.87196348224562,27,41,1.0
2025-11-21 15:45:37,Duong Dien Bien Phu,Quan 1,10.78866360854368,106.69551372228901,32,41,1.0
2025-11-21 15:45:49,Nga tu Hang Xanh,Binh Thanh,10.801406421807085,106.71148440879679,32,41,1.0
2025-11-21 15:46:01,Nga tu An Suong,Hoc Mon,10.843150534972033,106.6151343241409,22,35,1.0
2025-11-21 15:46:23,Ben xe Mien Dong,Quan 9,10.880537767027526,106.81481342866444,40,53,1.0
2025-11-21 15:46:24,Ben xe Mien Tay,Binh Tan,10.740840166521663,106.61899246873142,26,36,1.0
2025-11-21 15:46:25,Cau Sai Gon,Quan 2 ,10.798986343749618,106.72697056646841,35,45,1.0
2025-11-21 15:46:26,Cau Phu My,Q2,10.741860769464234,106.73790365482627,38,44,1.0
2025-11-21 15:46:27,Cau Kenh Te,Q4,10.752408891679814,106.7022703818112,22,33,1.0
2025-11-21 15:46:28,Cau Thu Thiem,Quan 2,10.786216596454727,106.71836665482695,40,40,1.0
2025-11-21 15:46:29,Nguyen Huu Canh,Binh Thanh,10.78948793356203,106.71518838181179,36,36,1.0
2025-11-21 15:46:30,Cong Hoa,Tan Binh,10.80223925742187,106.6478722259914,28,41,1.0
2025-11-21 15:46:30,Truong Son / Tan Son Nhat Blvd,Gan san bay,10.813928881466124,106.66511432455972,19,34,1.0
2025-11-21 15:46:31,Nguyen Trai,Quan 5,10.755608615763382,106.67347943578082,16,27,0.998943
2025-11-21 15:46:35,Le Duan,Quan 1,10.782680856341083,106.70051548181169,15,29,1.0
2025-11-21 15:46:36,Tran Hung Dao ,Quan 5,10.754895139302109,106.67839188181134,21,32,1.0
2025-11-21 15:46:37,Tran Quoc Thao,Quan 3,10.785070445194592,106.68331340921323,12,28,1.0
2025-11-21 15:46:38,Tran Hung Dao,Quan 5,10.7549373008113,106.67848844133415,21,32,1.0
2025-11-21 15:46:39,Cach Mang Thang 8 (CMT8),Quan 3,10.77898143649726,106.67684447140958,23,35,1.0
2025-11-21 15:46:40,Pham Ngu Lao / Bui Vien,Quan 1,10.767112828386699,106.6927618222887,11,19,1.0
2025-11-21 15:46:47,Nguyen Thi Minh Khai,Quan 3,10.77847212665258,106.69389510879643,28,41,1.0
2025-11-21 15:46:48,Nguyen Van Troi,Phu Nhuan,10.796057790235078,106.67492629345334,18,34,1.0
2025-11-21 15:46:49,Pham Van Dong,Go Vap,10.835298215641501,106.72935479345391,36,42,0.998931
2025-11-21 15:46:50,Cong truong lam son,Quan 1,10.777562007197462,106.7041335430398,15,29,1.0
2025-11-21 15:46:51,Nguyen Oanh ,Go Vap,10.83886351241477,106.67566625482782,27,36,1.0
2025-11-21 15:46:52,Le Hong Phong,Quan 10,10.765187049751795,106.67550552599073,18,36,1.0
2025-11-21 15:46:59,Nguyen Van Cu,Quan 5,10.759484371982321,106.6840537511244,14,28,1.0
2025-11-21 15:47:00,Nga tu Binh Phuoc,Ngoai o,10.865229381280965,106.72366973948475,33,49,1.0
2025-11-21 15:47:01,Phu My Hung ,Quan 7,10.72279213640514,106.72808623948244,26,37,0.999301
2025-11-21 15:47:02,Nguyen Thai Son,Phu Nhuan,10.823400120373712,106.68551227436063,22,32,1.0
2025-11-21 15:47:24,An Duong Vuong,Quan 8,10.756158554057757,106.66631758181126,22,29,1.0
2025-11-21 15:47:36,Huynh Tan Phat,Nha Be,10.7144382088356,106.73711688366167,25,35,1.0
2025-11-21 15:47:37,Truong Chinh,Tan Binh ,10.817236653231737,106.63191539530457,22,35,1.0
2025-11-21 15:49:49,Cho Ben Thanh,Quan 1,10.772727584493625,106.69804225297563,14,22,0.968292
2025-11-21 15:49:50,Duong Nguyen Hue,Quan 1,10.774028664434528,106.70357076461706,17,28,1.0
2025-11-21 15:49:51,Nguyen Van Linh,Quan 7,10.752616652291238,106.72509685338922,28,39,1.0
2025-11-21 15:49:52,Vo Van Kiet,Quan 5,10.745754766198267,106.65326266831877,42,42,1.0
2025-11-21 15:49:52,Xa lo Ha Noi,QL1A,10.94927106740351,106.87196348224562,30,41,1.0
2025-11-21 15:49:53,Duong Dien Bien Phu,Quan 1,10.78866360854368,106.69551372228901,32,42,1.0
2025-11-21 15:50:01,Nga tu Hang Xanh,Binh Thanh,10.801406421807085,106.71148440879679,32,42,1.0
2025-11-21 15:50:02,Nga tu An Suong,Hoc Mon,10.843150534972033,106.6151343241409,21,35,1.0
2025-11-21 15:50:03,Ben xe Mien Dong,Quan 9,10.880537767027526,106.81481342866444,39,53,1.0
2025-11-21 15:50:04,Ben xe Mien Tay,Binh Tan,10.740840166521663,106.61899246873142,27,35,1.0
2025-11-21 15:50:05,Cau Sai Gon,Quan 2 ,10.798986343749618,106.72697056646841,45,45,1.0
2025-11-21 15:50:06,Cau Phu My,Q2,10.741860769464234,106.73790365482627,38,44,1.0
2025-11-21 15:50:07,Cau Kenh Te,Q4,10.752408891679814,106.7022703818112,21,33,1.0
2025-11-21 15:50:19,Cau Thu Thiem,Quan 2,10.786216596454727,106.71836665482695,40,40,1.0
2025-11-21 15:50:31,Nguyen Huu Canh,Binh Thanh,10.78948793356203,106.71518838181179,36,36,1.0
2025-11-21 15:50:43,Cong Hoa,Tan Binh,10.80223925742187,106.6478722259914,28,41,1.0
2025-11-21 15:50:55,Truong Son / Tan Son Nhat Blvd,Gan san bay,10.813928881466124,106.66511432455972,19,33,1.0
2025-11-21 15:50:56,Nguyen Trai,Quan 5,10.755608615763382,106.67347943578082,15,26,1.0
2025-11-21 15:50:57,Le Duan,Quan 1,10.782680856341083,106.70051548181169,15,30,1.0
2025-11-21 15:50:58,Tran Hung Dao ,Quan 5,10.754895139302109,106.67839188181134,20,32,1.0
2025-11-21 15:50:59,Tran Quoc Thao,Quan 3,10.785070445194592,106.68331340921323,13,27,1.0
2025-11-21 15:51:11,Tran Hung Dao,Quan 5,10.7549373008113,106.67848844133415,20,32,1.0
2025-11-21 15:51:23,Cach Mang Thang 8 (CMT8),Quan 3,10.77898143649726,106.67684447140958,22,34,1.0
2025-11-21 15:51:24,Pham Ngu Lao / Bui Vien,Quan 1,10.767112828386699,106.6927618222887,12,19,1.0
2025-11-21 15:51:25,Nguyen Thi Minh Khai,Quan 3,10.77847212665258,106.69389510879643,27,41,1.0
2025-11-21 15:51:26,Nguyen Van Troi,Phu Nhuan,10.796057790235078,106.67492629345334,18,34,1.0
2025-11-21 15:51:27,Pham Van Dong,Go Vap,10.835298215641501,106.72935479345391,34,42,0.998923
2025-11-21 15:51:28,Cong truong lam son,Quan 1,10.777562007197462,106.7041335430398,16,30,1.0
2025-11-21 15:51:40,Nguyen Oanh ,Go Vap,10.83886351241477,106.67566625482782,26,36,1.0
2025-11-21 15:51:52,Le Hong Phong,Quan 10,10.765187049751795,106.67550552599073,23,36,1.0
2025-11-21 15:51:52,Nguyen Van Cu,Quan 5,10.759484371982321,106.6840537511244,15,27,1.0
2025-11-21 15:51:53,Nga tu Binh Phuoc,Ngoai o,10.865229381280965,106.72366973948475,32,49,1.0
2025-11-21 15:52:05,Phu My Hung ,Quan 7,10.72279213640514,106.72808623948244,25,37,0.999585
2025-11-21 15:52:18,Nguyen Thai Son,Phu Nhuan,10.823400120373712,106.68551227436063,19,31,1.0
2025-11-21 15:52:31,An Duong Vuong,Quan 8,10.756158554057757,106.66631758181126,23,30,1.0
2025-11-21 15:52:32,Huynh Tan Phat,Nha Be,10.7144382088356,106.73711688366167,24,35,1.0
2025-11-21 15:52:33,Truong Chinh,Tan Binh ,10.817236653231737,106.63191539530457,21,35,1.0
2025-11-21 15:54:46,Cho Ben Thanh,Quan 1,10.772727584493625,106.69804225297563,14,23,0.968292
2025-11-21 15:54:59,Duong Nguyen Hue,Quan 1,10.774028664434528,106.70357076461706,23,29,1.0
2025-11-21 15:55:00,Nguyen Van Linh,Quan 7,10.752616652291238,106.72509685338922,29,39,1.0
2025-11-21 15:55:01,Vo Van Kiet,Quan 5,10.745754766198267,106.65326266831877,42,42,1.0
2025-11-21 15:55:02,Xa lo Ha Noi,QL1A,10.94927106740351,106.87196348224562,28,41,1.0
2025-11-21 15:55:03,Duong Dien Bien Phu,Quan 1,10.78866360854368,106.69551372228901,32,42,1.0
2025-11-21 15:55:03,Nga tu Hang Xanh,Binh Thanh,10.801406421807085,106.71148440879679,32,42,1.0
2025-11-21 15:55:16,Nga tu An Suong,Hoc Mon,10.843150534972033,106.6151343241409,20,35,1.0
2025-11-21 15:55:17,Ben xe Mien Dong,Quan 9,10.880537767027526,106.81481342866444,39,53,1.0
2025-11-21 15:55:18,Ben xe Mien Tay,Binh Tan,10.740840166521663,106.61899246873142,26,35,1.0
2025-11-21 15:55:19,Cau Sai Gon,Quan 2 ,10.798986343749618,106.72697056646841,45,45,1.0
2025-11-21 15:55:20,Cau Phu My,Q2,10.741860769464234,106.73790365482627,45,45,1.0
2025-11-21 15:55:21,Cau Kenh Te,Q4,10.752408891679814,106.7022703818112,21,33,1.0
2025-11-21 15:55:22,Cau Thu Thiem,Quan 2,10.786216596454727,106.71836665482695,40,40,1.0
2025-11-21 15:55:23,Nguyen Huu Canh,Binh Thanh,10.78948793356203,106.71518838181179,36,36,1.0
2025-11-21 15:55:24,Cong Hoa,Tan Binh,10.80223925742187,106.6478722259914,28,41,1.0
2025-11-21 15:55:25,Truong Son / Tan Son Nhat Blvd,Gan san bay,10.813928881466124,106.66511432455972,19,34,1.0
2025-11-21 15:55:26,Nguyen Trai,Quan 5,10.755608615763382,106.67347943578082,16,28,1.0
2025-11-21 15:55:26,Le Duan,Quan 1,10.782680856341083,106.70051548181169,15,30,1.0
2025-11-21 15:55:27,Tran Hung Dao ,Quan 5,10.754895139302109,106.67839188181134,20,32,1.0
2025-11-21 15:55:28,Tran Quoc Thao,Quan 3,10.785070445194592,106.68331340921323,13,27,1.0
2025-11-21 15:55:33,Tran Hung Dao,Quan 5,10.7549373008113,106.67848844133415,21,34,1.0
2025-11-21 15:55:34,Cach Mang Thang 8 (CMT8),Quan 3,10.77898143649726,106.67684447140958,23,34,1.0
2025-11-21 15:55:35,Pham Ngu Lao / Bui Vien,Quan 1,10.767112828386699,106.6927618222887,14,20,1.0
2025-11-21 15:55:36,Nguyen Thi Minh Khai,Quan 3,10.77847212665258,106.69389510879643,28,41,1.0
2025-11-21 15:55:37,Nguyen Van Troi,Phu Nhuan,10.796057790235078,106.67492629345334,19,34,1.0
2025-11-21 15:55:38,Pham Van Dong,Go Vap,10.835298215641501,106.72935479345391,35,42,0.998829
2025-11-21 15:55:46,Cong truong lam son,Quan 1,10.777562007197462,106.7041335430398,16,30,1.0
2025-11-21 15:55:47,Nguyen Oanh ,Go Vap,10.83886351241477,106.67566625482782,26,36,1.0
2025-11-21 15:55:48,Le Hong Phong,Quan 10,10.765187049751795,106.67550552599073,20,35,1.0
2025-11-21 15:55:49,Nguyen Van Cu,Quan 5,10.759484371982321,106.6840537511244,16,28,0.998935
2025-11-21 15:55:50,Nga tu Binh Phuoc,Ngoai o,10.865229381280965,106.72366973948475,33,49,1.0
2025-11-21 15:55:51,Phu My Hung ,Quan 7,10.72279213640514,106.72808623948244,25,37,0.998887
2025-11-21 15:55:58,Nguyen Thai Son,Phu Nhuan,10.823400120373712,106.68551227436063,22,31,1.0
2025-11-21 15:55:59,An Duong Vuong,Quan 8,10.756158554057757,106.66631758181126,24,29,1.0
2025-11-21 15:56:00,Huynh Tan Phat,Nha Be,10.7144382088356,106.73711688366167,25,35,1.0
2025-11-21 15:56:01,Truong Chinh,Tan Binh ,10.817236653231737,106.63191539530457,21,35,1.0
2025-11-21 15:58:13,Cho Ben Thanh,Quan 1,10.772727584493625,106.69804225297563,15,22,0.968292
2025-11-21 15:58:14,Duong Nguyen Hue,Quan 1,10.774028664434528,106.70357076461706,20,28,1.0
2025-11-21 15:58:15,Nguyen Van Linh,Quan 7,10.752616652291238,106.72509685338922,32,39,1.0
2025-11-21 15:58:16,Vo Van Kiet,Quan 5,10.745754766198267,106.65326266831877,36,43,0.999762
2025-11-21 15:58:16,Xa lo Ha Noi,QL1A,10.94927106740351,106.87196348224562,31,41,1.0
2025-11-21 15:58:17,Duong Dien Bien Phu,Quan 1,10.78866360854368,106.69551372228901,31,42,1.0
2025-11-21 15:58:18,Nga tu Hang Xanh,Binh Thanh,10.801406421807085,106.71148440879679,31,42,1.0
2025-11-21 15:58:19,Nga tu An Suong,Hoc Mon,10.843150534972033,106.6151343241409,23,35,1.0
2025-11-21 15:58:20,Ben xe Mien Dong,Quan 9,10.880537767027526,106.81481342866444,41,53,1.0
2025-11-21 15:58:21,Ben xe Mien Tay,Binh Tan,10.740840166521663,106.61899246873142,27,35,1.0
2025-11-21 15:58:33,Cau Sai Gon,Quan 2 ,10.798986343749618,106.72697056646841,45,45,1.0
2025-11-21 15:58:34,Cau Phu My,Q2,10.741860769464234,106.73790365482627,39,44,1.0
2025-11-21 15:58:35,Cau Kenh Te,Q4,10.752408891679814,106.7022703818112,22,34,1.0
2025-11-21 15:58:36,Cau Thu Thiem,Quan 2,10.786216596454727,106.71836665482695,40,40,1.0
2025-11-21 15:58:37,Nguyen Huu Canh,Binh Thanh,10.78948793356203,106.71518838181179,36,36,1.0
2025-11-21 15:58:38,Cong Hoa,Tan Binh,10.80223925742187,106.6478722259914,26,40,1.0
2025-11-21 15:58:50,Truong Son / Tan Son Nhat Blvd,Gan san bay,10.813928881466124,106.66511432455972,19,34,1.0
2025-11-21 15:58:51,Nguyen Trai,Quan 5,10.755608615763382,106.67347943578082,15,28,1.0
2025-11-21 15:58:51,Le Duan,Quan 1,10.782680856341083,106.70051548181169,16,31,1.0
2025-11-21 15:58:52,Tran Hung Dao ,Quan 5,10.754895139302109,106.67839188181134,20,33,1.0
2025-11-21 15:58:53,Tran Quoc Thao,Quan 3,10.785070445194592,106.68331340921323,15,28,1.0
2025-11-21 15:58:54,Tran Hung Dao,Quan 5,10.7549373008113,106.67848844133415,20,33,1.0
2025-11-21 15:59:02,Cach Mang Thang 8 (CMT8),Quan 3,10.77898143649726,106.67684447140958,24,35,1.0
2025-11-21 15:59:02,Pham Ngu Lao / Bui Vien,Quan 1,10.767112828386699,106.6927618222887,20,20,1.0
2025-11-21 15:59:03,Nguyen Thi Minh Khai,Quan 3,10.77847212665258,106.69389510879643,28,41,1.0
2025-11-21 15:59:04,Nguyen Van Troi,Phu Nhuan,10.796057790235078,106.67492629345334,19,34,1.0
2025-11-21 15:59:05,Pham Van Dong,Go Vap,10.835298215641501,106.72935479345391,35,42,0.998553
2025-11-21 15:59:06,Cong truong lam son,Quan 1,10.777562007197462,106.7041335430398,16,31,1.0
2025-11-21 15:59:18,Nguyen Oanh ,Go Vap,10.83886351241477,106.67566625482782,24,36,1.0
2025-11-21 15:59:19,Le Hong Phong,Quan 10,10.765187049751795,106.67550552599073,25,35,1.0
2025-11-21 15:59:20,Nguyen Van Cu,Quan 5,10.759484371982321,106.6840537511244,15,28,1.0
2025-11-21 15:59:21,Nga tu Binh Phuoc,Ngoai o,10.865229381280965,106.72366973948475,34,49,1.0
2025-11-21 15:59:22,Phu My Hung ,Quan 7,10.72279213640514,106.72808623948244,23,37,0.998396
2025-11-21 15:59:23,Nguyen Thai Son,Phu Nhuan,10.823400120373712,106.68551227436063,24,31,1.0
2025-11-21 15:59:35,An Duong Vuong,Quan 8,10.756158554057757,106.66631758181126,20,29,1.0
2025-11-21 15:59:47,Huynh Tan Phat,Nha Be,10.7144382088356,106.73711688366167,23,35,1.0
2025-11-21 15:59:58,Truong Chinh,Tan Binh ,10.817236653231737,106.63191539530457,22,35,1.0
2025-11-21 16:02:10,Cho Ben Thanh,Quan 1,10.772727584493625,106.69804225297563,14,22,0.968292
2025-11-21 16:02:22,Duong Nguyen Hue,Quan 1,10.774028664434528,106.70357076461706,19,29,1.0
2025-11-21 16:02:23,Nguyen Van Linh,Quan 7,10.752616652291238,106.72509685338922,34,42,1.0
2025-11-21 16:02:24,Vo Van Kiet,Quan 5,10.745754766198267,106.65326266831877,42,42,1.0
2025-11-21 16:02:25,Xa lo Ha Noi,QL1A,10.94927106740351,106.87196348224562,30,42,1.0
2025-11-21 16:02:26,Duong Dien Bien Phu,Quan 1,10.78866360854368,106.69551372228901,32,41,1.0
2025-11-21 16:02:27,Nga tu Hang Xanh,Binh Thanh,10.801406421807085,106.71148440879679,32,41,1.0
2025-11-21 16:02:39,Nga tu An Suong,Hoc Mon,10.843150534972033,106.6151343241409,23,35,1.0
2025-11-21 16:02:51,Ben xe Mien Dong,Quan 9,10.880537767027526,106.81481342866444,40,53,1.0
2025-11-21 16:02:52,Ben xe Mien Tay,Binh Tan,10.740840166521663,106.61899246873142,26,36,1.0
2025-11-21 16:02:53,Cau Sai Gon,Quan 2 ,10.798986343749618,106.72697056646841,45,45,1.0
2025-11-21 16:02:54,Cau Phu My,Q2,10.741860769464234,106.73790365482627,39,44,1.0
2025-11-21 16:02:55,Cau Kenh Te,Q4,10.752408891679814,106.7022703818112,22,34,1.0
2025-11-21 16:02:56,Cau Thu Thiem,Quan 2,10.786216596454727,106.71836665482695,40,40,1.0
2025-11-21 16:03:08,Nguyen Huu Canh,Binh Thanh,10.78948793356203,106.71518838181179,36,36,1.0
2025-11-21 16:03:20,Cong Hoa,Tan Binh,10.80223925742187,106.6478722259914,31,40,1.0
2025-11-21 16:03:20,Truong Son / Tan Son Nhat Blvd,Gan san bay,10.813928881466124,106.66511432455972,18,34,1.0
2025-11-21 16:03:21,Nguyen Trai,Quan 5,10.755608615763382,106.67347943578082,16,27,1.0
2025-11-21 16:03:22,Le Duan,Quan 1,10.782680856341083,106.70051548181169,17,30,1.0
2025-11-21 16:03:23,Tran Hung Dao ,Quan 5,10.754895139302109,106.67839188181134,20,33,1.0
2025-11-21 16:03:34,Tran Quoc Thao,Quan 3,10.785070445194592,106.68331340921323,14,27,1.0
2025-11-21 16:03:35,Tran Hung Dao,Quan 5,10.7549373008113,106.67848844133415,20,33,1.0
2025-11-21 16:03:36,Cach Mang Thang 8 (CMT8),Quan 3,10.77898143649726,106.67684447140958,24,34,1.0
2025-11-21 16:03:37,Pham Ngu Lao / Bui Vien,Quan 1,10.767112828386699,106.6927618222887,20,20,1.0
2025-11-21 16:03:38,Nguyen Thi Minh Khai,Quan 3,10.77847212665258,106.69389510879643,28,41,1.0
2025-11-21 16:03:38,Nguyen Van Troi,Phu Nhuan,10.796057790235078,106.67492629345334,20,34,1.0
2025-11-21 16:03:50,Pham Van Dong,Go Vap,10.835298215641501,106.72935479345391,35,42,0.997496
2025-11-21 16:04:02,Cong truong lam son,Quan 1,10.777562007197462,106.7041335430398,17,30,1.0
2025-11-21 16:04:03,Nguyen Oanh ,Go Vap,10.83886351241477,106.67566625482782,26,36,1.0
2025-11-21 16:04:04,Le Hong Phong,Quan 10,10.765187049751795,106.67550552599073,23,36,1.0
2025-11-21 16:04:05,Nguyen Van Cu,Quan 5,10.759484371982321,106.6840537511244,15,27,1.0
2025-11-21 16:04:06,Nga tu Binh Phuoc,Ngoai o,10.865229381280965,106.72366973948475,33,49,1.0
2025-11-21 16:04:07,Phu My Hung ,Quan 7,10.72279213640514,106.72808623948244,24,37,0.997048
2025-11-21 16:04:08,Nguyen Thai Son,Phu Nhuan,10.823400120373712,106.68551227436063,21,31,1.0
2025-11-21 16:04:20,An Duong Vuong,Quan 8,10.756158554057757,106.66631758181126,22,29,1.0
2025-11-21 16:04:21,Huynh Tan Phat,Nha Be,10.7144382088356,106.73711688366167,24,35,1.0
2025-11-21 16:04:32,Truong Chinh,Tan Binh ,10.817236653231737,106.63191539530457,22,35,1.0
2025-11-21 16:06:44,Cho Ben Thanh,Quan 1,10.772727584493625,106.69804225297563,14,22,0.968292
2025-11-21 16:06:56,Duong Nguyen Hue,Quan 1,10.774028664434528,106.70357076461706,14,27,1.0
2025-11-21 16:06:57,Nguyen Van Linh,Quan 7,10.752616652291238,106.72509685338922,39,39,1.0
2025-11-21 16:06:58,Vo Van Kiet,Quan 5,10.745754766198267,106.65326266831877,36,43,1.0
2025-11-21 16:06:59,Xa lo Ha Noi,QL1A,10.94927106740351,106.87196348224562,31,41,1.0
2025-11-21 16:07:00,Duong Dien Bien Phu,Quan 1,10.78866360854368,106.69551372228901,34,42,1.0
2025-11-21 16:07:01,Nga tu Hang Xanh,Binh Thanh,10.801406421807085,106.71148440879679,34,42,1.0
2025-11-21 16:07:12,Nga tu An Suong,Hoc Mon,10.843150534972033,106.6151343241409,22,35,1.0
2025-11-21 16:07:24,Ben xe Mien Dong,Quan 9,10.880537767027526,106.81481342866444,39,54,1.0
2025-11-21 16:07:36,Ben xe Mien Tay,Binh Tan,10.740840166521663,106.61899246873142,25,35,1.0
2025-11-21 16:07:37,Cau Sai Gon,Quan 2 ,10.798986343749618,106.72697056646841,45,45,1.0
2025-11-21 16:07:38,Cau Phu My,Q2,10.741860769464234,106.73790365482627,38,44,1.0
2025-11-21 16:07:39,Cau Kenh Te,Q4,10.752408891679814,106.7022703818112,21,33,1.0
2025-11-21 16:07:40,Cau Thu Thiem,Quan 2,10.786216596454727,106.71836665482695,40,40,1.0
2025-11-21 16:07:41,Nguyen Huu Canh,Binh Thanh,10.78948793356203,106.71518838181179,29,36,1.0
2025-11-21 16:07:53,Cong Hoa,Tan Binh,10.80223925742187,106.6478722259914,29,40,1.0
2025-11-21 16:08:05,Truong Son / Tan Son Nhat Blvd,Gan san bay,10.813928881466124,106.66511432455972,17,34,1.0
2025-11-21 16:08:17,Nguyen Trai,Quan 5,10.755608615763382,106.67347943578082,17,28,0.998943
2025-11-21 16:08:18,Le Duan,Quan 1,10.782680856341083,106.70051548181169,17,30,1.0
2025-11-21 16:08:18,Tran Hung Dao ,Quan 5,10.754895139302109,106.67839188181134,19,32,1.0
2025-11-21 16:08:19,Tran Quoc Thao,Quan 3,10.785070445194592,106.68331340921323,12,27,1.0
2025-11-21 16:08:31,Tran Hung Dao,Quan 5,10.7549373008113,106.67848844133415,19,32,1.0
2025-11-21 16:08:32,Cach Mang Thang 8 (CMT8),Quan 3,10.77898143649726,106.67684447140958,25,34,1.0
2025-11-21 16:08:33,Pham Ngu Lao / Bui Vien,Quan 1,10.767112828386699,106.6927618222887,13,20,1.0
2025-11-21 16:08:34,Nguyen Thi Minh Khai,Quan 3,10.77847212665258,106.69389510879643,27,41,1.0
2025-11-21 16:08:35,Nguyen Van Troi,Phu Nhuan,10.796057790235078,106.67492629345334,17,34,1.0
2025-11-21 16:08:36,Pham Van Dong,Go Vap,10.835298215641501,106.72935479345391,36,42,0.997419
2025-11-21 16:08:37,Cong truong lam son,Quan 1,10.777562007197462,106.7041335430398,17,30,1.0
2025-11-21 16:08:48,Nguyen Oanh ,Go Vap,10.83886351241477,106.67566625482782,27,36,1.0
2025-11-21 16:09:00,Le Hong Phong,Quan 10,10.765187049751795,106.67550552599073,24,35,1.0
2025-11-21 16:09:12,Nguyen Van Cu,Quan 5,10.759484371982321,106.6840537511244,19,28,1.0
2025-11-21 16:09:13,Nga tu Binh Phuoc,Ngoai o,10.865229381280965,106.72366973948475,33,49,1.0
2025-11-21 16:09:14,Phu My Hung ,Quan 7,10.72279213640514,106.72808623948244,24,37,0.996475
2025-11-21 16:09:15,Nguyen Thai Son,Phu Nhuan,10.823400120373712,106.68551227436063,22,31,1.0
2025-11-21 16:09:26,An Duong Vuong,Quan 8,10.756158554057757,106.66631758181126,19,30,1.0
2025-11-21 16:09:38,Huynh Tan Phat,Nha Be,10.7144382088356,106.73711688366167,25,35,1.0
2025-11-21 16:09:50,Truong Chinh,Tan Binh ,10.817236653231737,106.63191539530457,22,35,1.0
2025-11-21 16:12:02,Cho Ben Thanh,Quan 1,10.772727584493625,106.69804225297563,15,22,0.968292
2025-11-21 16:12:14,Duong Nguyen Hue,Quan 1,10.774028664434528,106.70357076461706,29,29,1.0
2025-11-21 16:12:15,Nguyen Van Linh,Quan 7,10.752616652291238,106.72509685338922,29,39,1.0
2025-11-21 16:12:16,Vo Van Kiet,Quan 5,10.745754766198267,106.65326266831877,37,43,1.0
2025-11-21 16:12:16,Xa lo Ha Noi,QL1A,10.94927106740351,106.87196348224562,28,41,1.0
2025-11-21 16:12:17,Duong Dien Bien Phu,Quan 1,10.78866360854368,106.69551372228901,33,41,1.0
2025-11-21 16:12:18,Nga tu Hang Xanh,Binh Thanh,10.801406421807085,106.71148440879679,33,41,1.0
2025-11-21 16:12:19,Nga tu An Suong,Hoc Mon,10.843150534972033,106.6151343241409,21,35,1.0
2025-11-21 16:12:26,Ben xe Mien Dong,Quan 9,10.880537767027526,106.81481342866444,40,54,1.0
2025-11-21 16:12:38,Ben xe Mien Tay,Binh Tan,10.740840166521663,106.61899246873142,25,35,1.0
2025-11-21 16:12:50,Cau Sai Gon,Quan 2 ,10.798986343749618,106.72697056646841,45,45,1.0
2025-11-21 16:13:02,Cau Phu My,Q2,10.741860769464234,106.73790365482627,45,45,1.0
2025-11-21 16:13:03,Cau Kenh Te,Q4,10.752408891679814,106.7022703818112,23,34,1.0
2025-11-21 16:13:04,Cau Thu Thiem,Quan 2,10.786216596454727,106.71836665482695,40,40,1.0
2025-11-21 16:13:04,Nguyen Huu Canh,Binh Thanh,10.78948793356203,106.71518838181179,28,36,1.0
2025-11-21 16:13:05,Cong Hoa,Tan Binh,10.80223925742187,106.6478722259914,25,40,1.0
2025-11-21 16:13:06,Truong Son / Tan Son Nhat Blvd,Gan san bay,10.813928881466124,106.66511432455972,18,34,1.0
2025-11-21 16:13:18,Nguyen Trai,Quan 5,10.755608615763382,106.67347943578082,17,28,1.0
2025-11-21 16:13:30,Le Duan,Quan 1,10.782680856341083,106.70051548181169,16,30,1.0
2025-11-21 16:13:42,Tran Hung Dao ,Quan 5,10.754895139302109,106.67839188181134,19,32,1.0
2025-11-21 16:13:43,Tran Quoc Thao,Quan 3,10.785070445194592,106.68331340921323,12,29,1.0
2025-11-21 16:13:43,Tran Hung Dao,Quan 5,10.7549373008113,106.67848844133415,19,32,1.0
2025-11-21 16:13:44,Cach Mang Thang 8 (CMT8),Quan 3,10.77898143649726,106.67684447140958,23,34,1.0
2025-11-21 16:13:45,Pham Ngu Lao / Bui Vien,Quan 1,10.767112828386699,106.6927618222887,15,20,1.0
2025-11-21 16:13:46,Nguyen Thi Minh Khai,Quan 3,10.77847212665258,106.69389510879643,29,42,1.0
2025-11-21 16:13:58,Nguyen Van Troi,Phu Nhuan,10.796057790235078,106.67492629345334,18,34,1.0
2025-11-21 16:14:10,Pham Van Dong,Go Vap,10.835298215641501,106.72935479345391,35,42,0.995092
2025-11-21 16:14:22,Cong truong lam son,Quan 1,10.777562007197462,106.7041335430398,16,29,1.0
2025-11-21 16:14:34,Nguyen Oanh ,Go Vap,10.83886351241477,106.67566625482782,27,36,1.0
2025-11-21 16:14:46,Le Hong Phong,Quan 10,10.765187049751795,106.67550552599073,23,36,1.0
2025-11-21 16:14:58,Nguyen Van Cu,Quan 5,10.759484371982321,106.6840537511244,15,28,0.998947
2025-11-21 16:14:59,Nga tu Binh Phuoc,Ngoai o,10.865229381280965,106.72366973948475,32,49,1.0
2025-11-21 16:15:00,Phu My Hung ,Quan 7,10.72279213640514,106.72808623948244,24,37,0.998679
2025-11-21 16:15:01,Nguyen Thai Son,Phu Nhuan,10.823400120373712,106.68551227436063,22,32,1.0
2025-11-21 16:15:02,An Duong Vuong,Quan 8,10.756158554057757,106.66631758181126,21,30,1.0
2025-11-21 16:15:03,Huynh Tan Phat,Nha Be,10.7144382088356,106.73711688366167,24,35,1.0
2025-11-21 16:15:10,Truong Chinh,Tan Binh ,10.817236653231737,106.63191539530457,23,35,1.0
2025-11-21 16:17:22,Cho Ben Thanh,Quan 1,10.772727584493625,106.69804225297563,13,22,0.968292
2025-11-21 16:17:23,Duong Nguyen Hue,Quan 1,10.774028664434528,106.70357076461706,20,28,1.0
2025-11-21 16:17:24,Nguyen Van Linh,Quan 7,10.752616652291238,106.72509685338922,30,39,1.0
2025-11-21 16:17:25,Vo Van Kiet,Quan 5,10.745754766198267,106.65326266831877,36,42,1.0
2025-11-21 16:17:26,Xa lo Ha Noi,QL1A,10.94927106740351,106.87196348224562,29,40,1.0
2025-11-21 16:17:27,Duong Dien Bien Phu,Quan 1,10.78866360854368,106.69551372228901,32,41,1.0
2025-11-21 16:17:39,Nga tu Hang Xanh,Binh Thanh,10.801406421807085,106.71148440879679,32,41,1.0
2025-11-21 16:17:51,Nga tu An Suong,Hoc Mon,10.843150534972033,106.6151343241409,21,35,1.0
2025-11-21 16:17:52,Ben xe Mien Dong,Quan 9,10.880537767027526,106.81481342866444,41,53,1.0
2025-11-21 16:17:53,Ben xe Mien Tay,Binh Tan,10.740840166521663,106.61899246873142,25,35,1.0
2025-11-21 16:18:05,Cau Sai Gon,Quan 2 ,10.798986343749618,106.72697056646841,45,45,1.0
2025-11-21 16:18:06,Cau Phu My,Q2,10.741860769464234,106.73790365482627,45,45,1.0
2025-11-21 16:18:06,Cau Kenh Te,Q4,10.752408891679814,106.7022703818112,23,33,1.0
2025-11-21 16:18:07,Cau Thu Thiem,Quan 2,10.786216596454727,106.71836665482695,37,40,1.0
2025-11-21 16:18:08,Nguyen Huu Canh,Binh Thanh,10.78948793356203,106.71518838181179,36,36,1.0
2025-11-21 16:18:20,Cong Hoa,Tan Binh,10.80223925742187,106.6478722259914,26,41,1.0
2025-11-21 16:18:32,Truong Son / Tan Son Nhat Blvd,Gan san bay,10.813928881466124,106.66511432455972,17,34,0.999713
2025-11-21 16:18:44,Nguyen Trai,Quan 5,10.755608615763382,106.67347943578082,13,28,1.0
2025-11-21 16:18:45,Le Duan,Quan 1,10.782680856341083,106.70051548181169,15,30,1.0
2025-11-21 16:18:46,Tran Hung Dao ,Quan 5,10.754895139302109,106.67839188181134,19,33,1.0
2025-11-21 16:18:47,Tran Quoc Thao,Quan 3,10.785070445194592,106.68331340921323,14,28,1.0
2025-11-21 16:18:48,Tran Hung Dao,Quan 5,10.7549373008113,106.67848844133415,19,33,1.0
2025-11-21 16:18:48,Cach Mang Thang 8 (CMT8),Quan 3,10.77898143649726,106.67684447140958,21,34,1.0
2025-11-21 16:18:49,Pham Ngu Lao / Bui Vien,Quan 1,10.767112828386699,106.6927618222887,13,20,1.0
2025-11-21 16:18:50,Nguyen Thi Minh Khai,Quan 3,10.77847212665258,106.69389510879643,28,42,1.0
2025-11-21 16:18:51,Nguyen Van Troi,Phu Nhuan,10.796057790235078,106.67492629345334,17,34,0.999713
2025-11-21 16:18:52,Pham Van Dong,Go Vap,10.835298215641501,106.72935479345391,37,42,0.995024
2025-11-21 16:18:53,Cong truong lam son,Quan 1,10.777562007197462,106.7041335430398,15,30,1.0
2025-11-21 16:18:54,Nguyen Oanh ,Go Vap,10.83886351241477,106.67566625482782,26,36,1.0
2025-11-21 16:19:06,Le Hong Phong,Quan 10,10.765187049751795,106.67550552599073,22,35,1.0
2025-11-21 16:19:18,Nguyen Van Cu,Quan 5,10.759484371982321,106.6840537511244,13,28,1.0
2025-11-21 16:19:30,Nga tu Binh Phuoc,Ngoai o,10.865229381280965,106.72366973948475,32,49,1.0
2025-11-21 16:19:31,Phu My Hung ,Quan 7,10.72279213640514,106.72808623948244,23,37,0.998591
2025-11-21 16:19:31,Nguyen Thai Son,Phu Nhuan,10.823400120373712,106.68551227436063,23,31,1.0
2025-11-21 16:19:32,An Duong Vuong,Quan 8,10.756158554057757,106.66631758181126,17,28,1.0
2025-11-21 16:19:33,Huynh Tan Phat,Nha Be,10.7144382088356,106.73711688366167,24,35,1.0
2025-11-21 16:19:34,Truong Chinh,Tan Binh ,10.817236653231737,106.63191539530457,20,35,1.0
2025-11-21 16:21:46,Cho Ben Thanh,Quan 1,10.772727584493625,106.69804225297563,14,23,0.968292
2025-11-21 16:21:47,Duong Nguyen Hue,Quan 1,10.774028664434528,106.70357076461706,22,28,1.0
2025-11-21 16:21:48,Nguyen Van Linh,Quan 7,10.752616652291238,106.72509685338922,29,39,1.0
2025-11-21 16:21:48,Vo Van Kiet,Quan 5,10.745754766198267,106.65326266831877,37,43,1.0
2025-11-21 16:21:49,Xa lo Ha Noi,QL1A,10.94927106740351,106.87196348224562,31,41,1.0
2025-11-21 16:21:50,Duong Dien Bien Phu,Quan 1,10.78866360854368,106.69551372228901,33,42,1.0
2025-11-21 16:21:51,Nga tu Hang Xanh,Binh Thanh,10.801406421807085,106.71148440879679,33,42,1.0
2025-11-21 16:22:03,Nga tu An Suong,Hoc Mon,10.843150534972033,106.6151343241409,21,35,1.0
2025-11-21 16:22:04,Ben xe Mien Dong,Quan 9,10.880537767027526,106.81481342866444,41,53,1.0
2025-11-21 16:22:26,Ben xe Mien Tay,Binh Tan,10.740840166521663,106.61899246873142,25,36,1.0
2025-11-21 16:22:39,Cau Sai Gon,Quan 2 ,10.798986343749618,106.72697056646841,45,45,1.0
2025-11-21 16:22:52,Cau Phu My,Q2,10.741860769464234,106.73790365482627,45,45,1.0
2025-11-21 16:22:53,Cau Kenh Te,Q4,10.752408891679814,106.7022703818112,21,34,1.0
2025-11-21 16:22:53,Cau Thu Thiem,Quan 2,10.786216596454727,106.71836665482695,40,40,1.0
2025-11-21 16:22:54,Nguyen Huu Canh,Binh Thanh,10.78948793356203,106.71518838181179,22,35,1.0
2025-11-21 16:22:55,Cong Hoa,Tan Binh,10.80223925742187,106.6478722259914,26,41,1.0
2025-11-21 16:22:56,Truong Son / Tan Son Nhat Blvd,Gan san bay,10.813928881466124,106.66511432455972,17,33,1.0
2025-11-21 16:23:05,Nguyen Trai,Quan 5,10.755608615763382,106.67347943578082,14,27,1.0
2025-11-21 16:23:18,Le Duan,Quan 1,10.782680856341083,106.70051548181169,15,29,1.0
2025-11-21 16:23:31,Tran Hung Dao ,Quan 5,10.754895139302109,106.67839188181134,19,33,1.0
2025-11-21 16:23:44,Tran Quoc Thao,Quan 3,10.785070445194592,106.68331340921323,13,28,1.0
2025-11-21 16:23:56,Tran Hung Dao,Quan 5,10.7549373008113,106.67848844133415,18,32,1.0
2025-11-21 16:24:09,Cach Mang Thang 8 (CMT8),Quan 3,10.77898143649726,106.67684447140958,22,34,1.0
2025-11-21 16:24:10,Pham Ngu Lao / Bui Vien,Quan 1,10.767112828386699,106.6927618222887,11,20,1.0
2025-11-21 16:24:11,Nguyen Thi Minh Khai,Quan 3,10.77847212665258,106.69389510879643,28,41,1.0
2025-11-21 16:24:12,Nguyen Van Troi,Phu Nhuan,10.796057790235078,106.67492629345334,18,33,1.0
2025-11-21 16:24:13,Pham Van Dong,Go Vap,10.835298215641501,106.72935479345391,34,42,0.996041
2025-11-21 16:24:14,Cong truong lam son,Quan 1,10.777562007197462,106.7041335430398,16,30,1.0
2025-11-21 16:24:15,Nguyen Oanh ,Go Vap,10.83886351241477,106.67566625482782,25,36,1.0
2025-11-21 16:24:16,Le Hong Phong,Quan 10,10.765187049751795,106.67550552599073,23,35,1.0
2025-11-21 16:24:17,Nguyen Van Cu,Quan 5,10.759484371982321,106.6840537511244,16,27,1.0
2025-11-21 16:24:17,Nga tu Binh Phuoc,Ngoai o,10.865229381280965,106.72366973948475,32,49,1.0
2025-11-21 16:24:18,Phu My Hung ,Quan 7,10.72279213640514,106.72808623948244,23,37,0.998476
2025-11-21 16:24:19,Nguyen Thai Son,Phu Nhuan,10.823400120373712,106.68551227436063,21,31,1.0
2025-11-21 16:24:20,An Duong Vuong,Quan 8,10.756158554057757,106.66631758181126,21,28,1.0
2025-11-21 16:24:27,Huynh Tan Phat,Nha Be,10.7144382088356,106.73711688366167,23,35,1.0
2025-11-21 16:24:40,Truong Chinh,Tan Binh ,10.817236653231737,106.63191539530457,22,35,1.0
2025-11-21 16:26:52,Cho Ben Thanh,Quan 1,10.772727584493625,106.69804225297563,14,23,0.968292
2025-11-21 16:26:53,Duong Nguyen Hue,Quan 1,10.774028664434528,106.70357076461706,19,28,1.0
2025-11-21 16:26:53,Nguyen Van Linh,Quan 7,10.752616652291238,106.72509685338922,37,42,1.0
2025-11-21 16:26:54,Vo Van Kiet,Quan 5,10.745754766198267,106.65326266831877,36,43,1.0
2025-11-21 16:26:55,Xa lo Ha Noi,QL1A,10.94927106740351,106.87196348224562,29,41,1.0
2025-11-21 16:26:56,Duong Dien Bien Phu,Quan 1,10.78866360854368,106.69551372228901,31,41,1.0
2025-11-21 16:27:08,Nga tu Hang Xanh,Binh Thanh,10.801406421807085,106.71148440879679,31,41,1.0
2025-11-21 16:27:09,Nga tu An Suong,Hoc Mon,10.843150534972033,106.6151343241409,20,35,1.0
2025-11-21 16:27:10,Ben xe Mien Dong,Quan 9,10.880537767027526,106.81481342866444,40,54,1.0
2025-11-21 16:27:11,Ben xe Mien Tay,Binh Tan,10.740840166521663,106.61899246873142,24,35,1.0
2025-11-21 16:27:21,Cau Sai Gon,Quan 2 ,10.798986343749618,106.72697056646841,45,45,1.0
2025-11-21 16:27:22,Cau Phu My,Q2,10.741860769464234,106.73790365482627,45,45,1.0
2025-11-21 16:27:23,Cau Kenh Te,Q4,10.752408891679814,106.7022703818112,21,34,1.0
2025-11-21 16:27:24,Cau Thu Thiem,Quan 2,10.786216596454727,106.71836665482695,40,40,1.0
2025-11-21 16:27:25,Nguyen Huu Canh,Binh Thanh,10.78948793356203,106.71518838181179,36,36,1.0
2025-11-21 16:27:33,Cong Hoa,Tan Binh,10.80223925742187,106.6478722259914,29,41,1.0
2025-11-21 16:27:34,Truong Son / Tan Son Nhat Blvd,Gan san bay,10.813928881466124,106.66511432455972,18,33,1.0
2025-11-21 16:27:34,Nguyen Trai,Quan 5,10.755608615763382,106.67347943578082,15,27,1.0
2025-11-21 16:27:35,Le Duan,Quan 1,10.782680856341083,106.70051548181169,16,30,1.0
2025-11-21 16:27:47,Tran Hung Dao ,Quan 5,10.754895139302109,106.67839188181134,18,32,1.0
2025-11-21 16:27:59,Tran Quoc Thao,Quan 3,10.785070445194592,106.68331340921323,12,27,1.0
2025-11-21 16:28:00,Tran Hung Dao,Quan 5,10.7549373008113,106.67848844133415,18,32,1.0
2025-11-21 16:28:01,Cach Mang Thang 8 (CMT8),Quan 3,10.77898143649726,106.67684447140958,22,35,1.0
2025-11-21 16:28:02,Pham Ngu Lao / Bui Vien,Quan 1,10.767112828386699,106.6927618222887,12,20,1.0
2025-11-21 16:28:03,Nguyen Thi Minh Khai,Quan 3,10.77847212665258,106.69389510879643,28,41,1.0
2025-11-21 16:28:04,Nguyen Van Troi,Phu Nhuan,10.796057790235078,106.67492629345334,18,33,1.0
2025-11-21 16:28:04,Pham Van Dong,Go Vap,10.835298215641501,106.72935479345391,34,42,0.99731
2025-11-21 16:28:05,Cong truong lam son,Quan 1,10.777562007197462,106.7041335430398,16,30,1.0
2025-11-21 16:28:17,Nguyen Oanh ,Go Vap,10.83886351241477,106.67566625482782,25,36,1.0
2025-11-21 16:28:29,Le Hong Phong,Quan 10,10.765187049751795,106.67550552599073,24,36,1.0
2025-11-21 16:28:30,Nguyen Van Cu,Quan 5,10.759484371982321,106.6840537511244,15,27,1.0
2025-11-21 16:28:31,Nga tu Binh Phuoc,Ngoai o,10.865229381280965,106.72366973948475,32,49,1.0
2025-11-21 16:28:32,Phu My Hung ,Quan 7,10.72279213640514,106.72808623948244,22,37,0.998476
2025-11-21 16:28:33,Nguyen Thai Son,Phu Nhuan,10.823400120373712,106.68551227436063,23,32,1.0
2025-11-21 16:28:34,An Duong Vuong,Quan 8,10.756158554057757,106.66631758181126,19,30,1.0
2025-11-21 16:28:46,Huynh Tan Phat,Nha Be,10.7144382088356,106.73711688366167,22,35,1.0
2025-11-21 16:28:58,Truong Chinh,Tan Binh ,10.817236653231737,106.63191539530457,21,35,1.0
2025-11-21 16:30:59,Cho Ben Thanh,Quan 1,10.772727584493625,106.69804225297563,12,23,0.968292
2025-11-21 16:31:10,Duong Nguyen Hue,Quan 1,10.774028664434528,106.70357076461706,16,28,1.0
2025-11-21 16:31:22,Nguyen Van Linh,Quan 7,10.752616652291238,106.72509685338922,31,39,1.0
2025-11-21 16:31:23,Vo Van Kiet,Quan 5,10.745754766198267,106.65326266831877,36,42,1.0
2025-11-21 16:31:24,Xa lo Ha Noi,QL1A,10.94927106740351,106.87196348224562,29,41,1.0
2025-11-21 16:31:25,Duong Dien Bien Phu,Quan 1,10.78866360854368,106.69551372228901,32,42,1.0
2025-11-21 16:31:26,Nga tu Hang Xanh,Binh Thanh,10.801406421807085,106.71148440879679,32,42,1.0
2025-11-21 16:31:27,Nga tu An Suong,Hoc Mon,10.843150534972033,106.6151343241409,21,35,1.0
2025-11-21 16:31:27,Ben xe Mien Dong,Quan 9,10.880537767027526,106.81481342866444,40,53,1.0
2025-11-21 16:31:28,Ben xe Mien Tay,Binh Tan,10.740840166521663,106.61899246873142,23,35,1.0
2025-11-21 16:31:29,Cau Sai Gon,Quan 2 ,10.798986343749618,106.72697056646841,45,45,1.0
2025-11-21 16:31:30,Cau Phu My,Q2,10.741860769464234,106.73790365482627,45,45,1.0
2025-11-21 16:31:31,Cau Kenh Te,Q4,10.752408891679814,106.7022703818112,22,34,1.0
2025-11-21 16:31:32,Cau Thu Thiem,Quan 2,10.786216596454727,106.71836665482695,40,40,1.0
2025-11-21 16:31:34,Nguyen Huu Canh,Binh Thanh,10.78948793356203,106.71518838181179,36,36,1.0
2025-11-21 16:31:35,Cong Hoa,Tan Binh,10.80223925742187,106.6478722259914,26,41,1.0
2025-11-21 16:31:36,Truong Son / Tan Son Nhat Blvd,Gan san bay,10.813928881466124,106.66511432455972,18,34,1.0
2025-11-21 16:31:37,Nguyen Trai,Quan 5,10.755608615763382,106.67347943578082,14,26,1.0
2025-11-21 16:31:38,Le Duan,Quan 1,10.782680856341083,106.70051548181169,15,30,1.0
2025-11-21 16:31:49,Tran Hung Dao ,Quan 5,10.754895139302109,106.67839188181134,17,32,1.0
2025-11-21 16:31:50,Tran Quoc Thao,Quan 3,10.785070445194592,106.68331340921323,13,27,1.0
2025-11-21 16:31:51,Tran Hung Dao,Quan 5,10.7549373008113,106.67848844133415,17,32,1.0
2025-11-21 16:32:00,Cach Mang Thang 8 (CMT8),Quan 3,10.77898143649726,106.67684447140958,21,34,1.0
2025-11-21 16:32:01,Pham Ngu Lao / Bui Vien,Quan 1,10.767112828386699,106.6927618222887,13,19,1.0
2025-11-21 16:32:02,Nguyen Thi Minh Khai,Quan 3,10.77847212665258,106.69389510879643,28,41,1.0
2025-11-21 16:32:02,Nguyen Van Troi,Phu Nhuan,10.796057790235078,106.67492629345334,18,34,1.0
2025-11-21 16:32:03,Pham Van Dong,Go Vap,10.835298215641501,106.72935479345391,33,42,0.997662
2025-11-21 16:32:04,Cong truong lam son,Quan 1,10.777562007197462,106.7041335430398,15,30,1.0
2025-11-21 16:32:12,Nguyen Oanh ,Go Vap,10.83886351241477,106.67566625482782,24,36,1.0
2025-11-21 16:32:24,Le Hong Phong,Quan 10,10.765187049751795,106.67550552599073,19,36,1.0
2025-11-21 16:32:25,Nguyen Van Cu,Quan 5,10.759484371982321,106.6840537511244,16,28,1.0
2025-11-21 16:32:26,Nga tu Binh Phuoc,Ngoai o,10.865229381280965,106.72366973948475,32,49,1.0
2025-11-21 16:32:26,Phu My Hung ,Quan 7,10.72279213640514,106.72808623948244,21,37,0.998863
2025-11-21 16:32:27,Nguyen Thai Son,Phu Nhuan,10.823400120373712,106.68551227436063,21,32,1.0
2025-11-21 16:32:28,An Duong Vuong,Quan 8,10.756158554057757,106.66631758181126,19,28,1.0
2025-11-21 16:32:40,Huynh Tan Phat,Nha Be,10.7144382088356,106.73711688366167,22,35,1.0
2025-11-21 16:32:52,Truong Chinh,Tan Binh ,10.817236653231737,106.63191539530457,21,35,1.0
2025-11-21 16:35:04,Cho Ben Thanh,Quan 1,10.772727584493625,106.69804225297563,13,23,0.968292
2025-11-21 16:35:05,Duong Nguyen Hue,Quan 1,10.774028664434528,106.70357076461706,22,29,1.0
2025-11-21 16:35:06,Nguyen Van Linh,Quan 7,10.752616652291238,106.72509685338922,36,42,1.0
2025-11-21 16:35:07,Vo Van Kiet,Quan 5,10.745754766198267,106.65326266831877,35,42,1.0
2025-11-21 16:35:07,Xa lo Ha Noi,QL1A,10.94927106740351,106.87196348224562,21,41,1.0
2025-11-21 16:35:08,Duong Dien Bien Phu,Quan 1,10.78866360854368,106.69551372228901,31,41,1.0
2025-11-21 16:35:20,Nga tu Hang Xanh,Binh Thanh,10.801406421807085,106.71148440879679,31,41,1.0
2025-11-21 16:35:21,Nga tu An Suong,Hoc Mon,10.843150534972033,106.6151343241409,21,35,1.0
2025-11-21 16:35:22,Ben xe Mien Dong,Quan 9,10.880537767027526,106.81481342866444,40,53,1.0
2025-11-21 16:35:23,Ben xe Mien Tay,Binh Tan,10.740840166521663,106.61899246873142,23,35,1.0
2025-11-21 16:35:24,Cau Sai Gon,Quan 2 ,10.798986343749618,106.72697056646841,45,45,1.0
2025-11-21 16:35:25,Cau Phu My,Q2,10.741860769464234,106.73790365482627,38,44,1.0
2025-11-21 16:35:25,Cau Kenh Te,Q4,10.752408891679814,106.7022703818112,21,33,1.0
2025-11-21 16:35:26,Cau Thu Thiem,Quan 2,10.786216596454727,106.71836665482695,40,40,1.0
2025-11-21 16:35:27,Nguyen Huu Canh,Binh Thanh,10.78948793356203,106.71518838181179,24,35,1.0
2025-11-21 16:35:28,Cong Hoa,Tan Binh,10.80223925742187,106.6478722259914,24,41,1.0
2025-11-21 16:35:29,Truong Son / Tan Son Nhat Blvd,Gan san bay,10.813928881466124,106.66511432455972,18,34,1.0
2025-11-21 16:35:30,Nguyen Trai,Quan 5,10.755608615763382,106.67347943578082,15,28,1.0
2025-11-21 16:35:31,Le Duan,Quan 1,10.782680856341083,106.70051548181169,16,30,1.0
2025-11-21 16:35:43,Tran Hung Dao ,Quan 5,10.754895139302109,106.67839188181134,18,33,1.0
2025-11-21 16:35:55,Tran Quoc Thao,Quan 3,10.785070445194592,106.68331340921323,11,28,1.0
2025-11-21 16:35:55,Tran Hung Dao,Quan 5,10.7549373008113,106.67848844133415,18,33,1.0
2025-11-21 16:35:56,Cach Mang Thang 8 (CMT8),Quan 3,10.77898143649726,106.67684447140958,22,34,1.0
2025-11-21 16:35:57,Pham Ngu Lao / Bui Vien,Quan 1,10.767112828386699,106.6927618222887,15,20,1.0
2025-11-21 16:35:58,Nguyen Thi Minh Khai,Quan 3,10.77847212665258,106.69389510879643,27,41,1.0
2025-11-21 16:35:59,Nguyen Van Troi,Phu Nhuan,10.796057790235078,106.67492629345334,17,33,1.0
2025-11-21 16:36:11,Pham Van Dong,Go Vap,10.835298215641501,106.72935479345391,34,42,0.997291
2025-11-21 16:36:23,Cong truong lam son,Quan 1,10.777562007197462,106.7041335430398,15,30,1.0
2025-11-21 16:36:24,Nguyen Oanh ,Go Vap,10.83886351241477,106.67566625482782,25,36,0.998074
2025-11-21 16:36:25,Le Hong Phong,Quan 10,10.765187049751795,106.67550552599073,22,36,1.0
2025-11-21 16:36:26,Nguyen Van Cu,Quan 5,10.759484371982321,106.6840537511244,15,27,1.0
2025-11-21 16:36:26,Nga tu Binh Phuoc,Ngoai o,10.865229381280965,106.72366973948475,31,49,1.0
2025-11-21 16:36:27,Phu My Hung ,Quan 7,10.72279213640514,106.72808623948244,20,37,0.99837
2025-11-21 16:36:39,Nguyen Thai Son,Phu Nhuan,10.823400120373712,106.68551227436063,20,31,1.0
2025-11-21 16:36:51,An Duong Vuong,Quan 8,10.756158554057757,106.66631758181126,15,29,1.0
2025-11-21 16:37:03,Huynh Tan Phat,Nha Be,10.7144382088356,106.73711688366167,24,35,1.0
2025-11-21 16:37:04,Truong Chinh,Tan Binh ,10.817236653231737,106.63191539530457,22,34,1.0
2025-11-21 16:39:16,Cho Ben Thanh,Quan 1,10.772727584493625,106.69804225297563,14,22,0.968292
2025-11-21 16:39:17,Duong Nguyen Hue,Quan 1,10.774028664434528,106.70357076461706,17,29,1.0
2025-11-21 16:39:18,Nguyen Van Linh,Quan 7,10.752616652291238,106.72509685338922,35,43,1.0
2025-11-21 16:39:19,Vo Van Kiet,Quan 5,10.745754766198267,106.65326266831877,34,43,1.0
2025-11-21 16:39:20,Xa lo Ha Noi,QL1A,10.94927106740351,106.87196348224562,24,40,1.0
2025-11-21 16:39:20,Duong Dien Bien Phu,Quan 1,10.78866360854368,106.69551372228901,31,41,1.0
2025-11-21 16:39:21,Nga tu Hang Xanh,Binh Thanh,10.801406421807085,106.71148440879679,31,41,1.0
2025-11-21 16:39:22,Nga tu An Suong,Hoc Mon,10.843150534972033,106.6151343241409,23,35,1.0
2025-11-21 16:39:32,Ben xe Mien Dong,Quan 9,10.880537767027526,106.81481342866444,40,53,1.0
2025-11-21 16:39:45,Ben xe Mien Tay,Binh Tan,10.740840166521663,106.61899246873142,23,35,1.0
2025-11-21 16:39:56,Cau Sai Gon,Quan 2 ,10.798986343749618,106.72697056646841,45,45,1.0
2025-11-21 16:40:08,Cau Phu My,Q2,10.741860769464234,106.73790365482627,45,45,1.0
2025-11-21 16:40:20,Cau Kenh Te,Q4,10.752408891679814,106.7022703818112,21,34,1.0
2025-11-21 16:40:32,Cau Thu Thiem,Quan 2,10.786216596454727,106.71836665482695,37,40,1.0
2025-11-21 16:40:33,Nguyen Huu Canh,Binh Thanh,10.78948793356203,106.71518838181179,36,36,1.0
2025-11-21 16:40:34,Cong Hoa,Tan Binh,10.80223925742187,106.6478722259914,26,41,1.0
2025-11-21 16:40:35,Truong Son / Tan Son Nhat Blvd,Gan san bay,10.813928881466124,106.66511432455972,18,34,1.0
2025-11-21 16:40:36,Nguyen Trai,Quan 5,10.755608615763382,106.67347943578082,15,28,1.0
2025-11-21 16:40:37,Le Duan,Quan 1,10.782680856341083,106.70051548181169,14,30,1.0
2025-11-21 16:40:49,Tran Hung Dao ,Quan 5,10.754895139302109,106.67839188181134,16,33,1.0
2025-11-21 16:40:50,Tran Quoc Thao,Quan 3,10.785070445194592,106.68331340921323,11,28,1.0
2025-11-21 16:40:51,Tran Hung Dao,Quan 5,10.7549373008113,106.67848844133415,16,33,1.0
2025-11-21 16:40:51,Cach Mang Thang 8 (CMT8),Quan 3,10.77898143649726,106.67684447140958,20,34,1.0
2025-11-21 16:40:52,Pham Ngu Lao / Bui Vien,Quan 1,10.767112828386699,106.6927618222887,13,20,1.0
2025-11-21 16:40:53,Nguyen Thi Minh Khai,Quan 3,10.77847212665258,106.69389510879643,26,41,1.0
2025-11-21 16:40:54,Nguyen Van Troi,Phu Nhuan,10.796057790235078,106.67492629345334,18,34,1.0
2025-11-21 16:40:55,Pham Van Dong,Go Vap,10.835298215641501,106.72935479345391,34,42,0.996771
2025-11-21 16:40:56,Cong truong lam son,Quan 1,10.777562007197462,106.7041335430398,14,30,1.0
2025-11-21 16:40:56,Nguyen Oanh ,Go Vap,10.83886351241477,106.67566625482782,23,36,1.0
2025-11-21 16:40:57,Le Hong Phong,Quan 10,10.765187049751795,106.67550552599073,23,36,1.0
2025-11-21 16:40:58,Nguyen Van Cu,Quan 5,10.759484371982321,106.6840537511244,15,28,1.0
2025-11-21 16:41:05,Nga tu Binh Phuoc,Ngoai o,10.865229381280965,106.72366973948475,31,49,1.0
2025-11-21 16:41:06,Phu My Hung ,Quan 7,10.72279213640514,106.72808623948244,22,37,0.998369
2025-11-21 16:41:07,Nguyen Thai Son,Phu Nhuan,10.823400120373712,106.68551227436063,20,32,1.0
2025-11-21 16:41:08,An Duong Vuong,Quan 8,10.756158554057757,106.66631758181126,18,28,1.0
2025-11-21 16:41:09,Huynh Tan Phat,Nha Be,10.7144382088356,106.73711688366167,23,35,1.0
2025-11-21 16:41:09,Truong Chinh,Tan Binh ,10.817236653231737,106.63191539530457,22,35,1.0
2025-11-21 16:43:21,Cho Ben Thanh,Quan 1,10.772727584493625,106.69804225297563,13,22,0.968292
2025-11-21 16:43:22,Duong Nguyen Hue,Quan 1,10.774028664434528,106.70357076461706,18,28,1.0
2025-11-21 16:43:23,Nguyen Van Linh,Quan 7,10.752616652291238,106.72509685338922,28,38,1.0
2025-11-21 16:43:24,Vo Van Kiet,Quan 5,10.745754766198267,106.65326266831877,36,42,1.0
2025-11-21 16:43:25,Xa lo Ha Noi,QL1A,10.94927106740351,106.87196348224562,28,42,1.0
2025-11-21 16:43:26,Duong Dien Bien Phu,Quan 1,10.78866360854368,106.69551372228901,30,42,1.0
2025-11-21 16:43:38,Nga tu Hang Xanh,Binh Thanh,10.801406421807085,106.71148440879679,29,41,1.0
2025-11-21 16:43:39,Nga tu An Suong,Hoc Mon,10.843150534972033,106.6151343241409,21,35,1.0
2025-11-21 16:43:39,Ben xe Mien Dong,Quan 9,10.880537767027526,106.81481342866444,39,53,1.0
2025-11-21 16:43:40,Ben xe Mien Tay,Binh Tan,10.740840166521663,106.61899246873142,23,35,1.0
2025-11-21 16:43:41,Cau Sai Gon,Quan 2 ,10.798986343749618,106.72697056646841,45,45,1.0
2025-11-21 16:43:42,Cau Phu My,Q2,10.741860769464234,106.73790365482627,36,44,1.0
2025-11-21 16:43:43,Cau Kenh Te,Q4,10.752408891679814,106.7022703818112,20,34,1.0
2025-11-21 16:43:44,Cau Thu Thiem,Quan 2,10.786216596454727,106.71836665482695,40,40,1.0
2025-11-21 16:43:45,Nguyen Huu Canh,Binh Thanh,10.78948793356203,106.71518838181179,23,34,1.0
2025-11-21 16:43:46,Cong Hoa,Tan Binh,10.80223925742187,106.6478722259914,26,41,1.0
2025-11-21 16:43:47,Truong Son / Tan Son Nhat Blvd,Gan san bay,10.813928881466124,106.66511432455972,18,34,1.0
2025-11-21 16:43:56,Nguyen Trai,Quan 5,10.755608615763382,106.67347943578082,15,27,1.0
2025-11-21 16:44:08,Le Duan,Quan 1,10.782680856341083,106.70051548181169,14,29,1.0
2025-11-21 16:44:20,Tran Hung Dao ,Quan 5,10.754895139302109,106.67839188181134,18,33,1.0
2025-11-21 16:44:32,Tran Quoc Thao,Quan 3,10.785070445194592,106.68331340921323,9,28,1.0
2025-11-21 16:44:33,Tran Hung Dao,Quan 5,10.7549373008113,106.67848844133415,18,33,1.0
2025-11-21 16:44:33,Cach Mang Thang 8 (CMT8),Quan 3,10.77898143649726,106.67684447140958,19,34,1.0
2025-11-21 16:44:34,Pham Ngu Lao / Bui Vien,Quan 1,10.767112828386699,106.6927618222887,14,19,1.0
2025-11-21 16:44:35,Nguyen Thi Minh Khai,Quan 3,10.77847212665258,106.69389510879643,27,41,1.0
2025-11-21 16:44:36,Nguyen Van Troi,Phu Nhuan,10.796057790235078,106.67492629345334,18,34,1.0
2025-11-21 16:44:48,Pham Van Dong,Go Vap,10.835298215641501,106.72935479345391,34,42,0.997282
2025-11-21 16:45:00,Cong truong lam son,Quan 1,10.777562007197462,106.7041335430398,14,30,1.0
2025-11-21 16:45:01,Nguyen Oanh ,Go Vap,10.83886351241477,106.67566625482782,21,36,0.998074
2025-11-21 16:45:02,Le Hong Phong,Quan 10,10.765187049751795,106.67550552599073,25,36,1.0
2025-11-21 16:45:02,Nguyen Van Cu,Quan 5,10.759484371982321,106.6840537511244,15,28,1.0
2025-11-21 16:45:03,Nga tu Binh Phuoc,Ngoai o,10.865229381280965,106.72366973948475,32,49,1.0
2025-11-21 16:45:04,Phu My Hung ,Quan 7,10.72279213640514,106.72808623948244,20,37,0.997998
2025-11-21 16:45:05,Nguyen Thai Son,Phu Nhuan,10.823400120373712,106.68551227436063,21,31,1.0
2025-11-21 16:45:06,An Duong Vuong,Quan 8,10.756158554057757,106.66631758181126,17,29,1.0
2025-11-21 16:45:07,Huynh Tan Phat,Nha Be,10.7144382088356,106.73711688366167,23,35,1.0
2025-11-21 16:45:12,Truong Chinh,Tan Binh ,10.817236653231737,106.63191539530457,21,35,1.0
2025-11-21 16:47:24,Cho Ben Thanh,Quan 1,10.772727584493625,106.69804225297563,12,24,0.998765
2025-11-21 16:47:25,Duong Nguyen Hue,Quan 1,10.774028664434528,106.70357076461706,15,28,1.0
2025-11-21 16:47:26,Nguyen Van Linh,Quan 7,10.752616652291238,106.72509685338922,25,40,1.0
2025-11-21 16:47:27,Vo Van Kiet,Quan 5,10.745754766198267,106.65326266831877,42,42,1.0
2025-11-21 16:47:27,Xa lo Ha Noi,QL1A,10.94927106740351,106.87196348224562,25,43,1.0
2025-11-21 16:47:28,Duong Dien Bien Phu,Quan 1,10.78866360854368,106.69551372228901,29,42,1.0
2025-11-21 16:47:36,Nga tu Hang Xanh,Binh Thanh,10.801406421807085,106.71148440879679,29,42,1.0
2025-11-21 16:47:37,Nga tu An Suong,Hoc Mon,10.843150534972033,106.6151343241409,20,35,1.0
2025-11-21 16:47:49,Ben xe Mien Dong,Quan 9,10.880537767027526,106.81481342866444,39,54,1.0
2025-11-21 16:48:01,Ben xe Mien Tay,Binh Tan,10.740840166521663,106.61899246873142,22,35,1.0
2025-11-21 16:48:02,Cau Sai Gon,Quan 2 ,10.798986343749618,106.72697056646841,45,45,1.0
2025-11-21 16:48:02,Cau Phu My,Q2,10.741860769464234,106.73790365482627,38,45,1.0
2025-11-21 16:48:03,Cau Kenh Te,Q4,10.752408891679814,106.7022703818112,19,34,1.0
2025-11-21 16:48:04,Cau Thu Thiem,Quan 2,10.786216596454727,106.71836665482695,40,40,1.0
2025-11-21 16:48:05,Nguyen Huu Canh,Binh Thanh,10.78948793356203,106.71518838181179,19,34,1.0
2025-11-21 16:48:06,Cong Hoa,Tan Binh,10.80223925742187,106.6478722259914,23,41,1.0
2025-11-21 16:48:07,Truong Son / Tan Son Nhat Blvd,Gan san bay,10.813928881466124,106.66511432455972,18,34,1.0
2025-11-21 16:48:08,Nguyen Trai,Quan 5,10.755608615763382,106.67347943578082,14,27,1.0
2025-11-21 16:48:09,Le Duan,Quan 1,10.782680856341083,106.70051548181169,13,30,1.0
2025-11-21 16:48:10,Tran Hung Dao ,Quan 5,10.754895139302109,106.67839188181134,19,33,1.0
2025-11-21 16:48:10,Tran Quoc Thao,Quan 3,10.785070445194592,106.68331340921323,9,27,1.0
2025-11-21 16:48:11,Tran Hung Dao,Quan 5,10.7549373008113,106.67848844133415,19,33,1.0
2025-11-21 16:48:12,Cach Mang Thang 8 (CMT8),Quan 3,10.77898143649726,106.67684447140958,20,34,1.0
2025-11-21 16:48:13,Pham Ngu Lao / Bui Vien,Quan 1,10.767112828386699,106.6927618222887,11,19,1.0
2025-11-21 16:48:14,Nguyen Thi Minh Khai,Quan 3,10.77847212665258,106.69389510879643,26,42,1.0
2025-11-21 16:48:15,Nguyen Van Troi,Phu Nhuan,10.796057790235078,106.67492629345334,17,34,1.0
2025-11-21 16:48:16,Pham Van Dong,Go Vap,10.835298215641501,106.72935479345391,33,42,0.997117
2025-11-21 16:48:16,Cong truong lam son,Quan 1,10.777562007197462,106.7041335430398,14,30,1.0
2025-11-21 16:48:17,Nguyen Oanh ,Go Vap,10.83886351241477,106.67566625482782,22,36,0.998081
2025-11-21 16:48:18,Le Hong Phong,Quan 10,10.765187049751795,106.67550552599073,23,36,1.0
2025-11-21 16:48:19,Nguyen Van Cu,Quan 5,10.759484371982321,106.6840537511244,16,28,1.0
2025-11-21 16:48:20,Nga tu Binh Phuoc,Ngoai o,10.865229381280965,106.72366973948475,30,49,1.0
2025-11-21 16:48:21,Phu My Hung ,Quan 7,10.72279213640514,106.72808623948244,20,37,0.997671
2025-11-21 16:48:22,Nguyen Thai Son,Phu Nhuan,10.823400120373712,106.68551227436063,21,32,1.0
2025-11-21 16:48:23,An Duong Vuong,Quan 8,10.756158554057757,106.66631758181126,18,30,1.0
2025-11-21 16:48:24,Huynh Tan Phat,Nha Be,10.7144382088356,106.73711688366167,22,35,1.0
2025-11-21 16:48:24,Truong Chinh,Tan Binh ,10.817236653231737,106.63191539530457,20,35,1.0
2025-11-21 16:50:36,Cho Ben Thanh,Quan 1,10.772727584493625,106.69804225297563,13,24,0.998765
2025-11-21 16:50:37,Duong Nguyen Hue,Quan 1,10.774028664434528,106.70357076461706,22,29,1.0
2025-11-21 16:50:38,Nguyen Van Linh,Quan 7,10.752616652291238,106.72509685338922,21,39,1.0
2025-11-21 16:50:39,Vo Van Kiet,Quan 5,10.745754766198267,106.65326266831877,38,42,0.999762
2025-11-21 16:50:40,Xa lo Ha Noi,QL1A,10.94927106740351,106.87196348224562,24,42,1.0
2025-11-21 16:50:41,Duong Dien Bien Phu,Quan 1,10.78866360854368,106.69551372228901,30,41,1.0
2025-11-21 16:50:53,Nga tu Hang Xanh,Binh Thanh,10.801406421807085,106.71148440879679,29,42,1.0
2025-11-21 16:50:54,Nga tu An Suong,Hoc Mon,10.843150534972033,106.6151343241409,21,34,1.0
2025-11-21 16:50:54,Ben xe Mien Dong,Quan 9,10.880537767027526,106.81481342866444,41,54,1.0
2025-11-21 16:50:55,Ben xe Mien Tay,Binh Tan,10.740840166521663,106.61899246873142,23,35,1.0
2025-11-21 16:50:56,Cau Sai Gon,Quan 2 ,10.798986343749618,106.72697056646841,45,45,1.0
2025-11-21 16:50:57,Cau Phu My,Q2,10.741860769464234,106.73790365482627,45,45,1.0
2025-11-21 16:50:58,Cau Kenh Te,Q4,10.752408891679814,106.7022703818112,19,34,1.0
2025-11-21 16:50:59,Cau Thu Thiem,Quan 2,10.786216596454727,106.71836665482695,40,40,1.0
2025-11-21 16:51:00,Nguyen Huu Canh,Binh Thanh,10.78948793356203,106.71518838181179,19,35,1.0
2025-11-21 16:51:00,Cong Hoa,Tan Binh,10.80223925742187,106.6478722259914,22,40,1.0
2025-11-21 16:51:01,Truong Son / Tan Son Nhat Blvd,Gan san bay,10.813928881466124,106.66511432455972,16,34,1.0
2025-11-21 16:51:05,Nguyen Trai,Quan 5,10.755608615763382,106.67347943578082,16,27,0.997714
2025-11-21 16:51:05,Le Duan,Quan 1,10.782680856341083,106.70051548181169,13,29,1.0
2025-11-21 16:51:06,Tran Hung Dao ,Quan 5,10.754895139302109,106.67839188181134,19,33,1.0
2025-11-21 16:51:07,Tran Quoc Thao,Quan 3,10.785070445194592,106.68331340921323,12,28,1.0
2025-11-21 16:51:08,Tran Hung Dao,Quan 5,10.7549373008113,106.67848844133415,19,33,1.0
2025-11-21 16:51:09,Cach Mang Thang 8 (CMT8),Quan 3,10.77898143649726,106.67684447140958,19,35,1.0
2025-11-21 16:51:17,Pham Ngu Lao / Bui Vien,Quan 1,10.767112828386699,106.6927618222887,11,20,1.0
2025-11-21 16:51:18,Nguyen Thi Minh Khai,Quan 3,10.77847212665258,106.69389510879643,27,41,1.0
2025-11-21 16:51:18,Nguyen Van Troi,Phu Nhuan,10.796057790235078,106.67492629345334,16,34,1.0
2025-11-21 16:51:19,Pham Van Dong,Go Vap,10.835298215641501,106.72935479345391,34,42,0.996587
2025-11-21 16:51:20,Cong truong lam son,Quan 1,10.777562007197462,106.7041335430398,13,29,1.0
2025-11-21 16:51:21,Nguyen Oanh ,Go Vap,10.83886351241477,106.67566625482782,21,36,1.0
2025-11-21 16:51:29,Le Hong Phong,Quan 10,10.765187049751795,106.67550552599073,19,36,1.0
2025-11-21 16:51:29,Nguyen Van Cu,Quan 5,10.759484371982321,106.6840537511244,16,27,0.997714
2025-11-21 16:51:30,Nga tu Binh Phuoc,Ngoai o,10.865229381280965,106.72366973948475,30,49,1.0
2025-11-21 16:51:31,Phu My Hung ,Quan 7,10.72279213640514,106.72808623948244,20,37,0.996952
2025-11-21 16:51:32,Nguyen Thai Son,Phu Nhuan,10.823400120373712,106.68551227436063,20,32,1.0
2025-11-21 16:51:33,An Duong Vuong,Quan 8,10.756158554057757,106.66631758181126,18,29,1.0
2025-11-21 16:51:41,Huynh Tan Phat,Nha Be,10.7144382088356,106.73711688366167,22,35,1.0
2025-11-21 16:51:53,Truong Chinh,Tan Binh ,10.817236653231737,106.63191539530457,21,34,1.0
2025-11-21 16:54:04,Cho Ben Thanh,Quan 1,10.772727584493625,106.69804225297563,13,24,0.998765
2025-11-21 16:54:05,Duong Nguyen Hue,Quan 1,10.774028664434528,106.70357076461706,17,28,1.0
2025-11-21 16:54:06,Nguyen Van Linh,Quan 7,10.752616652291238,106.72509685338922,25,38,1.0
2025-11-21 16:54:07,Vo Van Kiet,Quan 5,10.745754766198267,106.65326266831877,38,43,0.999762
2025-11-21 16:54:08,Xa lo Ha Noi,QL1A,10.94927106740351,106.87196348224562,24,41,1.0
2025-11-21 16:54:20,Duong Dien Bien Phu,Quan 1,10.78866360854368,106.69551372228901,29,42,1.0
2025-11-21 16:54:32,Nga tu Hang Xanh,Binh Thanh,10.801406421807085,106.71148440879679,29,42,1.0
2025-11-21 16:54:33,Nga tu An Suong,Hoc Mon,10.843150534972033,106.6151343241409,21,35,1.0
2025-11-21 16:54:34,Ben xe Mien Dong,Quan 9,10.880537767027526,106.81481342866444,41,53,1.0
2025-11-21 16:54:34,Ben xe Mien Tay,Binh Tan,10.740840166521663,106.61899246873142,23,35,1.0
2025-11-21 16:54:35,Cau Sai Gon,Quan 2 ,10.798986343749618,106.72697056646841,45,45,1.0
2025-11-21 16:54:36,Cau Phu My,Q2,10.741860769464234,106.73790365482627,45,45,1.0
2025-11-21 16:54:48,Cau Kenh Te,Q4,10.752408891679814,106.7022703818112,19,34,1.0
2025-11-21 16:55:00,Cau Thu Thiem,Quan 2,10.786216596454727,106.71836665482695,40,40,1.0
2025-11-21 16:55:01,Nguyen Huu Canh,Binh Thanh,10.78948793356203,106.71518838181179,18,34,1.0
2025-11-21 16:55:02,Cong Hoa,Tan Binh,10.80223925742187,106.6478722259914,23,40,1.0
2025-11-21 16:55:03,Truong Son / Tan Son Nhat Blvd,Gan san bay,10.813928881466124,106.66511432455972,16,34,0.999322
2025-11-21 16:55:04,Nguyen Trai,Quan 5,10.755608615763382,106.67347943578082,16,28,0.997907
2025-11-21 16:55:25,Le Duan,Quan 1,10.782680856341083,106.70051548181169,12,30,1.0
2025-11-21 16:55:26,Tran Hung Dao ,Quan 5,10.754895139302109,106.67839188181134,17,33,1.0
2025-11-21 16:55:27,Tran Quoc Thao,Quan 3,10.785070445194592,106.68331340921323,13,28,1.0
2025-11-21 16:55:28,Tran Hung Dao,Quan 5,10.7549373008113,106.67848844133415,17,33,1.0
2025-11-21 16:55:29,Cach Mang Thang 8 (CMT8),Quan 3,10.77898143649726,106.67684447140958,18,34,1.0
2025-11-21 16:55:41,Pham Ngu Lao / Bui Vien,Quan 1,10.767112828386699,106.6927618222887,9,19,1.0
2025-11-21 16:55:42,Nguyen Thi Minh Khai,Quan 3,10.77847212665258,106.69389510879643,25,42,1.0
2025-11-21 16:55:43,Nguyen Van Troi,Phu Nhuan,10.796057790235078,106.67492629345334,16,34,0.99776
2025-11-21 16:55:43,Pham Van Dong,Go Vap,10.835298215641501,106.72935479345391,32,42,0.990953
2025-11-21 16:55:46,Cong truong lam son,Quan 1,10.777562007197462,106.7041335430398,12,30,1.0
2025-11-21 16:55:58,Nguyen Oanh ,Go Vap,10.83886351241477,106.67566625482782,21,36,0.998077
2025-11-21 16:56:10,Le Hong Phong,Quan 10,10.765187049751795,106.67550552599073,23,35,1.0
2025-11-21 16:56:22,Nguyen Van Cu,Quan 5,10.759484371982321,106.6840537511244,15,28,0.995814
2025-11-21 16:56:33,Nga tu Binh Phuoc,Ngoai o,10.865229381280965,106.72366973948475,29,49,1.0
2025-11-21 16:56:45,Phu My Hung ,Quan 7,10.72279213640514,106.72808623948244,19,37,0.995628
2025-11-21 16:56:57,Nguyen Thai Son,Phu Nhuan,10.823400120373712,106.68551227436063,21,32,1.0
2025-11-21 16:57:09,An Duong Vuong,Quan 8,10.756158554057757,106.66631758181126,16,29,1.0
2025-11-21 16:57:10,Huynh Tan Phat,Nha Be,10.7144382088356,106.73711688366167,21,35,1.0
2025-11-21 16:57:11,Truong Chinh,Tan Binh ,10.817236653231737,106.63191539530457,20,35,1.0
2025-11-21 16:59:23,Cho Ben Thanh,Quan 1,10.772727584493625,106.69804225297563,11,25,0.998765
2025-11-21 16:59:24,Duong Nguyen Hue,Quan 1,10.774028664434528,106.70357076461706,20,29,1.0
2025-11-21 16:59:25,Nguyen Van Linh,Quan 7,10.752616652291238,106.72509685338922,33,41,1.0
2025-11-21 16:59:26,Vo Van Kiet,Quan 5,10.745754766198267,106.65326266831877,36,42,0.999762
2025-11-21 16:59:27,Xa lo Ha Noi,QL1A,10.94927106740351,106.87196348224562,22,42,1.0
2025-11-21 16:59:27,Duong Dien Bien Phu,Quan 1,10.78866360854368,106.69551372228901,27,42,1.0
2025-11-21 16:59:39,Nga tu Hang Xanh,Binh Thanh,10.801406421807085,106.71148440879679,27,42,1.0
2025-11-21 16:59:51,Nga tu An Suong,Hoc Mon,10.843150534972033,106.6151343241409,22,35,1.0
2025-11-21 17:00:03,Ben xe Mien Dong,Quan 9,10.880537767027526,106.81481342866444,40,53,1.0
2025-11-21 17:00:04,Ben xe Mien Tay,Binh Tan,10.740840166521663,106.61899246873142,23,35,1.0
2025-11-21 17:00:05,Cau Sai Gon,Quan 2 ,10.798986343749618,106.72697056646841,45,45,1.0
2025-11-21 17:00:06,Cau Phu My,Q2,10.741860769464234,106.73790365482627,45,45,1.0
2025-11-21 17:00:07,Cau Kenh Te,Q4,10.752408891679814,106.7022703818112,20,34,1.0
2025-11-21 17:00:08,Cau Thu Thiem,Quan 2,10.786216596454727,106.71836665482695,40,40,1.0
2025-11-21 17:00:20,Nguyen Huu Canh,Binh Thanh,10.78948793356203,106.71518838181179,23,34,1.0
2025-11-21 17:00:32,Cong Hoa,Tan Binh,10.80223925742187,106.6478722259914,20,40,1.0
2025-11-21 17:00:33,Truong Son / Tan Son Nhat Blvd,Gan san bay,10.813928881466124,106.66511432455972,15,33,0.998599
2025-11-21 17:00:33,Nguyen Trai,Quan 5,10.755608615763382,106.67347943578082,15,28,1.0
2025-11-21 17:00:34,Le Duan,Quan 1,10.782680856341083,106.70051548181169,12,30,1.0
2025-11-21 17:00:35,Tran Hung Dao ,Quan 5,10.754895139302109,106.67839188181134,16,32,1.0
2025-11-21 17:00:36,Tran Quoc Thao,Quan 3,10.785070445194592,106.68331340921323,12,28,1.0
2025-11-21 17:00:48,Tran Hung Dao,Quan 5,10.7549373008113,106.67848844133415,16,32,1.0
2025-11-21 17:01:00,Cach Mang Thang 8 (CMT8),Quan 3,10.77898143649726,106.67684447140958,20,34,1.0
2025-11-21 17:01:12,Pham Ngu Lao / Bui Vien,Quan 1,10.767112828386699,106.6927618222887,11,20,1.0
2025-11-21 17:01:24,Nguyen Thi Minh Khai,Quan 3,10.77847212665258,106.69389510879643,26,42,1.0
2025-11-21 17:01:36,Nguyen Van Troi,Phu Nhuan,10.796057790235078,106.67492629345334,15,34,0.999608
2025-11-21 17:01:37,Pham Van Dong,Go Vap,10.835298215641501,106.72935479345391,34,42,0.992141
2025-11-21 17:01:37,Cong truong lam son,Quan 1,10.777562007197462,106.7041335430398,13,30,1.0
2025-11-21 17:01:38,Nguyen Oanh ,Go Vap,10.83886351241477,106.67566625482782,21,36,0.998074
2025-11-21 17:01:39,Le Hong Phong,Quan 10,10.765187049751795,106.67550552599073,25,36,1.0
2025-11-21 17:01:40,Nguyen Van Cu,Quan 5,10.759484371982321,106.6840537511244,14,27,1.0
2025-11-21 17:01:48,Nga tu Binh Phuoc,Ngoai o,10.865229381280965,106.72366973948475,30,49,1.0
2025-11-21 17:02:00,Phu My Hung ,Quan 7,10.72279213640514,106.72808623948244,20,37,0.995314
2025-11-21 17:02:00,Nguyen Thai Son,Phu Nhuan,10.823400120373712,106.68551227436063,20,31,1.0
2025-11-21 17:02:01,An Duong Vuong,Quan 8,10.756158554057757,106.66631758181126,16,30,1.0
2025-11-21 17:02:02,Huynh Tan Phat,Nha Be,10.7144382088356,106.73711688366167,21,35,1.0
2025-11-21 17:02:03,Truong Chinh,Tan Binh ,10.817236653231737,106.63191539530457,22,35,1.0
2025-11-21 17:04:15,Cho Ben Thanh,Quan 1,10.772727584493625,106.69804225297563,13,25,0.998765
2025-11-21 17:04:27,Duong Nguyen Hue,Quan 1,10.774028664434528,106.70357076461706,19,28,1.0
2025-11-21 17:04:28,Nguyen Van Linh,Quan 7,10.752616652291238,106.72509685338922,31,38,1.0
2025-11-21 17:04:29,Vo Van Kiet,Quan 5,10.745754766198267,106.65326266831877,36,43,0.999762
2025-11-21 17:04:30,Xa lo Ha Noi,QL1A,10.94927106740351,106.87196348224562,42,42,1.0
2025-11-21 17:04:31,Duong Dien Bien Phu,Quan 1,10.78866360854368,106.69551372228901,29,42,1.0
2025-11-21 17:04:31,Nga tu Hang Xanh,Binh Thanh,10.801406421807085,106.71148440879679,29,42,1.0
2025-11-21 17:04:32,Nga tu An Suong,Hoc Mon,10.843150534972033,106.6151343241409,22,35,1.0
2025-11-21 17:04:33,Ben xe Mien Dong,Quan 9,10.880537767027526,106.81481342866444,40,53,1.0
2025-11-21 17:04:34,Ben xe Mien Tay,Binh Tan,10.740840166521663,106.61899246873142,24,35,1.0
2025-11-21 17:04:35,Cau Sai Gon,Quan 2 ,10.798986343749618,106.72697056646841,45,45,1.0
2025-11-21 17:04:43,Cau Phu My,Q2,10.741860769464234,106.73790365482627,37,44,1.0
2025-11-21 17:04:55,Cau Kenh Te,Q4,10.752408891679814,106.7022703818112,19,34,1.0
2025-11-21 17:04:55,Cau Thu Thiem,Quan 2,10.786216596454727,106.71836665482695,40,40,1.0
2025-11-21 17:04:56,Nguyen Huu Canh,Binh Thanh,10.78948793356203,106.71518838181179,36,36,1.0
2025-11-21 17:04:57,Cong Hoa,Tan Binh,10.80223925742187,106.6478722259914,21,40,1.0
2025-11-21 17:04:58,Truong Son / Tan Son Nhat Blvd,Gan san bay,10.813928881466124,106.66511432455972,16,34,0.999588
2025-11-21 17:04:59,Nguyen Trai,Quan 5,10.755608615763382,106.67347943578082,14,28,0.994772
2025-11-21 17:05:07,Le Duan,Quan 1,10.782680856341083,106.70051548181169,14,30,1.0
2025-11-21 17:05:18,Tran Hung Dao ,Quan 5,10.754895139302109,106.67839188181134,18,33,1.0
2025-11-21 17:05:19,Tran Quoc Thao,Quan 3,10.785070445194592,106.68331340921323,12,28,1.0
2025-11-21 17:05:20,Tran Hung Dao,Quan 5,10.7549373008113,106.67848844133415,18,33,1.0
2025-11-21 17:05:21,Cach Mang Thang 8 (CMT8),Quan 3,10.77898143649726,106.67684447140958,21,34,1.0
2025-11-21 17:05:22,Pham Ngu Lao / Bui Vien,Quan 1,10.767112828386699,106.6927618222887,7,19,1.0
2025-11-21 17:05:23,Nguyen Thi Minh Khai,Quan 3,10.77847212665258,106.69389510879643,25,41,1.0
2025-11-21 17:05:34,Nguyen Van Troi,Phu Nhuan,10.796057790235078,106.67492629345334,16,34,0.999588
2025-11-21 17:05:46,Pham Van Dong,Go Vap,10.835298215641501,106.72935479345391,34,42,0.995068
2025-11-21 17:05:47,Cong truong lam son,Quan 1,10.777562007197462,106.7041335430398,13,30,1.0
2025-11-21 17:05:48,Nguyen Oanh ,Go Vap,10.83886351241477,106.67566625482782,21,36,1.0
2025-11-21 17:05:48,Le Hong Phong,Quan 10,10.765187049751795,106.67550552599073,21,35,1.0
2025-11-21 17:05:49,Nguyen Van Cu,Quan 5,10.759484371982321,106.6840537511244,14,27,0.994772
2025-11-21 17:05:50,Nga tu Binh Phuoc,Ngoai o,10.865229381280965,106.72366973948475,31,49,1.0
2025-11-21 17:06:02,Phu My Hung ,Quan 7,10.72279213640514,106.72808623948244,19,38,0.995116
2025-11-21 17:06:14,Nguyen Thai Son,Phu Nhuan,10.823400120373712,106.68551227436063,19,31,1.0
2025-11-21 17:06:15,An Duong Vuong,Quan 8,10.756158554057757,106.66631758181126,16,30,1.0
2025-11-21 17:06:16,Huynh Tan Phat,Nha Be,10.7144382088356,106.73711688366167,20,35,1.0
2025-11-21 17:06:17,Truong Chinh,Tan Binh ,10.817236653231737,106.63191539530457,21,35,1.0
2025-11-21 17:08:29,Cho Ben Thanh,Quan 1,10.772727584493625,106.69804225297563,12,24,0.99753
2025-11-21 17:08:30,Duong Nguyen Hue,Quan 1,10.774028664434528,106.70357076461706,22,29,1.0
2025-11-21 17:08:31,Nguyen Van Linh,Quan 7,10.752616652291238,106.72509685338922,21,39,1.0
2025-11-21 17:08:32,Vo Van Kiet,Quan 5,10.745754766198267,106.65326266831877,35,43,0.999762
2025-11-21 17:08:32,Xa lo Ha Noi,QL1A,10.94927106740351,106.87196348224562,42,42,1.0
2025-11-21 17:08:33,Duong Dien Bien Phu,Quan 1,10.78866360854368,106.69551372228901,27,42,1.0
2025-11-21 17:08:41,Nga tu Hang Xanh,Binh Thanh,10.801406421807085,106.71148440879679,27,42,1.0
2025-11-21 17:08:53,Nga tu An Suong,Hoc Mon,10.843150534972033,106.6151343241409,22,35,1.0
2025-11-21 17:08:54,Ben xe Mien Dong,Quan 9,10.880537767027526,106.81481342866444,39,53,1.0
2025-11-21 17:08:55,Ben xe Mien Tay,Binh Tan,10.740840166521663,106.61899246873142,25,36,1.0
2025-11-21 17:08:55,Cau Sai Gon,Quan 2 ,10.798986343749618,106.72697056646841,34,44,1.0
2025-11-21 17:08:56,Cau Phu My,Q2,10.741860769464234,106.73790365482627,45,45,1.0
2025-11-21 17:08:57,Cau Kenh Te,Q4,10.752408891679814,106.7022703818112,19,34,1.0
2025-11-21 17:09:09,Cau Thu Thiem,Quan 2,10.786216596454727,106.71836665482695,34,40,1.0
2025-11-21 17:09:10,Nguyen Huu Canh,Binh Thanh,10.78948793356203,106.71518838181179,27,35,1.0
2025-11-21 17:09:11,Cong Hoa,Tan Binh,10.80223925742187,106.6478722259914,23,41,1.0
2025-11-21 17:09:12,Truong Son / Tan Son Nhat Blvd,Gan san bay,10.813928881466124,106.66511432455972,16,34,0.999358
2025-11-21 17:09:13,Nguyen Trai,Quan 5,10.755608615763382,106.67347943578082,15,27,0.993582
2025-11-21 17:09:13,Le Duan,Quan 1,10.782680856341083,106.70051548181169,14,30,1.0
2025-11-21 17:09:14,Tran Hung Dao ,Quan 5,10.754895139302109,106.67839188181134,16,33,1.0
2025-11-21 17:09:15,Tran Quoc Thao,Quan 3,10.785070445194592,106.68331340921323,11,27,1.0
2025-11-21 17:09:16,Tran Hung Dao,Quan 5,10.7549373008113,106.67848844133415,16,33,1.0
2025-11-21 17:09:17,Cach Mang Thang 8 (CMT8),Quan 3,10.77898143649726,106.67684447140958,20,34,1.0
2025-11-21 17:09:29,Pham Ngu Lao / Bui Vien,Quan 1,10.767112828386699,106.6927618222887,12,20,1.0
2025-11-21 17:09:41,Nguyen Thi Minh Khai,Quan 3,10.77847212665258,106.69389510879643,25,41,1.0
2025-11-21 17:09:53,Nguyen Van Troi,Phu Nhuan,10.796057790235078,106.67492629345334,16,34,0.999358
2025-11-21 17:09:54,Pham Van Dong,Go Vap,10.835298215641501,106.72935479345391,30,42,0.995846
2025-11-21 17:09:54,Cong truong lam son,Quan 1,10.777562007197462,106.7041335430398,14,30,1.0
2025-11-21 17:09:55,Nguyen Oanh ,Go Vap,10.83886351241477,106.67566625482782,22,36,1.0
2025-11-21 17:09:56,Le Hong Phong,Quan 10,10.765187049751795,106.67550552599073,24,35,1.0
2025-11-21 17:09:57,Nguyen Van Cu,Quan 5,10.759484371982321,106.6840537511244,15,27,0.993582
2025-11-21 17:10:08,Nga tu Binh Phuoc,Ngoai o,10.865229381280965,106.72366973948475,31,49,1.0
2025-11-21 17:10:20,Phu My Hung ,Quan 7,10.72279213640514,106.72808623948244,19,38,0.995023
2025-11-21 17:10:21,Nguyen Thai Son,Phu Nhuan,10.823400120373712,106.68551227436063,20,31,1.0
2025-11-21 17:10:22,An Duong Vuong,Quan 8,10.756158554057757,106.66631758181126,17,30,1.0
2025-11-21 17:10:23,Huynh Tan Phat,Nha Be,10.7144382088356,106.73711688366167,21,35,1.0
2025-11-21 17:10:23,Truong Chinh,Tan Binh ,10.817236653231737,106.63191539530457,20,35,1.0
2025-11-21 17:12:35,Cho Ben Thanh,Quan 1,10.772727584493625,106.69804225297563,12,24,0.996295
2025-11-21 17:12:36,Duong Nguyen Hue,Quan 1,10.774028664434528,106.70357076461706,16,28,1.0
2025-11-21 17:12:37,Nguyen Van Linh,Quan 7,10.752616652291238,106.72509685338922,24,39,1.0
2025-11-21 17:12:38,Vo Van Kiet,Quan 5,10.745754766198267,106.65326266831877,36,43,0.999762
2025-11-21 17:12:39,Xa lo Ha Noi,QL1A,10.94927106740351,106.87196348224562,42,42,1.0
2025-11-21 17:12:51,Duong Dien Bien Phu,Quan 1,10.78866360854368,106.69551372228901,29,42,1.0
2025-11-21 17:13:03,Nga tu Hang Xanh,Binh Thanh,10.801406421807085,106.71148440879679,29,42,1.0
2025-11-21 17:13:04,Nga tu An Suong,Hoc Mon,10.843150534972033,106.6151343241409,20,35,1.0
2025-11-21 17:13:05,Ben xe Mien Dong,Quan 9,10.880537767027526,106.81481342866444,38,52,1.0
2025-11-21 17:13:05,Ben xe Mien Tay,Binh Tan,10.740840166521663,106.61899246873142,24,35,1.0
2025-11-21 17:13:06,Cau Sai Gon,Quan 2 ,10.798986343749618,106.72697056646841,45,45,1.0
2025-11-21 17:13:07,Cau Phu My,Q2,10.741860769464234,106.73790365482627,45,45,1.0
2025-11-21 17:13:08,Cau Kenh Te,Q4,10.752408891679814,106.7022703818112,18,33,1.0
2025-11-21 17:13:09,Cau Thu Thiem,Quan 2,10.786216596454727,106.71836665482695,31,39,1.0
2025-11-21 17:13:21,Nguyen Huu Canh,Binh Thanh,10.78948793356203,106.71518838181179,21,35,1.0
2025-11-21 17:13:33,Cong Hoa,Tan Binh,10.80223925742187,106.6478722259914,22,41,1.0
2025-11-21 17:13:34,Truong Son / Tan Son Nhat Blvd,Gan san bay,10.813928881466124,106.66511432455972,16,34,0.99883
2025-11-21 17:13:34,Nguyen Trai,Quan 5,10.755608615763382,106.67347943578082,17,27,0.993582
2025-11-21 17:13:35,Le Duan,Quan 1,10.782680856341083,106.70051548181169,12,29,1.0
2025-11-21 17:13:36,Tran Hung Dao ,Quan 5,10.754895139302109,106.67839188181134,16,33,1.0
2025-11-21 17:13:37,Tran Quoc Thao,Quan 3,10.785070445194592,106.68331340921323,11,27,1.0
2025-11-21 17:13:49,Tran Hung Dao,Quan 5,10.7549373008113,106.67848844133415,16,33,1.0
2025-11-21 17:13:50,Cach Mang Thang 8 (CMT8),Quan 3,10.77898143649726,106.67684447140958,19,34,1.0
2025-11-21 17:13:51,Pham Ngu Lao / Bui Vien,Quan 1,10.767112828386699,106.6927618222887,9,20,1.0
2025-11-21 17:13:52,Nguyen Thi Minh Khai,Quan 3,10.77847212665258,106.69389510879643,25,42,1.0
2025-11-21 17:13:53,Nguyen Van Troi,Phu Nhuan,10.796057790235078,106.67492629345334,16,34,0.99883
2025-11-21 17:13:54,Pham Van Dong,Go Vap,10.835298215641501,106.72935479345391,33,42,0.994039
2025-11-21 17:13:55,Cong truong lam son,Quan 1,10.777562007197462,106.7041335430398,12,29,1.0
2025-11-21 17:13:55,Nguyen Oanh ,Go Vap,10.83886351241477,106.67566625482782,21,36,1.0
2025-11-21 17:13:56,Le Hong Phong,Quan 10,10.765187049751795,106.67550552599073,24,35,1.0
2025-11-21 17:14:01,Nguyen Van Cu,Quan 5,10.759484371982321,106.6840537511244,17,27,0.993582
2025-11-21 17:14:13,Nga tu Binh Phuoc,Ngoai o,10.865229381280965,106.72366973948475,30,49,1.0
2025-11-21 17:14:25,Phu My Hung ,Quan 7,10.72279213640514,106.72808623948244,19,37,0.993554
2025-11-21 17:14:26,Nguyen Thai Son,Phu Nhuan,10.823400120373712,106.68551227436063,21,31,1.0
2025-11-21 17:14:27,An Duong Vuong,Quan 8,10.756158554057757,106.66631758181126,17,29,1.0
2025-11-21 17:14:28,Huynh Tan Phat,Nha Be,10.7144382088356,106.73711688366167,20,35,1.0
2025-11-21 17:14:29,Truong Chinh,Tan Binh ,10.817236653231737,106.63191539530457,19,34,1.0
2025-11-21 17:16:41,Cho Ben Thanh,Quan 1,10.772727584493625,106.69804225297563,11,24,0.998765
2025-11-21 17:16:41,Duong Nguyen Hue,Quan 1,10.774028664434528,106.70357076461706,20,29,1.0
2025-11-21 17:16:42,Nguyen Van Linh,Quan 7,10.752616652291238,106.72509685338922,36,42,1.0
2025-11-21 17:16:43,Vo Van Kiet,Quan 5,10.745754766198267,106.65326266831877,34,43,0.999762
2025-11-21 17:16:44,Xa lo Ha Noi,QL1A,10.94927106740351,106.87196348224562,30,42,1.0
2025-11-21 17:16:45,Duong Dien Bien Phu,Quan 1,10.78866360854368,106.69551372228901,29,41,1.0
2025-11-21 17:16:57,Nga tu Hang Xanh,Binh Thanh,10.801406421807085,106.71148440879679,29,41,1.0
2025-11-21 17:17:09,Nga tu An Suong,Hoc Mon,10.843150534972033,106.6151343241409,20,35,1.0
2025-11-21 17:17:21,Ben xe Mien Dong,Quan 9,10.880537767027526,106.81481342866444,39,53,1.0
2025-11-21 17:17:22,Ben xe Mien Tay,Binh Tan,10.740840166521663,106.61899246873142,25,35,1.0
2025-11-21 17:17:23,Cau Sai Gon,Quan 2 ,10.798986343749618,106.72697056646841,29,44,1.0
2025-11-21 17:17:23,Cau Phu My,Q2,10.741860769464234,106.73790365482627,45,45,1.0
2025-11-21 17:17:24,Cau Kenh Te,Q4,10.752408891679814,106.7022703818112,18,33,1.0
2025-11-21 17:17:25,Cau Thu Thiem,Quan 2,10.786216596454727,106.71836665482695,33,40,1.0
2025-11-21 17:17:37,Nguyen Huu Canh,Binh Thanh,10.78948793356203,106.71518838181179,21,35,1.0
2025-11-21 17:17:49,Cong Hoa,Tan Binh,10.80223925742187,106.6478722259914,23,40,1.0
2025-11-21 17:17:50,Truong Son / Tan Son Nhat Blvd,Gan san bay,10.813928881466124,106.66511432455972,16,34,0.999066
2025-11-21 17:18:02,Nguyen Trai,Quan 5,10.755608615763382,106.67347943578082,13,27,0.99684
2025-11-21 17:18:03,Le Duan,Quan 1,10.782680856341083,106.70051548181169,11,31,1.0
2025-11-21 17:18:04,Tran Hung Dao ,Quan 5,10.754895139302109,106.67839188181134,18,33,1.0
2025-11-21 17:18:05,Tran Quoc Thao,Quan 3,10.785070445194592,106.68331340921323,12,28,1.0
2025-11-21 17:18:06,Tran Hung Dao,Quan 5,10.7549373008113,106.67848844133415,18,33,1.0
2025-11-21 17:18:06,Cach Mang Thang 8 (CMT8),Quan 3,10.77898143649726,106.67684447140958,18,34,1.0
2025-11-21 17:18:07,Pham Ngu Lao / Bui Vien,Quan 1,10.767112828386699,106.6927618222887,9,19,1.0
2025-11-21 17:18:08,Nguyen Thi Minh Khai,Quan 3,10.77847212665258,106.69389510879643,25,42,1.0
2025-11-21 17:18:09,Nguyen Van Troi,Phu Nhuan,10.796057790235078,106.67492629345334,16,34,0.999066
2025-11-21 17:18:10,Pham Van Dong,Go Vap,10.835298215641501,106.72935479345391,33,42,0.992996
2025-11-21 17:18:18,Cong truong lam son,Quan 1,10.777562007197462,106.7041335430398,11,31,1.0
2025-11-21 17:18:30,Nguyen Oanh ,Go Vap,10.83886351241477,106.67566625482782,21,36,1.0
2025-11-21 17:18:31,Le Hong Phong,Quan 10,10.765187049751795,106.67550552599073,21,35,1.0
2025-11-21 17:18:32,Nguyen Van Cu,Quan 5,10.759484371982321,106.6840537511244,13,27,0.99684
2025-11-21 17:18:32,Nga tu Binh Phuoc,Ngoai o,10.865229381280965,106.72366973948475,30,50,1.0
2025-11-21 17:18:33,Phu My Hung ,Quan 7,10.72279213640514,106.72808623948244,19,37,0.99644
2025-11-21 17:18:34,Nguyen Thai Son,Phu Nhuan,10.823400120373712,106.68551227436063,22,32,1.0
2025-11-21 17:18:45,An Duong Vuong,Quan 8,10.756158554057757,106.66631758181126,20,29,1.0
2025-11-21 17:18:57,Huynh Tan Phat,Nha Be,10.7144382088356,106.73711688366167,18,35,1.0
2025-11-21 17:18:58,Truong Chinh,Tan Binh ,10.817236653231737,106.63191539530457,19,35,1.0
2025-11-21 17:21:10,Cho Ben Thanh,Quan 1,10.772727584493625,106.69804225297563,13,24,0.99753
2025-11-21 17:21:22,Duong Nguyen Hue,Quan 1,10.774028664434528,106.70357076461706,14,29,1.0
2025-11-21 17:21:23,Nguyen Van Linh,Quan 7,10.752616652291238,106.72509685338922,27,39,1.0
2025-11-21 17:21:24,Vo Van Kiet,Quan 5,10.745754766198267,106.65326266831877,35,43,0.999762
2025-11-21 17:21:25,Xa lo Ha Noi,QL1A,10.94927106740351,106.87196348224562,25,42,1.0
2025-11-21 17:21:26,Duong Dien Bien Phu,Quan 1,10.78866360854368,106.69551372228901,28,42,1.0
2025-11-21 17:21:27,Nga tu Hang Xanh,Binh Thanh,10.801406421807085,106.71148440879679,28,42,1.0
2025-11-21 17:21:28,Nga tu An Suong,Hoc Mon,10.843150534972033,106.6151343241409,19,34,1.0
2025-11-21 17:21:29,Ben xe Mien Dong,Quan 9,10.880537767027526,106.81481342866444,39,53,1.0
2025-11-21 17:21:29,Ben xe Mien Tay,Binh Tan,10.740840166521663,106.61899246873142,24,35,1.0
2025-11-21 17:21:30,Cau Sai Gon,Quan 2 ,10.798986343749618,106.72697056646841,31,44,1.0
2025-11-21 17:21:31,Cau Phu My,Q2,10.741860769464234,106.73790365482627,45,45,1.0
2025-11-21 17:21:32,Cau Kenh Te,Q4,10.752408891679814,106.7022703818112,19,34,1.0
2025-11-21 17:21:40,Cau Thu Thiem,Quan 2,10.786216596454727,106.71836665482695,32,39,1.0
2025-11-21 17:21:52,Nguyen Huu Canh,Binh Thanh,10.78948793356203,106.71518838181179,15,35,1.0
2025-11-21 17:22:04,Cong Hoa,Tan Binh,10.80223925742187,106.6478722259914,22,41,1.0
2025-11-21 17:22:05,Truong Son / Tan Son Nhat Blvd,Gan san bay,10.813928881466124,106.66511432455972,16,34,0.999251
2025-11-21 17:22:05,Nguyen Trai,Quan 5,10.755608615763382,106.67347943578082,15,27,1.0
2025-11-21 17:22:06,Le Duan,Quan 1,10.782680856341083,106.70051548181169,12,30,1.0
2025-11-21 17:22:07,Tran Hung Dao ,Quan 5,10.754895139302109,106.67839188181134,16,34,1.0
2025-11-21 17:22:08,Tran Quoc Thao,Quan 3,10.785070445194592,106.68331340921323,9,28,1.0
2025-11-21 17:22:20,Tran Hung Dao,Quan 5,10.7549373008113,106.67848844133415,16,34,1.0
2025-11-21 17:22:32,Cach Mang Thang 8 (CMT8),Quan 3,10.77898143649726,106.67684447140958,19,34,1.0
2025-11-21 17:22:44,Pham Ngu Lao / Bui Vien,Quan 1,10.767112828386699,106.6927618222887,10,20,1.0
2025-11-21 17:22:45,Nguyen Thi Minh Khai,Quan 3,10.77847212665258,106.69389510879643,25,41,1.0
2025-11-21 17:22:46,Nguyen Van Troi,Phu Nhuan,10.796057790235078,106.67492629345334,14,34,0.999387
2025-11-21 17:22:47,Pham Van Dong,Go Vap,10.835298215641501,106.72935479345391,32,42,0.996409
2025-11-21 17:22:48,Cong truong lam son,Quan 1,10.777562007197462,106.7041335430398,12,29,1.0
2025-11-21 17:22:49,Nguyen Oanh ,Go Vap,10.83886351241477,106.67566625482782,21,37,1.0
2025-11-21 17:22:50,Le Hong Phong,Quan 10,10.765187049751795,106.67550552599073,19,36,1.0
2025-11-21 17:22:56,Nguyen Van Cu,Quan 5,10.759484371982321,106.6840537511244,15,28,1.0
2025-11-21 17:22:57,Nga tu Binh Phuoc,Ngoai o,10.865229381280965,106.72366973948475,29,49,1.0
2025-11-21 17:22:58,Phu My Hung ,Quan 7,10.72279213640514,106.72808623948244,19,37,0.997113
2025-11-21 17:22:59,Nguyen Thai Son,Phu Nhuan,10.823400120373712,106.68551227436063,20,32,1.0
2025-11-21 17:23:00,An Duong Vuong,Quan 8,10.756158554057757,106.66631758181126,18,29,1.0
2025-11-21 17:23:01,Huynh Tan Phat,Nha Be,10.7144382088356,106.73711688366167,18,35,1.0
2025-11-21 17:23:08,Truong Chinh,Tan Binh ,10.817236653231737,106.63191539530457,19,35,1.0
2025-11-21 17:25:20,Cho Ben Thanh,Quan 1,10.772727584493625,106.69804225297563,11,24,0.99753
2025-11-21 17:25:21,Duong Nguyen Hue,Quan 1,10.774028664434528,106.70357076461706,14,28,1.0
2025-11-21 17:25:22,Nguyen Van Linh,Quan 7,10.752616652291238,106.72509685338922,32,42,1.0
2025-11-21 17:25:23,Vo Van Kiet,Quan 5,10.745754766198267,106.65326266831877,35,42,1.0
2025-11-21 17:25:24,Xa lo Ha Noi,QL1A,10.94927106740351,106.87196348224562,28,41,1.0
2025-11-21 17:25:36,Duong Dien Bien Phu,Quan 1,10.78866360854368,106.69551372228901,28,42,1.0
2025-11-21 17:25:48,Nga tu Hang Xanh,Binh Thanh,10.801406421807085,106.71148440879679,28,42,1.0
2025-11-21 17:25:49,Nga tu An Suong,Hoc Mon,10.843150534972033,106.6151343241409,19,35,1.0
2025-11-21 17:25:50,Ben xe Mien Dong,Quan 9,10.880537767027526,106.81481342866444,39,53,1.0
2025-11-21 17:25:50,Ben xe Mien Tay,Binh Tan,10.740840166521663,106.61899246873142,24,36,1.0
2025-11-21 17:25:51,Cau Sai Gon,Quan 2 ,10.798986343749618,106.72697056646841,29,45,1.0
2025-11-21 17:25:52,Cau Phu My,Q2,10.741860769464234,106.73790365482627,45,45,1.0
2025-11-21 17:25:53,Cau Kenh Te,Q4,10.752408891679814,106.7022703818112,17,33,1.0
2025-11-21 17:26:00,Cau Thu Thiem,Quan 2,10.786216596454727,106.71836665482695,33,40,1.0
2025-11-21 17:26:02,Nguyen Huu Canh,Binh Thanh,10.78948793356203,106.71518838181179,29,35,1.0
2025-11-21 17:26:02,Cong Hoa,Tan Binh,10.80223925742187,106.6478722259914,22,41,1.0
2025-11-21 17:26:03,Truong Son / Tan Son Nhat Blvd,Gan san bay,10.813928881466124,106.66511432455972,15,34,0.998945
2025-11-21 17:26:04,Nguyen Trai,Quan 5,10.755608615763382,106.67347943578082,16,28,1.0
2025-11-21 17:26:16,Le Duan,Quan 1,10.782680856341083,106.70051548181169,13,30,1.0
2025-11-21 17:26:28,Tran Hung Dao ,Quan 5,10.754895139302109,106.67839188181134,15,33,1.0
2025-11-21 17:26:29,Tran Quoc Thao,Quan 3,10.785070445194592,106.68331340921323,11,28,1.0
2025-11-21 17:26:30,Tran Hung Dao,Quan 5,10.7549373008113,106.67848844133415,15,33,1.0
2025-11-21 17:26:31,Cach Mang Thang 8 (CMT8),Quan 3,10.77898143649726,106.67684447140958,19,34,1.0
2025-11-21 17:26:32,Pham Ngu Lao / Bui Vien,Quan 1,10.767112828386699,106.6927618222887,11,20,1.0
2025-11-21 17:26:32,Nguyen Thi Minh Khai,Quan 3,10.77847212665258,106.69389510879643,24,41,1.0
2025-11-21 17:26:42,Nguyen Van Troi,Phu Nhuan,10.796057790235078,106.67492629345334,14,34,0.999265
2025-11-21 17:26:54,Pham Van Dong,Go Vap,10.835298215641501,106.72935479345391,33,42,0.996581
2025-11-21 17:26:55,Cong truong lam son,Quan 1,10.777562007197462,106.7041335430398,13,30,1.0
2025-11-21 17:26:56,Nguyen Oanh ,Go Vap,10.83886351241477,106.67566625482782,21,36,1.0
2025-11-21 17:26:56,Le Hong Phong,Quan 10,10.765187049751795,106.67550552599073,17,34,1.0
2025-11-21 17:26:57,Nguyen Van Cu,Quan 5,10.759484371982321,106.6840537511244,15,28,1.0
2025-11-21 17:26:58,Nga tu Binh Phuoc,Ngoai o,10.865229381280965,106.72366973948475,30,49,1.0
2025-11-21 17:26:59,Phu My Hung ,Quan 7,10.72279213640514,106.72808623948244,18,37,0.997238
2025-11-21 17:27:00,Nguyen Thai Son,Phu Nhuan,10.823400120373712,106.68551227436063,19,31,1.0
2025-11-21 17:27:01,An Duong Vuong,Quan 8,10.756158554057757,106.66631758181126,18,30,1.0
2025-11-21 17:27:02,Huynh Tan Phat,Nha Be,10.7144382088356,106.73711688366167,18,35,1.0
2025-11-21 17:27:02,Truong Chinh,Tan Binh ,10.817236653231737,106.63191539530457,20,35,1.0
2025-11-21 17:29:14,Cho Ben Thanh,Quan 1,10.772727584493625,106.69804225297563,11,24,0.99753
2025-11-21 17:29:15,Duong Nguyen Hue,Quan 1,10.774028664434528,106.70357076461706,11,29,1.0
2025-11-21 17:29:16,Nguyen Van Linh,Quan 7,10.752616652291238,106.72509685338922,32,42,1.0
2025-11-21 17:29:17,Vo Van Kiet,Quan 5,10.745754766198267,106.65326266831877,33,42,1.0
2025-11-21 17:29:18,Xa lo Ha Noi,QL1A,10.94927106740351,106.87196348224562,28,42,1.0
2025-11-21 17:29:30,Duong Dien Bien Phu,Quan 1,10.78866360854368,106.69551372228901,26,42,1.0
2025-11-21 17:29:31,Nga tu Hang Xanh,Binh Thanh,10.801406421807085,106.71148440879679,26,42,1.0
2025-11-21 17:29:32,Nga tu An Suong,Hoc Mon,10.843150534972033,106.6151343241409,19,35,1.0
2025-11-21 17:29:54,Ben xe Mien Dong,Quan 9,10.880537767027526,106.81481342866444,41,53,1.0
2025-11-21 17:29:54,Ben xe Mien Tay,Binh Tan,10.740840166521663,106.61899246873142,21,35,1.0
2025-11-21 17:29:55,Cau Sai Gon,Quan 2 ,10.798986343749618,106.72697056646841,28,44,1.0
2025-11-21 17:29:56,Cau Phu My,Q2,10.741860769464234,106.73790365482627,39,44,1.0
2025-11-21 17:29:57,Cau Kenh Te,Q4,10.752408891679814,106.7022703818112,18,34,1.0
2025-11-21 17:29:58,Cau Thu Thiem,Quan 2,10.786216596454727,106.71836665482695,35,40,1.0
2025-11-21 17:30:10,Nguyen Huu Canh,Binh Thanh,10.78948793356203,106.71518838181179,16,35,1.0
2025-11-21 17:30:11,Cong Hoa,Tan Binh,10.80223925742187,106.6478722259914,20,40,1.0
2025-11-21 17:30:12,Truong Son / Tan Son Nhat Blvd,Gan san bay,10.813928881466124,106.66511432455972,14,34,0.998753
2025-11-21 17:30:13,Nguyen Trai,Quan 5,10.755608615763382,106.67347943578082,15,27,0.997909
2025-11-21 17:30:13,Le Duan,Quan 1,10.782680856341083,106.70051548181169,12,30,1.0
2025-11-21 17:30:14,Tran Hung Dao ,Quan 5,10.754895139302109,106.67839188181134,17,33,1.0
2025-11-21 17:30:15,Tran Quoc Thao,Quan 3,10.785070445194592,106.68331340921323,12,28,1.0
2025-11-21 17:30:23,Tran Hung Dao,Quan 5,10.7549373008113,106.67848844133415,17,33,1.0
2025-11-21 17:30:24,Cach Mang Thang 8 (CMT8),Quan 3,10.77898143649726,106.67684447140958,18,34,1.0
2025-11-21 17:30:25,Pham Ngu Lao / Bui Vien,Quan 1,10.767112828386699,106.6927618222887,10,19,1.0
2025-11-21 17:30:26,Nguyen Thi Minh Khai,Quan 3,10.77847212665258,106.69389510879643,24,41,1.0
2025-11-21 17:30:27,Nguyen Van Troi,Phu Nhuan,10.796057790235078,106.67492629345334,14,34,0.998753
2025-11-21 17:30:27,Pham Van Dong,Go Vap,10.835298215641501,106.72935479345391,33,42,0.996019
2025-11-21 17:30:35,Cong truong lam son,Quan 1,10.777562007197462,106.7041335430398,12,30,1.0
2025-11-21 17:30:36,Nguyen Oanh ,Go Vap,10.83886351241477,106.67566625482782,21,36,1.0
2025-11-21 17:30:37,Le Hong Phong,Quan 10,10.765187049751795,106.67550552599073,16,37,1.0
2025-11-21 17:30:38,Nguyen Van Cu,Quan 5,10.759484371982321,106.6840537511244,17,28,1.0
2025-11-21 17:30:38,Nga tu Binh Phuoc,Ngoai o,10.865229381280965,106.72366973948475,29,49,1.0
2025-11-21 17:30:39,Phu My Hung ,Quan 7,10.72279213640514,106.72808623948244,18,37,0.998296
2025-11-21 17:30:40,Nguyen Thai Son,Phu Nhuan,10.823400120373712,106.68551227436063,20,31,1.0
2025-11-21 17:30:53,An Duong Vuong,Quan 8,10.756158554057757,106.66631758181126,16,30,1.0
2025-11-21 17:31:04,Huynh Tan Phat,Nha Be,10.7144382088356,106.73711688366167,17,36,1.0
2025-11-21 17:31:16,Truong Chinh,Tan Binh ,10.817236653231737,106.63191539530457,19,35,1.0
2025-11-21 17:33:28,Cho Ben Thanh,Quan 1,10.772727584493625,106.69804225297563,12,25,0.99753
2025-11-21 17:33:29,Duong Nguyen Hue,Quan 1,10.774028664434528,106.70357076461706,11,29,1.0
2025-11-21 17:33:30,Nguyen Van Linh,Quan 7,10.752616652291238,106.72509685338922,35,42,1.0
2025-11-21 17:33:31,Vo Van Kiet,Quan 5,10.745754766198267,106.65326266831877,34,43,0.999762
2025-11-21 17:33:32,Xa lo Ha Noi,QL1A,10.94927106740351,106.87196348224562,30,42,1.0
2025-11-21 17:33:33,Duong Dien Bien Phu,Quan 1,10.78866360854368,106.69551372228901,27,42,1.0
2025-11-21 17:33:34,Nga tu Hang Xanh,Binh Thanh,10.801406421807085,106.71148440879679,27,42,1.0
2025-11-21 17:33:40,Nga tu An Suong,Hoc Mon,10.843150534972033,106.6151343241409,18,35,1.0
2025-11-21 17:33:52,Ben xe Mien Dong,Quan 9,10.880537767027526,106.81481342866444,42,53,1.0
2025-11-21 17:33:53,Ben xe Mien Tay,Binh Tan,10.740840166521663,106.61899246873142,22,35,1.0
2025-11-21 17:33:54,Cau Sai Gon,Quan 2 ,10.798986343749618,106.72697056646841,33,45,1.0
2025-11-21 17:33:55,Cau Phu My,Q2,10.741860769464234,106.73790365482627,45,45,1.0
2025-11-21 17:33:56,Cau Kenh Te,Q4,10.752408891679814,106.7022703818112,18,34,1.0
2025-11-21 17:33:57,Cau Thu Thiem,Quan 2,10.786216596454727,106.71836665482695,32,40,1.0
2025-11-21 17:34:04,Nguyen Huu Canh,Binh Thanh,10.78948793356203,106.71518838181179,23,35,1.0
2025-11-21 17:34:16,Cong Hoa,Tan Binh,10.80223925742187,106.6478722259914,22,41,1.0
2025-11-21 17:34:28,Truong Son / Tan Son Nhat Blvd,Gan san bay,10.813928881466124,106.66511432455972,15,33,0.998454
2025-11-21 17:34:29,Nguyen Trai,Quan 5,10.755608615763382,106.67347943578082,15,27,0.996863
2025-11-21 17:34:30,Le Duan,Quan 1,10.782680856341083,106.70051548181169,13,31,1.0
2025-11-21 17:34:31,Tran Hung Dao ,Quan 5,10.754895139302109,106.67839188181134,16,34,1.0
2025-11-21 17:34:32,Tran Quoc Thao,Quan 3,10.785070445194592,106.68331340921323,12,26,1.0
2025-11-21 17:34:32,Tran Hung Dao,Quan 5,10.7549373008113,106.67848844133415,16,34,1.0
2025-11-21 17:34:44,Cach Mang Thang 8 (CMT8),Quan 3,10.77898143649726,106.67684447140958,19,34,1.0
2025-11-21 17:34:56,Pham Ngu Lao / Bui Vien,Quan 1,10.767112828386699,106.6927618222887,11,20,1.0
2025-11-21 17:34:57,Nguyen Thi Minh Khai,Quan 3,10.77847212665258,106.69389510879643,25,42,1.0
2025-11-21 17:34:58,Nguyen Van Troi,Phu Nhuan,10.796057790235078,106.67492629345334,14,33,0.998602
2025-11-21 17:34:59,Pham Van Dong,Go Vap,10.835298215641501,106.72935479345391,33,42,0.995461
2025-11-21 17:35:11,Cong truong lam son,Quan 1,10.777562007197462,106.7041335430398,12,30,1.0
2025-11-21 17:35:23,Nguyen Oanh ,Go Vap,10.83886351241477,106.67566625482782,21,36,1.0
2025-11-21 17:35:24,Le Hong Phong,Quan 10,10.765187049751795,106.67550552599073,18,36,1.0
2025-11-21 17:35:25,Nguyen Van Cu,Quan 5,10.759484371982321,106.6840537511244,15,28,0.995043
2025-11-21 17:35:25,Nga tu Binh Phuoc,Ngoai o,10.865229381280965,106.72366973948475,28,49,1.0
2025-11-21 17:35:26,Phu My Hung ,Quan 7,10.72279213640514,106.72808623948244,18,37,0.996769
2025-11-21 17:35:27,Nguyen Thai Son,Phu Nhuan,10.823400120373712,106.68551227436063,20,32,1.0
2025-11-21 17:35:35,An Duong Vuong,Quan 8,10.756158554057757,106.66631758181126,16,29,1.0
2025-11-21 17:35:36,Huynh Tan Phat,Nha Be,10.7144382088356,106.73711688366167,17,35,1.0
2025-11-21 17:35:37,Truong Chinh,Tan Binh ,10.817236653231737,106.63191539530457,18,35,1.0
2025-11-21 17:37:49,Cho Ben Thanh,Quan 1,10.772727584493625,106.69804225297563,11,24,0.99753
2025-11-21 17:37:50,Duong Nguyen Hue,Quan 1,10.774028664434528,106.70357076461706,11,29,1.0
2025-11-21 17:37:51,Nguyen Van Linh,Quan 7,10.752616652291238,106.72509685338922,29,41,1.0
2025-11-21 17:37:51,Vo Van Kiet,Quan 5,10.745754766198267,106.65326266831877,33,43,0.999762
2025-11-21 17:37:52,Xa lo Ha Noi,QL1A,10.94927106740351,106.87196348224562,27,40,1.0
2025-11-21 17:38:04,Duong Dien Bien Phu,Quan 1,10.78866360854368,106.69551372228901,27,42,1.0
2025-11-21 17:38:16,Nga tu Hang Xanh,Binh Thanh,10.801406421807085,106.71148440879679,27,42,1.0
2025-11-21 17:38:17,Nga tu An Suong,Hoc Mon,10.843150534972033,106.6151343241409,19,35,1.0
2025-11-21 17:38:29,Ben xe Mien Dong,Quan 9,10.880537767027526,106.81481342866444,39,53,1.0
2025-11-21 17:38:41,Ben xe Mien Tay,Binh Tan,10.740840166521663,106.61899246873142,22,35,1.0
2025-11-21 17:38:42,Cau Sai Gon,Quan 2 ,10.798986343749618,106.72697056646841,19,44,1.0
2025-11-21 17:38:43,Cau Phu My,Q2,10.741860769464234,106.73790365482627,45,45,1.0
2025-11-21 17:38:43,Cau Kenh Te,Q4,10.752408891679814,106.7022703818112,18,34,1.0
2025-11-21 17:38:44,Cau Thu Thiem,Quan 2,10.786216596454727,106.71836665482695,33,39,1.0
2025-11-21 17:38:45,Nguyen Huu Canh,Binh Thanh,10.78948793356203,106.71518838181179,17,35,1.0
2025-11-21 17:38:57,Cong Hoa,Tan Binh,10.80223925742187,106.6478722259914,22,41,1.0
2025-11-21 17:38:58,Truong Son / Tan Son Nhat Blvd,Gan san bay,10.813928881466124,106.66511432455972,15,34,0.999133
2025-11-21 17:39:10,Nguyen Trai,Quan 5,10.755608615763382,106.67347943578082,15,28,0.997886
2025-11-21 17:39:22,Le Duan,Quan 1,10.782680856341083,106.70051548181169,13,30,1.0
2025-11-21 17:39:23,Tran Hung Dao ,Quan 5,10.754895139302109,106.67839188181134,17,33,1.0
2025-11-21 17:39:24,Tran Quoc Thao,Quan 3,10.785070445194592,106.68331340921323,13,27,1.0
2025-11-21 17:39:24,Tran Hung Dao,Quan 5,10.7549373008113,106.67848844133415,17,33,1.0
2025-11-21 17:39:25,Cach Mang Thang 8 (CMT8),Quan 3,10.77898143649726,106.67684447140958,18,34,1.0
2025-11-21 17:39:26,Pham Ngu Lao / Bui Vien,Quan 1,10.767112828386699,106.6927618222887,20,20,1.0
2025-11-21 17:39:38,Nguyen Thi Minh Khai,Quan 3,10.77847212665258,106.69389510879643,25,41,1.0
2025-11-21 17:39:50,Nguyen Van Troi,Phu Nhuan,10.796057790235078,106.67492629345334,14,33,0.999133
2025-11-21 17:39:51,Pham Van Dong,Go Vap,10.835298215641501,106.72935479345391,30,42,0.995177
2025-11-21 17:40:03,Cong truong lam son,Quan 1,10.777562007197462,106.7041335430398,13,30,1.0
2025-11-21 17:40:04,Nguyen Oanh ,Go Vap,10.83886351241477,106.67566625482782,20,36,1.0
2025-11-21 17:40:15,Le Hong Phong,Quan 10,10.765187049751795,106.67550552599073,18,35,1.0
2025-11-21 17:40:27,Nguyen Van Cu,Quan 5,10.759484371982321,106.6840537511244,15,28,0.997886
2025-11-21 17:40:39,Nga tu Binh Phuoc,Ngoai o,10.865229381280965,106.72366973948475,30,49,1.0
2025-11-21 17:40:40,Phu My Hung ,Quan 7,10.72279213640514,106.72808623948244,19,36,0.997777
2025-11-21 17:40:41,Nguyen Thai Son,Phu Nhuan,10.823400120373712,106.68551227436063,20,31,1.0
2025-11-21 17:40:42,An Duong Vuong,Quan 8,10.756158554057757,106.66631758181126,18,29,1.0
2025-11-21 17:40:42,Huynh Tan Phat,Nha Be,10.7144382088356,106.73711688366167,19,35,1.0
2025-11-21 17:40:43,Truong Chinh,Tan Binh ,10.817236653231737,106.63191539530457,19,35,1.0
2025-11-21 17:42:55,Cho Ben Thanh,Quan 1,10.772727584493625,106.69804225297563,12,25,0.99506
2025-11-21 17:42:56,Duong Nguyen Hue,Quan 1,10.774028664434528,106.70357076461706,12,29,1.0
2025-11-21 17:42:57,Nguyen Van Linh,Quan 7,10.752616652291238,106.72509685338922,33,42,1.0
2025-11-21 17:42:58,Vo Van Kiet,Quan 5,10.745754766198267,106.65326266831877,34,42,0.999762
2025-11-21 17:42:59,Xa lo Ha Noi,QL1A,10.94927106740351,106.87196348224562,26,41,1.0
2025-11-21 17:43:11,Duong Dien Bien Phu,Quan 1,10.78866360854368,106.69551372228901,27,41,1.0
2025-11-21 17:43:23,Nga tu Hang Xanh,Binh Thanh,10.801406421807085,106.71148440879679,27,41,1.0
2025-11-21 17:43:24,Nga tu An Suong,Hoc Mon,10.843150534972033,106.6151343241409,19,35,1.0
2025-11-21 17:43:25,Ben xe Mien Dong,Quan 9,10.880537767027526,106.81481342866444,38,53,1.0
2025-11-21 17:43:26,Ben xe Mien Tay,Binh Tan,10.740840166521663,106.61899246873142,22,35,1.0
2025-11-21 17:43:26,Cau Sai Gon,Quan 2 ,10.798986343749618,106.72697056646841,19,44,1.0
2025-11-21 17:43:27,Cau Phu My,Q2,10.741860769464234,106.73790365482627,45,45,1.0
2025-11-21 17:43:36,Cau Kenh Te,Q4,10.752408891679814,106.7022703818112,19,34,1.0
2025-11-21 17:43:37,Cau Thu Thiem,Quan 2,10.786216596454727,106.71836665482695,40,40,1.0
2025-11-21 17:43:38,Nguyen Huu Canh,Binh Thanh,10.78948793356203,106.71518838181179,23,36,1.0
2025-11-21 17:43:38,Cong Hoa,Tan Binh,10.80223925742187,106.6478722259914,22,41,1.0
2025-11-21 17:43:48,Truong Son / Tan Son Nhat Blvd,Gan san bay,10.813928881466124,106.66511432455972,14,33,1.0
2025-11-21 17:43:49,Nguyen Trai,Quan 5,10.755608615763382,106.67347943578082,13,28,1.0
2025-11-21 17:43:50,Le Duan,Quan 1,10.782680856341083,106.70051548181169,9,29,1.0
2025-11-21 17:43:50,Tran Hung Dao ,Quan 5,10.754895139302109,106.67839188181134,18,33,1.0
2025-11-21 17:43:51,Tran Quoc Thao,Quan 3,10.785070445194592,106.68331340921323,10,27,1.0
2025-11-21 17:43:52,Tran Hung Dao,Quan 5,10.7549373008113,106.67848844133415,18,33,1.0
2025-11-21 17:44:00,Cach Mang Thang 8 (CMT8),Quan 3,10.77898143649726,106.67684447140958,19,34,1.0
2025-11-21 17:44:12,Pham Ngu Lao / Bui Vien,Quan 1,10.767112828386699,106.6927618222887,10,19,1.0
2025-11-21 17:44:24,Nguyen Thi Minh Khai,Quan 3,10.77847212665258,106.69389510879643,25,41,1.0
2025-11-21 17:44:25,Nguyen Van Troi,Phu Nhuan,10.796057790235078,106.67492629345334,14,33,1.0
2025-11-21 17:44:26,Pham Van Dong,Go Vap,10.835298215641501,106.72935479345391,33,42,0.995019
2025-11-21 17:44:27,Cong truong lam son,Quan 1,10.777562007197462,106.7041335430398,9,29,1.0
2025-11-21 17:44:27,Nguyen Oanh ,Go Vap,10.83886351241477,106.67566625482782,21,36,0.99742
2025-11-21 17:44:28,Le Hong Phong,Quan 10,10.765187049751795,106.67550552599073,22,36,1.0
2025-11-21 17:44:29,Nguyen Van Cu,Quan 5,10.759484371982321,106.6840537511244,13,28,1.0
2025-11-21 17:44:36,Nga tu Binh Phuoc,Ngoai o,10.865229381280965,106.72366973948475,30,49,1.0
2025-11-21 17:44:37,Phu My Hung ,Quan 7,10.72279213640514,106.72808623948244,19,37,0.997902
2025-11-21 17:44:38,Nguyen Thai Son,Phu Nhuan,10.823400120373712,106.68551227436063,19,32,1.0
2025-11-21 17:44:39,An Duong Vuong,Quan 8,10.756158554057757,106.66631758181126,16,29,1.0
2025-11-21 17:44:39,Huynh Tan Phat,Nha Be,10.7144382088356,106.73711688366167,18,35,1.0
2025-11-21 17:44:40,Truong Chinh,Tan Binh ,10.817236653231737,106.63191539530457,20,35,1.0
2025-11-21 17:46:41,Cho Ben Thanh,Quan 1,10.772727584493625,106.69804225297563,11,24,0.996295
2025-11-21 17:46:42,Duong Nguyen Hue,Quan 1,10.774028664434528,106.70357076461706,14,29,1.0
2025-11-21 17:46:43,Nguyen Van Linh,Quan 7,10.752616652291238,106.72509685338922,35,42,1.0
2025-11-21 17:46:44,Vo Van Kiet,Quan 5,10.745754766198267,106.65326266831877,35,42,0.999762
2025-11-21 17:46:45,Xa lo Ha Noi,QL1A,10.94927106740351,106.87196348224562,17,41,1.0
2025-11-21 17:46:46,Duong Dien Bien Phu,Quan 1,10.78866360854368,106.69551372228901,27,41,1.0
2025-11-21 17:46:47,Nga tu Hang Xanh,Binh Thanh,10.801406421807085,106.71148440879679,27,41,1.0
2025-11-21 17:46:58,Nga tu An Suong,Hoc Mon,10.843150534972033,106.6151343241409,19,35,1.0
2025-11-21 17:47:10,Ben xe Mien Dong,Quan 9,10.880537767027526,106.81481342866444,38,53,1.0
2025-11-21 17:47:22,Ben xe Mien Tay,Binh Tan,10.740840166521663,106.61899246873142,22,35,1.0
2025-11-21 17:47:34,Cau Sai Gon,Quan 2 ,10.798986343749618,106.72697056646841,31,44,1.0
2025-11-21 17:47:35,Cau Phu My,Q2,10.741860769464234,106.73790365482627,45,45,1.0
2025-11-21 17:47:36,Cau Kenh Te,Q4,10.752408891679814,106.7022703818112,18,34,1.0
2025-11-21 17:47:37,Cau Thu Thiem,Quan 2,10.786216596454727,106.71836665482695,40,40,1.0
2025-11-21 17:47:38,Nguyen Huu Canh,Binh Thanh,10.78948793356203,106.71518838181179,21,35,1.0
2025-11-21 17:47:39,Cong Hoa,Tan Binh,10.80223925742187,106.6478722259914,24,41,1.0
2025-11-21 17:47:50,Truong Son / Tan Son Nhat Blvd,Gan san bay,10.813928881466124,106.66511432455972,14,33,0.998923
2025-11-21 17:48:02,Nguyen Trai,Quan 5,10.755608615763382,106.67347943578082,14,27,1.0
2025-11-21 17:48:03,Le Duan,Quan 1,10.782680856341083,106.70051548181169,11,31,1.0
2025-11-21 17:48:04,Tran Hung Dao ,Quan 5,10.754895139302109,106.67839188181134,18,33,1.0
2025-11-21 17:48:05,Tran Quoc Thao,Quan 3,10.785070445194592,106.68331340921323,10,29,1.0
2025-11-21 17:48:06,Tran Hung Dao,Quan 5,10.7549373008113,106.67848844133415,17,33,1.0
2025-11-21 17:48:07,Cach Mang Thang 8 (CMT8),Quan 3,10.77898143649726,106.67684447140958,20,35,1.0
2025-11-21 17:48:08,Pham Ngu Lao / Bui Vien,Quan 1,10.767112828386699,106.6927618222887,13,20,1.0
2025-11-21 17:48:08,Nguyen Thi Minh Khai,Quan 3,10.77847212665258,106.69389510879643,25,42,1.0
2025-11-21 17:48:09,Nguyen Van Troi,Phu Nhuan,10.796057790235078,106.67492629345334,14,33,0.998692
2025-11-21 17:48:10,Pham Van Dong,Go Vap,10.835298215641501,106.72935479345391,32,42,0.995031
2025-11-21 17:48:11,Cong truong lam son,Quan 1,10.777562007197462,106.7041335430398,11,30,1.0
2025-11-21 17:48:12,Nguyen Oanh ,Go Vap,10.83886351241477,106.67566625482782,22,36,0.99742
2025-11-21 17:48:13,Le Hong Phong,Quan 10,10.765187049751795,106.67550552599073,24,36,1.0
2025-11-21 17:48:14,Nguyen Van Cu,Quan 5,10.759484371982321,106.6840537511244,15,27,1.0
2025-11-21 17:48:14,Nga tu Binh Phuoc,Ngoai o,10.865229381280965,106.72366973948475,29,49,1.0
2025-11-21 17:48:18,Phu My Hung ,Quan 7,10.72279213640514,106.72808623948244,18,37,0.9983
2025-11-21 17:48:19,Nguyen Thai Son,Phu Nhuan,10.823400120373712,106.68551227436063,21,32,1.0
2025-11-21 17:48:19,An Duong Vuong,Quan 8,10.756158554057757,106.66631758181126,16,29,1.0
2025-11-21 17:48:31,Huynh Tan Phat,Nha Be,10.7144382088356,106.73711688366167,18,35,1.0
2025-11-21 17:48:32,Truong Chinh,Tan Binh ,10.817236653231737,106.63191539530457,20,35,1.0
2025-11-21 17:50:44,Cho Ben Thanh,Quan 1,10.772727584493625,106.69804225297563,12,24,0.99753
2025-11-21 17:50:45,Duong Nguyen Hue,Quan 1,10.774028664434528,106.70357076461706,14,29,1.0
2025-11-21 17:50:46,Nguyen Van Linh,Quan 7,10.752616652291238,106.72509685338922,32,42,1.0
2025-11-21 17:50:47,Vo Van Kiet,Quan 5,10.745754766198267,106.65326266831877,34,43,0.999762
2025-11-21 17:50:48,Xa lo Ha Noi,QL1A,10.94927106740351,106.87196348224562,26,41,1.0
2025-11-21 17:50:48,Duong Dien Bien Phu,Quan 1,10.78866360854368,106.69551372228901,28,42,1.0
2025-11-21 17:51:00,Nga tu Hang Xanh,Binh Thanh,10.801406421807085,106.71148440879679,28,42,1.0
2025-11-21 17:51:12,Nga tu An Suong,Hoc Mon,10.843150534972033,106.6151343241409,20,34,1.0
2025-11-21 17:51:24,Ben xe Mien Dong,Quan 9,10.880537767027526,106.81481342866444,39,53,1.0
2025-11-21 17:51:36,Ben xe Mien Tay,Binh Tan,10.740840166521663,106.61899246873142,22,35,1.0
2025-11-21 17:51:37,Cau Sai Gon,Quan 2 ,10.798986343749618,106.72697056646841,23,45,1.0
2025-11-21 17:51:38,Cau Phu My,Q2,10.741860769464234,106.73790365482627,39,44,1.0
2025-11-21 17:51:39,Cau Kenh Te,Q4,10.752408891679814,106.7022703818112,16,34,1.0
2025-11-21 17:51:40,Cau Thu Thiem,Quan 2,10.786216596454727,106.71836665482695,40,40,1.0
2025-11-21 17:51:41,Nguyen Huu Canh,Binh Thanh,10.78948793356203,106.71518838181179,36,36,1.0
2025-11-21 17:51:42,Cong Hoa,Tan Binh,10.80223925742187,106.6478722259914,25,41,1.0
2025-11-21 17:51:53,Truong Son / Tan Son Nhat Blvd,Gan san bay,10.813928881466124,106.66511432455972,14,35,0.998955
2025-11-21 17:52:06,Nguyen Trai,Quan 5,10.755608615763382,106.67347943578082,17,28,1.0
2025-11-21 17:52:17,Le Duan,Quan 1,10.782680856341083,106.70051548181169,10,30,1.0
2025-11-21 17:52:29,Tran Hung Dao ,Quan 5,10.754895139302109,106.67839188181134,16,33,1.0
2025-11-21 17:52:30,Tran Quoc Thao,Quan 3,10.785070445194592,106.68331340921323,11,26,1.0
2025-11-21 17:52:31,Tran Hung Dao,Quan 5,10.7549373008113,106.67848844133415,16,33,1.0
2025-11-21 17:52:32,Cach Mang Thang 8 (CMT8),Quan 3,10.77898143649726,106.67684447140958,20,35,1.0
2025-11-21 17:52:33,Pham Ngu Lao / Bui Vien,Quan 1,10.767112828386699,106.6927618222887,12,20,1.0
2025-11-21 17:52:45,Nguyen Thi Minh Khai,Quan 3,10.77847212665258,106.69389510879643,24,41,1.0
2025-11-21 17:52:57,Nguyen Van Troi,Phu Nhuan,10.796057790235078,106.67492629345334,13,34,0.998843
2025-11-21 17:52:58,Pham Van Dong,Go Vap,10.835298215641501,106.72935479345391,32,42,0.995664
2025-11-21 17:52:58,Cong truong lam son,Quan 1,10.777562007197462,106.7041335430398,10,30,1.0
2025-11-21 17:53:20,Nguyen Oanh ,Go Vap,10.83886351241477,106.67566625482782,22,36,0.994689
2025-11-21 17:53:32,Le Hong Phong,Quan 10,10.765187049751795,106.67550552599073,20,36,1.0
2025-11-21 17:53:33,Nguyen Van Cu,Quan 5,10.759484371982321,106.6840537511244,18,28,1.0
2025-11-21 17:53:34,Nga tu Binh Phuoc,Ngoai o,10.865229381280965,106.72366973948475,28,49,1.0
2025-11-21 17:53:35,Phu My Hung ,Quan 7,10.72279213640514,106.72808623948244,19,37,0.996751
2025-11-21 17:53:36,Nguyen Thai Son,Phu Nhuan,10.823400120373712,106.68551227436063,20,31,1.0
2025-11-21 17:53:37,An Duong Vuong,Quan 8,10.756158554057757,106.66631758181126,15,31,1.0
2025-11-21 17:53:44,Huynh Tan Phat,Nha Be,10.7144382088356,106.73711688366167,18,35,1.0
2025-11-21 17:53:56,Truong Chinh,Tan Binh ,10.817236653231737,106.63191539530457,20,35,1.0
2025-11-21 17:56:08,Cho Ben Thanh,Quan 1,10.772727584493625,106.69804225297563,13,24,0.99753
2025-11-21 17:56:20,Duong Nguyen Hue,Quan 1,10.774028664434528,106.70357076461706,14,28,1.0
2025-11-21 17:56:21,Nguyen Van Linh,Quan 7,10.752616652291238,106.72509685338922,33,42,1.0
2025-11-21 17:56:22,Vo Van Kiet,Quan 5,10.745754766198267,106.65326266831877,35,43,0.999762
2025-11-21 17:56:23,Xa lo Ha Noi,QL1A,10.94927106740351,106.87196348224562,24,41,1.0
2025-11-21 17:56:24,Duong Dien Bien Phu,Quan 1,10.78866360854368,106.69551372228901,26,42,1.0
2025-11-21 17:56:25,Nga tu Hang Xanh,Binh Thanh,10.801406421807085,106.71148440879679,26,42,1.0
2025-11-21 17:56:26,Nga tu An Suong,Hoc Mon,10.843150534972033,106.6151343241409,20,35,1.0
2025-11-21 17:56:27,Ben xe Mien Dong,Quan 9,10.880537767027526,106.81481342866444,40,53,1.0
2025-11-21 17:56:27,Ben xe Mien Tay,Binh Tan,10.740840166521663,106.61899246873142,23,35,1.0
2025-11-21 17:56:28,Cau Sai Gon,Quan 2 ,10.798986343749618,106.72697056646841,45,45,1.0
2025-11-21 17:56:29,Cau Phu My,Q2,10.741860769464234,106.73790365482627,45,45,1.0
2025-11-21 17:56:30,Cau Kenh Te,Q4,10.752408891679814,106.7022703818112,17,34,1.0
2025-11-21 17:56:31,Cau Thu Thiem,Quan 2,10.786216596454727,106.71836665482695,33,40,1.0
2025-11-21 17:56:32,Nguyen Huu Canh,Binh Thanh,10.78948793356203,106.71518838181179,16,36,1.0
2025-11-21 17:56:33,Cong Hoa,Tan Binh,10.80223925742187,106.6478722259914,21,41,1.0
2025-11-21 17:56:33,Truong Son / Tan Son Nhat Blvd,Gan san bay,10.813928881466124,106.66511432455972,15,34,0.998923
2025-11-21 17:56:40,Nguyen Trai,Quan 5,10.755608615763382,106.67347943578082,18,28,0.997878
2025-11-21 17:56:51,Le Duan,Quan 1,10.782680856341083,106.70051548181169,10,30,1.0
2025-11-21 17:56:52,Tran Hung Dao ,Quan 5,10.754895139302109,106.67839188181134,16,33,1.0
2025-11-21 17:56:53,Tran Quoc Thao,Quan 3,10.785070445194592,106.68331340921323,12,27,1.0
2025-11-21 17:56:54,Tran Hung Dao,Quan 5,10.7549373008113,106.67848844133415,16,33,1.0
2025-11-21 17:56:55,Cach Mang Thang 8 (CMT8),Quan 3,10.77898143649726,106.67684447140958,19,34,1.0
2025-11-21 17:56:56,Pham Ngu Lao / Bui Vien,Quan 1,10.767112828386699,106.6927618222887,12,20,1.0
2025-11-21 17:57:08,Nguyen Thi Minh Khai,Quan 3,10.77847212665258,106.69389510879643,25,41,1.0
2025-11-21 17:57:09,Nguyen Van Troi,Phu Nhuan,10.796057790235078,106.67492629345334,15,34,0.998923
2025-11-21 17:57:10,Pham Van Dong,Go Vap,10.835298215641501,106.72935479345391,32,42,0.997026
2025-11-21 17:57:10,Cong truong lam son,Quan 1,10.777562007197462,106.7041335430398,10,30,1.0
2025-11-21 17:57:11,Nguyen Oanh ,Go Vap,10.83886351241477,106.67566625482782,22,37,0.994801
2025-11-21 17:57:12,Le Hong Phong,Quan 10,10.765187049751795,106.67550552599073,17,36,1.0
2025-11-21 17:57:13,Nguyen Van Cu,Quan 5,10.759484371982321,106.6840537511244,18,28,0.997878
2025-11-21 17:57:20,Nga tu Binh Phuoc,Ngoai o,10.865229381280965,106.72366973948475,29,49,1.0
2025-11-21 17:57:21,Phu My Hung ,Quan 7,10.72279213640514,106.72808623948244,19,37,0.996697
2025-11-21 17:57:22,Nguyen Thai Son,Phu Nhuan,10.823400120373712,106.68551227436063,20,31,1.0
2025-11-21 17:57:23,An Duong Vuong,Quan 8,10.756158554057757,106.66631758181126,15,29,1.0
2025-11-21 17:57:23,Huynh Tan Phat,Nha Be,10.7144382088356,106.73711688366167,18,35,1.0
2025-11-21 17:57:24,Truong Chinh,Tan Binh ,10.817236653231737,106.63191539530457,20,35,1.0
2025-11-21 17:59:25,Cho Ben Thanh,Quan 1,10.772727584493625,106.69804225297563,11,24,0.998765
2025-11-21 17:59:26,Duong Nguyen Hue,Quan 1,10.774028664434528,106.70357076461706,10,29,1.0
2025-11-21 17:59:27,Nguyen Van Linh,Quan 7,10.752616652291238,106.72509685338922,32,42,1.0
2025-11-21 17:59:28,Vo Van Kiet,Quan 5,10.745754766198267,106.65326266831877,36,43,0.999762
2025-11-21 17:59:29,Xa lo Ha Noi,QL1A,10.94927106740351,106.87196348224562,28,41,1.0
2025-11-21 17:59:30,Duong Dien Bien Phu,Quan 1,10.78866360854368,106.69551372228901,26,42,1.0
2025-11-21 17:59:36,Nga tu Hang Xanh,Binh Thanh,10.801406421807085,106.71148440879679,26,42,1.0
2025-11-21 17:59:37,Nga tu An Suong,Hoc Mon,10.843150534972033,106.6151343241409,21,35,1.0
2025-11-21 17:59:49,Ben xe Mien Dong,Quan 9,10.880537767027526,106.81481342866444,42,53,1.0
2025-11-21 18:00:01,Ben xe Mien Tay,Binh Tan,10.740840166521663,106.61899246873142,23,35,1.0
2025-11-21 18:00:02,Cau Sai Gon,Quan 2 ,10.798986343749618,106.72697056646841,26,43,1.0
2025-11-21 18:00:03,Cau Phu My,Q2,10.741860769464234,106.73790365482627,45,45,1.0
2025-11-21 18:00:04,Cau Kenh Te,Q4,10.752408891679814,106.7022703818112,18,34,1.0
2025-11-21 18:00:05,Cau Thu Thiem,Quan 2,10.786216596454727,106.71836665482695,34,39,1.0
2025-11-21 18:00:05,Nguyen Huu Canh,Binh Thanh,10.78948793356203,106.71518838181179,19,34,1.0
2025-11-21 18:00:06,Cong Hoa,Tan Binh,10.80223925742187,106.6478722259914,22,41,1.0
2025-11-21 18:00:07,Truong Son / Tan Son Nhat Blvd,Gan san bay,10.813928881466124,106.66511432455972,14,34,0.998692
2025-11-21 18:00:08,Nguyen Trai,Quan 5,10.755608615763382,106.67347943578082,16,28,0.997871
2025-11-21 18:00:09,Le Duan,Quan 1,10.782680856341083,106.70051548181169,11,31,1.0
2025-11-21 18:00:10,Tran Hung Dao ,Quan 5,10.754895139302109,106.67839188181134,16,32,1.0
2025-11-21 18:00:11,Tran Quoc Thao,Quan 3,10.785070445194592,106.68331340921323,13,27,1.0
2025-11-21 18:00:22,Tran Hung Dao,Quan 5,10.7549373008113,106.67848844133415,16,32,1.0
2025-11-21 18:00:23,Cach Mang Thang 8 (CMT8),Quan 3,10.77898143649726,106.67684447140958,18,34,1.0
2025-11-21 18:00:24,Pham Ngu Lao / Bui Vien,Quan 1,10.767112828386699,106.6927618222887,14,20,1.0
2025-11-21 18:00:25,Nguyen Thi Minh Khai,Quan 3,10.77847212665258,106.69389510879643,24,42,1.0
2025-11-21 18:00:26,Nguyen Van Troi,Phu Nhuan,10.796057790235078,106.67492629345334,14,34,0.998692
2025-11-21 18:00:27,Pham Van Dong,Go Vap,10.835298215641501,106.72935479345391,33,42,0.997275
2025-11-21 18:00:39,Cong truong lam son,Quan 1,10.777562007197462,106.7041335430398,11,31,1.0
2025-11-21 18:00:51,Nguyen Oanh ,Go Vap,10.83886351241477,106.67566625482782,22,36,0.99742
2025-11-21 18:00:51,Le Hong Phong,Quan 10,10.765187049751795,106.67550552599073,19,35,1.0
2025-11-21 18:00:52,Nguyen Van Cu,Quan 5,10.759484371982321,106.6840537511244,16,28,0.997871
2025-11-21 18:00:53,Nga tu Binh Phuoc,Ngoai o,10.865229381280965,106.72366973948475,29,49,1.0
2025-11-21 18:00:54,Phu My Hung ,Quan 7,10.72279213640514,106.72808623948244,17,37,0.996792
2025-11-21 18:00:55,Nguyen Thai Son,Phu Nhuan,10.823400120373712,106.68551227436063,20,31,1.0
2025-11-21 18:00:56,An Duong Vuong,Quan 8,10.756158554057757,106.66631758181126,14,28,1.0
2025-11-21 18:00:57,Huynh Tan Phat,Nha Be,10.7144382088356,106.73711688366167,18,36,1.0
2025-11-21 18:01:03,Truong Chinh,Tan Binh ,10.817236653231737,106.63191539530457,20,35,1.0
2025-11-21 18:03:15,Cho Ben Thanh,Quan 1,10.772727584493625,106.69804225297563,12,24,0.998765
2025-11-21 18:03:15,Duong Nguyen Hue,Quan 1,10.774028664434528,106.70357076461706,14,28,1.0
2025-11-21 18:03:16,Nguyen Van Linh,Quan 7,10.752616652291238,106.72509685338922,28,40,1.0
2025-11-21 18:03:17,Vo Van Kiet,Quan 5,10.745754766198267,106.65326266831877,34,43,0.999762
2025-11-21 18:03:18,Xa lo Ha Noi,QL1A,10.94927106740351,106.87196348224562,27,41,1.0
2025-11-21 18:03:19,Duong Dien Bien Phu,Quan 1,10.78866360854368,106.69551372228901,27,42,1.0
2025-11-21 18:03:20,Nga tu Hang Xanh,Binh Thanh,10.801406421807085,106.71148440879679,27,42,1.0
2025-11-21 18:03:21,Nga tu An Suong,Hoc Mon,10.843150534972033,106.6151343241409,21,35,1.0
2025-11-21 18:03:21,Ben xe Mien Dong,Quan 9,10.880537767027526,106.81481342866444,41,53,1.0
2025-11-21 18:03:30,Ben xe Mien Tay,Binh Tan,10.740840166521663,106.61899246873142,24,36,1.0
2025-11-21 18:03:42,Cau Sai Gon,Quan 2 ,10.798986343749618,106.72697056646841,23,45,1.0
2025-11-21 18:03:54,Cau Phu My,Q2,10.741860769464234,106.73790365482627,45,45,1.0
2025-11-21 18:04:06,Cau Kenh Te,Q4,10.752408891679814,106.7022703818112,18,34,1.0
2025-11-21 18:04:07,Cau Thu Thiem,Quan 2,10.786216596454727,106.71836665482695,36,40,1.0
2025-11-21 18:04:08,Nguyen Huu Canh,Binh Thanh,10.78948793356203,106.71518838181179,20,36,1.0
2025-11-21 18:04:20,Cong Hoa,Tan Binh,10.80223925742187,106.6478722259914,22,41,1.0
2025-11-21 18:04:32,Truong Son / Tan Son Nhat Blvd,Gan san bay,10.813928881466124,106.66511432455972,14,34,0.999322
2025-11-21 18:04:32,Nguyen Trai,Quan 5,10.755608615763382,106.67347943578082,17,28,1.0
2025-11-21 18:04:33,Le Duan,Quan 1,10.782680856341083,106.70051548181169,12,30,1.0
2025-11-21 18:04:34,Tran Hung Dao ,Quan 5,10.754895139302109,106.67839188181134,15,33,1.0
2025-11-21 18:04:35,Tran Quoc Thao,Quan 3,10.785070445194592,106.68331340921323,11,26,1.0
2025-11-21 18:04:36,Tran Hung Dao,Quan 5,10.7549373008113,106.67848844133415,15,33,1.0
2025-11-21 18:04:48,Cach Mang Thang 8 (CMT8),Quan 3,10.77898143649726,106.67684447140958,18,34,1.0
2025-11-21 18:05:00,Pham Ngu Lao / Bui Vien,Quan 1,10.767112828386699,106.6927618222887,12,20,1.0
2025-11-21 18:05:22,Nguyen Thi Minh Khai,Quan 3,10.77847212665258,106.69389510879643,25,42,1.0
2025-11-21 18:05:23,Nguyen Van Troi,Phu Nhuan,10.796057790235078,106.67492629345334,14,34,0.999707
2025-11-21 18:05:24,Pham Van Dong,Go Vap,10.835298215641501,106.72935479345391,32,42,0.998111
2025-11-21 18:05:25,Cong truong lam son,Quan 1,10.777562007197462,106.7041335430398,12,31,1.0
2025-11-21 18:05:25,Nguyen Oanh ,Go Vap,10.83886351241477,106.67566625482782,22,36,1.0
2025-11-21 18:05:26,Le Hong Phong,Quan 10,10.765187049751795,106.67550552599073,18,36,1.0
2025-11-21 18:05:27,Nguyen Van Cu,Quan 5,10.759484371982321,106.6840537511244,17,28,1.0
2025-11-21 18:05:28,Nga tu Binh Phuoc,Ngoai o,10.865229381280965,106.72366973948475,29,49,1.0
2025-11-21 18:05:29,Phu My Hung ,Quan 7,10.72279213640514,106.72808623948244,18,37,0.995741
2025-11-21 18:05:30,Nguyen Thai Son,Phu Nhuan,10.823400120373712,106.68551227436063,18,32,1.0
2025-11-21 18:05:30,An Duong Vuong,Quan 8,10.756158554057757,106.66631758181126,15,29,1.0
2025-11-21 18:05:31,Huynh Tan Phat,Nha Be,10.7144382088356,106.73711688366167,19,35,1.0
2025-11-21 18:05:43,Truong Chinh,Tan Binh ,10.817236653231737,106.63191539530457,20,35,1.0
2025-11-21 18:07:55,Cho Ben Thanh,Quan 1,10.772727584493625,106.69804225297563,11,24,0.998765
2025-11-21 18:07:56,Duong Nguyen Hue,Quan 1,10.774028664434528,106.70357076461706,15,27,1.0
2025-11-21 18:07:57,Nguyen Van Linh,Quan 7,10.752616652291238,106.72509685338922,39,39,1.0
2025-11-21 18:07:58,Vo Van Kiet,Quan 5,10.745754766198267,106.65326266831877,33,42,1.0
2025-11-21 18:07:59,Xa lo Ha Noi,QL1A,10.94927106740351,106.87196348224562,20,41,1.0
2025-11-21 18:07:59,Duong Dien Bien Phu,Quan 1,10.78866360854368,106.69551372228901,26,42,1.0
2025-11-21 18:08:11,Nga tu Hang Xanh,Binh Thanh,10.801406421807085,106.71148440879679,26,42,1.0
2025-11-21 18:08:23,Nga tu An Suong,Hoc Mon,10.843150534972033,106.6151343241409,20,35,1.0
2025-11-21 18:08:24,Ben xe Mien Dong,Quan 9,10.880537767027526,106.81481342866444,39,53,1.0
2025-11-21 18:08:36,Ben xe Mien Tay,Binh Tan,10.740840166521663,106.61899246873142,23,35,1.0
2025-11-21 18:08:37,Cau Sai Gon,Quan 2 ,10.798986343749618,106.72697056646841,36,44,1.0
2025-11-21 18:08:38,Cau Phu My,Q2,10.741860769464234,106.73790365482627,45,45,1.0
2025-11-21 18:08:50,Cau Kenh Te,Q4,10.752408891679814,106.7022703818112,18,34,1.0
2025-11-21 18:09:02,Cau Thu Thiem,Quan 2,10.786216596454727,106.71836665482695,33,40,1.0
2025-11-21 18:09:03,Nguyen Huu Canh,Binh Thanh,10.78948793356203,106.71518838181179,21,35,1.0
2025-11-21 18:09:03,Cong Hoa,Tan Binh,10.80223925742187,106.6478722259914,23,40,1.0
2025-11-21 18:09:04,Truong Son / Tan Son Nhat Blvd,Gan san bay,10.813928881466124,106.66511432455972,13,33,0.999003
2025-11-21 18:09:05,Nguyen Trai,Quan 5,10.755608615763382,106.67347943578082,15,27,1.0
2025-11-21 18:09:17,Le Duan,Quan 1,10.782680856341083,106.70051548181169,11,31,1.0
2025-11-21 18:09:29,Tran Hung Dao ,Quan 5,10.754895139302109,106.67839188181134,16,33,1.0
2025-11-21 18:09:41,Tran Quoc Thao,Quan 3,10.785070445194592,106.68331340921323,14,28,1.0
2025-11-21 18:09:53,Tran Hung Dao,Quan 5,10.7549373008113,106.67848844133415,16,33,1.0
2025-11-21 18:10:05,Cach Mang Thang 8 (CMT8),Quan 3,10.77898143649726,106.67684447140958,20,34,1.0
2025-11-21 18:10:06,Pham Ngu Lao / Bui Vien,Quan 1,10.767112828386699,106.6927618222887,13,19,1.0
2025-11-21 18:10:07,Nguyen Thi Minh Khai,Quan 3,10.77847212665258,106.69389510879643,25,42,1.0
2025-11-21 18:10:08,Nguyen Van Troi,Phu Nhuan,10.796057790235078,106.67492629345334,13,33,1.0
2025-11-21 18:10:08,Pham Van Dong,Go Vap,10.835298215641501,106.72935479345391,34,42,0.99802
2025-11-21 18:10:09,Cong truong lam son,Quan 1,10.777562007197462,106.7041335430398,11,30,1.0
2025-11-21 18:10:21,Nguyen Oanh ,Go Vap,10.83886351241477,106.67566625482782,22,36,1.0
2025-11-21 18:10:33,Le Hong Phong,Quan 10,10.765187049751795,106.67550552599073,15,35,1.0
2025-11-21 18:10:34,Nguyen Van Cu,Quan 5,10.759484371982321,106.6840537511244,15,27,1.0
2025-11-21 18:10:35,Nga tu Binh Phuoc,Ngoai o,10.865229381280965,106.72366973948475,29,49,1.0
2025-11-21 18:10:36,Phu My Hung ,Quan 7,10.72279213640514,106.72808623948244,20,37,0.99521
2025-11-21 18:10:37,Nguyen Thai Son,Phu Nhuan,10.823400120373712,106.68551227436063,22,31,1.0
2025-11-21 18:10:38,An Duong Vuong,Quan 8,10.756158554057757,106.66631758181126,18,28,1.0
2025-11-21 18:10:46,Huynh Tan Phat,Nha Be,10.7144382088356,106.73711688366167,19,35,1.0
2025-11-21 18:10:58,Truong Chinh,Tan Binh ,10.817236653231737,106.63191539530457,21,35,1.0
2025-11-21 18:13:10,Cho Ben Thanh,Quan 1,10.772727584493625,106.69804225297563,11,24,0.998765
2025-11-21 18:13:22,Duong Nguyen Hue,Quan 1,10.774028664434528,106.70357076461706,16,28,1.0
2025-11-21 18:13:23,Nguyen Van Linh,Quan 7,10.752616652291238,106.72509685338922,32,42,1.0
2025-11-21 18:13:23,Vo Van Kiet,Quan 5,10.745754766198267,106.65326266831877,32,43,1.0
2025-11-21 18:13:24,Xa lo Ha Noi,QL1A,10.94927106740351,106.87196348224562,28,41,1.0
2025-11-21 18:13:25,Duong Dien Bien Phu,Quan 1,10.78866360854368,106.69551372228901,26,41,1.0
2025-11-21 18:13:26,Nga tu Hang Xanh,Binh Thanh,10.801406421807085,106.71148440879679,26,41,1.0
2025-11-21 18:13:34,Nga tu An Suong,Hoc Mon,10.843150534972033,106.6151343241409,21,35,1.0
2025-11-21 18:13:34,Ben xe Mien Dong,Quan 9,10.880537767027526,106.81481342866444,40,53,1.0
2025-11-21 18:13:35,Ben xe Mien Tay,Binh Tan,10.740840166521663,106.61899246873142,23,35,1.0
2025-11-21 18:13:36,Cau Sai Gon,Quan 2 ,10.798986343749618,106.72697056646841,22,45,1.0
2025-11-21 18:13:37,Cau Phu My,Q2,10.741860769464234,106.73790365482627,45,45,1.0
2025-11-21 18:13:38,Cau Kenh Te,Q4,10.752408891679814,106.7022703818112,16,33,1.0
2025-11-21 18:13:46,Cau Thu Thiem,Quan 2,10.786216596454727,106.71836665482695,34,40,1.0
2025-11-21 18:13:46,Nguyen Huu Canh,Binh Thanh,10.78948793356203,106.71518838181179,24,35,1.0
2025-11-21 18:13:47,Cong Hoa,Tan Binh,10.80223925742187,106.6478722259914,28,41,1.0
2025-11-21 18:13:48,Truong Son / Tan Son Nhat Blvd,Gan san bay,10.813928881466124,106.66511432455972,14,34,0.99905
2025-11-21 18:13:49,Nguyen Trai,Quan 5,10.755608615763382,106.67347943578082,14,27,0.994925
2025-11-21 18:13:50,Le Duan,Quan 1,10.782680856341083,106.70051548181169,11,30,1.0
2025-11-21 18:13:57,Tran Hung Dao ,Quan 5,10.754895139302109,106.67839188181134,16,33,1.0
2025-11-21 18:13:59,Tran Quoc Thao,Quan 3,10.785070445194592,106.68331340921323,10,26,1.0
2025-11-21 18:14:20,Tran Hung Dao,Quan 5,10.7549373008113,106.67848844133415,16,33,1.0
2025-11-21 18:14:21,Cach Mang Thang 8 (CMT8),Quan 3,10.77898143649726,106.67684447140958,20,34,1.0
2025-11-21 18:14:22,Pham Ngu Lao / Bui Vien,Quan 1,10.767112828386699,106.6927618222887,13,19,1.0
2025-11-21 18:14:23,Nguyen Thi Minh Khai,Quan 3,10.77847212665258,106.69389510879643,25,42,1.0
2025-11-21 18:14:24,Nguyen Van Troi,Phu Nhuan,10.796057790235078,106.67492629345334,14,34,0.99905
2025-11-21 18:14:36,Pham Van Dong,Go Vap,10.835298215641501,106.72935479345391,33,42,0.99838
2025-11-21 18:14:48,Cong truong lam son,Quan 1,10.777562007197462,106.7041335430398,11,29,1.0
2025-11-21 18:15:00,Nguyen Oanh ,Go Vap,10.83886351241477,106.67566625482782,23,36,0.99722
2025-11-21 18:15:12,Le Hong Phong,Quan 10,10.765187049751795,106.67550552599073,22,36,1.0
2025-11-21 18:15:24,Nguyen Van Cu,Quan 5,10.759484371982321,106.6840537511244,17,27,0.994223
2025-11-21 18:15:25,Nga tu Binh Phuoc,Ngoai o,10.865229381280965,106.72366973948475,30,49,1.0
2025-11-21 18:15:25,Phu My Hung ,Quan 7,10.72279213640514,106.72808623948244,20,37,0.998403
2025-11-21 18:15:26,Nguyen Thai Son,Phu Nhuan,10.823400120373712,106.68551227436063,20,31,1.0
2025-11-21 18:15:27,An Duong Vuong,Quan 8,10.756158554057757,106.66631758181126,16,29,1.0
2025-11-21 18:15:28,Huynh Tan Phat,Nha Be,10.7144382088356,106.73711688366167,19,35,1.0
2025-11-21 18:15:39,Truong Chinh,Tan Binh ,10.817236653231737,106.63191539530457,22,35,1.0
2025-11-21 18:17:51,Cho Ben Thanh,Quan 1,10.772727584493625,106.69804225297563,11,24,0.998765
2025-11-21 18:17:52,Duong Nguyen Hue,Quan 1,10.774028664434528,106.70357076461706,15,28,1.0
2025-11-21 18:17:53,Nguyen Van Linh,Quan 7,10.752616652291238,106.72509685338922,33,41,1.0
2025-11-21 18:17:54,Vo Van Kiet,Quan 5,10.745754766198267,106.65326266831877,37,43,1.0
2025-11-21 18:17:55,Xa lo Ha Noi,QL1A,10.94927106740351,106.87196348224562,24,41,1.0
2025-11-21 18:17:55,Duong Dien Bien Phu,Quan 1,10.78866360854368,106.69551372228901,25,42,1.0
2025-11-21 18:18:07,Nga tu Hang Xanh,Binh Thanh,10.801406421807085,106.71148440879679,25,42,1.0
2025-11-21 18:18:08,Nga tu An Suong,Hoc Mon,10.843150534972033,106.6151343241409,21,35,1.0
2025-11-21 18:18:09,Ben xe Mien Dong,Quan 9,10.880537767027526,106.81481342866444,41,53,1.0
2025-11-21 18:18:10,Ben xe Mien Tay,Binh Tan,10.740840166521663,106.61899246873142,24,35,1.0
2025-11-21 18:18:11,Cau Sai Gon,Quan 2 ,10.798986343749618,106.72697056646841,11,44,1.0
2025-11-21 18:18:12,Cau Phu My,Q2,10.741860769464234,106.73790365482627,38,44,1.0
2025-11-21 18:18:19,Cau Kenh Te,Q4,10.752408891679814,106.7022703818112,17,34,1.0
2025-11-21 18:18:20,Cau Thu Thiem,Quan 2,10.786216596454727,106.71836665482695,33,40,1.0
2025-11-21 18:18:21,Nguyen Huu Canh,Binh Thanh,10.78948793356203,106.71518838181179,25,35,1.0
2025-11-21 18:18:22,Cong Hoa,Tan Binh,10.80223925742187,106.6478722259914,25,41,1.0
2025-11-21 18:18:23,Truong Son / Tan Son Nhat Blvd,Gan san bay,10.813928881466124,106.66511432455972,13,34,0.999713
2025-11-21 18:18:24,Nguyen Trai,Quan 5,10.755608615763382,106.67347943578082,15,27,1.0
2025-11-21 18:18:24,Le Duan,Quan 1,10.782680856341083,106.70051548181169,11,30,1.0
2025-11-21 18:18:31,Tran Hung Dao ,Quan 5,10.754895139302109,106.67839188181134,16,33,1.0
2025-11-21 18:18:32,Tran Quoc Thao,Quan 3,10.785070445194592,106.68331340921323,12,27,1.0
2025-11-21 18:18:33,Tran Hung Dao,Quan 5,10.7549373008113,106.67848844133415,16,33,1.0
2025-11-21 18:18:34,Cach Mang Thang 8 (CMT8),Quan 3,10.77898143649726,106.67684447140958,21,34,1.0
2025-11-21 18:18:35,Pham Ngu Lao / Bui Vien,Quan 1,10.767112828386699,106.6927618222887,11,20,1.0
2025-11-21 18:18:36,Nguyen Thi Minh Khai,Quan 3,10.77847212665258,106.69389510879643,25,41,1.0
2025-11-21 18:18:47,Nguyen Van Troi,Phu Nhuan,10.796057790235078,106.67492629345334,14,34,0.998955
2025-11-21 18:18:59,Pham Van Dong,Go Vap,10.835298215641501,106.72935479345391,31,42,0.998559
2025-11-21 18:19:00,Cong truong lam son,Quan 1,10.777562007197462,106.7041335430398,11,30,1.0
2025-11-21 18:19:01,Nguyen Oanh ,Go Vap,10.83886351241477,106.67566625482782,22,36,1.0
2025-11-21 18:19:02,Le Hong Phong,Quan 10,10.765187049751795,106.67550552599073,19,35,1.0
2025-11-21 18:19:03,Nguyen Van Cu,Quan 5,10.759484371982321,106.6840537511244,16,28,1.0
2025-11-21 18:19:04,Nga tu Binh Phuoc,Ngoai o,10.865229381280965,106.72366973948475,30,49,1.0
2025-11-21 18:19:12,Phu My Hung ,Quan 7,10.72279213640514,106.72808623948244,20,37,0.99695
2025-11-21 18:19:24,Nguyen Thai Son,Phu Nhuan,10.823400120373712,106.68551227436063,22,31,1.0
2025-11-21 18:19:25,An Duong Vuong,Quan 8,10.756158554057757,106.66631758181126,17,30,1.0
2025-11-21 18:19:37,Huynh Tan Phat,Nha Be,10.7144382088356,106.73711688366167,19,35,1.0
2025-11-21 18:19:49,Truong Chinh,Tan Binh ,10.817236653231737,106.63191539530457,22,35,1.0
2025-11-21 18:22:01,Cho Ben Thanh,Quan 1,10.772727584493625,106.69804225297563,11,24,0.998765
2025-11-21 18:22:02,Duong Nguyen Hue,Quan 1,10.774028664434528,106.70357076461706,14,28,1.0
2025-11-21 18:22:03,Nguyen Van Linh,Quan 7,10.752616652291238,106.72509685338922,28,40,1.0
2025-11-21 18:22:04,Vo Van Kiet,Quan 5,10.745754766198267,106.65326266831877,34,43,1.0
2025-11-21 18:22:05,Xa lo Ha Noi,QL1A,10.94927106740351,106.87196348224562,26,40,1.0
2025-11-21 18:22:05,Duong Dien Bien Phu,Quan 1,10.78866360854368,106.69551372228901,27,42,1.0
2025-11-21 18:22:17,Nga tu Hang Xanh,Binh Thanh,10.801406421807085,106.71148440879679,27,42,1.0
2025-11-21 18:22:29,Nga tu An Suong,Hoc Mon,10.843150534972033,106.6151343241409,21,35,1.0
2025-11-21 18:22:30,Ben xe Mien Dong,Quan 9,10.880537767027526,106.81481342866444,40,53,1.0
2025-11-21 18:22:31,Ben xe Mien Tay,Binh Tan,10.740840166521663,106.61899246873142,25,35,1.0
2025-11-21 18:22:32,Cau Sai Gon,Quan 2 ,10.798986343749618,106.72697056646841,11,41,1.0
2025-11-21 18:22:33,Cau Phu My,Q2,10.741860769464234,106.73790365482627,45,45,1.0
2025-11-21 18:22:34,Cau Kenh Te,Q4,10.752408891679814,106.7022703818112,17,34,1.0
2025-11-21 18:22:35,Cau Thu Thiem,Quan 2,10.786216596454727,106.71836665482695,32,40,1.0
2025-11-21 18:22:35,Nguyen Huu Canh,Binh Thanh,10.78948793356203,106.71518838181179,36,36,1.0
2025-11-21 18:22:48,Cong Hoa,Tan Binh,10.80223925742187,106.6478722259914,21,41,1.0
2025-11-21 18:22:48,Truong Son / Tan Son Nhat Blvd,Gan san bay,10.813928881466124,106.66511432455972,15,34,0.998762
2025-11-21 18:22:49,Nguyen Trai,Quan 5,10.755608615763382,106.67347943578082,15,28,0.997878
2025-11-21 18:22:50,Le Duan,Quan 1,10.782680856341083,106.70051548181169,12,29,1.0
2025-11-21 18:22:51,Tran Hung Dao ,Quan 5,10.754895139302109,106.67839188181134,16,33,1.0
2025-11-21 18:22:52,Tran Quoc Thao,Quan 3,10.785070445194592,106.68331340921323,10,27,1.0
2025-11-21 18:23:04,Tran Hung Dao,Quan 5,10.7549373008113,106.67848844133415,16,33,1.0
2025-11-21 18:23:16,Cach Mang Thang 8 (CMT8),Quan 3,10.77898143649726,106.67684447140958,20,34,1.0
2025-11-21 18:23:28,Pham Ngu Lao / Bui Vien,Quan 1,10.767112828386699,106.6927618222887,13,19,1.0
2025-11-21 18:23:29,Nguyen Thi Minh Khai,Quan 3,10.77847212665258,106.69389510879643,25,42,1.0
2025-11-21 18:23:30,Nguyen Van Troi,Phu Nhuan,10.796057790235078,106.67492629345334,14,34,0.999416
2025-11-21 18:23:31,Pham Van Dong,Go Vap,10.835298215641501,106.72935479345391,34,42,0.997758
2025-11-21 18:23:31,Cong truong lam son,Quan 1,10.777562007197462,106.7041335430398,13,30,1.0
2025-11-21 18:23:32,Nguyen Oanh ,Go Vap,10.83886351241477,106.67566625482782,22,36,1.0
2025-11-21 18:23:40,Le Hong Phong,Quan 10,10.765187049751795,106.67550552599073,20,35,1.0
2025-11-21 18:23:40,Nguyen Van Cu,Quan 5,10.759484371982321,106.6840537511244,16,28,0.997938
2025-11-21 18:23:41,Nga tu Binh Phuoc,Ngoai o,10.865229381280965,106.72366973948475,30,49,1.0
2025-11-21 18:23:53,Phu My Hung ,Quan 7,10.72279213640514,106.72808623948244,20,37,0.997764
2025-11-21 18:24:05,Nguyen Thai Son,Phu Nhuan,10.823400120373712,106.68551227436063,23,32,1.0
2025-11-21 18:24:06,An Duong Vuong,Quan 8,10.756158554057757,106.66631758181126,19,28,1.0
2025-11-21 18:24:07,Huynh Tan Phat,Nha Be,10.7144382088356,106.73711688366167,19,35,1.0
2025-11-21 18:24:08,Truong Chinh,Tan Binh ,10.817236653231737,106.63191539530457,20,35,1.0
2025-11-21 18:26:09,Cho Ben Thanh,Quan 1,10.772727584493625,106.69804225297563,12,24,0.998765
2025-11-21 18:26:10,Duong Nguyen Hue,Quan 1,10.774028664434528,106.70357076461706,10,27,1.0
2025-11-21 18:26:10,Nguyen Van Linh,Quan 7,10.752616652291238,106.72509685338922,35,42,1.0
2025-11-21 18:26:11,Vo Van Kiet,Quan 5,10.745754766198267,106.65326266831877,35,43,1.0
2025-11-21 18:26:12,Xa lo Ha Noi,QL1A,10.94927106740351,106.87196348224562,29,41,1.0
2025-11-21 18:26:13,Duong Dien Bien Phu,Quan 1,10.78866360854368,106.69551372228901,29,42,1.0
2025-11-21 18:26:25,Nga tu Hang Xanh,Binh Thanh,10.801406421807085,106.71148440879679,29,42,1.0
2025-11-21 18:26:37,Nga tu An Suong,Hoc Mon,10.843150534972033,106.6151343241409,22,35,1.0
2025-11-21 18:26:38,Ben xe Mien Dong,Quan 9,10.880537767027526,106.81481342866444,40,54,1.0
2025-11-21 18:26:39,Ben xe Mien Tay,Binh Tan,10.740840166521663,106.61899246873142,24,35,1.0
2025-11-21 18:26:51,Cau Sai Gon,Quan 2 ,10.798986343749618,106.72697056646841,32,44,1.0
2025-11-21 18:27:03,Cau Phu My,Q2,10.741860769464234,106.73790365482627,45,45,1.0
2025-11-21 18:27:15,Cau Kenh Te,Q4,10.752408891679814,106.7022703818112,18,35,1.0
2025-11-21 18:27:16,Cau Thu Thiem,Quan 2,10.786216596454727,106.71836665482695,35,40,1.0
2025-11-21 18:27:17,Nguyen Huu Canh,Binh Thanh,10.78948793356203,106.71518838181179,22,35,1.0
2025-11-21 18:27:18,Cong Hoa,Tan Binh,10.80223925742187,106.6478722259914,22,40,1.0
2025-11-21 18:27:18,Truong Son / Tan Son Nhat Blvd,Gan san bay,10.813928881466124,106.66511432455972,15,34,0.999048
2025-11-21 18:27:19,Nguyen Trai,Quan 5,10.755608615763382,106.67347943578082,15,27,1.0
2025-11-21 18:27:20,Le Duan,Quan 1,10.782680856341083,106.70051548181169,12,31,1.0
2025-11-21 18:27:27,Tran Hung Dao ,Quan 5,10.754895139302109,106.67839188181134,16,32,1.0
2025-11-21 18:27:28,Tran Quoc Thao,Quan 3,10.785070445194592,106.68331340921323,11,28,1.0
2025-11-21 18:27:29,Tran Hung Dao,Quan 5,10.7549373008113,106.67848844133415,16,32,1.0
2025-11-21 18:27:30,Cach Mang Thang 8 (CMT8),Quan 3,10.77898143649726,106.67684447140958,21,34,1.0
2025-11-21 18:27:30,Pham Ngu Lao / Bui Vien,Quan 1,10.767112828386699,106.6927618222887,12,20,1.0
2025-11-21 18:27:31,Nguyen Thi Minh Khai,Quan 3,10.77847212665258,106.69389510879643,25,41,1.0
2025-11-21 18:27:39,Nguyen Van Troi,Phu Nhuan,10.796057790235078,106.67492629345334,13,34,0.999679
2025-11-21 18:27:51,Pham Van Dong,Go Vap,10.835298215641501,106.72935479345391,31,42,0.996962
2025-11-21 18:27:51,Cong truong lam son,Quan 1,10.777562007197462,106.7041335430398,13,29,1.0
2025-11-21 18:27:52,Nguyen Oanh ,Go Vap,10.83886351241477,106.67566625482782,23,36,0.99922
2025-11-21 18:27:53,Le Hong Phong,Quan 10,10.765187049751795,106.67550552599073,24,36,1.0
2025-11-21 18:27:54,Nguyen Van Cu,Quan 5,10.759484371982321,106.6840537511244,13,28,1.0
2025-11-21 18:27:55,Nga tu Binh Phuoc,Ngoai o,10.865229381280965,106.72366973948475,30,49,1.0
2025-11-21 18:28:07,Phu My Hung ,Quan 7,10.72279213640514,106.72808623948244,20,37,0.997898
2025-11-21 18:28:08,Nguyen Thai Son,Phu Nhuan,10.823400120373712,106.68551227436063,21,31,1.0
2025-11-21 18:28:09,An Duong Vuong,Quan 8,10.756158554057757,106.66631758181126,13,29,1.0
2025-11-21 18:28:10,Huynh Tan Phat,Nha Be,10.7144382088356,106.73711688366167,19,35,1.0
2025-11-21 18:28:10,Truong Chinh,Tan Binh ,10.817236653231737,106.63191539530457,21,35,1.0
2025-11-21 18:30:22,Cho Ben Thanh,Quan 1,10.772727584493625,106.69804225297563,12,24,0.998765
2025-11-21 18:30:23,Duong Nguyen Hue,Quan 1,10.774028664434528,106.70357076461706,15,27,1.0
2025-11-21 18:30:24,Nguyen Van Linh,Quan 7,10.752616652291238,106.72509685338922,32,39,1.0
2025-11-21 18:30:25,Vo Van Kiet,Quan 5,10.745754766198267,106.65326266831877,36,42,1.0
2025-11-21 18:30:26,Xa lo Ha Noi,QL1A,10.94927106740351,106.87196348224562,26,41,1.0
2025-11-21 18:30:27,Duong Dien Bien Phu,Quan 1,10.78866360854368,106.69551372228901,28,42,1.0
2025-11-21 18:30:39,Nga tu Hang Xanh,Binh Thanh,10.801406421807085,106.71148440879679,27,42,1.0
2025-11-21 18:30:51,Nga tu An Suong,Hoc Mon,10.843150534972033,106.6151343241409,21,35,1.0
2025-11-21 18:30:52,Ben xe Mien Dong,Quan 9,10.880537767027526,106.81481342866444,44,53,1.0
2025-11-21 18:31:04,Ben xe Mien Tay,Binh Tan,10.740840166521663,106.61899246873142,24,35,1.0
2025-11-21 18:31:04,Cau Sai Gon,Quan 2 ,10.798986343749618,106.72697056646841,14,43,1.0
2025-11-21 18:31:05,Cau Phu My,Q2,10.741860769464234,106.73790365482627,45,45,1.0
2025-11-21 18:31:06,Cau Kenh Te,Q4,10.752408891679814,106.7022703818112,18,33,1.0
2025-11-21 18:31:07,Cau Thu Thiem,Quan 2,10.786216596454727,106.71836665482695,32,40,1.0
2025-11-21 18:31:08,Nguyen Huu Canh,Binh Thanh,10.78948793356203,106.71518838181179,28,36,1.0
2025-11-21 18:31:20,Cong Hoa,Tan Binh,10.80223925742187,106.6478722259914,27,41,1.0
2025-11-21 18:31:32,Truong Son / Tan Son Nhat Blvd,Gan san bay,10.813928881466124,106.66511432455972,14,33,0.998749
2025-11-21 18:31:33,Nguyen Trai,Quan 5,10.755608615763382,106.67347943578082,14,27,1.0
2025-11-21 18:31:34,Le Duan,Quan 1,10.782680856341083,106.70051548181169,11,29,1.0
2025-11-21 18:31:35,Tran Hung Dao ,Quan 5,10.754895139302109,106.67839188181134,18,33,1.0
2025-11-21 18:31:35,Tran Quoc Thao,Quan 3,10.785070445194592,106.68331340921323,12,28,1.0
2025-11-21 18:31:36,Tran Hung Dao,Quan 5,10.7549373008113,106.67848844133415,18,33,1.0
2025-11-21 18:31:48,Cach Mang Thang 8 (CMT8),Quan 3,10.77898143649726,106.67684447140958,20,35,1.0
2025-11-21 18:32:00,Pham Ngu Lao / Bui Vien,Quan 1,10.767112828386699,106.6927618222887,12,20,1.0
2025-11-21 18:32:01,Nguyen Thi Minh Khai,Quan 3,10.77847212665258,106.69389510879643,25,42,1.0
2025-11-21 18:32:02,Nguyen Van Troi,Phu Nhuan,10.796057790235078,106.67492629345334,14,33,0.998718
2025-11-21 18:32:03,Pham Van Dong,Go Vap,10.835298215641501,106.72935479345391,32,42,0.996747
2025-11-21 18:32:03,Cong truong lam son,Quan 1,10.777562007197462,106.7041335430398,12,30,1.0
2025-11-21 18:32:04,Nguyen Oanh ,Go Vap,10.83886351241477,106.67566625482782,24,36,1.0
2025-11-21 18:32:16,Le Hong Phong,Quan 10,10.765187049751795,106.67550552599073,23,36,1.0
2025-11-21 18:32:28,Nguyen Van Cu,Quan 5,10.759484371982321,106.6840537511244,14,27,1.0
2025-11-21 18:32:29,Nga tu Binh Phuoc,Ngoai o,10.865229381280965,106.72366973948475,32,49,1.0
2025-11-21 18:32:41,Phu My Hung ,Quan 7,10.72279213640514,106.72808623948244,20,37,0.998126
2025-11-21 18:32:53,Nguyen Thai Son,Phu Nhuan,10.823400120373712,106.68551227436063,18,31,1.0
2025-11-21 18:32:54,An Duong Vuong,Quan 8,10.756158554057757,106.66631758181126,17,29,1.0
2025-11-21 18:32:55,Huynh Tan Phat,Nha Be,10.7144382088356,106.73711688366167,19,35,1.0
2025-11-21 18:32:56,Truong Chinh,Tan Binh ,10.817236653231737,106.63191539530457,22,35,1.0
2025-11-21 18:35:08,Cho Ben Thanh,Quan 1,10.772727584493625,106.69804225297563,11,24,0.998765
2025-11-21 18:35:19,Duong Nguyen Hue,Quan 1,10.774028664434528,106.70357076461706,12,28,1.0
2025-11-21 18:35:20,Nguyen Van Linh,Quan 7,10.752616652291238,106.72509685338922,22,39,1.0
2025-11-21 18:35:21,Vo Van Kiet,Quan 5,10.745754766198267,106.65326266831877,34,43,1.0
2025-11-21 18:35:33,Xa lo Ha Noi,QL1A,10.94927106740351,106.87196348224562,23,42,1.0
2025-11-21 18:35:34,Duong Dien Bien Phu,Quan 1,10.78866360854368,106.69551372228901,29,42,1.0
2025-11-21 18:35:35,Nga tu Hang Xanh,Binh Thanh,10.801406421807085,106.71148440879679,29,42,1.0
2025-11-21 18:35:36,Nga tu An Suong,Hoc Mon,10.843150534972033,106.6151343241409,22,34,1.0
2025-11-21 18:35:37,Ben xe Mien Dong,Quan 9,10.880537767027526,106.81481342866444,43,53,1.0
2025-11-21 18:35:37,Ben xe Mien Tay,Binh Tan,10.740840166521663,106.61899246873142,24,36,1.0
2025-11-21 18:35:38,Cau Sai Gon,Quan 2 ,10.798986343749618,106.72697056646841,13,43,1.0
2025-11-21 18:35:45,Cau Phu My,Q2,10.741860769464234,106.73790365482627,45,45,1.0
2025-11-21 18:35:57,Cau Kenh Te,Q4,10.752408891679814,106.7022703818112,19,33,1.0
2025-11-21 18:36:09,Cau Thu Thiem,Quan 2,10.786216596454727,106.71836665482695,34,40,1.0
2025-11-21 18:36:10,Nguyen Huu Canh,Binh Thanh,10.78948793356203,106.71518838181179,36,36,1.0
2025-11-21 18:36:11,Cong Hoa,Tan Binh,10.80223925742187,106.6478722259914,24,41,1.0
2025-11-21 18:36:12,Truong Son / Tan Son Nhat Blvd,Gan san bay,10.813928881466124,106.66511432455972,14,34,0.999033
2025-11-21 18:36:13,Nguyen Trai,Quan 5,10.755608615763382,106.67347943578082,15,28,0.998943
2025-11-21 18:36:13,Le Duan,Quan 1,10.782680856341083,106.70051548181169,11,30,1.0
2025-11-21 18:36:14,Tran Hung Dao ,Quan 5,10.754895139302109,106.67839188181134,17,32,1.0
2025-11-21 18:36:21,Tran Quoc Thao,Quan 3,10.785070445194592,106.68331340921323,12,28,1.0
2025-11-21 18:36:22,Tran Hung Dao,Quan 5,10.7549373008113,106.67848844133415,17,32,1.0
2025-11-21 18:36:23,Cach Mang Thang 8 (CMT8),Quan 3,10.77898143649726,106.67684447140958,22,35,1.0
2025-11-21 18:36:24,Pham Ngu Lao / Bui Vien,Quan 1,10.767112828386699,106.6927618222887,11,19,1.0
2025-11-21 18:36:25,Nguyen Thi Minh Khai,Quan 3,10.77847212665258,106.69389510879643,26,42,1.0
2025-11-21 18:36:25,Nguyen Van Troi,Phu Nhuan,10.796057790235078,106.67492629345334,14,34,0.999033
2025-11-21 18:36:26,Pham Van Dong,Go Vap,10.835298215641501,106.72935479345391,33,42,0.997475
2025-11-21 18:36:27,Cong truong lam son,Quan 1,10.777562007197462,106.7041335430398,11,30,1.0
2025-11-21 18:36:28,Nguyen Oanh ,Go Vap,10.83886351241477,106.67566625482782,21,37,1.0
2025-11-21 18:36:29,Le Hong Phong,Quan 10,10.765187049751795,106.67550552599073,23,36,1.0
2025-11-21 18:36:30,Nguyen Van Cu,Quan 5,10.759484371982321,106.6840537511244,15,28,0.998943
2025-11-21 18:36:31,Nga tu Binh Phuoc,Ngoai o,10.865229381280965,106.72366973948475,31,49,1.0
2025-11-21 18:36:33,Phu My Hung ,Quan 7,10.72279213640514,106.72808623948244,21,37,0.998218
2025-11-21 18:36:34,Nguyen Thai Son,Phu Nhuan,10.823400120373712,106.68551227436063,19,31,1.0
2025-11-21 18:36:35,An Duong Vuong,Quan 8,10.756158554057757,106.66631758181126,17,29,1.0
2025-11-21 18:36:36,Huynh Tan Phat,Nha Be,10.7144382088356,106.73711688366167,20,35,1.0
2025-11-21 18:36:37,Truong Chinh,Tan Binh ,10.817236653231737,106.63191539530457,22,35,1.0
2025-11-21 18:38:48,Cho Ben Thanh,Quan 1,10.772727584493625,106.69804225297563,12,25,1.0
2025-11-21 18:39:00,Duong Nguyen Hue,Quan 1,10.774028664434528,106.70357076461706,16,29,1.0
2025-11-21 18:39:01,Nguyen Van Linh,Quan 7,10.752616652291238,106.72509685338922,38,45,1.0
2025-11-21 18:39:02,Vo Van Kiet,Quan 5,10.745754766198267,106.65326266831877,33,42,1.0
2025-11-21 18:39:03,Xa lo Ha Noi,QL1A,10.94927106740351,106.87196348224562,26,40,1.0
2025-11-21 18:39:04,Duong Dien Bien Phu,Quan 1,10.78866360854368,106.69551372228901,30,42,1.0
2025-11-21 18:39:05,Nga tu Hang Xanh,Binh Thanh,10.801406421807085,106.71148440879679,30,42,1.0
2025-11-21 18:39:12,Nga tu An Suong,Hoc Mon,10.843150534972033,106.6151343241409,22,35,1.0
2025-11-21 18:39:24,Ben xe Mien Dong,Quan 9,10.880537767027526,106.81481342866444,41,53,1.0
2025-11-21 18:39:25,Ben xe Mien Tay,Binh Tan,10.740840166521663,106.61899246873142,25,36,1.0
2025-11-21 18:39:26,Cau Sai Gon,Quan 2 ,10.798986343749618,106.72697056646841,28,45,1.0
2025-11-21 18:39:27,Cau Phu My,Q2,10.741860769464234,106.73790365482627,45,45,1.0
2025-11-21 18:39:28,Cau Kenh Te,Q4,10.752408891679814,106.7022703818112,19,33,1.0
2025-11-21 18:39:29,Cau Thu Thiem,Quan 2,10.786216596454727,106.71836665482695,40,40,1.0
2025-11-21 18:39:36,Nguyen Huu Canh,Binh Thanh,10.78948793356203,106.71518838181179,27,35,1.0
2025-11-21 18:39:37,Cong Hoa,Tan Binh,10.80223925742187,106.6478722259914,23,41,1.0
2025-11-21 18:39:38,Truong Son / Tan Son Nhat Blvd,Gan san bay,10.813928881466124,106.66511432455972,16,34,1.0
2025-11-21 18:39:39,Nguyen Trai,Quan 5,10.755608615763382,106.67347943578082,14,27,1.0
2025-11-21 18:39:40,Le Duan,Quan 1,10.782680856341083,106.70051548181169,12,30,1.0
2025-11-21 18:39:41,Tran Hung Dao ,Quan 5,10.754895139302109,106.67839188181134,17,32,1.0
2025-11-21 18:39:42,Tran Quoc Thao,Quan 3,10.785070445194592,106.68331340921323,12,28,1.0
2025-11-21 18:39:53,Tran Hung Dao,Quan 5,10.7549373008113,106.67848844133415,17,32,1.0
2025-11-21 18:40:05,Cach Mang Thang 8 (CMT8),Quan 3,10.77898143649726,106.67684447140958,21,34,1.0
2025-11-21 18:40:06,Pham Ngu Lao / Bui Vien,Quan 1,10.767112828386699,106.6927618222887,12,20,1.0
2025-11-21 18:40:07,Nguyen Thi Minh Khai,Quan 3,10.77847212665258,106.69389510879643,26,42,1.0
2025-11-21 18:40:08,Nguyen Van Troi,Phu Nhuan,10.796057790235078,106.67492629345334,16,34,1.0
2025-11-21 18:40:09,Pham Van Dong,Go Vap,10.835298215641501,106.72935479345391,32,42,0.997479
2025-11-21 18:40:10,Cong truong lam son,Quan 1,10.777562007197462,106.7041335430398,12,30,1.0
2025-11-21 18:40:22,Nguyen Oanh ,Go Vap,10.83886351241477,106.67566625482782,24,36,1.0
2025-11-21 18:40:34,Le Hong Phong,Quan 10,10.765187049751795,106.67550552599073,23,36,1.0
2025-11-21 18:40:35,Nguyen Van Cu,Quan 5,10.759484371982321,106.6840537511244,15,27,1.0
2025-11-21 18:40:36,Nga tu Binh Phuoc,Ngoai o,10.865229381280965,106.72366973948475,31,49,1.0
2025-11-21 18:40:37,Phu My Hung ,Quan 7,10.72279213640514,106.72808623948244,22,37,0.997777
2025-11-21 18:40:37,Nguyen Thai Son,Phu Nhuan,10.823400120373712,106.68551227436063,21,31,1.0
2025-11-21 18:40:38,An Duong Vuong,Quan 8,10.756158554057757,106.66631758181126,14,30,1.0
2025-11-21 18:40:50,Huynh Tan Phat,Nha Be,10.7144382088356,106.73711688366167,20,35,1.0
2025-11-21 18:40:51,Truong Chinh,Tan Binh ,10.817236653231737,106.63191539530457,22,35,1.0
2025-11-21 18:43:03,Cho Ben Thanh,Quan 1,10.772727584493625,106.69804225297563,12,24,1.0
2025-11-21 18:43:04,Duong Nguyen Hue,Quan 1,10.774028664434528,106.70357076461706,13,28,1.0
2025-11-21 18:43:05,Nguyen Van Linh,Quan 7,10.752616652291238,106.72509685338922,34,42,1.0
2025-11-21 18:43:06,Vo Van Kiet,Quan 5,10.745754766198267,106.65326266831877,36,42,1.0
2025-11-21 18:43:07,Xa lo Ha Noi,QL1A,10.94927106740351,106.87196348224562,25,41,1.0
2025-11-21 18:43:08,Duong Dien Bien Phu,Quan 1,10.78866360854368,106.69551372228901,30,42,1.0
2025-11-21 18:43:09,Nga tu Hang Xanh,Binh Thanh,10.801406421807085,106.71148440879679,30,42,1.0
2025-11-21 18:43:10,Nga tu An Suong,Hoc Mon,10.843150534972033,106.6151343241409,24,35,1.0
2025-11-21 18:43:22,Ben xe Mien Dong,Quan 9,10.880537767027526,106.81481342866444,43,53,1.0
2025-11-21 18:43:34,Ben xe Mien Tay,Binh Tan,10.740840166521663,106.61899246873142,25,35,1.0
2025-11-21 18:43:35,Cau Sai Gon,Quan 2 ,10.798986343749618,106.72697056646841,21,44,1.0
2025-11-21 18:43:35,Cau Phu My,Q2,10.741860769464234,106.73790365482627,45,45,1.0
2025-11-21 18:43:36,Cau Kenh Te,Q4,10.752408891679814,106.7022703818112,20,34,1.0
2025-11-21 18:43:37,Cau Thu Thiem,Quan 2,10.786216596454727,106.71836665482695,34,39,1.0
2025-11-21 18:43:38,Nguyen Huu Canh,Binh Thanh,10.78948793356203,106.71518838181179,27,36,1.0
2025-11-21 18:43:49,Cong Hoa,Tan Binh,10.80223925742187,106.6478722259914,23,40,1.0
2025-11-21 18:44:01,Truong Son / Tan Son Nhat Blvd,Gan san bay,10.813928881466124,106.66511432455972,15,33,1.0
2025-11-21 18:44:02,Nguyen Trai,Quan 5,10.755608615763382,106.67347943578082,16,28,1.0
2025-11-21 18:44:03,Le Duan,Quan 1,10.782680856341083,106.70051548181169,13,30,1.0
2025-11-21 18:44:04,Tran Hung Dao ,Quan 5,10.754895139302109,106.67839188181134,18,34,1.0
2025-11-21 18:44:05,Tran Quoc Thao,Quan 3,10.785070445194592,106.68331340921323,12,28,1.0
2025-11-21 18:44:05,Tran Hung Dao,Quan 5,10.7549373008113,106.67848844133415,18,34,1.0
2025-11-21 18:44:07,Cach Mang Thang 8 (CMT8),Quan 3,10.77898143649726,106.67684447140958,20,34,1.0
2025-11-21 18:44:07,Pham Ngu Lao / Bui Vien,Quan 1,10.767112828386699,106.6927618222887,11,20,1.0
2025-11-21 18:44:08,Nguyen Thi Minh Khai,Quan 3,10.77847212665258,106.69389510879643,25,42,1.0
2025-11-21 18:44:09,Nguyen Van Troi,Phu Nhuan,10.796057790235078,106.67492629345334,15,33,1.0
2025-11-21 18:44:21,Pham Van Dong,Go Vap,10.835298215641501,106.72935479345391,33,42,0.997291
2025-11-21 18:44:33,Cong truong lam son,Quan 1,10.777562007197462,106.7041335430398,13,30,1.0
2025-11-21 18:44:45,Nguyen Oanh ,Go Vap,10.83886351241477,106.67566625482782,24,35,1.0
2025-11-21 18:44:46,Le Hong Phong,Quan 10,10.765187049751795,106.67550552599073,20,35,1.0
2025-11-21 18:44:47,Nguyen Van Cu,Quan 5,10.759484371982321,106.6840537511244,16,28,1.0
2025-11-21 18:44:48,Nga tu Binh Phuoc,Ngoai o,10.865229381280965,106.72366973948475,32,49,1.0
2025-11-21 18:44:49,Phu My Hung ,Quan 7,10.72279213640514,106.72808623948244,22,37,0.997961
2025-11-21 18:44:49,Nguyen Thai Son,Phu Nhuan,10.823400120373712,106.68551227436063,24,32,1.0
2025-11-21 18:45:01,An Duong Vuong,Quan 8,10.756158554057757,106.66631758181126,21,29,1.0
2025-11-21 18:45:13,Huynh Tan Phat,Nha Be,10.7144382088356,106.73711688366167,19,35,1.0
2025-11-21 18:45:14,Truong Chinh,Tan Binh ,10.817236653231737,106.63191539530457,22,35,1.0
2025-11-21 18:47:26,Cho Ben Thanh,Quan 1,10.772727584493625,106.69804225297563,13,24,1.0
2025-11-21 18:47:27,Duong Nguyen Hue,Quan 1,10.774028664434528,106.70357076461706,18,28,1.0
2025-11-21 18:47:28,Nguyen Van Linh,Quan 7,10.752616652291238,106.72509685338922,26,39,1.0
2025-11-21 18:47:29,Vo Van Kiet,Quan 5,10.745754766198267,106.65326266831877,36,43,1.0
2025-11-21 18:47:30,Xa lo Ha Noi,QL1A,10.94927106740351,106.87196348224562,31,41,1.0
2025-11-21 18:47:31,Duong Dien Bien Phu,Quan 1,10.78866360854368,106.69551372228901,30,41,1.0
2025-11-21 18:47:42,Nga tu Hang Xanh,Binh Thanh,10.801406421807085,106.71148440879679,30,41,1.0
2025-11-21 18:47:54,Nga tu An Suong,Hoc Mon,10.843150534972033,106.6151343241409,23,35,1.0
2025-11-21 18:47:55,Ben xe Mien Dong,Quan 9,10.880537767027526,106.81481342866444,44,53,1.0
2025-11-21 18:47:56,Ben xe Mien Tay,Binh Tan,10.740840166521663,106.61899246873142,26,35,1.0
2025-11-21 18:47:57,Cau Sai Gon,Quan 2 ,10.798986343749618,106.72697056646841,30,45,1.0
2025-11-21 18:47:58,Cau Phu My,Q2,10.741860769464234,106.73790365482627,45,45,1.0
2025-11-21 18:47:59,Cau Kenh Te,Q4,10.752408891679814,106.7022703818112,20,34,1.0
2025-11-21 18:48:11,Cau Thu Thiem,Quan 2,10.786216596454727,106.71836665482695,33,40,1.0
2025-11-21 18:48:12,Nguyen Huu Canh,Binh Thanh,10.78948793356203,106.71518838181179,36,36,1.0
2025-11-21 18:48:13,Cong Hoa,Tan Binh,10.80223925742187,106.6478722259914,25,41,1.0
2025-11-21 18:48:14,Truong Son / Tan Son Nhat Blvd,Gan san bay,10.813928881466124,106.66511432455972,16,33,1.0
2025-11-21 18:48:14,Nguyen Trai,Quan 5,10.755608615763382,106.67347943578082,16,28,1.0
2025-11-21 18:48:26,Le Duan,Quan 1,10.782680856341083,106.70051548181169,11,29,1.0
2025-11-21 18:48:27,Tran Hung Dao ,Quan 5,10.754895139302109,106.67839188181134,20,33,1.0
2025-11-21 18:48:28,Tran Quoc Thao,Quan 3,10.785070445194592,106.68331340921323,12,27,1.0
2025-11-21 18:48:29,Tran Hung Dao,Quan 5,10.7549373008113,106.67848844133415,20,33,1.0
2025-11-21 18:48:30,Cach Mang Thang 8 (CMT8),Quan 3,10.77898143649726,106.67684447140958,20,35,1.0
2025-11-21 18:48:31,Pham Ngu Lao / Bui Vien,Quan 1,10.767112828386699,106.6927618222887,15,19,1.0
2025-11-21 18:48:43,Nguyen Thi Minh Khai,Quan 3,10.77847212665258,106.69389510879643,26,41,1.0
2025-11-21 18:48:54,Nguyen Van Troi,Phu Nhuan,10.796057790235078,106.67492629345334,16,34,1.0
2025-11-21 18:48:55,Pham Van Dong,Go Vap,10.835298215641501,106.72935479345391,33,42,0.997105
2025-11-21 18:48:56,Cong truong lam son,Quan 1,10.777562007197462,106.7041335430398,12,30,1.0
2025-11-21 18:48:57,Nguyen Oanh ,Go Vap,10.83886351241477,106.67566625482782,23,36,1.0
2025-11-21 18:48:58,Le Hong Phong,Quan 10,10.765187049751795,106.67550552599073,21,36,1.0
2025-11-21 18:48:59,Nguyen Van Cu,Quan 5,10.759484371982321,106.6840537511244,16,27,1.0
2025-11-21 18:49:00,Nga tu Binh Phuoc,Ngoai o,10.865229381280965,106.72366973948475,30,49,1.0
2025-11-21 18:49:12,Phu My Hung ,Quan 7,10.72279213640514,106.72808623948244,23,37,0.997961
2025-11-21 18:49:24,Nguyen Thai Son,Phu Nhuan,10.823400120373712,106.68551227436063,20,32,1.0
2025-11-21 18:49:24,An Duong Vuong,Quan 8,10.756158554057757,106.66631758181126,21,28,1.0
2025-11-21 18:49:25,Huynh Tan Phat,Nha Be,10.7144382088356,106.73711688366167,20,36,1.0
2025-11-21 18:49:26,Truong Chinh,Tan Binh ,10.817236653231737,106.63191539530457,21,35,1.0
2025-11-21 18:51:27,Cho Ben Thanh,Quan 1,10.772727584493625,106.69804225297563,12,24,1.0
2025-11-21 18:51:28,Duong Nguyen Hue,Quan 1,10.774028664434528,106.70357076461706,16,28,1.0
2025-11-21 18:51:29,Nguyen Van Linh,Quan 7,10.752616652291238,106.72509685338922,27,39,1.0
2025-11-21 18:51:30,Vo Van Kiet,Quan 5,10.745754766198267,106.65326266831877,37,43,0.999762
2025-11-21 18:51:31,Xa lo Ha Noi,QL1A,10.94927106740351,106.87196348224562,31,42,1.0
2025-11-21 18:51:31,Duong Dien Bien Phu,Quan 1,10.78866360854368,106.69551372228901,30,41,1.0
2025-11-21 18:51:32,Nga tu Hang Xanh,Binh Thanh,10.801406421807085,106.71148440879679,30,41,1.0
2025-11-21 18:51:33,Nga tu An Suong,Hoc Mon,10.843150534972033,106.6151343241409,22,35,1.0
2025-11-21 18:51:34,Ben xe Mien Dong,Quan 9,10.880537767027526,106.81481342866444,44,54,1.0
2025-11-21 18:51:35,Ben xe Mien Tay,Binh Tan,10.740840166521663,106.61899246873142,25,35,1.0
2025-11-21 18:51:36,Cau Sai Gon,Quan 2 ,10.798986343749618,106.72697056646841,30,45,1.0
2025-11-21 18:51:37,Cau Phu My,Q2,10.741860769464234,106.73790365482627,45,45,1.0
2025-11-21 18:51:48,Cau Kenh Te,Q4,10.752408891679814,106.7022703818112,21,34,1.0
2025-11-21 18:52:00,Cau Thu Thiem,Quan 2,10.786216596454727,106.71836665482695,35,40,1.0
2025-11-21 18:52:01,Nguyen Huu Canh,Binh Thanh,10.78948793356203,106.71518838181179,29,35,1.0
2025-11-21 18:52:02,Cong Hoa,Tan Binh,10.80223925742187,106.6478722259914,24,40,1.0
2025-11-21 18:52:03,Truong Son / Tan Son Nhat Blvd,Gan san bay,10.813928881466124,106.66511432455972,18,34,0.997915
2025-11-21 18:52:03,Nguyen Trai,Quan 5,10.755608615763382,106.67347943578082,17,28,0.997886
2025-11-21 18:52:04,Le Duan,Quan 1,10.782680856341083,106.70051548181169,12,30,1.0
2025-11-21 18:52:05,Tran Hung Dao ,Quan 5,10.754895139302109,106.67839188181134,18,32,1.0
2025-11-21 18:52:06,Tran Quoc Thao,Quan 3,10.785070445194592,106.68331340921323,12,27,1.0
2025-11-21 18:52:07,Tran Hung Dao,Quan 5,10.7549373008113,106.67848844133415,18,32,1.0
2025-11-21 18:52:08,Cach Mang Thang 8 (CMT8),Quan 3,10.77898143649726,106.67684447140958,20,34,1.0
2025-11-21 18:52:09,Pham Ngu Lao / Bui Vien,Quan 1,10.767112828386699,106.6927618222887,10,19,1.0
2025-11-21 18:52:10,Nguyen Thi Minh Khai,Quan 3,10.77847212665258,106.69389510879643,26,41,1.0
2025-11-21 18:52:22,Nguyen Van Troi,Phu Nhuan,10.796057790235078,106.67492629345334,18,34,0.997915
2025-11-21 18:52:34,Pham Van Dong,Go Vap,10.835298215641501,106.72935479345391,31,42,0.99657
2025-11-21 18:52:46,Cong truong lam son,Quan 1,10.777562007197462,106.7041335430398,12,30,1.0
2025-11-21 18:52:47,Nguyen Oanh ,Go Vap,10.83886351241477,106.67566625482782,24,36,1.0
2025-11-21 18:52:47,Le Hong Phong,Quan 10,10.765187049751795,106.67550552599073,20,35,1.0
2025-11-21 18:52:48,Nguyen Van Cu,Quan 5,10.759484371982321,106.6840537511244,17,28,0.997886
2025-11-21 18:52:49,Nga tu Binh Phuoc,Ngoai o,10.865229381280965,106.72366973948475,31,49,1.0
2025-11-21 18:52:50,Phu My Hung ,Quan 7,10.72279213640514,106.72808623948244,22,37,0.997441
2025-11-21 18:52:57,Nguyen Thai Son,Phu Nhuan,10.823400120373712,106.68551227436063,21,31,1.0
2025-11-21 18:52:58,An Duong Vuong,Quan 8,10.756158554057757,106.66631758181126,21,29,1.0
2025-11-21 18:52:59,Huynh Tan Phat,Nha Be,10.7144382088356,106.73711688366167,20,35,1.0
2025-11-21 18:53:00,Truong Chinh,Tan Binh ,10.817236653231737,106.63191539530457,22,35,1.0
2025-11-21 18:55:12,Cho Ben Thanh,Quan 1,10.772727584493625,106.69804225297563,12,23,1
2025-11-21 18:55:13,Duong Nguyen Hue,Quan 1,10.774028664434528,106.70357076461706,17,28,1
2025-11-21 18:55:14,Nguyen Van Linh,Quan 7,10.752616652291238,106.72509685338922,36,42,1
2025-11-21 18:55:15,Vo Van Kiet,Quan 5,10.745754766198267,106.65326266831877,38,42,1
2025-11-21 18:55:16,Xa lo Ha Noi,QL1A,10.94927106740351,106.87196348224562,26,42,1
2025-11-21 18:55:16,Duong Dien Bien Phu,Quan 1,10.78866360854368,106.69551372228901,28,42,1
2025-11-21 20:22:11,Cho Ben Thanh,Quan 1,10.772727584493625,106.69804225297563,13,24,0.998765
2025-11-21 20:22:12,Duong Nguyen Hue,Quan 1,10.774028664434528,106.70357076461706,15,28,1.0
2025-11-21 20:22:24,Nguyen Van Linh,Quan 7,10.752616652291238,106.72509685338922,39,39,1.0
2025-11-21 20:22:36,Vo Van Kiet,Quan 5,10.745754766198267,106.65326266831877,36,42,1.0
2025-11-21 20:22:48,Xa lo Ha Noi,QL1A,10.94927106740351,106.87196348224562,31,42,1.0
2025-11-21 20:22:49,Duong Dien Bien Phu,Quan 1,10.78866360854368,106.69551372228901,34,41,1.0
2025-11-21 20:22:49,Nga tu Hang Xanh,Binh Thanh,10.801406421807085,106.71148440879679,34,41,1.0
2025-11-21 20:22:50,Nga tu An Suong,Hoc Mon,10.843150534972033,106.6151343241409,24,35,1.0
2025-11-21 20:22:51,Ben xe Mien Dong,Quan 9,10.880537767027526,106.81481342866444,53,53,1.0
2025-11-21 20:22:52,Ben xe Mien Tay,Binh Tan,10.740840166521663,106.61899246873142,28,35,1.0
2025-11-21 20:23:04,Cau Sai Gon,Quan 2 ,10.798986343749618,106.72697056646841,45,45,1.0
2025-11-21 20:23:17,Cau Phu My,Q2,10.741860769464234,106.73790365482627,34,44,1.0
2025-11-21 20:23:29,Cau Kenh Te,Q4,10.752408891679814,106.7022703818112,21,34,1.0
2025-11-21 20:23:41,Cau Thu Thiem,Quan 2,10.786216596454727,106.71836665482695,40,40,1.0
2025-11-21 20:23:42,Nguyen Huu Canh,Binh Thanh,10.78948793356203,106.71518838181179,36,36,1.0
2025-11-21 20:23:43,Cong Hoa,Tan Binh,10.80223925742187,106.6478722259914,30,41,1.0
2025-11-21 20:23:44,Truong Son / Tan Son Nhat Blvd,Gan san bay,10.813928881466124,106.66511432455972,22,33,1.0
2025-11-21 20:23:56,Nguyen Trai,Quan 5,10.755608615763382,106.67347943578082,15,28,1.0
2025-11-21 20:24:08,Le Duan,Quan 1,10.782680856341083,106.70051548181169,16,30,1.0
2025-11-21 20:24:09,Tran Hung Dao ,Quan 5,10.754895139302109,106.67839188181134,20,33,1.0
2025-11-21 20:24:10,Tran Quoc Thao,Quan 3,10.785070445194592,106.68331340921323,20,27,1.0
2025-11-21 20:24:11,Tran Hung Dao,Quan 5,10.7549373008113,106.67848844133415,20,33,1.0
2025-11-21 20:24:12,Cach Mang Thang 8 (CMT8),Quan 3,10.77898143649726,106.67684447140958,24,34,1.0
2025-11-21 20:24:13,Pham Ngu Lao / Bui Vien,Quan 1,10.767112828386699,106.6927618222887,8,20,1.0
2025-11-21 20:24:20,Nguyen Thi Minh Khai,Quan 3,10.77847212665258,106.69389510879643,28,41,1.0
2025-11-21 20:24:21,Nguyen Van Troi,Phu Nhuan,10.796057790235078,106.67492629345334,23,34,1.0
2025-11-21 20:24:22,Pham Van Dong,Go Vap,10.835298215641501,106.72935479345391,35,42,0.998741
2025-11-21 20:24:23,Cong truong lam son,Quan 1,10.777562007197462,106.7041335430398,17,30,1.0
2025-11-21 20:24:24,Nguyen Oanh ,Go Vap,10.83886351241477,106.67566625482782,26,35,1.0
2025-11-21 20:24:25,Le Hong Phong,Quan 10,10.765187049751795,106.67550552599073,23,36,1.0
2025-11-21 20:24:32,Nguyen Van Cu,Quan 5,10.759484371982321,106.6840537511244,18,28,1.0
2025-11-21 20:24:33,Nga tu Binh Phuoc,Ngoai o,10.865229381280965,106.72366973948475,37,49,1.0
2025-11-21 20:24:34,Phu My Hung ,Quan 7,10.72279213640514,106.72808623948244,23,37,0.998475
2025-11-21 20:24:35,Nguyen Thai Son,Phu Nhuan,10.823400120373712,106.68551227436063,22,31,1.0
2025-11-21 20:24:36,An Duong Vuong,Quan 8,10.756158554057757,106.66631758181126,20,29,1.0
2025-11-21 20:24:37,Huynh Tan Phat,Nha Be,10.7144382088356,106.73711688366167,24,35,1.0
2025-11-21 20:24:44,Truong Chinh,Tan Binh ,10.817236653231737,106.63191539530457,25,35,1.0
2025-11-21 20:26:56,Cho Ben Thanh,Quan 1,10.772727584493625,106.69804225297563,12,23,0.998765
2025-11-21 20:26:57,Duong Nguyen Hue,Quan 1,10.774028664434528,106.70357076461706,14,28,1.0
2025-11-21 20:26:58,Nguyen Van Linh,Quan 7,10.752616652291238,106.72509685338922,39,39,1.0
2025-11-21 20:26:59,Vo Van Kiet,Quan 5,10.745754766198267,106.65326266831877,42,42,1.0
2025-11-21 20:27:00,Xa lo Ha Noi,QL1A,10.94927106740351,106.87196348224562,32,42,1.0
2025-11-21 20:27:12,Duong Dien Bien Phu,Quan 1,10.78866360854368,106.69551372228901,34,41,1.0
2025-11-21 20:27:24,Nga tu Hang Xanh,Binh Thanh,10.801406421807085,106.71148440879679,35,42,1.0
2025-11-21 20:27:25,Nga tu An Suong,Hoc Mon,10.843150534972033,106.6151343241409,25,35,1.0
2025-11-21 20:27:26,Ben xe Mien Dong,Quan 9,10.880537767027526,106.81481342866444,53,53,1.0
2025-11-21 20:27:27,Ben xe Mien Tay,Binh Tan,10.740840166521663,106.61899246873142,29,35,1.0
2025-11-21 20:27:28,Cau Sai Gon,Quan 2 ,10.798986343749618,106.72697056646841,45,45,1.0
2025-11-21 20:27:29,Cau Phu My,Q2,10.741860769464234,106.73790365482627,35,44,1.0
2025-11-21 20:27:29,Cau Kenh Te,Q4,10.752408891679814,106.7022703818112,22,33,1.0
2025-11-21 20:27:36,Cau Thu Thiem,Quan 2,10.786216596454727,106.71836665482695,40,40,1.0
2025-11-21 20:27:37,Nguyen Huu Canh,Binh Thanh,10.78948793356203,106.71518838181179,36,36,1.0
2025-11-21 20:27:38,Cong Hoa,Tan Binh,10.80223925742187,106.6478722259914,25,40,1.0
2025-11-21 20:27:39,Truong Son / Tan Son Nhat Blvd,Gan san bay,10.813928881466124,106.66511432455972,23,34,1.0
2025-11-21 20:27:40,Nguyen Trai,Quan 5,10.755608615763382,106.67347943578082,18,27,1.0
2025-11-21 20:27:40,Le Duan,Quan 1,10.782680856341083,106.70051548181169,18,30,1.0
2025-11-21 20:27:48,Tran Hung Dao ,Quan 5,10.754895139302109,106.67839188181134,22,33,1.0
2025-11-21 20:28:00,Tran Quoc Thao,Quan 3,10.785070445194592,106.68331340921323,16,26,1.0
2025-11-21 20:28:01,Tran Hung Dao,Quan 5,10.7549373008113,106.67848844133415,20,32,1.0
2025-11-21 20:28:02,Cach Mang Thang 8 (CMT8),Quan 3,10.77898143649726,106.67684447140958,23,34,1.0
2025-11-21 20:28:03,Pham Ngu Lao / Bui Vien,Quan 1,10.767112828386699,106.6927618222887,9,20,1.0
2025-11-21 20:28:04,Nguyen Thi Minh Khai,Quan 3,10.77847212665258,106.69389510879643,28,41,1.0
2025-11-21 20:28:05,Nguyen Van Troi,Phu Nhuan,10.796057790235078,106.67492629345334,23,34,1.0
2025-11-21 20:28:06,Pham Van Dong,Go Vap,10.835298215641501,106.72935479345391,35,42,0.998367
2025-11-21 20:28:07,Cong truong lam son,Quan 1,10.777562007197462,106.7041335430398,18,30,1.0
2025-11-21 20:28:08,Nguyen Oanh ,Go Vap,10.83886351241477,106.67566625482782,26,35,1.0
2025-11-21 20:28:08,Le Hong Phong,Quan 10,10.765187049751795,106.67550552599073,23,35,1.0
2025-11-21 20:28:09,Nguyen Van Cu,Quan 5,10.759484371982321,106.6840537511244,18,27,1.0
2025-11-21 20:28:21,Nga tu Binh Phuoc,Ngoai o,10.865229381280965,106.72366973948475,37,49,1.0
2025-11-21 20:28:22,Phu My Hung ,Quan 7,10.72279213640514,106.72808623948244,23,37,1.0
2025-11-21 20:28:23,Nguyen Thai Son,Phu Nhuan,10.823400120373712,106.68551227436063,23,32,1.0
2025-11-21 20:28:24,An Duong Vuong,Quan 8,10.756158554057757,106.66631758181126,22,30,1.0
2025-11-21 20:28:25,Huynh Tan Phat,Nha Be,10.7144382088356,106.73711688366167,24,35,1.0
2025-11-21 20:28:37,Truong Chinh,Tan Binh ,10.817236653231737,106.63191539530457,25,35,1.0
2025-11-21 20:30:49,Cho Ben Thanh,Quan 1,10.772727584493625,106.69804225297563,11,24,1.0
2025-11-21 20:30:50,Duong Nguyen Hue,Quan 1,10.774028664434528,106.70357076461706,20,29,1.0
2025-11-21 20:30:51,Nguyen Van Linh,Quan 7,10.752616652291238,106.72509685338922,39,39,1.0
2025-11-21 20:30:52,Vo Van Kiet,Quan 5,10.745754766198267,106.65326266831877,42,42,1.0
2025-11-21 20:30:53,Xa lo Ha Noi,QL1A,10.94927106740351,106.87196348224562,42,42,1.0
2025-11-21 20:31:05,Duong Dien Bien Phu,Quan 1,10.78866360854368,106.69551372228901,33,42,1.0
2025-11-21 20:31:06,Nga tu Hang Xanh,Binh Thanh,10.801406421807085,106.71148440879679,33,42,1.0
2025-11-21 20:31:07,Nga tu An Suong,Hoc Mon,10.843150534972033,106.6151343241409,25,35,1.0
2025-11-21 20:31:08,Ben xe Mien Dong,Quan 9,10.880537767027526,106.81481342866444,46,53,1.0
2025-11-21 20:31:30,Ben xe Mien Tay,Binh Tan,10.740840166521663,106.61899246873142,28,35,1.0
2025-11-21 20:31:42,Cau Sai Gon,Quan 2 ,10.798986343749618,106.72697056646841,45,45,1.0
2025-11-21 20:31:43,Cau Phu My,Q2,10.741860769464234,106.73790365482627,36,44,1.0
2025-11-21 20:31:44,Cau Kenh Te,Q4,10.752408891679814,106.7022703818112,25,33,1.0
2025-11-21 20:31:45,Cau Thu Thiem,Quan 2,10.786216596454727,106.71836665482695,36,40,1.0
2025-11-21 20:31:45,Nguyen Huu Canh,Binh Thanh,10.78948793356203,106.71518838181179,36,36,1.0
2025-11-21 20:31:46,Cong Hoa,Tan Binh,10.80223925742187,106.6478722259914,28,40,1.0
2025-11-21 20:31:47,Truong Son / Tan Son Nhat Blvd,Gan san bay,10.813928881466124,106.66511432455972,23,34,1.0
2025-11-21 20:31:48,Nguyen Trai,Quan 5,10.755608615763382,106.67347943578082,19,27,1.0
2025-11-21 20:31:49,Le Duan,Quan 1,10.782680856341083,106.70051548181169,18,30,1.0
2025-11-21 20:31:50,Tran Hung Dao ,Quan 5,10.754895139302109,106.67839188181134,22,33,1.0
2025-11-21 20:31:51,Tran Quoc Thao,Quan 3,10.785070445194592,106.68331340921323,19,27,1.0
2025-11-21 20:31:52,Tran Hung Dao,Quan 5,10.7549373008113,106.67848844133415,22,33,1.0
2025-11-21 20:31:53,Cach Mang Thang 8 (CMT8),Quan 3,10.77898143649726,106.67684447140958,24,34,1.0
2025-11-21 20:31:57,Pham Ngu Lao / Bui Vien,Quan 1,10.767112828386699,106.6927618222887,11,20,1.0
2025-11-21 20:31:59,Nguyen Thi Minh Khai,Quan 3,10.77847212665258,106.69389510879643,29,42,1.0
2025-11-21 20:32:00,Nguyen Van Troi,Phu Nhuan,10.796057790235078,106.67492629345334,23,34,1.0
2025-11-21 20:32:01,Pham Van Dong,Go Vap,10.835298215641501,106.72935479345391,35,42,0.998353
2025-11-21 20:32:02,Cong truong lam son,Quan 1,10.777562007197462,106.7041335430398,18,30,1.0
2025-11-21 20:32:09,Nguyen Oanh ,Go Vap,10.83886351241477,106.67566625482782,24,35,1.0
2025-11-21 20:32:11,Le Hong Phong,Quan 10,10.765187049751795,106.67550552599073,22,36,1.0
2025-11-21 20:32:12,Nguyen Van Cu,Quan 5,10.759484371982321,106.6840537511244,20,27,1.0
2025-11-21 20:32:24,Nga tu Binh Phuoc,Ngoai o,10.865229381280965,106.72366973948475,37,49,1.0
2025-11-21 20:32:36,Phu My Hung ,Quan 7,10.72279213640514,106.72808623948244,23,37,0.998218
2025-11-21 20:32:37,Nguyen Thai Son,Phu Nhuan,10.823400120373712,106.68551227436063,21,31,1.0
2025-11-21 20:32:38,An Duong Vuong,Quan 8,10.756158554057757,106.66631758181126,22,28,1.0
2025-11-21 20:32:39,Huynh Tan Phat,Nha Be,10.7144382088356,106.73711688366167,24,35,1.0
2025-11-21 20:32:40,Truong Chinh,Tan Binh ,10.817236653231737,106.63191539530457,25,35,1.0
2025-11-21 20:34:52,Cho Ben Thanh,Quan 1,10.772727584493625,106.69804225297563,11,24,1.0
2025-11-21 20:34:53,Duong Nguyen Hue,Quan 1,10.774028664434528,106.70357076461706,17,28,1.0
2025-11-21 20:34:53,Nguyen Van Linh,Quan 7,10.752616652291238,106.72509685338922,39,39,1.0
2025-11-21 20:34:54,Vo Van Kiet,Quan 5,10.745754766198267,106.65326266831877,42,42,1.0
2025-11-21 20:34:55,Xa lo Ha Noi,QL1A,10.94927106740351,106.87196348224562,31,41,1.0
2025-11-21 20:34:56,Duong Dien Bien Phu,Quan 1,10.78866360854368,106.69551372228901,34,42,1.0
2025-11-21 20:35:08,Nga tu Hang Xanh,Binh Thanh,10.801406421807085,106.71148440879679,34,41,1.0
2025-11-21 20:35:20,Nga tu An Suong,Hoc Mon,10.843150534972033,106.6151343241409,24,35,1.0
2025-11-21 20:35:32,Ben xe Mien Dong,Quan 9,10.880537767027526,106.81481342866444,45,53,1.0
2025-11-21 20:35:44,Ben xe Mien Tay,Binh Tan,10.740840166521663,106.61899246873142,34,34,1.0
2025-11-21 20:35:45,Cau Sai Gon,Quan 2 ,10.798986343749618,106.72697056646841,45,45,1.0
2025-11-21 20:35:46,Cau Phu My,Q2,10.741860769464234,106.73790365482627,45,45,1.0
2025-11-21 20:35:47,Cau Kenh Te,Q4,10.752408891679814,106.7022703818112,25,33,1.0
2025-11-21 20:35:48,Cau Thu Thiem,Quan 2,10.786216596454727,106.71836665482695,40,40,1.0
2025-11-21 20:36:00,Nguyen Huu Canh,Binh Thanh,10.78948793356203,106.71518838181179,36,36,1.0
2025-11-21 20:36:12,Cong Hoa,Tan Binh,10.80223925742187,106.6478722259914,27,41,1.0
2025-11-21 20:36:24,Truong Son / Tan Son Nhat Blvd,Gan san bay,10.813928881466124,106.66511432455972,21,33,0.999523
2025-11-21 20:36:25,Nguyen Trai,Quan 5,10.755608615763382,106.67347943578082,18,28,1.0
2025-11-21 20:36:25,Le Duan,Quan 1,10.782680856341083,106.70051548181169,16,30,1.0
2025-11-21 20:36:26,Tran Hung Dao ,Quan 5,10.754895139302109,106.67839188181134,23,33,1.0
2025-11-21 20:36:27,Tran Quoc Thao,Quan 3,10.785070445194592,106.68331340921323,18,28,1.0
2025-11-21 20:36:28,Tran Hung Dao,Quan 5,10.7549373008113,106.67848844133415,23,33,1.0
2025-11-21 20:36:29,Cach Mang Thang 8 (CMT8),Quan 3,10.77898143649726,106.67684447140958,22,34,1.0
2025-11-21 20:36:30,Pham Ngu Lao / Bui Vien,Quan 1,10.767112828386699,106.6927618222887,12,20,1.0
2025-11-21 20:36:31,Nguyen Thi Minh Khai,Quan 3,10.77847212665258,106.69389510879643,28,41,1.0
2025-11-21 20:36:36,Nguyen Van Troi,Phu Nhuan,10.796057790235078,106.67492629345334,22,34,0.999523
2025-11-21 20:36:37,Pham Van Dong,Go Vap,10.835298215641501,106.72935479345391,34,42,0.997848
2025-11-21 20:36:37,Cong truong lam son,Quan 1,10.777562007197462,106.7041335430398,16,30,1.0
2025-11-21 20:36:38,Nguyen Oanh ,Go Vap,10.83886351241477,106.67566625482782,27,35,1.0
2025-11-21 20:36:39,Le Hong Phong,Quan 10,10.765187049751795,106.67550552599073,27,36,1.0
2025-11-21 20:36:40,Nguyen Van Cu,Quan 5,10.759484371982321,106.6840537511244,18,28,1.0
2025-11-21 20:36:48,Nga tu Binh Phuoc,Ngoai o,10.865229381280965,106.72366973948475,38,49,1.0
2025-11-21 20:37:00,Phu My Hung ,Quan 7,10.72279213640514,106.72808623948244,25,37,0.998863
2025-11-21 20:37:11,Nguyen Thai Son,Phu Nhuan,10.823400120373712,106.68551227436063,20,32,1.0
2025-11-21 20:37:12,An Duong Vuong,Quan 8,10.756158554057757,106.66631758181126,20,29,1.0
2025-11-21 20:37:13,Huynh Tan Phat,Nha Be,10.7144382088356,106.73711688366167,24,36,1.0
2025-11-21 20:37:14,Truong Chinh,Tan Binh ,10.817236653231737,106.63191539530457,24,35,1.0
2025-11-21 20:39:15,Cho Ben Thanh,Quan 1,10.772727584493625,106.69804225297563,12,23,0.998765
2025-11-21 20:39:16,Duong Nguyen Hue,Quan 1,10.774028664434528,106.70357076461706,14,28,1.0
2025-11-21 20:39:17,Nguyen Van Linh,Quan 7,10.752616652291238,106.72509685338922,39,39,1.0
2025-11-21 20:39:18,Vo Van Kiet,Quan 5,10.745754766198267,106.65326266831877,42,42,1.0
2025-11-21 20:39:19,Xa lo Ha Noi,QL1A,10.94927106740351,106.87196348224562,31,42,1.0
2025-11-21 20:39:20,Duong Dien Bien Phu,Quan 1,10.78866360854368,106.69551372228901,34,42,1.0
2025-11-21 20:39:32,Nga tu Hang Xanh,Binh Thanh,10.801406421807085,106.71148440879679,34,41,1.0
2025-11-21 20:39:44,Nga tu An Suong,Hoc Mon,10.843150534972033,106.6151343241409,24,35,1.0
2025-11-21 20:39:56,Ben xe Mien Dong,Quan 9,10.880537767027526,106.81481342866444,46,53,1.0
2025-11-21 20:39:57,Ben xe Mien Tay,Binh Tan,10.740840166521663,106.61899246873142,28,35,1.0
2025-11-21 20:39:58,Cau Sai Gon,Quan 2 ,10.798986343749618,106.72697056646841,45,45,1.0
2025-11-21 20:39:58,Cau Phu My,Q2,10.741860769464234,106.73790365482627,34,44,1.0
2025-11-21 20:39:59,Cau Kenh Te,Q4,10.752408891679814,106.7022703818112,24,34,1.0
2025-11-21 20:40:00,Cau Thu Thiem,Quan 2,10.786216596454727,106.71836665482695,40,40,1.0
2025-11-21 20:40:12,Nguyen Huu Canh,Binh Thanh,10.78948793356203,106.71518838181179,36,36,1.0
2025-11-21 20:40:24,Cong Hoa,Tan Binh,10.80223925742187,106.6478722259914,28,41,1.0
2025-11-21 20:40:36,Truong Son / Tan Son Nhat Blvd,Gan san bay,10.813928881466124,106.66511432455972,24,34,1.0
2025-11-21 20:40:48,Nguyen Trai,Quan 5,10.755608615763382,106.67347943578082,18,28,1.0
2025-11-21 20:40:49,Le Duan,Quan 1,10.782680856341083,106.70051548181169,18,30,1.0
2025-11-21 20:40:50,Tran Hung Dao ,Quan 5,10.754895139302109,106.67839188181134,23,32,1.0
2025-11-21 20:40:51,Tran Quoc Thao,Quan 3,10.785070445194592,106.68331340921323,18,28,1.0
2025-11-21 20:40:51,Tran Hung Dao,Quan 5,10.7549373008113,106.67848844133415,23,32,1.0
2025-11-21 20:40:52,Cach Mang Thang 8 (CMT8),Quan 3,10.77898143649726,106.67684447140958,24,34,1.0
2025-11-21 20:41:04,Pham Ngu Lao / Bui Vien,Quan 1,10.767112828386699,106.6927618222887,8,19,1.0
2025-11-21 20:41:16,Nguyen Thi Minh Khai,Quan 3,10.77847212665258,106.69389510879643,29,42,1.0
2025-11-21 20:41:28,Nguyen Van Troi,Phu Nhuan,10.796057790235078,106.67492629345334,23,33,1.0
2025-11-21 20:41:29,Pham Van Dong,Go Vap,10.835298215641501,106.72935479345391,34,42,0.997185
2025-11-21 20:41:30,Cong truong lam son,Quan 1,10.777562007197462,106.7041335430398,17,30,1.0
2025-11-21 20:41:31,Nguyen Oanh ,Go Vap,10.83886351241477,106.67566625482782,27,35,1.0
2025-11-21 20:41:32,Le Hong Phong,Quan 10,10.765187049751795,106.67550552599073,22,35,1.0
2025-11-21 20:41:33,Nguyen Van Cu,Quan 5,10.759484371982321,106.6840537511244,17,27,1.0
2025-11-21 20:41:45,Nga tu Binh Phuoc,Ngoai o,10.865229381280965,106.72366973948475,37,49,1.0
2025-11-21 20:41:57,Phu My Hung ,Quan 7,10.72279213640514,106.72808623948244,24,37,0.998348
2025-11-21 20:41:57,Nguyen Thai Son,Phu Nhuan,10.823400120373712,106.68551227436063,24,31,1.0
2025-11-21 20:42:09,An Duong Vuong,Quan 8,10.756158554057757,106.66631758181126,30,30,1.0
2025-11-21 20:42:10,Huynh Tan Phat,Nha Be,10.7144382088356,106.73711688366167,24,35,1.0
2025-11-21 20:42:11,Truong Chinh,Tan Binh ,10.817236653231737,106.63191539530457,25,34,1.0
2025-11-21 20:44:23,Cho Ben Thanh,Quan 1,10.772727584493625,106.69804225297563,11,24,0.998765
2025-11-21 20:44:24,Duong Nguyen Hue,Quan 1,10.774028664434528,106.70357076461706,14,27,1.0
2025-11-21 20:44:25,Nguyen Van Linh,Quan 7,10.752616652291238,106.72509685338922,39,39,1.0
2025-11-21 20:44:26,Vo Van Kiet,Quan 5,10.745754766198267,106.65326266831877,42,42,1.0
2025-11-21 20:44:27,Xa lo Ha Noi,QL1A,10.94927106740351,106.87196348224562,26,41,1.0
2025-11-21 20:44:27,Duong Dien Bien Phu,Quan 1,10.78866360854368,106.69551372228901,34,41,1.0
2025-11-21 20:44:39,Nga tu Hang Xanh,Binh Thanh,10.801406421807085,106.71148440879679,35,42,1.0
2025-11-21 20:44:51,Nga tu An Suong,Hoc Mon,10.843150534972033,106.6151343241409,25,35,1.0
2025-11-21 20:45:03,Ben xe Mien Dong,Quan 9,10.880537767027526,106.81481342866444,46,53,1.0
2025-11-21 20:45:04,Ben xe Mien Tay,Binh Tan,10.740840166521663,106.61899246873142,29,36,1.0
2025-11-21 20:45:05,Cau Sai Gon,Quan 2 ,10.798986343749618,106.72697056646841,45,45,1.0
2025-11-21 20:45:06,Cau Phu My,Q2,10.741860769464234,106.73790365482627,36,44,1.0
2025-11-21 20:45:07,Cau Kenh Te,Q4,10.752408891679814,106.7022703818112,24,33,1.0
2025-11-21 20:45:08,Cau Thu Thiem,Quan 2,10.786216596454727,106.71836665482695,40,40,1.0
2025-11-21 20:45:19,Nguyen Huu Canh,Binh Thanh,10.78948793356203,106.71518838181179,36,36,1.0
2025-11-21 20:45:31,Cong Hoa,Tan Binh,10.80223925742187,106.6478722259914,30,41,1.0
2025-11-21 20:45:32,Truong Son / Tan Son Nhat Blvd,Gan san bay,10.813928881466124,106.66511432455972,22,34,1.0
2025-11-21 20:45:54,Nguyen Trai,Quan 5,10.755608615763382,106.67347943578082,16,28,1.0
2025-11-21 20:45:55,Le Duan,Quan 1,10.782680856341083,106.70051548181169,18,30,1.0
2025-11-21 20:45:56,Tran Hung Dao ,Quan 5,10.754895139302109,106.67839188181134,22,33,1.0
2025-11-21 20:45:57,Tran Quoc Thao,Quan 3,10.785070445194592,106.68331340921323,17,28,1.0
2025-11-21 20:45:58,Tran Hung Dao,Quan 5,10.7549373008113,106.67848844133415,22,33,1.0
2025-11-21 20:45:59,Cach Mang Thang 8 (CMT8),Quan 3,10.77898143649726,106.67684447140958,23,34,1.0
2025-11-21 20:46:10,Pham Ngu Lao / Bui Vien,Quan 1,10.767112828386699,106.6927618222887,12,19,1.0
2025-11-21 20:46:22,Nguyen Thi Minh Khai,Quan 3,10.77847212665258,106.69389510879643,29,41,1.0
2025-11-21 20:46:23,Nguyen Van Troi,Phu Nhuan,10.796057790235078,106.67492629345334,23,34,1.0
2025-11-21 20:46:24,Pham Van Dong,Go Vap,10.835298215641501,106.72935479345391,34,42,0.997551
2025-11-21 20:46:25,Cong truong lam son,Quan 1,10.777562007197462,106.7041335430398,19,30,1.0
2025-11-21 20:46:26,Nguyen Oanh ,Go Vap,10.83886351241477,106.67566625482782,27,35,1.0
2025-11-21 20:46:38,Le Hong Phong,Quan 10,10.765187049751795,106.67550552599073,22,36,1.0
2025-11-21 20:46:39,Nguyen Van Cu,Quan 5,10.759484371982321,106.6840537511244,17,28,1.0
2025-11-21 20:46:40,Nga tu Binh Phuoc,Ngoai o,10.865229381280965,106.72366973948475,38,49,1.0
2025-11-21 20:46:41,Phu My Hung ,Quan 7,10.72279213640514,106.72808623948244,25,37,0.999044
2025-11-21 20:46:42,Nguyen Thai Son,Phu Nhuan,10.823400120373712,106.68551227436063,23,31,1.0
2025-11-21 20:46:42,An Duong Vuong,Quan 8,10.756158554057757,106.66631758181126,20,29,1.0
2025-11-21 20:46:50,Huynh Tan Phat,Nha Be,10.7144382088356,106.73711688366167,24,35,1.0
2025-11-21 20:46:51,Truong Chinh,Tan Binh ,10.817236653231737,106.63191539530457,25,35,1.0
2025-11-21 20:49:03,Cho Ben Thanh,Quan 1,10.772727584493625,106.69804225297563,12,23,0.998765
2025-11-21 20:49:04,Duong Nguyen Hue,Quan 1,10.774028664434528,106.70357076461706,11,29,1.0
2025-11-21 20:49:05,Nguyen Van Linh,Quan 7,10.752616652291238,106.72509685338922,39,39,1.0
2025-11-21 20:49:06,Vo Van Kiet,Quan 5,10.745754766198267,106.65326266831877,42,42,1.0
2025-11-21 20:49:06,Xa lo Ha Noi,QL1A,10.94927106740351,106.87196348224562,32,42,1.0
2025-11-21 20:49:07,Duong Dien Bien Phu,Quan 1,10.78866360854368,106.69551372228901,34,42,1.0
2025-11-21 20:49:19,Nga tu Hang Xanh,Binh Thanh,10.801406421807085,106.71148440879679,34,42,1.0
2025-11-21 20:49:31,Nga tu An Suong,Hoc Mon,10.843150534972033,106.6151343241409,26,34,1.0
2025-11-21 20:49:43,Ben xe Mien Dong,Quan 9,10.880537767027526,106.81481342866444,47,53,1.0
2025-11-21 20:49:44,Ben xe Mien Tay,Binh Tan,10.740840166521663,106.61899246873142,34,34,1.0
2025-11-21 20:49:45,Cau Sai Gon,Quan 2 ,10.798986343749618,106.72697056646841,45,45,1.0
2025-11-21 20:49:46,Cau Phu My,Q2,10.741860769464234,106.73790365482627,36,44,1.0
2025-11-21 20:49:47,Cau Kenh Te,Q4,10.752408891679814,106.7022703818112,24,33,1.0
2025-11-21 20:49:48,Cau Thu Thiem,Quan 2,10.786216596454727,106.71836665482695,40,40,1.0
2025-11-21 20:49:55,Nguyen Huu Canh,Binh Thanh,10.78948793356203,106.71518838181179,36,36,1.0
2025-11-21 20:49:56,Cong Hoa,Tan Binh,10.80223925742187,106.6478722259914,30,41,1.0
2025-11-21 20:49:57,Truong Son / Tan Son Nhat Blvd,Gan san bay,10.813928881466124,106.66511432455972,21,34,1.0
2025-11-21 20:49:58,Nguyen Trai,Quan 5,10.755608615763382,106.67347943578082,18,28,1.0
2025-11-21 20:49:59,Le Duan,Quan 1,10.782680856341083,106.70051548181169,18,30,1.0
2025-11-21 20:50:00,Tran Hung Dao ,Quan 5,10.754895139302109,106.67839188181134,22,32,1.0
2025-11-21 20:50:12,Tran Quoc Thao,Quan 3,10.785070445194592,106.68331340921323,15,28,1.0
2025-11-21 20:50:24,Tran Hung Dao,Quan 5,10.7549373008113,106.67848844133415,23,33,1.0
2025-11-21 20:50:25,Cach Mang Thang 8 (CMT8),Quan 3,10.77898143649726,106.67684447140958,24,34,1.0
2025-11-21 20:50:26,Pham Ngu Lao / Bui Vien,Quan 1,10.767112828386699,106.6927618222887,11,19,1.0
2025-11-21 20:50:27,Nguyen Thi Minh Khai,Quan 3,10.77847212665258,106.69389510879643,29,41,1.0
2025-11-21 20:50:27,Nguyen Van Troi,Phu Nhuan,10.796057790235078,106.67492629345334,22,34,1.0
2025-11-21 20:50:28,Pham Van Dong,Go Vap,10.835298215641501,106.72935479345391,36,42,0.997131
2025-11-21 20:50:40,Cong truong lam son,Quan 1,10.777562007197462,106.7041335430398,18,30,1.0
2025-11-21 20:50:52,Nguyen Oanh ,Go Vap,10.83886351241477,106.67566625482782,28,36,0.997417
2025-11-21 20:50:53,Le Hong Phong,Quan 10,10.765187049751795,106.67550552599073,26,35,1.0
2025-11-21 20:51:05,Nguyen Van Cu,Quan 5,10.759484371982321,106.6840537511244,16,26,1.0
2025-11-21 20:51:06,Nga tu Binh Phuoc,Ngoai o,10.865229381280965,106.72366973948475,37,49,1.0
2025-11-21 20:51:07,Phu My Hung ,Quan 7,10.72279213640514,106.72808623948244,24,37,0.997961
2025-11-21 20:51:08,Nguyen Thai Son,Phu Nhuan,10.823400120373712,106.68551227436063,20,31,1.0
2025-11-21 20:51:09,An Duong Vuong,Quan 8,10.756158554057757,106.66631758181126,22,29,1.0
2025-11-21 20:51:21,Huynh Tan Phat,Nha Be,10.7144382088356,106.73711688366167,25,35,1.0
2025-11-21 20:51:22,Truong Chinh,Tan Binh ,10.817236653231737,106.63191539530457,25,35,1.0
2025-11-21 20:53:34,Cho Ben Thanh,Quan 1,10.772727584493625,106.69804225297563,13,24,0.998765
2025-11-21 20:53:35,Duong Nguyen Hue,Quan 1,10.774028664434528,106.70357076461706,16,28,1.0
2025-11-21 20:53:35,Nguyen Van Linh,Quan 7,10.752616652291238,106.72509685338922,39,39,1.0
2025-11-21 20:53:36,Vo Van Kiet,Quan 5,10.745754766198267,106.65326266831877,42,42,1.0
2025-11-21 20:53:37,Xa lo Ha Noi,QL1A,10.94927106740351,106.87196348224562,30,41,1.0
2025-11-21 20:53:38,Duong Dien Bien Phu,Quan 1,10.78866360854368,106.69551372228901,36,42,1.0
2025-11-21 20:53:50,Nga tu Hang Xanh,Binh Thanh,10.801406421807085,106.71148440879679,36,42,1.0
2025-11-21 20:54:02,Nga tu An Suong,Hoc Mon,10.843150534972033,106.6151343241409,25,35,1.0
2025-11-21 20:54:03,Ben xe Mien Dong,Quan 9,10.880537767027526,106.81481342866444,44,53,1.0
2025-11-21 20:54:15,Ben xe Mien Tay,Binh Tan,10.740840166521663,106.61899246873142,29,35,1.0
2025-11-21 20:54:16,Cau Sai Gon,Quan 2 ,10.798986343749618,106.72697056646841,45,45,1.0
2025-11-21 20:54:17,Cau Phu My,Q2,10.741860769464234,106.73790365482627,36,44,1.0
2025-11-21 20:54:18,Cau Kenh Te,Q4,10.752408891679814,106.7022703818112,24,33,1.0
2025-11-21 20:54:19,Cau Thu Thiem,Quan 2,10.786216596454727,106.71836665482695,40,40,1.0
2025-11-21 20:54:31,Nguyen Huu Canh,Binh Thanh,10.78948793356203,106.71518838181179,36,36,1.0
2025-11-21 20:54:32,Cong Hoa,Tan Binh,10.80223925742187,106.6478722259914,30,41,1.0
2025-11-21 20:54:33,Truong Son / Tan Son Nhat Blvd,Gan san bay,10.813928881466124,106.66511432455972,23,34,1.0
2025-11-21 20:54:34,Nguyen Trai,Quan 5,10.755608615763382,106.67347943578082,19,28,1.0
2025-11-21 20:54:46,Le Duan,Quan 1,10.782680856341083,106.70051548181169,18,30,1.0
2025-11-21 20:54:47,Tran Hung Dao ,Quan 5,10.754895139302109,106.67839188181134,22,32,1.0
2025-11-21 20:54:47,Tran Quoc Thao,Quan 3,10.785070445194592,106.68331340921323,18,28,1.0
2025-11-21 20:54:48,Tran Hung Dao,Quan 5,10.7549373008113,106.67848844133415,22,32,1.0
2025-11-21 20:54:49,Cach Mang Thang 8 (CMT8),Quan 3,10.77898143649726,106.67684447140958,24,34,1.0
2025-11-21 20:55:01,Pham Ngu Lao / Bui Vien,Quan 1,10.767112828386699,106.6927618222887,10,20,1.0
2025-11-21 20:55:13,Nguyen Thi Minh Khai,Quan 3,10.77847212665258,106.69389510879643,30,41,1.0
2025-11-21 20:55:25,Nguyen Van Troi,Phu Nhuan,10.796057790235078,106.67492629345334,23,34,1.0
2025-11-21 20:55:26,Pham Van Dong,Go Vap,10.835298215641501,106.72935479345391,42,42,1.0
2025-11-21 20:55:27,Cong truong lam son,Quan 1,10.777562007197462,106.7041335430398,19,31,1.0
2025-11-21 20:55:28,Nguyen Oanh ,Go Vap,10.83886351241477,106.67566625482782,26,36,1.0
2025-11-21 20:55:29,Le Hong Phong,Quan 10,10.765187049751795,106.67550552599073,27,36,1.0
2025-11-21 20:55:30,Nguyen Van Cu,Quan 5,10.759484371982321,106.6840537511244,19,28,1.0
2025-11-21 20:55:30,Nga tu Binh Phuoc,Ngoai o,10.865229381280965,106.72366973948475,39,49,1.0
2025-11-21 20:55:31,Phu My Hung ,Quan 7,10.72279213640514,106.72808623948244,24,37,1.0
2025-11-21 20:55:32,Nguyen Thai Son,Phu Nhuan,10.823400120373712,106.68551227436063,24,32,1.0
2025-11-21 20:55:33,An Duong Vuong,Quan 8,10.756158554057757,106.66631758181126,22,29,1.0
2025-11-21 20:55:34,Huynh Tan Phat,Nha Be,10.7144382088356,106.73711688366167,25,35,1.0
2025-11-21 20:55:46,Truong Chinh,Tan Binh ,10.817236653231737,106.63191539530457,25,35,1.0
2025-11-21 20:57:58,Cho Ben Thanh,Quan 1,10.772727584493625,106.69804225297563,13,24,0.998765
2025-11-21 20:57:59,Duong Nguyen Hue,Quan 1,10.774028664434528,106.70357076461706,13,29,1.0
2025-11-21 20:58:00,Nguyen Van Linh,Quan 7,10.752616652291238,106.72509685338922,39,39,1.0
2025-11-21 20:58:01,Vo Van Kiet,Quan 5,10.745754766198267,106.65326266831877,42,42,1.0
2025-11-21 20:58:02,Xa lo Ha Noi,QL1A,10.94927106740351,106.87196348224562,31,41,1.0
2025-11-21 20:58:03,Duong Dien Bien Phu,Quan 1,10.78866360854368,106.69551372228901,34,42,1.0
2025-11-21 20:58:14,Nga tu Hang Xanh,Binh Thanh,10.801406421807085,106.71148440879679,34,42,1.0
2025-11-21 20:58:26,Nga tu An Suong,Hoc Mon,10.843150534972033,106.6151343241409,24,35,1.0
2025-11-21 20:58:27,Ben xe Mien Dong,Quan 9,10.880537767027526,106.81481342866444,47,53,1.0
2025-11-21 20:58:28,Ben xe Mien Tay,Binh Tan,10.740840166521663,106.61899246873142,34,34,1.0
2025-11-21 20:58:29,Cau Sai Gon,Quan 2 ,10.798986343749618,106.72697056646841,45,45,1.0
2025-11-21 20:58:30,Cau Phu My,Q2,10.741860769464234,106.73790365482627,35,44,1.0
2025-11-21 20:58:31,Cau Kenh Te,Q4,10.752408891679814,106.7022703818112,26,34,1.0
2025-11-21 20:58:32,Cau Thu Thiem,Quan 2,10.786216596454727,106.71836665482695,40,40,1.0
2025-11-21 20:58:33,Nguyen Huu Canh,Binh Thanh,10.78948793356203,106.71518838181179,36,36,1.0
2025-11-21 20:58:34,Cong Hoa,Tan Binh,10.80223925742187,106.6478722259914,30,40,1.0
2025-11-21 20:58:34,Truong Son / Tan Son Nhat Blvd,Gan san bay,10.813928881466124,106.66511432455972,22,34,1.0
2025-11-21 20:58:39,Nguyen Trai,Quan 5,10.755608615763382,106.67347943578082,18,28,1.0
2025-11-21 20:58:40,Le Duan,Quan 1,10.782680856341083,106.70051548181169,18,30,1.0
2025-11-21 20:58:41,Tran Hung Dao ,Quan 5,10.754895139302109,106.67839188181134,22,33,1.0
2025-11-21 20:58:42,Tran Quoc Thao,Quan 3,10.785070445194592,106.68331340921323,18,28,1.0
2025-11-21 20:58:43,Tran Hung Dao,Quan 5,10.7549373008113,106.67848844133415,22,33,1.0
2025-11-21 20:58:44,Cach Mang Thang 8 (CMT8),Quan 3,10.77898143649726,106.67684447140958,24,34,1.0
2025-11-21 20:58:51,Pham Ngu Lao / Bui Vien,Quan 1,10.767112828386699,106.6927618222887,13,20,1.0
2025-11-21 20:58:52,Nguyen Thi Minh Khai,Quan 3,10.77847212665258,106.69389510879643,30,41,1.0
2025-11-21 20:58:53,Nguyen Van Troi,Phu Nhuan,10.796057790235078,106.67492629345334,23,34,0.997679
2025-11-21 20:58:54,Pham Van Dong,Go Vap,10.835298215641501,106.72935479345391,36,42,0.996673
2025-11-21 20:58:55,Cong truong lam son,Quan 1,10.777562007197462,106.7041335430398,19,30,1.0
2025-11-21 20:58:56,Nguyen Oanh ,Go Vap,10.83886351241477,106.67566625482782,27,36,1.0
2025-11-21 20:58:56,Le Hong Phong,Quan 10,10.765187049751795,106.67550552599073,25,36,1.0
2025-11-21 20:58:57,Nguyen Van Cu,Quan 5,10.759484371982321,106.6840537511244,18,27,1.0
2025-11-21 20:58:58,Nga tu Binh Phuoc,Ngoai o,10.865229381280965,106.72366973948475,38,49,1.0
2025-11-21 20:58:59,Phu My Hung ,Quan 7,10.72279213640514,106.72808623948244,25,37,0.998601
2025-11-21 20:59:00,Nguyen Thai Son,Phu Nhuan,10.823400120373712,106.68551227436063,22,32,1.0
2025-11-21 20:59:01,An Duong Vuong,Quan 8,10.756158554057757,106.66631758181126,30,30,1.0
2025-11-21 20:59:03,Huynh Tan Phat,Nha Be,10.7144382088356,106.73711688366167,26,35,1.0
2025-11-21 20:59:04,Truong Chinh,Tan Binh ,10.817236653231737,106.63191539530457,24,35,1.0
2025-11-21 21:01:05,Cho Ben Thanh,Quan 1,10.772727584493625,106.69804225297563,11,24,1.0
2025-11-21 21:01:17,Duong Nguyen Hue,Quan 1,10.774028664434528,106.70357076461706,15,28,1.0
2025-11-21 21:01:29,Nguyen Van Linh,Quan 7,10.752616652291238,106.72509685338922,38,42,1.0
2025-11-21 21:01:30,Vo Van Kiet,Quan 5,10.745754766198267,106.65326266831877,42,42,1.0
2025-11-21 21:01:30,Xa lo Ha Noi,QL1A,10.94927106740351,106.87196348224562,28,42,1.0
2025-11-21 21:01:31,Duong Dien Bien Phu,Quan 1,10.78866360854368,106.69551372228901,32,41,1.0
2025-11-21 21:01:32,Nga tu Hang Xanh,Binh Thanh,10.801406421807085,106.71148440879679,32,41,1.0
2025-11-21 21:01:33,Nga tu An Suong,Hoc Mon,10.843150534972033,106.6151343241409,24,35,1.0
2025-11-21 21:01:34,Ben xe Mien Dong,Quan 9,10.880537767027526,106.81481342866444,46,53,1.0
2025-11-21 21:01:35,Ben xe Mien Tay,Binh Tan,10.740840166521663,106.61899246873142,34,34,1.0
2025-11-21 21:01:36,Cau Sai Gon,Quan 2 ,10.798986343749618,106.72697056646841,36,45,1.0
2025-11-21 21:01:37,Cau Phu My,Q2,10.741860769464234,106.73790365482627,35,44,1.0
2025-11-21 21:01:38,Cau Kenh Te,Q4,10.752408891679814,106.7022703818112,26,33,1.0
2025-11-21 21:01:39,Cau Thu Thiem,Quan 2,10.786216596454727,106.71836665482695,34,39,1.0
2025-11-21 21:01:39,Nguyen Huu Canh,Binh Thanh,10.78948793356203,106.71518838181179,36,36,1.0
2025-11-21 21:01:40,Cong Hoa,Tan Binh,10.80223925742187,106.6478722259914,31,41,1.0
2025-11-21 21:01:41,Truong Son / Tan Son Nhat Blvd,Gan san bay,10.813928881466124,106.66511432455972,22,34,0.99972
2025-11-21 21:01:42,Nguyen Trai,Quan 5,10.755608615763382,106.67347943578082,18,28,1.0
2025-11-21 21:01:43,Le Duan,Quan 1,10.782680856341083,106.70051548181169,19,31,1.0
2025-11-21 21:01:44,Tran Hung Dao ,Quan 5,10.754895139302109,106.67839188181134,22,32,1.0
2025-11-21 21:01:45,Tran Quoc Thao,Quan 3,10.785070445194592,106.68331340921323,15,27,1.0
2025-11-21 21:01:46,Tran Hung Dao,Quan 5,10.7549373008113,106.67848844133415,22,32,1.0
2025-11-21 21:01:47,Cach Mang Thang 8 (CMT8),Quan 3,10.77898143649726,106.67684447140958,24,34,1.0
2025-11-21 21:01:47,Pham Ngu Lao / Bui Vien,Quan 1,10.767112828386699,106.6927618222887,8,20,1.0
2025-11-21 21:01:52,Nguyen Thi Minh Khai,Quan 3,10.77847212665258,106.69389510879643,30,42,1.0
2025-11-21 21:01:53,Nguyen Van Troi,Phu Nhuan,10.796057790235078,106.67492629345334,22,34,0.99972
2025-11-21 21:01:54,Pham Van Dong,Go Vap,10.835298215641501,106.72935479345391,37,42,0.997661
2025-11-21 21:01:55,Cong truong lam son,Quan 1,10.777562007197462,106.7041335430398,19,31,1.0
2025-11-21 21:01:56,Nguyen Oanh ,Go Vap,10.83886351241477,106.67566625482782,29,36,1.0
2025-11-21 21:01:57,Le Hong Phong,Quan 10,10.765187049751795,106.67550552599073,23,35,1.0
2025-11-21 21:01:58,Nguyen Van Cu,Quan 5,10.759484371982321,106.6840537511244,18,28,1.0
2025-11-21 21:01:59,Nga tu Binh Phuoc,Ngoai o,10.865229381280965,106.72366973948475,38,49,1.0
2025-11-21 21:01:59,Phu My Hung ,Quan 7,10.72279213640514,106.72808623948244,25,36,0.998209
2025-11-21 21:02:00,Nguyen Thai Son,Phu Nhuan,10.823400120373712,106.68551227436063,21,32,1.0
2025-11-21 21:02:01,An Duong Vuong,Quan 8,10.756158554057757,106.66631758181126,30,30,1.0
2025-11-21 21:02:02,Huynh Tan Phat,Nha Be,10.7144382088356,106.73711688366167,26,35,1.0
2025-11-21 21:02:03,Truong Chinh,Tan Binh ,10.817236653231737,106.63191539530457,24,35,1.0
2025-11-21 21:04:04,Cho Ben Thanh,Quan 1,10.772727584493625,106.69804225297563,11,23,1.0
2025-11-21 21:04:05,Duong Nguyen Hue,Quan 1,10.774028664434528,106.70357076461706,13,29,1.0
2025-11-21 21:04:17,Nguyen Van Linh,Quan 7,10.752616652291238,106.72509685338922,39,39,1.0
2025-11-21 21:04:18,Vo Van Kiet,Quan 5,10.745754766198267,106.65326266831877,42,42,1.0
2025-11-21 21:04:19,Xa lo Ha Noi,QL1A,10.94927106740351,106.87196348224562,30,41,1.0
2025-11-21 21:04:19,Duong Dien Bien Phu,Quan 1,10.78866360854368,106.69551372228901,35,42,1.0
2025-11-21 21:04:20,Nga tu Hang Xanh,Binh Thanh,10.801406421807085,106.71148440879679,35,42,1.0
2025-11-21 21:04:32,Nga tu An Suong,Hoc Mon,10.843150534972033,106.6151343241409,25,35,1.0
2025-11-21 21:04:33,Ben xe Mien Dong,Quan 9,10.880537767027526,106.81481342866444,45,53,1.0
2025-11-21 21:04:34,Ben xe Mien Tay,Binh Tan,10.740840166521663,106.61899246873142,34,34,1.0
2025-11-21 21:04:56,Cau Sai Gon,Quan 2 ,10.798986343749618,106.72697056646841,45,45,1.0
2025-11-21 21:05:08,Cau Phu My,Q2,10.741860769464234,106.73790365482627,37,44,1.0
2025-11-21 21:05:20,Cau Kenh Te,Q4,10.752408891679814,106.7022703818112,25,33,1.0
2025-11-21 21:05:32,Cau Thu Thiem,Quan 2,10.786216596454727,106.71836665482695,40,40,1.0
2025-11-21 21:05:44,Nguyen Huu Canh,Binh Thanh,10.78948793356203,106.71518838181179,28,35,1.0
2025-11-21 21:05:45,Cong Hoa,Tan Binh,10.80223925742187,106.6478722259914,28,40,1.0
2025-11-21 21:05:46,Truong Son / Tan Son Nhat Blvd,Gan san bay,10.813928881466124,106.66511432455972,22,34,0.998121
2025-11-21 21:05:47,Nguyen Trai,Quan 5,10.755608615763382,106.67347943578082,17,28,1.0
2025-11-21 21:05:48,Le Duan,Quan 1,10.782680856341083,106.70051548181169,19,30,1.0
2025-11-21 21:05:48,Tran Hung Dao ,Quan 5,10.754895139302109,106.67839188181134,22,33,1.0
2025-11-21 21:06:00,Tran Quoc Thao,Quan 3,10.785070445194592,106.68331340921323,17,28,1.0
2025-11-21 21:06:12,Tran Hung Dao,Quan 5,10.7549373008113,106.67848844133415,22,32,1.0
2025-11-21 21:06:14,Cach Mang Thang 8 (CMT8),Quan 3,10.77898143649726,106.67684447140958,25,34,1.0
2025-11-21 21:06:36,Pham Ngu Lao / Bui Vien,Quan 1,10.767112828386699,106.6927618222887,10,20,1.0
2025-11-21 21:06:48,Nguyen Thi Minh Khai,Quan 3,10.77847212665258,106.69389510879643,30,41,1.0
2025-11-21 21:06:49,Nguyen Van Troi,Phu Nhuan,10.796057790235078,106.67492629345334,22,33,0.998121
2025-11-21 21:06:50,Pham Van Dong,Go Vap,10.835298215641501,106.72935479345391,35,42,0.997286
2025-11-21 21:06:51,Cong truong lam son,Quan 1,10.777562007197462,106.7041335430398,20,30,1.0
2025-11-21 21:06:52,Nguyen Oanh ,Go Vap,10.83886351241477,106.67566625482782,28,36,1.0
2025-11-21 21:06:53,Le Hong Phong,Quan 10,10.765187049751795,106.67550552599073,28,35,1.0
2025-11-21 21:07:04,Nguyen Van Cu,Quan 5,10.759484371982321,106.6840537511244,15,27,1.0
2025-11-21 21:07:16,Nga tu Binh Phuoc,Ngoai o,10.865229381280965,106.72366973948475,40,49,1.0
2025-11-21 21:07:28,Phu My Hung ,Quan 7,10.72279213640514,106.72808623948244,25,37,0.998072
2025-11-21 21:07:29,Nguyen Thai Son,Phu Nhuan,10.823400120373712,106.68551227436063,22,31,1.0
2025-11-21 21:07:30,An Duong Vuong,Quan 8,10.756158554057757,106.66631758181126,22,29,1.0
2025-11-21 21:07:31,Huynh Tan Phat,Nha Be,10.7144382088356,106.73711688366167,25,35,1.0
2025-11-21 21:07:32,Truong Chinh,Tan Binh ,10.817236653231737,106.63191539530457,25,35,1.0
2025-11-21 21:09:33,Cho Ben Thanh,Quan 1,10.772727584493625,106.69804225297563,14,24,1.0
2025-11-21 21:09:34,Duong Nguyen Hue,Quan 1,10.774028664434528,106.70357076461706,12,29,1.0
2025-11-21 21:09:35,Nguyen Van Linh,Quan 7,10.752616652291238,106.72509685338922,39,39,1.0
2025-11-21 21:09:35,Vo Van Kiet,Quan 5,10.745754766198267,106.65326266831877,42,42,1.0
2025-11-21 21:09:36,Xa lo Ha Noi,QL1A,10.94927106740351,106.87196348224562,30,41,1.0
2025-11-21 21:09:38,Duong Dien Bien Phu,Quan 1,10.78866360854368,106.69551372228901,34,41,1.0
2025-11-21 21:09:44,Nga tu Hang Xanh,Binh Thanh,10.801406421807085,106.71148440879679,34,41,1.0
2025-11-21 21:09:56,Nga tu An Suong,Hoc Mon,10.843150534972033,106.6151343241409,25,35,1.0
2025-11-21 21:09:57,Ben xe Mien Dong,Quan 9,10.880537767027526,106.81481342866444,47,53,1.0
2025-11-21 21:09:58,Ben xe Mien Tay,Binh Tan,10.740840166521663,106.61899246873142,34,34,1.0
2025-11-21 21:09:58,Cau Sai Gon,Quan 2 ,10.798986343749618,106.72697056646841,45,45,1.0
2025-11-21 21:09:59,Cau Phu My,Q2,10.741860769464234,106.73790365482627,45,45,1.0
2025-11-21 21:10:00,Cau Kenh Te,Q4,10.752408891679814,106.7022703818112,26,33,1.0
2025-11-21 21:10:12,Cau Thu Thiem,Quan 2,10.786216596454727,106.71836665482695,40,40,1.0
2025-11-21 21:10:13,Nguyen Huu Canh,Binh Thanh,10.78948793356203,106.71518838181179,36,36,1.0
2025-11-21 21:10:25,Cong Hoa,Tan Binh,10.80223925742187,106.6478722259914,28,40,1.0
2025-11-21 21:10:37,Truong Son / Tan Son Nhat Blvd,Gan san bay,10.813928881466124,106.66511432455972,24,33,0.997651
2025-11-21 21:10:49,Nguyen Trai,Quan 5,10.755608615763382,106.67347943578082,17,27,1.0
2025-11-21 21:10:50,Le Duan,Quan 1,10.782680856341083,106.70051548181169,20,30,1.0
2025-11-21 21:10:51,Tran Hung Dao ,Quan 5,10.754895139302109,106.67839188181134,23,33,1.0
2025-11-21 21:10:52,Tran Quoc Thao,Quan 3,10.785070445194592,106.68331340921323,20,26,1.0
2025-11-21 21:10:53,Tran Hung Dao,Quan 5,10.7549373008113,106.67848844133415,23,33,1.0
2025-11-21 21:10:54,Cach Mang Thang 8 (CMT8),Quan 3,10.77898143649726,106.67684447140958,23,34,1.0
2025-11-21 21:11:01,Pham Ngu Lao / Bui Vien,Quan 1,10.767112828386699,106.6927618222887,10,19,1.0
2025-11-21 21:11:13,Nguyen Thi Minh Khai,Quan 3,10.77847212665258,106.69389510879643,31,41,1.0
2025-11-21 21:11:25,Nguyen Van Troi,Phu Nhuan,10.796057790235078,106.67492629345334,23,33,0.997651
2025-11-21 21:11:37,Pham Van Dong,Go Vap,10.835298215641501,106.72935479345391,42,42,1.0
2025-11-21 21:11:49,Cong truong lam son,Quan 1,10.777562007197462,106.7041335430398,18,30,1.0
2025-11-21 21:11:50,Nguyen Oanh ,Go Vap,10.83886351241477,106.67566625482782,26,36,1.0
2025-11-21 21:11:51,Le Hong Phong,Quan 10,10.765187049751795,106.67550552599073,26,35,1.0
2025-11-21 21:11:52,Nguyen Van Cu,Quan 5,10.759484371982321,106.6840537511244,16,27,1.0
2025-11-21 21:11:53,Nga tu Binh Phuoc,Ngoai o,10.865229381280965,106.72366973948475,38,49,1.0
2025-11-21 21:11:53,Phu My Hung ,Quan 7,10.72279213640514,106.72808623948244,26,37,0.996621
2025-11-21 21:12:05,Nguyen Thai Son,Phu Nhuan,10.823400120373712,106.68551227436063,21,31,1.0
2025-11-21 21:12:17,An Duong Vuong,Quan 8,10.756158554057757,106.66631758181126,30,30,1.0
2025-11-21 21:12:18,Huynh Tan Phat,Nha Be,10.7144382088356,106.73711688366167,27,35,1.0
2025-11-21 21:12:19,Truong Chinh,Tan Binh ,10.817236653231737,106.63191539530457,26,35,1.0
2025-11-21 21:14:31,Cho Ben Thanh,Quan 1,10.772727584493625,106.69804225297563,12,24,1.0
2025-11-21 21:14:43,Duong Nguyen Hue,Quan 1,10.774028664434528,106.70357076461706,12,28,1.0
2025-11-21 21:14:55,Nguyen Van Linh,Quan 7,10.752616652291238,106.72509685338922,39,39,1.0
2025-11-21 21:14:56,Vo Van Kiet,Quan 5,10.745754766198267,106.65326266831877,42,42,1.0
2025-11-21 21:14:57,Xa lo Ha Noi,QL1A,10.94927106740351,106.87196348224562,30,42,1.0
2025-11-21 21:14:58,Duong Dien Bien Phu,Quan 1,10.78866360854368,106.69551372228901,33,42,1.0
2025-11-21 21:14:59,Nga tu Hang Xanh,Binh Thanh,10.801406421807085,106.71148440879679,33,42,1.0
2025-11-21 21:15:00,Nga tu An Suong,Hoc Mon,10.843150534972033,106.6151343241409,26,34,1.0
2025-11-21 21:15:12,Ben xe Mien Dong,Quan 9,10.880537767027526,106.81481342866444,53,53,1.0
2025-11-21 21:15:24,Ben xe Mien Tay,Binh Tan,10.740840166521663,106.61899246873142,34,34,1.0
2025-11-21 21:15:25,Cau Sai Gon,Quan 2 ,10.798986343749618,106.72697056646841,34,44,1.0
2025-11-21 21:15:25,Cau Phu My,Q2,10.741860769464234,106.73790365482627,45,45,1.0
2025-11-21 21:15:26,Cau Kenh Te,Q4,10.752408891679814,106.7022703818112,24,32,1.0
2025-11-21 21:15:27,Cau Thu Thiem,Quan 2,10.786216596454727,106.71836665482695,40,40,1.0
2025-11-21 21:15:28,Nguyen Huu Canh,Binh Thanh,10.78948793356203,106.71518838181179,36,36,1.0
2025-11-21 21:15:36,Cong Hoa,Tan Binh,10.80223925742187,106.6478722259914,27,40,1.0
2025-11-21 21:15:48,Truong Son / Tan Son Nhat Blvd,Gan san bay,10.813928881466124,106.66511432455972,23,34,0.998667
2025-11-21 21:16:00,Nguyen Trai,Quan 5,10.755608615763382,106.67347943578082,15,28,1.0
2025-11-21 21:16:11,Le Duan,Quan 1,10.782680856341083,106.70051548181169,19,31,1.0
2025-11-21 21:16:33,Tran Hung Dao ,Quan 5,10.754895139302109,106.67839188181134,24,32,1.0
2025-11-21 21:16:45,Tran Quoc Thao,Quan 3,10.785070445194592,106.68331340921323,14,27,1.0
2025-11-21 21:16:46,Tran Hung Dao,Quan 5,10.7549373008113,106.67848844133415,23,32,1.0
2025-11-21 21:16:47,Cach Mang Thang 8 (CMT8),Quan 3,10.77898143649726,106.67684447140958,25,34,1.0
2025-11-21 21:16:48,Pham Ngu Lao / Bui Vien,Quan 1,10.767112828386699,106.6927618222887,9,20,1.0
2025-11-21 21:16:49,Nguyen Thi Minh Khai,Quan 3,10.77847212665258,106.69389510879643,30,42,1.0
2025-11-21 21:16:50,Nguyen Van Troi,Phu Nhuan,10.796057790235078,106.67492629345334,22,34,0.997725
2025-11-21 21:16:51,Pham Van Dong,Go Vap,10.835298215641501,106.72935479345391,34,42,0.99748
2025-11-21 21:16:52,Cong truong lam son,Quan 1,10.777562007197462,106.7041335430398,18,30,1.0
2025-11-21 21:16:53,Nguyen Oanh ,Go Vap,10.83886351241477,106.67566625482782,28,36,1.0
2025-11-21 21:16:54,Le Hong Phong,Quan 10,10.765187049751795,106.67550552599073,22,36,1.0
2025-11-21 21:16:55,Nguyen Van Cu,Quan 5,10.759484371982321,106.6840537511244,15,27,1.0
2025-11-21 21:17:07,Nga tu Binh Phuoc,Ngoai o,10.865229381280965,106.72366973948475,40,49,1.0
2025-11-21 21:17:08,Phu My Hung ,Quan 7,10.72279213640514,106.72808623948244,27,37,0.997902
2025-11-21 21:17:09,Nguyen Thai Son,Phu Nhuan,10.823400120373712,106.68551227436063,22,31,1.0
2025-11-21 21:17:10,An Duong Vuong,Quan 8,10.756158554057757,106.66631758181126,30,30,1.0
2025-11-21 21:17:11,Huynh Tan Phat,Nha Be,10.7144382088356,106.73711688366167,26,35,1.0
2025-11-21 21:17:12,Truong Chinh,Tan Binh ,10.817236653231737,106.63191539530457,25,34,1.0
2025-11-21 21:19:23,Cho Ben Thanh,Quan 1,10.772727584493625,106.69804225297563,11,22,0.968292
2025-11-21 21:19:24,Duong Nguyen Hue,Quan 1,10.774028664434528,106.70357076461706,13,29,1.0
2025-11-21 21:19:25,Nguyen Van Linh,Quan 7,10.752616652291238,106.72509685338922,39,39,1.0
2025-11-21 21:19:26,Vo Van Kiet,Quan 5,10.745754766198267,106.65326266831877,42,42,1.0
2025-11-21 21:19:27,Xa lo Ha Noi,QL1A,10.94927106740351,106.87196348224562,27,42,1.0
2025-11-21 21:19:39,Duong Dien Bien Phu,Quan 1,10.78866360854368,106.69551372228901,34,42,1.0
2025-11-21 21:19:51,Nga tu Hang Xanh,Binh Thanh,10.801406421807085,106.71148440879679,35,41,1.0
2025-11-21 21:19:52,Nga tu An Suong,Hoc Mon,10.843150534972033,106.6151343241409,26,35,1.0
2025-11-21 21:19:53,Ben xe Mien Dong,Quan 9,10.880537767027526,106.81481342866444,53,53,1.0
2025-11-21 21:19:54,Ben xe Mien Tay,Binh Tan,10.740840166521663,106.61899246873142,34,34,1.0
2025-11-21 21:19:54,Cau Sai Gon,Quan 2 ,10.798986343749618,106.72697056646841,29,44,1.0
2025-11-21 21:19:55,Cau Phu My,Q2,10.741860769464234,106.73790365482627,45,45,1.0
2025-11-21 21:20:03,Cau Kenh Te,Q4,10.752408891679814,106.7022703818112,25,34,1.0
2025-11-21 21:20:04,Cau Thu Thiem,Quan 2,10.786216596454727,106.71836665482695,40,40,1.0
2025-11-21 21:20:05,Nguyen Huu Canh,Binh Thanh,10.78948793356203,106.71518838181179,36,36,1.0
2025-11-21 21:20:06,Cong Hoa,Tan Binh,10.80223925742187,106.6478722259914,28,41,1.0
2025-11-21 21:20:06,Truong Son / Tan Son Nhat Blvd,Gan san bay,10.813928881466124,106.66511432455972,24,34,0.998669
2025-11-21 21:20:07,Nguyen Trai,Quan 5,10.755608615763382,106.67347943578082,21,28,1.0
2025-11-21 21:20:08,Le Duan,Quan 1,10.782680856341083,106.70051548181169,18,30,1.0
2025-11-21 21:20:15,Tran Hung Dao ,Quan 5,10.754895139302109,106.67839188181134,22,32,1.0
2025-11-21 21:20:27,Tran Quoc Thao,Quan 3,10.785070445194592,106.68331340921323,18,27,1.0
2025-11-21 21:20:28,Tran Hung Dao,Quan 5,10.7549373008113,106.67848844133415,22,32,1.0
2025-11-21 21:20:29,Cach Mang Thang 8 (CMT8),Quan 3,10.77898143649726,106.67684447140958,27,35,1.0
2025-11-21 21:20:30,Pham Ngu Lao / Bui Vien,Quan 1,10.767112828386699,106.6927618222887,11,20,1.0
2025-11-21 21:20:30,Nguyen Thi Minh Khai,Quan 3,10.77847212665258,106.69389510879643,30,41,1.0
2025-11-21 21:20:31,Nguyen Van Troi,Phu Nhuan,10.796057790235078,106.67492629345334,22,34,0.998669
2025-11-21 21:20:32,Pham Van Dong,Go Vap,10.835298215641501,106.72935479345391,42,42,1.0
2025-11-21 21:20:33,Cong truong lam son,Quan 1,10.777562007197462,106.7041335430398,18,31,1.0
2025-11-21 21:20:43,Nguyen Oanh ,Go Vap,10.83886351241477,106.67566625482782,26,36,1.0
2025-11-21 21:20:55,Le Hong Phong,Quan 10,10.765187049751795,106.67550552599073,23,35,1.0
2025-11-21 21:20:56,Nguyen Van Cu,Quan 5,10.759484371982321,106.6840537511244,20,27,1.0
2025-11-21 21:20:57,Nga tu Binh Phuoc,Ngoai o,10.865229381280965,106.72366973948475,39,49,1.0
2025-11-21 21:20:58,Phu My Hung ,Quan 7,10.72279213640514,106.72808623948244,27,37,0.997902
2025-11-21 21:20:59,Nguyen Thai Son,Phu Nhuan,10.823400120373712,106.68551227436063,23,32,1.0
2025-11-21 21:21:11,An Duong Vuong,Quan 8,10.756158554057757,106.66631758181126,23,30,1.0
2025-11-21 21:21:12,Huynh Tan Phat,Nha Be,10.7144382088356,106.73711688366167,26,35,1.0
2025-11-21 21:21:13,Truong Chinh,Tan Binh ,10.817236653231737,106.63191539530457,26,35,1.0
2025-11-21 21:23:25,Cho Ben Thanh,Quan 1,10.772727584493625,106.69804225297563,13,23,0.968292
2025-11-21 21:23:26,Duong Nguyen Hue,Quan 1,10.774028664434528,106.70357076461706,18,28,1.0
2025-11-21 21:23:27,Nguyen Van Linh,Quan 7,10.752616652291238,106.72509685338922,39,39,1.0
2025-11-21 21:23:27,Vo Van Kiet,Quan 5,10.745754766198267,106.65326266831877,42,42,1.0
2025-11-21 21:23:28,Xa lo Ha Noi,QL1A,10.94927106740351,106.87196348224562,27,42,1.0
2025-11-21 21:23:29,Duong Dien Bien Phu,Quan 1,10.78866360854368,106.69551372228901,34,41,1.0
2025-11-21 21:23:30,Nga tu Hang Xanh,Binh Thanh,10.801406421807085,106.71148440879679,34,41,1.0
2025-11-21 21:23:31,Nga tu An Suong,Hoc Mon,10.843150534972033,106.6151343241409,25,34,1.0
2025-11-21 21:23:32,Ben xe Mien Dong,Quan 9,10.880537767027526,106.81481342866444,53,53,1.0
2025-11-21 21:23:33,Ben xe Mien Tay,Binh Tan,10.740840166521663,106.61899246873142,34,34,1.0
2025-11-21 21:23:34,Cau Sai Gon,Quan 2 ,10.798986343749618,106.72697056646841,31,44,1.0
2025-11-21 21:23:35,Cau Phu My,Q2,10.741860769464234,106.73790365482627,45,45,1.0
2025-11-21 21:23:35,Cau Kenh Te,Q4,10.752408891679814,106.7022703818112,33,33,1.0
2025-11-21 21:23:36,Cau Thu Thiem,Quan 2,10.786216596454727,106.71836665482695,40,40,1.0
2025-11-21 21:23:37,Nguyen Huu Canh,Binh Thanh,10.78948793356203,106.71518838181179,36,36,1.0
2025-11-21 21:23:38,Cong Hoa,Tan Binh,10.80223925742187,106.6478722259914,27,41,1.0
2025-11-21 21:23:39,Truong Son / Tan Son Nhat Blvd,Gan san bay,10.813928881466124,106.66511432455972,24,34,0.998405
2025-11-21 21:23:40,Nguyen Trai,Quan 5,10.755608615763382,106.67347943578082,17,27,0.998954
2025-11-21 21:23:47,Le Duan,Quan 1,10.782680856341083,106.70051548181169,18,30,1.0
2025-11-21 21:23:59,Tran Hung Dao ,Quan 5,10.754895139302109,106.67839188181134,21,32,1.0
2025-11-21 21:24:00,Tran Quoc Thao,Quan 3,10.785070445194592,106.68331340921323,20,27,1.0
2025-11-21 21:24:01,Tran Hung Dao,Quan 5,10.7549373008113,106.67848844133415,21,32,1.0
2025-11-21 21:24:01,Cach Mang Thang 8 (CMT8),Quan 3,10.77898143649726,106.67684447140958,26,34,1.0
2025-11-21 21:24:02,Pham Ngu Lao / Bui Vien,Quan 1,10.767112828386699,106.6927618222887,11,20,1.0
2025-11-21 21:24:03,Nguyen Thi Minh Khai,Quan 3,10.77847212665258,106.69389510879643,32,41,1.0
2025-11-21 21:24:04,Nguyen Van Troi,Phu Nhuan,10.796057790235078,106.67492629345334,24,34,0.998405
2025-11-21 21:24:05,Pham Van Dong,Go Vap,10.835298215641501,106.72935479345391,42,42,1.0
2025-11-21 21:24:06,Cong truong lam son,Quan 1,10.777562007197462,106.7041335430398,17,30,1.0
2025-11-21 21:24:07,Nguyen Oanh ,Go Vap,10.83886351241477,106.67566625482782,27,36,0.997231
2025-11-21 21:24:08,Le Hong Phong,Quan 10,10.765187049751795,106.67550552599073,22,35,1.0
2025-11-21 21:24:09,Nguyen Van Cu,Quan 5,10.759484371982321,106.6840537511244,16,26,0.998954
2025-11-21 21:24:10,Nga tu Binh Phuoc,Ngoai o,10.865229381280965,106.72366973948475,38,49,1.0
2025-11-21 21:24:11,Phu My Hung ,Quan 7,10.72279213640514,106.72808623948244,25,36,0.997203
2025-11-21 21:24:12,Nguyen Thai Son,Phu Nhuan,10.823400120373712,106.68551227436063,23,32,1.0
2025-11-21 21:24:13,An Duong Vuong,Quan 8,10.756158554057757,106.66631758181126,30,30,1.0
2025-11-21 21:24:14,Huynh Tan Phat,Nha Be,10.7144382088356,106.73711688366167,27,35,1.0
2025-11-21 21:24:15,Truong Chinh,Tan Binh ,10.817236653231737,106.63191539530457,25,35,1.0
2025-11-21 21:26:28,Cho Ben Thanh,Quan 1,10.772727584493625,106.69804225297563,12,23,0.968292
2025-11-21 21:26:28,Duong Nguyen Hue,Quan 1,10.774028664434528,106.70357076461706,12,29,1.0
2025-11-21 21:26:29,Nguyen Van Linh,Quan 7,10.752616652291238,106.72509685338922,39,39,1.0
2025-11-21 21:26:30,Vo Van Kiet,Quan 5,10.745754766198267,106.65326266831877,42,42,1.0
2025-11-21 21:26:31,Xa lo Ha Noi,QL1A,10.94927106740351,106.87196348224562,29,42,1.0
2025-11-21 21:26:32,Duong Dien Bien Phu,Quan 1,10.78866360854368,106.69551372228901,35,42,1.0
2025-11-21 21:26:40,Nga tu Hang Xanh,Binh Thanh,10.801406421807085,106.71148440879679,35,42,1.0
2025-11-21 21:26:41,Nga tu An Suong,Hoc Mon,10.843150534972033,106.6151343241409,26,35,1.0
2025-11-21 21:26:41,Ben xe Mien Dong,Quan 9,10.880537767027526,106.81481342866444,53,53,1.0
2025-11-21 21:26:42,Ben xe Mien Tay,Binh Tan,10.740840166521663,106.61899246873142,34,34,1.0
2025-11-21 21:26:43,Cau Sai Gon,Quan 2 ,10.798986343749618,106.72697056646841,32,43,1.0
2025-11-21 21:26:44,Cau Phu My,Q2,10.741860769464234,106.73790365482627,45,45,1.0
2025-11-21 21:26:56,Cau Kenh Te,Q4,10.752408891679814,106.7022703818112,25,34,1.0
2025-11-21 21:27:08,Cau Thu Thiem,Quan 2,10.786216596454727,106.71836665482695,40,40,1.0
2025-11-21 21:27:09,Nguyen Huu Canh,Binh Thanh,10.78948793356203,106.71518838181179,36,36,1.0
2025-11-21 21:27:10,Cong Hoa,Tan Binh,10.80223925742187,106.6478722259914,30,41,1.0
2025-11-21 21:27:11,Truong Son / Tan Son Nhat Blvd,Gan san bay,10.813928881466124,106.66511432455972,23,33,0.999265
2025-11-21 21:27:12,Nguyen Trai,Quan 5,10.755608615763382,106.67347943578082,16,27,0.998954
2025-11-21 21:27:13,Le Duan,Quan 1,10.782680856341083,106.70051548181169,18,30,1.0
2025-11-21 21:27:14,Tran Hung Dao ,Quan 5,10.754895139302109,106.67839188181134,23,33,1.0
2025-11-21 21:27:15,Tran Quoc Thao,Quan 3,10.785070445194592,106.68331340921323,19,27,1.0
2025-11-21 21:27:15,Tran Hung Dao,Quan 5,10.7549373008113,106.67848844133415,23,33,1.0
2025-11-21 21:27:16,Cach Mang Thang 8 (CMT8),Quan 3,10.77898143649726,106.67684447140958,25,34,1.0
2025-11-21 21:27:17,Pham Ngu Lao / Bui Vien,Quan 1,10.767112828386699,106.6927618222887,10,19,1.0
2025-11-21 21:27:18,Nguyen Thi Minh Khai,Quan 3,10.77847212665258,106.69389510879643,31,41,1.0
2025-11-21 21:27:19,Nguyen Van Troi,Phu Nhuan,10.796057790235078,106.67492629345334,23,33,0.999265
2025-11-21 21:27:20,Pham Van Dong,Go Vap,10.835298215641501,106.72935479345391,35,42,0.99748
2025-11-21 21:27:21,Cong truong lam son,Quan 1,10.777562007197462,106.7041335430398,18,30,1.0
2025-11-21 21:27:22,Nguyen Oanh ,Go Vap,10.83886351241477,106.67566625482782,25,36,1.0
2025-11-21 21:27:34,Le Hong Phong,Quan 10,10.765187049751795,106.67550552599073,24,35,1.0
2025-11-21 21:27:45,Nguyen Van Cu,Quan 5,10.759484371982321,106.6840537511244,17,27,0.998954
2025-11-21 21:27:57,Nga tu Binh Phuoc,Ngoai o,10.865229381280965,106.72366973948475,38,49,1.0
2025-11-21 21:27:58,Phu My Hung ,Quan 7,10.72279213640514,106.72808623948244,25,37,0.996621
2025-11-21 21:27:59,Nguyen Thai Son,Phu Nhuan,10.823400120373712,106.68551227436063,21,31,1.0
2025-11-21 21:28:00,An Duong Vuong,Quan 8,10.756158554057757,106.66631758181126,23,29,1.0
2025-11-21 21:28:02,Huynh Tan Phat,Nha Be,10.7144382088356,106.73711688366167,27,36,1.0
2025-11-21 21:28:03,Truong Chinh,Tan Binh ,10.817236653231737,106.63191539530457,24,35,1.0
2025-11-21 21:30:15,Cho Ben Thanh,Quan 1,10.772727584493625,106.69804225297563,12,22,0.968292
2025-11-21 21:30:15,Duong Nguyen Hue,Quan 1,10.774028664434528,106.70357076461706,17,28,1.0
2025-11-21 21:30:16,Nguyen Van Linh,Quan 7,10.752616652291238,106.72509685338922,39,39,1.0
2025-11-21 21:30:17,Vo Van Kiet,Quan 5,10.745754766198267,106.65326266831877,42,42,1.0
2025-11-21 21:30:18,Xa lo Ha Noi,QL1A,10.94927106740351,106.87196348224562,42,42,1.0
2025-11-21 21:30:19,Duong Dien Bien Phu,Quan 1,10.78866360854368,106.69551372228901,34,41,1.0
2025-11-21 21:30:20,Nga tu Hang Xanh,Binh Thanh,10.801406421807085,106.71148440879679,34,41,1.0
2025-11-21 21:30:30,Nga tu An Suong,Hoc Mon,10.843150534972033,106.6151343241409,25,35,1.0
2025-11-21 21:30:42,Ben xe Mien Dong,Quan 9,10.880537767027526,106.81481342866444,53,53,1.0
2025-11-21 21:30:43,Ben xe Mien Tay,Binh Tan,10.740840166521663,106.61899246873142,34,34,1.0
2025-11-21 21:30:44,Cau Sai Gon,Quan 2 ,10.798986343749618,106.72697056646841,34,44,1.0
2025-11-21 21:30:56,Cau Phu My,Q2,10.741860769464234,106.73790365482627,45,45,1.0
2025-11-21 21:31:08,Cau Kenh Te,Q4,10.752408891679814,106.7022703818112,25,34,1.0
2025-11-21 21:31:09,Cau Thu Thiem,Quan 2,10.786216596454727,106.71836665482695,40,40,1.0
2025-11-21 21:31:10,Nguyen Huu Canh,Binh Thanh,10.78948793356203,106.71518838181179,28,35,1.0
2025-11-21 21:31:11,Cong Hoa,Tan Binh,10.80223925742187,106.6478722259914,29,41,1.0
2025-11-21 21:31:12,Truong Son / Tan Son Nhat Blvd,Gan san bay,10.813928881466124,106.66511432455972,24,33,0.998667
2025-11-21 21:31:13,Nguyen Trai,Quan 5,10.755608615763382,106.67347943578082,17,26,0.998954
2025-11-21 21:31:14,Le Duan,Quan 1,10.782680856341083,106.70051548181169,19,30,1.0
2025-11-21 21:31:26,Tran Hung Dao ,Quan 5,10.754895139302109,106.67839188181134,23,33,1.0
2025-11-21 21:31:37,Tran Quoc Thao,Quan 3,10.785070445194592,106.68331340921323,16,27,1.0
2025-11-21 21:31:38,Tran Hung Dao,Quan 5,10.7549373008113,106.67848844133415,23,33,1.0
2025-11-21 21:31:39,Cach Mang Thang 8 (CMT8),Quan 3,10.77898143649726,106.67684447140958,26,34,1.0
2025-11-21 21:31:40,Pham Ngu Lao / Bui Vien,Quan 1,10.767112828386699,106.6927618222887,12,20,1.0
2025-11-21 21:31:41,Nguyen Thi Minh Khai,Quan 3,10.77847212665258,106.69389510879643,31,42,1.0
2025-11-21 21:31:42,Nguyen Van Troi,Phu Nhuan,10.796057790235078,106.67492629345334,24,33,0.998667
2025-11-21 21:31:54,Pham Van Dong,Go Vap,10.835298215641501,106.72935479345391,35,41,0.996895
2025-11-21 21:32:06,Cong truong lam son,Quan 1,10.777562007197462,106.7041335430398,18,30,1.0
2025-11-21 21:32:07,Nguyen Oanh ,Go Vap,10.83886351241477,106.67566625482782,26,36,1.0
2025-11-21 21:32:08,Le Hong Phong,Quan 10,10.765187049751795,106.67550552599073,25,36,1.0
2025-11-21 21:32:09,Nguyen Van Cu,Quan 5,10.759484371982321,106.6840537511244,20,28,1.0
2025-11-21 21:32:10,Nga tu Binh Phuoc,Ngoai o,10.865229381280965,106.72366973948475,39,49,1.0
2025-11-21 21:32:11,Phu My Hung ,Quan 7,10.72279213640514,106.72808623948244,25,37,0.995795
2025-11-21 21:32:23,Nguyen Thai Son,Phu Nhuan,10.823400120373712,106.68551227436063,24,32,1.0
2025-11-21 21:32:35,An Duong Vuong,Quan 8,10.756158554057757,106.66631758181126,19,29,1.0
2025-11-21 21:32:36,Huynh Tan Phat,Nha Be,10.7144382088356,106.73711688366167,25,35,1.0
2025-11-21 21:32:36,Truong Chinh,Tan Binh ,10.817236653231737,106.63191539530457,24,35,1.0
