Timestamp,Location/Street,District,Latitude,Longitude,CurrentSpeed,FreeFlowSpeed,Confidence
2025-11-22 11:23:31,Cho Ben Thanh,Quan 1,10.772727584493625,106.69804225297563,14,24,0.998765
2025-11-22 11:23:32,Duong Nguyen Hue,Quan 1,10.774028664434528,106.70357076461706,29,29,1.0
2025-11-22 11:23:33,Nguyen Van Linh,Quan 7,10.752616652291238,106.72509685338922,30,39,1.0
2025-11-22 11:23:34,Vo Van Kiet,Quan 5,10.745754766198267,106.65326266831877,33,43,1.0
2025-11-22 11:23:35,Xa lo Ha Noi,QL1A,10.94927106740351,106.87196348224562,31,42,1.0
2025-11-22 11:23:36,Duong Dien Bien Phu,Quan 1,10.78866360854368,106.69551372228901,33,42,1.0
2025-11-22 11:23:37,Nga tu Hang Xanh,Binh Thanh,10.801406421807085,106.71148440879679,33,42,1.0
2025-11-22 11:23:38,Nga tu An Suong,Hoc Mon,10.843150534972033,106.6151343241409,22,35,1.0
2025-11-22 11:23:39,Ben xe Mien Dong,Quan 9,10.880537767027526,106.81481342866444,43,54,1.0
2025-11-22 11:23:40,Ben xe Mien Tay,Binh Tan,10.740840166521663,106.61899246873142,23,35,1.0
2025-11-22 11:23:41,Cau Sai Gon,Quan 2 ,10.798986343749618,106.72697056646841,45,45,1.0
2025-11-22 11:23:54,Cau Phu My,Q2,10.741860769464234,106.73790365482627,38,44,1.0
2025-11-22 11:24:07,Cau Kenh Te,Q4,10.752408891679814,106.7022703818112,22,34,1.0
2025-11-22 11:24:20,Cau Thu Thiem,Quan 2,10.786216596454727,106.71836665482695,40,40,1.0
2025-11-22 11:24:21,Nguyen Huu Canh,Binh Thanh,10.78948793356203,106.71518838181179,36,36,1.0
2025-11-22 11:24:22,Cong Hoa,Tan Binh,10.80223925742187,106.6478722259914,27,41,1.0
2025-11-22 11:24:23,Truong Son / Tan Son Nhat Blvd,Gan san bay,10.813928881466124,106.66511432455972,22,34,0.997916
2025-11-22 11:24:24,Nguyen Trai,Quan 5,10.755608615763382,106.67347943578082,19,28,1.0
2025-11-22 11:24:37,Le Duan,Quan 1,10.782680856341083,106.70051548181169,16,30,1.0
2025-11-22 11:24:38,Tran Hung Dao ,Quan 5,10.754895139302109,106.67839188181134,20,33,1.0
2025-11-22 11:24:39,Tran Quoc Thao,Quan 3,10.785070445194592,106.68331340921323,14,27,1.0
2025-11-22 11:24:40,Tran Hung Dao,Quan 5,10.7549373008113,106.67848844133415,20,33,1.0
2025-11-22 11:24:41,Cach Mang Thang 8 (CMT8),Quan 3,10.77898143649726,106.67684447140958,20,34,1.0
2025-11-22 11:24:42,Pham Ngu Lao / Bui Vien,Quan 1,10.767112828386699,106.6927618222887,20,20,1.0
2025-11-22 11:24:43,Nguyen Thi Minh Khai,Quan 3,10.77847212665258,106.69389510879643,26,42,1.0
2025-11-22 11:24:44,Nguyen Van Troi,Phu Nhuan,10.796057790235078,106.67492629345334,22,34,0.997916
2025-11-22 11:24:45,Pham Van Dong,Go Vap,10.835298215641501,106.72935479345391,31,42,0.998202
2025-11-22 11:24:46,Cong truong lam son,Quan 1,10.777562007197462,106.7041335430398,16,30,1.0
2025-11-22 11:24:47,Nguyen Oanh ,Go Vap,10.83886351241477,106.67566625482782,25,36,1.0
2025-11-22 11:24:48,Le Hong Phong,Quan 10,10.765187049751795,106.67550552599073,19,36,1.0
2025-11-22 11:25:01,Nguyen Van Cu,Quan 5,10.759484371982321,106.6840537511244,19,28,1.0
2025-11-22 11:25:02,Nga tu Binh Phuoc,Ngoai o,10.865229381280965,106.72366973948475,33,49,1.0
2025-11-22 11:25:03,Phu My Hung ,Quan 7,10.72279213640514,106.72808623948244,26,37,0.997445
2025-11-22 11:25:05,Nguyen Thai Son,Phu Nhuan,10.823400120373712,106.68551227436063,22,31,1.0
2025-11-22 11:25:18,An Duong Vuong,Quan 8,10.756158554057757,106.66631758181126,19,29,1.0
2025-11-22 11:25:31,Huynh Tan Phat,Nha Be,10.7144382088356,106.73711688366167,25,35,1.0
2025-11-22 11:25:44,Truong Chinh,Tan Binh ,10.817236653231737,106.63191539530457,22,35,1.0
2025-11-22 11:27:56,Cho Ben Thanh,Quan 1,10.772727584493625,106.69804225297563,14,24,0.998765
2025-11-22 11:27:57,Duong Nguyen Hue,Quan 1,10.774028664434528,106.70357076461706,23,29,1.0
2025-11-22 11:27:58,Nguyen Van Linh,Quan 7,10.752616652291238,106.72509685338922,39,39,1.0
2025-11-22 11:27:59,Vo Van Kiet,Quan 5,10.745754766198267,106.65326266831877,34,43,1.0
2025-11-22 11:28:00,Xa lo Ha Noi,QL1A,10.94927106740351,106.87196348224562,27,42,1.0
2025-11-22 11:28:01,Duong Dien Bien Phu,Quan 1,10.78866360854368,106.69551372228901,33,42,1.0
2025-11-22 11:28:02,Nga tu Hang Xanh,Binh Thanh,10.801406421807085,106.71148440879679,33,42,1.0
2025-11-22 11:28:02,Nga tu An Suong,Hoc Mon,10.843150534972033,106.6151343241409,22,35,1.0
2025-11-22 11:28:03,Ben xe Mien Dong,Quan 9,10.880537767027526,106.81481342866444,43,53,1.0
2025-11-22 11:28:04,Ben xe Mien Tay,Binh Tan,10.740840166521663,106.61899246873142,24,35,1.0
2025-11-22 11:28:05,Cau Sai Gon,Quan 2 ,10.798986343749618,106.72697056646841,45,45,1.0
2025-11-22 11:28:07,Cau Phu My,Q2,10.741860769464234,106.73790365482627,37,44,1.0
2025-11-22 11:28:08,Cau Kenh Te,Q4,10.752408891679814,106.7022703818112,21,33,1.0
2025-11-22 11:28:09,Cau Thu Thiem,Quan 2,10.786216596454727,106.71836665482695,40,40,1.0
2025-11-22 11:28:10,Nguyen Huu Canh,Binh Thanh,10.78948793356203,106.71518838181179,36,36,1.0
2025-11-22 11:28:10,Cong Hoa,Tan Binh,10.80223925742187,106.6478722259914,27,40,1.0
2025-11-22 11:28:12,Truong Son / Tan Son Nhat Blvd,Gan san bay,10.813928881466124,106.66511432455972,22,33,0.997914
2025-11-22 11:28:13,Nguyen Trai,Quan 5,10.755608615763382,106.67347943578082,17,28,1.0
2025-11-22 11:28:13,Le Duan,Quan 1,10.782680856341083,106.70051548181169,17,30,1.0
2025-11-22 11:28:14,Tran Hung Dao ,Quan 5,10.754895139302109,106.67839188181134,19,32,1.0
2025-11-22 11:28:15,Tran Quoc Thao,Quan 3,10.785070445194592,106.68331340921323,13,26,1.0
2025-11-22 11:28:27,Tran Hung Dao,Quan 5,10.7549373008113,106.67848844133415,19,32,1.0
2025-11-22 11:28:28,Cach Mang Thang 8 (CMT8),Quan 3,10.77898143649726,106.67684447140958,20,34,1.0
2025-11-22 11:28:40,Pham Ngu Lao / Bui Vien,Quan 1,10.767112828386699,106.6927618222887,13,20,1.0
2025-11-22 11:28:41,Nguyen Thi Minh Khai,Quan 3,10.77847212665258,106.69389510879643,25,41,1.0
2025-11-22 11:28:42,Nguyen Van Troi,Phu Nhuan,10.796057790235078,106.67492629345334,22,33,0.997914
2025-11-22 11:28:43,Pham Van Dong,Go Vap,10.835298215641501,106.72935479345391,32,43,0.997829
2025-11-22 11:28:44,Cong truong lam son,Quan 1,10.777562007197462,106.7041335430398,17,30,1.0
2025-11-22 11:28:45,Nguyen Oanh ,Go Vap,10.83886351241477,106.67566625482782,27,36,0.997404
2025-11-22 11:28:45,Le Hong Phong,Quan 10,10.765187049751795,106.67550552599073,18,36,1.0
2025-11-22 11:28:57,Nguyen Van Cu,Quan 5,10.759484371982321,106.6840537511244,17,28,1.0
2025-11-22 11:28:58,Nga tu Binh Phuoc,Ngoai o,10.865229381280965,106.72366973948475,33,49,1.0
2025-11-22 11:28:59,Phu My Hung ,Quan 7,10.72279213640514,106.72808623948244,25,37,0.998998
2025-11-22 11:29:00,Nguyen Thai Son,Phu Nhuan,10.823400120373712,106.68551227436063,19,32,1.0
2025-11-22 11:29:01,An Duong Vuong,Quan 8,10.756158554057757,106.66631758181126,19,29,1.0
2025-11-22 11:29:02,Huynh Tan Phat,Nha Be,10.7144382088356,106.73711688366167,24,35,1.0
2025-11-22 11:29:03,Truong Chinh,Tan Binh ,10.817236653231737,106.63191539530457,22,35,1.0
2025-11-22 11:31:14,Cho Ben Thanh,Quan 1,10.772727584493625,106.69804225297563,15,24,0.998098
2025-11-22 11:31:15,Duong Nguyen Hue,Quan 1,10.774028664434528,106.70357076461706,29,29,1.0
2025-11-22 11:31:16,Nguyen Van Linh,Quan 7,10.752616652291238,106.72509685338922,39,39,1.0
2025-11-22 11:31:17,Vo Van Kiet,Quan 5,10.745754766198267,106.65326266831877,35,43,0.999762
2025-11-22 11:31:18,Xa lo Ha Noi,QL1A,10.94927106740351,106.87196348224562,34,41,1.0
2025-11-22 11:31:19,Duong Dien Bien Phu,Quan 1,10.78866360854368,106.69551372228901,34,42,1.0
2025-11-22 11:31:20,Nga tu Hang Xanh,Binh Thanh,10.801406421807085,106.71148440879679,34,42,1.0
2025-11-22 11:31:20,Nga tu An Suong,Hoc Mon,10.843150534972033,106.6151343241409,21,35,1.0
2025-11-22 11:31:21,Ben xe Mien Dong,Quan 9,10.880537767027526,106.81481342866444,43,54,1.0
2025-11-22 11:31:22,Ben xe Mien Tay,Binh Tan,10.740840166521663,106.61899246873142,23,35,1.0
2025-11-22 11:31:29,Cau Sai Gon,Quan 2 ,10.798986343749618,106.72697056646841,45,45,1.0
2025-11-22 11:31:30,Cau Phu My,Q2,10.741860769464234,106.73790365482627,37,44,1.0
2025-11-22 11:31:31,Cau Kenh Te,Q4,10.752408891679814,106.7022703818112,22,34,1.0
2025-11-22 11:31:32,Cau Thu Thiem,Quan 2,10.786216596454727,106.71836665482695,40,40,1.0
2025-11-22 11:31:32,Nguyen Huu Canh,Binh Thanh,10.78948793356203,106.71518838181179,36,36,1.0
2025-11-22 11:31:44,Cong Hoa,Tan Binh,10.80223925742187,106.6478722259914,28,41,1.0
2025-11-22 11:31:56,Truong Son / Tan Son Nhat Blvd,Gan san bay,10.813928881466124,106.66511432455972,21,34,0.998691
2025-11-22 11:31:57,Nguyen Trai,Quan 5,10.755608615763382,106.67347943578082,17,27,1.0
2025-11-22 11:31:58,Le Duan,Quan 1,10.782680856341083,106.70051548181169,16,30,1.0
2025-11-22 11:31:59,Tran Hung Dao ,Quan 5,10.754895139302109,106.67839188181134,18,32,1.0
2025-11-22 11:32:00,Tran Quoc Thao,Quan 3,10.785070445194592,106.68331340921323,10,27,1.0
2025-11-22 11:32:08,Tran Hung Dao,Quan 5,10.7549373008113,106.67848844133415,18,32,1.0
2025-11-22 11:32:09,Cach Mang Thang 8 (CMT8),Quan 3,10.77898143649726,106.67684447140958,19,34,1.0
2025-11-22 11:32:10,Pham Ngu Lao / Bui Vien,Quan 1,10.767112828386699,106.6927618222887,15,20,1.0
2025-11-22 11:32:11,Nguyen Thi Minh Khai,Quan 3,10.77847212665258,106.69389510879643,26,42,1.0
2025-11-22 11:32:12,Nguyen Van Troi,Phu Nhuan,10.796057790235078,106.67492629345334,21,34,0.998691
2025-11-22 11:32:12,Pham Van Dong,Go Vap,10.835298215641501,106.72935479345391,30,43,0.99801
2025-11-22 11:32:20,Cong truong lam son,Quan 1,10.777562007197462,106.7041335430398,16,30,1.0
2025-11-22 11:32:21,Nguyen Oanh ,Go Vap,10.83886351241477,106.67566625482782,27,36,1.0
2025-11-22 11:32:22,Le Hong Phong,Quan 10,10.765187049751795,106.67550552599073,20,35,1.0
2025-11-22 11:32:23,Nguyen Van Cu,Quan 5,10.759484371982321,106.6840537511244,16,26,1.0
2025-11-22 11:32:23,Nga tu Binh Phuoc,Ngoai o,10.865229381280965,106.72366973948475,33,49,1.0
2025-11-22 11:32:32,Phu My Hung ,Quan 7,10.72279213640514,106.72808623948244,24,37,0.997777
2025-11-22 11:32:33,Nguyen Thai Son,Phu Nhuan,10.823400120373712,106.68551227436063,24,32,1.0
2025-11-22 11:32:34,An Duong Vuong,Quan 8,10.756158554057757,106.66631758181126,17,29,1.0
2025-11-22 11:32:35,Huynh Tan Phat,Nha Be,10.7144382088356,106.73711688366167,24,35,1.0
2025-11-22 11:32:36,Truong Chinh,Tan Binh ,10.817236653231737,106.63191539530457,21,35,1.0
2025-11-22 11:34:37,Cho Ben Thanh,Quan 1,10.772727584493625,106.69804225297563,14,24,0.99753
2025-11-22 11:34:37,Duong Nguyen Hue,Quan 1,10.774028664434528,106.70357076461706,29,29,1.0
2025-11-22 11:34:38,Nguyen Van Linh,Quan 7,10.752616652291238,106.72509685338922,39,39,1.0
2025-11-22 11:34:39,Vo Van Kiet,Quan 5,10.745754766198267,106.65326266831877,34,43,0.999762
2025-11-22 11:34:51,Xa lo Ha Noi,QL1A,10.94927106740351,106.87196348224562,29,42,1.0
2025-11-22 11:35:03,Duong Dien Bien Phu,Quan 1,10.78866360854368,106.69551372228901,32,42,1.0
2025-11-22 11:35:15,Nga tu Hang Xanh,Binh Thanh,10.801406421807085,106.71148440879679,32,42,1.0
2025-11-22 11:35:16,Nga tu An Suong,Hoc Mon,10.843150534972033,106.6151343241409,20,35,1.0
2025-11-22 11:35:17,Ben xe Mien Dong,Quan 9,10.880537767027526,106.81481342866444,41,53,1.0
2025-11-22 11:35:18,Ben xe Mien Tay,Binh Tan,10.740840166521663,106.61899246873142,24,35,1.0
2025-11-22 11:35:18,Cau Sai Gon,Quan 2 ,10.798986343749618,106.72697056646841,45,45,1.0
2025-11-22 11:35:19,Cau Phu My,Q2,10.741860769464234,106.73790365482627,45,45,1.0
2025-11-22 11:35:20,Cau Kenh Te,Q4,10.752408891679814,106.7022703818112,22,33,1.0
2025-11-22 11:35:21,Cau Thu Thiem,Quan 2,10.786216596454727,106.71836665482695,40,40,1.0
2025-11-22 11:35:22,Nguyen Huu Canh,Binh Thanh,10.78948793356203,106.71518838181179,25,35,1.0
2025-11-22 11:35:23,Cong Hoa,Tan Binh,10.80223925742187,106.6478722259914,26,40,1.0
2025-11-22 11:35:23,Truong Son / Tan Son Nhat Blvd,Gan san bay,10.813928881466124,106.66511432455972,21,34,0.997651
2025-11-22 11:35:24,Nguyen Trai,Quan 5,10.755608615763382,106.67347943578082,16,28,1.0
2025-11-22 11:35:25,Le Duan,Quan 1,10.782680856341083,106.70051548181169,17,30,1.0
2025-11-22 11:35:27,Tran Hung Dao ,Quan 5,10.754895139302109,106.67839188181134,18,33,1.0
2025-11-22 11:35:34,Tran Quoc Thao,Quan 3,10.785070445194592,106.68331340921323,13,28,1.0
2025-11-22 11:35:35,Tran Hung Dao,Quan 5,10.7549373008113,106.67848844133415,19,32,1.0
2025-11-22 11:35:36,Cach Mang Thang 8 (CMT8),Quan 3,10.77898143649726,106.67684447140958,19,34,1.0
2025-11-22 11:35:36,Pham Ngu Lao / Bui Vien,Quan 1,10.767112828386699,106.6927618222887,15,20,1.0
2025-11-22 11:35:37,Nguyen Thi Minh Khai,Quan 3,10.77847212665258,106.69389510879643,26,41,1.0
2025-11-22 11:35:38,Nguyen Van Troi,Phu Nhuan,10.796057790235078,106.67492629345334,22,34,0.997914
2025-11-22 11:35:46,Pham Van Dong,Go Vap,10.835298215641501,106.72935479345391,30,42,0.998012
2025-11-22 11:35:47,Cong truong lam son,Quan 1,10.777562007197462,106.7041335430398,17,30,1.0
2025-11-22 11:35:47,Nguyen Oanh ,Go Vap,10.83886351241477,106.67566625482782,26,37,1.0
2025-11-22 11:35:48,Le Hong Phong,Quan 10,10.765187049751795,106.67550552599073,20,35,1.0
2025-11-22 11:35:49,Nguyen Van Cu,Quan 5,10.759484371982321,106.6840537511244,17,28,1.0
2025-11-22 11:35:50,Nga tu Binh Phuoc,Ngoai o,10.865229381280965,106.72366973948475,35,49,1.0
2025-11-22 11:36:02,Phu My Hung ,Quan 7,10.72279213640514,106.72808623948244,25,36,1.0
2025-11-22 11:36:14,Nguyen Thai Son,Phu Nhuan,10.823400120373712,106.68551227436063,24,32,1.0
2025-11-22 11:36:26,An Duong Vuong,Quan 8,10.756158554057757,106.66631758181126,19,29,1.0
2025-11-22 11:36:38,Huynh Tan Phat,Nha Be,10.7144382088356,106.73711688366167,23,35,1.0
2025-11-22 11:36:39,Truong Chinh,Tan Binh ,10.817236653231737,106.63191539530457,20,35,1.0
2025-11-22 11:38:40,Cho Ben Thanh,Quan 1,10.772727584493625,106.69804225297563,15,24,0.99753
2025-11-22 11:38:41,Duong Nguyen Hue,Quan 1,10.774028664434528,106.70357076461706,29,29,1.0
2025-11-22 11:38:41,Nguyen Van Linh,Quan 7,10.752616652291238,106.72509685338922,32,39,1.0
2025-11-22 11:38:42,Vo Van Kiet,Quan 5,10.745754766198267,106.65326266831877,35,43,1.0
2025-11-22 11:38:43,Xa lo Ha Noi,QL1A,10.94927106740351,106.87196348224562,28,41,1.0
2025-11-22 11:38:44,Duong Dien Bien Phu,Quan 1,10.78866360854368,106.69551372228901,32,42,1.0
2025-11-22 11:38:45,Nga tu Hang Xanh,Binh Thanh,10.801406421807085,106.71148440879679,32,42,1.0
2025-11-22 11:38:46,Nga tu An Suong,Hoc Mon,10.843150534972033,106.6151343241409,21,35,1.0
2025-11-22 11:38:47,Ben xe Mien Dong,Quan 9,10.880537767027526,106.81481342866444,43,53,1.0
2025-11-22 11:38:59,Ben xe Mien Tay,Binh Tan,10.740840166521663,106.61899246873142,26,35,1.0
2025-11-22 11:39:11,Cau Sai Gon,Quan 2 ,10.798986343749618,106.72697056646841,45,45,1.0
2025-11-22 11:39:11,Cau Phu My,Q2,10.741860769464234,106.73790365482627,45,45,1.0
2025-11-22 11:39:12,Cau Kenh Te,Q4,10.752408891679814,106.7022703818112,20,33,1.0
2025-11-22 11:39:13,Cau Thu Thiem,Quan 2,10.786216596454727,106.71836665482695,40,40,1.0
2025-11-22 11:39:14,Nguyen Huu Canh,Binh Thanh,10.78948793356203,106.71518838181179,36,36,1.0
2025-11-22 11:39:15,Cong Hoa,Tan Binh,10.80223925742187,106.6478722259914,29,41,1.0
2025-11-22 11:39:22,Truong Son / Tan Son Nhat Blvd,Gan san bay,10.813928881466124,106.66511432455972,21,34,0.998691
2025-11-22 11:39:34,Nguyen Trai,Quan 5,10.755608615763382,106.67347943578082,17,27,1.0
2025-11-22 11:39:35,Le Duan,Quan 1,10.782680856341083,106.70051548181169,17,30,1.0
2025-11-22 11:39:36,Tran Hung Dao ,Quan 5,10.754895139302109,106.67839188181134,19,32,1.0
2025-11-22 11:39:37,Tran Quoc Thao,Quan 3,10.785070445194592,106.68331340921323,13,27,1.0
2025-11-22 11:39:38,Tran Hung Dao,Quan 5,10.7549373008113,106.67848844133415,19,32,1.0
2025-11-22 11:39:39,Cach Mang Thang 8 (CMT8),Quan 3,10.77898143649726,106.67684447140958,19,35,1.0
2025-11-22 11:39:40,Pham Ngu Lao / Bui Vien,Quan 1,10.767112828386699,106.6927618222887,13,19,1.0
2025-11-22 11:39:41,Nguyen Thi Minh Khai,Quan 3,10.77847212665258,106.69389510879643,26,41,1.0
2025-11-22 11:39:41,Nguyen Van Troi,Phu Nhuan,10.796057790235078,106.67492629345334,21,34,0.99828
2025-11-22 11:39:42,Pham Van Dong,Go Vap,10.835298215641501,106.72935479345391,32,42,0.996746
2025-11-22 11:39:43,Cong truong lam son,Quan 1,10.777562007197462,106.7041335430398,17,30,1.0
2025-11-22 11:39:46,Nguyen Oanh ,Go Vap,10.83886351241477,106.67566625482782,26,36,0.999218
2025-11-22 11:39:47,Le Hong Phong,Quan 10,10.765187049751795,106.67550552599073,21,36,1.0
2025-11-22 11:39:48,Nguyen Van Cu,Quan 5,10.759484371982321,106.6840537511244,17,27,1.0
2025-11-22 11:39:49,Nga tu Binh Phuoc,Ngoai o,10.865229381280965,106.72366973948475,33,49,1.0
2025-11-22 11:39:50,Phu My Hung ,Quan 7,10.72279213640514,106.72808623948244,25,37,1.0
2025-11-22 11:39:51,Nguyen Thai Son,Phu Nhuan,10.823400120373712,106.68551227436063,22,31,1.0
2025-11-22 11:40:02,An Duong Vuong,Quan 8,10.756158554057757,106.66631758181126,18,29,1.0
2025-11-22 11:40:14,Huynh Tan Phat,Nha Be,10.7144382088356,106.73711688366167,24,35,1.0
2025-11-22 11:40:26,Truong Chinh,Tan Binh ,10.817236653231737,106.63191539530457,21,35,1.0
2025-11-22 11:42:38,Cho Ben Thanh,Quan 1,10.772727584493625,106.69804225297563,15,24,0.998765
2025-11-22 11:42:39,Duong Nguyen Hue,Quan 1,10.774028664434528,106.70357076461706,22,29,1.0
2025-11-22 11:42:40,Nguyen Van Linh,Quan 7,10.752616652291238,106.72509685338922,39,39,1.0
2025-11-22 11:42:41,Vo Van Kiet,Quan 5,10.745754766198267,106.65326266831877,33,43,1.0
2025-11-22 11:42:42,Xa lo Ha Noi,QL1A,10.94927106740351,106.87196348224562,33,41,1.0
2025-11-22 11:42:42,Duong Dien Bien Phu,Quan 1,10.78866360854368,106.69551372228901,32,42,1.0
2025-11-22 11:42:50,Nga tu Hang Xanh,Binh Thanh,10.801406421807085,106.71148440879679,32,42,1.0
2025-11-22 11:42:51,Nga tu An Suong,Hoc Mon,10.843150534972033,106.6151343241409,21,35,1.0
2025-11-22 11:42:52,Ben xe Mien Dong,Quan 9,10.880537767027526,106.81481342866444,43,53,1.0
2025-11-22 11:42:53,Ben xe Mien Tay,Binh Tan,10.740840166521663,106.61899246873142,23,35,1.0
2025-11-22 11:42:53,Cau Sai Gon,Quan 2 ,10.798986343749618,106.72697056646841,45,45,1.0
2025-11-22 11:42:54,Cau Phu My,Q2,10.741860769464234,106.73790365482627,45,45,1.0
2025-11-22 11:43:02,Cau Kenh Te,Q4,10.752408891679814,106.7022703818112,21,34,1.0
2025-11-22 11:43:03,Cau Thu Thiem,Quan 2,10.786216596454727,106.71836665482695,40,40,1.0
2025-11-22 11:43:05,Nguyen Huu Canh,Binh Thanh,10.78948793356203,106.71518838181179,29,36,1.0
2025-11-22 11:43:06,Cong Hoa,Tan Binh,10.80223925742187,106.6478722259914,28,40,1.0
2025-11-22 11:43:07,Truong Son / Tan Son Nhat Blvd,Gan san bay,10.813928881466124,106.66511432455972,21,33,0.998179
2025-11-22 11:43:14,Nguyen Trai,Quan 5,10.755608615763382,106.67347943578082,21,27,0.998947
2025-11-22 11:43:15,Le Duan,Quan 1,10.782680856341083,106.70051548181169,16,30,1.0
2025-11-22 11:43:17,Tran Hung Dao ,Quan 5,10.754895139302109,106.67839188181134,20,33,1.0
2025-11-22 11:43:17,Tran Quoc Thao,Quan 3,10.785070445194592,106.68331340921323,12,26,1.0
2025-11-22 11:43:18,Tran Hung Dao,Quan 5,10.7549373008113,106.67848844133415,20,33,1.0
2025-11-22 11:43:30,Cach Mang Thang 8 (CMT8),Quan 3,10.77898143649726,106.67684447140958,19,34,1.0
2025-11-22 11:43:42,Pham Ngu Lao / Bui Vien,Quan 1,10.767112828386699,106.6927618222887,12,19,1.0
2025-11-22 11:43:43,Nguyen Thi Minh Khai,Quan 3,10.77847212665258,106.69389510879643,26,42,1.0
2025-11-22 11:43:44,Nguyen Van Troi,Phu Nhuan,10.796057790235078,106.67492629345334,23,33,0.997472
2025-11-22 11:43:56,Pham Van Dong,Go Vap,10.835298215641501,106.72935479345391,32,42,0.994046
2025-11-22 11:43:57,Cong truong lam son,Quan 1,10.777562007197462,106.7041335430398,17,30,1.0
2025-11-22 11:43:58,Nguyen Oanh ,Go Vap,10.83886351241477,106.67566625482782,25,36,1.0
2025-11-22 11:43:58,Le Hong Phong,Quan 10,10.765187049751795,106.67550552599073,24,35,1.0
2025-11-22 11:43:59,Nguyen Van Cu,Quan 5,10.759484371982321,106.6840537511244,20,27,0.997907
2025-11-22 11:44:00,Nga tu Binh Phuoc,Ngoai o,10.865229381280965,106.72366973948475,34,49,1.0
2025-11-22 11:44:08,Phu My Hung ,Quan 7,10.72279213640514,106.72808623948244,25,37,0.998475
2025-11-22 11:44:08,Nguyen Thai Son,Phu Nhuan,10.823400120373712,106.68551227436063,19,32,1.0
2025-11-22 11:44:09,An Duong Vuong,Quan 8,10.756158554057757,106.66631758181126,19,29,1.0
2025-11-22 11:44:10,Huynh Tan Phat,Nha Be,10.7144382088356,106.73711688366167,24,35,1.0
2025-11-22 11:44:11,Truong Chinh,Tan Binh ,10.817236653231737,106.63191539530457,21,35,1.0
2025-11-22 11:46:12,Cho Ben Thanh,Quan 1,10.772727584493625,106.69804225297563,14,24,0.998765
2025-11-22 11:46:13,Duong Nguyen Hue,Quan 1,10.774028664434528,106.70357076461706,22,28,1.0
2025-11-22 11:46:14,Nguyen Van Linh,Quan 7,10.752616652291238,106.72509685338922,36,43,1.0
2025-11-22 11:46:15,Vo Van Kiet,Quan 5,10.745754766198267,106.65326266831877,34,43,1.0
2025-11-22 11:46:23,Xa lo Ha Noi,QL1A,10.94927106740351,106.87196348224562,33,42,1.0
2025-11-22 11:46:24,Duong Dien Bien Phu,Quan 1,10.78866360854368,106.69551372228901,31,42,1.0
2025-11-22 11:46:25,Nga tu Hang Xanh,Binh Thanh,10.801406421807085,106.71148440879679,31,42,1.0
2025-11-22 11:46:26,Nga tu An Suong,Hoc Mon,10.843150534972033,106.6151343241409,20,35,1.0
2025-11-22 11:46:26,Ben xe Mien Dong,Quan 9,10.880537767027526,106.81481342866444,42,53,1.0
2025-11-22 11:46:27,Ben xe Mien Tay,Binh Tan,10.740840166521663,106.61899246873142,24,35,1.0
2025-11-22 11:46:35,Cau Sai Gon,Quan 2 ,10.798986343749618,106.72697056646841,45,45,1.0
2025-11-22 11:46:36,Cau Phu My,Q2,10.741860769464234,106.73790365482627,37,44,1.0
2025-11-22 11:46:37,Cau Kenh Te,Q4,10.752408891679814,106.7022703818112,21,33,1.0
2025-11-22 11:46:38,Cau Thu Thiem,Quan 2,10.786216596454727,106.71836665482695,36,40,1.0
2025-11-22 11:46:39,Nguyen Huu Canh,Binh Thanh,10.78948793356203,106.71518838181179,36,36,1.0
2025-11-22 11:46:39,Cong Hoa,Tan Binh,10.80223925742187,106.6478722259914,26,41,1.0
2025-11-22 11:46:51,Truong Son / Tan Son Nhat Blvd,Gan san bay,10.813928881466124,106.66511432455972,22,34,0.997651
2025-11-22 11:47:03,Nguyen Trai,Quan 5,10.755608615763382,106.67347943578082,14,28,1.0
2025-11-22 11:47:04,Le Duan,Quan 1,10.782680856341083,106.70051548181169,18,30,1.0
2025-11-22 11:47:05,Tran Hung Dao ,Quan 5,10.754895139302109,106.67839188181134,19,32,1.0
2025-11-22 11:47:06,Tran Quoc Thao,Quan 3,10.785070445194592,106.68331340921323,11,28,1.0
2025-11-22 11:47:07,Tran Hung Dao,Quan 5,10.7549373008113,106.67848844133415,19,32,1.0
2025-11-22 11:47:07,Cach Mang Thang 8 (CMT8),Quan 3,10.77898143649726,106.67684447140958,18,34,1.0
2025-11-22 11:47:15,Pham Ngu Lao / Bui Vien,Quan 1,10.767112828386699,106.6927618222887,9,19,1.0
2025-11-22 11:47:16,Nguyen Thi Minh Khai,Quan 3,10.77847212665258,106.69389510879643,27,42,1.0
2025-11-22 11:47:17,Nguyen Van Troi,Phu Nhuan,10.796057790235078,106.67492629345334,22,34,0.997651
2025-11-22 11:47:18,Pham Van Dong,Go Vap,10.835298215641501,106.72935479345391,32,42,0.990774
2025-11-22 11:47:18,Cong truong lam son,Quan 1,10.777562007197462,106.7041335430398,18,30,1.0
2025-11-22 11:47:19,Nguyen Oanh ,Go Vap,10.83886351241477,106.67566625482782,25,36,1.0
2025-11-22 11:47:27,Le Hong Phong,Quan 10,10.765187049751795,106.67550552599073,27,35,1.0
2025-11-22 11:47:28,Nguyen Van Cu,Quan 5,10.759484371982321,106.6840537511244,14,28,1.0
2025-11-22 11:47:29,Nga tu Binh Phuoc,Ngoai o,10.865229381280965,106.72366973948475,32,49,1.0
2025-11-22 11:47:30,Phu My Hung ,Quan 7,10.72279213640514,106.72808623948244,25,37,0.999104
2025-11-22 11:47:31,Nguyen Thai Son,Phu Nhuan,10.823400120373712,106.68551227436063,18,30,1.0
2025-11-22 11:47:31,An Duong Vuong,Quan 8,10.756158554057757,106.66631758181126,20,30,1.0
2025-11-22 11:47:39,Huynh Tan Phat,Nha Be,10.7144382088356,106.73711688366167,25,35,1.0
2025-11-22 11:47:40,Truong Chinh,Tan Binh ,10.817236653231737,106.63191539530457,20,35,1.0
2025-11-22 11:49:52,Cho Ben Thanh,Quan 1,10.772727584493625,106.69804225297563,17,24,0.99753
2025-11-22 11:49:53,Duong Nguyen Hue,Quan 1,10.774028664434528,106.70357076461706,19,29,1.0
2025-11-22 11:49:54,Nguyen Van Linh,Quan 7,10.752616652291238,106.72509685338922,39,39,1.0
2025-11-22 11:49:54,Vo Van Kiet,Quan 5,10.745754766198267,106.65326266831877,34,43,1.0
2025-11-22 11:49:55,Xa lo Ha Noi,QL1A,10.94927106740351,106.87196348224562,32,41,1.0
2025-11-22 11:49:56,Duong Dien Bien Phu,Quan 1,10.78866360854368,106.69551372228901,30,42,1.0
2025-11-22 11:50:08,Nga tu Hang Xanh,Binh Thanh,10.801406421807085,106.71148440879679,31,42,1.0
2025-11-22 11:50:20,Nga tu An Suong,Hoc Mon,10.843150534972033,106.6151343241409,20,35,1.0
2025-11-22 11:50:21,Ben xe Mien Dong,Quan 9,10.880537767027526,106.81481342866444,42,53,1.0
2025-11-22 11:50:22,Ben xe Mien Tay,Binh Tan,10.740840166521663,106.61899246873142,24,35,1.0
2025-11-22 11:50:22,Cau Sai Gon,Quan 2 ,10.798986343749618,106.72697056646841,45,45,1.0
2025-11-22 11:50:23,Cau Phu My,Q2,10.741860769464234,106.73790365482627,45,45,1.0
2025-11-22 11:50:24,Cau Kenh Te,Q4,10.752408891679814,106.7022703818112,20,33,1.0
2025-11-22 11:50:25,Cau Thu Thiem,Quan 2,10.786216596454727,106.71836665482695,40,40,1.0
2025-11-22 11:50:32,Nguyen Huu Canh,Binh Thanh,10.78948793356203,106.71518838181179,36,36,1.0
2025-11-22 11:50:44,Cong Hoa,Tan Binh,10.80223925742187,106.6478722259914,26,41,1.0
2025-11-22 11:50:45,Truong Son / Tan Son Nhat Blvd,Gan san bay,10.813928881466124,106.66511432455972,21,34,0.998954
2025-11-22 11:50:46,Nguyen Trai,Quan 5,10.755608615763382,106.67347943578082,17,27,1.0
2025-11-22 11:50:46,Le Duan,Quan 1,10.782680856341083,106.70051548181169,16,29,1.0
2025-11-22 11:50:47,Tran Hung Dao ,Quan 5,10.754895139302109,106.67839188181134,19,32,1.0
2025-11-22 11:50:48,Tran Quoc Thao,Quan 3,10.785070445194592,106.68331340921323,17,28,1.0
2025-11-22 11:50:56,Tran Hung Dao,Quan 5,10.7549373008113,106.67848844133415,19,32,1.0
2025-11-22 11:50:57,Cach Mang Thang 8 (CMT8),Quan 3,10.77898143649726,106.67684447140958,19,35,1.0
2025-11-22 11:50:57,Pham Ngu Lao / Bui Vien,Quan 1,10.767112828386699,106.6927618222887,20,20,1.0
2025-11-22 11:50:58,Nguyen Thi Minh Khai,Quan 3,10.77847212665258,106.69389510879643,26,41,1.0
2025-11-22 11:50:59,Nguyen Van Troi,Phu Nhuan,10.796057790235078,106.67492629345334,22,34,1.0
2025-11-22 11:51:00,Pham Van Dong,Go Vap,10.835298215641501,106.72935479345391,31,42,0.996381
2025-11-22 11:51:01,Cong truong lam son,Quan 1,10.777562007197462,106.7041335430398,18,30,1.0
2025-11-22 11:51:08,Nguyen Oanh ,Go Vap,10.83886351241477,106.67566625482782,26,36,1.0
2025-11-22 11:51:19,Le Hong Phong,Quan 10,10.765187049751795,106.67550552599073,21,35,1.0
2025-11-22 11:51:20,Nguyen Van Cu,Quan 5,10.759484371982321,106.6840537511244,17,28,1.0
2025-11-22 11:51:21,Nga tu Binh Phuoc,Ngoai o,10.865229381280965,106.72366973948475,33,49,1.0
2025-11-22 11:51:22,Phu My Hung ,Quan 7,10.72279213640514,106.72808623948244,26,37,0.997777
2025-11-22 11:51:23,Nguyen Thai Son,Phu Nhuan,10.823400120373712,106.68551227436063,21,32,1.0
2025-11-22 11:51:24,An Duong Vuong,Quan 8,10.756158554057757,106.66631758181126,18,29,1.0
2025-11-22 11:51:31,Huynh Tan Phat,Nha Be,10.7144382088356,106.73711688366167,24,35,1.0
2025-11-22 11:51:32,Truong Chinh,Tan Binh ,10.817236653231737,106.63191539530457,20,35,1.0
2025-11-22 11:53:44,Cho Ben Thanh,Quan 1,10.772727584493625,106.69804225297563,15,25,0.998765
2025-11-22 11:53:45,Duong Nguyen Hue,Quan 1,10.774028664434528,106.70357076461706,19,27,1.0
2025-11-22 11:53:46,Nguyen Van Linh,Quan 7,10.752616652291238,106.72509685338922,39,39,1.0
2025-11-22 11:53:47,Vo Van Kiet,Quan 5,10.745754766198267,106.65326266831877,34,43,1.0
2025-11-22 11:53:48,Xa lo Ha Noi,QL1A,10.94927106740351,106.87196348224562,26,41,1.0
2025-11-22 11:53:48,Duong Dien Bien Phu,Quan 1,10.78866360854368,106.69551372228901,31,42,1.0
2025-11-22 11:54:00,Nga tu Hang Xanh,Binh Thanh,10.801406421807085,106.71148440879679,31,42,1.0
2025-11-22 11:54:12,Nga tu An Suong,Hoc Mon,10.843150534972033,106.6151343241409,21,35,1.0
2025-11-22 11:54:24,Ben xe Mien Dong,Quan 9,10.880537767027526,106.81481342866444,42,53,1.0
2025-11-22 11:54:36,Ben xe Mien Tay,Binh Tan,10.740840166521663,106.61899246873142,23,35,1.0
2025-11-22 11:54:37,Cau Sai Gon,Quan 2 ,10.798986343749618,106.72697056646841,45,45,1.0
2025-11-22 11:54:38,Cau Phu My,Q2,10.741860769464234,106.73790365482627,45,45,1.0
2025-11-22 11:54:39,Cau Kenh Te,Q4,10.752408891679814,106.7022703818112,22,34,1.0
2025-11-22 11:54:39,Cau Thu Thiem,Quan 2,10.786216596454727,106.71836665482695,40,40,1.0
2025-11-22 11:54:40,Nguyen Huu Canh,Binh Thanh,10.78948793356203,106.71518838181179,36,36,1.0
2025-11-22 11:54:41,Cong Hoa,Tan Binh,10.80223925742187,106.6478722259914,24,41,1.0
2025-11-22 11:54:48,Truong Son / Tan Son Nhat Blvd,Gan san bay,10.813928881466124,106.66511432455972,21,33,1.0
2025-11-22 11:55:00,Nguyen Trai,Quan 5,10.755608615763382,106.67347943578082,15,26,1.0
2025-11-22 11:55:01,Le Duan,Quan 1,10.782680856341083,106.70051548181169,17,30,1.0
2025-11-22 11:55:02,Tran Hung Dao ,Quan 5,10.754895139302109,106.67839188181134,19,33,1.0
2025-11-22 11:55:02,Tran Quoc Thao,Quan 3,10.785070445194592,106.68331340921323,14,27,1.0
2025-11-22 11:55:03,Tran Hung Dao,Quan 5,10.7549373008113,106.67848844133415,19,33,1.0
2025-11-22 11:55:04,Cach Mang Thang 8 (CMT8),Quan 3,10.77898143649726,106.67684447140958,20,35,1.0
2025-11-22 11:55:12,Pham Ngu Lao / Bui Vien,Quan 1,10.767112828386699,106.6927618222887,16,20,1.0
2025-11-22 11:55:13,Nguyen Thi Minh Khai,Quan 3,10.77847212665258,106.69389510879643,26,41,1.0
2025-11-22 11:55:13,Nguyen Van Troi,Phu Nhuan,10.796057790235078,106.67492629345334,21,33,0.999427
2025-11-22 11:55:14,Pham Van Dong,Go Vap,10.835298215641501,106.72935479345391,32,42,0.996384
2025-11-22 11:55:15,Cong truong lam son,Quan 1,10.777562007197462,106.7041335430398,16,29,1.0
2025-11-22 11:55:16,Nguyen Oanh ,Go Vap,10.83886351241477,106.67566625482782,24,36,1.0
2025-11-22 11:55:24,Le Hong Phong,Quan 10,10.765187049751795,106.67550552599073,23,35,1.0
2025-11-22 11:55:25,Nguyen Van Cu,Quan 5,10.759484371982321,106.6840537511244,17,27,0.998935
2025-11-22 11:55:25,Nga tu Binh Phuoc,Ngoai o,10.865229381280965,106.72366973948475,33,49,1.0
2025-11-22 11:55:26,Phu My Hung ,Quan 7,10.72279213640514,106.72808623948244,25,37,0.998245
2025-11-22 11:55:27,Nguyen Thai Son,Phu Nhuan,10.823400120373712,106.68551227436063,22,32,1.0
2025-11-22 11:55:28,An Duong Vuong,Quan 8,10.756158554057757,106.66631758181126,20,29,1.0
2025-11-22 11:55:36,Huynh Tan Phat,Nha Be,10.7144382088356,106.73711688366167,24,35,1.0
2025-11-22 11:55:37,Truong Chinh,Tan Binh ,10.817236653231737,106.63191539530457,21,35,1.0
2025-11-22 11:57:49,Cho Ben Thanh,Quan 1,10.772727584493625,106.69804225297563,14,24,1.0
2025-11-22 11:57:49,Duong Nguyen Hue,Quan 1,10.774028664434528,106.70357076461706,29,29,1.0
2025-11-22 11:57:50,Nguyen Van Linh,Quan 7,10.752616652291238,106.72509685338922,39,39,1.0
2025-11-22 11:57:51,Vo Van Kiet,Quan 5,10.745754766198267,106.65326266831877,42,42,1.0
2025-11-22 11:57:52,Xa lo Ha Noi,QL1A,10.94927106740351,106.87196348224562,25,41,1.0
2025-11-22 11:57:53,Duong Dien Bien Phu,Quan 1,10.78866360854368,106.69551372228901,31,41,1.0
2025-11-22 11:58:00,Nga tu Hang Xanh,Binh Thanh,10.801406421807085,106.71148440879679,31,41,1.0
2025-11-22 11:58:12,Nga tu An Suong,Hoc Mon,10.843150534972033,106.6151343241409,20,35,1.0
2025-11-22 11:58:13,Ben xe Mien Dong,Quan 9,10.880537767027526,106.81481342866444,42,53,1.0
2025-11-22 11:58:14,Ben xe Mien Tay,Binh Tan,10.740840166521663,106.61899246873142,22,35,1.0
2025-11-22 11:58:15,Cau Sai Gon,Quan 2 ,10.798986343749618,106.72697056646841,45,45,1.0
2025-11-22 11:58:16,Cau Phu My,Q2,10.741860769464234,106.73790365482627,36,44,1.0
2025-11-22 11:58:17,Cau Kenh Te,Q4,10.752408891679814,106.7022703818112,20,34,1.0
2025-11-22 11:58:28,Cau Thu Thiem,Quan 2,10.786216596454727,106.71836665482695,40,40,1.0
2025-11-22 11:58:29,Nguyen Huu Canh,Binh Thanh,10.78948793356203,106.71518838181179,36,36,1.0
2025-11-22 11:58:30,Cong Hoa,Tan Binh,10.80223925742187,106.6478722259914,27,41,1.0
2025-11-22 11:58:31,Truong Son / Tan Son Nhat Blvd,Gan san bay,10.813928881466124,106.66511432455972,21,34,1.0
2025-11-22 11:58:32,Nguyen Trai,Quan 5,10.755608615763382,106.67347943578082,17,26,0.998954
2025-11-22 11:58:33,Le Duan,Quan 1,10.782680856341083,106.70051548181169,16,30,1.0
2025-11-22 11:58:40,Tran Hung Dao ,Quan 5,10.754895139302109,106.67839188181134,19,32,1.0
2025-11-22 11:58:41,Tran Quoc Thao,Quan 3,10.785070445194592,106.68331340921323,13,27,1.0
2025-11-22 11:58:42,Tran Hung Dao,Quan 5,10.7549373008113,106.67848844133415,19,32,1.0
2025-11-22 11:58:43,Cach Mang Thang 8 (CMT8),Quan 3,10.77898143649726,106.67684447140958,19,35,1.0
2025-11-22 11:58:44,Pham Ngu Lao / Bui Vien,Quan 1,10.767112828386699,106.6927618222887,13,19,1.0
2025-11-22 11:58:45,Nguyen Thi Minh Khai,Quan 3,10.77847212665258,106.69389510879643,27,41,1.0
2025-11-22 11:58:52,Nguyen Van Troi,Phu Nhuan,10.796057790235078,106.67492629345334,21,34,1.0
2025-11-22 11:58:53,Pham Van Dong,Go Vap,10.835298215641501,106.72935479345391,31,42,0.99621
2025-11-22 11:58:54,Cong truong lam son,Quan 1,10.777562007197462,106.7041335430398,16,30,1.0
2025-11-22 11:58:55,Nguyen Oanh ,Go Vap,10.83886351241477,106.67566625482782,26,36,1.0
2025-11-22 11:58:56,Le Hong Phong,Quan 10,10.765187049751795,106.67550552599073,24,35,1.0
2025-11-22 11:58:57,Nguyen Van Cu,Quan 5,10.759484371982321,106.6840537511244,17,26,0.998954
2025-11-22 11:59:09,Nga tu Binh Phuoc,Ngoai o,10.865229381280965,106.72366973948475,33,49,1.0
2025-11-22 11:59:09,Phu My Hung ,Quan 7,10.72279213640514,106.72808623948244,25,37,0.997578
2025-11-22 11:59:10,Nguyen Thai Son,Phu Nhuan,10.823400120373712,106.68551227436063,19,31,1.0
2025-11-22 11:59:11,An Duong Vuong,Quan 8,10.756158554057757,106.66631758181126,18,29,1.0
2025-11-22 11:59:12,Huynh Tan Phat,Nha Be,10.7144382088356,106.73711688366167,25,35,1.0
2025-11-22 11:59:13,Truong Chinh,Tan Binh ,10.817236653231737,106.63191539530457,20,34,1.0
2025-11-22 12:01:25,Cho Ben Thanh,Quan 1,10.772727584493625,106.69804225297563,16,24,1.0
2025-11-22 12:01:26,Duong Nguyen Hue,Quan 1,10.774028664434528,106.70357076461706,29,29,1.0
2025-11-22 12:01:26,Nguyen Van Linh,Quan 7,10.752616652291238,106.72509685338922,39,39,1.0
2025-11-22 12:01:27,Vo Van Kiet,Quan 5,10.745754766198267,106.65326266831877,35,42,1.0
2025-11-22 12:01:28,Xa lo Ha Noi,QL1A,10.94927106740351,106.87196348224562,27,41,1.0
2025-11-22 12:01:29,Duong Dien Bien Phu,Quan 1,10.78866360854368,106.69551372228901,32,42,1.0
2025-11-22 12:01:41,Nga tu Hang Xanh,Binh Thanh,10.801406421807085,106.71148440879679,32,42,1.0
2025-11-22 12:01:53,Nga tu An Suong,Hoc Mon,10.843150534972033,106.6151343241409,20,35,1.0
2025-11-22 12:01:53,Ben xe Mien Dong,Quan 9,10.880537767027526,106.81481342866444,44,53,1.0
2025-11-22 12:01:54,Ben xe Mien Tay,Binh Tan,10.740840166521663,106.61899246873142,25,35,1.0
2025-11-22 12:02:05,Cau Sai Gon,Quan 2 ,10.798986343749618,106.72697056646841,45,45,1.0
2025-11-22 12:02:17,Cau Phu My,Q2,10.741860769464234,106.73790365482627,37,44,1.0
2025-11-22 12:02:17,Cau Kenh Te,Q4,10.752408891679814,106.7022703818112,18,33,1.0
2025-11-22 12:02:18,Cau Thu Thiem,Quan 2,10.786216596454727,106.71836665482695,40,40,1.0
2025-11-22 12:02:19,Nguyen Huu Canh,Binh Thanh,10.78948793356203,106.71518838181179,36,36,1.0
2025-11-22 12:02:20,Cong Hoa,Tan Binh,10.80223925742187,106.6478722259914,25,41,1.0
2025-11-22 12:02:21,Truong Son / Tan Son Nhat Blvd,Gan san bay,10.813928881466124,106.66511432455972,21,34,1.0
2025-11-22 12:02:28,Nguyen Trai,Quan 5,10.755608615763382,106.67347943578082,16,27,1.0
2025-11-22 12:02:29,Le Duan,Quan 1,10.782680856341083,106.70051548181169,17,29,1.0
2025-11-22 12:02:30,Tran Hung Dao ,Quan 5,10.754895139302109,106.67839188181134,19,33,1.0
2025-11-22 12:02:31,Tran Quoc Thao,Quan 3,10.785070445194592,106.68331340921323,11,27,1.0
2025-11-22 12:02:32,Tran Hung Dao,Quan 5,10.7549373008113,106.67848844133415,19,33,1.0
2025-11-22 12:02:33,Cach Mang Thang 8 (CMT8),Quan 3,10.77898143649726,106.67684447140958,19,34,1.0
2025-11-22 12:02:40,Pham Ngu Lao / Bui Vien,Quan 1,10.767112828386699,106.6927618222887,16,20,1.0
2025-11-22 12:02:41,Nguyen Thi Minh Khai,Quan 3,10.77847212665258,106.69389510879643,27,41,1.0
2025-11-22 12:02:42,Nguyen Van Troi,Phu Nhuan,10.796057790235078,106.67492629345334,21,34,1.0
2025-11-22 12:02:43,Pham Van Dong,Go Vap,10.835298215641501,106.72935479345391,32,43,0.99603
2025-11-22 12:02:44,Cong truong lam son,Quan 1,10.777562007197462,106.7041335430398,17,29,1.0
2025-11-22 12:02:45,Nguyen Oanh ,Go Vap,10.83886351241477,106.67566625482782,25,36,1.0
2025-11-22 12:02:52,Le Hong Phong,Quan 10,10.765187049751795,106.67550552599073,28,35,1.0
2025-11-22 12:02:53,Nguyen Van Cu,Quan 5,10.759484371982321,106.6840537511244,16,27,1.0
2025-11-22 12:02:54,Nga tu Binh Phuoc,Ngoai o,10.865229381280965,106.72366973948475,34,49,1.0
2025-11-22 12:02:55,Phu My Hung ,Quan 7,10.72279213640514,106.72808623948244,27,37,0.998218
2025-11-22 12:02:56,Nguyen Thai Son,Phu Nhuan,10.823400120373712,106.68551227436063,18,31,1.0
2025-11-22 12:02:57,An Duong Vuong,Quan 8,10.756158554057757,106.66631758181126,18,30,1.0
2025-11-22 12:03:04,Huynh Tan Phat,Nha Be,10.7144382088356,106.73711688366167,25,35,1.0
2025-11-22 12:03:05,Truong Chinh,Tan Binh ,10.817236653231737,106.63191539530457,20,35,1.0
2025-11-22 12:05:17,Cho Ben Thanh,Quan 1,10.772727584493625,106.69804225297563,14,25,0.998765
2025-11-22 12:05:18,Duong Nguyen Hue,Quan 1,10.774028664434528,106.70357076461706,23,28,1.0
2025-11-22 12:05:19,Nguyen Van Linh,Quan 7,10.752616652291238,106.72509685338922,38,42,1.0
2025-11-22 12:05:20,Vo Van Kiet,Quan 5,10.745754766198267,106.65326266831877,35,43,1.0
2025-11-22 12:05:20,Xa lo Ha Noi,QL1A,10.94927106740351,106.87196348224562,30,41,1.0
2025-11-22 12:05:21,Duong Dien Bien Phu,Quan 1,10.78866360854368,106.69551372228901,31,42,1.0
2025-11-22 12:05:29,Nga tu Hang Xanh,Binh Thanh,10.801406421807085,106.71148440879679,31,42,1.0
2025-11-22 12:05:41,Nga tu An Suong,Hoc Mon,10.843150534972033,106.6151343241409,20,35,1.0
2025-11-22 12:05:42,Ben xe Mien Dong,Quan 9,10.880537767027526,106.81481342866444,42,53,1.0
2025-11-22 12:05:43,Ben xe Mien Tay,Binh Tan,10.740840166521663,106.61899246873142,25,35,1.0
2025-11-22 12:05:43,Cau Sai Gon,Quan 2 ,10.798986343749618,106.72697056646841,45,45,1.0
2025-11-22 12:05:44,Cau Phu My,Q2,10.741860769464234,106.73790365482627,45,45,1.0
2025-11-22 12:05:45,Cau Kenh Te,Q4,10.752408891679814,106.7022703818112,19,33,1.0
2025-11-22 12:05:53,Cau Thu Thiem,Quan 2,10.786216596454727,106.71836665482695,40,40,1.0
2025-11-22 12:05:55,Nguyen Huu Canh,Binh Thanh,10.78948793356203,106.71518838181179,36,36,1.0
2025-11-22 12:05:56,Cong Hoa,Tan Binh,10.80223925742187,106.6478722259914,27,41,1.0
2025-11-22 12:05:57,Truong Son / Tan Son Nhat Blvd,Gan san bay,10.813928881466124,106.66511432455972,19,34,0.999427
2025-11-22 12:05:58,Nguyen Trai,Quan 5,10.755608615763382,106.67347943578082,15,28,1.0
2025-11-22 12:05:59,Le Duan,Quan 1,10.782680856341083,106.70051548181169,17,31,1.0
2025-11-22 12:06:00,Tran Hung Dao ,Quan 5,10.754895139302109,106.67839188181134,19,32,1.0
2025-11-22 12:06:01,Tran Quoc Thao,Quan 3,10.785070445194592,106.68331340921323,14,27,1.0
2025-11-22 12:06:01,Tran Hung Dao,Quan 5,10.7549373008113,106.67848844133415,19,32,1.0
2025-11-22 12:06:02,Cach Mang Thang 8 (CMT8),Quan 3,10.77898143649726,106.67684447140958,18,34,1.0
2025-11-22 12:06:05,Pham Ngu Lao / Bui Vien,Quan 1,10.767112828386699,106.6927618222887,12,19,1.0
2025-11-22 12:06:17,Nguyen Thi Minh Khai,Quan 3,10.77847212665258,106.69389510879643,28,42,1.0
2025-11-22 12:06:17,Nguyen Van Troi,Phu Nhuan,10.796057790235078,106.67492629345334,19,34,0.999427
2025-11-22 12:06:18,Pham Van Dong,Go Vap,10.835298215641501,106.72935479345391,32,43,0.996557
2025-11-22 12:06:19,Cong truong lam son,Quan 1,10.777562007197462,106.7041335430398,17,31,1.0
2025-11-22 12:06:20,Nguyen Oanh ,Go Vap,10.83886351241477,106.67566625482782,26,36,1.0
2025-11-22 12:06:21,Le Hong Phong,Quan 10,10.765187049751795,106.67550552599073,26,36,1.0
2025-11-22 12:06:21,Nguyen Van Cu,Quan 5,10.759484371982321,106.6840537511244,15,28,1.0
2025-11-22 12:06:28,Nga tu Binh Phuoc,Ngoai o,10.865229381280965,106.72366973948475,33,49,1.0
2025-11-22 12:06:40,Phu My Hung ,Quan 7,10.72279213640514,106.72808623948244,25,37,0.996475
2025-11-22 12:06:41,Nguyen Thai Son,Phu Nhuan,10.823400120373712,106.68551227436063,19,31,1.0
2025-11-22 12:06:42,An Duong Vuong,Quan 8,10.756158554057757,106.66631758181126,18,29,1.0
2025-11-22 12:06:43,Huynh Tan Phat,Nha Be,10.7144382088356,106.73711688366167,25,35,1.0
2025-11-22 12:06:44,Truong Chinh,Tan Binh ,10.817236653231737,106.63191539530457,20,35,1.0
2025-11-22 12:08:56,Cho Ben Thanh,Quan 1,10.772727584493625,106.69804225297563,14,24,1.0
2025-11-22 12:08:56,Duong Nguyen Hue,Quan 1,10.774028664434528,106.70357076461706,19,29,1.0
2025-11-22 12:08:57,Nguyen Van Linh,Quan 7,10.752616652291238,106.72509685338922,27,39,1.0
2025-11-22 12:08:58,Vo Van Kiet,Quan 5,10.745754766198267,106.65326266831877,35,43,1.0
2025-11-22 12:08:59,Xa lo Ha Noi,QL1A,10.94927106740351,106.87196348224562,33,41,1.0
2025-11-22 12:09:00,Duong Dien Bien Phu,Quan 1,10.78866360854368,106.69551372228901,30,42,1.0
2025-11-22 12:09:12,Nga tu Hang Xanh,Binh Thanh,10.801406421807085,106.71148440879679,30,41,1.0
2025-11-22 12:09:24,Nga tu An Suong,Hoc Mon,10.843150534972033,106.6151343241409,20,35,1.0
2025-11-22 12:09:24,Ben xe Mien Dong,Quan 9,10.880537767027526,106.81481342866444,41,53,1.0
2025-11-22 12:09:25,Ben xe Mien Tay,Binh Tan,10.740840166521663,106.61899246873142,25,35,1.0
2025-11-22 12:09:26,Cau Sai Gon,Quan 2 ,10.798986343749618,106.72697056646841,45,45,1.0
2025-11-22 12:09:27,Cau Phu My,Q2,10.741860769464234,106.73790365482627,36,44,1.0
2025-11-22 12:09:28,Cau Kenh Te,Q4,10.752408891679814,106.7022703818112,18,34,1.0
2025-11-22 12:09:36,Cau Thu Thiem,Quan 2,10.786216596454727,106.71836665482695,40,40,1.0
2025-11-22 12:09:37,Nguyen Huu Canh,Binh Thanh,10.78948793356203,106.71518838181179,36,36,1.0
2025-11-22 12:09:37,Cong Hoa,Tan Binh,10.80223925742187,106.6478722259914,25,40,1.0
2025-11-22 12:09:38,Truong Son / Tan Son Nhat Blvd,Gan san bay,10.813928881466124,106.66511432455972,22,34,1.0
2025-11-22 12:09:39,Nguyen Trai,Quan 5,10.755608615763382,106.67347943578082,19,27,1.0
2025-11-22 12:09:40,Le Duan,Quan 1,10.782680856341083,106.70051548181169,18,30,1.0
2025-11-22 12:09:52,Tran Hung Dao ,Quan 5,10.754895139302109,106.67839188181134,19,32,1.0
2025-11-22 12:10:04,Tran Quoc Thao,Quan 3,10.785070445194592,106.68331340921323,12,27,1.0
2025-11-22 12:10:05,Tran Hung Dao,Quan 5,10.7549373008113,106.67848844133415,19,32,1.0
2025-11-22 12:10:06,Cach Mang Thang 8 (CMT8),Quan 3,10.77898143649726,106.67684447140958,20,34,1.0
2025-11-22 12:10:06,Pham Ngu Lao / Bui Vien,Quan 1,10.767112828386699,106.6927618222887,15,20,1.0
2025-11-22 12:10:07,Nguyen Thi Minh Khai,Quan 3,10.77847212665258,106.69389510879643,27,41,1.0
2025-11-22 12:10:08,Nguyen Van Troi,Phu Nhuan,10.796057790235078,106.67492629345334,22,34,1.0
2025-11-22 12:10:16,Pham Van Dong,Go Vap,10.835298215641501,106.72935479345391,32,42,0.996567
2025-11-22 12:10:28,Cong truong lam son,Quan 1,10.777562007197462,106.7041335430398,18,30,1.0
2025-11-22 12:10:28,Nguyen Oanh ,Go Vap,10.83886351241477,106.67566625482782,26,36,1.0
2025-11-22 12:10:29,Le Hong Phong,Quan 10,10.765187049751795,106.67550552599073,26,35,1.0
2025-11-22 12:10:30,Nguyen Van Cu,Quan 5,10.759484371982321,106.6840537511244,19,28,0.998947
2025-11-22 12:10:31,Nga tu Binh Phuoc,Ngoai o,10.865229381280965,106.72366973948475,33,49,1.0
2025-11-22 12:10:32,Phu My Hung ,Quan 7,10.72279213640514,106.72808623948244,25,37,0.996737
2025-11-22 12:10:40,Nguyen Thai Son,Phu Nhuan,10.823400120373712,106.68551227436063,18,32,1.0
2025-11-22 12:10:41,An Duong Vuong,Quan 8,10.756158554057757,106.66631758181126,21,28,1.0
2025-11-22 12:10:41,Huynh Tan Phat,Nha Be,10.7144382088356,106.73711688366167,24,35,1.0
2025-11-22 12:10:42,Truong Chinh,Tan Binh ,10.817236653231737,106.63191539530457,19,34,1.0
2025-11-22 12:12:54,Cho Ben Thanh,Quan 1,10.772727584493625,106.69804225297563,17,24,0.998765
2025-11-22 12:12:55,Duong Nguyen Hue,Quan 1,10.774028664434528,106.70357076461706,29,29,1.0
2025-11-22 12:12:56,Nguyen Van Linh,Quan 7,10.752616652291238,106.72509685338922,39,39,1.0
2025-11-22 12:12:57,Vo Van Kiet,Quan 5,10.745754766198267,106.65326266831877,42,42,1.0
2025-11-22 12:12:58,Xa lo Ha Noi,QL1A,10.94927106740351,106.87196348224562,33,41,1.0
2025-11-22 12:12:59,Duong Dien Bien Phu,Quan 1,10.78866360854368,106.69551372228901,31,42,1.0
2025-11-22 12:12:59,Nga tu Hang Xanh,Binh Thanh,10.801406421807085,106.71148440879679,31,42,1.0
2025-11-22 12:13:06,Nga tu An Suong,Hoc Mon,10.843150534972033,106.6151343241409,19,35,1.0
2025-11-22 12:13:18,Ben xe Mien Dong,Quan 9,10.880537767027526,106.81481342866444,42,54,1.0
2025-11-22 12:13:19,Ben xe Mien Tay,Binh Tan,10.740840166521663,106.61899246873142,26,36,1.0
2025-11-22 12:13:20,Cau Sai Gon,Quan 2 ,10.798986343749618,106.72697056646841,45,45,1.0
2025-11-22 12:13:21,Cau Phu My,Q2,10.741860769464234,106.73790365482627,37,44,1.0
2025-11-22 12:13:22,Cau Kenh Te,Q4,10.752408891679814,106.7022703818112,17,35,1.0
2025-11-22 12:13:23,Cau Thu Thiem,Quan 2,10.786216596454727,106.71836665482695,40,40,1.0
2025-11-22 12:13:30,Nguyen Huu Canh,Binh Thanh,10.78948793356203,106.71518838181179,36,36,1.0
2025-11-22 12:13:42,Cong Hoa,Tan Binh,10.80223925742187,106.6478722259914,23,40,1.0
2025-11-22 12:13:43,Truong Son / Tan Son Nhat Blvd,Gan san bay,10.813928881466124,106.66511432455972,21,34,0.999713
2025-11-22 12:13:44,Nguyen Trai,Quan 5,10.755608615763382,106.67347943578082,17,27,1.0
2025-11-22 12:13:45,Le Duan,Quan 1,10.782680856341083,106.70051548181169,17,30,1.0
2025-11-22 12:13:46,Tran Hung Dao ,Quan 5,10.754895139302109,106.67839188181134,20,33,1.0
2025-11-22 12:13:46,Tran Quoc Thao,Quan 3,10.785070445194592,106.68331340921323,12,27,1.0
2025-11-22 12:13:54,Tran Hung Dao,Quan 5,10.7549373008113,106.67848844133415,20,33,1.0
2025-11-22 12:13:55,Cach Mang Thang 8 (CMT8),Quan 3,10.77898143649726,106.67684447140958,22,34,1.0
2025-11-22 12:13:56,Pham Ngu Lao / Bui Vien,Quan 1,10.767112828386699,106.6927618222887,20,20,1.0
2025-11-22 12:13:56,Nguyen Thi Minh Khai,Quan 3,10.77847212665258,106.69389510879643,27,41,1.0
2025-11-22 12:13:57,Nguyen Van Troi,Phu Nhuan,10.796057790235078,106.67492629345334,21,34,0.999713
2025-11-22 12:13:58,Pham Van Dong,Go Vap,10.835298215641501,106.72935479345391,33,42,0.997097
2025-11-22 12:14:06,Cong truong lam son,Quan 1,10.777562007197462,106.7041335430398,17,30,1.0
2025-11-22 12:14:07,Nguyen Oanh ,Go Vap,10.83886351241477,106.67566625482782,25,36,1.0
2025-11-22 12:14:08,Le Hong Phong,Quan 10,10.765187049751795,106.67550552599073,27,36,1.0
2025-11-22 12:14:08,Nguyen Van Cu,Quan 5,10.759484371982321,106.6840537511244,17,27,1.0
2025-11-22 12:14:09,Nga tu Binh Phuoc,Ngoai o,10.865229381280965,106.72366973948475,33,49,1.0
2025-11-22 12:14:10,Phu My Hung ,Quan 7,10.72279213640514,106.72808623948244,26,37,0.996775
2025-11-22 12:14:18,Nguyen Thai Son,Phu Nhuan,10.823400120373712,106.68551227436063,19,31,1.0
2025-11-22 12:14:19,An Duong Vuong,Quan 8,10.756158554057757,106.66631758181126,20,30,1.0
2025-11-22 12:14:19,Huynh Tan Phat,Nha Be,10.7144382088356,106.73711688366167,24,35,1.0
2025-11-22 12:14:20,Truong Chinh,Tan Binh ,10.817236653231737,106.63191539530457,19,35,1.0
2025-11-22 12:16:32,Cho Ben Thanh,Quan 1,10.772727584493625,106.69804225297563,14,24,0.998765
2025-11-22 12:16:33,Duong Nguyen Hue,Quan 1,10.774028664434528,106.70357076461706,23,28,1.0
2025-11-22 12:16:34,Nguyen Van Linh,Quan 7,10.752616652291238,106.72509685338922,37,42,1.0
2025-11-22 12:16:35,Vo Van Kiet,Quan 5,10.745754766198267,106.65326266831877,42,42,1.0
2025-11-22 12:16:35,Xa lo Ha Noi,QL1A,10.94927106740351,106.87196348224562,30,41,1.0
2025-11-22 12:16:36,Duong Dien Bien Phu,Quan 1,10.78866360854368,106.69551372228901,31,41,1.0
2025-11-22 12:16:44,Nga tu Hang Xanh,Binh Thanh,10.801406421807085,106.71148440879679,31,41,1.0
2025-11-22 12:16:45,Nga tu An Suong,Hoc Mon,10.843150534972033,106.6151343241409,20,35,1.0
2025-11-22 12:16:46,Ben xe Mien Dong,Quan 9,10.880537767027526,106.81481342866444,40,53,1.0
2025-11-22 12:16:47,Ben xe Mien Tay,Binh Tan,10.740840166521663,106.61899246873142,24,35,1.0
2025-11-22 12:16:47,Cau Sai Gon,Quan 2 ,10.798986343749618,106.72697056646841,45,45,1.0
2025-11-22 12:16:56,Cau Phu My,Q2,10.741860769464234,106.73790365482627,37,44,1.0
2025-11-22 12:17:08,Cau Kenh Te,Q4,10.752408891679814,106.7022703818112,18,34,1.0
2025-11-22 12:17:20,Cau Thu Thiem,Quan 2,10.786216596454727,106.71836665482695,40,40,1.0
2025-11-22 12:17:21,Nguyen Huu Canh,Binh Thanh,10.78948793356203,106.71518838181179,36,36,1.0
2025-11-22 12:17:22,Cong Hoa,Tan Binh,10.80223925742187,106.6478722259914,25,40,1.0
2025-11-22 12:17:23,Truong Son / Tan Son Nhat Blvd,Gan san bay,10.813928881466124,106.66511432455972,20,34,1.0
2025-11-22 12:17:23,Nguyen Trai,Quan 5,10.755608615763382,106.67347943578082,17,28,1.0
2025-11-22 12:17:24,Le Duan,Quan 1,10.782680856341083,106.70051548181169,16,29,1.0
2025-11-22 12:17:32,Tran Hung Dao ,Quan 5,10.754895139302109,106.67839188181134,19,33,1.0
2025-11-22 12:17:44,Tran Quoc Thao,Quan 3,10.785070445194592,106.68331340921323,14,27,1.0
2025-11-22 12:17:44,Tran Hung Dao,Quan 5,10.7549373008113,106.67848844133415,19,33,1.0
2025-11-22 12:17:46,Cach Mang Thang 8 (CMT8),Quan 3,10.77898143649726,106.67684447140958,20,35,1.0
2025-11-22 12:17:46,Pham Ngu Lao / Bui Vien,Quan 1,10.767112828386699,106.6927618222887,12,19,1.0
2025-11-22 12:17:47,Nguyen Thi Minh Khai,Quan 3,10.77847212665258,106.69389510879643,26,41,1.0
2025-11-22 12:17:48,Nguyen Van Troi,Phu Nhuan,10.796057790235078,106.67492629345334,20,34,1.0
2025-11-22 12:17:56,Pham Van Dong,Go Vap,10.835298215641501,106.72935479345391,33,42,0.995839
2025-11-22 12:17:56,Cong truong lam son,Quan 1,10.777562007197462,106.7041335430398,16,29,1.0
2025-11-22 12:17:57,Nguyen Oanh ,Go Vap,10.83886351241477,106.67566625482782,25,35,1.0
2025-11-22 12:17:58,Le Hong Phong,Quan 10,10.765187049751795,106.67550552599073,24,36,1.0
2025-11-22 12:17:59,Nguyen Van Cu,Quan 5,10.759484371982321,106.6840537511244,18,28,1.0
2025-11-22 12:18:00,Nga tu Binh Phuoc,Ngoai o,10.865229381280965,106.72366973948475,34,49,1.0
2025-11-22 12:18:07,Phu My Hung ,Quan 7,10.72279213640514,106.72808623948244,25,37,0.996807
2025-11-22 12:18:19,Nguyen Thai Son,Phu Nhuan,10.823400120373712,106.68551227436063,23,31,1.0
2025-11-22 12:18:20,An Duong Vuong,Quan 8,10.756158554057757,106.66631758181126,17,29,1.0
2025-11-22 12:18:21,Huynh Tan Phat,Nha Be,10.7144382088356,106.73711688366167,24,35,1.0
2025-11-22 12:18:22,Truong Chinh,Tan Binh ,10.817236653231737,106.63191539530457,19,35,1.0
2025-11-22 12:20:34,Cho Ben Thanh,Quan 1,10.772727584493625,106.69804225297563,16,24,0.998765
2025-11-22 12:20:35,Duong Nguyen Hue,Quan 1,10.774028664434528,106.70357076461706,29,29,1.0
2025-11-22 12:20:36,Nguyen Van Linh,Quan 7,10.752616652291238,106.72509685338922,39,39,1.0
2025-11-22 12:20:37,Vo Van Kiet,Quan 5,10.745754766198267,106.65326266831877,42,42,1.0
2025-11-22 12:20:38,Xa lo Ha Noi,QL1A,10.94927106740351,106.87196348224562,29,41,1.0
2025-11-22 12:20:38,Duong Dien Bien Phu,Quan 1,10.78866360854368,106.69551372228901,28,41,1.0
2025-11-22 12:20:39,Nga tu Hang Xanh,Binh Thanh,10.801406421807085,106.71148440879679,28,41,1.0
2025-11-22 12:20:40,Nga tu An Suong,Hoc Mon,10.843150534972033,106.6151343241409,20,35,1.0
2025-11-22 12:20:41,Ben xe Mien Dong,Quan 9,10.880537767027526,106.81481342866444,44,53,1.0
2025-11-22 12:20:42,Ben xe Mien Tay,Binh Tan,10.740840166521663,106.61899246873142,26,35,1.0
2025-11-22 12:20:54,Cau Sai Gon,Quan 2 ,10.798986343749618,106.72697056646841,45,45,1.0
2025-11-22 12:21:06,Cau Phu My,Q2,10.741860769464234,106.73790365482627,33,44,1.0
2025-11-22 12:21:17,Cau Kenh Te,Q4,10.752408891679814,106.7022703818112,19,34,1.0
2025-11-22 12:21:18,Cau Thu Thiem,Quan 2,10.786216596454727,106.71836665482695,40,40,1.0
2025-11-22 12:21:19,Nguyen Huu Canh,Binh Thanh,10.78948793356203,106.71518838181179,36,36,1.0
2025-11-22 12:21:20,Cong Hoa,Tan Binh,10.80223925742187,106.6478722259914,24,40,1.0
2025-11-22 12:21:21,Truong Son / Tan Son Nhat Blvd,Gan san bay,10.813928881466124,106.66511432455972,21,33,1.0
2025-11-22 12:21:22,Nguyen Trai,Quan 5,10.755608615763382,106.67347943578082,18,27,0.998943
2025-11-22 12:21:29,Le Duan,Quan 1,10.782680856341083,106.70051548181169,17,30,1.0
2025-11-22 12:21:30,Tran Hung Dao ,Quan 5,10.754895139302109,106.67839188181134,18,32,1.0
2025-11-22 12:21:31,Tran Quoc Thao,Quan 3,10.785070445194592,106.68331340921323,12,28,1.0
2025-11-22 12:21:32,Tran Hung Dao,Quan 5,10.7549373008113,106.67848844133415,18,32,1.0
2025-11-22 12:21:33,Cach Mang Thang 8 (CMT8),Quan 3,10.77898143649726,106.67684447140958,21,35,1.0
2025-11-22 12:21:34,Pham Ngu Lao / Bui Vien,Quan 1,10.767112828386699,106.6927618222887,9,21,1.0
2025-11-22 12:21:46,Nguyen Thi Minh Khai,Quan 3,10.77847212665258,106.69389510879643,27,41,1.0
2025-11-22 12:21:57,Nguyen Van Troi,Phu Nhuan,10.796057790235078,106.67492629345334,20,33,1.0
2025-11-22 12:21:58,Pham Van Dong,Go Vap,10.835298215641501,106.72935479345391,32,42,0.996768
2025-11-22 12:21:59,Cong truong lam son,Quan 1,10.777562007197462,106.7041335430398,18,30,1.0
2025-11-22 12:22:00,Nguyen Oanh ,Go Vap,10.83886351241477,106.67566625482782,26,36,1.0
2025-11-22 12:22:12,Le Hong Phong,Quan 10,10.765187049751795,106.67550552599073,21,35,1.0
2025-11-22 12:22:13,Nguyen Van Cu,Quan 5,10.759484371982321,106.6840537511244,18,27,0.998951
2025-11-22 12:22:14,Nga tu Binh Phuoc,Ngoai o,10.865229381280965,106.72366973948475,33,49,1.0
2025-11-22 12:22:15,Phu My Hung ,Quan 7,10.72279213640514,106.72808623948244,25,36,0.995795
2025-11-22 12:22:16,Nguyen Thai Son,Phu Nhuan,10.823400120373712,106.68551227436063,23,31,1.0
2025-11-22 12:22:17,An Duong Vuong,Quan 8,10.756158554057757,106.66631758181126,20,29,1.0
2025-11-22 12:22:17,Huynh Tan Phat,Nha Be,10.7144382088356,106.73711688366167,25,35,1.0
2025-11-22 12:22:18,Truong Chinh,Tan Binh ,10.817236653231737,106.63191539530457,20,35,1.0
2025-11-22 12:24:30,Cho Ben Thanh,Quan 1,10.772727584493625,106.69804225297563,16,24,0.999366
2025-11-22 12:24:31,Duong Nguyen Hue,Quan 1,10.774028664434528,106.70357076461706,12,28,1.0
2025-11-22 12:24:32,Nguyen Van Linh,Quan 7,10.752616652291238,106.72509685338922,39,39,1.0
2025-11-22 12:24:33,Vo Van Kiet,Quan 5,10.745754766198267,106.65326266831877,36,42,1.0
2025-11-22 12:24:34,Xa lo Ha Noi,QL1A,10.94927106740351,106.87196348224562,31,41,1.0
2025-11-22 12:24:35,Duong Dien Bien Phu,Quan 1,10.78866360854368,106.69551372228901,30,42,1.0
2025-11-22 12:24:47,Nga tu Hang Xanh,Binh Thanh,10.801406421807085,106.71148440879679,30,42,1.0
2025-11-22 12:24:48,Nga tu An Suong,Hoc Mon,10.843150534972033,106.6151343241409,19,35,1.0
2025-11-22 12:24:48,Ben xe Mien Dong,Quan 9,10.880537767027526,106.81481342866444,43,53,1.0
2025-11-22 12:24:49,Ben xe Mien Tay,Binh Tan,10.740840166521663,106.61899246873142,26,35,1.0
2025-11-22 12:24:50,Cau Sai Gon,Quan 2 ,10.798986343749618,106.72697056646841,45,45,1.0
2025-11-22 12:24:51,Cau Phu My,Q2,10.741860769464234,106.73790365482627,34,44,1.0
2025-11-22 12:24:52,Cau Kenh Te,Q4,10.752408891679814,106.7022703818112,19,34,1.0
2025-11-22 12:24:53,Cau Thu Thiem,Quan 2,10.786216596454727,106.71836665482695,40,40,1.0
2025-11-22 12:24:54,Nguyen Huu Canh,Binh Thanh,10.78948793356203,106.71518838181179,36,36,1.0
2025-11-22 12:24:54,Cong Hoa,Tan Binh,10.80223925742187,106.6478722259914,25,40,1.0
2025-11-22 12:24:55,Truong Son / Tan Son Nhat Blvd,Gan san bay,10.813928881466124,106.66511432455972,20,34,1.0
2025-11-22 12:24:56,Nguyen Trai,Quan 5,10.755608615763382,106.67347943578082,19,27,1.0
2025-11-22 12:25:08,Le Duan,Quan 1,10.782680856341083,106.70051548181169,17,30,1.0
2025-11-22 12:25:09,Tran Hung Dao ,Quan 5,10.754895139302109,106.67839188181134,17,33,1.0
2025-11-22 12:25:21,Tran Quoc Thao,Quan 3,10.785070445194592,106.68331340921323,12,27,1.0
2025-11-22 12:25:22,Tran Hung Dao,Quan 5,10.7549373008113,106.67848844133415,19,34,1.0
2025-11-22 12:25:23,Cach Mang Thang 8 (CMT8),Quan 3,10.77898143649726,106.67684447140958,20,34,1.0
2025-11-22 12:25:23,Pham Ngu Lao / Bui Vien,Quan 1,10.767112828386699,106.6927618222887,13,20,1.0
2025-11-22 12:25:24,Nguyen Thi Minh Khai,Quan 3,10.77847212665258,106.69389510879643,28,41,1.0
2025-11-22 12:25:25,Nguyen Van Troi,Phu Nhuan,10.796057790235078,106.67492629345334,20,34,1.0
2025-11-22 12:25:33,Pham Van Dong,Go Vap,10.835298215641501,106.72935479345391,34,42,0.99794
2025-11-22 12:25:34,Cong truong lam son,Quan 1,10.777562007197462,106.7041335430398,16,30,1.0
2025-11-22 12:25:34,Nguyen Oanh ,Go Vap,10.83886351241477,106.67566625482782,25,36,1.0
2025-11-22 12:25:35,Le Hong Phong,Quan 10,10.765187049751795,106.67550552599073,22,36,1.0
2025-11-22 12:25:36,Nguyen Van Cu,Quan 5,10.759484371982321,106.6840537511244,18,28,1.0
2025-11-22 12:25:37,Nga tu Binh Phuoc,Ngoai o,10.865229381280965,106.72366973948475,33,49,1.0
2025-11-22 12:25:45,Phu My Hung ,Quan 7,10.72279213640514,106.72808623948244,26,37,0.995555
2025-11-22 12:25:46,Nguyen Thai Son,Phu Nhuan,10.823400120373712,106.68551227436063,22,32,1.0
2025-11-22 12:25:46,An Duong Vuong,Quan 8,10.756158554057757,106.66631758181126,20,30,1.0
2025-11-22 12:25:47,Huynh Tan Phat,Nha Be,10.7144382088356,106.73711688366167,25,36,1.0
2025-11-22 12:25:48,Truong Chinh,Tan Binh ,10.817236653231737,106.63191539530457,19,35,1.0
2025-11-22 12:28:00,Cho Ben Thanh,Quan 1,10.772727584493625,106.69804225297563,15,24,1.0
2025-11-22 12:28:01,Duong Nguyen Hue,Quan 1,10.774028664434528,106.70357076461706,20,29,1.0
2025-11-22 12:28:02,Nguyen Van Linh,Quan 7,10.752616652291238,106.72509685338922,30,40,1.0
2025-11-22 12:28:03,Vo Van Kiet,Quan 5,10.745754766198267,106.65326266831877,34,43,1.0
2025-11-22 12:28:03,Xa lo Ha Noi,QL1A,10.94927106740351,106.87196348224562,32,41,1.0
2025-11-22 12:28:04,Duong Dien Bien Phu,Quan 1,10.78866360854368,106.69551372228901,30,42,1.0
2025-11-22 12:28:12,Nga tu Hang Xanh,Binh Thanh,10.801406421807085,106.71148440879679,30,42,1.0
2025-11-22 12:28:13,Nga tu An Suong,Hoc Mon,10.843150534972033,106.6151343241409,20,35,1.0
2025-11-22 12:28:14,Ben xe Mien Dong,Quan 9,10.880537767027526,106.81481342866444,42,52,1.0
2025-11-22 12:28:14,Ben xe Mien Tay,Binh Tan,10.740840166521663,106.61899246873142,24,35,1.0
2025-11-22 12:28:26,Cau Sai Gon,Quan 2 ,10.798986343749618,106.72697056646841,45,45,1.0
2025-11-22 12:28:27,Cau Phu My,Q2,10.741860769464234,106.73790365482627,36,44,1.0
2025-11-22 12:28:28,Cau Kenh Te,Q4,10.752408891679814,106.7022703818112,20,34,1.0
2025-11-22 12:28:38,Cau Thu Thiem,Quan 2,10.786216596454727,106.71836665482695,40,40,1.0
2025-11-22 12:28:50,Nguyen Huu Canh,Binh Thanh,10.78948793356203,106.71518838181179,36,36,1.0
2025-11-22 12:28:51,Cong Hoa,Tan Binh,10.80223925742187,106.6478722259914,24,41,1.0
2025-11-22 12:28:52,Truong Son / Tan Son Nhat Blvd,Gan san bay,10.813928881466124,106.66511432455972,20,33,1.0
2025-11-22 12:28:53,Nguyen Trai,Quan 5,10.755608615763382,106.67347943578082,18,28,0.997949
2025-11-22 12:28:53,Le Duan,Quan 1,10.782680856341083,106.70051548181169,16,30,1.0
2025-11-22 12:28:54,Tran Hung Dao ,Quan 5,10.754895139302109,106.67839188181134,17,31,1.0
2025-11-22 12:29:02,Tran Quoc Thao,Quan 3,10.785070445194592,106.68331340921323,13,27,1.0
2025-11-22 12:29:14,Tran Hung Dao,Quan 5,10.7549373008113,106.67848844133415,17,31,1.0
2025-11-22 12:29:26,Cach Mang Thang 8 (CMT8),Quan 3,10.77898143649726,106.67684447140958,21,34,1.0
2025-11-22 12:29:38,Pham Ngu Lao / Bui Vien,Quan 1,10.767112828386699,106.6927618222887,15,19,1.0
2025-11-22 12:29:39,Nguyen Thi Minh Khai,Quan 3,10.77847212665258,106.69389510879643,28,41,1.0
2025-11-22 12:29:40,Nguyen Van Troi,Phu Nhuan,10.796057790235078,106.67492629345334,20,33,1.0
2025-11-22 12:29:41,Pham Van Dong,Go Vap,10.835298215641501,106.72935479345391,33,42,0.997723
2025-11-22 12:29:42,Cong truong lam son,Quan 1,10.777562007197462,106.7041335430398,15,30,1.0
2025-11-22 12:29:42,Nguyen Oanh ,Go Vap,10.83886351241477,106.67566625482782,26,36,1.0
2025-11-22 12:29:50,Le Hong Phong,Quan 10,10.765187049751795,106.67550552599073,23,36,1.0
2025-11-22 12:30:02,Nguyen Van Cu,Quan 5,10.759484371982321,106.6840537511244,19,28,0.997975
2025-11-22 12:30:03,Nga tu Binh Phuoc,Ngoai o,10.865229381280965,106.72366973948475,34,49,1.0
2025-11-22 12:30:04,Phu My Hung ,Quan 7,10.72279213640514,106.72808623948244,25,36,0.996503
2025-11-22 12:30:04,Nguyen Thai Son,Phu Nhuan,10.823400120373712,106.68551227436063,22,31,1.0
2025-11-22 12:30:05,An Duong Vuong,Quan 8,10.756158554057757,106.66631758181126,22,29,1.0
2025-11-22 12:30:06,Huynh Tan Phat,Nha Be,10.7144382088356,106.73711688366167,26,35,1.0
2025-11-22 12:30:14,Truong Chinh,Tan Binh ,10.817236653231737,106.63191539530457,20,35,1.0
2025-11-22 12:32:26,Cho Ben Thanh,Quan 1,10.772727584493625,106.69804225297563,16,24,1.0
2025-11-22 12:32:26,Duong Nguyen Hue,Quan 1,10.774028664434528,106.70357076461706,22,29,1.0
2025-11-22 12:32:27,Nguyen Van Linh,Quan 7,10.752616652291238,106.72509685338922,39,39,1.0
2025-11-22 12:32:28,Vo Van Kiet,Quan 5,10.745754766198267,106.65326266831877,34,43,1.0
2025-11-22 12:32:29,Xa lo Ha Noi,QL1A,10.94927106740351,106.87196348224562,42,42,1.0
2025-11-22 12:32:30,Duong Dien Bien Phu,Quan 1,10.78866360854368,106.69551372228901,30,42,1.0
2025-11-22 12:32:38,Nga tu Hang Xanh,Binh Thanh,10.801406421807085,106.71148440879679,30,42,1.0
2025-11-22 12:32:38,Nga tu An Suong,Hoc Mon,10.843150534972033,106.6151343241409,21,35,1.0
2025-11-22 12:32:39,Ben xe Mien Dong,Quan 9,10.880537767027526,106.81481342866444,42,53,1.0
2025-11-22 12:32:40,Ben xe Mien Tay,Binh Tan,10.740840166521663,106.61899246873142,25,35,1.0
2025-11-22 12:32:49,Cau Sai Gon,Quan 2 ,10.798986343749618,106.72697056646841,45,45,1.0
2025-11-22 12:32:50,Cau Phu My,Q2,10.741860769464234,106.73790365482627,34,44,1.0
2025-11-22 12:32:51,Cau Kenh Te,Q4,10.752408891679814,106.7022703818112,19,34,1.0
2025-11-22 12:32:52,Cau Thu Thiem,Quan 2,10.786216596454727,106.71836665482695,40,40,1.0
2025-11-22 12:32:53,Nguyen Huu Canh,Binh Thanh,10.78948793356203,106.71518838181179,28,36,1.0
2025-11-22 12:32:54,Cong Hoa,Tan Binh,10.80223925742187,106.6478722259914,27,41,1.0
2025-11-22 12:32:55,Truong Son / Tan Son Nhat Blvd,Gan san bay,10.813928881466124,106.66511432455972,20,34,0.998691
2025-11-22 12:33:02,Nguyen Trai,Quan 5,10.755608615763382,106.67347943578082,20,28,1.0
2025-11-22 12:33:02,Le Duan,Quan 1,10.782680856341083,106.70051548181169,17,30,1.0
2025-11-22 12:33:03,Tran Hung Dao ,Quan 5,10.754895139302109,106.67839188181134,19,33,1.0
2025-11-22 12:33:04,Tran Quoc Thao,Quan 3,10.785070445194592,106.68331340921323,12,26,1.0
2025-11-22 12:33:05,Tran Hung Dao,Quan 5,10.7549373008113,106.67848844133415,19,33,1.0
2025-11-22 12:33:06,Cach Mang Thang 8 (CMT8),Quan 3,10.77898143649726,106.67684447140958,22,34,1.0
2025-11-22 12:33:14,Pham Ngu Lao / Bui Vien,Quan 1,10.767112828386699,106.6927618222887,14,20,1.0
2025-11-22 12:33:14,Nguyen Thi Minh Khai,Quan 3,10.77847212665258,106.69389510879643,28,41,1.0
2025-11-22 12:33:15,Nguyen Van Troi,Phu Nhuan,10.796057790235078,106.67492629345334,20,34,0.998691
2025-11-22 12:33:16,Pham Van Dong,Go Vap,10.835298215641501,106.72935479345391,33,42,0.997842
2025-11-22 12:33:17,Cong truong lam son,Quan 1,10.777562007197462,106.7041335430398,17,30,1.0
2025-11-22 12:33:18,Nguyen Oanh ,Go Vap,10.83886351241477,106.67566625482782,26,35,1.0
2025-11-22 12:33:19,Le Hong Phong,Quan 10,10.765187049751795,106.67550552599073,20,35,1.0
2025-11-22 12:33:20,Nguyen Van Cu,Quan 5,10.759484371982321,106.6840537511244,20,28,1.0
2025-11-22 12:33:20,Nga tu Binh Phuoc,Ngoai o,10.865229381280965,106.72366973948475,34,49,1.0
2025-11-22 12:33:21,Phu My Hung ,Quan 7,10.72279213640514,106.72808623948244,26,37,0.996405
2025-11-22 12:33:22,Nguyen Thai Son,Phu Nhuan,10.823400120373712,106.68551227436063,24,31,1.0
2025-11-22 12:33:23,An Duong Vuong,Quan 8,10.756158554057757,106.66631758181126,20,29,1.0
2025-11-22 12:33:35,Huynh Tan Phat,Nha Be,10.7144382088356,106.73711688366167,26,35,1.0
2025-11-22 12:33:47,Truong Chinh,Tan Binh ,10.817236653231737,106.63191539530457,20,35,1.0
2025-11-22 12:35:59,Cho Ben Thanh,Quan 1,10.772727584493625,106.69804225297563,14,24,0.998765
2025-11-22 12:36:00,Duong Nguyen Hue,Quan 1,10.774028664434528,106.70357076461706,23,29,1.0
2025-11-22 12:36:01,Nguyen Van Linh,Quan 7,10.752616652291238,106.72509685338922,39,39,1.0
2025-11-22 12:36:01,Vo Van Kiet,Quan 5,10.745754766198267,106.65326266831877,42,42,1.0
2025-11-22 12:36:02,Xa lo Ha Noi,QL1A,10.94927106740351,106.87196348224562,33,41,1.0
2025-11-22 12:36:03,Duong Dien Bien Phu,Quan 1,10.78866360854368,106.69551372228901,32,42,1.0
2025-11-22 12:36:04,Nga tu Hang Xanh,Binh Thanh,10.801406421807085,106.71148440879679,32,42,1.0
2025-11-22 12:36:05,Nga tu An Suong,Hoc Mon,10.843150534972033,106.6151343241409,20,34,1.0
2025-11-22 12:36:06,Ben xe Mien Dong,Quan 9,10.880537767027526,106.81481342866444,42,53,1.0
2025-11-22 12:36:06,Ben xe Mien Tay,Binh Tan,10.740840166521663,106.61899246873142,26,35,1.0
2025-11-22 12:36:07,Cau Sai Gon,Quan 2 ,10.798986343749618,106.72697056646841,45,45,1.0
2025-11-22 12:36:08,Cau Phu My,Q2,10.741860769464234,106.73790365482627,33,44,1.0
2025-11-22 12:36:09,Cau Kenh Te,Q4,10.752408891679814,106.7022703818112,19,33,1.0
2025-11-22 12:36:10,Cau Thu Thiem,Quan 2,10.786216596454727,106.71836665482695,40,40,1.0
2025-11-22 12:36:11,Nguyen Huu Canh,Binh Thanh,10.78948793356203,106.71518838181179,36,36,1.0
2025-11-22 12:36:11,Cong Hoa,Tan Binh,10.80223925742187,106.6478722259914,25,41,1.0
2025-11-22 12:36:12,Truong Son / Tan Son Nhat Blvd,Gan san bay,10.813928881466124,106.66511432455972,20,34,1.0
2025-11-22 12:36:13,Nguyen Trai,Quan 5,10.755608615763382,106.67347943578082,17,28,1.0
2025-11-22 12:36:14,Le Duan,Quan 1,10.782680856341083,106.70051548181169,18,30,1.0
2025-11-22 12:36:15,Tran Hung Dao ,Quan 5,10.754895139302109,106.67839188181134,18,32,1.0
2025-11-22 12:36:22,Tran Quoc Thao,Quan 3,10.785070445194592,106.68331340921323,13,27,1.0
2025-11-22 12:36:23,Tran Hung Dao,Quan 5,10.7549373008113,106.67848844133415,18,32,1.0
2025-11-22 12:36:24,Cach Mang Thang 8 (CMT8),Quan 3,10.77898143649726,106.67684447140958,21,35,1.0
2025-11-22 12:36:25,Pham Ngu Lao / Bui Vien,Quan 1,10.767112828386699,106.6927618222887,13,19,1.0
2025-11-22 12:36:26,Nguyen Thi Minh Khai,Quan 3,10.77847212665258,106.69389510879643,29,42,1.0
2025-11-22 12:36:27,Nguyen Van Troi,Phu Nhuan,10.796057790235078,106.67492629345334,20,34,1.0
2025-11-22 12:36:34,Pham Van Dong,Go Vap,10.835298215641501,106.72935479345391,34,42,0.998319
2025-11-22 12:36:35,Cong truong lam son,Quan 1,10.777562007197462,106.7041335430398,18,30,1.0
2025-11-22 12:36:36,Nguyen Oanh ,Go Vap,10.83886351241477,106.67566625482782,27,36,1.0
2025-11-22 12:36:37,Le Hong Phong,Quan 10,10.765187049751795,106.67550552599073,21,36,1.0
2025-11-22 12:36:38,Nguyen Van Cu,Quan 5,10.759484371982321,106.6840537511244,17,28,1.0
2025-11-22 12:36:39,Nga tu Binh Phuoc,Ngoai o,10.865229381280965,106.72366973948475,36,49,1.0
2025-11-22 12:36:46,Phu My Hung ,Quan 7,10.72279213640514,106.72808623948244,25,37,0.996378
2025-11-22 12:36:47,Nguyen Thai Son,Phu Nhuan,10.823400120373712,106.68551227436063,20,31,1.0
2025-11-22 12:36:48,An Duong Vuong,Quan 8,10.756158554057757,106.66631758181126,18,28,1.0
2025-11-22 12:36:49,Huynh Tan Phat,Nha Be,10.7144382088356,106.73711688366167,26,35,1.0
2025-11-22 12:36:50,Truong Chinh,Tan Binh ,10.817236653231737,106.63191539530457,20,34,1.0
2025-11-22 12:39:02,Cho Ben Thanh,Quan 1,10.772727584493625,106.69804225297563,15,23,0.998765
2025-11-22 12:39:03,Duong Nguyen Hue,Quan 1,10.774028664434528,106.70357076461706,29,29,1.0
2025-11-22 12:39:04,Nguyen Van Linh,Quan 7,10.752616652291238,106.72509685338922,39,39,1.0
2025-11-22 12:39:05,Vo Van Kiet,Quan 5,10.745754766198267,106.65326266831877,35,43,1.0
2025-11-22 12:39:05,Xa lo Ha Noi,QL1A,10.94927106740351,106.87196348224562,34,42,1.0
2025-11-22 12:39:06,Duong Dien Bien Phu,Quan 1,10.78866360854368,106.69551372228901,31,42,1.0
2025-11-22 12:39:14,Nga tu Hang Xanh,Binh Thanh,10.801406421807085,106.71148440879679,31,42,1.0
2025-11-22 12:39:15,Nga tu An Suong,Hoc Mon,10.843150534972033,106.6151343241409,22,35,1.0
2025-11-22 12:39:16,Ben xe Mien Dong,Quan 9,10.880537767027526,106.81481342866444,43,53,1.0
2025-11-22 12:39:16,Ben xe Mien Tay,Binh Tan,10.740840166521663,106.61899246873142,26,36,1.0
2025-11-22 12:39:17,Cau Sai Gon,Quan 2 ,10.798986343749618,106.72697056646841,45,45,1.0
2025-11-22 12:39:26,Cau Phu My,Q2,10.741860769464234,106.73790365482627,34,44,1.0
2025-11-22 12:39:27,Cau Kenh Te,Q4,10.752408891679814,106.7022703818112,20,33,1.0
2025-11-22 12:39:27,Cau Thu Thiem,Quan 2,10.786216596454727,106.71836665482695,40,40,1.0
2025-11-22 12:39:28,Nguyen Huu Canh,Binh Thanh,10.78948793356203,106.71518838181179,36,36,1.0
2025-11-22 12:39:29,Cong Hoa,Tan Binh,10.80223925742187,106.6478722259914,25,41,1.0
2025-11-22 12:39:30,Truong Son / Tan Son Nhat Blvd,Gan san bay,10.813928881466124,106.66511432455972,21,34,0.998691
2025-11-22 12:39:38,Nguyen Trai,Quan 5,10.755608615763382,106.67347943578082,17,28,0.998943
2025-11-22 12:39:39,Le Duan,Quan 1,10.782680856341083,106.70051548181169,18,30,1.0
2025-11-22 12:39:40,Tran Hung Dao ,Quan 5,10.754895139302109,106.67839188181134,18,32,1.0
2025-11-22 12:39:41,Tran Quoc Thao,Quan 3,10.785070445194592,106.68331340921323,13,28,1.0
2025-11-22 12:39:42,Tran Hung Dao,Quan 5,10.7549373008113,106.67848844133415,18,32,1.0
2025-11-22 12:39:43,Cach Mang Thang 8 (CMT8),Quan 3,10.77898143649726,106.67684447140958,20,34,1.0
2025-11-22 12:39:43,Pham Ngu Lao / Bui Vien,Quan 1,10.767112828386699,106.6927618222887,13,19,1.0
2025-11-22 12:39:44,Nguyen Thi Minh Khai,Quan 3,10.77847212665258,106.69389510879643,29,42,1.0
2025-11-22 12:39:45,Nguyen Van Troi,Phu Nhuan,10.796057790235078,106.67492629345334,21,34,0.998691
2025-11-22 12:39:46,Pham Van Dong,Go Vap,10.835298215641501,106.72935479345391,33,42,0.998319
2025-11-22 12:39:47,Cong truong lam son,Quan 1,10.777562007197462,106.7041335430398,18,30,1.0
2025-11-22 12:39:48,Nguyen Oanh ,Go Vap,10.83886351241477,106.67566625482782,28,36,1.0
2025-11-22 12:39:49,Le Hong Phong,Quan 10,10.765187049751795,106.67550552599073,20,36,1.0
2025-11-22 12:39:49,Nguyen Van Cu,Quan 5,10.759484371982321,106.6840537511244,17,28,0.998943
2025-11-22 12:39:50,Nga tu Binh Phuoc,Ngoai o,10.865229381280965,106.72366973948475,35,49,1.0
2025-11-22 12:39:51,Phu My Hung ,Quan 7,10.72279213640514,106.72808623948244,26,36,0.996296
2025-11-22 12:40:03,Nguyen Thai Son,Phu Nhuan,10.823400120373712,106.68551227436063,23,32,1.0
2025-11-22 12:40:04,An Duong Vuong,Quan 8,10.756158554057757,106.66631758181126,22,29,1.0
2025-11-22 12:40:05,Huynh Tan Phat,Nha Be,10.7144382088356,106.73711688366167,25,36,1.0
2025-11-22 12:40:06,Truong Chinh,Tan Binh ,10.817236653231737,106.63191539530457,22,35,1.0
2025-11-22 12:42:18,Cho Ben Thanh,Quan 1,10.772727584493625,106.69804225297563,12,23,1.0
2025-11-22 12:42:19,Duong Nguyen Hue,Quan 1,10.774028664434528,106.70357076461706,29,29,1.0
2025-11-22 12:42:19,Nguyen Van Linh,Quan 7,10.752616652291238,106.72509685338922,39,39,1.0
2025-11-22 12:42:20,Vo Van Kiet,Quan 5,10.745754766198267,106.65326266831877,33,42,1.0
2025-11-22 12:42:21,Xa lo Ha Noi,QL1A,10.94927106740351,106.87196348224562,30,42,1.0
2025-11-22 12:42:22,Duong Dien Bien Phu,Quan 1,10.78866360854368,106.69551372228901,31,41,1.0
2025-11-22 12:42:30,Nga tu Hang Xanh,Binh Thanh,10.801406421807085,106.71148440879679,31,42,1.0
2025-11-22 12:42:42,Nga tu An Suong,Hoc Mon,10.843150534972033,106.6151343241409,22,34,1.0
2025-11-22 12:42:43,Ben xe Mien Dong,Quan 9,10.880537767027526,106.81481342866444,45,53,1.0
2025-11-22 12:42:44,Ben xe Mien Tay,Binh Tan,10.740840166521663,106.61899246873142,26,35,1.0
2025-11-22 12:42:44,Cau Sai Gon,Quan 2 ,10.798986343749618,106.72697056646841,45,45,1.0
2025-11-22 12:42:45,Cau Phu My,Q2,10.741860769464234,106.73790365482627,34,44,1.0
2025-11-22 12:42:46,Cau Kenh Te,Q4,10.752408891679814,106.7022703818112,19,33,1.0
2025-11-22 12:42:54,Cau Thu Thiem,Quan 2,10.786216596454727,106.71836665482695,40,40,1.0
2025-11-22 12:42:56,Nguyen Huu Canh,Binh Thanh,10.78948793356203,106.71518838181179,36,36,1.0
2025-11-22 12:42:56,Cong Hoa,Tan Binh,10.80223925742187,106.6478722259914,26,41,1.0
2025-11-22 12:42:57,Truong Son / Tan Son Nhat Blvd,Gan san bay,10.813928881466124,106.66511432455972,21,34,0.998956
2025-11-22 12:42:58,Nguyen Trai,Quan 5,10.755608615763382,106.67347943578082,15,27,0.996173
2025-11-22 12:42:59,Le Duan,Quan 1,10.782680856341083,106.70051548181169,18,30,1.0
2025-11-22 12:43:00,Tran Hung Dao ,Quan 5,10.754895139302109,106.67839188181134,20,32,1.0
2025-11-22 12:43:01,Tran Quoc Thao,Quan 3,10.785070445194592,106.68331340921323,13,27,1.0
2025-11-22 12:43:01,Tran Hung Dao,Quan 5,10.7549373008113,106.67848844133415,20,32,1.0
2025-11-22 12:43:02,Cach Mang Thang 8 (CMT8),Quan 3,10.77898143649726,106.67684447140958,21,34,1.0
2025-11-22 12:43:03,Pham Ngu Lao / Bui Vien,Quan 1,10.767112828386699,106.6927618222887,16,20,1.0
2025-11-22 12:43:04,Nguyen Thi Minh Khai,Quan 3,10.77847212665258,106.69389510879643,30,41,1.0
2025-11-22 12:43:05,Nguyen Van Troi,Phu Nhuan,10.796057790235078,106.67492629345334,21,34,0.998956
2025-11-22 12:43:06,Pham Van Dong,Go Vap,10.835298215641501,106.72935479345391,33,42,0.998321
2025-11-22 12:43:06,Cong truong lam son,Quan 1,10.777562007197462,106.7041335430398,18,30,1.0
2025-11-22 12:43:07,Nguyen Oanh ,Go Vap,10.83886351241477,106.67566625482782,27,35,1.0
2025-11-22 12:43:08,Le Hong Phong,Quan 10,10.765187049751795,106.67550552599073,18,36,1.0
2025-11-22 12:43:09,Nguyen Van Cu,Quan 5,10.759484371982321,106.6840537511244,15,27,0.996173
2025-11-22 12:43:10,Nga tu Binh Phuoc,Ngoai o,10.865229381280965,106.72366973948475,36,49,1.0
2025-11-22 12:43:17,Phu My Hung ,Quan 7,10.72279213640514,106.72808623948244,28,37,0.998245
2025-11-22 12:43:18,Nguyen Thai Son,Phu Nhuan,10.823400120373712,106.68551227436063,22,30,1.0
2025-11-22 12:43:18,An Duong Vuong,Quan 8,10.756158554057757,106.66631758181126,19,30,1.0
2025-11-22 12:43:19,Huynh Tan Phat,Nha Be,10.7144382088356,106.73711688366167,26,35,1.0
2025-11-22 12:43:20,Truong Chinh,Tan Binh ,10.817236653231737,106.63191539530457,21,35,1.0
2025-11-22 12:45:21,Cho Ben Thanh,Quan 1,10.772727584493625,106.69804225297563,15,24,1.0
2025-11-22 12:45:22,Duong Nguyen Hue,Quan 1,10.774028664434528,106.70357076461706,23,28,1.0
2025-11-22 12:45:32,Nguyen Van Linh,Quan 7,10.752616652291238,106.72509685338922,39,39,1.0
2025-11-22 12:45:33,Vo Van Kiet,Quan 5,10.745754766198267,106.65326266831877,35,43,1.0
2025-11-22 12:45:34,Xa lo Ha Noi,QL1A,10.94927106740351,106.87196348224562,32,41,1.0
2025-11-22 12:45:35,Duong Dien Bien Phu,Quan 1,10.78866360854368,106.69551372228901,31,41,1.0
2025-11-22 12:45:36,Nga tu Hang Xanh,Binh Thanh,10.801406421807085,106.71148440879679,31,41,1.0
2025-11-22 12:45:36,Nga tu An Suong,Hoc Mon,10.843150534972033,106.6151343241409,21,34,1.0
2025-11-22 12:45:44,Ben xe Mien Dong,Quan 9,10.880537767027526,106.81481342866444,44,53,1.0
2025-11-22 12:45:45,Ben xe Mien Tay,Binh Tan,10.740840166521663,106.61899246873142,26,35,1.0
2025-11-22 12:45:46,Cau Sai Gon,Quan 2 ,10.798986343749618,106.72697056646841,45,45,1.0
2025-11-22 12:45:47,Cau Phu My,Q2,10.741860769464234,106.73790365482627,36,44,1.0
2025-11-22 12:45:48,Cau Kenh Te,Q4,10.752408891679814,106.7022703818112,19,34,1.0
2025-11-22 12:45:48,Cau Thu Thiem,Quan 2,10.786216596454727,106.71836665482695,40,40,1.0
2025-11-22 12:45:56,Nguyen Huu Canh,Binh Thanh,10.78948793356203,106.71518838181179,36,36,1.0
2025-11-22 12:45:57,Cong Hoa,Tan Binh,10.80223925742187,106.6478722259914,26,41,1.0
2025-11-22 12:45:58,Truong Son / Tan Son Nhat Blvd,Gan san bay,10.813928881466124,106.66511432455972,21,34,1.0
2025-11-22 12:45:59,Nguyen Trai,Quan 5,10.755608615763382,106.67347943578082,16,27,1.0
2025-11-22 12:45:59,Le Duan,Quan 1,10.782680856341083,106.70051548181169,18,31,1.0
2025-11-22 12:46:00,Tran Hung Dao ,Quan 5,10.754895139302109,106.67839188181134,20,32,1.0
2025-11-22 12:46:08,Tran Quoc Thao,Quan 3,10.785070445194592,106.68331340921323,12,27,1.0
2025-11-22 12:46:09,Tran Hung Dao,Quan 5,10.7549373008113,106.67848844133415,20,32,1.0
2025-11-22 12:46:10,Cach Mang Thang 8 (CMT8),Quan 3,10.77898143649726,106.67684447140958,21,34,1.0
2025-11-22 12:46:10,Pham Ngu Lao / Bui Vien,Quan 1,10.767112828386699,106.6927618222887,10,19,1.0
2025-11-22 12:46:11,Nguyen Thi Minh Khai,Quan 3,10.77847212665258,106.69389510879643,28,41,1.0
2025-11-22 12:46:12,Nguyen Van Troi,Phu Nhuan,10.796057790235078,106.67492629345334,21,34,1.0
2025-11-22 12:46:13,Pham Van Dong,Go Vap,10.835298215641501,106.72935479345391,34,42,0.997541
2025-11-22 12:46:25,Cong truong lam son,Quan 1,10.777562007197462,106.7041335430398,18,31,1.0
2025-11-22 12:46:37,Nguyen Oanh ,Go Vap,10.83886351241477,106.67566625482782,27,36,1.0
2025-11-22 12:46:38,Le Hong Phong,Quan 10,10.765187049751795,106.67550552599073,24,35,1.0
2025-11-22 12:46:38,Nguyen Van Cu,Quan 5,10.759484371982321,106.6840537511244,17,28,1.0
2025-11-22 12:46:39,Nga tu Binh Phuoc,Ngoai o,10.865229381280965,106.72366973948475,36,49,1.0
2025-11-22 12:46:40,Phu My Hung ,Quan 7,10.72279213640514,106.72808623948244,26,36,0.998015
2025-11-22 12:46:41,Nguyen Thai Son,Phu Nhuan,10.823400120373712,106.68551227436063,25,31,1.0
2025-11-22 12:46:49,An Duong Vuong,Quan 8,10.756158554057757,106.66631758181126,22,29,1.0
2025-11-22 12:46:50,Huynh Tan Phat,Nha Be,10.7144382088356,106.73711688366167,25,36,1.0
2025-11-22 12:46:50,Truong Chinh,Tan Binh ,10.817236653231737,106.63191539530457,21,34,1.0
2025-11-22 12:49:02,Cho Ben Thanh,Quan 1,10.772727584493625,106.69804225297563,14,25,1.0
2025-11-22 12:49:03,Duong Nguyen Hue,Quan 1,10.774028664434528,106.70357076461706,23,29,1.0
2025-11-22 12:49:04,Nguyen Van Linh,Quan 7,10.752616652291238,106.72509685338922,39,39,1.0
2025-11-22 12:49:05,Vo Van Kiet,Quan 5,10.745754766198267,106.65326266831877,35,42,1.0
2025-11-22 12:49:06,Xa lo Ha Noi,QL1A,10.94927106740351,106.87196348224562,26,41,1.0
2025-11-22 12:49:06,Duong Dien Bien Phu,Quan 1,10.78866360854368,106.69551372228901,31,42,1.0
2025-11-22 12:49:18,Nga tu Hang Xanh,Binh Thanh,10.801406421807085,106.71148440879679,31,42,1.0
2025-11-22 12:49:30,Nga tu An Suong,Hoc Mon,10.843150534972033,106.6151343241409,21,35,1.0
2025-11-22 12:49:31,Ben xe Mien Dong,Quan 9,10.880537767027526,106.81481342866444,42,53,1.0
2025-11-22 12:49:32,Ben xe Mien Tay,Binh Tan,10.740840166521663,106.61899246873142,26,35,1.0
2025-11-22 12:49:33,Cau Sai Gon,Quan 2 ,10.798986343749618,106.72697056646841,45,45,1.0
2025-11-22 12:49:34,Cau Phu My,Q2,10.741860769464234,106.73790365482627,38,44,1.0
2025-11-22 12:49:34,Cau Kenh Te,Q4,10.752408891679814,106.7022703818112,20,33,1.0
2025-11-22 12:49:35,Cau Thu Thiem,Quan 2,10.786216596454727,106.71836665482695,40,40,1.0
2025-11-22 12:49:42,Nguyen Huu Canh,Binh Thanh,10.78948793356203,106.71518838181179,36,36,1.0
2025-11-22 12:49:54,Cong Hoa,Tan Binh,10.80223925742187,106.6478722259914,29,41,1.0
2025-11-22 12:50:06,Truong Son / Tan Son Nhat Blvd,Gan san bay,10.813928881466124,106.66511432455972,21,34,1.0
2025-11-22 12:50:07,Nguyen Trai,Quan 5,10.755608615763382,106.67347943578082,17,28,1.0
2025-11-22 12:50:08,Le Duan,Quan 1,10.782680856341083,106.70051548181169,19,30,1.0
2025-11-22 12:50:09,Tran Hung Dao ,Quan 5,10.754895139302109,106.67839188181134,20,32,1.0
2025-11-22 12:50:10,Tran Quoc Thao,Quan 3,10.785070445194592,106.68331340921323,12,27,1.0
2025-11-22 12:50:11,Tran Hung Dao,Quan 5,10.7549373008113,106.67848844133415,20,32,1.0
2025-11-22 12:50:23,Cach Mang Thang 8 (CMT8),Quan 3,10.77898143649726,106.67684447140958,20,34,1.0
2025-11-22 12:50:23,Pham Ngu Lao / Bui Vien,Quan 1,10.767112828386699,106.6927618222887,14,19,1.0
2025-11-22 12:50:24,Nguyen Thi Minh Khai,Quan 3,10.77847212665258,106.69389510879643,29,42,1.0
2025-11-22 12:50:25,Nguyen Van Troi,Phu Nhuan,10.796057790235078,106.67492629345334,21,34,1.0
2025-11-22 12:50:26,Pham Van Dong,Go Vap,10.835298215641501,106.72935479345391,34,42,0.997334
2025-11-22 12:50:27,Cong truong lam son,Quan 1,10.777562007197462,106.7041335430398,19,30,1.0
2025-11-22 12:50:28,Nguyen Oanh ,Go Vap,10.83886351241477,106.67566625482782,27,36,1.0
2025-11-22 12:50:28,Le Hong Phong,Quan 10,10.765187049751795,106.67550552599073,27,36,1.0
2025-11-22 12:50:29,Nguyen Van Cu,Quan 5,10.759484371982321,106.6840537511244,17,28,1.0
2025-11-22 12:50:30,Nga tu Binh Phuoc,Ngoai o,10.865229381280965,106.72366973948475,35,49,1.0
2025-11-22 12:50:31,Phu My Hung ,Quan 7,10.72279213640514,106.72808623948244,27,36,0.996621
2025-11-22 12:50:32,Nguyen Thai Son,Phu Nhuan,10.823400120373712,106.68551227436063,24,32,1.0
2025-11-22 12:50:33,An Duong Vuong,Quan 8,10.756158554057757,106.66631758181126,23,29,1.0
2025-11-22 12:50:34,Huynh Tan Phat,Nha Be,10.7144382088356,106.73711688366167,25,35,1.0
2025-11-22 12:50:36,Truong Chinh,Tan Binh ,10.817236653231737,106.63191539530457,21,35,1.0
2025-11-22 12:52:48,Cho Ben Thanh,Quan 1,10.772727584493625,106.69804225297563,13,24,1.0
2025-11-22 12:53:00,Duong Nguyen Hue,Quan 1,10.774028664434528,106.70357076461706,21,29,1.0
2025-11-22 12:53:01,Nguyen Van Linh,Quan 7,10.752616652291238,106.72509685338922,39,39,1.0
2025-11-22 12:53:02,Vo Van Kiet,Quan 5,10.745754766198267,106.65326266831877,36,43,1.0
2025-11-22 12:53:03,Xa lo Ha Noi,QL1A,10.94927106740351,106.87196348224562,28,41,1.0
2025-11-22 12:53:03,Duong Dien Bien Phu,Quan 1,10.78866360854368,106.69551372228901,32,42,1.0
2025-11-22 12:53:04,Nga tu Hang Xanh,Binh Thanh,10.801406421807085,106.71148440879679,32,42,1.0
2025-11-22 12:53:05,Nga tu An Suong,Hoc Mon,10.843150534972033,106.6151343241409,21,35,1.0
2025-11-22 12:53:06,Ben xe Mien Dong,Quan 9,10.880537767027526,106.81481342866444,44,53,1.0
2025-11-22 12:53:07,Ben xe Mien Tay,Binh Tan,10.740840166521663,106.61899246873142,26,35,1.0
2025-11-22 12:53:19,Cau Sai Gon,Quan 2 ,10.798986343749618,106.72697056646841,45,45,1.0
2025-11-22 12:53:20,Cau Phu My,Q2,10.741860769464234,106.73790365482627,37,44,1.0
2025-11-22 12:53:21,Cau Kenh Te,Q4,10.752408891679814,106.7022703818112,20,34,1.0
2025-11-22 12:53:21,Cau Thu Thiem,Quan 2,10.786216596454727,106.71836665482695,40,40,1.0
2025-11-22 12:53:22,Nguyen Huu Canh,Binh Thanh,10.78948793356203,106.71518838181179,36,36,1.0
2025-11-22 12:53:23,Cong Hoa,Tan Binh,10.80223925742187,106.6478722259914,25,40,1.0
2025-11-22 12:53:31,Truong Son / Tan Son Nhat Blvd,Gan san bay,10.813928881466124,106.66511432455972,22,34,1.0
2025-11-22 12:53:31,Nguyen Trai,Quan 5,10.755608615763382,106.67347943578082,19,28,1.0
2025-11-22 12:53:33,Le Duan,Quan 1,10.782680856341083,106.70051548181169,19,30,1.0
2025-11-22 12:53:34,Tran Hung Dao ,Quan 5,10.754895139302109,106.67839188181134,19,33,1.0
2025-11-22 12:53:35,Tran Quoc Thao,Quan 3,10.785070445194592,106.68331340921323,13,27,1.0
2025-11-22 12:53:43,Tran Hung Dao,Quan 5,10.7549373008113,106.67848844133415,19,33,1.0
2025-11-22 12:53:55,Cach Mang Thang 8 (CMT8),Quan 3,10.77898143649726,106.67684447140958,20,34,1.0
2025-11-22 12:53:55,Pham Ngu Lao / Bui Vien,Quan 1,10.767112828386699,106.6927618222887,11,19,1.0
2025-11-22 12:53:56,Nguyen Thi Minh Khai,Quan 3,10.77847212665258,106.69389510879643,29,42,1.0
2025-11-22 12:53:57,Nguyen Van Troi,Phu Nhuan,10.796057790235078,106.67492629345334,21,34,0.999528
2025-11-22 12:53:58,Pham Van Dong,Go Vap,10.835298215641501,106.72935479345391,34,42,0.996393
2025-11-22 12:53:59,Cong truong lam son,Quan 1,10.777562007197462,106.7041335430398,18,30,1.0
2025-11-22 12:54:06,Nguyen Oanh ,Go Vap,10.83886351241477,106.67566625482782,27,37,1.0
2025-11-22 12:54:10,Le Hong Phong,Quan 10,10.765187049751795,106.67550552599073,27,36,1.0
2025-11-22 12:54:11,Nguyen Van Cu,Quan 5,10.759484371982321,106.6840537511244,17,28,1.0
2025-11-22 12:54:23,Nga tu Binh Phuoc,Ngoai o,10.865229381280965,106.72366973948475,37,49,1.0
2025-11-22 12:54:24,Phu My Hung ,Quan 7,10.72279213640514,106.72808623948244,26,37,1.0
2025-11-22 12:54:25,Nguyen Thai Son,Phu Nhuan,10.823400120373712,106.68551227436063,24,32,1.0
2025-11-22 12:54:26,An Duong Vuong,Quan 8,10.756158554057757,106.66631758181126,19,29,1.0
2025-11-22 12:54:26,Huynh Tan Phat,Nha Be,10.7144382088356,106.73711688366167,25,35,1.0
2025-11-22 12:54:27,Truong Chinh,Tan Binh ,10.817236653231737,106.63191539530457,21,35,1.0
2025-11-22 12:56:39,Cho Ben Thanh,Quan 1,10.772727584493625,106.69804225297563,13,24,1.0
2025-11-22 12:56:40,Duong Nguyen Hue,Quan 1,10.774028664434528,106.70357076461706,29,29,1.0
2025-11-22 12:56:41,Nguyen Van Linh,Quan 7,10.752616652291238,106.72509685338922,39,39,1.0
2025-11-22 12:56:42,Vo Van Kiet,Quan 5,10.745754766198267,106.65326266831877,42,42,1.0
2025-11-22 12:56:43,Xa lo Ha Noi,QL1A,10.94927106740351,106.87196348224562,32,42,1.0
2025-11-22 12:56:43,Duong Dien Bien Phu,Quan 1,10.78866360854368,106.69551372228901,31,42,1.0
2025-11-22 12:56:44,Nga tu Hang Xanh,Binh Thanh,10.801406421807085,106.71148440879679,31,42,1.0
2025-11-22 12:56:45,Nga tu An Suong,Hoc Mon,10.843150534972033,106.6151343241409,21,35,1.0
2025-11-22 12:56:46,Ben xe Mien Dong,Quan 9,10.880537767027526,106.81481342866444,45,53,1.0
2025-11-22 12:56:47,Ben xe Mien Tay,Binh Tan,10.740840166521663,106.61899246873142,25,35,1.0
2025-11-22 12:56:48,Cau Sai Gon,Quan 2 ,10.798986343749618,106.72697056646841,45,45,1.0
2025-11-22 12:56:49,Cau Phu My,Q2,10.741860769464234,106.73790365482627,45,45,1.0
2025-11-22 12:56:51,Cau Kenh Te,Q4,10.752408891679814,106.7022703818112,22,34,1.0
2025-11-22 12:56:54,Cau Thu Thiem,Quan 2,10.786216596454727,106.71836665482695,40,40,1.0
2025-11-22 12:56:55,Nguyen Huu Canh,Binh Thanh,10.78948793356203,106.71518838181179,28,35,1.0
2025-11-22 12:56:56,Cong Hoa,Tan Binh,10.80223925742187,106.6478722259914,29,41,1.0
2025-11-22 12:57:03,Truong Son / Tan Son Nhat Blvd,Gan san bay,10.813928881466124,106.66511432455972,22,34,1.0
2025-11-22 12:57:06,Nguyen Trai,Quan 5,10.755608615763382,106.67347943578082,18,27,0.997894
2025-11-22 12:57:06,Le Duan,Quan 1,10.782680856341083,106.70051548181169,17,29,1.0
2025-11-22 12:57:07,Tran Hung Dao ,Quan 5,10.754895139302109,106.67839188181134,19,33,1.0
2025-11-22 12:57:15,Tran Quoc Thao,Quan 3,10.785070445194592,106.68331340921323,14,28,1.0
2025-11-22 12:57:17,Tran Hung Dao,Quan 5,10.7549373008113,106.67848844133415,18,33,1.0
2025-11-22 12:57:18,Cach Mang Thang 8 (CMT8),Quan 3,10.77898143649726,106.67684447140958,21,34,1.0
2025-11-22 12:57:19,Pham Ngu Lao / Bui Vien,Quan 1,10.767112828386699,106.6927618222887,9,19,1.0
2025-11-22 12:57:27,Nguyen Thi Minh Khai,Quan 3,10.77847212665258,106.69389510879643,28,41,1.0
2025-11-22 12:57:29,Nguyen Van Troi,Phu Nhuan,10.796057790235078,106.67492629345334,23,34,1.0
2025-11-22 12:57:30,Pham Van Dong,Go Vap,10.835298215641501,106.72935479345391,36,42,0.997119
2025-11-22 12:57:31,Cong truong lam son,Quan 1,10.777562007197462,106.7041335430398,18,30,1.0
2025-11-22 12:57:39,Nguyen Oanh ,Go Vap,10.83886351241477,106.67566625482782,26,35,1.0
2025-11-22 12:57:40,Le Hong Phong,Quan 10,10.765187049751795,106.67550552599073,25,36,1.0
2025-11-22 12:57:52,Nguyen Van Cu,Quan 5,10.759484371982321,106.6840537511244,19,28,1.0
2025-11-22 12:57:52,Nga tu Binh Phuoc,Ngoai o,10.865229381280965,106.72366973948475,36,49,1.0
2025-11-22 12:57:53,Phu My Hung ,Quan 7,10.72279213640514,106.72808623948244,26,37,0.997468
2025-11-22 12:57:54,Nguyen Thai Son,Phu Nhuan,10.823400120373712,106.68551227436063,24,32,1.0
2025-11-22 12:57:55,An Duong Vuong,Quan 8,10.756158554057757,106.66631758181126,23,29,1.0
2025-11-22 12:58:07,Huynh Tan Phat,Nha Be,10.7144382088356,106.73711688366167,25,35,1.0
2025-11-22 12:58:19,Truong Chinh,Tan Binh ,10.817236653231737,106.63191539530457,21,34,1.0
2025-11-22 13:00:31,Cho Ben Thanh,Quan 1,10.772727584493625,106.69804225297563,14,24,1.0
2025-11-22 13:00:32,Duong Nguyen Hue,Quan 1,10.774028664434528,106.70357076461706,29,29,1.0
2025-11-22 13:00:33,Nguyen Van Linh,Quan 7,10.752616652291238,106.72509685338922,39,39,1.0
2025-11-22 13:00:34,Vo Van Kiet,Quan 5,10.745754766198267,106.65326266831877,42,42,1.0
2025-11-22 13:00:34,Xa lo Ha Noi,QL1A,10.94927106740351,106.87196348224562,42,42,1.0
2025-11-22 13:00:35,Duong Dien Bien Phu,Quan 1,10.78866360854368,106.69551372228901,32,42,1.0
2025-11-22 13:00:43,Nga tu Hang Xanh,Binh Thanh,10.801406421807085,106.71148440879679,32,42,1.0
2025-11-22 13:00:44,Nga tu An Suong,Hoc Mon,10.843150534972033,106.6151343241409,21,35,1.0
2025-11-22 13:00:44,Ben xe Mien Dong,Quan 9,10.880537767027526,106.81481342866444,43,53,1.0
2025-11-22 13:00:45,Ben xe Mien Tay,Binh Tan,10.740840166521663,106.61899246873142,26,35,1.0
2025-11-22 13:00:46,Cau Sai Gon,Quan 2 ,10.798986343749618,106.72697056646841,45,45,1.0
2025-11-22 13:00:47,Cau Phu My,Q2,10.741860769464234,106.73790365482627,45,45,1.0
2025-11-22 13:00:55,Cau Kenh Te,Q4,10.752408891679814,106.7022703818112,22,33,1.0
2025-11-22 13:00:58,Cau Thu Thiem,Quan 2,10.786216596454727,106.71836665482695,40,40,1.0
2025-11-22 13:00:59,Nguyen Huu Canh,Binh Thanh,10.78948793356203,106.71518838181179,29,36,1.0
2025-11-22 13:01:07,Cong Hoa,Tan Binh,10.80223925742187,106.6478722259914,28,41,1.0
2025-11-22 13:01:07,Truong Son / Tan Son Nhat Blvd,Gan san bay,10.813928881466124,106.66511432455972,21,33,1.0
2025-11-22 13:01:08,Nguyen Trai,Quan 5,10.755608615763382,106.67347943578082,18,28,1.0
2025-11-22 13:01:09,Le Duan,Quan 1,10.782680856341083,106.70051548181169,18,30,1.0
2025-11-22 13:01:10,Tran Hung Dao ,Quan 5,10.754895139302109,106.67839188181134,20,32,1.0
2025-11-22 13:01:11,Tran Quoc Thao,Quan 3,10.785070445194592,106.68331340921323,14,27,1.0
2025-11-22 13:01:19,Tran Hung Dao,Quan 5,10.7549373008113,106.67848844133415,20,32,1.0
2025-11-22 13:01:20,Cach Mang Thang 8 (CMT8),Quan 3,10.77898143649726,106.67684447140958,21,34,1.0
2025-11-22 13:01:20,Pham Ngu Lao / Bui Vien,Quan 1,10.767112828386699,106.6927618222887,7,21,1.0
2025-11-22 13:01:21,Nguyen Thi Minh Khai,Quan 3,10.77847212665258,106.69389510879643,29,41,1.0
2025-11-22 13:01:22,Nguyen Van Troi,Phu Nhuan,10.796057790235078,106.67492629345334,21,33,1.0
2025-11-22 13:01:23,Pham Van Dong,Go Vap,10.835298215641501,106.72935479345391,34,42,0.997469
2025-11-22 13:01:31,Cong truong lam son,Quan 1,10.777562007197462,106.7041335430398,18,30,1.0
2025-11-22 13:01:31,Nguyen Oanh ,Go Vap,10.83886351241477,106.67566625482782,27,36,1.0
2025-11-22 13:01:32,Le Hong Phong,Quan 10,10.765187049751795,106.67550552599073,26,35,1.0
2025-11-22 13:01:33,Nguyen Van Cu,Quan 5,10.759484371982321,106.6840537511244,19,27,1.0
2025-11-22 13:01:34,Nga tu Binh Phuoc,Ngoai o,10.865229381280965,106.72366973948475,35,49,1.0
2025-11-22 13:01:35,Phu My Hung ,Quan 7,10.72279213640514,106.72808623948244,26,37,0.997441
2025-11-22 13:01:42,Nguyen Thai Son,Phu Nhuan,10.823400120373712,106.68551227436063,25,32,1.0
2025-11-22 13:01:43,An Duong Vuong,Quan 8,10.756158554057757,106.66631758181126,21,29,1.0
2025-11-22 13:01:44,Huynh Tan Phat,Nha Be,10.7144382088356,106.73711688366167,25,35,1.0
2025-11-22 13:01:45,Truong Chinh,Tan Binh ,10.817236653231737,106.63191539530457,22,35,1.0
2025-11-22 13:03:57,Cho Ben Thanh,Quan 1,10.772727584493625,106.69804225297563,16,24,0.998765
2025-11-22 13:03:58,Duong Nguyen Hue,Quan 1,10.774028664434528,106.70357076461706,29,29,1.0
2025-11-22 13:03:59,Nguyen Van Linh,Quan 7,10.752616652291238,106.72509685338922,39,39,1.0
2025-11-22 13:04:00,Vo Van Kiet,Quan 5,10.745754766198267,106.65326266831877,36,43,1.0
2025-11-22 13:04:01,Xa lo Ha Noi,QL1A,10.94927106740351,106.87196348224562,32,42,1.0
2025-11-22 13:04:01,Duong Dien Bien Phu,Quan 1,10.78866360854368,106.69551372228901,30,41,1.0
2025-11-22 13:04:02,Nga tu Hang Xanh,Binh Thanh,10.801406421807085,106.71148440879679,30,41,1.0
2025-11-22 13:04:14,Nga tu An Suong,Hoc Mon,10.843150534972033,106.6151343241409,23,35,1.0
2025-11-22 13:04:26,Ben xe Mien Dong,Quan 9,10.880537767027526,106.81481342866444,43,54,1.0
2025-11-22 13:04:27,Ben xe Mien Tay,Binh Tan,10.740840166521663,106.61899246873142,26,36,1.0
2025-11-22 13:04:28,Cau Sai Gon,Quan 2 ,10.798986343749618,106.72697056646841,45,45,1.0
2025-11-22 13:04:29,Cau Phu My,Q2,10.741860769464234,106.73790365482627,45,45,1.0
2025-11-22 13:04:29,Cau Kenh Te,Q4,10.752408891679814,106.7022703818112,21,34,1.0
2025-11-22 13:04:30,Cau Thu Thiem,Quan 2,10.786216596454727,106.71836665482695,40,40,1.0
2025-11-22 13:04:31,Nguyen Huu Canh,Binh Thanh,10.78948793356203,106.71518838181179,36,36,1.0
2025-11-22 13:04:32,Cong Hoa,Tan Binh,10.80223925742187,106.6478722259914,27,41,1.0
2025-11-22 13:04:33,Truong Son / Tan Son Nhat Blvd,Gan san bay,10.813928881466124,106.66511432455972,22,33,1.0
2025-11-22 13:04:40,Nguyen Trai,Quan 5,10.755608615763382,106.67347943578082,20,27,1.0
2025-11-22 13:04:41,Le Duan,Quan 1,10.782680856341083,106.70051548181169,19,30,1.0
2025-11-22 13:04:41,Tran Hung Dao ,Quan 5,10.754895139302109,106.67839188181134,22,32,1.0
2025-11-22 13:04:42,Tran Quoc Thao,Quan 3,10.785070445194592,106.68331340921323,14,27,1.0
2025-11-22 13:04:52,Tran Hung Dao,Quan 5,10.7549373008113,106.67848844133415,22,32,1.0
2025-11-22 13:04:53,Cach Mang Thang 8 (CMT8),Quan 3,10.77898143649726,106.67684447140958,20,34,1.0
2025-11-22 13:04:53,Pham Ngu Lao / Bui Vien,Quan 1,10.767112828386699,106.6927618222887,6,20,1.0
2025-11-22 13:04:54,Nguyen Thi Minh Khai,Quan 3,10.77847212665258,106.69389510879643,29,41,1.0
2025-11-22 13:04:55,Nguyen Van Troi,Phu Nhuan,10.796057790235078,106.67492629345334,22,33,1.0
2025-11-22 13:04:56,Pham Van Dong,Go Vap,10.835298215641501,106.72935479345391,35,42,0.996951
2025-11-22 13:05:08,Cong truong lam son,Quan 1,10.777562007197462,106.7041335430398,19,30,1.0
2025-11-22 13:05:20,Nguyen Oanh ,Go Vap,10.83886351241477,106.67566625482782,25,36,1.0
2025-11-22 13:05:21,Le Hong Phong,Quan 10,10.765187049751795,106.67550552599073,24,35,1.0
2025-11-22 13:05:21,Nguyen Van Cu,Quan 5,10.759484371982321,106.6840537511244,21,28,1.0
2025-11-22 13:05:22,Nga tu Binh Phuoc,Ngoai o,10.865229381280965,106.72366973948475,35,49,1.0
2025-11-22 13:05:23,Phu My Hung ,Quan 7,10.72279213640514,106.72808623948244,25,37,0.996974
2025-11-22 13:05:24,Nguyen Thai Son,Phu Nhuan,10.823400120373712,106.68551227436063,20,31,1.0
2025-11-22 13:05:32,An Duong Vuong,Quan 8,10.756158554057757,106.66631758181126,22,29,1.0
2025-11-22 13:05:33,Huynh Tan Phat,Nha Be,10.7144382088356,106.73711688366167,24,35,1.0
2025-11-22 13:05:33,Truong Chinh,Tan Binh ,10.817236653231737,106.63191539530457,23,35,1.0
2025-11-22 13:07:45,Cho Ben Thanh,Quan 1,10.772727584493625,106.69804225297563,14,24,0.998765
2025-11-22 13:07:46,Duong Nguyen Hue,Quan 1,10.774028664434528,106.70357076461706,22,28,1.0
2025-11-22 13:07:47,Nguyen Van Linh,Quan 7,10.752616652291238,106.72509685338922,39,39,1.0
2025-11-22 13:07:48,Vo Van Kiet,Quan 5,10.745754766198267,106.65326266831877,42,42,1.0
2025-11-22 13:07:49,Xa lo Ha Noi,QL1A,10.94927106740351,106.87196348224562,32,41,1.0
2025-11-22 13:07:50,Duong Dien Bien Phu,Quan 1,10.78866360854368,106.69551372228901,31,42,1.0
2025-11-22 13:08:02,Nga tu Hang Xanh,Binh Thanh,10.801406421807085,106.71148440879679,31,42,1.0
2025-11-22 13:08:14,Nga tu An Suong,Hoc Mon,10.843150534972033,106.6151343241409,21,34,1.0
2025-11-22 13:08:25,Ben xe Mien Dong,Quan 9,10.880537767027526,106.81481342866444,43,54,1.0
2025-11-22 13:08:26,Ben xe Mien Tay,Binh Tan,10.740840166521663,106.61899246873142,24,35,1.0
2025-11-22 13:08:27,Cau Sai Gon,Quan 2 ,10.798986343749618,106.72697056646841,45,45,1.0
2025-11-22 13:08:28,Cau Phu My,Q2,10.741860769464234,106.73790365482627,45,45,1.0
2025-11-22 13:08:29,Cau Kenh Te,Q4,10.752408891679814,106.7022703818112,22,33,1.0
2025-11-22 13:08:30,Cau Thu Thiem,Quan 2,10.786216596454727,106.71836665482695,40,40,1.0
2025-11-22 13:08:37,Nguyen Huu Canh,Binh Thanh,10.78948793356203,106.71518838181179,27,35,1.0
2025-11-22 13:08:49,Cong Hoa,Tan Binh,10.80223925742187,106.6478722259914,26,41,1.0
2025-11-22 13:08:50,Truong Son / Tan Son Nhat Blvd,Gan san bay,10.813928881466124,106.66511432455972,21,33,1.0
2025-11-22 13:08:51,Nguyen Trai,Quan 5,10.755608615763382,106.67347943578082,19,28,1.0
2025-11-22 13:08:52,Le Duan,Quan 1,10.782680856341083,106.70051548181169,18,30,1.0
2025-11-22 13:08:53,Tran Hung Dao ,Quan 5,10.754895139302109,106.67839188181134,19,32,1.0
2025-11-22 13:08:54,Tran Quoc Thao,Quan 3,10.785070445194592,106.68331340921323,13,28,1.0
2025-11-22 13:09:01,Tran Hung Dao,Quan 5,10.7549373008113,106.67848844133415,19,32,1.0
2025-11-22 13:09:13,Cach Mang Thang 8 (CMT8),Quan 3,10.77898143649726,106.67684447140958,21,34,1.0
2025-11-22 13:09:14,Pham Ngu Lao / Bui Vien,Quan 1,10.767112828386699,106.6927618222887,13,19,1.0
2025-11-22 13:09:15,Nguyen Thi Minh Khai,Quan 3,10.77847212665258,106.69389510879643,28,42,1.0
2025-11-22 13:09:16,Nguyen Van Troi,Phu Nhuan,10.796057790235078,106.67492629345334,20,33,1.0
2025-11-22 13:09:16,Pham Van Dong,Go Vap,10.835298215641501,106.72935479345391,34,42,0.996381
2025-11-22 13:09:17,Cong truong lam son,Quan 1,10.777562007197462,106.7041335430398,20,30,1.0
2025-11-22 13:09:25,Nguyen Oanh ,Go Vap,10.83886351241477,106.67566625482782,26,36,1.0
2025-11-22 13:09:27,Le Hong Phong,Quan 10,10.765187049751795,106.67550552599073,26,35,1.0
2025-11-22 13:09:28,Nguyen Van Cu,Quan 5,10.759484371982321,106.6840537511244,18,28,0.997894
2025-11-22 13:09:29,Nga tu Binh Phuoc,Ngoai o,10.865229381280965,106.72366973948475,36,49,1.0
2025-11-22 13:09:37,Phu My Hung ,Quan 7,10.72279213640514,106.72808623948244,25,37,0.996995
2025-11-22 13:09:49,Nguyen Thai Son,Phu Nhuan,10.823400120373712,106.68551227436063,22,31,1.0
2025-11-22 13:09:50,An Duong Vuong,Quan 8,10.756158554057757,106.66631758181126,21,30,1.0
2025-11-22 13:09:51,Huynh Tan Phat,Nha Be,10.7144382088356,106.73711688366167,25,35,1.0
2025-11-22 13:09:52,Truong Chinh,Tan Binh ,10.817236653231737,106.63191539530457,21,35,1.0
2025-11-22 13:12:04,Cho Ben Thanh,Quan 1,10.772727584493625,106.69804225297563,16,24,0.99753
2025-11-22 13:12:04,Duong Nguyen Hue,Quan 1,10.774028664434528,106.70357076461706,20,28,1.0
2025-11-22 13:12:05,Nguyen Van Linh,Quan 7,10.752616652291238,106.72509685338922,39,39,1.0
2025-11-22 13:12:06,Vo Van Kiet,Quan 5,10.745754766198267,106.65326266831877,36,42,1.0
2025-11-22 13:12:07,Xa lo Ha Noi,QL1A,10.94927106740351,106.87196348224562,42,42,1.0
2025-11-22 13:12:08,Duong Dien Bien Phu,Quan 1,10.78866360854368,106.69551372228901,31,42,1.0
2025-11-22 13:12:15,Nga tu Hang Xanh,Binh Thanh,10.801406421807085,106.71148440879679,31,42,1.0
2025-11-22 13:12:27,Nga tu An Suong,Hoc Mon,10.843150534972033,106.6151343241409,23,35,1.0
2025-11-22 13:12:28,Ben xe Mien Dong,Quan 9,10.880537767027526,106.81481342866444,40,52,1.0
2025-11-22 13:12:29,Ben xe Mien Tay,Binh Tan,10.740840166521663,106.61899246873142,25,35,1.0
2025-11-22 13:12:30,Cau Sai Gon,Quan 2 ,10.798986343749618,106.72697056646841,45,45,1.0
2025-11-22 13:12:31,Cau Phu My,Q2,10.741860769464234,106.73790365482627,45,45,1.0
2025-11-22 13:12:32,Cau Kenh Te,Q4,10.752408891679814,106.7022703818112,22,34,1.0
2025-11-22 13:12:39,Cau Thu Thiem,Quan 2,10.786216596454727,106.71836665482695,40,40,1.0
2025-11-22 13:12:40,Nguyen Huu Canh,Binh Thanh,10.78948793356203,106.71518838181179,36,36,1.0
2025-11-22 13:12:41,Cong Hoa,Tan Binh,10.80223925742187,106.6478722259914,28,40,1.0
2025-11-22 13:12:42,Truong Son / Tan Son Nhat Blvd,Gan san bay,10.813928881466124,106.66511432455972,22,34,1.0
2025-11-22 13:12:43,Nguyen Trai,Quan 5,10.755608615763382,106.67347943578082,19,27,0.997878
2025-11-22 13:12:44,Le Duan,Quan 1,10.782680856341083,106.70051548181169,18,30,1.0
2025-11-22 13:12:51,Tran Hung Dao ,Quan 5,10.754895139302109,106.67839188181134,21,33,1.0
2025-11-22 13:12:52,Tran Quoc Thao,Quan 3,10.785070445194592,106.68331340921323,14,28,1.0
2025-11-22 13:12:53,Tran Hung Dao,Quan 5,10.7549373008113,106.67848844133415,21,33,1.0
2025-11-22 13:12:54,Cach Mang Thang 8 (CMT8),Quan 3,10.77898143649726,106.67684447140958,20,35,1.0
2025-11-22 13:12:55,Pham Ngu Lao / Bui Vien,Quan 1,10.767112828386699,106.6927618222887,20,20,1.0
2025-11-22 13:12:56,Nguyen Thi Minh Khai,Quan 3,10.77847212665258,106.69389510879643,28,42,1.0
2025-11-22 13:13:03,Nguyen Van Troi,Phu Nhuan,10.796057790235078,106.67492629345334,20,33,0.999713
2025-11-22 13:13:04,Pham Van Dong,Go Vap,10.835298215641501,106.72935479345391,33,42,0.995853
2025-11-22 13:13:05,Cong truong lam son,Quan 1,10.777562007197462,106.7041335430398,18,30,1.0
2025-11-22 13:13:06,Nguyen Oanh ,Go Vap,10.83886351241477,106.67566625482782,28,36,1.0
2025-11-22 13:13:07,Le Hong Phong,Quan 10,10.765187049751795,106.67550552599073,24,36,1.0
2025-11-22 13:13:08,Nguyen Van Cu,Quan 5,10.759484371982321,106.6840537511244,17,27,0.997886
2025-11-22 13:13:15,Nga tu Binh Phuoc,Ngoai o,10.865229381280965,106.72366973948475,36,49,1.0
2025-11-22 13:13:16,Phu My Hung ,Quan 7,10.72279213640514,106.72808623948244,27,37,0.996436
2025-11-22 13:13:17,Nguyen Thai Son,Phu Nhuan,10.823400120373712,106.68551227436063,23,32,1.0
2025-11-22 13:13:18,An Duong Vuong,Quan 8,10.756158554057757,106.66631758181126,21,30,1.0
2025-11-22 13:13:19,Huynh Tan Phat,Nha Be,10.7144382088356,106.73711688366167,25,35,1.0
2025-11-22 13:13:20,Truong Chinh,Tan Binh ,10.817236653231737,106.63191539530457,23,35,1.0
2025-11-22 13:15:31,Cho Ben Thanh,Quan 1,10.772727584493625,106.69804225297563,16,24,0.99753
2025-11-22 13:15:32,Duong Nguyen Hue,Quan 1,10.774028664434528,106.70357076461706,29,29,1.0
2025-11-22 13:15:33,Nguyen Van Linh,Quan 7,10.752616652291238,106.72509685338922,39,39,1.0
2025-11-22 13:15:34,Vo Van Kiet,Quan 5,10.745754766198267,106.65326266831877,42,42,1.0
2025-11-22 13:15:35,Xa lo Ha Noi,QL1A,10.94927106740351,106.87196348224562,31,41,1.0
2025-11-22 13:15:36,Duong Dien Bien Phu,Quan 1,10.78866360854368,106.69551372228901,32,41,1.0
2025-11-22 13:15:43,Nga tu Hang Xanh,Binh Thanh,10.801406421807085,106.71148440879679,32,41,1.0
2025-11-22 13:15:55,Nga tu An Suong,Hoc Mon,10.843150534972033,106.6151343241409,22,35,1.0
2025-11-22 13:15:56,Ben xe Mien Dong,Quan 9,10.880537767027526,106.81481342866444,39,53,1.0
2025-11-22 13:15:57,Ben xe Mien Tay,Binh Tan,10.740840166521663,106.61899246873142,26,35,1.0
2025-11-22 13:15:58,Cau Sai Gon,Quan 2 ,10.798986343749618,106.72697056646841,45,45,1.0
2025-11-22 13:15:59,Cau Phu My,Q2,10.741860769464234,106.73790365482627,45,45,1.0
2025-11-22 13:16:00,Cau Kenh Te,Q4,10.752408891679814,106.7022703818112,25,34,1.0
2025-11-22 13:16:07,Cau Thu Thiem,Quan 2,10.786216596454727,106.71836665482695,40,40,1.0
2025-11-22 13:16:19,Nguyen Huu Canh,Binh Thanh,10.78948793356203,106.71518838181179,36,36,1.0
2025-11-22 13:16:20,Cong Hoa,Tan Binh,10.80223925742187,106.6478722259914,41,41,1.0
2025-11-22 13:16:21,Truong Son / Tan Son Nhat Blvd,Gan san bay,10.813928881466124,106.66511432455972,20,33,1.0
2025-11-22 13:16:22,Nguyen Trai,Quan 5,10.755608615763382,106.67347943578082,20,28,1.0
2025-11-22 13:16:22,Le Duan,Quan 1,10.782680856341083,106.70051548181169,17,30,1.0
2025-11-22 13:16:23,Tran Hung Dao ,Quan 5,10.754895139302109,106.67839188181134,22,33,1.0
2025-11-22 13:16:31,Tran Quoc Thao,Quan 3,10.785070445194592,106.68331340921323,14,28,1.0
2025-11-22 13:16:43,Tran Hung Dao,Quan 5,10.7549373008113,106.67848844133415,22,33,1.0
2025-11-22 13:16:44,Cach Mang Thang 8 (CMT8),Quan 3,10.77898143649726,106.67684447140958,20,34,1.0
2025-11-22 13:16:45,Pham Ngu Lao / Bui Vien,Quan 1,10.767112828386699,106.6927618222887,20,20,1.0
2025-11-22 13:16:46,Nguyen Thi Minh Khai,Quan 3,10.77847212665258,106.69389510879643,29,41,1.0
2025-11-22 13:16:46,Nguyen Van Troi,Phu Nhuan,10.796057790235078,106.67492629345334,20,33,1.0
2025-11-22 13:16:47,Pham Van Dong,Go Vap,10.835298215641501,106.72935479345391,36,42,0.997293
2025-11-22 13:16:55,Cong truong lam son,Quan 1,10.777562007197462,106.7041335430398,17,30,1.0
2025-11-22 13:17:07,Nguyen Oanh ,Go Vap,10.83886351241477,106.67566625482782,29,36,1.0
2025-11-22 13:17:19,Le Hong Phong,Quan 10,10.765187049751795,106.67550552599073,22,36,1.0
2025-11-22 13:17:20,Nguyen Van Cu,Quan 5,10.759484371982321,106.6840537511244,19,27,1.0
2025-11-22 13:17:21,Nga tu Binh Phuoc,Ngoai o,10.865229381280965,106.72366973948475,36,49,1.0
2025-11-22 13:17:21,Phu My Hung ,Quan 7,10.72279213640514,106.72808623948244,27,37,0.996436
2025-11-22 13:17:22,Nguyen Thai Son,Phu Nhuan,10.823400120373712,106.68551227436063,24,32,1.0
2025-11-22 13:17:23,An Duong Vuong,Quan 8,10.756158554057757,106.66631758181126,21,29,1.0
2025-11-22 13:17:31,Huynh Tan Phat,Nha Be,10.7144382088356,106.73711688366167,26,35,1.0
2025-11-22 13:17:43,Truong Chinh,Tan Binh ,10.817236653231737,106.63191539530457,21,35,1.0
2025-11-22 13:19:55,Cho Ben Thanh,Quan 1,10.772727584493625,106.69804225297563,15,24,0.998765
2025-11-22 13:19:55,Duong Nguyen Hue,Quan 1,10.774028664434528,106.70357076461706,29,29,1.0
2025-11-22 13:19:56,Nguyen Van Linh,Quan 7,10.752616652291238,106.72509685338922,39,39,1.0
2025-11-22 13:19:57,Vo Van Kiet,Quan 5,10.745754766198267,106.65326266831877,42,42,1.0
2025-11-22 13:19:58,Xa lo Ha Noi,QL1A,10.94927106740351,106.87196348224562,30,42,1.0
2025-11-22 13:19:59,Duong Dien Bien Phu,Quan 1,10.78866360854368,106.69551372228901,34,42,1.0
2025-11-22 13:20:11,Nga tu Hang Xanh,Binh Thanh,10.801406421807085,106.71148440879679,34,42,1.0
2025-11-22 13:20:23,Nga tu An Suong,Hoc Mon,10.843150534972033,106.6151343241409,21,35,1.0
2025-11-22 13:20:23,Ben xe Mien Dong,Quan 9,10.880537767027526,106.81481342866444,44,54,1.0
2025-11-22 13:20:24,Ben xe Mien Tay,Binh Tan,10.740840166521663,106.61899246873142,27,35,1.0
2025-11-22 13:20:25,Cau Sai Gon,Quan 2 ,10.798986343749618,106.72697056646841,45,45,1.0
2025-11-22 13:20:26,Cau Phu My,Q2,10.741860769464234,106.73790365482627,45,45,1.0
2025-11-22 13:20:27,Cau Kenh Te,Q4,10.752408891679814,106.7022703818112,24,34,1.0
2025-11-22 13:20:39,Cau Thu Thiem,Quan 2,10.786216596454727,106.71836665482695,40,40,1.0
2025-11-22 13:20:51,Nguyen Huu Canh,Binh Thanh,10.78948793356203,106.71518838181179,36,36,1.0
2025-11-22 13:21:03,Cong Hoa,Tan Binh,10.80223925742187,106.6478722259914,28,40,1.0
2025-11-22 13:21:15,Truong Son / Tan Son Nhat Blvd,Gan san bay,10.813928881466124,106.66511432455972,23,34,1.0
2025-11-22 13:21:15,Nguyen Trai,Quan 5,10.755608615763382,106.67347943578082,19,28,0.998951
2025-11-22 13:21:16,Le Duan,Quan 1,10.782680856341083,106.70051548181169,19,30,1.0
2025-11-22 13:21:17,Tran Hung Dao ,Quan 5,10.754895139302109,106.67839188181134,21,33,1.0
2025-11-22 13:21:18,Tran Quoc Thao,Quan 3,10.785070445194592,106.68331340921323,12,27,1.0
2025-11-22 13:21:19,Tran Hung Dao,Quan 5,10.7549373008113,106.67848844133415,21,33,1.0
2025-11-22 13:21:26,Cach Mang Thang 8 (CMT8),Quan 3,10.77898143649726,106.67684447140958,22,34,1.0
2025-11-22 13:21:38,Pham Ngu Lao / Bui Vien,Quan 1,10.767112828386699,106.6927618222887,9,19,1.0
2025-11-22 13:21:50,Nguyen Thi Minh Khai,Quan 3,10.77847212665258,106.69389510879643,28,41,1.0
2025-11-22 13:22:02,Nguyen Van Troi,Phu Nhuan,10.796057790235078,106.67492629345334,23,34,1.0
2025-11-22 13:22:03,Pham Van Dong,Go Vap,10.835298215641501,106.72935479345391,34,42,0.998559
2025-11-22 13:22:04,Cong truong lam son,Quan 1,10.777562007197462,106.7041335430398,18,30,1.0
2025-11-22 13:22:05,Nguyen Oanh ,Go Vap,10.83886351241477,106.67566625482782,27,36,1.0
2025-11-22 13:22:06,Le Hong Phong,Quan 10,10.765187049751795,106.67550552599073,20,36,1.0
2025-11-22 13:22:18,Nguyen Van Cu,Quan 5,10.759484371982321,106.6840537511244,18,28,1.0
2025-11-22 13:22:30,Nga tu Binh Phuoc,Ngoai o,10.865229381280965,106.72366973948475,36,49,1.0
2025-11-22 13:22:30,Phu My Hung ,Quan 7,10.72279213640514,106.72808623948244,26,37,0.990082
2025-11-22 13:22:31,Nguyen Thai Son,Phu Nhuan,10.823400120373712,106.68551227436063,23,32,1.0
2025-11-22 13:22:32,An Duong Vuong,Quan 8,10.756158554057757,106.66631758181126,20,29,1.0
2025-11-22 13:22:33,Huynh Tan Phat,Nha Be,10.7144382088356,106.73711688366167,27,35,1.0
2025-11-22 13:22:34,Truong Chinh,Tan Binh ,10.817236653231737,106.63191539530457,22,35,1.0
2025-11-22 13:24:46,Cho Ben Thanh,Quan 1,10.772727584493625,106.69804225297563,16,24,0.998765
2025-11-22 13:24:47,Duong Nguyen Hue,Quan 1,10.774028664434528,106.70357076461706,18,27,1.0
2025-11-22 13:24:47,Nguyen Van Linh,Quan 7,10.752616652291238,106.72509685338922,39,39,1.0
2025-11-22 13:24:48,Vo Van Kiet,Quan 5,10.745754766198267,106.65326266831877,42,42,1.0
2025-11-22 13:24:49,Xa lo Ha Noi,QL1A,10.94927106740351,106.87196348224562,33,41,1.0
2025-11-22 13:24:50,Duong Dien Bien Phu,Quan 1,10.78866360854368,106.69551372228901,33,42,1.0
2025-11-22 13:24:51,Nga tu Hang Xanh,Binh Thanh,10.801406421807085,106.71148440879679,33,42,1.0
2025-11-22 13:24:52,Nga tu An Suong,Hoc Mon,10.843150534972033,106.6151343241409,22,35,1.0
2025-11-22 13:24:53,Ben xe Mien Dong,Quan 9,10.880537767027526,106.81481342866444,42,53,1.0
2025-11-22 13:25:04,Ben xe Mien Tay,Binh Tan,10.740840166521663,106.61899246873142,27,35,1.0
2025-11-22 13:25:05,Cau Sai Gon,Quan 2 ,10.798986343749618,106.72697056646841,45,45,1.0
2025-11-22 13:25:06,Cau Phu My,Q2,10.741860769464234,106.73790365482627,45,45,1.0
2025-11-22 13:25:07,Cau Kenh Te,Q4,10.752408891679814,106.7022703818112,23,33,1.0
2025-11-22 13:25:08,Cau Thu Thiem,Quan 2,10.786216596454727,106.71836665482695,40,40,1.0
2025-11-22 13:25:09,Nguyen Huu Canh,Binh Thanh,10.78948793356203,106.71518838181179,36,36,1.0
2025-11-22 13:25:10,Cong Hoa,Tan Binh,10.80223925742187,106.6478722259914,29,40,1.0
2025-11-22 13:25:11,Truong Son / Tan Son Nhat Blvd,Gan san bay,10.813928881466124,106.66511432455972,23,33,1.0
2025-11-22 13:25:11,Nguyen Trai,Quan 5,10.755608615763382,106.67347943578082,20,27,1.0
2025-11-22 13:25:18,Le Duan,Quan 1,10.782680856341083,106.70051548181169,18,30,1.0
2025-11-22 13:25:30,Tran Hung Dao ,Quan 5,10.754895139302109,106.67839188181134,22,33,1.0
2025-11-22 13:25:31,Tran Quoc Thao,Quan 3,10.785070445194592,106.68331340921323,14,27,1.0
2025-11-22 13:25:32,Tran Hung Dao,Quan 5,10.7549373008113,106.67848844133415,22,33,1.0
2025-11-22 13:25:32,Cach Mang Thang 8 (CMT8),Quan 3,10.77898143649726,106.67684447140958,22,35,1.0
2025-11-22 13:25:33,Pham Ngu Lao / Bui Vien,Quan 1,10.767112828386699,106.6927618222887,11,20,1.0
2025-11-22 13:25:34,Nguyen Thi Minh Khai,Quan 3,10.77847212665258,106.69389510879643,29,42,1.0
2025-11-22 13:25:46,Nguyen Van Troi,Phu Nhuan,10.796057790235078,106.67492629345334,23,34,1.0
2025-11-22 13:25:47,Pham Van Dong,Go Vap,10.835298215641501,106.72935479345391,33,42,0.998389
2025-11-22 13:25:48,Cong truong lam son,Quan 1,10.777562007197462,106.7041335430398,18,30,1.0
2025-11-22 13:25:49,Nguyen Oanh ,Go Vap,10.83886351241477,106.67566625482782,24,36,1.0
2025-11-22 13:25:50,Le Hong Phong,Quan 10,10.765187049751795,106.67550552599073,25,36,1.0
2025-11-22 13:25:51,Nguyen Van Cu,Quan 5,10.759484371982321,106.6840537511244,18,28,1.0
2025-11-22 13:26:02,Nga tu Binh Phuoc,Ngoai o,10.865229381280965,106.72366973948475,36,49,1.0
2025-11-22 13:26:14,Phu My Hung ,Quan 7,10.72279213640514,106.72808623948244,26,37,0.991619
2025-11-22 13:26:15,Nguyen Thai Son,Phu Nhuan,10.823400120373712,106.68551227436063,25,31,1.0
2025-11-22 13:26:16,An Duong Vuong,Quan 8,10.756158554057757,106.66631758181126,23,29,1.0
2025-11-22 13:26:17,Huynh Tan Phat,Nha Be,10.7144382088356,106.73711688366167,26,35,1.0
2025-11-22 13:26:18,Truong Chinh,Tan Binh ,10.817236653231737,106.63191539530457,21,35,1.0
2025-11-22 13:28:30,Cho Ben Thanh,Quan 1,10.772727584493625,106.69804225297563,13,24,0.998765
2025-11-22 13:28:31,Duong Nguyen Hue,Quan 1,10.774028664434528,106.70357076461706,16,28,1.0
2025-11-22 13:28:31,Nguyen Van Linh,Quan 7,10.752616652291238,106.72509685338922,39,39,1.0
2025-11-22 13:28:32,Vo Van Kiet,Quan 5,10.745754766198267,106.65326266831877,42,42,1.0
2025-11-22 13:28:33,Xa lo Ha Noi,QL1A,10.94927106740351,106.87196348224562,34,42,1.0
2025-11-22 13:28:34,Duong Dien Bien Phu,Quan 1,10.78866360854368,106.69551372228901,33,42,1.0
2025-11-22 13:28:46,Nga tu Hang Xanh,Binh Thanh,10.801406421807085,106.71148440879679,33,42,1.0
2025-11-22 13:28:47,Nga tu An Suong,Hoc Mon,10.843150534972033,106.6151343241409,21,35,1.0
2025-11-22 13:28:48,Ben xe Mien Dong,Quan 9,10.880537767027526,106.81481342866444,43,53,1.0
2025-11-22 13:28:49,Ben xe Mien Tay,Binh Tan,10.740840166521663,106.61899246873142,26,35,1.0
2025-11-22 13:28:49,Cau Sai Gon,Quan 2 ,10.798986343749618,106.72697056646841,45,45,1.0
2025-11-22 13:28:50,Cau Phu My,Q2,10.741860769464234,106.73790365482627,45,45,1.0
2025-11-22 13:28:58,Cau Kenh Te,Q4,10.752408891679814,106.7022703818112,24,33,1.0
2025-11-22 13:29:10,Cau Thu Thiem,Quan 2,10.786216596454727,106.71836665482695,40,40,1.0
2025-11-22 13:29:11,Nguyen Huu Canh,Binh Thanh,10.78948793356203,106.71518838181179,36,36,1.0
2025-11-22 13:29:12,Cong Hoa,Tan Binh,10.80223925742187,106.6478722259914,27,41,1.0
2025-11-22 13:29:12,Truong Son / Tan Son Nhat Blvd,Gan san bay,10.813928881466124,106.66511432455972,22,33,1.0
2025-11-22 13:29:13,Nguyen Trai,Quan 5,10.755608615763382,106.67347943578082,17,28,0.998943
2025-11-22 13:29:14,Le Duan,Quan 1,10.782680856341083,106.70051548181169,17,30,1.0
2025-11-22 13:29:22,Tran Hung Dao ,Quan 5,10.754895139302109,106.67839188181134,20,32,1.0
2025-11-22 13:29:23,Tran Quoc Thao,Quan 3,10.785070445194592,106.68331340921323,12,28,1.0
2025-11-22 13:29:23,Tran Hung Dao,Quan 5,10.7549373008113,106.67848844133415,20,32,1.0
2025-11-22 13:29:24,Cach Mang Thang 8 (CMT8),Quan 3,10.77898143649726,106.67684447140958,22,34,1.0
2025-11-22 13:29:25,Pham Ngu Lao / Bui Vien,Quan 1,10.767112828386699,106.6927618222887,13,19,1.0
2025-11-22 13:29:26,Nguyen Thi Minh Khai,Quan 3,10.77847212665258,106.69389510879643,28,42,1.0
2025-11-22 13:29:34,Nguyen Van Troi,Phu Nhuan,10.796057790235078,106.67492629345334,22,33,1.0
2025-11-22 13:29:35,Pham Van Dong,Go Vap,10.835298215641501,106.72935479345391,34,42,0.998375
2025-11-22 13:29:35,Cong truong lam son,Quan 1,10.777562007197462,106.7041335430398,17,30,1.0
2025-11-22 13:29:36,Nguyen Oanh ,Go Vap,10.83886351241477,106.67566625482782,26,35,1.0
2025-11-22 13:29:37,Le Hong Phong,Quan 10,10.765187049751795,106.67550552599073,25,35,1.0
2025-11-22 13:29:38,Nguyen Van Cu,Quan 5,10.759484371982321,106.6840537511244,17,28,0.998943
2025-11-22 13:29:39,Nga tu Binh Phuoc,Ngoai o,10.865229381280965,106.72366973948475,35,49,1.0
2025-11-22 13:29:40,Phu My Hung ,Quan 7,10.72279213640514,106.72808623948244,28,37,0.994201
2025-11-22 13:29:41,Nguyen Thai Son,Phu Nhuan,10.823400120373712,106.68551227436063,25,32,1.0
2025-11-22 13:29:41,An Duong Vuong,Quan 8,10.756158554057757,106.66631758181126,19,29,1.0
2025-11-22 13:29:42,Huynh Tan Phat,Nha Be,10.7144382088356,106.73711688366167,26,35,1.0
2025-11-22 13:29:43,Truong Chinh,Tan Binh ,10.817236653231737,106.63191539530457,22,34,1.0
2025-11-22 13:31:44,Cho Ben Thanh,Quan 1,10.772727584493625,106.69804225297563,16,24,0.998765
2025-11-22 13:31:45,Duong Nguyen Hue,Quan 1,10.774028664434528,106.70357076461706,16,28,1.0
2025-11-22 13:31:57,Nguyen Van Linh,Quan 7,10.752616652291238,106.72509685338922,39,39,1.0
2025-11-22 13:31:58,Vo Van Kiet,Quan 5,10.745754766198267,106.65326266831877,42,42,1.0
2025-11-22 13:31:59,Xa lo Ha Noi,QL1A,10.94927106740351,106.87196348224562,29,42,1.0
2025-11-22 13:32:00,Duong Dien Bien Phu,Quan 1,10.78866360854368,106.69551372228901,33,42,1.0
2025-11-22 13:32:01,Nga tu Hang Xanh,Binh Thanh,10.801406421807085,106.71148440879679,33,42,1.0
2025-11-22 13:32:01,Nga tu An Suong,Hoc Mon,10.843150534972033,106.6151343241409,21,35,1.0
2025-11-22 13:32:02,Ben xe Mien Dong,Quan 9,10.880537767027526,106.81481342866444,44,53,1.0
2025-11-22 13:32:09,Ben xe Mien Tay,Binh Tan,10.740840166521663,106.61899246873142,26,35,1.0
2025-11-22 13:32:10,Cau Sai Gon,Quan 2 ,10.798986343749618,106.72697056646841,45,45,1.0
2025-11-22 13:32:11,Cau Phu My,Q2,10.741860769464234,106.73790365482627,45,45,1.0
2025-11-22 13:32:12,Cau Kenh Te,Q4,10.752408891679814,106.7022703818112,24,34,1.0
2025-11-22 13:32:12,Cau Thu Thiem,Quan 2,10.786216596454727,106.71836665482695,40,40,1.0
2025-11-22 13:32:13,Nguyen Huu Canh,Binh Thanh,10.78948793356203,106.71518838181179,36,36,1.0
2025-11-22 13:32:25,Cong Hoa,Tan Binh,10.80223925742187,106.6478722259914,30,40,1.0
2025-11-22 13:32:37,Truong Son / Tan Son Nhat Blvd,Gan san bay,10.813928881466124,106.66511432455972,23,34,1.0
2025-11-22 13:32:49,Nguyen Trai,Quan 5,10.755608615763382,106.67347943578082,19,27,1.0
2025-11-22 13:33:01,Le Duan,Quan 1,10.782680856341083,106.70051548181169,18,30,1.0
2025-11-22 13:33:02,Tran Hung Dao ,Quan 5,10.754895139302109,106.67839188181134,22,33,1.0
2025-11-22 13:33:03,Tran Quoc Thao,Quan 3,10.785070445194592,106.68331340921323,14,27,1.0
2025-11-22 13:33:03,Tran Hung Dao,Quan 5,10.7549373008113,106.67848844133415,22,33,1.0
2025-11-22 13:33:04,Cach Mang Thang 8 (CMT8),Quan 3,10.77898143649726,106.67684447140958,21,34,1.0
2025-11-22 13:33:05,Pham Ngu Lao / Bui Vien,Quan 1,10.767112828386699,106.6927618222887,12,20,1.0
2025-11-22 13:33:13,Nguyen Thi Minh Khai,Quan 3,10.77847212665258,106.69389510879643,27,41,1.0
2025-11-22 13:33:25,Nguyen Van Troi,Phu Nhuan,10.796057790235078,106.67492629345334,22,33,1.0
2025-11-22 13:33:26,Pham Van Dong,Go Vap,10.835298215641501,106.72935479345391,36,42,0.99838
2025-11-22 13:33:26,Cong truong lam son,Quan 1,10.777562007197462,106.7041335430398,18,30,1.0
2025-11-22 13:33:27,Nguyen Oanh ,Go Vap,10.83886351241477,106.67566625482782,27,36,1.0
2025-11-22 13:33:28,Le Hong Phong,Quan 10,10.765187049751795,106.67550552599073,36,36,1.0
2025-11-22 13:33:29,Nguyen Van Cu,Quan 5,10.759484371982321,106.6840537511244,18,27,1.0
2025-11-22 13:33:37,Nga tu Binh Phuoc,Ngoai o,10.865229381280965,106.72366973948475,34,49,1.0
2025-11-22 13:33:38,Phu My Hung ,Quan 7,10.72279213640514,106.72808623948244,26,36,0.995997
2025-11-22 13:33:49,Nguyen Thai Son,Phu Nhuan,10.823400120373712,106.68551227436063,22,32,1.0
2025-11-22 13:33:49,An Duong Vuong,Quan 8,10.756158554057757,106.66631758181126,20,29,1.0
2025-11-22 13:33:50,Huynh Tan Phat,Nha Be,10.7144382088356,106.73711688366167,25,35,1.0
2025-11-22 13:33:51,Truong Chinh,Tan Binh ,10.817236653231737,106.63191539530457,21,35,1.0
2025-11-22 13:36:03,Cho Ben Thanh,Quan 1,10.772727584493625,106.69804225297563,16,24,0.998765
2025-11-22 13:36:04,Duong Nguyen Hue,Quan 1,10.774028664434528,106.70357076461706,22,29,1.0
2025-11-22 13:36:05,Nguyen Van Linh,Quan 7,10.752616652291238,106.72509685338922,39,39,1.0
2025-11-22 13:36:06,Vo Van Kiet,Quan 5,10.745754766198267,106.65326266831877,42,42,1.0
2025-11-22 13:36:06,Xa lo Ha Noi,QL1A,10.94927106740351,106.87196348224562,26,43,1.0
2025-11-22 13:36:07,Duong Dien Bien Phu,Quan 1,10.78866360854368,106.69551372228901,33,41,1.0
2025-11-22 13:36:08,Nga tu Hang Xanh,Binh Thanh,10.801406421807085,106.71148440879679,33,41,1.0
2025-11-22 13:36:20,Nga tu An Suong,Hoc Mon,10.843150534972033,106.6151343241409,22,35,1.0
2025-11-22 13:36:32,Ben xe Mien Dong,Quan 9,10.880537767027526,106.81481342866444,43,53,1.0
2025-11-22 13:36:44,Ben xe Mien Tay,Binh Tan,10.740840166521663,106.61899246873142,26,35,1.0
2025-11-22 13:36:45,Cau Sai Gon,Quan 2 ,10.798986343749618,106.72697056646841,45,45,1.0
2025-11-22 13:36:46,Cau Phu My,Q2,10.741860769464234,106.73790365482627,45,45,1.0
2025-11-22 13:36:46,Cau Kenh Te,Q4,10.752408891679814,106.7022703818112,22,34,1.0
2025-11-22 13:36:47,Cau Thu Thiem,Quan 2,10.786216596454727,106.71836665482695,40,40,1.0
2025-11-22 13:36:48,Nguyen Huu Canh,Binh Thanh,10.78948793356203,106.71518838181179,36,36,1.0
2025-11-22 13:36:56,Cong Hoa,Tan Binh,10.80223925742187,106.6478722259914,30,41,1.0
2025-11-22 13:36:57,Truong Son / Tan Son Nhat Blvd,Gan san bay,10.813928881466124,106.66511432455972,22,34,0.99972
2025-11-22 13:36:57,Nguyen Trai,Quan 5,10.755608615763382,106.67347943578082,17,27,1.0
2025-11-22 13:36:58,Le Duan,Quan 1,10.782680856341083,106.70051548181169,19,30,1.0
2025-11-22 13:36:59,Tran Hung Dao ,Quan 5,10.754895139302109,106.67839188181134,19,33,1.0
2025-11-22 13:37:00,Tran Quoc Thao,Quan 3,10.785070445194592,106.68331340921323,11,28,1.0
2025-11-22 13:37:08,Tran Hung Dao,Quan 5,10.7549373008113,106.67848844133415,19,33,1.0
2025-11-22 13:37:09,Cach Mang Thang 8 (CMT8),Quan 3,10.77898143649726,106.67684447140958,22,34,1.0
2025-11-22 13:37:10,Pham Ngu Lao / Bui Vien,Quan 1,10.767112828386699,106.6927618222887,10,19,1.0
2025-11-22 13:37:10,Nguyen Thi Minh Khai,Quan 3,10.77847212665258,106.69389510879643,27,42,1.0
2025-11-22 13:37:11,Nguyen Van Troi,Phu Nhuan,10.796057790235078,106.67492629345334,22,34,0.99972
2025-11-22 13:37:12,Pham Van Dong,Go Vap,10.835298215641501,106.72935479345391,34,42,0.998559
2025-11-22 13:37:20,Cong truong lam son,Quan 1,10.777562007197462,106.7041335430398,18,30,1.0
2025-11-22 13:37:21,Nguyen Oanh ,Go Vap,10.83886351241477,106.67566625482782,28,36,1.0
2025-11-22 13:37:21,Le Hong Phong,Quan 10,10.765187049751795,106.67550552599073,27,36,1.0
2025-11-22 13:37:22,Nguyen Van Cu,Quan 5,10.759484371982321,106.6840537511244,18,28,1.0
2025-11-22 13:37:23,Nga tu Binh Phuoc,Ngoai o,10.865229381280965,106.72366973948475,35,49,1.0
2025-11-22 13:37:24,Phu My Hung ,Quan 7,10.72279213640514,106.72808623948244,25,37,0.997414
2025-11-22 13:37:32,Nguyen Thai Son,Phu Nhuan,10.823400120373712,106.68551227436063,25,32,1.0
2025-11-22 13:37:33,An Duong Vuong,Quan 8,10.756158554057757,106.66631758181126,22,29,1.0
2025-11-22 13:37:33,Huynh Tan Phat,Nha Be,10.7144382088356,106.73711688366167,26,35,1.0
2025-11-22 13:37:34,Truong Chinh,Tan Binh ,10.817236653231737,106.63191539530457,22,35,1.0
2025-11-22 13:39:46,Cho Ben Thanh,Quan 1,10.772727584493625,106.69804225297563,14,24,0.998765
2025-11-22 13:39:47,Duong Nguyen Hue,Quan 1,10.774028664434528,106.70357076461706,23,28,1.0
2025-11-22 13:39:48,Nguyen Van Linh,Quan 7,10.752616652291238,106.72509685338922,30,39,1.0
2025-11-22 13:39:49,Vo Van Kiet,Quan 5,10.745754766198267,106.65326266831877,36,43,1.0
2025-11-22 13:39:50,Xa lo Ha Noi,QL1A,10.94927106740351,106.87196348224562,32,41,1.0
2025-11-22 13:39:50,Duong Dien Bien Phu,Quan 1,10.78866360854368,106.69551372228901,33,41,1.0
2025-11-22 13:39:51,Nga tu Hang Xanh,Binh Thanh,10.801406421807085,106.71148440879679,33,41,1.0
2025-11-22 13:39:58,Nga tu An Suong,Hoc Mon,10.843150534972033,106.6151343241409,21,34,1.0
2025-11-22 13:40:10,Ben xe Mien Dong,Quan 9,10.880537767027526,106.81481342866444,43,53,1.0
2025-11-22 13:40:11,Ben xe Mien Tay,Binh Tan,10.740840166521663,106.61899246873142,25,35,1.0
2025-11-22 13:40:12,Cau Sai Gon,Quan 2 ,10.798986343749618,106.72697056646841,45,45,1.0
2025-11-22 13:40:13,Cau Phu My,Q2,10.741860769464234,106.73790365482627,45,45,1.0
2025-11-22 13:40:14,Cau Kenh Te,Q4,10.752408891679814,106.7022703818112,22,34,1.0
2025-11-22 13:40:14,Cau Thu Thiem,Quan 2,10.786216596454727,106.71836665482695,40,40,1.0
2025-11-22 13:40:22,Nguyen Huu Canh,Binh Thanh,10.78948793356203,106.71518838181179,36,36,1.0
2025-11-22 13:40:23,Cong Hoa,Tan Binh,10.80223925742187,106.6478722259914,29,41,1.0
2025-11-22 13:40:24,Truong Son / Tan Son Nhat Blvd,Gan san bay,10.813928881466124,106.66511432455972,25,34,1.0
2025-11-22 13:40:24,Nguyen Trai,Quan 5,10.755608615763382,106.67347943578082,20,28,1.0
2025-11-22 13:40:25,Le Duan,Quan 1,10.782680856341083,106.70051548181169,19,30,1.0
2025-11-22 13:40:34,Tran Hung Dao ,Quan 5,10.754895139302109,106.67839188181134,19,33,1.0
2025-11-22 13:40:35,Tran Quoc Thao,Quan 3,10.785070445194592,106.68331340921323,14,28,1.0
2025-11-22 13:40:36,Tran Hung Dao,Quan 5,10.7549373008113,106.67848844133415,19,33,1.0
2025-11-22 13:40:36,Cach Mang Thang 8 (CMT8),Quan 3,10.77898143649726,106.67684447140958,21,34,1.0
2025-11-22 13:40:37,Pham Ngu Lao / Bui Vien,Quan 1,10.767112828386699,106.6927618222887,8,21,1.0
2025-11-22 13:40:38,Nguyen Thi Minh Khai,Quan 3,10.77847212665258,106.69389510879643,28,41,1.0
2025-11-22 13:40:46,Nguyen Van Troi,Phu Nhuan,10.796057790235078,106.67492629345334,23,34,1.0
2025-11-22 13:40:58,Pham Van Dong,Go Vap,10.835298215641501,106.72935479345391,34,42,0.998733
2025-11-22 13:40:59,Cong truong lam son,Quan 1,10.777562007197462,106.7041335430398,19,30,1.0
2025-11-22 13:41:00,Nguyen Oanh ,Go Vap,10.83886351241477,106.67566625482782,36,36,1.0
2025-11-22 13:41:00,Le Hong Phong,Quan 10,10.765187049751795,106.67550552599073,22,36,1.0
2025-11-22 13:41:01,Nguyen Van Cu,Quan 5,10.759484371982321,106.6840537511244,18,27,1.0
2025-11-22 13:41:02,Nga tu Binh Phuoc,Ngoai o,10.865229381280965,106.72366973948475,35,49,1.0
2025-11-22 13:41:10,Phu My Hung ,Quan 7,10.72279213640514,106.72808623948244,26,37,0.996923
2025-11-22 13:41:11,Nguyen Thai Son,Phu Nhuan,10.823400120373712,106.68551227436063,24,31,1.0
2025-11-22 13:41:12,An Duong Vuong,Quan 8,10.756158554057757,106.66631758181126,30,30,1.0
2025-11-22 13:41:13,Huynh Tan Phat,Nha Be,10.7144382088356,106.73711688366167,25,35,1.0
2025-11-22 13:41:13,Truong Chinh,Tan Binh ,10.817236653231737,106.63191539530457,21,34,1.0
2025-11-22 13:43:25,Cho Ben Thanh,Quan 1,10.772727584493625,106.69804225297563,13,23,0.998765
2025-11-22 13:43:26,Duong Nguyen Hue,Quan 1,10.774028664434528,106.70357076461706,24,28,1.0
2025-11-22 13:43:27,Nguyen Van Linh,Quan 7,10.752616652291238,106.72509685338922,31,42,1.0
2025-11-22 13:43:28,Vo Van Kiet,Quan 5,10.745754766198267,106.65326266831877,35,42,1.0
2025-11-22 13:43:29,Xa lo Ha Noi,QL1A,10.94927106740351,106.87196348224562,31,42,1.0
2025-11-22 13:43:30,Duong Dien Bien Phu,Quan 1,10.78866360854368,106.69551372228901,34,41,1.0
2025-11-22 13:43:30,Nga tu Hang Xanh,Binh Thanh,10.801406421807085,106.71148440879679,34,41,1.0
2025-11-22 13:43:31,Nga tu An Suong,Hoc Mon,10.843150534972033,106.6151343241409,22,35,1.0
2025-11-22 13:43:32,Ben xe Mien Dong,Quan 9,10.880537767027526,106.81481342866444,42,53,1.0
2025-11-22 13:43:33,Ben xe Mien Tay,Binh Tan,10.740840166521663,106.61899246873142,27,35,1.0
2025-11-22 13:43:37,Cau Sai Gon,Quan 2 ,10.798986343749618,106.72697056646841,45,45,1.0
2025-11-22 13:43:38,Cau Phu My,Q2,10.741860769464234,106.73790365482627,45,45,1.0
2025-11-22 13:43:39,Cau Kenh Te,Q4,10.752408891679814,106.7022703818112,23,34,1.0
2025-11-22 13:43:40,Cau Thu Thiem,Quan 2,10.786216596454727,106.71836665482695,40,40,1.0
2025-11-22 13:43:41,Nguyen Huu Canh,Binh Thanh,10.78948793356203,106.71518838181179,36,36,1.0
2025-11-22 13:43:42,Cong Hoa,Tan Binh,10.80223925742187,106.6478722259914,27,41,1.0
2025-11-22 13:43:53,Truong Son / Tan Son Nhat Blvd,Gan san bay,10.813928881466124,106.66511432455972,23,34,0.999244
2025-11-22 13:43:54,Nguyen Trai,Quan 5,10.755608615763382,106.67347943578082,19,27,1.0
2025-11-22 13:43:55,Le Duan,Quan 1,10.782680856341083,106.70051548181169,17,30,1.0
2025-11-22 13:43:56,Tran Hung Dao ,Quan 5,10.754895139302109,106.67839188181134,20,32,1.0
2025-11-22 13:43:57,Tran Quoc Thao,Quan 3,10.785070445194592,106.68331340921323,12,27,1.0
2025-11-22 13:43:58,Tran Hung Dao,Quan 5,10.7549373008113,106.67848844133415,20,32,1.0
2025-11-22 13:43:58,Cach Mang Thang 8 (CMT8),Quan 3,10.77898143649726,106.67684447140958,22,34,1.0
2025-11-22 13:44:10,Pham Ngu Lao / Bui Vien,Quan 1,10.767112828386699,106.6927618222887,12,20,1.0
2025-11-22 13:44:11,Nguyen Thi Minh Khai,Quan 3,10.77847212665258,106.69389510879643,27,41,1.0
2025-11-22 13:44:12,Nguyen Van Troi,Phu Nhuan,10.796057790235078,106.67492629345334,23,34,0.99972
2025-11-22 13:44:13,Pham Van Dong,Go Vap,10.835298215641501,106.72935479345391,34,42,0.998552
2025-11-22 13:44:14,Cong truong lam son,Quan 1,10.777562007197462,106.7041335430398,17,30,1.0
2025-11-22 13:44:15,Nguyen Oanh ,Go Vap,10.83886351241477,106.67566625482782,28,36,1.0
2025-11-22 13:44:22,Le Hong Phong,Quan 10,10.765187049751795,106.67550552599073,19,36,1.0
2025-11-22 13:44:23,Nguyen Van Cu,Quan 5,10.759484371982321,106.6840537511244,19,28,1.0
2025-11-22 13:44:24,Nga tu Binh Phuoc,Ngoai o,10.865229381280965,106.72366973948475,35,49,1.0
2025-11-22 13:44:25,Phu My Hung ,Quan 7,10.72279213640514,106.72808623948244,26,36,0.997112
2025-11-22 13:44:26,Nguyen Thai Son,Phu Nhuan,10.823400120373712,106.68551227436063,21,32,1.0
2025-11-22 13:44:27,An Duong Vuong,Quan 8,10.756158554057757,106.66631758181126,17,29,1.0
2025-11-22 13:44:34,Huynh Tan Phat,Nha Be,10.7144382088356,106.73711688366167,25,35,1.0
2025-11-22 13:44:35,Truong Chinh,Tan Binh ,10.817236653231737,106.63191539530457,22,35,1.0
2025-11-22 13:46:47,Cho Ben Thanh,Quan 1,10.772727584493625,106.69804225297563,15,24,0.996295
2025-11-22 13:46:48,Duong Nguyen Hue,Quan 1,10.774028664434528,106.70357076461706,19,28,1.0
2025-11-22 13:46:49,Nguyen Van Linh,Quan 7,10.752616652291238,106.72509685338922,36,42,1.0
2025-11-22 13:46:50,Vo Van Kiet,Quan 5,10.745754766198267,106.65326266831877,35,43,1.0
2025-11-22 13:46:50,Xa lo Ha Noi,QL1A,10.94927106740351,106.87196348224562,30,42,1.0
2025-11-22 13:46:51,Duong Dien Bien Phu,Quan 1,10.78866360854368,106.69551372228901,32,41,1.0
2025-11-22 13:46:59,Nga tu Hang Xanh,Binh Thanh,10.801406421807085,106.71148440879679,32,41,1.0
2025-11-22 13:47:11,Nga tu An Suong,Hoc Mon,10.843150534972033,106.6151343241409,22,35,1.0
2025-11-22 13:47:12,Ben xe Mien Dong,Quan 9,10.880537767027526,106.81481342866444,44,53,1.0
2025-11-22 13:47:13,Ben xe Mien Tay,Binh Tan,10.740840166521663,106.61899246873142,27,35,1.0
2025-11-22 13:47:13,Cau Sai Gon,Quan 2 ,10.798986343749618,106.72697056646841,45,45,1.0
2025-11-22 13:47:14,Cau Phu My,Q2,10.741860769464234,106.73790365482627,45,45,1.0
2025-11-22 13:47:15,Cau Kenh Te,Q4,10.752408891679814,106.7022703818112,20,34,1.0
2025-11-22 13:47:23,Cau Thu Thiem,Quan 2,10.786216596454727,106.71836665482695,40,40,1.0
2025-11-22 13:47:25,Nguyen Huu Canh,Binh Thanh,10.78948793356203,106.71518838181179,36,36,1.0
2025-11-22 13:47:26,Cong Hoa,Tan Binh,10.80223925742187,106.6478722259914,32,41,1.0
2025-11-22 13:47:27,Truong Son / Tan Son Nhat Blvd,Gan san bay,10.813928881466124,106.66511432455972,23,34,1.0
2025-11-22 13:47:28,Nguyen Trai,Quan 5,10.755608615763382,106.67347943578082,21,28,1.0
2025-11-22 13:47:35,Le Duan,Quan 1,10.782680856341083,106.70051548181169,19,30,1.0
2025-11-22 13:47:36,Tran Hung Dao ,Quan 5,10.754895139302109,106.67839188181134,19,33,1.0
2025-11-22 13:47:37,Tran Quoc Thao,Quan 3,10.785070445194592,106.68331340921323,14,26,1.0
2025-11-22 13:47:38,Tran Hung Dao,Quan 5,10.7549373008113,106.67848844133415,19,33,1.0
2025-11-22 13:47:38,Cach Mang Thang 8 (CMT8),Quan 3,10.77898143649726,106.67684447140958,21,34,1.0
2025-11-22 13:47:39,Pham Ngu Lao / Bui Vien,Quan 1,10.767112828386699,106.6927618222887,12,19,1.0
2025-11-22 13:47:51,Nguyen Thi Minh Khai,Quan 3,10.77847212665258,106.69389510879643,28,42,1.0
2025-11-22 13:47:52,Nguyen Van Troi,Phu Nhuan,10.796057790235078,106.67492629345334,22,34,1.0
2025-11-22 13:47:53,Pham Van Dong,Go Vap,10.835298215641501,106.72935479345391,34,42,0.998012
2025-11-22 13:47:54,Cong truong lam son,Quan 1,10.777562007197462,106.7041335430398,19,30,1.0
2025-11-22 13:47:55,Nguyen Oanh ,Go Vap,10.83886351241477,106.67566625482782,28,36,1.0
2025-11-22 13:47:55,Le Hong Phong,Quan 10,10.765187049751795,106.67550552599073,23,35,1.0
2025-11-22 13:47:56,Nguyen Van Cu,Quan 5,10.759484371982321,106.6840537511244,21,28,1.0
2025-11-22 13:48:03,Nga tu Binh Phuoc,Ngoai o,10.865229381280965,106.72366973948475,36,49,1.0
2025-11-22 13:48:04,Phu My Hung ,Quan 7,10.72279213640514,106.72808623948244,27,37,0.996927
2025-11-22 13:48:05,Nguyen Thai Son,Phu Nhuan,10.823400120373712,106.68551227436063,20,31,1.0
2025-11-22 13:48:06,An Duong Vuong,Quan 8,10.756158554057757,106.66631758181126,19,29,1.0
2025-11-22 13:48:06,Huynh Tan Phat,Nha Be,10.7144382088356,106.73711688366167,24,35,1.0
2025-11-22 13:48:07,Truong Chinh,Tan Binh ,10.817236653231737,106.63191539530457,22,34,1.0
2025-11-22 13:50:19,Cho Ben Thanh,Quan 1,10.772727584493625,106.69804225297563,15,24,0.994293
2025-11-22 13:50:20,Duong Nguyen Hue,Quan 1,10.774028664434528,106.70357076461706,29,29,1.0
2025-11-22 13:50:21,Nguyen Van Linh,Quan 7,10.752616652291238,106.72509685338922,39,39,1.0
2025-11-22 13:50:22,Vo Van Kiet,Quan 5,10.745754766198267,106.65326266831877,36,43,1.0
2025-11-22 13:50:23,Xa lo Ha Noi,QL1A,10.94927106740351,106.87196348224562,32,41,1.0
2025-11-22 13:50:23,Duong Dien Bien Phu,Quan 1,10.78866360854368,106.69551372228901,34,42,1.0
2025-11-22 13:50:31,Nga tu Hang Xanh,Binh Thanh,10.801406421807085,106.71148440879679,34,42,1.0
2025-11-22 13:50:43,Nga tu An Suong,Hoc Mon,10.843150534972033,106.6151343241409,20,35,1.0
2025-11-22 13:50:55,Ben xe Mien Dong,Quan 9,10.880537767027526,106.81481342866444,43,52,1.0
2025-11-22 13:51:07,Ben xe Mien Tay,Binh Tan,10.740840166521663,106.61899246873142,27,35,1.0
2025-11-22 13:51:08,Cau Sai Gon,Quan 2 ,10.798986343749618,106.72697056646841,45,45,1.0
2025-11-22 13:51:08,Cau Phu My,Q2,10.741860769464234,106.73790365482627,45,45,1.0
2025-11-22 13:51:09,Cau Kenh Te,Q4,10.752408891679814,106.7022703818112,23,34,1.0
2025-11-22 13:51:21,Cau Thu Thiem,Quan 2,10.786216596454727,106.71836665482695,40,40,1.0
2025-11-22 13:51:33,Nguyen Huu Canh,Binh Thanh,10.78948793356203,106.71518838181179,36,36,1.0
2025-11-22 13:51:45,Cong Hoa,Tan Binh,10.80223925742187,106.6478722259914,31,40,1.0
2025-11-22 13:51:57,Truong Son / Tan Son Nhat Blvd,Gan san bay,10.813928881466124,106.66511432455972,22,34,0.998691
2025-11-22 13:51:58,Nguyen Trai,Quan 5,10.755608615763382,106.67347943578082,18,28,1.0
2025-11-22 13:51:59,Le Duan,Quan 1,10.782680856341083,106.70051548181169,17,30,1.0
2025-11-22 13:52:00,Tran Hung Dao ,Quan 5,10.754895139302109,106.67839188181134,21,33,1.0
2025-11-22 13:52:01,Tran Quoc Thao,Quan 3,10.785070445194592,106.68331340921323,15,27,1.0
2025-11-22 13:52:09,Tran Hung Dao,Quan 5,10.7549373008113,106.67848844133415,21,33,1.0
2025-11-22 13:52:21,Cach Mang Thang 8 (CMT8),Quan 3,10.77898143649726,106.67684447140958,21,34,1.0
2025-11-22 13:52:22,Pham Ngu Lao / Bui Vien,Quan 1,10.767112828386699,106.6927618222887,10,19,1.0
2025-11-22 13:52:22,Nguyen Thi Minh Khai,Quan 3,10.77847212665258,106.69389510879643,28,42,1.0
2025-11-22 13:52:23,Nguyen Van Troi,Phu Nhuan,10.796057790235078,106.67492629345334,22,34,0.998691
2025-11-22 13:52:24,Pham Van Dong,Go Vap,10.835298215641501,106.72935479345391,35,42,0.998372
2025-11-22 13:52:25,Cong truong lam son,Quan 1,10.777562007197462,106.7041335430398,17,30,1.0
2025-11-22 13:52:33,Nguyen Oanh ,Go Vap,10.83886351241477,106.67566625482782,26,36,1.0
2025-11-22 13:52:34,Le Hong Phong,Quan 10,10.765187049751795,106.67550552599073,20,35,1.0
2025-11-22 13:52:35,Nguyen Van Cu,Quan 5,10.759484371982321,106.6840537511244,18,28,1.0
2025-11-22 13:52:36,Nga tu Binh Phuoc,Ngoai o,10.865229381280965,106.72366973948475,35,49,1.0
2025-11-22 13:52:37,Phu My Hung ,Quan 7,10.72279213640514,106.72808623948244,27,37,0.996466
2025-11-22 13:52:38,Nguyen Thai Son,Phu Nhuan,10.823400120373712,106.68551227436063,22,31,1.0
2025-11-22 13:52:45,An Duong Vuong,Quan 8,10.756158554057757,106.66631758181126,18,29,1.0
2025-11-22 13:52:46,Huynh Tan Phat,Nha Be,10.7144382088356,106.73711688366167,25,35,1.0
2025-11-22 13:52:47,Truong Chinh,Tan Binh ,10.817236653231737,106.63191539530457,21,35,1.0
2025-11-22 13:54:59,Cho Ben Thanh,Quan 1,10.772727584493625,106.69804225297563,15,24,0.994293
2025-11-22 13:54:59,Duong Nguyen Hue,Quan 1,10.774028664434528,106.70357076461706,29,29,1.0
2025-11-22 13:55:00,Nguyen Van Linh,Quan 7,10.752616652291238,106.72509685338922,30,39,1.0
2025-11-22 13:55:01,Vo Van Kiet,Quan 5,10.745754766198267,106.65326266831877,36,43,1.0
2025-11-22 13:55:02,Xa lo Ha Noi,QL1A,10.94927106740351,106.87196348224562,30,41,1.0
2025-11-22 13:55:03,Duong Dien Bien Phu,Quan 1,10.78866360854368,106.69551372228901,33,41,1.0
2025-11-22 13:55:04,Nga tu Hang Xanh,Binh Thanh,10.801406421807085,106.71148440879679,33,41,1.0
2025-11-22 13:55:04,Nga tu An Suong,Hoc Mon,10.843150534972033,106.6151343241409,22,35,1.0
2025-11-22 13:55:05,Ben xe Mien Dong,Quan 9,10.880537767027526,106.81481342866444,41,53,1.0
2025-11-22 13:55:06,Ben xe Mien Tay,Binh Tan,10.740840166521663,106.61899246873142,26,35,1.0
2025-11-22 13:55:07,Cau Sai Gon,Quan 2 ,10.798986343749618,106.72697056646841,45,45,1.0
2025-11-22 13:55:08,Cau Phu My,Q2,10.741860769464234,106.73790365482627,45,45,1.0
2025-11-22 13:55:12,Cau Kenh Te,Q4,10.752408891679814,106.7022703818112,22,33,1.0
2025-11-22 13:55:13,Cau Thu Thiem,Quan 2,10.786216596454727,106.71836665482695,40,40,1.0
2025-11-22 13:55:14,Nguyen Huu Canh,Binh Thanh,10.78948793356203,106.71518838181179,36,36,1.0
2025-11-22 13:55:15,Cong Hoa,Tan Binh,10.80223925742187,106.6478722259914,30,41,1.0
2025-11-22 13:55:19,Truong Son / Tan Son Nhat Blvd,Gan san bay,10.813928881466124,106.66511432455972,21,34,1.0
2025-11-22 13:55:24,Nguyen Trai,Quan 5,10.755608615763382,106.67347943578082,20,28,1.0
2025-11-22 13:55:25,Le Duan,Quan 1,10.782680856341083,106.70051548181169,17,30,1.0
2025-11-22 13:55:26,Tran Hung Dao ,Quan 5,10.754895139302109,106.67839188181134,22,32,1.0
2025-11-22 13:55:27,Tran Quoc Thao,Quan 3,10.785070445194592,106.68331340921323,15,27,1.0
2025-11-22 13:55:27,Tran Hung Dao,Quan 5,10.7549373008113,106.67848844133415,22,32,1.0
2025-11-22 13:55:28,Cach Mang Thang 8 (CMT8),Quan 3,10.77898143649726,106.67684447140958,21,35,1.0
2025-11-22 13:55:36,Pham Ngu Lao / Bui Vien,Quan 1,10.767112828386699,106.6927618222887,11,20,1.0
2025-11-22 13:55:37,Nguyen Thi Minh Khai,Quan 3,10.77847212665258,106.69389510879643,28,41,1.0
2025-11-22 13:55:38,Nguyen Van Troi,Phu Nhuan,10.796057790235078,106.67492629345334,21,34,1.0
2025-11-22 13:55:39,Pham Van Dong,Go Vap,10.835298215641501,106.72935479345391,35,42,0.998735
2025-11-22 13:55:39,Cong truong lam son,Quan 1,10.777562007197462,106.7041335430398,17,30,1.0
2025-11-22 13:55:40,Nguyen Oanh ,Go Vap,10.83886351241477,106.67566625482782,27,36,1.0
2025-11-22 13:55:41,Le Hong Phong,Quan 10,10.765187049751795,106.67550552599073,24,36,1.0
2025-11-22 13:55:42,Nguyen Van Cu,Quan 5,10.759484371982321,106.6840537511244,20,28,1.0
2025-11-22 13:55:43,Nga tu Binh Phuoc,Ngoai o,10.865229381280965,106.72366973948475,35,49,1.0
2025-11-22 13:55:44,Phu My Hung ,Quan 7,10.72279213640514,106.72808623948244,28,36,1.0
2025-11-22 13:55:45,Nguyen Thai Son,Phu Nhuan,10.823400120373712,106.68551227436063,21,32,1.0
2025-11-22 13:55:57,An Duong Vuong,Quan 8,10.756158554057757,106.66631758181126,20,29,1.0
2025-11-22 13:55:58,Huynh Tan Phat,Nha Be,10.7144382088356,106.73711688366167,25,35,1.0
2025-11-22 13:55:58,Truong Chinh,Tan Binh ,10.817236653231737,106.63191539530457,21,35,1.0
2025-11-22 13:58:10,Cho Ben Thanh,Quan 1,10.772727584493625,106.69804225297563,15,24,0.997463
2025-11-22 13:58:11,Duong Nguyen Hue,Quan 1,10.774028664434528,106.70357076461706,23,28,1.0
2025-11-22 13:58:12,Nguyen Van Linh,Quan 7,10.752616652291238,106.72509685338922,39,39,1.0
2025-11-22 13:58:13,Vo Van Kiet,Quan 5,10.745754766198267,106.65326266831877,35,43,1.0
2025-11-22 13:58:14,Xa lo Ha Noi,QL1A,10.94927106740351,106.87196348224562,42,42,1.0
2025-11-22 13:58:15,Duong Dien Bien Phu,Quan 1,10.78866360854368,106.69551372228901,33,42,1.0
2025-11-22 13:58:15,Nga tu Hang Xanh,Binh Thanh,10.801406421807085,106.71148440879679,33,42,1.0
2025-11-22 13:58:22,Nga tu An Suong,Hoc Mon,10.843150534972033,106.6151343241409,21,35,1.0
2025-11-22 13:58:34,Ben xe Mien Dong,Quan 9,10.880537767027526,106.81481342866444,41,53,1.0
2025-11-22 13:58:35,Ben xe Mien Tay,Binh Tan,10.740840166521663,106.61899246873142,26,35,1.0
2025-11-22 13:58:36,Cau Sai Gon,Quan 2 ,10.798986343749618,106.72697056646841,45,45,1.0
2025-11-22 13:58:37,Cau Phu My,Q2,10.741860769464234,106.73790365482627,45,45,1.0
2025-11-22 13:58:38,Cau Kenh Te,Q4,10.752408891679814,106.7022703818112,22,34,1.0
2025-11-22 13:58:39,Cau Thu Thiem,Quan 2,10.786216596454727,106.71836665482695,40,40,1.0
2025-11-22 13:58:46,Nguyen Huu Canh,Binh Thanh,10.78948793356203,106.71518838181179,36,36,1.0
2025-11-22 13:58:48,Cong Hoa,Tan Binh,10.80223925742187,106.6478722259914,30,40,1.0
2025-11-22 13:58:49,Truong Son / Tan Son Nhat Blvd,Gan san bay,10.813928881466124,106.66511432455972,21,34,0.999713
2025-11-22 13:58:50,Nguyen Trai,Quan 5,10.755608615763382,106.67347943578082,16,28,1.0
2025-11-22 13:58:51,Le Duan,Quan 1,10.782680856341083,106.70051548181169,17,30,1.0
2025-11-22 13:58:58,Tran Hung Dao ,Quan 5,10.754895139302109,106.67839188181134,21,33,1.0
2025-11-22 13:58:59,Tran Quoc Thao,Quan 3,10.785070445194592,106.68331340921323,18,28,1.0
2025-11-22 13:59:00,Tran Hung Dao,Quan 5,10.7549373008113,106.67848844133415,21,33,1.0
2025-11-22 13:59:01,Cach Mang Thang 8 (CMT8),Quan 3,10.77898143649726,106.67684447140958,21,34,1.0
2025-11-22 13:59:02,Pham Ngu Lao / Bui Vien,Quan 1,10.767112828386699,106.6927618222887,10,19,1.0
2025-11-22 13:59:03,Nguyen Thi Minh Khai,Quan 3,10.77847212665258,106.69389510879643,28,41,1.0
2025-11-22 13:59:10,Nguyen Van Troi,Phu Nhuan,10.796057790235078,106.67492629345334,21,34,0.999713
2025-11-22 13:59:11,Pham Van Dong,Go Vap,10.835298215641501,106.72935479345391,34,42,0.998469
2025-11-22 13:59:12,Cong truong lam son,Quan 1,10.777562007197462,106.7041335430398,17,30,1.0
2025-11-22 13:59:13,Nguyen Oanh ,Go Vap,10.83886351241477,106.67566625482782,28,36,1.0
2025-11-22 13:59:13,Le Hong Phong,Quan 10,10.765187049751795,106.67550552599073,24,35,1.0
2025-11-22 13:59:14,Nguyen Van Cu,Quan 5,10.759484371982321,106.6840537511244,16,28,1.0
2025-11-22 13:59:22,Nga tu Binh Phuoc,Ngoai o,10.865229381280965,106.72366973948475,34,49,1.0
2025-11-22 13:59:23,Phu My Hung ,Quan 7,10.72279213640514,106.72808623948244,25,37,0.997182
2025-11-22 13:59:24,Nguyen Thai Son,Phu Nhuan,10.823400120373712,106.68551227436063,21,32,1.0
2025-11-22 13:59:24,An Duong Vuong,Quan 8,10.756158554057757,106.66631758181126,24,30,1.0
2025-11-22 13:59:25,Huynh Tan Phat,Nha Be,10.7144382088356,106.73711688366167,24,35,1.0
2025-11-22 13:59:26,Truong Chinh,Tan Binh ,10.817236653231737,106.63191539530457,21,35,1.0
2025-11-22 14:01:38,Cho Ben Thanh,Quan 1,10.772727584493625,106.69804225297563,15,24,0.998098
2025-11-22 14:01:39,Duong Nguyen Hue,Quan 1,10.774028664434528,106.70357076461706,22,28,1.0
2025-11-22 14:01:40,Nguyen Van Linh,Quan 7,10.752616652291238,106.72509685338922,37,42,1.0
2025-11-22 14:01:41,Vo Van Kiet,Quan 5,10.745754766198267,106.65326266831877,35,43,1.0
2025-11-22 14:01:41,Xa lo Ha Noi,QL1A,10.94927106740351,106.87196348224562,29,40,1.0
2025-11-22 14:01:42,Duong Dien Bien Phu,Quan 1,10.78866360854368,106.69551372228901,34,42,1.0
2025-11-22 14:01:55,Nga tu Hang Xanh,Binh Thanh,10.801406421807085,106.71148440879679,34,42,1.0
2025-11-22 14:01:55,Nga tu An Suong,Hoc Mon,10.843150534972033,106.6151343241409,22,35,1.0
2025-11-22 14:01:56,Ben xe Mien Dong,Quan 9,10.880537767027526,106.81481342866444,41,53,1.0
2025-11-22 14:02:07,Ben xe Mien Tay,Binh Tan,10.740840166521663,106.61899246873142,27,35,1.0
2025-11-22 14:02:07,Cau Sai Gon,Quan 2 ,10.798986343749618,106.72697056646841,45,45,1.0
2025-11-22 14:02:08,Cau Phu My,Q2,10.741860769464234,106.73790365482627,45,45,1.0
2025-11-22 14:02:09,Cau Kenh Te,Q4,10.752408891679814,106.7022703818112,22,34,1.0
2025-11-22 14:02:10,Cau Thu Thiem,Quan 2,10.786216596454727,106.71836665482695,40,40,1.0
2025-11-22 14:02:11,Nguyen Huu Canh,Binh Thanh,10.78948793356203,106.71518838181179,36,36,1.0
2025-11-22 14:02:23,Cong Hoa,Tan Binh,10.80223925742187,106.6478722259914,28,41,1.0
2025-11-22 14:02:35,Truong Son / Tan Son Nhat Blvd,Gan san bay,10.813928881466124,106.66511432455972,22,34,0.999713
2025-11-22 14:02:47,Nguyen Trai,Quan 5,10.755608615763382,106.67347943578082,17,26,1.0
2025-11-22 14:02:58,Le Duan,Quan 1,10.782680856341083,106.70051548181169,18,30,1.0
2025-11-22 14:03:10,Tran Hung Dao ,Quan 5,10.754895139302109,106.67839188181134,20,32,1.0
2025-11-22 14:03:22,Tran Quoc Thao,Quan 3,10.785070445194592,106.68331340921323,14,28,1.0
2025-11-22 14:03:23,Tran Hung Dao,Quan 5,10.7549373008113,106.67848844133415,20,32,1.0
2025-11-22 14:03:24,Cach Mang Thang 8 (CMT8),Quan 3,10.77898143649726,106.67684447140958,22,34,1.0
2025-11-22 14:03:25,Pham Ngu Lao / Bui Vien,Quan 1,10.767112828386699,106.6927618222887,20,20,1.0
2025-11-22 14:03:26,Nguyen Thi Minh Khai,Quan 3,10.77847212665258,106.69389510879643,28,41,1.0
2025-11-22 14:03:26,Nguyen Van Troi,Phu Nhuan,10.796057790235078,106.67492629345334,21,34,1.0
2025-11-22 14:03:34,Pham Van Dong,Go Vap,10.835298215641501,106.72935479345391,35,42,0.998554
2025-11-22 14:03:46,Cong truong lam son,Quan 1,10.777562007197462,106.7041335430398,19,31,1.0
2025-11-22 14:03:47,Nguyen Oanh ,Go Vap,10.83886351241477,106.67566625482782,27,36,1.0
2025-11-22 14:03:48,Le Hong Phong,Quan 10,10.765187049751795,106.67550552599073,26,35,1.0
2025-11-22 14:03:49,Nguyen Van Cu,Quan 5,10.759484371982321,106.6840537511244,20,27,1.0
2025-11-22 14:03:50,Nga tu Binh Phuoc,Ngoai o,10.865229381280965,106.72366973948475,37,49,1.0
2025-11-22 14:03:50,Phu My Hung ,Quan 7,10.72279213640514,106.72808623948244,26,38,0.998218
2025-11-22 14:03:58,Nguyen Thai Son,Phu Nhuan,10.823400120373712,106.68551227436063,20,31,1.0
2025-11-22 14:03:59,An Duong Vuong,Quan 8,10.756158554057757,106.66631758181126,17,29,1.0
2025-11-22 14:04:00,Huynh Tan Phat,Nha Be,10.7144382088356,106.73711688366167,24,35,1.0
2025-11-22 14:04:01,Truong Chinh,Tan Binh ,10.817236653231737,106.63191539530457,20,35,1.0
2025-11-22 14:06:02,Cho Ben Thanh,Quan 1,10.772727584493625,106.69804225297563,15,24,0.998765
2025-11-22 14:06:02,Duong Nguyen Hue,Quan 1,10.774028664434528,106.70357076461706,21,28,1.0
2025-11-22 14:06:14,Nguyen Van Linh,Quan 7,10.752616652291238,106.72509685338922,31,39,1.0
2025-11-22 14:06:26,Vo Van Kiet,Quan 5,10.745754766198267,106.65326266831877,42,42,1.0
2025-11-22 14:06:27,Xa lo Ha Noi,QL1A,10.94927106740351,106.87196348224562,32,42,1.0
2025-11-22 14:06:28,Duong Dien Bien Phu,Quan 1,10.78866360854368,106.69551372228901,33,42,1.0
2025-11-22 14:06:29,Nga tu Hang Xanh,Binh Thanh,10.801406421807085,106.71148440879679,33,42,1.0
2025-11-22 14:06:30,Nga tu An Suong,Hoc Mon,10.843150534972033,106.6151343241409,21,35,1.0
2025-11-22 14:06:30,Ben xe Mien Dong,Quan 9,10.880537767027526,106.81481342866444,43,53,1.0
2025-11-22 14:06:38,Ben xe Mien Tay,Binh Tan,10.740840166521663,106.61899246873142,26,35,1.0
2025-11-22 14:06:50,Cau Sai Gon,Quan 2 ,10.798986343749618,106.72697056646841,45,45,1.0
2025-11-22 14:06:51,Cau Phu My,Q2,10.741860769464234,106.73790365482627,45,45,1.0
2025-11-22 14:06:52,Cau Kenh Te,Q4,10.752408891679814,106.7022703818112,24,33,1.0
2025-11-22 14:06:53,Cau Thu Thiem,Quan 2,10.786216596454727,106.71836665482695,40,40,1.0
2025-11-22 14:06:54,Nguyen Huu Canh,Binh Thanh,10.78948793356203,106.71518838181179,36,36,1.0
2025-11-22 14:06:55,Cong Hoa,Tan Binh,10.80223925742187,106.6478722259914,25,41,1.0
2025-11-22 14:06:55,Truong Son / Tan Son Nhat Blvd,Gan san bay,10.813928881466124,106.66511432455972,21,34,0.999713
2025-11-22 14:06:56,Nguyen Trai,Quan 5,10.755608615763382,106.67347943578082,19,27,1.0
2025-11-22 14:06:57,Le Duan,Quan 1,10.782680856341083,106.70051548181169,18,30,1.0
2025-11-22 14:06:58,Tran Hung Dao ,Quan 5,10.754895139302109,106.67839188181134,20,33,1.0
2025-11-22 14:06:59,Tran Quoc Thao,Quan 3,10.785070445194592,106.68331340921323,13,27,1.0
2025-11-22 14:07:00,Tran Hung Dao,Quan 5,10.7549373008113,106.67848844133415,20,33,1.0
2025-11-22 14:07:02,Cach Mang Thang 8 (CMT8),Quan 3,10.77898143649726,106.67684447140958,22,34,1.0
2025-11-22 14:07:03,Pham Ngu Lao / Bui Vien,Quan 1,10.767112828386699,106.6927618222887,20,20,1.0
2025-11-22 14:07:04,Nguyen Thi Minh Khai,Quan 3,10.77847212665258,106.69389510879643,29,42,1.0
2025-11-22 14:07:05,Nguyen Van Troi,Phu Nhuan,10.796057790235078,106.67492629345334,19,33,1.0
2025-11-22 14:07:06,Pham Van Dong,Go Vap,10.835298215641501,106.72935479345391,35,42,0.998197
2025-11-22 14:07:07,Cong truong lam son,Quan 1,10.777562007197462,106.7041335430398,18,30,1.0
2025-11-22 14:07:14,Nguyen Oanh ,Go Vap,10.83886351241477,106.67566625482782,26,36,1.0
2025-11-22 14:07:26,Le Hong Phong,Quan 10,10.765187049751795,106.67550552599073,27,36,1.0
2025-11-22 14:07:27,Nguyen Van Cu,Quan 5,10.759484371982321,106.6840537511244,20,28,1.0
2025-11-22 14:07:28,Nga tu Binh Phuoc,Ngoai o,10.865229381280965,106.72366973948475,35,49,1.0
2025-11-22 14:07:29,Phu My Hung ,Quan 7,10.72279213640514,106.72808623948244,25,37,0.998218
2025-11-22 14:07:29,Nguyen Thai Son,Phu Nhuan,10.823400120373712,106.68551227436063,23,31,1.0
2025-11-22 14:07:30,An Duong Vuong,Quan 8,10.756158554057757,106.66631758181126,21,29,1.0
2025-11-22 14:07:38,Huynh Tan Phat,Nha Be,10.7144382088356,106.73711688366167,25,35,1.0
2025-11-22 14:07:50,Truong Chinh,Tan Binh ,10.817236653231737,106.63191539530457,22,35,1.0
2025-11-22 14:09:51,Cho Ben Thanh,Quan 1,10.772727584493625,106.69804225297563,15,23,0.998765
2025-11-22 14:09:52,Duong Nguyen Hue,Quan 1,10.774028664434528,106.70357076461706,23,29,1.0
2025-11-22 14:09:53,Nguyen Van Linh,Quan 7,10.752616652291238,106.72509685338922,29,38,1.0
2025-11-22 14:09:53,Vo Van Kiet,Quan 5,10.745754766198267,106.65326266831877,36,43,1.0
2025-11-22 14:09:54,Xa lo Ha Noi,QL1A,10.94927106740351,106.87196348224562,32,41,1.0
2025-11-22 14:09:55,Duong Dien Bien Phu,Quan 1,10.78866360854368,106.69551372228901,34,42,1.0
2025-11-22 14:09:56,Nga tu Hang Xanh,Binh Thanh,10.801406421807085,106.71148440879679,34,42,1.0
2025-11-22 14:09:57,Nga tu An Suong,Hoc Mon,10.843150534972033,106.6151343241409,22,35,1.0
2025-11-22 14:10:02,Ben xe Mien Dong,Quan 9,10.880537767027526,106.81481342866444,41,53,1.0
2025-11-22 14:10:03,Ben xe Mien Tay,Binh Tan,10.740840166521663,106.61899246873142,27,35,1.0
2025-11-22 14:10:04,Cau Sai Gon,Quan 2 ,10.798986343749618,106.72697056646841,45,45,1.0
2025-11-22 14:10:05,Cau Phu My,Q2,10.741860769464234,106.73790365482627,45,45,1.0
2025-11-22 14:10:06,Cau Kenh Te,Q4,10.752408891679814,106.7022703818112,23,33,1.0
2025-11-22 14:10:06,Cau Thu Thiem,Quan 2,10.786216596454727,106.71836665482695,40,40,1.0
2025-11-22 14:10:14,Nguyen Huu Canh,Binh Thanh,10.78948793356203,106.71518838181179,36,36,1.0
2025-11-22 14:10:15,Cong Hoa,Tan Binh,10.80223925742187,106.6478722259914,27,41,1.0
2025-11-22 14:10:16,Truong Son / Tan Son Nhat Blvd,Gan san bay,10.813928881466124,106.66511432455972,20,34,1.0
2025-11-22 14:10:16,Nguyen Trai,Quan 5,10.755608615763382,106.67347943578082,20,28,1.0
2025-11-22 14:10:17,Le Duan,Quan 1,10.782680856341083,106.70051548181169,18,30,1.0
2025-11-22 14:10:18,Tran Hung Dao ,Quan 5,10.754895139302109,106.67839188181134,20,32,1.0
2025-11-22 14:10:30,Tran Quoc Thao,Quan 3,10.785070445194592,106.68331340921323,15,27,1.0
2025-11-22 14:10:42,Tran Hung Dao,Quan 5,10.7549373008113,106.67848844133415,19,33,1.0
2025-11-22 14:10:43,Cach Mang Thang 8 (CMT8),Quan 3,10.77898143649726,106.67684447140958,21,34,1.0
2025-11-22 14:10:44,Pham Ngu Lao / Bui Vien,Quan 1,10.767112828386699,106.6927618222887,12,19,1.0
2025-11-22 14:10:45,Nguyen Thi Minh Khai,Quan 3,10.77847212665258,106.69389510879643,28,42,1.0
2025-11-22 14:10:45,Nguyen Van Troi,Phu Nhuan,10.796057790235078,106.67492629345334,20,34,1.0
2025-11-22 14:10:46,Pham Van Dong,Go Vap,10.835298215641501,106.72935479345391,35,42,0.998559
2025-11-22 14:10:54,Cong truong lam son,Quan 1,10.777562007197462,106.7041335430398,18,30,1.0
2025-11-22 14:11:06,Nguyen Oanh ,Go Vap,10.83886351241477,106.67566625482782,26,36,1.0
2025-11-22 14:11:07,Le Hong Phong,Quan 10,10.765187049751795,106.67550552599073,24,35,1.0
2025-11-22 14:11:07,Nguyen Van Cu,Quan 5,10.759484371982321,106.6840537511244,21,28,1.0
2025-11-22 14:11:08,Nga tu Binh Phuoc,Ngoai o,10.865229381280965,106.72366973948475,34,49,1.0
2025-11-22 14:11:09,Phu My Hung ,Quan 7,10.72279213640514,106.72808623948244,27,37,0.998476
2025-11-22 14:11:10,Nguyen Thai Son,Phu Nhuan,10.823400120373712,106.68551227436063,25,31,1.0
2025-11-22 14:11:11,An Duong Vuong,Quan 8,10.756158554057757,106.66631758181126,20,29,1.0
2025-11-22 14:11:12,Huynh Tan Phat,Nha Be,10.7144382088356,106.73711688366167,26,35,1.0
2025-11-22 14:11:13,Truong Chinh,Tan Binh ,10.817236653231737,106.63191539530457,22,35,1.0
2025-11-22 14:13:24,Cho Ben Thanh,Quan 1,10.772727584493625,106.69804225297563,15,24,0.998765
2025-11-22 14:13:25,Duong Nguyen Hue,Quan 1,10.774028664434528,106.70357076461706,16,28,1.0
2025-11-22 14:13:26,Nguyen Van Linh,Quan 7,10.752616652291238,106.72509685338922,32,39,1.0
2025-11-22 14:13:27,Vo Van Kiet,Quan 5,10.745754766198267,106.65326266831877,36,42,1.0
2025-11-22 14:13:28,Xa lo Ha Noi,QL1A,10.94927106740351,106.87196348224562,28,41,1.0
2025-11-22 14:13:29,Duong Dien Bien Phu,Quan 1,10.78866360854368,106.69551372228901,34,42,1.0
2025-11-22 14:13:30,Nga tu Hang Xanh,Binh Thanh,10.801406421807085,106.71148440879679,34,42,1.0
2025-11-22 14:13:30,Nga tu An Suong,Hoc Mon,10.843150534972033,106.6151343241409,21,35,1.0
2025-11-22 14:13:31,Ben xe Mien Dong,Quan 9,10.880537767027526,106.81481342866444,42,53,1.0
2025-11-22 14:13:36,Ben xe Mien Tay,Binh Tan,10.740840166521663,106.61899246873142,27,35,1.0
2025-11-22 14:13:48,Cau Sai Gon,Quan 2 ,10.798986343749618,106.72697056646841,45,45,1.0
2025-11-22 14:13:49,Cau Phu My,Q2,10.741860769464234,106.73790365482627,45,45,1.0
2025-11-22 14:13:50,Cau Kenh Te,Q4,10.752408891679814,106.7022703818112,25,33,1.0
2025-11-22 14:13:51,Cau Thu Thiem,Quan 2,10.786216596454727,106.71836665482695,40,40,1.0
2025-11-22 14:13:52,Nguyen Huu Canh,Binh Thanh,10.78948793356203,106.71518838181179,27,36,1.0
2025-11-22 14:13:53,Cong Hoa,Tan Binh,10.80223925742187,106.6478722259914,28,41,1.0
2025-11-22 14:13:53,Truong Son / Tan Son Nhat Blvd,Gan san bay,10.813928881466124,106.66511432455972,20,34,1.0
2025-11-22 14:13:54,Nguyen Trai,Quan 5,10.755608615763382,106.67347943578082,20,27,1.0
2025-11-22 14:13:55,Le Duan,Quan 1,10.782680856341083,106.70051548181169,18,30,1.0
2025-11-22 14:13:56,Tran Hung Dao ,Quan 5,10.754895139302109,106.67839188181134,22,32,1.0
2025-11-22 14:13:57,Tran Quoc Thao,Quan 3,10.785070445194592,106.68331340921323,14,28,1.0
2025-11-22 14:13:58,Tran Hung Dao,Quan 5,10.7549373008113,106.67848844133415,22,32,1.0
2025-11-22 14:14:00,Cach Mang Thang 8 (CMT8),Quan 3,10.77898143649726,106.67684447140958,22,34,1.0
2025-11-22 14:14:12,Pham Ngu Lao / Bui Vien,Quan 1,10.767112828386699,106.6927618222887,15,20,1.0
2025-11-22 14:14:13,Nguyen Thi Minh Khai,Quan 3,10.77847212665258,106.69389510879643,28,42,1.0
2025-11-22 14:14:14,Nguyen Van Troi,Phu Nhuan,10.796057790235078,106.67492629345334,20,34,1.0
2025-11-22 14:14:15,Pham Van Dong,Go Vap,10.835298215641501,106.72935479345391,35,42,0.998378
2025-11-22 14:14:16,Cong truong lam son,Quan 1,10.777562007197462,106.7041335430398,18,30,1.0
2025-11-22 14:14:16,Nguyen Oanh ,Go Vap,10.83886351241477,106.67566625482782,26,36,1.0
2025-11-22 14:14:24,Le Hong Phong,Quan 10,10.765187049751795,106.67550552599073,26,36,1.0
2025-11-22 14:14:36,Nguyen Van Cu,Quan 5,10.759484371982321,106.6840537511244,21,27,1.0
2025-11-22 14:14:37,Nga tu Binh Phuoc,Ngoai o,10.865229381280965,106.72366973948475,34,49,1.0
2025-11-22 14:14:38,Phu My Hung ,Quan 7,10.72279213640514,106.72808623948244,25,37,0.997902
2025-11-22 14:14:39,Nguyen Thai Son,Phu Nhuan,10.823400120373712,106.68551227436063,22,31,1.0
2025-11-22 14:14:39,An Duong Vuong,Quan 8,10.756158554057757,106.66631758181126,17,29,1.0
2025-11-22 14:14:40,Huynh Tan Phat,Nha Be,10.7144382088356,106.73711688366167,25,35,1.0
2025-11-22 14:14:41,Truong Chinh,Tan Binh ,10.817236653231737,106.63191539530457,22,35,1.0
2025-11-22 14:16:42,Cho Ben Thanh,Quan 1,10.772727584493625,106.69804225297563,14,23,0.998765
2025-11-22 14:16:43,Duong Nguyen Hue,Quan 1,10.774028664434528,106.70357076461706,18,28,1.0
2025-11-22 14:16:44,Nguyen Van Linh,Quan 7,10.752616652291238,106.72509685338922,38,42,1.0
2025-11-22 14:16:45,Vo Van Kiet,Quan 5,10.745754766198267,106.65326266831877,36,43,1.0
2025-11-22 14:16:45,Xa lo Ha Noi,QL1A,10.94927106740351,106.87196348224562,30,41,1.0
2025-11-22 14:16:46,Duong Dien Bien Phu,Quan 1,10.78866360854368,106.69551372228901,32,41,1.0
2025-11-22 14:16:47,Nga tu Hang Xanh,Binh Thanh,10.801406421807085,106.71148440879679,32,41,1.0
2025-11-22 14:16:48,Nga tu An Suong,Hoc Mon,10.843150534972033,106.6151343241409,21,35,1.0
2025-11-22 14:16:49,Ben xe Mien Dong,Quan 9,10.880537767027526,106.81481342866444,41,53,1.0
2025-11-22 14:16:50,Ben xe Mien Tay,Binh Tan,10.740840166521663,106.61899246873142,27,35,1.0
2025-11-22 14:16:51,Cau Sai Gon,Quan 2 ,10.798986343749618,106.72697056646841,45,45,1.0
2025-11-22 14:16:52,Cau Phu My,Q2,10.741860769464234,106.73790365482627,45,45,1.0
2025-11-22 14:16:52,Cau Kenh Te,Q4,10.752408891679814,106.7022703818112,25,34,1.0
2025-11-22 14:16:59,Cau Thu Thiem,Quan 2,10.786216596454727,106.71836665482695,40,40,1.0
2025-11-22 14:17:00,Nguyen Huu Canh,Binh Thanh,10.78948793356203,106.71518838181179,36,36,1.0
2025-11-22 14:17:01,Cong Hoa,Tan Binh,10.80223925742187,106.6478722259914,27,40,1.0
2025-11-22 14:17:02,Truong Son / Tan Son Nhat Blvd,Gan san bay,10.813928881466124,106.66511432455972,21,34,1.0
2025-11-22 14:17:03,Nguyen Trai,Quan 5,10.755608615763382,106.67347943578082,20,27,1.0
2025-11-22 14:17:11,Le Duan,Quan 1,10.782680856341083,106.70051548181169,19,30,1.0
2025-11-22 14:17:12,Tran Hung Dao ,Quan 5,10.754895139302109,106.67839188181134,20,33,1.0
2025-11-22 14:17:13,Tran Quoc Thao,Quan 3,10.785070445194592,106.68331340921323,12,28,1.0
2025-11-22 14:17:24,Tran Hung Dao,Quan 5,10.7549373008113,106.67848844133415,20,33,1.0
2025-11-22 14:17:25,Cach Mang Thang 8 (CMT8),Quan 3,10.77898143649726,106.67684447140958,23,34,1.0
2025-11-22 14:17:26,Pham Ngu Lao / Bui Vien,Quan 1,10.767112828386699,106.6927618222887,15,19,1.0
2025-11-22 14:17:27,Nguyen Thi Minh Khai,Quan 3,10.77847212665258,106.69389510879643,26,41,1.0
2025-11-22 14:17:28,Nguyen Van Troi,Phu Nhuan,10.796057790235078,106.67492629345334,21,34,1.0
2025-11-22 14:17:40,Pham Van Dong,Go Vap,10.835298215641501,106.72935479345391,35,42,0.998358
2025-11-22 14:17:52,Cong truong lam son,Quan 1,10.777562007197462,106.7041335430398,19,30,1.0
2025-11-22 14:17:52,Nguyen Oanh ,Go Vap,10.83886351241477,106.67566625482782,25,36,1.0
2025-11-22 14:17:53,Le Hong Phong,Quan 10,10.765187049751795,106.67550552599073,25,36,1.0
2025-11-22 14:17:54,Nguyen Van Cu,Quan 5,10.759484371982321,106.6840537511244,21,28,1.0
2025-11-22 14:17:55,Nga tu Binh Phuoc,Ngoai o,10.865229381280965,106.72366973948475,34,49,1.0
2025-11-22 14:17:56,Phu My Hung ,Quan 7,10.72279213640514,106.72808623948244,25,37,0.996723
2025-11-22 14:18:08,Nguyen Thai Son,Phu Nhuan,10.823400120373712,106.68551227436063,20,31,1.0
2025-11-22 14:18:20,An Duong Vuong,Quan 8,10.756158554057757,106.66631758181126,23,30,1.0
2025-11-22 14:18:21,Huynh Tan Phat,Nha Be,10.7144382088356,106.73711688366167,23,35,1.0
2025-11-22 14:18:22,Truong Chinh,Tan Binh ,10.817236653231737,106.63191539530457,21,35,1.0
2025-11-22 14:20:34,Cho Ben Thanh,Quan 1,10.772727584493625,106.69804225297563,14,24,0.998765
2025-11-22 14:20:34,Duong Nguyen Hue,Quan 1,10.774028664434528,106.70357076461706,20,28,1.0
2025-11-22 14:20:35,Nguyen Van Linh,Quan 7,10.752616652291238,106.72509685338922,30,39,1.0
2025-11-22 14:20:36,Vo Van Kiet,Quan 5,10.745754766198267,106.65326266831877,36,42,1.0
2025-11-22 14:20:37,Xa lo Ha Noi,QL1A,10.94927106740351,106.87196348224562,30,42,1.0
2025-11-22 14:20:38,Duong Dien Bien Phu,Quan 1,10.78866360854368,106.69551372228901,33,41,1.0
2025-11-22 14:20:39,Nga tu Hang Xanh,Binh Thanh,10.801406421807085,106.71148440879679,33,41,1.0
2025-11-22 14:20:39,Nga tu An Suong,Hoc Mon,10.843150534972033,106.6151343241409,22,35,1.0
2025-11-22 14:20:40,Ben xe Mien Dong,Quan 9,10.880537767027526,106.81481342866444,41,52,1.0
2025-11-22 14:20:41,Ben xe Mien Tay,Binh Tan,10.740840166521663,106.61899246873142,26,35,1.0
2025-11-22 14:20:42,Cau Sai Gon,Quan 2 ,10.798986343749618,106.72697056646841,45,45,1.0
2025-11-22 14:20:43,Cau Phu My,Q2,10.741860769464234,106.73790365482627,45,45,1.0
2025-11-22 14:20:44,Cau Kenh Te,Q4,10.752408891679814,106.7022703818112,24,34,1.0
2025-11-22 14:20:44,Cau Thu Thiem,Quan 2,10.786216596454727,106.71836665482695,40,40,1.0
2025-11-22 14:20:45,Nguyen Huu Canh,Binh Thanh,10.78948793356203,106.71518838181179,36,36,1.0
2025-11-22 14:20:46,Cong Hoa,Tan Binh,10.80223925742187,106.6478722259914,27,41,1.0
2025-11-22 14:20:47,Truong Son / Tan Son Nhat Blvd,Gan san bay,10.813928881466124,106.66511432455972,21,34,1.0
2025-11-22 14:20:48,Nguyen Trai,Quan 5,10.755608615763382,106.67347943578082,18,28,0.998943
2025-11-22 14:20:49,Le Duan,Quan 1,10.782680856341083,106.70051548181169,17,30,1.0
2025-11-22 14:20:50,Tran Hung Dao ,Quan 5,10.754895139302109,106.67839188181134,21,32,1.0
2025-11-22 14:20:50,Tran Quoc Thao,Quan 3,10.785070445194592,106.68331340921323,12,27,1.0
2025-11-22 14:20:57,Tran Hung Dao,Quan 5,10.7549373008113,106.67848844133415,21,32,1.0
2025-11-22 14:20:58,Cach Mang Thang 8 (CMT8),Quan 3,10.77898143649726,106.67684447140958,22,34,1.0
2025-11-22 14:20:59,Pham Ngu Lao / Bui Vien,Quan 1,10.767112828386699,106.6927618222887,15,20,1.0
2025-11-22 14:21:00,Nguyen Thi Minh Khai,Quan 3,10.77847212665258,106.69389510879643,26,42,1.0
2025-11-22 14:21:01,Nguyen Van Troi,Phu Nhuan,10.796057790235078,106.67492629345334,21,34,1.0
2025-11-22 14:21:02,Pham Van Dong,Go Vap,10.835298215641501,106.72935479345391,36,42,0.998321
2025-11-22 14:21:09,Cong truong lam son,Quan 1,10.777562007197462,106.7041335430398,17,30,1.0
2025-11-22 14:21:10,Nguyen Oanh ,Go Vap,10.83886351241477,106.67566625482782,27,36,1.0
2025-11-22 14:21:11,Le Hong Phong,Quan 10,10.765187049751795,106.67550552599073,36,36,1.0
2025-11-22 14:21:12,Nguyen Van Cu,Quan 5,10.759484371982321,106.6840537511244,18,28,0.998943
2025-11-22 14:21:13,Nga tu Binh Phuoc,Ngoai o,10.865229381280965,106.72366973948475,34,49,1.0
2025-11-22 14:21:13,Phu My Hung ,Quan 7,10.72279213640514,106.72808623948244,25,37,0.997702
2025-11-22 14:21:21,Nguyen Thai Son,Phu Nhuan,10.823400120373712,106.68551227436063,19,31,1.0
2025-11-22 14:21:22,An Duong Vuong,Quan 8,10.756158554057757,106.66631758181126,23,28,1.0
2025-11-22 14:21:23,Huynh Tan Phat,Nha Be,10.7144382088356,106.73711688366167,24,35,1.0
2025-11-22 14:21:24,Truong Chinh,Tan Binh ,10.817236653231737,106.63191539530457,22,35,1.0
2025-11-22 14:23:25,Cho Ben Thanh,Quan 1,10.772727584493625,106.69804225297563,15,23,1.0
2025-11-22 14:23:26,Duong Nguyen Hue,Quan 1,10.774028664434528,106.70357076461706,14,28,1.0
2025-11-22 14:23:27,Nguyen Van Linh,Quan 7,10.752616652291238,106.72509685338922,39,39,1.0
2025-11-22 14:23:28,Vo Van Kiet,Quan 5,10.745754766198267,106.65326266831877,42,42,1.0
2025-11-22 14:23:28,Xa lo Ha Noi,QL1A,10.94927106740351,106.87196348224562,29,41,1.0
2025-11-22 14:23:29,Duong Dien Bien Phu,Quan 1,10.78866360854368,106.69551372228901,34,42,1.0
2025-11-22 14:23:30,Nga tu Hang Xanh,Binh Thanh,10.801406421807085,106.71148440879679,34,42,1.0
2025-11-22 14:23:31,Nga tu An Suong,Hoc Mon,10.843150534972033,106.6151343241409,22,35,1.0
2025-11-22 14:23:32,Ben xe Mien Dong,Quan 9,10.880537767027526,106.81481342866444,42,54,1.0
2025-11-22 14:23:33,Ben xe Mien Tay,Binh Tan,10.740840166521663,106.61899246873142,25,35,1.0
2025-11-22 14:23:33,Cau Sai Gon,Quan 2 ,10.798986343749618,106.72697056646841,45,45,1.0
2025-11-22 14:23:34,Cau Phu My,Q2,10.741860769464234,106.73790365482627,45,45,1.0
2025-11-22 14:23:46,Cau Kenh Te,Q4,10.752408891679814,106.7022703818112,24,34,1.0
2025-11-22 14:23:58,Cau Thu Thiem,Quan 2,10.786216596454727,106.71836665482695,40,40,1.0
2025-11-22 14:24:10,Nguyen Huu Canh,Binh Thanh,10.78948793356203,106.71518838181179,36,36,1.0
2025-11-22 14:24:11,Cong Hoa,Tan Binh,10.80223925742187,106.6478722259914,28,41,1.0
2025-11-22 14:24:12,Truong Son / Tan Son Nhat Blvd,Gan san bay,10.813928881466124,106.66511432455972,20,34,0.998691
2025-11-22 14:24:13,Nguyen Trai,Quan 5,10.755608615763382,106.67347943578082,17,27,1.0
2025-11-22 14:24:13,Le Duan,Quan 1,10.782680856341083,106.70051548181169,16,30,1.0
2025-11-22 14:24:14,Tran Hung Dao ,Quan 5,10.754895139302109,106.67839188181134,21,32,1.0
2025-11-22 14:24:15,Tran Quoc Thao,Quan 3,10.785070445194592,106.68331340921323,10,28,1.0
2025-11-22 14:24:22,Tran Hung Dao,Quan 5,10.7549373008113,106.67848844133415,21,32,1.0
2025-11-22 14:24:34,Cach Mang Thang 8 (CMT8),Quan 3,10.77898143649726,106.67684447140958,22,34,1.0
2025-11-22 14:24:35,Pham Ngu Lao / Bui Vien,Quan 1,10.767112828386699,106.6927618222887,14,20,1.0
2025-11-22 14:24:36,Nguyen Thi Minh Khai,Quan 3,10.77847212665258,106.69389510879643,27,42,1.0
2025-11-22 14:24:37,Nguyen Van Troi,Phu Nhuan,10.796057790235078,106.67492629345334,20,34,0.998691
2025-11-22 14:24:37,Pham Van Dong,Go Vap,10.835298215641501,106.72935479345391,32,42,0.998162
2025-11-22 14:24:38,Cong truong lam son,Quan 1,10.777562007197462,106.7041335430398,17,30,1.0
2025-11-22 14:24:46,Nguyen Oanh ,Go Vap,10.83886351241477,106.67566625482782,27,37,1.0
2025-11-22 14:24:47,Le Hong Phong,Quan 10,10.765187049751795,106.67550552599073,21,35,1.0
2025-11-22 14:24:48,Nguyen Van Cu,Quan 5,10.759484371982321,106.6840537511244,17,27,1.0
2025-11-22 14:24:59,Nga tu Binh Phuoc,Ngoai o,10.865229381280965,106.72366973948475,36,49,1.0
2025-11-22 14:25:00,Phu My Hung ,Quan 7,10.72279213640514,106.72808623948244,26,37,0.996472
2025-11-22 14:25:01,Nguyen Thai Son,Phu Nhuan,10.823400120373712,106.68551227436063,22,31,1.0
2025-11-22 14:25:02,An Duong Vuong,Quan 8,10.756158554057757,106.66631758181126,23,28,1.0
2025-11-22 14:25:14,Huynh Tan Phat,Nha Be,10.7144382088356,106.73711688366167,24,35,1.0
2025-11-22 14:25:26,Truong Chinh,Tan Binh ,10.817236653231737,106.63191539530457,23,35,1.0
2025-11-22 14:27:38,Cho Ben Thanh,Quan 1,10.772727584493625,106.69804225297563,15,24,0.998765
2025-11-22 14:27:39,Duong Nguyen Hue,Quan 1,10.774028664434528,106.70357076461706,29,29,1.0
2025-11-22 14:27:40,Nguyen Van Linh,Quan 7,10.752616652291238,106.72509685338922,30,40,1.0
2025-11-22 14:27:40,Vo Van Kiet,Quan 5,10.745754766198267,106.65326266831877,34,43,1.0
2025-11-22 14:27:41,Xa lo Ha Noi,QL1A,10.94927106740351,106.87196348224562,24,41,1.0
2025-11-22 14:27:42,Duong Dien Bien Phu,Quan 1,10.78866360854368,106.69551372228901,33,42,1.0
2025-11-22 14:27:43,Nga tu Hang Xanh,Binh Thanh,10.801406421807085,106.71148440879679,33,42,1.0
2025-11-22 14:27:44,Nga tu An Suong,Hoc Mon,10.843150534972033,106.6151343241409,22,35,1.0
2025-11-22 14:27:45,Ben xe Mien Dong,Quan 9,10.880537767027526,106.81481342866444,43,54,1.0
2025-11-22 14:27:45,Ben xe Mien Tay,Binh Tan,10.740840166521663,106.61899246873142,25,35,1.0
2025-11-22 14:27:51,Cau Sai Gon,Quan 2 ,10.798986343749618,106.72697056646841,45,45,1.0
2025-11-22 14:28:03,Cau Phu My,Q2,10.741860769464234,106.73790365482627,45,45,1.0
2025-11-22 14:28:04,Cau Kenh Te,Q4,10.752408891679814,106.7022703818112,22,33,1.0
2025-11-22 14:28:05,Cau Thu Thiem,Quan 2,10.786216596454727,106.71836665482695,40,40,1.0
2025-11-22 14:28:06,Nguyen Huu Canh,Binh Thanh,10.78948793356203,106.71518838181179,36,36,1.0
2025-11-22 14:28:07,Cong Hoa,Tan Binh,10.80223925742187,106.6478722259914,28,40,1.0
2025-11-22 14:28:08,Truong Son / Tan Son Nhat Blvd,Gan san bay,10.813928881466124,106.66511432455972,19,34,0.999713
2025-11-22 14:28:15,Nguyen Trai,Quan 5,10.755608615763382,106.67347943578082,19,27,1.0
2025-11-22 14:28:16,Le Duan,Quan 1,10.782680856341083,106.70051548181169,18,30,1.0
2025-11-22 14:28:18,Tran Hung Dao ,Quan 5,10.754895139302109,106.67839188181134,19,32,1.0
2025-11-22 14:28:19,Tran Quoc Thao,Quan 3,10.785070445194592,106.68331340921323,11,26,1.0
2025-11-22 14:28:20,Tran Hung Dao,Quan 5,10.7549373008113,106.67848844133415,19,32,1.0
2025-11-22 14:28:27,Cach Mang Thang 8 (CMT8),Quan 3,10.77898143649726,106.67684447140958,23,35,1.0
2025-11-22 14:28:28,Pham Ngu Lao / Bui Vien,Quan 1,10.767112828386699,106.6927618222887,12,19,1.0
2025-11-22 14:28:29,Nguyen Thi Minh Khai,Quan 3,10.77847212665258,106.69389510879643,28,41,1.0
2025-11-22 14:28:30,Nguyen Van Troi,Phu Nhuan,10.796057790235078,106.67492629345334,19,34,0.999713
2025-11-22 14:28:30,Pham Van Dong,Go Vap,10.835298215641501,106.72935479345391,34,42,0.997658
2025-11-22 14:28:31,Cong truong lam son,Quan 1,10.777562007197462,106.7041335430398,18,30,1.0
2025-11-22 14:28:39,Nguyen Oanh ,Go Vap,10.83886351241477,106.67566625482782,28,36,1.0
2025-11-22 14:28:40,Le Hong Phong,Quan 10,10.765187049751795,106.67550552599073,27,36,1.0
2025-11-22 14:28:41,Nguyen Van Cu,Quan 5,10.759484371982321,106.6840537511244,19,28,1.0
2025-11-22 14:28:42,Nga tu Binh Phuoc,Ngoai o,10.865229381280965,106.72366973948475,34,49,1.0
2025-11-22 14:28:43,Phu My Hung ,Quan 7,10.72279213640514,106.72808623948244,25,37,0.995921
2025-11-22 14:28:43,Nguyen Thai Son,Phu Nhuan,10.823400120373712,106.68551227436063,24,32,1.0
2025-11-22 14:28:55,An Duong Vuong,Quan 8,10.756158554057757,106.66631758181126,20,29,1.0
2025-11-22 14:29:07,Huynh Tan Phat,Nha Be,10.7144382088356,106.73711688366167,25,35,1.0
2025-11-22 14:29:19,Truong Chinh,Tan Binh ,10.817236653231737,106.63191539530457,21,35,1.0
2025-11-22 14:31:31,Cho Ben Thanh,Quan 1,10.772727584493625,106.69804225297563,13,24,0.998765
2025-11-22 14:31:32,Duong Nguyen Hue,Quan 1,10.774028664434528,106.70357076461706,29,29,1.0
2025-11-22 14:31:33,Nguyen Van Linh,Quan 7,10.752616652291238,106.72509685338922,39,39,1.0
2025-11-22 14:31:34,Vo Van Kiet,Quan 5,10.745754766198267,106.65326266831877,36,43,1.0
2025-11-22 14:31:34,Xa lo Ha Noi,QL1A,10.94927106740351,106.87196348224562,29,41,1.0
2025-11-22 14:31:35,Duong Dien Bien Phu,Quan 1,10.78866360854368,106.69551372228901,32,42,1.0
2025-11-22 14:31:47,Nga tu Hang Xanh,Binh Thanh,10.801406421807085,106.71148440879679,32,42,1.0
2025-11-22 14:31:59,Nga tu An Suong,Hoc Mon,10.843150534972033,106.6151343241409,21,35,1.0
2025-11-22 14:32:00,Ben xe Mien Dong,Quan 9,10.880537767027526,106.81481342866444,42,53,1.0
2025-11-22 14:32:01,Ben xe Mien Tay,Binh Tan,10.740840166521663,106.61899246873142,27,35,1.0
2025-11-22 14:32:02,Cau Sai Gon,Quan 2 ,10.798986343749618,106.72697056646841,45,45,1.0
2025-11-22 14:32:03,Cau Phu My,Q2,10.741860769464234,106.73790365482627,45,45,1.0
2025-11-22 14:32:03,Cau Kenh Te,Q4,10.752408891679814,106.7022703818112,24,34,1.0
2025-11-22 14:32:11,Cau Thu Thiem,Quan 2,10.786216596454727,106.71836665482695,40,40,1.0
2025-11-22 14:32:12,Nguyen Huu Canh,Binh Thanh,10.78948793356203,106.71518838181179,36,36,1.0
2025-11-22 14:32:13,Cong Hoa,Tan Binh,10.80223925742187,106.6478722259914,26,41,1.0
2025-11-22 14:32:14,Truong Son / Tan Son Nhat Blvd,Gan san bay,10.813928881466124,106.66511432455972,21,34,0.999242
2025-11-22 14:32:14,Nguyen Trai,Quan 5,10.755608615763382,106.67347943578082,16,28,1.0
2025-11-22 14:32:15,Le Duan,Quan 1,10.782680856341083,106.70051548181169,18,30,1.0
2025-11-22 14:32:23,Tran Hung Dao ,Quan 5,10.754895139302109,106.67839188181134,22,32,1.0
2025-11-22 14:32:24,Tran Quoc Thao,Quan 3,10.785070445194592,106.68331340921323,12,29,1.0
2025-11-22 14:32:25,Tran Hung Dao,Quan 5,10.7549373008113,106.67848844133415,22,32,1.0
2025-11-22 14:32:26,Cach Mang Thang 8 (CMT8),Quan 3,10.77898143649726,106.67684447140958,22,34,1.0
2025-11-22 14:32:27,Pham Ngu Lao / Bui Vien,Quan 1,10.767112828386699,106.6927618222887,13,19,1.0
2025-11-22 14:32:27,Nguyen Thi Minh Khai,Quan 3,10.77847212665258,106.69389510879643,28,41,1.0
2025-11-22 14:32:35,Nguyen Van Troi,Phu Nhuan,10.796057790235078,106.67492629345334,21,34,0.999242
2025-11-22 14:32:36,Pham Van Dong,Go Vap,10.835298215641501,106.72935479345391,35,42,0.997288
2025-11-22 14:32:37,Cong truong lam son,Quan 1,10.777562007197462,106.7041335430398,18,30,1.0
2025-11-22 14:32:38,Nguyen Oanh ,Go Vap,10.83886351241477,106.67566625482782,28,36,1.0
2025-11-22 14:32:39,Le Hong Phong,Quan 10,10.765187049751795,106.67550552599073,26,36,1.0
2025-11-22 14:32:39,Nguyen Van Cu,Quan 5,10.759484371982321,106.6840537511244,16,27,1.0
2025-11-22 14:32:51,Nga tu Binh Phuoc,Ngoai o,10.865229381280965,106.72366973948475,34,49,1.0
2025-11-22 14:33:03,Phu My Hung ,Quan 7,10.72279213640514,106.72808623948244,26,37,0.997784
2025-11-22 14:33:04,Nguyen Thai Son,Phu Nhuan,10.823400120373712,106.68551227436063,25,31,1.0
2025-11-22 14:33:05,An Duong Vuong,Quan 8,10.756158554057757,106.66631758181126,22,29,1.0
2025-11-22 14:33:06,Huynh Tan Phat,Nha Be,10.7144382088356,106.73711688366167,24,35,1.0
2025-11-22 14:33:07,Truong Chinh,Tan Binh ,10.817236653231737,106.63191539530457,21,35,1.0
2025-11-22 14:35:08,Cho Ben Thanh,Quan 1,10.772727584493625,106.69804225297563,15,24,0.998765
2025-11-22 14:35:08,Duong Nguyen Hue,Quan 1,10.774028664434528,106.70357076461706,16,28,1.0
2025-11-22 14:35:09,Nguyen Van Linh,Quan 7,10.752616652291238,106.72509685338922,39,39,1.0
2025-11-22 14:35:10,Vo Van Kiet,Quan 5,10.745754766198267,106.65326266831877,42,42,1.0
2025-11-22 14:35:19,Xa lo Ha Noi,QL1A,10.94927106740351,106.87196348224562,32,42,1.0
2025-11-22 14:35:20,Duong Dien Bien Phu,Quan 1,10.78866360854368,106.69551372228901,33,42,1.0
2025-11-22 14:35:20,Nga tu Hang Xanh,Binh Thanh,10.801406421807085,106.71148440879679,33,42,1.0
2025-11-22 14:35:21,Nga tu An Suong,Hoc Mon,10.843150534972033,106.6151343241409,22,35,1.0
2025-11-22 14:35:22,Ben xe Mien Dong,Quan 9,10.880537767027526,106.81481342866444,40,53,1.0
2025-11-22 14:35:23,Ben xe Mien Tay,Binh Tan,10.740840166521663,106.61899246873142,28,35,1.0
2025-11-22 14:35:31,Cau Sai Gon,Quan 2 ,10.798986343749618,106.72697056646841,45,45,1.0
2025-11-22 14:35:31,Cau Phu My,Q2,10.741860769464234,106.73790365482627,45,45,1.0
2025-11-22 14:35:32,Cau Kenh Te,Q4,10.752408891679814,106.7022703818112,23,34,1.0
2025-11-22 14:35:33,Cau Thu Thiem,Quan 2,10.786216596454727,106.71836665482695,40,40,1.0
2025-11-22 14:35:34,Nguyen Huu Canh,Binh Thanh,10.78948793356203,106.71518838181179,36,36,1.0
2025-11-22 14:35:35,Cong Hoa,Tan Binh,10.80223925742187,106.6478722259914,27,41,1.0
2025-11-22 14:35:47,Truong Son / Tan Son Nhat Blvd,Gan san bay,10.813928881466124,106.66511432455972,21,34,0.998691
2025-11-22 14:35:59,Nguyen Trai,Quan 5,10.755608615763382,106.67347943578082,19,28,0.997894
2025-11-22 14:35:59,Le Duan,Quan 1,10.782680856341083,106.70051548181169,19,30,1.0
2025-11-22 14:36:00,Tran Hung Dao ,Quan 5,10.754895139302109,106.67839188181134,22,32,1.0
2025-11-22 14:36:01,Tran Quoc Thao,Quan 3,10.785070445194592,106.68331340921323,12,27,1.0
2025-11-22 14:36:02,Tran Hung Dao,Quan 5,10.7549373008113,106.67848844133415,22,32,1.0
2025-11-22 14:36:03,Cach Mang Thang 8 (CMT8),Quan 3,10.77898143649726,106.67684447140958,21,34,1.0
2025-11-22 14:36:04,Pham Ngu Lao / Bui Vien,Quan 1,10.767112828386699,106.6927618222887,20,20,1.0
2025-11-22 14:36:05,Nguyen Thi Minh Khai,Quan 3,10.77847212665258,106.69389510879643,27,41,1.0
2025-11-22 14:36:06,Nguyen Van Troi,Phu Nhuan,10.796057790235078,106.67492629345334,21,34,0.998691
2025-11-22 14:36:06,Pham Van Dong,Go Vap,10.835298215641501,106.72935479345391,35,42,0.996518
2025-11-22 14:36:13,Cong truong lam son,Quan 1,10.777562007197462,106.7041335430398,19,30,1.0
2025-11-22 14:36:25,Nguyen Oanh ,Go Vap,10.83886351241477,106.67566625482782,27,35,1.0
2025-11-22 14:36:26,Le Hong Phong,Quan 10,10.765187049751795,106.67550552599073,27,36,1.0
2025-11-22 14:36:27,Nguyen Van Cu,Quan 5,10.759484371982321,106.6840537511244,19,27,1.0
2025-11-22 14:36:27,Nga tu Binh Phuoc,Ngoai o,10.865229381280965,106.72366973948475,33,49,1.0
2025-11-22 14:36:28,Phu My Hung ,Quan 7,10.72279213640514,106.72808623948244,25,37,0.996867
2025-11-22 14:36:29,Nguyen Thai Son,Phu Nhuan,10.823400120373712,106.68551227436063,24,31,1.0
2025-11-22 14:36:37,An Duong Vuong,Quan 8,10.756158554057757,106.66631758181126,21,29,1.0
2025-11-22 14:36:49,Huynh Tan Phat,Nha Be,10.7144382088356,106.73711688366167,24,35,1.0
2025-11-22 14:36:50,Truong Chinh,Tan Binh ,10.817236653231737,106.63191539530457,21,35,1.0
2025-11-22 14:39:02,Cho Ben Thanh,Quan 1,10.772727584493625,106.69804225297563,16,23,0.998098
2025-11-22 14:39:14,Duong Nguyen Hue,Quan 1,10.774028664434528,106.70357076461706,14,28,1.0
2025-11-22 14:39:15,Nguyen Van Linh,Quan 7,10.752616652291238,106.72509685338922,39,39,1.0
2025-11-22 14:39:16,Vo Van Kiet,Quan 5,10.745754766198267,106.65326266831877,36,43,1.0
2025-11-22 14:39:17,Xa lo Ha Noi,QL1A,10.94927106740351,106.87196348224562,42,42,1.0
2025-11-22 14:39:17,Duong Dien Bien Phu,Quan 1,10.78866360854368,106.69551372228901,33,42,1.0
2025-11-22 14:39:18,Nga tu Hang Xanh,Binh Thanh,10.801406421807085,106.71148440879679,33,42,1.0
2025-11-22 14:39:30,Nga tu An Suong,Hoc Mon,10.843150534972033,106.6151343241409,21,35,1.0
2025-11-22 14:39:42,Ben xe Mien Dong,Quan 9,10.880537767027526,106.81481342866444,42,53,1.0
2025-11-22 14:39:43,Ben xe Mien Tay,Binh Tan,10.740840166521663,106.61899246873142,25,35,1.0
2025-11-22 14:39:44,Cau Sai Gon,Quan 2 ,10.798986343749618,106.72697056646841,45,45,1.0
2025-11-22 14:39:44,Cau Phu My,Q2,10.741860769464234,106.73790365482627,45,45,1.0
2025-11-22 14:39:45,Cau Kenh Te,Q4,10.752408891679814,106.7022703818112,22,33,1.0
2025-11-22 14:39:54,Cau Thu Thiem,Quan 2,10.786216596454727,106.71836665482695,40,40,1.0
2025-11-22 14:40:06,Nguyen Huu Canh,Binh Thanh,10.78948793356203,106.71518838181179,36,36,1.0
2025-11-22 14:40:07,Cong Hoa,Tan Binh,10.80223925742187,106.6478722259914,29,41,1.0
2025-11-22 14:40:08,Truong Son / Tan Son Nhat Blvd,Gan san bay,10.813928881466124,106.66511432455972,20,34,0.998954
2025-11-22 14:40:09,Nguyen Trai,Quan 5,10.755608615763382,106.67347943578082,19,28,1.0
2025-11-22 14:40:09,Le Duan,Quan 1,10.782680856341083,106.70051548181169,19,30,1.0
2025-11-22 14:40:10,Tran Hung Dao ,Quan 5,10.754895139302109,106.67839188181134,20,33,1.0
2025-11-22 14:40:18,Tran Quoc Thao,Quan 3,10.785070445194592,106.68331340921323,13,26,1.0
2025-11-22 14:40:19,Tran Hung Dao,Quan 5,10.7549373008113,106.67848844133415,20,33,1.0
2025-11-22 14:40:20,Cach Mang Thang 8 (CMT8),Quan 3,10.77898143649726,106.67684447140958,22,34,1.0
2025-11-22 14:40:21,Pham Ngu Lao / Bui Vien,Quan 1,10.767112828386699,106.6927618222887,15,19,1.0
2025-11-22 14:40:22,Nguyen Thi Minh Khai,Quan 3,10.77847212665258,106.69389510879643,27,41,1.0
2025-11-22 14:40:30,Nguyen Van Troi,Phu Nhuan,10.796057790235078,106.67492629345334,20,33,1.0
2025-11-22 14:40:30,Pham Van Dong,Go Vap,10.835298215641501,106.72935479345391,34,42,0.996744
2025-11-22 14:40:31,Cong truong lam son,Quan 1,10.777562007197462,106.7041335430398,19,30,1.0
2025-11-22 14:40:32,Nguyen Oanh ,Go Vap,10.83886351241477,106.67566625482782,27,36,1.0
2025-11-22 14:40:33,Le Hong Phong,Quan 10,10.765187049751795,106.67550552599073,26,36,1.0
2025-11-22 14:40:34,Nguyen Van Cu,Quan 5,10.759484371982321,106.6840537511244,21,28,0.995772
2025-11-22 14:40:46,Nga tu Binh Phuoc,Ngoai o,10.865229381280965,106.72366973948475,34,49,1.0
2025-11-22 14:40:58,Phu My Hung ,Quan 7,10.72279213640514,106.72808623948244,26,36,1.0
2025-11-22 14:41:10,Nguyen Thai Son,Phu Nhuan,10.823400120373712,106.68551227436063,22,31,1.0
2025-11-22 14:41:22,An Duong Vuong,Quan 8,10.756158554057757,106.66631758181126,21,29,1.0
2025-11-22 14:41:22,Huynh Tan Phat,Nha Be,10.7144382088356,106.73711688366167,25,35,1.0
2025-11-22 14:41:23,Truong Chinh,Tan Binh ,10.817236653231737,106.63191539530457,21,35,1.0
2025-11-22 14:43:35,Cho Ben Thanh,Quan 1,10.772727584493625,106.69804225297563,14,24,0.998765
2025-11-22 14:43:36,Duong Nguyen Hue,Quan 1,10.774028664434528,106.70357076461706,17,29,1.0
2025-11-22 14:43:37,Nguyen Van Linh,Quan 7,10.752616652291238,106.72509685338922,39,39,1.0
2025-11-22 14:43:38,Vo Van Kiet,Quan 5,10.745754766198267,106.65326266831877,34,42,1.0
2025-11-22 14:43:39,Xa lo Ha Noi,QL1A,10.94927106740351,106.87196348224562,42,42,1.0
2025-11-22 14:43:39,Duong Dien Bien Phu,Quan 1,10.78866360854368,106.69551372228901,32,41,1.0
2025-11-22 14:43:51,Nga tu Hang Xanh,Binh Thanh,10.801406421807085,106.71148440879679,32,41,1.0
2025-11-22 14:44:03,Nga tu An Suong,Hoc Mon,10.843150534972033,106.6151343241409,21,35,1.0
2025-11-22 14:44:04,Ben xe Mien Dong,Quan 9,10.880537767027526,106.81481342866444,41,53,1.0
2025-11-22 14:44:05,Ben xe Mien Tay,Binh Tan,10.740840166521663,106.61899246873142,26,35,1.0
2025-11-22 14:44:06,Cau Sai Gon,Quan 2 ,10.798986343749618,106.72697056646841,45,45,1.0
2025-11-22 14:44:07,Cau Phu My,Q2,10.741860769464234,106.73790365482627,45,45,1.0
2025-11-22 14:44:07,Cau Kenh Te,Q4,10.752408891679814,106.7022703818112,23,34,1.0
2025-11-22 14:44:15,Cau Thu Thiem,Quan 2,10.786216596454727,106.71836665482695,40,40,1.0
2025-11-22 14:44:27,Nguyen Huu Canh,Binh Thanh,10.78948793356203,106.71518838181179,29,36,1.0
2025-11-22 14:44:28,Cong Hoa,Tan Binh,10.80223925742187,106.6478722259914,30,40,1.0
2025-11-22 14:44:29,Truong Son / Tan Son Nhat Blvd,Gan san bay,10.813928881466124,106.66511432455972,22,34,0.999081
2025-11-22 14:44:30,Nguyen Trai,Quan 5,10.755608615763382,106.67347943578082,20,27,0.994223
2025-11-22 14:44:30,Le Duan,Quan 1,10.782680856341083,106.70051548181169,19,30,1.0
2025-11-22 14:44:31,Tran Hung Dao ,Quan 5,10.754895139302109,106.67839188181134,21,33,1.0
2025-11-22 14:44:39,Tran Quoc Thao,Quan 3,10.785070445194592,106.68331340921323,13,28,1.0
2025-11-22 14:44:51,Tran Hung Dao,Quan 5,10.7549373008113,106.67848844133415,21,33,1.0
2025-11-22 14:44:52,Cach Mang Thang 8 (CMT8),Quan 3,10.77898143649726,106.67684447140958,23,34,1.0
2025-11-22 14:44:53,Pham Ngu Lao / Bui Vien,Quan 1,10.767112828386699,106.6927618222887,12,19,1.0
2025-11-22 14:44:53,Nguyen Thi Minh Khai,Quan 3,10.77847212665258,106.69389510879643,27,41,1.0
2025-11-22 14:44:54,Nguyen Van Troi,Phu Nhuan,10.796057790235078,106.67492629345334,22,34,0.999081
2025-11-22 14:44:55,Pham Van Dong,Go Vap,10.835298215641501,106.72935479345391,33,42,0.998558
2025-11-22 14:45:03,Cong truong lam son,Quan 1,10.777562007197462,106.7041335430398,19,30,1.0
2025-11-22 14:45:04,Nguyen Oanh ,Go Vap,10.83886351241477,106.67566625482782,27,36,1.0
2025-11-22 14:45:05,Le Hong Phong,Quan 10,10.765187049751795,106.67550552599073,26,36,1.0
2025-11-22 14:45:06,Nguyen Van Cu,Quan 5,10.759484371982321,106.6840537511244,19,27,1.0
2025-11-22 14:45:06,Nga tu Binh Phuoc,Ngoai o,10.865229381280965,106.72366973948475,33,49,1.0
2025-11-22 14:45:07,Phu My Hung ,Quan 7,10.72279213640514,106.72808623948244,26,37,0.9971
2025-11-22 14:45:15,Nguyen Thai Son,Phu Nhuan,10.823400120373712,106.68551227436063,21,31,1.0
2025-11-22 14:45:16,An Duong Vuong,Quan 8,10.756158554057757,106.66631758181126,30,30,1.0
2025-11-22 14:45:17,Huynh Tan Phat,Nha Be,10.7144382088356,106.73711688366167,25,35,1.0
2025-11-22 14:45:18,Truong Chinh,Tan Binh ,10.817236653231737,106.63191539530457,22,35,1.0
2025-11-22 14:47:18,Cho Ben Thanh,Quan 1,10.772727584493625,106.69804225297563,14,25,0.998765
2025-11-22 14:47:19,Duong Nguyen Hue,Quan 1,10.774028664434528,106.70357076461706,21,28,1.0
2025-11-22 14:47:20,Nguyen Van Linh,Quan 7,10.752616652291238,106.72509685338922,39,39,1.0
2025-11-22 14:47:21,Vo Van Kiet,Quan 5,10.745754766198267,106.65326266831877,34,43,1.0
2025-11-22 14:47:22,Xa lo Ha Noi,QL1A,10.94927106740351,106.87196348224562,32,42,1.0
2025-11-22 14:47:23,Duong Dien Bien Phu,Quan 1,10.78866360854368,106.69551372228901,34,42,1.0
2025-11-22 14:47:29,Nga tu Hang Xanh,Binh Thanh,10.801406421807085,106.71148440879679,34,42,1.0
2025-11-22 14:47:30,Nga tu An Suong,Hoc Mon,10.843150534972033,106.6151343241409,22,35,1.0
2025-11-22 14:47:31,Ben xe Mien Dong,Quan 9,10.880537767027526,106.81481342866444,41,54,1.0
2025-11-22 14:47:32,Ben xe Mien Tay,Binh Tan,10.740840166521663,106.61899246873142,28,35,1.0
2025-11-22 14:47:33,Cau Sai Gon,Quan 2 ,10.798986343749618,106.72697056646841,45,45,1.0
2025-11-22 14:47:34,Cau Phu My,Q2,10.741860769464234,106.73790365482627,45,45,1.0
2025-11-22 14:47:41,Cau Kenh Te,Q4,10.752408891679814,106.7022703818112,24,34,1.0
2025-11-22 14:47:42,Cau Thu Thiem,Quan 2,10.786216596454727,106.71836665482695,40,40,1.0
2025-11-22 14:47:43,Nguyen Huu Canh,Binh Thanh,10.78948793356203,106.71518838181179,36,36,1.0
2025-11-22 14:47:44,Cong Hoa,Tan Binh,10.80223925742187,106.6478722259914,29,41,1.0
2025-11-22 14:47:45,Truong Son / Tan Son Nhat Blvd,Gan san bay,10.813928881466124,106.66511432455972,22,34,1.0
2025-11-22 14:47:46,Nguyen Trai,Quan 5,10.755608615763382,106.67347943578082,18,27,0.997911
2025-11-22 14:47:53,Le Duan,Quan 1,10.782680856341083,106.70051548181169,19,30,1.0
2025-11-22 14:47:54,Tran Hung Dao ,Quan 5,10.754895139302109,106.67839188181134,21,32,1.0
2025-11-22 14:47:55,Tran Quoc Thao,Quan 3,10.785070445194592,106.68331340921323,16,28,1.0
2025-11-22 14:47:56,Tran Hung Dao,Quan 5,10.7549373008113,106.67848844133415,21,32,1.0
2025-11-22 14:47:57,Cach Mang Thang 8 (CMT8),Quan 3,10.77898143649726,106.67684447140958,24,34,1.0
2025-11-22 14:47:57,Pham Ngu Lao / Bui Vien,Quan 1,10.767112828386699,106.6927618222887,11,20,1.0
2025-11-22 14:48:05,Nguyen Thi Minh Khai,Quan 3,10.77847212665258,106.69389510879643,28,42,1.0
2025-11-22 14:48:06,Nguyen Van Troi,Phu Nhuan,10.796057790235078,106.67492629345334,21,34,1.0
2025-11-22 14:48:07,Pham Van Dong,Go Vap,10.835298215641501,106.72935479345391,34,42,0.998559
2025-11-22 14:48:08,Cong truong lam son,Quan 1,10.777562007197462,106.7041335430398,19,30,1.0
2025-11-22 14:48:09,Nguyen Oanh ,Go Vap,10.83886351241477,106.67566625482782,27,36,1.0
2025-11-22 14:48:09,Le Hong Phong,Quan 10,10.765187049751795,106.67550552599073,26,36,1.0
2025-11-22 14:48:17,Nguyen Van Cu,Quan 5,10.759484371982321,106.6840537511244,19,28,0.997894
2025-11-22 14:48:18,Nga tu Binh Phuoc,Ngoai o,10.865229381280965,106.72366973948475,34,49,1.0
2025-11-22 14:48:19,Phu My Hung ,Quan 7,10.72279213640514,106.72808623948244,25,37,0.998601
2025-11-22 14:48:20,Nguyen Thai Son,Phu Nhuan,10.823400120373712,106.68551227436063,20,31,1.0
2025-11-22 14:48:21,An Duong Vuong,Quan 8,10.756158554057757,106.66631758181126,24,30,1.0
2025-11-22 14:48:21,Huynh Tan Phat,Nha Be,10.7144382088356,106.73711688366167,25,35,1.0
2025-11-22 14:48:29,Truong Chinh,Tan Binh ,10.817236653231737,106.63191539530457,22,35,1.0
2025-11-22 14:50:41,Cho Ben Thanh,Quan 1,10.772727584493625,106.69804225297563,16,24,1.0
2025-11-22 14:50:42,Duong Nguyen Hue,Quan 1,10.774028664434528,106.70357076461706,29,29,1.0
2025-11-22 14:50:43,Nguyen Van Linh,Quan 7,10.752616652291238,106.72509685338922,29,39,1.0
2025-11-22 14:50:44,Vo Van Kiet,Quan 5,10.745754766198267,106.65326266831877,35,43,1.0
2025-11-22 14:50:44,Xa lo Ha Noi,QL1A,10.94927106740351,106.87196348224562,42,42,1.0
2025-11-22 14:50:45,Duong Dien Bien Phu,Quan 1,10.78866360854368,106.69551372228901,35,41,1.0
2025-11-22 14:50:46,Nga tu Hang Xanh,Binh Thanh,10.801406421807085,106.71148440879679,35,41,1.0
2025-11-22 14:50:47,Nga tu An Suong,Hoc Mon,10.843150534972033,106.6151343241409,23,35,1.0
2025-11-22 14:50:48,Ben xe Mien Dong,Quan 9,10.880537767027526,106.81481342866444,41,54,1.0
2025-11-22 14:50:49,Ben xe Mien Tay,Binh Tan,10.740840166521663,106.61899246873142,28,35,1.0
2025-11-22 14:50:56,Cau Sai Gon,Quan 2 ,10.798986343749618,106.72697056646841,45,45,1.0
2025-11-22 14:50:56,Cau Phu My,Q2,10.741860769464234,106.73790365482627,45,45,1.0
2025-11-22 14:51:08,Cau Kenh Te,Q4,10.752408891679814,106.7022703818112,23,34,1.0
2025-11-22 14:51:09,Cau Thu Thiem,Quan 2,10.786216596454727,106.71836665482695,40,40,1.0
2025-11-22 14:51:10,Nguyen Huu Canh,Binh Thanh,10.78948793356203,106.71518838181179,36,36,1.0
2025-11-22 14:51:11,Cong Hoa,Tan Binh,10.80223925742187,106.6478722259914,26,40,1.0
2025-11-22 14:51:12,Truong Son / Tan Son Nhat Blvd,Gan san bay,10.813928881466124,106.66511432455972,22,33,1.0
2025-11-22 14:51:12,Nguyen Trai,Quan 5,10.755608615763382,106.67347943578082,28,28,1.0
2025-11-22 14:51:20,Le Duan,Quan 1,10.782680856341083,106.70051548181169,18,30,1.0
2025-11-22 14:51:21,Tran Hung Dao ,Quan 5,10.754895139302109,106.67839188181134,21,33,1.0
2025-11-22 14:51:22,Tran Quoc Thao,Quan 3,10.785070445194592,106.68331340921323,14,27,1.0
2025-11-22 14:51:23,Tran Hung Dao,Quan 5,10.7549373008113,106.67848844133415,21,33,1.0
2025-11-22 14:51:24,Cach Mang Thang 8 (CMT8),Quan 3,10.77898143649726,106.67684447140958,23,34,1.0
2025-11-22 14:51:24,Pham Ngu Lao / Bui Vien,Quan 1,10.767112828386699,106.6927618222887,15,19,1.0
2025-11-22 14:51:32,Nguyen Thi Minh Khai,Quan 3,10.77847212665258,106.69389510879643,27,42,1.0
2025-11-22 14:51:33,Nguyen Van Troi,Phu Nhuan,10.796057790235078,106.67492629345334,22,33,1.0
2025-11-22 14:51:34,Pham Van Dong,Go Vap,10.835298215641501,106.72935479345391,34,42,0.998559
2025-11-22 14:51:35,Cong truong lam son,Quan 1,10.777562007197462,106.7041335430398,18,30,1.0
2025-11-22 14:51:36,Nguyen Oanh ,Go Vap,10.83886351241477,106.67566625482782,28,36,1.0
2025-11-22 14:51:37,Le Hong Phong,Quan 10,10.765187049751795,106.67550552599073,25,36,1.0
2025-11-22 14:51:44,Nguyen Van Cu,Quan 5,10.759484371982321,106.6840537511244,28,28,1.0
2025-11-22 14:51:45,Nga tu Binh Phuoc,Ngoai o,10.865229381280965,106.72366973948475,33,49,1.0
2025-11-22 14:51:46,Phu My Hung ,Quan 7,10.72279213640514,106.72808623948244,25,37,1.0
2025-11-22 14:51:47,Nguyen Thai Son,Phu Nhuan,10.823400120373712,106.68551227436063,23,32,1.0
2025-11-22 14:51:47,An Duong Vuong,Quan 8,10.756158554057757,106.66631758181126,21,29,1.0
2025-11-22 14:51:48,Huynh Tan Phat,Nha Be,10.7144382088356,106.73711688366167,26,35,1.0
2025-11-22 14:51:56,Truong Chinh,Tan Binh ,10.817236653231737,106.63191539530457,23,35,1.0
2025-11-22 14:54:08,Cho Ben Thanh,Quan 1,10.772727584493625,106.69804225297563,14,24,1.0
2025-11-22 14:54:20,Duong Nguyen Hue,Quan 1,10.774028664434528,106.70357076461706,19,29,1.0
2025-11-22 14:54:21,Nguyen Van Linh,Quan 7,10.752616652291238,106.72509685338922,38,42,1.0
2025-11-22 14:54:22,Vo Van Kiet,Quan 5,10.745754766198267,106.65326266831877,35,43,1.0
2025-11-22 14:54:23,Xa lo Ha Noi,QL1A,10.94927106740351,106.87196348224562,29,41,1.0
2025-11-22 14:54:23,Duong Dien Bien Phu,Quan 1,10.78866360854368,106.69551372228901,32,41,1.0
2025-11-22 14:54:24,Nga tu Hang Xanh,Binh Thanh,10.801406421807085,106.71148440879679,32,41,1.0
2025-11-22 14:54:32,Nga tu An Suong,Hoc Mon,10.843150534972033,106.6151343241409,21,35,1.0
2025-11-22 14:54:33,Ben xe Mien Dong,Quan 9,10.880537767027526,106.81481342866444,39,52,1.0
2025-11-22 14:54:34,Ben xe Mien Tay,Binh Tan,10.740840166521663,106.61899246873142,27,35,1.0
2025-11-22 14:54:35,Cau Sai Gon,Quan 2 ,10.798986343749618,106.72697056646841,45,45,1.0
2025-11-22 14:54:35,Cau Phu My,Q2,10.741860769464234,106.73790365482627,45,45,1.0
2025-11-22 14:54:36,Cau Kenh Te,Q4,10.752408891679814,106.7022703818112,21,34,1.0
2025-11-22 14:54:44,Cau Thu Thiem,Quan 2,10.786216596454727,106.71836665482695,40,40,1.0
2025-11-22 14:54:45,Nguyen Huu Canh,Binh Thanh,10.78948793356203,106.71518838181179,36,36,1.0
2025-11-22 14:54:45,Cong Hoa,Tan Binh,10.80223925742187,106.6478722259914,28,41,1.0
2025-11-22 14:54:46,Truong Son / Tan Son Nhat Blvd,Gan san bay,10.813928881466124,106.66511432455972,23,34,1.0
2025-11-22 14:54:47,Nguyen Trai,Quan 5,10.755608615763382,106.67347943578082,28,28,1.0
2025-11-22 14:54:48,Le Duan,Quan 1,10.782680856341083,106.70051548181169,18,30,1.0
2025-11-22 14:54:49,Tran Hung Dao ,Quan 5,10.754895139302109,106.67839188181134,21,32,1.0
2025-11-22 14:54:50,Tran Quoc Thao,Quan 3,10.785070445194592,106.68331340921323,17,27,1.0
2025-11-22 14:54:51,Tran Hung Dao,Quan 5,10.7549373008113,106.67848844133415,21,32,1.0
2025-11-22 14:54:51,Cach Mang Thang 8 (CMT8),Quan 3,10.77898143649726,106.67684447140958,21,34,1.0
2025-11-22 14:54:52,Pham Ngu Lao / Bui Vien,Quan 1,10.767112828386699,106.6927618222887,20,20,1.0
2025-11-22 14:54:53,Nguyen Thi Minh Khai,Quan 3,10.77847212665258,106.69389510879643,27,42,1.0
2025-11-22 14:54:56,Nguyen Van Troi,Phu Nhuan,10.796057790235078,106.67492629345334,23,34,1.0
2025-11-22 14:54:56,Pham Van Dong,Go Vap,10.835298215641501,106.72935479345391,34,42,0.998557
2025-11-22 14:54:57,Cong truong lam son,Quan 1,10.777562007197462,106.7041335430398,18,30,1.0
2025-11-22 14:54:58,Nguyen Oanh ,Go Vap,10.83886351241477,106.67566625482782,25,36,1.0
2025-11-22 14:54:59,Le Hong Phong,Quan 10,10.765187049751795,106.67550552599073,21,36,1.0
2025-11-22 14:55:00,Nguyen Van Cu,Quan 5,10.759484371982321,106.6840537511244,28,28,1.0
2025-11-22 14:55:08,Nga tu Binh Phuoc,Ngoai o,10.865229381280965,106.72366973948475,35,49,1.0
2025-11-22 14:55:20,Phu My Hung ,Quan 7,10.72279213640514,106.72808623948244,25,37,0.999301
2025-11-22 14:55:20,Nguyen Thai Son,Phu Nhuan,10.823400120373712,106.68551227436063,23,31,1.0
2025-11-22 14:55:21,An Duong Vuong,Quan 8,10.756158554057757,106.66631758181126,21,29,1.0
2025-11-22 14:55:22,Huynh Tan Phat,Nha Be,10.7144382088356,106.73711688366167,26,35,1.0
2025-11-22 14:55:23,Truong Chinh,Tan Binh ,10.817236653231737,106.63191539530457,21,35,1.0
2025-11-22 14:57:24,Cho Ben Thanh,Quan 1,10.772727584493625,106.69804225297563,15,24,1.0
2025-11-22 14:57:25,Duong Nguyen Hue,Quan 1,10.774028664434528,106.70357076461706,29,29,1.0
2025-11-22 14:57:26,Nguyen Van Linh,Quan 7,10.752616652291238,106.72509685338922,39,39,1.0
2025-11-22 14:57:26,Vo Van Kiet,Quan 5,10.745754766198267,106.65326266831877,36,43,1.0
2025-11-22 14:57:27,Xa lo Ha Noi,QL1A,10.94927106740351,106.87196348224562,29,41,1.0
2025-11-22 14:57:28,Duong Dien Bien Phu,Quan 1,10.78866360854368,106.69551372228901,32,41,1.0
2025-11-22 14:57:29,Nga tu Hang Xanh,Binh Thanh,10.801406421807085,106.71148440879679,32,41,1.0
2025-11-22 14:57:30,Nga tu An Suong,Hoc Mon,10.843150534972033,106.6151343241409,22,35,1.0
2025-11-22 14:57:31,Ben xe Mien Dong,Quan 9,10.880537767027526,106.81481342866444,40,53,1.0
2025-11-22 14:57:32,Ben xe Mien Tay,Binh Tan,10.740840166521663,106.61899246873142,27,35,1.0
2025-11-22 14:57:32,Cau Sai Gon,Quan 2 ,10.798986343749618,106.72697056646841,45,45,1.0
2025-11-22 14:57:33,Cau Phu My,Q2,10.741860769464234,106.73790365482627,45,45,1.0
2025-11-22 14:57:45,Cau Kenh Te,Q4,10.752408891679814,106.7022703818112,23,34,1.0
2025-11-22 14:57:57,Cau Thu Thiem,Quan 2,10.786216596454727,106.71836665482695,40,40,1.0
2025-11-22 14:58:09,Nguyen Huu Canh,Binh Thanh,10.78948793356203,106.71518838181179,36,36,1.0
2025-11-22 14:58:10,Cong Hoa,Tan Binh,10.80223925742187,106.6478722259914,27,41,1.0
2025-11-22 14:58:11,Truong Son / Tan Son Nhat Blvd,Gan san bay,10.813928881466124,106.66511432455972,23,34,0.999528
2025-11-22 14:58:11,Nguyen Trai,Quan 5,10.755608615763382,106.67347943578082,19,28,0.998947
2025-11-22 14:58:12,Le Duan,Quan 1,10.782680856341083,106.70051548181169,15,29,1.0
2025-11-22 14:58:13,Tran Hung Dao ,Quan 5,10.754895139302109,106.67839188181134,21,32,1.0
2025-11-22 14:58:21,Tran Quoc Thao,Quan 3,10.785070445194592,106.68331340921323,12,27,1.0
2025-11-22 14:58:33,Tran Hung Dao,Quan 5,10.7549373008113,106.67848844133415,21,32,1.0
2025-11-22 14:58:33,Cach Mang Thang 8 (CMT8),Quan 3,10.77898143649726,106.67684447140958,22,34,1.0
2025-11-22 14:58:34,Pham Ngu Lao / Bui Vien,Quan 1,10.767112828386699,106.6927618222887,16,20,1.0
2025-11-22 14:58:35,Nguyen Thi Minh Khai,Quan 3,10.77847212665258,106.69389510879643,27,42,1.0
2025-11-22 14:58:36,Nguyen Van Troi,Phu Nhuan,10.796057790235078,106.67492629345334,23,34,0.999528
2025-11-22 14:58:37,Pham Van Dong,Go Vap,10.835298215641501,106.72935479345391,35,42,0.998557
2025-11-22 14:58:38,Cong truong lam son,Quan 1,10.777562007197462,106.7041335430398,15,29,1.0
2025-11-22 14:58:45,Nguyen Oanh ,Go Vap,10.83886351241477,106.67566625482782,26,36,1.0
2025-11-22 14:58:56,Le Hong Phong,Quan 10,10.765187049751795,106.67550552599073,21,35,1.0
2025-11-22 14:58:57,Nguyen Van Cu,Quan 5,10.759484371982321,106.6840537511244,18,28,0.998943
2025-11-22 14:58:58,Nga tu Binh Phuoc,Ngoai o,10.865229381280965,106.72366973948475,35,49,1.0
2025-11-22 14:58:59,Phu My Hung ,Quan 7,10.72279213640514,106.72808623948244,26,37,1.0
2025-11-22 14:59:00,Nguyen Thai Son,Phu Nhuan,10.823400120373712,106.68551227436063,24,32,1.0
2025-11-22 14:59:01,An Duong Vuong,Quan 8,10.756158554057757,106.66631758181126,21,29,1.0
2025-11-22 14:59:08,Huynh Tan Phat,Nha Be,10.7144382088356,106.73711688366167,25,35,1.0
2025-11-22 14:59:20,Truong Chinh,Tan Binh ,10.817236653231737,106.63191539530457,22,35,1.0
2025-11-22 15:01:21,Cho Ben Thanh,Quan 1,10.772727584493625,106.69804225297563,15,24,1.0
2025-11-22 15:01:22,Duong Nguyen Hue,Quan 1,10.774028664434528,106.70357076461706,16,28,1.0
2025-11-22 15:01:32,Nguyen Van Linh,Quan 7,10.752616652291238,106.72509685338922,39,39,1.0
2025-11-22 15:01:33,Vo Van Kiet,Quan 5,10.745754766198267,106.65326266831877,35,43,1.0
2025-11-22 15:01:34,Xa lo Ha Noi,QL1A,10.94927106740351,106.87196348224562,27,42,1.0
2025-11-22 15:01:35,Duong Dien Bien Phu,Quan 1,10.78866360854368,106.69551372228901,31,41,1.0
2025-11-22 15:01:36,Nga tu Hang Xanh,Binh Thanh,10.801406421807085,106.71148440879679,31,41,1.0
2025-11-22 15:01:37,Nga tu An Suong,Hoc Mon,10.843150534972033,106.6151343241409,22,35,1.0
2025-11-22 15:01:44,Ben xe Mien Dong,Quan 9,10.880537767027526,106.81481342866444,42,53,1.0
2025-11-22 15:01:45,Ben xe Mien Tay,Binh Tan,10.740840166521663,106.61899246873142,27,35,1.0
2025-11-22 15:01:46,Cau Sai Gon,Quan 2 ,10.798986343749618,106.72697056646841,45,45,1.0
2025-11-22 15:01:47,Cau Phu My,Q2,10.741860769464234,106.73790365482627,45,45,1.0
2025-11-22 15:01:48,Cau Kenh Te,Q4,10.752408891679814,106.7022703818112,23,34,1.0
2025-11-22 15:01:49,Cau Thu Thiem,Quan 2,10.786216596454727,106.71836665482695,40,40,1.0
2025-11-22 15:02:01,Nguyen Huu Canh,Binh Thanh,10.78948793356203,106.71518838181179,36,36,1.0
2025-11-22 15:02:13,Cong Hoa,Tan Binh,10.80223925742187,106.6478722259914,29,41,1.0
2025-11-22 15:02:13,Truong Son / Tan Son Nhat Blvd,Gan san bay,10.813928881466124,106.66511432455972,20,34,0.999244
2025-11-22 15:02:14,Nguyen Trai,Quan 5,10.755608615763382,106.67347943578082,20,27,0.998947
2025-11-22 15:02:15,Le Duan,Quan 1,10.782680856341083,106.70051548181169,16,30,1.0
2025-11-22 15:02:16,Tran Hung Dao ,Quan 5,10.754895139302109,106.67839188181134,20,32,1.0
2025-11-22 15:02:17,Tran Quoc Thao,Quan 3,10.785070445194592,106.68331340921323,19,28,1.0
2025-11-22 15:02:24,Tran Hung Dao,Quan 5,10.7549373008113,106.67848844133415,20,32,1.0
2025-11-22 15:02:36,Cach Mang Thang 8 (CMT8),Quan 3,10.77898143649726,106.67684447140958,22,34,1.0
2025-11-22 15:02:37,Pham Ngu Lao / Bui Vien,Quan 1,10.767112828386699,106.6927618222887,20,20,1.0
2025-11-22 15:02:38,Nguyen Thi Minh Khai,Quan 3,10.77847212665258,106.69389510879643,27,42,1.0
2025-11-22 15:02:39,Nguyen Van Troi,Phu Nhuan,10.796057790235078,106.67492629345334,20,33,0.999244
2025-11-22 15:02:40,Pham Van Dong,Go Vap,10.835298215641501,106.72935479345391,34,42,0.998558
2025-11-22 15:02:40,Cong truong lam son,Quan 1,10.777562007197462,106.7041335430398,17,30,1.0
2025-11-22 15:02:41,Nguyen Oanh ,Go Vap,10.83886351241477,106.67566625482782,26,36,1.0
2025-11-22 15:02:42,Le Hong Phong,Quan 10,10.765187049751795,106.67550552599073,27,35,1.0
2025-11-22 15:02:43,Nguyen Van Cu,Quan 5,10.759484371982321,106.6840537511244,21,27,0.998951
2025-11-22 15:02:44,Nga tu Binh Phuoc,Ngoai o,10.865229381280965,106.72366973948475,35,49,1.0
2025-11-22 15:02:45,Phu My Hung ,Quan 7,10.72279213640514,106.72808623948244,26,37,1.0
2025-11-22 15:02:46,Nguyen Thai Son,Phu Nhuan,10.823400120373712,106.68551227436063,23,31,1.0
2025-11-22 15:02:47,An Duong Vuong,Quan 8,10.756158554057757,106.66631758181126,22,30,1.0
2025-11-22 15:02:47,Huynh Tan Phat,Nha Be,10.7144382088356,106.73711688366167,25,35,1.0
2025-11-22 15:02:48,Truong Chinh,Tan Binh ,10.817236653231737,106.63191539530457,21,35,1.0
2025-11-22 15:04:49,Cho Ben Thanh,Quan 1,10.772727584493625,106.69804225297563,16,24,0.999366
2025-11-22 15:04:50,Duong Nguyen Hue,Quan 1,10.774028664434528,106.70357076461706,29,29,1.0
2025-11-22 15:04:51,Nguyen Van Linh,Quan 7,10.752616652291238,106.72509685338922,39,39,1.0
2025-11-22 15:04:52,Vo Van Kiet,Quan 5,10.745754766198267,106.65326266831877,36,43,1.0
2025-11-22 15:04:53,Xa lo Ha Noi,QL1A,10.94927106740351,106.87196348224562,28,41,1.0
2025-11-22 15:04:53,Duong Dien Bien Phu,Quan 1,10.78866360854368,106.69551372228901,31,41,1.0
2025-11-22 15:04:54,Nga tu Hang Xanh,Binh Thanh,10.801406421807085,106.71148440879679,31,41,1.0
2025-11-22 15:04:55,Nga tu An Suong,Hoc Mon,10.843150534972033,106.6151343241409,21,35,1.0
2025-11-22 15:04:56,Ben xe Mien Dong,Quan 9,10.880537767027526,106.81481342866444,41,53,1.0
2025-11-22 15:04:57,Ben xe Mien Tay,Binh Tan,10.740840166521663,106.61899246873142,27,35,1.0
2025-11-22 15:04:58,Cau Sai Gon,Quan 2 ,10.798986343749618,106.72697056646841,45,45,1.0
2025-11-22 15:04:59,Cau Phu My,Q2,10.741860769464234,106.73790365482627,45,45,1.0
2025-11-22 15:05:00,Cau Kenh Te,Q4,10.752408891679814,106.7022703818112,21,33,1.0
2025-11-22 15:05:00,Cau Thu Thiem,Quan 2,10.786216596454727,106.71836665482695,40,40,1.0
2025-11-22 15:05:01,Nguyen Huu Canh,Binh Thanh,10.78948793356203,106.71518838181179,36,36,1.0
2025-11-22 15:05:02,Cong Hoa,Tan Binh,10.80223925742187,106.6478722259914,25,41,1.0
2025-11-22 15:05:05,Truong Son / Tan Son Nhat Blvd,Gan san bay,10.813928881466124,106.66511432455972,21,34,0.998955
2025-11-22 15:05:05,Nguyen Trai,Quan 5,10.755608615763382,106.67347943578082,20,28,0.998951
2025-11-22 15:05:06,Le Duan,Quan 1,10.782680856341083,106.70051548181169,17,30,1.0
2025-11-22 15:05:07,Tran Hung Dao ,Quan 5,10.754895139302109,106.67839188181134,22,32,1.0
2025-11-22 15:05:08,Tran Quoc Thao,Quan 3,10.785070445194592,106.68331340921323,17,28,1.0
2025-11-22 15:05:09,Tran Hung Dao,Quan 5,10.7549373008113,106.67848844133415,22,32,1.0
2025-11-22 15:05:10,Cach Mang Thang 8 (CMT8),Quan 3,10.77898143649726,106.67684447140958,21,34,1.0
2025-11-22 15:05:16,Pham Ngu Lao / Bui Vien,Quan 1,10.767112828386699,106.6927618222887,20,20,1.0
2025-11-22 15:05:17,Nguyen Thi Minh Khai,Quan 3,10.77847212665258,106.69389510879643,26,41,1.0
2025-11-22 15:05:18,Nguyen Van Troi,Phu Nhuan,10.796057790235078,106.67492629345334,21,34,0.998955
2025-11-22 15:05:19,Pham Van Dong,Go Vap,10.835298215641501,106.72935479345391,36,42,0.998558
2025-11-22 15:05:20,Cong truong lam son,Quan 1,10.777562007197462,106.7041335430398,17,30,1.0
2025-11-22 15:05:21,Nguyen Oanh ,Go Vap,10.83886351241477,106.67566625482782,27,35,1.0
2025-11-22 15:05:28,Le Hong Phong,Quan 10,10.765187049751795,106.67550552599073,27,35,1.0
2025-11-22 15:05:40,Nguyen Van Cu,Quan 5,10.759484371982321,106.6840537511244,20,28,0.998951
2025-11-22 15:05:41,Nga tu Binh Phuoc,Ngoai o,10.865229381280965,106.72366973948475,33,49,1.0
2025-11-22 15:05:42,Phu My Hung ,Quan 7,10.72279213640514,106.72808623948244,26,37,0.998476
2025-11-22 15:05:43,Nguyen Thai Son,Phu Nhuan,10.823400120373712,106.68551227436063,21,31,1.0
2025-11-22 15:05:44,An Duong Vuong,Quan 8,10.756158554057757,106.66631758181126,22,29,1.0
2025-11-22 15:05:44,Huynh Tan Phat,Nha Be,10.7144382088356,106.73711688366167,25,35,1.0
2025-11-22 15:05:56,Truong Chinh,Tan Binh ,10.817236653231737,106.63191539530457,22,35,1.0
2025-11-22 15:08:08,Cho Ben Thanh,Quan 1,10.772727584493625,106.69804225297563,13,24,1.0
2025-11-22 15:08:09,Duong Nguyen Hue,Quan 1,10.774028664434528,106.70357076461706,20,28,1.0
2025-11-22 15:08:10,Nguyen Van Linh,Quan 7,10.752616652291238,106.72509685338922,39,39,1.0
2025-11-22 15:08:11,Vo Van Kiet,Quan 5,10.745754766198267,106.65326266831877,33,43,1.0
2025-11-22 15:08:12,Xa lo Ha Noi,QL1A,10.94927106740351,106.87196348224562,31,41,1.0
2025-11-22 15:08:20,Duong Dien Bien Phu,Quan 1,10.78866360854368,106.69551372228901,32,42,1.0
2025-11-22 15:08:32,Nga tu Hang Xanh,Binh Thanh,10.801406421807085,106.71148440879679,32,42,1.0
2025-11-22 15:08:44,Nga tu An Suong,Hoc Mon,10.843150534972033,106.6151343241409,21,35,1.0
2025-11-22 15:08:45,Ben xe Mien Dong,Quan 9,10.880537767027526,106.81481342866444,42,53,1.0
2025-11-22 15:08:46,Ben xe Mien Tay,Binh Tan,10.740840166521663,106.61899246873142,25,35,1.0
2025-11-22 15:08:47,Cau Sai Gon,Quan 2 ,10.798986343749618,106.72697056646841,45,45,1.0
2025-11-22 15:08:47,Cau Phu My,Q2,10.741860769464234,106.73790365482627,45,45,1.0
2025-11-22 15:08:48,Cau Kenh Te,Q4,10.752408891679814,106.7022703818112,23,34,1.0
2025-11-22 15:08:49,Cau Thu Thiem,Quan 2,10.786216596454727,106.71836665482695,40,40,1.0
2025-11-22 15:08:50,Nguyen Huu Canh,Binh Thanh,10.78948793356203,106.71518838181179,36,36,1.0
2025-11-22 15:08:51,Cong Hoa,Tan Binh,10.80223925742187,106.6478722259914,28,40,1.0
2025-11-22 15:08:52,Truong Son / Tan Son Nhat Blvd,Gan san bay,10.813928881466124,106.66511432455972,20,34,0.998955
2025-11-22 15:08:52,Nguyen Trai,Quan 5,10.755608615763382,106.67347943578082,19,28,1.0
2025-11-22 15:08:53,Le Duan,Quan 1,10.782680856341083,106.70051548181169,16,29,1.0
2025-11-22 15:09:05,Tran Hung Dao ,Quan 5,10.754895139302109,106.67839188181134,22,32,1.0
2025-11-22 15:09:17,Tran Quoc Thao,Quan 3,10.785070445194592,106.68331340921323,17,28,1.0
2025-11-22 15:09:29,Tran Hung Dao,Quan 5,10.7549373008113,106.67848844133415,22,32,1.0
2025-11-22 15:09:30,Cach Mang Thang 8 (CMT8),Quan 3,10.77898143649726,106.67684447140958,22,34,1.0
2025-11-22 15:09:31,Pham Ngu Lao / Bui Vien,Quan 1,10.767112828386699,106.6927618222887,20,20,1.0
2025-11-22 15:09:32,Nguyen Thi Minh Khai,Quan 3,10.77847212665258,106.69389510879643,27,42,1.0
2025-11-22 15:09:32,Nguyen Van Troi,Phu Nhuan,10.796057790235078,106.67492629345334,20,34,0.998955
2025-11-22 15:09:33,Pham Van Dong,Go Vap,10.835298215641501,106.72935479345391,34,42,0.998224
2025-11-22 15:09:45,Cong truong lam son,Quan 1,10.777562007197462,106.7041335430398,17,30,1.0
2025-11-22 15:09:57,Nguyen Oanh ,Go Vap,10.83886351241477,106.67566625482782,25,36,1.0
2025-11-22 15:09:58,Le Hong Phong,Quan 10,10.765187049751795,106.67550552599073,27,36,1.0
2025-11-22 15:09:59,Nguyen Van Cu,Quan 5,10.759484371982321,106.6840537511244,18,27,1.0
2025-11-22 15:10:00,Nga tu Binh Phuoc,Ngoai o,10.865229381280965,106.72366973948475,34,49,1.0
2025-11-22 15:10:09,Phu My Hung ,Quan 7,10.72279213640514,106.72808623948244,26,37,0.997961
2025-11-22 15:10:10,Nguyen Thai Son,Phu Nhuan,10.823400120373712,106.68551227436063,23,31,1.0
2025-11-22 15:10:11,An Duong Vuong,Quan 8,10.756158554057757,106.66631758181126,22,28,1.0
2025-11-22 15:10:12,Huynh Tan Phat,Nha Be,10.7144382088356,106.73711688366167,24,35,1.0
2025-11-22 15:10:12,Truong Chinh,Tan Binh ,10.817236653231737,106.63191539530457,22,35,1.0
2025-11-22 15:12:24,Cho Ben Thanh,Quan 1,10.772727584493625,106.69804225297563,17,24,1.0
2025-11-22 15:12:25,Duong Nguyen Hue,Quan 1,10.774028664434528,106.70357076461706,21,28,1.0
2025-11-22 15:12:26,Nguyen Van Linh,Quan 7,10.752616652291238,106.72509685338922,39,39,1.0
2025-11-22 15:12:27,Vo Van Kiet,Quan 5,10.745754766198267,106.65326266831877,34,43,1.0
2025-11-22 15:12:28,Xa lo Ha Noi,QL1A,10.94927106740351,106.87196348224562,30,42,1.0
2025-11-22 15:12:29,Duong Dien Bien Phu,Quan 1,10.78866360854368,106.69551372228901,31,42,1.0
2025-11-22 15:12:29,Nga tu Hang Xanh,Binh Thanh,10.801406421807085,106.71148440879679,31,42,1.0
2025-11-22 15:12:30,Nga tu An Suong,Hoc Mon,10.843150534972033,106.6151343241409,22,35,1.0
2025-11-22 15:12:42,Ben xe Mien Dong,Quan 9,10.880537767027526,106.81481342866444,40,53,1.0
2025-11-22 15:12:43,Ben xe Mien Tay,Binh Tan,10.740840166521663,106.61899246873142,26,35,1.0
2025-11-22 15:12:44,Cau Sai Gon,Quan 2 ,10.798986343749618,106.72697056646841,45,45,1.0
2025-11-22 15:12:45,Cau Phu My,Q2,10.741860769464234,106.73790365482627,45,45,1.0
2025-11-22 15:12:46,Cau Kenh Te,Q4,10.752408891679814,106.7022703818112,23,33,1.0
2025-11-22 15:12:46,Cau Thu Thiem,Quan 2,10.786216596454727,106.71836665482695,40,40,1.0
2025-11-22 15:12:47,Nguyen Huu Canh,Binh Thanh,10.78948793356203,106.71518838181179,36,36,1.0
2025-11-22 15:12:54,Cong Hoa,Tan Binh,10.80223925742187,106.6478722259914,31,40,1.0
2025-11-22 15:12:55,Truong Son / Tan Son Nhat Blvd,Gan san bay,10.813928881466124,106.66511432455972,20,34,1.0
2025-11-22 15:12:56,Nguyen Trai,Quan 5,10.755608615763382,106.67347943578082,17,28,1.0
2025-11-22 15:12:57,Le Duan,Quan 1,10.782680856341083,106.70051548181169,18,30,1.0
2025-11-22 15:12:58,Tran Hung Dao ,Quan 5,10.754895139302109,106.67839188181134,20,33,1.0
2025-11-22 15:12:59,Tran Quoc Thao,Quan 3,10.785070445194592,106.68331340921323,19,28,1.0
2025-11-22 15:13:06,Tran Hung Dao,Quan 5,10.7549373008113,106.67848844133415,20,33,1.0
2025-11-22 15:13:07,Cach Mang Thang 8 (CMT8),Quan 3,10.77898143649726,106.67684447140958,23,34,1.0
2025-11-22 15:13:08,Pham Ngu Lao / Bui Vien,Quan 1,10.767112828386699,106.6927618222887,9,19,1.0
2025-11-22 15:13:09,Nguyen Thi Minh Khai,Quan 3,10.77847212665258,106.69389510879643,27,41,1.0
2025-11-22 15:13:10,Nguyen Van Troi,Phu Nhuan,10.796057790235078,106.67492629345334,20,34,1.0
2025-11-22 15:13:11,Pham Van Dong,Go Vap,10.835298215641501,106.72935479345391,36,42,0.997121
2025-11-22 15:13:18,Cong truong lam son,Quan 1,10.777562007197462,106.7041335430398,18,30,1.0
2025-11-22 15:13:19,Nguyen Oanh ,Go Vap,10.83886351241477,106.67566625482782,26,36,1.0
2025-11-22 15:13:20,Le Hong Phong,Quan 10,10.765187049751795,106.67550552599073,28,36,1.0
2025-11-22 15:13:20,Nguyen Van Cu,Quan 5,10.759484371982321,106.6840537511244,17,28,1.0
2025-11-22 15:13:21,Nga tu Binh Phuoc,Ngoai o,10.865229381280965,106.72366973948475,33,49,1.0
2025-11-22 15:13:22,Phu My Hung ,Quan 7,10.72279213640514,106.72808623948244,25,37,0.998218
2025-11-22 15:13:30,Nguyen Thai Son,Phu Nhuan,10.823400120373712,106.68551227436063,25,32,1.0
2025-11-22 15:13:31,An Duong Vuong,Quan 8,10.756158554057757,106.66631758181126,21,29,1.0
2025-11-22 15:13:32,Huynh Tan Phat,Nha Be,10.7144382088356,106.73711688366167,24,35,1.0
2025-11-22 15:13:32,Truong Chinh,Tan Binh ,10.817236653231737,106.63191539530457,21,35,1.0
2025-11-22 15:15:44,Cho Ben Thanh,Quan 1,10.772727584493625,106.69804225297563,14,23,0.998765
2025-11-22 15:15:45,Duong Nguyen Hue,Quan 1,10.774028664434528,106.70357076461706,21,28,1.0
2025-11-22 15:15:46,Nguyen Van Linh,Quan 7,10.752616652291238,106.72509685338922,39,39,1.0
2025-11-22 15:15:47,Vo Van Kiet,Quan 5,10.745754766198267,106.65326266831877,37,42,1.0
2025-11-22 15:15:48,Xa lo Ha Noi,QL1A,10.94927106740351,106.87196348224562,27,40,1.0
2025-11-22 15:15:48,Duong Dien Bien Phu,Quan 1,10.78866360854368,106.69551372228901,31,42,1.0
2025-11-22 15:15:49,Nga tu Hang Xanh,Binh Thanh,10.801406421807085,106.71148440879679,31,42,1.0
2025-11-22 15:15:50,Nga tu An Suong,Hoc Mon,10.843150534972033,106.6151343241409,22,35,1.0
2025-11-22 15:15:51,Ben xe Mien Dong,Quan 9,10.880537767027526,106.81481342866444,40,53,1.0
2025-11-22 15:15:58,Ben xe Mien Tay,Binh Tan,10.740840166521663,106.61899246873142,27,35,1.0
2025-11-22 15:15:59,Cau Sai Gon,Quan 2 ,10.798986343749618,106.72697056646841,45,45,1.0
2025-11-22 15:15:59,Cau Phu My,Q2,10.741860769464234,106.73790365482627,45,45,1.0
2025-11-22 15:16:00,Cau Kenh Te,Q4,10.752408891679814,106.7022703818112,22,34,1.0
2025-11-22 15:16:01,Cau Thu Thiem,Quan 2,10.786216596454727,106.71836665482695,40,40,1.0
2025-11-22 15:16:02,Nguyen Huu Canh,Binh Thanh,10.78948793356203,106.71518838181179,36,36,1.0
2025-11-22 15:16:10,Cong Hoa,Tan Binh,10.80223925742187,106.6478722259914,29,41,1.0
2025-11-22 15:16:11,Truong Son / Tan Son Nhat Blvd,Gan san bay,10.813928881466124,106.66511432455972,19,34,0.998955
2025-11-22 15:16:11,Nguyen Trai,Quan 5,10.755608615763382,106.67347943578082,18,27,0.997886
2025-11-22 15:16:12,Le Duan,Quan 1,10.782680856341083,106.70051548181169,17,30,1.0
2025-11-22 15:16:13,Tran Hung Dao ,Quan 5,10.754895139302109,106.67839188181134,21,32,1.0
2025-11-22 15:16:14,Tran Quoc Thao,Quan 3,10.785070445194592,106.68331340921323,17,27,1.0
2025-11-22 15:16:22,Tran Hung Dao,Quan 5,10.7549373008113,106.67848844133415,21,32,1.0
2025-11-22 15:16:23,Cach Mang Thang 8 (CMT8),Quan 3,10.77898143649726,106.67684447140958,22,34,1.0
2025-11-22 15:16:23,Pham Ngu Lao / Bui Vien,Quan 1,10.767112828386699,106.6927618222887,15,20,1.0
2025-11-22 15:16:24,Nguyen Thi Minh Khai,Quan 3,10.77847212665258,106.69389510879643,28,42,1.0
2025-11-22 15:16:25,Nguyen Van Troi,Phu Nhuan,10.796057790235078,106.67492629345334,19,34,0.998955
2025-11-22 15:16:26,Pham Van Dong,Go Vap,10.835298215641501,106.72935479345391,35,42,0.996751
2025-11-22 15:16:33,Cong truong lam son,Quan 1,10.777562007197462,106.7041335430398,18,30,1.0
2025-11-22 15:16:34,Nguyen Oanh ,Go Vap,10.83886351241477,106.67566625482782,26,36,1.0
2025-11-22 15:16:35,Le Hong Phong,Quan 10,10.765187049751795,106.67550552599073,27,36,1.0
2025-11-22 15:16:36,Nguyen Van Cu,Quan 5,10.759484371982321,106.6840537511244,18,27,0.997901
2025-11-22 15:16:37,Nga tu Binh Phuoc,Ngoai o,10.865229381280965,106.72366973948475,33,49,1.0
2025-11-22 15:16:38,Phu My Hung ,Quan 7,10.72279213640514,106.72808623948244,26,37,0.998015
2025-11-22 15:16:45,Nguyen Thai Son,Phu Nhuan,10.823400120373712,106.68551227436063,21,31,1.0
2025-11-22 15:16:46,An Duong Vuong,Quan 8,10.756158554057757,106.66631758181126,19,30,1.0
2025-11-22 15:16:47,Huynh Tan Phat,Nha Be,10.7144382088356,106.73711688366167,25,35,1.0
2025-11-22 15:16:48,Truong Chinh,Tan Binh ,10.817236653231737,106.63191539530457,23,35,1.0
2025-11-22 15:19:00,Cho Ben Thanh,Quan 1,10.772727584493625,106.69804225297563,14,23,0.998765
2025-11-22 15:19:01,Duong Nguyen Hue,Quan 1,10.774028664434528,106.70357076461706,17,27,1.0
2025-11-22 15:19:02,Nguyen Van Linh,Quan 7,10.752616652291238,106.72509685338922,39,39,1.0
2025-11-22 15:19:02,Vo Van Kiet,Quan 5,10.745754766198267,106.65326266831877,35,43,1.0
2025-11-22 15:19:03,Xa lo Ha Noi,QL1A,10.94927106740351,106.87196348224562,26,41,1.0
2025-11-22 15:19:04,Duong Dien Bien Phu,Quan 1,10.78866360854368,106.69551372228901,33,41,1.0
2025-11-22 15:19:12,Nga tu Hang Xanh,Binh Thanh,10.801406421807085,106.71148440879679,32,42,1.0
2025-11-22 15:19:24,Nga tu An Suong,Hoc Mon,10.843150534972033,106.6151343241409,22,34,1.0
2025-11-22 15:19:24,Ben xe Mien Dong,Quan 9,10.880537767027526,106.81481342866444,41,53,1.0
2025-11-22 15:19:25,Ben xe Mien Tay,Binh Tan,10.740840166521663,106.61899246873142,27,35,1.0
2025-11-22 15:19:26,Cau Sai Gon,Quan 2 ,10.798986343749618,106.72697056646841,45,45,1.0
2025-11-22 15:19:27,Cau Phu My,Q2,10.741860769464234,106.73790365482627,39,44,1.0
2025-11-22 15:19:28,Cau Kenh Te,Q4,10.752408891679814,106.7022703818112,23,34,1.0
2025-11-22 15:19:35,Cau Thu Thiem,Quan 2,10.786216596454727,106.71836665482695,40,40,1.0
2025-11-22 15:19:37,Nguyen Huu Canh,Binh Thanh,10.78948793356203,106.71518838181179,36,36,1.0
2025-11-22 15:19:38,Cong Hoa,Tan Binh,10.80223925742187,106.6478722259914,29,41,1.0
2025-11-22 15:19:39,Truong Son / Tan Son Nhat Blvd,Gan san bay,10.813928881466124,106.66511432455972,20,34,0.999235
2025-11-22 15:19:40,Nguyen Trai,Quan 5,10.755608615763382,106.67347943578082,18,28,0.998939
2025-11-22 15:19:40,Le Duan,Quan 1,10.782680856341083,106.70051548181169,19,30,1.0
2025-11-22 15:19:41,Tran Hung Dao ,Quan 5,10.754895139302109,106.67839188181134,21,33,1.0
2025-11-22 15:19:42,Tran Quoc Thao,Quan 3,10.785070445194592,106.68331340921323,19,28,1.0
2025-11-22 15:19:43,Tran Hung Dao,Quan 5,10.7549373008113,106.67848844133415,21,33,1.0
2025-11-22 15:19:44,Cach Mang Thang 8 (CMT8),Quan 3,10.77898143649726,106.67684447140958,22,34,1.0
2025-11-22 15:19:45,Pham Ngu Lao / Bui Vien,Quan 1,10.767112828386699,106.6927618222887,20,20,1.0
2025-11-22 15:19:46,Nguyen Thi Minh Khai,Quan 3,10.77847212665258,106.69389510879643,27,41,1.0
2025-11-22 15:19:52,Nguyen Van Troi,Phu Nhuan,10.796057790235078,106.67492629345334,20,34,0.999235
2025-11-22 15:19:53,Pham Van Dong,Go Vap,10.835298215641501,106.72935479345391,34,42,0.996273
2025-11-22 15:19:54,Cong truong lam son,Quan 1,10.777562007197462,106.7041335430398,19,30,1.0
2025-11-22 15:19:55,Nguyen Oanh ,Go Vap,10.83886351241477,106.67566625482782,26,36,1.0
2025-11-22 15:20:07,Le Hong Phong,Quan 10,10.765187049751795,106.67550552599073,23,35,1.0
2025-11-22 15:20:08,Nguyen Van Cu,Quan 5,10.759484371982321,106.6840537511244,18,28,0.998939
2025-11-22 15:20:09,Nga tu Binh Phuoc,Ngoai o,10.865229381280965,106.72366973948475,36,49,1.0
2025-11-22 15:20:19,Phu My Hung ,Quan 7,10.72279213640514,106.72808623948244,27,37,0.997961
2025-11-22 15:20:20,Nguyen Thai Son,Phu Nhuan,10.823400120373712,106.68551227436063,19,32,1.0
2025-11-22 15:20:21,An Duong Vuong,Quan 8,10.756158554057757,106.66631758181126,24,30,1.0
2025-11-22 15:20:21,Huynh Tan Phat,Nha Be,10.7144382088356,106.73711688366167,25,35,1.0
2025-11-22 15:20:22,Truong Chinh,Tan Binh ,10.817236653231737,106.63191539530457,22,35,1.0
2025-11-22 15:22:34,Cho Ben Thanh,Quan 1,10.772727584493625,106.69804225297563,13,23,0.998765
2025-11-22 15:22:35,Duong Nguyen Hue,Quan 1,10.774028664434528,106.70357076461706,16,28,1.0
2025-11-22 15:22:36,Nguyen Van Linh,Quan 7,10.752616652291238,106.72509685338922,29,39,1.0
2025-11-22 15:22:37,Vo Van Kiet,Quan 5,10.745754766198267,106.65326266831877,37,43,1.0
2025-11-22 15:22:38,Xa lo Ha Noi,QL1A,10.94927106740351,106.87196348224562,26,41,1.0
2025-11-22 15:22:38,Duong Dien Bien Phu,Quan 1,10.78866360854368,106.69551372228901,32,41,1.0
2025-11-22 15:22:39,Nga tu Hang Xanh,Binh Thanh,10.801406421807085,106.71148440879679,32,41,1.0
2025-11-22 15:22:40,Nga tu An Suong,Hoc Mon,10.843150534972033,106.6151343241409,22,35,1.0
2025-11-22 15:22:41,Ben xe Mien Dong,Quan 9,10.880537767027526,106.81481342866444,39,53,1.0
2025-11-22 15:22:42,Ben xe Mien Tay,Binh Tan,10.740840166521663,106.61899246873142,25,35,1.0
2025-11-22 15:22:43,Cau Sai Gon,Quan 2 ,10.798986343749618,106.72697056646841,45,45,1.0
2025-11-22 15:22:43,Cau Phu My,Q2,10.741860769464234,106.73790365482627,37,44,1.0
2025-11-22 15:22:45,Cau Kenh Te,Q4,10.752408891679814,106.7022703818112,21,34,1.0
2025-11-22 15:22:45,Cau Thu Thiem,Quan 2,10.786216596454727,106.71836665482695,40,40,1.0
2025-11-22 15:22:46,Nguyen Huu Canh,Binh Thanh,10.78948793356203,106.71518838181179,36,36,1.0
2025-11-22 15:22:47,Cong Hoa,Tan Binh,10.80223925742187,106.6478722259914,28,41,1.0
2025-11-22 15:22:48,Truong Son / Tan Son Nhat Blvd,Gan san bay,10.813928881466124,106.66511432455972,21,34,0.998919
2025-11-22 15:22:49,Nguyen Trai,Quan 5,10.755608615763382,106.67347943578082,17,27,0.998951
2025-11-22 15:22:49,Le Duan,Quan 1,10.782680856341083,106.70051548181169,18,30,1.0
2025-11-22 15:22:50,Tran Hung Dao ,Quan 5,10.754895139302109,106.67839188181134,21,32,1.0
2025-11-22 15:22:57,Tran Quoc Thao,Quan 3,10.785070445194592,106.68331340921323,14,28,1.0
2025-11-22 15:22:58,Tran Hung Dao,Quan 5,10.7549373008113,106.67848844133415,21,32,1.0
2025-11-22 15:22:59,Cach Mang Thang 8 (CMT8),Quan 3,10.77898143649726,106.67684447140958,21,34,1.0
2025-11-22 15:23:00,Pham Ngu Lao / Bui Vien,Quan 1,10.767112828386699,106.6927618222887,20,20,1.0
2025-11-22 15:23:01,Nguyen Thi Minh Khai,Quan 3,10.77847212665258,106.69389510879643,27,42,1.0
2025-11-22 15:23:01,Nguyen Van Troi,Phu Nhuan,10.796057790235078,106.67492629345334,21,34,0.998919
2025-11-22 15:23:09,Pham Van Dong,Go Vap,10.835298215641501,106.72935479345391,35,42,0.996404
2025-11-22 15:23:10,Cong truong lam son,Quan 1,10.777562007197462,106.7041335430398,18,30,1.0
2025-11-22 15:23:11,Nguyen Oanh ,Go Vap,10.83886351241477,106.67566625482782,25,36,1.0
2025-11-22 15:23:12,Le Hong Phong,Quan 10,10.765187049751795,106.67550552599073,24,36,1.0
2025-11-22 15:23:13,Nguyen Van Cu,Quan 5,10.759484371982321,106.6840537511244,17,27,0.998951
2025-11-22 15:23:13,Nga tu Binh Phuoc,Ngoai o,10.865229381280965,106.72366973948475,33,49,1.0
2025-11-22 15:23:25,Phu My Hung ,Quan 7,10.72279213640514,106.72808623948244,25,37,0.997961
2025-11-22 15:23:37,Nguyen Thai Son,Phu Nhuan,10.823400120373712,106.68551227436063,24,32,1.0
2025-11-22 15:23:49,An Duong Vuong,Quan 8,10.756158554057757,106.66631758181126,20,30,1.0
2025-11-22 15:24:01,Huynh Tan Phat,Nha Be,10.7144382088356,106.73711688366167,25,35,1.0
2025-11-22 15:24:02,Truong Chinh,Tan Binh ,10.817236653231737,106.63191539530457,22,35,1.0
2025-11-22 15:26:14,Cho Ben Thanh,Quan 1,10.772727584493625,106.69804225297563,14,25,0.998765
2025-11-22 15:26:26,Duong Nguyen Hue,Quan 1,10.774028664434528,106.70357076461706,20,29,1.0
2025-11-22 15:26:27,Nguyen Van Linh,Quan 7,10.752616652291238,106.72509685338922,27,38,1.0
2025-11-22 15:26:27,Vo Van Kiet,Quan 5,10.745754766198267,106.65326266831877,35,43,1.0
2025-11-22 15:26:28,Xa lo Ha Noi,QL1A,10.94927106740351,106.87196348224562,31,41,1.0
2025-11-22 15:26:29,Duong Dien Bien Phu,Quan 1,10.78866360854368,106.69551372228901,31,42,1.0
2025-11-22 15:26:30,Nga tu Hang Xanh,Binh Thanh,10.801406421807085,106.71148440879679,31,42,1.0
2025-11-22 15:26:31,Nga tu An Suong,Hoc Mon,10.843150534972033,106.6151343241409,21,35,1.0
2025-11-22 15:26:32,Ben xe Mien Dong,Quan 9,10.880537767027526,106.81481342866444,42,53,1.0
2025-11-22 15:26:33,Ben xe Mien Tay,Binh Tan,10.740840166521663,106.61899246873142,27,35,1.0
2025-11-22 15:26:33,Cau Sai Gon,Quan 2 ,10.798986343749618,106.72697056646841,45,45,1.0
2025-11-22 15:26:38,Cau Phu My,Q2,10.741860769464234,106.73790365482627,45,45,1.0
2025-11-22 15:26:39,Cau Kenh Te,Q4,10.752408891679814,106.7022703818112,20,34,1.0
2025-11-22 15:26:40,Cau Thu Thiem,Quan 2,10.786216596454727,106.71836665482695,40,40,1.0
2025-11-22 15:26:40,Nguyen Huu Canh,Binh Thanh,10.78948793356203,106.71518838181179,36,36,1.0
2025-11-22 15:26:41,Cong Hoa,Tan Binh,10.80223925742187,106.6478722259914,26,41,1.0
2025-11-22 15:26:42,Truong Son / Tan Son Nhat Blvd,Gan san bay,10.813928881466124,106.66511432455972,20,34,1.0
2025-11-22 15:26:54,Nguyen Trai,Quan 5,10.755608615763382,106.67347943578082,20,27,0.998954
2025-11-22 15:27:06,Le Duan,Quan 1,10.782680856341083,106.70051548181169,17,31,1.0
2025-11-22 15:27:07,Tran Hung Dao ,Quan 5,10.754895139302109,106.67839188181134,22,33,1.0
2025-11-22 15:27:18,Tran Quoc Thao,Quan 3,10.785070445194592,106.68331340921323,15,27,1.0
2025-11-22 15:27:30,Tran Hung Dao,Quan 5,10.7549373008113,106.67848844133415,22,32,1.0
2025-11-22 15:27:31,Cach Mang Thang 8 (CMT8),Quan 3,10.77898143649726,106.67684447140958,22,34,1.0
2025-11-22 15:27:32,Pham Ngu Lao / Bui Vien,Quan 1,10.767112828386699,106.6927618222887,12,20,1.0
2025-11-22 15:27:32,Nguyen Thi Minh Khai,Quan 3,10.77847212665258,106.69389510879643,27,41,1.0
2025-11-22 15:27:33,Nguyen Van Troi,Phu Nhuan,10.796057790235078,106.67492629345334,21,34,1.0
2025-11-22 15:27:34,Pham Van Dong,Go Vap,10.835298215641501,106.72935479345391,36,42,0.997505
2025-11-22 15:27:46,Cong truong lam son,Quan 1,10.777562007197462,106.7041335430398,18,30,1.0
2025-11-22 15:27:58,Nguyen Oanh ,Go Vap,10.83886351241477,106.67566625482782,25,35,1.0
2025-11-22 15:28:10,Le Hong Phong,Quan 10,10.765187049751795,106.67550552599073,23,35,1.0
2025-11-22 15:28:22,Nguyen Van Cu,Quan 5,10.759484371982321,106.6840537511244,19,28,1.0
2025-11-22 15:28:23,Nga tu Binh Phuoc,Ngoai o,10.865229381280965,106.72366973948475,35,49,1.0
2025-11-22 15:28:24,Phu My Hung ,Quan 7,10.72279213640514,106.72808623948244,26,37,0.997777
2025-11-22 15:28:25,Nguyen Thai Son,Phu Nhuan,10.823400120373712,106.68551227436063,21,31,1.0
2025-11-22 15:28:25,An Duong Vuong,Quan 8,10.756158554057757,106.66631758181126,22,30,1.0
2025-11-22 15:28:26,Huynh Tan Phat,Nha Be,10.7144382088356,106.73711688366167,25,35,1.0
2025-11-22 15:28:34,Truong Chinh,Tan Binh ,10.817236653231737,106.63191539530457,22,35,1.0
2025-11-22 15:30:46,Cho Ben Thanh,Quan 1,10.772727584493625,106.69804225297563,14,24,0.998765
2025-11-22 15:30:47,Duong Nguyen Hue,Quan 1,10.774028664434528,106.70357076461706,29,29,1.0
2025-11-22 15:30:47,Nguyen Van Linh,Quan 7,10.752616652291238,106.72509685338922,39,39,1.0
2025-11-22 15:30:48,Vo Van Kiet,Quan 5,10.745754766198267,106.65326266831877,35,43,1.0
2025-11-22 15:30:49,Xa lo Ha Noi,QL1A,10.94927106740351,106.87196348224562,31,42,1.0
2025-11-22 15:30:50,Duong Dien Bien Phu,Quan 1,10.78866360854368,106.69551372228901,31,41,1.0
2025-11-22 15:30:51,Nga tu Hang Xanh,Binh Thanh,10.801406421807085,106.71148440879679,31,41,1.0
2025-11-22 15:30:52,Nga tu An Suong,Hoc Mon,10.843150534972033,106.6151343241409,21,34,1.0
2025-11-22 15:30:58,Ben xe Mien Dong,Quan 9,10.880537767027526,106.81481342866444,41,53,1.0
2025-11-22 15:31:10,Ben xe Mien Tay,Binh Tan,10.740840166521663,106.61899246873142,26,35,1.0
2025-11-22 15:31:11,Cau Sai Gon,Quan 2 ,10.798986343749618,106.72697056646841,45,45,1.0
2025-11-22 15:31:12,Cau Phu My,Q2,10.741860769464234,106.73790365482627,37,44,1.0
2025-11-22 15:31:13,Cau Kenh Te,Q4,10.752408891679814,106.7022703818112,21,34,1.0
2025-11-22 15:31:14,Cau Thu Thiem,Quan 2,10.786216596454727,106.71836665482695,40,40,1.0
2025-11-22 15:31:15,Nguyen Huu Canh,Binh Thanh,10.78948793356203,106.71518838181179,36,36,1.0
2025-11-22 15:31:22,Cong Hoa,Tan Binh,10.80223925742187,106.6478722259914,28,41,1.0
2025-11-22 15:31:34,Truong Son / Tan Son Nhat Blvd,Gan san bay,10.813928881466124,106.66511432455972,20,33,1.0
2025-11-22 15:31:35,Nguyen Trai,Quan 5,10.755608615763382,106.67347943578082,20,27,1.0
2025-11-22 15:31:36,Le Duan,Quan 1,10.782680856341083,106.70051548181169,17,30,1.0
2025-11-22 15:31:37,Tran Hung Dao ,Quan 5,10.754895139302109,106.67839188181134,22,32,1.0
2025-11-22 15:31:38,Tran Quoc Thao,Quan 3,10.785070445194592,106.68331340921323,13,28,1.0
2025-11-22 15:31:38,Tran Hung Dao,Quan 5,10.7549373008113,106.67848844133415,22,32,1.0
2025-11-22 15:31:46,Cach Mang Thang 8 (CMT8),Quan 3,10.77898143649726,106.67684447140958,20,34,1.0
2025-11-22 15:31:58,Pham Ngu Lao / Bui Vien,Quan 1,10.767112828386699,106.6927618222887,14,20,1.0
2025-11-22 15:31:59,Nguyen Thi Minh Khai,Quan 3,10.77847212665258,106.69389510879643,28,41,1.0
2025-11-22 15:32:00,Nguyen Van Troi,Phu Nhuan,10.796057790235078,106.67492629345334,20,33,1.0
2025-11-22 15:32:01,Pham Van Dong,Go Vap,10.835298215641501,106.72935479345391,35,42,0.997408
2025-11-22 15:32:01,Cong truong lam son,Quan 1,10.777562007197462,106.7041335430398,17,30,1.0
2025-11-22 15:32:02,Nguyen Oanh ,Go Vap,10.83886351241477,106.67566625482782,24,36,1.0
2025-11-22 15:32:10,Le Hong Phong,Quan 10,10.765187049751795,106.67550552599073,23,36,1.0
2025-11-22 15:32:11,Nguyen Van Cu,Quan 5,10.759484371982321,106.6840537511244,20,27,1.0
2025-11-22 15:32:12,Nga tu Binh Phuoc,Ngoai o,10.865229381280965,106.72366973948475,34,49,1.0
2025-11-22 15:32:13,Phu My Hung ,Quan 7,10.72279213640514,106.72808623948244,25,37,0.998475
2025-11-22 15:32:14,Nguyen Thai Son,Phu Nhuan,10.823400120373712,106.68551227436063,20,30,1.0
2025-11-22 15:32:14,An Duong Vuong,Quan 8,10.756158554057757,106.66631758181126,19,29,1.0
2025-11-22 15:32:22,Huynh Tan Phat,Nha Be,10.7144382088356,106.73711688366167,25,35,1.0
2025-11-22 15:32:23,Truong Chinh,Tan Binh ,10.817236653231737,106.63191539530457,22,35,1.0
2025-11-22 15:34:35,Cho Ben Thanh,Quan 1,10.772727584493625,106.69804225297563,15,23,0.998765
2025-11-22 15:34:36,Duong Nguyen Hue,Quan 1,10.774028664434528,106.70357076461706,20,28,1.0
2025-11-22 15:34:37,Nguyen Van Linh,Quan 7,10.752616652291238,106.72509685338922,35,39,1.0
2025-11-22 15:34:37,Vo Van Kiet,Quan 5,10.745754766198267,106.65326266831877,36,42,1.0
2025-11-22 15:34:38,Xa lo Ha Noi,QL1A,10.94927106740351,106.87196348224562,26,42,1.0
2025-11-22 15:34:39,Duong Dien Bien Phu,Quan 1,10.78866360854368,106.69551372228901,33,42,1.0
2025-11-22 15:34:40,Nga tu Hang Xanh,Binh Thanh,10.801406421807085,106.71148440879679,33,42,1.0
2025-11-22 15:34:41,Nga tu An Suong,Hoc Mon,10.843150534972033,106.6151343241409,21,34,1.0
2025-11-22 15:34:42,Ben xe Mien Dong,Quan 9,10.880537767027526,106.81481342866444,40,53,1.0
2025-11-22 15:34:54,Ben xe Mien Tay,Binh Tan,10.740840166521663,106.61899246873142,27,35,1.0
2025-11-22 15:35:05,Cau Sai Gon,Quan 2 ,10.798986343749618,106.72697056646841,45,45,1.0
2025-11-22 15:35:17,Cau Phu My,Q2,10.741860769464234,106.73790365482627,45,45,1.0
2025-11-22 15:35:18,Cau Kenh Te,Q4,10.752408891679814,106.7022703818112,21,33,1.0
2025-11-22 15:35:19,Cau Thu Thiem,Quan 2,10.786216596454727,106.71836665482695,40,40,1.0
2025-11-22 15:35:20,Nguyen Huu Canh,Binh Thanh,10.78948793356203,106.71518838181179,36,36,1.0
2025-11-22 15:35:21,Cong Hoa,Tan Binh,10.80223925742187,106.6478722259914,27,40,1.0
2025-11-22 15:35:22,Truong Son / Tan Son Nhat Blvd,Gan san bay,10.813928881466124,106.66511432455972,21,34,1.0
2025-11-22 15:35:29,Nguyen Trai,Quan 5,10.755608615763382,106.67347943578082,20,28,1.0
2025-11-22 15:35:41,Le Duan,Quan 1,10.782680856341083,106.70051548181169,18,30,1.0
2025-11-22 15:35:42,Tran Hung Dao ,Quan 5,10.754895139302109,106.67839188181134,22,32,1.0
2025-11-22 15:35:43,Tran Quoc Thao,Quan 3,10.785070445194592,106.68331340921323,12,27,1.0
2025-11-22 15:35:44,Tran Hung Dao,Quan 5,10.7549373008113,106.67848844133415,22,32,1.0
2025-11-22 15:35:45,Cach Mang Thang 8 (CMT8),Quan 3,10.77898143649726,106.67684447140958,21,34,1.0
2025-11-22 15:35:45,Pham Ngu Lao / Bui Vien,Quan 1,10.767112828386699,106.6927618222887,11,20,1.0
2025-11-22 15:35:46,Nguyen Thi Minh Khai,Quan 3,10.77847212665258,106.69389510879643,27,41,1.0
2025-11-22 15:35:47,Nguyen Van Troi,Phu Nhuan,10.796057790235078,106.67492629345334,21,34,1.0
2025-11-22 15:35:48,Pham Van Dong,Go Vap,10.835298215641501,106.72935479345391,34,42,0.997716
2025-11-22 15:35:49,Cong truong lam son,Quan 1,10.777562007197462,106.7041335430398,18,30,1.0
2025-11-22 15:35:50,Nguyen Oanh ,Go Vap,10.83886351241477,106.67566625482782,24,36,1.0
2025-11-22 15:35:51,Le Hong Phong,Quan 10,10.765187049751795,106.67550552599073,21,35,1.0
2025-11-22 15:35:51,Nguyen Van Cu,Quan 5,10.759484371982321,106.6840537511244,20,28,1.0
2025-11-22 15:35:52,Nga tu Binh Phuoc,Ngoai o,10.865229381280965,106.72366973948475,33,49,1.0
2025-11-22 15:35:53,Phu My Hung ,Quan 7,10.72279213640514,106.72808623948244,25,37,0.997829
2025-11-22 15:35:54,Nguyen Thai Son,Phu Nhuan,10.823400120373712,106.68551227436063,20,31,1.0
2025-11-22 15:35:55,An Duong Vuong,Quan 8,10.756158554057757,106.66631758181126,20,29,1.0
2025-11-22 15:35:56,Huynh Tan Phat,Nha Be,10.7144382088356,106.73711688366167,25,35,1.0
2025-11-22 15:35:57,Truong Chinh,Tan Binh ,10.817236653231737,106.63191539530457,22,35,1.0
2025-11-22 15:37:58,Cho Ben Thanh,Quan 1,10.772727584493625,106.69804225297563,15,24,0.998765
2025-11-22 16:05:36,Cho Ben Thanh,Quan 1,10.772727584493625,106.69804225297563,14,24,0.99753
2025-11-22 16:05:37,Duong Nguyen Hue,Quan 1,10.774028664434528,106.70357076461706,20,29,1.0
2025-11-22 16:05:38,Nguyen Van Linh,Quan 7,10.752616652291238,106.72509685338922,39,39,1.0
2025-11-22 16:05:38,Vo Van Kiet,Quan 5,10.745754766198267,106.65326266831877,42,42,1.0
2025-11-22 16:05:39,Xa lo Ha Noi,QL1A,10.94927106740351,106.87196348224562,33,41,1.0
2025-11-22 16:05:40,Duong Dien Bien Phu,Quan 1,10.78866360854368,106.69551372228901,32,42,1.0
2025-11-22 16:05:41,Nga tu Hang Xanh,Binh Thanh,10.801406421807085,106.71148440879679,32,42,1.0
2025-11-22 16:05:42,Nga tu An Suong,Hoc Mon,10.843150534972033,106.6151343241409,21,35,1.0
2025-11-22 16:05:43,Ben xe Mien Dong,Quan 9,10.880537767027526,106.81481342866444,41,53,1.0
2025-11-22 16:05:44,Ben xe Mien Tay,Binh Tan,10.740840166521663,106.61899246873142,28,35,1.0
2025-11-22 16:05:45,Cau Sai Gon,Quan 2 ,10.798986343749618,106.72697056646841,45,45,1.0
2025-11-22 16:05:46,Cau Phu My,Q2,10.741860769464234,106.73790365482627,45,45,1.0
2025-11-22 16:05:57,Cau Kenh Te,Q4,10.752408891679814,106.7022703818112,25,34,1.0
2025-11-22 16:06:09,Cau Thu Thiem,Quan 2,10.786216596454727,106.71836665482695,40,40,1.0
2025-11-22 16:06:21,Nguyen Huu Canh,Binh Thanh,10.78948793356203,106.71518838181179,36,36,1.0
2025-11-22 16:06:22,Cong Hoa,Tan Binh,10.80223925742187,106.6478722259914,26,40,1.0
2025-11-22 16:06:23,Truong Son / Tan Son Nhat Blvd,Gan san bay,10.813928881466124,106.66511432455972,21,33,1.0
2025-11-22 16:06:24,Nguyen Trai,Quan 5,10.755608615763382,106.67347943578082,16,28,1.0
2025-11-22 16:06:25,Le Duan,Quan 1,10.782680856341083,106.70051548181169,17,30,1.0
2025-11-22 16:06:25,Tran Hung Dao ,Quan 5,10.754895139302109,106.67839188181134,20,32,1.0
2025-11-22 16:06:33,Tran Quoc Thao,Quan 3,10.785070445194592,106.68331340921323,16,27,1.0
2025-11-22 16:06:34,Tran Hung Dao,Quan 5,10.7549373008113,106.67848844133415,20,32,1.0
2025-11-22 16:06:35,Cach Mang Thang 8 (CMT8),Quan 3,10.77898143649726,106.67684447140958,22,34,1.0
2025-11-22 16:06:36,Pham Ngu Lao / Bui Vien,Quan 1,10.767112828386699,106.6927618222887,10,19,1.0
2025-11-22 16:06:37,Nguyen Thi Minh Khai,Quan 3,10.77847212665258,106.69389510879643,27,42,1.0
2025-11-22 16:06:37,Nguyen Van Troi,Phu Nhuan,10.796057790235078,106.67492629345334,21,33,1.0
2025-11-22 16:06:45,Pham Van Dong,Go Vap,10.835298215641501,106.72935479345391,35,42,0.998017
2025-11-22 16:06:46,Cong truong lam son,Quan 1,10.777562007197462,106.7041335430398,17,30,1.0
2025-11-22 16:06:47,Nguyen Oanh ,Go Vap,10.83886351241477,106.67566625482782,27,36,1.0
2025-11-22 16:06:48,Le Hong Phong,Quan 10,10.765187049751795,106.67550552599073,23,36,1.0
2025-11-22 16:06:48,Nguyen Van Cu,Quan 5,10.759484371982321,106.6840537511244,16,28,1.0
2025-11-22 16:06:49,Nga tu Binh Phuoc,Ngoai o,10.865229381280965,106.72366973948475,34,49,1.0
2025-11-22 16:06:57,Phu My Hung ,Quan 7,10.72279213640514,106.72808623948244,24,37,0.998476
2025-11-22 16:06:58,Nguyen Thai Son,Phu Nhuan,10.823400120373712,106.68551227436063,25,31,1.0
2025-11-22 16:06:59,An Duong Vuong,Quan 8,10.756158554057757,106.66631758181126,22,30,1.0
2025-11-22 16:07:00,Huynh Tan Phat,Nha Be,10.7144382088356,106.73711688366167,25,35,1.0
2025-11-22 16:07:01,Truong Chinh,Tan Binh ,10.817236653231737,106.63191539530457,21,35,1.0
2025-11-22 16:09:13,Cho Ben Thanh,Quan 1,10.772727584493625,106.69804225297563,15,24,0.996295
2025-11-22 16:09:24,Duong Nguyen Hue,Quan 1,10.774028664434528,106.70357076461706,29,29,1.0
2025-11-22 16:09:36,Nguyen Van Linh,Quan 7,10.752616652291238,106.72509685338922,39,39,1.0
2025-11-22 16:09:37,Vo Van Kiet,Quan 5,10.745754766198267,106.65326266831877,37,43,1.0
2025-11-22 16:09:38,Xa lo Ha Noi,QL1A,10.94927106740351,106.87196348224562,25,42,1.0
2025-11-22 16:09:48,Duong Dien Bien Phu,Quan 1,10.78866360854368,106.69551372228901,34,42,1.0
2025-11-22 16:09:49,Nga tu Hang Xanh,Binh Thanh,10.801406421807085,106.71148440879679,34,42,1.0
2025-11-22 16:09:50,Nga tu An Suong,Hoc Mon,10.843150534972033,106.6151343241409,21,35,1.0
2025-11-22 16:10:02,Ben xe Mien Dong,Quan 9,10.880537767027526,106.81481342866444,40,53,1.0
2025-11-22 16:10:14,Ben xe Mien Tay,Binh Tan,10.740840166521663,106.61899246873142,27,35,1.0
2025-11-22 16:10:15,Cau Sai Gon,Quan 2 ,10.798986343749618,106.72697056646841,45,45,1.0
2025-11-22 16:10:16,Cau Phu My,Q2,10.741860769464234,106.73790365482627,45,45,1.0
2025-11-22 16:10:17,Cau Kenh Te,Q4,10.752408891679814,106.7022703818112,24,32,1.0
2025-11-22 16:10:17,Cau Thu Thiem,Quan 2,10.786216596454727,106.71836665482695,40,40,1.0
2025-11-22 16:10:18,Nguyen Huu Canh,Binh Thanh,10.78948793356203,106.71518838181179,36,36,1.0
2025-11-22 16:10:19,Cong Hoa,Tan Binh,10.80223925742187,106.6478722259914,30,41,1.0
2025-11-22 16:10:20,Truong Son / Tan Son Nhat Blvd,Gan san bay,10.813928881466124,106.66511432455972,21,34,1.0
2025-11-22 16:10:27,Nguyen Trai,Quan 5,10.755608615763382,106.67347943578082,19,28,1.0
2025-11-22 16:10:31,Le Duan,Quan 1,10.782680856341083,106.70051548181169,17,30,1.0
2025-11-22 16:10:32,Tran Hung Dao ,Quan 5,10.754895139302109,106.67839188181134,20,33,1.0
2025-11-22 16:10:44,Tran Quoc Thao,Quan 3,10.785070445194592,106.68331340921323,14,26,1.0
2025-11-22 16:10:56,Tran Hung Dao,Quan 5,10.7549373008113,106.67848844133415,20,33,1.0
2025-11-22 16:10:57,Cach Mang Thang 8 (CMT8),Quan 3,10.77898143649726,106.67684447140958,21,35,1.0
2025-11-22 16:10:57,Pham Ngu Lao / Bui Vien,Quan 1,10.767112828386699,106.6927618222887,20,20,1.0
2025-11-22 16:10:58,Nguyen Thi Minh Khai,Quan 3,10.77847212665258,106.69389510879643,27,42,1.0
2025-11-22 16:10:59,Nguyen Van Troi,Phu Nhuan,10.796057790235078,106.67492629345334,21,34,1.0
2025-11-22 16:11:00,Pham Van Dong,Go Vap,10.835298215641501,106.72935479345391,35,42,0.998023
2025-11-22 16:11:01,Cong truong lam son,Quan 1,10.777562007197462,106.7041335430398,17,30,1.0
2025-11-22 16:11:02,Nguyen Oanh ,Go Vap,10.83886351241477,106.67566625482782,25,36,1.0
2025-11-22 16:11:03,Le Hong Phong,Quan 10,10.765187049751795,106.67550552599073,25,35,1.0
2025-11-22 16:11:03,Nguyen Van Cu,Quan 5,10.759484371982321,106.6840537511244,19,28,1.0
2025-11-22 16:11:04,Nga tu Binh Phuoc,Ngoai o,10.865229381280965,106.72366973948475,33,49,1.0
2025-11-22 16:11:05,Phu My Hung ,Quan 7,10.72279213640514,106.72808623948244,25,37,0.998998
2025-11-22 16:11:06,Nguyen Thai Son,Phu Nhuan,10.823400120373712,106.68551227436063,20,31,1.0
2025-11-22 16:11:07,An Duong Vuong,Quan 8,10.756158554057757,106.66631758181126,18,28,1.0
2025-11-22 16:11:08,Huynh Tan Phat,Nha Be,10.7144382088356,106.73711688366167,24,35,1.0
2025-11-22 16:11:09,Truong Chinh,Tan Binh ,10.817236653231737,106.63191539530457,21,35,1.0
2025-11-22 16:13:21,Cho Ben Thanh,Quan 1,10.772727584493625,106.69804225297563,15,24,0.99753
2025-11-22 16:13:21,Duong Nguyen Hue,Quan 1,10.774028664434528,106.70357076461706,17,28,1.0
2025-11-22 16:13:22,Nguyen Van Linh,Quan 7,10.752616652291238,106.72509685338922,39,39,1.0
2025-11-22 16:13:23,Vo Van Kiet,Quan 5,10.745754766198267,106.65326266831877,42,42,1.0
2025-11-22 16:13:24,Xa lo Ha Noi,QL1A,10.94927106740351,106.87196348224562,26,41,1.0
2025-11-22 16:13:25,Duong Dien Bien Phu,Quan 1,10.78866360854368,106.69551372228901,33,42,1.0
2025-11-22 16:13:26,Nga tu Hang Xanh,Binh Thanh,10.801406421807085,106.71148440879679,33,42,1.0
2025-11-22 16:13:27,Nga tu An Suong,Hoc Mon,10.843150534972033,106.6151343241409,22,35,1.0
2025-11-22 16:13:27,Ben xe Mien Dong,Quan 9,10.880537767027526,106.81481342866444,43,53,1.0
2025-11-22 16:13:28,Ben xe Mien Tay,Binh Tan,10.740840166521663,106.61899246873142,26,36,1.0
2025-11-22 16:13:29,Cau Sai Gon,Quan 2 ,10.798986343749618,106.72697056646841,45,45,1.0
2025-11-22 16:13:30,Cau Phu My,Q2,10.741860769464234,106.73790365482627,45,45,1.0
2025-11-22 16:13:37,Cau Kenh Te,Q4,10.752408891679814,106.7022703818112,24,34,1.0
2025-11-22 16:13:38,Cau Thu Thiem,Quan 2,10.786216596454727,106.71836665482695,40,40,1.0
2025-11-22 16:13:39,Nguyen Huu Canh,Binh Thanh,10.78948793356203,106.71518838181179,36,36,1.0
2025-11-22 16:13:39,Cong Hoa,Tan Binh,10.80223925742187,106.6478722259914,26,41,1.0
2025-11-22 16:13:41,Truong Son / Tan Son Nhat Blvd,Gan san bay,10.813928881466124,106.66511432455972,20,34,1.0
2025-11-22 16:13:42,Nguyen Trai,Quan 5,10.755608615763382,106.67347943578082,19,27,1.0
2025-11-22 16:13:49,Le Duan,Quan 1,10.782680856341083,106.70051548181169,18,30,1.0
2025-11-22 16:13:50,Tran Hung Dao ,Quan 5,10.754895139302109,106.67839188181134,20,33,1.0
2025-11-22 16:13:50,Tran Quoc Thao,Quan 3,10.785070445194592,106.68331340921323,12,28,1.0
2025-11-22 16:14:02,Tran Hung Dao,Quan 5,10.7549373008113,106.67848844133415,20,33,1.0
2025-11-22 16:14:03,Cach Mang Thang 8 (CMT8),Quan 3,10.77898143649726,106.67684447140958,24,34,1.0
2025-11-22 16:14:04,Pham Ngu Lao / Bui Vien,Quan 1,10.767112828386699,106.6927618222887,14,19,1.0
2025-11-22 16:14:05,Nguyen Thi Minh Khai,Quan 3,10.77847212665258,106.69389510879643,27,41,1.0
2025-11-22 16:14:14,Nguyen Van Troi,Phu Nhuan,10.796057790235078,106.67492629345334,20,34,1.0
2025-11-22 16:14:26,Pham Van Dong,Go Vap,10.835298215641501,106.72935479345391,36,42,0.998204
2025-11-22 16:14:27,Cong truong lam son,Quan 1,10.777562007197462,106.7041335430398,18,30,1.0
2025-11-22 16:14:28,Nguyen Oanh ,Go Vap,10.83886351241477,106.67566625482782,23,36,1.0
2025-11-22 16:14:29,Le Hong Phong,Quan 10,10.765187049751795,106.67550552599073,23,36,1.0
2025-11-22 16:14:29,Nguyen Van Cu,Quan 5,10.759484371982321,106.6840537511244,19,27,1.0
2025-11-22 16:14:30,Nga tu Binh Phuoc,Ngoai o,10.865229381280965,106.72366973948475,33,49,1.0
2025-11-22 16:14:38,Phu My Hung ,Quan 7,10.72279213640514,106.72808623948244,23,36,0.998476
2025-11-22 16:14:39,Nguyen Thai Son,Phu Nhuan,10.823400120373712,106.68551227436063,21,32,1.0
2025-11-22 16:14:40,An Duong Vuong,Quan 8,10.756158554057757,106.66631758181126,24,29,1.0
2025-11-22 16:14:41,Huynh Tan Phat,Nha Be,10.7144382088356,106.73711688366167,25,35,1.0
2025-11-22 16:14:42,Truong Chinh,Tan Binh ,10.817236653231737,106.63191539530457,21,35,1.0
2025-11-22 16:16:43,Cho Ben Thanh,Quan 1,10.772727584493625,106.69804225297563,14,23,0.998098
2025-11-22 16:16:43,Duong Nguyen Hue,Quan 1,10.774028664434528,106.70357076461706,29,29,1.0
2025-11-22 16:16:44,Nguyen Van Linh,Quan 7,10.752616652291238,106.72509685338922,39,39,1.0
2025-11-22 16:16:45,Vo Van Kiet,Quan 5,10.745754766198267,106.65326266831877,37,42,1.0
2025-11-22 16:16:46,Xa lo Ha Noi,QL1A,10.94927106740351,106.87196348224562,26,42,1.0
2025-11-22 16:16:47,Duong Dien Bien Phu,Quan 1,10.78866360854368,106.69551372228901,33,42,1.0
2025-11-22 16:16:48,Nga tu Hang Xanh,Binh Thanh,10.801406421807085,106.71148440879679,33,42,1.0
2025-11-22 16:16:48,Nga tu An Suong,Hoc Mon,10.843150534972033,106.6151343241409,21,35,1.0
2025-11-22 16:16:49,Ben xe Mien Dong,Quan 9,10.880537767027526,106.81481342866444,41,53,1.0
2025-11-22 16:16:50,Ben xe Mien Tay,Binh Tan,10.740840166521663,106.61899246873142,28,35,1.0
2025-11-22 16:16:51,Cau Sai Gon,Quan 2 ,10.798986343749618,106.72697056646841,45,45,1.0
2025-11-22 16:16:52,Cau Phu My,Q2,10.741860769464234,106.73790365482627,45,45,1.0
2025-11-22 16:16:53,Cau Kenh Te,Q4,10.752408891679814,106.7022703818112,23,33,1.0
2025-11-22 16:17:05,Cau Thu Thiem,Quan 2,10.786216596454727,106.71836665482695,40,40,1.0
2025-11-22 16:17:17,Nguyen Huu Canh,Binh Thanh,10.78948793356203,106.71518838181179,36,36,1.0
2025-11-22 16:17:29,Cong Hoa,Tan Binh,10.80223925742187,106.6478722259914,28,41,1.0
2025-11-22 16:17:41,Truong Son / Tan Son Nhat Blvd,Gan san bay,10.813928881466124,106.66511432455972,22,34,1.0
2025-11-22 16:17:41,Nguyen Trai,Quan 5,10.755608615763382,106.67347943578082,20,28,1.0
2025-11-22 16:17:42,Le Duan,Quan 1,10.782680856341083,106.70051548181169,17,30,1.0
2025-11-22 16:17:43,Tran Hung Dao ,Quan 5,10.754895139302109,106.67839188181134,20,32,1.0
2025-11-22 16:17:44,Tran Quoc Thao,Quan 3,10.785070445194592,106.68331340921323,11,27,1.0
2025-11-22 16:17:56,Tran Hung Dao,Quan 5,10.7549373008113,106.67848844133415,20,32,1.0
2025-11-22 16:18:08,Cach Mang Thang 8 (CMT8),Quan 3,10.77898143649726,106.67684447140958,21,34,1.0
2025-11-22 16:18:09,Pham Ngu Lao / Bui Vien,Quan 1,10.767112828386699,106.6927618222887,12,20,1.0
2025-11-22 16:18:09,Nguyen Thi Minh Khai,Quan 3,10.77847212665258,106.69389510879643,27,41,1.0
2025-11-22 16:18:10,Nguyen Van Troi,Phu Nhuan,10.796057790235078,106.67492629345334,22,34,1.0
2025-11-22 16:18:11,Pham Van Dong,Go Vap,10.835298215641501,106.72935479345391,33,42,0.998149
2025-11-22 16:18:12,Cong truong lam son,Quan 1,10.777562007197462,106.7041335430398,17,30,1.0
2025-11-22 16:18:20,Nguyen Oanh ,Go Vap,10.83886351241477,106.67566625482782,26,36,1.0
2025-11-22 16:18:21,Le Hong Phong,Quan 10,10.765187049751795,106.67550552599073,23,35,1.0
2025-11-22 16:18:21,Nguyen Van Cu,Quan 5,10.759484371982321,106.6840537511244,20,28,1.0
2025-11-22 16:18:22,Nga tu Binh Phuoc,Ngoai o,10.865229381280965,106.72366973948475,32,49,1.0
2025-11-22 16:18:23,Phu My Hung ,Quan 7,10.72279213640514,106.72808623948244,23,37,0.998476
2025-11-22 16:18:24,Nguyen Thai Son,Phu Nhuan,10.823400120373712,106.68551227436063,22,32,1.0
2025-11-22 16:18:31,An Duong Vuong,Quan 8,10.756158554057757,106.66631758181126,18,29,1.0
2025-11-22 16:18:32,Huynh Tan Phat,Nha Be,10.7144382088356,106.73711688366167,24,35,1.0
2025-11-22 16:18:33,Truong Chinh,Tan Binh ,10.817236653231737,106.63191539530457,21,35,1.0
2025-11-22 16:20:45,Cho Ben Thanh,Quan 1,10.772727584493625,106.69804225297563,14,24,0.998765
2025-11-22 16:20:46,Duong Nguyen Hue,Quan 1,10.774028664434528,106.70357076461706,23,28,1.0
2025-11-22 16:20:47,Nguyen Van Linh,Quan 7,10.752616652291238,106.72509685338922,39,39,1.0
2025-11-22 16:20:48,Vo Van Kiet,Quan 5,10.745754766198267,106.65326266831877,42,42,1.0
2025-11-22 16:20:48,Xa lo Ha Noi,QL1A,10.94927106740351,106.87196348224562,29,40,1.0
2025-11-22 16:20:49,Duong Dien Bien Phu,Quan 1,10.78866360854368,106.69551372228901,31,42,1.0
2025-11-22 16:20:50,Nga tu Hang Xanh,Binh Thanh,10.801406421807085,106.71148440879679,31,42,1.0
2025-11-22 16:20:51,Nga tu An Suong,Hoc Mon,10.843150534972033,106.6151343241409,21,35,1.0
2025-11-22 16:20:58,Ben xe Mien Dong,Quan 9,10.880537767027526,106.81481342866444,42,53,1.0
2025-11-22 16:21:10,Ben xe Mien Tay,Binh Tan,10.740840166521663,106.61899246873142,25,35,1.0
2025-11-22 16:21:11,Cau Sai Gon,Quan 2 ,10.798986343749618,106.72697056646841,45,45,1.0
2025-11-22 16:21:11,Cau Phu My,Q2,10.741860769464234,106.73790365482627,45,45,1.0
2025-11-22 16:21:12,Cau Kenh Te,Q4,10.752408891679814,106.7022703818112,22,33,1.0
2025-11-22 16:21:13,Cau Thu Thiem,Quan 2,10.786216596454727,106.71836665482695,40,40,1.0
2025-11-22 16:21:14,Nguyen Huu Canh,Binh Thanh,10.78948793356203,106.71518838181179,36,36,1.0
2025-11-22 16:21:26,Cong Hoa,Tan Binh,10.80223925742187,106.6478722259914,31,41,1.0
2025-11-22 16:21:38,Truong Son / Tan Son Nhat Blvd,Gan san bay,10.813928881466124,106.66511432455972,20,34,1.0
2025-11-22 16:21:39,Nguyen Trai,Quan 5,10.755608615763382,106.67347943578082,18,26,0.998954
2025-11-22 16:21:39,Le Duan,Quan 1,10.782680856341083,106.70051548181169,17,30,1.0
2025-11-22 16:21:40,Tran Hung Dao ,Quan 5,10.754895139302109,106.67839188181134,20,32,1.0
2025-11-22 16:21:41,Tran Quoc Thao,Quan 3,10.785070445194592,106.68331340921323,12,28,1.0
2025-11-22 16:21:42,Tran Hung Dao,Quan 5,10.7549373008113,106.67848844133415,20,32,1.0
2025-11-22 16:21:50,Cach Mang Thang 8 (CMT8),Quan 3,10.77898143649726,106.67684447140958,22,34,1.0
2025-11-22 16:22:02,Pham Ngu Lao / Bui Vien,Quan 1,10.767112828386699,106.6927618222887,20,20,1.0
2025-11-22 16:22:02,Nguyen Thi Minh Khai,Quan 3,10.77847212665258,106.69389510879643,28,42,1.0
2025-11-22 16:22:03,Nguyen Van Troi,Phu Nhuan,10.796057790235078,106.67492629345334,21,34,0.999713
2025-11-22 16:22:04,Pham Van Dong,Go Vap,10.835298215641501,106.72935479345391,35,42,0.998136
2025-11-22 16:22:05,Cong truong lam son,Quan 1,10.777562007197462,106.7041335430398,17,30,1.0
2025-11-22 16:22:06,Nguyen Oanh ,Go Vap,10.83886351241477,106.67566625482782,25,36,1.0
2025-11-22 16:22:14,Le Hong Phong,Quan 10,10.765187049751795,106.67550552599073,24,36,1.0
2025-11-22 16:22:14,Nguyen Van Cu,Quan 5,10.759484371982321,106.6840537511244,19,27,1.0
2025-11-22 16:22:15,Nga tu Binh Phuoc,Ngoai o,10.865229381280965,106.72366973948475,33,49,1.0
2025-11-22 16:22:16,Phu My Hung ,Quan 7,10.72279213640514,106.72808623948244,22,37,0.998015
2025-11-22 16:22:17,Nguyen Thai Son,Phu Nhuan,10.823400120373712,106.68551227436063,22,31,1.0
2025-11-22 16:22:18,An Duong Vuong,Quan 8,10.756158554057757,106.66631758181126,22,30,1.0
2025-11-22 16:22:19,Huynh Tan Phat,Nha Be,10.7144382088356,106.73711688366167,24,35,1.0
2025-11-22 16:22:20,Truong Chinh,Tan Binh ,10.817236653231737,106.63191539530457,21,35,1.0
2025-11-22 16:24:32,Cho Ben Thanh,Quan 1,10.772727584493625,106.69804225297563,14,24,0.998765
2025-11-22 16:24:32,Duong Nguyen Hue,Quan 1,10.774028664434528,106.70357076461706,22,29,1.0
2025-11-22 16:24:33,Nguyen Van Linh,Quan 7,10.752616652291238,106.72509685338922,39,39,1.0
2025-11-22 16:24:34,Vo Van Kiet,Quan 5,10.745754766198267,106.65326266831877,42,42,1.0
2025-11-22 16:24:35,Xa lo Ha Noi,QL1A,10.94927106740351,106.87196348224562,27,42,1.0
2025-11-22 16:24:36,Duong Dien Bien Phu,Quan 1,10.78866360854368,106.69551372228901,33,42,1.0
2025-11-22 16:24:37,Nga tu Hang Xanh,Binh Thanh,10.801406421807085,106.71148440879679,33,42,1.0
2025-11-22 16:24:38,Nga tu An Suong,Hoc Mon,10.843150534972033,106.6151343241409,22,35,1.0
2025-11-22 16:24:38,Ben xe Mien Dong,Quan 9,10.880537767027526,106.81481342866444,41,54,1.0
2025-11-22 16:24:50,Ben xe Mien Tay,Binh Tan,10.740840166521663,106.61899246873142,26,35,1.0
2025-11-22 16:25:02,Cau Sai Gon,Quan 2 ,10.798986343749618,106.72697056646841,45,45,1.0
2025-11-22 16:25:14,Cau Phu My,Q2,10.741860769464234,106.73790365482627,37,44,1.0
2025-11-22 16:25:26,Cau Kenh Te,Q4,10.752408891679814,106.7022703818112,22,33,1.0
2025-11-22 16:25:27,Cau Thu Thiem,Quan 2,10.786216596454727,106.71836665482695,40,40,1.0
2025-11-22 16:25:28,Nguyen Huu Canh,Binh Thanh,10.78948793356203,106.71518838181179,36,36,1.0
2025-11-22 16:25:28,Cong Hoa,Tan Binh,10.80223925742187,106.6478722259914,29,40,1.0
2025-11-22 16:25:29,Truong Son / Tan Son Nhat Blvd,Gan san bay,10.813928881466124,106.66511432455972,22,34,1.0
2025-11-22 16:25:30,Nguyen Trai,Quan 5,10.755608615763382,106.67347943578082,18,27,1.0
2025-11-22 16:25:31,Le Duan,Quan 1,10.782680856341083,106.70051548181169,18,30,1.0
2025-11-22 16:25:43,Tran Hung Dao ,Quan 5,10.754895139302109,106.67839188181134,20,33,1.0
2025-11-22 16:25:55,Tran Quoc Thao,Quan 3,10.785070445194592,106.68331340921323,13,27,1.0
2025-11-22 16:26:07,Tran Hung Dao,Quan 5,10.7549373008113,106.67848844133415,19,32,1.0
2025-11-22 16:26:08,Cach Mang Thang 8 (CMT8),Quan 3,10.77898143649726,106.67684447140958,22,34,1.0
2025-11-22 16:26:09,Pham Ngu Lao / Bui Vien,Quan 1,10.767112828386699,106.6927618222887,13,20,1.0
2025-11-22 16:26:09,Nguyen Thi Minh Khai,Quan 3,10.77847212665258,106.69389510879643,28,42,1.0
2025-11-22 16:26:10,Nguyen Van Troi,Phu Nhuan,10.796057790235078,106.67492629345334,21,34,1.0
2025-11-22 16:26:11,Pham Van Dong,Go Vap,10.835298215641501,106.72935479345391,33,42,0.997246
2025-11-22 16:26:19,Cong truong lam son,Quan 1,10.777562007197462,106.7041335430398,17,30,1.0
2025-11-22 16:26:20,Nguyen Oanh ,Go Vap,10.83886351241477,106.67566625482782,27,36,1.0
2025-11-22 16:26:20,Le Hong Phong,Quan 10,10.765187049751795,106.67550552599073,23,35,1.0
2025-11-22 16:26:32,Nguyen Van Cu,Quan 5,10.759484371982321,106.6840537511244,16,27,0.998943
2025-11-22 16:26:33,Nga tu Binh Phuoc,Ngoai o,10.865229381280965,106.72366973948475,34,49,1.0
2025-11-22 16:26:34,Phu My Hung ,Quan 7,10.72279213640514,106.72808623948244,23,37,0.998072
2025-11-22 16:26:35,Nguyen Thai Son,Phu Nhuan,10.823400120373712,106.68551227436063,21,31,1.0
2025-11-22 16:26:44,An Duong Vuong,Quan 8,10.756158554057757,106.66631758181126,21,30,1.0
2025-11-22 16:26:45,Huynh Tan Phat,Nha Be,10.7144382088356,106.73711688366167,25,35,1.0
2025-11-22 16:26:46,Truong Chinh,Tan Binh ,10.817236653231737,106.63191539530457,22,35,1.0
2025-11-22 16:28:58,Cho Ben Thanh,Quan 1,10.772727584493625,106.69804225297563,15,24,1.0
2025-11-22 16:28:59,Duong Nguyen Hue,Quan 1,10.774028664434528,106.70357076461706,21,28,1.0
2025-11-22 16:28:59,Nguyen Van Linh,Quan 7,10.752616652291238,106.72509685338922,30,39,1.0
2025-11-22 16:29:00,Vo Van Kiet,Quan 5,10.745754766198267,106.65326266831877,35,43,1.0
2025-11-22 16:29:01,Xa lo Ha Noi,QL1A,10.94927106740351,106.87196348224562,28,42,1.0
2025-11-22 16:29:02,Duong Dien Bien Phu,Quan 1,10.78866360854368,106.69551372228901,32,42,1.0
2025-11-22 16:29:03,Nga tu Hang Xanh,Binh Thanh,10.801406421807085,106.71148440879679,32,42,1.0
2025-11-22 16:29:04,Nga tu An Suong,Hoc Mon,10.843150534972033,106.6151343241409,22,35,1.0
2025-11-22 16:29:05,Ben xe Mien Dong,Quan 9,10.880537767027526,106.81481342866444,41,53,1.0
2025-11-22 16:29:05,Ben xe Mien Tay,Binh Tan,10.740840166521663,106.61899246873142,26,35,1.0
2025-11-22 16:29:06,Cau Sai Gon,Quan 2 ,10.798986343749618,106.72697056646841,45,45,1.0
2025-11-22 16:29:13,Cau Phu My,Q2,10.741860769464234,106.73790365482627,37,44,1.0
2025-11-22 16:29:25,Cau Kenh Te,Q4,10.752408891679814,106.7022703818112,23,32,1.0
2025-11-22 16:29:26,Cau Thu Thiem,Quan 2,10.786216596454727,106.71836665482695,40,40,1.0
2025-11-22 16:29:27,Nguyen Huu Canh,Binh Thanh,10.78948793356203,106.71518838181179,36,36,1.0
2025-11-22 16:29:27,Cong Hoa,Tan Binh,10.80223925742187,106.6478722259914,26,41,1.0
2025-11-22 16:29:28,Truong Son / Tan Son Nhat Blvd,Gan san bay,10.813928881466124,106.66511432455972,21,34,0.997914
2025-11-22 16:29:29,Nguyen Trai,Quan 5,10.755608615763382,106.67347943578082,19,27,0.998951
2025-11-22 16:29:37,Le Duan,Quan 1,10.782680856341083,106.70051548181169,17,30,1.0
2025-11-22 16:29:40,Tran Hung Dao ,Quan 5,10.754895139302109,106.67839188181134,20,32,1.0
2025-11-22 16:29:41,Tran Quoc Thao,Quan 3,10.785070445194592,106.68331340921323,13,28,1.0
2025-11-22 16:29:49,Tran Hung Dao,Quan 5,10.7549373008113,106.67848844133415,20,32,1.0
2025-11-22 16:29:50,Cach Mang Thang 8 (CMT8),Quan 3,10.77898143649726,106.67684447140958,23,35,1.0
2025-11-22 16:29:50,Pham Ngu Lao / Bui Vien,Quan 1,10.767112828386699,106.6927618222887,15,20,1.0
2025-11-22 16:29:51,Nguyen Thi Minh Khai,Quan 3,10.77847212665258,106.69389510879643,28,41,1.0
2025-11-22 16:29:52,Nguyen Van Troi,Phu Nhuan,10.796057790235078,106.67492629345334,21,34,0.997914
2025-11-22 16:29:53,Pham Van Dong,Go Vap,10.835298215641501,106.72935479345391,34,42,0.996696
2025-11-22 16:30:01,Cong truong lam son,Quan 1,10.777562007197462,106.7041335430398,17,30,1.0
2025-11-22 16:30:02,Nguyen Oanh ,Go Vap,10.83886351241477,106.67566625482782,25,36,1.0
2025-11-22 16:30:02,Le Hong Phong,Quan 10,10.765187049751795,106.67550552599073,25,35,1.0
2025-11-22 16:30:03,Nguyen Van Cu,Quan 5,10.759484371982321,106.6840537511244,19,27,0.998951
2025-11-22 16:30:04,Nga tu Binh Phuoc,Ngoai o,10.865229381280965,106.72366973948475,34,49,1.0
2025-11-22 16:30:05,Phu My Hung ,Quan 7,10.72279213640514,106.72808623948244,22,37,0.998603
2025-11-22 16:30:13,Nguyen Thai Son,Phu Nhuan,10.823400120373712,106.68551227436063,20,31,1.0
2025-11-22 16:30:14,An Duong Vuong,Quan 8,10.756158554057757,106.66631758181126,23,29,1.0
2025-11-22 16:30:15,Huynh Tan Phat,Nha Be,10.7144382088356,106.73711688366167,24,35,1.0
2025-11-22 16:30:15,Truong Chinh,Tan Binh ,10.817236653231737,106.63191539530457,22,35,1.0
2025-11-22 16:32:16,Cho Ben Thanh,Quan 1,10.772727584493625,106.69804225297563,14,24,0.998765
2025-11-22 16:32:28,Duong Nguyen Hue,Quan 1,10.774028664434528,106.70357076461706,22,29,1.0
2025-11-22 16:32:40,Nguyen Van Linh,Quan 7,10.752616652291238,106.72509685338922,28,39,1.0
2025-11-22 16:32:41,Vo Van Kiet,Quan 5,10.745754766198267,106.65326266831877,37,43,1.0
2025-11-22 16:32:42,Xa lo Ha Noi,QL1A,10.94927106740351,106.87196348224562,29,41,1.0
2025-11-22 16:32:52,Duong Dien Bien Phu,Quan 1,10.78866360854368,106.69551372228901,30,42,1.0
2025-11-22 16:33:04,Nga tu Hang Xanh,Binh Thanh,10.801406421807085,106.71148440879679,30,42,1.0
2025-11-22 16:33:05,Nga tu An Suong,Hoc Mon,10.843150534972033,106.6151343241409,22,35,1.0
2025-11-22 16:33:06,Ben xe Mien Dong,Quan 9,10.880537767027526,106.81481342866444,41,53,1.0
2025-11-22 16:33:07,Ben xe Mien Tay,Binh Tan,10.740840166521663,106.61899246873142,26,35,1.0
2025-11-22 16:33:08,Cau Sai Gon,Quan 2 ,10.798986343749618,106.72697056646841,45,45,1.0
2025-11-22 16:33:09,Cau Phu My,Q2,10.741860769464234,106.73790365482627,45,45,1.0
2025-11-22 16:33:21,Cau Kenh Te,Q4,10.752408891679814,106.7022703818112,23,34,1.0
2025-11-22 16:33:22,Cau Thu Thiem,Quan 2,10.786216596454727,106.71836665482695,40,40,1.0
2025-11-22 16:33:22,Nguyen Huu Canh,Binh Thanh,10.78948793356203,106.71518838181179,25,35,1.0
2025-11-22 16:33:23,Cong Hoa,Tan Binh,10.80223925742187,106.6478722259914,29,41,1.0
2025-11-22 16:33:24,Truong Son / Tan Son Nhat Blvd,Gan san bay,10.813928881466124,106.66511432455972,20,34,0.997652
2025-11-22 16:33:25,Nguyen Trai,Quan 5,10.755608615763382,106.67347943578082,20,27,0.998947
2025-11-22 16:33:26,Le Duan,Quan 1,10.782680856341083,106.70051548181169,17,30,1.0
2025-11-22 16:33:27,Tran Hung Dao ,Quan 5,10.754895139302109,106.67839188181134,18,32,1.0
2025-11-22 16:33:27,Tran Quoc Thao,Quan 3,10.785070445194592,106.68331340921323,15,28,1.0
2025-11-22 16:33:28,Tran Hung Dao,Quan 5,10.7549373008113,106.67848844133415,18,32,1.0
2025-11-22 16:33:29,Cach Mang Thang 8 (CMT8),Quan 3,10.77898143649726,106.67684447140958,22,34,1.0
2025-11-22 16:33:30,Pham Ngu Lao / Bui Vien,Quan 1,10.767112828386699,106.6927618222887,15,19,1.0
2025-11-22 16:33:31,Nguyen Thi Minh Khai,Quan 3,10.77847212665258,106.69389510879643,28,41,1.0
2025-11-22 16:33:32,Nguyen Van Troi,Phu Nhuan,10.796057790235078,106.67492629345334,20,34,0.997652
2025-11-22 16:33:33,Pham Van Dong,Go Vap,10.835298215641501,106.72935479345391,34,42,0.99708
2025-11-22 16:33:34,Cong truong lam son,Quan 1,10.777562007197462,106.7041335430398,17,30,1.0
2025-11-22 16:33:34,Nguyen Oanh ,Go Vap,10.83886351241477,106.67566625482782,26,36,1.0
2025-11-22 16:33:41,Le Hong Phong,Quan 10,10.765187049751795,106.67550552599073,19,35,1.0
2025-11-22 16:33:53,Nguyen Van Cu,Quan 5,10.759484371982321,106.6840537511244,20,27,0.998947
2025-11-22 16:33:54,Nga tu Binh Phuoc,Ngoai o,10.865229381280965,106.72366973948475,34,49,1.0
2025-11-22 16:33:55,Phu My Hung ,Quan 7,10.72279213640514,106.72808623948244,22,37,0.99765
2025-11-22 16:33:56,Nguyen Thai Son,Phu Nhuan,10.823400120373712,106.68551227436063,24,31,1.0
2025-11-22 16:33:57,An Duong Vuong,Quan 8,10.756158554057757,106.66631758181126,23,29,1.0
2025-11-22 16:33:57,Huynh Tan Phat,Nha Be,10.7144382088356,106.73711688366167,24,35,1.0
2025-11-22 16:34:05,Truong Chinh,Tan Binh ,10.817236653231737,106.63191539530457,23,35,1.0
2025-11-22 16:36:17,Cho Ben Thanh,Quan 1,10.772727584493625,106.69804225297563,14,24,0.998765
2025-11-22 16:36:18,Duong Nguyen Hue,Quan 1,10.774028664434528,106.70357076461706,14,28,1.0
2025-11-22 16:36:19,Nguyen Van Linh,Quan 7,10.752616652291238,106.72509685338922,39,39,1.0
2025-11-22 16:36:19,Vo Van Kiet,Quan 5,10.745754766198267,106.65326266831877,42,42,1.0
2025-11-22 16:36:20,Xa lo Ha Noi,QL1A,10.94927106740351,106.87196348224562,22,43,1.0
2025-11-22 16:36:21,Duong Dien Bien Phu,Quan 1,10.78866360854368,106.69551372228901,33,41,1.0
2025-11-22 16:36:22,Nga tu Hang Xanh,Binh Thanh,10.801406421807085,106.71148440879679,33,41,1.0
2025-11-22 16:36:23,Nga tu An Suong,Hoc Mon,10.843150534972033,106.6151343241409,23,34,1.0
2025-11-22 16:36:24,Ben xe Mien Dong,Quan 9,10.880537767027526,106.81481342866444,41,53,1.0
2025-11-22 16:36:25,Ben xe Mien Tay,Binh Tan,10.740840166521663,106.61899246873142,28,35,1.0
2025-11-22 16:36:26,Cau Sai Gon,Quan 2 ,10.798986343749618,106.72697056646841,45,45,1.0
2025-11-22 16:36:26,Cau Phu My,Q2,10.741860769464234,106.73790365482627,45,45,1.0
2025-11-22 16:36:27,Cau Kenh Te,Q4,10.752408891679814,106.7022703818112,21,34,1.0
2025-11-22 16:36:28,Cau Thu Thiem,Quan 2,10.786216596454727,106.71836665482695,40,40,1.0
2025-11-22 16:36:29,Nguyen Huu Canh,Binh Thanh,10.78948793356203,106.71518838181179,36,36,1.0
2025-11-22 16:36:30,Cong Hoa,Tan Binh,10.80223925742187,106.6478722259914,28,41,1.0
2025-11-22 16:36:31,Truong Son / Tan Son Nhat Blvd,Gan san bay,10.813928881466124,106.66511432455972,22,33,0.997914
2025-11-22 16:36:32,Nguyen Trai,Quan 5,10.755608615763382,106.67347943578082,18,27,0.998939
2025-11-22 16:36:32,Le Duan,Quan 1,10.782680856341083,106.70051548181169,19,30,1.0
2025-11-22 16:36:33,Tran Hung Dao ,Quan 5,10.754895139302109,106.67839188181134,19,32,1.0
2025-11-22 16:36:45,Tran Quoc Thao,Quan 3,10.785070445194592,106.68331340921323,13,28,1.0
2025-11-22 16:36:46,Tran Hung Dao,Quan 5,10.7549373008113,106.67848844133415,19,32,1.0
2025-11-22 16:36:47,Cach Mang Thang 8 (CMT8),Quan 3,10.77898143649726,106.67684447140958,21,34,1.0
2025-11-22 16:36:48,Pham Ngu Lao / Bui Vien,Quan 1,10.767112828386699,106.6927618222887,20,20,1.0
2025-11-22 16:36:49,Nguyen Thi Minh Khai,Quan 3,10.77847212665258,106.69389510879643,28,42,1.0
2025-11-22 16:36:50,Nguyen Van Troi,Phu Nhuan,10.796057790235078,106.67492629345334,22,33,0.997914
2025-11-22 16:36:51,Pham Van Dong,Go Vap,10.835298215641501,106.72935479345391,34,42,0.997441
2025-11-22 16:36:51,Cong truong lam son,Quan 1,10.777562007197462,106.7041335430398,19,30,1.0
2025-11-22 16:36:52,Nguyen Oanh ,Go Vap,10.83886351241477,106.67566625482782,26,36,1.0
2025-11-22 16:36:53,Le Hong Phong,Quan 10,10.765187049751795,106.67550552599073,23,35,1.0
2025-11-22 16:36:54,Nguyen Van Cu,Quan 5,10.759484371982321,106.6840537511244,18,27,0.998939
2025-11-22 16:36:57,Nga tu Binh Phuoc,Ngoai o,10.865229381280965,106.72366973948475,34,49,1.0
2025-11-22 16:37:09,Phu My Hung ,Quan 7,10.72279213640514,106.72808623948244,21,37,0.998112
2025-11-22 16:37:10,Nguyen Thai Son,Phu Nhuan,10.823400120373712,106.68551227436063,24,32,1.0
2025-11-22 16:37:11,An Duong Vuong,Quan 8,10.756158554057757,106.66631758181126,21,29,1.0
2025-11-22 16:37:12,Huynh Tan Phat,Nha Be,10.7144382088356,106.73711688366167,24,35,1.0
2025-11-22 16:37:13,Truong Chinh,Tan Binh ,10.817236653231737,106.63191539530457,23,35,1.0
2025-11-22 16:39:25,Cho Ben Thanh,Quan 1,10.772727584493625,106.69804225297563,13,24,0.998765
2025-11-22 16:39:25,Duong Nguyen Hue,Quan 1,10.774028664434528,106.70357076461706,17,28,1.0
2025-11-22 16:39:26,Nguyen Van Linh,Quan 7,10.752616652291238,106.72509685338922,29,39,1.0
2025-11-22 16:39:27,Vo Van Kiet,Quan 5,10.745754766198267,106.65326266831877,38,43,1.0
2025-11-22 16:39:28,Xa lo Ha Noi,QL1A,10.94927106740351,106.87196348224562,21,42,1.0
2025-11-22 16:39:29,Duong Dien Bien Phu,Quan 1,10.78866360854368,106.69551372228901,33,42,1.0
2025-11-22 16:39:41,Nga tu Hang Xanh,Binh Thanh,10.801406421807085,106.71148440879679,33,42,1.0
2025-11-22 16:39:42,Nga tu An Suong,Hoc Mon,10.843150534972033,106.6151343241409,22,35,1.0
2025-11-22 16:39:43,Ben xe Mien Dong,Quan 9,10.880537767027526,106.81481342866444,43,53,1.0
2025-11-22 16:39:43,Ben xe Mien Tay,Binh Tan,10.740840166521663,106.61899246873142,27,35,1.0
2025-11-22 16:39:44,Cau Sai Gon,Quan 2 ,10.798986343749618,106.72697056646841,45,45,1.0
2025-11-22 16:39:45,Cau Phu My,Q2,10.741860769464234,106.73790365482627,37,44,1.0
2025-11-22 16:39:46,Cau Kenh Te,Q4,10.752408891679814,106.7022703818112,22,34,1.0
2025-11-22 16:39:53,Cau Thu Thiem,Quan 2,10.786216596454727,106.71836665482695,40,40,1.0
2025-11-22 16:39:54,Nguyen Huu Canh,Binh Thanh,10.78948793356203,106.71518838181179,36,36,1.0
2025-11-22 16:39:55,Cong Hoa,Tan Binh,10.80223925742187,106.6478722259914,29,40,1.0
2025-11-22 16:39:55,Truong Son / Tan Son Nhat Blvd,Gan san bay,10.813928881466124,106.66511432455972,20,34,1.0
2025-11-22 16:39:56,Nguyen Trai,Quan 5,10.755608615763382,106.67347943578082,18,27,0.998951
2025-11-22 16:39:57,Le Duan,Quan 1,10.782680856341083,106.70051548181169,18,30,1.0
2025-11-22 16:40:09,Tran Hung Dao ,Quan 5,10.754895139302109,106.67839188181134,20,32,1.0
2025-11-22 16:40:22,Tran Quoc Thao,Quan 3,10.785070445194592,106.68331340921323,13,26,1.0
2025-11-22 16:40:35,Tran Hung Dao,Quan 5,10.7549373008113,106.67848844133415,20,32,1.0
2025-11-22 16:40:36,Cach Mang Thang 8 (CMT8),Quan 3,10.77898143649726,106.67684447140958,21,35,1.0
2025-11-22 16:40:37,Pham Ngu Lao / Bui Vien,Quan 1,10.767112828386699,106.6927618222887,14,20,1.0
2025-11-22 16:40:38,Nguyen Thi Minh Khai,Quan 3,10.77847212665258,106.69389510879643,27,42,1.0
2025-11-22 16:40:38,Nguyen Van Troi,Phu Nhuan,10.796057790235078,106.67492629345334,20,34,1.0
2025-11-22 16:40:39,Pham Van Dong,Go Vap,10.835298215641501,106.72935479345391,34,43,0.996804
2025-11-22 16:40:40,Cong truong lam son,Quan 1,10.777562007197462,106.7041335430398,18,30,1.0
2025-11-22 16:40:48,Nguyen Oanh ,Go Vap,10.83886351241477,106.67566625482782,25,36,1.0
2025-11-22 16:41:01,Le Hong Phong,Quan 10,10.765187049751795,106.67550552599073,20,35,1.0
2025-11-22 16:41:02,Nguyen Van Cu,Quan 5,10.759484371982321,106.6840537511244,18,27,0.998947
2025-11-22 16:41:02,Nga tu Binh Phuoc,Ngoai o,10.865229381280965,106.72366973948475,34,49,1.0
2025-11-22 16:41:03,Phu My Hung ,Quan 7,10.72279213640514,106.72808623948244,21,37,0.998112
2025-11-22 16:41:04,Nguyen Thai Son,Phu Nhuan,10.823400120373712,106.68551227436063,23,31,1.0
2025-11-22 16:41:05,An Duong Vuong,Quan 8,10.756158554057757,106.66631758181126,21,29,1.0
2025-11-22 16:41:06,Huynh Tan Phat,Nha Be,10.7144382088356,106.73711688366167,23,35,1.0
2025-11-22 16:41:14,Truong Chinh,Tan Binh ,10.817236653231737,106.63191539530457,22,35,1.0
2025-11-22 16:43:15,Cho Ben Thanh,Quan 1,10.772727584493625,106.69804225297563,15,24,0.998765
2025-11-22 16:43:16,Duong Nguyen Hue,Quan 1,10.774028664434528,106.70357076461706,17,28,1.0
2025-11-22 16:43:16,Nguyen Van Linh,Quan 7,10.752616652291238,106.72509685338922,36,43,1.0
2025-11-22 16:43:17,Vo Van Kiet,Quan 5,10.745754766198267,106.65326266831877,42,42,1.0
2025-11-22 16:43:18,Xa lo Ha Noi,QL1A,10.94927106740351,106.87196348224562,26,42,1.0
2025-11-22 16:43:19,Duong Dien Bien Phu,Quan 1,10.78866360854368,106.69551372228901,32,42,1.0
2025-11-22 16:43:31,Nga tu Hang Xanh,Binh Thanh,10.801406421807085,106.71148440879679,32,42,1.0
2025-11-22 16:43:43,Nga tu An Suong,Hoc Mon,10.843150534972033,106.6151343241409,23,35,1.0
2025-11-22 16:43:44,Ben xe Mien Dong,Quan 9,10.880537767027526,106.81481342866444,40,53,1.0
2025-11-22 16:43:56,Ben xe Mien Tay,Binh Tan,10.740840166521663,106.61899246873142,27,35,1.0
2025-11-22 16:44:08,Cau Sai Gon,Quan 2 ,10.798986343749618,106.72697056646841,45,45,1.0
2025-11-22 16:44:08,Cau Phu My,Q2,10.741860769464234,106.73790365482627,45,45,1.0
2025-11-22 16:44:09,Cau Kenh Te,Q4,10.752408891679814,106.7022703818112,22,33,1.0
2025-11-22 16:44:10,Cau Thu Thiem,Quan 2,10.786216596454727,106.71836665482695,40,40,1.0
2025-11-22 16:44:11,Nguyen Huu Canh,Binh Thanh,10.78948793356203,106.71518838181179,27,35,1.0
2025-11-22 16:44:12,Cong Hoa,Tan Binh,10.80223925742187,106.6478722259914,25,41,1.0
2025-11-22 16:44:19,Truong Son / Tan Son Nhat Blvd,Gan san bay,10.813928881466124,106.66511432455972,20,33,1.0
2025-11-22 16:44:31,Nguyen Trai,Quan 5,10.755608615763382,106.67347943578082,18,28,1.0
2025-11-22 16:44:43,Le Duan,Quan 1,10.782680856341083,106.70051548181169,16,30,1.0
2025-11-22 16:44:44,Tran Hung Dao ,Quan 5,10.754895139302109,106.67839188181134,21,32,1.0
2025-11-22 16:44:45,Tran Quoc Thao,Quan 3,10.785070445194592,106.68331340921323,13,27,1.0
2025-11-22 16:44:46,Tran Hung Dao,Quan 5,10.7549373008113,106.67848844133415,21,32,1.0
2025-11-22 16:44:47,Cach Mang Thang 8 (CMT8),Quan 3,10.77898143649726,106.67684447140958,20,34,1.0
2025-11-22 16:44:48,Pham Ngu Lao / Bui Vien,Quan 1,10.767112828386699,106.6927618222887,16,20,1.0
2025-11-22 16:45:00,Nguyen Thi Minh Khai,Quan 3,10.77847212665258,106.69389510879643,27,41,1.0
2025-11-22 16:45:11,Nguyen Van Troi,Phu Nhuan,10.796057790235078,106.67492629345334,21,33,1.0
2025-11-22 16:45:12,Pham Van Dong,Go Vap,10.835298215641501,106.72935479345391,34,42,0.997655
2025-11-22 16:45:13,Cong truong lam son,Quan 1,10.777562007197462,106.7041335430398,16,30,1.0
2025-11-22 16:45:14,Nguyen Oanh ,Go Vap,10.83886351241477,106.67566625482782,25,36,1.0
2025-11-22 16:45:15,Le Hong Phong,Quan 10,10.765187049751795,106.67550552599073,25,35,1.0
2025-11-22 16:45:16,Nguyen Van Cu,Quan 5,10.759484371982321,106.6840537511244,20,27,1.0
2025-11-22 16:45:23,Nga tu Binh Phuoc,Ngoai o,10.865229381280965,106.72366973948475,34,49,1.0
2025-11-22 16:45:24,Phu My Hung ,Quan 7,10.72279213640514,106.72808623948244,23,37,0.997112
2025-11-22 16:45:25,Nguyen Thai Son,Phu Nhuan,10.823400120373712,106.68551227436063,24,31,1.0
2025-11-22 16:45:26,An Duong Vuong,Quan 8,10.756158554057757,106.66631758181126,22,30,1.0
2025-11-22 16:45:27,Huynh Tan Phat,Nha Be,10.7144382088356,106.73711688366167,24,35,1.0
2025-11-22 16:45:28,Truong Chinh,Tan Binh ,10.817236653231737,106.63191539530457,23,35,1.0
2025-11-22 16:47:40,Cho Ben Thanh,Quan 1,10.772727584493625,106.69804225297563,16,24,1.0
2025-11-22 16:47:41,Duong Nguyen Hue,Quan 1,10.774028664434528,106.70357076461706,19,28,1.0
2025-11-22 16:47:41,Nguyen Van Linh,Quan 7,10.752616652291238,106.72509685338922,29,39,1.0
2025-11-22 16:47:42,Vo Van Kiet,Quan 5,10.745754766198267,106.65326266831877,42,42,1.0
2025-11-22 16:47:43,Xa lo Ha Noi,QL1A,10.94927106740351,106.87196348224562,28,41,1.0
2025-11-22 16:47:44,Duong Dien Bien Phu,Quan 1,10.78866360854368,106.69551372228901,32,42,1.0
2025-11-22 16:47:51,Nga tu Hang Xanh,Binh Thanh,10.801406421807085,106.71148440879679,32,42,1.0
2025-11-22 16:48:03,Nga tu An Suong,Hoc Mon,10.843150534972033,106.6151343241409,22,35,1.0
2025-11-22 16:48:15,Ben xe Mien Dong,Quan 9,10.880537767027526,106.81481342866444,40,53,1.0
2025-11-22 16:48:27,Ben xe Mien Tay,Binh Tan,10.740840166521663,106.61899246873142,28,35,1.0
2025-11-22 16:48:28,Cau Sai Gon,Quan 2 ,10.798986343749618,106.72697056646841,45,45,1.0
2025-11-22 16:48:29,Cau Phu My,Q2,10.741860769464234,106.73790365482627,45,45,1.0
2025-11-22 16:48:30,Cau Kenh Te,Q4,10.752408891679814,106.7022703818112,22,33,1.0
2025-11-22 16:48:42,Cau Thu Thiem,Quan 2,10.786216596454727,106.71836665482695,40,40,1.0
2025-11-22 16:48:54,Nguyen Huu Canh,Binh Thanh,10.78948793356203,106.71518838181179,24,35,1.0
2025-11-22 16:49:05,Cong Hoa,Tan Binh,10.80223925742187,106.6478722259914,25,41,1.0
2025-11-22 16:49:06,Truong Son / Tan Son Nhat Blvd,Gan san bay,10.813928881466124,106.66511432455972,20,34,0.998954
2025-11-22 16:49:07,Nguyen Trai,Quan 5,10.755608615763382,106.67347943578082,17,27,1.0
2025-11-22 16:49:08,Le Duan,Quan 1,10.782680856341083,106.70051548181169,16,30,1.0
2025-11-22 16:49:09,Tran Hung Dao ,Quan 5,10.754895139302109,106.67839188181134,21,32,1.0
2025-11-22 16:49:10,Tran Quoc Thao,Quan 3,10.785070445194592,106.68331340921323,15,27,1.0
2025-11-22 16:49:11,Tran Hung Dao,Quan 5,10.7549373008113,106.67848844133415,21,32,1.0
2025-11-22 16:49:12,Cach Mang Thang 8 (CMT8),Quan 3,10.77898143649726,106.67684447140958,20,34,1.0
2025-11-22 16:49:12,Pham Ngu Lao / Bui Vien,Quan 1,10.767112828386699,106.6927618222887,20,20,1.0
2025-11-22 16:49:13,Nguyen Thi Minh Khai,Quan 3,10.77847212665258,106.69389510879643,27,42,1.0
2025-11-22 16:49:14,Nguyen Van Troi,Phu Nhuan,10.796057790235078,106.67492629345334,21,34,1.0
2025-11-22 16:49:15,Pham Van Dong,Go Vap,10.835298215641501,106.72935479345391,35,42,0.998199
2025-11-22 16:49:16,Cong truong lam son,Quan 1,10.777562007197462,106.7041335430398,17,30,1.0
2025-11-22 16:49:17,Nguyen Oanh ,Go Vap,10.83886351241477,106.67566625482782,25,36,1.0
2025-11-22 16:49:18,Le Hong Phong,Quan 10,10.765187049751795,106.67550552599073,25,36,1.0
2025-11-22 16:49:18,Nguyen Van Cu,Quan 5,10.759484371982321,106.6840537511244,18,28,1.0
2025-11-22 16:49:25,Nga tu Binh Phuoc,Ngoai o,10.865229381280965,106.72366973948475,33,49,1.0
2025-11-22 16:49:26,Phu My Hung ,Quan 7,10.72279213640514,106.72808623948244,22,37,0.99695
2025-11-22 16:49:38,Nguyen Thai Son,Phu Nhuan,10.823400120373712,106.68551227436063,22,31,1.0
2025-11-22 16:49:39,An Duong Vuong,Quan 8,10.756158554057757,106.66631758181126,21,29,1.0
2025-11-22 16:49:40,Huynh Tan Phat,Nha Be,10.7144382088356,106.73711688366167,23,35,1.0
2025-11-22 16:49:41,Truong Chinh,Tan Binh ,10.817236653231737,106.63191539530457,22,35,1.0
2025-11-22 16:51:42,Cho Ben Thanh,Quan 1,10.772727584493625,106.69804225297563,14,24,1.0
2025-11-22 16:51:43,Duong Nguyen Hue,Quan 1,10.774028664434528,106.70357076461706,16,28,1.0
2025-11-22 16:51:43,Nguyen Van Linh,Quan 7,10.752616652291238,106.72509685338922,39,39,1.0
2025-11-22 16:51:44,Vo Van Kiet,Quan 5,10.745754766198267,106.65326266831877,42,42,1.0
2025-11-22 16:51:45,Xa lo Ha Noi,QL1A,10.94927106740351,106.87196348224562,33,41,1.0
2025-11-22 16:51:53,Duong Dien Bien Phu,Quan 1,10.78866360854368,106.69551372228901,31,42,1.0
2025-11-22 16:51:54,Nga tu Hang Xanh,Binh Thanh,10.801406421807085,106.71148440879679,31,42,1.0
2025-11-22 16:51:54,Nga tu An Suong,Hoc Mon,10.843150534972033,106.6151343241409,22,35,1.0
2025-11-22 16:51:55,Ben xe Mien Dong,Quan 9,10.880537767027526,106.81481342866444,40,53,1.0
2025-11-22 16:51:56,Ben xe Mien Tay,Binh Tan,10.740840166521663,106.61899246873142,26,35,1.0
2025-11-22 16:51:57,Cau Sai Gon,Quan 2 ,10.798986343749618,106.72697056646841,45,45,1.0
2025-11-22 16:52:05,Cau Phu My,Q2,10.741860769464234,106.73790365482627,45,45,1.0
2025-11-22 16:52:06,Cau Kenh Te,Q4,10.752408891679814,106.7022703818112,20,33,1.0
2025-11-22 16:52:06,Cau Thu Thiem,Quan 2,10.786216596454727,106.71836665482695,40,40,1.0
2025-11-22 16:52:07,Nguyen Huu Canh,Binh Thanh,10.78948793356203,106.71518838181179,24,35,1.0
2025-11-22 16:52:08,Cong Hoa,Tan Binh,10.80223925742187,106.6478722259914,27,41,1.0
2025-11-22 16:52:09,Truong Son / Tan Son Nhat Blvd,Gan san bay,10.813928881466124,106.66511432455972,20,34,0.999713
2025-11-22 16:52:16,Nguyen Trai,Quan 5,10.755608615763382,106.67347943578082,20,27,1.0
2025-11-22 16:52:17,Le Duan,Quan 1,10.782680856341083,106.70051548181169,16,30,1.0
2025-11-22 16:52:18,Tran Hung Dao ,Quan 5,10.754895139302109,106.67839188181134,19,32,1.0
2025-11-22 16:52:19,Tran Quoc Thao,Quan 3,10.785070445194592,106.68331340921323,16,27,1.0
2025-11-22 16:52:20,Tran Hung Dao,Quan 5,10.7549373008113,106.67848844133415,19,32,1.0
2025-11-22 16:52:21,Cach Mang Thang 8 (CMT8),Quan 3,10.77898143649726,106.67684447140958,20,34,1.0
2025-11-22 16:52:28,Pham Ngu Lao / Bui Vien,Quan 1,10.767112828386699,106.6927618222887,20,20,1.0
2025-11-22 16:52:29,Nguyen Thi Minh Khai,Quan 3,10.77847212665258,106.69389510879643,28,42,1.0
2025-11-22 16:52:30,Nguyen Van Troi,Phu Nhuan,10.796057790235078,106.67492629345334,21,34,0.998955
2025-11-22 16:52:31,Pham Van Dong,Go Vap,10.835298215641501,106.72935479345391,31,42,0.997826
2025-11-22 16:52:32,Cong truong lam son,Quan 1,10.777562007197462,106.7041335430398,16,30,1.0
2025-11-22 16:52:33,Nguyen Oanh ,Go Vap,10.83886351241477,106.67566625482782,26,35,1.0
2025-11-22 16:52:40,Le Hong Phong,Quan 10,10.765187049751795,106.67550552599073,23,36,1.0
2025-11-22 16:52:41,Nguyen Van Cu,Quan 5,10.759484371982321,106.6840537511244,20,27,1.0
2025-11-22 16:52:42,Nga tu Binh Phuoc,Ngoai o,10.865229381280965,106.72366973948475,32,49,1.0
2025-11-22 16:52:43,Phu My Hung ,Quan 7,10.72279213640514,106.72808623948244,22,37,0.997113
2025-11-22 16:52:44,Nguyen Thai Son,Phu Nhuan,10.823400120373712,106.68551227436063,22,32,1.0
2025-11-22 16:52:45,An Duong Vuong,Quan 8,10.756158554057757,106.66631758181126,30,30,1.0
2025-11-22 16:52:45,Huynh Tan Phat,Nha Be,10.7144382088356,106.73711688366167,22,35,1.0
2025-11-22 16:52:46,Truong Chinh,Tan Binh ,10.817236653231737,106.63191539530457,24,35,1.0
2025-11-22 16:54:58,Cho Ben Thanh,Quan 1,10.772727584493625,106.69804225297563,12,23,0.998765
2025-11-22 16:54:59,Duong Nguyen Hue,Quan 1,10.774028664434528,106.70357076461706,19,29,1.0
2025-11-22 16:55:00,Nguyen Van Linh,Quan 7,10.752616652291238,106.72509685338922,31,39,1.0
2025-11-22 16:55:01,Vo Van Kiet,Quan 5,10.745754766198267,106.65326266831877,36,43,1.0
2025-11-22 16:55:02,Xa lo Ha Noi,QL1A,10.94927106740351,106.87196348224562,30,42,1.0
2025-11-22 16:55:03,Duong Dien Bien Phu,Quan 1,10.78866360854368,106.69551372228901,31,41,1.0
2025-11-22 16:55:10,Nga tu Hang Xanh,Binh Thanh,10.801406421807085,106.71148440879679,31,41,1.0
2025-11-22 16:55:22,Nga tu An Suong,Hoc Mon,10.843150534972033,106.6151343241409,22,35,1.0
2025-11-22 16:55:34,Ben xe Mien Dong,Quan 9,10.880537767027526,106.81481342866444,42,54,1.0
2025-11-22 16:55:46,Ben xe Mien Tay,Binh Tan,10.740840166521663,106.61899246873142,26,35,1.0
2025-11-22 16:55:47,Cau Sai Gon,Quan 2 ,10.798986343749618,106.72697056646841,45,45,1.0
2025-11-22 16:55:47,Cau Phu My,Q2,10.741860769464234,106.73790365482627,45,45,1.0
2025-11-22 16:55:48,Cau Kenh Te,Q4,10.752408891679814,106.7022703818112,20,34,1.0
2025-11-22 16:55:49,Cau Thu Thiem,Quan 2,10.786216596454727,106.71836665482695,40,40,1.0
2025-11-22 16:55:50,Nguyen Huu Canh,Binh Thanh,10.78948793356203,106.71518838181179,24,35,1.0
2025-11-22 16:55:51,Cong Hoa,Tan Binh,10.80223925742187,106.6478722259914,27,41,1.0
2025-11-22 16:56:03,Truong Son / Tan Son Nhat Blvd,Gan san bay,10.813928881466124,106.66511432455972,20,34,0.999713
2025-11-22 16:56:15,Nguyen Trai,Quan 5,10.755608615763382,106.67347943578082,16,27,0.998947
2025-11-22 16:56:16,Le Duan,Quan 1,10.782680856341083,106.70051548181169,17,29,1.0
2025-11-22 16:56:16,Tran Hung Dao ,Quan 5,10.754895139302109,106.67839188181134,18,32,1.0
2025-11-22 16:56:17,Tran Quoc Thao,Quan 3,10.785070445194592,106.68331340921323,14,27,1.0
2025-11-22 16:56:18,Tran Hung Dao,Quan 5,10.7549373008113,106.67848844133415,18,32,1.0
2025-11-22 16:56:19,Cach Mang Thang 8 (CMT8),Quan 3,10.77898143649726,106.67684447140958,21,34,1.0
2025-11-22 16:56:31,Pham Ngu Lao / Bui Vien,Quan 1,10.767112828386699,106.6927618222887,13,20,1.0
2025-11-22 16:56:43,Nguyen Thi Minh Khai,Quan 3,10.77847212665258,106.69389510879643,27,41,1.0
2025-11-22 16:56:44,Nguyen Van Troi,Phu Nhuan,10.796057790235078,106.67492629345334,20,34,0.999713
2025-11-22 16:56:44,Pham Van Dong,Go Vap,10.835298215641501,106.72935479345391,32,42,0.998557
2025-11-22 16:56:45,Cong truong lam son,Quan 1,10.777562007197462,106.7041335430398,17,29,1.0
2025-11-22 16:56:55,Nguyen Oanh ,Go Vap,10.83886351241477,106.67566625482782,25,35,1.0
2025-11-22 16:56:55,Le Hong Phong,Quan 10,10.765187049751795,106.67550552599073,24,36,1.0
2025-11-22 16:56:56,Nguyen Van Cu,Quan 5,10.759484371982321,106.6840537511244,16,27,0.998943
2025-11-22 16:56:57,Nga tu Binh Phuoc,Ngoai o,10.865229381280965,106.72366973948475,33,49,1.0
2025-11-22 16:56:58,Phu My Hung ,Quan 7,10.72279213640514,106.72808623948244,23,37,0.998514
2025-11-22 16:56:59,Nguyen Thai Son,Phu Nhuan,10.823400120373712,106.68551227436063,22,31,1.0
2025-11-22 16:57:00,An Duong Vuong,Quan 8,10.756158554057757,106.66631758181126,23,30,1.0
2025-11-22 16:57:01,Huynh Tan Phat,Nha Be,10.7144382088356,106.73711688366167,22,36,1.0
2025-11-22 16:57:01,Truong Chinh,Tan Binh ,10.817236653231737,106.63191539530457,22,35,1.0
2025-11-22 16:59:13,Cho Ben Thanh,Quan 1,10.772727584493625,106.69804225297563,15,23,0.998765
2025-11-22 16:59:14,Duong Nguyen Hue,Quan 1,10.774028664434528,106.70357076461706,21,29,1.0
2025-11-22 16:59:15,Nguyen Van Linh,Quan 7,10.752616652291238,106.72509685338922,28,39,1.0
2025-11-22 16:59:16,Vo Van Kiet,Quan 5,10.745754766198267,106.65326266831877,38,43,1.0
2025-11-22 16:59:17,Xa lo Ha Noi,QL1A,10.94927106740351,106.87196348224562,26,41,1.0
2025-11-22 16:59:18,Duong Dien Bien Phu,Quan 1,10.78866360854368,106.69551372228901,33,42,1.0
2025-11-22 16:59:25,Nga tu Hang Xanh,Binh Thanh,10.801406421807085,106.71148440879679,33,42,1.0
2025-11-22 16:59:37,Nga tu An Suong,Hoc Mon,10.843150534972033,106.6151343241409,21,35,1.0
2025-11-22 16:59:38,Ben xe Mien Dong,Quan 9,10.880537767027526,106.81481342866444,43,53,1.0
2025-11-22 16:59:39,Ben xe Mien Tay,Binh Tan,10.740840166521663,106.61899246873142,26,35,1.0
2025-11-22 16:59:40,Cau Sai Gon,Quan 2 ,10.798986343749618,106.72697056646841,45,45,1.0
2025-11-22 16:59:41,Cau Phu My,Q2,10.741860769464234,106.73790365482627,45,45,1.0
2025-11-22 16:59:42,Cau Kenh Te,Q4,10.752408891679814,106.7022703818112,19,33,1.0
2025-11-22 16:59:53,Cau Thu Thiem,Quan 2,10.786216596454727,106.71836665482695,40,40,1.0
2025-11-22 17:00:05,Nguyen Huu Canh,Binh Thanh,10.78948793356203,106.71518838181179,36,36,1.0
2025-11-22 17:00:06,Cong Hoa,Tan Binh,10.80223925742187,106.6478722259914,28,41,1.0
2025-11-22 17:00:07,Truong Son / Tan Son Nhat Blvd,Gan san bay,10.813928881466124,106.66511432455972,20,34,0.998954
2025-11-22 17:00:08,Nguyen Trai,Quan 5,10.755608615763382,106.67347943578082,17,27,0.998954
2025-11-22 17:00:09,Le Duan,Quan 1,10.782680856341083,106.70051548181169,16,30,1.0
2025-11-22 17:00:10,Tran Hung Dao ,Quan 5,10.754895139302109,106.67839188181134,19,32,1.0
2025-11-22 17:00:22,Tran Quoc Thao,Quan 3,10.785070445194592,106.68331340921323,18,28,1.0
2025-11-22 17:00:34,Tran Hung Dao,Quan 5,10.7549373008113,106.67848844133415,19,32,1.0
2025-11-22 17:00:34,Cach Mang Thang 8 (CMT8),Quan 3,10.77898143649726,106.67684447140958,22,35,1.0
2025-11-22 17:00:35,Pham Ngu Lao / Bui Vien,Quan 1,10.767112828386699,106.6927618222887,11,19,1.0
2025-11-22 17:00:36,Nguyen Thi Minh Khai,Quan 3,10.77847212665258,106.69389510879643,27,41,1.0
2025-11-22 17:00:37,Nguyen Van Troi,Phu Nhuan,10.796057790235078,106.67492629345334,20,34,0.998954
2025-11-22 17:00:38,Pham Van Dong,Go Vap,10.835298215641501,106.72935479345391,34,43,0.998916
2025-11-22 17:00:45,Cong truong lam son,Quan 1,10.777562007197462,106.7041335430398,16,30,1.0
2025-11-22 17:00:57,Nguyen Oanh ,Go Vap,10.83886351241477,106.67566625482782,25,36,1.0
2025-11-22 17:00:58,Le Hong Phong,Quan 10,10.765187049751795,106.67550552599073,25,35,1.0
2025-11-22 17:00:59,Nguyen Van Cu,Quan 5,10.759484371982321,106.6840537511244,17,27,0.998954
2025-11-22 17:01:00,Nga tu Binh Phuoc,Ngoai o,10.865229381280965,106.72366973948475,33,49,1.0
2025-11-22 17:01:01,Phu My Hung ,Quan 7,10.72279213640514,106.72808623948244,22,37,0.998025
2025-11-22 17:01:02,Nguyen Thai Son,Phu Nhuan,10.823400120373712,106.68551227436063,20,31,1.0
2025-11-22 17:01:09,An Duong Vuong,Quan 8,10.756158554057757,106.66631758181126,22,29,1.0
2025-11-22 17:01:21,Huynh Tan Phat,Nha Be,10.7144382088356,106.73711688366167,22,35,1.0
2025-11-22 17:01:22,Truong Chinh,Tan Binh ,10.817236653231737,106.63191539530457,21,34,1.0
2025-11-22 17:03:34,Cho Ben Thanh,Quan 1,10.772727584493625,106.69804225297563,14,23,0.998765
2025-11-22 17:03:35,Duong Nguyen Hue,Quan 1,10.774028664434528,106.70357076461706,17,29,1.0
2025-11-22 17:03:36,Nguyen Van Linh,Quan 7,10.752616652291238,106.72509685338922,26,38,1.0
2025-11-22 17:03:37,Vo Van Kiet,Quan 5,10.745754766198267,106.65326266831877,36,42,1.0
2025-11-22 17:03:37,Xa lo Ha Noi,QL1A,10.94927106740351,106.87196348224562,28,41,1.0
2025-11-22 17:03:38,Duong Dien Bien Phu,Quan 1,10.78866360854368,106.69551372228901,32,41,1.0
2025-11-22 17:03:39,Nga tu Hang Xanh,Binh Thanh,10.801406421807085,106.71148440879679,32,41,1.0
2025-11-22 17:03:40,Nga tu An Suong,Hoc Mon,10.843150534972033,106.6151343241409,22,35,1.0
2025-11-22 17:03:41,Ben xe Mien Dong,Quan 9,10.880537767027526,106.81481342866444,40,53,1.0
2025-11-22 17:03:48,Ben xe Mien Tay,Binh Tan,10.740840166521663,106.61899246873142,26,35,1.0
2025-11-22 17:03:49,Cau Sai Gon,Quan 2 ,10.798986343749618,106.72697056646841,45,45,1.0
2025-11-22 17:03:50,Cau Phu My,Q2,10.741860769464234,106.73790365482627,45,45,1.0
2025-11-22 17:04:02,Cau Kenh Te,Q4,10.752408891679814,106.7022703818112,20,33,1.0
2025-11-22 17:04:03,Cau Thu Thiem,Quan 2,10.786216596454727,106.71836665482695,40,40,1.0
2025-11-22 17:04:04,Nguyen Huu Canh,Binh Thanh,10.78948793356203,106.71518838181179,36,36,1.0
2025-11-22 17:04:05,Cong Hoa,Tan Binh,10.80223925742187,106.6478722259914,27,40,1.0
2025-11-22 17:04:14,Truong Son / Tan Son Nhat Blvd,Gan san bay,10.813928881466124,106.66511432455972,21,33,0.998693
2025-11-22 17:04:15,Nguyen Trai,Quan 5,10.755608615763382,106.67347943578082,15,27,0.998947
2025-11-22 17:04:16,Le Duan,Quan 1,10.782680856341083,106.70051548181169,15,30,1.0
2025-11-22 17:04:17,Tran Hung Dao ,Quan 5,10.754895139302109,106.67839188181134,18,32,1.0
2025-11-22 17:04:17,Tran Quoc Thao,Quan 3,10.785070445194592,106.68331340921323,15,27,1.0
2025-11-22 17:04:18,Tran Hung Dao,Quan 5,10.7549373008113,106.67848844133415,18,32,1.0
2025-11-22 17:04:19,Cach Mang Thang 8 (CMT8),Quan 3,10.77898143649726,106.67684447140958,21,34,1.0
2025-11-22 17:04:20,Pham Ngu Lao / Bui Vien,Quan 1,10.767112828386699,106.6927618222887,15,20,1.0
2025-11-22 17:04:21,Nguyen Thi Minh Khai,Quan 3,10.77847212665258,106.69389510879643,28,41,1.0
2025-11-22 17:04:22,Nguyen Van Troi,Phu Nhuan,10.796057790235078,106.67492629345334,21,33,0.998693
2025-11-22 17:04:23,Pham Van Dong,Go Vap,10.835298215641501,106.72935479345391,34,41,0.998868
2025-11-22 17:04:24,Cong truong lam son,Quan 1,10.777562007197462,106.7041335430398,15,30,1.0
2025-11-22 17:04:36,Nguyen Oanh ,Go Vap,10.83886351241477,106.67566625482782,24,36,1.0
2025-11-22 17:04:47,Le Hong Phong,Quan 10,10.765187049751795,106.67550552599073,26,35,1.0
2025-11-22 17:04:59,Nguyen Van Cu,Quan 5,10.759484371982321,106.6840537511244,17,27,0.998947
2025-11-22 17:05:00,Nga tu Binh Phuoc,Ngoai o,10.865229381280965,106.72366973948475,33,49,1.0
2025-11-22 17:05:01,Phu My Hung ,Quan 7,10.72279213640514,106.72808623948244,21,37,0.997905
2025-11-22 17:05:02,Nguyen Thai Son,Phu Nhuan,10.823400120373712,106.68551227436063,21,32,1.0
2025-11-22 17:05:03,An Duong Vuong,Quan 8,10.756158554057757,106.66631758181126,17,29,1.0
2025-11-22 17:05:04,Huynh Tan Phat,Nha Be,10.7144382088356,106.73711688366167,22,35,1.0
2025-11-22 17:05:05,Truong Chinh,Tan Binh ,10.817236653231737,106.63191539530457,22,35,1.0
2025-11-22 17:07:06,Cho Ben Thanh,Quan 1,10.772727584493625,106.69804225297563,13,23,0.998765
2025-11-22 17:07:07,Duong Nguyen Hue,Quan 1,10.774028664434528,106.70357076461706,14,28,1.0
2025-11-22 17:07:08,Nguyen Van Linh,Quan 7,10.752616652291238,106.72509685338922,28,39,1.0
2025-11-22 17:07:09,Vo Van Kiet,Quan 5,10.745754766198267,106.65326266831877,36,43,1.0
2025-11-22 17:07:17,Xa lo Ha Noi,QL1A,10.94927106740351,106.87196348224562,31,42,1.0
2025-11-22 17:07:18,Duong Dien Bien Phu,Quan 1,10.78866360854368,106.69551372228901,32,42,1.0
2025-11-22 17:07:19,Nga tu Hang Xanh,Binh Thanh,10.801406421807085,106.71148440879679,32,42,1.0
2025-11-22 17:07:20,Nga tu An Suong,Hoc Mon,10.843150534972033,106.6151343241409,23,35,1.0
2025-11-22 17:07:20,Ben xe Mien Dong,Quan 9,10.880537767027526,106.81481342866444,43,54,1.0
2025-11-22 17:07:21,Ben xe Mien Tay,Binh Tan,10.740840166521663,106.61899246873142,26,35,1.0
2025-11-22 17:07:29,Cau Sai Gon,Quan 2 ,10.798986343749618,106.72697056646841,45,45,1.0
2025-11-22 17:07:30,Cau Phu My,Q2,10.741860769464234,106.73790365482627,45,45,1.0
2025-11-22 17:07:30,Cau Kenh Te,Q4,10.752408891679814,106.7022703818112,21,34,1.0
2025-11-22 17:07:31,Cau Thu Thiem,Quan 2,10.786216596454727,106.71836665482695,40,40,1.0
2025-11-22 17:07:32,Nguyen Huu Canh,Binh Thanh,10.78948793356203,106.71518838181179,36,36,1.0
2025-11-22 17:07:33,Cong Hoa,Tan Binh,10.80223925742187,106.6478722259914,27,41,1.0
2025-11-22 17:07:41,Truong Son / Tan Son Nhat Blvd,Gan san bay,10.813928881466124,106.66511432455972,21,34,0.998483
2025-11-22 17:07:41,Nguyen Trai,Quan 5,10.755608615763382,106.67347943578082,15,27,1.0
2025-11-22 17:07:42,Le Duan,Quan 1,10.782680856341083,106.70051548181169,17,31,1.0
2025-11-22 17:07:43,Tran Hung Dao ,Quan 5,10.754895139302109,106.67839188181134,19,32,1.0
2025-11-22 17:07:44,Tran Quoc Thao,Quan 3,10.785070445194592,106.68331340921323,20,28,1.0
2025-11-22 17:07:45,Tran Hung Dao,Quan 5,10.7549373008113,106.67848844133415,19,32,1.0
2025-11-22 17:07:46,Cach Mang Thang 8 (CMT8),Quan 3,10.77898143649726,106.67684447140958,21,35,1.0
2025-11-22 17:07:47,Pham Ngu Lao / Bui Vien,Quan 1,10.767112828386699,106.6927618222887,20,20,1.0
2025-11-22 17:07:48,Nguyen Thi Minh Khai,Quan 3,10.77847212665258,106.69389510879643,28,41,1.0
2025-11-22 17:07:49,Nguyen Van Troi,Phu Nhuan,10.796057790235078,106.67492629345334,21,34,0.998483
2025-11-22 17:07:50,Pham Van Dong,Go Vap,10.835298215641501,106.72935479345391,32,43,0.998738
2025-11-22 17:07:50,Cong truong lam son,Quan 1,10.777562007197462,106.7041335430398,17,31,1.0
2025-11-22 17:07:51,Nguyen Oanh ,Go Vap,10.83886351241477,106.67566625482782,24,36,1.0
2025-11-22 17:07:52,Le Hong Phong,Quan 10,10.765187049751795,106.67550552599073,25,35,1.0
2025-11-22 17:07:57,Nguyen Van Cu,Quan 5,10.759484371982321,106.6840537511244,15,27,1.0
2025-11-22 17:07:58,Nga tu Binh Phuoc,Ngoai o,10.865229381280965,106.72366973948475,32,49,1.0
2025-11-22 17:07:59,Phu My Hung ,Quan 7,10.72279213640514,106.72808623948244,21,37,0.997697
2025-11-22 17:08:00,Nguyen Thai Son,Phu Nhuan,10.823400120373712,106.68551227436063,21,32,1.0
2025-11-22 17:08:00,An Duong Vuong,Quan 8,10.756158554057757,106.66631758181126,18,29,1.0
2025-11-22 17:08:01,Huynh Tan Phat,Nha Be,10.7144382088356,106.73711688366167,22,35,1.0
2025-11-22 17:08:09,Truong Chinh,Tan Binh ,10.817236653231737,106.63191539530457,22,35,1.0
2025-11-22 17:10:21,Cho Ben Thanh,Quan 1,10.772727584493625,106.69804225297563,14,24,0.99753
2025-11-22 17:10:22,Duong Nguyen Hue,Quan 1,10.774028664434528,106.70357076461706,20,28,1.0
2025-11-22 17:10:23,Nguyen Van Linh,Quan 7,10.752616652291238,106.72509685338922,39,39,1.0
2025-11-22 17:10:24,Vo Van Kiet,Quan 5,10.745754766198267,106.65326266831877,37,42,0.999762
2025-11-22 17:10:24,Xa lo Ha Noi,QL1A,10.94927106740351,106.87196348224562,31,42,1.0
2025-11-22 17:10:25,Duong Dien Bien Phu,Quan 1,10.78866360854368,106.69551372228901,33,42,1.0
2025-11-22 17:10:37,Nga tu Hang Xanh,Binh Thanh,10.801406421807085,106.71148440879679,33,42,1.0
2025-11-22 17:10:49,Nga tu An Suong,Hoc Mon,10.843150534972033,106.6151343241409,20,35,1.0
2025-11-22 17:10:50,Ben xe Mien Dong,Quan 9,10.880537767027526,106.81481342866444,42,53,1.0
2025-11-22 17:10:51,Ben xe Mien Tay,Binh Tan,10.740840166521663,106.61899246873142,26,35,1.0
2025-11-22 17:10:52,Cau Sai Gon,Quan 2 ,10.798986343749618,106.72697056646841,45,45,1.0
2025-11-22 17:10:53,Cau Phu My,Q2,10.741860769464234,106.73790365482627,45,45,1.0
2025-11-22 17:10:54,Cau Kenh Te,Q4,10.752408891679814,106.7022703818112,20,33,1.0
2025-11-22 17:10:54,Cau Thu Thiem,Quan 2,10.786216596454727,106.71836665482695,40,40,1.0
2025-11-22 17:10:55,Nguyen Huu Canh,Binh Thanh,10.78948793356203,106.71518838181179,36,36,1.0
2025-11-22 17:10:56,Cong Hoa,Tan Binh,10.80223925742187,106.6478722259914,27,41,1.0
2025-11-22 17:10:57,Truong Son / Tan Son Nhat Blvd,Gan san bay,10.813928881466124,106.66511432455972,21,33,0.998981
2025-11-22 17:10:58,Nguyen Trai,Quan 5,10.755608615763382,106.67347943578082,18,27,1.0
2025-11-22 17:10:59,Le Duan,Quan 1,10.782680856341083,106.70051548181169,16,30,1.0
2025-11-22 17:11:00,Tran Hung Dao ,Quan 5,10.754895139302109,106.67839188181134,18,32,1.0
2025-11-22 17:11:01,Tran Quoc Thao,Quan 3,10.785070445194592,106.68331340921323,16,28,1.0
2025-11-22 17:11:06,Tran Hung Dao,Quan 5,10.7549373008113,106.67848844133415,18,32,1.0
2025-11-22 17:11:06,Cach Mang Thang 8 (CMT8),Quan 3,10.77898143649726,106.67684447140958,20,34,1.0
2025-11-22 17:11:07,Pham Ngu Lao / Bui Vien,Quan 1,10.767112828386699,106.6927618222887,20,20,1.0
2025-11-22 17:11:08,Nguyen Thi Minh Khai,Quan 3,10.77847212665258,106.69389510879643,27,41,1.0
2025-11-22 17:11:09,Nguyen Van Troi,Phu Nhuan,10.796057790235078,106.67492629345334,21,33,0.998981
2025-11-22 17:11:10,Pham Van Dong,Go Vap,10.835298215641501,106.72935479345391,32,42,0.998196
2025-11-22 17:11:18,Cong truong lam son,Quan 1,10.777562007197462,106.7041335430398,16,30,1.0
2025-11-22 17:11:29,Nguyen Oanh ,Go Vap,10.83886351241477,106.67566625482782,23,36,1.0
2025-11-22 17:11:30,Le Hong Phong,Quan 10,10.765187049751795,106.67550552599073,27,36,1.0
2025-11-22 17:11:31,Nguyen Van Cu,Quan 5,10.759484371982321,106.6840537511244,18,27,1.0
2025-11-22 17:11:32,Nga tu Binh Phuoc,Ngoai o,10.865229381280965,106.72366973948475,34,49,1.0
2025-11-22 17:11:33,Phu My Hung ,Quan 7,10.72279213640514,106.72808623948244,22,37,0.997702
2025-11-22 17:11:34,Nguyen Thai Son,Phu Nhuan,10.823400120373712,106.68551227436063,20,32,1.0
2025-11-22 17:11:46,An Duong Vuong,Quan 8,10.756158554057757,106.66631758181126,23,30,1.0
2025-11-22 17:11:58,Huynh Tan Phat,Nha Be,10.7144382088356,106.73711688366167,21,35,1.0
2025-11-22 17:11:59,Truong Chinh,Tan Binh ,10.817236653231737,106.63191539530457,21,35,1.0
2025-11-22 17:14:11,Cho Ben Thanh,Quan 1,10.772727584493625,106.69804225297563,16,24,0.998765
2025-11-22 17:14:12,Duong Nguyen Hue,Quan 1,10.774028664434528,106.70357076461706,19,29,1.0
2025-11-22 17:14:13,Nguyen Van Linh,Quan 7,10.752616652291238,106.72509685338922,28,38,1.0
2025-11-22 17:14:13,Vo Van Kiet,Quan 5,10.745754766198267,106.65326266831877,36,43,1.0
2025-11-22 17:14:14,Xa lo Ha Noi,QL1A,10.94927106740351,106.87196348224562,25,41,1.0
2025-11-22 17:14:15,Duong Dien Bien Phu,Quan 1,10.78866360854368,106.69551372228901,31,41,1.0
2025-11-22 17:14:16,Nga tu Hang Xanh,Binh Thanh,10.801406421807085,106.71148440879679,31,41,1.0
2025-11-22 17:14:17,Nga tu An Suong,Hoc Mon,10.843150534972033,106.6151343241409,20,34,1.0
2025-11-22 17:14:18,Ben xe Mien Dong,Quan 9,10.880537767027526,106.81481342866444,41,53,1.0
2025-11-22 17:14:19,Ben xe Mien Tay,Binh Tan,10.740840166521663,106.61899246873142,28,35,1.0
2025-11-22 17:14:19,Cau Sai Gon,Quan 2 ,10.798986343749618,106.72697056646841,45,45,1.0
2025-11-22 17:14:26,Cau Phu My,Q2,10.741860769464234,106.73790365482627,38,44,1.0
2025-11-22 17:14:38,Cau Kenh Te,Q4,10.752408891679814,106.7022703818112,20,33,1.0
2025-11-22 17:14:39,Cau Thu Thiem,Quan 2,10.786216596454727,106.71836665482695,40,40,1.0
2025-11-22 17:14:40,Nguyen Huu Canh,Binh Thanh,10.78948793356203,106.71518838181179,21,34,1.0
2025-11-22 17:14:41,Cong Hoa,Tan Binh,10.80223925742187,106.6478722259914,24,41,1.0
2025-11-22 17:14:42,Truong Son / Tan Son Nhat Blvd,Gan san bay,10.813928881466124,106.66511432455972,21,34,0.998585
2025-11-22 17:14:43,Nguyen Trai,Quan 5,10.755608615763382,106.67347943578082,17,27,1.0
2025-11-22 17:14:55,Le Duan,Quan 1,10.782680856341083,106.70051548181169,15,30,1.0
2025-11-22 17:15:06,Tran Hung Dao ,Quan 5,10.754895139302109,106.67839188181134,19,31,1.0
2025-11-22 17:15:07,Tran Quoc Thao,Quan 3,10.785070445194592,106.68331340921323,19,27,1.0
2025-11-22 17:15:08,Tran Hung Dao,Quan 5,10.7549373008113,106.67848844133415,19,31,1.0
2025-11-22 17:15:09,Cach Mang Thang 8 (CMT8),Quan 3,10.77898143649726,106.67684447140958,20,34,1.0
2025-11-22 17:15:10,Pham Ngu Lao / Bui Vien,Quan 1,10.767112828386699,106.6927618222887,10,20,1.0
2025-11-22 17:15:11,Nguyen Thi Minh Khai,Quan 3,10.77847212665258,106.69389510879643,27,41,1.0
2025-11-22 17:15:18,Nguyen Van Troi,Phu Nhuan,10.796057790235078,106.67492629345334,21,34,0.998585
2025-11-22 17:15:30,Pham Van Dong,Go Vap,10.835298215641501,106.72935479345391,32,42,0.99802
2025-11-22 17:15:31,Cong truong lam son,Quan 1,10.777562007197462,106.7041335430398,15,30,1.0
2025-11-22 17:15:32,Nguyen Oanh ,Go Vap,10.83886351241477,106.67566625482782,25,36,1.0
2025-11-22 17:15:33,Le Hong Phong,Quan 10,10.765187049751795,106.67550552599073,23,36,1.0
2025-11-22 17:15:34,Nguyen Van Cu,Quan 5,10.759484371982321,106.6840537511244,16,27,1.0
2025-11-22 17:15:35,Nga tu Binh Phuoc,Ngoai o,10.865229381280965,106.72366973948475,33,49,1.0
2025-11-22 17:15:47,Phu My Hung ,Quan 7,10.72279213640514,106.72808623948244,21,38,0.998476
2025-11-22 17:15:48,Nguyen Thai Son,Phu Nhuan,10.823400120373712,106.68551227436063,18,32,1.0
2025-11-22 17:15:48,An Duong Vuong,Quan 8,10.756158554057757,106.66631758181126,23,28,1.0
2025-11-22 17:15:49,Huynh Tan Phat,Nha Be,10.7144382088356,106.73711688366167,21,35,1.0
2025-11-22 17:15:50,Truong Chinh,Tan Binh ,10.817236653231737,106.63191539530457,22,35,1.0
2025-11-22 17:18:02,Cho Ben Thanh,Quan 1,10.772727584493625,106.69804225297563,15,24,0.998765
2025-11-22 17:18:03,Duong Nguyen Hue,Quan 1,10.774028664434528,106.70357076461706,15,29,1.0
2025-11-22 17:18:04,Nguyen Van Linh,Quan 7,10.752616652291238,106.72509685338922,27,39,1.0
2025-11-22 17:18:05,Vo Van Kiet,Quan 5,10.745754766198267,106.65326266831877,35,43,1.0
2025-11-22 17:18:06,Xa lo Ha Noi,QL1A,10.94927106740351,106.87196348224562,23,42,1.0
2025-11-22 17:18:06,Duong Dien Bien Phu,Quan 1,10.78866360854368,106.69551372228901,30,42,1.0
2025-11-22 17:18:14,Nga tu Hang Xanh,Binh Thanh,10.801406421807085,106.71148440879679,30,42,1.0
2025-11-22 17:18:26,Nga tu An Suong,Hoc Mon,10.843150534972033,106.6151343241409,22,35,1.0
2025-11-22 17:18:27,Ben xe Mien Dong,Quan 9,10.880537767027526,106.81481342866444,42,53,1.0
2025-11-22 17:18:27,Ben xe Mien Tay,Binh Tan,10.740840166521663,106.61899246873142,25,35,1.0
2025-11-22 17:18:28,Cau Sai Gon,Quan 2 ,10.798986343749618,106.72697056646841,34,43,1.0
2025-11-22 17:18:29,Cau Phu My,Q2,10.741860769464234,106.73790365482627,45,45,1.0
2025-11-22 17:18:30,Cau Kenh Te,Q4,10.752408891679814,106.7022703818112,21,34,1.0
2025-11-22 17:18:38,Cau Thu Thiem,Quan 2,10.786216596454727,106.71836665482695,40,40,1.0
2025-11-22 17:18:50,Nguyen Huu Canh,Binh Thanh,10.78948793356203,106.71518838181179,36,36,1.0
2025-11-22 17:18:50,Cong Hoa,Tan Binh,10.80223925742187,106.6478722259914,25,41,1.0
2025-11-22 17:18:51,Truong Son / Tan Son Nhat Blvd,Gan san bay,10.813928881466124,106.66511432455972,21,33,0.99972
2025-11-22 17:19:03,Nguyen Trai,Quan 5,10.755608615763382,106.67347943578082,17,27,1.0
2025-11-22 17:19:04,Le Duan,Quan 1,10.782680856341083,106.70051548181169,15,30,1.0
2025-11-22 17:19:05,Tran Hung Dao ,Quan 5,10.754895139302109,106.67839188181134,19,33,1.0
2025-11-22 17:19:06,Tran Quoc Thao,Quan 3,10.785070445194592,106.68331340921323,15,27,1.0
2025-11-22 17:19:07,Tran Hung Dao,Quan 5,10.7549373008113,106.67848844133415,19,33,1.0
2025-11-22 17:19:07,Cach Mang Thang 8 (CMT8),Quan 3,10.77898143649726,106.67684447140958,20,34,1.0
2025-11-22 17:19:08,Pham Ngu Lao / Bui Vien,Quan 1,10.767112828386699,106.6927618222887,10,19,1.0
2025-11-22 17:19:09,Nguyen Thi Minh Khai,Quan 3,10.77847212665258,106.69389510879643,27,41,1.0
2025-11-22 17:19:15,Nguyen Van Troi,Phu Nhuan,10.796057790235078,106.67492629345334,21,33,0.99972
2025-11-22 17:19:16,Pham Van Dong,Go Vap,10.835298215641501,106.72935479345391,31,42,0.997809
2025-11-22 17:19:17,Cong truong lam son,Quan 1,10.777562007197462,106.7041335430398,15,30,1.0
2025-11-22 17:19:18,Nguyen Oanh ,Go Vap,10.83886351241477,106.67566625482782,23,36,1.0
2025-11-22 17:19:18,Le Hong Phong,Quan 10,10.765187049751795,106.67550552599073,24,36,1.0
2025-11-22 17:19:19,Nguyen Van Cu,Quan 5,10.759484371982321,106.6840537511244,17,27,1.0
2025-11-22 17:19:20,Nga tu Binh Phuoc,Ngoai o,10.865229381280965,106.72366973948475,33,49,1.0
2025-11-22 17:19:27,Phu My Hung ,Quan 7,10.72279213640514,106.72808623948244,20,37,0.998245
2025-11-22 17:19:28,Nguyen Thai Son,Phu Nhuan,10.823400120373712,106.68551227436063,16,31,1.0
2025-11-22 17:19:29,An Duong Vuong,Quan 8,10.756158554057757,106.66631758181126,20,29,1.0
2025-11-22 17:19:30,Huynh Tan Phat,Nha Be,10.7144382088356,106.73711688366167,21,35,1.0
2025-11-22 17:19:31,Truong Chinh,Tan Binh ,10.817236653231737,106.63191539530457,22,35,1.0
2025-11-22 17:21:42,Cho Ben Thanh,Quan 1,10.772727584493625,106.69804225297563,13,25,0.998765
2025-11-22 17:21:43,Duong Nguyen Hue,Quan 1,10.774028664434528,106.70357076461706,19,29,1.0
2025-11-22 17:21:44,Nguyen Van Linh,Quan 7,10.752616652291238,106.72509685338922,28,39,1.0
2025-11-22 17:21:45,Vo Van Kiet,Quan 5,10.745754766198267,106.65326266831877,35,42,1.0
2025-11-22 17:21:46,Xa lo Ha Noi,QL1A,10.94927106740351,106.87196348224562,32,42,1.0
2025-11-22 17:21:47,Duong Dien Bien Phu,Quan 1,10.78866360854368,106.69551372228901,32,42,1.0
2025-11-22 17:21:59,Nga tu Hang Xanh,Binh Thanh,10.801406421807085,106.71148440879679,32,42,1.0
2025-11-22 17:22:11,Nga tu An Suong,Hoc Mon,10.843150534972033,106.6151343241409,22,35,1.0
2025-11-22 17:22:11,Ben xe Mien Dong,Quan 9,10.880537767027526,106.81481342866444,41,53,1.0
2025-11-22 17:22:12,Ben xe Mien Tay,Binh Tan,10.740840166521663,106.61899246873142,24,35,1.0
2025-11-22 17:22:13,Cau Sai Gon,Quan 2 ,10.798986343749618,106.72697056646841,36,45,1.0
2025-11-22 17:22:14,Cau Phu My,Q2,10.741860769464234,106.73790365482627,45,45,1.0
2025-11-22 17:22:15,Cau Kenh Te,Q4,10.752408891679814,106.7022703818112,19,33,1.0
2025-11-22 17:22:16,Cau Thu Thiem,Quan 2,10.786216596454727,106.71836665482695,40,40,1.0
2025-11-22 17:22:28,Nguyen Huu Canh,Binh Thanh,10.78948793356203,106.71518838181179,36,36,1.0
2025-11-22 17:22:39,Cong Hoa,Tan Binh,10.80223925742187,106.6478722259914,23,41,1.0
2025-11-22 17:22:51,Truong Son / Tan Son Nhat Blvd,Gan san bay,10.813928881466124,106.66511432455972,20,34,0.999265
2025-11-22 17:23:03,Nguyen Trai,Quan 5,10.755608615763382,106.67347943578082,19,28,1.0
2025-11-22 17:23:04,Le Duan,Quan 1,10.782680856341083,106.70051548181169,16,30,1.0
2025-11-22 17:23:16,Tran Hung Dao ,Quan 5,10.754895139302109,106.67839188181134,18,32,1.0
2025-11-22 17:23:17,Tran Quoc Thao,Quan 3,10.785070445194592,106.68331340921323,12,27,1.0
2025-11-22 17:23:18,Tran Hung Dao,Quan 5,10.7549373008113,106.67848844133415,18,32,1.0
2025-11-22 17:23:19,Cach Mang Thang 8 (CMT8),Quan 3,10.77898143649726,106.67684447140958,20,34,1.0
2025-11-22 17:23:20,Pham Ngu Lao / Bui Vien,Quan 1,10.767112828386699,106.6927618222887,13,20,1.0
2025-11-22 17:23:20,Nguyen Thi Minh Khai,Quan 3,10.77847212665258,106.69389510879643,27,42,1.0
2025-11-22 17:23:21,Nguyen Van Troi,Phu Nhuan,10.796057790235078,106.67492629345334,20,34,0.999265
2025-11-22 17:23:22,Pham Van Dong,Go Vap,10.835298215641501,106.72935479345391,30,42,0.996412
2025-11-22 17:23:23,Cong truong lam son,Quan 1,10.777562007197462,106.7041335430398,16,30,1.0
2025-11-22 17:23:24,Nguyen Oanh ,Go Vap,10.83886351241477,106.67566625482782,22,36,1.0
2025-11-22 17:23:24,Le Hong Phong,Quan 10,10.765187049751795,106.67550552599073,25,36,1.0
2025-11-22 17:23:25,Nguyen Van Cu,Quan 5,10.759484371982321,106.6840537511244,19,28,1.0
2025-11-22 17:23:26,Nga tu Binh Phuoc,Ngoai o,10.865229381280965,106.72366973948475,33,49,1.0
2025-11-22 17:23:27,Phu My Hung ,Quan 7,10.72279213640514,106.72808623948244,20,37,0.998615
2025-11-22 17:23:28,Nguyen Thai Son,Phu Nhuan,10.823400120373712,106.68551227436063,18,32,1.0
2025-11-22 17:23:29,An Duong Vuong,Quan 8,10.756158554057757,106.66631758181126,20,29,1.0
2025-11-22 17:23:30,Huynh Tan Phat,Nha Be,10.7144382088356,106.73711688366167,22,36,1.0
2025-11-22 17:23:42,Truong Chinh,Tan Binh ,10.817236653231737,106.63191539530457,21,35,1.0
2025-11-22 17:25:53,Cho Ben Thanh,Quan 1,10.772727584493625,106.69804225297563,13,24,1.0
2025-11-22 17:26:05,Duong Nguyen Hue,Quan 1,10.774028664434528,106.70357076461706,17,29,1.0
2025-11-22 17:26:06,Nguyen Van Linh,Quan 7,10.752616652291238,106.72509685338922,27,38,1.0
2025-11-22 17:26:07,Vo Van Kiet,Quan 5,10.745754766198267,106.65326266831877,36,42,1.0
2025-11-22 17:26:08,Xa lo Ha Noi,QL1A,10.94927106740351,106.87196348224562,25,42,1.0
2025-11-22 17:26:09,Duong Dien Bien Phu,Quan 1,10.78866360854368,106.69551372228901,31,42,1.0
2025-11-22 17:26:10,Nga tu Hang Xanh,Binh Thanh,10.801406421807085,106.71148440879679,31,42,1.0
2025-11-22 17:26:22,Nga tu An Suong,Hoc Mon,10.843150534972033,106.6151343241409,22,35,1.0
2025-11-22 17:26:34,Ben xe Mien Dong,Quan 9,10.880537767027526,106.81481342866444,42,53,1.0
2025-11-22 17:26:34,Ben xe Mien Tay,Binh Tan,10.740840166521663,106.61899246873142,22,36,1.0
2025-11-22 17:26:35,Cau Sai Gon,Quan 2 ,10.798986343749618,106.72697056646841,45,45,1.0
2025-11-22 17:26:47,Cau Phu My,Q2,10.741860769464234,106.73790365482627,45,45,1.0
2025-11-22 17:26:59,Cau Kenh Te,Q4,10.752408891679814,106.7022703818112,19,34,1.0
2025-11-22 17:27:00,Cau Thu Thiem,Quan 2,10.786216596454727,106.71836665482695,35,39,1.0
2025-11-22 17:27:01,Nguyen Huu Canh,Binh Thanh,10.78948793356203,106.71518838181179,36,36,1.0
2025-11-22 17:27:02,Cong Hoa,Tan Binh,10.80223925742187,106.6478722259914,26,41,1.0
2025-11-22 17:27:02,Truong Son / Tan Son Nhat Blvd,Gan san bay,10.813928881466124,106.66511432455972,21,34,0.997914
2025-11-22 17:27:03,Nguyen Trai,Quan 5,10.755608615763382,106.67347943578082,17,27,0.998943
2025-11-22 17:27:11,Le Duan,Quan 1,10.782680856341083,106.70051548181169,17,30,1.0
2025-11-22 17:27:23,Tran Hung Dao ,Quan 5,10.754895139302109,106.67839188181134,17,32,1.0
2025-11-22 17:27:24,Tran Quoc Thao,Quan 3,10.785070445194592,106.68331340921323,11,27,1.0
2025-11-22 17:27:25,Tran Hung Dao,Quan 5,10.7549373008113,106.67848844133415,17,32,1.0
2025-11-22 17:27:26,Cach Mang Thang 8 (CMT8),Quan 3,10.77898143649726,106.67684447140958,19,34,1.0
2025-11-22 17:27:26,Pham Ngu Lao / Bui Vien,Quan 1,10.767112828386699,106.6927618222887,11,20,1.0
2025-11-22 17:27:27,Nguyen Thi Minh Khai,Quan 3,10.77847212665258,106.69389510879643,28,42,1.0
2025-11-22 17:27:35,Nguyen Van Troi,Phu Nhuan,10.796057790235078,106.67492629345334,21,34,0.997914
2025-11-22 17:27:38,Pham Van Dong,Go Vap,10.835298215641501,106.72935479345391,31,42,0.995739
2025-11-22 17:27:39,Cong truong lam son,Quan 1,10.777562007197462,106.7041335430398,17,30,1.0
2025-11-22 17:27:40,Nguyen Oanh ,Go Vap,10.83886351241477,106.67566625482782,24,35,1.0
2025-11-22 17:27:52,Le Hong Phong,Quan 10,10.765187049751795,106.67550552599073,20,35,1.0
2025-11-22 17:27:53,Nguyen Van Cu,Quan 5,10.759484371982321,106.6840537511244,17,27,0.998943
2025-11-22 17:27:53,Nga tu Binh Phuoc,Ngoai o,10.865229381280965,106.72366973948475,33,49,1.0
2025-11-22 17:27:54,Phu My Hung ,Quan 7,10.72279213640514,106.72808623948244,20,38,0.998515
2025-11-22 17:27:55,Nguyen Thai Son,Phu Nhuan,10.823400120373712,106.68551227436063,21,31,1.0
2025-11-22 17:27:56,An Duong Vuong,Quan 8,10.756158554057757,106.66631758181126,23,28,1.0
2025-11-22 17:28:04,Huynh Tan Phat,Nha Be,10.7144382088356,106.73711688366167,21,35,1.0
2025-11-22 17:28:07,Truong Chinh,Tan Binh ,10.817236653231737,106.63191539530457,21,35,1.0
2025-11-22 17:30:19,Cho Ben Thanh,Quan 1,10.772727584493625,106.69804225297563,15,24,0.998765
2025-11-22 17:30:20,Duong Nguyen Hue,Quan 1,10.774028664434528,106.70357076461706,13,29,1.0
2025-11-22 17:30:21,Nguyen Van Linh,Quan 7,10.752616652291238,106.72509685338922,39,39,1.0
2025-11-22 17:30:22,Vo Van Kiet,Quan 5,10.745754766198267,106.65326266831877,34,42,1.0
2025-11-22 17:30:22,Xa lo Ha Noi,QL1A,10.94927106740351,106.87196348224562,28,41,1.0
2025-11-22 17:30:23,Duong Dien Bien Phu,Quan 1,10.78866360854368,106.69551372228901,32,42,1.0
2025-11-22 17:30:35,Nga tu Hang Xanh,Binh Thanh,10.801406421807085,106.71148440879679,32,42,1.0
2025-11-22 17:30:47,Nga tu An Suong,Hoc Mon,10.843150534972033,106.6151343241409,22,35,1.0
2025-11-22 17:30:48,Ben xe Mien Dong,Quan 9,10.880537767027526,106.81481342866444,41,53,1.0
2025-11-22 17:30:49,Ben xe Mien Tay,Binh Tan,10.740840166521663,106.61899246873142,24,35,1.0
2025-11-22 17:30:49,Cau Sai Gon,Quan 2 ,10.798986343749618,106.72697056646841,34,44,1.0
2025-11-22 17:30:50,Cau Phu My,Q2,10.741860769464234,106.73790365482627,45,45,1.0
2025-11-22 17:30:51,Cau Kenh Te,Q4,10.752408891679814,106.7022703818112,18,33,1.0
2025-11-22 17:30:59,Cau Thu Thiem,Quan 2,10.786216596454727,106.71836665482695,34,39,1.0
2025-11-22 17:31:00,Nguyen Huu Canh,Binh Thanh,10.78948793356203,106.71518838181179,28,36,1.0
2025-11-22 17:31:01,Cong Hoa,Tan Binh,10.80223925742187,106.6478722259914,25,41,1.0
2025-11-22 17:31:01,Truong Son / Tan Son Nhat Blvd,Gan san bay,10.813928881466124,106.66511432455972,21,34,0.997651
2025-11-22 17:31:02,Nguyen Trai,Quan 5,10.755608615763382,106.67347943578082,18,28,1.0
2025-11-22 17:31:03,Le Duan,Quan 1,10.782680856341083,106.70051548181169,17,30,1.0
2025-11-22 17:31:11,Tran Hung Dao ,Quan 5,10.754895139302109,106.67839188181134,19,33,1.0
2025-11-22 17:31:13,Tran Quoc Thao,Quan 3,10.785070445194592,106.68331340921323,13,27,1.0
2025-11-22 17:31:13,Tran Hung Dao,Quan 5,10.7549373008113,106.67848844133415,19,33,1.0
2025-11-22 17:31:14,Cach Mang Thang 8 (CMT8),Quan 3,10.77898143649726,106.67684447140958,20,34,1.0
2025-11-22 17:31:15,Pham Ngu Lao / Bui Vien,Quan 1,10.767112828386699,106.6927618222887,8,19,1.0
2025-11-22 17:31:23,Nguyen Thi Minh Khai,Quan 3,10.77847212665258,106.69389510879643,27,42,1.0
2025-11-22 17:31:35,Nguyen Van Troi,Phu Nhuan,10.796057790235078,106.67492629345334,21,34,0.997472
2025-11-22 17:31:35,Pham Van Dong,Go Vap,10.835298215641501,106.72935479345391,30,42,0.994579
2025-11-22 17:31:36,Cong truong lam son,Quan 1,10.777562007197462,106.7041335430398,16,30,1.0
2025-11-22 17:31:37,Nguyen Oanh ,Go Vap,10.83886351241477,106.67566625482782,22,36,0.999213
2025-11-22 17:31:38,Le Hong Phong,Quan 10,10.765187049751795,106.67550552599073,25,35,1.0
2025-11-22 17:31:39,Nguyen Van Cu,Quan 5,10.759484371982321,106.6840537511244,17,27,1.0
2025-11-22 17:31:51,Nga tu Binh Phuoc,Ngoai o,10.865229381280965,106.72366973948475,33,49,1.0
2025-11-22 17:32:03,Phu My Hung ,Quan 7,10.72279213640514,106.72808623948244,21,37,0.998218
2025-11-22 17:32:04,Nguyen Thai Son,Phu Nhuan,10.823400120373712,106.68551227436063,20,31,1.0
2025-11-22 17:32:04,An Duong Vuong,Quan 8,10.756158554057757,106.66631758181126,19,29,1.0
2025-11-22 17:32:05,Huynh Tan Phat,Nha Be,10.7144382088356,106.73711688366167,21,35,1.0
2025-11-22 17:32:06,Truong Chinh,Tan Binh ,10.817236653231737,106.63191539530457,20,35,1.0
2025-11-22 17:34:07,Cho Ben Thanh,Quan 1,10.772727584493625,106.69804225297563,16,24,0.998765
2025-11-22 17:34:19,Duong Nguyen Hue,Quan 1,10.774028664434528,106.70357076461706,15,28,1.0
2025-11-22 17:34:20,Nguyen Van Linh,Quan 7,10.752616652291238,106.72509685338922,31,39,1.0
2025-11-22 17:34:21,Vo Van Kiet,Quan 5,10.745754766198267,106.65326266831877,36,43,1.0
2025-11-22 17:34:22,Xa lo Ha Noi,QL1A,10.94927106740351,106.87196348224562,29,42,1.0
2025-11-22 17:34:23,Duong Dien Bien Phu,Quan 1,10.78866360854368,106.69551372228901,31,41,1.0
2025-11-22 17:34:23,Nga tu Hang Xanh,Binh Thanh,10.801406421807085,106.71148440879679,31,41,1.0
2025-11-22 17:34:35,Nga tu An Suong,Hoc Mon,10.843150534972033,106.6151343241409,21,35,1.0
2025-11-22 17:34:47,Ben xe Mien Dong,Quan 9,10.880537767027526,106.81481342866444,41,53,1.0
2025-11-22 17:34:59,Ben xe Mien Tay,Binh Tan,10.740840166521663,106.61899246873142,24,36,1.0
2025-11-22 17:35:11,Cau Sai Gon,Quan 2 ,10.798986343749618,106.72697056646841,45,45,1.0
2025-11-22 17:35:23,Cau Phu My,Q2,10.741860769464234,106.73790365482627,45,45,1.0
2025-11-22 17:35:24,Cau Kenh Te,Q4,10.752408891679814,106.7022703818112,18,34,1.0
2025-11-22 17:35:25,Cau Thu Thiem,Quan 2,10.786216596454727,106.71836665482695,35,39,1.0
2025-11-22 17:35:26,Nguyen Huu Canh,Binh Thanh,10.78948793356203,106.71518838181179,28,35,1.0
2025-11-22 17:35:27,Cong Hoa,Tan Binh,10.80223925742187,106.6478722259914,26,41,1.0
2025-11-22 17:35:28,Truong Son / Tan Son Nhat Blvd,Gan san bay,10.813928881466124,106.66511432455972,21,33,0.997734
2025-11-22 17:35:35,Nguyen Trai,Quan 5,10.755608615763382,106.67347943578082,16,28,1.0
2025-11-22 17:35:36,Le Duan,Quan 1,10.782680856341083,106.70051548181169,17,30,1.0
2025-11-22 17:35:37,Tran Hung Dao ,Quan 5,10.754895139302109,106.67839188181134,19,33,1.0
2025-11-22 17:35:38,Tran Quoc Thao,Quan 3,10.785070445194592,106.68331340921323,18,27,1.0
2025-11-22 17:35:39,Tran Hung Dao,Quan 5,10.7549373008113,106.67848844133415,19,33,1.0
2025-11-22 17:35:40,Cach Mang Thang 8 (CMT8),Quan 3,10.77898143649726,106.67684447140958,18,35,1.0
2025-11-22 17:35:52,Pham Ngu Lao / Bui Vien,Quan 1,10.767112828386699,106.6927618222887,10,20,1.0
2025-11-22 17:36:04,Nguyen Thi Minh Khai,Quan 3,10.77847212665258,106.69389510879643,26,41,1.0
2025-11-22 17:36:05,Nguyen Van Troi,Phu Nhuan,10.796057790235078,106.67492629345334,21,33,0.997734
2025-11-22 17:36:06,Pham Van Dong,Go Vap,10.835298215641501,106.72935479345391,30,42,0.995851
2025-11-22 17:36:06,Cong truong lam son,Quan 1,10.777562007197462,106.7041335430398,18,31,1.0
2025-11-22 17:36:07,Nguyen Oanh ,Go Vap,10.83886351241477,106.67566625482782,24,36,1.0
2025-11-22 17:36:08,Le Hong Phong,Quan 10,10.765187049751795,106.67550552599073,21,36,1.0
2025-11-22 17:36:09,Nguyen Van Cu,Quan 5,10.759484371982321,106.6840537511244,16,27,0.998954
2025-11-22 17:36:10,Nga tu Binh Phuoc,Ngoai o,10.865229381280965,106.72366973948475,32,49,1.0
2025-11-22 17:36:11,Phu My Hung ,Quan 7,10.72279213640514,106.72808623948244,21,37,0.998218
2025-11-22 17:36:12,Nguyen Thai Son,Phu Nhuan,10.823400120373712,106.68551227436063,18,31,1.0
2025-11-22 17:36:13,An Duong Vuong,Quan 8,10.756158554057757,106.66631758181126,19,29,1.0
2025-11-22 17:36:19,Huynh Tan Phat,Nha Be,10.7144382088356,106.73711688366167,21,35,1.0
2025-11-22 17:36:31,Truong Chinh,Tan Binh ,10.817236653231737,106.63191539530457,22,35,1.0
2025-11-22 17:38:43,Cho Ben Thanh,Quan 1,10.772727584493625,106.69804225297563,15,24,0.998765
2025-11-22 17:38:44,Duong Nguyen Hue,Quan 1,10.774028664434528,106.70357076461706,16,28,1.0
2025-11-22 17:38:45,Nguyen Van Linh,Quan 7,10.752616652291238,106.72509685338922,29,39,1.0
2025-11-22 17:38:46,Vo Van Kiet,Quan 5,10.745754766198267,106.65326266831877,37,43,1.0
2025-11-22 17:38:47,Xa lo Ha Noi,QL1A,10.94927106740351,106.87196348224562,24,41,1.0
2025-11-22 17:38:47,Duong Dien Bien Phu,Quan 1,10.78866360854368,106.69551372228901,31,41,1.0
2025-11-22 17:38:55,Nga tu Hang Xanh,Binh Thanh,10.801406421807085,106.71148440879679,31,41,1.0
2025-11-22 17:39:07,Nga tu An Suong,Hoc Mon,10.843150534972033,106.6151343241409,21,35,1.0
2025-11-22 17:39:08,Ben xe Mien Dong,Quan 9,10.880537767027526,106.81481342866444,42,53,1.0
2025-11-22 17:39:09,Ben xe Mien Tay,Binh Tan,10.740840166521663,106.61899246873142,24,35,1.0
2025-11-22 17:39:10,Cau Sai Gon,Quan 2 ,10.798986343749618,106.72697056646841,45,45,1.0
2025-11-22 17:39:11,Cau Phu My,Q2,10.741860769464234,106.73790365482627,45,45,1.0
2025-11-22 17:39:11,Cau Kenh Te,Q4,10.752408891679814,106.7022703818112,17,33,1.0
2025-11-22 17:39:12,Cau Thu Thiem,Quan 2,10.786216596454727,106.71836665482695,35,40,1.0
2025-11-22 17:39:13,Nguyen Huu Canh,Binh Thanh,10.78948793356203,106.71518838181179,26,35,1.0
2025-11-22 17:39:14,Cong Hoa,Tan Binh,10.80223925742187,106.6478722259914,27,41,1.0
2025-11-22 17:39:15,Truong Son / Tan Son Nhat Blvd,Gan san bay,10.813928881466124,106.66511432455972,21,34,0.997416
2025-11-22 17:39:16,Nguyen Trai,Quan 5,10.755608615763382,106.67347943578082,17,28,1.0
2025-11-22 17:39:17,Le Duan,Quan 1,10.782680856341083,106.70051548181169,16,30,1.0
2025-11-22 17:39:18,Tran Hung Dao ,Quan 5,10.754895139302109,106.67839188181134,18,33,1.0
2025-11-22 17:39:18,Tran Quoc Thao,Quan 3,10.785070445194592,106.68331340921323,11,27,1.0
2025-11-22 17:39:20,Tran Hung Dao,Quan 5,10.7549373008113,106.67848844133415,18,33,1.0
2025-11-22 17:39:21,Cach Mang Thang 8 (CMT8),Quan 3,10.77898143649726,106.67684447140958,20,35,1.0
2025-11-22 17:39:22,Pham Ngu Lao / Bui Vien,Quan 1,10.767112828386699,106.6927618222887,12,20,1.0
2025-11-22 17:39:22,Nguyen Thi Minh Khai,Quan 3,10.77847212665258,106.69389510879643,26,41,1.0
2025-11-22 17:39:23,Nguyen Van Troi,Phu Nhuan,10.796057790235078,106.67492629345334,21,34,0.997416
2025-11-22 17:39:30,Pham Van Dong,Go Vap,10.835298215641501,106.72935479345391,31,42,0.995671
2025-11-22 17:39:42,Cong truong lam son,Quan 1,10.777562007197462,106.7041335430398,16,30,1.0
2025-11-22 17:39:43,Nguyen Oanh ,Go Vap,10.83886351241477,106.67566625482782,23,36,1.0
2025-11-22 17:39:44,Le Hong Phong,Quan 10,10.765187049751795,106.67550552599073,25,36,1.0
2025-11-22 17:39:45,Nguyen Van Cu,Quan 5,10.759484371982321,106.6840537511244,17,28,1.0
2025-11-22 17:39:46,Nga tu Binh Phuoc,Ngoai o,10.865229381280965,106.72366973948475,34,49,1.0
2025-11-22 17:39:47,Phu My Hung ,Quan 7,10.72279213640514,106.72808623948244,21,37,0.998603
2025-11-22 17:39:54,Nguyen Thai Son,Phu Nhuan,10.823400120373712,106.68551227436063,20,30,1.0
2025-11-22 17:40:06,An Duong Vuong,Quan 8,10.756158554057757,106.66631758181126,21,30,1.0
2025-11-22 17:40:07,Huynh Tan Phat,Nha Be,10.7144382088356,106.73711688366167,21,35,1.0
2025-11-22 17:40:08,Truong Chinh,Tan Binh ,10.817236653231737,106.63191539530457,21,35,1.0
2025-11-22 17:42:20,Cho Ben Thanh,Quan 1,10.772727584493625,106.69804225297563,14,24,0.998765
2025-11-22 17:42:21,Duong Nguyen Hue,Quan 1,10.774028664434528,106.70357076461706,18,28,1.0
2025-11-22 17:42:22,Nguyen Van Linh,Quan 7,10.752616652291238,106.72509685338922,36,43,1.0
2025-11-22 17:42:23,Vo Van Kiet,Quan 5,10.745754766198267,106.65326266831877,42,42,1.0
2025-11-22 17:42:24,Xa lo Ha Noi,QL1A,10.94927106740351,106.87196348224562,26,42,1.0
2025-11-22 17:42:25,Duong Dien Bien Phu,Quan 1,10.78866360854368,106.69551372228901,31,42,1.0
2025-11-22 17:42:32,Nga tu Hang Xanh,Binh Thanh,10.801406421807085,106.71148440879679,31,42,1.0
2025-11-22 17:42:44,Nga tu An Suong,Hoc Mon,10.843150534972033,106.6151343241409,22,35,1.0
2025-11-22 17:42:45,Ben xe Mien Dong,Quan 9,10.880537767027526,106.81481342866444,40,53,1.0
2025-11-22 17:42:46,Ben xe Mien Tay,Binh Tan,10.740840166521663,106.61899246873142,23,35,1.0
2025-11-22 17:42:47,Cau Sai Gon,Quan 2 ,10.798986343749618,106.72697056646841,36,45,1.0
2025-11-22 17:42:48,Cau Phu My,Q2,10.741860769464234,106.73790365482627,45,45,1.0
2025-11-22 17:42:48,Cau Kenh Te,Q4,10.752408891679814,106.7022703818112,17,33,1.0
2025-11-22 17:42:56,Cau Thu Thiem,Quan 2,10.786216596454727,106.71836665482695,40,40,1.0
2025-11-22 17:42:57,Nguyen Huu Canh,Binh Thanh,10.78948793356203,106.71518838181179,36,36,1.0
2025-11-22 17:42:58,Cong Hoa,Tan Binh,10.80223925742187,106.6478722259914,26,41,1.0
2025-11-22 17:42:59,Truong Son / Tan Son Nhat Blvd,Gan san bay,10.813928881466124,106.66511432455972,22,33,1.0
2025-11-22 17:43:00,Nguyen Trai,Quan 5,10.755608615763382,106.67347943578082,17,27,0.998947
2025-11-22 17:43:00,Le Duan,Quan 1,10.782680856341083,106.70051548181169,16,30,1.0
2025-11-22 17:43:12,Tran Hung Dao ,Quan 5,10.754895139302109,106.67839188181134,19,33,1.0
2025-11-22 17:43:24,Tran Quoc Thao,Quan 3,10.785070445194592,106.68331340921323,15,27,1.0
2025-11-22 17:43:25,Tran Hung Dao,Quan 5,10.7549373008113,106.67848844133415,20,33,1.0
2025-11-22 17:43:26,Cach Mang Thang 8 (CMT8),Quan 3,10.77898143649726,106.67684447140958,19,34,1.0
2025-11-22 17:43:27,Pham Ngu Lao / Bui Vien,Quan 1,10.767112828386699,106.6927618222887,15,20,1.0
2025-11-22 17:43:28,Nguyen Thi Minh Khai,Quan 3,10.77847212665258,106.69389510879643,27,41,1.0
2025-11-22 17:43:29,Nguyen Van Troi,Phu Nhuan,10.796057790235078,106.67492629345334,22,34,1.0
2025-11-22 17:43:36,Pham Van Dong,Go Vap,10.835298215641501,106.72935479345391,30,42,0.995662
2025-11-22 17:43:48,Cong truong lam son,Quan 1,10.777562007197462,106.7041335430398,16,30,1.0
2025-11-22 17:43:49,Nguyen Oanh ,Go Vap,10.83886351241477,106.67566625482782,23,36,1.0
2025-11-22 17:43:50,Le Hong Phong,Quan 10,10.765187049751795,106.67550552599073,21,35,1.0
2025-11-22 17:43:51,Nguyen Van Cu,Quan 5,10.759484371982321,106.6840537511244,17,27,1.0
2025-11-22 17:43:52,Nga tu Binh Phuoc,Ngoai o,10.865229381280965,106.72366973948475,31,49,1.0
2025-11-22 17:43:53,Phu My Hung ,Quan 7,10.72279213640514,106.72808623948244,20,36,0.997702
2025-11-22 17:44:00,Nguyen Thai Son,Phu Nhuan,10.823400120373712,106.68551227436063,21,32,1.0
2025-11-22 17:44:01,An Duong Vuong,Quan 8,10.756158554057757,106.66631758181126,21,30,1.0
2025-11-22 17:44:02,Huynh Tan Phat,Nha Be,10.7144382088356,106.73711688366167,20,35,1.0
2025-11-22 17:44:03,Truong Chinh,Tan Binh ,10.817236653231737,106.63191539530457,23,35,1.0
2025-11-22 17:46:15,Cho Ben Thanh,Quan 1,10.772727584493625,106.69804225297563,14,24,1.0
2025-11-22 17:46:16,Duong Nguyen Hue,Quan 1,10.774028664434528,106.70357076461706,17,29,1.0
2025-11-22 17:46:17,Nguyen Van Linh,Quan 7,10.752616652291238,106.72509685338922,39,39,1.0
2025-11-22 17:46:18,Vo Van Kiet,Quan 5,10.745754766198267,106.65326266831877,35,43,1.0
2025-11-22 17:46:18,Xa lo Ha Noi,QL1A,10.94927106740351,106.87196348224562,24,42,1.0
2025-11-22 17:46:19,Duong Dien Bien Phu,Quan 1,10.78866360854368,106.69551372228901,30,42,1.0
2025-11-22 17:46:20,Nga tu Hang Xanh,Binh Thanh,10.801406421807085,106.71148440879679,30,42,1.0
2025-11-22 17:46:21,Nga tu An Suong,Hoc Mon,10.843150534972033,106.6151343241409,23,34,1.0
2025-11-22 17:46:22,Ben xe Mien Dong,Quan 9,10.880537767027526,106.81481342866444,40,53,1.0
2025-11-22 17:46:23,Ben xe Mien Tay,Binh Tan,10.740840166521663,106.61899246873142,23,35,1.0
2025-11-22 17:46:24,Cau Sai Gon,Quan 2 ,10.798986343749618,106.72697056646841,45,45,1.0
2025-11-22 17:46:25,Cau Phu My,Q2,10.741860769464234,106.73790365482627,45,45,1.0
2025-11-22 17:46:37,Cau Kenh Te,Q4,10.752408891679814,106.7022703818112,21,34,1.0
2025-11-22 17:46:48,Cau Thu Thiem,Quan 2,10.786216596454727,106.71836665482695,40,40,1.0
2025-11-22 17:47:00,Nguyen Huu Canh,Binh Thanh,10.78948793356203,106.71518838181179,25,35,1.0
2025-11-22 17:47:12,Cong Hoa,Tan Binh,10.80223925742187,106.6478722259914,25,40,1.0
2025-11-22 17:47:24,Truong Son / Tan Son Nhat Blvd,Gan san bay,10.813928881466124,106.66511432455972,21,34,1.0
2025-11-22 17:47:25,Nguyen Trai,Quan 5,10.755608615763382,106.67347943578082,17,27,1.0
2025-11-22 17:47:26,Le Duan,Quan 1,10.782680856341083,106.70051548181169,16,30,1.0
2025-11-22 17:47:27,Tran Hung Dao ,Quan 5,10.754895139302109,106.67839188181134,20,33,1.0
2025-11-22 17:47:28,Tran Quoc Thao,Quan 3,10.785070445194592,106.68331340921323,13,27,1.0
2025-11-22 17:47:29,Tran Hung Dao,Quan 5,10.7549373008113,106.67848844133415,20,33,1.0
2025-11-22 17:47:36,Cach Mang Thang 8 (CMT8),Quan 3,10.77898143649726,106.67684447140958,20,35,1.0
2025-11-22 17:47:37,Pham Ngu Lao / Bui Vien,Quan 1,10.767112828386699,106.6927618222887,20,20,1.0
2025-11-22 17:47:38,Nguyen Thi Minh Khai,Quan 3,10.77847212665258,106.69389510879643,26,41,1.0
2025-11-22 17:47:48,Nguyen Van Troi,Phu Nhuan,10.796057790235078,106.67492629345334,21,34,1.0
2025-11-22 17:47:49,Pham Van Dong,Go Vap,10.835298215641501,106.72935479345391,30,42,0.996016
2025-11-22 17:47:50,Cong truong lam son,Quan 1,10.777562007197462,106.7041335430398,16,30,1.0
2025-11-22 17:47:51,Nguyen Oanh ,Go Vap,10.83886351241477,106.67566625482782,23,36,1.0
2025-11-22 17:47:52,Le Hong Phong,Quan 10,10.765187049751795,106.67550552599073,20,35,1.0
2025-11-22 17:47:53,Nguyen Van Cu,Quan 5,10.759484371982321,106.6840537511244,17,27,1.0
2025-11-22 17:48:00,Nga tu Binh Phuoc,Ngoai o,10.865229381280965,106.72366973948475,32,49,1.0
2025-11-22 17:48:01,Phu My Hung ,Quan 7,10.72279213640514,106.72808623948244,20,36,0.997902
2025-11-22 17:48:02,Nguyen Thai Son,Phu Nhuan,10.823400120373712,106.68551227436063,21,32,1.0
2025-11-22 17:48:03,An Duong Vuong,Quan 8,10.756158554057757,106.66631758181126,23,29,1.0
2025-11-22 17:48:04,Huynh Tan Phat,Nha Be,10.7144382088356,106.73711688366167,20,35,1.0
2025-11-22 17:48:05,Truong Chinh,Tan Binh ,10.817236653231737,106.63191539530457,23,35,1.0
2025-11-22 17:50:06,Cho Ben Thanh,Quan 1,10.772727584493625,106.69804225297563,15,24,0.998765
2025-11-22 17:50:06,Duong Nguyen Hue,Quan 1,10.774028664434528,106.70357076461706,18,28,1.0
2025-11-22 17:50:07,Nguyen Van Linh,Quan 7,10.752616652291238,106.72509685338922,32,39,1.0
2025-11-22 17:50:08,Vo Van Kiet,Quan 5,10.745754766198267,106.65326266831877,36,42,1.0
2025-11-22 17:50:09,Xa lo Ha Noi,QL1A,10.94927106740351,106.87196348224562,20,41,1.0
2025-11-22 17:50:17,Duong Dien Bien Phu,Quan 1,10.78866360854368,106.69551372228901,31,41,1.0
2025-11-22 17:50:18,Nga tu Hang Xanh,Binh Thanh,10.801406421807085,106.71148440879679,31,41,1.0
2025-11-22 17:50:18,Nga tu An Suong,Hoc Mon,10.843150534972033,106.6151343241409,21,35,1.0
2025-11-22 17:50:19,Ben xe Mien Dong,Quan 9,10.880537767027526,106.81481342866444,39,53,1.0
2025-11-22 17:50:20,Ben xe Mien Tay,Binh Tan,10.740840166521663,106.61899246873142,24,35,1.0
2025-11-22 17:50:21,Cau Sai Gon,Quan 2 ,10.798986343749618,106.72697056646841,35,45,1.0
2025-11-22 17:50:28,Cau Phu My,Q2,10.741860769464234,106.73790365482627,45,45,1.0
2025-11-22 17:50:29,Cau Kenh Te,Q4,10.752408891679814,106.7022703818112,20,34,1.0
2025-11-22 17:50:30,Cau Thu Thiem,Quan 2,10.786216596454727,106.71836665482695,40,40,1.0
2025-11-22 17:50:31,Nguyen Huu Canh,Binh Thanh,10.78948793356203,106.71518838181179,25,36,1.0
2025-11-22 17:50:32,Cong Hoa,Tan Binh,10.80223925742187,106.6478722259914,27,40,1.0
2025-11-22 17:50:33,Truong Son / Tan Son Nhat Blvd,Gan san bay,10.813928881466124,106.66511432455972,21,34,0.998692
2025-11-22 17:50:40,Nguyen Trai,Quan 5,10.755608615763382,106.67347943578082,14,27,1.0
2025-11-22 17:50:41,Le Duan,Quan 1,10.782680856341083,106.70051548181169,15,30,1.0
2025-11-22 17:50:42,Tran Hung Dao ,Quan 5,10.754895139302109,106.67839188181134,20,33,1.0
2025-11-22 17:50:43,Tran Quoc Thao,Quan 3,10.785070445194592,106.68331340921323,14,27,1.0
2025-11-22 17:50:44,Tran Hung Dao,Quan 5,10.7549373008113,106.67848844133415,20,33,1.0
2025-11-22 17:50:45,Cach Mang Thang 8 (CMT8),Quan 3,10.77898143649726,106.67684447140958,20,35,1.0
2025-11-22 17:50:52,Pham Ngu Lao / Bui Vien,Quan 1,10.767112828386699,106.6927618222887,12,20,1.0
2025-11-22 17:50:53,Nguyen Thi Minh Khai,Quan 3,10.77847212665258,106.69389510879643,26,41,1.0
2025-11-22 17:50:54,Nguyen Van Troi,Phu Nhuan,10.796057790235078,106.67492629345334,21,34,0.998692
2025-11-22 17:50:55,Pham Van Dong,Go Vap,10.835298215641501,106.72935479345391,31,42,0.994209
2025-11-22 17:50:56,Cong truong lam son,Quan 1,10.777562007197462,106.7041335430398,15,30,1.0
2025-11-22 17:50:57,Nguyen Oanh ,Go Vap,10.83886351241477,106.67566625482782,24,35,1.0
2025-11-22 17:51:04,Le Hong Phong,Quan 10,10.765187049751795,106.67550552599073,22,35,1.0
2025-11-22 17:51:05,Nguyen Van Cu,Quan 5,10.759484371982321,106.6840537511244,14,27,1.0
2025-11-22 17:51:06,Nga tu Binh Phuoc,Ngoai o,10.865229381280965,106.72366973948475,32,49,1.0
2025-11-22 17:51:07,Phu My Hung ,Quan 7,10.72279213640514,106.72808623948244,21,37,0.998209
2025-11-22 17:51:08,Nguyen Thai Son,Phu Nhuan,10.823400120373712,106.68551227436063,21,31,1.0
2025-11-22 17:51:09,An Duong Vuong,Quan 8,10.756158554057757,106.66631758181126,22,30,1.0
2025-11-22 17:51:16,Huynh Tan Phat,Nha Be,10.7144382088356,106.73711688366167,20,35,1.0
2025-11-22 17:51:17,Truong Chinh,Tan Binh ,10.817236653231737,106.63191539530457,21,35,1.0
2025-11-22 17:53:29,Cho Ben Thanh,Quan 1,10.772727584493625,106.69804225297563,14,24,1.0
2025-11-22 17:53:30,Duong Nguyen Hue,Quan 1,10.774028664434528,106.70357076461706,15,27,1.0
2025-11-22 17:53:31,Nguyen Van Linh,Quan 7,10.752616652291238,106.72509685338922,29,39,1.0
2025-11-22 17:53:32,Vo Van Kiet,Quan 5,10.745754766198267,106.65326266831877,35,43,1.0
2025-11-22 17:53:33,Xa lo Ha Noi,QL1A,10.94927106740351,106.87196348224562,26,41,1.0
2025-11-22 17:53:34,Duong Dien Bien Phu,Quan 1,10.78866360854368,106.69551372228901,31,41,1.0
2025-11-22 17:53:34,Nga tu Hang Xanh,Binh Thanh,10.801406421807085,106.71148440879679,31,41,1.0
2025-11-22 17:53:46,Nga tu An Suong,Hoc Mon,10.843150534972033,106.6151343241409,21,35,1.0
2025-11-22 17:53:58,Ben xe Mien Dong,Quan 9,10.880537767027526,106.81481342866444,41,53,1.0
2025-11-22 17:53:59,Ben xe Mien Tay,Binh Tan,10.740840166521663,106.61899246873142,24,35,1.0
2025-11-22 17:54:00,Cau Sai Gon,Quan 2 ,10.798986343749618,106.72697056646841,36,45,1.0
2025-11-22 17:54:01,Cau Phu My,Q2,10.741860769464234,106.73790365482627,45,45,1.0
2025-11-22 17:54:02,Cau Kenh Te,Q4,10.752408891679814,106.7022703818112,18,34,1.0
2025-11-22 17:54:03,Cau Thu Thiem,Quan 2,10.786216596454727,106.71836665482695,40,40,1.0
2025-11-22 17:54:10,Nguyen Huu Canh,Binh Thanh,10.78948793356203,106.71518838181179,24,36,1.0
2025-11-22 17:54:11,Cong Hoa,Tan Binh,10.80223925742187,106.6478722259914,27,41,1.0
2025-11-22 17:54:12,Truong Son / Tan Son Nhat Blvd,Gan san bay,10.813928881466124,106.66511432455972,21,34,0.998197
2025-11-22 17:54:13,Nguyen Trai,Quan 5,10.755608615763382,106.67347943578082,15,26,1.0
2025-11-22 17:54:14,Le Duan,Quan 1,10.782680856341083,106.70051548181169,16,29,1.0
2025-11-22 17:54:15,Tran Hung Dao ,Quan 5,10.754895139302109,106.67839188181134,19,33,1.0
2025-11-22 17:54:22,Tran Quoc Thao,Quan 3,10.785070445194592,106.68331340921323,12,28,1.0
2025-11-22 17:54:23,Tran Hung Dao,Quan 5,10.7549373008113,106.67848844133415,19,33,1.0
2025-11-22 17:54:24,Cach Mang Thang 8 (CMT8),Quan 3,10.77898143649726,106.67684447140958,19,34,1.0
2025-11-22 17:54:25,Pham Ngu Lao / Bui Vien,Quan 1,10.767112828386699,106.6927618222887,12,19,1.0
2025-11-22 17:54:26,Nguyen Thi Minh Khai,Quan 3,10.77847212665258,106.69389510879643,28,42,1.0
2025-11-22 17:54:27,Nguyen Van Troi,Phu Nhuan,10.796057790235078,106.67492629345334,22,33,0.997651
2025-11-22 17:54:34,Pham Van Dong,Go Vap,10.835298215641501,106.72935479345391,30,42,0.994818
2025-11-22 17:54:35,Cong truong lam son,Quan 1,10.777562007197462,106.7041335430398,17,30,1.0
2025-11-22 17:54:36,Nguyen Oanh ,Go Vap,10.83886351241477,106.67566625482782,24,36,1.0
2025-11-22 17:54:37,Le Hong Phong,Quan 10,10.765187049751795,106.67550552599073,23,35,1.0
2025-11-22 17:54:38,Nguyen Van Cu,Quan 5,10.759484371982321,106.6840537511244,15,27,1.0
2025-11-22 17:54:39,Nga tu Binh Phuoc,Ngoai o,10.865229381280965,106.72366973948475,31,49,1.0
2025-11-22 17:54:46,Phu My Hung ,Quan 7,10.72279213640514,106.72808623948244,21,37,0.997811
2025-11-22 17:54:47,Nguyen Thai Son,Phu Nhuan,10.823400120373712,106.68551227436063,18,32,1.0
2025-11-22 17:54:48,An Duong Vuong,Quan 8,10.756158554057757,106.66631758181126,21,30,1.0
2025-11-22 17:54:49,Huynh Tan Phat,Nha Be,10.7144382088356,106.73711688366167,20,35,1.0
2025-11-22 17:54:50,Truong Chinh,Tan Binh ,10.817236653231737,106.63191539530457,21,35,1.0
2025-11-22 17:57:02,Cho Ben Thanh,Quan 1,10.772727584493625,106.69804225297563,13,24,1.0
2025-11-22 17:57:14,Duong Nguyen Hue,Quan 1,10.774028664434528,106.70357076461706,16,29,1.0
2025-11-22 17:57:26,Nguyen Van Linh,Quan 7,10.752616652291238,106.72509685338922,26,38,1.0
2025-11-22 17:57:26,Vo Van Kiet,Quan 5,10.745754766198267,106.65326266831877,36,42,1.0
2025-11-22 17:57:27,Xa lo Ha Noi,QL1A,10.94927106740351,106.87196348224562,28,42,1.0
2025-11-22 17:57:28,Duong Dien Bien Phu,Quan 1,10.78866360854368,106.69551372228901,31,42,1.0
2025-11-22 17:57:29,Nga tu Hang Xanh,Binh Thanh,10.801406421807085,106.71148440879679,31,42,1.0
2025-11-22 17:57:30,Nga tu An Suong,Hoc Mon,10.843150534972033,106.6151343241409,22,35,1.0
2025-11-22 17:57:42,Ben xe Mien Dong,Quan 9,10.880537767027526,106.81481342866444,39,54,1.0
2025-11-22 17:57:54,Ben xe Mien Tay,Binh Tan,10.740840166521663,106.61899246873142,23,35,1.0
2025-11-22 17:58:06,Cau Sai Gon,Quan 2 ,10.798986343749618,106.72697056646841,45,45,1.0
2025-11-22 17:58:06,Cau Phu My,Q2,10.741860769464234,106.73790365482627,45,45,1.0
2025-11-22 17:58:07,Cau Kenh Te,Q4,10.752408891679814,106.7022703818112,20,34,1.0
2025-11-22 17:58:08,Cau Thu Thiem,Quan 2,10.786216596454727,106.71836665482695,40,40,1.0
2025-11-22 17:58:09,Nguyen Huu Canh,Binh Thanh,10.78948793356203,106.71518838181179,36,36,1.0
2025-11-22 17:58:10,Cong Hoa,Tan Binh,10.80223925742187,106.6478722259914,26,41,1.0
2025-11-22 17:58:18,Truong Son / Tan Son Nhat Blvd,Gan san bay,10.813928881466124,106.66511432455972,22,34,0.997914
2025-11-22 17:58:30,Nguyen Trai,Quan 5,10.755608615763382,106.67347943578082,12,27,0.998951
2025-11-22 17:58:30,Le Duan,Quan 1,10.782680856341083,106.70051548181169,17,30,1.0
2025-11-22 17:58:31,Tran Hung Dao ,Quan 5,10.754895139302109,106.67839188181134,18,32,1.0
2025-11-22 17:58:32,Tran Quoc Thao,Quan 3,10.785070445194592,106.68331340921323,12,28,1.0
2025-11-22 17:58:33,Tran Hung Dao,Quan 5,10.7549373008113,106.67848844133415,18,32,1.0
2025-11-22 17:58:34,Cach Mang Thang 8 (CMT8),Quan 3,10.77898143649726,106.67684447140958,19,34,1.0
2025-11-22 17:58:46,Pham Ngu Lao / Bui Vien,Quan 1,10.767112828386699,106.6927618222887,15,19,1.0
2025-11-22 17:58:58,Nguyen Thi Minh Khai,Quan 3,10.77847212665258,106.69389510879643,28,42,1.0
2025-11-22 17:58:59,Nguyen Van Troi,Phu Nhuan,10.796057790235078,106.67492629345334,22,34,0.997914
2025-11-22 17:59:00,Pham Van Dong,Go Vap,10.835298215641501,106.72935479345391,29,42,0.99297
2025-11-22 17:59:10,Cong truong lam son,Quan 1,10.777562007197462,106.7041335430398,17,30,1.0
2025-11-22 17:59:22,Nguyen Oanh ,Go Vap,10.83886351241477,106.67566625482782,24,36,1.0
2025-11-22 17:59:23,Le Hong Phong,Quan 10,10.765187049751795,106.67550552599073,24,36,1.0
2025-11-22 17:59:23,Nguyen Van Cu,Quan 5,10.759484371982321,106.6840537511244,14,28,1.0
2025-11-22 17:59:24,Nga tu Binh Phuoc,Ngoai o,10.865229381280965,106.72366973948475,32,49,1.0
2025-11-22 17:59:25,Phu My Hung ,Quan 7,10.72279213640514,106.72808623948244,19,37,0.997669
2025-11-22 17:59:26,Nguyen Thai Son,Phu Nhuan,10.823400120373712,106.68551227436063,19,31,1.0
2025-11-22 17:59:34,An Duong Vuong,Quan 8,10.756158554057757,106.66631758181126,22,29,1.0
2025-11-22 17:59:46,Huynh Tan Phat,Nha Be,10.7144382088356,106.73711688366167,20,35,1.0
2025-11-22 17:59:46,Truong Chinh,Tan Binh ,10.817236653231737,106.63191539530457,22,35,1.0
2025-11-22 18:01:58,Cho Ben Thanh,Quan 1,10.772727584493625,106.69804225297563,14,24,0.998765
2025-11-22 18:01:59,Duong Nguyen Hue,Quan 1,10.774028664434528,106.70357076461706,18,29,1.0
2025-11-22 18:02:00,Nguyen Van Linh,Quan 7,10.752616652291238,106.72509685338922,30,40,1.0
2025-11-22 18:02:12,Vo Van Kiet,Quan 5,10.745754766198267,106.65326266831877,42,42,1.0
2025-11-22 18:02:24,Xa lo Ha Noi,QL1A,10.94927106740351,106.87196348224562,23,41,1.0
2025-11-22 18:02:25,Duong Dien Bien Phu,Quan 1,10.78866360854368,106.69551372228901,32,42,1.0
2025-11-22 18:02:26,Nga tu Hang Xanh,Binh Thanh,10.801406421807085,106.71148440879679,32,42,1.0
2025-11-22 18:02:26,Nga tu An Suong,Hoc Mon,10.843150534972033,106.6151343241409,20,34,1.0
2025-11-22 18:02:27,Ben xe Mien Dong,Quan 9,10.880537767027526,106.81481342866444,40,53,1.0
2025-11-22 18:02:28,Ben xe Mien Tay,Binh Tan,10.740840166521663,106.61899246873142,24,36,1.0
2025-11-22 18:02:36,Cau Sai Gon,Quan 2 ,10.798986343749618,106.72697056646841,45,45,1.0
2025-11-22 18:02:37,Cau Phu My,Q2,10.741860769464234,106.73790365482627,45,45,1.0
2025-11-22 18:02:38,Cau Kenh Te,Q4,10.752408891679814,106.7022703818112,20,34,1.0
2025-11-22 18:02:39,Cau Thu Thiem,Quan 2,10.786216596454727,106.71836665482695,34,39,1.0
2025-11-22 18:02:39,Nguyen Huu Canh,Binh Thanh,10.78948793356203,106.71518838181179,21,35,1.0
2025-11-22 18:02:40,Cong Hoa,Tan Binh,10.80223925742187,106.6478722259914,30,41,1.0
2025-11-22 18:02:41,Truong Son / Tan Son Nhat Blvd,Gan san bay,10.813928881466124,106.66511432455972,22,33,0.997472
2025-11-22 18:02:42,Nguyen Trai,Quan 5,10.755608615763382,106.67347943578082,17,28,0.997061
2025-11-22 18:02:43,Le Duan,Quan 1,10.782680856341083,106.70051548181169,18,30,1.0
2025-11-22 18:02:44,Tran Hung Dao ,Quan 5,10.754895139302109,106.67839188181134,19,33,1.0
2025-11-22 18:02:45,Tran Quoc Thao,Quan 3,10.785070445194592,106.68331340921323,10,28,1.0
2025-11-22 18:02:45,Tran Hung Dao,Quan 5,10.7549373008113,106.67848844133415,19,33,1.0
2025-11-22 18:02:46,Cach Mang Thang 8 (CMT8),Quan 3,10.77898143649726,106.67684447140958,19,34,1.0
2025-11-22 18:02:47,Pham Ngu Lao / Bui Vien,Quan 1,10.767112828386699,106.6927618222887,16,20,1.0
2025-11-22 18:02:48,Nguyen Thi Minh Khai,Quan 3,10.77847212665258,106.69389510879643,27,41,1.0
2025-11-22 18:02:49,Nguyen Van Troi,Phu Nhuan,10.796057790235078,106.67492629345334,22,33,0.997472
2025-11-22 18:02:50,Pham Van Dong,Go Vap,10.835298215641501,106.72935479345391,29,42,0.991028
2025-11-22 18:02:51,Cong truong lam son,Quan 1,10.777562007197462,106.7041335430398,18,30,1.0
2025-11-22 18:02:52,Nguyen Oanh ,Go Vap,10.83886351241477,106.67566625482782,22,36,1.0
2025-11-22 18:02:52,Le Hong Phong,Quan 10,10.765187049751795,106.67550552599073,26,35,1.0
2025-11-22 18:02:59,Nguyen Van Cu,Quan 5,10.759484371982321,106.6840537511244,17,28,0.997061
2025-11-22 18:03:11,Nga tu Binh Phuoc,Ngoai o,10.865229381280965,106.72366973948475,34,49,1.0
2025-11-22 18:03:12,Phu My Hung ,Quan 7,10.72279213640514,106.72808623948244,20,37,0.997902
2025-11-22 18:03:13,Nguyen Thai Son,Phu Nhuan,10.823400120373712,106.68551227436063,18,32,1.0
2025-11-22 18:03:14,An Duong Vuong,Quan 8,10.756158554057757,106.66631758181126,18,29,1.0
2025-11-22 18:03:15,Huynh Tan Phat,Nha Be,10.7144382088356,106.73711688366167,20,35,1.0
2025-11-22 18:03:16,Truong Chinh,Tan Binh ,10.817236653231737,106.63191539530457,20,34,1.0
2025-11-22 18:05:28,Cho Ben Thanh,Quan 1,10.772727584493625,106.69804225297563,14,24,0.998765
2025-11-22 18:05:29,Duong Nguyen Hue,Quan 1,10.774028664434528,106.70357076461706,16,28,1.0
2025-11-22 18:05:29,Nguyen Van Linh,Quan 7,10.752616652291238,106.72509685338922,31,38,1.0
2025-11-22 18:05:30,Vo Van Kiet,Quan 5,10.745754766198267,106.65326266831877,37,42,1.0
2025-11-22 18:05:31,Xa lo Ha Noi,QL1A,10.94927106740351,106.87196348224562,26,41,1.0
2025-11-22 18:05:32,Duong Dien Bien Phu,Quan 1,10.78866360854368,106.69551372228901,31,42,1.0
2025-11-22 18:05:33,Nga tu Hang Xanh,Binh Thanh,10.801406421807085,106.71148440879679,31,42,1.0
2025-11-22 18:05:34,Nga tu An Suong,Hoc Mon,10.843150534972033,106.6151343241409,22,35,1.0
2025-11-22 18:05:40,Ben xe Mien Dong,Quan 9,10.880537767027526,106.81481342866444,43,53,1.0
2025-11-22 18:05:41,Ben xe Mien Tay,Binh Tan,10.740840166521663,106.61899246873142,24,35,1.0
2025-11-22 18:05:42,Cau Sai Gon,Quan 2 ,10.798986343749618,106.72697056646841,45,45,1.0
2025-11-22 18:05:43,Cau Phu My,Q2,10.741860769464234,106.73790365482627,45,45,1.0
2025-11-22 18:05:44,Cau Kenh Te,Q4,10.752408891679814,106.7022703818112,20,34,1.0
2025-11-22 18:05:45,Cau Thu Thiem,Quan 2,10.786216596454727,106.71836665482695,34,40,1.0
2025-11-22 18:05:52,Nguyen Huu Canh,Binh Thanh,10.78948793356203,106.71518838181179,27,36,1.0
2025-11-22 18:05:53,Cong Hoa,Tan Binh,10.80223925742187,106.6478722259914,27,40,1.0
2025-11-22 18:05:54,Truong Son / Tan Son Nhat Blvd,Gan san bay,10.813928881466124,106.66511432455972,21,33,0.997734
2025-11-22 18:05:55,Nguyen Trai,Quan 5,10.755608615763382,106.67347943578082,16,27,1.0
2025-11-22 18:05:56,Le Duan,Quan 1,10.782680856341083,106.70051548181169,16,30,1.0
2025-11-22 18:05:57,Tran Hung Dao ,Quan 5,10.754895139302109,106.67839188181134,18,33,1.0
2025-11-22 18:06:04,Tran Quoc Thao,Quan 3,10.785070445194592,106.68331340921323,12,27,1.0
2025-11-22 18:06:05,Tran Hung Dao,Quan 5,10.7549373008113,106.67848844133415,18,33,1.0
2025-11-22 18:06:06,Cach Mang Thang 8 (CMT8),Quan 3,10.77898143649726,106.67684447140958,19,34,1.0
2025-11-22 18:06:07,Pham Ngu Lao / Bui Vien,Quan 1,10.767112828386699,106.6927618222887,14,20,1.0
2025-11-22 18:06:08,Nguyen Thi Minh Khai,Quan 3,10.77847212665258,106.69389510879643,27,42,1.0
2025-11-22 18:06:09,Nguyen Van Troi,Phu Nhuan,10.796057790235078,106.67492629345334,21,33,0.997734
2025-11-22 18:06:16,Pham Van Dong,Go Vap,10.835298215641501,106.72935479345391,30,43,0.995295
2025-11-22 18:06:28,Cong truong lam son,Quan 1,10.777562007197462,106.7041335430398,16,30,1.0
2025-11-22 18:06:29,Nguyen Oanh ,Go Vap,10.83886351241477,106.67566625482782,23,36,1.0
2025-11-22 18:06:30,Le Hong Phong,Quan 10,10.765187049751795,106.67550552599073,23,35,1.0
2025-11-22 18:06:31,Nguyen Van Cu,Quan 5,10.759484371982321,106.6840537511244,16,28,1.0
2025-11-22 18:06:32,Nga tu Binh Phuoc,Ngoai o,10.865229381280965,106.72366973948475,32,49,1.0
2025-11-22 18:06:33,Phu My Hung ,Quan 7,10.72279213640514,106.72808623948244,20,37,0.997885
2025-11-22 18:06:40,Nguyen Thai Son,Phu Nhuan,10.823400120373712,106.68551227436063,20,32,1.0
2025-11-22 18:06:41,An Duong Vuong,Quan 8,10.756158554057757,106.66631758181126,20,29,1.0
2025-11-22 18:06:42,Huynh Tan Phat,Nha Be,10.7144382088356,106.73711688366167,20,35,1.0
2025-11-22 18:06:43,Truong Chinh,Tan Binh ,10.817236653231737,106.63191539530457,22,35,1.0
2025-11-22 18:08:44,Cho Ben Thanh,Quan 1,10.772727584493625,106.69804225297563,11,24,0.998765
2025-11-22 18:08:45,Duong Nguyen Hue,Quan 1,10.774028664434528,106.70357076461706,17,28,1.0
2025-11-22 18:08:46,Nguyen Van Linh,Quan 7,10.752616652291238,106.72509685338922,28,39,1.0
2025-11-22 18:08:55,Vo Van Kiet,Quan 5,10.745754766198267,106.65326266831877,36,42,1.0
2025-11-22 18:08:56,Xa lo Ha Noi,QL1A,10.94927106740351,106.87196348224562,32,41,1.0
2025-11-22 18:08:57,Duong Dien Bien Phu,Quan 1,10.78866360854368,106.69551372228901,31,41,1.0
2025-11-22 18:08:58,Nga tu Hang Xanh,Binh Thanh,10.801406421807085,106.71148440879679,31,41,1.0
2025-11-22 18:08:59,Nga tu An Suong,Hoc Mon,10.843150534972033,106.6151343241409,22,35,1.0
2025-11-22 18:08:59,Ben xe Mien Dong,Quan 9,10.880537767027526,106.81481342866444,40,53,1.0
2025-11-22 18:09:07,Ben xe Mien Tay,Binh Tan,10.740840166521663,106.61899246873142,24,35,1.0
2025-11-22 18:09:08,Cau Sai Gon,Quan 2 ,10.798986343749618,106.72697056646841,45,45,1.0
2025-11-22 18:09:09,Cau Phu My,Q2,10.741860769464234,106.73790365482627,45,45,1.0
2025-11-22 18:09:10,Cau Kenh Te,Q4,10.752408891679814,106.7022703818112,20,34,1.0
2025-11-22 18:09:11,Cau Thu Thiem,Quan 2,10.786216596454727,106.71836665482695,40,40,1.0
2025-11-22 18:09:11,Nguyen Huu Canh,Binh Thanh,10.78948793356203,106.71518838181179,36,36,1.0
2025-11-22 18:09:12,Cong Hoa,Tan Binh,10.80223925742187,106.6478722259914,27,41,1.0
2025-11-22 18:09:13,Truong Son / Tan Son Nhat Blvd,Gan san bay,10.813928881466124,106.66511432455972,21,34,0.997917
2025-11-22 18:09:14,Nguyen Trai,Quan 5,10.755608615763382,106.67347943578082,17,28,0.998947
2025-11-22 18:09:15,Le Duan,Quan 1,10.782680856341083,106.70051548181169,17,30,1.0
2025-11-22 18:09:16,Tran Hung Dao ,Quan 5,10.754895139302109,106.67839188181134,20,34,1.0
2025-11-22 18:09:17,Tran Quoc Thao,Quan 3,10.785070445194592,106.68331340921323,14,27,1.0
2025-11-22 18:09:18,Tran Hung Dao,Quan 5,10.7549373008113,106.67848844133415,20,34,1.0
2025-11-22 18:09:19,Cach Mang Thang 8 (CMT8),Quan 3,10.77898143649726,106.67684447140958,21,35,1.0
2025-11-22 18:09:19,Pham Ngu Lao / Bui Vien,Quan 1,10.767112828386699,106.6927618222887,20,20,1.0
2025-11-22 18:09:20,Nguyen Thi Minh Khai,Quan 3,10.77847212665258,106.69389510879643,27,41,1.0
2025-11-22 18:09:21,Nguyen Van Troi,Phu Nhuan,10.796057790235078,106.67492629345334,21,34,0.997914
2025-11-22 18:09:22,Pham Van Dong,Go Vap,10.835298215641501,106.72935479345391,31,42,0.994749
2025-11-22 18:09:23,Cong truong lam son,Quan 1,10.777562007197462,106.7041335430398,15,29,1.0
2025-11-22 18:09:24,Nguyen Oanh ,Go Vap,10.83886351241477,106.67566625482782,24,36,1.0
2025-11-22 18:09:31,Le Hong Phong,Quan 10,10.765187049751795,106.67550552599073,25,36,1.0
2025-11-22 18:09:42,Nguyen Van Cu,Quan 5,10.759484371982321,106.6840537511244,19,28,1.0
2025-11-22 18:09:43,Nga tu Binh Phuoc,Ngoai o,10.865229381280965,106.72366973948475,33,49,1.0
2025-11-22 18:09:44,Phu My Hung ,Quan 7,10.72279213640514,106.72808623948244,21,37,0.997769
2025-11-22 18:09:45,Nguyen Thai Son,Phu Nhuan,10.823400120373712,106.68551227436063,20,31,1.0
2025-11-22 18:09:46,An Duong Vuong,Quan 8,10.756158554057757,106.66631758181126,22,29,1.0
2025-11-22 18:09:47,Huynh Tan Phat,Nha Be,10.7144382088356,106.73711688366167,20,35,1.0
2025-11-22 18:09:54,Truong Chinh,Tan Binh ,10.817236653231737,106.63191539530457,23,35,1.0
2025-11-22 18:12:06,Cho Ben Thanh,Quan 1,10.772727584493625,106.69804225297563,14,24,0.99753
2025-11-22 18:12:07,Duong Nguyen Hue,Quan 1,10.774028664434528,106.70357076461706,19,28,1.0
2025-11-22 18:12:08,Nguyen Van Linh,Quan 7,10.752616652291238,106.72509685338922,34,42,1.0
2025-11-22 18:12:09,Vo Van Kiet,Quan 5,10.745754766198267,106.65326266831877,42,42,1.0
2025-11-22 18:12:10,Xa lo Ha Noi,QL1A,10.94927106740351,106.87196348224562,28,42,1.0
2025-11-22 18:12:11,Duong Dien Bien Phu,Quan 1,10.78866360854368,106.69551372228901,29,42,1.0
2025-11-22 18:12:12,Nga tu Hang Xanh,Binh Thanh,10.801406421807085,106.71148440879679,29,42,1.0
2025-11-22 18:12:12,Nga tu An Suong,Hoc Mon,10.843150534972033,106.6151343241409,23,35,1.0
2025-11-22 18:12:13,Ben xe Mien Dong,Quan 9,10.880537767027526,106.81481342866444,41,53,1.0
2025-11-22 18:12:20,Ben xe Mien Tay,Binh Tan,10.740840166521663,106.61899246873142,24,35,1.0
2025-11-22 18:12:32,Cau Sai Gon,Quan 2 ,10.798986343749618,106.72697056646841,45,45,1.0
2025-11-22 18:12:33,Cau Phu My,Q2,10.741860769464234,106.73790365482627,45,45,1.0
2025-11-22 18:12:34,Cau Kenh Te,Q4,10.752408891679814,106.7022703818112,19,33,1.0
2025-11-22 18:12:34,Cau Thu Thiem,Quan 2,10.786216596454727,106.71836665482695,36,40,1.0
2025-11-22 18:12:35,Nguyen Huu Canh,Binh Thanh,10.78948793356203,106.71518838181179,23,35,1.0
2025-11-22 18:12:36,Cong Hoa,Tan Binh,10.80223925742187,106.6478722259914,26,41,1.0
2025-11-22 18:12:44,Truong Son / Tan Son Nhat Blvd,Gan san bay,10.813928881466124,106.66511432455972,23,34,0.998954
2025-11-22 18:12:45,Nguyen Trai,Quan 5,10.755608615763382,106.67347943578082,16,27,1.0
2025-11-22 18:12:46,Le Duan,Quan 1,10.782680856341083,106.70051548181169,16,30,1.0
2025-11-22 18:12:47,Tran Hung Dao ,Quan 5,10.754895139302109,106.67839188181134,20,33,1.0
2025-11-22 18:12:48,Tran Quoc Thao,Quan 3,10.785070445194592,106.68331340921323,13,27,1.0
2025-11-22 18:12:56,Tran Hung Dao,Quan 5,10.7549373008113,106.67848844133415,20,33,1.0
2025-11-22 18:13:08,Cach Mang Thang 8 (CMT8),Quan 3,10.77898143649726,106.67684447140958,19,34,1.0
2025-11-22 18:13:09,Pham Ngu Lao / Bui Vien,Quan 1,10.767112828386699,106.6927618222887,16,20,1.0
2025-11-22 18:13:09,Nguyen Thi Minh Khai,Quan 3,10.77847212665258,106.69389510879643,28,41,1.0
2025-11-22 18:13:10,Nguyen Van Troi,Phu Nhuan,10.796057790235078,106.67492629345334,23,34,0.998954
2025-11-22 18:13:11,Pham Van Dong,Go Vap,10.835298215641501,106.72935479345391,29,42,0.995833
2025-11-22 18:13:12,Cong truong lam son,Quan 1,10.777562007197462,106.7041335430398,16,30,1.0
2025-11-22 18:13:20,Nguyen Oanh ,Go Vap,10.83886351241477,106.67566625482782,25,35,1.0
2025-11-22 18:13:32,Le Hong Phong,Quan 10,10.765187049751795,106.67550552599073,22,35,1.0
2025-11-22 18:13:33,Nguyen Van Cu,Quan 5,10.759484371982321,106.6840537511244,15,28,1.0
2025-11-22 18:13:34,Nga tu Binh Phuoc,Ngoai o,10.865229381280965,106.72366973948475,33,49,1.0
2025-11-22 18:13:34,Phu My Hung ,Quan 7,10.72279213640514,106.72808623948244,20,37,0.997786
2025-11-22 18:13:35,Nguyen Thai Son,Phu Nhuan,10.823400120373712,106.68551227436063,20,31,1.0
2025-11-22 18:13:36,An Duong Vuong,Quan 8,10.756158554057757,106.66631758181126,18,29,1.0
2025-11-22 18:13:44,Huynh Tan Phat,Nha Be,10.7144382088356,106.73711688366167,19,35,1.0
2025-11-22 18:13:45,Truong Chinh,Tan Binh ,10.817236653231737,106.63191539530457,24,35,1.0
2025-11-22 18:15:57,Cho Ben Thanh,Quan 1,10.772727584493625,106.69804225297563,13,24,0.996295
2025-11-22 18:15:57,Duong Nguyen Hue,Quan 1,10.774028664434528,106.70357076461706,18,28,1.0
2025-11-22 18:15:58,Nguyen Van Linh,Quan 7,10.752616652291238,106.72509685338922,28,40,1.0
2025-11-22 18:15:59,Vo Van Kiet,Quan 5,10.745754766198267,106.65326266831877,37,42,1.0
2025-11-22 18:16:00,Xa lo Ha Noi,QL1A,10.94927106740351,106.87196348224562,28,41,1.0
2025-11-22 18:16:01,Duong Dien Bien Phu,Quan 1,10.78866360854368,106.69551372228901,28,42,1.0
2025-11-22 18:16:08,Nga tu Hang Xanh,Binh Thanh,10.801406421807085,106.71148440879679,28,42,1.0
2025-11-22 18:16:09,Nga tu An Suong,Hoc Mon,10.843150534972033,106.6151343241409,22,35,1.0
2025-11-22 18:16:10,Ben xe Mien Dong,Quan 9,10.880537767027526,106.81481342866444,41,53,1.0
2025-11-22 18:16:11,Ben xe Mien Tay,Binh Tan,10.740840166521663,106.61899246873142,26,35,1.0
2025-11-22 18:16:12,Cau Sai Gon,Quan 2 ,10.798986343749618,106.72697056646841,35,45,1.0
2025-11-22 18:16:13,Cau Phu My,Q2,10.741860769464234,106.73790365482627,45,45,1.0
2025-11-22 18:16:20,Cau Kenh Te,Q4,10.752408891679814,106.7022703818112,18,34,1.0
2025-11-22 18:16:21,Cau Thu Thiem,Quan 2,10.786216596454727,106.71836665482695,40,40,1.0
2025-11-22 18:16:22,Nguyen Huu Canh,Binh Thanh,10.78948793356203,106.71518838181179,24,35,1.0
2025-11-22 18:16:23,Cong Hoa,Tan Binh,10.80223925742187,106.6478722259914,27,41,1.0
2025-11-22 18:16:24,Truong Son / Tan Son Nhat Blvd,Gan san bay,10.813928881466124,106.66511432455972,22,34,1.0
2025-11-22 18:16:25,Nguyen Trai,Quan 5,10.755608615763382,106.67347943578082,17,27,1.0
2025-11-22 18:16:32,Le Duan,Quan 1,10.782680856341083,106.70051548181169,16,30,1.0
2025-11-22 18:16:33,Tran Hung Dao ,Quan 5,10.754895139302109,106.67839188181134,20,33,1.0
2025-11-22 18:16:34,Tran Quoc Thao,Quan 3,10.785070445194592,106.68331340921323,15,26,1.0
2025-11-22 18:16:35,Tran Hung Dao,Quan 5,10.7549373008113,106.67848844133415,20,33,1.0
2025-11-22 18:16:36,Cach Mang Thang 8 (CMT8),Quan 3,10.77898143649726,106.67684447140958,20,35,1.0
2025-11-22 18:16:37,Pham Ngu Lao / Bui Vien,Quan 1,10.767112828386699,106.6927618222887,20,20,1.0
2025-11-22 18:16:44,Nguyen Thi Minh Khai,Quan 3,10.77847212665258,106.69389510879643,28,42,1.0
2025-11-22 18:16:45,Nguyen Van Troi,Phu Nhuan,10.796057790235078,106.67492629345334,22,34,0.999242
2025-11-22 18:16:46,Pham Van Dong,Go Vap,10.835298215641501,106.72935479345391,30,42,0.996365
2025-11-22 18:16:47,Cong truong lam son,Quan 1,10.777562007197462,106.7041335430398,16,30,1.0
2025-11-22 18:16:48,Nguyen Oanh ,Go Vap,10.83886351241477,106.67566625482782,25,36,1.0
2025-11-22 18:16:49,Le Hong Phong,Quan 10,10.765187049751795,106.67550552599073,22,36,1.0
2025-11-22 18:16:56,Nguyen Van Cu,Quan 5,10.759484371982321,106.6840537511244,17,28,1.0
2025-11-22 18:16:57,Nga tu Binh Phuoc,Ngoai o,10.865229381280965,106.72366973948475,31,49,1.0
2025-11-22 18:16:58,Phu My Hung ,Quan 7,10.72279213640514,106.72808623948244,20,37,0.997399
2025-11-22 18:16:59,Nguyen Thai Son,Phu Nhuan,10.823400120373712,106.68551227436063,20,32,1.0
2025-11-22 18:17:00,An Duong Vuong,Quan 8,10.756158554057757,106.66631758181126,19,30,1.0
2025-11-22 18:17:01,Huynh Tan Phat,Nha Be,10.7144382088356,106.73711688366167,19,35,1.0
2025-11-22 18:17:08,Truong Chinh,Tan Binh ,10.817236653231737,106.63191539530457,21,34,1.0
2025-11-22 18:19:20,Cho Ben Thanh,Quan 1,10.772727584493625,106.69804225297563,14,24,0.993825
2025-11-22 18:19:21,Duong Nguyen Hue,Quan 1,10.774028664434528,106.70357076461706,20,28,1.0
2025-11-22 18:19:22,Nguyen Van Linh,Quan 7,10.752616652291238,106.72509685338922,29,39,1.0
2025-11-22 18:19:23,Vo Van Kiet,Quan 5,10.745754766198267,106.65326266831877,37,42,1.0
2025-11-22 18:19:24,Xa lo Ha Noi,QL1A,10.94927106740351,106.87196348224562,23,42,1.0
2025-11-22 18:19:24,Duong Dien Bien Phu,Quan 1,10.78866360854368,106.69551372228901,30,42,1.0
2025-11-22 18:19:32,Nga tu Hang Xanh,Binh Thanh,10.801406421807085,106.71148440879679,30,42,1.0
2025-11-22 18:19:44,Nga tu An Suong,Hoc Mon,10.843150534972033,106.6151343241409,22,35,1.0
2025-11-22 18:19:45,Ben xe Mien Dong,Quan 9,10.880537767027526,106.81481342866444,42,53,1.0
2025-11-22 18:19:46,Ben xe Mien Tay,Binh Tan,10.740840166521663,106.61899246873142,25,35,1.0
2025-11-22 18:19:47,Cau Sai Gon,Quan 2 ,10.798986343749618,106.72697056646841,45,45,1.0
2025-11-22 18:19:48,Cau Phu My,Q2,10.741860769464234,106.73790365482627,45,45,1.0
2025-11-22 18:19:49,Cau Kenh Te,Q4,10.752408891679814,106.7022703818112,17,33,1.0
2025-11-22 18:19:49,Cau Thu Thiem,Quan 2,10.786216596454727,106.71836665482695,34,39,1.0
2025-11-22 18:19:50,Nguyen Huu Canh,Binh Thanh,10.78948793356203,106.71518838181179,25,36,1.0
2025-11-22 18:19:51,Cong Hoa,Tan Binh,10.80223925742187,106.6478722259914,26,40,1.0
2025-11-22 18:19:52,Truong Son / Tan Son Nhat Blvd,Gan san bay,10.813928881466124,106.66511432455972,22,34,0.999528
2025-11-22 18:19:53,Nguyen Trai,Quan 5,10.755608615763382,106.67347943578082,17,28,1.0
2025-11-22 18:19:54,Le Duan,Quan 1,10.782680856341083,106.70051548181169,15,30,1.0
2025-11-22 18:19:56,Tran Hung Dao ,Quan 5,10.754895139302109,106.67839188181134,20,32,1.0
2025-11-22 18:20:08,Tran Quoc Thao,Quan 3,10.785070445194592,106.68331340921323,14,27,1.0
2025-11-22 18:20:09,Tran Hung Dao,Quan 5,10.7549373008113,106.67848844133415,20,32,1.0
2025-11-22 18:20:10,Cach Mang Thang 8 (CMT8),Quan 3,10.77898143649726,106.67684447140958,19,34,1.0
2025-11-22 18:20:10,Pham Ngu Lao / Bui Vien,Quan 1,10.767112828386699,106.6927618222887,10,20,1.0
2025-11-22 18:20:11,Nguyen Thi Minh Khai,Quan 3,10.77847212665258,106.69389510879643,28,41,1.0
2025-11-22 18:20:12,Nguyen Van Troi,Phu Nhuan,10.796057790235078,106.67492629345334,22,34,0.999528
2025-11-22 18:20:20,Pham Van Dong,Go Vap,10.835298215641501,106.72935479345391,30,42,0.997286
2025-11-22 18:20:32,Cong truong lam son,Quan 1,10.777562007197462,106.7041335430398,15,30,1.0
2025-11-22 18:20:33,Nguyen Oanh ,Go Vap,10.83886351241477,106.67566625482782,25,36,1.0
2025-11-22 18:20:34,Le Hong Phong,Quan 10,10.765187049751795,106.67550552599073,20,35,1.0
2025-11-22 18:20:34,Nguyen Van Cu,Quan 5,10.759484371982321,106.6840537511244,17,28,1.0
2025-11-22 18:20:35,Nga tu Binh Phuoc,Ngoai o,10.865229381280965,106.72366973948475,33,49,1.0
2025-11-22 18:20:36,Phu My Hung ,Quan 7,10.72279213640514,106.72808623948244,20,37,0.997702
2025-11-22 18:20:44,Nguyen Thai Son,Phu Nhuan,10.823400120373712,106.68551227436063,18,31,1.0
2025-11-22 18:20:45,An Duong Vuong,Quan 8,10.756158554057757,106.66631758181126,21,30,1.0
2025-11-22 18:20:46,Huynh Tan Phat,Nha Be,10.7144382088356,106.73711688366167,20,35,1.0
2025-11-22 18:20:47,Truong Chinh,Tan Binh ,10.817236653231737,106.63191539530457,22,35,1.0
2025-11-22 18:22:58,Cho Ben Thanh,Quan 1,10.772727584493625,106.69804225297563,15,23,0.996295
2025-11-22 18:22:59,Duong Nguyen Hue,Quan 1,10.774028664434528,106.70357076461706,20,29,1.0
2025-11-22 18:23:00,Nguyen Van Linh,Quan 7,10.752616652291238,106.72509685338922,29,38,1.0
2025-11-22 18:23:01,Vo Van Kiet,Quan 5,10.745754766198267,106.65326266831877,42,42,1.0
2025-11-22 18:23:02,Xa lo Ha Noi,QL1A,10.94927106740351,106.87196348224562,25,42,1.0
2025-11-22 18:23:03,Duong Dien Bien Phu,Quan 1,10.78866360854368,106.69551372228901,30,42,1.0
2025-11-22 18:23:04,Nga tu Hang Xanh,Binh Thanh,10.801406421807085,106.71148440879679,30,42,1.0
2025-11-22 18:23:05,Nga tu An Suong,Hoc Mon,10.843150534972033,106.6151343241409,21,35,1.0
2025-11-22 18:23:05,Ben xe Mien Dong,Quan 9,10.880537767027526,106.81481342866444,44,53,1.0
2025-11-22 18:23:06,Ben xe Mien Tay,Binh Tan,10.740840166521663,106.61899246873142,26,35,1.0
2025-11-22 18:23:07,Cau Sai Gon,Quan 2 ,10.798986343749618,106.72697056646841,45,45,1.0
2025-11-22 18:23:08,Cau Phu My,Q2,10.741860769464234,106.73790365482627,45,45,1.0
2025-11-22 18:23:10,Cau Kenh Te,Q4,10.752408891679814,106.7022703818112,18,34,1.0
2025-11-22 18:23:11,Cau Thu Thiem,Quan 2,10.786216596454727,106.71836665482695,40,40,1.0
2025-11-22 18:23:12,Nguyen Huu Canh,Binh Thanh,10.78948793356203,106.71518838181179,28,35,1.0
2025-11-22 18:23:13,Cong Hoa,Tan Binh,10.80223925742187,106.6478722259914,27,41,1.0
2025-11-22 18:23:14,Truong Son / Tan Son Nhat Blvd,Gan san bay,10.813928881466124,106.66511432455972,21,34,0.998955
2025-11-22 18:23:15,Nguyen Trai,Quan 5,10.755608615763382,106.67347943578082,17,27,1.0
2025-11-22 18:23:22,Le Duan,Quan 1,10.782680856341083,106.70051548181169,17,29,1.0
2025-11-22 18:23:23,Tran Hung Dao ,Quan 5,10.754895139302109,106.67839188181134,20,33,1.0
2025-11-22 18:23:24,Tran Quoc Thao,Quan 3,10.785070445194592,106.68331340921323,13,28,1.0
2025-11-22 18:23:25,Tran Hung Dao,Quan 5,10.7549373008113,106.67848844133415,20,33,1.0
2025-11-22 18:23:26,Cach Mang Thang 8 (CMT8),Quan 3,10.77898143649726,106.67684447140958,21,34,1.0
2025-11-22 18:23:27,Pham Ngu Lao / Bui Vien,Quan 1,10.767112828386699,106.6927618222887,20,20,1.0
2025-11-22 18:23:39,Nguyen Thi Minh Khai,Quan 3,10.77847212665258,106.69389510879643,28,41,1.0
2025-11-22 18:23:51,Nguyen Van Troi,Phu Nhuan,10.796057790235078,106.67492629345334,22,34,0.998692
2025-11-22 18:24:03,Pham Van Dong,Go Vap,10.835298215641501,106.72935479345391,29,42,0.997641
2025-11-22 18:24:15,Cong truong lam son,Quan 1,10.777562007197462,106.7041335430398,16,30,1.0
2025-11-22 18:24:15,Nguyen Oanh ,Go Vap,10.83886351241477,106.67566625482782,24,36,1.0
2025-11-22 18:24:16,Le Hong Phong,Quan 10,10.765187049751795,106.67550552599073,24,35,1.0
2025-11-22 18:24:17,Nguyen Van Cu,Quan 5,10.759484371982321,106.6840537511244,17,27,1.0
2025-11-22 18:24:18,Nga tu Binh Phuoc,Ngoai o,10.865229381280965,106.72366973948475,34,49,1.0
2025-11-22 18:24:19,Phu My Hung ,Quan 7,10.72279213640514,106.72808623948244,20,37,0.9983
2025-11-22 18:24:27,Nguyen Thai Son,Phu Nhuan,10.823400120373712,106.68551227436063,20,32,1.0
2025-11-22 18:24:28,An Duong Vuong,Quan 8,10.756158554057757,106.66631758181126,18,30,1.0
2025-11-22 18:24:28,Huynh Tan Phat,Nha Be,10.7144382088356,106.73711688366167,20,35,1.0
2025-11-22 18:24:30,Truong Chinh,Tan Binh ,10.817236653231737,106.63191539530457,22,35,1.0
2025-11-22 18:26:42,Cho Ben Thanh,Quan 1,10.772727584493625,106.69804225297563,13,24,0.99012
2025-11-22 18:26:43,Duong Nguyen Hue,Quan 1,10.774028664434528,106.70357076461706,20,29,0.99
2025-11-22 18:26:44,Nguyen Van Linh,Quan 7,10.752616652291238,106.72509685338922,32,39,1.0
2025-11-22 18:26:44,Vo Van Kiet,Quan 5,10.745754766198267,106.65326266831877,36,43,1.0
2025-11-22 18:26:45,Xa lo Ha Noi,QL1A,10.94927106740351,106.87196348224562,15,42,1.0
2025-11-22 18:26:46,Duong Dien Bien Phu,Quan 1,10.78866360854368,106.69551372228901,30,41,1.0
2025-11-22 18:26:47,Nga tu Hang Xanh,Binh Thanh,10.801406421807085,106.71148440879679,30,41,1.0
2025-11-22 18:26:48,Nga tu An Suong,Hoc Mon,10.843150534972033,106.6151343241409,21,34,1.0
2025-11-22 18:26:49,Ben xe Mien Dong,Quan 9,10.880537767027526,106.81481342866444,40,53,1.0
2025-11-22 18:26:50,Ben xe Mien Tay,Binh Tan,10.740840166521663,106.61899246873142,25,35,1.0
2025-11-22 18:26:51,Cau Sai Gon,Quan 2 ,10.798986343749618,106.72697056646841,45,45,1.0
2025-11-22 18:26:51,Cau Phu My,Q2,10.741860769464234,106.73790365482627,45,45,1.0
2025-11-22 18:26:52,Cau Kenh Te,Q4,10.752408891679814,106.7022703818112,20,34,1.0
2025-11-22 18:26:53,Cau Thu Thiem,Quan 2,10.786216596454727,106.71836665482695,40,40,1.0
2025-11-22 18:26:54,Nguyen Huu Canh,Binh Thanh,10.78948793356203,106.71518838181179,26,36,1.0
2025-11-22 18:26:55,Cong Hoa,Tan Binh,10.80223925742187,106.6478722259914,24,41,1.0
2025-11-22 18:26:56,Truong Son / Tan Son Nhat Blvd,Gan san bay,10.813928881466124,106.66511432455972,21,34,0.999528
2025-11-22 18:26:57,Nguyen Trai,Quan 5,10.755608615763382,106.67347943578082,16,27,1.0
2025-11-22 18:26:57,Le Duan,Quan 1,10.782680856341083,106.70051548181169,17,30,1.0
2025-11-22 18:26:58,Tran Hung Dao ,Quan 5,10.754895139302109,106.67839188181134,20,32,1.0
2025-11-22 18:27:05,Tran Quoc Thao,Quan 3,10.785070445194592,106.68331340921323,13,28,1.0
2025-11-22 18:27:06,Tran Hung Dao,Quan 5,10.7549373008113,106.67848844133415,20,32,1.0
2025-11-22 18:27:07,Cach Mang Thang 8 (CMT8),Quan 3,10.77898143649726,106.67684447140958,19,35,1.0
2025-11-22 18:27:08,Pham Ngu Lao / Bui Vien,Quan 1,10.767112828386699,106.6927618222887,20,20,1.0
2025-11-22 18:27:09,Nguyen Thi Minh Khai,Quan 3,10.77847212665258,106.69389510879643,27,41,1.0
2025-11-22 18:27:10,Nguyen Van Troi,Phu Nhuan,10.796057790235078,106.67492629345334,21,34,0.999528
2025-11-22 18:27:17,Pham Van Dong,Go Vap,10.835298215641501,106.72935479345391,29,42,0.997993
2025-11-22 18:27:18,Cong truong lam son,Quan 1,10.777562007197462,106.7041335430398,17,30,1.0
2025-11-22 18:27:19,Nguyen Oanh ,Go Vap,10.83886351241477,106.67566625482782,25,35,1.0
2025-11-22 18:27:20,Le Hong Phong,Quan 10,10.765187049751795,106.67550552599073,23,36,1.0
2025-11-22 18:27:20,Nguyen Van Cu,Quan 5,10.759484371982321,106.6840537511244,17,28,1.0
2025-11-22 18:27:21,Nga tu Binh Phuoc,Ngoai o,10.865229381280965,106.72366973948475,33,49,1.0
2025-11-22 18:27:29,Phu My Hung ,Quan 7,10.72279213640514,106.72808623948244,21,36,0.99751
2025-11-22 18:27:30,Nguyen Thai Son,Phu Nhuan,10.823400120373712,106.68551227436063,20,31,1.0
2025-11-22 18:27:31,An Duong Vuong,Quan 8,10.756158554057757,106.66631758181126,21,29,1.0
2025-11-22 18:27:32,Huynh Tan Phat,Nha Be,10.7144382088356,106.73711688366167,21,35,1.0
2025-11-22 18:27:32,Truong Chinh,Tan Binh ,10.817236653231737,106.63191539530457,23,35,1.0
2025-11-22 18:29:33,Cho Ben Thanh,Quan 1,10.772727584493625,106.69804225297563,13,24,0.988635
2025-11-22 18:29:34,Duong Nguyen Hue,Quan 1,10.774028664434528,106.70357076461706,19,29,0.99
2025-11-22 18:29:35,Nguyen Van Linh,Quan 7,10.752616652291238,106.72509685338922,39,39,1.0
2025-11-22 18:29:36,Vo Van Kiet,Quan 5,10.745754766198267,106.65326266831877,34,42,1.0
2025-11-22 18:29:37,Xa lo Ha Noi,QL1A,10.94927106740351,106.87196348224562,29,41,1.0
2025-11-22 18:29:38,Duong Dien Bien Phu,Quan 1,10.78866360854368,106.69551372228901,30,41,1.0
2025-11-22 18:29:44,Nga tu Hang Xanh,Binh Thanh,10.801406421807085,106.71148440879679,30,41,1.0
2025-11-22 18:29:45,Nga tu An Suong,Hoc Mon,10.843150534972033,106.6151343241409,22,35,1.0
2025-11-22 18:29:46,Ben xe Mien Dong,Quan 9,10.880537767027526,106.81481342866444,45,53,1.0
2025-11-22 18:29:47,Ben xe Mien Tay,Binh Tan,10.740840166521663,106.61899246873142,25,36,1.0
2025-11-22 18:29:48,Cau Sai Gon,Quan 2 ,10.798986343749618,106.72697056646841,35,44,1.0
2025-11-22 18:29:49,Cau Phu My,Q2,10.741860769464234,106.73790365482627,45,45,1.0
2025-11-22 18:29:56,Cau Kenh Te,Q4,10.752408891679814,106.7022703818112,18,34,1.0
2025-11-22 18:29:57,Cau Thu Thiem,Quan 2,10.786216596454727,106.71836665482695,40,40,1.0
2025-11-22 18:29:58,Nguyen Huu Canh,Binh Thanh,10.78948793356203,106.71518838181179,24,36,1.0
2025-11-22 18:29:59,Cong Hoa,Tan Binh,10.80223925742187,106.6478722259914,27,41,1.0
2025-11-22 18:30:00,Truong Son / Tan Son Nhat Blvd,Gan san bay,10.813928881466124,106.66511432455972,23,34,1.0
2025-11-22 18:30:01,Nguyen Trai,Quan 5,10.755608615763382,106.67347943578082,17,26,1.0
2025-11-22 18:30:08,Le Duan,Quan 1,10.782680856341083,106.70051548181169,16,30,1.0
2025-11-22 18:30:20,Tran Hung Dao ,Quan 5,10.754895139302109,106.67839188181134,20,33,1.0
2025-11-22 18:30:21,Tran Quoc Thao,Quan 3,10.785070445194592,106.68331340921323,13,27,1.0
2025-11-22 18:30:22,Tran Hung Dao,Quan 5,10.7549373008113,106.67848844133415,20,33,1.0
2025-11-22 18:30:23,Cach Mang Thang 8 (CMT8),Quan 3,10.77898143649726,106.67684447140958,20,34,1.0
2025-11-22 18:30:24,Pham Ngu Lao / Bui Vien,Quan 1,10.767112828386699,106.6927618222887,20,20,1.0
2025-11-22 18:30:25,Nguyen Thi Minh Khai,Quan 3,10.77847212665258,106.69389510879643,28,42,1.0
2025-11-22 18:30:32,Nguyen Van Troi,Phu Nhuan,10.796057790235078,106.67492629345334,22,33,1.0
2025-11-22 18:30:33,Pham Van Dong,Go Vap,10.835298215641501,106.72935479345391,29,43,0.997829
2025-11-22 18:30:34,Cong truong lam son,Quan 1,10.777562007197462,106.7041335430398,16,30,1.0
2025-11-22 18:30:35,Nguyen Oanh ,Go Vap,10.83886351241477,106.67566625482782,26,36,1.0
2025-11-22 18:30:36,Le Hong Phong,Quan 10,10.765187049751795,106.67550552599073,23,36,1.0
2025-11-22 18:30:37,Nguyen Van Cu,Quan 5,10.759484371982321,106.6840537511244,17,27,1.0
2025-11-22 18:30:44,Nga tu Binh Phuoc,Ngoai o,10.865229381280965,106.72366973948475,33,49,1.0
2025-11-22 18:30:56,Phu My Hung ,Quan 7,10.72279213640514,106.72808623948244,21,37,0.998403
2025-11-22 18:30:57,Nguyen Thai Son,Phu Nhuan,10.823400120373712,106.68551227436063,21,31,1.0
2025-11-22 18:30:58,An Duong Vuong,Quan 8,10.756158554057757,106.66631758181126,30,30,1.0
2025-11-22 18:30:59,Huynh Tan Phat,Nha Be,10.7144382088356,106.73711688366167,20,35,1.0
2025-11-22 18:30:59,Truong Chinh,Tan Binh ,10.817236653231737,106.63191539530457,22,35,1.0
2025-11-22 18:33:11,Cho Ben Thanh,Quan 1,10.772727584493625,106.69804225297563,14,24,0.993892
2025-11-22 18:33:12,Duong Nguyen Hue,Quan 1,10.774028664434528,106.70357076461706,16,28,0.94
2025-11-22 18:33:13,Nguyen Van Linh,Quan 7,10.752616652291238,106.72509685338922,39,39,1.0
2025-11-22 18:33:14,Vo Van Kiet,Quan 5,10.745754766198267,106.65326266831877,36,43,1.0
2025-11-22 18:33:15,Xa lo Ha Noi,QL1A,10.94927106740351,106.87196348224562,25,41,1.0
2025-11-22 18:33:16,Duong Dien Bien Phu,Quan 1,10.78866360854368,106.69551372228901,31,41,1.0
2025-11-22 18:33:23,Nga tu Hang Xanh,Binh Thanh,10.801406421807085,106.71148440879679,31,41,1.0
2025-11-22 18:33:24,Nga tu An Suong,Hoc Mon,10.843150534972033,106.6151343241409,22,35,1.0
2025-11-22 18:33:25,Ben xe Mien Dong,Quan 9,10.880537767027526,106.81481342866444,42,53,1.0
2025-11-22 18:33:26,Ben xe Mien Tay,Binh Tan,10.740840166521663,106.61899246873142,25,36,1.0
2025-11-22 18:33:27,Cau Sai Gon,Quan 2 ,10.798986343749618,106.72697056646841,45,45,1.0
2025-11-22 18:33:28,Cau Phu My,Q2,10.741860769464234,106.73790365482627,45,45,1.0
2025-11-22 18:33:35,Cau Kenh Te,Q4,10.752408891679814,106.7022703818112,17,34,1.0
2025-11-22 18:33:36,Cau Thu Thiem,Quan 2,10.786216596454727,106.71836665482695,35,39,1.0
2025-11-22 18:33:37,Nguyen Huu Canh,Binh Thanh,10.78948793356203,106.71518838181179,29,36,1.0
2025-11-22 18:33:38,Cong Hoa,Tan Binh,10.80223925742187,106.6478722259914,28,41,1.0
2025-11-22 18:33:39,Truong Son / Tan Son Nhat Blvd,Gan san bay,10.813928881466124,106.66511432455972,21,34,0.998978
2025-11-22 18:33:40,Nguyen Trai,Quan 5,10.755608615763382,106.67347943578082,17,28,1.0
2025-11-22 18:33:52,Le Duan,Quan 1,10.782680856341083,106.70051548181169,17,30,1.0
2025-11-22 18:34:04,Tran Hung Dao ,Quan 5,10.754895139302109,106.67839188181134,20,33,1.0
2025-11-22 18:34:16,Tran Quoc Thao,Quan 3,10.785070445194592,106.68331340921323,14,27,1.0
2025-11-22 18:34:28,Tran Hung Dao,Quan 5,10.7549373008113,106.67848844133415,20,33,1.0
2025-11-22 18:34:29,Cach Mang Thang 8 (CMT8),Quan 3,10.77898143649726,106.67684447140958,21,34,1.0
2025-11-22 18:34:30,Pham Ngu Lao / Bui Vien,Quan 1,10.767112828386699,106.6927618222887,14,19,1.0
2025-11-22 18:34:30,Nguyen Thi Minh Khai,Quan 3,10.77847212665258,106.69389510879643,28,41,1.0
2025-11-22 18:34:31,Nguyen Van Troi,Phu Nhuan,10.796057790235078,106.67492629345334,21,34,0.998978
2025-11-22 18:34:40,Pham Van Dong,Go Vap,10.835298215641501,106.72935479345391,28,43,0.996924
2025-11-22 18:34:41,Cong truong lam son,Quan 1,10.777562007197462,106.7041335430398,16,30,1.0
2025-11-22 18:34:41,Nguyen Oanh ,Go Vap,10.83886351241477,106.67566625482782,24,35,1.0
2025-11-22 18:34:42,Le Hong Phong,Quan 10,10.765187049751795,106.67550552599073,19,35,1.0
2025-11-22 18:34:43,Nguyen Van Cu,Quan 5,10.759484371982321,106.6840537511244,17,28,1.0
2025-11-22 18:34:44,Nga tu Binh Phuoc,Ngoai o,10.865229381280965,106.72366973948475,34,49,1.0
2025-11-22 18:34:52,Phu My Hung ,Quan 7,10.72279213640514,106.72808623948244,21,37,0.997456
2025-11-22 18:34:52,Nguyen Thai Son,Phu Nhuan,10.823400120373712,106.68551227436063,17,32,1.0
2025-11-22 18:34:53,An Duong Vuong,Quan 8,10.756158554057757,106.66631758181126,24,30,1.0
2025-11-22 18:34:54,Huynh Tan Phat,Nha Be,10.7144382088356,106.73711688366167,20,35,1.0
2025-11-22 18:34:55,Truong Chinh,Tan Binh ,10.817236653231737,106.63191539530457,24,35,1.0
2025-11-22 18:37:07,Cho Ben Thanh,Quan 1,10.772727584493625,106.69804225297563,14,23,0.986649
2025-11-22 18:37:08,Duong Nguyen Hue,Quan 1,10.774028664434528,106.70357076461706,16,29,0.92
2025-11-22 18:37:09,Nguyen Van Linh,Quan 7,10.752616652291238,106.72509685338922,31,39,1.0
2025-11-22 18:37:09,Vo Van Kiet,Quan 5,10.745754766198267,106.65326266831877,37,42,1.0
2025-11-22 18:37:10,Xa lo Ha Noi,QL1A,10.94927106740351,106.87196348224562,29,42,1.0
2025-11-22 18:37:11,Duong Dien Bien Phu,Quan 1,10.78866360854368,106.69551372228901,32,41,1.0
2025-11-22 18:37:19,Nga tu Hang Xanh,Binh Thanh,10.801406421807085,106.71148440879679,34,42,1.0
2025-11-22 18:37:31,Nga tu An Suong,Hoc Mon,10.843150534972033,106.6151343241409,23,35,1.0
2025-11-22 18:37:32,Ben xe Mien Dong,Quan 9,10.880537767027526,106.81481342866444,44,54,1.0
2025-11-22 18:37:33,Ben xe Mien Tay,Binh Tan,10.740840166521663,106.61899246873142,25,35,1.0
2025-11-22 18:37:34,Cau Sai Gon,Quan 2 ,10.798986343749618,106.72697056646841,45,45,1.0
2025-11-22 18:37:34,Cau Phu My,Q2,10.741860769464234,106.73790365482627,45,45,1.0
2025-11-22 18:37:35,Cau Kenh Te,Q4,10.752408891679814,106.7022703818112,18,34,1.0
2025-11-22 18:37:43,Cau Thu Thiem,Quan 2,10.786216596454727,106.71836665482695,40,40,1.0
2025-11-22 18:37:44,Nguyen Huu Canh,Binh Thanh,10.78948793356203,106.71518838181179,29,36,1.0
2025-11-22 18:37:45,Cong Hoa,Tan Binh,10.80223925742187,106.6478722259914,28,41,1.0
2025-11-22 18:37:45,Truong Son / Tan Son Nhat Blvd,Gan san bay,10.813928881466124,106.66511432455972,23,34,0.999241
2025-11-22 18:37:46,Nguyen Trai,Quan 5,10.755608615763382,106.67347943578082,17,27,1.0
2025-11-22 18:37:47,Le Duan,Quan 1,10.782680856341083,106.70051548181169,16,30,1.0
2025-11-22 18:37:55,Tran Hung Dao ,Quan 5,10.754895139302109,106.67839188181134,20,32,1.0
2025-11-22 18:37:56,Tran Quoc Thao,Quan 3,10.785070445194592,106.68331340921323,13,26,1.0
2025-11-22 18:37:56,Tran Hung Dao,Quan 5,10.7549373008113,106.67848844133415,20,32,1.0
2025-11-22 18:37:57,Cach Mang Thang 8 (CMT8),Quan 3,10.77898143649726,106.67684447140958,20,34,1.0
2025-11-22 18:37:58,Pham Ngu Lao / Bui Vien,Quan 1,10.767112828386699,106.6927618222887,12,19,1.0
2025-11-22 18:37:59,Nguyen Thi Minh Khai,Quan 3,10.77847212665258,106.69389510879643,29,41,1.0
2025-11-22 18:38:07,Nguyen Van Troi,Phu Nhuan,10.796057790235078,106.67492629345334,23,34,0.998978
2025-11-22 18:38:19,Pham Van Dong,Go Vap,10.835298215641501,106.72935479345391,29,42,0.99801
2025-11-22 18:38:19,Cong truong lam son,Quan 1,10.777562007197462,106.7041335430398,16,30,1.0
2025-11-22 18:38:20,Nguyen Oanh ,Go Vap,10.83886351241477,106.67566625482782,27,36,1.0
2025-11-22 18:38:21,Le Hong Phong,Quan 10,10.765187049751795,106.67550552599073,20,35,1.0
2025-11-22 18:38:22,Nguyen Van Cu,Quan 5,10.759484371982321,106.6840537511244,17,28,1.0
2025-11-22 18:38:23,Nga tu Binh Phuoc,Ngoai o,10.865229381280965,106.72366973948475,33,49,1.0
2025-11-22 18:38:31,Phu My Hung ,Quan 7,10.72279213640514,106.72808623948244,21,37,0.998398
2025-11-22 18:38:42,Nguyen Thai Son,Phu Nhuan,10.823400120373712,106.68551227436063,18,31,1.0
2025-11-22 18:38:43,An Duong Vuong,Quan 8,10.756158554057757,106.66631758181126,22,29,1.0
2025-11-22 18:38:44,Huynh Tan Phat,Nha Be,10.7144382088356,106.73711688366167,21,35,1.0
2025-11-22 18:38:45,Truong Chinh,Tan Binh ,10.817236653231737,106.63191539530457,25,35,1.0
2025-11-22 18:40:57,Cho Ben Thanh,Quan 1,10.772727584493625,106.69804225297563,12,24,0.975435
2025-11-22 18:40:58,Duong Nguyen Hue,Quan 1,10.774028664434528,106.70357076461706,16,29,0.89
2025-11-22 18:40:59,Nguyen Van Linh,Quan 7,10.752616652291238,106.72509685338922,29,38,1.0
2025-11-22 18:41:00,Vo Van Kiet,Quan 5,10.745754766198267,106.65326266831877,33,43,1.0
2025-11-22 18:41:00,Xa lo Ha Noi,QL1A,10.94927106740351,106.87196348224562,32,40,1.0
2025-11-22 18:41:01,Duong Dien Bien Phu,Quan 1,10.78866360854368,106.69551372228901,32,41,1.0
2025-11-22 18:41:13,Nga tu Hang Xanh,Binh Thanh,10.801406421807085,106.71148440879679,32,41,1.0
2025-11-22 18:41:25,Nga tu An Suong,Hoc Mon,10.843150534972033,106.6151343241409,24,35,1.0
2025-11-22 18:41:26,Ben xe Mien Dong,Quan 9,10.880537767027526,106.81481342866444,42,53,1.0
2025-11-22 18:41:27,Ben xe Mien Tay,Binh Tan,10.740840166521663,106.61899246873142,26,36,1.0
2025-11-22 18:41:28,Cau Sai Gon,Quan 2 ,10.798986343749618,106.72697056646841,45,45,1.0
2025-11-22 18:41:28,Cau Phu My,Q2,10.741860769464234,106.73790365482627,45,45,1.0
2025-11-22 18:41:29,Cau Kenh Te,Q4,10.752408891679814,106.7022703818112,18,34,1.0
2025-11-22 18:41:37,Cau Thu Thiem,Quan 2,10.786216596454727,106.71836665482695,33,39,1.0
2025-11-22 18:41:49,Nguyen Huu Canh,Binh Thanh,10.78948793356203,106.71518838181179,36,36,1.0
2025-11-22 18:41:50,Cong Hoa,Tan Binh,10.80223925742187,106.6478722259914,25,41,1.0
2025-11-22 18:41:51,Truong Son / Tan Son Nhat Blvd,Gan san bay,10.813928881466124,106.66511432455972,24,34,0.997914
2025-11-22 18:41:52,Nguyen Trai,Quan 5,10.755608615763382,106.67347943578082,16,27,1.0
2025-11-22 18:41:52,Le Duan,Quan 1,10.782680856341083,106.70051548181169,15,30,1.0
2025-11-22 18:41:53,Tran Hung Dao ,Quan 5,10.754895139302109,106.67839188181134,20,33,1.0
2025-11-22 18:42:01,Tran Quoc Thao,Quan 3,10.785070445194592,106.68331340921323,14,28,1.0
2025-11-22 18:42:02,Tran Hung Dao,Quan 5,10.7549373008113,106.67848844133415,20,33,1.0
2025-11-22 18:42:03,Cach Mang Thang 8 (CMT8),Quan 3,10.77898143649726,106.67684447140958,20,34,1.0
2025-11-22 18:42:04,Pham Ngu Lao / Bui Vien,Quan 1,10.767112828386699,106.6927618222887,20,20,1.0
2025-11-22 18:42:05,Nguyen Thi Minh Khai,Quan 3,10.77847212665258,106.69389510879643,28,41,1.0
2025-11-22 18:42:13,Nguyen Van Troi,Phu Nhuan,10.796057790235078,106.67492629345334,24,34,0.997914
2025-11-22 18:42:14,Pham Van Dong,Go Vap,10.835298215641501,106.72935479345391,29,42,0.997829
2025-11-22 18:42:15,Cong truong lam son,Quan 1,10.777562007197462,106.7041335430398,15,30,1.0
2025-11-22 18:42:15,Nguyen Oanh ,Go Vap,10.83886351241477,106.67566625482782,24,36,1.0
2025-11-22 18:42:16,Le Hong Phong,Quan 10,10.765187049751795,106.67550552599073,21,35,1.0
2025-11-22 18:42:17,Nguyen Van Cu,Quan 5,10.759484371982321,106.6840537511244,16,27,1.0
2025-11-22 18:42:25,Nga tu Binh Phuoc,Ngoai o,10.865229381280965,106.72366973948475,33,49,1.0
2025-11-22 18:42:26,Phu My Hung ,Quan 7,10.72279213640514,106.72808623948244,21,38,0.998019
2025-11-22 18:42:27,Nguyen Thai Son,Phu Nhuan,10.823400120373712,106.68551227436063,19,31,1.0
2025-11-22 18:42:28,An Duong Vuong,Quan 8,10.756158554057757,106.66631758181126,21,30,1.0
2025-11-22 18:42:29,Huynh Tan Phat,Nha Be,10.7144382088356,106.73711688366167,20,35,1.0
2025-11-22 18:42:37,Truong Chinh,Tan Binh ,10.817236653231737,106.63191539530457,24,35,1.0
2025-11-22 18:44:49,Cho Ben Thanh,Quan 1,10.772727584493625,106.69804225297563,13,23,0.956877
2025-11-22 18:44:49,Duong Nguyen Hue,Quan 1,10.774028664434528,106.70357076461706,14,29,0.89
2025-11-22 18:44:50,Nguyen Van Linh,Quan 7,10.752616652291238,106.72509685338922,39,39,1.0
2025-11-22 18:44:51,Vo Van Kiet,Quan 5,10.745754766198267,106.65326266831877,35,43,1.0
2025-11-22 18:44:52,Xa lo Ha Noi,QL1A,10.94927106740351,106.87196348224562,25,42,1.0
2025-11-22 18:44:53,Duong Dien Bien Phu,Quan 1,10.78866360854368,106.69551372228901,32,42,1.0
2025-11-22 18:44:54,Nga tu Hang Xanh,Binh Thanh,10.801406421807085,106.71148440879679,32,42,1.0
2025-11-22 18:45:00,Nga tu An Suong,Hoc Mon,10.843150534972033,106.6151343241409,23,35,1.0
2025-11-22 18:45:12,Ben xe Mien Dong,Quan 9,10.880537767027526,106.81481342866444,44,53,1.0
2025-11-22 18:45:13,Ben xe Mien Tay,Binh Tan,10.740840166521663,106.61899246873142,27,35,1.0
2025-11-22 18:45:14,Cau Sai Gon,Quan 2 ,10.798986343749618,106.72697056646841,45,45,1.0
2025-11-22 18:45:15,Cau Phu My,Q2,10.741860769464234,106.73790365482627,45,45,1.0
2025-11-22 18:45:16,Cau Kenh Te,Q4,10.752408891679814,106.7022703818112,18,34,1.0
2025-11-22 18:45:17,Cau Thu Thiem,Quan 2,10.786216596454727,106.71836665482695,32,40,1.0
2025-11-22 18:45:17,Nguyen Huu Canh,Binh Thanh,10.78948793356203,106.71518838181179,28,35,1.0
2025-11-22 18:45:24,Cong Hoa,Tan Binh,10.80223925742187,106.6478722259914,28,41,1.0
2025-11-22 18:45:26,Truong Son / Tan Son Nhat Blvd,Gan san bay,10.813928881466124,106.66511432455972,24,34,0.999242
2025-11-22 18:45:27,Nguyen Trai,Quan 5,10.755608615763382,106.67347943578082,17,28,1.0
2025-11-22 18:45:28,Le Duan,Quan 1,10.782680856341083,106.70051548181169,17,30,1.0
2025-11-22 18:45:28,Tran Hung Dao ,Quan 5,10.754895139302109,106.67839188181134,20,33,1.0
2025-11-22 18:45:29,Tran Quoc Thao,Quan 3,10.785070445194592,106.68331340921323,12,27,1.0
2025-11-22 18:45:36,Tran Hung Dao,Quan 5,10.7549373008113,106.67848844133415,20,33,1.0
2025-11-22 18:45:48,Cach Mang Thang 8 (CMT8),Quan 3,10.77898143649726,106.67684447140958,19,34,1.0
2025-11-22 18:45:49,Pham Ngu Lao / Bui Vien,Quan 1,10.767112828386699,106.6927618222887,10,20,1.0
2025-11-22 18:45:50,Nguyen Thi Minh Khai,Quan 3,10.77847212665258,106.69389510879643,29,42,1.0
2025-11-22 18:45:51,Nguyen Van Troi,Phu Nhuan,10.796057790235078,106.67492629345334,24,34,0.999242
2025-11-22 18:45:52,Pham Van Dong,Go Vap,10.835298215641501,106.72935479345391,31,42,0.996768
2025-11-22 18:45:53,Cong truong lam son,Quan 1,10.777562007197462,106.7041335430398,16,30,1.0
2025-11-22 18:46:00,Nguyen Oanh ,Go Vap,10.83886351241477,106.67566625482782,26,36,1.0
2025-11-22 18:46:12,Le Hong Phong,Quan 10,10.765187049751795,106.67550552599073,24,36,1.0
2025-11-22 18:46:13,Nguyen Van Cu,Quan 5,10.759484371982321,106.6840537511244,14,27,1.0
2025-11-22 18:46:14,Nga tu Binh Phuoc,Ngoai o,10.865229381280965,106.72366973948475,33,49,1.0
2025-11-22 18:46:15,Phu My Hung ,Quan 7,10.72279213640514,106.72808623948244,21,37,0.998601
2025-11-22 18:46:15,Nguyen Thai Son,Phu Nhuan,10.823400120373712,106.68551227436063,16,31,1.0
2025-11-22 18:46:16,An Duong Vuong,Quan 8,10.756158554057757,106.66631758181126,22,30,1.0
2025-11-22 18:46:24,Huynh Tan Phat,Nha Be,10.7144382088356,106.73711688366167,21,35,1.0
2025-11-22 18:46:25,Truong Chinh,Tan Binh ,10.817236653231737,106.63191539530457,24,35,1.0
2025-11-22 18:48:37,Cho Ben Thanh,Quan 1,10.772727584493625,106.69804225297563,13,24,0.953273
2025-11-22 18:48:38,Duong Nguyen Hue,Quan 1,10.774028664434528,106.70357076461706,14,29,0.87
2025-11-22 18:48:39,Nguyen Van Linh,Quan 7,10.752616652291238,106.72509685338922,31,40,1.0
2025-11-22 18:48:39,Vo Van Kiet,Quan 5,10.745754766198267,106.65326266831877,36,43,1.0
2025-11-22 18:48:40,Xa lo Ha Noi,QL1A,10.94927106740351,106.87196348224562,29,42,1.0
2025-11-22 18:48:41,Duong Dien Bien Phu,Quan 1,10.78866360854368,106.69551372228901,31,41,1.0
2025-11-22 18:48:42,Nga tu Hang Xanh,Binh Thanh,10.801406421807085,106.71148440879679,31,41,1.0
2025-11-22 18:48:43,Nga tu An Suong,Hoc Mon,10.843150534972033,106.6151343241409,23,34,1.0
2025-11-22 18:48:44,Ben xe Mien Dong,Quan 9,10.880537767027526,106.81481342866444,45,53,1.0
2025-11-22 18:48:44,Ben xe Mien Tay,Binh Tan,10.740840166521663,106.61899246873142,26,35,1.0
2025-11-22 18:48:45,Cau Sai Gon,Quan 2 ,10.798986343749618,106.72697056646841,45,45,1.0
2025-11-22 18:48:49,Cau Phu My,Q2,10.741860769464234,106.73790365482627,45,45,1.0
2025-11-22 18:49:01,Cau Kenh Te,Q4,10.752408891679814,106.7022703818112,19,33,1.0
2025-11-22 18:49:01,Cau Thu Thiem,Quan 2,10.786216596454727,106.71836665482695,33,39,1.0
2025-11-22 18:49:02,Nguyen Huu Canh,Binh Thanh,10.78948793356203,106.71518838181179,24,35,1.0
2025-11-22 18:49:03,Cong Hoa,Tan Binh,10.80223925742187,106.6478722259914,27,40,1.0
2025-11-22 18:49:04,Truong Son / Tan Son Nhat Blvd,Gan san bay,10.813928881466124,106.66511432455972,22,34,0.999528
2025-11-22 18:49:05,Nguyen Trai,Quan 5,10.755608615763382,106.67347943578082,17,28,1.0
2025-11-22 18:49:06,Le Duan,Quan 1,10.782680856341083,106.70051548181169,16,30,1.0
2025-11-22 18:49:13,Tran Hung Dao ,Quan 5,10.754895139302109,106.67839188181134,18,31,1.0
2025-11-22 18:49:24,Tran Quoc Thao,Quan 3,10.785070445194592,106.68331340921323,11,27,1.0
2025-11-22 18:49:25,Tran Hung Dao,Quan 5,10.7549373008113,106.67848844133415,18,31,1.0
2025-11-22 18:49:26,Cach Mang Thang 8 (CMT8),Quan 3,10.77898143649726,106.67684447140958,21,34,1.0
2025-11-22 18:49:27,Pham Ngu Lao / Bui Vien,Quan 1,10.767112828386699,106.6927618222887,11,20,1.0
2025-11-22 18:49:28,Nguyen Thi Minh Khai,Quan 3,10.77847212665258,106.69389510879643,29,41,1.0
2025-11-22 18:49:29,Nguyen Van Troi,Phu Nhuan,10.796057790235078,106.67492629345334,22,34,0.999715
2025-11-22 18:49:36,Pham Van Dong,Go Vap,10.835298215641501,106.72935479345391,31,43,0.997164
2025-11-22 18:49:38,Cong truong lam son,Quan 1,10.777562007197462,106.7041335430398,17,30,1.0
2025-11-22 18:49:39,Nguyen Oanh ,Go Vap,10.83886351241477,106.67566625482782,25,36,1.0
2025-11-22 18:49:40,Le Hong Phong,Quan 10,10.765187049751795,106.67550552599073,24,35,1.0
2025-11-22 18:49:40,Nguyen Van Cu,Quan 5,10.759484371982321,106.6840537511244,16,28,1.0
2025-11-22 18:49:41,Nga tu Binh Phuoc,Ngoai o,10.865229381280965,106.72366973948475,34,49,1.0
2025-11-22 18:49:42,Phu My Hung ,Quan 7,10.72279213640514,106.72808623948244,21,37,0.997016
2025-11-22 18:49:43,Nguyen Thai Son,Phu Nhuan,10.823400120373712,106.68551227436063,18,31,1.0
2025-11-22 18:49:44,An Duong Vuong,Quan 8,10.756158554057757,106.66631758181126,22,29,1.0
2025-11-22 18:49:45,Huynh Tan Phat,Nha Be,10.7144382088356,106.73711688366167,21,35,1.0
2025-11-22 18:49:45,Truong Chinh,Tan Binh ,10.817236653231737,106.63191539530457,23,35,1.0
2025-11-22 18:51:57,Cho Ben Thanh,Quan 1,10.772727584493625,106.69804225297563,13,24,0.953306
2025-11-22 18:51:58,Duong Nguyen Hue,Quan 1,10.774028664434528,106.70357076461706,14,29,0.87
2025-11-22 18:51:59,Nguyen Van Linh,Quan 7,10.752616652291238,106.72509685338922,26,39,1.0
2025-11-22 18:52:00,Vo Van Kiet,Quan 5,10.745754766198267,106.65326266831877,42,42,1.0
2025-11-22 18:52:01,Xa lo Ha Noi,QL1A,10.94927106740351,106.87196348224562,28,42,1.0
2025-11-22 18:52:02,Duong Dien Bien Phu,Quan 1,10.78866360854368,106.69551372228901,34,42,1.0
2025-11-22 18:52:09,Nga tu Hang Xanh,Binh Thanh,10.801406421807085,106.71148440879679,34,42,1.0
2025-11-22 18:52:21,Nga tu An Suong,Hoc Mon,10.843150534972033,106.6151343241409,26,35,1.0
2025-11-22 18:52:22,Ben xe Mien Dong,Quan 9,10.880537767027526,106.81481342866444,44,52,1.0
2025-11-22 18:52:23,Ben xe Mien Tay,Binh Tan,10.740840166521663,106.61899246873142,27,35,1.0
2025-11-22 18:52:24,Cau Sai Gon,Quan 2 ,10.798986343749618,106.72697056646841,45,45,1.0
2025-11-22 18:52:25,Cau Phu My,Q2,10.741860769464234,106.73790365482627,45,45,1.0
2025-11-22 18:52:26,Cau Kenh Te,Q4,10.752408891679814,106.7022703818112,21,33,1.0
2025-11-22 18:52:33,Cau Thu Thiem,Quan 2,10.786216596454727,106.71836665482695,35,40,1.0
2025-11-22 18:52:34,Nguyen Huu Canh,Binh Thanh,10.78948793356203,106.71518838181179,36,36,1.0
2025-11-22 18:52:35,Cong Hoa,Tan Binh,10.80223925742187,106.6478722259914,28,41,1.0
2025-11-22 18:52:36,Truong Son / Tan Son Nhat Blvd,Gan san bay,10.813928881466124,106.66511432455972,23,34,1.0
2025-11-22 18:52:37,Nguyen Trai,Quan 5,10.755608615763382,106.67347943578082,15,28,1.0
2025-11-22 18:52:37,Le Duan,Quan 1,10.782680856341083,106.70051548181169,16,30,1.0
2025-11-22 18:52:45,Tran Hung Dao ,Quan 5,10.754895139302109,106.67839188181134,19,32,1.0
2025-11-22 18:52:57,Tran Quoc Thao,Quan 3,10.785070445194592,106.68331340921323,14,27,1.0
2025-11-22 18:52:58,Tran Hung Dao,Quan 5,10.7549373008113,106.67848844133415,21,33,1.0
2025-11-22 18:52:59,Cach Mang Thang 8 (CMT8),Quan 3,10.77898143649726,106.67684447140958,20,34,1.0
2025-11-22 18:52:59,Pham Ngu Lao / Bui Vien,Quan 1,10.767112828386699,106.6927618222887,15,20,1.0
2025-11-22 18:53:00,Nguyen Thi Minh Khai,Quan 3,10.77847212665258,106.69389510879643,29,42,1.0
2025-11-22 18:53:01,Nguyen Van Troi,Phu Nhuan,10.796057790235078,106.67492629345334,23,34,0.999244
2025-11-22 18:53:09,Pham Van Dong,Go Vap,10.835298215641501,106.72935479345391,30,42,0.998028
2025-11-22 18:53:21,Cong truong lam son,Quan 1,10.777562007197462,106.7041335430398,16,30,1.0
2025-11-22 18:53:22,Nguyen Oanh ,Go Vap,10.83886351241477,106.67566625482782,26,36,1.0
2025-11-22 18:53:23,Le Hong Phong,Quan 10,10.765187049751795,106.67550552599073,23,36,1.0
2025-11-22 18:53:23,Nguyen Van Cu,Quan 5,10.759484371982321,106.6840537511244,16,28,1.0
2025-11-22 18:53:24,Nga tu Binh Phuoc,Ngoai o,10.865229381280965,106.72366973948475,32,49,1.0
2025-11-22 18:53:25,Phu My Hung ,Quan 7,10.72279213640514,106.72808623948244,22,37,0.99832
2025-11-22 18:53:26,Nguyen Thai Son,Phu Nhuan,10.823400120373712,106.68551227436063,20,31,1.0
2025-11-22 18:53:27,An Duong Vuong,Quan 8,10.756158554057757,106.66631758181126,22,29,1.0
2025-11-22 18:53:28,Huynh Tan Phat,Nha Be,10.7144382088356,106.73711688366167,21,35,1.0
2025-11-22 18:53:29,Truong Chinh,Tan Binh ,10.817236653231737,106.63191539530457,25,35,1.0
2025-11-22 18:55:41,Cho Ben Thanh,Quan 1,10.772727584493625,106.69804225297563,11,23,0.950085
2025-11-22 18:55:42,Duong Nguyen Hue,Quan 1,10.774028664434528,106.70357076461706,14,29,0.88
2025-11-22 18:55:42,Nguyen Van Linh,Quan 7,10.752616652291238,106.72509685338922,39,39,1.0
2025-11-22 18:55:43,Vo Van Kiet,Quan 5,10.745754766198267,106.65326266831877,42,42,1.0
2025-11-22 18:55:44,Xa lo Ha Noi,QL1A,10.94927106740351,106.87196348224562,42,42,1.0
2025-11-22 18:55:45,Duong Dien Bien Phu,Quan 1,10.78866360854368,106.69551372228901,33,42,1.0
2025-11-22 18:55:52,Nga tu Hang Xanh,Binh Thanh,10.801406421807085,106.71148440879679,33,42,1.0
2025-11-22 18:56:04,Nga tu An Suong,Hoc Mon,10.843150534972033,106.6151343241409,24,35,1.0
2025-11-22 18:56:16,Ben xe Mien Dong,Quan 9,10.880537767027526,106.81481342866444,45,53,1.0
2025-11-22 18:56:28,Ben xe Mien Tay,Binh Tan,10.740840166521663,106.61899246873142,27,35,1.0
2025-11-22 18:56:29,Cau Sai Gon,Quan 2 ,10.798986343749618,106.72697056646841,45,45,1.0
2025-11-22 18:56:30,Cau Phu My,Q2,10.741860769464234,106.73790365482627,45,45,1.0
2025-11-22 18:56:31,Cau Kenh Te,Q4,10.752408891679814,106.7022703818112,21,34,1.0
2025-11-22 18:56:31,Cau Thu Thiem,Quan 2,10.786216596454727,106.71836665482695,35,39,1.0
2025-11-22 18:56:32,Nguyen Huu Canh,Binh Thanh,10.78948793356203,106.71518838181179,36,36,1.0
2025-11-22 18:56:33,Cong Hoa,Tan Binh,10.80223925742187,106.6478722259914,25,41,1.0
2025-11-22 18:56:40,Truong Son / Tan Son Nhat Blvd,Gan san bay,10.813928881466124,106.66511432455972,23,33,1.0
2025-11-22 18:56:41,Nguyen Trai,Quan 5,10.755608615763382,106.67347943578082,15,27,1.0
2025-11-22 18:56:53,Le Duan,Quan 1,10.782680856341083,106.70051548181169,17,30,1.0
2025-11-22 18:57:05,Tran Hung Dao ,Quan 5,10.754895139302109,106.67839188181134,22,33,1.0
2025-11-22 18:57:06,Tran Quoc Thao,Quan 3,10.785070445194592,106.68331340921323,13,28,1.0
2025-11-22 18:57:07,Tran Hung Dao,Quan 5,10.7549373008113,106.67848844133415,22,33,1.0
2025-11-22 18:57:07,Cach Mang Thang 8 (CMT8),Quan 3,10.77898143649726,106.67684447140958,21,34,1.0
2025-11-22 18:57:08,Pham Ngu Lao / Bui Vien,Quan 1,10.767112828386699,106.6927618222887,14,20,1.0
2025-11-22 18:57:09,Nguyen Thi Minh Khai,Quan 3,10.77847212665258,106.69389510879643,29,41,1.0
2025-11-22 18:57:21,Nguyen Van Troi,Phu Nhuan,10.796057790235078,106.67492629345334,22,34,1.0
2025-11-22 18:57:33,Pham Van Dong,Go Vap,10.835298215641501,106.72935479345391,29,42,0.998044
2025-11-22 18:57:34,Cong truong lam son,Quan 1,10.777562007197462,106.7041335430398,17,30,1.0
2025-11-22 18:57:35,Nguyen Oanh ,Go Vap,10.83886351241477,106.67566625482782,28,36,1.0
2025-11-22 18:57:36,Le Hong Phong,Quan 10,10.765187049751795,106.67550552599073,19,36,1.0
2025-11-22 18:57:36,Nguyen Van Cu,Quan 5,10.759484371982321,106.6840537511244,14,27,1.0
2025-11-22 18:57:37,Nga tu Binh Phuoc,Ngoai o,10.865229381280965,106.72366973948475,33,49,1.0
2025-11-22 18:57:45,Phu My Hung ,Quan 7,10.72279213640514,106.72808623948244,21,37,0.999045
2025-11-22 18:57:57,Nguyen Thai Son,Phu Nhuan,10.823400120373712,106.68551227436063,19,32,1.0
2025-11-22 18:57:58,An Duong Vuong,Quan 8,10.756158554057757,106.66631758181126,22,29,1.0
2025-11-22 18:57:58,Huynh Tan Phat,Nha Be,10.7144382088356,106.73711688366167,21,35,1.0
2025-11-22 18:57:59,Truong Chinh,Tan Binh ,10.817236653231737,106.63191539530457,24,34,1.0
2025-11-22 19:00:00,Cho Ben Thanh,Quan 1,10.772727584493625,106.69804225297563,11,24,0.955876
2025-11-22 19:00:01,Duong Nguyen Hue,Quan 1,10.774028664434528,106.70357076461706,14,29,0.85
2025-11-22 19:00:02,Nguyen Van Linh,Quan 7,10.752616652291238,106.72509685338922,30,39,1.0
2025-11-22 19:00:11,Vo Van Kiet,Quan 5,10.745754766198267,106.65326266831877,36,42,1.0
2025-11-22 19:00:12,Xa lo Ha Noi,QL1A,10.94927106740351,106.87196348224562,27,41,1.0
2025-11-22 19:00:13,Duong Dien Bien Phu,Quan 1,10.78866360854368,106.69551372228901,33,42,1.0
2025-11-22 19:00:14,Nga tu Hang Xanh,Binh Thanh,10.801406421807085,106.71148440879679,33,42,1.0
2025-11-22 19:00:15,Nga tu An Suong,Hoc Mon,10.843150534972033,106.6151343241409,25,35,1.0
2025-11-22 19:00:16,Ben xe Mien Dong,Quan 9,10.880537767027526,106.81481342866444,43,53,1.0
2025-11-22 19:00:23,Ben xe Mien Tay,Binh Tan,10.740840166521663,106.61899246873142,28,35,1.0
2025-11-22 19:00:24,Cau Sai Gon,Quan 2 ,10.798986343749618,106.72697056646841,45,45,1.0
2025-11-22 19:00:25,Cau Phu My,Q2,10.741860769464234,106.73790365482627,45,45,1.0
2025-11-22 19:00:26,Cau Kenh Te,Q4,10.752408891679814,106.7022703818112,22,33,1.0
2025-11-22 19:00:27,Cau Thu Thiem,Quan 2,10.786216596454727,106.71836665482695,33,39,1.0
2025-11-22 19:00:27,Nguyen Huu Canh,Binh Thanh,10.78948793356203,106.71518838181179,24,34,1.0
2025-11-22 19:00:35,Cong Hoa,Tan Binh,10.80223925742187,106.6478722259914,29,41,1.0
2025-11-22 19:00:36,Truong Son / Tan Son Nhat Blvd,Gan san bay,10.813928881466124,106.66511432455972,23,33,1.0
2025-11-22 19:00:37,Nguyen Trai,Quan 5,10.755608615763382,106.67347943578082,16,28,1.0
2025-11-22 19:00:38,Le Duan,Quan 1,10.782680856341083,106.70051548181169,15,29,1.0
2025-11-22 19:00:38,Tran Hung Dao ,Quan 5,10.754895139302109,106.67839188181134,21,33,1.0
2025-11-22 19:00:39,Tran Quoc Thao,Quan 3,10.785070445194592,106.68331340921323,14,28,1.0
2025-11-22 19:00:51,Tran Hung Dao,Quan 5,10.7549373008113,106.67848844133415,21,33,1.0
2025-11-22 19:01:03,Cach Mang Thang 8 (CMT8),Quan 3,10.77898143649726,106.67684447140958,22,34,1.0
2025-11-22 19:01:04,Pham Ngu Lao / Bui Vien,Quan 1,10.767112828386699,106.6927618222887,7,20,1.0
2025-11-22 19:01:05,Nguyen Thi Minh Khai,Quan 3,10.77847212665258,106.69389510879643,29,41,1.0
2025-11-22 19:01:06,Nguyen Van Troi,Phu Nhuan,10.796057790235078,106.67492629345334,23,33,1.0
2025-11-22 19:01:07,Pham Van Dong,Go Vap,10.835298215641501,106.72935479345391,30,42,0.998044
2025-11-22 19:01:07,Cong truong lam son,Quan 1,10.777562007197462,106.7041335430398,15,29,1.0
2025-11-22 19:01:15,Nguyen Oanh ,Go Vap,10.83886351241477,106.67566625482782,27,36,1.0
2025-11-22 19:01:16,Le Hong Phong,Quan 10,10.765187049751795,106.67550552599073,23,35,1.0
2025-11-22 19:01:17,Nguyen Van Cu,Quan 5,10.759484371982321,106.6840537511244,15,28,1.0
2025-11-22 19:01:17,Nga tu Binh Phuoc,Ngoai o,10.865229381280965,106.72366973948475,34,49,1.0
2025-11-22 19:01:18,Phu My Hung ,Quan 7,10.72279213640514,106.72808623948244,21,37,0.998601
2025-11-22 19:01:19,Nguyen Thai Son,Phu Nhuan,10.823400120373712,106.68551227436063,19,31,1.0
2025-11-22 19:01:27,An Duong Vuong,Quan 8,10.756158554057757,106.66631758181126,19,30,1.0
2025-11-22 19:01:39,Huynh Tan Phat,Nha Be,10.7144382088356,106.73711688366167,20,35,1.0
2025-11-22 19:01:40,Truong Chinh,Tan Binh ,10.817236653231737,106.63191539530457,25,35,1.0
2025-11-22 19:03:41,Cho Ben Thanh,Quan 1,10.772727584493625,106.69804225297563,12,24,0.918594
2025-11-22 19:03:41,Duong Nguyen Hue,Quan 1,10.774028664434528,106.70357076461706,12,29,0.803548
2025-11-22 19:03:42,Nguyen Van Linh,Quan 7,10.752616652291238,106.72509685338922,39,39,1.0
2025-11-22 19:03:54,Vo Van Kiet,Quan 5,10.745754766198267,106.65326266831877,36,43,1.0
2025-11-22 19:03:55,Xa lo Ha Noi,QL1A,10.94927106740351,106.87196348224562,26,42,1.0
2025-11-22 19:03:56,Duong Dien Bien Phu,Quan 1,10.78866360854368,106.69551372228901,33,42,1.0
2025-11-22 19:03:57,Nga tu Hang Xanh,Binh Thanh,10.801406421807085,106.71148440879679,33,42,1.0
2025-11-22 19:03:58,Nga tu An Suong,Hoc Mon,10.843150534972033,106.6151343241409,26,35,1.0
2025-11-22 19:03:58,Ben xe Mien Dong,Quan 9,10.880537767027526,106.81481342866444,44,53,1.0
2025-11-22 19:03:59,Ben xe Mien Tay,Binh Tan,10.740840166521663,106.61899246873142,27,35,1.0
2025-11-22 19:04:11,Cau Sai Gon,Quan 2 ,10.798986343749618,106.72697056646841,45,45,1.0
2025-11-22 19:04:23,Cau Phu My,Q2,10.741860769464234,106.73790365482627,45,45,1.0
2025-11-22 19:04:24,Cau Kenh Te,Q4,10.752408891679814,106.7022703818112,24,33,1.0
2025-11-22 19:04:25,Cau Thu Thiem,Quan 2,10.786216596454727,106.71836665482695,40,40,1.0
2025-11-22 19:04:26,Nguyen Huu Canh,Binh Thanh,10.78948793356203,106.71518838181179,36,36,1.0
2025-11-22 19:04:35,Cong Hoa,Tan Binh,10.80223925742187,106.6478722259914,29,41,1.0
2025-11-22 19:04:36,Truong Son / Tan Son Nhat Blvd,Gan san bay,10.813928881466124,106.66511432455972,23,33,0.999528
2025-11-22 19:04:48,Nguyen Trai,Quan 5,10.755608615763382,106.67347943578082,15,28,1.0
2025-11-22 19:05:00,Le Duan,Quan 1,10.782680856341083,106.70051548181169,17,30,1.0
2025-11-22 19:05:12,Tran Hung Dao ,Quan 5,10.754895139302109,106.67839188181134,21,33,1.0
2025-11-22 19:05:13,Tran Quoc Thao,Quan 3,10.785070445194592,106.68331340921323,16,27,1.0
2025-11-22 19:05:14,Tran Hung Dao,Quan 5,10.7549373008113,106.67848844133415,21,33,1.0
2025-11-22 19:05:14,Cach Mang Thang 8 (CMT8),Quan 3,10.77898143649726,106.67684447140958,22,34,1.0
2025-11-22 19:05:15,Pham Ngu Lao / Bui Vien,Quan 1,10.767112828386699,106.6927618222887,11,20,1.0
2025-11-22 19:05:16,Nguyen Thi Minh Khai,Quan 3,10.77847212665258,106.69389510879643,29,41,1.0
2025-11-22 19:05:24,Nguyen Van Troi,Phu Nhuan,10.796057790235078,106.67492629345334,21,33,0.999528
2025-11-22 19:05:36,Pham Van Dong,Go Vap,10.835298215641501,106.72935479345391,30,42,0.997655
2025-11-22 19:05:37,Cong truong lam son,Quan 1,10.777562007197462,106.7041335430398,18,30,1.0
2025-11-22 19:05:37,Nguyen Oanh ,Go Vap,10.83886351241477,106.67566625482782,26,36,1.0
2025-11-22 19:05:38,Le Hong Phong,Quan 10,10.765187049751795,106.67550552599073,20,35,1.0
2025-11-22 19:05:39,Nguyen Van Cu,Quan 5,10.759484371982321,106.6840537511244,15,27,1.0
2025-11-22 19:05:40,Nga tu Binh Phuoc,Ngoai o,10.865229381280965,106.72366973948475,34,49,1.0
2025-11-22 19:05:48,Phu My Hung ,Quan 7,10.72279213640514,106.72808623948244,23,37,0.999742
2025-11-22 19:05:49,Nguyen Thai Son,Phu Nhuan,10.823400120373712,106.68551227436063,20,31,1.0
2025-11-22 19:05:49,An Duong Vuong,Quan 8,10.756158554057757,106.66631758181126,20,29,1.0
2025-11-22 19:05:50,Huynh Tan Phat,Nha Be,10.7144382088356,106.73711688366167,21,35,1.0
2025-11-22 19:05:51,Truong Chinh,Tan Binh ,10.817236653231737,106.63191539530457,26,35,1.0
2025-11-22 19:08:03,Cho Ben Thanh,Quan 1,10.772727584493625,106.69804225297563,12,25,0.952371
2025-11-22 19:08:04,Duong Nguyen Hue,Quan 1,10.774028664434528,106.70357076461706,12,28,0.801129
2025-11-22 19:08:05,Nguyen Van Linh,Quan 7,10.752616652291238,106.72509685338922,39,39,1.0
2025-11-22 19:08:06,Vo Van Kiet,Quan 5,10.745754766198267,106.65326266831877,42,42,1.0
2025-11-22 19:08:07,Xa lo Ha Noi,QL1A,10.94927106740351,106.87196348224562,22,41,1.0
2025-11-22 19:08:07,Duong Dien Bien Phu,Quan 1,10.78866360854368,106.69551372228901,35,41,1.0
2025-11-22 19:08:15,Nga tu Hang Xanh,Binh Thanh,10.801406421807085,106.71148440879679,35,41,1.0
2025-11-22 19:08:27,Nga tu An Suong,Hoc Mon,10.843150534972033,106.6151343241409,25,35,1.0
2025-11-22 19:08:28,Ben xe Mien Dong,Quan 9,10.880537767027526,106.81481342866444,44,53,1.0
2025-11-22 19:08:29,Ben xe Mien Tay,Binh Tan,10.740840166521663,106.61899246873142,26,35,1.0
2025-11-22 19:08:30,Cau Sai Gon,Quan 2 ,10.798986343749618,106.72697056646841,45,45,1.0
2025-11-22 19:08:31,Cau Phu My,Q2,10.741860769464234,106.73790365482627,45,45,1.0
2025-11-22 19:08:31,Cau Kenh Te,Q4,10.752408891679814,106.7022703818112,23,34,1.0
2025-11-22 19:08:43,Cau Thu Thiem,Quan 2,10.786216596454727,106.71836665482695,27,40,1.0
2025-11-22 19:08:55,Nguyen Huu Canh,Binh Thanh,10.78948793356203,106.71518838181179,36,36,1.0
2025-11-22 19:09:07,Cong Hoa,Tan Binh,10.80223925742187,106.6478722259914,30,41,1.0
2025-11-22 19:09:19,Truong Son / Tan Son Nhat Blvd,Gan san bay,10.813928881466124,106.66511432455972,22,34,0.999528
2025-11-22 19:09:20,Nguyen Trai,Quan 5,10.755608615763382,106.67347943578082,16,28,1.0
2025-11-22 19:09:21,Le Duan,Quan 1,10.782680856341083,106.70051548181169,17,31,1.0
2025-11-22 19:09:22,Tran Hung Dao ,Quan 5,10.754895139302109,106.67839188181134,21,33,1.0
2025-11-22 19:09:23,Tran Quoc Thao,Quan 3,10.785070445194592,106.68331340921323,14,27,1.0
2025-11-22 19:09:23,Tran Hung Dao,Quan 5,10.7549373008113,106.67848844133415,21,33,1.0
2025-11-22 19:09:31,Cach Mang Thang 8 (CMT8),Quan 3,10.77898143649726,106.67684447140958,22,34,1.0
2025-11-22 19:09:43,Pham Ngu Lao / Bui Vien,Quan 1,10.767112828386699,106.6927618222887,10,20,1.0
2025-11-22 19:09:44,Nguyen Thi Minh Khai,Quan 3,10.77847212665258,106.69389510879643,29,41,1.0
2025-11-22 19:09:45,Nguyen Van Troi,Phu Nhuan,10.796057790235078,106.67492629345334,22,34,0.999528
2025-11-22 19:09:46,Pham Van Dong,Go Vap,10.835298215641501,106.72935479345391,30,42,0.997981
2025-11-22 19:09:47,Cong truong lam son,Quan 1,10.777562007197462,106.7041335430398,17,30,1.0
2025-11-22 19:09:47,Nguyen Oanh ,Go Vap,10.83886351241477,106.67566625482782,25,35,1.0
2025-11-22 19:09:55,Le Hong Phong,Quan 10,10.765187049751795,106.67550552599073,23,36,1.0
2025-11-22 19:09:56,Nguyen Van Cu,Quan 5,10.759484371982321,106.6840537511244,16,27,1.0
2025-11-22 19:09:57,Nga tu Binh Phuoc,Ngoai o,10.865229381280965,106.72366973948475,34,49,1.0
2025-11-22 19:09:58,Phu My Hung ,Quan 7,10.72279213640514,106.72808623948244,23,37,0.998475
2025-11-22 19:09:59,Nguyen Thai Son,Phu Nhuan,10.823400120373712,106.68551227436063,19,31,1.0
2025-11-22 19:09:59,An Duong Vuong,Quan 8,10.756158554057757,106.66631758181126,17,29,1.0
2025-11-22 19:10:00,Huynh Tan Phat,Nha Be,10.7144382088356,106.73711688366167,22,35,1.0
2025-11-22 19:10:01,Truong Chinh,Tan Binh ,10.817236653231737,106.63191539530457,24,35,1.0
2025-11-22 19:12:13,Cho Ben Thanh,Quan 1,10.772727584493625,106.69804225297563,12,24,0.968058
2025-11-22 19:12:25,Duong Nguyen Hue,Quan 1,10.774028664434528,106.70357076461706,12,29,0.93629
2025-11-22 19:12:26,Nguyen Van Linh,Quan 7,10.752616652291238,106.72509685338922,39,39,1.0
2025-11-22 19:12:27,Vo Van Kiet,Quan 5,10.745754766198267,106.65326266831877,36,42,1.0
2025-11-22 19:12:28,Xa lo Ha Noi,QL1A,10.94927106740351,106.87196348224562,25,41,1.0
2025-11-22 19:12:28,Duong Dien Bien Phu,Quan 1,10.78866360854368,106.69551372228901,32,42,1.0
2025-11-22 19:12:29,Nga tu Hang Xanh,Binh Thanh,10.801406421807085,106.71148440879679,32,42,1.0
2025-11-22 19:12:30,Nga tu An Suong,Hoc Mon,10.843150534972033,106.6151343241409,24,35,1.0
2025-11-22 19:12:37,Ben xe Mien Dong,Quan 9,10.880537767027526,106.81481342866444,43,54,1.0
2025-11-22 19:12:38,Ben xe Mien Tay,Binh Tan,10.740840166521663,106.61899246873142,27,35,1.0
2025-11-22 19:12:39,Cau Sai Gon,Quan 2 ,10.798986343749618,106.72697056646841,45,45,1.0
2025-11-22 19:12:39,Cau Phu My,Q2,10.741860769464234,106.73790365482627,45,45,1.0
2025-11-22 19:12:40,Cau Kenh Te,Q4,10.752408891679814,106.7022703818112,23,33,1.0
2025-11-22 19:12:41,Cau Thu Thiem,Quan 2,10.786216596454727,106.71836665482695,40,40,1.0
2025-11-22 19:12:49,Nguyen Huu Canh,Binh Thanh,10.78948793356203,106.71518838181179,36,36,1.0
2025-11-22 19:12:50,Cong Hoa,Tan Binh,10.80223925742187,106.6478722259914,28,41,1.0
2025-11-22 19:12:51,Truong Son / Tan Son Nhat Blvd,Gan san bay,10.813928881466124,106.66511432455972,22,33,1.0
2025-11-22 19:12:51,Nguyen Trai,Quan 5,10.755608615763382,106.67347943578082,17,27,1.0
2025-11-22 19:12:52,Le Duan,Quan 1,10.782680856341083,106.70051548181169,16,30,1.0
2025-11-22 19:12:53,Tran Hung Dao ,Quan 5,10.754895139302109,106.67839188181134,23,32,1.0
2025-11-22 19:12:54,Tran Quoc Thao,Quan 3,10.785070445194592,106.68331340921323,15,28,1.0
2025-11-22 19:12:55,Tran Hung Dao,Quan 5,10.7549373008113,106.67848844133415,23,32,1.0
2025-11-22 19:12:56,Cach Mang Thang 8 (CMT8),Quan 3,10.77898143649726,106.67684447140958,22,34,1.0
2025-11-22 19:12:57,Pham Ngu Lao / Bui Vien,Quan 1,10.767112828386699,106.6927618222887,9,20,1.0
2025-11-22 19:12:57,Nguyen Thi Minh Khai,Quan 3,10.77847212665258,106.69389510879643,29,41,1.0
2025-11-22 19:13:01,Nguyen Van Troi,Phu Nhuan,10.796057790235078,106.67492629345334,21,33,1.0
2025-11-22 19:13:02,Pham Van Dong,Go Vap,10.835298215641501,106.72935479345391,30,42,0.998164
2025-11-22 19:13:02,Cong truong lam son,Quan 1,10.777562007197462,106.7041335430398,16,30,1.0
2025-11-22 19:13:03,Nguyen Oanh ,Go Vap,10.83886351241477,106.67566625482782,27,36,1.0
2025-11-22 19:13:04,Le Hong Phong,Quan 10,10.765187049751795,106.67550552599073,21,36,1.0
2025-11-22 19:13:05,Nguyen Van Cu,Quan 5,10.759484371982321,106.6840537511244,15,27,1.0
2025-11-22 19:13:13,Nga tu Binh Phuoc,Ngoai o,10.865229381280965,106.72366973948475,33,49,1.0
2025-11-22 19:13:14,Phu My Hung ,Quan 7,10.72279213640514,106.72808623948244,23,37,1.0
2025-11-22 19:13:15,Nguyen Thai Son,Phu Nhuan,10.823400120373712,106.68551227436063,22,31,1.0
2025-11-22 19:13:15,An Duong Vuong,Quan 8,10.756158554057757,106.66631758181126,19,29,1.0
2025-11-22 19:13:16,Huynh Tan Phat,Nha Be,10.7144382088356,106.73711688366167,23,35,1.0
2025-11-22 19:13:17,Truong Chinh,Tan Binh ,10.817236653231737,106.63191539530457,25,34,1.0
2025-11-22 19:15:29,Cho Ben Thanh,Quan 1,10.772727584493625,106.69804225297563,12,23,0.960615
2025-11-22 19:15:30,Duong Nguyen Hue,Quan 1,10.774028664434528,106.70357076461706,12,29,0.93629
2025-11-22 19:15:31,Nguyen Van Linh,Quan 7,10.752616652291238,106.72509685338922,39,39,1.0
2025-11-22 19:15:32,Vo Van Kiet,Quan 5,10.745754766198267,106.65326266831877,42,42,1.0
2025-11-22 19:15:32,Xa lo Ha Noi,QL1A,10.94927106740351,106.87196348224562,30,41,1.0
2025-11-22 19:15:33,Duong Dien Bien Phu,Quan 1,10.78866360854368,106.69551372228901,35,42,1.0
2025-11-22 19:15:34,Nga tu Hang Xanh,Binh Thanh,10.801406421807085,106.71148440879679,35,42,1.0
2025-11-22 19:15:35,Nga tu An Suong,Hoc Mon,10.843150534972033,106.6151343241409,24,35,1.0
2025-11-22 19:15:47,Ben xe Mien Dong,Quan 9,10.880537767027526,106.81481342866444,47,52,1.0
2025-11-22 19:15:59,Ben xe Mien Tay,Binh Tan,10.740840166521663,106.61899246873142,28,35,1.0
2025-11-22 19:16:00,Cau Sai Gon,Quan 2 ,10.798986343749618,106.72697056646841,45,45,1.0
2025-11-22 19:16:00,Cau Phu My,Q2,10.741860769464234,106.73790365482627,45,45,1.0
2025-11-22 19:16:01,Cau Kenh Te,Q4,10.752408891679814,106.7022703818112,23,34,1.0
2025-11-22 19:16:02,Cau Thu Thiem,Quan 2,10.786216596454727,106.71836665482695,30,40,1.0
2025-11-22 19:16:03,Nguyen Huu Canh,Binh Thanh,10.78948793356203,106.71518838181179,36,36,1.0
2025-11-22 19:16:11,Cong Hoa,Tan Binh,10.80223925742187,106.6478722259914,27,40,1.0
2025-11-22 19:16:11,Truong Son / Tan Son Nhat Blvd,Gan san bay,10.813928881466124,106.66511432455972,23,34,0.998948
2025-11-22 19:16:12,Nguyen Trai,Quan 5,10.755608615763382,106.67347943578082,16,28,1.0
2025-11-22 19:16:13,Le Duan,Quan 1,10.782680856341083,106.70051548181169,15,30,1.0
2025-11-22 19:16:23,Tran Hung Dao ,Quan 5,10.754895139302109,106.67839188181134,21,32,1.0
2025-11-22 19:16:23,Tran Quoc Thao,Quan 3,10.785070445194592,106.68331340921323,13,28,1.0
2025-11-22 19:16:24,Tran Hung Dao,Quan 5,10.7549373008113,106.67848844133415,21,32,1.0
2025-11-22 19:16:25,Cach Mang Thang 8 (CMT8),Quan 3,10.77898143649726,106.67684447140958,22,35,1.0
2025-11-22 19:16:26,Pham Ngu Lao / Bui Vien,Quan 1,10.767112828386699,106.6927618222887,7,19,1.0
2025-11-22 19:16:27,Nguyen Thi Minh Khai,Quan 3,10.77847212665258,106.69389510879643,29,41,1.0
2025-11-22 19:16:35,Nguyen Van Troi,Phu Nhuan,10.796057790235078,106.67492629345334,23,34,0.998661
2025-11-22 19:16:36,Pham Van Dong,Go Vap,10.835298215641501,106.72935479345391,30,42,0.998664
2025-11-22 19:16:37,Cong truong lam son,Quan 1,10.777562007197462,106.7041335430398,16,30,1.0
2025-11-22 19:16:38,Nguyen Oanh ,Go Vap,10.83886351241477,106.67566625482782,26,35,1.0
2025-11-22 19:16:39,Le Hong Phong,Quan 10,10.765187049751795,106.67550552599073,25,35,1.0
2025-11-22 19:16:46,Nguyen Van Cu,Quan 5,10.759484371982321,106.6840537511244,14,26,1.0
2025-11-22 19:16:47,Nga tu Binh Phuoc,Ngoai o,10.865229381280965,106.72366973948475,34,49,1.0
2025-11-22 19:16:48,Phu My Hung ,Quan 7,10.72279213640514,106.72808623948244,22,37,0.998475
2025-11-22 19:16:49,Nguyen Thai Son,Phu Nhuan,10.823400120373712,106.68551227436063,20,32,1.0
2025-11-22 19:16:50,An Duong Vuong,Quan 8,10.756158554057757,106.66631758181126,20,29,1.0
2025-11-22 19:16:51,Huynh Tan Phat,Nha Be,10.7144382088356,106.73711688366167,22,35,1.0
2025-11-22 19:16:58,Truong Chinh,Tan Binh ,10.817236653231737,106.63191539530457,25,35,1.0
2025-11-22 19:19:10,Cho Ben Thanh,Quan 1,10.772727584493625,106.69804225297563,11,24,0.96185
2025-11-22 19:19:11,Duong Nguyen Hue,Quan 1,10.774028664434528,106.70357076461706,10,27,0.95
2025-11-22 19:19:12,Nguyen Van Linh,Quan 7,10.752616652291238,106.72509685338922,34,40,1.0
2025-11-22 19:19:13,Vo Van Kiet,Quan 5,10.745754766198267,106.65326266831877,42,42,1.0
2025-11-22 19:19:14,Xa lo Ha Noi,QL1A,10.94927106740351,106.87196348224562,34,41,1.0
2025-11-22 19:19:14,Duong Dien Bien Phu,Quan 1,10.78866360854368,106.69551372228901,34,42,1.0
2025-11-22 19:19:22,Nga tu Hang Xanh,Binh Thanh,10.801406421807085,106.71148440879679,34,42,1.0
2025-11-22 19:19:34,Nga tu An Suong,Hoc Mon,10.843150534972033,106.6151343241409,25,35,1.0
2025-11-22 19:19:35,Ben xe Mien Dong,Quan 9,10.880537767027526,106.81481342866444,48,53,1.0
2025-11-22 19:19:36,Ben xe Mien Tay,Binh Tan,10.740840166521663,106.61899246873142,27,35,1.0
2025-11-22 19:19:37,Cau Sai Gon,Quan 2 ,10.798986343749618,106.72697056646841,45,45,1.0
2025-11-22 19:19:38,Cau Phu My,Q2,10.741860769464234,106.73790365482627,45,45,1.0
2025-11-22 19:19:38,Cau Kenh Te,Q4,10.752408891679814,106.7022703818112,22,33,1.0
2025-11-22 19:19:46,Cau Thu Thiem,Quan 2,10.786216596454727,106.71836665482695,33,40,1.0
2025-11-22 19:19:47,Nguyen Huu Canh,Binh Thanh,10.78948793356203,106.71518838181179,36,36,1.0
2025-11-22 19:19:48,Cong Hoa,Tan Binh,10.80223925742187,106.6478722259914,29,40,1.0
2025-11-22 19:19:49,Truong Son / Tan Son Nhat Blvd,Gan san bay,10.813928881466124,106.66511432455972,23,34,0.999138
2025-11-22 19:19:50,Nguyen Trai,Quan 5,10.755608615763382,106.67347943578082,16,27,1.0
2025-11-22 19:19:50,Le Duan,Quan 1,10.782680856341083,106.70051548181169,16,30,1.0
2025-11-22 19:19:58,Tran Hung Dao ,Quan 5,10.754895139302109,106.67839188181134,21,33,1.0
2025-11-22 19:19:59,Tran Quoc Thao,Quan 3,10.785070445194592,106.68331340921323,14,28,1.0
2025-11-22 19:20:00,Tran Hung Dao,Quan 5,10.7549373008113,106.67848844133415,21,33,1.0
2025-11-22 19:20:00,Cach Mang Thang 8 (CMT8),Quan 3,10.77898143649726,106.67684447140958,22,35,1.0
2025-11-22 19:20:01,Pham Ngu Lao / Bui Vien,Quan 1,10.767112828386699,106.6927618222887,10,19,1.0
2025-11-22 19:20:02,Nguyen Thi Minh Khai,Quan 3,10.77847212665258,106.69389510879643,29,41,1.0
2025-11-22 19:20:10,Nguyen Van Troi,Phu Nhuan,10.796057790235078,106.67492629345334,23,34,0.999138
2025-11-22 19:20:11,Pham Van Dong,Go Vap,10.835298215641501,106.72935479345391,30,42,0.998014
2025-11-22 19:20:11,Cong truong lam son,Quan 1,10.777562007197462,106.7041335430398,16,30,1.0
2025-11-22 19:20:12,Nguyen Oanh ,Go Vap,10.83886351241477,106.67566625482782,27,36,1.0
2025-11-22 19:20:13,Le Hong Phong,Quan 10,10.765187049751795,106.67550552599073,20,35,1.0
2025-11-22 19:20:14,Nguyen Van Cu,Quan 5,10.759484371982321,106.6840537511244,16,27,1.0
2025-11-22 19:20:22,Nga tu Binh Phuoc,Ngoai o,10.865229381280965,106.72366973948475,32,49,1.0
2025-11-22 19:20:23,Phu My Hung ,Quan 7,10.72279213640514,106.72808623948244,22,37,0.998475
2025-11-22 19:20:23,Nguyen Thai Son,Phu Nhuan,10.823400120373712,106.68551227436063,19,30,1.0
2025-11-22 19:20:24,An Duong Vuong,Quan 8,10.756158554057757,106.66631758181126,23,30,1.0
2025-11-22 19:20:25,Huynh Tan Phat,Nha Be,10.7144382088356,106.73711688366167,22,35,1.0
2025-11-22 19:20:26,Truong Chinh,Tan Binh ,10.817236653231737,106.63191539530457,25,35,1.0
2025-11-22 19:22:38,Cho Ben Thanh,Quan 1,10.772727584493625,106.69804225297563,13,24,0.963444
2025-11-22 19:22:39,Duong Nguyen Hue,Quan 1,10.774028664434528,106.70357076461706,11,29,0.95
2025-11-22 19:22:40,Nguyen Van Linh,Quan 7,10.752616652291238,106.72509685338922,39,39,1.0
2025-11-22 19:22:41,Vo Van Kiet,Quan 5,10.745754766198267,106.65326266831877,36,43,1.0
2025-11-22 19:22:41,Xa lo Ha Noi,QL1A,10.94927106740351,106.87196348224562,30,41,1.0
2025-11-22 19:22:42,Duong Dien Bien Phu,Quan 1,10.78866360854368,106.69551372228901,34,41,1.0
2025-11-22 19:22:43,Nga tu Hang Xanh,Binh Thanh,10.801406421807085,106.71148440879679,34,41,1.0
2025-11-22 19:22:44,Nga tu An Suong,Hoc Mon,10.843150534972033,106.6151343241409,24,35,1.0
2025-11-22 19:22:45,Ben xe Mien Dong,Quan 9,10.880537767027526,106.81481342866444,46,53,1.0
2025-11-22 19:22:46,Ben xe Mien Tay,Binh Tan,10.740840166521663,106.61899246873142,27,35,1.0
2025-11-22 19:22:53,Cau Sai Gon,Quan 2 ,10.798986343749618,106.72697056646841,45,45,1.0
2025-11-22 19:23:05,Cau Phu My,Q2,10.741860769464234,106.73790365482627,45,45,1.0
2025-11-22 19:23:05,Cau Kenh Te,Q4,10.752408891679814,106.7022703818112,24,34,1.0
2025-11-22 19:23:06,Cau Thu Thiem,Quan 2,10.786216596454727,106.71836665482695,40,40,1.0
2025-11-22 19:23:07,Nguyen Huu Canh,Binh Thanh,10.78948793356203,106.71518838181179,36,36,1.0
2025-11-22 19:23:08,Cong Hoa,Tan Binh,10.80223925742187,106.6478722259914,28,41,1.0
2025-11-22 19:23:09,Truong Son / Tan Son Nhat Blvd,Gan san bay,10.813928881466124,106.66511432455972,23,34,0.998406
2025-11-22 19:23:21,Nguyen Trai,Quan 5,10.755608615763382,106.67347943578082,17,28,1.0
2025-11-22 19:23:33,Le Duan,Quan 1,10.782680856341083,106.70051548181169,16,30,1.0
2025-11-22 19:23:45,Tran Hung Dao ,Quan 5,10.754895139302109,106.67839188181134,21,33,1.0
2025-11-22 19:23:46,Tran Quoc Thao,Quan 3,10.785070445194592,106.68331340921323,14,27,1.0
2025-11-22 19:23:46,Tran Hung Dao,Quan 5,10.7549373008113,106.67848844133415,21,33,1.0
2025-11-22 19:23:47,Cach Mang Thang 8 (CMT8),Quan 3,10.77898143649726,106.67684447140958,23,34,1.0
2025-11-22 19:23:48,Pham Ngu Lao / Bui Vien,Quan 1,10.767112828386699,106.6927618222887,8,19,1.0
2025-11-22 19:23:49,Nguyen Thi Minh Khai,Quan 3,10.77847212665258,106.69389510879643,29,41,1.0
2025-11-22 19:23:50,Nguyen Van Troi,Phu Nhuan,10.796057790235078,106.67492629345334,22,34,0.998406
2025-11-22 19:23:51,Pham Van Dong,Go Vap,10.835298215641501,106.72935479345391,32,42,0.998016
2025-11-22 19:23:51,Cong truong lam son,Quan 1,10.777562007197462,106.7041335430398,16,30,1.0
2025-11-22 19:23:52,Nguyen Oanh ,Go Vap,10.83886351241477,106.67566625482782,27,36,1.0
2025-11-22 19:23:53,Le Hong Phong,Quan 10,10.765187049751795,106.67550552599073,17,36,1.0
2025-11-22 19:23:54,Nguyen Van Cu,Quan 5,10.759484371982321,106.6840537511244,17,27,1.0
2025-11-22 19:24:06,Nga tu Binh Phuoc,Ngoai o,10.865229381280965,106.72366973948475,33,49,1.0
2025-11-22 19:24:18,Phu My Hung ,Quan 7,10.72279213640514,106.72808623948244,23,37,0.998475
2025-11-22 19:24:19,Nguyen Thai Son,Phu Nhuan,10.823400120373712,106.68551227436063,18,31,1.0
2025-11-22 19:24:20,An Duong Vuong,Quan 8,10.756158554057757,106.66631758181126,22,29,1.0
2025-11-22 19:24:21,Huynh Tan Phat,Nha Be,10.7144382088356,106.73711688366167,22,35,1.0
2025-11-22 19:24:21,Truong Chinh,Tan Binh ,10.817236653231737,106.63191539530457,25,35,1.0
2025-11-22 19:26:33,Cho Ben Thanh,Quan 1,10.772727584493625,106.69804225297563,11,24,0.960974
2025-11-22 19:26:34,Duong Nguyen Hue,Quan 1,10.774028664434528,106.70357076461706,10,27,0.94
2025-11-22 19:26:35,Nguyen Van Linh,Quan 7,10.752616652291238,106.72509685338922,39,39,1.0
2025-11-22 19:26:36,Vo Van Kiet,Quan 5,10.745754766198267,106.65326266831877,35,42,1.0
2025-11-22 19:26:37,Xa lo Ha Noi,QL1A,10.94927106740351,106.87196348224562,31,42,1.0
2025-11-22 19:26:38,Duong Dien Bien Phu,Quan 1,10.78866360854368,106.69551372228901,33,42,1.0
2025-11-22 19:26:45,Nga tu Hang Xanh,Binh Thanh,10.801406421807085,106.71148440879679,33,41,1.0
2025-11-22 19:26:57,Nga tu An Suong,Hoc Mon,10.843150534972033,106.6151343241409,25,35,1.0
2025-11-22 19:27:09,Ben xe Mien Dong,Quan 9,10.880537767027526,106.81481342866444,46,53,1.0
2025-11-22 19:27:21,Ben xe Mien Tay,Binh Tan,10.740840166521663,106.61899246873142,28,35,1.0
2025-11-22 19:27:22,Cau Sai Gon,Quan 2 ,10.798986343749618,106.72697056646841,45,45,1.0
2025-11-22 19:27:23,Cau Phu My,Q2,10.741860769464234,106.73790365482627,45,45,1.0
2025-11-22 19:27:24,Cau Kenh Te,Q4,10.752408891679814,106.7022703818112,24,33,1.0
2025-11-22 19:27:24,Cau Thu Thiem,Quan 2,10.786216596454727,106.71836665482695,40,40,1.0
2025-11-22 19:27:25,Nguyen Huu Canh,Binh Thanh,10.78948793356203,106.71518838181179,36,36,1.0
2025-11-22 19:27:26,Cong Hoa,Tan Binh,10.80223925742187,106.6478722259914,29,41,1.0
2025-11-22 19:27:38,Truong Son / Tan Son Nhat Blvd,Gan san bay,10.813928881466124,106.66511432455972,22,33,0.998405
2025-11-22 19:27:50,Nguyen Trai,Quan 5,10.755608615763382,106.67347943578082,17,28,1.0
2025-11-22 19:28:02,Le Duan,Quan 1,10.782680856341083,106.70051548181169,17,31,1.0
2025-11-22 19:28:14,Tran Hung Dao ,Quan 5,10.754895139302109,106.67839188181134,20,32,1.0
2025-11-22 19:28:26,Tran Quoc Thao,Quan 3,10.785070445194592,106.68331340921323,13,27,1.0
2025-11-22 19:28:27,Tran Hung Dao,Quan 5,10.7549373008113,106.67848844133415,21,33,1.0
2025-11-22 19:28:27,Cach Mang Thang 8 (CMT8),Quan 3,10.77898143649726,106.67684447140958,23,34,1.0
2025-11-22 19:28:28,Pham Ngu Lao / Bui Vien,Quan 1,10.767112828386699,106.6927618222887,9,20,1.0
2025-11-22 19:28:29,Nguyen Thi Minh Khai,Quan 3,10.77847212665258,106.69389510879643,29,41,1.0
2025-11-22 19:28:30,Nguyen Van Troi,Phu Nhuan,10.796057790235078,106.67492629345334,22,34,0.998667
2025-11-22 19:28:38,Pham Van Dong,Go Vap,10.835298215641501,106.72935479345391,31,42,0.998014
2025-11-22 19:28:39,Cong truong lam son,Quan 1,10.777562007197462,106.7041335430398,17,30,1.0
2025-11-22 19:28:40,Nguyen Oanh ,Go Vap,10.83886351241477,106.67566625482782,26,36,1.0
2025-11-22 19:28:40,Le Hong Phong,Quan 10,10.765187049751795,106.67550552599073,22,36,1.0
2025-11-22 19:28:41,Nguyen Van Cu,Quan 5,10.759484371982321,106.6840537511244,16,28,1.0
2025-11-22 19:28:42,Nga tu Binh Phuoc,Ngoai o,10.865229381280965,106.72366973948475,33,49,1.0
2025-11-22 19:28:50,Phu My Hung ,Quan 7,10.72279213640514,106.72808623948244,22,37,0.99695
2025-11-22 19:28:51,Nguyen Thai Son,Phu Nhuan,10.823400120373712,106.68551227436063,19,31,1.0
2025-11-22 19:28:52,An Duong Vuong,Quan 8,10.756158554057757,106.66631758181126,21,29,1.0
2025-11-22 19:28:52,Huynh Tan Phat,Nha Be,10.7144382088356,106.73711688366167,23,35,1.0
2025-11-22 19:28:53,Truong Chinh,Tan Binh ,10.817236653231737,106.63191539530457,25,35,1.0
2025-11-22 19:31:05,Cho Ben Thanh,Quan 1,10.772727584493625,106.69804225297563,10,24,0.960615
2025-11-22 19:31:06,Duong Nguyen Hue,Quan 1,10.774028664434528,106.70357076461706,13,29,0.92
2025-11-22 19:31:07,Nguyen Van Linh,Quan 7,10.752616652291238,106.72509685338922,39,39,1.0
2025-11-22 19:31:08,Vo Van Kiet,Quan 5,10.745754766198267,106.65326266831877,42,42,1.0
2025-11-22 19:31:09,Xa lo Ha Noi,QL1A,10.94927106740351,106.87196348224562,28,41,1.0
2025-11-22 19:31:10,Duong Dien Bien Phu,Quan 1,10.78866360854368,106.69551372228901,35,41,1.0
2025-11-22 19:31:17,Nga tu Hang Xanh,Binh Thanh,10.801406421807085,106.71148440879679,34,42,1.0
2025-11-22 19:31:29,Nga tu An Suong,Hoc Mon,10.843150534972033,106.6151343241409,26,35,1.0
2025-11-22 19:31:30,Ben xe Mien Dong,Quan 9,10.880537767027526,106.81481342866444,46,53,1.0
2025-11-22 19:31:31,Ben xe Mien Tay,Binh Tan,10.740840166521663,106.61899246873142,25,35,1.0
2025-11-22 19:31:32,Cau Sai Gon,Quan 2 ,10.798986343749618,106.72697056646841,45,45,1.0
2025-11-22 19:31:33,Cau Phu My,Q2,10.741860769464234,106.73790365482627,45,45,1.0
2025-11-22 19:31:34,Cau Kenh Te,Q4,10.752408891679814,106.7022703818112,23,34,1.0
2025-11-22 19:31:35,Cau Thu Thiem,Quan 2,10.786216596454727,106.71836665482695,40,40,1.0
2025-11-22 19:31:35,Nguyen Huu Canh,Binh Thanh,10.78948793356203,106.71518838181179,36,36,1.0
2025-11-22 19:31:36,Cong Hoa,Tan Binh,10.80223925742187,106.6478722259914,30,40,1.0
2025-11-22 19:31:37,Truong Son / Tan Son Nhat Blvd,Gan san bay,10.813928881466124,106.66511432455972,22,33,0.998691
2025-11-22 19:31:38,Nguyen Trai,Quan 5,10.755608615763382,106.67347943578082,17,27,1.0
2025-11-22 19:31:39,Le Duan,Quan 1,10.782680856341083,106.70051548181169,17,30,1.0
2025-11-22 19:31:40,Tran Hung Dao ,Quan 5,10.754895139302109,106.67839188181134,20,32,1.0
2025-11-22 19:31:40,Tran Quoc Thao,Quan 3,10.785070445194592,106.68331340921323,14,27,1.0
2025-11-22 19:31:41,Tran Hung Dao,Quan 5,10.7549373008113,106.67848844133415,20,32,1.0
2025-11-22 19:31:42,Cach Mang Thang 8 (CMT8),Quan 3,10.77898143649726,106.67684447140958,22,34,1.0
2025-11-22 19:31:43,Pham Ngu Lao / Bui Vien,Quan 1,10.767112828386699,106.6927618222887,10,21,1.0
2025-11-22 19:31:44,Nguyen Thi Minh Khai,Quan 3,10.77847212665258,106.69389510879643,29,42,1.0
2025-11-22 19:31:45,Nguyen Van Troi,Phu Nhuan,10.796057790235078,106.67492629345334,22,33,0.998691
2025-11-22 19:31:46,Pham Van Dong,Go Vap,10.835298215641501,106.72935479345391,32,42,0.996928
2025-11-22 19:31:58,Cong truong lam son,Quan 1,10.777562007197462,106.7041335430398,17,30,1.0
2025-11-22 19:32:09,Nguyen Oanh ,Go Vap,10.83886351241477,106.67566625482782,26,36,1.0
2025-11-22 19:32:10,Le Hong Phong,Quan 10,10.765187049751795,106.67550552599073,22,35,1.0
2025-11-22 19:32:11,Nguyen Van Cu,Quan 5,10.759484371982321,106.6840537511244,17,27,1.0
2025-11-22 19:32:12,Nga tu Binh Phuoc,Ngoai o,10.865229381280965,106.72366973948475,32,49,1.0
2025-11-22 19:32:13,Phu My Hung ,Quan 7,10.72279213640514,106.72808623948244,23,37,0.996023
2025-11-22 19:32:14,Nguyen Thai Son,Phu Nhuan,10.823400120373712,106.68551227436063,20,31,1.0
2025-11-22 19:32:21,An Duong Vuong,Quan 8,10.756158554057757,106.66631758181126,21,29,1.0
2025-11-22 19:32:22,Huynh Tan Phat,Nha Be,10.7144382088356,106.73711688366167,21,35,1.0
2025-11-22 19:32:23,Truong Chinh,Tan Binh ,10.817236653231737,106.63191539530457,27,35,1.0
2025-11-22 19:34:35,Cho Ben Thanh,Quan 1,10.772727584493625,106.69804225297563,11,24,0.960615
2025-11-22 19:34:47,Duong Nguyen Hue,Quan 1,10.774028664434528,106.70357076461706,13,29,0.92
2025-11-22 19:34:59,Nguyen Van Linh,Quan 7,10.752616652291238,106.72509685338922,39,39,1.0
2025-11-22 19:35:00,Vo Van Kiet,Quan 5,10.745754766198267,106.65326266831877,35,42,1.0
2025-11-22 19:35:01,Xa lo Ha Noi,QL1A,10.94927106740351,106.87196348224562,28,41,1.0
2025-11-22 19:35:01,Duong Dien Bien Phu,Quan 1,10.78866360854368,106.69551372228901,34,42,1.0
2025-11-22 19:35:02,Nga tu Hang Xanh,Binh Thanh,10.801406421807085,106.71148440879679,34,42,1.0
2025-11-22 19:35:03,Nga tu An Suong,Hoc Mon,10.843150534972033,106.6151343241409,26,35,1.0
2025-11-22 19:35:11,Ben xe Mien Dong,Quan 9,10.880537767027526,106.81481342866444,53,53,1.0
2025-11-22 19:35:23,Ben xe Mien Tay,Binh Tan,10.740840166521663,106.61899246873142,27,34,1.0
2025-11-22 19:35:23,Cau Sai Gon,Quan 2 ,10.798986343749618,106.72697056646841,45,45,1.0
2025-11-22 19:35:24,Cau Phu My,Q2,10.741860769464234,106.73790365482627,45,45,1.0
2025-11-22 19:35:25,Cau Kenh Te,Q4,10.752408891679814,106.7022703818112,23,33,1.0
2025-11-22 19:35:26,Cau Thu Thiem,Quan 2,10.786216596454727,106.71836665482695,40,40,1.0
2025-11-22 19:35:27,Nguyen Huu Canh,Binh Thanh,10.78948793356203,106.71518838181179,36,36,1.0
2025-11-22 19:35:28,Cong Hoa,Tan Binh,10.80223925742187,106.6478722259914,30,40,1.0
2025-11-22 19:35:35,Truong Son / Tan Son Nhat Blvd,Gan san bay,10.813928881466124,106.66511432455972,21,33,0.998979
2025-11-22 19:35:35,Nguyen Trai,Quan 5,10.755608615763382,106.67347943578082,15,28,1.0
2025-11-22 19:35:36,Le Duan,Quan 1,10.782680856341083,106.70051548181169,17,30,1.0
2025-11-22 19:35:37,Tran Hung Dao ,Quan 5,10.754895139302109,106.67839188181134,21,32,1.0
2025-11-22 19:35:38,Tran Quoc Thao,Quan 3,10.785070445194592,106.68331340921323,11,28,1.0
2025-11-22 19:35:39,Tran Hung Dao,Quan 5,10.7549373008113,106.67848844133415,21,32,1.0
2025-11-22 19:35:46,Cach Mang Thang 8 (CMT8),Quan 3,10.77898143649726,106.67684447140958,23,34,1.0
2025-11-22 19:35:48,Pham Ngu Lao / Bui Vien,Quan 1,10.767112828386699,106.6927618222887,10,19,1.0
2025-11-22 19:35:48,Nguyen Thi Minh Khai,Quan 3,10.77847212665258,106.69389510879643,29,42,1.0
2025-11-22 19:35:49,Nguyen Van Troi,Phu Nhuan,10.796057790235078,106.67492629345334,22,34,0.997456
2025-11-22 19:35:50,Pham Van Dong,Go Vap,10.835298215641501,106.72935479345391,32,42,0.997416
2025-11-22 19:35:51,Cong truong lam son,Quan 1,10.777562007197462,106.7041335430398,16,30,1.0
2025-11-22 19:35:52,Nguyen Oanh ,Go Vap,10.83886351241477,106.67566625482782,27,36,1.0
2025-11-22 19:35:53,Le Hong Phong,Quan 10,10.765187049751795,106.67550552599073,21,36,1.0
2025-11-22 19:35:53,Nguyen Van Cu,Quan 5,10.759484371982321,106.6840537511244,16,28,1.0
2025-11-22 19:35:54,Nga tu Binh Phuoc,Ngoai o,10.865229381280965,106.72366973948475,34,49,1.0
2025-11-22 19:35:55,Phu My Hung ,Quan 7,10.72279213640514,106.72808623948244,22,37,0.996179
2025-11-22 19:35:58,Nguyen Thai Son,Phu Nhuan,10.823400120373712,106.68551227436063,18,31,1.0
2025-11-22 19:35:59,An Duong Vuong,Quan 8,10.756158554057757,106.66631758181126,21,29,1.0
2025-11-22 19:36:00,Huynh Tan Phat,Nha Be,10.7144382088356,106.73711688366167,23,35,1.0
2025-11-22 19:36:01,Truong Chinh,Tan Binh ,10.817236653231737,106.63191539530457,25,35,1.0
2025-11-22 19:38:13,Cho Ben Thanh,Quan 1,10.772727584493625,106.69804225297563,9,23,0.957495
2025-11-22 19:38:14,Duong Nguyen Hue,Quan 1,10.774028664434528,106.70357076461706,14,29,0.9
2025-11-22 19:38:15,Nguyen Van Linh,Quan 7,10.752616652291238,106.72509685338922,39,39,1.0
2025-11-22 19:38:16,Vo Van Kiet,Quan 5,10.745754766198267,106.65326266831877,36,42,1.0
2025-11-22 19:38:25,Xa lo Ha Noi,QL1A,10.94927106740351,106.87196348224562,32,42,1.0
2025-11-22 19:38:26,Duong Dien Bien Phu,Quan 1,10.78866360854368,106.69551372228901,33,42,1.0
2025-11-22 19:38:26,Nga tu Hang Xanh,Binh Thanh,10.801406421807085,106.71148440879679,33,42,1.0
2025-11-22 19:38:27,Nga tu An Suong,Hoc Mon,10.843150534972033,106.6151343241409,25,35,1.0
2025-11-22 19:38:28,Ben xe Mien Dong,Quan 9,10.880537767027526,106.81481342866444,53,53,1.0
2025-11-22 19:38:29,Ben xe Mien Tay,Binh Tan,10.740840166521663,106.61899246873142,28,35,1.0
2025-11-22 19:38:37,Cau Sai Gon,Quan 2 ,10.798986343749618,106.72697056646841,45,45,1.0
2025-11-22 19:38:38,Cau Phu My,Q2,10.741860769464234,106.73790365482627,45,45,1.0
2025-11-22 19:38:38,Cau Kenh Te,Q4,10.752408891679814,106.7022703818112,26,32,1.0
2025-11-22 19:38:39,Cau Thu Thiem,Quan 2,10.786216596454727,106.71836665482695,40,40,1.0
2025-11-22 19:38:40,Nguyen Huu Canh,Binh Thanh,10.78948793356203,106.71518838181179,36,36,1.0
2025-11-22 19:38:41,Cong Hoa,Tan Binh,10.80223925742187,106.6478722259914,28,41,1.0
2025-11-22 19:38:49,Truong Son / Tan Son Nhat Blvd,Gan san bay,10.813928881466124,106.66511432455972,23,34,0.99818
2025-11-22 19:38:50,Nguyen Trai,Quan 5,10.755608615763382,106.67347943578082,17,27,1.0
2025-11-22 19:38:50,Le Duan,Quan 1,10.782680856341083,106.70051548181169,16,30,1.0
2025-11-22 19:38:51,Tran Hung Dao ,Quan 5,10.754895139302109,106.67839188181134,20,32,1.0
2025-11-22 19:38:52,Tran Quoc Thao,Quan 3,10.785070445194592,106.68331340921323,12,28,1.0
2025-11-22 19:38:53,Tran Hung Dao,Quan 5,10.7549373008113,106.67848844133415,20,32,1.0
2025-11-22 19:39:01,Cach Mang Thang 8 (CMT8),Quan 3,10.77898143649726,106.67684447140958,23,34,1.0
2025-11-22 19:39:02,Pham Ngu Lao / Bui Vien,Quan 1,10.767112828386699,106.6927618222887,10,20,1.0
2025-11-22 19:39:02,Nguyen Thi Minh Khai,Quan 3,10.77847212665258,106.69389510879643,30,42,1.0
2025-11-22 19:39:03,Nguyen Van Troi,Phu Nhuan,10.796057790235078,106.67492629345334,23,34,0.99818
2025-11-22 19:39:04,Pham Van Dong,Go Vap,10.835298215641501,106.72935479345391,33,42,0.996476
2025-11-22 19:39:05,Cong truong lam son,Quan 1,10.777562007197462,106.7041335430398,16,30,1.0
2025-11-22 19:39:13,Nguyen Oanh ,Go Vap,10.83886351241477,106.67566625482782,27,36,1.0
2025-11-22 19:39:14,Le Hong Phong,Quan 10,10.765187049751795,106.67550552599073,25,35,1.0
2025-11-22 19:39:14,Nguyen Van Cu,Quan 5,10.759484371982321,106.6840537511244,17,27,1.0
2025-11-22 19:39:15,Nga tu Binh Phuoc,Ngoai o,10.865229381280965,106.72366973948475,33,49,1.0
2025-11-22 19:39:16,Phu My Hung ,Quan 7,10.72279213640514,106.72808623948244,22,37,0.995105
2025-11-22 19:39:17,Nguyen Thai Son,Phu Nhuan,10.823400120373712,106.68551227436063,18,32,1.0
2025-11-22 19:39:24,An Duong Vuong,Quan 8,10.756158554057757,106.66631758181126,21,28,1.0
2025-11-22 19:39:25,Huynh Tan Phat,Nha Be,10.7144382088356,106.73711688366167,22,35,1.0
2025-11-22 19:39:26,Truong Chinh,Tan Binh ,10.817236653231737,106.63191539530457,25,35,1.0
2025-11-22 19:41:38,Cho Ben Thanh,Quan 1,10.772727584493625,106.69804225297563,12,23,0.962434
2025-11-22 19:41:39,Duong Nguyen Hue,Quan 1,10.774028664434528,106.70357076461706,14,29,0.84
2025-11-22 19:41:40,Nguyen Van Linh,Quan 7,10.752616652291238,106.72509685338922,33,39,1.0
2025-11-22 19:41:41,Vo Van Kiet,Quan 5,10.745754766198267,106.65326266831877,42,42,1.0
2025-11-22 19:41:41,Xa lo Ha Noi,QL1A,10.94927106740351,106.87196348224562,30,41,1.0
2025-11-22 19:41:42,Duong Dien Bien Phu,Quan 1,10.78866360854368,106.69551372228901,34,41,1.0
2025-11-22 19:41:43,Nga tu Hang Xanh,Binh Thanh,10.801406421807085,106.71148440879679,34,41,1.0
2025-11-22 19:41:44,Nga tu An Suong,Hoc Mon,10.843150534972033,106.6151343241409,25,35,1.0
2025-11-22 19:41:45,Ben xe Mien Dong,Quan 9,10.880537767027526,106.81481342866444,53,53,1.0
2025-11-22 19:41:46,Ben xe Mien Tay,Binh Tan,10.740840166521663,106.61899246873142,28,35,1.0
2025-11-22 19:41:58,Cau Sai Gon,Quan 2 ,10.798986343749618,106.72697056646841,36,45,1.0
2025-11-22 19:42:09,Cau Phu My,Q2,10.741860769464234,106.73790365482627,45,45,1.0
2025-11-22 19:42:21,Cau Kenh Te,Q4,10.752408891679814,106.7022703818112,25,33,1.0
2025-11-22 19:42:33,Cau Thu Thiem,Quan 2,10.786216596454727,106.71836665482695,34,40,1.0
2025-11-22 19:42:34,Nguyen Huu Canh,Binh Thanh,10.78948793356203,106.71518838181179,36,36,1.0
2025-11-22 19:42:35,Cong Hoa,Tan Binh,10.80223925742187,106.6478722259914,31,41,1.0
2025-11-22 19:42:36,Truong Son / Tan Son Nhat Blvd,Gan san bay,10.813928881466124,106.66511432455972,22,34,0.998981
2025-11-22 19:42:37,Nguyen Trai,Quan 5,10.755608615763382,106.67347943578082,15,27,1.0
2025-11-22 19:42:37,Le Duan,Quan 1,10.782680856341083,106.70051548181169,17,30,1.0
2025-11-22 19:42:38,Tran Hung Dao ,Quan 5,10.754895139302109,106.67839188181134,21,32,1.0
2025-11-22 19:42:50,Tran Quoc Thao,Quan 3,10.785070445194592,106.68331340921323,15,26,1.0
2025-11-22 19:42:51,Tran Hung Dao,Quan 5,10.7549373008113,106.67848844133415,22,32,1.0
2025-11-22 19:42:52,Cach Mang Thang 8 (CMT8),Quan 3,10.77898143649726,106.67684447140958,22,34,1.0
2025-11-22 19:42:53,Pham Ngu Lao / Bui Vien,Quan 1,10.767112828386699,106.6927618222887,11,20,1.0
2025-11-22 19:42:54,Nguyen Thi Minh Khai,Quan 3,10.77847212665258,106.69389510879643,30,41,1.0
2025-11-22 19:42:54,Nguyen Van Troi,Phu Nhuan,10.796057790235078,106.67492629345334,22,34,0.998772
2025-11-22 19:42:55,Pham Van Dong,Go Vap,10.835298215641501,106.72935479345391,33,42,0.996859
2025-11-22 19:43:02,Cong truong lam son,Quan 1,10.777562007197462,106.7041335430398,18,30,1.0
2025-11-22 19:43:14,Nguyen Oanh ,Go Vap,10.83886351241477,106.67566625482782,26,36,1.0
2025-11-22 19:43:15,Le Hong Phong,Quan 10,10.765187049751795,106.67550552599073,23,35,1.0
2025-11-22 19:43:16,Nguyen Van Cu,Quan 5,10.759484371982321,106.6840537511244,15,26,1.0
2025-11-22 19:43:16,Nga tu Binh Phuoc,Ngoai o,10.865229381280965,106.72366973948475,32,49,1.0
2025-11-22 19:43:17,Phu My Hung ,Quan 7,10.72279213640514,106.72808623948244,23,37,0.997703
2025-11-22 19:43:18,Nguyen Thai Son,Phu Nhuan,10.823400120373712,106.68551227436063,18,31,1.0
2025-11-22 19:43:26,An Duong Vuong,Quan 8,10.756158554057757,106.66631758181126,21,28,1.0
2025-11-22 19:43:27,Huynh Tan Phat,Nha Be,10.7144382088356,106.73711688366167,23,35,1.0
2025-11-22 19:43:28,Truong Chinh,Tan Binh ,10.817236653231737,106.63191539530457,26,35,1.0
2025-11-22 19:45:40,Cho Ben Thanh,Quan 1,10.772727584493625,106.69804225297563,12,24,0.96145
2025-11-22 19:45:41,Duong Nguyen Hue,Quan 1,10.774028664434528,106.70357076461706,14,29,0.89
2025-11-22 19:45:41,Nguyen Van Linh,Quan 7,10.752616652291238,106.72509685338922,39,39,1.0
2025-11-22 19:45:42,Vo Van Kiet,Quan 5,10.745754766198267,106.65326266831877,42,42,1.0
2025-11-22 19:45:43,Xa lo Ha Noi,QL1A,10.94927106740351,106.87196348224562,31,42,1.0
2025-11-22 19:45:44,Duong Dien Bien Phu,Quan 1,10.78866360854368,106.69551372228901,33,41,1.0
2025-11-22 19:45:45,Nga tu Hang Xanh,Binh Thanh,10.801406421807085,106.71148440879679,33,41,1.0
2025-11-22 19:45:45,Nga tu An Suong,Hoc Mon,10.843150534972033,106.6151343241409,25,35,1.0
2025-11-22 19:45:52,Ben xe Mien Dong,Quan 9,10.880537767027526,106.81481342866444,53,53,1.0
2025-11-22 19:46:04,Ben xe Mien Tay,Binh Tan,10.740840166521663,106.61899246873142,34,34,1.0
2025-11-22 19:46:05,Cau Sai Gon,Quan 2 ,10.798986343749618,106.72697056646841,45,45,1.0
2025-11-22 19:46:06,Cau Phu My,Q2,10.741860769464234,106.73790365482627,45,45,1.0
2025-11-22 19:46:07,Cau Kenh Te,Q4,10.752408891679814,106.7022703818112,25,34,1.0
2025-11-22 19:46:08,Cau Thu Thiem,Quan 2,10.786216596454727,106.71836665482695,40,40,1.0
2025-11-22 19:46:09,Nguyen Huu Canh,Binh Thanh,10.78948793356203,106.71518838181179,36,36,1.0
2025-11-22 19:46:16,Cong Hoa,Tan Binh,10.80223925742187,106.6478722259914,31,41,1.0
2025-11-22 19:46:17,Truong Son / Tan Son Nhat Blvd,Gan san bay,10.813928881466124,106.66511432455972,23,33,0.998691
2025-11-22 19:46:18,Nguyen Trai,Quan 5,10.755608615763382,106.67347943578082,15,28,1.0
2025-11-22 19:46:19,Le Duan,Quan 1,10.782680856341083,106.70051548181169,18,30,1.0
2025-11-22 19:46:20,Tran Hung Dao ,Quan 5,10.754895139302109,106.67839188181134,20,32,1.0
2025-11-22 19:46:20,Tran Quoc Thao,Quan 3,10.785070445194592,106.68331340921323,14,28,1.0
2025-11-22 19:46:28,Tran Hung Dao,Quan 5,10.7549373008113,106.67848844133415,20,32,1.0
2025-11-22 19:46:29,Cach Mang Thang 8 (CMT8),Quan 3,10.77898143649726,106.67684447140958,22,34,1.0
2025-11-22 19:46:30,Pham Ngu Lao / Bui Vien,Quan 1,10.767112828386699,106.6927618222887,7,19,1.0
2025-11-22 19:46:31,Nguyen Thi Minh Khai,Quan 3,10.77847212665258,106.69389510879643,29,41,1.0
2025-11-22 19:46:31,Nguyen Van Troi,Phu Nhuan,10.796057790235078,106.67492629345334,23,34,0.999713
2025-11-22 19:46:32,Pham Van Dong,Go Vap,10.835298215641501,106.72935479345391,34,42,0.9955
2025-11-22 19:46:40,Cong truong lam son,Quan 1,10.777562007197462,106.7041335430398,18,30,1.0
2025-11-22 19:46:41,Nguyen Oanh ,Go Vap,10.83886351241477,106.67566625482782,23,35,1.0
2025-11-22 19:46:42,Le Hong Phong,Quan 10,10.765187049751795,106.67550552599073,22,36,1.0
2025-11-22 19:46:43,Nguyen Van Cu,Quan 5,10.759484371982321,106.6840537511244,15,28,1.0
2025-11-22 19:46:46,Nga tu Binh Phuoc,Ngoai o,10.865229381280965,106.72366973948475,33,49,1.0
2025-11-22 19:46:47,Phu My Hung ,Quan 7,10.72279213640514,106.72808623948244,24,37,0.996918
2025-11-22 19:46:48,Nguyen Thai Son,Phu Nhuan,10.823400120373712,106.68551227436063,19,31,1.0
2025-11-22 19:46:49,An Duong Vuong,Quan 8,10.756158554057757,106.66631758181126,22,29,1.0
2025-11-22 19:46:50,Huynh Tan Phat,Nha Be,10.7144382088356,106.73711688366167,22,35,1.0
2025-11-22 19:46:51,Truong Chinh,Tan Binh ,10.817236653231737,106.63191539530457,25,35,1.0
2025-11-22 19:49:02,Cho Ben Thanh,Quan 1,10.772727584493625,106.69804225297563,12,24,0.956994
2025-11-22 19:49:03,Duong Nguyen Hue,Quan 1,10.774028664434528,106.70357076461706,13,28,0.84
2025-11-22 19:49:04,Nguyen Van Linh,Quan 7,10.752616652291238,106.72509685338922,39,39,1.0
2025-11-22 19:49:05,Vo Van Kiet,Quan 5,10.745754766198267,106.65326266831877,42,42,1.0
2025-11-22 19:49:06,Xa lo Ha Noi,QL1A,10.94927106740351,106.87196348224562,30,41,1.0
2025-11-22 19:49:07,Duong Dien Bien Phu,Quan 1,10.78866360854368,106.69551372228901,34,41,1.0
2025-11-22 19:49:08,Nga tu Hang Xanh,Binh Thanh,10.801406421807085,106.71148440879679,34,41,1.0
2025-11-22 19:49:14,Nga tu An Suong,Hoc Mon,10.843150534972033,106.6151343241409,25,34,1.0
2025-11-22 19:49:26,Ben xe Mien Dong,Quan 9,10.880537767027526,106.81481342866444,53,53,1.0
2025-11-22 19:49:27,Ben xe Mien Tay,Binh Tan,10.740840166521663,106.61899246873142,28,35,1.0
2025-11-22 19:49:28,Cau Sai Gon,Quan 2 ,10.798986343749618,106.72697056646841,45,45,1.0
2025-11-22 19:49:29,Cau Phu My,Q2,10.741860769464234,106.73790365482627,45,45,1.0
2025-11-22 19:49:30,Cau Kenh Te,Q4,10.752408891679814,106.7022703818112,21,33,1.0
2025-11-22 19:49:31,Cau Thu Thiem,Quan 2,10.786216596454727,106.71836665482695,40,40,1.0
2025-11-22 19:49:32,Nguyen Huu Canh,Binh Thanh,10.78948793356203,106.71518838181179,36,36,1.0
2025-11-22 19:49:32,Cong Hoa,Tan Binh,10.80223925742187,106.6478722259914,28,41,1.0
2025-11-22 19:49:33,Truong Son / Tan Son Nhat Blvd,Gan san bay,10.813928881466124,106.66511432455972,23,33,1.0
2025-11-22 19:49:34,Nguyen Trai,Quan 5,10.755608615763382,106.67347943578082,15,27,1.0
2025-11-22 19:49:35,Le Duan,Quan 1,10.782680856341083,106.70051548181169,16,29,1.0
2025-11-22 19:49:36,Tran Hung Dao ,Quan 5,10.754895139302109,106.67839188181134,21,33,1.0
2025-11-22 19:49:37,Tran Quoc Thao,Quan 3,10.785070445194592,106.68331340921323,12,27,1.0
2025-11-22 19:49:38,Tran Hung Dao,Quan 5,10.7549373008113,106.67848844133415,21,33,1.0
2025-11-22 19:49:50,Cach Mang Thang 8 (CMT8),Quan 3,10.77898143649726,106.67684447140958,24,35,1.0
2025-11-22 19:49:51,Pham Ngu Lao / Bui Vien,Quan 1,10.767112828386699,106.6927618222887,12,21,1.0
2025-11-22 19:49:52,Nguyen Thi Minh Khai,Quan 3,10.77847212665258,106.69389510879643,30,42,1.0
2025-11-22 19:49:53,Nguyen Van Troi,Phu Nhuan,10.796057790235078,106.67492629345334,23,33,1.0
2025-11-22 19:49:53,Pham Van Dong,Go Vap,10.835298215641501,106.72935479345391,34,42,0.995813
2025-11-22 19:49:54,Cong truong lam son,Quan 1,10.777562007197462,106.7041335430398,16,29,1.0
2025-11-22 19:50:02,Nguyen Oanh ,Go Vap,10.83886351241477,106.67566625482782,28,36,1.0
2025-11-22 19:50:03,Le Hong Phong,Quan 10,10.765187049751795,106.67550552599073,24,36,1.0
2025-11-22 19:50:04,Nguyen Van Cu,Quan 5,10.759484371982321,106.6840537511244,15,27,1.0
2025-11-22 19:50:05,Nga tu Binh Phuoc,Ngoai o,10.865229381280965,106.72366973948475,34,49,1.0
2025-11-22 19:50:05,Phu My Hung ,Quan 7,10.72279213640514,106.72808623948244,24,37,0.996933
2025-11-22 19:50:06,Nguyen Thai Son,Phu Nhuan,10.823400120373712,106.68551227436063,19,32,1.0
2025-11-22 19:50:07,An Duong Vuong,Quan 8,10.756158554057757,106.66631758181126,19,30,1.0
2025-11-22 19:50:14,Huynh Tan Phat,Nha Be,10.7144382088356,106.73711688366167,23,35,1.0
2025-11-22 19:50:15,Truong Chinh,Tan Binh ,10.817236653231737,106.63191539530457,26,35,1.0
2025-11-22 19:52:27,Cho Ben Thanh,Quan 1,10.772727584493625,106.69804225297563,13,24,0.96145
2025-11-22 19:52:28,Duong Nguyen Hue,Quan 1,10.774028664434528,106.70357076461706,13,28,0.89
2025-11-22 19:52:29,Nguyen Van Linh,Quan 7,10.752616652291238,106.72509685338922,39,39,1.0
2025-11-22 19:52:30,Vo Van Kiet,Quan 5,10.745754766198267,106.65326266831877,42,42,1.0
2025-11-22 19:52:30,Xa lo Ha Noi,QL1A,10.94927106740351,106.87196348224562,34,41,1.0
2025-11-22 19:52:31,Duong Dien Bien Phu,Quan 1,10.78866360854368,106.69551372228901,35,41,1.0
2025-11-22 19:52:39,Nga tu Hang Xanh,Binh Thanh,10.801406421807085,106.71148440879679,35,41,1.0
2025-11-22 19:52:40,Nga tu An Suong,Hoc Mon,10.843150534972033,106.6151343241409,26,34,1.0
2025-11-22 19:52:40,Ben xe Mien Dong,Quan 9,10.880537767027526,106.81481342866444,53,53,1.0
2025-11-22 19:52:41,Ben xe Mien Tay,Binh Tan,10.740840166521663,106.61899246873142,34,34,1.0
2025-11-22 19:52:51,Cau Sai Gon,Quan 2 ,10.798986343749618,106.72697056646841,45,45,1.0
2025-11-22 19:52:51,Cau Phu My,Q2,10.741860769464234,106.73790365482627,45,45,1.0
2025-11-22 19:52:52,Cau Kenh Te,Q4,10.752408891679814,106.7022703818112,24,33,1.0
2025-11-22 19:52:53,Cau Thu Thiem,Quan 2,10.786216596454727,106.71836665482695,34,39,1.0
2025-11-22 19:52:54,Nguyen Huu Canh,Binh Thanh,10.78948793356203,106.71518838181179,36,36,1.0
2025-11-22 19:52:55,Cong Hoa,Tan Binh,10.80223925742187,106.6478722259914,27,41,1.0
2025-11-22 19:53:03,Truong Son / Tan Son Nhat Blvd,Gan san bay,10.813928881466124,106.66511432455972,23,33,0.999713
2025-11-22 19:53:15,Nguyen Trai,Quan 5,10.755608615763382,106.67347943578082,15,27,1.0
2025-11-22 19:53:16,Le Duan,Quan 1,10.782680856341083,106.70051548181169,18,30,1.0
2025-11-22 19:53:16,Tran Hung Dao ,Quan 5,10.754895139302109,106.67839188181134,18,32,1.0
2025-11-22 19:53:17,Tran Quoc Thao,Quan 3,10.785070445194592,106.68331340921323,14,27,1.0
2025-11-22 19:53:18,Tran Hung Dao,Quan 5,10.7549373008113,106.67848844133415,18,32,1.0
2025-11-22 19:53:19,Cach Mang Thang 8 (CMT8),Quan 3,10.77898143649726,106.67684447140958,22,34,1.0
2025-11-22 19:53:31,Pham Ngu Lao / Bui Vien,Quan 1,10.767112828386699,106.6927618222887,9,20,1.0
2025-11-22 19:53:43,Nguyen Thi Minh Khai,Quan 3,10.77847212665258,106.69389510879643,29,41,1.0
2025-11-22 19:53:55,Nguyen Van Troi,Phu Nhuan,10.796057790235078,106.67492629345334,23,33,0.999713
2025-11-22 19:54:07,Pham Van Dong,Go Vap,10.835298215641501,106.72935479345391,34,42,0.995181
2025-11-22 19:54:07,Cong truong lam son,Quan 1,10.777562007197462,106.7041335430398,17,30,1.0
2025-11-22 19:54:08,Nguyen Oanh ,Go Vap,10.83886351241477,106.67566625482782,27,36,1.0
2025-11-22 19:54:09,Le Hong Phong,Quan 10,10.765187049751795,106.67550552599073,23,36,1.0
2025-11-22 19:54:10,Nguyen Van Cu,Quan 5,10.759484371982321,106.6840537511244,14,26,1.0
2025-11-22 19:54:11,Nga tu Binh Phuoc,Ngoai o,10.865229381280965,106.72366973948475,33,49,1.0
2025-11-22 19:54:19,Phu My Hung ,Quan 7,10.72279213640514,106.72808623948244,24,37,1.0
2025-11-22 19:54:30,Nguyen Thai Son,Phu Nhuan,10.823400120373712,106.68551227436063,18,31,1.0
2025-11-22 19:54:31,An Duong Vuong,Quan 8,10.756158554057757,106.66631758181126,20,29,1.0
2025-11-22 19:54:32,Huynh Tan Phat,Nha Be,10.7144382088356,106.73711688366167,22,35,1.0
2025-11-22 19:54:33,Truong Chinh,Tan Binh ,10.817236653231737,106.63191539530457,26,35,1.0
2025-11-22 19:56:45,Cho Ben Thanh,Quan 1,10.772727584493625,106.69804225297563,11,23,0.962935
2025-11-22 19:56:46,Duong Nguyen Hue,Quan 1,10.774028664434528,106.70357076461706,13,29,0.89
2025-11-22 19:56:46,Nguyen Van Linh,Quan 7,10.752616652291238,106.72509685338922,39,39,1.0
2025-11-22 19:56:47,Vo Van Kiet,Quan 5,10.745754766198267,106.65326266831877,42,42,1.0
2025-11-22 19:56:48,Xa lo Ha Noi,QL1A,10.94927106740351,106.87196348224562,25,41,1.0
2025-11-22 19:56:49,Duong Dien Bien Phu,Quan 1,10.78866360854368,106.69551372228901,34,41,1.0
2025-11-22 19:56:50,Nga tu Hang Xanh,Binh Thanh,10.801406421807085,106.71148440879679,34,41,1.0
2025-11-22 19:57:02,Nga tu An Suong,Hoc Mon,10.843150534972033,106.6151343241409,25,35,1.0
2025-11-22 19:57:14,Ben xe Mien Dong,Quan 9,10.880537767027526,106.81481342866444,53,53,1.0
2025-11-22 19:57:25,Ben xe Mien Tay,Binh Tan,10.740840166521663,106.61899246873142,27,34,1.0
2025-11-22 19:57:37,Cau Sai Gon,Quan 2 ,10.798986343749618,106.72697056646841,45,45,1.0
2025-11-22 19:57:38,Cau Phu My,Q2,10.741860769464234,106.73790365482627,45,45,1.0
2025-11-22 19:57:39,Cau Kenh Te,Q4,10.752408891679814,106.7022703818112,25,33,1.0
2025-11-22 19:57:40,Cau Thu Thiem,Quan 2,10.786216596454727,106.71836665482695,40,40,1.0
2025-11-22 19:57:41,Nguyen Huu Canh,Binh Thanh,10.78948793356203,106.71518838181179,36,36,1.0
2025-11-22 19:57:42,Cong Hoa,Tan Binh,10.80223925742187,106.6478722259914,27,40,1.0
2025-11-22 19:57:42,Truong Son / Tan Son Nhat Blvd,Gan san bay,10.813928881466124,106.66511432455972,23,34,0.999713
2025-11-22 19:57:43,Nguyen Trai,Quan 5,10.755608615763382,106.67347943578082,16,28,1.0
2025-11-22 19:57:44,Le Duan,Quan 1,10.782680856341083,106.70051548181169,17,30,1.0
2025-11-22 19:57:45,Tran Hung Dao ,Quan 5,10.754895139302109,106.67839188181134,20,32,1.0
2025-11-22 19:57:46,Tran Quoc Thao,Quan 3,10.785070445194592,106.68331340921323,16,27,1.0
2025-11-22 19:57:47,Tran Hung Dao,Quan 5,10.7549373008113,106.67848844133415,20,32,1.0
2025-11-22 19:57:47,Cach Mang Thang 8 (CMT8),Quan 3,10.77898143649726,106.67684447140958,23,34,1.0
2025-11-22 19:57:48,Pham Ngu Lao / Bui Vien,Quan 1,10.767112828386699,106.6927618222887,11,20,1.0
2025-11-22 19:57:49,Nguyen Thi Minh Khai,Quan 3,10.77847212665258,106.69389510879643,30,41,1.0
2025-11-22 19:58:01,Nguyen Van Troi,Phu Nhuan,10.796057790235078,106.67492629345334,21,33,0.999713
2025-11-22 19:58:02,Pham Van Dong,Go Vap,10.835298215641501,106.72935479345391,34,42,0.995348
2025-11-22 19:58:03,Cong truong lam son,Quan 1,10.777562007197462,106.7041335430398,18,30,1.0
2025-11-22 19:58:04,Nguyen Oanh ,Go Vap,10.83886351241477,106.67566625482782,26,36,1.0
2025-11-22 19:58:05,Le Hong Phong,Quan 10,10.765187049751795,106.67550552599073,20,36,1.0
2025-11-22 19:58:05,Nguyen Van Cu,Quan 5,10.759484371982321,106.6840537511244,16,27,1.0
2025-11-22 19:58:13,Nga tu Binh Phuoc,Ngoai o,10.865229381280965,106.72366973948475,34,49,1.0
2025-11-22 19:58:25,Phu My Hung ,Quan 7,10.72279213640514,106.72808623948244,25,37,1.0
2025-11-22 19:58:26,Nguyen Thai Son,Phu Nhuan,10.823400120373712,106.68551227436063,17,32,1.0
2025-11-22 19:58:26,An Duong Vuong,Quan 8,10.756158554057757,106.66631758181126,23,29,1.0
2025-11-22 19:58:27,Huynh Tan Phat,Nha Be,10.7144382088356,106.73711688366167,23,35,1.0
2025-11-22 19:58:28,Truong Chinh,Tan Binh ,10.817236653231737,106.63191539530457,26,35,1.0
2025-11-22 20:00:40,Cho Ben Thanh,Quan 1,10.772727584493625,106.69804225297563,12,24,0.957244
2025-11-22 20:00:41,Duong Nguyen Hue,Quan 1,10.774028664434528,106.70357076461706,14,28,0.83
2025-11-22 20:00:42,Nguyen Van Linh,Quan 7,10.752616652291238,106.72509685338922,39,39,1.0
2025-11-22 20:00:42,Vo Van Kiet,Quan 5,10.745754766198267,106.65326266831877,42,42,1.0
2025-11-22 20:00:43,Xa lo Ha Noi,QL1A,10.94927106740351,106.87196348224562,30,41,1.0
2025-11-22 20:00:44,Duong Dien Bien Phu,Quan 1,10.78866360854368,106.69551372228901,35,41,1.0
2025-11-22 20:00:52,Nga tu Hang Xanh,Binh Thanh,10.801406421807085,106.71148440879679,34,41,1.0
2025-11-22 20:01:04,Nga tu An Suong,Hoc Mon,10.843150534972033,106.6151343241409,26,34,1.0
2025-11-22 20:01:05,Ben xe Mien Dong,Quan 9,10.880537767027526,106.81481342866444,53,53,1.0
2025-11-22 20:01:06,Ben xe Mien Tay,Binh Tan,10.740840166521663,106.61899246873142,28,35,1.0
2025-11-22 20:01:06,Cau Sai Gon,Quan 2 ,10.798986343749618,106.72697056646841,45,45,1.0
2025-11-22 20:01:07,Cau Phu My,Q2,10.741860769464234,106.73790365482627,45,45,1.0
2025-11-22 20:01:08,Cau Kenh Te,Q4,10.752408891679814,106.7022703818112,24,34,1.0
2025-11-22 20:01:16,Cau Thu Thiem,Quan 2,10.786216596454727,106.71836665482695,40,40,1.0
2025-11-22 20:01:17,Nguyen Huu Canh,Binh Thanh,10.78948793356203,106.71518838181179,36,36,1.0
2025-11-22 20:01:17,Cong Hoa,Tan Binh,10.80223925742187,106.6478722259914,29,41,1.0
2025-11-22 20:01:18,Truong Son / Tan Son Nhat Blvd,Gan san bay,10.813928881466124,106.66511432455972,23,33,1.0
2025-11-22 20:01:19,Nguyen Trai,Quan 5,10.755608615763382,106.67347943578082,16,28,1.0
2025-11-22 20:01:20,Le Duan,Quan 1,10.782680856341083,106.70051548181169,16,30,1.0
2025-11-22 20:01:28,Tran Hung Dao ,Quan 5,10.754895139302109,106.67839188181134,20,32,1.0
2025-11-22 20:01:40,Tran Quoc Thao,Quan 3,10.785070445194592,106.68331340921323,16,28,1.0
2025-11-22 20:01:41,Tran Hung Dao,Quan 5,10.7549373008113,106.67848844133415,20,32,1.0
2025-11-22 20:01:42,Cach Mang Thang 8 (CMT8),Quan 3,10.77898143649726,106.67684447140958,23,34,1.0
2025-11-22 20:01:42,Pham Ngu Lao / Bui Vien,Quan 1,10.767112828386699,106.6927618222887,12,19,1.0
2025-11-22 20:01:43,Nguyen Thi Minh Khai,Quan 3,10.77847212665258,106.69389510879643,30,41,1.0
2025-11-22 20:01:44,Nguyen Van Troi,Phu Nhuan,10.796057790235078,106.67492629345334,24,34,0.999528
2025-11-22 20:01:52,Pham Van Dong,Go Vap,10.835298215641501,106.72935479345391,35,42,0.997483
2025-11-22 20:01:52,Cong truong lam son,Quan 1,10.777562007197462,106.7041335430398,17,30,1.0
2025-11-22 20:01:53,Nguyen Oanh ,Go Vap,10.83886351241477,106.67566625482782,26,36,1.0
2025-11-22 20:01:54,Le Hong Phong,Quan 10,10.765187049751795,106.67550552599073,16,35,1.0
2025-11-22 20:01:55,Nguyen Van Cu,Quan 5,10.759484371982321,106.6840537511244,17,27,1.0
2025-11-22 20:01:56,Nga tu Binh Phuoc,Ngoai o,10.865229381280965,106.72366973948475,34,49,1.0
2025-11-22 20:02:03,Phu My Hung ,Quan 7,10.72279213640514,106.72808623948244,25,37,0.997441
2025-11-22 20:02:15,Nguyen Thai Son,Phu Nhuan,10.823400120373712,106.68551227436063,18,31,1.0
2025-11-22 20:02:16,An Duong Vuong,Quan 8,10.756158554057757,106.66631758181126,22,29,1.0
2025-11-22 20:02:17,Huynh Tan Phat,Nha Be,10.7144382088356,106.73711688366167,25,35,1.0
2025-11-22 20:02:18,Truong Chinh,Tan Binh ,10.817236653231737,106.63191539530457,25,35,1.0
2025-11-22 20:04:30,Cho Ben Thanh,Quan 1,10.772727584493625,106.69804225297563,11,23,0.967124
2025-11-22 20:04:31,Duong Nguyen Hue,Quan 1,10.774028664434528,106.70357076461706,14,29,0.82
2025-11-22 20:04:32,Nguyen Van Linh,Quan 7,10.752616652291238,106.72509685338922,33,39,1.0
2025-11-22 20:04:33,Vo Van Kiet,Quan 5,10.745754766198267,106.65326266831877,42,42,1.0
2025-11-22 20:04:33,Xa lo Ha Noi,QL1A,10.94927106740351,106.87196348224562,30,41,1.0
2025-11-22 20:04:34,Duong Dien Bien Phu,Quan 1,10.78866360854368,106.69551372228901,36,42,1.0
2025-11-22 20:04:35,Nga tu Hang Xanh,Binh Thanh,10.801406421807085,106.71148440879679,36,42,1.0
2025-11-22 20:04:36,Nga tu An Suong,Hoc Mon,10.843150534972033,106.6151343241409,24,35,1.0
2025-11-22 20:04:37,Ben xe Mien Dong,Quan 9,10.880537767027526,106.81481342866444,53,53,1.0
2025-11-22 20:04:38,Ben xe Mien Tay,Binh Tan,10.740840166521663,106.61899246873142,28,35,1.0
2025-11-22 20:04:38,Cau Sai Gon,Quan 2 ,10.798986343749618,106.72697056646841,36,45,1.0
2025-11-22 20:04:39,Cau Phu My,Q2,10.741860769464234,106.73790365482627,45,45,1.0
2025-11-22 20:04:40,Cau Kenh Te,Q4,10.752408891679814,106.7022703818112,23,34,1.0
2025-11-22 20:04:41,Cau Thu Thiem,Quan 2,10.786216596454727,106.71836665482695,40,40,1.0
2025-11-22 20:04:42,Nguyen Huu Canh,Binh Thanh,10.78948793356203,106.71518838181179,36,36,1.0
2025-11-22 20:04:43,Cong Hoa,Tan Binh,10.80223925742187,106.6478722259914,30,40,1.0
2025-11-22 20:04:44,Truong Son / Tan Son Nhat Blvd,Gan san bay,10.813928881466124,106.66511432455972,22,34,1.0
2025-11-22 20:04:45,Nguyen Trai,Quan 5,10.755608615763382,106.67347943578082,16,27,1.0
2025-11-22 20:04:45,Le Duan,Quan 1,10.782680856341083,106.70051548181169,18,31,1.0
2025-11-22 20:04:46,Tran Hung Dao ,Quan 5,10.754895139302109,106.67839188181134,20,33,1.0
2025-11-22 20:04:53,Tran Quoc Thao,Quan 3,10.785070445194592,106.68331340921323,16,27,1.0
2025-11-22 20:04:54,Tran Hung Dao,Quan 5,10.7549373008113,106.67848844133415,20,33,1.0
2025-11-22 20:04:55,Cach Mang Thang 8 (CMT8),Quan 3,10.77898143649726,106.67684447140958,22,34,1.0
2025-11-22 20:04:56,Pham Ngu Lao / Bui Vien,Quan 1,10.767112828386699,106.6927618222887,11,19,1.0
2025-11-22 20:04:57,Nguyen Thi Minh Khai,Quan 3,10.77847212665258,106.69389510879643,29,41,1.0
2025-11-22 20:04:57,Nguyen Van Troi,Phu Nhuan,10.796057790235078,106.67492629345334,22,34,1.0
2025-11-22 20:05:05,Pham Van Dong,Go Vap,10.835298215641501,106.72935479345391,34,42,0.996759
2025-11-22 20:05:06,Cong truong lam son,Quan 1,10.777562007197462,106.7041335430398,18,30,1.0
2025-11-22 20:05:07,Nguyen Oanh ,Go Vap,10.83886351241477,106.67566625482782,25,35,1.0
2025-11-22 20:05:08,Le Hong Phong,Quan 10,10.765187049751795,106.67550552599073,20,36,1.0
2025-11-22 20:05:09,Nguyen Van Cu,Quan 5,10.759484371982321,106.6840537511244,18,28,1.0
2025-11-22 20:05:09,Nga tu Binh Phuoc,Ngoai o,10.865229381280965,106.72366973948475,35,49,1.0
2025-11-22 20:05:17,Phu My Hung ,Quan 7,10.72279213640514,106.72808623948244,23,37,0.996933
2025-11-22 20:05:18,Nguyen Thai Son,Phu Nhuan,10.823400120373712,106.68551227436063,19,32,1.0
2025-11-22 20:05:19,An Duong Vuong,Quan 8,10.756158554057757,106.66631758181126,22,29,1.0
2025-11-22 20:05:20,Huynh Tan Phat,Nha Be,10.7144382088356,106.73711688366167,24,35,1.0
2025-11-22 20:05:21,Truong Chinh,Tan Binh ,10.817236653231737,106.63191539530457,24,35,1.0
2025-11-22 20:07:32,Cho Ben Thanh,Quan 1,10.772727584493625,106.69804225297563,12,24,0.97677
2025-11-22 20:07:33,Duong Nguyen Hue,Quan 1,10.774028664434528,106.70357076461706,14,29,0.92
2025-11-22 20:07:34,Nguyen Van Linh,Quan 7,10.752616652291238,106.72509685338922,31,39,1.0
2025-11-22 20:07:35,Vo Van Kiet,Quan 5,10.745754766198267,106.65326266831877,42,42,1.0
2025-11-22 20:07:36,Xa lo Ha Noi,QL1A,10.94927106740351,106.87196348224562,26,41,1.0
2025-11-22 20:07:37,Duong Dien Bien Phu,Quan 1,10.78866360854368,106.69551372228901,34,42,1.0
2025-11-22 20:07:49,Nga tu Hang Xanh,Binh Thanh,10.801406421807085,106.71148440879679,34,42,1.0
2025-11-22 20:07:50,Nga tu An Suong,Hoc Mon,10.843150534972033,106.6151343241409,27,35,1.0
2025-11-22 20:07:50,Ben xe Mien Dong,Quan 9,10.880537767027526,106.81481342866444,53,53,1.0
2025-11-22 20:07:51,Ben xe Mien Tay,Binh Tan,10.740840166521663,106.61899246873142,27,35,1.0
2025-11-22 20:07:52,Cau Sai Gon,Quan 2 ,10.798986343749618,106.72697056646841,45,45,1.0
2025-11-22 20:07:53,Cau Phu My,Q2,10.741860769464234,106.73790365482627,45,45,1.0
2025-11-22 20:08:05,Cau Kenh Te,Q4,10.752408891679814,106.7022703818112,24,34,1.0
2025-11-22 20:08:17,Cau Thu Thiem,Quan 2,10.786216596454727,106.71836665482695,40,40,1.0
2025-11-22 20:08:18,Nguyen Huu Canh,Binh Thanh,10.78948793356203,106.71518838181179,36,36,1.0
2025-11-22 20:08:18,Cong Hoa,Tan Binh,10.80223925742187,106.6478722259914,27,40,1.0
2025-11-22 20:08:19,Truong Son / Tan Son Nhat Blvd,Gan san bay,10.813928881466124,106.66511432455972,23,34,1.0
2025-11-22 20:08:20,Nguyen Trai,Quan 5,10.755608615763382,106.67347943578082,16,27,1.0
2025-11-22 20:08:21,Le Duan,Quan 1,10.782680856341083,106.70051548181169,17,30,1.0
2025-11-22 20:08:29,Tran Hung Dao ,Quan 5,10.754895139302109,106.67839188181134,21,32,1.0
2025-11-22 20:08:29,Tran Quoc Thao,Quan 3,10.785070445194592,106.68331340921323,17,27,1.0
2025-11-22 20:08:30,Tran Hung Dao,Quan 5,10.7549373008113,106.67848844133415,21,32,1.0
2025-11-22 20:08:31,Cach Mang Thang 8 (CMT8),Quan 3,10.77898143649726,106.67684447140958,21,34,1.0
2025-11-22 20:08:41,Pham Ngu Lao / Bui Vien,Quan 1,10.767112828386699,106.6927618222887,10,19,1.0
2025-11-22 20:08:42,Nguyen Thi Minh Khai,Quan 3,10.77847212665258,106.69389510879643,29,41,1.0
2025-11-22 20:08:42,Nguyen Van Troi,Phu Nhuan,10.796057790235078,106.67492629345334,22,33,1.0
2025-11-22 20:08:43,Pham Van Dong,Go Vap,10.835298215641501,106.72935479345391,34,42,0.997296
2025-11-22 20:08:44,Cong truong lam son,Quan 1,10.777562007197462,106.7041335430398,17,30,1.0
2025-11-22 20:08:45,Nguyen Oanh ,Go Vap,10.83886351241477,106.67566625482782,27,36,1.0
2025-11-22 20:08:52,Le Hong Phong,Quan 10,10.765187049751795,106.67550552599073,22,35,1.0
2025-11-22 20:09:04,Nguyen Van Cu,Quan 5,10.759484371982321,106.6840537511244,15,27,1.0
2025-11-22 20:09:05,Nga tu Binh Phuoc,Ngoai o,10.865229381280965,106.72366973948475,36,49,1.0
2025-11-22 20:09:06,Phu My Hung ,Quan 7,10.72279213640514,106.72808623948244,24,37,0.996968
2025-11-22 20:09:07,Nguyen Thai Son,Phu Nhuan,10.823400120373712,106.68551227436063,21,31,1.0
2025-11-22 20:09:08,An Duong Vuong,Quan 8,10.756158554057757,106.66631758181126,22,29,1.0
2025-11-22 20:09:09,Huynh Tan Phat,Nha Be,10.7144382088356,106.73711688366167,25,35,1.0
2025-11-22 20:09:16,Truong Chinh,Tan Binh ,10.817236653231737,106.63191539530457,27,35,1.0
2025-11-22 20:11:28,Cho Ben Thanh,Quan 1,10.772727584493625,106.69804225297563,10,24,0.9743
2025-11-22 20:11:29,Duong Nguyen Hue,Quan 1,10.774028664434528,106.70357076461706,13,28,0.89
2025-11-22 20:11:30,Nguyen Van Linh,Quan 7,10.752616652291238,106.72509685338922,33,39,1.0
2025-11-22 20:11:31,Vo Van Kiet,Quan 5,10.745754766198267,106.65326266831877,35,43,1.0
2025-11-22 20:11:31,Xa lo Ha Noi,QL1A,10.94927106740351,106.87196348224562,42,42,1.0
2025-11-22 20:11:32,Duong Dien Bien Phu,Quan 1,10.78866360854368,106.69551372228901,34,41,1.0
2025-11-22 20:11:33,Nga tu Hang Xanh,Binh Thanh,10.801406421807085,106.71148440879679,34,41,1.0
2025-11-22 20:11:40,Nga tu An Suong,Hoc Mon,10.843150534972033,106.6151343241409,25,34,1.0
2025-11-22 20:11:52,Ben xe Mien Dong,Quan 9,10.880537767027526,106.81481342866444,53,53,1.0
2025-11-22 20:11:53,Ben xe Mien Tay,Binh Tan,10.740840166521663,106.61899246873142,28,36,1.0
2025-11-22 20:11:54,Cau Sai Gon,Quan 2 ,10.798986343749618,106.72697056646841,45,45,1.0
2025-11-22 20:11:54,Cau Phu My,Q2,10.741860769464234,106.73790365482627,45,45,1.0
2025-11-22 20:11:55,Cau Kenh Te,Q4,10.752408891679814,106.7022703818112,22,34,1.0
2025-11-22 20:11:56,Cau Thu Thiem,Quan 2,10.786216596454727,106.71836665482695,40,40,1.0
2025-11-22 20:12:04,Nguyen Huu Canh,Binh Thanh,10.78948793356203,106.71518838181179,36,36,1.0
2025-11-22 20:12:16,Cong Hoa,Tan Binh,10.80223925742187,106.6478722259914,28,41,1.0
2025-11-22 20:12:17,Truong Son / Tan Son Nhat Blvd,Gan san bay,10.813928881466124,106.66511432455972,24,34,1.0
2025-11-22 20:12:18,Nguyen Trai,Quan 5,10.755608615763382,106.67347943578082,16,28,1.0
2025-11-22 20:12:18,Le Duan,Quan 1,10.782680856341083,106.70051548181169,17,31,1.0
2025-11-22 20:12:19,Tran Hung Dao ,Quan 5,10.754895139302109,106.67839188181134,22,33,1.0
2025-11-22 20:12:20,Tran Quoc Thao,Quan 3,10.785070445194592,106.68331340921323,16,28,1.0
2025-11-22 20:12:28,Tran Hung Dao,Quan 5,10.7549373008113,106.67848844133415,22,33,1.0
2025-11-22 20:12:40,Cach Mang Thang 8 (CMT8),Quan 3,10.77898143649726,106.67684447140958,21,34,1.0
2025-11-22 20:12:52,Pham Ngu Lao / Bui Vien,Quan 1,10.767112828386699,106.6927618222887,10,19,1.0
2025-11-22 20:12:52,Nguyen Thi Minh Khai,Quan 3,10.77847212665258,106.69389510879643,30,41,1.0
2025-11-22 20:12:53,Nguyen Van Troi,Phu Nhuan,10.796057790235078,106.67492629345334,23,34,0.998954
2025-11-22 20:12:54,Pham Van Dong,Go Vap,10.835298215641501,106.72935479345391,34,42,0.997654
2025-11-22 20:12:55,Cong truong lam son,Quan 1,10.777562007197462,106.7041335430398,16,30,1.0
2025-11-22 20:12:56,Nguyen Oanh ,Go Vap,10.83886351241477,106.67566625482782,23,36,1.0
2025-11-22 20:13:03,Le Hong Phong,Quan 10,10.765187049751795,106.67550552599073,19,35,1.0
2025-11-22 20:13:15,Nguyen Van Cu,Quan 5,10.759484371982321,106.6840537511244,15,27,1.0
2025-11-22 20:13:27,Nga tu Binh Phuoc,Ngoai o,10.865229381280965,106.72366973948475,37,49,1.0
2025-11-22 20:13:39,Phu My Hung ,Quan 7,10.72279213640514,106.72808623948244,24,37,0.996898
2025-11-22 20:13:51,Nguyen Thai Son,Phu Nhuan,10.823400120373712,106.68551227436063,22,32,1.0
2025-11-22 20:14:03,An Duong Vuong,Quan 8,10.756158554057757,106.66631758181126,22,29,1.0
2025-11-22 20:14:15,Huynh Tan Phat,Nha Be,10.7144382088356,106.73711688366167,24,36,1.0
2025-11-22 20:14:16,Truong Chinh,Tan Binh ,10.817236653231737,106.63191539530457,26,35,1.0
2025-11-22 20:16:28,Cho Ben Thanh,Quan 1,10.772727584493625,106.69804225297563,11,24,0.967625
2025-11-22 20:16:29,Duong Nguyen Hue,Quan 1,10.774028664434528,106.70357076461706,13,29,0.84
2025-11-22 20:16:30,Nguyen Van Linh,Quan 7,10.752616652291238,106.72509685338922,39,39,1.0
2025-11-22 20:16:30,Vo Van Kiet,Quan 5,10.745754766198267,106.65326266831877,42,42,1.0
2025-11-22 20:16:31,Xa lo Ha Noi,QL1A,10.94927106740351,106.87196348224562,33,42,1.0
2025-11-22 20:16:32,Duong Dien Bien Phu,Quan 1,10.78866360854368,106.69551372228901,34,41,1.0
2025-11-22 20:16:40,Nga tu Hang Xanh,Binh Thanh,10.801406421807085,106.71148440879679,34,41,1.0
2025-11-22 20:16:52,Nga tu An Suong,Hoc Mon,10.843150534972033,106.6151343241409,25,34,1.0
2025-11-22 20:16:52,Ben xe Mien Dong,Quan 9,10.880537767027526,106.81481342866444,53,53,1.0
2025-11-22 20:16:53,Ben xe Mien Tay,Binh Tan,10.740840166521663,106.61899246873142,29,35,1.0
2025-11-22 20:16:54,Cau Sai Gon,Quan 2 ,10.798986343749618,106.72697056646841,36,45,1.0
2025-11-22 20:16:55,Cau Phu My,Q2,10.741860769464234,106.73790365482627,45,45,1.0
2025-11-22 20:16:56,Cau Kenh Te,Q4,10.752408891679814,106.7022703818112,22,34,1.0
2025-11-22 20:17:08,Cau Thu Thiem,Quan 2,10.786216596454727,106.71836665482695,40,40,1.0
2025-11-22 20:17:09,Nguyen Huu Canh,Binh Thanh,10.78948793356203,106.71518838181179,36,36,1.0
2025-11-22 20:17:09,Cong Hoa,Tan Binh,10.80223925742187,106.6478722259914,32,41,1.0
2025-11-22 20:17:10,Truong Son / Tan Son Nhat Blvd,Gan san bay,10.813928881466124,106.66511432455972,23,34,0.998948
2025-11-22 20:17:11,Nguyen Trai,Quan 5,10.755608615763382,106.67347943578082,15,27,1.0
2025-11-22 20:17:12,Le Duan,Quan 1,10.782680856341083,106.70051548181169,17,30,1.0
2025-11-22 20:17:13,Tran Hung Dao ,Quan 5,10.754895139302109,106.67839188181134,22,33,1.0
2025-11-22 20:17:14,Tran Quoc Thao,Quan 3,10.785070445194592,106.68331340921323,16,26,1.0
2025-11-22 20:17:15,Tran Hung Dao,Quan 5,10.7549373008113,106.67848844133415,22,33,1.0
2025-11-22 20:17:16,Cach Mang Thang 8 (CMT8),Quan 3,10.77898143649726,106.67684447140958,22,34,1.0
2025-11-22 20:17:16,Pham Ngu Lao / Bui Vien,Quan 1,10.767112828386699,106.6927618222887,10,20,1.0
2025-11-22 20:17:28,Nguyen Thi Minh Khai,Quan 3,10.77847212665258,106.69389510879643,29,41,1.0
2025-11-22 20:17:40,Nguyen Van Troi,Phu Nhuan,10.796057790235078,106.67492629345334,22,33,0.998948
2025-11-22 20:17:52,Pham Van Dong,Go Vap,10.835298215641501,106.72935479345391,35,42,0.997838
2025-11-22 20:17:53,Cong truong lam son,Quan 1,10.777562007197462,106.7041335430398,17,30,1.0
2025-11-22 20:17:54,Nguyen Oanh ,Go Vap,10.83886351241477,106.67566625482782,24,35,1.0
2025-11-22 20:17:55,Le Hong Phong,Quan 10,10.765187049751795,106.67550552599073,25,36,1.0
2025-11-22 20:17:55,Nguyen Van Cu,Quan 5,10.759484371982321,106.6840537511244,14,28,1.0
2025-11-22 20:17:56,Nga tu Binh Phuoc,Ngoai o,10.865229381280965,106.72366973948475,36,49,1.0
2025-11-22 20:18:04,Phu My Hung ,Quan 7,10.72279213640514,106.72808623948244,24,36,0.998398
2025-11-22 20:18:05,Nguyen Thai Son,Phu Nhuan,10.823400120373712,106.68551227436063,21,31,1.0
2025-11-22 20:18:06,An Duong Vuong,Quan 8,10.756158554057757,106.66631758181126,22,29,1.0
2025-11-22 20:18:07,Huynh Tan Phat,Nha Be,10.7144382088356,106.73711688366167,24,35,1.0
2025-11-22 20:18:07,Truong Chinh,Tan Binh ,10.817236653231737,106.63191539530457,26,35,1.0
2025-11-22 20:20:19,Cho Ben Thanh,Quan 1,10.772727584493625,106.69804225297563,12,24,0.957078
2025-11-22 20:20:20,Duong Nguyen Hue,Quan 1,10.774028664434528,106.70357076461706,13,29,0.84
2025-11-22 20:20:21,Nguyen Van Linh,Quan 7,10.752616652291238,106.72509685338922,39,39,1.0
2025-11-22 20:20:22,Vo Van Kiet,Quan 5,10.745754766198267,106.65326266831877,42,42,1.0
2025-11-22 20:20:23,Xa lo Ha Noi,QL1A,10.94927106740351,106.87196348224562,31,42,1.0
2025-11-22 20:20:24,Duong Dien Bien Phu,Quan 1,10.78866360854368,106.69551372228901,33,42,1.0
2025-11-22 20:20:24,Nga tu Hang Xanh,Binh Thanh,10.801406421807085,106.71148440879679,33,42,1.0
2025-11-22 20:20:25,Nga tu An Suong,Hoc Mon,10.843150534972033,106.6151343241409,26,35,1.0
2025-11-22 20:20:26,Ben xe Mien Dong,Quan 9,10.880537767027526,106.81481342866444,53,53,1.0
2025-11-22 20:20:27,Ben xe Mien Tay,Binh Tan,10.740840166521663,106.61899246873142,29,35,1.0
2025-11-22 20:20:28,Cau Sai Gon,Quan 2 ,10.798986343749618,106.72697056646841,45,45,1.0
2025-11-22 20:20:29,Cau Phu My,Q2,10.741860769464234,106.73790365482627,45,45,1.0
2025-11-22 20:20:41,Cau Kenh Te,Q4,10.752408891679814,106.7022703818112,22,34,1.0
2025-11-22 20:20:52,Cau Thu Thiem,Quan 2,10.786216596454727,106.71836665482695,40,40,1.0
2025-11-22 20:20:53,Nguyen Huu Canh,Binh Thanh,10.78948793356203,106.71518838181179,36,36,1.0
2025-11-22 20:20:54,Cong Hoa,Tan Binh,10.80223925742187,106.6478722259914,31,40,1.0
2025-11-22 20:20:55,Truong Son / Tan Son Nhat Blvd,Gan san bay,10.813928881466124,106.66511432455972,22,33,1.0
2025-11-22 20:20:56,Nguyen Trai,Quan 5,10.755608615763382,106.67347943578082,13,27,1.0
2025-11-22 20:20:57,Le Duan,Quan 1,10.782680856341083,106.70051548181169,19,30,1.0
2025-11-22 20:20:58,Tran Hung Dao ,Quan 5,10.754895139302109,106.67839188181134,22,33,1.0
2025-11-22 20:21:04,Tran Quoc Thao,Quan 3,10.785070445194592,106.68331340921323,14,28,1.0
2025-11-22 20:21:05,Tran Hung Dao,Quan 5,10.7549373008113,106.67848844133415,22,33,1.0
2025-11-22 20:21:06,Cach Mang Thang 8 (CMT8),Quan 3,10.77898143649726,106.67684447140958,22,34,1.0
2025-11-22 20:21:07,Pham Ngu Lao / Bui Vien,Quan 1,10.767112828386699,106.6927618222887,9,21,1.0
2025-11-22 20:21:08,Nguyen Thi Minh Khai,Quan 3,10.77847212665258,106.69389510879643,31,41,1.0
2025-11-22 20:21:09,Nguyen Van Troi,Phu Nhuan,10.796057790235078,106.67492629345334,22,33,1.0
2025-11-22 20:21:16,Pham Van Dong,Go Vap,10.835298215641501,106.72935479345391,34,42,0.997662
2025-11-22 20:21:17,Cong truong lam son,Quan 1,10.777562007197462,106.7041335430398,20,30,1.0
2025-11-22 20:21:18,Nguyen Oanh ,Go Vap,10.83886351241477,106.67566625482782,25,35,1.0
2025-11-22 20:21:19,Le Hong Phong,Quan 10,10.765187049751795,106.67550552599073,23,35,1.0
2025-11-22 20:21:20,Nguyen Van Cu,Quan 5,10.759484371982321,106.6840537511244,12,28,1.0
2025-11-22 20:21:21,Nga tu Binh Phuoc,Ngoai o,10.865229381280965,106.72366973948475,34,49,1.0
2025-11-22 20:21:28,Phu My Hung ,Quan 7,10.72279213640514,106.72808623948244,25,37,0.9977
2025-11-22 20:21:29,Nguyen Thai Son,Phu Nhuan,10.823400120373712,106.68551227436063,22,31,1.0
2025-11-22 20:21:30,An Duong Vuong,Quan 8,10.756158554057757,106.66631758181126,20,30,1.0
2025-11-22 20:21:31,Huynh Tan Phat,Nha Be,10.7144382088356,106.73711688366167,25,35,1.0
2025-11-22 20:21:32,Truong Chinh,Tan Binh ,10.817236653231737,106.63191539530457,26,34,1.0
2025-11-22 20:23:35,Vo Van Kiet,Quan 5,10.745754766198267,106.65326266831877,42,42,1
2025-11-22 20:49:43,Cho Ben Thanh,Quan 1,10.772727584493625,106.69804225297563,12,23,0.939267
2025-11-22 20:49:44,Duong Nguyen Hue,Quan 1,10.774028664434528,106.70357076461706,11,28,0.87
2025-11-22 20:49:45,Nguyen Van Linh,Quan 7,10.752616652291238,106.72509685338922,39,39,1.0
2025-11-22 20:49:46,Vo Van Kiet,Quan 5,10.745754766198267,106.65326266831877,42,42,1.0
2025-11-22 20:49:47,Xa lo Ha Noi,QL1A,10.94927106740351,106.87196348224562,29,42,1.0
2025-11-22 20:49:47,Duong Dien Bien Phu,Quan 1,10.78866360854368,106.69551372228901,35,42,1.0
2025-11-22 20:49:48,Nga tu Hang Xanh,Binh Thanh,10.801406421807085,106.71148440879679,35,42,1.0
2025-11-22 20:49:49,Nga tu An Suong,Hoc Mon,10.843150534972033,106.6151343241409,25,34,1.0
2025-11-22 20:49:50,Ben xe Mien Dong,Quan 9,10.880537767027526,106.81481342866444,53,53,1.0
2025-11-22 20:49:51,Ben xe Mien Tay,Binh Tan,10.740840166521663,106.61899246873142,34,34,1.0
2025-11-22 20:49:52,Cau Sai Gon,Quan 2 ,10.798986343749618,106.72697056646841,45,45,1.0
2025-11-22 20:49:52,Cau Phu My,Q2,10.741860769464234,106.73790365482627,45,45,1.0
2025-11-22 20:49:53,Cau Kenh Te,Q4,10.752408891679814,106.7022703818112,25,34,1.0
2025-11-22 20:49:58,Cau Thu Thiem,Quan 2,10.786216596454727,106.71836665482695,40,40,1.0
2025-11-22 20:49:58,Nguyen Huu Canh,Binh Thanh,10.78948793356203,106.71518838181179,36,36,1.0
2025-11-22 20:49:59,Cong Hoa,Tan Binh,10.80223925742187,106.6478722259914,28,41,1.0
2025-11-22 20:50:00,Truong Son / Tan Son Nhat Blvd,Gan san bay,10.813928881466124,106.66511432455972,23,34,1.0
2025-11-22 20:50:01,Nguyen Trai,Quan 5,10.755608615763382,106.67347943578082,15,27,1.0
2025-11-22 20:50:13,Le Duan,Quan 1,10.782680856341083,106.70051548181169,17,30,1.0
2025-11-22 20:50:14,Tran Hung Dao ,Quan 5,10.754895139302109,106.67839188181134,20,32,1.0
2025-11-22 20:50:25,Tran Quoc Thao,Quan 3,10.785070445194592,106.68331340921323,13,28,1.0
2025-11-22 20:50:37,Tran Hung Dao,Quan 5,10.7549373008113,106.67848844133415,20,32,1.0
2025-11-22 20:50:38,Cach Mang Thang 8 (CMT8),Quan 3,10.77898143649726,106.67684447140958,25,34,1.0
2025-11-22 20:50:39,Pham Ngu Lao / Bui Vien,Quan 1,10.767112828386699,106.6927618222887,10,19,1.0
2025-11-22 20:50:39,Nguyen Thi Minh Khai,Quan 3,10.77847212665258,106.69389510879643,31,42,1.0
2025-11-22 20:50:40,Nguyen Van Troi,Phu Nhuan,10.796057790235078,106.67492629345334,23,34,1.0
2025-11-22 20:50:41,Pham Van Dong,Go Vap,10.835298215641501,106.72935479345391,36,42,0.991709
2025-11-22 20:50:42,Cong truong lam son,Quan 1,10.777562007197462,106.7041335430398,16,30,1.0
2025-11-22 20:50:43,Nguyen Oanh ,Go Vap,10.83886351241477,106.67566625482782,27,36,1.0
2025-11-22 20:50:44,Le Hong Phong,Quan 10,10.765187049751795,106.67550552599073,17,36,1.0
2025-11-22 20:50:44,Nguyen Van Cu,Quan 5,10.759484371982321,106.6840537511244,15,28,1.0
2025-11-22 20:50:45,Nga tu Binh Phuoc,Ngoai o,10.865229381280965,106.72366973948475,37,49,1.0
2025-11-22 20:50:46,Phu My Hung ,Quan 7,10.72279213640514,106.72808623948244,27,36,0.996807
2025-11-22 20:50:49,Nguyen Thai Son,Phu Nhuan,10.823400120373712,106.68551227436063,20,31,1.0
2025-11-22 20:50:50,An Duong Vuong,Quan 8,10.756158554057757,106.66631758181126,23,29,1.0
2025-11-22 20:50:51,Huynh Tan Phat,Nha Be,10.7144382088356,106.73711688366167,25,35,1.0
2025-11-22 20:50:52,Truong Chinh,Tan Binh ,10.817236653231737,106.63191539530457,26,35,1.0
2025-11-22 20:53:03,Cho Ben Thanh,Quan 1,10.772727584493625,106.69804225297563,11,23,0.955592
2025-11-22 20:53:04,Duong Nguyen Hue,Quan 1,10.774028664434528,106.70357076461706,11,28,0.83
2025-11-22 20:53:05,Nguyen Van Linh,Quan 7,10.752616652291238,106.72509685338922,39,39,1.0
2025-11-22 20:53:06,Vo Van Kiet,Quan 5,10.745754766198267,106.65326266831877,42,42,1.0
2025-11-22 20:53:07,Xa lo Ha Noi,QL1A,10.94927106740351,106.87196348224562,32,41,1.0
2025-11-22 20:53:08,Duong Dien Bien Phu,Quan 1,10.78866360854368,106.69551372228901,35,42,1.0
2025-11-22 20:53:09,Nga tu Hang Xanh,Binh Thanh,10.801406421807085,106.71148440879679,35,42,1.0
2025-11-22 20:53:09,Nga tu An Suong,Hoc Mon,10.843150534972033,106.6151343241409,26,35,1.0
2025-11-22 20:53:10,Ben xe Mien Dong,Quan 9,10.880537767027526,106.81481342866444,53,53,1.0
2025-11-22 20:53:11,Ben xe Mien Tay,Binh Tan,10.740840166521663,106.61899246873142,34,34,1.0
2025-11-22 20:53:15,Cau Sai Gon,Quan 2 ,10.798986343749618,106.72697056646841,45,45,1.0
2025-11-22 20:53:27,Cau Phu My,Q2,10.741860769464234,106.73790365482627,45,45,1.0
2025-11-22 20:53:28,Cau Kenh Te,Q4,10.752408891679814,106.7022703818112,25,34,1.0
2025-11-22 20:53:29,Cau Thu Thiem,Quan 2,10.786216596454727,106.71836665482695,40,40,1.0
2025-11-22 20:53:30,Nguyen Huu Canh,Binh Thanh,10.78948793356203,106.71518838181179,36,36,1.0
2025-11-22 20:53:31,Cong Hoa,Tan Binh,10.80223925742187,106.6478722259914,29,40,1.0
2025-11-22 20:53:32,Truong Son / Tan Son Nhat Blvd,Gan san bay,10.813928881466124,106.66511432455972,23,33,0.999528
2025-11-22 20:53:43,Nguyen Trai,Quan 5,10.755608615763382,106.67347943578082,15,27,1.0
2025-11-22 20:53:55,Le Duan,Quan 1,10.782680856341083,106.70051548181169,18,30,1.0
2025-11-22 20:53:56,Tran Hung Dao ,Quan 5,10.754895139302109,106.67839188181134,23,33,1.0
2025-11-22 20:53:57,Tran Quoc Thao,Quan 3,10.785070445194592,106.68331340921323,14,27,1.0
2025-11-22 20:54:09,Tran Hung Dao,Quan 5,10.7549373008113,106.67848844133415,23,33,1.0
2025-11-22 20:54:10,Cach Mang Thang 8 (CMT8),Quan 3,10.77898143649726,106.67684447140958,23,34,1.0
2025-11-22 20:54:11,Pham Ngu Lao / Bui Vien,Quan 1,10.767112828386699,106.6927618222887,10,20,1.0
2025-11-22 20:54:12,Nguyen Thi Minh Khai,Quan 3,10.77847212665258,106.69389510879643,31,41,1.0
2025-11-22 20:54:13,Nguyen Van Troi,Phu Nhuan,10.796057790235078,106.67492629345334,23,34,0.999265
2025-11-22 20:54:13,Pham Van Dong,Go Vap,10.835298215641501,106.72935479345391,35,42,0.992248
2025-11-22 20:54:25,Cong truong lam son,Quan 1,10.777562007197462,106.7041335430398,18,30,1.0
2025-11-22 20:54:26,Nguyen Oanh ,Go Vap,10.83886351241477,106.67566625482782,27,36,1.0
2025-11-22 20:54:27,Le Hong Phong,Quan 10,10.765187049751795,106.67550552599073,24,36,1.0
2025-11-22 20:54:28,Nguyen Van Cu,Quan 5,10.759484371982321,106.6840537511244,15,26,1.0
2025-11-22 20:54:29,Nga tu Binh Phuoc,Ngoai o,10.865229381280965,106.72366973948475,39,49,1.0
2025-11-22 20:54:30,Phu My Hung ,Quan 7,10.72279213640514,106.72808623948244,26,37,0.996503
2025-11-22 20:54:37,Nguyen Thai Son,Phu Nhuan,10.823400120373712,106.68551227436063,18,32,1.0
2025-11-22 20:54:38,An Duong Vuong,Quan 8,10.756158554057757,106.66631758181126,30,30,1.0
2025-11-22 20:54:39,Huynh Tan Phat,Nha Be,10.7144382088356,106.73711688366167,24,35,1.0
2025-11-22 20:54:40,Truong Chinh,Tan Binh ,10.817236653231737,106.63191539530457,25,35,1.0
2025-11-22 20:56:41,Cho Ben Thanh,Quan 1,10.772727584493625,106.69804225297563,11,24,0.955192
2025-11-22 20:56:42,Duong Nguyen Hue,Quan 1,10.774028664434528,106.70357076461706,11,28,0.87
2025-11-22 20:56:42,Nguyen Van Linh,Quan 7,10.752616652291238,106.72509685338922,39,39,1.0
2025-11-22 20:56:43,Vo Van Kiet,Quan 5,10.745754766198267,106.65326266831877,38,43,1.0
2025-11-22 20:56:44,Xa lo Ha Noi,QL1A,10.94927106740351,106.87196348224562,32,41,1.0
2025-11-22 20:56:45,Duong Dien Bien Phu,Quan 1,10.78866360854368,106.69551372228901,34,42,1.0
2025-11-22 20:56:57,Nga tu Hang Xanh,Binh Thanh,10.801406421807085,106.71148440879679,34,42,1.0
2025-11-22 20:57:09,Nga tu An Suong,Hoc Mon,10.843150534972033,106.6151343241409,25,35,1.0
2025-11-22 20:57:10,Ben xe Mien Dong,Quan 9,10.880537767027526,106.81481342866444,53,53,1.0
2025-11-22 20:57:11,Ben xe Mien Tay,Binh Tan,10.740840166521663,106.61899246873142,34,34,1.0
2025-11-22 20:57:11,Cau Sai Gon,Quan 2 ,10.798986343749618,106.72697056646841,35,45,1.0
2025-11-22 20:57:21,Cau Phu My,Q2,10.741860769464234,106.73790365482627,45,45,1.0
2025-11-22 20:57:33,Cau Kenh Te,Q4,10.752408891679814,106.7022703818112,26,34,1.0
2025-11-22 20:57:34,Cau Thu Thiem,Quan 2,10.786216596454727,106.71836665482695,35,40,1.0
2025-11-22 20:57:34,Nguyen Huu Canh,Binh Thanh,10.78948793356203,106.71518838181179,36,36,1.0
2025-11-22 20:57:35,Cong Hoa,Tan Binh,10.80223925742187,106.6478722259914,26,40,1.0
2025-11-22 20:57:36,Truong Son / Tan Son Nhat Blvd,Gan san bay,10.813928881466124,106.66511432455972,23,33,1.0
2025-11-22 20:57:37,Nguyen Trai,Quan 5,10.755608615763382,106.67347943578082,19,28,1.0
2025-11-22 20:57:38,Le Duan,Quan 1,10.782680856341083,106.70051548181169,18,30,1.0
2025-11-22 20:57:45,Tran Hung Dao ,Quan 5,10.754895139302109,106.67839188181134,21,33,1.0
2025-11-22 20:57:46,Tran Quoc Thao,Quan 3,10.785070445194592,106.68331340921323,18,28,1.0
2025-11-22 20:57:46,Tran Hung Dao,Quan 5,10.7549373008113,106.67848844133415,21,33,1.0
2025-11-22 20:57:47,Cach Mang Thang 8 (CMT8),Quan 3,10.77898143649726,106.67684447140958,25,34,1.0
2025-11-22 20:57:48,Pham Ngu Lao / Bui Vien,Quan 1,10.767112828386699,106.6927618222887,11,20,1.0
2025-11-22 20:57:49,Nguyen Thi Minh Khai,Quan 3,10.77847212665258,106.69389510879643,31,42,1.0
2025-11-22 20:57:57,Nguyen Van Troi,Phu Nhuan,10.796057790235078,106.67492629345334,23,33,1.0
2025-11-22 20:58:08,Pham Van Dong,Go Vap,10.835298215641501,106.72935479345391,33,42,0.992054
2025-11-22 20:58:09,Cong truong lam son,Quan 1,10.777562007197462,106.7041335430398,19,30,1.0
2025-11-22 20:58:10,Nguyen Oanh ,Go Vap,10.83886351241477,106.67566625482782,27,36,1.0
2025-11-22 20:58:11,Le Hong Phong,Quan 10,10.765187049751795,106.67550552599073,24,35,1.0
2025-11-22 20:58:12,Nguyen Van Cu,Quan 5,10.759484371982321,106.6840537511244,19,27,1.0
2025-11-22 20:58:13,Nga tu Binh Phuoc,Ngoai o,10.865229381280965,106.72366973948475,38,49,1.0
2025-11-22 20:58:13,Phu My Hung ,Quan 7,10.72279213640514,106.72808623948244,28,37,0.998015
2025-11-22 20:58:14,Nguyen Thai Son,Phu Nhuan,10.823400120373712,106.68551227436063,19,32,1.0
2025-11-22 20:58:20,An Duong Vuong,Quan 8,10.756158554057757,106.66631758181126,24,30,1.0
2025-11-22 20:58:21,Huynh Tan Phat,Nha Be,10.7144382088356,106.73711688366167,25,35,1.0
2025-11-22 20:58:22,Truong Chinh,Tan Binh ,10.817236653231737,106.63191539530457,25,35,1.0
2025-11-22 21:00:34,Cho Ben Thanh,Quan 1,10.772727584493625,106.69804225297563,12,24,0.961145
2025-11-22 21:00:35,Duong Nguyen Hue,Quan 1,10.774028664434528,106.70357076461706,11,27,0.87
2025-11-22 21:00:36,Nguyen Van Linh,Quan 7,10.752616652291238,106.72509685338922,39,39,1.0
2025-11-22 21:00:37,Vo Van Kiet,Quan 5,10.745754766198267,106.65326266831877,42,42,1.0
2025-11-22 21:00:37,Xa lo Ha Noi,QL1A,10.94927106740351,106.87196348224562,27,42,1.0
2025-11-22 21:00:38,Duong Dien Bien Phu,Quan 1,10.78866360854368,106.69551372228901,33,41,1.0
2025-11-22 21:00:46,Nga tu Hang Xanh,Binh Thanh,10.801406421807085,106.71148440879679,33,41,1.0
2025-11-22 21:00:58,Nga tu An Suong,Hoc Mon,10.843150534972033,106.6151343241409,26,35,1.0
2025-11-22 21:01:10,Ben xe Mien Dong,Quan 9,10.880537767027526,106.81481342866444,53,53,1.0
2025-11-22 21:01:22,Ben xe Mien Tay,Binh Tan,10.740840166521663,106.61899246873142,34,34,1.0
2025-11-22 21:01:22,Cau Sai Gon,Quan 2 ,10.798986343749618,106.72697056646841,45,45,1.0
2025-11-22 21:01:23,Cau Phu My,Q2,10.741860769464234,106.73790365482627,45,45,1.0
2025-11-22 21:01:24,Cau Kenh Te,Q4,10.752408891679814,106.7022703818112,25,34,1.0
2025-11-22 21:01:25,Cau Thu Thiem,Quan 2,10.786216596454727,106.71836665482695,40,40,1.0
2025-11-22 21:01:26,Nguyen Huu Canh,Binh Thanh,10.78948793356203,106.71518838181179,36,36,1.0
2025-11-22 21:01:38,Cong Hoa,Tan Binh,10.80223925742187,106.6478722259914,28,41,1.0
2025-11-22 21:01:50,Truong Son / Tan Son Nhat Blvd,Gan san bay,10.813928881466124,106.66511432455972,24,34,0.998979
2025-11-22 21:01:51,Nguyen Trai,Quan 5,10.755608615763382,106.67347943578082,19,28,1.0
2025-11-22 21:01:52,Le Duan,Quan 1,10.782680856341083,106.70051548181169,18,30,1.0
2025-11-22 21:01:52,Tran Hung Dao ,Quan 5,10.754895139302109,106.67839188181134,22,33,1.0
2025-11-22 21:01:53,Tran Quoc Thao,Quan 3,10.785070445194592,106.68331340921323,14,26,1.0
2025-11-22 21:01:54,Tran Hung Dao,Quan 5,10.7549373008113,106.67848844133415,22,33,1.0
2025-11-22 21:02:02,Cach Mang Thang 8 (CMT8),Quan 3,10.77898143649726,106.67684447140958,24,34,1.0
2025-11-22 21:02:14,Pham Ngu Lao / Bui Vien,Quan 1,10.767112828386699,106.6927618222887,9,21,1.0
2025-11-22 21:02:14,Nguyen Thi Minh Khai,Quan 3,10.77847212665258,106.69389510879643,31,41,1.0
2025-11-22 21:02:15,Nguyen Van Troi,Phu Nhuan,10.796057790235078,106.67492629345334,23,33,1.0
2025-11-22 21:02:16,Pham Van Dong,Go Vap,10.835298215641501,106.72935479345391,35,42,0.994851
2025-11-22 21:02:17,Cong truong lam son,Quan 1,10.777562007197462,106.7041335430398,18,30,1.0
2025-11-22 21:02:18,Nguyen Oanh ,Go Vap,10.83886351241477,106.67566625482782,28,36,1.0
2025-11-22 21:02:25,Le Hong Phong,Quan 10,10.765187049751795,106.67550552599073,22,35,1.0
2025-11-22 21:02:27,Nguyen Van Cu,Quan 5,10.759484371982321,106.6840537511244,19,28,1.0
2025-11-22 21:02:28,Nga tu Binh Phuoc,Ngoai o,10.865229381280965,106.72366973948475,38,49,1.0
2025-11-22 21:02:29,Phu My Hung ,Quan 7,10.72279213640514,106.72808623948244,28,36,0.998072
2025-11-22 21:02:30,Nguyen Thai Son,Phu Nhuan,10.823400120373712,106.68551227436063,21,31,1.0
2025-11-22 21:02:37,An Duong Vuong,Quan 8,10.756158554057757,106.66631758181126,24,29,1.0
2025-11-22 21:02:49,Huynh Tan Phat,Nha Be,10.7144382088356,106.73711688366167,25,35,1.0
2025-11-22 21:02:50,Truong Chinh,Tan Binh ,10.817236653231737,106.63191539530457,26,35,1.0
2025-11-22 21:04:51,Cho Ben Thanh,Quan 1,10.772727584493625,106.69804225297563,12,24,0.959952
2025-11-22 21:04:52,Duong Nguyen Hue,Quan 1,10.774028664434528,106.70357076461706,12,29,0.89
2025-11-22 21:04:53,Nguyen Van Linh,Quan 7,10.752616652291238,106.72509685338922,39,39,1.0
2025-11-22 21:04:54,Vo Van Kiet,Quan 5,10.745754766198267,106.65326266831877,42,42,1.0
2025-11-22 21:05:02,Xa lo Ha Noi,QL1A,10.94927106740351,106.87196348224562,29,41,1.0
2025-11-22 21:05:03,Duong Dien Bien Phu,Quan 1,10.78866360854368,106.69551372228901,35,42,1.0
2025-11-22 21:05:04,Nga tu Hang Xanh,Binh Thanh,10.801406421807085,106.71148440879679,35,42,1.0
2025-11-22 21:05:05,Nga tu An Suong,Hoc Mon,10.843150534972033,106.6151343241409,25,34,1.0
2025-11-22 21:05:05,Ben xe Mien Dong,Quan 9,10.880537767027526,106.81481342866444,53,53,1.0
2025-11-22 21:05:06,Ben xe Mien Tay,Binh Tan,10.740840166521663,106.61899246873142,34,34,1.0
2025-11-22 21:05:14,Cau Sai Gon,Quan 2 ,10.798986343749618,106.72697056646841,35,44,1.0
2025-11-22 21:05:15,Cau Phu My,Q2,10.741860769464234,106.73790365482627,45,45,1.0
2025-11-22 21:05:16,Cau Kenh Te,Q4,10.752408891679814,106.7022703818112,27,34,1.0
2025-11-22 21:05:16,Cau Thu Thiem,Quan 2,10.786216596454727,106.71836665482695,35,40,1.0
2025-11-22 21:05:17,Nguyen Huu Canh,Binh Thanh,10.78948793356203,106.71518838181179,36,36,1.0
2025-11-22 21:05:18,Cong Hoa,Tan Binh,10.80223925742187,106.6478722259914,30,41,1.0
2025-11-22 21:05:26,Truong Son / Tan Son Nhat Blvd,Gan san bay,10.813928881466124,106.66511432455972,23,33,1.0
2025-11-22 21:05:27,Nguyen Trai,Quan 5,10.755608615763382,106.67347943578082,16,26,1.0
2025-11-22 21:05:28,Le Duan,Quan 1,10.782680856341083,106.70051548181169,18,30,1.0
2025-11-22 21:05:28,Tran Hung Dao ,Quan 5,10.754895139302109,106.67839188181134,21,32,1.0
2025-11-22 21:05:29,Tran Quoc Thao,Quan 3,10.785070445194592,106.68331340921323,16,28,1.0
2025-11-22 21:05:30,Tran Hung Dao,Quan 5,10.7549373008113,106.67848844133415,21,32,1.0
2025-11-22 21:05:38,Cach Mang Thang 8 (CMT8),Quan 3,10.77898143649726,106.67684447140958,25,34,1.0
2025-11-22 21:05:39,Pham Ngu Lao / Bui Vien,Quan 1,10.767112828386699,106.6927618222887,9,21,1.0
2025-11-22 21:05:40,Nguyen Thi Minh Khai,Quan 3,10.77847212665258,106.69389510879643,31,42,1.0
2025-11-22 21:05:40,Nguyen Van Troi,Phu Nhuan,10.796057790235078,106.67492629345334,23,33,1.0
2025-11-22 21:05:41,Pham Van Dong,Go Vap,10.835298215641501,106.72935479345391,34,42,0.995706
2025-11-22 21:05:42,Cong truong lam son,Quan 1,10.777562007197462,106.7041335430398,18,30,1.0
2025-11-22 21:05:50,Nguyen Oanh ,Go Vap,10.83886351241477,106.67566625482782,25,35,1.0
2025-11-22 21:05:51,Le Hong Phong,Quan 10,10.765187049751795,106.67550552599073,20,35,1.0
2025-11-22 21:05:51,Nguyen Van Cu,Quan 5,10.759484371982321,106.6840537511244,16,27,1.0
2025-11-22 21:05:52,Nga tu Binh Phuoc,Ngoai o,10.865229381280965,106.72366973948475,37,49,1.0
2025-11-22 21:05:53,Phu My Hung ,Quan 7,10.72279213640514,106.72808623948244,26,37,0.997777
2025-11-22 21:05:54,Nguyen Thai Son,Phu Nhuan,10.823400120373712,106.68551227436063,21,32,1.0
2025-11-22 21:06:02,An Duong Vuong,Quan 8,10.756158554057757,106.66631758181126,24,30,1.0
2025-11-22 21:06:03,Huynh Tan Phat,Nha Be,10.7144382088356,106.73711688366167,26,35,1.0
2025-11-22 21:06:03,Truong Chinh,Tan Binh ,10.817236653231737,106.63191539530457,26,35,1.0
2025-11-22 21:08:15,Cho Ben Thanh,Quan 1,10.772727584493625,106.69804225297563,14,24,0.970845
2025-11-22 21:08:16,Duong Nguyen Hue,Quan 1,10.774028664434528,106.70357076461706,9,28,0.9
2025-11-22 21:08:17,Nguyen Van Linh,Quan 7,10.752616652291238,106.72509685338922,39,39,1.0
2025-11-22 21:08:18,Vo Van Kiet,Quan 5,10.745754766198267,106.65326266831877,42,42,1.0
2025-11-22 21:08:19,Xa lo Ha Noi,QL1A,10.94927106740351,106.87196348224562,29,41,1.0
2025-11-22 21:08:20,Duong Dien Bien Phu,Quan 1,10.78866360854368,106.69551372228901,36,42,1.0
2025-11-22 21:08:20,Nga tu Hang Xanh,Binh Thanh,10.801406421807085,106.71148440879679,36,42,1.0
2025-11-22 21:08:21,Nga tu An Suong,Hoc Mon,10.843150534972033,106.6151343241409,27,35,1.0
2025-11-22 21:08:22,Ben xe Mien Dong,Quan 9,10.880537767027526,106.81481342866444,53,53,1.0
2025-11-22 21:08:23,Ben xe Mien Tay,Binh Tan,10.740840166521663,106.61899246873142,34,34,1.0
2025-11-22 21:08:24,Cau Sai Gon,Quan 2 ,10.798986343749618,106.72697056646841,45,45,1.0
2025-11-22 21:08:36,Cau Phu My,Q2,10.741860769464234,106.73790365482627,45,45,1.0
2025-11-22 21:08:48,Cau Kenh Te,Q4,10.752408891679814,106.7022703818112,25,33,1.0
2025-11-22 21:09:00,Cau Thu Thiem,Quan 2,10.786216596454727,106.71836665482695,40,40,1.0
2025-11-22 21:09:01,Nguyen Huu Canh,Binh Thanh,10.78948793356203,106.71518838181179,36,36,1.0
2025-11-22 21:09:01,Cong Hoa,Tan Binh,10.80223925742187,106.6478722259914,25,41,1.0
2025-11-22 21:09:02,Truong Son / Tan Son Nhat Blvd,Gan san bay,10.813928881466124,106.66511432455972,23,33,1.0
2025-11-22 21:09:03,Nguyen Trai,Quan 5,10.755608615763382,106.67347943578082,16,27,1.0
2025-11-22 21:09:04,Le Duan,Quan 1,10.782680856341083,106.70051548181169,18,30,1.0
2025-11-22 21:09:12,Tran Hung Dao ,Quan 5,10.754895139302109,106.67839188181134,24,33,1.0
2025-11-22 21:09:23,Tran Quoc Thao,Quan 3,10.785070445194592,106.68331340921323,14,28,1.0
2025-11-22 21:09:24,Tran Hung Dao,Quan 5,10.7549373008113,106.67848844133415,22,32,1.0
2025-11-22 21:09:25,Cach Mang Thang 8 (CMT8),Quan 3,10.77898143649726,106.67684447140958,25,34,1.0
2025-11-22 21:09:26,Pham Ngu Lao / Bui Vien,Quan 1,10.767112828386699,106.6927618222887,11,20,1.0
2025-11-22 21:09:27,Nguyen Thi Minh Khai,Quan 3,10.77847212665258,106.69389510879643,31,41,1.0
2025-11-22 21:09:28,Nguyen Van Troi,Phu Nhuan,10.796057790235078,106.67492629345334,24,33,0.999528
2025-11-22 21:09:35,Pham Van Dong,Go Vap,10.835298215641501,106.72935479345391,36,42,0.995389
2025-11-22 21:09:36,Cong truong lam son,Quan 1,10.777562007197462,106.7041335430398,17,30,1.0
2025-11-22 21:09:37,Nguyen Oanh ,Go Vap,10.83886351241477,106.67566625482782,26,36,1.0
2025-11-22 21:09:38,Le Hong Phong,Quan 10,10.765187049751795,106.67550552599073,25,35,1.0
2025-11-22 21:09:39,Nguyen Van Cu,Quan 5,10.759484371982321,106.6840537511244,17,28,1.0
2025-11-22 21:09:40,Nga tu Binh Phuoc,Ngoai o,10.865229381280965,106.72366973948475,38,49,1.0
2025-11-22 21:09:52,Phu My Hung ,Quan 7,10.72279213640514,106.72808623948244,28,37,0.998252
2025-11-22 21:09:53,Nguyen Thai Son,Phu Nhuan,10.823400120373712,106.68551227436063,21,32,1.0
2025-11-22 21:09:54,An Duong Vuong,Quan 8,10.756158554057757,106.66631758181126,23,29,1.0
2025-11-22 21:09:54,Huynh Tan Phat,Nha Be,10.7144382088356,106.73711688366167,27,35,1.0
2025-11-22 21:09:55,Truong Chinh,Tan Binh ,10.817236653231737,106.63191539530457,26,35,1.0
2025-11-22 21:12:07,Cho Ben Thanh,Quan 1,10.772727584493625,106.69804225297563,13,24,0.967141
2025-11-22 21:12:08,Duong Nguyen Hue,Quan 1,10.774028664434528,106.70357076461706,9,28,0.9
2025-11-22 21:12:09,Nguyen Van Linh,Quan 7,10.752616652291238,106.72509685338922,39,39,1.0
2025-11-22 21:12:10,Vo Van Kiet,Quan 5,10.745754766198267,106.65326266831877,42,42,1.0
2025-11-22 21:12:11,Xa lo Ha Noi,QL1A,10.94927106740351,106.87196348224562,42,42,1.0
2025-11-22 21:12:12,Duong Dien Bien Phu,Quan 1,10.78866360854368,106.69551372228901,35,41,1.0
2025-11-22 21:12:19,Nga tu Hang Xanh,Binh Thanh,10.801406421807085,106.71148440879679,35,41,1.0
2025-11-22 21:12:31,Nga tu An Suong,Hoc Mon,10.843150534972033,106.6151343241409,25,34,1.0
2025-11-22 21:12:32,Ben xe Mien Dong,Quan 9,10.880537767027526,106.81481342866444,53,53,1.0
2025-11-22 21:12:33,Ben xe Mien Tay,Binh Tan,10.740840166521663,106.61899246873142,34,34,1.0
2025-11-22 21:12:34,Cau Sai Gon,Quan 2 ,10.798986343749618,106.72697056646841,45,45,1.0
2025-11-22 21:12:35,Cau Phu My,Q2,10.741860769464234,106.73790365482627,45,45,1.0
2025-11-22 21:12:35,Cau Kenh Te,Q4,10.752408891679814,106.7022703818112,25,32,1.0
2025-11-22 21:12:43,Cau Thu Thiem,Quan 2,10.786216596454727,106.71836665482695,40,40,1.0
2025-11-22 21:12:44,Nguyen Huu Canh,Binh Thanh,10.78948793356203,106.71518838181179,36,36,1.0
2025-11-22 21:12:45,Cong Hoa,Tan Binh,10.80223925742187,106.6478722259914,30,40,1.0
2025-11-22 21:12:46,Truong Son / Tan Son Nhat Blvd,Gan san bay,10.813928881466124,106.66511432455972,24,34,1.0
2025-11-22 21:12:47,Nguyen Trai,Quan 5,10.755608615763382,106.67347943578082,17,28,1.0
2025-11-22 21:12:48,Le Duan,Quan 1,10.782680856341083,106.70051548181169,19,30,1.0
2025-11-22 21:12:59,Tran Hung Dao ,Quan 5,10.754895139302109,106.67839188181134,21,32,1.0
2025-11-22 21:13:11,Tran Quoc Thao,Quan 3,10.785070445194592,106.68331340921323,16,27,1.0
2025-11-22 21:13:23,Tran Hung Dao,Quan 5,10.7549373008113,106.67848844133415,21,32,1.0
2025-11-22 21:13:35,Cach Mang Thang 8 (CMT8),Quan 3,10.77898143649726,106.67684447140958,26,34,1.0
2025-11-22 21:13:36,Pham Ngu Lao / Bui Vien,Quan 1,10.767112828386699,106.6927618222887,10,19,1.0
2025-11-22 21:13:37,Nguyen Thi Minh Khai,Quan 3,10.77847212665258,106.69389510879643,32,41,1.0
2025-11-22 21:13:38,Nguyen Van Troi,Phu Nhuan,10.796057790235078,106.67492629345334,24,34,1.0
2025-11-22 21:13:38,Pham Van Dong,Go Vap,10.835298215641501,106.72935479345391,34,42,0.996224
2025-11-22 21:13:39,Cong truong lam son,Quan 1,10.777562007197462,106.7041335430398,18,30,1.0
2025-11-22 21:13:40,Nguyen Oanh ,Go Vap,10.83886351241477,106.67566625482782,25,36,1.0
2025-11-22 21:13:47,Le Hong Phong,Quan 10,10.765187049751795,106.67550552599073,23,36,1.0
2025-11-22 21:13:59,Nguyen Van Cu,Quan 5,10.759484371982321,106.6840537511244,18,28,1.0
2025-11-22 21:14:00,Nga tu Binh Phuoc,Ngoai o,10.865229381280965,106.72366973948475,38,49,1.0
2025-11-22 21:14:01,Phu My Hung ,Quan 7,10.72279213640514,106.72808623948244,27,37,0.997961
2025-11-22 21:14:01,Nguyen Thai Son,Phu Nhuan,10.823400120373712,106.68551227436063,20,31,1.0
2025-11-22 21:14:02,An Duong Vuong,Quan 8,10.756158554057757,106.66631758181126,23,30,1.0
2025-11-22 21:14:03,Huynh Tan Phat,Nha Be,10.7144382088356,106.73711688366167,26,35,1.0
2025-11-22 21:14:04,Truong Chinh,Tan Binh ,10.817236653231737,106.63191539530457,26,35,1.0
2025-11-22 21:16:16,Cho Ben Thanh,Quan 1,10.772727584493625,106.69804225297563,12,23,0.957712
2025-11-22 21:16:17,Duong Nguyen Hue,Quan 1,10.774028664434528,106.70357076461706,10,29,0.84
2025-11-22 21:16:18,Nguyen Van Linh,Quan 7,10.752616652291238,106.72509685338922,39,39,1.0
2025-11-22 21:16:18,Vo Van Kiet,Quan 5,10.745754766198267,106.65326266831877,42,42,1.0
2025-11-22 21:16:19,Xa lo Ha Noi,QL1A,10.94927106740351,106.87196348224562,42,42,1.0
2025-11-22 21:16:20,Duong Dien Bien Phu,Quan 1,10.78866360854368,106.69551372228901,34,41,1.0
2025-11-22 21:16:21,Nga tu Hang Xanh,Binh Thanh,10.801406421807085,106.71148440879679,34,41,1.0
2025-11-22 21:16:22,Nga tu An Suong,Hoc Mon,10.843150534972033,106.6151343241409,25,35,1.0
2025-11-22 21:16:23,Ben xe Mien Dong,Quan 9,10.880537767027526,106.81481342866444,53,53,1.0
2025-11-22 21:16:23,Ben xe Mien Tay,Binh Tan,10.740840166521663,106.61899246873142,30,35,1.0
2025-11-22 21:16:24,Cau Sai Gon,Quan 2 ,10.798986343749618,106.72697056646841,32,44,1.0
2025-11-22 21:16:31,Cau Phu My,Q2,10.741860769464234,106.73790365482627,38,44,1.0
2025-11-22 21:16:43,Cau Kenh Te,Q4,10.752408891679814,106.7022703818112,25,34,1.0
2025-11-22 21:16:44,Cau Thu Thiem,Quan 2,10.786216596454727,106.71836665482695,40,40,1.0
2025-11-22 21:16:45,Nguyen Huu Canh,Binh Thanh,10.78948793356203,106.71518838181179,36,36,1.0
2025-11-22 21:16:45,Cong Hoa,Tan Binh,10.80223925742187,106.6478722259914,29,41,1.0
2025-11-22 21:16:46,Truong Son / Tan Son Nhat Blvd,Gan san bay,10.813928881466124,106.66511432455972,24,34,0.999528
2025-11-22 21:16:47,Nguyen Trai,Quan 5,10.755608615763382,106.67347943578082,15,27,1.0
2025-11-22 21:16:55,Le Duan,Quan 1,10.782680856341083,106.70051548181169,19,30,1.0
2025-11-22 21:17:07,Tran Hung Dao ,Quan 5,10.754895139302109,106.67839188181134,21,32,1.0
2025-11-22 21:17:08,Tran Quoc Thao,Quan 3,10.785070445194592,106.68331340921323,13,28,1.0
2025-11-22 21:17:09,Tran Hung Dao,Quan 5,10.7549373008113,106.67848844133415,21,32,1.0
2025-11-22 21:17:10,Cach Mang Thang 8 (CMT8),Quan 3,10.77898143649726,106.67684447140958,24,34,1.0
2025-11-22 21:17:10,Pham Ngu Lao / Bui Vien,Quan 1,10.767112828386699,106.6927618222887,12,19,1.0
2025-11-22 21:17:11,Nguyen Thi Minh Khai,Quan 3,10.77847212665258,106.69389510879643,32,41,1.0
2025-11-22 21:17:19,Nguyen Van Troi,Phu Nhuan,10.796057790235078,106.67492629345334,23,33,0.999528
2025-11-22 21:17:31,Pham Van Dong,Go Vap,10.835298215641501,106.72935479345391,35,42,0.996397
2025-11-22 21:17:32,Cong truong lam son,Quan 1,10.777562007197462,106.7041335430398,18,30,1.0
2025-11-22 21:17:32,Nguyen Oanh ,Go Vap,10.83886351241477,106.67566625482782,26,36,1.0
2025-11-22 21:17:33,Le Hong Phong,Quan 10,10.765187049751795,106.67550552599073,26,35,1.0
2025-11-22 21:17:34,Nguyen Van Cu,Quan 5,10.759484371982321,106.6840537511244,16,27,1.0
2025-11-22 21:17:35,Nga tu Binh Phuoc,Ngoai o,10.865229381280965,106.72366973948475,39,49,1.0
2025-11-22 21:17:36,Phu My Hung ,Quan 7,10.72279213640514,106.72808623948244,26,37,0.997702
2025-11-22 21:17:37,Nguyen Thai Son,Phu Nhuan,10.823400120373712,106.68551227436063,21,31,1.0
2025-11-22 21:17:38,An Duong Vuong,Quan 8,10.756158554057757,106.66631758181126,23,30,1.0
2025-11-22 21:17:38,Huynh Tan Phat,Nha Be,10.7144382088356,106.73711688366167,26,35,1.0
2025-11-22 21:17:39,Truong Chinh,Tan Binh ,10.817236653231737,106.63191539530457,27,35,1.0
2025-11-22 21:19:40,Cho Ben Thanh,Quan 1,10.772727584493625,106.69804225297563,12,24,0.965655
2025-11-22 21:19:41,Duong Nguyen Hue,Quan 1,10.774028664434528,106.70357076461706,9,29,0.8
2025-11-22 21:19:42,Nguyen Van Linh,Quan 7,10.752616652291238,106.72509685338922,39,39,1.0
2025-11-22 21:19:43,Vo Van Kiet,Quan 5,10.745754766198267,106.65326266831877,42,42,1.0
2025-11-22 21:19:44,Xa lo Ha Noi,QL1A,10.94927106740351,106.87196348224562,42,42,1.0
2025-11-22 21:19:44,Duong Dien Bien Phu,Quan 1,10.78866360854368,106.69551372228901,34,41,1.0
2025-11-22 21:19:45,Nga tu Hang Xanh,Binh Thanh,10.801406421807085,106.71148440879679,34,41,1.0
2025-11-22 21:19:51,Nga tu An Suong,Hoc Mon,10.843150534972033,106.6151343241409,26,35,1.0
2025-11-22 21:19:52,Ben xe Mien Dong,Quan 9,10.880537767027526,106.81481342866444,53,53,1.0
2025-11-22 21:19:53,Ben xe Mien Tay,Binh Tan,10.740840166521663,106.61899246873142,34,34,1.0
2025-11-22 21:19:54,Cau Sai Gon,Quan 2 ,10.798986343749618,106.72697056646841,45,45,1.0
2025-11-22 21:19:55,Cau Phu My,Q2,10.741860769464234,106.73790365482627,37,44,1.0
2025-11-22 21:19:56,Cau Kenh Te,Q4,10.752408891679814,106.7022703818112,25,33,1.0
2025-11-22 21:20:03,Cau Thu Thiem,Quan 2,10.786216596454727,106.71836665482695,40,40,1.0
2025-11-22 21:20:04,Nguyen Huu Canh,Binh Thanh,10.78948793356203,106.71518838181179,29,36,1.0
2025-11-22 21:20:05,Cong Hoa,Tan Binh,10.80223925742187,106.6478722259914,26,40,1.0
2025-11-22 21:20:06,Truong Son / Tan Son Nhat Blvd,Gan san bay,10.813928881466124,106.66511432455972,24,33,0.999528
2025-11-22 21:20:07,Nguyen Trai,Quan 5,10.755608615763382,106.67347943578082,16,27,1.0
2025-11-22 21:20:07,Le Duan,Quan 1,10.782680856341083,106.70051548181169,18,30,1.0
2025-11-22 21:20:15,Tran Hung Dao ,Quan 5,10.754895139302109,106.67839188181134,22,32,1.0
2025-11-22 21:20:16,Tran Quoc Thao,Quan 3,10.785070445194592,106.68331340921323,16,27,1.0
2025-11-22 21:20:17,Tran Hung Dao,Quan 5,10.7549373008113,106.67848844133415,22,32,1.0
2025-11-22 21:20:18,Cach Mang Thang 8 (CMT8),Quan 3,10.77898143649726,106.67684447140958,25,34,1.0
2025-11-22 21:20:19,Pham Ngu Lao / Bui Vien,Quan 1,10.767112828386699,106.6927618222887,12,20,1.0
2025-11-22 21:20:19,Nguyen Thi Minh Khai,Quan 3,10.77847212665258,106.69389510879643,31,41,1.0
2025-11-22 21:20:20,Nguyen Van Troi,Phu Nhuan,10.796057790235078,106.67492629345334,23,34,0.999715
2025-11-22 21:20:21,Pham Van Dong,Go Vap,10.835298215641501,106.72935479345391,34,42,0.995855
2025-11-22 21:20:22,Cong truong lam son,Quan 1,10.777562007197462,106.7041335430398,19,30,1.0
2025-11-22 21:20:23,Nguyen Oanh ,Go Vap,10.83886351241477,106.67566625482782,26,36,1.0
2025-11-22 21:20:23,Le Hong Phong,Quan 10,10.765187049751795,106.67550552599073,25,36,1.0
2025-11-22 21:20:24,Nguyen Van Cu,Quan 5,10.759484371982321,106.6840537511244,16,27,1.0
2025-11-22 21:20:27,Nga tu Binh Phuoc,Ngoai o,10.865229381280965,106.72366973948475,39,49,1.0
2025-11-22 21:20:28,Phu My Hung ,Quan 7,10.72279213640514,106.72808623948244,27,37,0.996621
2025-11-22 21:20:29,Nguyen Thai Son,Phu Nhuan,10.823400120373712,106.68551227436063,19,31,1.0
2025-11-22 21:20:29,An Duong Vuong,Quan 8,10.756158554057757,106.66631758181126,30,30,1.0
2025-11-22 21:20:30,Huynh Tan Phat,Nha Be,10.7144382088356,106.73711688366167,27,36,1.0
2025-11-22 21:20:31,Truong Chinh,Tan Binh ,10.817236653231737,106.63191539530457,25,35,1.0
2025-11-22 21:22:43,Cho Ben Thanh,Quan 1,10.772727584493625,106.69804225297563,12,24,0.965655
2025-11-22 21:22:44,Duong Nguyen Hue,Quan 1,10.774028664434528,106.70357076461706,9,29,0.85
2025-11-22 21:22:45,Nguyen Van Linh,Quan 7,10.752616652291238,106.72509685338922,39,39,1.0
2025-11-22 21:22:46,Vo Van Kiet,Quan 5,10.745754766198267,106.65326266831877,42,42,1.0
2025-11-22 21:22:47,Xa lo Ha Noi,QL1A,10.94927106740351,106.87196348224562,42,42,1.0
2025-11-22 21:22:47,Duong Dien Bien Phu,Quan 1,10.78866360854368,106.69551372228901,34,41,1.0
2025-11-22 21:22:59,Nga tu Hang Xanh,Binh Thanh,10.801406421807085,106.71148440879679,34,41,1.0
2025-11-22 21:23:00,Nga tu An Suong,Hoc Mon,10.843150534972033,106.6151343241409,24,35,1.0
2025-11-22 21:23:01,Ben xe Mien Dong,Quan 9,10.880537767027526,106.81481342866444,53,53,1.0
2025-11-22 21:23:02,Ben xe Mien Tay,Binh Tan,10.740840166521663,106.61899246873142,34,34,1.0
2025-11-22 21:23:03,Cau Sai Gon,Quan 2 ,10.798986343749618,106.72697056646841,45,45,1.0
2025-11-22 21:23:04,Cau Phu My,Q2,10.741860769464234,106.73790365482627,45,45,1.0
2025-11-22 21:23:04,Cau Kenh Te,Q4,10.752408891679814,106.7022703818112,27,33,1.0
2025-11-22 21:23:05,Cau Thu Thiem,Quan 2,10.786216596454727,106.71836665482695,34,40,1.0
2025-11-22 21:23:06,Nguyen Huu Canh,Binh Thanh,10.78948793356203,106.71518838181179,36,36,1.0
2025-11-22 21:23:07,Cong Hoa,Tan Binh,10.80223925742187,106.6478722259914,27,41,1.0
2025-11-22 21:23:08,Truong Son / Tan Son Nhat Blvd,Gan san bay,10.813928881466124,106.66511432455972,25,34,1.0
2025-11-22 21:23:09,Nguyen Trai,Quan 5,10.755608615763382,106.67347943578082,17,28,1.0
2025-11-22 21:23:11,Le Duan,Quan 1,10.782680856341083,106.70051548181169,19,31,1.0
2025-11-22 21:23:12,Tran Hung Dao ,Quan 5,10.754895139302109,106.67839188181134,20,33,1.0
2025-11-22 21:23:13,Tran Quoc Thao,Quan 3,10.785070445194592,106.68331340921323,16,28,1.0
2025-11-22 21:23:14,Tran Hung Dao,Quan 5,10.7549373008113,106.67848844133415,20,33,1.0
2025-11-22 21:23:15,Cach Mang Thang 8 (CMT8),Quan 3,10.77898143649726,106.67684447140958,24,34,1.0
2025-11-22 21:23:16,Pham Ngu Lao / Bui Vien,Quan 1,10.767112828386699,106.6927618222887,12,20,1.0
2025-11-22 21:23:23,Nguyen Thi Minh Khai,Quan 3,10.77847212665258,106.69389510879643,31,41,1.0
2025-11-22 21:23:24,Nguyen Van Troi,Phu Nhuan,10.796057790235078,106.67492629345334,25,34,0.998954
2025-11-22 21:23:25,Pham Van Dong,Go Vap,10.835298215641501,106.72935479345391,34,42,0.996759
2025-11-22 21:23:26,Cong truong lam son,Quan 1,10.777562007197462,106.7041335430398,18,30,1.0
2025-11-22 21:23:27,Nguyen Oanh ,Go Vap,10.83886351241477,106.67566625482782,25,36,1.0
2025-11-22 21:23:27,Le Hong Phong,Quan 10,10.765187049751795,106.67550552599073,24,36,1.0
2025-11-22 21:23:28,Nguyen Van Cu,Quan 5,10.759484371982321,106.6840537511244,17,28,1.0
2025-11-22 21:23:29,Nga tu Binh Phuoc,Ngoai o,10.865229381280965,106.72366973948475,37,48,1.0
2025-11-22 21:23:30,Phu My Hung ,Quan 7,10.72279213640514,106.72808623948244,26,37,0.997703
2025-11-22 21:23:31,Nguyen Thai Son,Phu Nhuan,10.823400120373712,106.68551227436063,18,32,1.0
2025-11-22 21:23:32,An Duong Vuong,Quan 8,10.756158554057757,106.66631758181126,21,29,1.0
2025-11-22 21:23:33,Huynh Tan Phat,Nha Be,10.7144382088356,106.73711688366167,27,35,1.0
2025-11-22 21:23:34,Truong Chinh,Tan Binh ,10.817236653231737,106.63191539530457,24,35,1.0
2025-11-22 21:25:35,Cho Ben Thanh,Quan 1,10.772727584493625,106.69804225297563,11,24,0.959481
2025-11-22 21:25:36,Duong Nguyen Hue,Quan 1,10.774028664434528,106.70357076461706,9,29,0.86
2025-11-22 21:25:37,Nguyen Van Linh,Quan 7,10.752616652291238,106.72509685338922,39,39,1.0
2025-11-22 21:25:37,Vo Van Kiet,Quan 5,10.745754766198267,106.65326266831877,42,42,1.0
2025-11-22 21:25:38,Xa lo Ha Noi,QL1A,10.94927106740351,106.87196348224562,42,42,1.0
2025-11-22 21:25:39,Duong Dien Bien Phu,Quan 1,10.78866360854368,106.69551372228901,35,41,1.0
2025-11-22 21:25:46,Nga tu Hang Xanh,Binh Thanh,10.801406421807085,106.71148440879679,35,41,1.0
2025-11-22 21:25:47,Nga tu An Suong,Hoc Mon,10.843150534972033,106.6151343241409,24,35,1.0
2025-11-22 21:25:48,Ben xe Mien Dong,Quan 9,10.880537767027526,106.81481342866444,53,53,1.0
2025-11-22 21:25:49,Ben xe Mien Tay,Binh Tan,10.740840166521663,106.61899246873142,34,34,1.0
2025-11-22 21:25:50,Cau Sai Gon,Quan 2 ,10.798986343749618,106.72697056646841,45,45,1.0
2025-11-22 21:25:50,Cau Phu My,Q2,10.741860769464234,106.73790365482627,45,45,1.0
2025-11-22 21:25:58,Cau Kenh Te,Q4,10.752408891679814,106.7022703818112,26,33,1.0
2025-11-22 21:25:59,Cau Thu Thiem,Quan 2,10.786216596454727,106.71836665482695,40,40,1.0
2025-11-22 21:26:00,Nguyen Huu Canh,Binh Thanh,10.78948793356203,106.71518838181179,36,36,1.0
2025-11-22 21:26:01,Cong Hoa,Tan Binh,10.80223925742187,106.6478722259914,27,41,1.0
2025-11-22 21:26:01,Truong Son / Tan Son Nhat Blvd,Gan san bay,10.813928881466124,106.66511432455972,23,33,0.998692
2025-11-22 21:26:02,Nguyen Trai,Quan 5,10.755608615763382,106.67347943578082,16,27,1.0
2025-11-22 21:26:10,Le Duan,Quan 1,10.782680856341083,106.70051548181169,19,30,1.0
2025-11-22 21:26:11,Tran Hung Dao ,Quan 5,10.754895139302109,106.67839188181134,22,32,1.0
2025-11-22 21:26:12,Tran Quoc Thao,Quan 3,10.785070445194592,106.68331340921323,15,26,1.0
2025-11-22 21:26:13,Tran Hung Dao,Quan 5,10.7549373008113,106.67848844133415,22,32,1.0
2025-11-22 21:26:13,Cach Mang Thang 8 (CMT8),Quan 3,10.77898143649726,106.67684447140958,24,34,1.0
2025-11-22 21:26:14,Pham Ngu Lao / Bui Vien,Quan 1,10.767112828386699,106.6927618222887,10,21,1.0
2025-11-22 21:26:22,Nguyen Thi Minh Khai,Quan 3,10.77847212665258,106.69389510879643,31,41,1.0
2025-11-22 21:26:23,Nguyen Van Troi,Phu Nhuan,10.796057790235078,106.67492629345334,23,33,0.999713
2025-11-22 21:26:23,Pham Van Dong,Go Vap,10.835298215641501,106.72935479345391,35,42,0.997666
2025-11-22 21:26:24,Cong truong lam son,Quan 1,10.777562007197462,106.7041335430398,19,30,1.0
2025-11-22 21:26:25,Nguyen Oanh ,Go Vap,10.83886351241477,106.67566625482782,26,36,1.0
2025-11-22 21:26:26,Le Hong Phong,Quan 10,10.765187049751795,106.67550552599073,26,36,1.0
2025-11-22 21:26:34,Nguyen Van Cu,Quan 5,10.759484371982321,106.6840537511244,16,27,1.0
2025-11-22 21:26:34,Nga tu Binh Phuoc,Ngoai o,10.865229381280965,106.72366973948475,38,49,1.0
2025-11-22 21:26:35,Phu My Hung ,Quan 7,10.72279213640514,106.72808623948244,27,37,1.0
2025-11-22 21:26:36,Nguyen Thai Son,Phu Nhuan,10.823400120373712,106.68551227436063,21,31,1.0
2025-11-22 21:26:37,An Duong Vuong,Quan 8,10.756158554057757,106.66631758181126,23,29,1.0
2025-11-22 21:26:38,Huynh Tan Phat,Nha Be,10.7144382088356,106.73711688366167,26,35,1.0
2025-11-22 21:26:50,Truong Chinh,Tan Binh ,10.817236653231737,106.63191539530457,24,35,1.0
2025-11-22 21:29:02,Cho Ben Thanh,Quan 1,10.772727584493625,106.69804225297563,13,24,0.949084
2025-11-22 21:29:03,Duong Nguyen Hue,Quan 1,10.774028664434528,106.70357076461706,9,28,0.75
2025-11-22 21:29:03,Nguyen Van Linh,Quan 7,10.752616652291238,106.72509685338922,39,39,1.0
2025-11-22 21:29:04,Vo Van Kiet,Quan 5,10.745754766198267,106.65326266831877,42,42,1.0
2025-11-22 21:29:05,Xa lo Ha Noi,QL1A,10.94927106740351,106.87196348224562,29,42,1.0
2025-11-22 21:29:06,Duong Dien Bien Phu,Quan 1,10.78866360854368,106.69551372228901,34,41,1.0
2025-11-22 21:29:07,Nga tu Hang Xanh,Binh Thanh,10.801406421807085,106.71148440879679,34,41,1.0
2025-11-22 21:29:19,Nga tu An Suong,Hoc Mon,10.843150534972033,106.6151343241409,26,35,1.0
2025-11-22 21:29:30,Ben xe Mien Dong,Quan 9,10.880537767027526,106.81481342866444,53,53,1.0
2025-11-22 21:29:42,Ben xe Mien Tay,Binh Tan,10.740840166521663,106.61899246873142,34,34,1.0
2025-11-22 21:29:43,Cau Sai Gon,Quan 2 ,10.798986343749618,106.72697056646841,45,45,1.0
2025-11-22 21:29:44,Cau Phu My,Q2,10.741860769464234,106.73790365482627,45,45,1.0
2025-11-22 21:29:45,Cau Kenh Te,Q4,10.752408891679814,106.7022703818112,33,33,1.0
2025-11-22 21:29:46,Cau Thu Thiem,Quan 2,10.786216596454727,106.71836665482695,40,40,1.0
2025-11-22 21:29:47,Nguyen Huu Canh,Binh Thanh,10.78948793356203,106.71518838181179,36,36,1.0
2025-11-22 21:29:54,Cong Hoa,Tan Binh,10.80223925742187,106.6478722259914,30,41,1.0
2025-11-22 21:29:55,Truong Son / Tan Son Nhat Blvd,Gan san bay,10.813928881466124,106.66511432455972,24,33,1.0
2025-11-22 21:29:56,Nguyen Trai,Quan 5,10.755608615763382,106.67347943578082,17,27,1.0
2025-11-22 21:29:57,Le Duan,Quan 1,10.782680856341083,106.70051548181169,18,30,1.0
2025-11-22 21:29:58,Tran Hung Dao ,Quan 5,10.754895139302109,106.67839188181134,24,33,1.0
2025-11-22 21:29:59,Tran Quoc Thao,Quan 3,10.785070445194592,106.68331340921323,19,27,1.0
2025-11-22 21:30:06,Tran Hung Dao,Quan 5,10.7549373008113,106.67848844133415,24,33,1.0
2025-11-22 21:30:07,Cach Mang Thang 8 (CMT8),Quan 3,10.77898143649726,106.67684447140958,24,34,1.0
2025-11-22 21:30:08,Pham Ngu Lao / Bui Vien,Quan 1,10.767112828386699,106.6927618222887,12,21,1.0
2025-11-22 21:30:09,Nguyen Thi Minh Khai,Quan 3,10.77847212665258,106.69389510879643,32,42,1.0
2025-11-22 21:30:10,Nguyen Van Troi,Phu Nhuan,10.796057790235078,106.67492629345334,24,34,1.0
2025-11-22 21:30:11,Pham Van Dong,Go Vap,10.835298215641501,106.72935479345391,36,42,0.997215
2025-11-22 21:30:18,Cong truong lam son,Quan 1,10.777562007197462,106.7041335430398,19,30,1.0
2025-11-22 21:30:19,Nguyen Oanh ,Go Vap,10.83886351241477,106.67566625482782,25,36,1.0
2025-11-22 21:30:20,Le Hong Phong,Quan 10,10.765187049751795,106.67550552599073,27,36,1.0
2025-11-22 21:30:21,Nguyen Van Cu,Quan 5,10.759484371982321,106.6840537511244,16,28,1.0
2025-11-22 21:30:21,Nga tu Binh Phuoc,Ngoai o,10.865229381280965,106.72366973948475,38,49,1.0
2025-11-22 21:30:22,Phu My Hung ,Quan 7,10.72279213640514,106.72808623948244,28,37,1.0
2025-11-22 21:30:30,Nguyen Thai Son,Phu Nhuan,10.823400120373712,106.68551227436063,18,31,1.0
2025-11-22 21:30:31,An Duong Vuong,Quan 8,10.756158554057757,106.66631758181126,30,30,1.0
2025-11-22 21:30:32,Huynh Tan Phat,Nha Be,10.7144382088356,106.73711688366167,25,35,1.0
2025-11-22 21:30:33,Truong Chinh,Tan Binh ,10.817236653231737,106.63191539530457,26,35,1.0
2025-11-22 21:32:34,Cho Ben Thanh,Quan 1,10.772727584493625,106.69804225297563,12,24,0.955025
2025-11-22 21:32:34,Duong Nguyen Hue,Quan 1,10.774028664434528,106.70357076461706,8,27,0.867844
2025-11-22 21:32:35,Nguyen Van Linh,Quan 7,10.752616652291238,106.72509685338922,39,39,1.0
2025-11-22 21:32:36,Vo Van Kiet,Quan 5,10.745754766198267,106.65326266831877,42,42,1.0
2025-11-22 21:32:45,Xa lo Ha Noi,QL1A,10.94927106740351,106.87196348224562,42,42,1.0
2025-11-22 21:32:45,Duong Dien Bien Phu,Quan 1,10.78866360854368,106.69551372228901,34,42,1.0
2025-11-22 21:32:46,Nga tu Hang Xanh,Binh Thanh,10.801406421807085,106.71148440879679,34,42,1.0
2025-11-22 21:32:47,Nga tu An Suong,Hoc Mon,10.843150534972033,106.6151343241409,27,35,1.0
2025-11-22 21:32:48,Ben xe Mien Dong,Quan 9,10.880537767027526,106.81481342866444,53,53,1.0
2025-11-22 21:32:49,Ben xe Mien Tay,Binh Tan,10.740840166521663,106.61899246873142,34,34,1.0
2025-11-22 21:32:57,Cau Sai Gon,Quan 2 ,10.798986343749618,106.72697056646841,45,45,1.0
2025-11-22 21:32:57,Cau Phu My,Q2,10.741860769464234,106.73790365482627,45,45,1.0
2025-11-22 21:32:58,Cau Kenh Te,Q4,10.752408891679814,106.7022703818112,28,34,1.0
2025-11-22 21:32:59,Cau Thu Thiem,Quan 2,10.786216596454727,106.71836665482695,34,40,1.0
2025-11-22 21:33:00,Nguyen Huu Canh,Binh Thanh,10.78948793356203,106.71518838181179,36,36,1.0
2025-11-22 21:33:01,Cong Hoa,Tan Binh,10.80223925742187,106.6478722259914,29,41,1.0
2025-11-22 21:33:09,Truong Son / Tan Son Nhat Blvd,Gan san bay,10.813928881466124,106.66511432455972,24,33,1.0
2025-11-22 21:33:10,Nguyen Trai,Quan 5,10.755608615763382,106.67347943578082,16,27,0.998954
2025-11-22 21:33:10,Le Duan,Quan 1,10.782680856341083,106.70051548181169,18,30,1.0
2025-11-22 21:33:11,Tran Hung Dao ,Quan 5,10.754895139302109,106.67839188181134,22,33,1.0
2025-11-22 21:33:12,Tran Quoc Thao,Quan 3,10.785070445194592,106.68331340921323,16,26,1.0
2025-11-22 21:33:13,Tran Hung Dao,Quan 5,10.7549373008113,106.67848844133415,22,33,1.0
2025-11-22 21:33:20,Cach Mang Thang 8 (CMT8),Quan 3,10.77898143649726,106.67684447140958,24,34,1.0
2025-11-22 21:33:21,Pham Ngu Lao / Bui Vien,Quan 1,10.767112828386699,106.6927618222887,9,21,1.0
2025-11-22 21:33:22,Nguyen Thi Minh Khai,Quan 3,10.77847212665258,106.69389510879643,32,41,1.0
2025-11-22 21:33:23,Nguyen Van Troi,Phu Nhuan,10.796057790235078,106.67492629345334,25,33,1.0
2025-11-22 21:33:24,Pham Van Dong,Go Vap,10.835298215641501,106.72935479345391,35,42,0.996583
2025-11-22 21:33:25,Cong truong lam son,Quan 1,10.777562007197462,106.7041335430398,18,30,1.0
2025-11-22 21:33:25,Nguyen Oanh ,Go Vap,10.83886351241477,106.67566625482782,27,36,1.0
2025-11-22 21:33:26,Le Hong Phong,Quan 10,10.765187049751795,106.67550552599073,27,36,1.0
2025-11-22 21:33:27,Nguyen Van Cu,Quan 5,10.759484371982321,106.6840537511244,16,27,0.998954
2025-11-22 21:33:28,Nga tu Binh Phuoc,Ngoai o,10.865229381280965,106.72366973948475,39,49,1.0
2025-11-22 21:33:29,Phu My Hung ,Quan 7,10.72279213640514,106.72808623948244,28,37,1.0
2025-11-22 21:33:30,Nguyen Thai Son,Phu Nhuan,10.823400120373712,106.68551227436063,19,32,1.0
2025-11-22 21:33:32,An Duong Vuong,Quan 8,10.756158554057757,106.66631758181126,23,29,1.0
2025-11-22 21:33:33,Huynh Tan Phat,Nha Be,10.7144382088356,106.73711688366167,27,35,1.0
2025-11-22 21:33:34,Truong Chinh,Tan Binh ,10.817236653231737,106.63191539530457,26,35,1.0
2025-11-22 21:35:46,Cho Ben Thanh,Quan 1,10.772727584493625,106.69804225297563,13,25,0.95651
2025-11-22 21:35:47,Duong Nguyen Hue,Quan 1,10.774028664434528,106.70357076461706,7,27,0.858867
2025-11-22 21:35:48,Nguyen Van Linh,Quan 7,10.752616652291238,106.72509685338922,39,39,1.0
2025-11-22 21:35:49,Vo Van Kiet,Quan 5,10.745754766198267,106.65326266831877,42,42,1.0
2025-11-22 21:35:49,Xa lo Ha Noi,QL1A,10.94927106740351,106.87196348224562,33,41,1.0
2025-11-22 21:35:50,Duong Dien Bien Phu,Quan 1,10.78866360854368,106.69551372228901,36,42,1.0
2025-11-22 21:36:02,Nga tu Hang Xanh,Binh Thanh,10.801406421807085,106.71148440879679,36,42,1.0
2025-11-22 21:36:14,Nga tu An Suong,Hoc Mon,10.843150534972033,106.6151343241409,26,35,1.0
2025-11-22 21:36:15,Ben xe Mien Dong,Quan 9,10.880537767027526,106.81481342866444,53,53,1.0
2025-11-22 21:36:27,Ben xe Mien Tay,Binh Tan,10.740840166521663,106.61899246873142,34,34,1.0
2025-11-22 21:36:39,Cau Sai Gon,Quan 2 ,10.798986343749618,106.72697056646841,45,45,1.0
2025-11-22 21:36:51,Cau Phu My,Q2,10.741860769464234,106.73790365482627,45,45,1.0
2025-11-22 21:36:52,Cau Kenh Te,Q4,10.752408891679814,106.7022703818112,25,34,1.0
2025-11-22 21:36:53,Cau Thu Thiem,Quan 2,10.786216596454727,106.71836665482695,40,40,1.0
2025-11-22 21:36:54,Nguyen Huu Canh,Binh Thanh,10.78948793356203,106.71518838181179,36,36,1.0
2025-11-22 21:36:54,Cong Hoa,Tan Binh,10.80223925742187,106.6478722259914,27,41,1.0
2025-11-22 21:36:55,Truong Son / Tan Son Nhat Blvd,Gan san bay,10.813928881466124,106.66511432455972,23,33,1.0
2025-11-22 21:36:56,Nguyen Trai,Quan 5,10.755608615763382,106.67347943578082,16,28,0.998947
2025-11-22 21:37:04,Le Duan,Quan 1,10.782680856341083,106.70051548181169,18,30,1.0
2025-11-22 21:37:05,Tran Hung Dao ,Quan 5,10.754895139302109,106.67839188181134,22,32,1.0
2025-11-22 21:37:05,Tran Quoc Thao,Quan 3,10.785070445194592,106.68331340921323,19,27,1.0
2025-11-22 21:37:06,Tran Hung Dao,Quan 5,10.7549373008113,106.67848844133415,22,32,1.0
2025-11-22 21:37:07,Cach Mang Thang 8 (CMT8),Quan 3,10.77898143649726,106.67684447140958,24,34,0.998782
2025-11-22 21:37:08,Pham Ngu Lao / Bui Vien,Quan 1,10.767112828386699,106.6927618222887,11,19,1.0
2025-11-22 21:37:16,Nguyen Thi Minh Khai,Quan 3,10.77847212665258,106.69389510879643,33,41,1.0
2025-11-22 21:37:16,Nguyen Van Troi,Phu Nhuan,10.796057790235078,106.67492629345334,24,33,1.0
2025-11-22 21:37:17,Pham Van Dong,Go Vap,10.835298215641501,106.72935479345391,36,42,0.996637
2025-11-22 21:37:18,Cong truong lam son,Quan 1,10.777562007197462,106.7041335430398,18,30,1.0
2025-11-22 21:37:19,Nguyen Oanh ,Go Vap,10.83886351241477,106.67566625482782,24,35,1.0
2025-11-22 21:37:20,Le Hong Phong,Quan 10,10.765187049751795,106.67550552599073,22,35,1.0
2025-11-22 21:37:27,Nguyen Van Cu,Quan 5,10.759484371982321,106.6840537511244,15,27,0.998947
2025-11-22 21:37:28,Nga tu Binh Phuoc,Ngoai o,10.865229381280965,106.72366973948475,39,49,1.0
2025-11-22 21:37:29,Phu My Hung ,Quan 7,10.72279213640514,106.72808623948244,26,37,0.996466
2025-11-22 21:37:30,Nguyen Thai Son,Phu Nhuan,10.823400120373712,106.68551227436063,19,31,1.0
2025-11-22 21:37:31,An Duong Vuong,Quan 8,10.756158554057757,106.66631758181126,19,29,1.0
2025-11-22 21:37:32,Huynh Tan Phat,Nha Be,10.7144382088356,106.73711688366167,27,35,1.0
2025-11-22 21:37:39,Truong Chinh,Tan Binh ,10.817236653231737,106.63191539530457,25,34,1.0
2025-11-22 21:39:51,Cho Ben Thanh,Quan 1,10.772727584493625,106.69804225297563,13,24,0.957995
2025-11-22 21:39:52,Duong Nguyen Hue,Quan 1,10.774028664434528,106.70357076461706,10,28,0.854032
2025-11-22 21:39:53,Nguyen Van Linh,Quan 7,10.752616652291238,106.72509685338922,39,39,1.0
2025-11-22 21:39:54,Vo Van Kiet,Quan 5,10.745754766198267,106.65326266831877,42,42,1.0
2025-11-22 21:39:55,Xa lo Ha Noi,QL1A,10.94927106740351,106.87196348224562,31,41,1.0
2025-11-22 21:40:03,Duong Dien Bien Phu,Quan 1,10.78866360854368,106.69551372228901,35,42,1.0
2025-11-22 21:40:15,Nga tu Hang Xanh,Binh Thanh,10.801406421807085,106.71148440879679,36,42,1.0
2025-11-22 21:40:16,Nga tu An Suong,Hoc Mon,10.843150534972033,106.6151343241409,25,35,1.0
2025-11-22 21:40:17,Ben xe Mien Dong,Quan 9,10.880537767027526,106.81481342866444,53,53,1.0
2025-11-22 21:40:18,Ben xe Mien Tay,Binh Tan,10.740840166521663,106.61899246873142,34,34,1.0
2025-11-22 21:40:19,Cau Sai Gon,Quan 2 ,10.798986343749618,106.72697056646841,35,44,1.0
2025-11-22 21:40:19,Cau Phu My,Q2,10.741860769464234,106.73790365482627,45,45,1.0
2025-11-22 21:40:27,Cau Kenh Te,Q4,10.752408891679814,106.7022703818112,33,33,1.0
2025-11-22 21:40:28,Cau Thu Thiem,Quan 2,10.786216596454727,106.71836665482695,40,40,1.0
2025-11-22 21:40:29,Nguyen Huu Canh,Binh Thanh,10.78948793356203,106.71518838181179,36,36,1.0
2025-11-22 21:40:30,Cong Hoa,Tan Binh,10.80223925742187,106.6478722259914,25,40,1.0
2025-11-22 21:40:31,Truong Son / Tan Son Nhat Blvd,Gan san bay,10.813928881466124,106.66511432455972,24,34,0.999715
2025-11-22 21:40:31,Nguyen Trai,Quan 5,10.755608615763382,106.67347943578082,18,28,1.0
2025-11-22 21:40:43,Le Duan,Quan 1,10.782680856341083,106.70051548181169,17,30,1.0
2025-11-22 21:40:55,Tran Hung Dao ,Quan 5,10.754895139302109,106.67839188181134,21,33,1.0
2025-11-22 21:40:56,Tran Quoc Thao,Quan 3,10.785070445194592,106.68331340921323,16,26,1.0
2025-11-22 21:41:07,Tran Hung Dao,Quan 5,10.7549373008113,106.67848844133415,20,33,1.0
2025-11-22 21:41:08,Cach Mang Thang 8 (CMT8),Quan 3,10.77898143649726,106.67684447140958,26,35,0.997945
2025-11-22 21:41:09,Pham Ngu Lao / Bui Vien,Quan 1,10.767112828386699,106.6927618222887,7,19,1.0
2025-11-22 21:41:10,Nguyen Thi Minh Khai,Quan 3,10.77847212665258,106.69389510879643,32,41,1.0
2025-11-22 21:41:10,Nguyen Van Troi,Phu Nhuan,10.796057790235078,106.67492629345334,25,33,0.998691
2025-11-22 21:41:11,Pham Van Dong,Go Vap,10.835298215641501,106.72935479345391,42,42,1.0
2025-11-22 21:41:23,Cong truong lam son,Quan 1,10.777562007197462,106.7041335430398,17,31,1.0
2025-11-22 21:41:35,Nguyen Oanh ,Go Vap,10.83886351241477,106.67566625482782,27,36,1.0
2025-11-22 21:41:36,Le Hong Phong,Quan 10,10.765187049751795,106.67550552599073,28,36,1.0
2025-11-22 21:41:37,Nguyen Van Cu,Quan 5,10.759484371982321,106.6840537511244,19,28,1.0
2025-11-22 21:41:38,Nga tu Binh Phuoc,Ngoai o,10.865229381280965,106.72366973948475,38,49,1.0
2025-11-22 21:41:39,Phu My Hung ,Quan 7,10.72279213640514,106.72808623948244,25,37,0.997203
2025-11-22 21:41:40,Nguyen Thai Son,Phu Nhuan,10.823400120373712,106.68551227436063,20,31,1.0
2025-11-22 21:41:52,An Duong Vuong,Quan 8,10.756158554057757,106.66631758181126,30,30,1.0
2025-11-22 21:41:52,Huynh Tan Phat,Nha Be,10.7144382088356,106.73711688366167,26,35,1.0
2025-11-22 21:41:53,Truong Chinh,Tan Binh ,10.817236653231737,106.63191539530457,24,35,1.0
2025-11-22 21:44:05,Cho Ben Thanh,Quan 1,10.772727584493625,106.69804225297563,15,24,0.957995
2025-11-22 21:44:06,Duong Nguyen Hue,Quan 1,10.774028664434528,106.70357076461706,11,28,0.849197
2025-11-22 21:44:07,Nguyen Van Linh,Quan 7,10.752616652291238,106.72509685338922,39,39,1.0
2025-11-22 21:44:08,Vo Van Kiet,Quan 5,10.745754766198267,106.65326266831877,42,42,1.0
2025-11-22 21:44:09,Xa lo Ha Noi,QL1A,10.94927106740351,106.87196348224562,31,41,1.0
2025-11-22 21:44:09,Duong Dien Bien Phu,Quan 1,10.78866360854368,106.69551372228901,36,42,1.0
2025-11-22 21:44:10,Nga tu Hang Xanh,Binh Thanh,10.801406421807085,106.71148440879679,36,42,1.0
2025-11-22 21:44:17,Nga tu An Suong,Hoc Mon,10.843150534972033,106.6151343241409,26,35,1.0
2025-11-22 21:44:29,Ben xe Mien Dong,Quan 9,10.880537767027526,106.81481342866444,53,53,1.0
2025-11-22 21:44:30,Ben xe Mien Tay,Binh Tan,10.740840166521663,106.61899246873142,34,34,1.0
2025-11-22 21:44:31,Cau Sai Gon,Quan 2 ,10.798986343749618,106.72697056646841,45,45,1.0
2025-11-22 21:44:32,Cau Phu My,Q2,10.741860769464234,106.73790365482627,45,45,1.0
2025-11-22 21:44:33,Cau Kenh Te,Q4,10.752408891679814,106.7022703818112,26,34,1.0
2025-11-22 21:44:33,Cau Thu Thiem,Quan 2,10.786216596454727,106.71836665482695,40,40,1.0
2025-11-22 21:44:45,Nguyen Huu Canh,Binh Thanh,10.78948793356203,106.71518838181179,36,36,1.0
2025-11-22 21:44:57,Cong Hoa,Tan Binh,10.80223925742187,106.6478722259914,26,41,1.0
2025-11-22 21:45:09,Truong Son / Tan Son Nhat Blvd,Gan san bay,10.813928881466124,106.66511432455972,24,34,0.997679
2025-11-22 21:45:21,Nguyen Trai,Quan 5,10.755608615763382,106.67347943578082,19,28,1.0
2025-11-22 21:45:22,Le Duan,Quan 1,10.782680856341083,106.70051548181169,17,30,1.0
2025-11-22 21:45:23,Tran Hung Dao ,Quan 5,10.754895139302109,106.67839188181134,21,33,1.0
2025-11-22 21:45:24,Tran Quoc Thao,Quan 3,10.785070445194592,106.68331340921323,15,27,1.0
2025-11-22 21:45:24,Tran Hung Dao,Quan 5,10.7549373008113,106.67848844133415,21,33,1.0
2025-11-22 21:45:25,Cach Mang Thang 8 (CMT8),Quan 3,10.77898143649726,106.67684447140958,25,34,0.997671
2025-11-22 21:45:33,Pham Ngu Lao / Bui Vien,Quan 1,10.767112828386699,106.6927618222887,10,20,1.0
2025-11-22 21:45:45,Nguyen Thi Minh Khai,Quan 3,10.77847212665258,106.69389510879643,33,41,1.0
2025-11-22 21:45:46,Nguyen Van Troi,Phu Nhuan,10.796057790235078,106.67492629345334,23,33,0.997679
2025-11-22 21:45:58,Pham Van Dong,Go Vap,10.835298215641501,106.72935479345391,37,42,0.997489
2025-11-22 21:46:09,Cong truong lam son,Quan 1,10.777562007197462,106.7041335430398,19,30,1.0
2025-11-22 21:46:21,Nguyen Oanh ,Go Vap,10.83886351241477,106.67566625482782,25,36,1.0
2025-11-22 21:46:33,Le Hong Phong,Quan 10,10.765187049751795,106.67550552599073,24,35,1.0
2025-11-22 21:46:34,Nguyen Van Cu,Quan 5,10.759484371982321,106.6840537511244,17,27,1.0
2025-11-22 21:46:35,Nga tu Binh Phuoc,Ngoai o,10.865229381280965,106.72366973948475,37,49,1.0
2025-11-22 21:46:36,Phu My Hung ,Quan 7,10.72279213640514,106.72808623948244,26,37,0.997902
2025-11-22 21:46:37,Nguyen Thai Son,Phu Nhuan,10.823400120373712,106.68551227436063,32,32,1.0
2025-11-22 21:46:38,An Duong Vuong,Quan 8,10.756158554057757,106.66631758181126,25,29,1.0
2025-11-22 21:46:45,Huynh Tan Phat,Nha Be,10.7144382088356,106.73711688366167,25,34,1.0
2025-11-22 21:46:57,Truong Chinh,Tan Binh ,10.817236653231737,106.63191539530457,24,35,1.0
2025-11-22 21:49:09,Cho Ben Thanh,Quan 1,10.772727584493625,106.69804225297563,13,24,0.940957
2025-11-22 21:49:10,Duong Nguyen Hue,Quan 1,10.774028664434528,106.70357076461706,11,28,0.866942
2025-11-22 21:49:11,Nguyen Van Linh,Quan 7,10.752616652291238,106.72509685338922,39,39,1.0
2025-11-22 21:49:12,Vo Van Kiet,Quan 5,10.745754766198267,106.65326266831877,42,42,1.0
2025-11-22 21:49:12,Xa lo Ha Noi,QL1A,10.94927106740351,106.87196348224562,28,41,1.0
2025-11-22 21:49:13,Duong Dien Bien Phu,Quan 1,10.78866360854368,106.69551372228901,35,41,1.0
2025-11-22 21:49:14,Nga tu Hang Xanh,Binh Thanh,10.801406421807085,106.71148440879679,35,41,1.0
2025-11-22 21:49:15,Nga tu An Suong,Hoc Mon,10.843150534972033,106.6151343241409,25,35,1.0
2025-11-22 21:49:16,Ben xe Mien Dong,Quan 9,10.880537767027526,106.81481342866444,44,54,1.0
2025-11-22 21:49:17,Ben xe Mien Tay,Binh Tan,10.740840166521663,106.61899246873142,34,34,1.0
2025-11-22 21:49:18,Cau Sai Gon,Quan 2 ,10.798986343749618,106.72697056646841,45,45,1.0
2025-11-22 21:49:18,Cau Phu My,Q2,10.741860769464234,106.73790365482627,45,45,1.0
2025-11-22 21:49:19,Cau Kenh Te,Q4,10.752408891679814,106.7022703818112,25,34,1.0
2025-11-22 21:49:20,Cau Thu Thiem,Quan 2,10.786216596454727,106.71836665482695,40,40,1.0
2025-11-22 21:49:21,Nguyen Huu Canh,Binh Thanh,10.78948793356203,106.71518838181179,36,36,1.0
2025-11-22 21:49:22,Cong Hoa,Tan Binh,10.80223925742187,106.6478722259914,25,41,1.0
2025-11-22 21:49:23,Truong Son / Tan Son Nhat Blvd,Gan san bay,10.813928881466124,106.66511432455972,22,33,0.99791
2025-11-22 21:49:23,Nguyen Trai,Quan 5,10.755608615763382,106.67347943578082,17,27,0.998954
2025-11-22 21:49:24,Le Duan,Quan 1,10.782680856341083,106.70051548181169,18,30,1.0
2025-11-22 21:49:25,Tran Hung Dao ,Quan 5,10.754895139302109,106.67839188181134,21,33,1.0
2025-11-22 21:49:26,Tran Quoc Thao,Quan 3,10.785070445194592,106.68331340921323,14,27,1.0
2025-11-22 21:49:33,Tran Hung Dao,Quan 5,10.7549373008113,106.67848844133415,21,33,1.0
2025-11-22 21:49:34,Cach Mang Thang 8 (CMT8),Quan 3,10.77898143649726,106.67684447140958,25,34,0.991913
2025-11-22 21:49:35,Pham Ngu Lao / Bui Vien,Quan 1,10.767112828386699,106.6927618222887,9,19,1.0
2025-11-22 21:49:47,Nguyen Thi Minh Khai,Quan 3,10.77847212665258,106.69389510879643,33,41,1.0
2025-11-22 21:49:47,Nguyen Van Troi,Phu Nhuan,10.796057790235078,106.67492629345334,22,34,0.99791
2025-11-22 21:49:48,Pham Van Dong,Go Vap,10.835298215641501,106.72935479345391,42,42,1.0
2025-11-22 21:49:49,Cong truong lam son,Quan 1,10.777562007197462,106.7041335430398,18,30,1.0
2025-11-22 21:49:50,Nguyen Oanh ,Go Vap,10.83886351241477,106.67566625482782,25,36,1.0
2025-11-22 21:49:51,Le Hong Phong,Quan 10,10.765187049751795,106.67550552599073,26,36,1.0
2025-11-22 21:49:52,Nguyen Van Cu,Quan 5,10.759484371982321,106.6840537511244,18,28,1.0
2025-11-22 21:49:53,Nga tu Binh Phuoc,Ngoai o,10.865229381280965,106.72366973948475,39,48,1.0
2025-11-22 21:49:53,Phu My Hung ,Quan 7,10.72279213640514,106.72808623948244,25,37,0.997902
2025-11-22 21:49:54,Nguyen Thai Son,Phu Nhuan,10.823400120373712,106.68551227436063,25,31,1.0
2025-11-22 21:49:59,An Duong Vuong,Quan 8,10.756158554057757,106.66631758181126,24,28,1.0
2025-11-22 21:50:10,Huynh Tan Phat,Nha Be,10.7144382088356,106.73711688366167,27,35,1.0
2025-11-22 21:50:11,Truong Chinh,Tan Binh ,10.817236653231737,106.63191539530457,25,35,1.0
2025-11-22 21:52:23,Cho Ben Thanh,Quan 1,10.772727584493625,106.69804225297563,13,24,0.942442
2025-11-22 21:52:24,Duong Nguyen Hue,Quan 1,10.774028664434528,106.70357076461706,12,29,0.92
2025-11-22 21:52:25,Nguyen Van Linh,Quan 7,10.752616652291238,106.72509685338922,39,39,1.0
2025-11-22 21:52:26,Vo Van Kiet,Quan 5,10.745754766198267,106.65326266831877,42,42,1.0
2025-11-22 21:52:27,Xa lo Ha Noi,QL1A,10.94927106740351,106.87196348224562,42,42,1.0
2025-11-22 21:52:28,Duong Dien Bien Phu,Quan 1,10.78866360854368,106.69551372228901,36,41,1.0
2025-11-22 21:52:35,Nga tu Hang Xanh,Binh Thanh,10.801406421807085,106.71148440879679,36,41,1.0
2025-11-22 21:52:47,Nga tu An Suong,Hoc Mon,10.843150534972033,106.6151343241409,24,35,1.0
2025-11-22 21:52:48,Ben xe Mien Dong,Quan 9,10.880537767027526,106.81481342866444,47,53,1.0
2025-11-22 21:52:49,Ben xe Mien Tay,Binh Tan,10.740840166521663,106.61899246873142,34,34,1.0
2025-11-22 21:53:01,Cau Sai Gon,Quan 2 ,10.798986343749618,106.72697056646841,36,45,1.0
2025-11-22 21:53:01,Cau Phu My,Q2,10.741860769464234,106.73790365482627,45,45,1.0
2025-11-22 21:53:02,Cau Kenh Te,Q4,10.752408891679814,106.7022703818112,25,34,1.0
2025-11-22 21:53:03,Cau Thu Thiem,Quan 2,10.786216596454727,106.71836665482695,40,40,1.0
2025-11-22 21:53:04,Nguyen Huu Canh,Binh Thanh,10.78948793356203,106.71518838181179,36,36,1.0
2025-11-22 21:53:05,Cong Hoa,Tan Binh,10.80223925742187,106.6478722259914,27,41,1.0
2025-11-22 21:53:06,Truong Son / Tan Son Nhat Blvd,Gan san bay,10.813928881466124,106.66511432455972,23,33,0.998531
2025-11-22 21:53:06,Nguyen Trai,Quan 5,10.755608615763382,106.67347943578082,17,27,1.0
2025-11-22 21:53:07,Le Duan,Quan 1,10.782680856341083,106.70051548181169,18,30,1.0
2025-11-22 21:53:08,Tran Hung Dao ,Quan 5,10.754895139302109,106.67839188181134,22,33,1.0
2025-11-22 21:53:15,Tran Quoc Thao,Quan 3,10.785070445194592,106.68331340921323,20,27,1.0
2025-11-22 21:53:16,Tran Hung Dao,Quan 5,10.7549373008113,106.67848844133415,22,32,1.0
2025-11-22 21:53:17,Cach Mang Thang 8 (CMT8),Quan 3,10.77898143649726,106.67684447140958,25,34,0.993143
2025-11-22 21:53:18,Pham Ngu Lao / Bui Vien,Quan 1,10.767112828386699,106.6927618222887,9,19,1.0
2025-11-22 21:53:19,Nguyen Thi Minh Khai,Quan 3,10.77847212665258,106.69389510879643,32,41,1.0
2025-11-22 21:53:19,Nguyen Van Troi,Phu Nhuan,10.796057790235078,106.67492629345334,24,34,0.998246
2025-11-22 21:53:27,Pham Van Dong,Go Vap,10.835298215641501,106.72935479345391,35,42,0.997256
2025-11-22 21:53:28,Cong truong lam son,Quan 1,10.777562007197462,106.7041335430398,17,30,1.0
2025-11-22 21:53:29,Nguyen Oanh ,Go Vap,10.83886351241477,106.67566625482782,26,35,1.0
2025-11-22 21:53:30,Le Hong Phong,Quan 10,10.765187049751795,106.67550552599073,28,35,1.0
2025-11-22 21:53:31,Nguyen Van Cu,Quan 5,10.759484371982321,106.6840537511244,16,27,1.0
2025-11-22 21:53:31,Nga tu Binh Phuoc,Ngoai o,10.865229381280965,106.72366973948475,40,49,1.0
2025-11-22 21:53:39,Phu My Hung ,Quan 7,10.72279213640514,106.72808623948244,26,37,0.997203
2025-11-22 21:53:40,Nguyen Thai Son,Phu Nhuan,10.823400120373712,106.68551227436063,19,31,1.0
2025-11-22 21:53:42,An Duong Vuong,Quan 8,10.756158554057757,106.66631758181126,30,30,1.0
2025-11-22 21:53:43,Huynh Tan Phat,Nha Be,10.7144382088356,106.73711688366167,26,35,1.0
2025-11-22 21:53:51,Truong Chinh,Tan Binh ,10.817236653231737,106.63191539530457,24,35,1.0
2025-11-22 21:56:03,Cho Ben Thanh,Quan 1,10.772727584493625,106.69804225297563,12,23,0.940347
2025-11-22 21:56:15,Duong Nguyen Hue,Quan 1,10.774028664434528,106.70357076461706,10,29,0.93746
2025-11-22 21:56:27,Nguyen Van Linh,Quan 7,10.752616652291238,106.72509685338922,39,39,1.0
2025-11-22 21:56:39,Vo Van Kiet,Quan 5,10.745754766198267,106.65326266831877,42,42,1.0
2025-11-22 21:56:50,Xa lo Ha Noi,QL1A,10.94927106740351,106.87196348224562,42,42,1.0
2025-11-22 21:56:51,Duong Dien Bien Phu,Quan 1,10.78866360854368,106.69551372228901,35,41,1.0
2025-11-22 21:56:52,Nga tu Hang Xanh,Binh Thanh,10.801406421807085,106.71148440879679,35,41,1.0
2025-11-22 21:56:53,Nga tu An Suong,Hoc Mon,10.843150534972033,106.6151343241409,25,35,1.0
2025-11-22 21:56:54,Ben xe Mien Dong,Quan 9,10.880537767027526,106.81481342866444,48,53,1.0
2025-11-22 21:56:55,Ben xe Mien Tay,Binh Tan,10.740840166521663,106.61899246873142,34,34,1.0
2025-11-22 21:57:02,Cau Sai Gon,Quan 2 ,10.798986343749618,106.72697056646841,45,45,1.0
2025-11-22 21:57:14,Cau Phu My,Q2,10.741860769464234,106.73790365482627,45,45,1.0
2025-11-22 21:57:15,Cau Kenh Te,Q4,10.752408891679814,106.7022703818112,26,34,1.0
2025-11-22 21:57:16,Cau Thu Thiem,Quan 2,10.786216596454727,106.71836665482695,33,39,1.0
2025-11-22 21:57:17,Nguyen Huu Canh,Binh Thanh,10.78948793356203,106.71518838181179,36,36,1.0
2025-11-22 21:57:18,Cong Hoa,Tan Binh,10.80223925742187,106.6478722259914,28,41,1.0
2025-11-22 21:57:18,Truong Son / Tan Son Nhat Blvd,Gan san bay,10.813928881466124,106.66511432455972,24,34,0.997916
2025-11-22 21:57:30,Nguyen Trai,Quan 5,10.755608615763382,106.67347943578082,17,27,1.0
2025-11-22 21:57:42,Le Duan,Quan 1,10.782680856341083,106.70051548181169,18,30,1.0
2025-11-22 21:57:43,Tran Hung Dao ,Quan 5,10.754895139302109,106.67839188181134,22,32,1.0
2025-11-22 21:57:44,Tran Quoc Thao,Quan 3,10.785070445194592,106.68331340921323,16,27,1.0
2025-11-22 21:57:45,Tran Hung Dao,Quan 5,10.7549373008113,106.67848844133415,23,32,1.0
2025-11-22 21:57:46,Cach Mang Thang 8 (CMT8),Quan 3,10.77898143649726,106.67684447140958,26,34,0.993667
2025-11-22 21:57:58,Pham Ngu Lao / Bui Vien,Quan 1,10.767112828386699,106.6927618222887,7,21,1.0
2025-11-22 21:58:09,Nguyen Thi Minh Khai,Quan 3,10.77847212665258,106.69389510879643,33,41,1.0
2025-11-22 21:58:10,Nguyen Van Troi,Phu Nhuan,10.796057790235078,106.67492629345334,25,34,0.997916
2025-11-22 21:58:11,Pham Van Dong,Go Vap,10.835298215641501,106.72935479345391,36,42,0.997084
2025-11-22 21:58:12,Cong truong lam son,Quan 1,10.777562007197462,106.7041335430398,18,30,1.0
2025-11-22 21:58:13,Nguyen Oanh ,Go Vap,10.83886351241477,106.67566625482782,25,36,1.0
2025-11-22 21:58:14,Le Hong Phong,Quan 10,10.765187049751795,106.67550552599073,27,35,1.0
2025-11-22 21:58:21,Nguyen Van Cu,Quan 5,10.759484371982321,106.6840537511244,17,27,1.0
2025-11-22 21:58:23,Nga tu Binh Phuoc,Ngoai o,10.865229381280965,106.72366973948475,49,49,1.0
2025-11-22 21:58:24,Phu My Hung ,Quan 7,10.72279213640514,106.72808623948244,27,37,0.995799
2025-11-22 21:58:25,Nguyen Thai Son,Phu Nhuan,10.823400120373712,106.68551227436063,24,31,1.0
2025-11-22 21:58:26,An Duong Vuong,Quan 8,10.756158554057757,106.66631758181126,25,29,1.0
2025-11-22 21:58:38,Huynh Tan Phat,Nha Be,10.7144382088356,106.73711688366167,26,35,1.0
2025-11-22 21:58:50,Truong Chinh,Tan Binh ,10.817236653231737,106.63191539530457,27,34,1.0
2025-11-22 22:01:02,Cho Ben Thanh,Quan 1,10.772727584493625,106.69804225297563,11,23,0.943318
2025-11-22 22:01:02,Duong Nguyen Hue,Quan 1,10.774028664434528,106.70357076461706,13,27,0.974819
2025-11-22 22:01:03,Nguyen Van Linh,Quan 7,10.752616652291238,106.72509685338922,39,42,1.0
2025-11-22 22:01:04,Vo Van Kiet,Quan 5,10.745754766198267,106.65326266831877,36,43,0.999762
2025-11-22 22:01:05,Xa lo Ha Noi,QL1A,10.94927106740351,106.87196348224562,34,42,1.0
2025-11-22 22:01:06,Duong Dien Bien Phu,Quan 1,10.78866360854368,106.69551372228901,36,42,1.0
2025-11-22 22:01:13,Nga tu Hang Xanh,Binh Thanh,10.801406421807085,106.71148440879679,42,42,1.0
2025-11-22 22:01:25,Nga tu An Suong,Hoc Mon,10.843150534972033,106.6151343241409,25,35,1.0
2025-11-22 22:01:26,Ben xe Mien Dong,Quan 9,10.880537767027526,106.81481342866444,53,53,1.0
2025-11-22 22:01:27,Ben xe Mien Tay,Binh Tan,10.740840166521663,106.61899246873142,34,34,1.0
2025-11-22 22:01:28,Cau Sai Gon,Quan 2 ,10.798986343749618,106.72697056646841,45,45,1.0
2025-11-22 22:01:29,Cau Phu My,Q2,10.741860769464234,106.73790365482627,45,45,1.0
2025-11-22 22:01:30,Cau Kenh Te,Q4,10.752408891679814,106.7022703818112,27,33,1.0
2025-11-22 22:01:37,Cau Thu Thiem,Quan 2,10.786216596454727,106.71836665482695,32,40,1.0
2025-11-22 22:01:38,Nguyen Huu Canh,Binh Thanh,10.78948793356203,106.71518838181179,36,36,1.0
2025-11-22 22:01:39,Cong Hoa,Tan Binh,10.80223925742187,106.6478722259914,29,41,1.0
2025-11-22 22:01:40,Truong Son / Tan Son Nhat Blvd,Gan san bay,10.813928881466124,106.66511432455972,23,33,0.997914
2025-11-22 22:01:41,Nguyen Trai,Quan 5,10.755608615763382,106.67347943578082,17,27,1.0
2025-11-22 22:01:42,Le Duan,Quan 1,10.782680856341083,106.70051548181169,17,30,1.0
2025-11-22 22:01:49,Tran Hung Dao ,Quan 5,10.754895139302109,106.67839188181134,24,32,1.0
2025-11-22 22:01:50,Tran Quoc Thao,Quan 3,10.785070445194592,106.68331340921323,16,27,1.0
2025-11-22 22:01:51,Tran Hung Dao,Quan 5,10.7549373008113,106.67848844133415,24,32,1.0
2025-11-22 22:01:52,Cach Mang Thang 8 (CMT8),Quan 3,10.77898143649726,106.67684447140958,24,34,0.992146
2025-11-22 22:01:53,Pham Ngu Lao / Bui Vien,Quan 1,10.767112828386699,106.6927618222887,9,20,1.0
2025-11-22 22:01:54,Nguyen Thi Minh Khai,Quan 3,10.77847212665258,106.69389510879643,33,41,1.0
2025-11-22 22:02:01,Nguyen Van Troi,Phu Nhuan,10.796057790235078,106.67492629345334,22,34,0.996737
2025-11-22 22:02:02,Pham Van Dong,Go Vap,10.835298215641501,106.72935479345391,36,42,0.996948
2025-11-22 22:02:03,Cong truong lam son,Quan 1,10.777562007197462,106.7041335430398,18,30,1.0
2025-11-22 22:02:04,Nguyen Oanh ,Go Vap,10.83886351241477,106.67566625482782,27,36,1.0
2025-11-22 22:02:05,Le Hong Phong,Quan 10,10.765187049751795,106.67550552599073,26,35,1.0
2025-11-22 22:02:05,Nguyen Van Cu,Quan 5,10.759484371982321,106.6840537511244,17,28,1.0
2025-11-22 22:02:06,Nga tu Binh Phuoc,Ngoai o,10.865229381280965,106.72366973948475,40,49,1.0
2025-11-22 22:02:07,Phu My Hung ,Quan 7,10.72279213640514,106.72808623948244,27,37,0.996503
2025-11-22 22:02:08,Nguyen Thai Son,Phu Nhuan,10.823400120373712,106.68551227436063,24,31,1.0
2025-11-22 22:02:09,An Duong Vuong,Quan 8,10.756158554057757,106.66631758181126,23,29,1.0
2025-11-22 22:02:10,Huynh Tan Phat,Nha Be,10.7144382088356,106.73711688366167,26,35,1.0
2025-11-22 22:02:11,Truong Chinh,Tan Binh ,10.817236653231737,106.63191539530457,26,35,1.0
2025-11-22 22:04:22,Cho Ben Thanh,Quan 1,10.772727584493625,106.69804225297563,10,22,0.958121
2025-11-22 22:04:23,Duong Nguyen Hue,Quan 1,10.774028664434528,106.70357076461706,13,27,0.984819
2025-11-22 22:04:24,Nguyen Van Linh,Quan 7,10.752616652291238,106.72509685338922,39,39,1.0
2025-11-22 22:04:25,Vo Van Kiet,Quan 5,10.745754766198267,106.65326266831877,42,42,1.0
2025-11-22 22:04:26,Xa lo Ha Noi,QL1A,10.94927106740351,106.87196348224562,42,42,1.0
2025-11-22 22:04:27,Duong Dien Bien Phu,Quan 1,10.78866360854368,106.69551372228901,36,42,1.0
2025-11-22 22:04:28,Nga tu Hang Xanh,Binh Thanh,10.801406421807085,106.71148440879679,36,42,1.0
2025-11-22 22:04:29,Nga tu An Suong,Hoc Mon,10.843150534972033,106.6151343241409,24,34,1.0
2025-11-22 22:04:29,Ben xe Mien Dong,Quan 9,10.880537767027526,106.81481342866444,53,53,1.0
2025-11-22 22:04:37,Ben xe Mien Tay,Binh Tan,10.740840166521663,106.61899246873142,34,34,1.0
2025-11-22 22:04:38,Cau Sai Gon,Quan 2 ,10.798986343749618,106.72697056646841,36,44,1.0
2025-11-22 22:04:39,Cau Phu My,Q2,10.741860769464234,106.73790365482627,45,45,1.0
2025-11-22 22:04:40,Cau Kenh Te,Q4,10.752408891679814,106.7022703818112,25,34,1.0
2025-11-22 22:04:40,Cau Thu Thiem,Quan 2,10.786216596454727,106.71836665482695,34,40,1.0
2025-11-22 22:04:41,Nguyen Huu Canh,Binh Thanh,10.78948793356203,106.71518838181179,36,36,1.0
2025-11-22 22:04:49,Cong Hoa,Tan Binh,10.80223925742187,106.6478722259914,29,41,1.0
2025-11-22 22:04:50,Truong Son / Tan Son Nhat Blvd,Gan san bay,10.813928881466124,106.66511432455972,26,33,0.99768
2025-11-22 22:04:50,Nguyen Trai,Quan 5,10.755608615763382,106.67347943578082,16,27,0.998954
2025-11-22 22:04:51,Le Duan,Quan 1,10.782680856341083,106.70051548181169,18,30,1.0
2025-11-22 22:04:52,Tran Hung Dao ,Quan 5,10.754895139302109,106.67839188181134,23,33,1.0
2025-11-22 22:04:53,Tran Quoc Thao,Quan 3,10.785070445194592,106.68331340921323,16,27,1.0
2025-11-22 22:05:01,Tran Hung Dao,Quan 5,10.7549373008113,106.67848844133415,23,33,1.0
2025-11-22 22:05:02,Cach Mang Thang 8 (CMT8),Quan 3,10.77898143649726,106.67684447140958,24,34,0.992146
2025-11-22 22:05:02,Pham Ngu Lao / Bui Vien,Quan 1,10.767112828386699,106.6927618222887,10,19,1.0
2025-11-22 22:05:03,Nguyen Thi Minh Khai,Quan 3,10.77847212665258,106.69389510879643,33,41,1.0
2025-11-22 22:05:04,Nguyen Van Troi,Phu Nhuan,10.796057790235078,106.67492629345334,26,33,0.99768
2025-11-22 22:05:05,Pham Van Dong,Go Vap,10.835298215641501,106.72935479345391,34,42,0.997126
2025-11-22 22:05:13,Cong truong lam son,Quan 1,10.777562007197462,106.7041335430398,18,30,1.0
2025-11-22 22:05:14,Nguyen Oanh ,Go Vap,10.83886351241477,106.67566625482782,26,36,1.0
2025-11-22 22:05:14,Le Hong Phong,Quan 10,10.765187049751795,106.67550552599073,36,36,1.0
2025-11-22 22:05:15,Nguyen Van Cu,Quan 5,10.759484371982321,106.6840537511244,16,27,1.0
2025-11-22 22:05:16,Nga tu Binh Phuoc,Ngoai o,10.865229381280965,106.72366973948475,40,48,1.0
2025-11-22 22:05:17,Phu My Hung ,Quan 7,10.72279213640514,106.72808623948244,27,37,0.995804
2025-11-22 22:05:25,Nguyen Thai Son,Phu Nhuan,10.823400120373712,106.68551227436063,21,32,1.0
2025-11-22 22:05:26,An Duong Vuong,Quan 8,10.756158554057757,106.66631758181126,20,30,1.0
2025-11-22 22:05:27,Huynh Tan Phat,Nha Be,10.7144382088356,106.73711688366167,26,35,1.0
2025-11-22 22:05:27,Truong Chinh,Tan Binh ,10.817236653231737,106.63191539530457,25,35,1.0
2025-11-22 22:07:39,Cho Ben Thanh,Quan 1,10.772727584493625,106.69804225297563,10,22,0.964462
2025-11-22 22:07:40,Duong Nguyen Hue,Quan 1,10.774028664434528,106.70357076461706,12,28,0.984819
2025-11-22 22:07:41,Nguyen Van Linh,Quan 7,10.752616652291238,106.72509685338922,39,39,1.0
2025-11-22 22:07:42,Vo Van Kiet,Quan 5,10.745754766198267,106.65326266831877,42,42,1.0
2025-11-22 22:07:43,Xa lo Ha Noi,QL1A,10.94927106740351,106.87196348224562,34,41,1.0
2025-11-22 22:07:51,Duong Dien Bien Phu,Quan 1,10.78866360854368,106.69551372228901,42,42,1.0
2025-11-22 22:08:03,Nga tu Hang Xanh,Binh Thanh,10.801406421807085,106.71148440879679,42,42,1.0
2025-11-22 22:08:04,Nga tu An Suong,Hoc Mon,10.843150534972033,106.6151343241409,25,34,1.0
2025-11-22 22:08:05,Ben xe Mien Dong,Quan 9,10.880537767027526,106.81481342866444,53,53,1.0
2025-11-22 22:08:06,Ben xe Mien Tay,Binh Tan,10.740840166521663,106.61899246873142,34,34,1.0
2025-11-22 22:08:07,Cau Sai Gon,Quan 2 ,10.798986343749618,106.72697056646841,45,45,1.0
2025-11-22 22:08:08,Cau Phu My,Q2,10.741860769464234,106.73790365482627,45,45,1.0
2025-11-22 22:08:15,Cau Kenh Te,Q4,10.752408891679814,106.7022703818112,26,34,1.0
2025-11-22 22:08:16,Cau Thu Thiem,Quan 2,10.786216596454727,106.71836665482695,34,40,1.0
2025-11-22 22:08:17,Nguyen Huu Canh,Binh Thanh,10.78948793356203,106.71518838181179,36,36,1.0
2025-11-22 22:08:18,Cong Hoa,Tan Binh,10.80223925742187,106.6478722259914,30,40,1.0
2025-11-22 22:08:19,Truong Son / Tan Son Nhat Blvd,Gan san bay,10.813928881466124,106.66511432455972,24,34,0.997916
2025-11-22 22:08:20,Nguyen Trai,Quan 5,10.755608615763382,106.67347943578082,16,27,1.0
2025-11-22 22:08:20,Le Duan,Quan 1,10.782680856341083,106.70051548181169,17,30,1.0
2025-11-22 22:08:21,Tran Hung Dao ,Quan 5,10.754895139302109,106.67839188181134,24,33,1.0
2025-11-22 22:08:22,Tran Quoc Thao,Quan 3,10.785070445194592,106.68331340921323,17,27,1.0
2025-11-22 22:08:23,Tran Hung Dao,Quan 5,10.7549373008113,106.67848844133415,24,33,1.0
2025-11-22 22:08:24,Cach Mang Thang 8 (CMT8),Quan 3,10.77898143649726,106.67684447140958,23,34,0.992146
2025-11-22 22:08:25,Pham Ngu Lao / Bui Vien,Quan 1,10.767112828386699,106.6927618222887,7,20,1.0
2025-11-22 22:08:27,Nguyen Thi Minh Khai,Quan 3,10.77847212665258,106.69389510879643,33,41,1.0
2025-11-22 22:08:28,Nguyen Van Troi,Phu Nhuan,10.796057790235078,106.67492629345334,24,34,0.997916
2025-11-22 22:08:29,Pham Van Dong,Go Vap,10.835298215641501,106.72935479345391,35,42,0.996771
2025-11-22 22:08:30,Cong truong lam son,Quan 1,10.777562007197462,106.7041335430398,17,30,1.0
2025-11-22 22:08:30,Nguyen Oanh ,Go Vap,10.83886351241477,106.67566625482782,27,35,1.0
2025-11-22 22:08:31,Le Hong Phong,Quan 10,10.765187049751795,106.67550552599073,27,35,1.0
2025-11-22 22:08:39,Nguyen Van Cu,Quan 5,10.759484371982321,106.6840537511244,16,27,1.0
2025-11-22 22:08:40,Nga tu Binh Phuoc,Ngoai o,10.865229381280965,106.72366973948475,39,49,1.0
2025-11-22 22:08:41,Phu My Hung ,Quan 7,10.72279213640514,106.72808623948244,25,36,0.994406
2025-11-22 22:08:42,Nguyen Thai Son,Phu Nhuan,10.823400120373712,106.68551227436063,23,32,1.0
2025-11-22 22:08:42,An Duong Vuong,Quan 8,10.756158554057757,106.66631758181126,30,30,1.0
2025-11-22 22:08:43,Huynh Tan Phat,Nha Be,10.7144382088356,106.73711688366167,26,35,1.0
2025-11-22 22:08:55,Truong Chinh,Tan Binh ,10.817236653231737,106.63191539530457,25,34,1.0
2025-11-22 22:11:07,Cho Ben Thanh,Quan 1,10.772727584493625,106.69804225297563,11,23,0.96573
2025-11-22 22:11:19,Duong Nguyen Hue,Quan 1,10.774028664434528,106.70357076461706,13,27,0.996882
2025-11-22 22:11:31,Nguyen Van Linh,Quan 7,10.752616652291238,106.72509685338922,39,39,1.0
2025-11-22 22:11:32,Vo Van Kiet,Quan 5,10.745754766198267,106.65326266831877,42,42,1.0
2025-11-22 22:11:32,Xa lo Ha Noi,QL1A,10.94927106740351,106.87196348224562,34,41,1.0
2025-11-22 22:11:33,Duong Dien Bien Phu,Quan 1,10.78866360854368,106.69551372228901,36,42,1.0
2025-11-22 22:11:34,Nga tu Hang Xanh,Binh Thanh,10.801406421807085,106.71148440879679,36,42,1.0
2025-11-22 22:11:35,Nga tu An Suong,Hoc Mon,10.843150534972033,106.6151343241409,25,35,1.0
2025-11-22 22:11:36,Ben xe Mien Dong,Quan 9,10.880537767027526,106.81481342866444,53,53,1.0
2025-11-22 22:11:43,Ben xe Mien Tay,Binh Tan,10.740840166521663,106.61899246873142,34,34,1.0
2025-11-22 22:11:44,Cau Sai Gon,Quan 2 ,10.798986343749618,106.72697056646841,45,45,1.0
2025-11-22 22:11:44,Cau Phu My,Q2,10.741860769464234,106.73790365482627,45,45,1.0
2025-11-22 22:11:45,Cau Kenh Te,Q4,10.752408891679814,106.7022703818112,25,34,1.0
2025-11-22 22:11:46,Cau Thu Thiem,Quan 2,10.786216596454727,106.71836665482695,40,40,1.0
2025-11-22 22:11:58,Nguyen Huu Canh,Binh Thanh,10.78948793356203,106.71518838181179,29,36,1.0
2025-11-22 22:11:59,Cong Hoa,Tan Binh,10.80223925742187,106.6478722259914,28,40,1.0
2025-11-22 22:12:11,Truong Son / Tan Son Nhat Blvd,Gan san bay,10.813928881466124,106.66511432455972,24,34,0.999057
2025-11-22 22:12:12,Nguyen Trai,Quan 5,10.755608615763382,106.67347943578082,19,28,1.0
2025-11-22 22:12:13,Le Duan,Quan 1,10.782680856341083,106.70051548181169,17,30,1.0
2025-11-22 22:12:13,Tran Hung Dao ,Quan 5,10.754895139302109,106.67839188181134,21,32,1.0
2025-11-22 22:12:14,Tran Quoc Thao,Quan 3,10.785070445194592,106.68331340921323,20,27,1.0
2025-11-22 22:12:15,Tran Hung Dao,Quan 5,10.7549373008113,106.67848844133415,21,32,1.0
2025-11-22 22:12:16,Cach Mang Thang 8 (CMT8),Quan 3,10.77898143649726,106.67684447140958,23,34,0.992146
2025-11-22 22:12:17,Pham Ngu Lao / Bui Vien,Quan 1,10.767112828386699,106.6927618222887,9,20,1.0
2025-11-22 22:12:18,Nguyen Thi Minh Khai,Quan 3,10.77847212665258,106.69389510879643,32,41,1.0
2025-11-22 22:12:19,Nguyen Van Troi,Phu Nhuan,10.796057790235078,106.67492629345334,24,34,0.999244
2025-11-22 22:12:20,Pham Van Dong,Go Vap,10.835298215641501,106.72935479345391,35,42,0.996581
2025-11-22 22:12:20,Cong truong lam son,Quan 1,10.777562007197462,106.7041335430398,17,30,1.0
2025-11-22 22:12:21,Nguyen Oanh ,Go Vap,10.83886351241477,106.67566625482782,28,36,1.0
2025-11-22 22:12:33,Le Hong Phong,Quan 10,10.765187049751795,106.67550552599073,27,36,1.0
2025-11-22 22:12:34,Nguyen Van Cu,Quan 5,10.759484371982321,106.6840537511244,19,28,1.0
2025-11-22 22:12:35,Nga tu Binh Phuoc,Ngoai o,10.865229381280965,106.72366973948475,40,49,1.0
2025-11-22 22:12:36,Phu My Hung ,Quan 7,10.72279213640514,106.72808623948244,27,37,0.995613
2025-11-22 22:12:36,Nguyen Thai Son,Phu Nhuan,10.823400120373712,106.68551227436063,25,31,1.0
2025-11-22 22:12:37,An Duong Vuong,Quan 8,10.756158554057757,106.66631758181126,22,29,1.0
2025-11-22 22:12:38,Huynh Tan Phat,Nha Be,10.7144382088356,106.73711688366167,25,35,1.0
2025-11-22 22:12:39,Truong Chinh,Tan Binh ,10.817236653231737,106.63191539530457,24,35,1.0
2025-11-22 22:14:51,Cho Ben Thanh,Quan 1,10.772727584493625,106.69804225297563,12,23,0.966365
2025-11-22 22:14:52,Duong Nguyen Hue,Quan 1,10.774028664434528,106.70357076461706,13,28,1.0
2025-11-22 22:14:52,Nguyen Van Linh,Quan 7,10.752616652291238,106.72509685338922,39,39,1.0
2025-11-22 22:14:53,Vo Van Kiet,Quan 5,10.745754766198267,106.65326266831877,42,42,1.0
2025-11-22 22:14:54,Xa lo Ha Noi,QL1A,10.94927106740351,106.87196348224562,29,41,1.0
2025-11-22 22:14:55,Duong Dien Bien Phu,Quan 1,10.78866360854368,106.69551372228901,36,42,1.0
2025-11-22 22:14:56,Nga tu Hang Xanh,Binh Thanh,10.801406421807085,106.71148440879679,36,42,1.0
2025-11-22 22:14:57,Nga tu An Suong,Hoc Mon,10.843150534972033,106.6151343241409,26,35,1.0
2025-11-22 22:14:58,Ben xe Mien Dong,Quan 9,10.880537767027526,106.81481342866444,53,53,1.0
2025-11-22 22:14:58,Ben xe Mien Tay,Binh Tan,10.740840166521663,106.61899246873142,34,34,1.0
2025-11-22 22:15:05,Cau Sai Gon,Quan 2 ,10.798986343749618,106.72697056646841,45,45,1.0
2025-11-22 22:15:17,Cau Phu My,Q2,10.741860769464234,106.73790365482627,45,45,1.0
2025-11-22 22:15:18,Cau Kenh Te,Q4,10.752408891679814,106.7022703818112,23,34,1.0
2025-11-22 22:15:19,Cau Thu Thiem,Quan 2,10.786216596454727,106.71836665482695,34,40,1.0
2025-11-22 22:15:19,Nguyen Huu Canh,Binh Thanh,10.78948793356203,106.71518838181179,36,36,1.0
2025-11-22 22:15:20,Cong Hoa,Tan Binh,10.80223925742187,106.6478722259914,28,40,1.0
2025-11-22 22:15:21,Truong Son / Tan Son Nhat Blvd,Gan san bay,10.813928881466124,106.66511432455972,26,33,0.998955
2025-11-22 22:15:29,Nguyen Trai,Quan 5,10.755608615763382,106.67347943578082,19,28,1.0
2025-11-22 22:15:31,Le Duan,Quan 1,10.782680856341083,106.70051548181169,18,31,1.0
2025-11-22 22:15:32,Tran Hung Dao ,Quan 5,10.754895139302109,106.67839188181134,22,32,1.0
2025-11-22 22:15:33,Tran Quoc Thao,Quan 3,10.785070445194592,106.68331340921323,17,26,1.0
2025-11-22 22:15:41,Tran Hung Dao,Quan 5,10.7549373008113,106.67848844133415,22,32,1.0
2025-11-22 22:15:53,Cach Mang Thang 8 (CMT8),Quan 3,10.77898143649726,106.67684447140958,22,34,0.992146
2025-11-22 22:15:54,Pham Ngu Lao / Bui Vien,Quan 1,10.767112828386699,106.6927618222887,8,19,1.0
2025-11-22 22:15:54,Nguyen Thi Minh Khai,Quan 3,10.77847212665258,106.69389510879643,33,42,1.0
2025-11-22 22:15:55,Nguyen Van Troi,Phu Nhuan,10.796057790235078,106.67492629345334,26,34,0.999242
2025-11-22 22:15:56,Pham Van Dong,Go Vap,10.835298215641501,106.72935479345391,35,42,0.996246
2025-11-22 22:15:57,Cong truong lam son,Quan 1,10.777562007197462,106.7041335430398,18,30,1.0
2025-11-22 22:15:58,Nguyen Oanh ,Go Vap,10.83886351241477,106.67566625482782,26,36,1.0
2025-11-22 22:15:59,Le Hong Phong,Quan 10,10.765187049751795,106.67550552599073,26,35,1.0
2025-11-22 22:15:59,Nguyen Van Cu,Quan 5,10.759484371982321,106.6840537511244,20,27,1.0
2025-11-22 22:16:09,Nga tu Binh Phuoc,Ngoai o,10.865229381280965,106.72366973948475,40,49,1.0
2025-11-22 22:16:21,Phu My Hung ,Quan 7,10.72279213640514,106.72808623948244,28,37,0.997414
2025-11-22 22:16:33,Nguyen Thai Son,Phu Nhuan,10.823400120373712,106.68551227436063,22,31,1.0
2025-11-22 22:16:33,An Duong Vuong,Quan 8,10.756158554057757,106.66631758181126,24,29,1.0
2025-11-22 22:16:34,Huynh Tan Phat,Nha Be,10.7144382088356,106.73711688366167,26,35,1.0
2025-11-22 22:16:35,Truong Chinh,Tan Binh ,10.817236653231737,106.63191539530457,26,35,1.0
2025-11-22 22:18:47,Cho Ben Thanh,Quan 1,10.772727584493625,106.69804225297563,11,23,0.966999
2025-11-22 22:18:48,Duong Nguyen Hue,Quan 1,10.774028664434528,106.70357076461706,14,29,1.0
2025-11-22 22:18:49,Nguyen Van Linh,Quan 7,10.752616652291238,106.72509685338922,39,39,1.0
2025-11-22 22:18:50,Vo Van Kiet,Quan 5,10.745754766198267,106.65326266831877,42,42,1.0
2025-11-22 22:18:50,Xa lo Ha Noi,QL1A,10.94927106740351,106.87196348224562,30,41,1.0
2025-11-22 22:18:51,Duong Dien Bien Phu,Quan 1,10.78866360854368,106.69551372228901,42,42,1.0
2025-11-22 22:18:52,Nga tu Hang Xanh,Binh Thanh,10.801406421807085,106.71148440879679,42,42,1.0
2025-11-22 22:18:53,Nga tu An Suong,Hoc Mon,10.843150534972033,106.6151343241409,26,35,1.0
2025-11-22 22:18:54,Ben xe Mien Dong,Quan 9,10.880537767027526,106.81481342866444,53,53,1.0
2025-11-22 22:18:55,Ben xe Mien Tay,Binh Tan,10.740840166521663,106.61899246873142,28,35,1.0
2025-11-22 22:18:56,Cau Sai Gon,Quan 2 ,10.798986343749618,106.72697056646841,45,45,1.0
2025-11-22 22:18:56,Cau Phu My,Q2,10.741860769464234,106.73790365482627,45,45,1.0
2025-11-22 22:19:08,Cau Kenh Te,Q4,10.752408891679814,106.7022703818112,25,34,1.0
2025-11-22 22:19:20,Cau Thu Thiem,Quan 2,10.786216596454727,106.71836665482695,40,40,1.0
2025-11-22 22:19:21,Nguyen Huu Canh,Binh Thanh,10.78948793356203,106.71518838181179,36,36,1.0
2025-11-22 22:19:22,Cong Hoa,Tan Binh,10.80223925742187,106.6478722259914,31,40,1.0
2025-11-22 22:19:23,Truong Son / Tan Son Nhat Blvd,Gan san bay,10.813928881466124,106.66511432455972,27,33,1.0
2025-11-22 22:19:24,Nguyen Trai,Quan 5,10.755608615763382,106.67347943578082,19,28,1.0
2025-11-22 22:19:24,Le Duan,Quan 1,10.782680856341083,106.70051548181169,19,30,1.0
2025-11-22 22:19:25,Tran Hung Dao ,Quan 5,10.754895139302109,106.67839188181134,21,32,1.0
2025-11-22 22:19:26,Tran Quoc Thao,Quan 3,10.785070445194592,106.68331340921323,18,26,1.0
2025-11-22 22:19:27,Tran Hung Dao,Quan 5,10.7549373008113,106.67848844133415,21,32,1.0
2025-11-22 22:19:32,Cach Mang Thang 8 (CMT8),Quan 3,10.77898143649726,106.67684447140958,23,34,0.992146
2025-11-22 22:19:33,Pham Ngu Lao / Bui Vien,Quan 1,10.767112828386699,106.6927618222887,6,19,1.0
2025-11-22 22:19:34,Nguyen Thi Minh Khai,Quan 3,10.77847212665258,106.69389510879643,33,41,1.0
2025-11-22 22:19:35,Nguyen Van Troi,Phu Nhuan,10.796057790235078,106.67492629345334,27,33,1.0
2025-11-22 22:19:36,Pham Van Dong,Go Vap,10.835298215641501,106.72935479345391,35,42,0.996061
2025-11-22 22:19:37,Cong truong lam son,Quan 1,10.777562007197462,106.7041335430398,19,30,1.0
2025-11-22 22:19:44,Nguyen Oanh ,Go Vap,10.83886351241477,106.67566625482782,26,36,1.0
2025-11-22 22:19:45,Le Hong Phong,Quan 10,10.765187049751795,106.67550552599073,25,36,1.0
2025-11-22 22:19:46,Nguyen Van Cu,Quan 5,10.759484371982321,106.6840537511244,19,27,1.0
2025-11-22 22:19:47,Nga tu Binh Phuoc,Ngoai o,10.865229381280965,106.72366973948475,49,49,1.0
2025-11-22 22:19:48,Phu My Hung ,Quan 7,10.72279213640514,106.72808623948244,28,37,0.995795
2025-11-22 22:19:49,Nguyen Thai Son,Phu Nhuan,10.823400120373712,106.68551227436063,24,32,1.0
2025-11-22 22:19:56,An Duong Vuong,Quan 8,10.756158554057757,106.66631758181126,22,30,1.0
2025-11-22 22:19:57,Huynh Tan Phat,Nha Be,10.7144382088356,106.73711688366167,26,35,1.0
2025-11-22 22:19:58,Truong Chinh,Tan Binh ,10.817236653231737,106.63191539530457,26,35,1.0
2025-11-22 22:21:59,Cho Ben Thanh,Quan 1,10.772727584493625,106.69804225297563,10,23,0.967633
2025-11-22 22:22:00,Duong Nguyen Hue,Quan 1,10.774028664434528,106.70357076461706,17,28,1.0
2025-11-22 22:22:10,Nguyen Van Linh,Quan 7,10.752616652291238,106.72509685338922,39,39,1.0
2025-11-22 22:22:11,Vo Van Kiet,Quan 5,10.745754766198267,106.65326266831877,42,42,1.0
2025-11-22 22:22:12,Xa lo Ha Noi,QL1A,10.94927106740351,106.87196348224562,29,41,1.0
2025-11-22 22:22:12,Duong Dien Bien Phu,Quan 1,10.78866360854368,106.69551372228901,42,42,1.0
2025-11-22 22:22:13,Nga tu Hang Xanh,Binh Thanh,10.801406421807085,106.71148440879679,42,42,1.0
2025-11-22 22:22:14,Nga tu An Suong,Hoc Mon,10.843150534972033,106.6151343241409,26,35,1.0
2025-11-22 22:22:22,Ben xe Mien Dong,Quan 9,10.880537767027526,106.81481342866444,53,53,1.0
2025-11-22 22:22:22,Ben xe Mien Tay,Binh Tan,10.740840166521663,106.61899246873142,34,34,1.0
2025-11-22 22:22:23,Cau Sai Gon,Quan 2 ,10.798986343749618,106.72697056646841,36,45,1.0
2025-11-22 22:22:24,Cau Phu My,Q2,10.741860769464234,106.73790365482627,45,45,1.0
2025-11-22 22:22:25,Cau Kenh Te,Q4,10.752408891679814,106.7022703818112,24,33,1.0
2025-11-22 22:22:26,Cau Thu Thiem,Quan 2,10.786216596454727,106.71836665482695,40,40,1.0
2025-11-22 22:22:33,Nguyen Huu Canh,Binh Thanh,10.78948793356203,106.71518838181179,36,36,1.0
2025-11-22 22:22:34,Cong Hoa,Tan Binh,10.80223925742187,106.6478722259914,28,41,1.0
2025-11-22 22:22:35,Truong Son / Tan Son Nhat Blvd,Gan san bay,10.813928881466124,106.66511432455972,26,33,1.0
2025-11-22 22:22:36,Nguyen Trai,Quan 5,10.755608615763382,106.67347943578082,18,27,1.0
2025-11-22 22:22:37,Le Duan,Quan 1,10.782680856341083,106.70051548181169,18,30,1.0
2025-11-22 22:22:38,Tran Hung Dao ,Quan 5,10.754895139302109,106.67839188181134,23,33,1.0
2025-11-22 22:22:39,Tran Quoc Thao,Quan 3,10.785070445194592,106.68331340921323,14,27,1.0
2025-11-22 22:22:40,Tran Hung Dao,Quan 5,10.7549373008113,106.67848844133415,23,33,1.0
2025-11-22 22:22:40,Cach Mang Thang 8 (CMT8),Quan 3,10.77898143649726,106.67684447140958,24,34,0.992146
2025-11-22 22:22:41,Pham Ngu Lao / Bui Vien,Quan 1,10.767112828386699,106.6927618222887,8,20,1.0
2025-11-22 22:22:42,Nguyen Thi Minh Khai,Quan 3,10.77847212665258,106.69389510879643,33,42,1.0
2025-11-22 22:22:43,Nguyen Van Troi,Phu Nhuan,10.796057790235078,106.67492629345334,26,34,1.0
2025-11-22 22:22:44,Pham Van Dong,Go Vap,10.835298215641501,106.72935479345391,35,42,0.996717
2025-11-22 22:22:45,Cong truong lam son,Quan 1,10.777562007197462,106.7041335430398,18,30,1.0
2025-11-22 22:22:46,Nguyen Oanh ,Go Vap,10.83886351241477,106.67566625482782,26,36,1.0
2025-11-22 22:22:50,Le Hong Phong,Quan 10,10.765187049751795,106.67550552599073,26,36,1.0
2025-11-22 22:22:52,Nguyen Van Cu,Quan 5,10.759484371982321,106.6840537511244,18,27,1.0
2025-11-22 22:22:55,Nga tu Binh Phuoc,Ngoai o,10.865229381280965,106.72366973948475,40,49,1.0
2025-11-22 22:23:02,Phu My Hung ,Quan 7,10.72279213640514,106.72808623948244,28,37,0.996519
2025-11-22 22:23:03,Nguyen Thai Son,Phu Nhuan,10.823400120373712,106.68551227436063,24,32,1.0
2025-11-22 22:23:04,An Duong Vuong,Quan 8,10.756158554057757,106.66631758181126,30,30,1.0
2025-11-22 22:23:05,Huynh Tan Phat,Nha Be,10.7144382088356,106.73711688366167,26,35,1.0
2025-11-22 22:23:05,Truong Chinh,Tan Binh ,10.817236653231737,106.63191539530457,25,35,1.0
2025-11-22 22:25:17,Cho Ben Thanh,Quan 1,10.772727584493625,106.69804225297563,11,24,0.998765
2025-11-22 22:25:18,Duong Nguyen Hue,Quan 1,10.774028664434528,106.70357076461706,13,29,1.0
2025-11-22 22:25:19,Nguyen Van Linh,Quan 7,10.752616652291238,106.72509685338922,39,39,1.0
2025-11-22 22:25:20,Vo Van Kiet,Quan 5,10.745754766198267,106.65326266831877,42,42,1.0
2025-11-22 22:25:21,Xa lo Ha Noi,QL1A,10.94927106740351,106.87196348224562,27,41,1.0
2025-11-22 22:25:21,Duong Dien Bien Phu,Quan 1,10.78866360854368,106.69551372228901,37,42,1.0
2025-11-22 22:25:29,Nga tu Hang Xanh,Binh Thanh,10.801406421807085,106.71148440879679,37,42,1.0
2025-11-22 22:25:41,Nga tu An Suong,Hoc Mon,10.843150534972033,106.6151343241409,26,35,1.0
2025-11-22 22:25:42,Ben xe Mien Dong,Quan 9,10.880537767027526,106.81481342866444,53,53,1.0
2025-11-22 22:25:43,Ben xe Mien Tay,Binh Tan,10.740840166521663,106.61899246873142,34,34,1.0
2025-11-22 22:25:44,Cau Sai Gon,Quan 2 ,10.798986343749618,106.72697056646841,36,45,1.0
2025-11-22 22:25:44,Cau Phu My,Q2,10.741860769464234,106.73790365482627,45,45,1.0
2025-11-22 22:25:45,Cau Kenh Te,Q4,10.752408891679814,106.7022703818112,26,33,1.0
2025-11-22 22:25:57,Cau Thu Thiem,Quan 2,10.786216596454727,106.71836665482695,40,40,1.0
2025-11-22 22:26:09,Nguyen Huu Canh,Binh Thanh,10.78948793356203,106.71518838181179,36,36,1.0
2025-11-22 22:26:10,Cong Hoa,Tan Binh,10.80223925742187,106.6478722259914,29,41,1.0
2025-11-22 22:26:11,Truong Son / Tan Son Nhat Blvd,Gan san bay,10.813928881466124,106.66511432455972,25,33,1.0
2025-11-22 22:26:11,Nguyen Trai,Quan 5,10.755608615763382,106.67347943578082,16,27,1.0
2025-11-22 22:26:12,Le Duan,Quan 1,10.782680856341083,106.70051548181169,19,30,1.0
2025-11-22 22:26:13,Tran Hung Dao ,Quan 5,10.754895139302109,106.67839188181134,23,32,1.0
2025-11-22 22:26:21,Tran Quoc Thao,Quan 3,10.785070445194592,106.68331340921323,20,28,1.0
2025-11-22 22:26:33,Tran Hung Dao,Quan 5,10.7549373008113,106.67848844133415,23,32,1.0
2025-11-22 22:26:45,Cach Mang Thang 8 (CMT8),Quan 3,10.77898143649726,106.67684447140958,22,34,0.992146
2025-11-22 22:26:57,Pham Ngu Lao / Bui Vien,Quan 1,10.767112828386699,106.6927618222887,9,19,1.0
2025-11-22 22:27:09,Nguyen Thi Minh Khai,Quan 3,10.77847212665258,106.69389510879643,33,41,1.0
2025-11-22 22:27:09,Nguyen Van Troi,Phu Nhuan,10.796057790235078,106.67492629345334,26,34,1.0
2025-11-22 22:27:10,Pham Van Dong,Go Vap,10.835298215641501,106.72935479345391,35,42,0.996717
2025-11-22 22:27:11,Cong truong lam son,Quan 1,10.777562007197462,106.7041335430398,19,30,1.0
2025-11-22 22:27:12,Nguyen Oanh ,Go Vap,10.83886351241477,106.67566625482782,27,36,1.0
2025-11-22 22:27:13,Le Hong Phong,Quan 10,10.765187049751795,106.67550552599073,29,36,1.0
2025-11-22 22:27:14,Nguyen Van Cu,Quan 5,10.759484371982321,106.6840537511244,17,27,0.998954
2025-11-22 22:27:21,Nga tu Binh Phuoc,Ngoai o,10.865229381280965,106.72366973948475,39,49,1.0
2025-11-22 22:27:21,Phu My Hung ,Quan 7,10.72279213640514,106.72808623948244,28,36,1.0
2025-11-22 22:27:22,Nguyen Thai Son,Phu Nhuan,10.823400120373712,106.68551227436063,22,32,1.0
2025-11-22 22:27:23,An Duong Vuong,Quan 8,10.756158554057757,106.66631758181126,22,30,1.0
2025-11-22 22:27:24,Huynh Tan Phat,Nha Be,10.7144382088356,106.73711688366167,27,35,1.0
2025-11-22 22:27:25,Truong Chinh,Tan Binh ,10.817236653231737,106.63191539530457,27,35,1.0
2025-11-22 22:29:37,Cho Ben Thanh,Quan 1,10.772727584493625,106.69804225297563,10,24,0.998765
2025-11-22 22:29:37,Duong Nguyen Hue,Quan 1,10.774028664434528,106.70357076461706,8,27,1.0
2025-11-22 22:29:38,Nguyen Van Linh,Quan 7,10.752616652291238,106.72509685338922,39,39,1.0
2025-11-22 22:29:39,Vo Van Kiet,Quan 5,10.745754766198267,106.65326266831877,42,42,1.0
2025-11-22 22:29:40,Xa lo Ha Noi,QL1A,10.94927106740351,106.87196348224562,42,42,1.0
2025-11-22 22:29:41,Duong Dien Bien Phu,Quan 1,10.78866360854368,106.69551372228901,36,42,1.0
2025-11-22 22:29:42,Nga tu Hang Xanh,Binh Thanh,10.801406421807085,106.71148440879679,36,42,1.0
2025-11-22 22:29:42,Nga tu An Suong,Hoc Mon,10.843150534972033,106.6151343241409,26,35,1.0
2025-11-22 22:29:43,Ben xe Mien Dong,Quan 9,10.880537767027526,106.81481342866444,53,53,1.0
2025-11-22 22:29:44,Ben xe Mien Tay,Binh Tan,10.740840166521663,106.61899246873142,34,34,1.0
2025-11-22 22:29:45,Cau Sai Gon,Quan 2 ,10.798986343749618,106.72697056646841,45,45,1.0
2025-11-22 22:29:46,Cau Phu My,Q2,10.741860769464234,106.73790365482627,45,45,1.0
2025-11-22 22:29:58,Cau Kenh Te,Q4,10.752408891679814,106.7022703818112,26,33,1.0
2025-11-22 22:30:10,Cau Thu Thiem,Quan 2,10.786216596454727,106.71836665482695,40,40,1.0
2025-11-22 22:30:11,Nguyen Huu Canh,Binh Thanh,10.78948793356203,106.71518838181179,27,35,1.0
2025-11-22 22:30:11,Cong Hoa,Tan Binh,10.80223925742187,106.6478722259914,30,41,1.0
2025-11-22 22:30:12,Truong Son / Tan Son Nhat Blvd,Gan san bay,10.813928881466124,106.66511432455972,25,33,1.0
2025-11-22 22:30:13,Nguyen Trai,Quan 5,10.755608615763382,106.67347943578082,19,28,1.0
2025-11-22 22:30:25,Le Duan,Quan 1,10.782680856341083,106.70051548181169,18,30,1.0
2025-11-22 22:30:37,Tran Hung Dao ,Quan 5,10.754895139302109,106.67839188181134,23,32,1.0
2025-11-22 22:30:38,Tran Quoc Thao,Quan 3,10.785070445194592,106.68331340921323,18,27,1.0
2025-11-22 22:30:39,Tran Hung Dao,Quan 5,10.7549373008113,106.67848844133415,23,32,1.0
2025-11-22 22:30:51,Cach Mang Thang 8 (CMT8),Quan 3,10.77898143649726,106.67684447140958,24,34,0.992146
2025-11-22 22:31:03,Pham Ngu Lao / Bui Vien,Quan 1,10.767112828386699,106.6927618222887,8,20,1.0
2025-11-22 22:31:14,Nguyen Thi Minh Khai,Quan 3,10.77847212665258,106.69389510879643,33,41,1.0
2025-11-22 22:31:26,Nguyen Van Troi,Phu Nhuan,10.796057790235078,106.67492629345334,26,34,0.997416
2025-11-22 22:31:38,Pham Van Dong,Go Vap,10.835298215641501,106.72935479345391,34,42,0.99689
2025-11-22 22:31:50,Cong truong lam son,Quan 1,10.777562007197462,106.7041335430398,19,30,1.0
2025-11-22 22:32:02,Nguyen Oanh ,Go Vap,10.83886351241477,106.67566625482782,27,36,1.0
2025-11-22 22:32:14,Le Hong Phong,Quan 10,10.765187049751795,106.67550552599073,27,36,1.0
2025-11-22 22:32:15,Nguyen Van Cu,Quan 5,10.759484371982321,106.6840537511244,19,26,1.0
2025-11-22 22:32:16,Nga tu Binh Phuoc,Ngoai o,10.865229381280965,106.72366973948475,40,49,1.0
2025-11-22 22:32:17,Phu My Hung ,Quan 7,10.72279213640514,106.72808623948244,29,37,0.997702
2025-11-22 22:32:18,Nguyen Thai Son,Phu Nhuan,10.823400120373712,106.68551227436063,21,32,1.0
2025-11-22 22:32:26,An Duong Vuong,Quan 8,10.756158554057757,106.66631758181126,30,30,1.0
2025-11-22 22:32:38,Huynh Tan Phat,Nha Be,10.7144382088356,106.73711688366167,26,35,1.0
2025-11-22 22:32:39,Truong Chinh,Tan Binh ,10.817236653231737,106.63191539530457,27,35,1.0
2025-11-22 22:34:51,Cho Ben Thanh,Quan 1,10.772727584493625,106.69804225297563,12,25,0.998765
2025-11-22 22:34:52,Duong Nguyen Hue,Quan 1,10.774028664434528,106.70357076461706,10,28,1.0
2025-11-22 22:34:52,Nguyen Van Linh,Quan 7,10.752616652291238,106.72509685338922,39,39,1.0
2025-11-22 22:34:53,Vo Van Kiet,Quan 5,10.745754766198267,106.65326266831877,42,42,1.0
2025-11-22 22:34:54,Xa lo Ha Noi,QL1A,10.94927106740351,106.87196348224562,42,42,1.0
2025-11-22 22:34:55,Duong Dien Bien Phu,Quan 1,10.78866360854368,106.69551372228901,42,42,1.0
2025-11-22 22:34:56,Nga tu Hang Xanh,Binh Thanh,10.801406421807085,106.71148440879679,42,42,1.0
2025-11-22 22:34:57,Nga tu An Suong,Hoc Mon,10.843150534972033,106.6151343241409,26,34,1.0
2025-11-22 22:34:57,Ben xe Mien Dong,Quan 9,10.880537767027526,106.81481342866444,53,53,1.0
2025-11-22 22:35:05,Ben xe Mien Tay,Binh Tan,10.740840166521663,106.61899246873142,34,34,1.0
2025-11-22 22:35:16,Cau Sai Gon,Quan 2 ,10.798986343749618,106.72697056646841,45,45,1.0
2025-11-22 22:35:17,Cau Phu My,Q2,10.741860769464234,106.73790365482627,45,45,1.0
2025-11-22 22:35:18,Cau Kenh Te,Q4,10.752408891679814,106.7022703818112,33,33,1.0
2025-11-22 22:35:19,Cau Thu Thiem,Quan 2,10.786216596454727,106.71836665482695,40,40,1.0
2025-11-22 22:35:20,Nguyen Huu Canh,Binh Thanh,10.78948793356203,106.71518838181179,36,36,1.0
2025-11-22 22:35:21,Cong Hoa,Tan Binh,10.80223925742187,106.6478722259914,28,40,1.0
2025-11-22 22:35:28,Truong Son / Tan Son Nhat Blvd,Gan san bay,10.813928881466124,106.66511432455972,25,33,0.997915
2025-11-22 22:35:30,Nguyen Trai,Quan 5,10.755608615763382,106.67347943578082,18,28,1.0
2025-11-22 22:35:31,Le Duan,Quan 1,10.782680856341083,106.70051548181169,20,31,1.0
2025-11-22 22:35:32,Tran Hung Dao ,Quan 5,10.754895139302109,106.67839188181134,25,33,1.0
2025-11-22 22:35:33,Tran Quoc Thao,Quan 3,10.785070445194592,106.68331340921323,22,28,1.0
2025-11-22 22:35:45,Tran Hung Dao,Quan 5,10.7549373008113,106.67848844133415,24,32,1.0
2025-11-22 22:35:46,Cach Mang Thang 8 (CMT8),Quan 3,10.77898143649726,106.67684447140958,24,33,0.992146
2025-11-22 22:35:47,Pham Ngu Lao / Bui Vien,Quan 1,10.767112828386699,106.6927618222887,11,20,1.0
2025-11-22 22:35:47,Nguyen Thi Minh Khai,Quan 3,10.77847212665258,106.69389510879643,33,41,1.0
2025-11-22 22:35:48,Nguyen Van Troi,Phu Nhuan,10.796057790235078,106.67492629345334,25,33,0.998669
2025-11-22 22:35:49,Pham Van Dong,Go Vap,10.835298215641501,106.72935479345391,35,42,0.995938
2025-11-22 22:35:50,Cong truong lam son,Quan 1,10.777562007197462,106.7041335430398,20,30,1.0
2025-11-22 22:35:51,Nguyen Oanh ,Go Vap,10.83886351241477,106.67566625482782,27,36,1.0
2025-11-22 22:35:52,Le Hong Phong,Quan 10,10.765187049751795,106.67550552599073,28,35,1.0
2025-11-22 22:35:52,Nguyen Van Cu,Quan 5,10.759484371982321,106.6840537511244,18,28,1.0
2025-11-22 22:35:53,Nga tu Binh Phuoc,Ngoai o,10.865229381280965,106.72366973948475,39,48,1.0
2025-11-22 22:35:54,Phu My Hung ,Quan 7,10.72279213640514,106.72808623948244,29,37,0.998015
2025-11-22 22:35:55,Nguyen Thai Son,Phu Nhuan,10.823400120373712,106.68551227436063,24,31,1.0
2025-11-22 22:35:56,An Duong Vuong,Quan 8,10.756158554057757,106.66631758181126,24,29,1.0
2025-11-22 22:36:03,Huynh Tan Phat,Nha Be,10.7144382088356,106.73711688366167,26,35,1.0
2025-11-22 22:36:03,Truong Chinh,Tan Binh ,10.817236653231737,106.63191539530457,25,34,1.0
2025-11-22 22:38:04,Cho Ben Thanh,Quan 1,10.772727584493625,106.69804225297563,12,24,1.0
2025-11-22 22:38:05,Duong Nguyen Hue,Quan 1,10.774028664434528,106.70357076461706,9,28,1.0
2025-11-22 22:38:06,Nguyen Van Linh,Quan 7,10.752616652291238,106.72509685338922,39,39,1.0
2025-11-22 22:38:15,Vo Van Kiet,Quan 5,10.745754766198267,106.65326266831877,42,42,1.0
2025-11-22 22:38:16,Xa lo Ha Noi,QL1A,10.94927106740351,106.87196348224562,42,42,1.0
2025-11-22 22:38:17,Duong Dien Bien Phu,Quan 1,10.78866360854368,106.69551372228901,42,42,1.0
2025-11-22 22:38:18,Nga tu Hang Xanh,Binh Thanh,10.801406421807085,106.71148440879679,42,42,1.0
2025-11-22 22:38:19,Nga tu An Suong,Hoc Mon,10.843150534972033,106.6151343241409,27,35,1.0
2025-11-22 22:38:19,Ben xe Mien Dong,Quan 9,10.880537767027526,106.81481342866444,53,53,1.0
2025-11-22 22:38:27,Ben xe Mien Tay,Binh Tan,10.740840166521663,106.61899246873142,34,34,1.0
2025-11-22 22:38:28,Cau Sai Gon,Quan 2 ,10.798986343749618,106.72697056646841,45,45,1.0
2025-11-22 22:38:29,Cau Phu My,Q2,10.741860769464234,106.73790365482627,45,45,1.0
2025-11-22 22:38:30,Cau Kenh Te,Q4,10.752408891679814,106.7022703818112,33,33,1.0
2025-11-22 22:38:31,Cau Thu Thiem,Quan 2,10.786216596454727,106.71836665482695,40,40,1.0
2025-11-22 22:38:32,Nguyen Huu Canh,Binh Thanh,10.78948793356203,106.71518838181179,36,36,1.0
2025-11-22 22:38:39,Cong Hoa,Tan Binh,10.80223925742187,106.6478722259914,29,40,1.0
2025-11-22 22:38:40,Truong Son / Tan Son Nhat Blvd,Gan san bay,10.813928881466124,106.66511432455972,26,33,0.998487
2025-11-22 22:38:41,Nguyen Trai,Quan 5,10.755608615763382,106.67347943578082,19,27,0.998951
2025-11-22 22:38:42,Le Duan,Quan 1,10.782680856341083,106.70051548181169,19,30,1.0
2025-11-22 22:38:43,Tran Hung Dao ,Quan 5,10.754895139302109,106.67839188181134,24,32,1.0
2025-11-22 22:38:44,Tran Quoc Thao,Quan 3,10.785070445194592,106.68331340921323,21,27,1.0
2025-11-22 22:38:51,Tran Hung Dao,Quan 5,10.7549373008113,106.67848844133415,24,32,1.0
2025-11-22 22:38:52,Cach Mang Thang 8 (CMT8),Quan 3,10.77898143649726,106.67684447140958,23,34,0.992146
2025-11-22 22:38:53,Pham Ngu Lao / Bui Vien,Quan 1,10.767112828386699,106.6927618222887,14,21,1.0
2025-11-22 22:38:54,Nguyen Thi Minh Khai,Quan 3,10.77847212665258,106.69389510879643,35,41,1.0
2025-11-22 22:38:54,Nguyen Van Troi,Phu Nhuan,10.796057790235078,106.67492629345334,26,33,0.998487
2025-11-22 22:38:55,Pham Van Dong,Go Vap,10.835298215641501,106.72935479345391,35,42,0.996585
2025-11-22 22:39:07,Cong truong lam son,Quan 1,10.777562007197462,106.7041335430398,19,30,1.0
2025-11-22 22:39:19,Nguyen Oanh ,Go Vap,10.83886351241477,106.67566625482782,29,36,1.0
2025-11-22 22:39:20,Le Hong Phong,Quan 10,10.765187049751795,106.67550552599073,23,35,1.0
2025-11-22 22:39:31,Nguyen Van Cu,Quan 5,10.759484371982321,106.6840537511244,21,28,1.0
2025-11-22 22:39:32,Nga tu Binh Phuoc,Ngoai o,10.865229381280965,106.72366973948475,40,49,1.0
2025-11-22 22:39:33,Phu My Hung ,Quan 7,10.72279213640514,106.72808623948244,29,36,0.998015
2025-11-22 22:39:34,Nguyen Thai Son,Phu Nhuan,10.823400120373712,106.68551227436063,32,32,1.0
2025-11-22 22:39:34,An Duong Vuong,Quan 8,10.756158554057757,106.66631758181126,30,30,1.0
2025-11-22 22:39:35,Huynh Tan Phat,Nha Be,10.7144382088356,106.73711688366167,27,35,1.0
2025-11-22 22:39:43,Truong Chinh,Tan Binh ,10.817236653231737,106.63191539530457,27,35,1.0
2025-11-22 22:41:55,Cho Ben Thanh,Quan 1,10.772727584493625,106.69804225297563,12,25,1.0
2025-11-22 22:41:56,Duong Nguyen Hue,Quan 1,10.774028664434528,106.70357076461706,10,28,1.0
2025-11-22 22:41:57,Nguyen Van Linh,Quan 7,10.752616652291238,106.72509685338922,39,39,1.0
2025-11-22 22:41:58,Vo Van Kiet,Quan 5,10.745754766198267,106.65326266831877,42,42,1.0
2025-11-22 22:41:58,Xa lo Ha Noi,QL1A,10.94927106740351,106.87196348224562,33,42,1.0
2025-11-22 22:41:59,Duong Dien Bien Phu,Quan 1,10.78866360854368,106.69551372228901,36,42,1.0
2025-11-22 22:42:00,Nga tu Hang Xanh,Binh Thanh,10.801406421807085,106.71148440879679,36,42,1.0
2025-11-22 22:42:01,Nga tu An Suong,Hoc Mon,10.843150534972033,106.6151343241409,26,35,1.0
2025-11-22 22:42:02,Ben xe Mien Dong,Quan 9,10.880537767027526,106.81481342866444,53,53,1.0
2025-11-22 22:42:03,Ben xe Mien Tay,Binh Tan,10.740840166521663,106.61899246873142,34,34,1.0
2025-11-22 22:42:04,Cau Sai Gon,Quan 2 ,10.798986343749618,106.72697056646841,45,45,1.0
2025-11-22 22:42:04,Cau Phu My,Q2,10.741860769464234,106.73790365482627,45,45,1.0
2025-11-22 22:42:16,Cau Kenh Te,Q4,10.752408891679814,106.7022703818112,33,33,1.0
2025-11-22 22:42:17,Cau Thu Thiem,Quan 2,10.786216596454727,106.71836665482695,40,40,1.0
2025-11-22 22:42:18,Nguyen Huu Canh,Binh Thanh,10.78948793356203,106.71518838181179,36,36,1.0
2025-11-22 22:42:19,Cong Hoa,Tan Binh,10.80223925742187,106.6478722259914,30,41,1.0
2025-11-22 22:42:28,Truong Son / Tan Son Nhat Blvd,Gan san bay,10.813928881466124,106.66511432455972,27,33,0.997381
2025-11-22 22:42:40,Nguyen Trai,Quan 5,10.755608615763382,106.67347943578082,18,28,1.0
2025-11-22 22:42:41,Le Duan,Quan 1,10.782680856341083,106.70051548181169,20,30,1.0
2025-11-22 22:42:42,Tran Hung Dao ,Quan 5,10.754895139302109,106.67839188181134,25,33,1.0
2025-11-22 22:42:43,Tran Quoc Thao,Quan 3,10.785070445194592,106.68331340921323,17,27,1.0
2025-11-22 22:42:44,Tran Hung Dao,Quan 5,10.7549373008113,106.67848844133415,25,33,1.0
2025-11-22 22:42:45,Cach Mang Thang 8 (CMT8),Quan 3,10.77898143649726,106.67684447140958,24,34,0.992146
2025-11-22 22:42:52,Pham Ngu Lao / Bui Vien,Quan 1,10.767112828386699,106.6927618222887,9,19,1.0
2025-11-22 22:42:53,Nguyen Thi Minh Khai,Quan 3,10.77847212665258,106.69389510879643,35,41,1.0
2025-11-22 22:42:54,Nguyen Van Troi,Phu Nhuan,10.796057790235078,106.67492629345334,33,33,1.0
2025-11-22 22:42:55,Pham Van Dong,Go Vap,10.835298215641501,106.72935479345391,36,42,0.995124
2025-11-22 22:42:55,Cong truong lam son,Quan 1,10.777562007197462,106.7041335430398,20,30,1.0
2025-11-22 22:42:56,Nguyen Oanh ,Go Vap,10.83886351241477,106.67566625482782,29,35,1.0
2025-11-22 22:43:04,Le Hong Phong,Quan 10,10.765187049751795,106.67550552599073,23,36,1.0
2025-11-22 22:43:05,Nguyen Van Cu,Quan 5,10.759484371982321,106.6840537511244,18,28,1.0
2025-11-22 22:43:06,Nga tu Binh Phuoc,Ngoai o,10.865229381280965,106.72366973948475,49,49,1.0
2025-11-22 22:43:07,Phu My Hung ,Quan 7,10.72279213640514,106.72808623948244,30,37,0.99649
2025-11-22 22:43:07,Nguyen Thai Son,Phu Nhuan,10.823400120373712,106.68551227436063,24,32,1.0
2025-11-22 22:43:08,An Duong Vuong,Quan 8,10.756158554057757,106.66631758181126,30,30,1.0
2025-11-22 22:43:09,Huynh Tan Phat,Nha Be,10.7144382088356,106.73711688366167,27,35,1.0
2025-11-22 22:43:10,Truong Chinh,Tan Binh ,10.817236653231737,106.63191539530457,27,34,1.0
2025-11-22 22:45:22,Cho Ben Thanh,Quan 1,10.772727584493625,106.69804225297563,11,24,1.0
2025-11-22 22:45:23,Duong Nguyen Hue,Quan 1,10.774028664434528,106.70357076461706,13,29,1.0
2025-11-22 22:45:24,Nguyen Van Linh,Quan 7,10.752616652291238,106.72509685338922,39,39,1.0
2025-11-22 22:45:24,Vo Van Kiet,Quan 5,10.745754766198267,106.65326266831877,42,42,1.0
2025-11-22 22:45:25,Xa lo Ha Noi,QL1A,10.94927106740351,106.87196348224562,30,41,1.0
2025-11-22 22:45:26,Duong Dien Bien Phu,Quan 1,10.78866360854368,106.69551372228901,42,42,1.0
2025-11-22 22:45:27,Nga tu Hang Xanh,Binh Thanh,10.801406421807085,106.71148440879679,42,42,1.0
2025-11-22 22:45:39,Nga tu An Suong,Hoc Mon,10.843150534972033,106.6151343241409,27,35,1.0
2025-11-22 22:45:51,Ben xe Mien Dong,Quan 9,10.880537767027526,106.81481342866444,53,53,1.0
2025-11-22 22:46:03,Ben xe Mien Tay,Binh Tan,10.740840166521663,106.61899246873142,34,34,1.0
2025-11-22 22:46:15,Cau Sai Gon,Quan 2 ,10.798986343749618,106.72697056646841,45,45,1.0
2025-11-22 22:46:16,Cau Phu My,Q2,10.741860769464234,106.73790365482627,45,45,1.0
2025-11-22 22:46:16,Cau Kenh Te,Q4,10.752408891679814,106.7022703818112,33,33,1.0
2025-11-22 22:46:17,Cau Thu Thiem,Quan 2,10.786216596454727,106.71836665482695,40,40,1.0
2025-11-22 22:46:18,Nguyen Huu Canh,Binh Thanh,10.78948793356203,106.71518838181179,36,36,1.0
2025-11-22 22:46:19,Cong Hoa,Tan Binh,10.80223925742187,106.6478722259914,29,41,1.0
2025-11-22 22:46:27,Truong Son / Tan Son Nhat Blvd,Gan san bay,10.813928881466124,106.66511432455972,27,33,0.99739
2025-11-22 22:46:39,Nguyen Trai,Quan 5,10.755608615763382,106.67347943578082,18,27,1.0
2025-11-22 22:46:40,Le Duan,Quan 1,10.782680856341083,106.70051548181169,20,30,1.0
2025-11-22 22:46:40,Tran Hung Dao ,Quan 5,10.754895139302109,106.67839188181134,26,32,1.0
2025-11-22 22:46:41,Tran Quoc Thao,Quan 3,10.785070445194592,106.68331340921323,22,27,1.0
2025-11-22 22:46:42,Tran Hung Dao,Quan 5,10.7549373008113,106.67848844133415,26,32,1.0
2025-11-22 22:46:43,Cach Mang Thang 8 (CMT8),Quan 3,10.77898143649726,106.67684447140958,25,34,0.992146
2025-11-22 22:46:51,Pham Ngu Lao / Bui Vien,Quan 1,10.767112828386699,106.6927618222887,11,19,1.0
2025-11-22 22:46:52,Nguyen Thi Minh Khai,Quan 3,10.77847212665258,106.69389510879643,35,41,1.0
2025-11-22 22:46:53,Nguyen Van Troi,Phu Nhuan,10.796057790235078,106.67492629345334,27,33,0.99739
2025-11-22 22:46:54,Pham Van Dong,Go Vap,10.835298215641501,106.72935479345391,42,42,1.0
2025-11-22 22:46:55,Cong truong lam son,Quan 1,10.777562007197462,106.7041335430398,20,30,1.0
2025-11-22 22:47:02,Nguyen Oanh ,Go Vap,10.83886351241477,106.67566625482782,27,35,1.0
2025-11-22 22:47:14,Le Hong Phong,Quan 10,10.765187049751795,106.67550552599073,27,35,1.0
2025-11-22 22:47:15,Nguyen Van Cu,Quan 5,10.759484371982321,106.6840537511244,20,29,1.0
2025-11-22 22:47:16,Nga tu Binh Phuoc,Ngoai o,10.865229381280965,106.72366973948475,40,48,1.0
2025-11-22 22:47:17,Phu My Hung ,Quan 7,10.72279213640514,106.72808623948244,29,37,0.994966
2025-11-22 22:47:18,Nguyen Thai Son,Phu Nhuan,10.823400120373712,106.68551227436063,27,32,1.0
2025-11-22 22:47:19,An Duong Vuong,Quan 8,10.756158554057757,106.66631758181126,30,30,1.0
2025-11-22 22:47:26,Huynh Tan Phat,Nha Be,10.7144382088356,106.73711688366167,27,35,1.0
2025-11-22 22:47:27,Truong Chinh,Tan Binh ,10.817236653231737,106.63191539530457,27,34,1.0
2025-11-22 22:49:28,Cho Ben Thanh,Quan 1,10.772727584493625,106.69804225297563,11,24,1.0
2025-11-22 22:49:29,Duong Nguyen Hue,Quan 1,10.774028664434528,106.70357076461706,11,28,1.0
2025-11-22 22:49:30,Nguyen Van Linh,Quan 7,10.752616652291238,106.72509685338922,39,39,1.0
2025-11-22 22:49:31,Vo Van Kiet,Quan 5,10.745754766198267,106.65326266831877,42,42,1.0
2025-11-22 22:49:39,Xa lo Ha Noi,QL1A,10.94927106740351,106.87196348224562,32,42,1.0
2025-11-22 22:49:40,Duong Dien Bien Phu,Quan 1,10.78866360854368,106.69551372228901,42,42,1.0
2025-11-22 22:49:41,Nga tu Hang Xanh,Binh Thanh,10.801406421807085,106.71148440879679,42,42,1.0
2025-11-22 22:49:42,Nga tu An Suong,Hoc Mon,10.843150534972033,106.6151343241409,27,34,1.0
2025-11-22 22:49:43,Ben xe Mien Dong,Quan 9,10.880537767027526,106.81481342866444,53,53,1.0
2025-11-22 22:49:44,Ben xe Mien Tay,Binh Tan,10.740840166521663,106.61899246873142,34,34,1.0
2025-11-22 22:49:51,Cau Sai Gon,Quan 2 ,10.798986343749618,106.72697056646841,45,45,1.0
2025-11-22 22:49:52,Cau Phu My,Q2,10.741860769464234,106.73790365482627,45,45,1.0
2025-11-22 22:49:53,Cau Kenh Te,Q4,10.752408891679814,106.7022703818112,26,32,1.0
2025-11-22 22:49:54,Cau Thu Thiem,Quan 2,10.786216596454727,106.71836665482695,40,40,1.0
2025-11-22 22:49:55,Nguyen Huu Canh,Binh Thanh,10.78948793356203,106.71518838181179,36,36,1.0
2025-11-22 22:49:55,Cong Hoa,Tan Binh,10.80223925742187,106.6478722259914,30,41,1.0
2025-11-22 22:50:03,Truong Son / Tan Son Nhat Blvd,Gan san bay,10.813928881466124,106.66511432455972,24,33,0.997416
2025-11-22 22:50:04,Nguyen Trai,Quan 5,10.755608615763382,106.67347943578082,20,28,1.0
2025-11-22 22:50:05,Le Duan,Quan 1,10.782680856341083,106.70051548181169,20,30,1.0
2025-11-22 22:50:05,Tran Hung Dao ,Quan 5,10.754895139302109,106.67839188181134,32,32,1.0
2025-11-22 22:50:06,Tran Quoc Thao,Quan 3,10.785070445194592,106.68331340921323,22,27,1.0
2025-11-22 22:50:07,Tran Hung Dao,Quan 5,10.7549373008113,106.67848844133415,32,32,1.0
2025-11-22 22:50:15,Cach Mang Thang 8 (CMT8),Quan 3,10.77898143649726,106.67684447140958,27,34,0.992146
2025-11-22 22:50:16,Pham Ngu Lao / Bui Vien,Quan 1,10.767112828386699,106.6927618222887,11,20,1.0
2025-11-22 22:50:17,Nguyen Thi Minh Khai,Quan 3,10.77847212665258,106.69389510879643,34,42,1.0
2025-11-22 22:50:17,Nguyen Van Troi,Phu Nhuan,10.796057790235078,106.67492629345334,24,33,0.997416
2025-11-22 22:50:18,Pham Van Dong,Go Vap,10.835298215641501,106.72935479345391,35,42,0.98707
2025-11-22 22:50:19,Cong truong lam son,Quan 1,10.777562007197462,106.7041335430398,20,30,1.0
2025-11-22 22:50:27,Nguyen Oanh ,Go Vap,10.83886351241477,106.67566625482782,28,36,1.0
2025-11-22 22:50:28,Le Hong Phong,Quan 10,10.765187049751795,106.67550552599073,36,36,1.0
2025-11-22 22:50:29,Nguyen Van Cu,Quan 5,10.759484371982321,106.6840537511244,20,28,1.0
2025-11-22 22:50:29,Nga tu Binh Phuoc,Ngoai o,10.865229381280965,106.72366973948475,49,49,1.0
2025-11-22 22:50:30,Phu My Hung ,Quan 7,10.72279213640514,106.72808623948244,30,37,0.994966
2025-11-22 22:50:31,Nguyen Thai Son,Phu Nhuan,10.823400120373712,106.68551227436063,26,32,1.0
2025-11-22 22:50:39,An Duong Vuong,Quan 8,10.756158554057757,106.66631758181126,30,30,1.0
2025-11-22 22:50:40,Huynh Tan Phat,Nha Be,10.7144382088356,106.73711688366167,28,35,1.0
2025-11-22 22:50:41,Truong Chinh,Tan Binh ,10.817236653231737,106.63191539530457,28,35,1.0
2025-11-22 22:52:42,Cho Ben Thanh,Quan 1,10.772727584493625,106.69804225297563,10,24,1.0
2025-11-22 22:52:42,Duong Nguyen Hue,Quan 1,10.774028664434528,106.70357076461706,13,28,1.0
2025-11-22 22:52:43,Nguyen Van Linh,Quan 7,10.752616652291238,106.72509685338922,39,39,1.0
2025-11-22 22:52:44,Vo Van Kiet,Quan 5,10.745754766198267,106.65326266831877,42,42,1.0
2025-11-22 22:52:45,Xa lo Ha Noi,QL1A,10.94927106740351,106.87196348224562,42,42,1.0
2025-11-22 22:52:57,Duong Dien Bien Phu,Quan 1,10.78866360854368,106.69551372228901,42,42,1.0
2025-11-22 22:53:09,Nga tu Hang Xanh,Binh Thanh,10.801406421807085,106.71148440879679,42,42,1.0
2025-11-22 22:53:10,Nga tu An Suong,Hoc Mon,10.843150534972033,106.6151343241409,29,35,1.0
2025-11-22 22:53:10,Ben xe Mien Dong,Quan 9,10.880537767027526,106.81481342866444,53,53,1.0
2025-11-22 22:53:11,Ben xe Mien Tay,Binh Tan,10.740840166521663,106.61899246873142,34,34,1.0
2025-11-22 22:53:12,Cau Sai Gon,Quan 2 ,10.798986343749618,106.72697056646841,45,45,1.0
2025-11-22 22:53:21,Cau Phu My,Q2,10.741860769464234,106.73790365482627,45,45,1.0
2025-11-22 22:53:33,Cau Kenh Te,Q4,10.752408891679814,106.7022703818112,33,33,1.0
2025-11-22 22:53:34,Cau Thu Thiem,Quan 2,10.786216596454727,106.71836665482695,40,40,1.0
2025-11-22 22:53:35,Nguyen Huu Canh,Binh Thanh,10.78948793356203,106.71518838181179,36,36,1.0
2025-11-22 22:53:35,Cong Hoa,Tan Binh,10.80223925742187,106.6478722259914,31,40,1.0
2025-11-22 22:53:36,Truong Son / Tan Son Nhat Blvd,Gan san bay,10.813928881466124,106.66511432455972,25,33,0.998692
2025-11-22 22:53:37,Nguyen Trai,Quan 5,10.755608615763382,106.67347943578082,20,27,1.0
2025-11-22 22:53:45,Le Duan,Quan 1,10.782680856341083,106.70051548181169,19,30,1.0
2025-11-22 22:53:56,Tran Hung Dao ,Quan 5,10.754895139302109,106.67839188181134,26,32,1.0
2025-11-22 22:53:57,Tran Quoc Thao,Quan 3,10.785070445194592,106.68331340921323,18,28,1.0
2025-11-22 22:53:58,Tran Hung Dao,Quan 5,10.7549373008113,106.67848844133415,26,32,1.0
2025-11-22 22:53:59,Cach Mang Thang 8 (CMT8),Quan 3,10.77898143649726,106.67684447140958,27,34,0.992146
2025-11-22 22:54:00,Pham Ngu Lao / Bui Vien,Quan 1,10.767112828386699,106.6927618222887,14,21,1.0
2025-11-22 22:54:01,Nguyen Thi Minh Khai,Quan 3,10.77847212665258,106.69389510879643,34,41,1.0
2025-11-22 22:54:08,Nguyen Van Troi,Phu Nhuan,10.796057790235078,106.67492629345334,25,34,0.998692
2025-11-22 22:54:20,Pham Van Dong,Go Vap,10.835298215641501,106.72935479345391,38,42,0.987457
2025-11-22 22:54:21,Cong truong lam son,Quan 1,10.777562007197462,106.7041335430398,20,30,1.0
2025-11-22 22:54:22,Nguyen Oanh ,Go Vap,10.83886351241477,106.67566625482782,36,36,1.0
2025-11-22 22:54:23,Le Hong Phong,Quan 10,10.765187049751795,106.67550552599073,26,35,1.0
2025-11-22 22:54:24,Nguyen Van Cu,Quan 5,10.759484371982321,106.6840537511244,19,26,0.998954
2025-11-22 22:54:25,Nga tu Binh Phuoc,Ngoai o,10.865229381280965,106.72366973948475,49,49,1.0
2025-11-22 22:54:32,Phu My Hung ,Quan 7,10.72279213640514,106.72808623948244,30,37,0.988408
2025-11-22 22:54:44,Nguyen Thai Son,Phu Nhuan,10.823400120373712,106.68551227436063,26,31,1.0
2025-11-22 22:54:45,An Duong Vuong,Quan 8,10.756158554057757,106.66631758181126,30,30,1.0
2025-11-22 22:54:46,Huynh Tan Phat,Nha Be,10.7144382088356,106.73711688366167,28,35,1.0
2025-11-22 22:54:47,Truong Chinh,Tan Binh ,10.817236653231737,106.63191539530457,28,35,1.0
2025-11-22 22:56:59,Cho Ben Thanh,Quan 1,10.772727584493625,106.69804225297563,9,24,1.0
2025-11-22 22:56:59,Duong Nguyen Hue,Quan 1,10.774028664434528,106.70357076461706,18,28,1.0
2025-11-22 22:57:00,Nguyen Van Linh,Quan 7,10.752616652291238,106.72509685338922,39,39,1.0
2025-11-22 22:57:01,Vo Van Kiet,Quan 5,10.745754766198267,106.65326266831877,37,43,1.0
2025-11-22 22:57:02,Xa lo Ha Noi,QL1A,10.94927106740351,106.87196348224562,32,42,1.0
2025-11-22 22:57:03,Duong Dien Bien Phu,Quan 1,10.78866360854368,106.69551372228901,42,42,1.0
2025-11-22 22:57:04,Nga tu Hang Xanh,Binh Thanh,10.801406421807085,106.71148440879679,42,42,1.0
2025-11-22 22:57:05,Nga tu An Suong,Hoc Mon,10.843150534972033,106.6151343241409,28,35,1.0
2025-11-22 22:57:06,Ben xe Mien Dong,Quan 9,10.880537767027526,106.81481342866444,53,53,1.0
2025-11-22 22:57:06,Ben xe Mien Tay,Binh Tan,10.740840166521663,106.61899246873142,34,34,1.0
2025-11-22 22:57:11,Cau Sai Gon,Quan 2 ,10.798986343749618,106.72697056646841,45,45,1.0
2025-11-22 22:57:22,Cau Phu My,Q2,10.741860769464234,106.73790365482627,45,45,1.0
2025-11-22 22:57:23,Cau Kenh Te,Q4,10.752408891679814,106.7022703818112,27,33,1.0
2025-11-22 22:57:24,Cau Thu Thiem,Quan 2,10.786216596454727,106.71836665482695,40,40,1.0
2025-11-22 22:57:25,Nguyen Huu Canh,Binh Thanh,10.78948793356203,106.71518838181179,36,36,1.0
2025-11-22 22:57:26,Cong Hoa,Tan Binh,10.80223925742187,106.6478722259914,41,41,1.0
2025-11-22 22:57:27,Truong Son / Tan Son Nhat Blvd,Gan san bay,10.813928881466124,106.66511432455972,26,33,1.0
2025-11-22 22:57:34,Nguyen Trai,Quan 5,10.755608615763382,106.67347943578082,20,28,1.0
2025-11-22 22:57:35,Le Duan,Quan 1,10.782680856341083,106.70051548181169,20,31,1.0
2025-11-22 22:57:36,Tran Hung Dao ,Quan 5,10.754895139302109,106.67839188181134,25,32,1.0
2025-11-22 22:57:46,Tran Quoc Thao,Quan 3,10.785070445194592,106.68331340921323,21,28,1.0
2025-11-22 22:57:47,Tran Hung Dao,Quan 5,10.7549373008113,106.67848844133415,25,32,1.0
2025-11-22 22:57:48,Cach Mang Thang 8 (CMT8),Quan 3,10.77898143649726,106.67684447140958,28,34,0.992146
2025-11-22 22:57:49,Pham Ngu Lao / Bui Vien,Quan 1,10.767112828386699,106.6927618222887,10,19,1.0
2025-11-22 22:57:50,Nguyen Thi Minh Khai,Quan 3,10.77847212665258,106.69389510879643,34,41,1.0
2025-11-22 22:57:50,Nguyen Van Troi,Phu Nhuan,10.796057790235078,106.67492629345334,26,34,1.0
2025-11-22 22:58:02,Pham Van Dong,Go Vap,10.835298215641501,106.72935479345391,36,42,0.987545
2025-11-22 22:58:14,Cong truong lam son,Quan 1,10.777562007197462,106.7041335430398,20,31,1.0
2025-11-22 22:58:26,Nguyen Oanh ,Go Vap,10.83886351241477,106.67566625482782,36,36,1.0
2025-11-22 22:58:27,Le Hong Phong,Quan 10,10.765187049751795,106.67550552599073,36,36,1.0
2025-11-22 22:58:28,Nguyen Van Cu,Quan 5,10.759484371982321,106.6840537511244,21,27,1.0
2025-11-22 22:58:29,Nga tu Binh Phuoc,Ngoai o,10.865229381280965,106.72366973948475,49,49,1.0
2025-11-22 22:58:30,Phu My Hung ,Quan 7,10.72279213640514,106.72808623948244,29,37,0.994912
2025-11-22 22:58:30,Nguyen Thai Son,Phu Nhuan,10.823400120373712,106.68551227436063,32,32,1.0
2025-11-22 22:58:38,An Duong Vuong,Quan 8,10.756158554057757,106.66631758181126,30,30,1.0
2025-11-22 22:58:39,Huynh Tan Phat,Nha Be,10.7144382088356,106.73711688366167,28,35,1.0
2025-11-22 22:58:40,Truong Chinh,Tan Binh ,10.817236653231737,106.63191539530457,28,34,1.0
2025-11-22 23:00:52,Cho Ben Thanh,Quan 1,10.772727584493625,106.69804225297563,11,24,1.0
2025-11-22 23:00:53,Duong Nguyen Hue,Quan 1,10.774028664434528,106.70357076461706,18,29,1.0
2025-11-22 23:00:53,Nguyen Van Linh,Quan 7,10.752616652291238,106.72509685338922,39,39,1.0
2025-11-22 23:00:54,Vo Van Kiet,Quan 5,10.745754766198267,106.65326266831877,42,42,1.0
2025-11-22 23:00:55,Xa lo Ha Noi,QL1A,10.94927106740351,106.87196348224562,33,41,1.0
2025-11-22 23:00:56,Duong Dien Bien Phu,Quan 1,10.78866360854368,106.69551372228901,42,42,1.0
2025-11-22 23:01:08,Nga tu Hang Xanh,Binh Thanh,10.801406421807085,106.71148440879679,42,42,1.0
2025-11-22 23:01:20,Nga tu An Suong,Hoc Mon,10.843150534972033,106.6151343241409,27,35,1.0
2025-11-22 23:01:21,Ben xe Mien Dong,Quan 9,10.880537767027526,106.81481342866444,53,53,1.0
2025-11-22 23:01:21,Ben xe Mien Tay,Binh Tan,10.740840166521663,106.61899246873142,34,34,1.0
2025-11-22 23:01:22,Cau Sai Gon,Quan 2 ,10.798986343749618,106.72697056646841,45,45,1.0
2025-11-22 23:01:23,Cau Phu My,Q2,10.741860769464234,106.73790365482627,45,45,1.0
2025-11-22 23:01:24,Cau Kenh Te,Q4,10.752408891679814,106.7022703818112,33,33,1.0
2025-11-22 23:01:32,Cau Thu Thiem,Quan 2,10.786216596454727,106.71836665482695,40,40,1.0
2025-11-22 23:01:32,Nguyen Huu Canh,Binh Thanh,10.78948793356203,106.71518838181179,36,36,1.0
2025-11-22 23:01:33,Cong Hoa,Tan Binh,10.80223925742187,106.6478722259914,30,40,1.0
2025-11-22 23:01:34,Truong Son / Tan Son Nhat Blvd,Gan san bay,10.813928881466124,106.66511432455972,26,33,0.998691
2025-11-22 23:01:35,Nguyen Trai,Quan 5,10.755608615763382,106.67347943578082,21,28,1.0
2025-11-22 23:01:36,Le Duan,Quan 1,10.782680856341083,106.70051548181169,19,30,1.0
2025-11-22 23:01:37,Tran Hung Dao ,Quan 5,10.754895139302109,106.67839188181134,26,32,1.0
2025-11-22 23:01:44,Tran Quoc Thao,Quan 3,10.785070445194592,106.68331340921323,18,27,1.0
2025-11-22 23:01:45,Tran Hung Dao,Quan 5,10.7549373008113,106.67848844133415,26,32,1.0
2025-11-22 23:01:45,Cach Mang Thang 8 (CMT8),Quan 3,10.77898143649726,106.67684447140958,28,34,0.992146
2025-11-22 23:01:46,Pham Ngu Lao / Bui Vien,Quan 1,10.767112828386699,106.6927618222887,9,20,1.0
2025-11-22 23:01:47,Nguyen Thi Minh Khai,Quan 3,10.77847212665258,106.69389510879643,36,42,1.0
2025-11-22 23:01:48,Nguyen Van Troi,Phu Nhuan,10.796057790235078,106.67492629345334,26,33,0.998691
2025-11-22 23:01:56,Pham Van Dong,Go Vap,10.835298215641501,106.72935479345391,36,42,0.988606
2025-11-22 23:01:56,Cong truong lam son,Quan 1,10.777562007197462,106.7041335430398,19,30,1.0
2025-11-22 23:01:57,Nguyen Oanh ,Go Vap,10.83886351241477,106.67566625482782,29,35,1.0
2025-11-22 23:01:58,Le Hong Phong,Quan 10,10.765187049751795,106.67550552599073,25,35,1.0
2025-11-22 23:01:59,Nguyen Van Cu,Quan 5,10.759484371982321,106.6840537511244,21,28,1.0
2025-11-22 23:02:00,Nga tu Binh Phuoc,Ngoai o,10.865229381280965,106.72366973948475,49,49,1.0
2025-11-22 23:02:08,Phu My Hung ,Quan 7,10.72279213640514,106.72808623948244,31,37,0.994912
2025-11-22 23:02:09,Nguyen Thai Son,Phu Nhuan,10.823400120373712,106.68551227436063,32,32,1.0
2025-11-22 23:02:10,An Duong Vuong,Quan 8,10.756158554057757,106.66631758181126,30,30,1.0
2025-11-22 23:02:10,Huynh Tan Phat,Nha Be,10.7144382088356,106.73711688366167,29,35,1.0
2025-11-22 23:02:11,Truong Chinh,Tan Binh ,10.817236653231737,106.63191539530457,27,34,1.0
2025-11-22 23:04:23,Cho Ben Thanh,Quan 1,10.772727584493625,106.69804225297563,11,23,1.0
2025-11-22 23:04:24,Duong Nguyen Hue,Quan 1,10.774028664434528,106.70357076461706,14,29,1.0
2025-11-22 23:04:25,Nguyen Van Linh,Quan 7,10.752616652291238,106.72509685338922,39,39,1.0
2025-11-22 23:04:26,Vo Van Kiet,Quan 5,10.745754766198267,106.65326266831877,37,43,0.999762
2025-11-22 23:04:26,Xa lo Ha Noi,QL1A,10.94927106740351,106.87196348224562,42,42,1.0
2025-11-22 23:04:27,Duong Dien Bien Phu,Quan 1,10.78866360854368,106.69551372228901,42,42,1.0
2025-11-22 23:04:28,Nga tu Hang Xanh,Binh Thanh,10.801406421807085,106.71148440879679,42,42,1.0
2025-11-22 23:04:29,Nga tu An Suong,Hoc Mon,10.843150534972033,106.6151343241409,27,34,1.0
2025-11-22 23:04:30,Ben xe Mien Dong,Quan 9,10.880537767027526,106.81481342866444,53,53,1.0
2025-11-22 23:04:31,Ben xe Mien Tay,Binh Tan,10.740840166521663,106.61899246873142,34,34,1.0
2025-11-22 23:04:32,Cau Sai Gon,Quan 2 ,10.798986343749618,106.72697056646841,45,45,1.0
2025-11-22 23:04:38,Cau Phu My,Q2,10.741860769464234,106.73790365482627,45,45,1.0
2025-11-22 23:04:50,Cau Kenh Te,Q4,10.752408891679814,106.7022703818112,33,33,1.0
2025-11-22 23:04:51,Cau Thu Thiem,Quan 2,10.786216596454727,106.71836665482695,40,40,1.0
2025-11-22 23:04:52,Nguyen Huu Canh,Binh Thanh,10.78948793356203,106.71518838181179,36,36,1.0
2025-11-22 23:04:53,Cong Hoa,Tan Binh,10.80223925742187,106.6478722259914,32,41,1.0
2025-11-22 23:04:54,Truong Son / Tan Son Nhat Blvd,Gan san bay,10.813928881466124,106.66511432455972,25,33,0.998955
2025-11-22 23:04:55,Nguyen Trai,Quan 5,10.755608615763382,106.67347943578082,21,28,1.0
2025-11-22 23:05:02,Le Duan,Quan 1,10.782680856341083,106.70051548181169,20,31,1.0
2025-11-22 23:05:04,Tran Hung Dao ,Quan 5,10.754895139302109,106.67839188181134,25,32,1.0
2025-11-22 23:05:05,Tran Quoc Thao,Quan 3,10.785070445194592,106.68331340921323,19,27,1.0
2025-11-22 23:05:05,Tran Hung Dao,Quan 5,10.7549373008113,106.67848844133415,25,32,1.0
2025-11-22 23:05:06,Cach Mang Thang 8 (CMT8),Quan 3,10.77898143649726,106.67684447140958,28,34,0.992146
2025-11-22 23:05:14,Pham Ngu Lao / Bui Vien,Quan 1,10.767112828386699,106.6927618222887,11,20,1.0
2025-11-22 23:05:26,Nguyen Thi Minh Khai,Quan 3,10.77847212665258,106.69389510879643,41,41,1.0
2025-11-22 23:05:27,Nguyen Van Troi,Phu Nhuan,10.796057790235078,106.67492629345334,26,34,0.997914
2025-11-22 23:05:28,Pham Van Dong,Go Vap,10.835298215641501,106.72935479345391,42,42,1.0
2025-11-22 23:05:29,Cong truong lam son,Quan 1,10.777562007197462,106.7041335430398,21,30,1.0
2025-11-22 23:05:30,Nguyen Oanh ,Go Vap,10.83886351241477,106.67566625482782,29,36,1.0
2025-11-22 23:05:31,Le Hong Phong,Quan 10,10.765187049751795,106.67550552599073,36,36,1.0
2025-11-22 23:05:34,Nguyen Van Cu,Quan 5,10.759484371982321,106.6840537511244,21,28,1.0
2025-11-22 23:05:35,Nga tu Binh Phuoc,Ngoai o,10.865229381280965,106.72366973948475,49,49,1.0
2025-11-22 23:05:47,Phu My Hung ,Quan 7,10.72279213640514,106.72808623948244,37,37,1.0
2025-11-22 23:05:48,Nguyen Thai Son,Phu Nhuan,10.823400120373712,106.68551227436063,25,32,1.0
2025-11-22 23:06:21,An Duong Vuong,Quan 8,10.756158554057757,106.66631758181126,24,29,1.0
2025-11-22 23:06:23,Huynh Tan Phat,Nha Be,10.7144382088356,106.73711688366167,35,35,1.0
2025-11-22 23:06:24,Truong Chinh,Tan Binh ,10.817236653231737,106.63191539530457,28,35,1.0
2025-11-22 23:08:36,Cho Ben Thanh,Quan 1,10.772727584493625,106.69804225297563,14,24,1.0
2025-11-22 23:08:37,Duong Nguyen Hue,Quan 1,10.774028664434528,106.70357076461706,19,29,1.0
2025-11-22 23:08:38,Nguyen Van Linh,Quan 7,10.752616652291238,106.72509685338922,39,39,1.0
2025-11-22 23:08:38,Vo Van Kiet,Quan 5,10.745754766198267,106.65326266831877,42,42,1.0
2025-11-22 23:08:39,Xa lo Ha Noi,QL1A,10.94927106740351,106.87196348224562,34,42,1.0
2025-11-22 23:08:40,Duong Dien Bien Phu,Quan 1,10.78866360854368,106.69551372228901,42,42,1.0
2025-11-22 23:08:41,Nga tu Hang Xanh,Binh Thanh,10.801406421807085,106.71148440879679,42,42,1.0
2025-11-22 23:08:42,Nga tu An Suong,Hoc Mon,10.843150534972033,106.6151343241409,26,35,1.0
2025-11-22 23:08:43,Ben xe Mien Dong,Quan 9,10.880537767027526,106.81481342866444,53,53,1.0
2025-11-22 23:08:44,Ben xe Mien Tay,Binh Tan,10.740840166521663,106.61899246873142,34,34,1.0
2025-11-22 23:08:44,Cau Sai Gon,Quan 2 ,10.798986343749618,106.72697056646841,45,45,1.0
2025-11-22 23:08:51,Cau Phu My,Q2,10.741860769464234,106.73790365482627,45,45,1.0
2025-11-22 23:09:03,Cau Kenh Te,Q4,10.752408891679814,106.7022703818112,33,33,1.0
2025-11-22 23:09:04,Cau Thu Thiem,Quan 2,10.786216596454727,106.71836665482695,40,40,1.0
2025-11-22 23:09:05,Nguyen Huu Canh,Binh Thanh,10.78948793356203,106.71518838181179,36,36,1.0
2025-11-22 23:09:06,Cong Hoa,Tan Binh,10.80223925742187,106.6478722259914,41,41,1.0
2025-11-22 23:09:07,Truong Son / Tan Son Nhat Blvd,Gan san bay,10.813928881466124,106.66511432455972,26,34,0.999528
2025-11-22 23:09:07,Nguyen Trai,Quan 5,10.755608615763382,106.67347943578082,21,27,1.0
2025-11-22 23:09:15,Le Duan,Quan 1,10.782680856341083,106.70051548181169,22,30,1.0
2025-11-22 23:09:27,Tran Hung Dao ,Quan 5,10.754895139302109,106.67839188181134,26,33,1.0
2025-11-22 23:09:28,Tran Quoc Thao,Quan 3,10.785070445194592,106.68331340921323,28,28,1.0
2025-11-22 23:09:29,Tran Hung Dao,Quan 5,10.7549373008113,106.67848844133415,26,33,1.0
2025-11-22 23:09:30,Cach Mang Thang 8 (CMT8),Quan 3,10.77898143649726,106.67684447140958,27,34,0.992146
2025-11-22 23:09:31,Pham Ngu Lao / Bui Vien,Quan 1,10.767112828386699,106.6927618222887,11,18,1.0
2025-11-22 23:09:31,Nguyen Thi Minh Khai,Quan 3,10.77847212665258,106.69389510879643,35,41,1.0
2025-11-22 23:09:39,Nguyen Van Troi,Phu Nhuan,10.796057790235078,106.67492629345334,27,33,0.999528
2025-11-22 23:09:51,Pham Van Dong,Go Vap,10.835298215641501,106.72935479345391,36,42,0.987951
2025-11-22 23:09:52,Cong truong lam son,Quan 1,10.777562007197462,106.7041335430398,22,30,1.0
2025-11-22 23:09:53,Nguyen Oanh ,Go Vap,10.83886351241477,106.67566625482782,30,36,1.0
2025-11-22 23:09:53,Le Hong Phong,Quan 10,10.765187049751795,106.67550552599073,26,36,1.0
2025-11-22 23:09:54,Nguyen Van Cu,Quan 5,10.759484371982321,106.6840537511244,21,28,1.0
2025-11-22 23:09:55,Nga tu Binh Phuoc,Ngoai o,10.865229381280965,106.72366973948475,49,49,1.0
2025-11-22 23:09:56,Phu My Hung ,Quan 7,10.72279213640514,106.72808623948244,37,37,1.0
2025-11-22 23:09:57,Nguyen Thai Son,Phu Nhuan,10.823400120373712,106.68551227436063,25,32,1.0
2025-11-22 23:09:58,An Duong Vuong,Quan 8,10.756158554057757,106.66631758181126,23,29,1.0
2025-11-22 23:09:59,Huynh Tan Phat,Nha Be,10.7144382088356,106.73711688366167,29,35,1.0
2025-11-22 23:09:59,Truong Chinh,Tan Binh ,10.817236653231737,106.63191539530457,27,35,1.0
2025-11-22 23:12:11,Cho Ben Thanh,Quan 1,10.772727584493625,106.69804225297563,14,24,1.0
2025-11-22 23:12:12,Duong Nguyen Hue,Quan 1,10.774028664434528,106.70357076461706,16,27,1.0
2025-11-22 23:12:13,Nguyen Van Linh,Quan 7,10.752616652291238,106.72509685338922,39,39,1.0
2025-11-22 23:12:14,Vo Van Kiet,Quan 5,10.745754766198267,106.65326266831877,42,42,1.0
2025-11-22 23:12:15,Xa lo Ha Noi,QL1A,10.94927106740351,106.87196348224562,42,42,1.0
2025-11-22 23:12:16,Duong Dien Bien Phu,Quan 1,10.78866360854368,106.69551372228901,42,42,1.0
2025-11-22 23:12:28,Nga tu Hang Xanh,Binh Thanh,10.801406421807085,106.71148440879679,42,42,1.0
2025-11-22 23:12:40,Nga tu An Suong,Hoc Mon,10.843150534972033,106.6151343241409,28,35,1.0
2025-11-22 23:12:41,Ben xe Mien Dong,Quan 9,10.880537767027526,106.81481342866444,53,53,1.0
2025-11-22 23:12:42,Ben xe Mien Tay,Binh Tan,10.740840166521663,106.61899246873142,34,34,1.0
2025-11-22 23:12:43,Cau Sai Gon,Quan 2 ,10.798986343749618,106.72697056646841,45,45,1.0
2025-11-22 23:12:43,Cau Phu My,Q2,10.741860769464234,106.73790365482627,45,45,1.0
2025-11-22 23:12:44,Cau Kenh Te,Q4,10.752408891679814,106.7022703818112,33,33,1.0
2025-11-22 23:12:52,Cau Thu Thiem,Quan 2,10.786216596454727,106.71836665482695,40,40,1.0
2025-11-22 23:13:03,Nguyen Huu Canh,Binh Thanh,10.78948793356203,106.71518838181179,36,36,1.0
2025-11-22 23:13:04,Cong Hoa,Tan Binh,10.80223925742187,106.6478722259914,29,40,1.0
2025-11-22 23:13:05,Truong Son / Tan Son Nhat Blvd,Gan san bay,10.813928881466124,106.66511432455972,26,33,0.999528
2025-11-22 23:13:06,Nguyen Trai,Quan 5,10.755608615763382,106.67347943578082,20,27,1.0
2025-11-22 23:13:07,Le Duan,Quan 1,10.782680856341083,106.70051548181169,23,31,1.0
2025-11-22 23:13:08,Tran Hung Dao ,Quan 5,10.754895139302109,106.67839188181134,32,32,1.0
2025-11-22 23:13:15,Tran Quoc Thao,Quan 3,10.785070445194592,106.68331340921323,28,28,1.0
2025-11-22 23:13:17,Tran Hung Dao,Quan 5,10.7549373008113,106.67848844133415,32,32,1.0
2025-11-22 23:13:18,Cach Mang Thang 8 (CMT8),Quan 3,10.77898143649726,106.67684447140958,27,34,0.992146
2025-11-22 23:13:19,Pham Ngu Lao / Bui Vien,Quan 1,10.767112828386699,106.6927618222887,13,19,1.0
2025-11-22 23:13:20,Nguyen Thi Minh Khai,Quan 3,10.77847212665258,106.69389510879643,34,41,1.0
2025-11-22 23:13:27,Nguyen Van Troi,Phu Nhuan,10.796057790235078,106.67492629345334,26,33,0.999057
2025-11-22 23:13:28,Pham Van Dong,Go Vap,10.835298215641501,106.72935479345391,42,42,1.0
2025-11-22 23:13:29,Cong truong lam son,Quan 1,10.777562007197462,106.7041335430398,21,30,1.0
2025-11-22 23:13:30,Nguyen Oanh ,Go Vap,10.83886351241477,106.67566625482782,36,36,1.0
2025-11-22 23:13:31,Le Hong Phong,Quan 10,10.765187049751795,106.67550552599073,29,36,1.0
2025-11-22 23:13:31,Nguyen Van Cu,Quan 5,10.759484371982321,106.6840537511244,18,28,1.0
2025-11-22 23:13:39,Nga tu Binh Phuoc,Ngoai o,10.865229381280965,106.72366973948475,49,49,1.0
2025-11-22 23:13:40,Phu My Hung ,Quan 7,10.72279213640514,106.72808623948244,37,37,1.0
2025-11-22 23:13:41,Nguyen Thai Son,Phu Nhuan,10.823400120373712,106.68551227436063,25,31,1.0
2025-11-22 23:13:42,An Duong Vuong,Quan 8,10.756158554057757,106.66631758181126,30,30,1.0
2025-11-22 23:13:43,Huynh Tan Phat,Nha Be,10.7144382088356,106.73711688366167,35,35,1.0
2025-11-22 23:13:43,Truong Chinh,Tan Binh ,10.817236653231737,106.63191539530457,28,34,1.0
2025-11-22 23:15:44,Cho Ben Thanh,Quan 1,10.772727584493625,106.69804225297563,12,24,1.0
2025-11-22 23:15:45,Duong Nguyen Hue,Quan 1,10.774028664434528,106.70357076461706,18,27,1.0
2025-11-22 23:15:46,Nguyen Van Linh,Quan 7,10.752616652291238,106.72509685338922,39,39,1.0
2025-11-22 23:15:47,Vo Van Kiet,Quan 5,10.745754766198267,106.65326266831877,42,42,1.0
2025-11-22 23:15:48,Xa lo Ha Noi,QL1A,10.94927106740351,106.87196348224562,42,42,1.0
2025-11-22 23:15:49,Duong Dien Bien Phu,Quan 1,10.78866360854368,106.69551372228901,36,42,1.0
2025-11-22 23:15:49,Nga tu Hang Xanh,Binh Thanh,10.801406421807085,106.71148440879679,36,42,1.0
2025-11-22 23:15:50,Nga tu An Suong,Hoc Mon,10.843150534972033,106.6151343241409,29,35,1.0
2025-11-22 23:16:02,Ben xe Mien Dong,Quan 9,10.880537767027526,106.81481342866444,53,53,1.0
2025-11-22 23:16:14,Ben xe Mien Tay,Binh Tan,10.740840166521663,106.61899246873142,34,34,1.0
2025-11-22 23:16:15,Cau Sai Gon,Quan 2 ,10.798986343749618,106.72697056646841,36,45,1.0
2025-11-22 23:16:16,Cau Phu My,Q2,10.741860769464234,106.73790365482627,45,45,1.0
2025-11-22 23:16:17,Cau Kenh Te,Q4,10.752408891679814,106.7022703818112,26,34,1.0
2025-11-22 23:16:17,Cau Thu Thiem,Quan 2,10.786216596454727,106.71836665482695,33,40,1.0
2025-11-22 23:16:18,Nguyen Huu Canh,Binh Thanh,10.78948793356203,106.71518838181179,36,36,1.0
2025-11-22 23:16:19,Cong Hoa,Tan Binh,10.80223925742187,106.6478722259914,33,41,1.0
2025-11-22 23:16:26,Truong Son / Tan Son Nhat Blvd,Gan san bay,10.813928881466124,106.66511432455972,25,33,0.998484
2025-11-22 23:16:38,Nguyen Trai,Quan 5,10.755608615763382,106.67347943578082,19,28,1.0
2025-11-22 23:16:39,Le Duan,Quan 1,10.782680856341083,106.70051548181169,22,30,1.0
2025-11-22 23:16:40,Tran Hung Dao ,Quan 5,10.754895139302109,106.67839188181134,24,32,1.0
2025-11-22 23:16:41,Tran Quoc Thao,Quan 3,10.785070445194592,106.68331340921323,20,27,1.0
2025-11-22 23:16:42,Tran Hung Dao,Quan 5,10.7549373008113,106.67848844133415,24,32,1.0
2025-11-22 23:16:42,Cach Mang Thang 8 (CMT8),Quan 3,10.77898143649726,106.67684447140958,27,34,0.992146
2025-11-22 23:16:54,Pham Ngu Lao / Bui Vien,Quan 1,10.767112828386699,106.6927618222887,6,20,1.0
2025-11-22 23:17:06,Nguyen Thi Minh Khai,Quan 3,10.77847212665258,106.69389510879643,41,41,1.0
2025-11-22 23:17:18,Nguyen Van Troi,Phu Nhuan,10.796057790235078,106.67492629345334,26,33,0.999057
2025-11-22 23:17:30,Pham Van Dong,Go Vap,10.835298215641501,106.72935479345391,36,42,0.994966
2025-11-22 23:17:31,Cong truong lam son,Quan 1,10.777562007197462,106.7041335430398,22,30,1.0
2025-11-22 23:17:32,Nguyen Oanh ,Go Vap,10.83886351241477,106.67566625482782,36,36,1.0
2025-11-22 23:17:33,Le Hong Phong,Quan 10,10.765187049751795,106.67550552599073,28,35,1.0
2025-11-22 23:17:34,Nguyen Van Cu,Quan 5,10.759484371982321,106.6840537511244,21,28,1.0
2025-11-22 23:17:34,Nga tu Binh Phuoc,Ngoai o,10.865229381280965,106.72366973948475,49,49,1.0
2025-11-22 23:17:42,Phu My Hung ,Quan 7,10.72279213640514,106.72808623948244,37,37,1.0
2025-11-22 23:17:54,Nguyen Thai Son,Phu Nhuan,10.823400120373712,106.68551227436063,26,32,1.0
2025-11-22 23:17:55,An Duong Vuong,Quan 8,10.756158554057757,106.66631758181126,30,30,1.0
2025-11-22 23:17:55,Huynh Tan Phat,Nha Be,10.7144382088356,106.73711688366167,35,35,1.0
2025-11-22 23:17:56,Truong Chinh,Tan Binh ,10.817236653231737,106.63191539530457,29,35,1.0
2025-11-22 23:20:08,Cho Ben Thanh,Quan 1,10.772727584493625,106.69804225297563,13,24,1.0
2025-11-22 23:20:09,Duong Nguyen Hue,Quan 1,10.774028664434528,106.70357076461706,16,28,1.0
2025-11-22 23:20:10,Nguyen Van Linh,Quan 7,10.752616652291238,106.72509685338922,39,39,1.0
2025-11-22 23:20:11,Vo Van Kiet,Quan 5,10.745754766198267,106.65326266831877,42,42,1.0
2025-11-22 23:20:12,Xa lo Ha Noi,QL1A,10.94927106740351,106.87196348224562,42,42,1.0
2025-11-22 23:20:12,Duong Dien Bien Phu,Quan 1,10.78866360854368,106.69551372228901,42,42,1.0
2025-11-22 23:20:14,Nga tu Hang Xanh,Binh Thanh,10.801406421807085,106.71148440879679,42,42,1.0
2025-11-22 23:20:15,Nga tu An Suong,Hoc Mon,10.843150534972033,106.6151343241409,29,35,1.0
2025-11-22 23:20:16,Ben xe Mien Dong,Quan 9,10.880537767027526,106.81481342866444,53,53,1.0
2025-11-22 23:20:17,Ben xe Mien Tay,Binh Tan,10.740840166521663,106.61899246873142,34,34,1.0
2025-11-22 23:20:20,Cau Sai Gon,Quan 2 ,10.798986343749618,106.72697056646841,45,45,1.0
2025-11-22 23:20:32,Cau Phu My,Q2,10.741860769464234,106.73790365482627,45,45,1.0
2025-11-22 23:20:33,Cau Kenh Te,Q4,10.752408891679814,106.7022703818112,33,33,1.0
2025-11-22 23:20:34,Cau Thu Thiem,Quan 2,10.786216596454727,106.71836665482695,40,40,1.0
2025-11-22 23:20:35,Nguyen Huu Canh,Binh Thanh,10.78948793356203,106.71518838181179,36,36,1.0
2025-11-22 23:20:35,Cong Hoa,Tan Binh,10.80223925742187,106.6478722259914,32,40,1.0
2025-11-22 23:20:36,Truong Son / Tan Son Nhat Blvd,Gan san bay,10.813928881466124,106.66511432455972,27,33,0.996738
2025-11-22 23:20:37,Nguyen Trai,Quan 5,10.755608615763382,106.67347943578082,21,28,1.0
2025-11-22 23:20:49,Le Duan,Quan 1,10.782680856341083,106.70051548181169,22,30,1.0
2025-11-22 23:21:01,Tran Hung Dao ,Quan 5,10.754895139302109,106.67839188181134,32,32,1.0
2025-11-22 23:21:13,Tran Quoc Thao,Quan 3,10.785070445194592,106.68331340921323,20,27,1.0
2025-11-22 23:21:14,Tran Hung Dao,Quan 5,10.7549373008113,106.67848844133415,32,32,1.0
2025-11-22 23:21:15,Cach Mang Thang 8 (CMT8),Quan 3,10.77898143649726,106.67684447140958,27,34,0.992146
2025-11-22 23:21:16,Pham Ngu Lao / Bui Vien,Quan 1,10.767112828386699,106.6927618222887,12,19,1.0
2025-11-22 23:21:16,Nguyen Thi Minh Khai,Quan 3,10.77847212665258,106.69389510879643,41,41,1.0
2025-11-22 23:21:17,Nguyen Van Troi,Phu Nhuan,10.796057790235078,106.67492629345334,27,33,0.999057
2025-11-22 23:21:29,Pham Van Dong,Go Vap,10.835298215641501,106.72935479345391,36,42,0.994238
2025-11-22 23:21:41,Cong truong lam son,Quan 1,10.777562007197462,106.7041335430398,22,30,1.0
2025-11-22 23:21:42,Nguyen Oanh ,Go Vap,10.83886351241477,106.67566625482782,36,36,1.0
2025-11-22 23:21:43,Le Hong Phong,Quan 10,10.765187049751795,106.67550552599073,36,36,1.0
2025-11-22 23:21:44,Nguyen Van Cu,Quan 5,10.759484371982321,106.6840537511244,22,27,1.0
2025-11-22 23:21:44,Nga tu Binh Phuoc,Ngoai o,10.865229381280965,106.72366973948475,49,49,1.0
2025-11-22 23:21:45,Phu My Hung ,Quan 7,10.72279213640514,106.72808623948244,37,37,1.0
2025-11-22 23:21:53,Nguyen Thai Son,Phu Nhuan,10.823400120373712,106.68551227436063,25,31,1.0
2025-11-22 23:21:54,An Duong Vuong,Quan 8,10.756158554057757,106.66631758181126,25,29,1.0
2025-11-22 23:21:55,Huynh Tan Phat,Nha Be,10.7144382088356,106.73711688366167,35,35,1.0
2025-11-22 23:21:56,Truong Chinh,Tan Binh ,10.817236653231737,106.63191539530457,35,35,1.0
2025-11-22 23:24:08,Cho Ben Thanh,Quan 1,10.772727584493625,106.69804225297563,13,24,1.0
2025-11-22 23:24:08,Duong Nguyen Hue,Quan 1,10.774028664434528,106.70357076461706,18,28,1.0
2025-11-22 23:24:09,Nguyen Van Linh,Quan 7,10.752616652291238,106.72509685338922,39,39,1.0
2025-11-22 23:24:10,Vo Van Kiet,Quan 5,10.745754766198267,106.65326266831877,42,42,1.0
2025-11-22 23:24:19,Xa lo Ha Noi,QL1A,10.94927106740351,106.87196348224562,42,42,1.0
2025-11-22 23:24:20,Duong Dien Bien Phu,Quan 1,10.78866360854368,106.69551372228901,42,42,1.0
2025-11-22 23:24:31,Nga tu Hang Xanh,Binh Thanh,10.801406421807085,106.71148440879679,42,42,1.0
2025-11-22 23:24:32,Nga tu An Suong,Hoc Mon,10.843150534972033,106.6151343241409,35,35,1.0
2025-11-22 23:24:33,Ben xe Mien Dong,Quan 9,10.880537767027526,106.81481342866444,53,53,1.0
2025-11-22 23:24:34,Ben xe Mien Tay,Binh Tan,10.740840166521663,106.61899246873142,34,34,1.0
2025-11-22 23:24:35,Cau Sai Gon,Quan 2 ,10.798986343749618,106.72697056646841,45,45,1.0
2025-11-22 23:24:36,Cau Phu My,Q2,10.741860769464234,106.73790365482627,45,45,1.0
2025-11-22 23:24:43,Cau Kenh Te,Q4,10.752408891679814,106.7022703818112,33,33,1.0
2025-11-22 23:24:44,Cau Thu Thiem,Quan 2,10.786216596454727,106.71836665482695,40,40,1.0
2025-11-22 23:24:45,Nguyen Huu Canh,Binh Thanh,10.78948793356203,106.71518838181179,36,36,1.0
2025-11-22 23:24:46,Cong Hoa,Tan Binh,10.80223925742187,106.6478722259914,41,41,1.0
2025-11-22 23:24:55,Truong Son / Tan Son Nhat Blvd,Gan san bay,10.813928881466124,106.66511432455972,27,34,0.997652
2025-11-22 23:24:56,Nguyen Trai,Quan 5,10.755608615763382,106.67347943578082,22,28,1.0
2025-11-22 23:24:57,Le Duan,Quan 1,10.782680856341083,106.70051548181169,22,30,1.0
2025-11-22 23:24:58,Tran Hung Dao ,Quan 5,10.754895139302109,106.67839188181134,32,32,1.0
2025-11-22 23:24:59,Tran Quoc Thao,Quan 3,10.785070445194592,106.68331340921323,28,28,1.0
2025-11-22 23:25:00,Tran Hung Dao,Quan 5,10.7549373008113,106.67848844133415,32,32,1.0
2025-11-22 23:25:07,Cach Mang Thang 8 (CMT8),Quan 3,10.77898143649726,106.67684447140958,28,34,0.992146
2025-11-22 23:25:08,Pham Ngu Lao / Bui Vien,Quan 1,10.767112828386699,106.6927618222887,11,20,1.0
2025-11-22 23:25:10,Nguyen Thi Minh Khai,Quan 3,10.77847212665258,106.69389510879643,41,41,1.0
2025-11-22 23:25:11,Nguyen Van Troi,Phu Nhuan,10.796057790235078,106.67492629345334,27,34,0.996917
2025-11-22 23:25:12,Pham Van Dong,Go Vap,10.835298215641501,106.72935479345391,42,42,1.0
2025-11-22 23:25:19,Cong truong lam son,Quan 1,10.777562007197462,106.7041335430398,22,30,1.0
2025-11-22 23:25:20,Nguyen Oanh ,Go Vap,10.83886351241477,106.67566625482782,28,35,1.0
2025-11-22 23:25:21,Le Hong Phong,Quan 10,10.765187049751795,106.67550552599073,27,35,1.0
2025-11-22 23:25:22,Nguyen Van Cu,Quan 5,10.759484371982321,106.6840537511244,28,28,1.0
2025-11-22 23:25:23,Nga tu Binh Phuoc,Ngoai o,10.865229381280965,106.72366973948475,49,49,1.0
2025-11-22 23:25:23,Phu My Hung ,Quan 7,10.72279213640514,106.72808623948244,37,37,1.0
2025-11-22 23:25:31,Nguyen Thai Son,Phu Nhuan,10.823400120373712,106.68551227436063,25,32,1.0
2025-11-22 23:25:32,An Duong Vuong,Quan 8,10.756158554057757,106.66631758181126,30,30,1.0
2025-11-22 23:25:33,Huynh Tan Phat,Nha Be,10.7144382088356,106.73711688366167,35,35,1.0
2025-11-22 23:25:34,Truong Chinh,Tan Binh ,10.817236653231737,106.63191539530457,35,35,1.0
2025-11-22 23:27:45,Cho Ben Thanh,Quan 1,10.772727584493625,106.69804225297563,14,24,1.0
2025-11-22 23:27:46,Duong Nguyen Hue,Quan 1,10.774028664434528,106.70357076461706,16,28,1.0
2025-11-22 23:27:47,Nguyen Van Linh,Quan 7,10.752616652291238,106.72509685338922,39,39,1.0
2025-11-22 23:27:48,Vo Van Kiet,Quan 5,10.745754766198267,106.65326266831877,42,42,1.0
2025-11-22 23:27:49,Xa lo Ha Noi,QL1A,10.94927106740351,106.87196348224562,42,42,1.0
2025-11-22 23:27:50,Duong Dien Bien Phu,Quan 1,10.78866360854368,106.69551372228901,42,42,1.0
2025-11-22 23:27:57,Nga tu Hang Xanh,Binh Thanh,10.801406421807085,106.71148440879679,42,42,1.0
2025-11-22 23:28:09,Nga tu An Suong,Hoc Mon,10.843150534972033,106.6151343241409,35,35,1.0
2025-11-22 23:28:10,Ben xe Mien Dong,Quan 9,10.880537767027526,106.81481342866444,53,53,1.0
2025-11-22 23:28:11,Ben xe Mien Tay,Binh Tan,10.740840166521663,106.61899246873142,34,34,1.0
2025-11-22 23:28:12,Cau Sai Gon,Quan 2 ,10.798986343749618,106.72697056646841,45,45,1.0
2025-11-22 23:28:13,Cau Phu My,Q2,10.741860769464234,106.73790365482627,45,45,1.0
2025-11-22 23:28:13,Cau Kenh Te,Q4,10.752408891679814,106.7022703818112,33,33,1.0
2025-11-22 23:28:25,Cau Thu Thiem,Quan 2,10.786216596454727,106.71836665482695,40,40,1.0
2025-11-22 23:28:26,Nguyen Huu Canh,Binh Thanh,10.78948793356203,106.71518838181179,36,36,1.0
2025-11-22 23:28:27,Cong Hoa,Tan Binh,10.80223925742187,106.6478722259914,41,41,1.0
2025-11-22 23:28:28,Truong Son / Tan Son Nhat Blvd,Gan san bay,10.813928881466124,106.66511432455972,33,33,1.0
2025-11-22 23:28:29,Nguyen Trai,Quan 5,10.755608615763382,106.67347943578082,21,28,1.0
2025-11-22 23:28:30,Le Duan,Quan 1,10.782680856341083,106.70051548181169,23,30,1.0
2025-11-22 23:28:37,Tran Hung Dao ,Quan 5,10.754895139302109,106.67839188181134,26,32,1.0
2025-11-22 23:28:38,Tran Quoc Thao,Quan 3,10.785070445194592,106.68331340921323,28,28,1.0
2025-11-22 23:28:39,Tran Hung Dao,Quan 5,10.7549373008113,106.67848844133415,26,32,1.0
2025-11-22 23:28:40,Cach Mang Thang 8 (CMT8),Quan 3,10.77898143649726,106.67684447140958,29,34,0.992146
2025-11-22 23:28:41,Pham Ngu Lao / Bui Vien,Quan 1,10.767112828386699,106.6927618222887,11,19,1.0
2025-11-22 23:28:42,Nguyen Thi Minh Khai,Quan 3,10.77847212665258,106.69389510879643,41,41,1.0
2025-11-22 23:28:49,Nguyen Van Troi,Phu Nhuan,10.796057790235078,106.67492629345334,33,33,1.0
2025-11-22 23:28:50,Pham Van Dong,Go Vap,10.835298215641501,106.72935479345391,42,42,1.0
2025-11-22 23:28:51,Cong truong lam son,Quan 1,10.777562007197462,106.7041335430398,23,30,1.0
2025-11-22 23:28:52,Nguyen Oanh ,Go Vap,10.83886351241477,106.67566625482782,30,36,1.0
2025-11-22 23:28:52,Le Hong Phong,Quan 10,10.765187049751795,106.67550552599073,25,35,1.0
2025-11-22 23:28:53,Nguyen Van Cu,Quan 5,10.759484371982321,106.6840537511244,21,28,1.0
2025-11-22 23:28:54,Nga tu Binh Phuoc,Ngoai o,10.865229381280965,106.72366973948475,49,49,1.0
2025-11-22 23:29:06,Phu My Hung ,Quan 7,10.72279213640514,106.72808623948244,37,37,1.0
2025-11-22 23:29:18,Nguyen Thai Son,Phu Nhuan,10.823400120373712,106.68551227436063,25,32,1.0
2025-11-22 23:29:19,An Duong Vuong,Quan 8,10.756158554057757,106.66631758181126,23,30,1.0
2025-11-22 23:29:20,Huynh Tan Phat,Nha Be,10.7144382088356,106.73711688366167,35,35,1.0
2025-11-22 23:29:21,Truong Chinh,Tan Binh ,10.817236653231737,106.63191539530457,35,35,1.0
2025-11-22 23:31:21,Cho Ben Thanh,Quan 1,10.772727584493625,106.69804225297563,15,25,1.0
2025-11-22 23:31:22,Duong Nguyen Hue,Quan 1,10.774028664434528,106.70357076461706,17,28,1.0
2025-11-22 23:31:32,Nguyen Van Linh,Quan 7,10.752616652291238,106.72509685338922,39,39,1.0
2025-11-22 23:31:33,Vo Van Kiet,Quan 5,10.745754766198267,106.65326266831877,42,42,1.0
2025-11-22 23:31:34,Xa lo Ha Noi,QL1A,10.94927106740351,106.87196348224562,42,42,1.0
2025-11-22 23:31:35,Duong Dien Bien Phu,Quan 1,10.78866360854368,106.69551372228901,42,42,1.0
2025-11-22 23:31:36,Nga tu Hang Xanh,Binh Thanh,10.801406421807085,106.71148440879679,42,42,1.0
2025-11-22 23:31:37,Nga tu An Suong,Hoc Mon,10.843150534972033,106.6151343241409,35,35,1.0
2025-11-22 23:31:44,Ben xe Mien Dong,Quan 9,10.880537767027526,106.81481342866444,53,53,1.0
2025-11-22 23:31:45,Ben xe Mien Tay,Binh Tan,10.740840166521663,106.61899246873142,34,34,1.0
2025-11-22 23:31:46,Cau Sai Gon,Quan 2 ,10.798986343749618,106.72697056646841,45,45,1.0
2025-11-22 23:31:47,Cau Phu My,Q2,10.741860769464234,106.73790365482627,45,45,1.0
2025-11-22 23:31:48,Cau Kenh Te,Q4,10.752408891679814,106.7022703818112,33,33,1.0
2025-11-22 23:31:49,Cau Thu Thiem,Quan 2,10.786216596454727,106.71836665482695,40,40,1.0
2025-11-22 23:31:49,Nguyen Huu Canh,Binh Thanh,10.78948793356203,106.71518838181179,36,36,1.0
2025-11-22 23:31:50,Cong Hoa,Tan Binh,10.80223925742187,106.6478722259914,41,41,1.0
2025-11-22 23:31:51,Truong Son / Tan Son Nhat Blvd,Gan san bay,10.813928881466124,106.66511432455972,28,33,0.997635
2025-11-22 23:31:52,Nguyen Trai,Quan 5,10.755608615763382,106.67347943578082,28,28,1.0
2025-11-22 23:31:53,Le Duan,Quan 1,10.782680856341083,106.70051548181169,22,30,1.0
2025-11-22 23:31:54,Tran Hung Dao ,Quan 5,10.754895139302109,106.67839188181134,26,32,1.0
2025-11-22 23:31:55,Tran Quoc Thao,Quan 3,10.785070445194592,106.68331340921323,28,28,1.0
2025-11-22 23:31:56,Tran Hung Dao,Quan 5,10.7549373008113,106.67848844133415,26,32,1.0
2025-11-22 23:31:57,Cach Mang Thang 8 (CMT8),Quan 3,10.77898143649726,106.67684447140958,27,34,0.992146
2025-11-22 23:31:58,Pham Ngu Lao / Bui Vien,Quan 1,10.767112828386699,106.6927618222887,13,20,1.0
2025-11-22 23:31:59,Nguyen Thi Minh Khai,Quan 3,10.77847212665258,106.69389510879643,36,41,1.0
2025-11-22 23:32:00,Nguyen Van Troi,Phu Nhuan,10.796057790235078,106.67492629345334,28,33,0.997635
2025-11-22 23:32:01,Pham Van Dong,Go Vap,10.835298215641501,106.72935479345391,42,42,1.0
2025-11-22 23:32:08,Cong truong lam son,Quan 1,10.777562007197462,106.7041335430398,22,30,1.0
2025-11-22 23:32:09,Nguyen Oanh ,Go Vap,10.83886351241477,106.67566625482782,36,36,1.0
2025-11-22 23:32:10,Le Hong Phong,Quan 10,10.765187049751795,106.67550552599073,26,35,1.0
2025-11-22 23:32:11,Nguyen Van Cu,Quan 5,10.759484371982321,106.6840537511244,28,28,1.0
2025-11-22 23:32:12,Nga tu Binh Phuoc,Ngoai o,10.865229381280965,106.72366973948475,49,49,1.0
2025-11-22 23:32:13,Phu My Hung ,Quan 7,10.72279213640514,106.72808623948244,37,37,1.0
2025-11-22 23:32:13,Nguyen Thai Son,Phu Nhuan,10.823400120373712,106.68551227436063,26,31,1.0
2025-11-22 23:32:14,An Duong Vuong,Quan 8,10.756158554057757,106.66631758181126,30,30,1.0
2025-11-22 23:32:15,Huynh Tan Phat,Nha Be,10.7144382088356,106.73711688366167,35,35,1.0
2025-11-22 23:32:16,Truong Chinh,Tan Binh ,10.817236653231737,106.63191539530457,35,35,1.0
2025-11-22 23:34:28,Cho Ben Thanh,Quan 1,10.772727584493625,106.69804225297563,15,24,1.0
2025-11-22 23:34:29,Duong Nguyen Hue,Quan 1,10.774028664434528,106.70357076461706,13,28,1.0
2025-11-22 23:34:30,Nguyen Van Linh,Quan 7,10.752616652291238,106.72509685338922,39,39,1.0
2025-11-22 23:34:30,Vo Van Kiet,Quan 5,10.745754766198267,106.65326266831877,42,42,1.0
2025-11-22 23:34:31,Xa lo Ha Noi,QL1A,10.94927106740351,106.87196348224562,42,42,1.0
2025-11-22 23:34:32,Duong Dien Bien Phu,Quan 1,10.78866360854368,106.69551372228901,42,42,1.0
2025-11-22 23:34:44,Nga tu Hang Xanh,Binh Thanh,10.801406421807085,106.71148440879679,42,42,1.0
2025-11-22 23:34:56,Nga tu An Suong,Hoc Mon,10.843150534972033,106.6151343241409,35,35,1.0
2025-11-22 23:35:08,Ben xe Mien Dong,Quan 9,10.880537767027526,106.81481342866444,53,53,1.0
2025-11-22 23:35:20,Ben xe Mien Tay,Binh Tan,10.740840166521663,106.61899246873142,34,34,1.0
2025-11-22 23:35:21,Cau Sai Gon,Quan 2 ,10.798986343749618,106.72697056646841,45,45,1.0
2025-11-22 23:35:21,Cau Phu My,Q2,10.741860769464234,106.73790365482627,45,45,1.0
2025-11-22 23:35:22,Cau Kenh Te,Q4,10.752408891679814,106.7022703818112,33,33,1.0
2025-11-22 23:35:23,Cau Thu Thiem,Quan 2,10.786216596454727,106.71836665482695,40,40,1.0
2025-11-22 23:35:24,Nguyen Huu Canh,Binh Thanh,10.78948793356203,106.71518838181179,36,36,1.0
2025-11-22 23:35:25,Cong Hoa,Tan Binh,10.80223925742187,106.6478722259914,41,41,1.0
2025-11-22 23:35:37,Truong Son / Tan Son Nhat Blvd,Gan san bay,10.813928881466124,106.66511432455972,26,33,0.997384
2025-11-22 23:35:49,Nguyen Trai,Quan 5,10.755608615763382,106.67347943578082,21,28,1.0
2025-11-22 23:35:50,Le Duan,Quan 1,10.782680856341083,106.70051548181169,23,30,1.0
2025-11-22 23:35:51,Tran Hung Dao ,Quan 5,10.754895139302109,106.67839188181134,27,32,1.0
2025-11-22 23:35:51,Tran Quoc Thao,Quan 3,10.785070445194592,106.68331340921323,20,27,1.0
2025-11-22 23:35:52,Tran Hung Dao,Quan 5,10.7549373008113,106.67848844133415,27,32,1.0
2025-11-22 23:35:53,Cach Mang Thang 8 (CMT8),Quan 3,10.77898143649726,106.67684447140958,27,34,0.992146
2025-11-22 23:35:54,Pham Ngu Lao / Bui Vien,Quan 1,10.767112828386699,106.6927618222887,7,20,1.0
2025-11-22 23:35:55,Nguyen Thi Minh Khai,Quan 3,10.77847212665258,106.69389510879643,41,41,1.0
2025-11-22 23:35:56,Nguyen Van Troi,Phu Nhuan,10.796057790235078,106.67492629345334,26,33,0.997384
2025-11-22 23:36:07,Pham Van Dong,Go Vap,10.835298215641501,106.72935479345391,42,42,1.0
2025-11-22 23:36:08,Cong truong lam son,Quan 1,10.777562007197462,106.7041335430398,24,31,1.0
2025-11-22 23:36:20,Nguyen Oanh ,Go Vap,10.83886351241477,106.67566625482782,36,36,1.0
2025-11-22 23:36:32,Le Hong Phong,Quan 10,10.765187049751795,106.67550552599073,36,36,1.0
2025-11-22 23:36:44,Nguyen Van Cu,Quan 5,10.759484371982321,106.6840537511244,21,28,0.998947
2025-11-22 23:36:56,Nga tu Binh Phuoc,Ngoai o,10.865229381280965,106.72366973948475,49,49,1.0
2025-11-22 23:36:57,Phu My Hung ,Quan 7,10.72279213640514,106.72808623948244,31,37,0.996325
2025-11-22 23:36:58,Nguyen Thai Son,Phu Nhuan,10.823400120373712,106.68551227436063,32,32,1.0
2025-11-22 23:36:59,An Duong Vuong,Quan 8,10.756158554057757,106.66631758181126,30,30,1.0
2025-11-22 23:36:59,Huynh Tan Phat,Nha Be,10.7144382088356,106.73711688366167,35,35,1.0
2025-11-22 23:37:00,Truong Chinh,Tan Binh ,10.817236653231737,106.63191539530457,35,35,1.0
2025-11-22 23:39:01,Cho Ben Thanh,Quan 1,10.772727584493625,106.69804225297563,16,24,1.0
2025-11-22 23:39:02,Duong Nguyen Hue,Quan 1,10.774028664434528,106.70357076461706,18,28,1.0
2025-11-22 23:39:03,Nguyen Van Linh,Quan 7,10.752616652291238,106.72509685338922,31,39,1.0
2025-11-22 23:39:12,Vo Van Kiet,Quan 5,10.745754766198267,106.65326266831877,42,42,1.0
2025-11-22 23:39:13,Xa lo Ha Noi,QL1A,10.94927106740351,106.87196348224562,42,42,1.0
2025-11-22 23:39:14,Duong Dien Bien Phu,Quan 1,10.78866360854368,106.69551372228901,42,42,1.0
2025-11-22 23:39:15,Nga tu Hang Xanh,Binh Thanh,10.801406421807085,106.71148440879679,42,42,1.0
2025-11-22 23:39:16,Nga tu An Suong,Hoc Mon,10.843150534972033,106.6151343241409,35,35,1.0
2025-11-22 23:39:17,Ben xe Mien Dong,Quan 9,10.880537767027526,106.81481342866444,53,53,1.0
2025-11-22 23:39:17,Ben xe Mien Tay,Binh Tan,10.740840166521663,106.61899246873142,34,34,1.0
2025-11-22 23:39:18,Cau Sai Gon,Quan 2 ,10.798986343749618,106.72697056646841,45,45,1.0
2025-11-22 23:39:19,Cau Phu My,Q2,10.741860769464234,106.73790365482627,45,45,1.0
2025-11-22 23:39:20,Cau Kenh Te,Q4,10.752408891679814,106.7022703818112,33,33,1.0
2025-11-22 23:39:21,Cau Thu Thiem,Quan 2,10.786216596454727,106.71836665482695,40,40,1.0
2025-11-22 23:39:22,Nguyen Huu Canh,Binh Thanh,10.78948793356203,106.71518838181179,36,36,1.0
2025-11-22 23:39:23,Cong Hoa,Tan Binh,10.80223925742187,106.6478722259914,33,41,1.0
2025-11-22 23:39:24,Truong Son / Tan Son Nhat Blvd,Gan san bay,10.813928881466124,106.66511432455972,27,33,0.997671
2025-11-22 23:39:25,Nguyen Trai,Quan 5,10.755608615763382,106.67347943578082,22,27,1.0
2025-11-22 23:39:26,Le Duan,Quan 1,10.782680856341083,106.70051548181169,22,30,1.0
2025-11-22 23:39:27,Tran Hung Dao ,Quan 5,10.754895139302109,106.67839188181134,32,32,1.0
2025-11-22 23:39:27,Tran Quoc Thao,Quan 3,10.785070445194592,106.68331340921323,20,28,1.0
2025-11-22 23:39:28,Tran Hung Dao,Quan 5,10.7549373008113,106.67848844133415,32,32,1.0
2025-11-22 23:39:36,Cach Mang Thang 8 (CMT8),Quan 3,10.77898143649726,106.67684447140958,28,34,0.992146
2025-11-22 23:39:37,Pham Ngu Lao / Bui Vien,Quan 1,10.767112828386699,106.6927618222887,8,19,1.0
2025-11-22 23:39:38,Nguyen Thi Minh Khai,Quan 3,10.77847212665258,106.69389510879643,41,41,1.0
2025-11-22 23:39:39,Nguyen Van Troi,Phu Nhuan,10.796057790235078,106.67492629345334,26,33,0.997674
2025-11-22 23:39:39,Pham Van Dong,Go Vap,10.835298215641501,106.72935479345391,42,42,1.0
2025-11-22 23:39:40,Cong truong lam son,Quan 1,10.777562007197462,106.7041335430398,23,30,1.0
2025-11-22 23:39:41,Nguyen Oanh ,Go Vap,10.83886351241477,106.67566625482782,36,36,1.0
2025-11-22 23:39:42,Le Hong Phong,Quan 10,10.765187049751795,106.67550552599073,36,36,1.0
2025-11-22 23:39:43,Nguyen Van Cu,Quan 5,10.759484371982321,106.6840537511244,21,27,1.0
2025-11-22 23:39:44,Nga tu Binh Phuoc,Ngoai o,10.865229381280965,106.72366973948475,49,49,1.0
2025-11-22 23:39:45,Phu My Hung ,Quan 7,10.72279213640514,106.72808623948244,37,37,1.0
2025-11-22 23:39:45,Nguyen Thai Son,Phu Nhuan,10.823400120373712,106.68551227436063,32,32,1.0
2025-11-22 23:39:57,An Duong Vuong,Quan 8,10.756158554057757,106.66631758181126,30,30,1.0
2025-11-22 23:40:09,Huynh Tan Phat,Nha Be,10.7144382088356,106.73711688366167,35,35,1.0
2025-11-22 23:40:10,Truong Chinh,Tan Binh ,10.817236653231737,106.63191539530457,35,35,1.0
2025-11-22 23:42:22,Cho Ben Thanh,Quan 1,10.772727584493625,106.69804225297563,14,24,1.0
2025-11-22 23:42:23,Duong Nguyen Hue,Quan 1,10.774028664434528,106.70357076461706,15,28,1.0
2025-11-22 23:42:24,Nguyen Van Linh,Quan 7,10.752616652291238,106.72509685338922,39,39,1.0
2025-11-22 23:42:25,Vo Van Kiet,Quan 5,10.745754766198267,106.65326266831877,42,42,1.0
2025-11-22 23:42:26,Xa lo Ha Noi,QL1A,10.94927106740351,106.87196348224562,30,41,1.0
2025-11-22 23:42:26,Duong Dien Bien Phu,Quan 1,10.78866360854368,106.69551372228901,42,42,1.0
2025-11-22 23:42:27,Nga tu Hang Xanh,Binh Thanh,10.801406421807085,106.71148440879679,42,42,1.0
2025-11-22 23:42:28,Nga tu An Suong,Hoc Mon,10.843150534972033,106.6151343241409,35,35,1.0
2025-11-22 23:42:29,Ben xe Mien Dong,Quan 9,10.880537767027526,106.81481342866444,53,53,1.0
2025-11-22 23:42:30,Ben xe Mien Tay,Binh Tan,10.740840166521663,106.61899246873142,34,34,1.0
2025-11-22 23:42:31,Cau Sai Gon,Quan 2 ,10.798986343749618,106.72697056646841,45,45,1.0
2025-11-22 23:42:32,Cau Phu My,Q2,10.741860769464234,106.73790365482627,45,45,1.0
2025-11-22 23:42:43,Cau Kenh Te,Q4,10.752408891679814,106.7022703818112,33,33,1.0
2025-11-22 23:42:44,Cau Thu Thiem,Quan 2,10.786216596454727,106.71836665482695,40,40,1.0
2025-11-22 23:42:45,Nguyen Huu Canh,Binh Thanh,10.78948793356203,106.71518838181179,36,36,1.0
2025-11-22 23:42:46,Cong Hoa,Tan Binh,10.80223925742187,106.6478722259914,32,41,1.0
2025-11-22 23:42:47,Truong Son / Tan Son Nhat Blvd,Gan san bay,10.813928881466124,106.66511432455972,27,34,0.998479
2025-11-22 23:42:48,Nguyen Trai,Quan 5,10.755608615763382,106.67347943578082,28,28,1.0
2025-11-22 23:42:48,Le Duan,Quan 1,10.782680856341083,106.70051548181169,24,31,1.0
2025-11-22 23:42:55,Tran Hung Dao ,Quan 5,10.754895139302109,106.67839188181134,26,32,1.0
2025-11-22 23:43:07,Tran Quoc Thao,Quan 3,10.785070445194592,106.68331340921323,28,28,1.0
2025-11-22 23:43:08,Tran Hung Dao,Quan 5,10.7549373008113,106.67848844133415,26,32,1.0
2025-11-22 23:43:09,Cach Mang Thang 8 (CMT8),Quan 3,10.77898143649726,106.67684447140958,30,34,0.992146
2025-11-22 23:43:10,Pham Ngu Lao / Bui Vien,Quan 1,10.767112828386699,106.6927618222887,8,19,1.0
2025-11-22 23:43:11,Nguyen Thi Minh Khai,Quan 3,10.77847212665258,106.69389510879643,41,41,1.0
2025-11-22 23:43:19,Nguyen Van Troi,Phu Nhuan,10.796057790235078,106.67492629345334,33,33,1.0
2025-11-22 23:43:21,Pham Van Dong,Go Vap,10.835298215641501,106.72935479345391,42,42,1.0
2025-11-22 23:43:22,Cong truong lam son,Quan 1,10.777562007197462,106.7041335430398,23,30,1.0
2025-11-22 23:43:23,Nguyen Oanh ,Go Vap,10.83886351241477,106.67566625482782,36,36,1.0
2025-11-22 23:43:24,Le Hong Phong,Quan 10,10.765187049751795,106.67550552599073,36,36,1.0
2025-11-22 23:43:31,Nguyen Van Cu,Quan 5,10.759484371982321,106.6840537511244,28,28,1.0
2025-11-22 23:43:43,Nga tu Binh Phuoc,Ngoai o,10.865229381280965,106.72366973948475,49,49,1.0
2025-11-22 23:43:44,Phu My Hung ,Quan 7,10.72279213640514,106.72808623948244,37,37,1.0
2025-11-22 23:43:45,Nguyen Thai Son,Phu Nhuan,10.823400120373712,106.68551227436063,26,31,1.0
2025-11-22 23:43:46,An Duong Vuong,Quan 8,10.756158554057757,106.66631758181126,24,29,1.0
2025-11-22 23:43:46,Huynh Tan Phat,Nha Be,10.7144382088356,106.73711688366167,35,35,1.0
2025-11-22 23:43:47,Truong Chinh,Tan Binh ,10.817236653231737,106.63191539530457,35,35,1.0
2025-11-22 23:45:59,Cho Ben Thanh,Quan 1,10.772727584493625,106.69804225297563,16,24,1.0
2025-11-22 23:46:11,Duong Nguyen Hue,Quan 1,10.774028664434528,106.70357076461706,17,28,1.0
2025-11-22 23:46:23,Nguyen Van Linh,Quan 7,10.752616652291238,106.72509685338922,39,39,1.0
2025-11-22 23:46:24,Vo Van Kiet,Quan 5,10.745754766198267,106.65326266831877,42,42,1.0
2025-11-22 23:46:25,Xa lo Ha Noi,QL1A,10.94927106740351,106.87196348224562,42,42,1.0
2025-11-22 23:46:25,Duong Dien Bien Phu,Quan 1,10.78866360854368,106.69551372228901,42,42,1.0
2025-11-22 23:46:26,Nga tu Hang Xanh,Binh Thanh,10.801406421807085,106.71148440879679,42,42,1.0
2025-11-22 23:46:27,Nga tu An Suong,Hoc Mon,10.843150534972033,106.6151343241409,35,35,1.0
2025-11-22 23:46:35,Ben xe Mien Dong,Quan 9,10.880537767027526,106.81481342866444,53,53,1.0
2025-11-22 23:46:36,Ben xe Mien Tay,Binh Tan,10.740840166521663,106.61899246873142,34,34,1.0
2025-11-22 23:46:37,Cau Sai Gon,Quan 2 ,10.798986343749618,106.72697056646841,45,45,1.0
2025-11-22 23:46:37,Cau Phu My,Q2,10.741860769464234,106.73790365482627,45,45,1.0
2025-11-22 23:46:38,Cau Kenh Te,Q4,10.752408891679814,106.7022703818112,33,33,1.0
2025-11-22 23:46:39,Cau Thu Thiem,Quan 2,10.786216596454727,106.71836665482695,40,40,1.0
2025-11-22 23:46:47,Nguyen Huu Canh,Binh Thanh,10.78948793356203,106.71518838181179,36,36,1.0
2025-11-22 23:46:48,Cong Hoa,Tan Binh,10.80223925742187,106.6478722259914,41,41,1.0
2025-11-22 23:46:49,Truong Son / Tan Son Nhat Blvd,Gan san bay,10.813928881466124,106.66511432455972,33,33,1.0
2025-11-22 23:46:49,Nguyen Trai,Quan 5,10.755608615763382,106.67347943578082,28,28,1.0
2025-11-22 23:46:50,Le Duan,Quan 1,10.782680856341083,106.70051548181169,24,30,1.0
2025-11-22 23:46:51,Tran Hung Dao ,Quan 5,10.754895139302109,106.67839188181134,32,32,1.0
2025-11-22 23:46:59,Tran Quoc Thao,Quan 3,10.785070445194592,106.68331340921323,28,28,1.0
2025-11-22 23:47:00,Tran Hung Dao,Quan 5,10.7549373008113,106.67848844133415,32,32,1.0
2025-11-22 23:47:01,Cach Mang Thang 8 (CMT8),Quan 3,10.77898143649726,106.67684447140958,30,34,0.992146
2025-11-22 23:47:01,Pham Ngu Lao / Bui Vien,Quan 1,10.767112828386699,106.6927618222887,6,21,1.0
2025-11-22 23:47:02,Nguyen Thi Minh Khai,Quan 3,10.77847212665258,106.69389510879643,41,41,1.0
2025-11-22 23:47:03,Nguyen Van Troi,Phu Nhuan,10.796057790235078,106.67492629345334,33,33,1.0
2025-11-22 23:47:11,Pham Van Dong,Go Vap,10.835298215641501,106.72935479345391,42,42,1.0
2025-11-22 23:47:22,Cong truong lam son,Quan 1,10.777562007197462,106.7041335430398,24,30,1.0
2025-11-22 23:47:23,Nguyen Oanh ,Go Vap,10.83886351241477,106.67566625482782,36,36,1.0
2025-11-22 23:47:24,Le Hong Phong,Quan 10,10.765187049751795,106.67550552599073,36,36,1.0
2025-11-22 23:47:25,Nguyen Van Cu,Quan 5,10.759484371982321,106.6840537511244,21,28,1.0
2025-11-22 23:47:26,Nga tu Binh Phuoc,Ngoai o,10.865229381280965,106.72366973948475,49,49,1.0
2025-11-22 23:47:27,Phu My Hung ,Quan 7,10.72279213640514,106.72808623948244,37,37,1.0
2025-11-22 23:47:34,Nguyen Thai Son,Phu Nhuan,10.823400120373712,106.68551227436063,32,32,1.0
2025-11-22 23:47:35,An Duong Vuong,Quan 8,10.756158554057757,106.66631758181126,30,30,1.0
2025-11-22 23:47:36,Huynh Tan Phat,Nha Be,10.7144382088356,106.73711688366167,35,35,1.0
2025-11-22 23:47:37,Truong Chinh,Tan Binh ,10.817236653231737,106.63191539530457,35,35,1.0
