Latitude,Longitude,CurrentSpeed,FreeFlowSpeed,Confidence,Hour,Minute,DayOfWeek,Weekend,CongestionRatio
10.772727584493625,106.69804225297564,17,24,1.0,7,43,0,0,0.7083
10.774028664434528,106.70357076461706,17,29,1.0,7,43,0,0,0.5862
10.752616652291238,106.72509685338922,39,39,1.0,7,43,0,0,1.0
10.745754766198267,106.65326266831876,42,42,1.0,7,44,0,0,1.0
10.94927106740351,106.87196348224562,32,42,1.0,7,44,0,0,0.7619
10.78866360854368,106.695513722289,29,42,1.0,7,44,0,0,0.6905
10.801406421807084,106.7114844087968,29,42,1.0,7,44,0,0,0.6905
10.843150534972033,106.6151343241409,23,35,1.0,7,44,0,0,0.6571
10.880537767027526,106.81481342866444,42,53,1.0,7,44,0,0,0.7925
10.740840166521664,106.61899246873142,24,35,1.0,7,44,0,0,0.6857
10.798986343749618,106.7269705664684,35,44,1.0,7,44,0,0,0.7955
10.741860769464234,106.73790365482628,45,45,1.0,7,44,0,0,1.0
10.752408891679814,106.7022703818112,16,34,1.0,7,44,0,0,0.4706
10.786216596454729,106.71836665482697,36,39,1.0,7,44,0,0,0.9231
10.78948793356203,106.7151883818118,22,35,1.0,7,44,0,0,0.6286
10.80223925742187,106.6478722259914,23,41,1.0,7,45,0,0,0.561
10.813928881466124,106.66511432455972,20,34,0.999457,7,45,0,0,0.5882
10.755608615763382,106.67347943578082,18,27,0.997894,7,45,0,0,0.6667
10.782680856341084,106.70051548181168,19,30,1.0,7,45,0,0,0.6333
10.754895139302109,106.67839188181134,20,33,1.0,7,45,0,0,0.6061
10.785070445194592,106.68331340921324,14,28,1.0,7,45,0,0,0.5
10.7549373008113,106.67848844133415,20,33,1.0,7,45,0,0,0.6061
10.77898143649726,106.67684447140958,17,34,1.0,7,45,0,0,0.5
10.7671128283867,106.6927618222887,20,20,1.0,7,45,0,0,1.0
10.77847212665258,106.69389510879644,28,41,1.0,7,45,0,0,0.6829
10.796057790235078,106.67492629345334,21,34,1.0,7,45,0,0,0.6176
10.8352982156415,106.72935479345392,31,43,0.993657,7,45,0,0,0.7209
10.777562007197462,106.7041335430398,19,30,1.0,7,46,0,0,0.6333
10.83886351241477,106.67566625482782,27,36,1.0,7,46,0,0,0.75
10.765187049751797,106.67550552599072,25,35,1.0,7,46,0,0,0.7143
10.75948437198232,106.6840537511244,18,28,0.997894,7,46,0,0,0.6429
10.865229381280963,106.72366973948476,36,49,1.0,7,46,0,0,0.7347
10.72279213640514,106.72808623948244,25,37,1.0,7,46,0,0,0.6757
10.823400120373712,106.68551227436063,22,31,1.0,7,46,0,0,0.7097
10.756158554057755,106.66631758181126,21,30,1.0,7,46,0,0,0.7
10.7144382088356,106.73711688366168,21,35,1.0,7,46,0,0,0.6
10.817236653231737,106.63191539530456,21,35,1.0,7,46,0,0,0.6
10.772727584493625,106.69804225297564,18,24,1.0,7,48,0,0,0.75
10.774028664434528,106.70357076461706,29,29,1.0,7,48,0,0,1.0
10.752616652291238,106.72509685338922,39,39,1.0,7,48,0,0,1.0
10.745754766198267,106.65326266831876,42,42,1.0,7,48,0,0,1.0
10.94927106740351,106.87196348224562,27,42,1.0,7,48,0,0,0.6429
10.78866360854368,106.695513722289,30,41,1.0,7,48,0,0,0.7317
10.801406421807084,106.7114844087968,30,41,1.0,7,48,0,0,0.7317
10.843150534972033,106.6151343241409,22,34,1.0,7,48,0,0,0.6471
10.880537767027526,106.81481342866444,43,53,1.0,7,48,0,0,0.8113
10.740840166521664,106.61899246873142,25,35,1.0,7,48,0,0,0.7143
10.798986343749618,106.7269705664684,45,45,1.0,7,48,0,0,1.0
10.741860769464234,106.73790365482628,45,45,1.0,7,48,0,0,1.0
10.752408891679814,106.7022703818112,15,33,1.0,7,48,0,0,0.4545
10.786216596454729,106.71836665482697,36,40,1.0,7,49,0,0,0.9
10.78948793356203,106.7151883818118,28,36,1.0,7,49,0,0,0.7778
10.80223925742187,106.6478722259914,26,41,1.0,7,49,0,0,0.6341
10.813928881466124,106.66511432455972,21,34,1.0,7,49,0,0,0.6176
10.755608615763382,106.67347943578082,19,27,0.997909,7,49,0,0,0.7037
10.782680856341084,106.70051548181168,19,30,1.0,7,49,0,0,0.6333
10.754895139302109,106.67839188181134,21,33,1.0,7,49,0,0,0.6364
10.785070445194592,106.68331340921324,14,28,1.0,7,49,0,0,0.5
10.7549373008113,106.67848844133415,21,33,1.0,7,49,0,0,0.6364
10.77898143649726,106.67684447140958,17,35,1.0,7,49,0,0,0.4857
10.7671128283867,106.6927618222887,20,20,1.0,7,49,0,0,1.0
10.77847212665258,106.69389510879644,28,41,1.0,7,49,0,0,0.6829
10.796057790235078,106.67492629345334,21,34,1.0,7,49,0,0,0.6176
10.8352982156415,106.72935479345392,31,43,0.994942,7,49,0,0,0.7209
10.777562007197462,106.7041335430398,19,30,1.0,7,49,0,0,0.6333
10.83886351241477,106.67566625482782,26,35,1.0,7,49,0,0,0.7429
10.765187049751797,106.67550552599072,21,36,1.0,7,49,0,0,0.5833
10.75948437198232,106.6840537511244,19,27,0.997909,7,49,0,0,0.7037
10.865229381280963,106.72366973948476,35,49,1.0,7,49,0,0,0.7143
10.72279213640514,106.72808623948244,26,36,1.0,7,49,0,0,0.7222
10.823400120373712,106.68551227436063,21,31,1.0,7,49,0,0,0.6774
10.756158554057755,106.66631758181126,22,29,1.0,7,49,0,0,0.7586
10.7144382088356,106.73711688366168,22,35,1.0,7,49,0,0,0.6286
10.817236653231737,106.63191539530456,21,35,1.0,7,49,0,0,0.6
10.772727584493625,106.69804225297564,18,23,1.0,7,51,0,0,0.7826
10.774028664434528,106.70357076461706,23,28,1.0,7,51,0,0,0.8214
10.752616652291238,106.72509685338922,39,39,1.0,7,51,0,0,1.0
10.745754766198267,106.65326266831876,42,42,1.0,7,51,0,0,1.0
10.94927106740351,106.87196348224562,27,40,1.0,7,51,0,0,0.675
10.78866360854368,106.695513722289,30,41,1.0,7,51,0,0,0.7317
10.801406421807084,106.7114844087968,30,41,1.0,7,51,0,0,0.7317
10.843150534972033,106.6151343241409,22,35,1.0,7,51,0,0,0.6286
10.880537767027526,106.81481342866444,41,53,1.0,7,51,0,0,0.7736
10.740840166521664,106.61899246873142,25,35,1.0,7,51,0,0,0.7143
10.798986343749618,106.7269705664684,34,44,1.0,7,51,0,0,0.7727
10.741860769464234,106.73790365482628,45,45,1.0,7,51,0,0,1.0
10.752408891679814,106.7022703818112,16,34,1.0,7,52,0,0,0.4706
10.786216596454729,106.71836665482697,40,40,1.0,7,52,0,0,1.0
10.78948793356203,106.7151883818118,20,34,1.0,7,52,0,0,0.5882
10.80223925742187,106.6478722259914,28,40,1.0,7,52,0,0,0.7
10.813928881466124,106.66511432455972,21,34,1.0,7,52,0,0,0.6176
10.755608615763382,106.67347943578082,21,27,0.997909,7,52,0,0,0.7778
10.782680856341084,106.70051548181168,20,30,1.0,7,52,0,0,0.6667
10.754895139302109,106.67839188181134,21,32,1.0,7,52,0,0,0.6562
10.785070445194592,106.68331340921324,12,26,1.0,7,52,0,0,0.4615
10.7549373008113,106.67848844133415,21,33,1.0,7,53,0,0,0.6364
10.77898143649726,106.67684447140958,16,35,1.0,7,53,0,0,0.4571
10.7671128283867,106.6927618222887,20,20,1.0,7,53,0,0,1.0
10.77847212665258,106.69389510879644,27,41,1.0,7,53,0,0,0.6585
10.796057790235078,106.67492629345334,19,33,1.0,7,53,0,0,0.5758
10.8352982156415,106.72935479345392,30,42,0.993486,7,53,0,0,0.7143
10.777562007197462,106.7041335430398,19,29,1.0,7,53,0,0,0.6552
10.83886351241477,106.67566625482782,27,36,1.0,7,53,0,0,0.75
10.765187049751797,106.67550552599072,24,35,1.0,7,53,0,0,0.6857
10.75948437198232,106.6840537511244,20,27,0.997901,7,53,0,0,0.7407
10.865229381280963,106.72366973948476,35,49,1.0,7,53,0,0,0.7143
10.72279213640514,106.72808623948244,25,36,1.0,7,53,0,0,0.6944
10.823400120373712,106.68551227436063,21,30,1.0,7,53,0,0,0.7
10.756158554057755,106.66631758181126,23,30,1.0,7,53,0,0,0.7667
10.7144382088356,106.73711688366168,22,35,1.0,7,53,0,0,0.6286
10.817236653231737,106.63191539530456,22,35,1.0,7,53,0,0,0.6286
10.772727584493625,106.69804225297564,18,24,0.995907,7,55,0,0,0.75
10.774028664434528,106.70357076461706,29,29,1.0,7,56,0,0,1.0
10.752616652291238,106.72509685338922,36,39,1.0,7,56,0,0,0.9231
10.745754766198267,106.65326266831876,42,42,1.0,7,56,0,0,1.0
10.94927106740351,106.87196348224562,25,41,1.0,7,56,0,0,0.6098
10.78866360854368,106.695513722289,29,41,1.0,7,56,0,0,0.7073
10.801406421807084,106.7114844087968,29,41,1.0,7,56,0,0,0.7073
10.843150534972033,106.6151343241409,22,35,1.0,7,56,0,0,0.6286
10.880537767027526,106.81481342866444,42,53,1.0,7,56,0,0,0.7925
10.740840166521664,106.61899246873142,25,35,1.0,7,56,0,0,0.7143
10.798986343749618,106.7269705664684,35,45,1.0,7,56,0,0,0.7778
10.741860769464234,106.73790365482628,45,45,1.0,7,56,0,0,1.0
10.752408891679814,106.7022703818112,16,33,1.0,7,56,0,0,0.4848
10.786216596454729,106.71836665482697,36,40,1.0,7,56,0,0,0.9
10.78948793356203,106.7151883818118,14,36,1.0,7,56,0,0,0.3889
10.80223925742187,106.6478722259914,23,42,1.0,7,56,0,0,0.5476
10.813928881466124,106.66511432455972,19,34,1.0,7,56,0,0,0.5588
10.755608615763382,106.67347943578082,20,26,0.998954,7,56,0,0,0.7692
10.782680856341084,106.70051548181168,21,30,1.0,7,56,0,0,0.7
10.754895139302109,106.67839188181134,21,32,1.0,7,56,0,0,0.6562
10.785070445194592,106.68331340921324,17,27,1.0,7,56,0,0,0.6296
10.7549373008113,106.67848844133415,21,32,1.0,7,56,0,0,0.6562
10.77898143649726,106.67684447140958,18,34,1.0,7,56,0,0,0.5294
10.7671128283867,106.6927618222887,14,20,1.0,7,56,0,0,0.7
10.77847212665258,106.69389510879644,27,41,1.0,7,57,0,0,0.6585
10.796057790235078,106.67492629345334,21,33,1.0,7,57,0,0,0.6364
10.8352982156415,106.72935479345392,30,43,0.991518,7,57,0,0,0.6977
10.777562007197462,106.7041335430398,20,30,1.0,7,57,0,0,0.6667
10.83886351241477,106.67566625482782,29,36,1.0,7,57,0,0,0.8056
10.765187049751797,106.67550552599072,22,35,1.0,7,57,0,0,0.6286
10.75948437198232,106.6840537511244,21,26,0.998954,7,57,0,0,0.8077
10.865229381280963,106.72366973948476,35,49,1.0,7,57,0,0,0.7143
10.72279213640514,106.72808623948244,25,37,1.0,7,57,0,0,0.6757
10.823400120373712,106.68551227436063,19,31,1.0,7,57,0,0,0.6129
10.756158554057755,106.66631758181126,23,30,1.0,7,57,0,0,0.7667
10.7144382088356,106.73711688366168,22,35,1.0,7,57,0,0,0.6286
10.817236653231737,106.63191539530456,21,35,1.0,7,57,0,0,0.6
10.772727584493625,106.69804225297564,16,23,1.0,7,59,0,0,0.6957
10.774028664434528,106.70357076461706,29,29,1.0,7,59,0,0,1.0
10.752616652291238,106.72509685338922,32,39,1.0,7,59,0,0,0.8205
10.745754766198267,106.65326266831876,42,42,1.0,7,59,0,0,1.0
10.94927106740351,106.87196348224562,28,42,1.0,7,59,0,0,0.6667
10.78866360854368,106.695513722289,29,41,1.0,7,59,0,0,0.7073
10.801406421807084,106.7114844087968,29,41,1.0,7,59,0,0,0.7073
10.843150534972033,106.6151343241409,21,35,1.0,7,59,0,0,0.6
10.880537767027526,106.81481342866444,41,53,1.0,7,59,0,0,0.7736
10.740840166521664,106.61899246873142,25,35,1.0,7,59,0,0,0.7143
10.798986343749618,106.7269705664684,29,44,1.0,7,59,0,0,0.6591
10.741860769464234,106.73790365482628,45,45,1.0,7,59,0,0,1.0
10.752408891679814,106.7022703818112,17,33,1.0,7,59,0,0,0.5152
10.786216596454729,106.71836665482697,37,40,1.0,7,59,0,0,0.925
10.78948793356203,106.7151883818118,22,34,1.0,7,59,0,0,0.6471
10.80223925742187,106.6478722259914,28,41,1.0,7,59,0,0,0.6829
10.813928881466124,106.66511432455972,21,33,0.998691,7,59,0,0,0.6364
10.755608615763382,106.67347943578082,22,27,1.0,7,59,0,0,0.8148
10.782680856341084,106.70051548181168,20,30,1.0,7,59,0,0,0.6667
10.754895139302109,106.67839188181134,22,33,1.0,7,59,0,0,0.6667
10.785070445194592,106.68331340921324,18,27,1.0,7,59,0,0,0.6667
10.7549373008113,106.67848844133415,22,33,1.0,7,59,0,0,0.6667
10.77898143649726,106.67684447140958,18,35,1.0,8,0,0,0,0.5143
10.7671128283867,106.6927618222887,15,19,1.0,8,0,0,0,0.7895
10.77847212665258,106.69389510879644,27,42,1.0,8,0,0,0,0.6429
10.796057790235078,106.67492629345334,21,33,0.998954,8,0,0,0,0.6364
10.8352982156415,106.72935479345392,29,42,0.991634,8,0,0,0,0.6905
10.777562007197462,106.7041335430398,20,30,1.0,8,0,0,0,0.6667
10.83886351241477,106.67566625482782,28,36,1.0,8,0,0,0,0.7778
10.765187049751797,106.67550552599072,27,36,1.0,8,0,0,0,0.75
10.75948437198232,106.6840537511244,22,27,0.997894,8,0,0,0,0.8148
10.865229381280963,106.72366973948476,34,49,1.0,8,0,0,0,0.6939
10.72279213640514,106.72808623948244,27,38,0.999485,8,0,0,0,0.7105
10.823400120373712,106.68551227436063,22,32,1.0,8,0,0,0,0.6875
10.756158554057755,106.66631758181126,30,30,1.0,8,0,0,0,1.0
10.7144382088356,106.73711688366168,23,35,1.0,8,0,0,0,0.6571
10.817236653231737,106.63191539530456,21,35,1.0,8,0,0,0,0.6
10.772727584493625,106.69804225297564,17,24,1.0,8,2,0,0,0.7083
10.774028664434528,106.70357076461706,21,29,1.0,8,2,0,0,0.7241
10.752616652291238,106.72509685338922,39,39,1.0,8,2,0,0,1.0
10.745754766198267,106.65326266831876,42,42,1.0,8,2,0,0,1.0
10.94927106740351,106.87196348224562,27,42,1.0,8,2,0,0,0.6429
10.78866360854368,106.695513722289,32,42,1.0,8,2,0,0,0.7619
10.801406421807084,106.7114844087968,32,42,1.0,8,2,0,0,0.7619
10.843150534972033,106.6151343241409,23,35,1.0,8,2,0,0,0.6571
10.880537767027526,106.81481342866444,42,53,1.0,8,2,0,0,0.7925
10.740840166521664,106.61899246873142,26,35,1.0,8,2,0,0,0.7429
10.798986343749618,106.7269705664684,45,45,1.0,8,2,0,0,1.0
10.741860769464234,106.73790365482628,45,45,1.0,8,2,0,0,1.0
10.752408891679814,106.7022703818112,17,33,1.0,8,2,0,0,0.5152
10.786216596454729,106.71836665482697,40,40,1.0,8,2,0,0,1.0
10.78948793356203,106.7151883818118,18,34,1.0,8,2,0,0,0.5294
10.80223925742187,106.6478722259914,29,40,1.0,8,2,0,0,0.725
10.813928881466124,106.66511432455972,19,34,1.0,8,3,0,0,0.5588
10.755608615763382,106.67347943578082,22,27,0.997909,8,3,0,0,0.8148
10.782680856341084,106.70051548181168,19,30,1.0,8,3,0,0,0.6333
10.754895139302109,106.67839188181134,21,32,1.0,8,3,0,0,0.6562
10.785070445194592,106.68331340921324,15,27,1.0,8,3,0,0,0.5556
10.7549373008113,106.67848844133415,21,32,1.0,8,3,0,0,0.6562
10.77898143649726,106.67684447140958,17,34,1.0,8,3,0,0,0.5
10.7671128283867,106.6927618222887,20,20,1.0,8,3,0,0,1.0
10.77847212665258,106.69389510879644,27,41,1.0,8,3,0,0,0.6585
10.796057790235078,106.67492629345334,20,34,1.0,8,3,0,0,0.5882
10.8352982156415,106.72935479345392,33,42,0.993002,8,3,0,0,0.7857
10.777562007197462,106.7041335430398,20,30,1.0,8,3,0,0,0.6667
10.83886351241477,106.67566625482782,27,36,1.0,8,3,0,0,0.75
10.765187049751797,106.67550552599072,24,36,1.0,8,3,0,0,0.6667
10.75948437198232,106.6840537511244,17,28,0.997901,8,3,0,0,0.6071
10.865229381280963,106.72366973948476,34,49,1.0,8,3,0,0,0.6939
10.72279213640514,106.72808623948244,27,37,0.999742,8,3,0,0,0.7297
10.823400120373712,106.68551227436063,22,32,1.0,8,3,0,0,0.6875
10.756158554057755,106.66631758181126,23,29,1.0,8,3,0,0,0.7931
10.7144382088356,106.73711688366168,23,35,1.0,8,3,0,0,0.6571
10.817236653231737,106.63191539530456,22,35,1.0,8,3,0,0,0.6286
10.772727584493625,106.69804225297564,18,24,1.0,8,5,0,0,0.75
10.774028664434528,106.70357076461706,19,29,1.0,8,5,0,0,0.6552
10.752616652291238,106.72509685338922,39,39,1.0,8,5,0,0,1.0
10.745754766198267,106.65326266831876,42,42,1.0,8,5,0,0,1.0
10.94927106740351,106.87196348224562,23,41,1.0,8,5,0,0,0.561
10.78866360854368,106.695513722289,31,42,1.0,8,6,0,0,0.7381
10.801406421807084,106.7114844087968,31,42,1.0,8,6,0,0,0.7381
10.843150534972033,106.6151343241409,22,35,1.0,8,6,0,0,0.6286
10.880537767027526,106.81481342866444,43,53,1.0,8,6,0,0,0.8113
10.740840166521664,106.61899246873142,25,35,1.0,8,6,0,0,0.7143
10.798986343749618,106.7269705664684,35,45,1.0,8,6,0,0,0.7778
10.741860769464234,106.73790365482628,45,45,1.0,8,6,0,0,1.0
10.752408891679814,106.7022703818112,17,33,1.0,8,6,0,0,0.5152
10.786216596454729,106.71836665482697,40,40,1.0,8,6,0,0,1.0
10.78948793356203,106.7151883818118,22,35,1.0,8,6,0,0,0.6286
10.80223925742187,106.6478722259914,31,41,1.0,8,6,0,0,0.7561
10.813928881466124,106.66511432455972,21,34,1.0,8,6,0,0,0.6176
10.755608615763382,106.67347943578082,17,27,1.0,8,6,0,0,0.6296
10.782680856341084,106.70051548181168,20,30,1.0,8,6,0,0,0.6667
10.754895139302109,106.67839188181134,22,32,1.0,8,6,0,0,0.6875
10.785070445194592,106.68331340921324,14,27,1.0,8,6,0,0,0.5185
10.7549373008113,106.67848844133415,22,32,1.0,8,6,0,0,0.6875
10.77898143649726,106.67684447140958,17,35,1.0,8,6,0,0,0.4857
10.7671128283867,106.6927618222887,20,20,1.0,8,6,0,0,1.0
10.77847212665258,106.69389510879644,27,41,1.0,8,6,0,0,0.6585
10.796057790235078,106.67492629345334,21,34,1.0,8,6,0,0,0.6176
10.8352982156415,106.72935479345392,32,42,0.994019,8,6,0,0,0.7619
10.777562007197462,106.7041335430398,21,30,1.0,8,6,0,0,0.7
10.83886351241477,106.67566625482782,29,36,1.0,8,6,0,0,0.8056
10.765187049751797,106.67550552599072,19,36,1.0,8,6,0,0,0.5278
10.75948437198232,106.6840537511244,18,26,1.0,8,6,0,0,0.6923
10.865229381280963,106.72366973948476,36,49,1.0,8,6,0,0,0.7347
10.72279213640514,106.72808623948244,26,37,0.999302,8,7,0,0,0.7027
10.823400120373712,106.68551227436063,22,32,1.0,8,7,0,0,0.6875
10.756158554057755,106.66631758181126,23,29,1.0,8,7,0,0,0.7931
10.7144382088356,106.73711688366168,22,35,1.0,8,7,0,0,0.6286
10.817236653231737,106.63191539530456,23,35,1.0,8,7,0,0,0.6571
10.772727584493625,106.69804225297564,15,24,1.0,8,9,0,0,0.625
10.774028664434528,106.70357076461706,14,28,1.0,8,9,0,0,0.5
10.752616652291238,106.72509685338922,39,39,1.0,8,9,0,0,1.0
10.745754766198267,106.65326266831876,37,43,1.0,8,9,0,0,0.8605
10.94927106740351,106.87196348224562,26,40,1.0,8,9,0,0,0.65
10.78866360854368,106.695513722289,33,42,1.0,8,9,0,0,0.7857
10.801406421807084,106.7114844087968,33,42,1.0,8,9,0,0,0.7857
10.843150534972033,106.6151343241409,22,35,1.0,8,9,0,0,0.6286
10.880537767027526,106.81481342866444,42,53,1.0,8,9,0,0,0.7925
10.740840166521664,106.61899246873142,26,35,1.0,8,9,0,0,0.7429
10.798986343749618,106.7269705664684,33,44,1.0,8,9,0,0,0.75
10.741860769464234,106.73790365482628,45,45,1.0,8,9,0,0,1.0
10.752408891679814,106.7022703818112,17,34,1.0,8,9,0,0,0.5
10.786216596454729,106.71836665482697,40,40,1.0,8,9,0,0,1.0
10.78948793356203,106.7151883818118,29,36,1.0,8,9,0,0,0.8056
10.80223925742187,106.6478722259914,41,41,1.0,8,9,0,0,1.0
10.813928881466124,106.66511432455972,20,34,1.0,8,9,0,0,0.5882
10.755608615763382,106.67347943578082,18,28,0.997894,8,9,0,0,0.6429
10.782680856341084,106.70051548181168,20,30,1.0,8,10,0,0,0.6667
10.754895139302109,106.67839188181134,21,33,1.0,8,10,0,0,0.6364
10.785070445194592,106.68331340921324,16,27,1.0,8,10,0,0,0.5926
10.7549373008113,106.67848844133415,21,33,1.0,8,10,0,0,0.6364
10.77898143649726,106.67684447140958,18,34,1.0,8,10,0,0,0.5294
10.7671128283867,106.6927618222887,20,20,1.0,8,10,0,0,1.0
10.77847212665258,106.69389510879644,27,41,1.0,8,10,0,0,0.6585
10.796057790235078,106.67492629345334,20,34,1.0,8,10,0,0,0.5882
10.8352982156415,106.72935479345392,31,42,0.995664,8,10,0,0,0.7381
10.777562007197462,106.7041335430398,20,30,1.0,8,10,0,0,0.6667
10.83886351241477,106.67566625482782,29,36,1.0,8,10,0,0,0.8056
10.765187049751797,106.67550552599072,23,35,1.0,8,10,0,0,0.6571
10.75948437198232,106.6840537511244,19,27,0.994219,8,10,0,0,0.7037
10.865229381280963,106.72366973948476,35,49,1.0,8,10,0,0,0.7143
10.72279213640514,106.72808623948244,27,37,0.999302,8,10,0,0,0.7297
10.823400120373712,106.68551227436063,20,31,1.0,8,10,0,0,0.6452
10.756158554057755,106.66631758181126,23,30,1.0,8,10,0,0,0.7667
10.7144382088356,106.73711688366168,22,35,1.0,8,10,0,0,0.6286
10.817236653231737,106.63191539530456,22,35,1.0,8,10,0,0,0.6286
10.772727584493625,106.69804225297564,15,24,1.0,8,12,0,0,0.625
10.774028664434528,106.70357076461706,22,28,1.0,8,13,0,0,0.7857
10.752616652291238,106.72509685338922,32,42,1.0,8,13,0,0,0.7619
10.745754766198267,106.65326266831876,42,42,1.0,8,13,0,0,1.0
10.94927106740351,106.87196348224562,28,41,1.0,8,13,0,0,0.6829
10.78866360854368,106.695513722289,32,42,1.0,8,13,0,0,0.7619
10.801406421807084,106.7114844087968,32,42,1.0,8,13,0,0,0.7619
10.843150534972033,106.6151343241409,21,35,1.0,8,13,0,0,0.6
10.880537767027526,106.81481342866444,43,53,1.0,8,13,0,0,0.8113
10.740840166521664,106.61899246873142,26,35,1.0,8,13,0,0,0.7429
10.798986343749618,106.7269705664684,34,44,1.0,8,13,0,0,0.7727
10.741860769464234,106.73790365482628,45,45,1.0,8,13,0,0,1.0
10.752408891679814,106.7022703818112,18,33,1.0,8,13,0,0,0.5455
10.786216596454729,106.71836665482697,40,40,1.0,8,13,0,0,1.0
10.78948793356203,106.7151883818118,24,36,1.0,8,13,0,0,0.6667
10.80223925742187,106.6478722259914,30,41,1.0,8,13,0,0,0.7317
10.813928881466124,106.66511432455972,21,34,1.0,8,13,0,0,0.6176
10.755608615763382,106.67347943578082,17,27,0.994227,8,13,0,0,0.6296
10.782680856341084,106.70051548181168,19,30,1.0,8,13,0,0,0.6333
10.754895139302109,106.67839188181134,23,33,1.0,8,13,0,0,0.697
10.785070445194592,106.68331340921324,13,28,1.0,8,13,0,0,0.4643
10.7549373008113,106.67848844133415,23,33,1.0,8,13,0,0,0.697
10.77898143649726,106.67684447140958,18,35,1.0,8,13,0,0,0.5143
10.7671128283867,106.6927618222887,20,20,1.0,8,13,0,0,1.0
10.77847212665258,106.69389510879644,27,41,1.0,8,13,0,0,0.6585
10.796057790235078,106.67492629345334,21,33,0.998673,8,13,0,0,0.6364
10.8352982156415,106.72935479345392,32,42,0.995477,8,13,0,0,0.7619
10.777562007197462,106.7041335430398,19,29,1.0,8,13,0,0,0.6552
10.83886351241477,106.67566625482782,36,36,1.0,8,13,0,0,1.0
10.765187049751797,106.67550552599072,25,35,1.0,8,14,0,0,0.7143
10.75948437198232,106.6840537511244,19,28,0.997894,8,14,0,0,0.6786
10.865229381280963,106.72366973948476,35,49,1.0,8,14,0,0,0.7143
10.72279213640514,106.72808623948244,25,36,1.0,8,14,0,0,0.6944
10.823400120373712,106.68551227436063,23,32,1.0,8,14,0,0,0.7188
10.756158554057755,106.66631758181126,24,30,1.0,8,14,0,0,0.8
10.7144382088356,106.73711688366168,23,35,1.0,8,14,0,0,0.6571
10.817236653231737,106.63191539530456,22,35,1.0,8,14,0,0,0.6286
10.772727584493625,106.69804225297564,14,24,1.0,8,16,0,0,0.5833
10.774028664434528,106.70357076461706,29,29,1.0,8,16,0,0,1.0
10.752616652291238,106.72509685338922,39,39,1.0,8,16,0,0,1.0
10.745754766198267,106.65326266831876,42,42,1.0,8,16,0,0,1.0
10.94927106740351,106.87196348224562,27,42,1.0,8,16,0,0,0.6429
10.78866360854368,106.695513722289,32,42,1.0,8,16,0,0,0.7619
10.801406421807084,106.7114844087968,32,42,1.0,8,16,0,0,0.7619
10.843150534972033,106.6151343241409,22,35,1.0,8,16,0,0,0.6286
10.880537767027526,106.81481342866444,40,53,1.0,8,16,0,0,0.7547
10.740840166521664,106.61899246873142,26,36,1.0,8,16,0,0,0.7222
10.798986343749618,106.7269705664684,31,45,1.0,8,16,0,0,0.6889
10.741860769464234,106.73790365482628,45,45,1.0,8,16,0,0,1.0
10.752408891679814,106.7022703818112,17,33,1.0,8,16,0,0,0.5152
10.786216596454729,106.71836665482697,34,39,1.0,8,16,0,0,0.8718
10.78948793356203,106.7151883818118,28,35,1.0,8,16,0,0,0.8
10.80223925742187,106.6478722259914,29,41,1.0,8,16,0,0,0.7073
10.813928881466124,106.66511432455972,19,33,0.997416,8,16,0,0,0.5758
10.755608615763382,106.67347943578082,17,28,0.997886,8,16,0,0,0.6071
10.782680856341084,106.70051548181168,19,31,1.0,8,16,0,0,0.6129
10.754895139302109,106.67839188181134,22,32,1.0,8,16,0,0,0.6875
10.785070445194592,106.68331340921324,15,26,1.0,8,16,0,0,0.5769
10.7549373008113,106.67848844133415,22,32,1.0,8,16,0,0,0.6875
10.77898143649726,106.67684447140958,18,34,1.0,8,16,0,0,0.5294
10.7671128283867,106.6927618222887,20,20,1.0,8,16,0,0,1.0
10.77847212665258,106.69389510879644,28,41,1.0,8,16,0,0,0.6829
10.796057790235078,106.67492629345334,19,33,0.997416,8,16,0,0,0.5758
10.8352982156415,106.72935479345392,32,42,0.995865,8,16,0,0,0.7619
10.777562007197462,106.7041335430398,19,31,1.0,8,16,0,0,0.6129
10.83886351241477,106.67566625482782,36,36,1.0,8,17,0,0,1.0
10.765187049751797,106.67550552599072,26,35,1.0,8,17,0,0,0.7429
10.75948437198232,106.6840537511244,17,28,0.997886,8,17,0,0,0.6071
10.865229381280963,106.72366973948476,36,49,1.0,8,17,0,0,0.7347
10.72279213640514,106.72808623948244,26,37,0.999769,8,17,0,0,0.7027
10.823400120373712,106.68551227436063,22,32,1.0,8,17,0,0,0.6875
10.756158554057755,106.66631758181126,23,29,1.0,8,17,0,0,0.7931
10.7144382088356,106.73711688366168,23,35,1.0,8,17,0,0,0.6571
10.817236653231737,106.63191539530456,23,34,1.0,8,17,0,0,0.6765
10.772727584493625,106.69804225297564,16,24,1.0,8,19,0,0,0.6667
10.774028664434528,106.70357076461706,20,28,1.0,8,19,0,0,0.7143
10.752616652291238,106.72509685338922,34,40,1.0,8,19,0,0,0.85
10.745754766198267,106.65326266831876,37,43,1.0,8,19,0,0,0.8605
10.94927106740351,106.87196348224562,29,42,1.0,8,19,0,0,0.6905
10.78866360854368,106.695513722289,33,42,1.0,8,19,0,0,0.7857
10.801406421807084,106.7114844087968,33,42,1.0,8,19,0,0,0.7857
10.843150534972033,106.6151343241409,23,35,1.0,8,19,0,0,0.6571
10.880537767027526,106.81481342866444,42,53,1.0,8,20,0,0,0.7925
10.740840166521664,106.61899246873142,26,36,1.0,8,20,0,0,0.7222
10.798986343749618,106.7269705664684,36,45,1.0,8,20,0,0,0.8
10.741860769464234,106.73790365482628,45,45,1.0,8,20,0,0,1.0
10.752408891679814,106.7022703818112,18,33,1.0,8,20,0,0,0.5455
10.786216596454729,106.71836665482697,40,40,1.0,8,20,0,0,1.0
10.78948793356203,106.7151883818118,23,35,1.0,8,20,0,0,0.6571
10.80223925742187,106.6478722259914,32,41,1.0,8,20,0,0,0.7805
10.813928881466124,106.66511432455972,19,34,0.998195,8,20,0,0,0.5588
10.755608615763382,106.67347943578082,20,27,0.996181,8,20,0,0,0.7407
10.782680856341084,106.70051548181168,19,30,1.0,8,20,0,0,0.6333
10.754895139302109,106.67839188181134,23,33,1.0,8,20,0,0,0.697
10.785070445194592,106.68331340921324,15,27,1.0,8,20,0,0,0.5556
10.7549373008113,106.67848844133415,23,33,1.0,8,20,0,0,0.697
10.77898143649726,106.67684447140958,16,35,1.0,8,20,0,0,0.4571
10.7671128283867,106.6927618222887,20,20,1.0,8,21,0,0,1.0
10.77847212665258,106.69389510879644,28,41,1.0,8,21,0,0,0.6829
10.796057790235078,106.67492629345334,20,34,0.998195,8,21,0,0,0.5882
10.8352982156415,106.72935479345392,32,42,0.997305,8,21,0,0,0.7619
10.777562007197462,106.7041335430398,19,30,1.0,8,21,0,0,0.6333
10.83886351241477,106.67566625482782,36,36,1.0,8,21,0,0,1.0
10.765187049751797,106.67550552599072,25,36,1.0,8,21,0,0,0.6944
10.75948437198232,106.6840537511244,20,28,1.0,8,21,0,0,0.7143
10.865229381280963,106.72366973948476,34,49,1.0,8,21,0,0,0.6939
10.72279213640514,106.72808623948244,27,37,1.0,8,21,0,0,0.7297
10.823400120373712,106.68551227436063,24,32,1.0,8,21,0,0,0.75
10.756158554057755,106.66631758181126,23,29,1.0,8,21,0,0,0.7931
10.7144382088356,106.73711688366168,22,35,1.0,8,21,0,0,0.6286
10.817236653231737,106.63191539530456,22,34,1.0,8,21,0,0,0.6471
10.772727584493625,106.69804225297564,19,24,1.0,8,23,0,0,0.7917
10.774028664434528,106.70357076461706,23,27,1.0,8,23,0,0,0.8519
10.752616652291238,106.72509685338922,39,39,1.0,8,23,0,0,1.0
10.745754766198267,106.65326266831876,36,42,1.0,8,23,0,0,0.8571
10.94927106740351,106.87196348224562,31,42,1.0,8,23,0,0,0.7381
10.78866360854368,106.695513722289,32,42,1.0,8,23,0,0,0.7619
10.801406421807084,106.7114844087968,32,42,1.0,8,23,0,0,0.7619
10.843150534972033,106.6151343241409,21,35,1.0,8,23,0,0,0.6
10.880537767027526,106.81481342866444,42,53,1.0,8,23,0,0,0.7925
10.740840166521664,106.61899246873142,26,36,1.0,8,23,0,0,0.7222
10.798986343749618,106.7269705664684,45,45,1.0,8,23,0,0,1.0
10.741860769464234,106.73790365482628,45,45,1.0,8,23,0,0,1.0
10.752408891679814,106.7022703818112,19,33,1.0,8,23,0,0,0.5758
10.786216596454729,106.71836665482697,36,40,1.0,8,23,0,0,0.9
10.78948793356203,106.7151883818118,23,35,1.0,8,23,0,0,0.6571
10.80223925742187,106.6478722259914,30,41,1.0,8,23,0,0,0.7317
10.813928881466124,106.66511432455972,20,34,1.0,8,24,0,0,0.5882
10.755608615763382,106.67347943578082,18,27,1.0,8,24,0,0,0.6667
10.782680856341084,106.70051548181168,20,30,1.0,8,24,0,0,0.6667
10.754895139302109,106.67839188181134,21,32,1.0,8,24,0,0,0.6562
10.785070445194592,106.68331340921324,13,28,1.0,8,24,0,0,0.4643
10.7549373008113,106.67848844133415,21,32,1.0,8,24,0,0,0.6562
10.77898143649726,106.67684447140958,17,35,1.0,8,24,0,0,0.4857
10.7671128283867,106.6927618222887,12,19,1.0,8,24,0,0,0.6316
10.77847212665258,106.69389510879644,28,42,1.0,8,24,0,0,0.6667
10.796057790235078,106.67492629345334,20,34,1.0,8,24,0,0,0.5882
10.8352982156415,106.72935479345392,32,42,0.99802,8,24,0,0,0.7619
10.777562007197462,106.7041335430398,20,30,1.0,8,24,0,0,0.6667
10.83886351241477,106.67566625482782,36,36,1.0,8,24,0,0,1.0
10.765187049751797,106.67550552599072,21,35,1.0,8,24,0,0,0.6
10.75948437198232,106.6840537511244,18,27,0.99,8,24,0,0,0.6667
10.865229381280963,106.72366973948476,35,49,1.0,8,24,0,0,0.7143
10.72279213640514,106.72808623948244,25,37,1.0,8,24,0,0,0.6757
10.823400120373712,106.68551227436063,22,31,1.0,8,24,0,0,0.7097
10.756158554057755,106.66631758181126,20,28,1.0,8,24,0,0,0.7143
10.7144382088356,106.73711688366168,22,35,1.0,8,24,0,0,0.6286
10.817236653231737,106.63191539530456,23,35,1.0,8,24,0,0,0.6571
10.772727584493625,106.69804225297564,15,24,1.0,8,27,0,0,0.625
10.774028664434528,106.70357076461706,18,29,1.0,8,27,0,0,0.6207
10.752616652291238,106.72509685338922,31,38,1.0,8,27,0,0,0.8158
10.745754766198267,106.65326266831876,36,43,1.0,8,27,0,0,0.8372
10.94927106740351,106.87196348224562,23,42,1.0,8,27,0,0,0.5476
10.78866360854368,106.695513722289,33,42,1.0,8,27,0,0,0.7857
10.801406421807084,106.7114844087968,33,42,1.0,8,27,0,0,0.7857
10.843150534972033,106.6151343241409,23,35,1.0,8,27,0,0,0.6571
10.880537767027526,106.81481342866444,41,53,1.0,8,27,0,0,0.7736
10.740840166521664,106.61899246873142,24,35,1.0,8,27,0,0,0.6857
10.798986343749618,106.7269705664684,33,44,1.0,8,27,0,0,0.75
10.741860769464234,106.73790365482628,45,45,1.0,8,27,0,0,1.0
10.752408891679814,106.7022703818112,18,34,1.0,8,27,0,0,0.5294
10.786216596454729,106.71836665482697,40,40,1.0,8,27,0,0,1.0
10.78948793356203,106.7151883818118,36,36,1.0,8,27,0,0,1.0
10.80223925742187,106.6478722259914,28,41,1.0,8,27,0,0,0.6829
10.813928881466124,106.66511432455972,20,34,1.0,8,27,0,0,0.5882
10.755608615763382,106.67347943578082,16,27,0.995035,8,27,0,0,0.5926
10.782680856341084,106.70051548181168,20,30,1.0,8,27,0,0,0.6667
10.754895139302109,106.67839188181134,22,33,1.0,8,27,0,0,0.6667
10.785070445194592,106.68331340921324,13,27,1.0,8,27,0,0,0.4815
10.7549373008113,106.67848844133415,22,33,1.0,8,28,0,0,0.6667
10.77898143649726,106.67684447140958,18,34,1.0,8,28,0,0,0.5294
10.7671128283867,106.6927618222887,20,20,1.0,8,28,0,0,1.0
10.77847212665258,106.69389510879644,28,42,1.0,8,28,0,0,0.6667
10.796057790235078,106.67492629345334,20,34,1.0,8,28,0,0,0.5882
10.8352982156415,106.72935479345392,33,42,0.997479,8,28,0,0,0.7857
10.777562007197462,106.7041335430398,20,30,1.0,8,28,0,0,0.6667
10.83886351241477,106.67566625482782,29,36,1.0,8,28,0,0,0.8056
10.765187049751797,106.67550552599072,26,35,1.0,8,28,0,0,0.7429
10.75948437198232,106.6840537511244,18,27,0.996173,8,28,0,0,0.6667
10.865229381280963,106.72366973948476,36,49,1.0,8,28,0,0,0.7347
10.72279213640514,106.72808623948244,25,37,0.999301,8,28,0,0,0.6757
10.823400120373712,106.68551227436063,22,32,1.0,8,28,0,0,0.6875
10.756158554057755,106.66631758181126,20,29,1.0,8,28,0,0,0.6897
10.7144382088356,106.73711688366168,23,35,1.0,8,28,0,0,0.6571
10.817236653231737,106.63191539530456,23,35,1.0,8,28,0,0,0.6571
10.772727584493625,106.69804225297564,16,24,1.0,8,30,0,0,0.6667
10.774028664434528,106.70357076461706,29,29,1.0,8,30,0,0,1.0
10.752616652291238,106.72509685338922,39,39,1.0,8,30,0,0,1.0
10.745754766198267,106.65326266831876,37,42,1.0,8,30,0,0,0.881
10.94927106740351,106.87196348224562,28,42,1.0,8,30,0,0,0.6667
10.78866360854368,106.695513722289,33,42,1.0,8,30,0,0,0.7857
10.801406421807084,106.7114844087968,33,42,1.0,8,30,0,0,0.7857
10.843150534972033,106.6151343241409,24,35,1.0,8,30,0,0,0.6857
10.880537767027526,106.81481342866444,41,53,1.0,8,30,0,0,0.7736
10.740840166521664,106.61899246873142,26,35,1.0,8,30,0,0,0.7429
10.798986343749618,106.7269705664684,35,44,1.0,8,30,0,0,0.7955
10.741860769464234,106.73790365482628,45,45,1.0,8,30,0,0,1.0
10.752408891679814,106.7022703818112,17,34,1.0,8,31,0,0,0.5
10.786216596454729,106.71836665482697,37,40,1.0,8,31,0,0,0.925
10.78948793356203,106.7151883818118,20,35,1.0,8,31,0,0,0.5714
10.80223925742187,106.6478722259914,29,41,1.0,8,31,0,0,0.7073
10.813928881466124,106.66511432455972,19,34,1.0,8,31,0,0,0.5588
10.755608615763382,106.67347943578082,19,27,0.996852,8,31,0,0,0.7037
10.782680856341084,106.70051548181168,19,30,1.0,8,31,0,0,0.6333
10.754895139302109,106.67839188181134,21,33,1.0,8,31,0,0,0.6364
10.785070445194592,106.68331340921324,16,27,1.0,8,31,0,0,0.5926
10.7549373008113,106.67848844133415,21,33,1.0,8,31,0,0,0.6364
10.77898143649726,106.67684447140958,18,34,1.0,8,32,0,0,0.5294
10.7671128283867,106.6927618222887,15,19,1.0,8,32,0,0,0.7895
10.77847212665258,106.69389510879644,28,42,1.0,8,32,0,0,0.6667
10.796057790235078,106.67492629345334,19,34,1.0,8,32,0,0,0.5588
10.8352982156415,106.72935479345392,32,42,0.998196,8,32,0,0,0.7619
10.777562007197462,106.7041335430398,19,30,1.0,8,32,0,0,0.6333
10.83886351241477,106.67566625482782,29,35,1.0,8,32,0,0,0.8286
10.765187049751797,106.67550552599072,24,36,1.0,8,32,0,0,0.6667
10.75948437198232,106.6840537511244,20,28,0.996852,8,32,0,0,0.7143
10.865229381280963,106.72366973948476,36,49,1.0,8,32,0,0,0.7347
10.72279213640514,106.72808623948244,26,37,0.999301,8,32,0,0,0.7027
10.823400120373712,106.68551227436063,24,30,1.0,8,32,0,0,0.8
10.756158554057755,106.66631758181126,18,28,1.0,8,32,0,0,0.6429
10.7144382088356,106.73711688366168,23,35,1.0,8,32,0,0,0.6571
10.817236653231737,106.63191539530456,22,35,1.0,8,32,0,0,0.6286
10.772727584493625,106.69804225297564,14,24,1.0,8,34,0,0,0.5833
10.774028664434528,106.70357076461706,15,28,1.0,8,35,0,0,0.5357
10.752616652291238,106.72509685338922,39,39,1.0,8,35,0,0,1.0
10.745754766198267,106.65326266831876,37,43,1.0,8,35,0,0,0.8605
10.94927106740351,106.87196348224562,27,42,1.0,8,35,0,0,0.6429
10.78866360854368,106.695513722289,33,42,1.0,8,35,0,0,0.7857
10.801406421807084,106.7114844087968,33,42,1.0,8,35,0,0,0.7857
10.843150534972033,106.6151343241409,23,35,1.0,8,35,0,0,0.6571
10.880537767027526,106.81481342866444,43,53,1.0,8,35,0,0,0.8113
10.740840166521664,106.61899246873142,25,35,1.0,8,35,0,0,0.7143
10.798986343749618,106.7269705664684,36,45,1.0,8,35,0,0,0.8
10.741860769464234,106.73790365482628,45,45,1.0,8,35,0,0,1.0
10.752408891679814,106.7022703818112,20,33,1.0,8,35,0,0,0.6061
10.786216596454729,106.71836665482697,40,40,1.0,8,35,0,0,1.0
10.78948793356203,106.7151883818118,21,35,1.0,8,35,0,0,0.6
10.80223925742187,106.6478722259914,27,40,1.0,8,35,0,0,0.675
10.813928881466124,106.66511432455972,18,34,1.0,8,35,0,0,0.5294
10.755608615763382,106.67347943578082,20,27,0.997901,8,35,0,0,0.7407
10.782680856341084,106.70051548181168,19,30,1.0,8,35,0,0,0.6333
10.754895139302109,106.67839188181134,21,33,1.0,8,35,0,0,0.6364
10.785070445194592,106.68331340921324,15,27,1.0,8,35,0,0,0.5556
10.7549373008113,106.67848844133415,21,33,1.0,8,35,0,0,0.6364
10.77898143649726,106.67684447140958,18,34,1.0,8,35,0,0,0.5294
10.7671128283867,106.6927618222887,12,19,1.0,8,35,0,0,0.6316
10.77847212665258,106.69389510879644,29,42,1.0,8,35,0,0,0.6905
10.796057790235078,106.67492629345334,19,34,0.999809,8,35,0,0,0.5588
10.8352982156415,106.72935479345392,31,42,0.997833,8,35,0,0,0.7381
10.777562007197462,106.7041335430398,20,31,1.0,8,35,0,0,0.6452
10.83886351241477,106.67566625482782,28,36,1.0,8,35,0,0,0.7778
10.765187049751797,106.67550552599072,23,35,1.0,8,36,0,0,0.6571
10.75948437198232,106.6840537511244,19,26,0.997909,8,36,0,0,0.7308
10.865229381280963,106.72366973948476,35,49,1.0,8,36,0,0,0.7143
10.72279213640514,106.72808623948244,26,37,0.999301,8,36,0,0,0.7027
10.823400120373712,106.68551227436063,24,32,1.0,8,36,0,0,0.75
10.756158554057755,106.66631758181126,24,30,1.0,8,36,0,0,0.8
10.7144382088356,106.73711688366168,23,35,1.0,8,36,0,0,0.6571
10.817236653231737,106.63191539530456,23,34,1.0,8,36,0,0,0.6765
10.772727584493625,106.69804225297564,18,25,1.0,8,38,0,0,0.72
10.774028664434528,106.70357076461706,21,29,1.0,8,38,0,0,0.7241
10.752616652291238,106.72509685338922,39,39,1.0,8,38,0,0,1.0
10.745754766198267,106.65326266831876,36,43,1.0,8,38,0,0,0.8372
10.94927106740351,106.87196348224562,26,42,1.0,8,38,0,0,0.619
10.78866360854368,106.695513722289,33,41,1.0,8,38,0,0,0.8049
10.801406421807084,106.7114844087968,33,41,1.0,8,38,0,0,0.8049
10.843150534972033,106.6151343241409,23,35,1.0,8,38,0,0,0.6571
10.880537767027526,106.81481342866444,42,53,1.0,8,38,0,0,0.7925
10.740840166521664,106.61899246873142,26,35,1.0,8,38,0,0,0.7429
10.798986343749618,106.7269705664684,45,45,1.0,8,38,0,0,1.0
10.741860769464234,106.73790365482628,45,45,1.0,8,38,0,0,1.0
10.752408891679814,106.7022703818112,19,33,1.0,8,38,0,0,0.5758
10.786216596454729,106.71836665482697,40,40,1.0,8,38,0,0,1.0
10.78948793356203,106.7151883818118,27,35,1.0,8,38,0,0,0.7714
10.80223925742187,106.6478722259914,25,40,1.0,8,38,0,0,0.625
10.813928881466124,106.66511432455972,19,34,0.999713,8,38,0,0,0.5588
10.755608615763382,106.67347943578082,21,28,0.997907,8,38,0,0,0.75
10.782680856341084,106.70051548181168,19,30,1.0,8,39,0,0,0.6333
10.754895139302109,106.67839188181134,20,32,1.0,8,39,0,0,0.625
10.785070445194592,106.68331340921324,12,27,1.0,8,39,0,0,0.4444
10.7549373008113,106.67848844133415,20,32,1.0,8,39,0,0,0.625
10.77898143649726,106.67684447140958,18,34,1.0,8,39,0,0,0.5294
10.7671128283867,106.6927618222887,15,20,1.0,8,39,0,0,0.75
10.77847212665258,106.69389510879644,28,41,1.0,8,39,0,0,0.6829
10.796057790235078,106.67492629345334,18,34,0.999713,8,39,0,0,0.5294
10.8352982156415,106.72935479345392,33,42,0.997646,8,39,0,0,0.7857
10.777562007197462,106.7041335430398,19,30,1.0,8,39,0,0,0.6333
10.83886351241477,106.67566625482782,36,36,1.0,8,39,0,0,1.0
10.765187049751797,106.67550552599072,22,35,1.0,8,39,0,0,0.6286
10.75948437198232,106.6840537511244,20,28,0.99684,8,39,0,0,0.7143
10.865229381280963,106.72366973948476,36,49,1.0,8,39,0,0,0.7347
10.72279213640514,106.72808623948244,26,37,0.999742,8,39,0,0,0.7027
10.823400120373712,106.68551227436063,24,32,1.0,8,39,0,0,0.75
10.756158554057755,106.66631758181126,22,29,1.0,8,39,0,0,0.7586
10.7144382088356,106.73711688366168,24,35,1.0,8,39,0,0,0.6857
10.817236653231737,106.63191539530456,23,35,1.0,8,39,0,0,0.6571
10.772727584493625,106.69804225297564,15,24,1.0,8,41,0,0,0.625
10.774028664434528,106.70357076461706,20,27,1.0,8,41,0,0,0.7407
10.752616652291238,106.72509685338922,32,41,1.0,8,41,0,0,0.7805
10.745754766198267,106.65326266831876,37,43,1.0,8,41,0,0,0.8605
10.94927106740351,106.87196348224562,28,42,1.0,8,41,0,0,0.6667
10.78866360854368,106.695513722289,31,42,1.0,8,41,0,0,0.7381
10.801406421807084,106.7114844087968,31,42,1.0,8,41,0,0,0.7381
10.843150534972033,106.6151343241409,23,35,1.0,8,41,0,0,0.6571
10.880537767027526,106.81481342866444,42,54,1.0,8,41,0,0,0.7778
10.740840166521664,106.61899246873142,27,36,1.0,8,42,0,0,0.75
10.798986343749618,106.7269705664684,45,45,1.0,8,42,0,0,1.0
10.741860769464234,106.73790365482628,45,45,1.0,8,42,0,0,1.0
10.752408891679814,106.7022703818112,21,34,1.0,8,42,0,0,0.6176
10.786216596454729,106.71836665482697,40,40,1.0,8,42,0,0,1.0
10.78948793356203,106.7151883818118,36,36,1.0,8,42,0,0,1.0
10.80223925742187,106.6478722259914,27,41,1.0,8,42,0,0,0.6585
10.813928881466124,106.66511432455972,20,34,1.0,8,42,0,0,0.5882
10.755608615763382,106.67347943578082,17,28,1.0,8,42,0,0,0.6071
10.782680856341084,106.70051548181168,21,30,1.0,8,42,0,0,0.7
10.754895139302109,106.67839188181134,22,33,1.0,8,42,0,0,0.6667
10.785070445194592,106.68331340921324,11,28,1.0,8,42,0,0,0.3929
10.7549373008113,106.67848844133415,22,33,1.0,8,42,0,0,0.6667
10.77898143649726,106.67684447140958,19,34,1.0,8,42,0,0,0.5588
10.7671128283867,106.6927618222887,16,20,1.0,8,42,0,0,0.8
10.77847212665258,106.69389510879644,28,42,1.0,8,43,0,0,0.6667
10.796057790235078,106.67492629345334,19,34,0.999713,8,43,0,0,0.5588
10.8352982156415,106.72935479345392,32,42,0.997105,8,43,0,0,0.7619
10.777562007197462,106.7041335430398,19,30,1.0,8,43,0,0,0.6333
10.83886351241477,106.67566625482782,28,35,1.0,8,43,0,0,0.8
10.765187049751797,106.67550552599072,20,35,1.0,8,43,0,0,0.5714
10.75948437198232,106.6840537511244,21,28,1.0,8,43,0,0,0.75
10.865229381280963,106.72366973948476,36,49,1.0,8,43,0,0,0.7347
10.72279213640514,106.72808623948244,25,37,1.0,8,43,0,0,0.6757
10.823400120373712,106.68551227436063,26,32,1.0,8,43,0,0,0.8125
10.756158554057755,106.66631758181126,22,30,1.0,8,43,0,0,0.7333
10.7144382088356,106.73711688366168,24,35,1.0,8,43,0,0,0.6857
10.817236653231737,106.63191539530456,23,35,1.0,8,43,0,0,0.6571
10.772727584493625,106.69804225297564,14,24,1.0,8,45,0,0,0.5833
10.774028664434528,106.70357076461706,13,29,1.0,8,45,0,0,0.4483
10.752616652291238,106.72509685338922,39,39,1.0,8,45,0,0,1.0
10.745754766198267,106.65326266831876,42,42,1.0,8,45,0,0,1.0
10.94927106740351,106.87196348224562,23,42,1.0,8,45,0,0,0.5476
10.78866360854368,106.695513722289,32,41,1.0,8,45,0,0,0.7805
10.801406421807084,106.7114844087968,32,41,1.0,8,45,0,0,0.7805
10.843150534972033,106.6151343241409,25,35,1.0,8,45,0,0,0.7143
10.880537767027526,106.81481342866444,41,54,1.0,8,46,0,0,0.7593
10.740840166521664,106.61899246873142,25,35,1.0,8,46,0,0,0.7143
10.798986343749618,106.7269705664684,45,45,1.0,8,46,0,0,1.0
10.741860769464234,106.73790365482628,45,45,1.0,8,46,0,0,1.0
10.752408891679814,106.7022703818112,22,33,1.0,8,46,0,0,0.6667
10.786216596454729,106.71836665482697,40,40,1.0,8,46,0,0,1.0
10.78948793356203,106.7151883818118,36,36,1.0,8,46,0,0,1.0
10.80223925742187,106.6478722259914,27,41,1.0,8,46,0,0,0.6585
10.813928881466124,106.66511432455972,21,34,1.0,8,46,0,0,0.6176
10.755608615763382,106.67347943578082,17,27,0.997901,8,46,0,0,0.6296
10.782680856341084,106.70051548181168,21,30,1.0,8,46,0,0,0.7
10.754895139302109,106.67839188181134,23,33,1.0,8,46,0,0,0.697
10.785070445194592,106.68331340921324,13,28,1.0,8,46,0,0,0.4643
10.7549373008113,106.67848844133415,23,33,1.0,8,46,0,0,0.697
10.77898143649726,106.67684447140958,18,35,1.0,8,46,0,0,0.5143
10.7671128283867,106.6927618222887,11,19,1.0,8,46,0,0,0.5789
10.77847212665258,106.69389510879644,28,42,1.0,8,46,0,0,0.6667
10.796057790235078,106.67492629345334,21,34,1.0,8,46,0,0,0.6176
10.8352982156415,106.72935479345392,32,42,0.996938,8,46,0,0,0.7619
10.777562007197462,106.7041335430398,21,30,1.0,8,46,0,0,0.7
10.83886351241477,106.67566625482782,36,36,1.0,8,46,0,0,1.0
10.765187049751797,106.67550552599072,24,35,1.0,8,46,0,0,0.6857
10.75948437198232,106.6840537511244,17,27,0.997901,8,46,0,0,0.6296
10.865229381280963,106.72366973948476,35,49,1.0,8,46,0,0,0.7143
10.72279213640514,106.72808623948244,25,37,1.0,8,46,0,0,0.6757
10.823400120373712,106.68551227436063,23,32,1.0,8,46,0,0,0.7188
10.756158554057755,106.66631758181126,21,29,1.0,8,46,0,0,0.7241
10.7144382088356,106.73711688366168,23,35,1.0,8,46,0,0,0.6571
10.817236653231737,106.63191539530456,24,35,1.0,8,46,0,0,0.6857
10.772727584493625,106.69804225297564,13,24,1.0,8,48,0,0,0.5417
10.774028664434528,106.70357076461706,22,29,1.0,8,48,0,0,0.7586
10.752616652291238,106.72509685338922,39,39,1.0,8,48,0,0,1.0
10.745754766198267,106.65326266831876,34,43,1.0,8,48,0,0,0.7907
10.94927106740351,106.87196348224562,31,42,1.0,8,48,0,0,0.7381
10.78866360854368,106.695513722289,32,41,1.0,8,48,0,0,0.7805
10.801406421807084,106.7114844087968,32,41,1.0,8,48,0,0,0.7805
10.843150534972033,106.6151343241409,23,35,1.0,8,48,0,0,0.6571
10.880537767027526,106.81481342866444,41,53,1.0,8,48,0,0,0.7736
10.740840166521664,106.61899246873142,26,35,1.0,8,48,0,0,0.7429
10.798986343749618,106.7269705664684,36,45,1.0,8,48,0,0,0.8
10.741860769464234,106.73790365482628,45,45,1.0,8,48,0,0,1.0
10.752408891679814,106.7022703818112,23,33,1.0,8,48,0,0,0.697
10.786216596454729,106.71836665482697,37,40,1.0,8,48,0,0,0.925
10.78948793356203,106.7151883818118,36,36,1.0,8,49,0,0,1.0
10.80223925742187,106.6478722259914,30,40,1.0,8,49,0,0,0.75
10.813928881466124,106.66511432455972,20,34,1.0,8,49,0,0,0.5882
10.755608615763382,106.67347943578082,17,28,0.996173,8,49,0,0,0.6071
10.782680856341084,106.70051548181168,19,30,1.0,8,49,0,0,0.6333
10.754895139302109,106.67839188181134,22,33,1.0,8,49,0,0,0.6667
10.785070445194592,106.68331340921324,13,27,1.0,8,49,0,0,0.4815
10.7549373008113,106.67848844133415,22,33,1.0,8,49,0,0,0.6667
10.77898143649726,106.67684447140958,19,34,1.0,8,49,0,0,0.5588
10.7671128283867,106.6927618222887,20,20,1.0,8,49,0,0,1.0
10.77847212665258,106.69389510879644,28,41,1.0,8,49,0,0,0.6829
10.796057790235078,106.67492629345334,20,34,1.0,8,49,0,0,0.5882
10.8352982156415,106.72935479345392,32,42,0.995678,8,49,0,0,0.7619
10.777562007197462,106.7041335430398,19,30,1.0,8,49,0,0,0.6333
10.83886351241477,106.67566625482782,29,36,1.0,8,49,0,0,0.8056
10.765187049751797,106.67550552599072,25,35,1.0,8,49,0,0,0.7143
10.75948437198232,106.6840537511244,17,28,0.996173,8,49,0,0,0.6071
10.865229381280963,106.72366973948476,35,49,1.0,8,49,0,0,0.7143
10.72279213640514,106.72808623948244,26,37,1.0,8,49,0,0,0.7027
10.823400120373712,106.68551227436063,24,31,1.0,8,49,0,0,0.7742
10.756158554057755,106.66631758181126,22,30,1.0,8,49,0,0,0.7333
10.7144382088356,106.73711688366168,24,35,1.0,8,49,0,0,0.6857
10.817236653231737,106.63191539530456,23,35,1.0,8,49,0,0,0.6571
10.772727584493625,106.69804225297564,14,24,1.0,8,51,0,0,0.5833
10.774028664434528,106.70357076461706,18,28,1.0,8,51,0,0,0.6429
10.752616652291238,106.72509685338922,39,39,1.0,8,51,0,0,1.0
10.745754766198267,106.65326266831876,36,43,1.0,8,51,0,0,0.8372
10.94927106740351,106.87196348224562,29,43,1.0,8,51,0,0,0.6744
10.78866360854368,106.695513722289,33,42,1.0,8,51,0,0,0.7857
10.801406421807084,106.7114844087968,33,42,1.0,8,51,0,0,0.7857
10.843150534972033,106.6151343241409,23,35,1.0,8,51,0,0,0.6571
10.880537767027526,106.81481342866444,41,53,1.0,8,51,0,0,0.7736
10.740840166521664,106.61899246873142,26,35,1.0,8,51,0,0,0.7429
10.798986343749618,106.7269705664684,36,45,1.0,8,51,0,0,0.8
10.741860769464234,106.73790365482628,45,45,1.0,8,51,0,0,1.0
10.752408891679814,106.7022703818112,21,34,1.0,8,51,0,0,0.6176
10.786216596454729,106.71836665482697,40,40,1.0,8,52,0,0,1.0
10.78948793356203,106.7151883818118,36,36,1.0,8,52,0,0,1.0
10.80223925742187,106.6478722259914,30,40,1.0,8,52,0,0,0.75
10.813928881466124,106.66511432455972,20,34,1.0,8,52,0,0,0.5882
10.755608615763382,106.67347943578082,17,28,1.0,8,52,0,0,0.6071
10.782680856341084,106.70051548181168,19,30,1.0,8,52,0,0,0.6333
10.754895139302109,106.67839188181134,24,33,1.0,8,52,0,0,0.7273
10.785070445194592,106.68331340921324,10,27,1.0,8,52,0,0,0.3704
10.7549373008113,106.67848844133415,24,33,1.0,8,52,0,0,0.7273
10.77898143649726,106.67684447140958,20,34,1.0,8,52,0,0,0.5882
10.7671128283867,106.6927618222887,20,20,1.0,8,52,0,0,1.0
10.77847212665258,106.69389510879644,27,41,1.0,8,52,0,0,0.6585
10.796057790235078,106.67492629345334,20,34,1.0,8,52,0,0,0.5882
10.8352982156415,106.72935479345392,33,42,0.994946,8,52,0,0,0.7857
10.777562007197462,106.7041335430398,19,30,1.0,8,52,0,0,0.6333
10.83886351241477,106.67566625482782,28,35,1.0,8,52,0,0,0.8
10.765187049751797,106.67550552599072,23,35,1.0,8,53,0,0,0.6571
10.75948437198232,106.6840537511244,16,27,1.0,8,53,0,0,0.5926
10.865229381280963,106.72366973948476,35,49,1.0,8,53,0,0,0.7143
10.72279213640514,106.72808623948244,26,38,0.99956,8,53,0,0,0.6842
10.823400120373712,106.68551227436063,24,32,1.0,8,53,0,0,0.75
10.756158554057755,106.66631758181126,20,29,1.0,8,53,0,0,0.6897
10.7144382088356,106.73711688366168,23,35,1.0,8,53,0,0,0.6571
10.817236653231737,106.63191539530456,24,35,1.0,8,53,0,0,0.6857
10.772727584493625,106.69804225297564,16,25,1.0,8,55,0,0,0.64
10.774028664434528,106.70357076461706,29,29,1.0,8,55,0,0,1.0
10.752616652291238,106.72509685338922,39,39,1.0,8,55,0,0,1.0
10.745754766198267,106.65326266831876,42,42,1.0,8,55,0,0,1.0
10.94927106740351,106.87196348224562,27,42,1.0,8,55,0,0,0.6429
10.78866360854368,106.695513722289,34,42,1.0,8,55,0,0,0.8095
10.801406421807084,106.7114844087968,34,42,1.0,8,55,0,0,0.8095
10.843150534972033,106.6151343241409,23,35,1.0,8,55,0,0,0.6571
10.880537767027526,106.81481342866444,41,53,1.0,8,55,0,0,0.7736
10.740840166521664,106.61899246873142,27,36,1.0,8,56,0,0,0.75
10.798986343749618,106.7269705664684,45,45,1.0,8,56,0,0,1.0
10.741860769464234,106.73790365482628,45,45,1.0,8,56,0,0,1.0
10.752408891679814,106.7022703818112,22,34,1.0,8,56,0,0,0.6471
10.786216596454729,106.71836665482697,40,40,1.0,8,56,0,0,1.0
10.78948793356203,106.7151883818118,36,36,1.0,8,56,0,0,1.0
10.80223925742187,106.6478722259914,30,40,1.0,8,56,0,0,0.75
10.813928881466124,106.66511432455972,20,34,1.0,8,56,0,0,0.5882
10.755608615763382,106.67347943578082,17,26,0.998954,8,56,0,0,0.6538
10.782680856341084,106.70051548181168,19,30,1.0,8,56,0,0,0.6333
10.754895139302109,106.67839188181134,23,33,1.0,8,56,0,0,0.697
10.785070445194592,106.68331340921324,12,28,1.0,8,56,0,0,0.4286
10.7549373008113,106.67848844133415,23,33,1.0,8,56,0,0,0.697
10.77898143649726,106.67684447140958,19,34,1.0,8,56,0,0,0.5588
10.7671128283867,106.6927618222887,20,20,1.0,8,56,0,0,1.0
10.77847212665258,106.69389510879644,27,41,1.0,8,56,0,0,0.6585
10.796057790235078,106.67492629345334,20,34,1.0,8,56,0,0,0.5882
10.8352982156415,106.72935479345392,32,42,0.997002,8,56,0,0,0.7619
10.777562007197462,106.7041335430398,18,29,1.0,8,56,0,0,0.6207
10.83886351241477,106.67566625482782,28,36,1.0,8,56,0,0,0.7778
10.765187049751797,106.67550552599072,25,36,1.0,8,56,0,0,0.6944
10.75948437198232,106.6840537511244,19,26,0.998954,8,56,0,0,0.7308
10.865229381280963,106.72366973948476,35,49,1.0,8,56,0,0,0.7143
10.72279213640514,106.72808623948244,25,37,0.999302,8,56,0,0,0.6757
10.823400120373712,106.68551227436063,24,32,1.0,8,56,0,0,0.75
10.756158554057755,106.66631758181126,30,30,1.0,8,57,0,0,1.0
10.7144382088356,106.73711688366168,23,35,1.0,8,57,0,0,0.6571
10.817236653231737,106.63191539530456,24,35,1.0,8,57,0,0,0.6857
10.772727584493625,106.69804225297564,16,24,1.0,8,59,0,0,0.6667
10.774028664434528,106.70357076461706,29,29,1.0,8,59,0,0,1.0
10.752616652291238,106.72509685338922,39,39,1.0,8,59,0,0,1.0
10.745754766198267,106.65326266831876,42,42,1.0,9,0,0,0,1.0
10.94927106740351,106.87196348224562,32,41,1.0,9,0,0,0,0.7805
10.78866360854368,106.695513722289,33,42,1.0,9,0,0,0,0.7857
10.801406421807084,106.7114844087968,33,42,1.0,9,0,0,0,0.7857
10.843150534972033,106.6151343241409,23,35,1.0,9,0,0,0,0.6571
10.880537767027526,106.81481342866444,43,53,1.0,9,0,0,0,0.8113
10.740840166521664,106.61899246873142,27,35,1.0,9,0,0,0,0.7714
10.798986343749618,106.7269705664684,45,45,1.0,9,0,0,0,1.0
10.741860769464234,106.73790365482628,45,45,1.0,9,0,0,0,1.0
10.752408891679814,106.7022703818112,22,34,1.0,9,0,0,0,0.6471
10.786216596454729,106.71836665482697,40,40,1.0,9,0,0,0,1.0
10.78948793356203,106.7151883818118,36,36,1.0,9,0,0,0,1.0
10.80223925742187,106.6478722259914,25,40,1.0,9,0,0,0,0.625
10.813928881466124,106.66511432455972,18,34,0.999528,9,0,0,0,0.5294
10.755608615763382,106.67347943578082,19,27,0.998951,9,1,0,0,0.7037
10.782680856341084,106.70051548181168,19,30,1.0,9,1,0,0,0.6333
10.754895139302109,106.67839188181134,22,32,1.0,9,1,0,0,0.6875
10.785070445194592,106.68331340921324,18,28,1.0,9,1,0,0,0.6429
10.7549373008113,106.67848844133415,22,32,1.0,9,1,0,0,0.6875
10.77898143649726,106.67684447140958,20,34,1.0,9,1,0,0,0.5882
10.7671128283867,106.6927618222887,15,19,1.0,9,1,0,0,0.7895
10.77847212665258,106.69389510879644,27,41,1.0,9,1,0,0,0.6585
10.796057790235078,106.67492629345334,18,33,0.999528,9,1,0,0,0.5455
10.8352982156415,106.72935479345392,34,42,0.996147,9,1,0,0,0.8095
10.777562007197462,106.7041335430398,20,30,1.0,9,1,0,0,0.6667
10.83886351241477,106.67566625482782,36,36,1.0,9,1,0,0,1.0
10.765187049751797,106.67550552599072,20,35,1.0,9,1,0,0,0.5714
10.75948437198232,106.6840537511244,19,26,0.998954,9,1,0,0,0.7308
10.865229381280963,106.72366973948476,36,49,1.0,9,2,0,0,0.7347
10.72279213640514,106.72808623948244,25,37,0.999302,9,2,0,0,0.6757
10.823400120373712,106.68551227436063,25,31,1.0,9,2,0,0,0.8065
10.756158554057755,106.66631758181126,19,29,1.0,9,2,0,0,0.6552
10.7144382088356,106.73711688366168,24,35,1.0,9,2,0,0,0.6857
10.817236653231737,106.63191539530456,23,35,1.0,9,2,0,0,0.6571
10.772727584493625,106.69804225297564,16,23,1.0,9,4,0,0,0.6957
10.774028664434528,106.70357076461706,22,28,1.0,9,4,0,0,0.7857
10.752616652291238,106.72509685338922,39,39,1.0,9,4,0,0,1.0
10.745754766198267,106.65326266831876,37,43,1.0,9,4,0,0,0.8605
10.94927106740351,106.87196348224562,25,41,1.0,9,4,0,0,0.6098
10.78866360854368,106.695513722289,33,42,1.0,9,4,0,0,0.7857
10.801406421807084,106.7114844087968,33,42,1.0,9,4,0,0,0.7857
10.843150534972033,106.6151343241409,22,35,1.0,9,4,0,0,0.6286
10.880537767027526,106.81481342866444,41,53,1.0,9,4,0,0,0.7736
10.740840166521664,106.61899246873142,27,36,1.0,9,4,0,0,0.75
10.798986343749618,106.7269705664684,45,45,1.0,9,4,0,0,1.0
10.741860769464234,106.73790365482628,45,45,1.0,9,4,0,0,1.0
10.752408891679814,106.7022703818112,24,34,1.0,9,4,0,0,0.7059
10.786216596454729,106.71836665482697,40,40,1.0,9,4,0,0,1.0
10.78948793356203,106.7151883818118,27,36,1.0,9,4,0,0,0.75
10.80223925742187,106.6478722259914,29,41,1.0,9,5,0,0,0.7073
10.813928881466124,106.66511432455972,18,34,1.0,9,5,0,0,0.5294
10.755608615763382,106.67347943578082,18,27,0.998951,9,5,0,0,0.6667
10.782680856341084,106.70051548181168,18,29,1.0,9,5,0,0,0.6207
10.754895139302109,106.67839188181134,23,33,1.0,9,5,0,0,0.697
10.785070445194592,106.68331340921324,18,29,1.0,9,5,0,0,0.6207
10.7549373008113,106.67848844133415,23,33,1.0,9,5,0,0,0.697
10.77898143649726,106.67684447140958,20,34,1.0,9,5,0,0,0.5882
10.7671128283867,106.6927618222887,20,20,1.0,9,5,0,0,1.0
10.77847212665258,106.69389510879644,27,41,1.0,9,5,0,0,0.6585
10.796057790235078,106.67492629345334,18,34,1.0,9,5,0,0,0.5294
10.8352982156415,106.72935479345392,34,42,0.996457,9,5,0,0,0.8095
10.777562007197462,106.7041335430398,18,29,1.0,9,5,0,0,0.6207
10.83886351241477,106.67566625482782,36,36,1.0,9,5,0,0,1.0
10.765187049751797,106.67550552599072,22,35,1.0,9,5,0,0,0.6286
10.75948437198232,106.6840537511244,18,27,0.998951,9,5,0,0,0.6667
10.865229381280963,106.72366973948476,35,49,1.0,9,5,0,0,0.7143
10.72279213640514,106.72808623948244,26,37,0.99951,9,5,0,0,0.7027
10.823400120373712,106.68551227436063,25,32,1.0,9,5,0,0,0.7812
10.756158554057755,106.66631758181126,21,29,1.0,9,5,0,0,0.7241
10.7144382088356,106.73711688366168,24,35,1.0,9,5,0,0,0.6857
10.817236653231737,106.63191539530456,23,35,1.0,9,5,0,0,0.6571
10.772727584493625,106.69804225297564,15,23,1.0,9,7,0,0,0.6522
10.774028664434528,106.70357076461706,17,27,1.0,9,7,0,0,0.6296
10.752616652291238,106.72509685338922,39,39,1.0,9,7,0,0,1.0
10.745754766198267,106.65326266831876,37,43,1.0,9,7,0,0,0.8605
10.94927106740351,106.87196348224562,29,42,1.0,9,7,0,0,0.6905
10.78866360854368,106.695513722289,32,41,1.0,9,7,0,0,0.7805
10.801406421807084,106.7114844087968,32,41,1.0,9,8,0,0,0.7805
10.843150534972033,106.6151343241409,22,35,1.0,9,8,0,0,0.6286
10.880537767027526,106.81481342866444,42,53,1.0,9,8,0,0,0.7925
10.740840166521664,106.61899246873142,25,35,1.0,9,8,0,0,0.7143
10.798986343749618,106.7269705664684,45,45,1.0,9,8,0,0,1.0
10.741860769464234,106.73790365482628,45,45,1.0,9,8,0,0,1.0
10.752408891679814,106.7022703818112,23,33,1.0,9,8,0,0,0.697
10.786216596454729,106.71836665482697,40,40,1.0,9,8,0,0,1.0
10.78948793356203,106.7151883818118,36,36,1.0,9,8,0,0,1.0
10.80223925742187,106.6478722259914,32,40,1.0,9,8,0,0,0.8
10.813928881466124,106.66511432455972,19,34,0.999713,9,8,0,0,0.5588
10.755608615763382,106.67347943578082,17,28,0.996173,9,8,0,0,0.6071
10.782680856341084,106.70051548181168,19,30,1.0,9,8,0,0,0.6333
10.754895139302109,106.67839188181134,22,33,1.0,9,8,0,0,0.6667
10.785070445194592,106.68331340921324,12,27,1.0,9,8,0,0,0.4444
10.7549373008113,106.67848844133415,22,33,1.0,9,8,0,0,0.6667
10.77898143649726,106.67684447140958,18,34,1.0,9,8,0,0,0.5294
10.7671128283867,106.6927618222887,20,20,1.0,9,8,0,0,1.0
10.77847212665258,106.69389510879644,27,41,1.0,9,8,0,0,0.6585
10.796057790235078,106.67492629345334,19,34,0.999713,9,8,0,0,0.5588
10.8352982156415,106.72935479345392,35,42,0.995714,9,8,0,0,0.8333
10.777562007197462,106.7041335430398,19,30,1.0,9,8,0,0,0.6333
10.83886351241477,106.67566625482782,36,36,1.0,9,8,0,0,1.0
10.765187049751797,106.67550552599072,22,36,1.0,9,8,0,0,0.6111
10.75948437198232,106.6840537511244,17,28,0.996173,9,8,0,0,0.6071
10.865229381280963,106.72366973948476,34,49,1.0,9,8,0,0,0.6939
10.72279213640514,106.72808623948244,26,37,0.999742,9,8,0,0,0.7027
10.823400120373712,106.68551227436063,23,31,1.0,9,8,0,0,0.7419
10.756158554057755,106.66631758181126,20,30,1.0,9,8,0,0,0.6667
10.7144382088356,106.73711688366168,24,35,1.0,9,8,0,0,0.6857
10.817236653231737,106.63191539530456,22,35,1.0,9,8,0,0,0.6286
10.772727584493625,106.69804225297564,15,24,1.0,9,10,0,0,0.625
10.774028664434528,106.70357076461706,17,28,1.0,9,11,0,0,0.6071
10.752616652291238,106.72509685338922,39,39,1.0,9,11,0,0,1.0
10.745754766198267,106.65326266831876,42,42,1.0,9,11,0,0,1.0
10.94927106740351,106.87196348224562,30,42,1.0,9,11,0,0,0.7143
10.78866360854368,106.695513722289,31,42,1.0,9,11,0,0,0.7381
10.801406421807084,106.7114844087968,32,42,1.0,9,11,0,0,0.7619
10.843150534972033,106.6151343241409,24,35,1.0,9,11,0,0,0.6857
10.880537767027526,106.81481342866444,42,53,1.0,9,11,0,0,0.7925
10.740840166521664,106.61899246873142,24,36,1.0,9,11,0,0,0.6667
10.798986343749618,106.7269705664684,45,45,1.0,9,11,0,0,1.0
10.741860769464234,106.73790365482628,45,45,1.0,9,11,0,0,1.0
10.752408891679814,106.7022703818112,22,34,1.0,9,11,0,0,0.6471
10.786216596454729,106.71836665482697,40,40,1.0,9,11,0,0,1.0
10.78948793356203,106.7151883818118,36,36,1.0,9,11,0,0,1.0
10.80223925742187,106.6478722259914,27,41,1.0,9,11,0,0,0.6585
10.813928881466124,106.66511432455972,19,34,1.0,9,11,0,0,0.5588
10.755608615763382,106.67347943578082,18,28,1.0,9,11,0,0,0.6429
10.782680856341084,106.70051548181168,19,30,1.0,9,12,0,0,0.6333
10.754895139302109,106.67839188181134,23,33,1.0,9,12,0,0,0.697
10.785070445194592,106.68331340921324,13,28,1.0,9,12,0,0,0.4643
10.7549373008113,106.67848844133415,23,33,1.0,9,12,0,0,0.697
10.77898143649726,106.67684447140958,18,34,1.0,9,12,0,0,0.5294
10.7671128283867,106.6927618222887,20,20,1.0,9,12,0,0,1.0
10.77847212665258,106.69389510879644,28,41,1.0,9,12,0,0,0.6829
10.796057790235078,106.67492629345334,20,34,1.0,9,12,0,0,0.5882
10.8352982156415,106.72935479345392,34,43,0.994017,9,12,0,0,0.7907
10.777562007197462,106.7041335430398,20,30,1.0,9,12,0,0,0.6667
10.83886351241477,106.67566625482782,29,36,1.0,9,12,0,0,0.8056
10.765187049751797,106.67550552599072,25,35,1.0,9,12,0,0,0.7143
10.75948437198232,106.6840537511244,18,28,1.0,9,12,0,0,0.6429
10.865229381280963,106.72366973948476,34,49,1.0,9,12,0,0,0.6939
10.72279213640514,106.72808623948244,25,37,0.998601,9,12,0,0,0.6757
10.823400120373712,106.68551227436063,24,32,1.0,9,12,0,0,0.75
10.756158554057755,106.66631758181126,17,29,1.0,9,12,0,0,0.5862
10.7144382088356,106.73711688366168,24,35,1.0,9,12,0,0,0.6857
10.817236653231737,106.63191539530456,24,35,1.0,9,12,0,0,0.6857
10.772727584493625,106.69804225297564,14,24,1.0,9,14,0,0,0.5833
10.774028664434528,106.70357076461706,20,28,1.0,9,14,0,0,0.7143
10.752616652291238,106.72509685338922,38,42,1.0,9,14,0,0,0.9048
10.745754766198267,106.65326266831876,37,43,1.0,9,14,0,0,0.8605
10.94927106740351,106.87196348224562,26,42,1.0,9,14,0,0,0.619
10.78866360854368,106.695513722289,31,42,1.0,9,14,0,0,0.7381
10.801406421807084,106.7114844087968,31,42,1.0,9,15,0,0,0.7381
10.843150534972033,106.6151343241409,24,35,1.0,9,15,0,0,0.6857
10.880537767027526,106.81481342866444,40,53,1.0,9,15,0,0,0.7547
10.740840166521664,106.61899246873142,25,35,1.0,9,15,0,0,0.7143
10.798986343749618,106.7269705664684,45,45,1.0,9,15,0,0,1.0
10.741860769464234,106.73790365482628,45,45,1.0,9,15,0,0,1.0
10.752408891679814,106.7022703818112,21,34,1.0,9,15,0,0,0.6176
10.786216596454729,106.71836665482697,40,40,1.0,9,15,0,0,1.0
10.78948793356203,106.7151883818118,36,36,1.0,9,15,0,0,1.0
10.80223925742187,106.6478722259914,31,41,1.0,9,15,0,0,0.7561
10.813928881466124,106.66511432455972,19,33,1.0,9,15,0,0,0.5758
10.755608615763382,106.67347943578082,18,28,0.997886,9,15,0,0,0.6429
10.782680856341084,106.70051548181168,18,30,1.0,9,15,0,0,0.6
10.754895139302109,106.67839188181134,22,33,1.0,9,15,0,0,0.6667
10.785070445194592,106.68331340921324,15,27,1.0,9,15,0,0,0.5556
10.7549373008113,106.67848844133415,22,33,1.0,9,15,0,0,0.6667
10.77898143649726,106.67684447140958,18,34,1.0,9,15,0,0,0.5294
10.7671128283867,106.6927618222887,20,20,1.0,9,15,0,0,1.0
10.77847212665258,106.69389510879644,28,41,1.0,9,15,0,0,0.6829
10.796057790235078,106.67492629345334,19,34,1.0,9,16,0,0,0.5588
10.8352982156415,106.72935479345392,32,43,0.995304,9,16,0,0,0.7442
10.777562007197462,106.7041335430398,18,30,1.0,9,16,0,0,0.6
10.83886351241477,106.67566625482782,29,36,1.0,9,16,0,0,0.8056
10.765187049751797,106.67550552599072,22,36,1.0,9,16,0,0,0.6111
10.75948437198232,106.6840537511244,17,28,0.997482,9,16,0,0,0.6071
10.865229381280963,106.72366973948476,35,49,1.0,9,16,0,0,0.7143
10.72279213640514,106.72808623948244,26,36,0.997491,9,16,0,0,0.7222
10.823400120373712,106.68551227436063,26,32,1.0,9,16,0,0,0.8125
10.756158554057755,106.66631758181126,22,29,1.0,9,16,0,0,0.7586
10.7144382088356,106.73711688366168,23,35,1.0,9,16,0,0,0.6571
10.817236653231737,106.63191539530456,23,35,1.0,9,16,0,0,0.6571
10.772727584493625,106.69804225297564,16,25,1.0,9,18,0,0,0.64
10.774028664434528,106.70357076461706,22,28,1.0,9,18,0,0,0.7857
10.752616652291238,106.72509685338922,39,39,1.0,9,18,0,0,1.0
10.745754766198267,106.65326266831876,42,42,1.0,9,18,0,0,1.0
10.94927106740351,106.87196348224562,27,42,1.0,9,19,0,0,0.6429
10.78866360854368,106.695513722289,32,42,1.0,9,19,0,0,0.7619
10.801406421807084,106.7114844087968,32,42,1.0,9,19,0,0,0.7619
10.843150534972033,106.6151343241409,23,35,1.0,9,19,0,0,0.6571
10.880537767027526,106.81481342866444,41,53,1.0,9,19,0,0,0.7736
10.740840166521664,106.61899246873142,23,35,1.0,9,19,0,0,0.6571
10.798986343749618,106.7269705664684,45,45,1.0,9,19,0,0,1.0
10.741860769464234,106.73790365482628,45,45,1.0,9,19,0,0,1.0
10.752408891679814,106.7022703818112,22,34,1.0,9,19,0,0,0.6471
10.786216596454729,106.71836665482697,40,40,1.0,9,19,0,0,1.0
10.78948793356203,106.7151883818118,36,36,1.0,9,19,0,0,1.0
10.80223925742187,106.6478722259914,30,41,1.0,9,19,0,0,0.7317
10.813928881466124,106.66511432455972,18,34,1.0,9,19,0,0,0.5294
10.755608615763382,106.67347943578082,19,27,0.997365,9,19,0,0,0.7037
10.782680856341084,106.70051548181168,19,30,1.0,9,19,0,0,0.6333
10.754895139302109,106.67839188181134,22,33,1.0,9,19,0,0,0.6667
10.785070445194592,106.68331340921324,14,28,1.0,9,19,0,0,0.5
10.7549373008113,106.67848844133415,22,33,1.0,9,19,0,0,0.6667
10.77898143649726,106.67684447140958,18,34,1.0,9,19,0,0,0.5294
10.7671128283867,106.6927618222887,20,20,1.0,9,19,0,0,1.0
10.77847212665258,106.69389510879644,28,41,1.0,9,19,0,0,0.6829
10.796057790235078,106.67492629345334,18,34,1.0,9,19,0,0,0.5294
10.8352982156415,106.72935479345392,33,42,0.995996,9,19,0,0,0.7857
10.777562007197462,106.7041335430398,19,30,1.0,9,19,0,0,0.6333
10.83886351241477,106.67566625482782,28,36,0.997638,9,19,0,0,0.7778
10.765187049751797,106.67550552599072,19,35,1.0,9,19,0,0,0.5429
10.75948437198232,106.6840537511244,20,27,0.997365,9,19,0,0,0.7407
10.865229381280963,106.72366973948476,35,49,1.0,9,19,0,0,0.7143
10.72279213640514,106.72808623948244,24,37,0.996968,9,19,0,0,0.6486
10.823400120373712,106.68551227436063,22,32,1.0,9,19,0,0,0.6875
10.756158554057755,106.66631758181126,22,29,1.0,9,19,0,0,0.7586
10.7144382088356,106.73711688366168,23,35,1.0,9,20,0,0,0.6571
10.817236653231737,106.63191539530456,23,35,1.0,9,20,0,0,0.6571
10.772727584493625,106.69804225297564,15,24,1.0,9,22,0,0,0.625
10.774028664434528,106.70357076461706,29,29,1.0,9,22,0,0,1.0
10.752616652291238,106.72509685338922,39,39,1.0,9,22,0,0,1.0
10.745754766198267,106.65326266831876,42,42,1.0,9,22,0,0,1.0
10.94927106740351,106.87196348224562,23,41,1.0,9,22,0,0,0.561
10.78866360854368,106.695513722289,31,41,1.0,9,22,0,0,0.7561
10.801406421807084,106.7114844087968,31,41,1.0,9,22,0,0,0.7561
10.843150534972033,106.6151343241409,24,35,1.0,9,22,0,0,0.6857
10.880537767027526,106.81481342866444,40,54,1.0,9,22,0,0,0.7407
10.740840166521664,106.61899246873142,24,35,1.0,9,22,0,0,0.6857
10.798986343749618,106.7269705664684,45,45,1.0,9,22,0,0,1.0
10.741860769464234,106.73790365482628,45,45,1.0,9,22,0,0,1.0
10.752408891679814,106.7022703818112,24,34,1.0,9,22,0,0,0.7059
10.786216596454729,106.71836665482697,40,40,1.0,9,22,0,0,1.0
10.78948793356203,106.7151883818118,36,36,1.0,9,22,0,0,1.0
10.80223925742187,106.6478722259914,29,41,1.0,9,22,0,0,0.7073
10.813928881466124,106.66511432455972,18,34,1.0,9,22,0,0,0.5294
10.755608615763382,106.67347943578082,18,27,0.996863,9,22,0,0,0.6667
10.782680856341084,106.70051548181168,20,30,1.0,9,22,0,0,0.6667
10.754895139302109,106.67839188181134,23,32,1.0,9,23,0,0,0.7188
10.785070445194592,106.68331340921324,17,27,1.0,9,23,0,0,0.6296
10.7549373008113,106.67848844133415,23,32,1.0,9,23,0,0,0.7188
10.77898143649726,106.67684447140958,18,35,1.0,9,23,0,0,0.5143
10.7671128283867,106.6927618222887,20,20,1.0,9,23,0,0,1.0
10.77847212665258,106.69389510879644,28,42,1.0,9,23,0,0,0.6667
10.796057790235078,106.67492629345334,18,35,1.0,9,23,0,0,0.5143
10.8352982156415,106.72935479345392,32,42,0.996918,9,23,0,0,0.7619
10.777562007197462,106.7041335430398,19,30,1.0,9,23,0,0,0.6333
10.83886351241477,106.67566625482782,27,35,1.0,9,24,0,0,0.7714
10.765187049751797,106.67550552599072,19,35,1.0,9,24,0,0,0.5429
10.75948437198232,106.6840537511244,17,28,0.99684,9,24,0,0,0.6071
10.865229381280963,106.72366973948476,37,49,1.0,9,24,0,0,0.7551
10.72279213640514,106.72808623948244,26,37,0.9981,9,24,0,0,0.7027
10.823400120373712,106.68551227436063,23,31,1.0,9,24,0,0,0.7419
10.756158554057755,106.66631758181126,20,29,1.0,9,24,0,0,0.6897
10.7144382088356,106.73711688366168,24,35,1.0,9,24,0,0,0.6857
10.817236653231737,106.63191539530456,23,35,1.0,9,24,0,0,0.6571
10.772727584493625,106.69804225297564,16,24,1.0,9,26,0,0,0.6667
10.774028664434528,106.70357076461706,22,29,1.0,9,26,0,0,0.7586
10.752616652291238,106.72509685338922,39,39,1.0,9,27,0,0,1.0
10.745754766198267,106.65326266831876,37,43,1.0,9,27,0,0,0.8605
10.94927106740351,106.87196348224562,26,42,1.0,9,27,0,0,0.619
10.78866360854368,106.695513722289,32,41,1.0,9,27,0,0,0.7805
10.801406421807084,106.7114844087968,32,41,1.0,9,27,0,0,0.7805
10.843150534972033,106.6151343241409,23,35,1.0,9,27,0,0,0.6571
10.880537767027526,106.81481342866444,41,54,1.0,9,27,0,0,0.7593
10.740840166521664,106.61899246873142,24,35,1.0,9,27,0,0,0.6857
10.798986343749618,106.7269705664684,45,45,1.0,9,27,0,0,1.0
10.741860769464234,106.73790365482628,45,45,1.0,9,27,0,0,1.0
10.752408891679814,106.7022703818112,19,34,1.0,9,27,0,0,0.5588
10.786216596454729,106.71836665482697,40,40,1.0,9,27,0,0,1.0
10.78948793356203,106.7151883818118,36,36,1.0,9,27,0,0,1.0
10.80223925742187,106.6478722259914,30,41,1.0,9,27,0,0,0.7317
10.813928881466124,106.66511432455972,19,34,0.999809,9,27,0,0,0.5588
10.755608615763382,106.67347943578082,18,27,0.995772,9,27,0,0,0.6667
10.782680856341084,106.70051548181168,18,30,1.0,9,27,0,0,0.6
10.754895139302109,106.67839188181134,23,32,1.0,9,27,0,0,0.7188
10.785070445194592,106.68331340921324,14,29,1.0,9,27,0,0,0.4828
10.7549373008113,106.67848844133415,23,32,1.0,9,27,0,0,0.7188
10.77898143649726,106.67684447140958,18,34,1.0,9,27,0,0,0.5294
10.7671128283867,106.6927618222887,12,20,1.0,9,27,0,0,0.6
10.77847212665258,106.69389510879644,28,41,1.0,9,27,0,0,0.6829
10.796057790235078,106.67492629345334,19,34,0.999809,9,27,0,0,0.5588
10.8352982156415,106.72935479345392,33,42,0.995887,9,27,0,0,0.7857
10.777562007197462,106.7041335430398,19,30,1.0,9,27,0,0,0.6333
10.83886351241477,106.67566625482782,29,36,0.997715,9,27,0,0,0.8056
10.765187049751797,106.67550552599072,23,36,1.0,9,27,0,0,0.6389
10.75948437198232,106.6840537511244,18,27,0.995817,9,27,0,0,0.6667
10.865229381280963,106.72366973948476,36,49,1.0,9,27,0,0,0.7347
10.72279213640514,106.72808623948244,25,36,0.996918,9,27,0,0,0.6944
10.823400120373712,106.68551227436063,23,31,1.0,9,27,0,0,0.7419
10.756158554057755,106.66631758181126,20,29,1.0,9,28,0,0,0.6897
10.7144382088356,106.73711688366168,24,35,1.0,9,28,0,0,0.6857
10.817236653231737,106.63191539530456,22,35,1.0,9,28,0,0,0.6286
10.772727584493625,106.69804225297564,15,24,1.0,9,30,0,0,0.625
10.774028664434528,106.70357076461706,29,29,1.0,9,30,0,0,1.0
10.752616652291238,106.72509685338922,39,39,1.0,9,30,0,0,1.0
10.745754766198267,106.65326266831876,36,42,1.0,9,30,0,0,0.8571
10.94927106740351,106.87196348224562,32,42,1.0,9,30,0,0,0.7619
10.78866360854368,106.695513722289,32,42,1.0,9,30,0,0,0.7619
10.801406421807084,106.7114844087968,32,42,1.0,9,30,0,0,0.7619
10.843150534972033,106.6151343241409,21,35,1.0,9,30,0,0,0.6
10.880537767027526,106.81481342866444,36,53,1.0,9,30,0,0,0.6792
10.740840166521664,106.61899246873142,24,35,1.0,9,30,0,0,0.6857
10.798986343749618,106.7269705664684,45,45,1.0,9,30,0,0,1.0
10.741860769464234,106.73790365482628,45,45,1.0,9,30,0,0,1.0
10.752408891679814,106.7022703818112,19,34,1.0,9,30,0,0,0.5588
10.786216596454729,106.71836665482697,40,40,1.0,9,30,0,0,1.0
10.78948793356203,106.7151883818118,36,36,1.0,9,30,0,0,1.0
10.80223925742187,106.6478722259914,29,41,1.0,9,30,0,0,0.7073
10.813928881466124,106.66511432455972,19,34,0.999522,9,30,0,0,0.5588
10.755608615763382,106.67347943578082,17,28,0.996173,9,30,0,0,0.6071
10.782680856341084,106.70051548181168,18,30,1.0,9,30,0,0,0.6
10.754895139302109,106.67839188181134,21,33,1.0,9,30,0,0,0.6364
10.785070445194592,106.68331340921324,14,27,1.0,9,30,0,0,0.5185
10.7549373008113,106.67848844133415,21,33,1.0,9,30,0,0,0.6364
10.77898143649726,106.67684447140958,18,34,1.0,9,30,0,0,0.5294
10.7671128283867,106.6927618222887,20,20,1.0,9,30,0,0,1.0
10.77847212665258,106.69389510879644,28,41,1.0,9,30,0,0,0.6829
10.796057790235078,106.67492629345334,18,34,0.999809,9,30,0,0,0.5294
10.8352982156415,106.72935479345392,33,42,0.995887,9,30,0,0,0.7857
10.777562007197462,106.7041335430398,18,30,1.0,9,30,0,0,0.6
10.83886351241477,106.67566625482782,36,36,1.0,9,31,0,0,1.0
10.765187049751797,106.67550552599072,20,35,1.0,9,31,0,0,0.5714
10.75948437198232,106.6840537511244,17,27,0.997878,9,31,0,0,0.6296
10.865229381280963,106.72366973948476,35,49,1.0,9,31,0,0,0.7143
10.72279213640514,106.72808623948244,25,37,0.998574,9,31,0,0,0.6757
10.823400120373712,106.68551227436063,23,32,1.0,9,31,0,0,0.7188
10.756158554057755,106.66631758181126,20,29,1.0,9,31,0,0,0.6897
10.7144382088356,106.73711688366168,23,35,1.0,9,31,0,0,0.6571
10.817236653231737,106.63191539530456,22,35,1.0,9,31,0,0,0.6286
10.772727584493625,106.69804225297564,14,24,1.0,9,33,0,0,0.5833
10.774028664434528,106.70357076461706,19,29,1.0,9,33,0,0,0.6552
10.752616652291238,106.72509685338922,39,39,1.0,9,33,0,0,1.0
10.745754766198267,106.65326266831876,36,43,1.0,9,33,0,0,0.8372
10.94927106740351,106.87196348224562,29,41,1.0,9,33,0,0,0.7073
10.78866360854368,106.695513722289,33,42,1.0,9,33,0,0,0.7857
10.801406421807084,106.7114844087968,33,42,1.0,9,33,0,0,0.7857
10.843150534972033,106.6151343241409,23,35,1.0,9,33,0,0,0.6571
10.880537767027526,106.81481342866444,39,53,1.0,9,33,0,0,0.7358
10.740840166521664,106.61899246873142,24,35,1.0,9,33,0,0,0.6857
10.798986343749618,106.7269705664684,45,45,1.0,9,33,0,0,1.0
10.741860769464234,106.73790365482628,45,45,1.0,9,33,0,0,1.0
10.752408891679814,106.7022703818112,18,34,1.0,9,33,0,0,0.5294
10.786216596454729,106.71836665482697,40,40,1.0,9,33,0,0,1.0
10.78948793356203,106.7151883818118,36,36,1.0,9,33,0,0,1.0
10.80223925742187,106.6478722259914,29,40,1.0,9,33,0,0,0.725
10.813928881466124,106.66511432455972,19,34,1.0,9,33,0,0,0.5588
10.755608615763382,106.67347943578082,17,27,1.0,9,33,0,0,0.6296
10.782680856341084,106.70051548181168,20,30,1.0,9,33,0,0,0.6667
10.754895139302109,106.67839188181134,19,33,1.0,9,33,0,0,0.5758
10.785070445194592,106.68331340921324,19,28,1.0,9,33,0,0,0.6786
10.7549373008113,106.67848844133415,19,33,1.0,9,33,0,0,0.5758
10.77898143649726,106.67684447140958,19,35,1.0,9,33,0,0,0.5429
10.7671128283867,106.6927618222887,20,20,1.0,9,33,0,0,1.0
10.77847212665258,106.69389510879644,28,41,1.0,9,33,0,0,0.6829
10.796057790235078,106.67492629345334,19,34,1.0,9,33,0,0,0.5588
10.8352982156415,106.72935479345392,33,42,0.995122,9,33,0,0,0.7857
10.777562007197462,106.7041335430398,20,31,1.0,9,34,0,0,0.6452
10.83886351241477,106.67566625482782,28,36,0.998084,9,34,0,0,0.7778
10.765187049751797,106.67550552599072,25,36,1.0,9,34,0,0,0.6944
10.75948437198232,106.6840537511244,19,28,0.997886,9,34,0,0,0.6786
10.865229381280963,106.72366973948476,35,49,1.0,9,34,0,0,0.7143
10.72279213640514,106.72808623948244,26,36,0.997257,9,34,0,0,0.7222
10.823400120373712,106.68551227436063,25,31,1.0,9,34,0,0,0.8065
10.756158554057755,106.66631758181126,23,29,1.0,9,34,0,0,0.7931
10.7144382088356,106.73711688366168,24,35,1.0,9,34,0,0,0.6857
10.817236653231737,106.63191539530456,23,35,1.0,9,34,0,0,0.6571
10.772727584493625,106.69804225297564,14,24,1.0,9,36,0,0,0.5833
10.774028664434528,106.70357076461706,29,29,1.0,9,36,0,0,1.0
10.752616652291238,106.72509685338922,39,39,1.0,9,36,0,0,1.0
10.745754766198267,106.65326266831876,35,43,1.0,9,36,0,0,0.814
10.94927106740351,106.87196348224562,28,42,1.0,9,36,0,0,0.6667
10.78866360854368,106.695513722289,33,41,1.0,9,36,0,0,0.8049
10.801406421807084,106.7114844087968,33,41,1.0,9,36,0,0,0.8049
10.843150534972033,106.6151343241409,22,35,1.0,9,36,0,0,0.6286
10.880537767027526,106.81481342866444,38,53,1.0,9,36,0,0,0.717
10.740840166521664,106.61899246873142,24,35,1.0,9,36,0,0,0.6857
10.798986343749618,106.7269705664684,45,45,1.0,9,36,0,0,1.0
10.741860769464234,106.73790365482628,45,45,1.0,9,36,0,0,1.0
10.752408891679814,106.7022703818112,18,34,1.0,9,36,0,0,0.5294
10.786216596454729,106.71836665482697,40,40,1.0,9,37,0,0,1.0
10.78948793356203,106.7151883818118,36,36,1.0,9,37,0,0,1.0
10.80223925742187,106.6478722259914,29,41,1.0,9,37,0,0,0.7073
10.813928881466124,106.66511432455972,19,34,1.0,9,37,0,0,0.5588
10.755608615763382,106.67347943578082,15,27,0.996169,9,37,0,0,0.5556
10.782680856341084,106.70051548181168,19,30,1.0,9,37,0,0,0.6333
10.754895139302109,106.67839188181134,22,33,1.0,9,37,0,0,0.6667
10.785070445194592,106.68331340921324,18,27,1.0,9,37,0,0,0.6667
10.7549373008113,106.67848844133415,22,33,1.0,9,37,0,0,0.6667
10.77898143649726,106.67684447140958,19,34,1.0,9,37,0,0,0.5588
10.7671128283867,106.6927618222887,20,20,1.0,9,37,0,0,1.0
10.77847212665258,106.69389510879644,27,41,1.0,9,37,0,0,0.6585
10.796057790235078,106.67492629345334,19,34,1.0,9,37,0,0,0.5588
10.8352982156415,106.72935479345392,31,42,0.995302,9,37,0,0,0.7381
10.777562007197462,106.7041335430398,19,30,1.0,9,37,0,0,0.6333
10.83886351241477,106.67566625482782,28,36,1.0,9,37,0,0,0.7778
10.765187049751797,106.67550552599072,27,36,1.0,9,37,0,0,0.75
10.75948437198232,106.6840537511244,15,28,0.997629,9,37,0,0,0.5357
10.865229381280963,106.72366973948476,35,49,1.0,9,37,0,0,0.7143
10.72279213640514,106.72808623948244,27,37,0.998475,9,37,0,0,0.7297
10.823400120373712,106.68551227436063,25,31,1.0,9,37,0,0,0.8065
10.756158554057755,106.66631758181126,20,30,1.0,9,37,0,0,0.6667
10.7144382088356,106.73711688366168,25,35,1.0,9,37,0,0,0.7143
10.817236653231737,106.63191539530456,22,35,1.0,9,37,0,0,0.6286
10.772727584493625,106.69804225297564,15,24,1.0,9,39,0,0,0.625
10.774028664434528,106.70357076461706,29,29,1.0,9,39,0,0,1.0
10.752616652291238,106.72509685338922,39,39,1.0,9,39,0,0,1.0
10.745754766198267,106.65326266831876,35,43,1.0,9,39,0,0,0.814
10.94927106740351,106.87196348224562,31,42,1.0,9,39,0,0,0.7381
10.78866360854368,106.695513722289,33,42,1.0,9,39,0,0,0.7857
10.801406421807084,106.7114844087968,33,42,1.0,9,39,0,0,0.7857
10.843150534972033,106.6151343241409,22,35,1.0,9,39,0,0,0.6286
10.880537767027526,106.81481342866444,40,53,1.0,9,39,0,0,0.7547
10.740840166521664,106.61899246873142,24,35,1.0,9,40,0,0,0.6857
10.798986343749618,106.7269705664684,45,45,1.0,9,40,0,0,1.0
10.741860769464234,106.73790365482628,45,45,1.0,9,40,0,0,1.0
10.752408891679814,106.7022703818112,20,34,1.0,9,40,0,0,0.5882
10.786216596454729,106.71836665482697,40,40,1.0,9,40,0,0,1.0
10.78948793356203,106.7151883818118,36,36,1.0,9,40,0,0,1.0
10.80223925742187,106.6478722259914,29,41,1.0,9,40,0,0,0.7073
10.813928881466124,106.66511432455972,19,34,0.999049,9,40,0,0,0.5588
10.755608615763382,106.67347943578082,17,27,0.997478,9,40,0,0,0.6296
10.782680856341084,106.70051548181168,19,30,1.0,9,40,0,0,0.6333
10.754895139302109,106.67839188181134,21,33,1.0,9,40,0,0,0.6364
10.785070445194592,106.68331340921324,14,29,1.0,9,40,0,0,0.4828
10.7549373008113,106.67848844133415,21,33,1.0,9,40,0,0,0.6364
10.77898143649726,106.67684447140958,19,34,1.0,9,40,0,0,0.5588
10.7671128283867,106.6927618222887,20,20,1.0,9,40,0,0,1.0
10.77847212665258,106.69389510879644,27,42,1.0,9,40,0,0,0.6429
10.796057790235078,106.67492629345334,19,34,0.999049,9,40,0,0,0.5588
10.8352982156415,106.72935479345392,33,42,0.995807,9,40,0,0,0.7857
10.777562007197462,106.7041335430398,19,30,1.0,9,40,0,0,0.6333
10.83886351241477,106.67566625482782,29,36,1.0,9,40,0,0,0.8056
10.765187049751797,106.67550552599072,25,36,1.0,9,42,0,0,0.6944
10.75948437198232,106.6840537511244,17,28,0.997478,9,42,0,0,0.6071
10.865229381280963,106.72366973948476,35,49,1.0,9,42,0,0,0.7143
10.72279213640514,106.72808623948244,26,37,0.997777,9,42,0,0,0.7027
10.823400120373712,106.68551227436063,22,31,1.0,9,42,0,0,0.7097
10.756158554057755,106.66631758181126,18,30,1.0,9,42,0,0,0.6
10.7144382088356,106.73711688366168,25,35,1.0,9,42,0,0,0.7143
10.817236653231737,106.63191539530456,23,35,1.0,9,42,0,0,0.6571
10.772727584493625,106.69804225297564,16,24,1.0,9,44,0,0,0.6667
10.774028664434528,106.70357076461706,21,29,1.0,9,44,0,0,0.7241
10.752616652291238,106.72509685338922,39,39,1.0,9,44,0,0,1.0
10.745754766198267,106.65326266831876,35,42,1.0,9,44,0,0,0.8333
10.94927106740351,106.87196348224562,34,42,1.0,9,44,0,0,0.8095
10.78866360854368,106.695513722289,32,41,1.0,9,44,0,0,0.7805
10.801406421807084,106.7114844087968,32,41,1.0,9,44,0,0,0.7805
10.843150534972033,106.6151343241409,21,35,1.0,9,44,0,0,0.6
10.880537767027526,106.81481342866444,40,53,1.0,9,44,0,0,0.7547
10.740840166521664,106.61899246873142,24,35,1.0,9,44,0,0,0.6857
10.798986343749618,106.7269705664684,45,45,1.0,9,44,0,0,1.0
10.741860769464234,106.73790365482628,45,45,1.0,9,44,0,0,1.0
10.752408891679814,106.7022703818112,20,34,1.0,9,45,0,0,0.5882
10.786216596454729,106.71836665482697,40,40,1.0,9,45,0,0,1.0
10.78948793356203,106.7151883818118,36,36,1.0,9,45,0,0,1.0
10.80223925742187,106.6478722259914,32,41,1.0,9,45,0,0,0.7805
10.813928881466124,106.66511432455972,19,34,0.997825,9,45,0,0,0.5588
10.755608615763382,106.67347943578082,16,28,1.0,9,45,0,0,0.5714
10.782680856341084,106.70051548181168,19,30,1.0,9,45,0,0,0.6333
10.754895139302109,106.67839188181134,23,33,1.0,9,45,0,0,0.697
10.785070445194592,106.68331340921324,18,27,1.0,9,45,0,0,0.6667
10.7549373008113,106.67848844133415,23,33,1.0,9,45,0,0,0.697
10.77898143649726,106.67684447140958,19,35,1.0,9,45,0,0,0.5429
10.7671128283867,106.6927618222887,20,20,1.0,9,45,0,0,1.0
10.77847212665258,106.69389510879644,27,41,1.0,9,45,0,0,0.6585
10.796057790235078,106.67492629345334,19,34,0.998981,9,45,0,0,0.5588
10.8352982156415,106.72935479345392,32,43,0.994977,9,45,0,0,0.7442
10.777562007197462,106.7041335430398,19,30,1.0,9,45,0,0,0.6333
10.83886351241477,106.67566625482782,28,36,0.997411,9,45,0,0,0.7778
10.765187049751797,106.67550552599072,24,36,1.0,9,45,0,0,0.6667
10.75948437198232,106.6840537511244,18,28,1.0,9,45,0,0,0.6429
10.865229381280963,106.72366973948476,35,49,1.0,9,45,0,0,0.7143
10.72279213640514,106.72808623948244,28,37,0.998801,9,45,0,0,0.7568
10.823400120373712,106.68551227436063,24,31,1.0,9,45,0,0,0.7742
10.756158554057755,106.66631758181126,18,29,1.0,9,45,0,0,0.6207
10.7144382088356,106.73711688366168,25,35,1.0,9,45,0,0,0.7143
10.817236653231737,106.63191539530456,21,35,1.0,9,45,0,0,0.6
10.772727584493625,106.69804225297564,14,24,1.0,9,47,0,0,0.5833
10.774028664434528,106.70357076461706,19,28,1.0,9,47,0,0,0.6786
10.752616652291238,106.72509685338922,32,39,1.0,9,47,0,0,0.8205
10.745754766198267,106.65326266831876,37,43,1.0,9,47,0,0,0.8605
10.94927106740351,106.87196348224562,27,42,1.0,9,47,0,0,0.6429
10.78866360854368,106.695513722289,33,42,1.0,9,47,0,0,0.7857
10.801406421807084,106.7114844087968,33,42,1.0,9,47,0,0,0.7857
10.843150534972033,106.6151343241409,23,35,1.0,9,48,0,0,0.6571
10.880537767027526,106.81481342866444,40,53,1.0,9,48,0,0,0.7547
10.740840166521664,106.61899246873142,23,35,1.0,9,48,0,0,0.6571
10.798986343749618,106.7269705664684,45,45,1.0,9,48,0,0,1.0
10.741860769464234,106.73790365482628,45,45,1.0,9,48,0,0,1.0
10.752408891679814,106.7022703818112,21,33,1.0,9,48,0,0,0.6364
10.786216596454729,106.71836665482697,40,40,1.0,9,48,0,0,1.0
10.78948793356203,106.7151883818118,36,36,1.0,9,48,0,0,1.0
10.80223925742187,106.6478722259914,28,41,1.0,9,48,0,0,0.6829
10.813928881466124,106.66511432455972,18,34,0.998472,9,48,0,0,0.5294
10.755608615763382,106.67347943578082,19,28,1.0,9,48,0,0,0.6786
10.782680856341084,106.70051548181168,20,30,1.0,9,48,0,0,0.6667
10.754895139302109,106.67839188181134,22,33,1.0,9,48,0,0,0.6667
10.785070445194592,106.68331340921324,18,28,1.0,9,48,0,0,0.6429
10.7549373008113,106.67848844133415,22,33,1.0,9,48,0,0,0.6667
10.77898143649726,106.67684447140958,20,35,1.0,9,48,0,0,0.5714
10.7671128283867,106.6927618222887,20,20,1.0,9,48,0,0,1.0
10.77847212665258,106.69389510879644,26,41,1.0,9,48,0,0,0.6341
10.796057790235078,106.67492629345334,19,33,0.998119,9,48,0,0,0.5758
10.8352982156415,106.72935479345392,31,43,0.992196,9,48,0,0,0.7209
10.777562007197462,106.7041335430398,19,30,1.0,9,48,0,0,0.6333
10.83886351241477,106.67566625482782,29,35,1.0,9,48,0,0,0.8286
10.765187049751797,106.67550552599072,24,36,1.0,9,49,0,0,0.6667
10.75948437198232,106.6840537511244,19,26,0.998954,9,49,0,0,0.7308
10.865229381280963,106.72366973948476,35,49,1.0,9,49,0,0,0.7143
10.72279213640514,106.72808623948244,26,36,1.0,9,49,0,0,0.7222
10.823400120373712,106.68551227436063,24,31,1.0,9,49,0,0,0.7742
10.756158554057755,106.66631758181126,22,30,1.0,9,49,0,0,0.7333
10.7144382088356,106.73711688366168,24,35,1.0,9,49,0,0,0.6857
10.817236653231737,106.63191539530456,22,35,1.0,9,49,0,0,0.6286
10.772727584493625,106.69804225297564,14,23,1.0,9,51,0,0,0.6087
10.774028664434528,106.70357076461706,20,28,1.0,9,51,0,0,0.7143
10.752616652291238,106.72509685338922,39,39,1.0,9,52,0,0,1.0
10.745754766198267,106.65326266831876,36,43,1.0,9,52,0,0,0.8372
10.94927106740351,106.87196348224562,29,41,1.0,9,52,0,0,0.7073
10.78866360854368,106.695513722289,32,42,1.0,9,52,0,0,0.7619
10.801406421807084,106.7114844087968,32,42,1.0,9,52,0,0,0.7619
10.843150534972033,106.6151343241409,22,35,1.0,9,53,0,0,0.6286
10.880537767027526,106.81481342866444,39,53,1.0,9,53,0,0,0.7358
10.740840166521664,106.61899246873142,23,35,1.0,9,53,0,0,0.6571
10.798986343749618,106.7269705664684,45,45,1.0,9,53,0,0,1.0
10.741860769464234,106.73790365482628,45,45,1.0,9,53,0,0,1.0
10.752408891679814,106.7022703818112,20,34,1.0,9,54,0,0,0.5882
10.786216596454729,106.71836665482697,40,40,1.0,9,54,0,0,1.0
10.78948793356203,106.7151883818118,36,36,1.0,9,54,0,0,1.0
10.80223925742187,106.6478722259914,23,41,1.0,9,54,0,0,0.561
10.813928881466124,106.66511432455972,20,34,0.998483,9,54,0,0,0.5882
10.755608615763382,106.67347943578082,17,28,0.998951,9,54,0,0,0.6071
10.782680856341084,106.70051548181168,18,30,1.0,9,54,0,0,0.6
10.754895139302109,106.67839188181134,22,33,1.0,9,54,0,0,0.6667
10.785070445194592,106.68331340921324,12,27,1.0,9,55,0,0,0.4444
10.7549373008113,106.67848844133415,22,33,1.0,9,55,0,0,0.6667
10.77898143649726,106.67684447140958,20,34,1.0,9,55,0,0,0.5882
10.7671128283867,106.6927618222887,10,20,1.0,9,55,0,0,0.5
10.77847212665258,106.69389510879644,27,41,1.0,9,55,0,0,0.6585
10.796057790235078,106.67492629345334,20,33,0.999057,9,55,0,0,0.6061
10.8352982156415,106.72935479345392,31,42,0.986412,9,55,0,0,0.7381
10.777562007197462,106.7041335430398,18,30,1.0,9,55,0,0,0.6
10.83886351241477,106.67566625482782,28,36,0.997417,9,55,0,0,0.7778
10.765187049751797,106.67550552599072,25,36,1.0,9,55,0,0,0.6944
10.75948437198232,106.6840537511244,18,27,1.0,9,55,0,0,0.6667
10.865229381280963,106.72366973948476,34,49,1.0,9,55,0,0,0.6939
10.72279213640514,106.72808623948244,26,37,0.999104,9,55,0,0,0.7027
10.823400120373712,106.68551227436063,25,32,1.0,9,55,0,0,0.7812
10.756158554057755,106.66631758181126,20,30,1.0,9,55,0,0,0.6667
10.7144382088356,106.73711688366168,25,35,1.0,9,55,0,0,0.7143
10.817236653231737,106.63191539530456,23,35,1.0,9,55,0,0,0.6571
10.772727584493625,106.69804225297564,17,24,1.0,9,57,0,0,0.7083
10.774028664434528,106.70357076461706,19,29,1.0,9,57,0,0,0.6552
10.752616652291238,106.72509685338922,39,39,1.0,9,57,0,0,1.0
10.745754766198267,106.65326266831876,36,43,1.0,9,57,0,0,0.8372
10.94927106740351,106.87196348224562,25,41,1.0,9,57,0,0,0.6098
10.78866360854368,106.695513722289,33,41,1.0,9,57,0,0,0.8049
10.801406421807084,106.7114844087968,32,41,1.0,9,57,0,0,0.7805
10.843150534972033,106.6151343241409,20,35,1.0,9,57,0,0,0.5714
10.880537767027526,106.81481342866444,38,53,1.0,9,57,0,0,0.717
10.740840166521664,106.61899246873142,23,35,1.0,9,57,0,0,0.6571
10.798986343749618,106.7269705664684,45,45,1.0,9,57,0,0,1.0
10.741860769464234,106.73790365482628,45,45,1.0,9,58,0,0,1.0
10.752408891679814,106.7022703818112,22,33,1.0,9,58,0,0,0.6667
10.786216596454729,106.71836665482697,37,40,1.0,9,58,0,0,0.925
10.78948793356203,106.7151883818118,36,36,1.0,9,58,0,0,1.0
10.80223925742187,106.6478722259914,28,41,1.0,9,58,0,0,0.6829
10.813928881466124,106.66511432455972,19,34,0.999046,9,58,0,0,0.5588
10.755608615763382,106.67347943578082,17,28,1.0,9,58,0,0,0.6071
10.782680856341084,106.70051548181168,20,30,1.0,9,58,0,0,0.6667
10.754895139302109,106.67839188181134,21,33,1.0,9,58,0,0,0.6364
10.785070445194592,106.68331340921324,16,27,1.0,9,58,0,0,0.5926
10.7549373008113,106.67848844133415,22,33,1.0,9,58,0,0,0.6667
10.77898143649726,106.67684447140958,21,34,1.0,9,58,0,0,0.6176
10.7671128283867,106.6927618222887,15,19,1.0,9,58,0,0,0.7895
10.77847212665258,106.69389510879644,26,42,1.0,9,58,0,0,0.619
10.796057790235078,106.67492629345334,19,34,0.999236,9,58,0,0,0.5588
10.8352982156415,106.72935479345392,32,42,0.98966,9,58,0,0,0.7619
10.777562007197462,106.7041335430398,19,30,1.0,9,58,0,0,0.6333
10.83886351241477,106.67566625482782,29,36,0.997406,9,58,0,0,0.8056
10.765187049751797,106.67550552599072,25,35,1.0,9,58,0,0,0.7143
10.75948437198232,106.6840537511244,18,28,0.998943,9,58,0,0,0.6429
10.865229381280963,106.72366973948476,35,49,1.0,9,59,0,0,0.7143
10.72279213640514,106.72808623948244,27,37,0.999301,9,59,0,0,0.7297
10.823400120373712,106.68551227436063,22,31,1.0,9,59,0,0,0.7097
10.756158554057755,106.66631758181126,21,30,1.0,9,59,0,0,0.7
10.7144382088356,106.73711688366168,25,35,1.0,9,59,0,0,0.7143
10.817236653231737,106.63191539530456,21,35,1.0,9,59,0,0,0.6
10.772727584493625,106.69804225297564,16,25,1.0,10,1,0,0,0.64
10.774028664434528,106.70357076461706,22,28,1.0,10,1,0,0,0.7857
10.752616652291238,106.72509685338922,39,39,1.0,10,1,0,0,1.0
10.745754766198267,106.65326266831876,37,43,1.0,10,1,0,0,0.8605
10.94927106740351,106.87196348224562,27,41,1.0,10,1,0,0,0.6585
10.78866360854368,106.695513722289,33,42,1.0,10,1,0,0,0.7857
10.801406421807084,106.7114844087968,33,42,1.0,10,1,0,0,0.7857
10.843150534972033,106.6151343241409,21,35,1.0,10,1,0,0,0.6
10.880537767027526,106.81481342866444,38,53,1.0,10,1,0,0,0.717
10.740840166521664,106.61899246873142,23,36,1.0,10,1,0,0,0.6389
10.798986343749618,106.7269705664684,45,45,1.0,10,1,0,0,1.0
10.741860769464234,106.73790365482628,45,45,1.0,10,1,0,0,1.0
10.752408891679814,106.7022703818112,25,34,1.0,10,1,0,0,0.7353
10.786216596454729,106.71836665482697,40,40,1.0,10,1,0,0,1.0
10.78948793356203,106.7151883818118,36,36,1.0,10,1,0,0,1.0
10.80223925742187,106.6478722259914,30,40,1.0,10,1,0,0,0.75
10.813928881466124,106.66511432455972,20,34,0.997651,10,1,0,0,0.5882
10.755608615763382,106.67347943578082,17,28,0.997907,10,1,0,0,0.6071
10.782680856341084,106.70051548181168,19,30,1.0,10,1,0,0,0.6333
10.754895139302109,106.67839188181134,22,32,1.0,10,1,0,0,0.6875
10.785070445194592,106.68331340921324,16,27,1.0,10,1,0,0,0.5926
10.7549373008113,106.67848844133415,22,32,1.0,10,1,0,0,0.6875
10.77898143649726,106.67684447140958,22,35,1.0,10,1,0,0,0.6286
10.7671128283867,106.6927618222887,20,20,1.0,10,1,0,0,1.0
10.77847212665258,106.69389510879644,26,42,1.0,10,1,0,0,0.619
10.796057790235078,106.67492629345334,20,34,0.998179,10,2,0,0,0.5882
10.8352982156415,106.72935479345392,32,42,0.991147,10,2,0,0,0.7619
10.777562007197462,106.7041335430398,20,30,1.0,10,2,0,0,0.6667
10.83886351241477,106.67566625482782,29,36,1.0,10,2,0,0,0.8056
10.765187049751797,106.67550552599072,24,36,1.0,10,2,0,0,0.6667
10.75948437198232,106.6840537511244,18,28,0.997907,10,2,0,0,0.6429
10.865229381280963,106.72366973948476,35,49,1.0,10,2,0,0,0.7143
10.72279213640514,106.72808623948244,27,37,0.999104,10,2,0,0,0.7297
10.823400120373712,106.68551227436063,23,32,1.0,10,2,0,0,0.7188
10.756158554057755,106.66631758181126,30,30,1.0,10,2,0,0,1.0
10.7144382088356,106.73711688366168,25,35,1.0,10,2,0,0,0.7143
10.817236653231737,106.63191539530456,21,35,1.0,10,2,0,0,0.6
10.772727584493625,106.69804225297564,16,24,1.0,10,4,0,0,0.6667
10.774028664434528,106.70357076461706,22,28,1.0,10,4,0,0,0.7857
10.752616652291238,106.72509685338922,39,39,1.0,10,5,0,0,1.0
10.745754766198267,106.65326266831876,36,42,1.0,10,5,0,0,0.8571
10.94927106740351,106.87196348224562,27,41,1.0,10,5,0,0,0.6585
10.78866360854368,106.695513722289,33,42,1.0,10,5,0,0,0.7857
10.801406421807084,106.7114844087968,32,42,1.0,10,5,0,0,0.7619
10.843150534972033,106.6151343241409,20,35,1.0,10,6,0,0,0.5714
10.880537767027526,106.81481342866444,39,53,1.0,10,6,0,0,0.7358
10.740840166521664,106.61899246873142,24,36,1.0,10,6,0,0,0.6667
10.798986343749618,106.7269705664684,45,45,1.0,10,6,0,0,1.0
10.741860769464234,106.73790365482628,45,45,1.0,10,6,0,0,1.0
10.752408891679814,106.7022703818112,25,33,1.0,10,6,0,0,0.7576
10.786216596454729,106.71836665482697,40,40,1.0,10,6,0,0,1.0
10.78948793356203,106.7151883818118,28,36,1.0,10,6,0,0,0.7778
10.80223925742187,106.6478722259914,25,41,1.0,10,6,0,0,0.6098
10.813928881466124,106.66511432455972,21,34,0.998955,10,6,0,0,0.6176
10.755608615763382,106.67347943578082,15,27,0.998939,10,6,0,0,0.5556
10.782680856341084,106.70051548181168,20,30,1.0,10,6,0,0,0.6667
10.754895139302109,106.67839188181134,21,34,1.0,10,6,0,0,0.6176
10.785070445194592,106.68331340921324,16,27,1.0,10,6,0,0,0.5926
10.7549373008113,106.67848844133415,21,33,1.0,10,6,0,0,0.6364
10.77898143649726,106.67684447140958,21,34,1.0,10,7,0,0,0.6176
10.7671128283867,106.6927618222887,20,20,1.0,10,7,0,0,1.0
10.77847212665258,106.69389510879644,27,42,1.0,10,7,0,0,0.6429
10.796057790235078,106.67492629345334,20,34,0.998692,10,7,0,0,0.5882
10.8352982156415,106.72935479345392,32,42,0.994566,10,7,0,0,0.7619
10.777562007197462,106.7041335430398,19,30,1.0,10,8,0,0,0.6333
10.83886351241477,106.67566625482782,36,36,1.0,10,8,0,0,1.0
10.765187049751797,106.67550552599072,20,35,1.0,10,8,0,0,0.5714
10.75948437198232,106.6840537511244,18,27,0.99859,10,8,0,0,0.6667
10.865229381280963,106.72366973948476,35,49,1.0,10,8,0,0,0.7143
10.72279213640514,106.72808623948244,27,37,0.996355,10,8,0,0,0.7297
10.823400120373712,106.68551227436063,19,32,1.0,10,8,0,0,0.5938
10.756158554057755,106.66631758181126,18,30,1.0,10,8,0,0,0.6
10.7144382088356,106.73711688366168,25,35,1.0,10,8,0,0,0.7143
10.817236653231737,106.63191539530456,21,35,1.0,10,8,0,0,0.6
10.772727584493625,106.69804225297564,14,24,1.0,10,10,0,0,0.5833
10.774028664434528,106.70357076461706,18,28,1.0,10,10,0,0,0.6429
10.752616652291238,106.72509685338922,39,39,1.0,10,10,0,0,1.0
10.745754766198267,106.65326266831876,34,43,1.0,10,10,0,0,0.7907
10.94927106740351,106.87196348224562,30,41,1.0,10,10,0,0,0.7317
10.78866360854368,106.695513722289,32,41,1.0,10,10,0,0,0.7805
10.801406421807084,106.7114844087968,32,41,1.0,10,10,0,0,0.7805
10.843150534972033,106.6151343241409,21,35,1.0,10,10,0,0,0.6
10.880537767027526,106.81481342866444,38,54,1.0,10,10,0,0,0.7037
10.740840166521664,106.61899246873142,25,35,1.0,10,10,0,0,0.7143
10.798986343749618,106.7269705664684,45,45,1.0,10,10,0,0,1.0
10.741860769464234,106.73790365482628,45,45,1.0,10,10,0,0,1.0
10.752408891679814,106.7022703818112,26,34,1.0,10,10,0,0,0.7647
10.786216596454729,106.71836665482697,40,40,1.0,10,10,0,0,1.0
10.78948793356203,106.7151883818118,36,36,1.0,10,11,0,0,1.0
10.80223925742187,106.6478722259914,29,41,1.0,10,11,0,0,0.7073
10.813928881466124,106.66511432455972,20,34,0.998954,10,11,0,0,0.5882
10.755608615763382,106.67347943578082,16,28,0.998947,10,11,0,0,0.5714
10.782680856341084,106.70051548181168,18,30,1.0,10,11,0,0,0.6
10.754895139302109,106.67839188181134,21,33,1.0,10,11,0,0,0.6364
10.785070445194592,106.68331340921324,17,28,1.0,10,11,0,0,0.6071
10.7549373008113,106.67848844133415,21,33,1.0,10,11,0,0,0.6364
10.77898143649726,106.67684447140958,21,34,1.0,10,11,0,0,0.6176
10.7671128283867,106.6927618222887,14,20,1.0,10,11,0,0,0.7
10.77847212665258,106.69389510879644,26,41,1.0,10,11,0,0,0.6341
10.796057790235078,106.67492629345334,22,34,1.0,10,11,0,0,0.6471
10.8352982156415,106.72935479345392,31,42,0.990952,10,11,0,0,0.7381
10.777562007197462,106.7041335430398,19,30,1.0,10,11,0,0,0.6333
10.83886351241477,106.67566625482782,25,36,0.998439,10,11,0,0,0.6944
10.765187049751797,106.67550552599072,26,36,1.0,10,11,0,0,0.7222
10.75948437198232,106.6840537511244,16,28,0.998947,10,11,0,0,0.5714
10.865229381280963,106.72366973948476,35,49,1.0,10,11,0,0,0.7143
10.72279213640514,106.72808623948244,28,37,1.0,10,11,0,0,0.7568
10.823400120373712,106.68551227436063,23,31,1.0,10,11,0,0,0.7419
10.756158554057755,106.66631758181126,17,29,1.0,10,11,0,0,0.5862
10.7144382088356,106.73711688366168,27,35,1.0,10,11,0,0,0.7714
10.817236653231737,106.63191539530456,19,35,1.0,10,11,0,0,0.5429
10.772727584493625,106.69804225297564,15,24,1.0,10,13,0,0,0.625
10.774028664434528,106.70357076461706,20,28,1.0,10,13,0,0,0.7143
10.752616652291238,106.72509685338922,39,39,1.0,10,13,0,0,1.0
10.745754766198267,106.65326266831876,35,43,1.0,10,13,0,0,0.814
10.94927106740351,106.87196348224562,30,41,1.0,10,13,0,0,0.7317
10.78866360854368,106.695513722289,32,42,1.0,10,13,0,0,0.7619
10.801406421807084,106.7114844087968,32,42,1.0,10,13,0,0,0.7619
10.843150534972033,106.6151343241409,21,35,1.0,10,14,0,0,0.6
10.880537767027526,106.81481342866444,40,54,1.0,10,14,0,0,0.7407
10.740840166521664,106.61899246873142,24,35,1.0,10,14,0,0,0.6857
10.798986343749618,106.7269705664684,45,45,1.0,10,14,0,0,1.0
10.741860769464234,106.73790365482628,45,45,1.0,10,14,0,0,1.0
10.752408891679814,106.7022703818112,25,34,1.0,10,14,0,0,0.7353
10.786216596454729,106.71836665482697,40,40,1.0,10,14,0,0,1.0
10.78948793356203,106.7151883818118,36,36,1.0,10,14,0,0,1.0
10.80223925742187,106.6478722259914,26,41,1.0,10,14,0,0,0.6341
10.813928881466124,106.66511432455972,22,34,1.0,10,14,0,0,0.6471
10.755608615763382,106.67347943578082,16,27,1.0,10,14,0,0,0.5926
10.782680856341084,106.70051548181168,19,30,1.0,10,14,0,0,0.6333
10.754895139302109,106.67839188181134,22,33,1.0,10,14,0,0,0.6667
10.785070445194592,106.68331340921324,15,27,1.0,10,14,0,0,0.5556
10.7549373008113,106.67848844133415,22,33,1.0,10,14,0,0,0.6667
10.77898143649726,106.67684447140958,21,34,1.0,10,14,0,0,0.6176
10.7671128283867,106.6927618222887,20,20,1.0,10,14,0,0,1.0
10.77847212665258,106.69389510879644,26,42,1.0,10,14,0,0,0.619
10.796057790235078,106.67492629345334,22,34,1.0,10,14,0,0,0.6471
10.8352982156415,106.72935479345392,31,42,0.992402,10,14,0,0,0.7381
10.777562007197462,106.7041335430398,19,30,1.0,10,14,0,0,0.6333
10.83886351241477,106.67566625482782,25,35,0.998447,10,14,0,0,0.7143
10.765187049751797,106.67550552599072,25,36,1.0,10,14,0,0,0.6944
10.75948437198232,106.6840537511244,16,27,1.0,10,14,0,0,0.5926
10.865229381280963,106.72366973948476,35,49,1.0,10,14,0,0,0.7143
10.72279213640514,106.72808623948244,27,37,0.998801,10,14,0,0,0.7297
10.823400120373712,106.68551227436063,22,31,1.0,10,15,0,0,0.7097
10.756158554057755,106.66631758181126,20,30,1.0,10,15,0,0,0.6667
10.7144382088356,106.73711688366168,27,35,1.0,10,15,0,0,0.7714
10.817236653231737,106.63191539530456,21,35,1.0,10,15,0,0,0.6
10.772727584493625,106.69804225297564,14,24,1.0,10,17,0,0,0.5833
10.774028664434528,106.70357076461706,29,29,1.0,10,17,0,0,1.0
10.752616652291238,106.72509685338922,39,39,1.0,10,17,0,0,1.0
10.745754766198267,106.65326266831876,35,43,1.0,10,17,0,0,0.814
10.94927106740351,106.87196348224562,31,42,1.0,10,17,0,0,0.7381
10.78866360854368,106.695513722289,33,41,1.0,10,17,0,0,0.8049
10.801406421807084,106.7114844087968,33,41,1.0,10,17,0,0,0.8049
10.843150534972033,106.6151343241409,22,35,1.0,10,17,0,0,0.6286
10.880537767027526,106.81481342866444,38,53,1.0,10,17,0,0,0.717
10.740840166521664,106.61899246873142,25,35,1.0,10,17,0,0,0.7143
10.798986343749618,106.7269705664684,45,45,1.0,10,17,0,0,1.0
10.741860769464234,106.73790365482628,45,45,1.0,10,17,0,0,1.0
10.752408891679814,106.7022703818112,33,33,1.0,10,17,0,0,1.0
10.786216596454729,106.71836665482697,40,40,1.0,10,17,0,0,1.0
10.78948793356203,106.7151883818118,36,36,1.0,10,17,0,0,1.0
10.80223925742187,106.6478722259914,26,40,1.0,10,17,0,0,0.65
10.813928881466124,106.66511432455972,21,34,1.0,10,17,0,0,0.6176
10.755608615763382,106.67347943578082,15,27,0.998951,10,17,0,0,0.5556
10.782680856341084,106.70051548181168,19,29,1.0,10,17,0,0,0.6552
10.754895139302109,106.67839188181134,22,33,1.0,10,17,0,0,0.6667
10.785070445194592,106.68331340921324,14,27,1.0,10,17,0,0,0.5185
10.7549373008113,106.67848844133415,22,32,1.0,10,18,0,0,0.6875
10.77898143649726,106.67684447140958,22,34,1.0,10,18,0,0,0.6471
10.7671128283867,106.6927618222887,20,20,1.0,10,18,0,0,1.0
10.77847212665258,106.69389510879644,26,41,1.0,10,18,0,0,0.6341
10.796057790235078,106.67492629345334,21,34,1.0,10,18,0,0,0.6176
10.8352982156415,106.72935479345392,32,43,0.991673,10,18,0,0,0.7442
10.777562007197462,106.7041335430398,18,30,1.0,10,18,0,0,0.6
10.83886351241477,106.67566625482782,27,35,0.99845,10,18,0,0,0.7714
10.765187049751797,106.67550552599072,27,36,1.0,10,18,0,0,0.75
10.75948437198232,106.6840537511244,17,27,1.0,10,18,0,0,0.6296
10.865229381280963,106.72366973948476,35,49,1.0,10,18,0,0,0.7143
10.72279213640514,106.72808623948244,26,37,1.0,10,18,0,0,0.7027
10.823400120373712,106.68551227436063,25,31,1.0,10,18,0,0,0.8065
10.756158554057755,106.66631758181126,21,29,1.0,10,18,0,0,0.7241
10.7144382088356,106.73711688366168,27,35,1.0,10,18,0,0,0.7714
10.817236653231737,106.63191539530456,21,35,1.0,10,18,0,0,0.6
10.772727584493625,106.69804225297564,15,24,1.0,10,20,0,0,0.625
10.774028664434528,106.70357076461706,22,28,1.0,10,20,0,0,0.7857
10.752616652291238,106.72509685338922,39,39,1.0,10,20,0,0,1.0
10.745754766198267,106.65326266831876,35,43,1.0,10,20,0,0,0.814
10.94927106740351,106.87196348224562,29,42,1.0,10,20,0,0,0.6905
10.78866360854368,106.695513722289,32,42,1.0,10,20,0,0,0.7619
10.801406421807084,106.7114844087968,32,42,1.0,10,20,0,0,0.7619
10.843150534972033,106.6151343241409,21,35,1.0,10,20,0,0,0.6
10.880537767027526,106.81481342866444,36,52,1.0,10,20,0,0,0.6923
10.740840166521664,106.61899246873142,24,36,1.0,10,20,0,0,0.6667
10.798986343749618,106.7269705664684,45,45,1.0,10,20,0,0,1.0
10.741860769464234,106.73790365482628,45,45,1.0,10,21,0,0,1.0
10.752408891679814,106.7022703818112,33,33,1.0,10,21,0,0,1.0
10.786216596454729,106.71836665482697,40,40,1.0,10,21,0,0,1.0
10.78948793356203,106.7151883818118,36,36,1.0,10,21,0,0,1.0
10.80223925742187,106.6478722259914,27,41,1.0,10,21,0,0,0.6585
10.813928881466124,106.66511432455972,21,33,1.0,10,21,0,0,0.6364
10.755608615763382,106.67347943578082,18,27,1.0,10,21,0,0,0.6667
10.782680856341084,106.70051548181168,19,30,1.0,10,21,0,0,0.6333
10.754895139302109,106.67839188181134,22,33,1.0,10,21,0,0,0.6667
10.785070445194592,106.68331340921324,14,28,1.0,10,21,0,0,0.5
10.7549373008113,106.67848844133415,22,33,1.0,10,21,0,0,0.6667
10.77898143649726,106.67684447140958,22,34,1.0,10,21,0,0,0.6471
10.7671128283867,106.6927618222887,20,20,1.0,10,21,0,0,1.0
10.77847212665258,106.69389510879644,26,41,1.0,10,21,0,0,0.6341
10.796057790235078,106.67492629345334,21,33,1.0,10,21,0,0,0.6364
10.8352982156415,106.72935479345392,33,42,0.995821,10,22,0,0,0.7857
10.777562007197462,106.7041335430398,19,30,1.0,10,22,0,0,0.6333
10.83886351241477,106.67566625482782,26,35,0.998439,10,22,0,0,0.7429
10.765187049751797,106.67550552599072,36,36,1.0,10,22,0,0,1.0
10.75948437198232,106.6840537511244,18,28,1.0,10,22,0,0,0.6429
10.865229381280963,106.72366973948476,34,49,1.0,10,22,0,0,0.6939
10.72279213640514,106.72808623948244,25,37,0.998603,10,22,0,0,0.6757
10.823400120373712,106.68551227436063,25,32,1.0,10,22,0,0,0.7812
10.756158554057755,106.66631758181126,19,30,1.0,10,22,0,0,0.6333
10.7144382088356,106.73711688366168,27,35,1.0,10,22,0,0,0.7714
10.817236653231737,106.63191539530456,21,35,1.0,10,22,0,0,0.6
10.772727584493625,106.69804225297564,16,24,1.0,10,24,0,0,0.6667
10.774028664434528,106.70357076461706,29,29,1.0,10,24,0,0,1.0
10.752616652291238,106.72509685338922,39,39,1.0,10,24,0,0,1.0
10.745754766198267,106.65326266831876,34,43,1.0,10,24,0,0,0.7907
10.94927106740351,106.87196348224562,25,42,1.0,10,24,0,0,0.5952
10.78866360854368,106.695513722289,33,42,1.0,10,24,0,0,0.7857
10.801406421807084,106.7114844087968,33,42,1.0,10,24,0,0,0.7857
10.843150534972033,106.6151343241409,21,35,1.0,10,24,0,0,0.6
10.880537767027526,106.81481342866444,39,53,1.0,10,24,0,0,0.7358
10.740840166521664,106.61899246873142,25,36,1.0,10,24,0,0,0.6944
10.798986343749618,106.7269705664684,45,45,1.0,10,24,0,0,1.0
10.741860769464234,106.73790365482628,45,45,1.0,10,24,0,0,1.0
10.752408891679814,106.7022703818112,27,33,1.0,10,24,0,0,0.8182
10.786216596454729,106.71836665482697,40,40,1.0,10,24,0,0,1.0
10.78948793356203,106.7151883818118,36,36,1.0,10,24,0,0,1.0
10.80223925742187,106.6478722259914,28,40,1.0,10,24,0,0,0.7
10.813928881466124,106.66511432455972,21,33,1.0,10,24,0,0,0.6364
10.755608615763382,106.67347943578082,17,28,0.998947,10,24,0,0,0.6071
10.782680856341084,106.70051548181168,19,30,1.0,10,24,0,0,0.6333
10.754895139302109,106.67839188181134,21,32,1.0,10,24,0,0,0.6562
10.785070445194592,106.68331340921324,14,28,1.0,10,24,0,0,0.5
10.7549373008113,106.67848844133415,21,32,1.0,10,24,0,0,0.6562
10.77898143649726,106.67684447140958,22,34,1.0,10,24,0,0,0.6471
10.7671128283867,106.6927618222887,20,20,1.0,10,24,0,0,1.0
10.77847212665258,106.69389510879644,27,41,1.0,10,24,0,0,0.6585
10.796057790235078,106.67492629345334,21,33,1.0,10,25,0,0,0.6364
10.8352982156415,106.72935479345392,31,42,0.994228,10,25,0,0,0.7381
10.777562007197462,106.7041335430398,20,30,1.0,10,25,0,0,0.6667
10.83886351241477,106.67566625482782,27,36,0.998439,10,25,0,0,0.75
10.765187049751797,106.67550552599072,27,35,1.0,10,25,0,0,0.7714
10.75948437198232,106.6840537511244,17,28,0.998935,10,25,0,0,0.6071
10.865229381280963,106.72366973948476,35,49,1.0,10,25,0,0,0.7143
10.72279213640514,106.72808623948244,26,37,0.996876,10,25,0,0,0.7027
10.823400120373712,106.68551227436063,25,31,1.0,10,25,0,0,0.8065
10.756158554057755,106.66631758181126,19,29,1.0,10,25,0,0,0.6552
10.7144382088356,106.73711688366168,26,35,1.0,10,25,0,0,0.7429
10.817236653231737,106.63191539530456,22,35,1.0,10,25,0,0,0.6286
10.772727584493625,106.69804225297564,14,25,1.0,10,27,0,0,0.56
10.774028664434528,106.70357076461706,22,28,1.0,10,27,0,0,0.7857
10.752616652291238,106.72509685338922,39,39,1.0,10,27,0,0,1.0
10.745754766198267,106.65326266831876,35,42,1.0,10,27,0,0,0.8333
10.94927106740351,106.87196348224562,26,42,1.0,10,27,0,0,0.619
10.78866360854368,106.695513722289,34,42,1.0,10,27,0,0,0.8095
10.801406421807084,106.7114844087968,34,42,1.0,10,27,0,0,0.8095
10.843150534972033,106.6151343241409,22,35,1.0,10,27,0,0,0.6286
10.880537767027526,106.81481342866444,37,53,1.0,10,27,0,0,0.6981
10.740840166521664,106.61899246873142,25,35,1.0,10,27,0,0,0.7143
10.798986343749618,106.7269705664684,45,45,1.0,10,27,0,0,1.0
10.741860769464234,106.73790365482628,45,45,1.0,10,27,0,0,1.0
10.752408891679814,106.7022703818112,26,34,1.0,10,27,0,0,0.7647
10.786216596454729,106.71836665482697,40,40,1.0,10,28,0,0,1.0
10.78948793356203,106.7151883818118,36,36,1.0,10,28,0,0,1.0
10.80223925742187,106.6478722259914,27,41,1.0,10,28,0,0,0.6585
10.813928881466124,106.66511432455972,21,34,1.0,10,28,0,0,0.6176
10.755608615763382,106.67347943578082,17,27,0.998943,10,28,0,0,0.6296
10.782680856341084,106.70051548181168,18,30,1.0,10,28,0,0,0.6
10.754895139302109,106.67839188181134,23,32,1.0,10,28,0,0,0.7188
10.785070445194592,106.68331340921324,16,28,1.0,10,28,0,0,0.5714
10.7549373008113,106.67848844133415,23,32,1.0,10,28,0,0,0.7188
10.77898143649726,106.67684447140958,22,34,1.0,10,28,0,0,0.6471
10.7671128283867,106.6927618222887,20,20,1.0,10,28,0,0,1.0
10.77847212665258,106.69389510879644,27,42,1.0,10,28,0,0,0.6429
10.796057790235078,106.67492629345334,21,34,1.0,10,28,0,0,0.6176
10.8352982156415,106.72935479345392,32,43,0.993801,10,28,0,0,0.7442
10.777562007197462,106.7041335430398,18,30,1.0,10,28,0,0,0.6
10.83886351241477,106.67566625482782,36,36,1.0,10,28,0,0,1.0
10.765187049751797,106.67550552599072,23,36,1.0,10,28,0,0,0.6389
10.75948437198232,106.6840537511244,18,27,0.998932,10,28,0,0,0.6667
10.865229381280963,106.72366973948476,35,49,1.0,10,28,0,0,0.7143
10.72279213640514,106.72808623948244,26,37,0.996876,10,29,0,0,0.7027
10.823400120373712,106.68551227436063,24,31,1.0,10,29,0,0,0.7742
10.756158554057755,106.66631758181126,21,28,1.0,10,29,0,0,0.75
10.7144382088356,106.73711688366168,27,35,1.0,10,29,0,0,0.7714
10.817236653231737,106.63191539530456,20,35,1.0,10,29,0,0,0.5714
10.772727584493625,106.69804225297564,16,24,0.99728,10,31,0,0,0.6667
10.774028664434528,106.70357076461706,29,29,1.0,10,31,0,0,1.0
10.752616652291238,106.72509685338922,39,39,1.0,10,31,0,0,1.0
10.745754766198267,106.65326266831876,35,43,1.0,10,31,0,0,0.814
10.94927106740351,106.87196348224562,29,41,1.0,10,31,0,0,0.7073
10.78866360854368,106.695513722289,33,41,1.0,10,31,0,0,0.8049
10.801406421807084,106.7114844087968,33,41,1.0,10,31,0,0,0.8049
10.843150534972033,106.6151343241409,21,35,1.0,10,31,0,0,0.6
10.880537767027526,106.81481342866444,40,53,1.0,10,31,0,0,0.7547
10.740840166521664,106.61899246873142,27,35,1.0,10,31,0,0,0.7714
10.798986343749618,106.7269705664684,45,45,1.0,10,31,0,0,1.0
10.741860769464234,106.73790365482628,45,45,1.0,10,31,0,0,1.0
10.752408891679814,106.7022703818112,25,33,1.0,10,31,0,0,0.7576
10.786216596454729,106.71836665482697,40,40,1.0,10,32,0,0,1.0
10.78948793356203,106.7151883818118,36,36,1.0,10,32,0,0,1.0
10.80223925742187,106.6478722259914,30,41,1.0,10,32,0,0,0.7317
10.813928881466124,106.66511432455972,22,34,1.0,10,32,0,0,0.6471
10.755608615763382,106.67347943578082,20,28,0.998947,10,32,0,0,0.7143
10.782680856341084,106.70051548181168,18,30,1.0,10,32,0,0,0.6
10.754895139302109,106.67839188181134,21,33,1.0,10,32,0,0,0.6364
10.785070445194592,106.68331340921324,14,29,1.0,10,32,0,0,0.4828
10.7549373008113,106.67848844133415,21,33,1.0,10,32,0,0,0.6364
10.77898143649726,106.67684447140958,21,34,1.0,10,32,0,0,0.6176
10.7671128283867,106.6927618222887,15,19,0.99,10,33,0,0,0.7895
10.77847212665258,106.69389510879644,26,42,1.0,10,33,0,0,0.619
10.796057790235078,106.67492629345334,22,34,1.0,10,33,0,0,0.6471
10.8352982156415,106.72935479345392,32,42,0.995187,10,33,0,0,0.7619
10.777562007197462,106.7041335430398,19,30,1.0,10,33,0,0,0.6333
10.83886351241477,106.67566625482782,27,35,1.0,10,33,0,0,0.7714
10.765187049751797,106.67550552599072,17,35,1.0,10,33,0,0,0.4857
10.75948437198232,106.6840537511244,17,27,0.998943,10,33,0,0,0.6296
10.865229381280963,106.72366973948476,34,49,1.0,10,33,0,0,0.6939
10.72279213640514,106.72808623948244,26,37,0.996621,10,33,0,0,0.7027
10.823400120373712,106.68551227436063,20,32,1.0,10,33,0,0,0.625
10.756158554057755,106.66631758181126,22,29,1.0,10,33,0,0,0.7586
10.7144382088356,106.73711688366168,27,35,1.0,10,33,0,0,0.7714
10.817236653231737,106.63191539530456,22,35,1.0,10,33,0,0,0.6286
10.772727584493625,106.69804225297564,16,25,0.99728,10,35,0,0,0.64
10.774028664434528,106.70357076461706,29,29,1.0,10,35,0,0,1.0
10.752616652291238,106.72509685338922,39,39,1.0,10,35,0,0,1.0
10.745754766198267,106.65326266831876,35,43,1.0,10,35,0,0,0.814
10.94927106740351,106.87196348224562,32,41,1.0,10,35,0,0,0.7805
10.78866360854368,106.695513722289,32,42,1.0,10,35,0,0,0.7619
10.801406421807084,106.7114844087968,32,42,1.0,10,35,0,0,0.7619
10.843150534972033,106.6151343241409,23,35,1.0,10,35,0,0,0.6571
10.880537767027526,106.81481342866444,40,53,1.0,10,35,0,0,0.7547
10.740840166521664,106.61899246873142,24,35,1.0,10,35,0,0,0.6857
10.798986343749618,106.7269705664684,45,45,1.0,10,35,0,0,1.0
10.741860769464234,106.73790365482628,45,45,1.0,10,36,0,0,1.0
10.752408891679814,106.7022703818112,27,34,1.0,10,36,0,0,0.7941
10.786216596454729,106.71836665482697,40,40,1.0,10,36,0,0,1.0
10.78948793356203,106.7151883818118,36,36,1.0,10,36,0,0,1.0
10.80223925742187,106.6478722259914,30,41,1.0,10,36,0,0,0.7317
10.813928881466124,106.66511432455972,22,34,1.0,10,36,0,0,0.6471
10.755608615763382,106.67347943578082,15,27,1.0,10,36,0,0,0.5556
10.782680856341084,106.70051548181168,19,30,1.0,10,36,0,0,0.6333
10.754895139302109,106.67839188181134,24,33,1.0,10,36,0,0,0.7273
10.785070445194592,106.68331340921324,15,27,1.0,10,36,0,0,0.5556
10.7549373008113,106.67848844133415,24,33,1.0,10,36,0,0,0.7273
10.77898143649726,106.67684447140958,23,35,1.0,10,36,0,0,0.6571
10.7671128283867,106.6927618222887,20,20,1.0,10,36,0,0,1.0
10.77847212665258,106.69389510879644,26,42,1.0,10,36,0,0,0.619
10.796057790235078,106.67492629345334,21,34,0.998954,10,36,0,0,0.6176
10.8352982156415,106.72935479345392,34,42,0.996215,10,36,0,0,0.8095
10.777562007197462,106.7041335430398,19,30,1.0,10,36,0,0,0.6333
10.83886351241477,106.67566625482782,29,36,0.997406,10,36,0,0,0.8056
10.765187049751797,106.67550552599072,26,36,1.0,10,36,0,0,0.7222
10.75948437198232,106.6840537511244,16,27,1.0,10,36,0,0,0.5926
10.865229381280963,106.72366973948476,35,49,1.0,10,36,0,0,0.7143
10.72279213640514,106.72808623948244,28,37,0.998475,10,36,0,0,0.7568
10.823400120373712,106.68551227436063,23,32,1.0,10,37,0,0,0.7188
10.756158554057755,106.66631758181126,22,29,1.0,10,37,0,0,0.7586
10.7144382088356,106.73711688366168,26,35,1.0,10,37,0,0,0.7429
10.817236653231737,106.63191539530456,22,34,1.0,10,37,0,0,0.6471
10.772727584493625,106.69804225297564,16,24,0.995156,10,39,0,0,0.6667
10.774028664434528,106.70357076461706,21,28,1.0,10,39,0,0,0.75
10.752616652291238,106.72509685338922,39,39,1.0,10,39,0,0,1.0
10.745754766198267,106.65326266831876,35,43,1.0,10,39,0,0,0.814
10.94927106740351,106.87196348224562,29,42,1.0,10,39,0,0,0.6905
10.78866360854368,106.695513722289,32,42,1.0,10,39,0,0,0.7619
10.801406421807084,106.7114844087968,32,42,1.0,10,39,0,0,0.7619
10.843150534972033,106.6151343241409,23,35,1.0,10,39,0,0,0.6571
10.880537767027526,106.81481342866444,39,53,1.0,10,39,0,0,0.7358
10.740840166521664,106.61899246873142,26,36,1.0,10,39,0,0,0.7222
10.798986343749618,106.7269705664684,45,45,1.0,10,39,0,0,1.0
10.741860769464234,106.73790365482628,45,45,1.0,10,39,0,0,1.0
10.752408891679814,106.7022703818112,27,34,1.0,10,39,0,0,0.7941
10.786216596454729,106.71836665482697,40,40,1.0,10,39,0,0,1.0
10.78948793356203,106.7151883818118,36,36,1.0,10,39,0,0,1.0
10.80223925742187,106.6478722259914,28,40,1.0,10,39,0,0,0.7
10.813928881466124,106.66511432455972,22,34,1.0,10,39,0,0,0.6471
10.755608615763382,106.67347943578082,19,27,0.998947,10,39,0,0,0.7037
10.782680856341084,106.70051548181168,19,30,1.0,10,39,0,0,0.6333
10.754895139302109,106.67839188181134,23,32,1.0,10,39,0,0,0.7188
10.785070445194592,106.68331340921324,14,27,1.0,10,39,0,0,0.5185
10.7549373008113,106.67848844133415,23,32,1.0,10,39,0,0,0.7188
10.77898143649726,106.67684447140958,22,34,1.0,10,39,0,0,0.6471
10.7671128283867,106.6927618222887,13,20,1.0,10,39,0,0,0.65
10.77847212665258,106.69389510879644,26,41,1.0,10,39,0,0,0.6341
10.796057790235078,106.67492629345334,22,34,1.0,10,40,0,0,0.6471
10.8352982156415,106.72935479345392,32,42,0.9962,10,40,0,0,0.7619
10.777562007197462,106.7041335430398,19,30,1.0,10,40,0,0,0.6333
10.83886351241477,106.67566625482782,27,36,0.998432,10,40,0,0,0.75
10.765187049751797,106.67550552599072,21,36,1.0,10,40,0,0,0.5833
10.75948437198232,106.6840537511244,18,27,0.998951,10,40,0,0,0.6667
10.865229381280963,106.72366973948476,34,49,1.0,10,40,0,0,0.6939
10.72279213640514,106.72808623948244,27,37,0.997961,10,40,0,0,0.7297
10.823400120373712,106.68551227436063,25,31,1.0,10,40,0,0,0.8065
10.756158554057755,106.66631758181126,17,29,1.0,10,40,0,0,0.5862
10.7144382088356,106.73711688366168,28,35,1.0,10,40,0,0,0.8
10.817236653231737,106.63191539530456,23,35,1.0,10,40,0,0,0.6571
10.772727584493625,106.69804225297564,15,24,0.997155,10,42,0,0,0.625
10.774028664434528,106.70357076461706,29,29,1.0,10,42,0,0,1.0
10.752616652291238,106.72509685338922,39,39,1.0,10,42,0,0,1.0
10.745754766198267,106.65326266831876,36,43,1.0,10,42,0,0,0.8372
10.94927106740351,106.87196348224562,31,40,1.0,10,42,0,0,0.775
10.78866360854368,106.695513722289,33,41,1.0,10,42,0,0,0.8049
10.801406421807084,106.7114844087968,33,41,1.0,10,42,0,0,0.8049
10.843150534972033,106.6151343241409,23,35,1.0,10,42,0,0,0.6571
10.880537767027526,106.81481342866444,40,53,1.0,10,42,0,0,0.7547
10.740840166521664,106.61899246873142,24,35,1.0,10,42,0,0,0.6857
10.798986343749618,106.7269705664684,45,45,1.0,10,43,0,0,1.0
10.741860769464234,106.73790365482628,45,45,1.0,10,43,0,0,1.0
10.752408891679814,106.7022703818112,27,34,1.0,10,43,0,0,0.7941
10.786216596454729,106.71836665482697,40,40,1.0,10,43,0,0,1.0
10.78948793356203,106.7151883818118,36,36,1.0,10,43,0,0,1.0
10.80223925742187,106.6478722259914,28,41,1.0,10,43,0,0,0.6829
10.813928881466124,106.66511432455972,20,34,0.998673,10,43,0,0,0.5882
10.755608615763382,106.67347943578082,21,28,1.0,10,43,0,0,0.75
10.782680856341084,106.70051548181168,20,30,1.0,10,43,0,0,0.6667
10.754895139302109,106.67839188181134,21,32,1.0,10,43,0,0,0.6562
10.785070445194592,106.68331340921324,12,28,1.0,10,43,0,0,0.4286
10.7549373008113,106.67848844133415,21,32,1.0,10,43,0,0,0.6562
10.77898143649726,106.67684447140958,24,34,1.0,10,43,0,0,0.7059
10.7671128283867,106.6927618222887,20,20,1.0,10,43,0,0,1.0
10.77847212665258,106.69389510879644,26,41,1.0,10,43,0,0,0.6341
10.796057790235078,106.67492629345334,20,34,0.998673,10,43,0,0,0.5882
10.8352982156415,106.72935479345392,33,42,0.997829,10,43,0,0,0.7857
10.777562007197462,106.7041335430398,20,30,1.0,10,43,0,0,0.6667
10.83886351241477,106.67566625482782,27,36,0.998079,10,43,0,0,0.75
10.765187049751797,106.67550552599072,22,35,1.0,10,43,0,0,0.6286
10.75948437198232,106.6840537511244,21,27,1.0,10,43,0,0,0.7778
10.865229381280963,106.72366973948476,35,49,1.0,10,44,0,0,0.7143
10.72279213640514,106.72808623948244,27,37,0.997578,10,44,0,0,0.7297
10.823400120373712,106.68551227436063,24,31,1.0,10,44,0,0,0.7742
10.756158554057755,106.66631758181126,21,30,1.0,10,44,0,0,0.7
10.7144382088356,106.73711688366168,27,35,1.0,10,44,0,0,0.7714
10.817236653231737,106.63191539530456,22,35,1.0,10,44,0,0,0.6286
10.772727584493625,106.69804225297564,16,24,0.997155,10,46,0,0,0.6667
10.774028664434528,106.70357076461706,19,28,1.0,10,46,0,0,0.6786
10.752616652291238,106.72509685338922,39,39,1.0,10,46,0,0,1.0
10.745754766198267,106.65326266831876,36,42,1.0,10,46,0,0,0.8571
10.94927106740351,106.87196348224562,42,42,1.0,10,46,0,0,1.0
10.78866360854368,106.695513722289,33,42,1.0,10,46,0,0,0.7857
10.801406421807084,106.7114844087968,33,42,1.0,10,46,0,0,0.7857
10.843150534972033,106.6151343241409,21,34,1.0,10,46,0,0,0.6176
10.880537767027526,106.81481342866444,38,53,1.0,10,46,0,0,0.717
10.740840166521664,106.61899246873142,23,35,1.0,10,46,0,0,0.6571
10.798986343749618,106.7269705664684,45,45,1.0,10,46,0,0,1.0
10.741860769464234,106.73790365482628,45,45,1.0,10,46,0,0,1.0
10.752408891679814,106.7022703818112,26,33,1.0,10,46,0,0,0.7879
10.786216596454729,106.71836665482697,40,40,1.0,10,46,0,0,1.0
10.78948793356203,106.7151883818118,36,36,1.0,10,46,0,0,1.0
10.80223925742187,106.6478722259914,29,41,1.0,10,46,0,0,0.7073
10.813928881466124,106.66511432455972,20,33,0.999427,10,46,0,0,0.6061
10.755608615763382,106.67347943578082,19,28,1.0,10,46,0,0,0.6786
10.782680856341084,106.70051548181168,20,30,1.0,10,46,0,0,0.6667
10.754895139302109,106.67839188181134,21,32,1.0,10,46,0,0,0.6562
10.785070445194592,106.68331340921324,12,28,1.0,10,46,0,0,0.4286
10.7549373008113,106.67848844133415,21,32,1.0,10,46,0,0,0.6562
10.77898143649726,106.67684447140958,23,34,1.0,10,46,0,0,0.6765
10.7671128283867,106.6927618222887,20,20,1.0,10,46,0,0,1.0
10.77847212665258,106.69389510879644,26,41,1.0,10,46,0,0,0.6341
10.796057790235078,106.67492629345334,20,33,0.999427,10,46,0,0,0.6061
10.8352982156415,106.72935479345392,33,42,0.997478,10,46,0,0,0.7857
10.777562007197462,106.7041335430398,20,30,1.0,10,46,0,0,0.6667
10.83886351241477,106.67566625482782,27,36,0.998443,10,46,0,0,0.75
10.765187049751797,106.67550552599072,18,36,1.0,10,46,0,0,0.5
10.75948437198232,106.6840537511244,17,27,1.0,10,46,0,0,0.6296
10.865229381280963,106.72366973948476,34,49,1.0,10,47,0,0,0.6939
10.72279213640514,106.72808623948244,29,37,0.9983,10,47,0,0,0.7838
10.823400120373712,106.68551227436063,24,32,1.0,10,47,0,0,0.75
10.756158554057755,106.66631758181126,18,29,1.0,10,47,0,0,0.6207
10.7144382088356,106.73711688366168,27,35,1.0,10,47,0,0,0.7714
10.817236653231737,106.63191539530456,22,35,1.0,10,47,0,0,0.6286
10.772727584493625,106.69804225297564,17,25,0.99728,10,49,0,0,0.68
10.774028664434528,106.70357076461706,29,29,1.0,10,49,0,0,1.0
10.752616652291238,106.72509685338922,39,39,1.0,10,49,0,0,1.0
10.745754766198267,106.65326266831876,36,42,1.0,10,49,0,0,0.8571
10.94927106740351,106.87196348224562,28,41,1.0,10,49,0,0,0.6829
10.78866360854368,106.695513722289,32,41,1.0,10,49,0,0,0.7805
10.801406421807084,106.7114844087968,32,41,1.0,10,49,0,0,0.7805
10.843150534972033,106.6151343241409,22,35,1.0,10,50,0,0,0.6286
10.880537767027526,106.81481342866444,40,53,1.0,10,50,0,0,0.7547
10.740840166521664,106.61899246873142,24,35,1.0,10,50,0,0,0.6857
10.798986343749618,106.7269705664684,45,45,1.0,10,50,0,0,1.0
10.741860769464234,106.73790365482628,45,45,1.0,10,50,0,0,1.0
10.752408891679814,106.7022703818112,25,33,1.0,10,50,0,0,0.7576
10.786216596454729,106.71836665482697,40,40,1.0,10,50,0,0,1.0
10.78948793356203,106.7151883818118,36,36,1.0,10,50,0,0,1.0
10.80223925742187,106.6478722259914,30,41,1.0,10,50,0,0,0.7317
10.813928881466124,106.66511432455972,21,33,1.0,10,50,0,0,0.6364
10.755608615763382,106.67347943578082,17,27,0.997478,10,50,0,0,0.6296
10.782680856341084,106.70051548181168,19,30,1.0,10,50,0,0,0.6333
10.754895139302109,106.67839188181134,21,33,1.0,10,50,0,0,0.6364
10.785070445194592,106.68331340921324,12,28,1.0,10,50,0,0,0.4286
10.7549373008113,106.67848844133415,21,33,1.0,10,50,0,0,0.6364
10.77898143649726,106.67684447140958,22,34,1.0,10,50,0,0,0.6471
10.7671128283867,106.6927618222887,10,19,1.0,10,50,0,0,0.5263
10.77847212665258,106.69389510879644,27,42,1.0,10,50,0,0,0.6429
10.796057790235078,106.67492629345334,20,34,1.0,10,50,0,0,0.5882
10.8352982156415,106.72935479345392,36,42,0.99838,10,51,0,0,0.8571
10.777562007197462,106.7041335430398,19,29,1.0,10,51,0,0,0.6552
10.83886351241477,106.67566625482782,28,36,0.997424,10,51,0,0,0.7778
10.765187049751797,106.67550552599072,20,35,1.0,10,51,0,0,0.5714
10.75948437198232,106.6840537511244,17,28,0.996173,10,51,0,0,0.6071
10.865229381280963,106.72366973948476,35,49,1.0,10,51,0,0,0.7143
10.72279213640514,106.72808623948244,28,37,1.0,10,51,0,0,0.7568
10.823400120373712,106.68551227436063,23,32,1.0,10,51,0,0,0.7188
10.756158554057755,106.66631758181126,20,30,1.0,10,51,0,0,0.6667
10.7144382088356,106.73711688366168,26,35,1.0,10,51,0,0,0.7429
10.817236653231737,106.63191539530456,23,34,1.0,10,51,0,0,0.6765
10.772727584493625,106.69804225297564,16,24,0.99864,10,53,0,0,0.6667
10.774028664434528,106.70357076461706,29,29,1.0,10,54,0,0,1.0
10.752616652291238,106.72509685338922,39,39,1.0,10,54,0,0,1.0
10.745754766198267,106.65326266831876,34,42,1.0,10,54,0,0,0.8095
10.94927106740351,106.87196348224562,28,42,1.0,10,54,0,0,0.6667
10.78866360854368,106.695513722289,33,42,1.0,10,54,0,0,0.7857
10.801406421807084,106.7114844087968,33,42,1.0,10,54,0,0,0.7857
10.843150534972033,106.6151343241409,23,35,1.0,10,54,0,0,0.6571
10.880537767027526,106.81481342866444,39,52,1.0,10,54,0,0,0.75
10.740840166521664,106.61899246873142,23,35,1.0,10,54,0,0,0.6571
10.798986343749618,106.7269705664684,45,45,1.0,10,54,0,0,1.0
10.741860769464234,106.73790365482628,45,45,1.0,10,54,0,0,1.0
10.752408891679814,106.7022703818112,24,33,1.0,10,54,0,0,0.7273
10.786216596454729,106.71836665482697,40,40,1.0,10,54,0,0,1.0
10.78948793356203,106.7151883818118,28,36,1.0,10,54,0,0,0.7778
10.80223925742187,106.6478722259914,27,41,1.0,10,54,0,0,0.6585
10.813928881466124,106.66511432455972,21,34,1.0,10,55,0,0,0.6176
10.755608615763382,106.67347943578082,17,28,1.0,10,55,0,0,0.6071
10.782680856341084,106.70051548181168,17,30,1.0,10,55,0,0,0.5667
10.754895139302109,106.67839188181134,21,32,1.0,10,55,0,0,0.6562
10.785070445194592,106.68331340921324,14,28,1.0,10,55,0,0,0.5
10.7549373008113,106.67848844133415,21,32,1.0,10,55,0,0,0.6562
10.77898143649726,106.67684447140958,23,34,1.0,10,55,0,0,0.6765
10.7671128283867,106.6927618222887,20,20,1.0,10,55,0,0,1.0
10.77847212665258,106.69389510879644,27,41,1.0,10,55,0,0,0.6585
10.796057790235078,106.67492629345334,21,34,1.0,10,55,0,0,0.6176
10.8352982156415,106.72935479345392,33,42,0.998378,10,55,0,0,0.7857
10.777562007197462,106.7041335430398,17,30,1.0,10,55,0,0,0.5667
10.83886351241477,106.67566625482782,27,36,1.0,10,55,0,0,0.75
10.765187049751797,106.67550552599072,22,35,1.0,10,55,0,0,0.6286
10.75948437198232,106.6840537511244,16,27,1.0,10,55,0,0,0.5926
10.865229381280963,106.72366973948476,35,49,1.0,10,55,0,0,0.7143
10.72279213640514,106.72808623948244,28,36,1.0,10,55,0,0,0.7778
10.823400120373712,106.68551227436063,24,32,1.0,10,55,0,0,0.75
10.756158554057755,106.66631758181126,20,29,1.0,10,55,0,0,0.6897
10.7144382088356,106.73711688366168,28,35,1.0,10,55,0,0,0.8
10.817236653231737,106.63191539530456,22,34,1.0,10,55,0,0,0.6471
10.772727584493625,106.69804225297564,15,24,1.0,10,57,0,0,0.625
10.774028664434528,106.70357076461706,29,29,1.0,10,57,0,0,1.0
10.752616652291238,106.72509685338922,38,42,1.0,10,57,0,0,0.9048
10.745754766198267,106.65326266831876,36,42,1.0,10,57,0,0,0.8571
10.94927106740351,106.87196348224562,27,41,1.0,10,57,0,0,0.6585
10.78866360854368,106.695513722289,34,41,1.0,10,57,0,0,0.8293
10.801406421807084,106.7114844087968,34,41,1.0,10,57,0,0,0.8293
10.843150534972033,106.6151343241409,21,35,1.0,10,58,0,0,0.6
10.880537767027526,106.81481342866444,39,53,1.0,10,58,0,0,0.7358
10.740840166521664,106.61899246873142,24,35,1.0,10,58,0,0,0.6857
10.798986343749618,106.7269705664684,45,45,1.0,10,58,0,0,1.0
10.741860769464234,106.73790365482628,45,45,1.0,10,58,0,0,1.0
10.752408891679814,106.7022703818112,25,34,1.0,10,58,0,0,0.7353
10.786216596454729,106.71836665482697,40,40,1.0,10,58,0,0,1.0
10.78948793356203,106.7151883818118,36,36,1.0,10,58,0,0,1.0
10.80223925742187,106.6478722259914,30,41,1.0,10,58,0,0,0.7317
10.813928881466124,106.66511432455972,21,34,1.0,10,58,0,0,0.6176
10.755608615763382,106.67347943578082,15,28,1.0,10,58,0,0,0.5357
10.782680856341084,106.70051548181168,18,30,1.0,10,58,0,0,0.6
10.754895139302109,106.67839188181134,21,32,1.0,10,58,0,0,0.6562
10.785070445194592,106.68331340921324,12,27,1.0,10,58,0,0,0.4444
10.7549373008113,106.67848844133415,21,32,1.0,10,58,0,0,0.6562
10.77898143649726,106.67684447140958,23,34,1.0,10,58,0,0,0.6765
10.7671128283867,106.6927618222887,12,19,1.0,10,58,0,0,0.6316
10.77847212665258,106.69389510879644,27,41,1.0,10,58,0,0,0.6585
10.796057790235078,106.67492629345334,22,34,1.0,10,58,0,0,0.6471
10.8352982156415,106.72935479345392,34,42,0.998528,10,58,0,0,0.8095
10.777562007197462,106.7041335430398,18,30,1.0,10,59,0,0,0.6
10.83886351241477,106.67566625482782,28,36,1.0,10,59,0,0,0.7778
10.765187049751797,106.67550552599072,24,36,1.0,10,59,0,0,0.6667
10.75948437198232,106.6840537511244,13,26,1.0,10,59,0,0,0.5
10.865229381280963,106.72366973948476,36,49,1.0,10,59,0,0,0.7347
10.72279213640514,106.72808623948244,27,37,0.996519,10,59,0,0,0.7297
10.823400120373712,106.68551227436063,24,31,1.0,10,59,0,0,0.7742
10.756158554057755,106.66631758181126,19,29,1.0,10,59,0,0,0.6552
10.7144382088356,106.73711688366168,28,35,1.0,10,59,0,0,0.8
10.817236653231737,106.63191539530456,22,35,1.0,10,59,0,0,0.6286
10.772727584493625,106.69804225297564,15,23,1.0,11,1,0,0,0.6522
10.774028664434528,106.70357076461706,22,28,1.0,11,1,0,0,0.7857
10.752616652291238,106.72509685338922,28,39,1.0,11,1,0,0,0.7179
10.745754766198267,106.65326266831876,35,43,1.0,11,1,0,0,0.814
10.94927106740351,106.87196348224562,28,41,1.0,11,1,0,0,0.6829
10.78866360854368,106.695513722289,33,41,1.0,11,1,0,0,0.8049
10.801406421807084,106.7114844087968,33,41,1.0,11,1,0,0,0.8049
10.843150534972033,106.6151343241409,22,35,1.0,11,1,0,0,0.6286
10.880537767027526,106.81481342866444,39,54,1.0,11,1,0,0,0.7222
10.740840166521664,106.61899246873142,25,36,1.0,11,1,0,0,0.6944
10.798986343749618,106.7269705664684,45,45,1.0,11,1,0,0,1.0
10.741860769464234,106.73790365482628,45,45,1.0,11,1,0,0,1.0
10.752408891679814,106.7022703818112,26,33,1.0,11,1,0,0,0.7879
10.786216596454729,106.71836665482697,40,40,1.0,11,1,0,0,1.0
10.78948793356203,106.7151883818118,36,36,1.0,11,2,0,0,1.0
10.80223925742187,106.6478722259914,27,41,1.0,11,2,0,0,0.6585
10.813928881466124,106.66511432455972,22,33,1.0,11,2,0,0,0.6667
10.755608615763382,106.67347943578082,16,27,1.0,11,2,0,0,0.5926
10.782680856341084,106.70051548181168,18,30,1.0,11,2,0,0,0.6
10.754895139302109,106.67839188181134,20,33,1.0,11,2,0,0,0.6061
10.785070445194592,106.68331340921324,13,28,1.0,11,2,0,0,0.4643
10.7549373008113,106.67848844133415,20,33,1.0,11,2,0,0,0.6061
10.77898143649726,106.67684447140958,22,34,1.0,11,2,0,0,0.6471
10.7671128283867,106.6927618222887,10,20,1.0,11,2,0,0,0.5
10.77847212665258,106.69389510879644,27,41,1.0,11,2,0,0,0.6585
10.796057790235078,106.67492629345334,22,33,1.0,11,2,0,0,0.6667
10.8352982156415,106.72935479345392,34,42,0.99892,11,2,0,0,0.8095
10.777562007197462,106.7041335430398,18,30,1.0,11,2,0,0,0.6
10.83886351241477,106.67566625482782,27,36,1.0,11,2,0,0,0.75
10.765187049751797,106.67550552599072,24,35,1.0,11,2,0,0,0.6857
10.75948437198232,106.6840537511244,16,28,1.0,11,2,0,0,0.5714
10.865229381280963,106.72366973948476,35,49,1.0,11,2,0,0,0.7143
10.72279213640514,106.72808623948244,27,36,0.995633,11,2,0,0,0.75
10.823400120373712,106.68551227436063,24,32,1.0,11,2,0,0,0.75
10.756158554057755,106.66631758181126,18,29,1.0,11,2,0,0,0.6207
10.7144382088356,106.73711688366168,26,35,1.0,11,2,0,0,0.7429
10.817236653231737,106.63191539530456,22,34,1.0,11,2,0,0,0.6471
10.772727584493625,106.69804225297564,16,24,1.0,11,4,0,0,0.6667
10.774028664434528,106.70357076461706,14,28,1.0,11,4,0,0,0.5
10.752616652291238,106.72509685338922,32,39,1.0,11,4,0,0,0.8205
10.745754766198267,106.65326266831876,36,42,1.0,11,4,0,0,0.8571
10.94927106740351,106.87196348224562,33,41,1.0,11,4,0,0,0.8049
10.78866360854368,106.695513722289,33,42,1.0,11,4,0,0,0.7857
10.801406421807084,106.7114844087968,33,42,1.0,11,5,0,0,0.7857
10.843150534972033,106.6151343241409,21,34,1.0,11,5,0,0,0.6176
10.880537767027526,106.81481342866444,40,53,1.0,11,5,0,0,0.7547
10.740840166521664,106.61899246873142,25,36,1.0,11,5,0,0,0.6944
10.798986343749618,106.7269705664684,45,45,1.0,11,5,0,0,1.0
10.741860769464234,106.73790365482628,45,45,1.0,11,5,0,0,1.0
10.752408891679814,106.7022703818112,26,33,1.0,11,5,0,0,0.7879
10.786216596454729,106.71836665482697,40,40,1.0,11,5,0,0,1.0
10.78948793356203,106.7151883818118,36,36,1.0,11,5,0,0,1.0
10.80223925742187,106.6478722259914,27,41,1.0,11,5,0,0,0.6585
10.813928881466124,106.66511432455972,22,34,0.999713,11,5,0,0,0.6471
10.755608615763382,106.67347943578082,16,28,0.997915,11,5,0,0,0.5714
10.782680856341084,106.70051548181168,17,30,1.0,11,6,0,0,0.5667
10.754895139302109,106.67839188181134,22,33,1.0,11,6,0,0,0.6667
10.785070445194592,106.68331340921324,13,26,1.0,11,6,0,0,0.5
10.7549373008113,106.67848844133415,22,33,1.0,11,6,0,0,0.6667
10.77898143649726,106.67684447140958,23,34,1.0,11,6,0,0,0.6765
10.7671128283867,106.6927618222887,20,20,1.0,11,6,0,0,1.0
10.77847212665258,106.69389510879644,27,41,1.0,11,6,0,0,0.6585
10.796057790235078,106.67492629345334,21,33,1.0,11,6,0,0,0.6364
10.8352982156415,106.72935479345392,34,42,0.999095,11,6,0,0,0.8095
10.777562007197462,106.7041335430398,17,30,1.0,11,6,0,0,0.5667
10.83886351241477,106.67566625482782,27,36,1.0,11,6,0,0,0.75
10.765187049751797,106.67550552599072,23,36,1.0,11,6,0,0,0.6389
10.75948437198232,106.6840537511244,16,28,0.997915,11,6,0,0,0.5714
10.865229381280963,106.72366973948476,36,49,1.0,11,6,0,0,0.7347
10.72279213640514,106.72808623948244,26,37,0.99267,11,6,0,0,0.7027
10.823400120373712,106.68551227436063,22,31,1.0,11,6,0,0,0.7097
10.756158554057755,106.66631758181126,22,30,1.0,11,6,0,0,0.7333
10.7144382088356,106.73711688366168,26,35,1.0,11,6,0,0,0.7429
10.817236653231737,106.63191539530456,21,35,1.0,11,6,0,0,0.6
10.772727584493625,106.69804225297564,12,24,1.0,11,8,0,0,0.5
10.774028664434528,106.70357076461706,22,29,1.0,11,8,0,0,0.7586
10.752616652291238,106.72509685338922,39,39,1.0,11,8,0,0,1.0
10.745754766198267,106.65326266831876,37,43,1.0,11,8,0,0,0.8605
10.94927106740351,106.87196348224562,27,41,1.0,11,8,0,0,0.6585
10.78866360854368,106.695513722289,32,41,1.0,11,9,0,0,0.7805
10.801406421807084,106.7114844087968,32,41,1.0,11,9,0,0,0.7805
10.843150534972033,106.6151343241409,21,35,1.0,11,9,0,0,0.6
10.880537767027526,106.81481342866444,37,53,1.0,11,9,0,0,0.6981
10.740840166521664,106.61899246873142,27,36,1.0,11,9,0,0,0.75
10.798986343749618,106.7269705664684,45,45,1.0,11,9,0,0,1.0
10.741860769464234,106.73790365482628,45,45,1.0,11,9,0,0,1.0
10.752408891679814,106.7022703818112,26,34,1.0,11,9,0,0,0.7647
10.786216596454729,106.71836665482697,40,40,1.0,11,9,0,0,1.0
10.78948793356203,106.7151883818118,36,36,1.0,11,9,0,0,1.0
10.80223925742187,106.6478722259914,27,41,1.0,11,9,0,0,0.6585
10.813928881466124,106.66511432455972,22,34,0.999713,11,9,0,0,0.6471
10.755608615763382,106.67347943578082,16,27,1.0,11,9,0,0,0.5926
10.782680856341084,106.70051548181168,16,29,1.0,11,9,0,0,0.5517
10.754895139302109,106.67839188181134,23,32,1.0,11,9,0,0,0.7188
10.785070445194592,106.68331340921324,16,27,1.0,11,9,0,0,0.5926
10.7549373008113,106.67848844133415,23,32,1.0,11,9,0,0,0.7188
10.77898143649726,106.67684447140958,23,34,1.0,11,9,0,0,0.6765
10.7671128283867,106.6927618222887,20,20,1.0,11,9,0,0,1.0
10.77847212665258,106.69389510879644,28,41,1.0,11,9,0,0,0.6829
10.796057790235078,106.67492629345334,22,34,1.0,11,9,0,0,0.6471
10.8352982156415,106.72935479345392,36,43,0.999098,11,9,0,0,0.8372
10.777562007197462,106.7041335430398,18,29,1.0,11,9,0,0,0.6207
10.83886351241477,106.67566625482782,28,36,1.0,11,9,0,0,0.7778
10.765187049751797,106.67550552599072,21,36,1.0,11,9,0,0,0.5833
10.75948437198232,106.6840537511244,17,28,1.0,11,10,0,0,0.6071
10.865229381280963,106.72366973948476,35,49,1.0,11,10,0,0,0.7143
10.72279213640514,106.72808623948244,27,37,0.997902,11,10,0,0,0.7297
10.823400120373712,106.68551227436063,19,32,1.0,11,10,0,0,0.5938
10.756158554057755,106.66631758181126,20,29,1.0,11,10,0,0,0.6897
10.7144382088356,106.73711688366168,26,36,1.0,11,10,0,0,0.7222
10.817236653231737,106.63191539530456,22,35,1.0,11,10,0,0,0.6286
10.772727584493625,106.69804225297564,15,24,1.0,11,12,0,0,0.625
10.774028664434528,106.70357076461706,29,29,1.0,11,12,0,0,1.0
10.752616652291238,106.72509685338922,39,39,1.0,11,12,0,0,1.0
10.745754766198267,106.65326266831876,34,42,1.0,11,12,0,0,0.8095
10.94927106740351,106.87196348224562,32,42,1.0,11,12,0,0,0.7619
10.78866360854368,106.695513722289,33,42,1.0,11,12,0,0,0.7857
10.801406421807084,106.7114844087968,33,42,1.0,11,12,0,0,0.7857
10.843150534972033,106.6151343241409,22,35,1.0,11,12,0,0,0.6286
10.880537767027526,106.81481342866444,38,54,1.0,11,12,0,0,0.7037
10.740840166521664,106.61899246873142,24,35,1.0,11,12,0,0,0.6857
10.798986343749618,106.7269705664684,45,45,1.0,11,12,0,0,1.0
10.741860769464234,106.73790365482628,45,45,1.0,11,12,0,0,1.0
10.752408891679814,106.7022703818112,24,34,1.0,11,12,0,0,0.7059
10.786216596454729,106.71836665482697,40,40,1.0,11,13,0,0,1.0
10.78948793356203,106.7151883818118,36,36,1.0,11,13,0,0,1.0
10.80223925742187,106.6478722259914,30,41,1.0,11,13,0,0,0.7317
10.813928881466124,106.66511432455972,22,34,1.0,11,13,0,0,0.6471
10.755608615763382,106.67347943578082,18,28,1.0,11,13,0,0,0.6429
10.782680856341084,106.70051548181168,18,30,1.0,11,13,0,0,0.6
10.754895139302109,106.67839188181134,22,32,1.0,11,13,0,0,0.6875
10.785070445194592,106.68331340921324,13,28,1.0,11,13,0,0,0.4643
10.7549373008113,106.67848844133415,22,32,1.0,11,13,0,0,0.6875
10.77898143649726,106.67684447140958,22,34,1.0,11,13,0,0,0.6471
10.7671128283867,106.6927618222887,20,20,1.0,11,13,0,0,1.0
10.77847212665258,106.69389510879644,28,42,1.0,11,13,0,0,0.6667
10.796057790235078,106.67492629345334,21,34,0.999713,11,13,0,0,0.6176
10.8352982156415,106.72935479345392,33,42,0.998888,11,13,0,0,0.7857
10.777562007197462,106.7041335430398,18,30,1.0,11,13,0,0,0.6
10.83886351241477,106.67566625482782,28,36,1.0,11,13,0,0,0.7778
10.765187049751797,106.67550552599072,23,36,1.0,11,13,0,0,0.6389
10.75948437198232,106.6840537511244,18,28,1.0,11,13,0,0,0.6429
10.865229381280963,106.72366973948476,37,49,1.0,11,13,0,0,0.7551
10.72279213640514,106.72808623948244,26,37,0.996901,11,13,0,0,0.7027
10.823400120373712,106.68551227436063,22,32,1.0,11,13,0,0,0.6875
10.756158554057755,106.66631758181126,23,30,1.0,11,13,0,0,0.7667
10.7144382088356,106.73711688366168,25,36,1.0,11,14,0,0,0.6944
10.817236653231737,106.63191539530456,22,35,1.0,11,14,0,0,0.6286
10.772727584493625,106.69804225297564,14,24,1.0,11,16,0,0,0.5833
10.774028664434528,106.70357076461706,29,29,1.0,11,16,0,0,1.0
10.752616652291238,106.72509685338922,31,39,1.0,11,16,0,0,0.7949
10.745754766198267,106.65326266831876,35,43,1.0,11,16,0,0,0.814
10.94927106740351,106.87196348224562,29,41,1.0,11,16,0,0,0.7073
10.78866360854368,106.695513722289,33,42,1.0,11,16,0,0,0.7857
10.801406421807084,106.7114844087968,33,42,1.0,11,16,0,0,0.7857
10.843150534972033,106.6151343241409,21,35,1.0,11,16,0,0,0.6
10.880537767027526,106.81481342866444,38,53,1.0,11,16,0,0,0.717
10.740840166521664,106.61899246873142,25,35,1.0,11,16,0,0,0.7143
10.798986343749618,106.7269705664684,45,45,1.0,11,16,0,0,1.0
10.741860769464234,106.73790365482628,45,45,1.0,11,16,0,0,1.0
10.752408891679814,106.7022703818112,25,34,1.0,11,16,0,0,0.7353
10.786216596454729,106.71836665482697,35,40,0.998664,11,16,0,0,0.875
10.78948793356203,106.7151883818118,36,36,1.0,11,16,0,0,1.0
10.80223925742187,106.6478722259914,41,41,1.0,11,16,0,0,1.0
10.813928881466124,106.66511432455972,20,34,0.998955,11,16,0,0,0.5882
10.755608615763382,106.67347943578082,18,28,1.0,11,16,0,0,0.6429
10.782680856341084,106.70051548181168,18,30,1.0,11,16,0,0,0.6
10.754895139302109,106.67839188181134,23,33,1.0,11,16,0,0,0.697
10.785070445194592,106.68331340921324,15,28,1.0,11,16,0,0,0.5357
10.7549373008113,106.67848844133415,23,33,1.0,11,16,0,0,0.697
10.77898143649726,106.67684447140958,22,34,1.0,11,16,0,0,0.6471
10.7671128283867,106.6927618222887,16,20,1.0,11,16,0,0,0.8
10.77847212665258,106.69389510879644,28,41,1.0,11,16,0,0,0.6829
10.796057790235078,106.67492629345334,20,34,0.998955,11,16,0,0,0.5882
10.8352982156415,106.72935479345392,33,42,0.998887,11,16,0,0,0.7857
10.777562007197462,106.7041335430398,18,30,1.0,11,16,0,0,0.6
10.83886351241477,106.67566625482782,28,36,0.997428,11,16,0,0,0.7778
10.765187049751797,106.67550552599072,18,36,1.0,11,16,0,0,0.5
10.75948437198232,106.6840537511244,18,28,1.0,11,16,0,0,0.6429
10.865229381280963,106.72366973948476,36,49,1.0,11,17,0,0,0.7347
10.72279213640514,106.72808623948244,25,37,0.997292,11,17,0,0,0.6757
10.823400120373712,106.68551227436063,23,32,1.0,11,17,0,0,0.7188
10.756158554057755,106.66631758181126,15,29,1.0,11,17,0,0,0.5172
10.7144382088356,106.73711688366168,26,35,1.0,11,17,0,0,0.7429
10.817236653231737,106.63191539530456,20,35,1.0,11,17,0,0,0.5714
10.772727584493625,106.69804225297564,16,24,1.0,11,19,0,0,0.6667
10.774028664434528,106.70357076461706,20,27,1.0,11,19,0,0,0.7407
10.752616652291238,106.72509685338922,39,39,1.0,11,19,0,0,1.0
10.745754766198267,106.65326266831876,34,42,1.0,11,19,0,0,0.8095
10.94927106740351,106.87196348224562,33,41,1.0,11,19,0,0,0.8049
10.78866360854368,106.695513722289,32,41,1.0,11,19,0,0,0.7805
10.801406421807084,106.7114844087968,32,41,1.0,11,19,0,0,0.7805
10.843150534972033,106.6151343241409,21,35,1.0,11,19,0,0,0.6
10.880537767027526,106.81481342866444,38,53,1.0,11,19,0,0,0.717
10.740840166521664,106.61899246873142,25,36,1.0,11,19,0,0,0.6944
10.798986343749618,106.7269705664684,45,45,1.0,11,19,0,0,1.0
10.741860769464234,106.73790365482628,45,45,1.0,11,19,0,0,1.0
10.752408891679814,106.7022703818112,24,34,1.0,11,19,0,0,0.7059
10.786216596454729,106.71836665482697,40,40,1.0,11,19,0,0,1.0
10.78948793356203,106.7151883818118,36,36,1.0,11,19,0,0,1.0
10.80223925742187,106.6478722259914,27,41,1.0,11,19,0,0,0.6585
10.813928881466124,106.66511432455972,21,34,0.998954,11,19,0,0,0.6176
10.755608615763382,106.67347943578082,17,28,1.0,11,19,0,0,0.6071
10.782680856341084,106.70051548181168,18,30,1.0,11,19,0,0,0.6
10.754895139302109,106.67839188181134,22,33,1.0,11,19,0,0,0.6667
10.785070445194592,106.68331340921324,14,27,1.0,11,19,0,0,0.5185
10.7549373008113,106.67848844133415,22,33,1.0,11,19,0,0,0.6667
10.77898143649726,106.67684447140958,22,34,1.0,11,20,0,0,0.6471
10.7671128283867,106.6927618222887,11,19,1.0,11,20,0,0,0.5789
10.77847212665258,106.69389510879644,28,41,1.0,11,20,0,0,0.6829
10.796057790235078,106.67492629345334,21,34,0.998954,11,20,0,0,0.6176
10.8352982156415,106.72935479345392,34,42,0.998528,11,20,0,0,0.8095
10.777562007197462,106.7041335430398,18,30,1.0,11,20,0,0,0.6
10.83886351241477,106.67566625482782,29,36,1.0,11,20,0,0,0.8056
10.765187049751797,106.67550552599072,23,35,1.0,11,20,0,0,0.6571
10.75948437198232,106.6840537511244,19,27,1.0,11,20,0,0,0.7037
10.865229381280963,106.72366973948476,37,49,1.0,11,20,0,0,0.7551
10.72279213640514,106.72808623948244,25,36,0.996344,11,20,0,0,0.6944
10.823400120373712,106.68551227436063,21,32,1.0,11,20,0,0,0.6562
10.756158554057755,106.66631758181126,16,29,1.0,11,20,0,0,0.5517
10.7144382088356,106.73711688366168,27,35,1.0,11,20,0,0,0.7714
10.817236653231737,106.63191539530456,21,34,1.0,11,20,0,0,0.6176
10.772727584493625,106.69804225297564,16,25,1.0,11,22,0,0,0.64
10.774028664434528,106.70357076461706,22,28,1.0,11,22,0,0,0.7857
10.752616652291238,106.72509685338922,39,39,1.0,11,23,0,0,1.0
10.745754766198267,106.65326266831876,35,43,1.0,11,23,0,0,0.814
10.94927106740351,106.87196348224562,27,41,1.0,11,23,0,0,0.6585
10.78866360854368,106.695513722289,34,42,1.0,11,23,0,0,0.8095
10.801406421807084,106.7114844087968,34,42,1.0,11,23,0,0,0.8095
10.843150534972033,106.6151343241409,22,35,1.0,11,23,0,0,0.6286
10.880537767027526,106.81481342866444,36,53,1.0,11,23,0,0,0.6792
10.740840166521664,106.61899246873142,25,35,1.0,11,23,0,0,0.7143
10.798986343749618,106.7269705664684,45,45,1.0,11,23,0,0,1.0
10.741860769464234,106.73790365482628,45,45,1.0,11,23,0,0,1.0
10.752408891679814,106.7022703818112,27,33,1.0,11,23,0,0,0.8182
10.786216596454729,106.71836665482697,40,40,1.0,11,23,0,0,1.0
10.78948793356203,106.7151883818118,36,36,1.0,11,23,0,0,1.0
10.80223925742187,106.6478722259914,30,41,1.0,11,23,0,0,0.7317
10.813928881466124,106.66511432455972,21,34,0.998381,11,23,0,0,0.6176
10.755608615763382,106.67347943578082,17,28,1.0,11,23,0,0,0.6071
10.782680856341084,106.70051548181168,18,30,1.0,11,23,0,0,0.6
10.754895139302109,106.67839188181134,21,33,1.0,11,23,0,0,0.6364
10.785070445194592,106.68331340921324,16,27,1.0,11,24,0,0,0.5926
10.7549373008113,106.67848844133415,21,33,1.0,11,24,0,0,0.6364
10.77898143649726,106.67684447140958,26,34,1.0,11,24,0,0,0.7647
10.7671128283867,106.6927618222887,16,20,1.0,11,24,0,0,0.8
10.77847212665258,106.69389510879644,28,42,1.0,11,24,0,0,0.6667
10.796057790235078,106.67492629345334,21,34,0.999057,11,24,0,0,0.6176
10.8352982156415,106.72935479345392,34,42,0.998317,11,24,0,0,0.8095
10.777562007197462,106.7041335430398,18,30,1.0,11,24,0,0,0.6
10.83886351241477,106.67566625482782,36,36,1.0,11,24,0,0,1.0
10.765187049751797,106.67550552599072,26,36,1.0,11,24,0,0,0.7222
10.75948437198232,106.6840537511244,16,28,1.0,11,24,0,0,0.5714
10.865229381280963,106.72366973948476,35,49,1.0,11,24,0,0,0.7143
10.72279213640514,106.72808623948244,26,37,0.998475,11,24,0,0,0.7027
10.823400120373712,106.68551227436063,26,32,1.0,11,24,0,0,0.8125
10.756158554057755,106.66631758181126,19,28,1.0,11,24,0,0,0.6786
10.7144382088356,106.73711688366168,27,35,1.0,11,24,0,0,0.7714
10.817236653231737,106.63191539530456,21,35,1.0,11,24,0,0,0.6
10.772727584493625,106.69804225297564,13,23,1.0,11,26,0,0,0.5652
10.774028664434528,106.70357076461706,19,29,1.0,11,26,0,0,0.6552
10.752616652291238,106.72509685338922,39,39,1.0,11,26,0,0,1.0
10.745754766198267,106.65326266831876,35,43,1.0,11,26,0,0,0.814
10.94927106740351,106.87196348224562,30,41,1.0,11,26,0,0,0.7317
10.78866360854368,106.695513722289,33,42,1.0,11,26,0,0,0.7857
10.801406421807084,106.7114844087968,33,42,1.0,11,26,0,0,0.7857
10.843150534972033,106.6151343241409,22,34,1.0,11,27,0,0,0.6471
10.880537767027526,106.81481342866444,38,53,1.0,11,27,0,0,0.717
10.740840166521664,106.61899246873142,25,35,1.0,11,27,0,0,0.7143
10.798986343749618,106.7269705664684,45,45,1.0,11,27,0,0,1.0
10.741860769464234,106.73790365482628,45,45,1.0,11,27,0,0,1.0
10.752408891679814,106.7022703818112,26,34,1.0,11,27,0,0,0.7647
10.786216596454729,106.71836665482697,40,40,1.0,11,27,0,0,1.0
10.78948793356203,106.7151883818118,36,36,1.0,11,27,0,0,1.0
10.80223925742187,106.6478722259914,28,40,1.0,11,27,0,0,0.7
10.813928881466124,106.66511432455972,21,34,0.998381,11,27,0,0,0.6176
10.755608615763382,106.67347943578082,16,27,0.998951,11,28,0,0,0.5926
10.782680856341084,106.70051548181168,18,30,1.0,11,28,0,0,0.6
10.754895139302109,106.67839188181134,22,33,1.0,11,28,0,0,0.6667
10.785070445194592,106.68331340921324,18,28,1.0,11,28,0,0,0.6429
10.7549373008113,106.67848844133415,22,33,1.0,11,28,0,0,0.6667
10.77898143649726,106.67684447140958,23,34,1.0,11,28,0,0,0.6765
10.7671128283867,106.6927618222887,12,20,1.0,11,28,0,0,0.6
10.77847212665258,106.69389510879644,27,42,1.0,11,28,0,0,0.6429
10.796057790235078,106.67492629345334,20,33,0.998119,11,28,0,0,0.6061
10.8352982156415,106.72935479345392,33,42,0.998011,11,28,0,0,0.7857
10.777562007197462,106.7041335430398,18,30,1.0,11,28,0,0,0.6
10.83886351241477,106.67566625482782,28,36,1.0,11,28,0,0,0.7778
10.765187049751797,106.67550552599072,22,35,1.0,11,28,0,0,0.6286
10.75948437198232,106.6840537511244,16,27,0.998951,11,28,0,0,0.5926
10.865229381280963,106.72366973948476,35,49,1.0,11,28,0,0,0.7143
10.72279213640514,106.72808623948244,28,37,0.9971,11,28,0,0,0.7568
10.823400120373712,106.68551227436063,25,31,1.0,11,28,0,0,0.8065
10.756158554057755,106.66631758181126,16,27,1.0,11,28,0,0,0.5926
10.7144382088356,106.73711688366168,26,35,1.0,11,28,0,0,0.7429
10.817236653231737,106.63191539530456,22,35,1.0,11,28,0,0,0.6286
10.772727584493625,106.69804225297564,15,23,1.0,11,30,0,0,0.6522
10.774028664434528,106.70357076461706,29,29,1.0,11,30,0,0,1.0
10.752616652291238,106.72509685338922,39,39,1.0,11,30,0,0,1.0
10.745754766198267,106.65326266831876,42,42,1.0,11,30,0,0,1.0
10.94927106740351,106.87196348224562,25,42,1.0,11,30,0,0,0.5952
10.78866360854368,106.695513722289,32,41,1.0,11,30,0,0,0.7805
10.801406421807084,106.7114844087968,32,41,1.0,11,31,0,0,0.7805
10.843150534972033,106.6151343241409,22,35,1.0,11,31,0,0,0.6286
10.880537767027526,106.81481342866444,37,53,1.0,11,31,0,0,0.6981
10.740840166521664,106.61899246873142,25,35,1.0,11,31,0,0,0.7143
10.798986343749618,106.7269705664684,45,45,1.0,11,31,0,0,1.0
10.741860769464234,106.73790365482628,45,45,1.0,11,31,0,0,1.0
10.752408891679814,106.7022703818112,33,33,1.0,11,31,0,0,1.0
10.786216596454729,106.71836665482697,40,40,1.0,11,31,0,0,1.0
10.78948793356203,106.7151883818118,28,35,1.0,11,31,0,0,0.8
10.80223925742187,106.6478722259914,26,41,1.0,11,31,0,0,0.6341
10.813928881466124,106.66511432455972,19,34,0.998405,11,31,0,0,0.5588
10.755608615763382,106.67347943578082,15,27,1.0,11,31,0,0,0.5556
10.782680856341084,106.70051548181168,18,31,1.0,11,31,0,0,0.5806
10.754895139302109,106.67839188181134,21,32,1.0,11,31,0,0,0.6562
10.785070445194592,106.68331340921324,16,28,1.0,11,31,0,0,0.5714
10.7549373008113,106.67848844133415,21,32,1.0,11,31,0,0,0.6562
10.77898143649726,106.67684447140958,23,34,1.0,11,31,0,0,0.6765
10.7671128283867,106.6927618222887,15,20,1.0,11,31,0,0,0.75
10.77847212665258,106.69389510879644,28,41,1.0,11,31,0,0,0.6829
10.796057790235078,106.67492629345334,21,33,0.997472,11,31,0,0,0.6364
10.8352982156415,106.72935479345392,33,42,0.996301,11,31,0,0,0.7857
10.777562007197462,106.7041335430398,18,31,1.0,11,31,0,0,0.5806
10.83886351241477,106.67566625482782,26,36,1.0,11,31,0,0,0.7222
10.765187049751797,106.67550552599072,22,36,1.0,11,31,0,0,0.6111
10.75948437198232,106.6840537511244,17,28,1.0,11,31,0,0,0.6071
10.865229381280963,106.72366973948476,37,49,1.0,11,31,0,0,0.7551
10.72279213640514,106.72808623948244,28,36,0.997623,11,32,0,0,0.7778
10.823400120373712,106.68551227436063,25,31,1.0,11,32,0,0,0.8065
10.756158554057755,106.66631758181126,17,29,1.0,11,32,0,0,0.5862
10.7144382088356,106.73711688366168,26,35,1.0,11,32,0,0,0.7429
10.817236653231737,106.63191539530456,22,34,1.0,11,32,0,0,0.6471
10.772727584493625,106.69804225297564,15,24,1.0,11,34,0,0,0.625
10.774028664434528,106.70357076461706,20,28,1.0,11,34,0,0,0.7143
10.752616652291238,106.72509685338922,37,42,1.0,11,34,0,0,0.881
10.745754766198267,106.65326266831876,36,43,1.0,11,34,0,0,0.8372
10.94927106740351,106.87196348224562,31,42,1.0,11,34,0,0,0.7381
10.78866360854368,106.695513722289,33,41,1.0,11,34,0,0,0.8049
10.801406421807084,106.7114844087968,33,41,1.0,11,34,0,0,0.8049
10.843150534972033,106.6151343241409,20,35,1.0,11,34,0,0,0.5714
10.880537767027526,106.81481342866444,39,53,1.0,11,34,0,0,0.7358
10.740840166521664,106.61899246873142,24,35,1.0,11,34,0,0,0.6857
10.798986343749618,106.7269705664684,45,45,1.0,11,34,0,0,1.0
10.741860769464234,106.73790365482628,45,45,1.0,11,34,0,0,1.0
10.752408891679814,106.7022703818112,26,34,1.0,11,34,0,0,0.7647
10.786216596454729,106.71836665482697,40,40,1.0,11,34,0,0,1.0
10.78948793356203,106.7151883818118,36,36,1.0,11,34,0,0,1.0
10.80223925742187,106.6478722259914,26,40,1.0,11,34,0,0,0.65
10.813928881466124,106.66511432455972,20,34,0.999523,11,34,0,0,0.5882
10.755608615763382,106.67347943578082,18,27,0.998951,11,34,0,0,0.6667
10.782680856341084,106.70051548181168,18,30,1.0,11,34,0,0,0.6
10.754895139302109,106.67839188181134,22,32,1.0,11,34,0,0,0.6875
10.785070445194592,106.68331340921324,17,28,1.0,11,34,0,0,0.6071
10.7549373008113,106.67848844133415,22,33,1.0,11,35,0,0,0.6667
10.77898143649726,106.67684447140958,22,34,1.0,11,35,0,0,0.6471
10.7671128283867,106.6927618222887,9,20,1.0,11,35,0,0,0.45
10.77847212665258,106.69389510879644,29,41,1.0,11,35,0,0,0.7073
10.796057790235078,106.67492629345334,21,33,1.0,11,35,0,0,0.6364
10.8352982156415,106.72935479345392,34,43,0.99545,11,35,0,0,0.7907
10.777562007197462,106.7041335430398,20,30,1.0,11,35,0,0,0.6667
10.83886351241477,106.67566625482782,27,36,1.0,11,35,0,0,0.75
10.765187049751797,106.67550552599072,22,36,1.0,11,35,0,0,0.6111
10.75948437198232,106.6840537511244,19,27,1.0,11,35,0,0,0.7037
10.865229381280963,106.72366973948476,35,49,1.0,11,35,0,0,0.7143
10.72279213640514,106.72808623948244,27,36,1.0,11,35,0,0,0.75
10.823400120373712,106.68551227436063,25,31,1.0,11,35,0,0,0.8065
10.756158554057755,106.66631758181126,15,28,1.0,11,35,0,0,0.5357
10.7144382088356,106.73711688366168,27,35,1.0,11,35,0,0,0.7714
10.817236653231737,106.63191539530456,21,35,1.0,11,35,0,0,0.6
10.772727584493625,106.69804225297564,15,24,1.0,11,38,0,0,0.625
10.774028664434528,106.70357076461706,29,29,1.0,11,38,0,0,1.0
10.752616652291238,106.72509685338922,39,39,1.0,11,38,0,0,1.0
10.745754766198267,106.65326266831876,36,43,1.0,11,38,0,0,0.8372
10.94927106740351,106.87196348224562,27,41,1.0,11,38,0,0,0.6585
10.78866360854368,106.695513722289,32,42,1.0,11,38,0,0,0.7619
10.801406421807084,106.7114844087968,32,42,1.0,11,38,0,0,0.7619
10.843150534972033,106.6151343241409,21,35,1.0,11,38,0,0,0.6
10.880537767027526,106.81481342866444,38,53,1.0,11,38,0,0,0.717
10.740840166521664,106.61899246873142,24,35,1.0,11,38,0,0,0.6857
10.798986343749618,106.7269705664684,45,45,1.0,11,38,0,0,1.0
10.741860769464234,106.73790365482628,37,44,1.0,11,38,0,0,0.8409
10.752408891679814,106.7022703818112,25,33,1.0,11,38,0,0,0.7576
10.786216596454729,106.71836665482697,40,40,1.0,11,38,0,0,1.0
10.78948793356203,106.7151883818118,36,36,1.0,11,38,0,0,1.0
10.80223925742187,106.6478722259914,28,40,1.0,11,38,0,0,0.7
10.813928881466124,106.66511432455972,21,34,0.998691,11,38,0,0,0.6176
10.755608615763382,106.67347943578082,17,28,1.0,11,38,0,0,0.6071
10.782680856341084,106.70051548181168,19,30,1.0,11,38,0,0,0.6333
10.754895139302109,106.67839188181134,20,33,1.0,11,38,0,0,0.6061
10.785070445194592,106.68331340921324,14,28,1.0,11,38,0,0,0.5
10.7549373008113,106.67848844133415,22,33,1.0,11,38,0,0,0.6667
10.77898143649726,106.67684447140958,23,34,1.0,11,38,0,0,0.6765
10.7671128283867,106.6927618222887,12,19,1.0,11,39,0,0,0.6316
10.77847212665258,106.69389510879644,28,42,1.0,11,39,0,0,0.6667
10.796057790235078,106.67492629345334,20,34,0.998693,11,39,0,0,0.5882
10.8352982156415,106.72935479345392,34,42,0.99604,11,45,0,0,0.8095
10.777562007197462,106.7041335430398,18,30,1.0,11,45,0,0,0.6
10.83886351241477,106.67566625482782,27,37,1.0,11,45,0,0,0.7297
10.765187049751797,106.67550552599072,24,35,1.0,11,45,0,0,0.6857
10.75948437198232,106.6840537511244,17,28,1.0,11,45,0,0,0.6071
10.865229381280963,106.72366973948476,36,49,1.0,11,45,0,0,0.7347
10.72279213640514,106.72808623948244,26,37,0.998475,11,45,0,0,0.7027
10.823400120373712,106.68551227436063,23,31,1.0,11,45,0,0,0.7419
10.756158554057755,106.66631758181126,18,30,1.0,11,45,0,0,0.6
10.7144382088356,106.73711688366168,26,35,1.0,11,46,0,0,0.7429
10.817236653231737,106.63191539530456,21,35,1.0,11,46,0,0,0.6
10.772727584493625,106.69804225297564,16,24,1.0,11,51,0,0,0.6667
10.774028664434528,106.70357076461706,18,28,1.0,11,51,0,0,0.6429
10.752616652291238,106.72509685338922,39,39,1.0,11,51,0,0,1.0
10.745754766198267,106.65326266831876,35,43,1.0,11,51,0,0,0.814
10.94927106740351,106.87196348224562,25,41,1.0,11,51,0,0,0.6098
10.78866360854368,106.695513722289,31,42,1.0,11,51,0,0,0.7381
10.801406421807084,106.7114844087968,31,42,1.0,11,51,0,0,0.7381
10.843150534972033,106.6151343241409,22,35,1.0,11,52,0,0,0.6286
10.880537767027526,106.81481342866444,38,53,1.0,11,52,0,0,0.717
10.740840166521664,106.61899246873142,26,36,1.0,11,52,0,0,0.7222
10.798986343749618,106.7269705664684,45,45,1.0,11,52,0,0,1.0
10.741860769464234,106.73790365482628,45,45,1.0,11,52,0,0,1.0
10.752408891679814,106.7022703818112,26,33,1.0,11,52,0,0,0.7879
10.786216596454729,106.71836665482697,40,40,1.0,11,53,0,0,1.0
10.78948793356203,106.7151883818118,26,36,1.0,11,53,0,0,0.7222
10.80223925742187,106.6478722259914,26,41,1.0,11,53,0,0,0.6341
10.813928881466124,106.66511432455972,20,34,1.0,11,53,0,0,0.5882
10.755608615763382,106.67347943578082,14,27,0.997907,11,53,0,0,0.5185
10.782680856341084,106.70051548181168,19,30,1.0,11,53,0,0,0.6333
10.754895139302109,106.67839188181134,22,32,1.0,11,53,0,0,0.6875
10.785070445194592,106.68331340921324,14,28,1.0,11,53,0,0,0.5
10.7549373008113,106.67848844133415,22,32,1.0,11,53,0,0,0.6875
10.77898143649726,106.67684447140958,24,34,1.0,11,53,0,0,0.7059
10.7671128283867,106.6927618222887,20,20,1.0,11,53,0,0,1.0
10.77847212665258,106.69389510879644,28,42,1.0,11,53,0,0,0.6667
10.796057790235078,106.67492629345334,20,34,1.0,11,53,0,0,0.5882
10.8352982156415,106.72935479345392,34,42,0.997463,11,53,0,0,0.8095
10.777562007197462,106.7041335430398,20,30,1.0,11,53,0,0,0.6667
10.83886351241477,106.67566625482782,36,36,1.0,11,53,0,0,1.0
10.765187049751797,106.67550552599072,26,36,1.0,11,53,0,0,0.7222
10.75948437198232,106.6840537511244,15,27,1.0,11,54,0,0,0.5556
10.865229381280963,106.72366973948476,37,49,1.0,11,54,0,0,0.7551
10.72279213640514,106.72808623948244,26,37,0.998114,11,54,0,0,0.7027
10.823400120373712,106.68551227436063,25,32,1.0,11,54,0,0,0.7812
10.756158554057755,106.66631758181126,19,30,1.0,11,54,0,0,0.6333
10.7144382088356,106.73711688366168,26,35,1.0,11,54,0,0,0.7429
10.817236653231737,106.63191539530456,21,35,1.0,11,54,0,0,0.6
10.772727584493625,106.69804225297564,15,23,1.0,11,57,0,0,0.6522
10.774028664434528,106.70357076461706,17,28,1.0,11,57,0,0,0.6071
10.752616652291238,106.72509685338922,39,39,1.0,11,57,0,0,1.0
10.745754766198267,106.65326266831876,36,43,1.0,11,57,0,0,0.8372
10.94927106740351,106.87196348224562,29,42,1.0,11,57,0,0,0.6905
10.78866360854368,106.695513722289,32,41,1.0,11,58,0,0,0.7805
10.801406421807084,106.7114844087968,32,41,1.0,11,58,0,0,0.7805
10.843150534972033,106.6151343241409,22,35,1.0,11,58,0,0,0.6286
10.880537767027526,106.81481342866444,37,53,1.0,11,58,0,0,0.6981
10.740840166521664,106.61899246873142,27,35,1.0,11,58,0,0,0.7714
10.798986343749618,106.7269705664684,45,45,1.0,11,58,0,0,1.0
10.741860769464234,106.73790365482628,45,45,1.0,11,58,0,0,1.0
10.752408891679814,106.7022703818112,26,33,1.0,11,58,0,0,0.7879
10.786216596454729,106.71836665482697,40,40,1.0,11,58,0,0,1.0
10.78948793356203,106.7151883818118,36,36,1.0,11,58,0,0,1.0
10.80223925742187,106.6478722259914,30,41,1.0,11,58,0,0,0.7317
10.813928881466124,106.66511432455972,19,33,0.999528,11,58,0,0,0.5758
10.755608615763382,106.67347943578082,17,27,0.998947,11,58,0,0,0.6296
10.782680856341084,106.70051548181168,20,30,1.0,11,58,0,0,0.6667
10.754895139302109,106.67839188181134,22,33,1.0,11,58,0,0,0.6667
10.785070445194592,106.68331340921324,14,27,1.0,11,59,0,0,0.5185
10.7549373008113,106.67848844133415,23,33,1.0,11,59,0,0,0.697
10.77898143649726,106.67684447140958,24,34,1.0,11,59,0,0,0.7059
10.7671128283867,106.6927618222887,20,20,1.0,11,59,0,0,1.0
10.77847212665258,106.69389510879644,28,41,1.0,11,59,0,0,0.6829
10.796057790235078,106.67492629345334,22,34,1.0,12,0,0,0,0.6471
10.8352982156415,106.72935479345392,34,42,0.998199,12,0,0,0,0.8095
10.777562007197462,106.7041335430398,19,29,1.0,12,0,0,0,0.6552
10.83886351241477,106.67566625482782,28,36,1.0,12,0,0,0,0.7778
10.765187049751797,106.67550552599072,23,35,1.0,12,0,0,0,0.6571
10.75948437198232,106.6840537511244,16,28,0.998943,12,0,0,0,0.5714
10.865229381280963,106.72366973948476,38,49,1.0,12,0,0,0,0.7755
10.72279213640514,106.72808623948244,27,37,0.998605,12,0,0,0,0.7297
10.823400120373712,106.68551227436063,21,31,1.0,12,0,0,0,0.6774
10.756158554057755,106.66631758181126,18,29,1.0,12,0,0,0,0.6207
10.7144382088356,106.73711688366168,27,35,1.0,12,0,0,0,0.7714
10.817236653231737,106.63191539530456,21,35,1.0,12,0,0,0,0.6
10.772727584493625,106.69804225297564,14,24,1.0,12,2,0,0,0.5833
10.774028664434528,106.70357076461706,21,28,1.0,12,2,0,0,0.75
10.752616652291238,106.72509685338922,39,39,1.0,12,2,0,0,1.0
10.745754766198267,106.65326266831876,36,42,1.0,12,2,0,0,0.8571
10.94927106740351,106.87196348224562,32,41,1.0,12,2,0,0,0.7805
10.78866360854368,106.695513722289,32,42,1.0,12,2,0,0,0.7619
10.801406421807084,106.7114844087968,32,42,1.0,12,2,0,0,0.7619
10.843150534972033,106.6151343241409,22,35,1.0,12,3,0,0,0.6286
10.880537767027526,106.81481342866444,40,53,1.0,12,3,0,0,0.7547
10.740840166521664,106.61899246873142,26,35,1.0,12,3,0,0,0.7429
10.798986343749618,106.7269705664684,45,45,1.0,12,3,0,0,1.0
10.741860769464234,106.73790365482628,45,45,1.0,12,3,0,0,1.0
10.752408891679814,106.7022703818112,26,34,1.0,12,3,0,0,0.7647
10.786216596454729,106.71836665482697,40,40,1.0,12,3,0,0,1.0
10.78948793356203,106.7151883818118,36,36,1.0,12,3,0,0,1.0
10.80223925742187,106.6478722259914,29,41,1.0,12,3,0,0,0.7073
10.813928881466124,106.66511432455972,20,33,0.999713,12,3,0,0,0.6061
10.755608615763382,106.67347943578082,15,27,1.0,12,3,0,0,0.5556
10.782680856341084,106.70051548181168,19,30,1.0,12,3,0,0,0.6333
10.754895139302109,106.67839188181134,22,34,1.0,12,3,0,0,0.6471
10.785070445194592,106.68331340921324,15,27,1.0,12,3,0,0,0.5556
10.7549373008113,106.67848844133415,22,34,1.0,12,3,0,0,0.6471
10.77898143649726,106.67684447140958,24,34,1.0,12,3,0,0,0.7059
10.7671128283867,106.6927618222887,12,19,1.0,12,3,0,0,0.6316
10.77847212665258,106.69389510879644,28,41,1.0,12,3,0,0,0.6829
10.796057790235078,106.67492629345334,22,34,1.0,12,3,0,0,0.6471
10.8352982156415,106.72935479345392,36,42,0.998386,12,3,0,0,0.8571
10.777562007197462,106.7041335430398,20,31,1.0,12,3,0,0,0.6452
10.83886351241477,106.67566625482782,28,35,1.0,12,3,0,0,0.8
10.765187049751797,106.67550552599072,23,36,1.0,12,3,0,0,0.6389
10.75948437198232,106.6840537511244,17,27,1.0,12,4,0,0,0.6296
10.865229381280963,106.72366973948476,37,49,1.0,12,4,0,0,0.7551
10.72279213640514,106.72808623948244,28,37,0.99814,12,4,0,0,0.7568
10.823400120373712,106.68551227436063,25,32,1.0,12,4,0,0,0.7812
10.756158554057755,106.66631758181126,19,29,1.0,12,4,0,0,0.6552
10.7144382088356,106.73711688366168,27,35,1.0,12,4,0,0,0.7714
10.817236653231737,106.63191539530456,22,35,1.0,12,4,0,0,0.6286
10.772727584493625,106.69804225297564,13,24,1.0,12,6,0,0,0.5417
10.774028664434528,106.70357076461706,16,29,1.0,12,6,0,0,0.5517
10.752616652291238,106.72509685338922,39,39,1.0,12,6,0,0,1.0
10.745754766198267,106.65326266831876,35,43,1.0,12,6,0,0,0.814
10.94927106740351,106.87196348224562,42,42,1.0,12,6,0,0,1.0
10.78866360854368,106.695513722289,32,42,1.0,12,6,0,0,0.7619
10.801406421807084,106.7114844087968,32,42,1.0,12,6,0,0,0.7619
10.843150534972033,106.6151343241409,23,35,1.0,12,6,0,0,0.6571
10.880537767027526,106.81481342866444,38,54,1.0,12,6,0,0,0.7037
10.740840166521664,106.61899246873142,26,36,1.0,12,6,0,0,0.7222
10.798986343749618,106.7269705664684,45,45,1.0,12,7,0,0,1.0
10.741860769464234,106.73790365482628,36,44,1.0,12,7,0,0,0.8182
10.752408891679814,106.7022703818112,27,34,1.0,12,7,0,0,0.7941
10.786216596454729,106.71836665482697,40,40,1.0,12,7,0,0,1.0
10.78948793356203,106.7151883818118,36,36,1.0,12,7,0,0,1.0
10.80223925742187,106.6478722259914,27,40,1.0,12,7,0,0,0.675
10.813928881466124,106.66511432455972,22,34,0.999265,12,7,0,0,0.6471
10.755608615763382,106.67347943578082,18,28,0.998947,12,7,0,0,0.6429
10.782680856341084,106.70051548181168,18,30,1.0,12,7,0,0,0.6
10.754895139302109,106.67839188181134,21,33,1.0,12,7,0,0,0.6364
10.785070445194592,106.68331340921324,18,27,1.0,12,7,0,0,0.6667
10.7549373008113,106.67848844133415,21,33,1.0,12,7,0,0,0.6364
10.77898143649726,106.67684447140958,23,34,1.0,12,7,0,0,0.6765
10.7671128283867,106.6927618222887,20,20,1.0,12,7,0,0,1.0
10.77847212665258,106.69389510879644,30,42,1.0,12,7,0,0,0.7143
10.796057790235078,106.67492629345334,21,34,1.0,12,7,0,0,0.6176
10.8352982156415,106.72935479345392,35,42,0.998559,12,7,0,0,0.8333
10.777562007197462,106.7041335430398,18,30,1.0,12,8,0,0,0.6
10.83886351241477,106.67566625482782,29,36,1.0,12,8,0,0,0.8056
10.765187049751797,106.67550552599072,26,36,1.0,12,8,0,0,0.7222
10.75948437198232,106.6840537511244,18,28,0.998947,12,8,0,0,0.6429
10.865229381280963,106.72366973948476,37,49,1.0,12,8,0,0,0.7551
10.72279213640514,106.72808623948244,28,37,0.998218,12,8,0,0,0.7568
10.823400120373712,106.68551227436063,22,31,1.0,12,8,0,0,0.7097
10.756158554057755,106.66631758181126,15,29,1.0,12,8,0,0,0.5172
10.7144382088356,106.73711688366168,27,35,1.0,12,8,0,0,0.7714
10.817236653231737,106.63191539530456,22,35,1.0,12,8,0,0,0.6286
10.772727584493625,106.69804225297564,14,24,1.0,12,10,0,0,0.5833
10.774028664434528,106.70357076461706,23,28,1.0,12,10,0,0,0.8214
10.752616652291238,106.72509685338922,39,39,1.0,12,11,0,0,1.0
10.745754766198267,106.65326266831876,35,42,0.999762,12,11,0,0,0.8333
10.94927106740351,106.87196348224562,42,42,1.0,12,11,0,0,1.0
10.78866360854368,106.695513722289,32,42,1.0,12,11,0,0,0.7619
10.801406421807084,106.7114844087968,32,42,1.0,12,11,0,0,0.7619
10.843150534972033,106.6151343241409,22,34,1.0,12,11,0,0,0.6471
10.880537767027526,106.81481342866444,40,53,1.0,12,11,0,0,0.7547
10.740840166521664,106.61899246873142,25,36,1.0,12,11,0,0,0.6944
10.798986343749618,106.7269705664684,45,45,1.0,12,11,0,0,1.0
10.741860769464234,106.73790365482628,45,45,1.0,12,11,0,0,1.0
10.752408891679814,106.7022703818112,24,33,1.0,12,11,0,0,0.7273
10.786216596454729,106.71836665482697,40,40,1.0,12,11,0,0,1.0
10.78948793356203,106.7151883818118,36,36,1.0,12,11,0,0,1.0
10.80223925742187,106.6478722259914,28,40,1.0,12,11,0,0,0.7
10.813928881466124,106.66511432455972,22,34,1.0,12,11,0,0,0.6471
10.755608615763382,106.67347943578082,17,26,0.998954,12,11,0,0,0.6538
10.782680856341084,106.70051548181168,17,30,1.0,12,11,0,0,0.5667
10.754895139302109,106.67839188181134,22,32,1.0,12,11,0,0,0.6875
10.785070445194592,106.68331340921324,15,28,1.0,12,11,0,0,0.5357
10.7549373008113,106.67848844133415,22,32,1.0,12,11,0,0,0.6875
10.77898143649726,106.67684447140958,22,34,1.0,12,11,0,0,0.6471
10.7671128283867,106.6927618222887,20,20,1.0,12,11,0,0,1.0
10.77847212665258,106.69389510879644,29,41,1.0,12,11,0,0,0.7073
10.796057790235078,106.67492629345334,23,33,1.0,12,12,0,0,0.697
10.8352982156415,106.72935479345392,33,42,0.997838,12,12,0,0,0.7857
10.777562007197462,106.7041335430398,17,30,1.0,12,12,0,0,0.5667
10.83886351241477,106.67566625482782,28,36,1.0,12,12,0,0,0.7778
10.765187049751797,106.67550552599072,25,35,1.0,12,12,0,0,0.7143
10.75948437198232,106.6840537511244,17,27,0.998947,12,12,0,0,0.6296
10.865229381280963,106.72366973948476,38,49,1.0,12,12,0,0,0.7755
10.72279213640514,106.72808623948244,28,37,0.998476,12,12,0,0,0.7568
10.823400120373712,106.68551227436063,25,31,1.0,12,12,0,0,0.8065
10.756158554057755,106.66631758181126,20,30,1.0,12,12,0,0,0.6667
10.7144382088356,106.73711688366168,27,35,1.0,12,12,0,0,0.7714
10.817236653231737,106.63191539530456,22,35,1.0,12,12,0,0,0.6286
10.772727584493625,106.69804225297564,17,25,1.0,12,14,0,0,0.68
10.774028664434528,106.70357076461706,16,28,1.0,12,14,0,0,0.5714
10.752616652291238,106.72509685338922,39,39,1.0,12,14,0,0,1.0
10.745754766198267,106.65326266831876,35,43,1.0,12,14,0,0,0.814
10.94927106740351,106.87196348224562,34,42,1.0,12,14,0,0,0.8095
10.78866360854368,106.695513722289,33,41,1.0,12,14,0,0,0.8049
10.801406421807084,106.7114844087968,33,41,1.0,12,14,0,0,0.8049
10.843150534972033,106.6151343241409,21,35,1.0,12,14,0,0,0.6
10.880537767027526,106.81481342866444,39,53,1.0,12,14,0,0,0.7358
10.740840166521664,106.61899246873142,26,35,1.0,12,14,0,0,0.7429
10.798986343749618,106.7269705664684,45,45,1.0,12,14,0,0,1.0
10.741860769464234,106.73790365482628,45,45,1.0,12,14,0,0,1.0
10.752408891679814,106.7022703818112,24,34,1.0,12,14,0,0,0.7059
10.786216596454729,106.71836665482697,40,40,1.0,12,14,0,0,1.0
10.78948793356203,106.7151883818118,36,36,1.0,12,14,0,0,1.0
10.80223925742187,106.6478722259914,28,41,1.0,12,14,0,0,0.6829
10.813928881466124,106.66511432455972,22,33,1.0,12,14,0,0,0.6667
10.755608615763382,106.67347943578082,18,27,1.0,12,14,0,0,0.6667
10.782680856341084,106.70051548181168,19,30,1.0,12,14,0,0,0.6333
10.754895139302109,106.67839188181134,21,33,1.0,12,14,0,0,0.6364
10.785070445194592,106.68331340921324,18,27,1.0,12,14,0,0,0.6667
10.7549373008113,106.67848844133415,21,33,1.0,12,14,0,0,0.6364
10.77898143649726,106.67684447140958,23,35,1.0,12,14,0,0,0.6571
10.7671128283867,106.6927618222887,20,20,1.0,12,15,0,0,1.0
10.77847212665258,106.69389510879644,29,42,1.0,12,15,0,0,0.6905
10.796057790235078,106.67492629345334,22,33,1.0,12,15,0,0,0.6667
10.8352982156415,106.72935479345392,36,42,0.997833,12,15,0,0,0.8571
10.777562007197462,106.7041335430398,19,30,1.0,12,15,0,0,0.6333
10.83886351241477,106.67566625482782,27,36,1.0,12,15,0,0,0.75
10.765187049751797,106.67550552599072,21,35,1.0,12,15,0,0,0.6
10.75948437198232,106.6840537511244,17,27,0.997901,12,15,0,0,0.6296
10.865229381280963,106.72366973948476,37,49,1.0,12,15,0,0,0.7551
10.72279213640514,106.72808623948244,28,36,0.999301,12,15,0,0,0.7778
10.823400120373712,106.68551227436063,32,32,1.0,12,15,0,0,1.0
10.756158554057755,106.66631758181126,19,28,1.0,12,15,0,0,0.6786
10.7144382088356,106.73711688366168,28,35,1.0,12,15,0,0,0.8
10.817236653231737,106.63191539530456,22,35,1.0,12,15,0,0,0.6286
10.772727584493625,106.69804225297564,14,24,1.0,12,17,0,0,0.5833
10.774028664434528,106.70357076461706,15,27,1.0,12,17,0,0,0.5556
10.752616652291238,106.72509685338922,39,39,1.0,12,17,0,0,1.0
10.745754766198267,106.65326266831876,36,43,0.999762,12,17,0,0,0.8372
10.94927106740351,106.87196348224562,34,42,1.0,12,17,0,0,0.8095
10.78866360854368,106.695513722289,34,42,1.0,12,17,0,0,0.8095
10.801406421807084,106.7114844087968,34,42,1.0,12,18,0,0,0.8095
10.843150534972033,106.6151343241409,21,35,1.0,12,18,0,0,0.6
10.880537767027526,106.81481342866444,39,54,1.0,12,18,0,0,0.7222
10.740840166521664,106.61899246873142,25,35,1.0,12,18,0,0,0.7143
10.798986343749618,106.7269705664684,45,45,1.0,12,18,0,0,1.0
10.741860769464234,106.73790365482628,45,45,1.0,12,18,0,0,1.0
10.752408891679814,106.7022703818112,25,34,1.0,12,18,0,0,0.7353
10.786216596454729,106.71836665482697,40,40,1.0,12,18,0,0,1.0
10.78948793356203,106.7151883818118,36,36,1.0,12,18,0,0,1.0
10.80223925742187,106.6478722259914,28,40,1.0,12,18,0,0,0.7
10.813928881466124,106.66511432455972,21,34,1.0,12,18,0,0,0.6176
10.755608615763382,106.67347943578082,18,28,0.997901,12,18,0,0,0.6429
10.782680856341084,106.70051548181168,18,29,1.0,12,18,0,0,0.6207
10.754895139302109,106.67839188181134,22,32,1.0,12,18,0,0,0.6875
10.785070445194592,106.68331340921324,13,27,1.0,12,18,0,0,0.4815
10.7549373008113,106.67848844133415,22,32,1.0,12,18,0,0,0.6875
10.77898143649726,106.67684447140958,24,34,1.0,12,18,0,0,0.7059
10.7671128283867,106.6927618222887,14,20,1.0,12,18,0,0,0.7
10.77847212665258,106.69389510879644,29,41,1.0,12,19,0,0,0.7073
10.796057790235078,106.67492629345334,21,34,1.0,12,19,0,0,0.6176
10.8352982156415,106.72935479345392,37,42,0.996932,12,19,0,0,0.881
10.777562007197462,106.7041335430398,18,30,1.0,12,19,0,0,0.6
10.83886351241477,106.67566625482782,36,36,1.0,12,19,0,0,1.0
10.765187049751797,106.67550552599072,25,36,1.0,12,19,0,0,0.6944
10.75948437198232,106.6840537511244,18,27,1.0,12,19,0,0,0.6667
10.865229381280963,106.72366973948476,37,49,1.0,12,19,0,0,0.7551
10.72279213640514,106.72808623948244,28,37,0.999104,12,19,0,0,0.7568
10.823400120373712,106.68551227436063,24,31,1.0,12,19,0,0,0.7742
10.756158554057755,106.66631758181126,22,30,1.0,12,19,0,0,0.7333
10.7144382088356,106.73711688366168,28,34,1.0,12,19,0,0,0.8235
10.817236653231737,106.63191539530456,22,35,1.0,12,19,0,0,0.6286
10.772727584493625,106.69804225297564,16,25,0.998623,12,21,0,0,0.64
10.774028664434528,106.70357076461706,29,29,1.0,12,21,0,0,1.0
10.752616652291238,106.72509685338922,39,39,1.0,12,21,0,0,1.0
10.745754766198267,106.65326266831876,36,43,1.0,12,21,0,0,0.8372
10.94927106740351,106.87196348224562,42,42,1.0,12,21,0,0,1.0
10.78866360854368,106.695513722289,33,42,1.0,12,21,0,0,0.7857
10.801406421807084,106.7114844087968,33,42,1.0,12,21,0,0,0.7857
10.843150534972033,106.6151343241409,22,35,1.0,12,21,0,0,0.6286
10.880537767027526,106.81481342866444,40,53,1.0,12,21,0,0,0.7547
10.740840166521664,106.61899246873142,26,35,1.0,12,21,0,0,0.7429
10.798986343749618,106.7269705664684,45,45,1.0,12,21,0,0,1.0
10.741860769464234,106.73790365482628,45,45,1.0,12,21,0,0,1.0
10.752408891679814,106.7022703818112,26,34,1.0,12,21,0,0,0.7647
10.786216596454729,106.71836665482697,40,40,1.0,12,22,0,0,1.0
10.78948793356203,106.7151883818118,36,36,1.0,12,22,0,0,1.0
10.80223925742187,106.6478722259914,28,41,1.0,12,22,0,0,0.6829
10.813928881466124,106.66511432455972,22,34,0.998758,12,22,0,0,0.6471
10.755608615763382,106.67347943578082,17,27,0.997871,12,22,0,0,0.6296
10.782680856341084,106.70051548181168,18,30,1.0,12,22,0,0,0.6
10.754895139302109,106.67839188181134,24,33,1.0,12,22,0,0,0.7273
10.785070445194592,106.68331340921324,12,28,1.0,12,22,0,0,0.4286
10.7549373008113,106.67848844133415,24,33,1.0,12,22,0,0,0.7273
10.77898143649726,106.67684447140958,24,34,1.0,12,22,0,0,0.7059
10.7671128283867,106.6927618222887,12,20,1.0,12,22,0,0,0.6
10.77847212665258,106.69389510879644,29,41,1.0,12,22,0,0,0.7073
10.796057790235078,106.67492629345334,22,34,0.998759,12,22,0,0,0.6471
10.8352982156415,106.72935479345392,35,42,0.996748,12,22,0,0,0.8333
10.777562007197462,106.7041335430398,19,29,1.0,12,22,0,0,0.6552
10.83886351241477,106.67566625482782,29,36,1.0,12,22,0,0,0.8056
10.765187049751797,106.67550552599072,22,35,1.0,12,22,0,0,0.6286
10.75948437198232,106.6840537511244,18,27,0.997878,12,22,0,0,0.6667
10.865229381280963,106.72366973948476,38,49,1.0,12,22,0,0,0.7755
10.72279213640514,106.72808623948244,28,37,0.999742,12,22,0,0,0.7568
10.823400120373712,106.68551227436063,26,31,1.0,12,22,0,0,0.8387
10.756158554057755,106.66631758181126,19,29,1.0,12,22,0,0,0.6552
10.7144382088356,106.73711688366168,28,35,1.0,12,23,0,0,0.8
10.817236653231737,106.63191539530456,21,35,1.0,12,23,0,0,0.6
10.772727584493625,106.69804225297564,15,24,0.998623,12,25,0,0,0.625
10.774028664434528,106.70357076461706,20,28,1.0,12,25,0,0,0.7143
10.752616652291238,106.72509685338922,39,39,1.0,12,25,0,0,1.0
10.745754766198267,106.65326266831876,34,43,1.0,12,25,0,0,0.7907
10.94927106740351,106.87196348224562,29,41,1.0,12,25,0,0,0.7073
10.78866360854368,106.695513722289,33,42,1.0,12,25,0,0,0.7857
10.801406421807084,106.7114844087968,33,42,1.0,12,25,0,0,0.7857
10.843150534972033,106.6151343241409,22,35,1.0,12,25,0,0,0.6286
10.880537767027526,106.81481342866444,41,53,1.0,12,25,0,0,0.7736
10.740840166521664,106.61899246873142,26,35,1.0,12,25,0,0,0.7429
10.798986343749618,106.7269705664684,45,45,1.0,12,25,0,0,1.0
10.741860769464234,106.73790365482628,45,45,1.0,12,26,0,0,1.0
10.752408891679814,106.7022703818112,24,34,1.0,12,26,0,0,0.7059
10.786216596454729,106.71836665482697,40,40,1.0,12,26,0,0,1.0
10.78948793356203,106.7151883818118,36,36,1.0,12,26,0,0,1.0
10.80223925742187,106.6478722259914,28,40,1.0,12,26,0,0,0.7
10.813928881466124,106.66511432455972,23,34,0.998691,12,26,0,0,0.6765
10.755608615763382,106.67347943578082,19,27,1.0,12,26,0,0,0.7037
10.782680856341084,106.70051548181168,19,30,1.0,12,26,0,0,0.6333
10.754895139302109,106.67839188181134,21,33,1.0,12,26,0,0,0.6364
10.785070445194592,106.68331340921324,16,28,1.0,12,26,0,0,0.5714
10.7549373008113,106.67848844133415,21,33,1.0,12,26,0,0,0.6364
10.77898143649726,106.67684447140958,23,34,1.0,12,26,0,0,0.6765
10.7671128283867,106.6927618222887,20,20,1.0,12,26,0,0,1.0
10.77847212665258,106.69389510879644,30,41,1.0,12,26,0,0,0.7317
10.796057790235078,106.67492629345334,23,34,0.998691,12,26,0,0,0.6765
10.8352982156415,106.72935479345392,36,42,0.997831,12,26,0,0,0.8571
10.777562007197462,106.7041335430398,19,30,1.0,12,26,0,0,0.6333
10.83886351241477,106.67566625482782,28,36,1.0,12,26,0,0,0.7778
10.765187049751797,106.67550552599072,27,35,1.0,12,26,0,0,0.7714
10.75948437198232,106.6840537511244,20,27,1.0,12,26,0,0,0.7407
10.865229381280963,106.72366973948476,38,49,1.0,12,26,0,0,0.7755
10.72279213640514,106.72808623948244,29,37,1.0,12,26,0,0,0.7838
10.823400120373712,106.68551227436063,21,32,1.0,12,26,0,0,0.6562
10.756158554057755,106.66631758181126,21,29,1.0,12,26,0,0,0.7241
10.7144382088356,106.73711688366168,27,35,1.0,12,26,0,0,0.7714
10.817236653231737,106.63191539530456,21,34,1.0,12,26,0,0,0.6176
10.772727584493625,106.69804225297564,17,24,0.998765,12,28,0,0,0.7083
10.774028664434528,106.70357076461706,16,29,1.0,12,28,0,0,0.5517
10.752616652291238,106.72509685338922,39,39,1.0,12,28,0,0,1.0
10.745754766198267,106.65326266831876,35,42,1.0,12,28,0,0,0.8333
10.94927106740351,106.87196348224562,29,41,1.0,12,28,0,0,0.7073
10.78866360854368,106.695513722289,33,42,1.0,12,28,0,0,0.7857
10.801406421807084,106.7114844087968,33,42,1.0,12,29,0,0,0.7857
10.843150534972033,106.6151343241409,20,35,1.0,12,29,0,0,0.5714
10.880537767027526,106.81481342866444,40,53,1.0,12,29,0,0,0.7547
10.740840166521664,106.61899246873142,25,36,1.0,12,29,0,0,0.6944
10.798986343749618,106.7269705664684,45,45,1.0,12,29,0,0,1.0
10.741860769464234,106.73790365482628,37,44,1.0,12,29,0,0,0.8409
10.752408891679814,106.7022703818112,23,34,1.0,12,29,0,0,0.6765
10.786216596454729,106.71836665482697,40,40,1.0,12,29,0,0,1.0
10.78948793356203,106.7151883818118,36,36,1.0,12,29,0,0,1.0
10.80223925742187,106.6478722259914,27,41,1.0,12,29,0,0,0.6585
10.813928881466124,106.66511432455972,23,34,0.998981,12,29,0,0,0.6765
10.755608615763382,106.67347943578082,19,27,1.0,12,29,0,0,0.7037
10.782680856341084,106.70051548181168,18,30,1.0,12,29,0,0,0.6
10.754895139302109,106.67839188181134,23,32,1.0,12,29,0,0,0.7188
10.785070445194592,106.68331340921324,13,28,1.0,12,29,0,0,0.4643
10.7549373008113,106.67848844133415,23,32,1.0,12,29,0,0,0.7188
10.77898143649726,106.67684447140958,23,34,1.0,12,29,0,0,0.6765
10.7671128283867,106.6927618222887,20,20,1.0,12,29,0,0,1.0
10.77847212665258,106.69389510879644,30,41,1.0,12,29,0,0,0.7317
10.796057790235078,106.67492629345334,23,34,0.998981,12,29,0,0,0.6765
10.8352982156415,106.72935479345392,36,42,0.998193,12,29,0,0,0.8571
10.777562007197462,106.7041335430398,18,30,1.0,12,29,0,0,0.6
10.83886351241477,106.67566625482782,36,36,1.0,12,29,0,0,1.0
10.765187049751797,106.67550552599072,24,36,1.0,12,29,0,0,0.6667
10.75948437198232,106.6840537511244,19,27,1.0,12,29,0,0,0.7037
10.865229381280963,106.72366973948476,37,49,1.0,12,29,0,0,0.7551
10.72279213640514,106.72808623948244,28,37,1.0,12,29,0,0,0.7568
10.823400120373712,106.68551227436063,22,32,1.0,12,29,0,0,0.6875
10.756158554057755,106.66631758181126,22,29,1.0,12,29,0,0,0.7586
10.7144382088356,106.73711688366168,28,35,1.0,12,30,0,0,0.8
10.817236653231737,106.63191539530456,21,35,1.0,12,30,0,0,0.6
10.772727584493625,106.69804225297564,17,24,0.997876,12,32,0,0,0.7083
10.774028664434528,106.70357076461706,16,29,1.0,12,32,0,0,0.5517
10.752616652291238,106.72509685338922,39,39,1.0,12,32,0,0,1.0
10.745754766198267,106.65326266831876,35,43,1.0,12,32,0,0,0.814
10.94927106740351,106.87196348224562,28,41,1.0,12,32,0,0,0.6829
10.78866360854368,106.695513722289,34,42,1.0,12,32,0,0,0.8095
10.801406421807084,106.7114844087968,34,42,1.0,12,32,0,0,0.8095
10.843150534972033,106.6151343241409,20,35,1.0,12,32,0,0,0.5714
10.880537767027526,106.81481342866444,42,53,1.0,12,32,0,0,0.7925
10.740840166521664,106.61899246873142,28,35,1.0,12,32,0,0,0.8
10.798986343749618,106.7269705664684,45,45,1.0,12,32,0,0,1.0
10.741860769464234,106.73790365482628,45,45,1.0,12,32,0,0,1.0
10.752408891679814,106.7022703818112,25,34,1.0,12,32,0,0,0.7353
10.786216596454729,106.71836665482697,40,40,1.0,12,32,0,0,1.0
10.78948793356203,106.7151883818118,36,36,1.0,12,33,0,0,1.0
10.80223925742187,106.6478722259914,31,41,1.0,12,33,0,0,0.7561
10.813928881466124,106.66511432455972,22,34,0.997914,12,33,0,0,0.6471
10.755608615763382,106.67347943578082,20,27,1.0,12,33,0,0,0.7407
10.782680856341084,106.70051548181168,21,30,1.0,12,33,0,0,0.7
10.754895139302109,106.67839188181134,22,33,1.0,12,33,0,0,0.6667
10.785070445194592,106.68331340921324,14,27,1.0,12,33,0,0,0.5185
10.7549373008113,106.67848844133415,22,32,1.0,12,33,0,0,0.6875
10.77898143649726,106.67684447140958,24,34,1.0,12,33,0,0,0.7059
10.7671128283867,106.6927618222887,20,20,1.0,12,33,0,0,1.0
10.77847212665258,106.69389510879644,30,42,1.0,12,33,0,0,0.7143
10.796057790235078,106.67492629345334,22,34,0.997651,12,33,0,0,0.6471
10.8352982156415,106.72935479345392,34,42,0.998557,12,33,0,0,0.8095
10.777562007197462,106.7041335430398,20,30,1.0,12,33,0,0,0.6667
10.83886351241477,106.67566625482782,29,36,0.999216,12,33,0,0,0.8056
10.765187049751797,106.67550552599072,27,36,1.0,12,33,0,0,0.75
10.75948437198232,106.6840537511244,19,27,1.0,12,33,0,0,0.7037
10.865229381280963,106.72366973948476,37,49,1.0,12,33,0,0,0.7551
10.72279213640514,106.72808623948244,28,37,1.0,12,33,0,0,0.7568
10.823400120373712,106.68551227436063,25,32,1.0,12,33,0,0,0.7812
10.756158554057755,106.66631758181126,30,30,1.0,12,33,0,0,1.0
10.7144382088356,106.73711688366168,28,35,1.0,12,33,0,0,0.8
10.817236653231737,106.63191539530456,21,35,1.0,12,33,0,0,0.6
10.772727584493625,106.69804225297564,15,24,0.997876,12,35,0,0,0.625
10.774028664434528,106.70357076461706,14,29,1.0,12,35,0,0,0.4828
10.752616652291238,106.72509685338922,39,39,1.0,12,35,0,0,1.0
10.745754766198267,106.65326266831876,35,43,1.0,12,36,0,0,0.814
10.94927106740351,106.87196348224562,26,42,1.0,12,36,0,0,0.619
10.78866360854368,106.695513722289,32,42,1.0,12,36,0,0,0.7619
10.801406421807084,106.7114844087968,32,42,1.0,12,36,0,0,0.7619
10.843150534972033,106.6151343241409,22,35,1.0,12,36,0,0,0.6286
10.880537767027526,106.81481342866444,42,53,1.0,12,36,0,0,0.7925
10.740840166521664,106.61899246873142,27,35,1.0,12,36,0,0,0.7714
10.798986343749618,106.7269705664684,45,45,1.0,12,36,0,0,1.0
10.741860769464234,106.73790365482628,45,45,1.0,12,36,0,0,1.0
10.752408891679814,106.7022703818112,25,34,1.0,12,36,0,0,0.7353
10.786216596454729,106.71836665482697,40,40,1.0,12,36,0,0,1.0
10.78948793356203,106.7151883818118,36,36,1.0,12,36,0,0,1.0
10.80223925742187,106.6478722259914,28,41,1.0,12,36,0,0,0.6829
10.813928881466124,106.66511432455972,20,34,0.998179,12,36,0,0,0.5882
10.755608615763382,106.67347943578082,18,27,0.998947,12,36,0,0,0.6667
10.782680856341084,106.70051548181168,20,30,1.0,12,36,0,0,0.6667
10.754895139302109,106.67839188181134,23,32,1.0,12,36,0,0,0.7188
10.785070445194592,106.68331340921324,15,28,1.0,12,36,0,0,0.5357
10.7549373008113,106.67848844133415,23,32,1.0,12,36,0,0,0.7188
10.77898143649726,106.67684447140958,23,34,1.0,12,36,0,0,0.6765
10.7671128283867,106.6927618222887,15,19,1.0,12,36,0,0,0.7895
10.77847212665258,106.69389510879644,30,41,1.0,12,36,0,0,0.7317
10.796057790235078,106.67492629345334,20,34,0.998179,12,36,0,0,0.5882
10.8352982156415,106.72935479345392,35,42,0.998019,12,36,0,0,0.8333
10.777562007197462,106.7041335430398,20,30,1.0,12,36,0,0,0.6667
10.83886351241477,106.67566625482782,29,36,1.0,12,36,0,0,0.8056
10.765187049751797,106.67550552599072,27,36,1.0,12,36,0,0,0.75
10.75948437198232,106.6840537511244,17,26,0.998954,12,36,0,0,0.6538
10.865229381280963,106.72366973948476,40,49,1.0,12,36,0,0,0.8163
10.72279213640514,106.72808623948244,27,37,0.999886,12,36,0,0,0.7297
10.823400120373712,106.68551227436063,24,31,1.0,12,36,0,0,0.7742
10.756158554057755,106.66631758181126,30,30,1.0,12,36,0,0,1.0
10.7144382088356,106.73711688366168,29,35,1.0,12,36,0,0,0.8286
10.817236653231737,106.63191539530456,22,35,1.0,12,36,0,0,0.6286
10.772727584493625,106.69804225297564,17,25,0.997876,12,39,0,0,0.68
10.774028664434528,106.70357076461706,19,28,1.0,12,39,0,0,0.6786
10.752616652291238,106.72509685338922,39,39,1.0,12,39,0,0,1.0
10.745754766198267,106.65326266831876,36,43,1.0,12,39,0,0,0.8372
10.94927106740351,106.87196348224562,29,42,1.0,12,39,0,0,0.6905
10.78866360854368,106.695513722289,35,42,1.0,12,39,0,0,0.8333
10.801406421807084,106.7114844087968,35,42,1.0,12,39,0,0,0.8333
10.843150534972033,106.6151343241409,21,34,1.0,12,39,0,0,0.6176
10.880537767027526,106.81481342866444,41,52,1.0,12,39,0,0,0.7885
10.740840166521664,106.61899246873142,28,36,1.0,12,39,0,0,0.7778
10.798986343749618,106.7269705664684,45,45,1.0,12,39,0,0,1.0
10.741860769464234,106.73790365482628,45,45,1.0,12,39,0,0,1.0
10.752408891679814,106.7022703818112,24,34,1.0,12,39,0,0,0.7059
10.786216596454729,106.71836665482697,40,40,1.0,12,39,0,0,1.0
10.78948793356203,106.7151883818118,36,36,1.0,12,39,0,0,1.0
10.80223925742187,106.6478722259914,28,40,1.0,12,39,0,0,0.7
10.813928881466124,106.66511432455972,21,33,0.998955,12,39,0,0,0.6364
10.755608615763382,106.67347943578082,15,27,1.0,12,39,0,0,0.5556
10.782680856341084,106.70051548181168,20,30,1.0,12,39,0,0,0.6667
10.754895139302109,106.67839188181134,24,33,1.0,12,39,0,0,0.7273
10.785070445194592,106.68331340921324,14,27,1.0,12,40,0,0,0.5185
10.7549373008113,106.67848844133415,24,33,1.0,12,40,0,0,0.7273
10.77898143649726,106.67684447140958,24,34,1.0,12,40,0,0,0.7059
10.7671128283867,106.6927618222887,12,19,1.0,12,40,0,0,0.6316
10.77847212665258,106.69389510879644,30,41,1.0,12,40,0,0,0.7317
10.796057790235078,106.67492629345334,21,33,0.998955,12,40,0,0,0.6364
10.8352982156415,106.72935479345392,35,42,0.998142,12,40,0,0,0.8333
10.777562007197462,106.7041335430398,20,30,1.0,12,40,0,0,0.6667
10.83886351241477,106.67566625482782,28,36,1.0,12,40,0,0,0.7778
10.765187049751797,106.67550552599072,20,35,1.0,12,40,0,0,0.5714
10.75948437198232,106.6840537511244,15,27,1.0,12,40,0,0,0.5556
10.865229381280963,106.72366973948476,38,49,1.0,12,40,0,0,0.7755
10.72279213640514,106.72808623948244,28,37,0.998601,12,40,0,0,0.7568
10.823400120373712,106.68551227436063,24,31,1.0,12,40,0,0,0.7742
10.756158554057755,106.66631758181126,20,30,1.0,12,40,0,0,0.6667
10.7144382088356,106.73711688366168,29,35,1.0,12,40,0,0,0.8286
10.817236653231737,106.63191539530456,22,35,1.0,12,40,0,0,0.6286
10.772727584493625,106.69804225297564,16,24,1.0,12,42,0,0,0.6667
10.774028664434528,106.70357076461706,16,29,1.0,12,42,0,0,0.5517
10.752616652291238,106.72509685338922,39,39,1.0,12,42,0,0,1.0
10.745754766198267,106.65326266831876,36,43,1.0,12,42,0,0,0.8372
10.94927106740351,106.87196348224562,34,42,1.0,12,43,0,0,0.8095
10.78866360854368,106.695513722289,34,42,1.0,12,43,0,0,0.8095
10.801406421807084,106.7114844087968,34,42,1.0,12,43,0,0,0.8095
10.843150534972033,106.6151343241409,22,34,1.0,12,43,0,0,0.6471
10.880537767027526,106.81481342866444,41,53,1.0,12,43,0,0,0.7736
10.740840166521664,106.61899246873142,26,36,1.0,12,43,0,0,0.7222
10.798986343749618,106.7269705664684,45,45,1.0,12,43,0,0,1.0
10.741860769464234,106.73790365482628,45,45,1.0,12,43,0,0,1.0
10.752408891679814,106.7022703818112,26,34,1.0,12,43,0,0,0.7647
10.786216596454729,106.71836665482697,40,40,1.0,12,43,0,0,1.0
10.78948793356203,106.7151883818118,36,36,1.0,12,43,0,0,1.0
10.80223925742187,106.6478722259914,31,40,1.0,12,43,0,0,0.775
10.813928881466124,106.66511432455972,21,33,0.999523,12,43,0,0,0.6364
10.755608615763382,106.67347943578082,18,27,0.998954,12,43,0,0,0.6667
10.782680856341084,106.70051548181168,22,30,1.0,12,43,0,0,0.7333
10.754895139302109,106.67839188181134,23,32,1.0,12,43,0,0,0.7188
10.785070445194592,106.68331340921324,16,28,1.0,12,43,0,0,0.5714
10.7549373008113,106.67848844133415,23,32,1.0,12,43,0,0,0.7188
10.77898143649726,106.67684447140958,23,34,1.0,12,43,0,0,0.6765
10.7671128283867,106.6927618222887,11,20,1.0,12,43,0,0,0.55
10.77847212665258,106.69389510879644,31,42,1.0,12,43,0,0,0.7381
10.796057790235078,106.67492629345334,22,34,0.999236,12,43,0,0,0.6471
10.8352982156415,106.72935479345392,36,42,0.99799,12,44,0,0,0.8571
10.777562007197462,106.7041335430398,21,30,1.0,12,44,0,0,0.7
10.83886351241477,106.67566625482782,26,35,1.0,12,44,0,0,0.7429
10.765187049751797,106.67550552599072,25,36,1.0,12,44,0,0,0.6944
10.75948437198232,106.6840537511244,20,27,0.997949,12,44,0,0,0.7407
10.865229381280963,106.72366973948476,39,49,1.0,12,44,0,0,0.7959
10.72279213640514,106.72808623948244,28,37,0.998861,12,44,0,0,0.7568
10.823400120373712,106.68551227436063,25,32,1.0,12,44,0,0,0.7812
10.756158554057755,106.66631758181126,23,29,1.0,12,44,0,0,0.7931
10.7144382088356,106.73711688366168,28,35,0.999099,12,44,0,0,0.8
10.817236653231737,106.63191539530456,23,34,1.0,12,44,0,0,0.6765
10.772727584493625,106.69804225297564,15,25,1.0,12,47,0,0,0.6
10.774028664434528,106.70357076461706,16,28,1.0,12,47,0,0,0.5714
10.752616652291238,106.72509685338922,39,39,1.0,12,47,0,0,1.0
10.745754766198267,106.65326266831876,34,43,1.0,12,47,0,0,0.7907
10.94927106740351,106.87196348224562,42,42,1.0,12,47,0,0,1.0
10.78866360854368,106.695513722289,34,42,1.0,12,47,0,0,0.8095
10.801406421807084,106.7114844087968,34,42,1.0,12,47,0,0,0.8095
10.843150534972033,106.6151343241409,22,34,1.0,12,47,0,0,0.6471
10.880537767027526,106.81481342866444,41,53,1.0,12,47,0,0,0.7736
10.740840166521664,106.61899246873142,26,35,1.0,12,47,0,0,0.7429
10.798986343749618,106.7269705664684,45,45,1.0,12,47,0,0,1.0
10.741860769464234,106.73790365482628,45,45,1.0,12,47,0,0,1.0
10.752408891679814,106.7022703818112,25,33,1.0,12,47,0,0,0.7576
10.786216596454729,106.71836665482697,40,40,1.0,12,47,0,0,1.0
10.78948793356203,106.7151883818118,36,36,1.0,12,47,0,0,1.0
10.80223925742187,106.6478722259914,32,41,1.0,12,47,0,0,0.7805
10.813928881466124,106.66511432455972,20,33,0.999713,12,47,0,0,0.6061
10.755608615763382,106.67347943578082,20,27,1.0,12,47,0,0,0.7407
10.782680856341084,106.70051548181168,19,31,1.0,12,47,0,0,0.6129
10.754895139302109,106.67839188181134,24,32,1.0,12,47,0,0,0.75
10.785070445194592,106.68331340921324,17,27,1.0,12,47,0,0,0.6296
10.7549373008113,106.67848844133415,24,32,1.0,12,47,0,0,0.75
10.77898143649726,106.67684447140958,23,34,1.0,12,47,0,0,0.6765
10.7671128283867,106.6927618222887,11,20,1.0,12,47,0,0,0.55
10.77847212665258,106.69389510879644,30,41,1.0,12,47,0,0,0.7317
10.796057790235078,106.67492629345334,21,34,0.999713,12,47,0,0,0.6176
10.8352982156415,106.72935479345392,36,42,0.997833,12,47,0,0,0.8571
10.777562007197462,106.7041335430398,20,30,1.0,12,47,0,0,0.6667
10.83886351241477,106.67566625482782,29,35,1.0,12,47,0,0,0.8286
10.765187049751797,106.67550552599072,24,36,1.0,12,48,0,0,0.6667
10.75948437198232,106.6840537511244,20,27,0.998951,12,48,0,0,0.7407
10.865229381280963,106.72366973948476,38,49,1.0,12,48,0,0,0.7755
10.72279213640514,106.72808623948244,37,37,1.0,12,48,0,0,1.0
10.823400120373712,106.68551227436063,22,32,1.0,12,48,0,0,0.6875
10.756158554057755,106.66631758181126,22,29,1.0,12,48,0,0,0.7586
10.7144382088356,106.73711688366168,28,35,1.0,12,48,0,0,0.8
10.817236653231737,106.63191539530456,23,35,1.0,12,48,0,0,0.6571
10.772727584493625,106.69804225297564,16,24,1.0,12,50,0,0,0.6667
10.774028664434528,106.70357076461706,20,28,1.0,12,50,0,0,0.7143
10.752616652291238,106.72509685338922,29,39,1.0,12,50,0,0,0.7436
10.745754766198267,106.65326266831876,36,43,1.0,12,50,0,0,0.8372
10.94927106740351,106.87196348224562,30,42,1.0,12,50,0,0,0.7143
10.78866360854368,106.695513722289,34,42,1.0,12,50,0,0,0.8095
10.801406421807084,106.7114844087968,34,42,1.0,12,50,0,0,0.8095
10.843150534972033,106.6151343241409,23,35,1.0,12,50,0,0,0.6571
10.880537767027526,106.81481342866444,41,53,1.0,12,50,0,0,0.7736
10.740840166521664,106.61899246873142,26,35,1.0,12,50,0,0,0.7429
10.798986343749618,106.7269705664684,45,45,1.0,12,50,0,0,1.0
10.741860769464234,106.73790365482628,45,45,1.0,12,50,0,0,1.0
10.752408891679814,106.7022703818112,26,34,1.0,12,50,0,0,0.7647
10.786216596454729,106.71836665482697,40,40,1.0,12,50,0,0,1.0
10.78948793356203,106.7151883818118,36,36,1.0,12,50,0,0,1.0
10.80223925742187,106.6478722259914,31,40,1.0,12,50,0,0,0.775
10.813928881466124,106.66511432455972,22,34,1.0,12,50,0,0,0.6471
10.755608615763382,106.67347943578082,22,28,1.0,12,50,0,0,0.7857
10.782680856341084,106.70051548181168,20,30,1.0,12,50,0,0,0.6667
10.754895139302109,106.67839188181134,24,32,1.0,12,51,0,0,0.75
10.785070445194592,106.68331340921324,16,27,1.0,12,51,0,0,0.5926
10.7549373008113,106.67848844133415,24,32,1.0,12,51,0,0,0.75
10.77898143649726,106.67684447140958,23,34,1.0,12,51,0,0,0.6765
10.7671128283867,106.6927618222887,20,20,1.0,12,51,0,0,1.0
10.77847212665258,106.69389510879644,30,41,1.0,12,51,0,0,0.7317
10.796057790235078,106.67492629345334,22,34,0.99972,12,51,0,0,0.6471
10.8352982156415,106.72935479345392,36,42,0.998142,12,51,0,0,0.8571
10.777562007197462,106.7041335430398,20,30,1.0,12,51,0,0,0.6667
10.83886351241477,106.67566625482782,36,36,1.0,12,51,0,0,1.0
10.765187049751797,106.67550552599072,27,36,1.0,12,51,0,0,0.75
10.75948437198232,106.6840537511244,23,28,1.0,12,51,0,0,0.8214
10.865229381280963,106.72366973948476,38,49,1.0,12,51,0,0,0.7755
10.72279213640514,106.72808623948244,30,37,0.997777,12,51,0,0,0.8108
10.823400120373712,106.68551227436063,24,31,1.0,12,51,0,0,0.7742
10.756158554057755,106.66631758181126,22,30,1.0,12,51,0,0,0.7333
10.7144382088356,106.73711688366168,27,35,1.0,12,51,0,0,0.7714
10.817236653231737,106.63191539530456,24,34,1.0,12,51,0,0,0.7059
10.772727584493625,106.69804225297564,15,24,1.0,12,54,0,0,0.625
10.774028664434528,106.70357076461706,22,28,1.0,12,54,0,0,0.7857
10.752616652291238,106.72509685338922,39,39,1.0,12,54,0,0,1.0
10.745754766198267,106.65326266831876,34,43,0.999762,12,54,0,0,0.7907
10.94927106740351,106.87196348224562,30,41,1.0,12,54,0,0,0.7317
10.78866360854368,106.695513722289,34,42,1.0,12,54,0,0,0.8095
10.801406421807084,106.7114844087968,34,42,1.0,12,54,0,0,0.8095
10.843150534972033,106.6151343241409,22,35,1.0,12,54,0,0,0.6286
10.880537767027526,106.81481342866444,41,53,1.0,12,54,0,0,0.7736
10.740840166521664,106.61899246873142,25,35,1.0,12,54,0,0,0.7143
10.798986343749618,106.7269705664684,45,45,1.0,12,55,0,0,1.0
10.741860769464234,106.73790365482628,37,44,1.0,12,55,0,0,0.8409
10.752408891679814,106.7022703818112,27,34,1.0,12,55,0,0,0.7941
10.786216596454729,106.71836665482697,40,40,1.0,12,55,0,0,1.0
10.78948793356203,106.7151883818118,36,36,1.0,12,55,0,0,1.0
10.80223925742187,106.6478722259914,32,41,1.0,12,55,0,0,0.7805
10.813928881466124,106.66511432455972,21,33,1.0,12,55,0,0,0.6364
10.755608615763382,106.67347943578082,20,27,0.998947,12,55,0,0,0.7407
10.782680856341084,106.70051548181168,21,30,1.0,12,55,0,0,0.7
10.754895139302109,106.67839188181134,23,33,1.0,12,55,0,0,0.697
10.785070445194592,106.68331340921324,14,28,1.0,12,55,0,0,0.5
10.7549373008113,106.67848844133415,22,33,1.0,12,55,0,0,0.6667
10.77898143649726,106.67684447140958,24,34,1.0,12,55,0,0,0.7059
10.7671128283867,106.6927618222887,12,19,1.0,12,55,0,0,0.6316
10.77847212665258,106.69389510879644,30,42,1.0,12,55,0,0,0.7143
10.796057790235078,106.67492629345334,21,34,1.0,12,55,0,0,0.6176
10.8352982156415,106.72935479345392,37,42,0.99721,12,55,0,0,0.881
10.777562007197462,106.7041335430398,19,31,1.0,12,55,0,0,0.6129
10.83886351241477,106.67566625482782,29,36,1.0,12,55,0,0,0.8056
10.765187049751797,106.67550552599072,26,35,1.0,12,55,0,0,0.7429
10.75948437198232,106.6840537511244,20,28,0.998951,12,56,0,0,0.7143
10.865229381280963,106.72366973948476,38,49,1.0,12,56,0,0,0.7755
10.72279213640514,106.72808623948244,29,37,0.99695,12,56,0,0,0.7838
10.823400120373712,106.68551227436063,22,32,1.0,12,56,0,0,0.6875
10.756158554057755,106.66631758181126,21,28,1.0,12,56,0,0,0.75
10.7144382088356,106.73711688366168,27,35,1.0,12,56,0,0,0.7714
10.817236653231737,106.63191539530456,22,35,1.0,12,56,0,0,0.6286
10.772727584493625,106.69804225297564,17,23,1.0,12,58,0,0,0.7391
10.774028664434528,106.70357076461706,29,29,1.0,12,58,0,0,1.0
10.752616652291238,106.72509685338922,39,39,1.0,12,58,0,0,1.0
10.745754766198267,106.65326266831876,36,43,1.0,12,58,0,0,0.8372
10.94927106740351,106.87196348224562,30,42,1.0,12,58,0,0,0.7143
10.78866360854368,106.695513722289,34,42,1.0,12,58,0,0,0.8095
10.801406421807084,106.7114844087968,34,42,1.0,12,58,0,0,0.8095
10.843150534972033,106.6151343241409,22,35,1.0,12,58,0,0,0.6286
10.880537767027526,106.81481342866444,40,52,1.0,12,58,0,0,0.7692
10.740840166521664,106.61899246873142,27,35,1.0,12,59,0,0,0.7714
10.798986343749618,106.7269705664684,45,45,1.0,12,59,0,0,1.0
10.741860769464234,106.73790365482628,45,45,1.0,12,59,0,0,1.0
10.752408891679814,106.7022703818112,25,33,1.0,12,59,0,0,0.7576
10.786216596454729,106.71836665482697,40,40,1.0,12,59,0,0,1.0
10.78948793356203,106.7151883818118,36,36,1.0,12,59,0,0,1.0
10.80223925742187,106.6478722259914,30,40,1.0,12,59,0,0,0.75
10.813928881466124,106.66511432455972,23,34,1.0,12,59,0,0,0.6765
10.755608615763382,106.67347943578082,16,27,0.998943,12,59,0,0,0.5926
10.782680856341084,106.70051548181168,19,30,1.0,13,5,0,0,0.6333
10.754895139302109,106.67839188181134,23,33,1.0,13,5,0,0,0.697
10.785070445194592,106.68331340921324,17,27,1.0,13,5,0,0,0.6296
10.7549373008113,106.67848844133415,23,33,1.0,13,5,0,0,0.697
10.77898143649726,106.67684447140958,24,34,1.0,13,5,0,0,0.7059
10.7671128283867,106.6927618222887,14,20,1.0,13,6,0,0,0.7
10.77847212665258,106.69389510879644,29,41,1.0,13,6,0,0,0.7073
10.796057790235078,106.67492629345334,22,34,1.0,13,6,0,0,0.6471
10.8352982156415,106.72935479345392,35,43,0.997296,13,6,0,0,0.814
10.777562007197462,106.7041335430398,20,30,1.0,13,6,0,0,0.6667
10.83886351241477,106.67566625482782,27,35,1.0,13,6,0,0,0.7714
10.765187049751797,106.67550552599072,27,36,1.0,13,6,0,0,0.75
10.75948437198232,106.6840537511244,21,28,0.998951,13,6,0,0,0.75
10.865229381280963,106.72366973948476,38,49,1.0,13,6,0,0,0.7755
10.72279213640514,106.72808623948244,29,37,0.998655,13,7,0,0,0.7838
10.823400120373712,106.68551227436063,24,32,1.0,13,7,0,0,0.75
10.756158554057755,106.66631758181126,21,29,1.0,13,7,0,0,0.7241
10.7144382088356,106.73711688366168,27,35,1.0,13,7,0,0,0.7714
10.817236653231737,106.63191539530456,22,35,1.0,13,7,0,0,0.6286
10.772727584493625,106.69804225297564,14,23,1.0,13,9,0,0,0.6087
10.774028664434528,106.70357076461706,16,29,1.0,13,9,0,0,0.5517
10.752616652291238,106.72509685338922,39,39,1.0,13,10,0,0,1.0
10.745754766198267,106.65326266831876,37,43,1.0,13,10,0,0,0.8605
10.94927106740351,106.87196348224562,42,42,1.0,13,10,0,0,1.0
10.78866360854368,106.695513722289,34,42,1.0,13,10,0,0,0.8095
10.801406421807084,106.7114844087968,35,41,1.0,13,10,0,0,0.8537
10.843150534972033,106.6151343241409,23,35,1.0,13,11,0,0,0.6571
10.880537767027526,106.81481342866444,44,53,1.0,13,11,0,0,0.8302
10.740840166521664,106.61899246873142,27,36,1.0,13,11,0,0,0.75
10.798986343749618,106.7269705664684,45,45,1.0,13,11,0,0,1.0
10.741860769464234,106.73790365482628,45,45,1.0,13,11,0,0,1.0
10.752408891679814,106.7022703818112,25,34,1.0,13,11,0,0,0.7353
10.786216596454729,106.71836665482697,40,40,1.0,13,11,0,0,1.0
10.78948793356203,106.7151883818118,36,36,1.0,13,12,0,0,1.0
10.80223925742187,106.6478722259914,41,41,1.0,13,12,0,0,1.0
10.813928881466124,106.66511432455972,24,34,1.0,13,12,0,0,0.7059
10.755608615763382,106.67347943578082,19,28,0.998943,13,12,0,0,0.6786
10.782680856341084,106.70051548181168,20,30,1.0,13,12,0,0,0.6667
10.754895139302109,106.67839188181134,24,32,1.0,13,12,0,0,0.75
10.785070445194592,106.68331340921324,19,27,1.0,13,12,0,0,0.7037
10.7549373008113,106.67848844133415,24,32,1.0,13,12,0,0,0.75
10.77898143649726,106.67684447140958,24,34,1.0,13,13,0,0,0.7059
10.7671128283867,106.6927618222887,11,19,1.0,13,13,0,0,0.5789
10.77847212665258,106.69389510879644,29,41,1.0,13,13,0,0,0.7073
10.796057790235078,106.67492629345334,22,34,0.999242,13,13,0,0,0.6471
10.8352982156415,106.72935479345392,36,42,0.998384,13,13,0,0,0.8571
10.777562007197462,106.7041335430398,18,30,1.0,13,13,0,0,0.6
10.83886351241477,106.67566625482782,36,36,1.0,13,13,0,0,1.0
10.765187049751797,106.67550552599072,25,35,1.0,13,14,0,0,0.7143
10.75948437198232,106.6840537511244,21,28,1.0,13,14,0,0,0.75
10.865229381280963,106.72366973948476,37,49,1.0,13,14,0,0,0.7551
10.72279213640514,106.72808623948244,27,37,0.998476,13,14,0,0,0.7297
10.823400120373712,106.68551227436063,26,31,1.0,13,14,0,0,0.8387
10.756158554057755,106.66631758181126,20,29,1.0,13,14,0,0,0.6897
10.7144382088356,106.73711688366168,27,35,1.0,13,14,0,0,0.7714
10.817236653231737,106.63191539530456,23,35,1.0,13,14,0,0,0.6571
10.772727584493625,106.69804225297564,17,24,0.997276,13,16,0,0,0.7083
10.774028664434528,106.70357076461706,14,28,1.0,13,16,0,0,0.5
10.752616652291238,106.72509685338922,39,39,1.0,13,16,0,0,1.0
10.745754766198267,106.65326266831876,37,42,1.0,13,16,0,0,0.881
10.94927106740351,106.87196348224562,31,41,1.0,13,16,0,0,0.7561
10.78866360854368,106.695513722289,34,41,1.0,13,16,0,0,0.8293
10.801406421807084,106.7114844087968,34,41,1.0,13,16,0,0,0.8293
10.843150534972033,106.6151343241409,23,35,1.0,13,16,0,0,0.6571
10.880537767027526,106.81481342866444,42,53,1.0,13,17,0,0,0.7925
10.740840166521664,106.61899246873142,25,35,1.0,13,17,0,0,0.7143
10.798986343749618,106.7269705664684,45,45,1.0,13,17,0,0,1.0
10.741860769464234,106.73790365482628,45,45,1.0,13,17,0,0,1.0
10.752408891679814,106.7022703818112,24,33,1.0,13,17,0,0,0.7273
10.786216596454729,106.71836665482697,40,40,1.0,13,17,0,0,1.0
10.78948793356203,106.7151883818118,36,36,1.0,13,17,0,0,1.0
10.80223925742187,106.6478722259914,30,41,1.0,13,17,0,0,0.7317
10.813928881466124,106.66511432455972,24,34,1.0,13,17,0,0,0.7059
10.755608615763382,106.67347943578082,20,28,0.998943,13,17,0,0,0.7143
10.782680856341084,106.70051548181168,20,30,1.0,13,17,0,0,0.6667
10.754895139302109,106.67839188181134,23,32,1.0,13,17,0,0,0.7188
10.785070445194592,106.68331340921324,16,28,1.0,13,17,0,0,0.5714
10.7549373008113,106.67848844133415,24,33,1.0,13,18,0,0,0.7273
10.77898143649726,106.67684447140958,23,35,1.0,13,18,0,0,0.6571
10.7671128283867,106.6927618222887,14,20,1.0,13,18,0,0,0.7
10.77847212665258,106.69389510879644,28,42,1.0,13,18,0,0,0.6667
10.796057790235078,106.67492629345334,23,34,1.0,13,18,0,0,0.6765
10.8352982156415,106.72935479345392,35,42,0.998294,13,18,0,0,0.8333
10.777562007197462,106.7041335430398,19,30,1.0,13,18,0,0,0.6333
10.83886351241477,106.67566625482782,28,36,0.99741,13,18,0,0,0.7778
10.765187049751797,106.67550552599072,28,36,1.0,13,18,0,0,0.7778
10.75948437198232,106.6840537511244,16,27,1.0,13,18,0,0,0.5926
10.865229381280963,106.72366973948476,36,49,1.0,13,18,0,0,0.7347
10.72279213640514,106.72808623948244,28,37,0.998476,13,18,0,0,0.7568
10.823400120373712,106.68551227436063,22,31,1.0,13,19,0,0,0.7097
10.756158554057755,106.66631758181126,24,29,1.0,13,19,0,0,0.8276
10.7144382088356,106.73711688366168,29,36,1.0,13,19,0,0,0.8056
10.817236653231737,106.63191539530456,22,35,1.0,13,19,0,0,0.6286
10.772727584493625,106.69804225297564,17,24,1.0,13,21,0,0,0.7083
10.774028664434528,106.70357076461706,16,28,1.0,13,21,0,0,0.5714
10.752616652291238,106.72509685338922,39,39,1.0,13,21,0,0,1.0
10.745754766198267,106.65326266831876,36,42,1.0,13,21,0,0,0.8571
10.94927106740351,106.87196348224562,32,41,1.0,13,21,0,0,0.7805
10.78866360854368,106.695513722289,35,41,1.0,13,21,0,0,0.8537
10.801406421807084,106.7114844087968,35,41,1.0,13,21,0,0,0.8537
10.843150534972033,106.6151343241409,22,35,1.0,13,21,0,0,0.6286
10.880537767027526,106.81481342866444,44,54,1.0,13,21,0,0,0.8148
10.740840166521664,106.61899246873142,25,35,1.0,13,22,0,0,0.7143
10.798986343749618,106.7269705664684,45,45,1.0,13,22,0,0,1.0
10.741860769464234,106.73790365482628,45,45,1.0,13,22,0,0,1.0
10.752408891679814,106.7022703818112,25,32,1.0,13,22,0,0,0.7812
10.786216596454729,106.71836665482697,40,40,1.0,13,22,0,0,1.0
10.78948793356203,106.7151883818118,29,35,1.0,13,22,0,0,0.8286
10.80223925742187,106.6478722259914,30,41,1.0,13,22,0,0,0.7317
10.813928881466124,106.66511432455972,24,33,1.0,13,22,0,0,0.7273
10.755608615763382,106.67347943578082,16,28,0.997975,13,22,0,0,0.5714
10.782680856341084,106.70051548181168,20,30,1.0,13,22,0,0,0.6667
10.754895139302109,106.67839188181134,25,33,1.0,13,22,0,0,0.7576
10.785070445194592,106.68331340921324,18,27,1.0,13,22,0,0,0.6667
10.7549373008113,106.67848844133415,25,33,1.0,13,22,0,0,0.7576
10.77898143649726,106.67684447140958,21,34,1.0,13,23,0,0,0.6176
10.7671128283867,106.6927618222887,20,20,1.0,13,23,0,0,1.0
10.77847212665258,106.69389510879644,28,41,1.0,13,23,0,0,0.6829
10.796057790235078,106.67492629345334,23,34,1.0,13,23,0,0,0.6765
10.8352982156415,106.72935479345392,35,42,0.998327,13,23,0,0,0.8333
10.777562007197462,106.7041335430398,20,30,1.0,13,23,0,0,0.6667
10.83886351241477,106.67566625482782,28,35,1.0,13,23,0,0,0.8
10.765187049751797,106.67550552599072,26,36,1.0,13,23,0,0,0.7222
10.75948437198232,106.6840537511244,17,27,1.0,13,23,0,0,0.6296
10.865229381280963,106.72366973948476,37,49,1.0,13,23,0,0,0.7551
10.72279213640514,106.72808623948244,28,37,0.998476,13,23,0,0,0.7568
10.823400120373712,106.68551227436063,25,31,1.0,13,23,0,0,0.8065
10.756158554057755,106.66631758181126,22,30,1.0,13,23,0,0,0.7333
10.7144382088356,106.73711688366168,26,35,1.0,13,23,0,0,0.7429
10.817236653231737,106.63191539530456,22,35,1.0,13,23,0,0,0.6286
10.772727584493625,106.69804225297564,16,24,1.0,13,26,0,0,0.6667
10.774028664434528,106.70357076461706,29,29,1.0,13,26,0,0,1.0
10.752616652291238,106.72509685338922,39,39,1.0,13,26,0,0,1.0
10.745754766198267,106.65326266831876,42,42,1.0,13,26,0,0,1.0
10.94927106740351,106.87196348224562,31,42,1.0,13,26,0,0,0.7381
10.78866360854368,106.695513722289,34,41,1.0,13,26,0,0,0.8293
10.801406421807084,106.7114844087968,34,41,1.0,13,26,0,0,0.8293
10.843150534972033,106.6151343241409,23,35,1.0,13,26,0,0,0.6571
10.880537767027526,106.81481342866444,43,53,1.0,13,26,0,0,0.8113
10.740840166521664,106.61899246873142,25,35,1.0,13,26,0,0,0.7143
10.798986343749618,106.7269705664684,45,45,1.0,13,26,0,0,1.0
10.741860769464234,106.73790365482628,45,45,1.0,13,26,0,0,1.0
10.752408891679814,106.7022703818112,25,33,1.0,13,26,0,0,0.7576
10.786216596454729,106.71836665482697,40,40,1.0,13,26,0,0,1.0
10.78948793356203,106.7151883818118,36,36,1.0,13,26,0,0,1.0
10.80223925742187,106.6478722259914,28,41,1.0,13,26,0,0,0.6829
10.813928881466124,106.66511432455972,23,34,0.999528,13,26,0,0,0.6765
10.755608615763382,106.67347943578082,21,28,1.0,13,26,0,0,0.75
10.782680856341084,106.70051548181168,21,30,1.0,13,26,0,0,0.7
10.754895139302109,106.67839188181134,24,32,1.0,13,26,0,0,0.75
10.785070445194592,106.68331340921324,20,28,1.0,13,26,0,0,0.7143
10.7549373008113,106.67848844133415,24,32,1.0,13,26,0,0,0.75
10.77898143649726,106.67684447140958,23,34,1.0,13,27,0,0,0.6765
10.7671128283867,106.6927618222887,9,19,1.0,13,27,0,0,0.4737
10.77847212665258,106.69389510879644,28,41,1.0,13,27,0,0,0.6829
10.796057790235078,106.67492629345334,23,34,0.999427,13,27,0,0,0.6765
10.8352982156415,106.72935479345392,35,42,0.998508,13,27,0,0,0.8333
10.777562007197462,106.7041335430398,20,30,1.0,13,27,0,0,0.6667
10.83886351241477,106.67566625482782,36,36,1.0,13,27,0,0,1.0
10.765187049751797,106.67550552599072,25,36,1.0,13,27,0,0,0.6944
10.75948437198232,106.6840537511244,22,27,1.0,13,27,0,0,0.8148
10.865229381280963,106.72366973948476,37,49,1.0,13,28,0,0,0.7551
10.72279213640514,106.72808623948244,27,37,0.998836,13,28,0,0,0.7297
10.823400120373712,106.68551227436063,24,32,1.0,13,28,0,0,0.75
10.756158554057755,106.66631758181126,21,29,1.0,13,28,0,0,0.7241
10.7144382088356,106.73711688366168,25,35,1.0,13,28,0,0,0.7143
10.817236653231737,106.63191539530456,22,35,1.0,13,28,0,0,0.6286
10.772727584493625,106.69804225297564,16,24,1.0,13,30,0,0,0.6667
10.774028664434528,106.70357076461706,29,29,1.0,13,30,0,0,1.0
10.752616652291238,106.72509685338922,39,39,1.0,13,30,0,0,1.0
10.745754766198267,106.65326266831876,42,42,1.0,13,30,0,0,1.0
10.94927106740351,106.87196348224562,28,42,1.0,13,30,0,0,0.6667
10.78866360854368,106.695513722289,34,42,1.0,13,30,0,0,0.8095
10.801406421807084,106.7114844087968,34,42,1.0,13,30,0,0,0.8095
10.843150534972033,106.6151343241409,23,35,1.0,13,30,0,0,0.6571
10.880537767027526,106.81481342866444,44,53,1.0,13,30,0,0,0.8302
10.740840166521664,106.61899246873142,26,35,1.0,13,30,0,0,0.7429
10.798986343749618,106.7269705664684,45,45,1.0,13,30,0,0,1.0
10.741860769464234,106.73790365482628,45,45,1.0,13,30,0,0,1.0
10.752408891679814,106.7022703818112,26,34,1.0,13,30,0,0,0.7647
10.786216596454729,106.71836665482697,40,40,1.0,13,30,0,0,1.0
10.78948793356203,106.7151883818118,36,36,1.0,13,30,0,0,1.0
10.80223925742187,106.6478722259914,32,41,1.0,13,30,0,0,0.7805
10.813928881466124,106.66511432455972,22,33,0.998691,13,31,0,0,0.6667
10.755608615763382,106.67347943578082,19,27,1.0,13,31,0,0,0.7037
10.782680856341084,106.70051548181168,21,30,1.0,13,31,0,0,0.7
10.754895139302109,106.67839188181134,23,32,1.0,13,31,0,0,0.7188
10.785070445194592,106.68331340921324,21,27,1.0,13,31,0,0,0.7778
10.7549373008113,106.67848844133415,23,32,1.0,13,31,0,0,0.7188
10.77898143649726,106.67684447140958,22,34,1.0,13,31,0,0,0.6471
10.7671128283867,106.6927618222887,9,21,1.0,13,31,0,0,0.4286
10.77847212665258,106.69389510879644,27,41,1.0,13,31,0,0,0.6585
10.796057790235078,106.67492629345334,24,33,0.998954,13,31,0,0,0.7273
10.8352982156415,106.72935479345392,36,42,0.998197,13,31,0,0,0.8571
10.777562007197462,106.7041335430398,20,30,1.0,13,31,0,0,0.6667
10.83886351241477,106.67566625482782,29,36,1.0,13,31,0,0,0.8056
10.765187049751797,106.67550552599072,36,36,1.0,13,31,0,0,1.0
10.75948437198232,106.6840537511244,19,27,1.0,13,31,0,0,0.7037
10.865229381280963,106.72366973948476,37,49,1.0,13,31,0,0,0.7551
10.72279213640514,106.72808623948244,28,36,0.999742,13,31,0,0,0.7778
10.823400120373712,106.68551227436063,26,32,1.0,13,31,0,0,0.8125
10.756158554057755,106.66631758181126,22,29,1.0,13,31,0,0,0.7586
10.7144382088356,106.73711688366168,25,35,1.0,13,31,0,0,0.7143
10.817236653231737,106.63191539530456,22,35,1.0,13,32,0,0,0.6286
10.772727584493625,106.69804225297564,16,24,1.0,13,34,0,0,0.6667
10.774028664434528,106.70357076461706,16,28,1.0,13,34,0,0,0.5714
10.752616652291238,106.72509685338922,39,39,1.0,13,34,0,0,1.0
10.745754766198267,106.65326266831876,42,42,1.0,13,34,0,0,1.0
10.94927106740351,106.87196348224562,27,41,1.0,13,34,0,0,0.6585
10.78866360854368,106.695513722289,34,42,1.0,13,34,0,0,0.8095
10.801406421807084,106.7114844087968,34,41,1.0,13,34,0,0,0.8293
10.843150534972033,106.6151343241409,24,35,1.0,13,34,0,0,0.6857
10.880537767027526,106.81481342866444,43,53,1.0,13,35,0,0,0.8113
10.740840166521664,106.61899246873142,27,36,1.0,13,35,0,0,0.75
10.798986343749618,106.7269705664684,45,45,1.0,13,35,0,0,1.0
10.741860769464234,106.73790365482628,36,44,1.0,13,35,0,0,0.8182
10.752408891679814,106.7022703818112,26,34,1.0,13,35,0,0,0.7647
10.786216596454729,106.71836665482697,36,40,1.0,13,35,0,0,0.9
10.78948793356203,106.7151883818118,36,36,1.0,13,35,0,0,1.0
10.80223925742187,106.6478722259914,32,41,1.0,13,35,0,0,0.7805
10.813928881466124,106.66511432455972,24,34,1.0,13,35,0,0,0.7059
10.755608615763382,106.67347943578082,19,27,0.998947,13,35,0,0,0.7037
10.782680856341084,106.70051548181168,20,31,1.0,13,35,0,0,0.6452
10.754895139302109,106.67839188181134,22,32,1.0,13,35,0,0,0.6875
10.785070445194592,106.68331340921324,16,28,1.0,13,35,0,0,0.5714
10.7549373008113,106.67848844133415,22,32,1.0,13,35,0,0,0.6875
10.77898143649726,106.67684447140958,22,34,1.0,13,35,0,0,0.6471
10.7671128283867,106.6927618222887,11,19,1.0,13,35,0,0,0.5789
10.77847212665258,106.69389510879644,28,41,1.0,13,35,0,0,0.6829
10.796057790235078,106.67492629345334,24,34,0.998691,13,35,0,0,0.7059
10.8352982156415,106.72935479345392,36,42,0.998022,13,36,0,0,0.8571
10.777562007197462,106.7041335430398,20,31,1.0,13,36,0,0,0.6452
10.83886351241477,106.67566625482782,29,36,1.0,13,36,0,0,0.8056
10.765187049751797,106.67550552599072,36,36,1.0,13,36,0,0,1.0
10.75948437198232,106.6840537511244,20,27,0.998947,13,36,0,0,0.7407
10.865229381280963,106.72366973948476,37,49,1.0,13,36,0,0,0.7551
10.72279213640514,106.72808623948244,27,37,1.0,13,36,0,0,0.7297
10.823400120373712,106.68551227436063,23,31,1.0,13,36,0,0,0.7419
10.756158554057755,106.66631758181126,20,29,1.0,13,37,0,0,0.6897
10.7144382088356,106.73711688366168,25,35,1.0,13,37,0,0,0.7143
10.817236653231737,106.63191539530456,23,34,1.0,13,37,0,0,0.6765
10.772727584493625,106.69804225297564,16,24,1.0,13,39,0,0,0.6667
10.774028664434528,106.70357076461706,22,28,1.0,13,39,0,0,0.7857
10.752616652291238,106.72509685338922,39,39,1.0,13,39,0,0,1.0
10.745754766198267,106.65326266831876,35,43,1.0,13,39,0,0,0.814
10.94927106740351,106.87196348224562,30,41,1.0,13,39,0,0,0.7317
10.78866360854368,106.695513722289,34,41,1.0,13,39,0,0,0.8293
10.801406421807084,106.7114844087968,34,41,1.0,13,39,0,0,0.8293
10.843150534972033,106.6151343241409,23,35,1.0,13,39,0,0,0.6571
10.880537767027526,106.81481342866444,43,53,1.0,13,39,0,0,0.8113
10.740840166521664,106.61899246873142,26,35,1.0,13,39,0,0,0.7429
10.798986343749618,106.7269705664684,45,45,1.0,13,39,0,0,1.0
10.741860769464234,106.73790365482628,37,44,1.0,13,39,0,0,0.8409
10.752408891679814,106.7022703818112,26,34,1.0,13,39,0,0,0.7647
10.786216596454729,106.71836665482697,40,40,1.0,13,39,0,0,1.0
10.78948793356203,106.7151883818118,36,36,1.0,13,39,0,0,1.0
10.80223925742187,106.6478722259914,31,40,1.0,13,39,0,0,0.775
10.813928881466124,106.66511432455972,24,34,0.997914,13,39,0,0,0.7059
10.755608615763382,106.67347943578082,21,28,1.0,13,39,0,0,0.75
10.782680856341084,106.70051548181168,21,30,1.0,13,39,0,0,0.7
10.754895139302109,106.67839188181134,24,33,1.0,13,40,0,0,0.7273
10.785070445194592,106.68331340921324,14,27,1.0,13,40,0,0,0.5185
10.7549373008113,106.67848844133415,24,33,1.0,13,40,0,0,0.7273
10.77898143649726,106.67684447140958,24,34,1.0,13,40,0,0,0.7059
10.7671128283867,106.6927618222887,11,20,0.99,13,40,0,0,0.55
10.77847212665258,106.69389510879644,27,41,1.0,13,40,0,0,0.6585
10.796057790235078,106.67492629345334,24,33,0.997651,13,40,0,0,0.7273
10.8352982156415,106.72935479345392,36,42,0.997296,13,40,0,0,0.8571
10.777562007197462,106.7041335430398,21,30,1.0,13,40,0,0,0.7
10.83886351241477,106.67566625482782,28,35,1.0,13,40,0,0,0.8
10.765187049751797,106.67550552599072,27,36,1.0,13,40,0,0,0.75
10.75948437198232,106.6840537511244,20,28,0.9979,13,40,0,0,0.7143
10.865229381280963,106.72366973948476,36,49,1.0,13,40,0,0,0.7347
10.72279213640514,106.72808623948244,28,37,0.998601,13,40,0,0,0.7568
10.823400120373712,106.68551227436063,32,32,1.0,13,40,0,0,1.0
10.756158554057755,106.66631758181126,24,30,1.0,13,40,0,0,0.8
10.7144382088356,106.73711688366168,25,35,1.0,13,40,0,0,0.7143
10.817236653231737,106.63191539530456,23,35,1.0,13,40,0,0,0.6571
10.772727584493625,106.69804225297564,16,24,1.0,13,43,0,0,0.6667
10.774028664434528,106.70357076461706,14,29,1.0,13,43,0,0,0.4828
10.752616652291238,106.72509685338922,31,40,1.0,13,43,0,0,0.775
10.745754766198267,106.65326266831876,42,42,1.0,13,43,0,0,1.0
10.94927106740351,106.87196348224562,29,41,1.0,13,43,0,0,0.7073
10.78866360854368,106.695513722289,35,42,1.0,13,43,0,0,0.8333
10.801406421807084,106.7114844087968,35,42,1.0,13,43,0,0,0.8333
10.843150534972033,106.6151343241409,23,35,1.0,13,43,0,0,0.6571
10.880537767027526,106.81481342866444,44,53,1.0,13,43,0,0,0.8302
10.740840166521664,106.61899246873142,25,35,1.0,13,43,0,0,0.7143
10.798986343749618,106.7269705664684,45,45,1.0,13,43,0,0,1.0
10.741860769464234,106.73790365482628,35,44,1.0,13,43,0,0,0.7955
10.752408891679814,106.7022703818112,25,33,1.0,13,43,0,0,0.7576
10.786216596454729,106.71836665482697,40,40,1.0,13,43,0,0,1.0
10.78948793356203,106.7151883818118,36,36,1.0,13,43,0,0,1.0
10.80223925742187,106.6478722259914,29,40,1.0,13,43,0,0,0.725
10.813928881466124,106.66511432455972,23,33,1.0,13,44,0,0,0.697
10.755608615763382,106.67347943578082,16,27,1.0,13,44,0,0,0.5926
10.782680856341084,106.70051548181168,18,30,1.0,13,44,0,0,0.6
10.754895139302109,106.67839188181134,24,33,1.0,13,44,0,0,0.7273
10.785070445194592,106.68331340921324,14,27,1.0,13,44,0,0,0.5185
10.7549373008113,106.67848844133415,24,33,1.0,13,44,0,0,0.7273
10.77898143649726,106.67684447140958,23,34,1.0,13,44,0,0,0.6765
10.7671128283867,106.6927618222887,20,20,1.0,13,44,0,0,1.0
10.77847212665258,106.69389510879644,27,41,1.0,13,44,0,0,0.6585
10.796057790235078,106.67492629345334,22,33,0.998691,13,44,0,0,0.6667
10.8352982156415,106.72935479345392,35,42,0.997475,13,44,0,0,0.8333
10.777562007197462,106.7041335430398,19,30,1.0,13,44,0,0,0.6333
10.83886351241477,106.67566625482782,36,36,1.0,13,44,0,0,1.0
10.765187049751797,106.67550552599072,26,36,1.0,13,44,0,0,0.7222
10.75948437198232,106.6840537511244,19,27,0.999338,13,44,0,0,0.7037
10.865229381280963,106.72366973948476,36,49,1.0,13,44,0,0,0.7347
10.72279213640514,106.72808623948244,28,37,1.0,13,44,0,0,0.7568
10.823400120373712,106.68551227436063,23,32,1.0,13,44,0,0,0.7188
10.756158554057755,106.66631758181126,24,29,1.0,13,44,0,0,0.8276
10.7144382088356,106.73711688366168,26,35,1.0,13,44,0,0,0.7429
10.817236653231737,106.63191539530456,23,35,1.0,13,44,0,0,0.6571
10.772727584493625,106.69804225297564,16,25,1.0,13,46,0,0,0.64
10.774028664434528,106.70357076461706,22,28,1.0,13,46,0,0,0.7857
10.752616652291238,106.72509685338922,39,39,1.0,13,46,0,0,1.0
10.745754766198267,106.65326266831876,36,42,1.0,13,47,0,0,0.8571
10.94927106740351,106.87196348224562,21,42,1.0,13,47,0,0,0.5
10.78866360854368,106.695513722289,34,42,1.0,13,47,0,0,0.8095
10.801406421807084,106.7114844087968,34,42,1.0,13,47,0,0,0.8095
10.843150534972033,106.6151343241409,23,35,1.0,13,47,0,0,0.6571
10.880537767027526,106.81481342866444,44,53,1.0,13,47,0,0,0.8302
10.740840166521664,106.61899246873142,24,35,1.0,13,47,0,0,0.6857
10.798986343749618,106.7269705664684,45,45,1.0,13,47,0,0,1.0
10.741860769464234,106.73790365482628,35,44,1.0,13,47,0,0,0.7955
10.752408891679814,106.7022703818112,24,34,1.0,13,47,0,0,0.7059
10.786216596454729,106.71836665482697,40,40,1.0,13,47,0,0,1.0
10.78948793356203,106.7151883818118,36,36,1.0,13,47,0,0,1.0
10.80223925742187,106.6478722259914,28,41,1.0,13,47,0,0,0.6829
10.813928881466124,106.66511432455972,23,34,0.998938,13,47,0,0,0.6765
10.755608615763382,106.67347943578082,20,28,0.998951,13,47,0,0,0.7143
10.782680856341084,106.70051548181168,19,30,1.0,13,47,0,0,0.6333
10.754895139302109,106.67839188181134,24,32,1.0,13,47,0,0,0.75
10.785070445194592,106.68331340921324,18,28,1.0,13,47,0,0,0.6429
10.7549373008113,106.67848844133415,24,33,1.0,13,47,0,0,0.7273
10.77898143649726,106.67684447140958,23,34,1.0,13,47,0,0,0.6765
10.7671128283867,106.6927618222887,20,20,1.0,13,47,0,0,1.0
10.77847212665258,106.69389510879644,26,41,1.0,13,47,0,0,0.6341
10.796057790235078,106.67492629345334,23,34,0.998653,13,48,0,0,0.6765
10.8352982156415,106.72935479345392,37,42,0.997306,13,48,0,0,0.881
10.777562007197462,106.7041335430398,19,30,1.0,13,48,0,0,0.6333
10.83886351241477,106.67566625482782,29,36,1.0,13,48,0,0,0.8056
10.765187049751797,106.67550552599072,24,36,1.0,13,48,0,0,0.6667
10.75948437198232,106.6840537511244,19,28,1.0,13,48,0,0,0.6786
10.865229381280963,106.72366973948476,37,49,1.0,13,48,0,0,0.7551
10.72279213640514,106.72808623948244,28,37,0.998799,13,48,0,0,0.7568
10.823400120373712,106.68551227436063,25,32,1.0,13,48,0,0,0.7812
10.756158554057755,106.66631758181126,20,29,1.0,13,48,0,0,0.6897
10.7144382088356,106.73711688366168,26,35,1.0,13,48,0,0,0.7429
10.817236653231737,106.63191539530456,23,35,1.0,13,48,0,0,0.6571
10.772727584493625,106.69804225297564,15,25,1.0,13,50,0,0,0.6
10.774028664434528,106.70357076461706,20,28,1.0,13,50,0,0,0.7143
10.752616652291238,106.72509685338922,39,39,1.0,13,50,0,0,1.0
10.745754766198267,106.65326266831876,35,42,1.0,13,51,0,0,0.8333
10.94927106740351,106.87196348224562,28,41,1.0,13,51,0,0,0.6829
10.78866360854368,106.695513722289,34,42,1.0,13,51,0,0,0.8095
10.801406421807084,106.7114844087968,34,42,1.0,13,51,0,0,0.8095
10.843150534972033,106.6151343241409,23,35,1.0,13,51,0,0,0.6571
10.880537767027526,106.81481342866444,43,53,1.0,13,51,0,0,0.8113
10.740840166521664,106.61899246873142,26,35,1.0,13,51,0,0,0.7429
10.798986343749618,106.7269705664684,45,45,1.0,13,51,0,0,1.0
10.741860769464234,106.73790365482628,33,44,1.0,13,51,0,0,0.75
10.752408891679814,106.7022703818112,25,34,1.0,13,51,0,0,0.7353
10.786216596454729,106.71836665482697,40,40,1.0,13,51,0,0,1.0
10.78948793356203,106.7151883818118,36,36,1.0,13,51,0,0,1.0
10.80223925742187,106.6478722259914,33,41,1.0,13,51,0,0,0.8049
10.813928881466124,106.66511432455972,21,33,0.998388,13,51,0,0,0.6364
10.755608615763382,106.67347943578082,19,28,0.998947,13,51,0,0,0.6786
10.782680856341084,106.70051548181168,20,30,1.0,13,51,0,0,0.6667
10.754895139302109,106.67839188181134,22,32,1.0,13,51,0,0,0.6875
10.785070445194592,106.68331340921324,18,27,1.0,13,51,0,0,0.6667
10.7549373008113,106.67848844133415,23,33,1.0,13,51,0,0,0.697
10.77898143649726,106.67684447140958,24,34,1.0,13,51,0,0,0.7059
10.7671128283867,106.6927618222887,15,19,1.0,13,51,0,0,0.7895
10.77847212665258,106.69389510879644,27,42,1.0,13,51,0,0,0.6429
10.796057790235078,106.67492629345334,21,33,0.998388,13,51,0,0,0.6364
10.8352982156415,106.72935479345392,37,42,0.995906,13,51,0,0,0.881
10.777562007197462,106.7041335430398,20,30,1.0,13,51,0,0,0.6667
10.83886351241477,106.67566625482782,36,36,1.0,13,52,0,0,1.0
10.765187049751797,106.67550552599072,25,36,1.0,13,52,0,0,0.6944
10.75948437198232,106.6840537511244,20,27,1.0,13,52,0,0,0.7407
10.865229381280963,106.72366973948476,36,49,1.0,13,52,0,0,0.7347
10.72279213640514,106.72808623948244,28,36,1.0,13,52,0,0,0.7778
10.823400120373712,106.68551227436063,21,31,1.0,13,52,0,0,0.6774
10.756158554057755,106.66631758181126,22,29,1.0,13,52,0,0,0.7586
10.7144382088356,106.73711688366168,27,35,1.0,13,52,0,0,0.7714
10.817236653231737,106.63191539530456,23,35,1.0,13,52,0,0,0.6571
10.772727584493625,106.69804225297564,15,23,0.997876,13,54,0,0,0.6522
10.774028664434528,106.70357076461706,22,28,1.0,13,54,0,0,0.7857
10.752616652291238,106.72509685338922,39,39,1.0,13,54,0,0,1.0
10.745754766198267,106.65326266831876,37,43,1.0,13,54,0,0,0.8605
10.94927106740351,106.87196348224562,32,42,1.0,13,54,0,0,0.7619
10.78866360854368,106.695513722289,34,41,1.0,13,54,0,0,0.8293
10.801406421807084,106.7114844087968,34,41,1.0,13,54,0,0,0.8293
10.843150534972033,106.6151343241409,24,34,1.0,13,55,0,0,0.7059
10.880537767027526,106.81481342866444,43,53,1.0,13,55,0,0,0.8113
10.740840166521664,106.61899246873142,26,35,1.0,13,55,0,0,0.7429
10.798986343749618,106.7269705664684,45,45,1.0,13,55,0,0,1.0
10.741860769464234,106.73790365482628,34,44,1.0,13,55,0,0,0.7727
10.752408891679814,106.7022703818112,24,34,1.0,13,55,0,0,0.7059
10.786216596454729,106.71836665482697,40,40,1.0,13,55,0,0,1.0
10.78948793356203,106.7151883818118,36,36,1.0,13,55,0,0,1.0
10.80223925742187,106.6478722259914,32,41,1.0,13,55,0,0,0.7805
10.813928881466124,106.66511432455972,23,34,1.0,13,55,0,0,0.6765
10.755608615763382,106.67347943578082,18,28,1.0,13,55,0,0,0.6429
10.782680856341084,106.70051548181168,19,30,1.0,13,55,0,0,0.6333
10.754895139302109,106.67839188181134,22,33,1.0,13,55,0,0,0.6667
10.785070445194592,106.68331340921324,28,28,1.0,13,55,0,0,1.0
10.7549373008113,106.67848844133415,22,33,1.0,13,55,0,0,0.6667
10.77898143649726,106.67684447140958,23,34,1.0,13,55,0,0,0.6765
10.7671128283867,106.6927618222887,20,20,1.0,13,55,0,0,1.0
10.77847212665258,106.69389510879644,27,41,1.0,13,55,0,0,0.6585
10.796057790235078,106.67492629345334,22,34,0.998179,13,55,0,0,0.6471
10.8352982156415,106.72935479345392,35,42,0.996352,13,56,0,0,0.8333
10.777562007197462,106.7041335430398,19,30,1.0,13,56,0,0,0.6333
10.83886351241477,106.67566625482782,27,36,1.0,13,56,0,0,0.75
10.765187049751797,106.67550552599072,22,36,1.0,13,56,0,0,0.6111
10.75948437198232,106.6840537511244,17,28,1.0,13,56,0,0,0.6071
10.865229381280963,106.72366973948476,37,49,1.0,13,56,0,0,0.7551
10.72279213640514,106.72808623948244,27,37,0.999045,13,56,0,0,0.7297
10.823400120373712,106.68551227436063,21,32,1.0,13,56,0,0,0.6562
10.756158554057755,106.66631758181126,22,29,1.0,13,56,0,0,0.7586
10.7144382088356,106.73711688366168,27,35,1.0,13,56,0,0,0.7714
10.817236653231737,106.63191539530456,23,35,1.0,13,56,0,0,0.6571
10.772727584493625,106.69804225297564,15,24,1.0,13,58,0,0,0.625
10.774028664434528,106.70357076461706,18,28,1.0,13,58,0,0,0.6429
10.752616652291238,106.72509685338922,39,39,1.0,13,58,0,0,1.0
10.745754766198267,106.65326266831876,42,42,1.0,13,58,0,0,1.0
10.94927106740351,106.87196348224562,30,42,1.0,13,58,0,0,0.7143
10.78866360854368,106.695513722289,33,41,1.0,13,58,0,0,0.8049
10.801406421807084,106.7114844087968,33,41,1.0,13,58,0,0,0.8049
10.843150534972033,106.6151343241409,23,35,1.0,13,58,0,0,0.6571
10.880537767027526,106.81481342866444,45,53,1.0,13,58,0,0,0.8491
10.740840166521664,106.61899246873142,27,35,1.0,13,58,0,0,0.7714
10.798986343749618,106.7269705664684,45,45,1.0,13,58,0,0,1.0
10.741860769464234,106.73790365482628,33,44,1.0,13,58,0,0,0.75
10.752408891679814,106.7022703818112,26,33,1.0,13,59,0,0,0.7879
10.786216596454729,106.71836665482697,40,40,1.0,13,59,0,0,1.0
10.78948793356203,106.7151883818118,36,36,1.0,13,59,0,0,1.0
10.80223925742187,106.6478722259914,26,41,1.0,13,59,0,0,0.6341
10.813928881466124,106.66511432455972,22,34,1.0,13,59,0,0,0.6471
10.755608615763382,106.67347943578082,17,27,0.997949,13,59,0,0,0.6296
10.782680856341084,106.70051548181168,20,30,1.0,13,59,0,0,0.6667
10.754895139302109,106.67839188181134,23,33,1.0,13,59,0,0,0.697
10.785070445194592,106.68331340921324,18,28,1.0,13,59,0,0,0.6429
10.7549373008113,106.67848844133415,22,33,1.0,13,59,0,0,0.6667
10.77898143649726,106.67684447140958,23,34,1.0,13,59,0,0,0.6765
10.7671128283867,106.6927618222887,20,20,1.0,13,59,0,0,1.0
10.77847212665258,106.69389510879644,27,41,1.0,13,59,0,0,0.6585
10.796057790235078,106.67492629345334,22,34,0.999242,13,59,0,0,0.6471
10.8352982156415,106.72935479345392,34,42,0.996392,13,59,0,0,0.8095
10.777562007197462,106.7041335430398,20,31,1.0,13,59,0,0,0.6452
10.83886351241477,106.67566625482782,29,36,1.0,13,59,0,0,0.8056
10.765187049751797,106.67550552599072,20,35,1.0,13,59,0,0,0.5714
10.75948437198232,106.6840537511244,17,27,1.0,13,59,0,0,0.6296
10.865229381280963,106.72366973948476,36,49,1.0,13,59,0,0,0.7347
10.72279213640514,106.72808623948244,29,37,0.998605,13,59,0,0,0.7838
10.823400120373712,106.68551227436063,24,31,1.0,14,0,0,0,0.7742
10.756158554057755,106.66631758181126,22,29,1.0,14,0,0,0,0.7586
10.7144382088356,106.73711688366168,27,35,1.0,14,0,0,0,0.7714
10.817236653231737,106.63191539530456,24,35,1.0,14,0,0,0,0.6857
10.772727584493625,106.69804225297564,16,24,1.0,14,2,0,0,0.6667
10.774028664434528,106.70357076461706,29,29,1.0,14,2,0,0,1.0
10.752616652291238,106.72509685338922,29,39,1.0,14,2,0,0,0.7436
10.745754766198267,106.65326266831876,42,42,1.0,14,2,0,0,1.0
10.94927106740351,106.87196348224562,34,42,1.0,14,2,0,0,0.8095
10.78866360854368,106.695513722289,33,41,1.0,14,2,0,0,0.8049
10.801406421807084,106.7114844087968,33,41,1.0,14,2,0,0,0.8049
10.843150534972033,106.6151343241409,24,35,1.0,14,2,0,0,0.6857
10.880537767027526,106.81481342866444,44,52,1.0,14,3,0,0,0.8462
10.740840166521664,106.61899246873142,25,35,1.0,14,3,0,0,0.7143
10.798986343749618,106.7269705664684,45,45,1.0,14,3,0,0,1.0
10.741860769464234,106.73790365482628,32,44,1.0,14,3,0,0,0.7273
10.752408891679814,106.7022703818112,24,33,1.0,14,3,0,0,0.7273
10.786216596454729,106.71836665482697,40,40,1.0,14,3,0,0,1.0
10.78948793356203,106.7151883818118,36,36,1.0,14,3,0,0,1.0
10.80223925742187,106.6478722259914,30,41,1.0,14,3,0,0,0.7317
10.813928881466124,106.66511432455972,22,33,1.0,14,3,0,0,0.6667
10.755608615763382,106.67347943578082,17,27,0.998951,14,3,0,0,0.6296
10.782680856341084,106.70051548181168,20,31,1.0,14,3,0,0,0.6452
10.754895139302109,106.67839188181134,22,32,1.0,14,3,0,0,0.6875
10.785070445194592,106.68331340921324,16,28,1.0,14,4,0,0,0.5714
10.7549373008113,106.67848844133415,23,32,1.0,14,4,0,0,0.7188
10.77898143649726,106.67684447140958,22,34,1.0,14,4,0,0,0.6471
10.7671128283867,106.6927618222887,20,20,1.0,14,4,0,0,1.0
10.77847212665258,106.69389510879644,27,42,1.0,14,4,0,0,0.6429
10.796057790235078,106.67492629345334,23,34,0.999425,14,4,0,0,0.6765
10.8352982156415,106.72935479345392,35,42,0.994498,14,4,0,0,0.8333
10.777562007197462,106.7041335430398,20,30,1.0,14,4,0,0,0.6667
10.83886351241477,106.67566625482782,27,36,1.0,14,4,0,0,0.75
10.765187049751797,106.67550552599072,24,36,1.0,14,4,0,0,0.6667
10.75948437198232,106.6840537511244,19,28,0.998935,14,4,0,0,0.6786
10.865229381280963,106.72366973948476,37,49,1.0,14,5,0,0,0.7551
10.72279213640514,106.72808623948244,28,37,0.998476,14,5,0,0,0.7568
10.823400120373712,106.68551227436063,32,32,1.0,14,5,0,0,1.0
10.756158554057755,106.66631758181126,21,29,1.0,14,5,0,0,0.7241
10.7144382088356,106.73711688366168,27,35,1.0,14,5,0,0,0.7714
10.817236653231737,106.63191539530456,24,35,1.0,14,5,0,0,0.6857
10.772727584493625,106.69804225297564,14,24,0.999278,14,7,0,0,0.5833
10.774028664434528,106.70357076461706,22,27,1.0,14,7,0,0,0.8148
10.752616652291238,106.72509685338922,29,39,1.0,14,7,0,0,0.7436
10.745754766198267,106.65326266831876,42,42,1.0,14,7,0,0,1.0
10.94927106740351,106.87196348224562,31,42,1.0,14,7,0,0,0.7381
10.78866360854368,106.695513722289,34,42,1.0,14,7,0,0,0.8095
10.801406421807084,106.7114844087968,34,42,1.0,14,7,0,0,0.8095
10.843150534972033,106.6151343241409,24,35,1.0,14,7,0,0,0.6857
10.880537767027526,106.81481342866444,44,53,1.0,14,7,0,0,0.8302
10.740840166521664,106.61899246873142,25,35,1.0,14,7,0,0,0.7143
10.798986343749618,106.7269705664684,45,45,1.0,14,7,0,0,1.0
10.741860769464234,106.73790365482628,32,43,1.0,14,8,0,0,0.7442
10.752408891679814,106.7022703818112,27,33,1.0,14,8,0,0,0.8182
10.786216596454729,106.71836665482697,40,40,1.0,14,8,0,0,1.0
10.78948793356203,106.7151883818118,36,36,1.0,14,8,0,0,1.0
10.80223925742187,106.6478722259914,29,40,1.0,14,8,0,0,0.725
10.813928881466124,106.66511432455972,22,34,1.0,14,8,0,0,0.6471
10.755608615763382,106.67347943578082,19,28,1.0,14,8,0,0,0.6786
10.782680856341084,106.70051548181168,20,30,1.0,14,8,0,0,0.6667
10.754895139302109,106.67839188181134,25,33,1.0,14,8,0,0,0.7576
10.785070445194592,106.68331340921324,15,27,1.0,14,8,0,0,0.5556
10.7549373008113,106.67848844133415,25,33,1.0,14,8,0,0,0.7576
10.77898143649726,106.67684447140958,23,34,1.0,14,8,0,0,0.6765
10.7671128283867,106.6927618222887,10,20,1.0,14,8,0,0,0.5
10.77847212665258,106.69389510879644,27,41,1.0,14,8,0,0,0.6585
10.796057790235078,106.67492629345334,22,34,1.0,14,8,0,0,0.6471
10.8352982156415,106.72935479345392,35,42,0.994069,14,8,0,0,0.8333
10.777562007197462,106.7041335430398,21,30,1.0,14,8,0,0,0.7
10.83886351241477,106.67566625482782,29,36,1.0,14,8,0,0,0.8056
10.765187049751797,106.67550552599072,27,35,1.0,14,8,0,0,0.7714
10.75948437198232,106.6840537511244,17,27,1.0,14,8,0,0,0.6296
10.865229381280963,106.72366973948476,35,49,1.0,14,9,0,0,0.7143
10.72279213640514,106.72808623948244,30,37,0.998476,14,9,0,0,0.8108
10.823400120373712,106.68551227436063,24,32,1.0,14,9,0,0,0.75
10.756158554057755,106.66631758181126,23,30,1.0,14,9,0,0,0.7667
10.7144382088356,106.73711688366168,27,35,1.0,14,9,0,0,0.7714
10.817236653231737,106.63191539530456,25,35,1.0,14,9,0,0,0.7143
10.772727584493625,106.69804225297564,15,24,0.998765,14,11,0,0,0.625
10.774028664434528,106.70357076461706,29,29,1.0,14,11,0,0,1.0
10.752616652291238,106.72509685338922,39,39,1.0,14,11,0,0,1.0
10.745754766198267,106.65326266831876,38,43,1.0,14,11,0,0,0.8837
10.94927106740351,106.87196348224562,42,42,1.0,14,11,0,0,1.0
10.78866360854368,106.695513722289,34,42,1.0,14,11,0,0,0.8095
10.801406421807084,106.7114844087968,34,42,1.0,14,11,0,0,0.8095
10.843150534972033,106.6151343241409,23,35,1.0,14,11,0,0,0.6571
10.880537767027526,106.81481342866444,44,53,1.0,14,12,0,0,0.8302
10.740840166521664,106.61899246873142,26,35,1.0,14,12,0,0,0.7429
10.798986343749618,106.7269705664684,45,45,1.0,14,12,0,0,1.0
10.741860769464234,106.73790365482628,32,44,1.0,14,12,0,0,0.7273
10.752408891679814,106.7022703818112,33,33,1.0,14,12,0,0,1.0
10.786216596454729,106.71836665482697,40,40,1.0,14,12,0,0,1.0
10.78948793356203,106.7151883818118,36,36,1.0,14,12,0,0,1.0
10.80223925742187,106.6478722259914,32,41,1.0,14,12,0,0,0.7805
10.813928881466124,106.66511432455972,20,34,0.998853,14,13,0,0,0.5882
10.755608615763382,106.67347943578082,20,28,1.0,14,13,0,0,0.7143
10.782680856341084,106.70051548181168,21,30,1.0,14,13,0,0,0.7
10.754895139302109,106.67839188181134,21,32,1.0,14,13,0,0,0.6562
10.785070445194592,106.68331340921324,14,28,1.0,14,13,0,0,0.5
10.7549373008113,106.67848844133415,21,32,1.0,14,13,0,0,0.6562
10.77898143649726,106.67684447140958,22,34,1.0,14,13,0,0,0.6471
10.7671128283867,106.6927618222887,15,19,1.0,14,13,0,0,0.7895
10.77847212665258,106.69389510879644,28,42,1.0,14,13,0,0,0.6667
10.796057790235078,106.67492629345334,21,34,0.998119,14,13,0,0,0.6176
10.8352982156415,106.72935479345392,35,42,0.994588,14,13,0,0,0.8333
10.777562007197462,106.7041335430398,20,30,1.0,14,13,0,0,0.6667
10.83886351241477,106.67566625482782,36,36,1.0,14,14,0,0,1.0
10.765187049751797,106.67550552599072,24,35,1.0,14,14,0,0,0.6857
10.75948437198232,106.6840537511244,18,27,1.0,14,14,0,0,0.6667
10.865229381280963,106.72366973948476,36,49,1.0,14,14,0,0,0.7347
10.72279213640514,106.72808623948244,27,37,0.996716,14,14,0,0,0.7297
10.823400120373712,106.68551227436063,27,31,1.0,14,14,0,0,0.871
10.756158554057755,106.66631758181126,21,29,1.0,14,14,0,0,0.7241
10.7144382088356,106.73711688366168,28,35,1.0,14,14,0,0,0.8
10.817236653231737,106.63191539530456,22,35,1.0,14,14,0,0,0.6286
10.772727584493625,106.69804225297564,15,24,0.99864,14,16,0,0,0.625
10.774028664434528,106.70357076461706,23,29,1.0,14,16,0,0,0.7931
10.752616652291238,106.72509685338922,39,39,1.0,14,16,0,0,1.0
10.745754766198267,106.65326266831876,36,43,1.0,14,16,0,0,0.8372
10.94927106740351,106.87196348224562,31,41,1.0,14,16,0,0,0.7561
10.78866360854368,106.695513722289,34,41,1.0,14,16,0,0,0.8293
10.801406421807084,106.7114844087968,34,41,1.0,14,16,0,0,0.8293
10.843150534972033,106.6151343241409,23,35,1.0,14,16,0,0,0.6571
10.880537767027526,106.81481342866444,42,53,1.0,14,16,0,0,0.7925
10.740840166521664,106.61899246873142,26,35,1.0,14,16,0,0,0.7429
10.798986343749618,106.7269705664684,45,45,1.0,14,17,0,0,1.0
10.741860769464234,106.73790365482628,32,44,1.0,14,17,0,0,0.7273
10.752408891679814,106.7022703818112,26,32,1.0,14,17,0,0,0.8125
10.786216596454729,106.71836665482697,40,40,1.0,14,17,0,0,1.0
10.78948793356203,106.7151883818118,36,36,1.0,14,17,0,0,1.0
10.80223925742187,106.6478722259914,28,41,1.0,14,17,0,0,0.6829
10.813928881466124,106.66511432455972,21,34,0.999244,14,17,0,0,0.6176
10.755608615763382,106.67347943578082,20,27,1.0,14,17,0,0,0.7407
10.782680856341084,106.70051548181168,21,30,1.0,14,17,0,0,0.7
10.754895139302109,106.67839188181134,22,33,1.0,14,17,0,0,0.6667
10.785070445194592,106.68331340921324,13,28,1.0,14,17,0,0,0.4643
10.7549373008113,106.67848844133415,22,33,1.0,14,17,0,0,0.6667
10.77898143649726,106.67684447140958,24,34,1.0,14,17,0,0,0.7059
10.7671128283867,106.6927618222887,13,19,1.0,14,17,0,0,0.6842
10.77847212665258,106.69389510879644,27,41,1.0,14,17,0,0,0.6585
10.796057790235078,106.67492629345334,21,34,0.999244,14,17,0,0,0.6176
10.8352982156415,106.72935479345392,34,42,0.994767,14,17,0,0,0.8095
10.777562007197462,106.7041335430398,21,30,1.0,14,17,0,0,0.7
10.83886351241477,106.67566625482782,36,36,1.0,14,17,0,0,1.0
10.765187049751797,106.67550552599072,24,35,1.0,14,17,0,0,0.6857
10.75948437198232,106.6840537511244,21,27,1.0,14,17,0,0,0.7778
10.865229381280963,106.72366973948476,35,49,1.0,14,17,0,0,0.7143
10.72279213640514,106.72808623948244,27,36,0.996876,14,17,0,0,0.75
10.823400120373712,106.68551227436063,26,31,1.0,14,17,0,0,0.8387
10.756158554057755,106.66631758181126,20,29,1.0,14,17,0,0,0.6897
10.7144382088356,106.73711688366168,27,35,1.0,14,18,0,0,0.7714
10.817236653231737,106.63191539530456,23,35,1.0,14,18,0,0,0.6571
10.772727584493625,106.69804225297564,17,24,1.0,14,20,0,0,0.7083
10.774028664434528,106.70357076461706,21,27,1.0,14,20,0,0,0.7778
10.752616652291238,106.72509685338922,39,39,1.0,14,20,0,0,1.0
10.745754766198267,106.65326266831876,34,43,1.0,14,20,0,0,0.7907
10.94927106740351,106.87196348224562,28,41,1.0,14,20,0,0,0.6829
10.78866360854368,106.695513722289,33,41,1.0,14,20,0,0,0.8049
10.801406421807084,106.7114844087968,34,42,1.0,14,20,0,0,0.8095
10.843150534972033,106.6151343241409,23,35,1.0,14,21,0,0,0.6571
10.880537767027526,106.81481342866444,43,53,1.0,14,21,0,0,0.8113
10.740840166521664,106.61899246873142,25,35,1.0,14,21,0,0,0.7143
10.798986343749618,106.7269705664684,45,45,1.0,14,21,0,0,1.0
10.741860769464234,106.73790365482628,34,44,1.0,14,21,0,0,0.7727
10.752408891679814,106.7022703818112,27,34,1.0,14,21,0,0,0.7941
10.786216596454729,106.71836665482697,40,40,1.0,14,21,0,0,1.0
10.78948793356203,106.7151883818118,36,36,1.0,14,21,0,0,1.0
10.80223925742187,106.6478722259914,31,41,1.0,14,22,0,0,0.7561
10.813928881466124,106.66511432455972,21,34,0.99791,14,22,0,0,0.6176
10.755608615763382,106.67347943578082,22,27,0.998954,14,22,0,0,0.8148
10.782680856341084,106.70051548181168,19,30,1.0,14,22,0,0,0.6333
10.754895139302109,106.67839188181134,22,33,1.0,14,22,0,0,0.6667
10.785070445194592,106.68331340921324,15,28,1.0,14,23,0,0,0.5357
10.7549373008113,106.67848844133415,23,33,1.0,14,23,0,0,0.697
10.77898143649726,106.67684447140958,23,34,1.0,14,23,0,0,0.6765
10.7671128283867,106.6927618222887,15,19,1.0,14,23,0,0,0.7895
10.77847212665258,106.69389510879644,27,42,1.0,14,23,0,0,0.6429
10.796057790235078,106.67492629345334,21,34,0.99791,14,23,0,0,0.6176
10.8352982156415,106.72935479345392,36,42,0.996574,14,23,0,0,0.8571
10.777562007197462,106.7041335430398,18,30,1.0,14,23,0,0,0.6
10.83886351241477,106.67566625482782,28,36,1.0,14,23,0,0,0.7778
10.765187049751797,106.67550552599072,25,36,1.0,14,23,0,0,0.6944
10.75948437198232,106.6840537511244,20,27,0.998954,14,24,0,0,0.7407
10.865229381280963,106.72366973948476,35,49,1.0,14,24,0,0,0.7143
10.72279213640514,106.72808623948244,27,37,0.995795,14,24,0,0,0.7297
10.823400120373712,106.68551227436063,24,32,1.0,14,24,0,0,0.75
10.756158554057755,106.66631758181126,18,28,1.0,14,24,0,0,0.6429
10.7144382088356,106.73711688366168,28,35,1.0,14,24,0,0,0.8
10.817236653231737,106.63191539530456,23,34,1.0,14,24,0,0,0.6765
10.772727584493625,106.69804225297564,16,24,0.997276,14,26,0,0,0.6667
10.774028664434528,106.70357076461706,29,29,1.0,14,26,0,0,1.0
10.752616652291238,106.72509685338922,39,39,1.0,14,26,0,0,1.0
10.745754766198267,106.65326266831876,35,43,1.0,14,26,0,0,0.814
10.94927106740351,106.87196348224562,29,42,1.0,14,26,0,0,0.6905
10.78866360854368,106.695513722289,33,42,1.0,14,26,0,0,0.7857
10.801406421807084,106.7114844087968,33,42,1.0,14,26,0,0,0.7857
10.843150534972033,106.6151343241409,24,35,1.0,14,26,0,0,0.6857
10.880537767027526,106.81481342866444,43,53,1.0,14,26,0,0,0.8113
10.740840166521664,106.61899246873142,25,35,1.0,14,27,0,0,0.7143
10.798986343749618,106.7269705664684,45,45,1.0,14,27,0,0,1.0
10.741860769464234,106.73790365482628,31,44,1.0,14,27,0,0,0.7045
10.752408891679814,106.7022703818112,26,33,1.0,14,27,0,0,0.7879
10.786216596454729,106.71836665482697,40,40,1.0,14,27,0,0,1.0
10.78948793356203,106.7151883818118,36,36,1.0,14,27,0,0,1.0
10.80223925742187,106.6478722259914,31,41,1.0,14,27,0,0,0.7561
10.813928881466124,106.66511432455972,21,34,0.998544,14,27,0,0,0.6176
10.755608615763382,106.67347943578082,19,28,1.0,14,27,0,0,0.6786
10.782680856341084,106.70051548181168,20,30,1.0,14,27,0,0,0.6667
10.754895139302109,106.67839188181134,23,33,1.0,14,27,0,0,0.697
10.785070445194592,106.68331340921324,16,27,1.0,14,27,0,0,0.5926
10.7549373008113,106.67848844133415,22,32,1.0,14,27,0,0,0.6875
10.77898143649726,106.67684447140958,24,34,1.0,14,27,0,0,0.7059
10.7671128283867,106.6927618222887,15,20,1.0,14,27,0,0,0.75
10.77847212665258,106.69389510879644,27,42,1.0,14,27,0,0,0.6429
10.796057790235078,106.67492629345334,20,34,0.998691,14,27,0,0,0.5882
10.8352982156415,106.72935479345392,37,42,0.996946,14,27,0,0,0.881
10.777562007197462,106.7041335430398,19,30,1.0,14,28,0,0,0.6333
10.83886351241477,106.67566625482782,28,36,1.0,14,28,0,0,0.7778
10.765187049751797,106.67550552599072,28,36,1.0,14,28,0,0,0.7778
10.75948437198232,106.6840537511244,17,27,1.0,14,28,0,0,0.6296
10.865229381280963,106.72366973948476,35,49,1.0,14,28,0,0,0.7143
10.72279213640514,106.72808623948244,27,37,0.997117,14,28,0,0,0.7297
10.823400120373712,106.68551227436063,22,31,1.0,14,28,0,0,0.7097
10.756158554057755,106.66631758181126,19,30,1.0,14,28,0,0,0.6333
10.7144382088356,106.73711688366168,26,35,1.0,14,28,0,0,0.7429
10.817236653231737,106.63191539530456,25,35,1.0,14,28,0,0,0.7143
10.772727584493625,106.69804225297564,14,24,1.0,14,30,0,0,0.5833
10.774028664434528,106.70357076461706,21,27,1.0,14,30,0,0,0.7778
10.752616652291238,106.72509685338922,39,39,1.0,14,30,0,0,1.0
10.745754766198267,106.65326266831876,36,43,1.0,14,30,0,0,0.8372
10.94927106740351,106.87196348224562,42,42,1.0,14,30,0,0,1.0
10.78866360854368,106.695513722289,34,42,1.0,14,30,0,0,0.8095
10.801406421807084,106.7114844087968,34,42,1.0,14,30,0,0,0.8095
10.843150534972033,106.6151343241409,23,35,1.0,14,31,0,0,0.6571
10.880537767027526,106.81481342866444,42,53,1.0,14,31,0,0,0.7925
10.740840166521664,106.61899246873142,25,35,1.0,14,31,0,0,0.7143
10.798986343749618,106.7269705664684,45,45,1.0,14,31,0,0,1.0
10.741860769464234,106.73790365482628,30,44,1.0,14,31,0,0,0.6818
10.752408891679814,106.7022703818112,26,33,1.0,14,31,0,0,0.7879
10.786216596454729,106.71836665482697,40,40,1.0,14,31,0,0,1.0
10.78948793356203,106.7151883818118,36,36,1.0,14,31,0,0,1.0
10.80223925742187,106.6478722259914,29,40,1.0,14,31,0,0,0.725
10.813928881466124,106.66511432455972,20,34,0.999033,14,31,0,0,0.5882
10.755608615763382,106.67347943578082,18,27,1.0,14,31,0,0,0.6667
10.782680856341084,106.70051548181168,18,30,1.0,14,31,0,0,0.6
10.754895139302109,106.67839188181134,22,33,1.0,14,31,0,0,0.6667
10.785070445194592,106.68331340921324,16,27,1.0,14,31,0,0,0.5926
10.7549373008113,106.67848844133415,22,33,1.0,14,31,0,0,0.6667
10.77898143649726,106.67684447140958,24,34,1.0,14,31,0,0,0.7059
10.7671128283867,106.6927618222887,11,19,1.0,14,31,0,0,0.5789
10.77847212665258,106.69389510879644,28,41,1.0,14,31,0,0,0.6829
10.796057790235078,106.67492629345334,20,34,0.99863,14,31,0,0,0.5882
10.8352982156415,106.72935479345392,35,42,0.997303,14,31,0,0,0.8333
10.777562007197462,106.7041335430398,18,30,1.0,14,31,0,0,0.6
10.83886351241477,106.67566625482782,36,36,1.0,14,31,0,0,1.0
10.765187049751797,106.67550552599072,25,36,1.0,14,31,0,0,0.6944
10.75948437198232,106.6840537511244,17,27,1.0,14,31,0,0,0.6296
10.865229381280963,106.72366973948476,35,49,1.0,14,31,0,0,0.7143
10.72279213640514,106.72808623948244,27,37,0.997739,14,31,0,0,0.7297
10.823400120373712,106.68551227436063,23,31,1.0,14,32,0,0,0.7419
10.756158554057755,106.66631758181126,20,30,1.0,14,32,0,0,0.6667
10.7144382088356,106.73711688366168,27,35,1.0,14,32,0,0,0.7714
10.817236653231737,106.63191539530456,23,35,1.0,14,32,0,0,0.6571
10.772727584493625,106.69804225297564,16,23,1.0,14,34,0,0,0.6957
10.774028664434528,106.70357076461706,16,29,1.0,14,34,0,0,0.5517
10.752616652291238,106.72509685338922,39,39,1.0,14,34,0,0,1.0
10.745754766198267,106.65326266831876,36,43,1.0,14,34,0,0,0.8372
10.94927106740351,106.87196348224562,28,42,1.0,14,35,0,0,0.6667
10.78866360854368,106.695513722289,33,42,1.0,14,35,0,0,0.7857
10.801406421807084,106.7114844087968,31,41,1.0,14,35,0,0,0.7561
10.843150534972033,106.6151343241409,23,35,1.0,14,35,0,0,0.6571
10.880537767027526,106.81481342866444,44,53,1.0,14,35,0,0,0.8302
10.740840166521664,106.61899246873142,26,36,1.0,14,35,0,0,0.7222
10.798986343749618,106.7269705664684,45,45,1.0,14,35,0,0,1.0
10.741860769464234,106.73790365482628,31,44,1.0,14,35,0,0,0.7045
10.752408891679814,106.7022703818112,26,33,1.0,14,35,0,0,0.7879
10.786216596454729,106.71836665482697,40,40,1.0,14,35,0,0,1.0
10.78948793356203,106.7151883818118,29,36,1.0,14,36,0,0,0.8056
10.80223925742187,106.6478722259914,29,40,1.0,14,36,0,0,0.725
10.813928881466124,106.66511432455972,20,34,0.998597,14,36,0,0,0.5882
10.755608615763382,106.67347943578082,17,28,1.0,14,36,0,0,0.6071
10.782680856341084,106.70051548181168,20,30,1.0,14,36,0,0,0.6667
10.754895139302109,106.67839188181134,21,33,1.0,14,36,0,0,0.6364
10.785070445194592,106.68331340921324,11,27,1.0,14,36,0,0,0.4074
10.7549373008113,106.67848844133415,21,33,1.0,14,36,0,0,0.6364
10.77898143649726,106.67684447140958,23,35,1.0,14,36,0,0,0.6571
10.7671128283867,106.6927618222887,11,19,1.0,14,36,0,0,0.5789
10.77847212665258,106.69389510879644,26,41,1.0,14,36,0,0,0.6341
10.796057790235078,106.67492629345334,19,33,1.0,14,36,0,0,0.5758
10.8352982156415,106.72935479345392,42,42,1.0,14,37,0,0,1.0
10.777562007197462,106.7041335430398,19,30,1.0,14,37,0,0,0.6333
10.83886351241477,106.67566625482782,28,36,1.0,14,37,0,0,0.7778
10.765187049751797,106.67550552599072,25,36,1.0,14,37,0,0,0.6944
10.75948437198232,106.6840537511244,18,28,1.0,14,37,0,0,0.6429
10.865229381280963,106.72366973948476,35,49,1.0,14,37,0,0,0.7143
10.72279213640514,106.72808623948244,27,37,0.997578,14,37,0,0,0.7297
10.823400120373712,106.68551227436063,32,32,1.0,14,37,0,0,1.0
10.756158554057755,106.66631758181126,21,29,1.0,14,37,0,0,0.7241
10.7144382088356,106.73711688366168,26,35,1.0,14,37,0,0,0.7429
10.817236653231737,106.63191539530456,23,35,1.0,14,37,0,0,0.6571
10.772727584493625,106.69804225297564,19,24,1.0,14,39,0,0,0.7917
10.774028664434528,106.70357076461706,29,29,1.0,14,39,0,0,1.0
10.752616652291238,106.72509685338922,39,39,1.0,14,39,0,0,1.0
10.745754766198267,106.65326266831876,34,43,1.0,14,39,0,0,0.7907
10.94927106740351,106.87196348224562,27,42,1.0,14,39,0,0,0.6429
10.78866360854368,106.695513722289,33,42,1.0,14,39,0,0,0.7857
10.801406421807084,106.7114844087968,33,42,1.0,14,39,0,0,0.7857
10.843150534972033,106.6151343241409,23,35,1.0,14,39,0,0,0.6571
10.880537767027526,106.81481342866444,42,53,1.0,14,39,0,0,0.7925
10.740840166521664,106.61899246873142,27,35,1.0,14,39,0,0,0.7714
10.798986343749618,106.7269705664684,45,45,1.0,14,40,0,0,1.0
10.741860769464234,106.73790365482628,32,44,1.0,14,40,0,0,0.7273
10.752408891679814,106.7022703818112,24,33,1.0,14,40,0,0,0.7273
10.786216596454729,106.71836665482697,40,40,1.0,14,40,0,0,1.0
10.78948793356203,106.7151883818118,36,36,1.0,14,40,0,0,1.0
10.80223925742187,106.6478722259914,28,40,1.0,14,40,0,0,0.7
10.813928881466124,106.66511432455972,21,33,0.999241,14,40,0,0,0.6364
10.755608615763382,106.67347943578082,20,27,1.0,14,40,0,0,0.7407
10.782680856341084,106.70051548181168,18,30,1.0,14,40,0,0,0.6
10.754895139302109,106.67839188181134,21,32,1.0,14,40,0,0,0.6562
10.785070445194592,106.68331340921324,15,28,1.0,14,40,0,0,0.5357
10.7549373008113,106.67848844133415,21,32,1.0,14,40,0,0,0.6562
10.77898143649726,106.67684447140958,22,34,1.0,14,40,0,0,0.6471
10.7671128283867,106.6927618222887,16,20,1.0,14,40,0,0,0.8
10.77847212665258,106.69389510879644,26,41,1.0,14,40,0,0,0.6341
10.796057790235078,106.67492629345334,21,33,0.999241,14,40,0,0,0.6364
10.8352982156415,106.72935479345392,36,42,0.99802,14,40,0,0,0.8571
10.777562007197462,106.7041335430398,18,30,1.0,14,40,0,0,0.6
10.83886351241477,106.67566625482782,28,36,1.0,14,40,0,0,0.7778
10.765187049751797,106.67550552599072,24,35,1.0,14,40,0,0,0.6857
10.75948437198232,106.6840537511244,18,28,1.0,14,40,0,0,0.6429
10.865229381280963,106.72366973948476,34,49,1.0,14,40,0,0,0.6939
10.72279213640514,106.72808623948244,26,37,0.997345,14,40,0,0,0.7027
10.823400120373712,106.68551227436063,25,32,1.0,14,40,0,0,0.7812
10.756158554057755,106.66631758181126,21,30,1.0,14,40,0,0,0.7
10.7144382088356,106.73711688366168,26,35,1.0,14,40,0,0,0.7429
10.817236653231737,106.63191539530456,22,35,1.0,14,40,0,0,0.6286
10.772727584493625,106.69804225297564,17,24,1.0,14,42,0,0,0.7083
10.774028664434528,106.70357076461706,19,28,1.0,14,42,0,0,0.6786
10.752616652291238,106.72509685338922,39,39,1.0,14,43,0,0,1.0
10.745754766198267,106.65326266831876,35,43,1.0,14,43,0,0,0.814
10.94927106740351,106.87196348224562,33,42,1.0,14,43,0,0,0.7857
10.78866360854368,106.695513722289,33,42,1.0,14,43,0,0,0.7857
10.801406421807084,106.7114844087968,33,42,1.0,14,43,0,0,0.7857
10.843150534972033,106.6151343241409,22,35,1.0,14,43,0,0,0.6286
10.880537767027526,106.81481342866444,44,53,1.0,14,43,0,0,0.8302
10.740840166521664,106.61899246873142,26,36,1.0,14,44,0,0,0.7222
10.798986343749618,106.7269705664684,45,45,1.0,14,44,0,0,1.0
10.741860769464234,106.73790365482628,32,44,1.0,14,44,0,0,0.7273
10.752408891679814,106.7022703818112,28,34,1.0,14,44,0,0,0.8235
10.786216596454729,106.71836665482697,40,40,1.0,14,44,0,0,1.0
10.78948793356203,106.7151883818118,36,36,1.0,14,44,0,0,1.0
10.80223925742187,106.6478722259914,32,41,1.0,14,44,0,0,0.7805
10.813928881466124,106.66511432455972,21,33,0.99938,14,44,0,0,0.6364
10.755608615763382,106.67347943578082,19,27,1.0,14,44,0,0,0.7037
10.782680856341084,106.70051548181168,18,30,1.0,14,44,0,0,0.6
10.754895139302109,106.67839188181134,21,32,1.0,14,44,0,0,0.6562
10.785070445194592,106.68331340921324,14,28,1.0,14,44,0,0,0.5
10.7549373008113,106.67848844133415,21,33,1.0,14,44,0,0,0.6364
10.77898143649726,106.67684447140958,22,34,1.0,14,44,0,0,0.6471
10.7671128283867,106.6927618222887,15,19,1.0,14,44,0,0,0.7895
10.77847212665258,106.69389510879644,27,41,1.0,14,44,0,0,0.6585
10.796057790235078,106.67492629345334,21,34,0.999528,14,44,0,0,0.6176
10.8352982156415,106.72935479345392,36,42,0.997475,14,44,0,0,0.8571
10.777562007197462,106.7041335430398,17,30,1.0,14,44,0,0,0.5667
10.83886351241477,106.67566625482782,36,36,1.0,14,44,0,0,1.0
10.765187049751797,106.67550552599072,21,36,1.0,14,44,0,0,0.5833
10.75948437198232,106.6840537511244,20,28,1.0,14,44,0,0,0.7143
10.865229381280963,106.72366973948476,33,49,1.0,14,44,0,0,0.6735
10.72279213640514,106.72808623948244,26,37,0.997146,14,44,0,0,0.7027
10.823400120373712,106.68551227436063,25,32,1.0,14,44,0,0,0.7812
10.756158554057755,106.66631758181126,22,30,1.0,14,44,0,0,0.7333
10.7144382088356,106.73711688366168,26,35,1.0,14,44,0,0,0.7429
10.817236653231737,106.63191539530456,23,35,1.0,14,44,0,0,0.6571
10.772727584493625,106.69804225297564,14,24,1.0,14,47,0,0,0.5833
10.774028664434528,106.70357076461706,29,29,1.0,14,47,0,0,1.0
10.752616652291238,106.72509685338922,33,38,1.0,14,47,0,0,0.8684
10.745754766198267,106.65326266831876,36,43,1.0,14,47,0,0,0.8372
10.94927106740351,106.87196348224562,28,41,1.0,14,47,0,0,0.6829
10.78866360854368,106.695513722289,34,42,1.0,14,47,0,0,0.8095
10.801406421807084,106.7114844087968,34,42,1.0,14,47,0,0,0.8095
10.843150534972033,106.6151343241409,23,35,1.0,14,47,0,0,0.6571
10.880537767027526,106.81481342866444,43,53,1.0,14,47,0,0,0.8113
10.740840166521664,106.61899246873142,25,35,1.0,14,47,0,0,0.7143
10.798986343749618,106.7269705664684,45,45,1.0,14,47,0,0,1.0
10.741860769464234,106.73790365482628,30,44,1.0,14,47,0,0,0.6818
10.752408891679814,106.7022703818112,25,34,1.0,14,47,0,0,0.7353
10.786216596454729,106.71836665482697,40,40,1.0,14,47,0,0,1.0
10.78948793356203,106.7151883818118,36,36,1.0,14,47,0,0,1.0
10.80223925742187,106.6478722259914,31,41,1.0,14,47,0,0,0.7561
10.813928881466124,106.66511432455972,21,34,0.999265,14,48,0,0,0.6176
10.755608615763382,106.67347943578082,20,27,1.0,14,48,0,0,0.7407
10.782680856341084,106.70051548181168,19,30,1.0,14,48,0,0,0.6333
10.754895139302109,106.67839188181134,20,33,1.0,14,48,0,0,0.6061
10.785070445194592,106.68331340921324,12,27,1.0,14,48,0,0,0.4444
10.7549373008113,106.67848844133415,20,33,1.0,14,48,0,0,0.6061
10.77898143649726,106.67684447140958,24,34,1.0,14,48,0,0,0.7059
10.7671128283867,106.6927618222887,16,20,1.0,14,48,0,0,0.8
10.77847212665258,106.69389510879644,28,41,1.0,14,48,0,0,0.6829
10.796057790235078,106.67492629345334,21,34,0.999265,14,48,0,0,0.6176
10.8352982156415,106.72935479345392,35,42,0.997119,14,48,0,0,0.8333
10.777562007197462,106.7041335430398,19,30,1.0,14,48,0,0,0.6333
10.83886351241477,106.67566625482782,28,36,1.0,14,48,0,0,0.7778
10.765187049751797,106.67550552599072,20,36,1.0,14,48,0,0,0.5556
10.75948437198232,106.6840537511244,20,27,1.0,14,48,0,0,0.7407
10.865229381280963,106.72366973948476,35,49,1.0,14,48,0,0,0.7143
10.72279213640514,106.72808623948244,27,37,0.997886,14,48,0,0,0.7297
10.823400120373712,106.68551227436063,25,31,1.0,14,48,0,0,0.8065
10.756158554057755,106.66631758181126,19,29,1.0,14,48,0,0,0.6552
10.7144382088356,106.73711688366168,27,35,1.0,14,48,0,0,0.7714
10.817236653231737,106.63191539530456,23,35,1.0,14,48,0,0,0.6571
10.772727584493625,106.69804225297564,15,25,1.0,14,50,0,0,0.6
10.774028664434528,106.70357076461706,21,27,1.0,14,50,0,0,0.7778
10.752616652291238,106.72509685338922,35,42,1.0,14,50,0,0,0.8333
10.745754766198267,106.65326266831876,34,43,1.0,14,50,0,0,0.7907
10.94927106740351,106.87196348224562,33,42,1.0,14,50,0,0,0.7857
10.78866360854368,106.695513722289,32,42,1.0,14,50,0,0,0.7619
10.801406421807084,106.7114844087968,33,41,1.0,14,50,0,0,0.8049
10.843150534972033,106.6151343241409,25,35,1.0,14,51,0,0,0.7143
10.880537767027526,106.81481342866444,43,52,1.0,14,51,0,0,0.8269
10.740840166521664,106.61899246873142,25,35,1.0,14,51,0,0,0.7143
10.798986343749618,106.7269705664684,45,45,1.0,14,51,0,0,1.0
10.741860769464234,106.73790365482628,32,44,1.0,14,51,0,0,0.7273
10.752408891679814,106.7022703818112,26,34,1.0,14,51,0,0,0.7647
10.786216596454729,106.71836665482697,40,40,1.0,14,51,0,0,1.0
10.78948793356203,106.7151883818118,36,36,1.0,14,51,0,0,1.0
10.80223925742187,106.6478722259914,29,41,1.0,14,51,0,0,0.7073
10.813928881466124,106.66511432455972,21,34,1.0,14,51,0,0,0.6176
10.755608615763382,106.67347943578082,18,28,1.0,14,51,0,0,0.6429
10.782680856341084,106.70051548181168,18,30,1.0,14,51,0,0,0.6
10.754895139302109,106.67839188181134,21,33,1.0,14,51,0,0,0.6364
10.785070445194592,106.68331340921324,16,28,1.0,14,51,0,0,0.5714
10.7549373008113,106.67848844133415,21,33,1.0,14,51,0,0,0.6364
10.77898143649726,106.67684447140958,23,35,1.0,14,51,0,0,0.6571
10.7671128283867,106.6927618222887,16,20,1.0,14,51,0,0,0.8
10.77847212665258,106.69389510879644,26,42,1.0,14,51,0,0,0.619
10.796057790235078,106.67492629345334,21,34,1.0,14,51,0,0,0.6176
10.8352982156415,106.72935479345392,34,42,0.996644,14,51,0,0,0.8095
10.777562007197462,106.7041335430398,18,30,1.0,14,51,0,0,0.6
10.83886351241477,106.67566625482782,27,35,1.0,14,51,0,0,0.7714
10.765187049751797,106.67550552599072,19,35,1.0,14,51,0,0,0.5429
10.75948437198232,106.6840537511244,17,27,1.0,14,51,0,0,0.6296
10.865229381280963,106.72366973948476,35,49,1.0,14,51,0,0,0.7143
10.72279213640514,106.72808623948244,28,36,0.995997,14,51,0,0,0.7778
10.823400120373712,106.68551227436063,24,31,1.0,14,51,0,0,0.7742
10.756158554057755,106.66631758181126,20,29,1.0,14,52,0,0,0.6897
10.7144382088356,106.73711688366168,26,35,1.0,14,52,0,0,0.7429
10.817236653231737,106.63191539530456,22,35,1.0,14,52,0,0,0.6286
10.772727584493625,106.69804225297564,14,24,1.0,14,54,0,0,0.5833
10.774028664434528,106.70357076461706,21,28,1.0,14,54,0,0,0.75
10.752616652291238,106.72509685338922,36,42,1.0,14,54,0,0,0.8571
10.745754766198267,106.65326266831876,35,43,1.0,14,54,0,0,0.814
10.94927106740351,106.87196348224562,42,42,1.0,14,54,0,0,1.0
10.78866360854368,106.695513722289,32,41,1.0,14,55,0,0,0.7805
10.801406421807084,106.7114844087968,32,41,1.0,14,55,0,0,0.7805
10.843150534972033,106.6151343241409,22,35,1.0,14,55,0,0,0.6286
10.880537767027526,106.81481342866444,43,53,1.0,14,55,0,0,0.8113
10.740840166521664,106.61899246873142,25,35,1.0,14,55,0,0,0.7143
10.798986343749618,106.7269705664684,45,45,1.0,14,55,0,0,1.0
10.741860769464234,106.73790365482628,32,44,1.0,14,55,0,0,0.7273
10.752408891679814,106.7022703818112,26,33,1.0,14,55,0,0,0.7879
10.786216596454729,106.71836665482697,40,40,1.0,14,55,0,0,1.0
10.78948793356203,106.7151883818118,36,36,1.0,14,55,0,0,1.0
10.80223925742187,106.6478722259914,28,41,1.0,14,55,0,0,0.6829
10.813928881466124,106.66511432455972,21,34,1.0,14,55,0,0,0.6176
10.755608615763382,106.67347943578082,17,28,1.0,14,55,0,0,0.6071
10.782680856341084,106.70051548181168,18,30,1.0,14,55,0,0,0.6
10.754895139302109,106.67839188181134,21,32,1.0,14,55,0,0,0.6562
10.785070445194592,106.68331340921324,13,27,1.0,14,55,0,0,0.4815
10.7549373008113,106.67848844133415,21,32,1.0,14,55,0,0,0.6562
10.77898143649726,106.67684447140958,24,35,1.0,14,55,0,0,0.6857
10.7671128283867,106.6927618222887,20,20,1.0,14,55,0,0,1.0
10.77847212665258,106.69389510879644,27,42,1.0,14,55,0,0,0.6429
10.796057790235078,106.67492629345334,20,34,1.0,14,55,0,0,0.5882
10.8352982156415,106.72935479345392,32,42,0.997293,14,55,0,0,0.7619
10.777562007197462,106.7041335430398,18,30,1.0,14,55,0,0,0.6
10.83886351241477,106.67566625482782,26,36,1.0,14,55,0,0,0.7222
10.765187049751797,106.67550552599072,24,36,1.0,14,55,0,0,0.6667
10.75948437198232,106.6840537511244,18,28,1.0,14,55,0,0,0.6429
10.865229381280963,106.72366973948476,35,49,1.0,14,55,0,0,0.7143
10.72279213640514,106.72808623948244,27,36,0.996876,14,55,0,0,0.75
10.823400120373712,106.68551227436063,23,32,1.0,14,55,0,0,0.7188
10.756158554057755,106.66631758181126,20,29,1.0,14,55,0,0,0.6897
10.7144382088356,106.73711688366168,26,35,1.0,14,55,0,0,0.7429
10.817236653231737,106.63191539530456,22,35,1.0,14,55,0,0,0.6286
10.772727584493625,106.69804225297564,17,24,1.0,14,58,0,0,0.7083
10.774028664434528,106.70357076461706,29,29,1.0,14,58,0,0,1.0
10.752616652291238,106.72509685338922,37,42,1.0,14,58,0,0,0.881
10.745754766198267,106.65326266831876,36,43,1.0,14,58,0,0,0.8372
10.94927106740351,106.87196348224562,31,41,1.0,14,58,0,0,0.7561
10.78866360854368,106.695513722289,32,42,1.0,14,58,0,0,0.7619
10.801406421807084,106.7114844087968,32,42,1.0,14,58,0,0,0.7619
10.843150534972033,106.6151343241409,22,35,1.0,14,59,0,0,0.6286
10.880537767027526,106.81481342866444,42,53,1.0,14,59,0,0,0.7925
10.740840166521664,106.61899246873142,24,36,1.0,14,59,0,0,0.6667
10.798986343749618,106.7269705664684,45,45,1.0,14,59,0,0,1.0
10.741860769464234,106.73790365482628,33,44,1.0,14,59,0,0,0.75
10.752408891679814,106.7022703818112,25,34,1.0,14,59,0,0,0.7353
10.786216596454729,106.71836665482697,40,40,1.0,14,59,0,0,1.0
10.78948793356203,106.7151883818118,36,36,1.0,14,59,0,0,1.0
10.80223925742187,106.6478722259914,29,40,1.0,14,59,0,0,0.725
10.813928881466124,106.66511432455972,21,34,1.0,14,59,0,0,0.6176
10.755608615763382,106.67347943578082,18,27,0.998787,14,59,0,0,0.6667
10.782680856341084,106.70051548181168,20,30,1.0,14,59,0,0,0.6667
10.754895139302109,106.67839188181134,19,33,1.0,14,59,0,0,0.5758
10.785070445194592,106.68331340921324,14,28,1.0,14,59,0,0,0.5
10.7549373008113,106.67848844133415,19,33,1.0,14,59,0,0,0.5758
10.77898143649726,106.67684447140958,24,34,1.0,14,59,0,0,0.7059
10.7671128283867,106.6927618222887,13,19,1.0,14,59,0,0,0.6842
10.77847212665258,106.69389510879644,27,41,1.0,14,59,0,0,0.6585
10.796057790235078,106.67492629345334,21,34,1.0,15,0,0,0,0.6176
10.8352982156415,106.72935479345392,36,42,0.997582,15,0,0,0,0.8571
10.777562007197462,106.7041335430398,20,30,1.0,15,0,0,0,0.6667
10.83886351241477,106.67566625482782,27,35,1.0,15,0,0,0,0.7714
10.765187049751797,106.67550552599072,24,36,1.0,15,0,0,0,0.6667
10.75948437198232,106.6840537511244,18,27,0.998954,15,0,0,0,0.6667
10.865229381280963,106.72366973948476,36,49,1.0,15,0,0,0,0.7347
10.72279213640514,106.72808623948244,27,37,0.997702,15,0,0,0,0.7297
10.823400120373712,106.68551227436063,23,32,1.0,15,0,0,0,0.7188
10.756158554057755,106.66631758181126,20,30,1.0,15,0,0,0,0.6667
10.7144382088356,106.73711688366168,26,35,1.0,15,0,0,0,0.7429
10.817236653231737,106.63191539530456,23,35,1.0,15,0,0,0,0.6571
10.772727584493625,106.69804225297564,16,24,1.0,15,2,0,0,0.6667
10.774028664434528,106.70357076461706,29,29,1.0,15,2,0,0,1.0
10.752616652291238,106.72509685338922,27,39,1.0,15,2,0,0,0.6923
10.745754766198267,106.65326266831876,36,43,1.0,15,2,0,0,0.8372
10.94927106740351,106.87196348224562,42,42,1.0,15,2,0,0,1.0
10.78866360854368,106.695513722289,32,42,1.0,15,3,0,0,0.7619
10.801406421807084,106.7114844087968,32,42,1.0,15,3,0,0,0.7619
10.843150534972033,106.6151343241409,22,35,1.0,15,3,0,0,0.6286
10.880537767027526,106.81481342866444,40,53,1.0,15,3,0,0,0.7547
10.740840166521664,106.61899246873142,26,35,1.0,15,3,0,0,0.7429
10.798986343749618,106.7269705664684,45,45,1.0,15,3,0,0,1.0
10.741860769464234,106.73790365482628,35,44,1.0,15,3,0,0,0.7955
10.752408891679814,106.7022703818112,24,33,1.0,15,3,0,0,0.7273
10.786216596454729,106.71836665482697,40,40,1.0,15,3,0,0,1.0
10.78948793356203,106.7151883818118,36,36,1.0,15,3,0,0,1.0
10.80223925742187,106.6478722259914,31,41,1.0,15,3,0,0,0.7561
10.813928881466124,106.66511432455972,22,34,1.0,15,3,0,0,0.6471
10.755608615763382,106.67347943578082,17,26,0.998954,15,3,0,0,0.6538
10.782680856341084,106.70051548181168,18,30,1.0,15,3,0,0,0.6
10.754895139302109,106.67839188181134,19,32,1.0,15,3,0,0,0.5938
10.785070445194592,106.68331340921324,14,28,1.0,15,3,0,0,0.5
10.7549373008113,106.67848844133415,19,32,1.0,15,4,0,0,0.5938
10.77898143649726,106.67684447140958,24,34,1.0,15,4,0,0,0.7059
10.7671128283867,106.6927618222887,10,20,1.0,15,4,0,0,0.5
10.77847212665258,106.69389510879644,27,42,1.0,15,4,0,0,0.6429
10.796057790235078,106.67492629345334,21,34,1.0,15,4,0,0,0.6176
10.8352982156415,106.72935479345392,34,42,0.997184,15,4,0,0,0.8095
10.777562007197462,106.7041335430398,17,30,1.0,15,4,0,0,0.5667
10.83886351241477,106.67566625482782,29,36,1.0,15,4,0,0,0.8056
10.765187049751797,106.67550552599072,25,35,1.0,15,4,0,0,0.7143
10.75948437198232,106.6840537511244,17,27,1.0,15,4,0,0,0.6296
10.865229381280963,106.72366973948476,34,48,1.0,15,4,0,0,0.7083
10.72279213640514,106.72808623948244,28,37,0.998475,15,4,0,0,0.7568
10.823400120373712,106.68551227436063,22,31,1.0,15,4,0,0,0.7097
10.756158554057755,106.66631758181126,23,29,1.0,15,4,0,0,0.7931
10.7144382088356,106.73711688366168,27,35,1.0,15,4,0,0,0.7714
10.817236653231737,106.63191539530456,22,35,1.0,15,5,0,0,0.6286
10.772727584493625,106.69804225297564,12,23,1.0,15,7,0,0,0.5217
10.774028664434528,106.70357076461706,20,28,1.0,15,7,0,0,0.7143
10.752616652291238,106.72509685338922,39,39,1.0,15,7,0,0,1.0
10.745754766198267,106.65326266831876,34,42,1.0,15,7,0,0,0.8095
10.94927106740351,106.87196348224562,31,42,1.0,15,7,0,0,0.7381
10.78866360854368,106.695513722289,33,42,1.0,15,7,0,0,0.7857
10.801406421807084,106.7114844087968,33,42,1.0,15,7,0,0,0.7857
10.843150534972033,106.6151343241409,22,35,1.0,15,7,0,0,0.6286
10.880537767027526,106.81481342866444,42,53,1.0,15,7,0,0,0.7925
10.740840166521664,106.61899246873142,25,35,1.0,15,7,0,0,0.7143
10.798986343749618,106.7269705664684,45,45,1.0,15,7,0,0,1.0
10.741860769464234,106.73790365482628,35,44,1.0,15,7,0,0,0.7955
10.752408891679814,106.7022703818112,23,33,1.0,15,8,0,0,0.697
10.786216596454729,106.71836665482697,40,40,1.0,15,8,0,0,1.0
10.78948793356203,106.7151883818118,36,36,1.0,15,8,0,0,1.0
10.80223925742187,106.6478722259914,28,41,1.0,15,8,0,0,0.6829
10.813928881466124,106.66511432455972,20,34,0.998955,15,8,0,0,0.5882
10.755608615763382,106.67347943578082,19,27,0.998943,15,8,0,0,0.7037
10.782680856341084,106.70051548181168,18,30,1.0,15,8,0,0,0.6
10.754895139302109,106.67839188181134,20,32,1.0,15,8,0,0,0.625
10.785070445194592,106.68331340921324,18,28,1.0,15,8,0,0,0.6429
10.7549373008113,106.67848844133415,20,32,1.0,15,8,0,0,0.625
10.77898143649726,106.67684447140958,24,34,1.0,15,8,0,0,0.7059
10.7671128283867,106.6927618222887,11,20,1.0,15,8,0,0,0.55
10.77847212665258,106.69389510879644,27,42,1.0,15,8,0,0,0.6429
10.796057790235078,106.67492629345334,20,34,0.998955,15,8,0,0,0.5882
10.8352982156415,106.72935479345392,33,42,0.996641,15,8,0,0,0.7857
10.777562007197462,106.7041335430398,18,30,1.0,15,8,0,0,0.6
10.83886351241477,106.67566625482782,27,36,0.999221,15,8,0,0,0.75
10.765187049751797,106.67550552599072,23,35,1.0,15,8,0,0,0.6571
10.75948437198232,106.6840537511244,16,28,1.0,15,9,0,0,0.5714
10.865229381280963,106.72366973948476,33,49,1.0,15,9,0,0,0.6735
10.72279213640514,106.72808623948244,27,37,0.998836,15,9,0,0,0.7297
10.823400120373712,106.68551227436063,19,31,1.0,15,9,0,0,0.6129
10.756158554057755,106.66631758181126,20,30,1.0,15,9,0,0,0.6667
10.7144382088356,106.73711688366168,27,36,1.0,15,9,0,0,0.75
10.817236653231737,106.63191539530456,22,35,1.0,15,9,0,0,0.6286
10.772727584493625,106.69804225297564,15,23,1.0,15,11,0,0,0.6522
10.774028664434528,106.70357076461706,22,28,1.0,15,11,0,0,0.7857
10.752616652291238,106.72509685338922,28,39,1.0,15,11,0,0,0.7179
10.745754766198267,106.65326266831876,34,43,1.0,15,11,0,0,0.7907
10.94927106740351,106.87196348224562,30,41,1.0,15,11,0,0,0.7317
10.78866360854368,106.695513722289,32,42,1.0,15,11,0,0,0.7619
10.801406421807084,106.7114844087968,32,42,1.0,15,11,0,0,0.7619
10.843150534972033,106.6151343241409,22,35,1.0,15,11,0,0,0.6286
10.880537767027526,106.81481342866444,43,53,1.0,15,11,0,0,0.8113
10.740840166521664,106.61899246873142,24,35,1.0,15,11,0,0,0.6857
10.798986343749618,106.7269705664684,45,45,1.0,15,11,0,0,1.0
10.741860769464234,106.73790365482628,37,44,1.0,15,11,0,0,0.8409
10.752408891679814,106.7022703818112,22,34,1.0,15,11,0,0,0.6471
10.786216596454729,106.71836665482697,40,40,1.0,15,11,0,0,1.0
10.78948793356203,106.7151883818118,28,36,1.0,15,11,0,0,0.7778
10.80223925742187,106.6478722259914,28,41,1.0,15,11,0,0,0.6829
10.813928881466124,106.66511432455972,21,33,1.0,15,11,0,0,0.6364
10.755608615763382,106.67347943578082,17,28,1.0,15,11,0,0,0.6071
10.782680856341084,106.70051548181168,19,30,1.0,15,11,0,0,0.6333
10.754895139302109,106.67839188181134,19,33,1.0,15,12,0,0,0.5758
10.785070445194592,106.68331340921324,13,28,1.0,15,12,0,0,0.4643
10.7549373008113,106.67848844133415,19,33,1.0,15,12,0,0,0.5758
10.77898143649726,106.67684447140958,25,34,1.0,15,12,0,0,0.7353
10.7671128283867,106.6927618222887,11,20,1.0,15,12,0,0,0.55
10.77847212665258,106.69389510879644,27,41,1.0,15,12,0,0,0.6585
10.796057790235078,106.67492629345334,21,33,1.0,15,12,0,0,0.6364
10.8352982156415,106.72935479345392,42,42,1.0,15,12,0,0,1.0
10.777562007197462,106.7041335430398,19,30,1.0,15,12,0,0,0.6333
10.83886351241477,106.67566625482782,29,36,1.0,15,12,0,0,0.8056
10.765187049751797,106.67550552599072,27,36,1.0,15,12,0,0,0.75
10.75948437198232,106.6840537511244,18,28,1.0,15,12,0,0,0.6429
10.865229381280963,106.72366973948476,34,49,1.0,15,12,0,0,0.6939
10.72279213640514,106.72808623948244,26,36,0.997958,15,12,0,0,0.7222
10.823400120373712,106.68551227436063,19,32,1.0,15,12,0,0,0.5938
10.756158554057755,106.66631758181126,18,29,1.0,15,12,0,0,0.6207
10.7144382088356,106.73711688366168,27,35,1.0,15,12,0,0,0.7714
10.817236653231737,106.63191539530456,22,35,1.0,15,13,0,0,0.6286
10.772727584493625,106.69804225297564,12,24,1.0,15,15,0,0,0.5
10.774028664434528,106.70357076461706,20,28,1.0,15,15,0,0,0.7143
10.752616652291238,106.72509685338922,39,39,1.0,15,15,0,0,1.0
10.745754766198267,106.65326266831876,36,43,1.0,15,15,0,0,0.8372
10.94927106740351,106.87196348224562,31,41,1.0,15,15,0,0,0.7561
10.78866360854368,106.695513722289,32,41,1.0,15,15,0,0,0.7805
10.801406421807084,106.7114844087968,32,41,1.0,15,15,0,0,0.7805
10.843150534972033,106.6151343241409,21,35,1.0,15,15,0,0,0.6
10.880537767027526,106.81481342866444,42,53,1.0,15,15,0,0,0.7925
10.740840166521664,106.61899246873142,26,35,1.0,15,15,0,0,0.7429
10.798986343749618,106.7269705664684,45,45,1.0,15,15,0,0,1.0
10.741860769464234,106.73790365482628,37,44,1.0,15,15,0,0,0.8409
10.752408891679814,106.7022703818112,21,34,1.0,15,15,0,0,0.6176
10.786216596454729,106.71836665482697,40,40,1.0,15,15,0,0,1.0
10.78948793356203,106.7151883818118,36,36,1.0,15,15,0,0,1.0
10.80223925742187,106.6478722259914,29,41,1.0,15,15,0,0,0.7073
10.813928881466124,106.66511432455972,22,33,1.0,15,16,0,0,0.6667
10.755608615763382,106.67347943578082,17,28,1.0,15,16,0,0,0.6071
10.782680856341084,106.70051548181168,18,30,1.0,15,16,0,0,0.6
10.754895139302109,106.67839188181134,21,33,1.0,15,16,0,0,0.6364
10.785070445194592,106.68331340921324,12,28,1.0,15,16,0,0,0.4286
10.7549373008113,106.67848844133415,21,33,1.0,15,16,0,0,0.6364
10.77898143649726,106.67684447140958,24,34,1.0,15,16,0,0,0.7059
10.7671128283867,106.6927618222887,20,20,1.0,15,16,0,0,1.0
10.77847212665258,106.69389510879644,27,41,1.0,15,16,0,0,0.6585
10.796057790235078,106.67492629345334,21,33,1.0,15,16,0,0,0.6364
10.8352982156415,106.72935479345392,35,42,0.998023,15,16,0,0,0.8333
10.777562007197462,106.7041335430398,18,30,1.0,15,16,0,0,0.6
10.83886351241477,106.67566625482782,27,36,1.0,15,17,0,0,0.75
10.765187049751797,106.67550552599072,20,35,1.0,15,17,0,0,0.5714
10.75948437198232,106.6840537511244,17,28,1.0,15,17,0,0,0.6071
10.865229381280963,106.72366973948476,33,49,1.0,15,17,0,0,0.6735
10.72279213640514,106.72808623948244,26,37,0.997958,15,17,0,0,0.7027
10.823400120373712,106.68551227436063,22,31,1.0,15,17,0,0,0.7097
10.756158554057755,106.66631758181126,20,30,1.0,15,17,0,0,0.6667
10.7144382088356,106.73711688366168,27,35,1.0,15,17,0,0,0.7714
10.817236653231737,106.63191539530456,22,35,1.0,15,17,0,0,0.6286
10.772727584493625,106.69804225297564,15,23,1.0,15,19,0,0,0.6522
10.774028664434528,106.70357076461706,18,28,1.0,15,19,0,0,0.6429
10.752616652291238,106.72509685338922,28,39,1.0,15,20,0,0,0.7179
10.745754766198267,106.65326266831876,35,43,1.0,15,20,0,0,0.814
10.94927106740351,106.87196348224562,33,41,1.0,15,20,0,0,0.8049
10.78866360854368,106.695513722289,33,41,1.0,15,20,0,0,0.8049
10.801406421807084,106.7114844087968,33,41,1.0,15,20,0,0,0.8049
10.843150534972033,106.6151343241409,21,35,1.0,15,20,0,0,0.6
10.880537767027526,106.81481342866444,42,53,1.0,15,20,0,0,0.7925
10.740840166521664,106.61899246873142,26,35,1.0,15,20,0,0,0.7429
10.798986343749618,106.7269705664684,45,45,1.0,15,20,0,0,1.0
10.741860769464234,106.73790365482628,36,44,1.0,15,20,0,0,0.8182
10.752408891679814,106.7022703818112,22,33,1.0,15,20,0,0,0.6667
10.786216596454729,106.71836665482697,40,40,1.0,15,20,0,0,1.0
10.78948793356203,106.7151883818118,36,36,1.0,15,20,0,0,1.0
10.80223925742187,106.6478722259914,30,41,1.0,15,20,0,0,0.7317
10.813928881466124,106.66511432455972,20,34,1.0,15,20,0,0,0.5882
10.755608615763382,106.67347943578082,18,27,0.998954,15,20,0,0,0.6667
10.782680856341084,106.70051548181168,18,30,1.0,15,20,0,0,0.6
10.754895139302109,106.67839188181134,20,33,1.0,15,20,0,0,0.6061
10.785070445194592,106.68331340921324,14,28,1.0,15,20,0,0,0.5
10.7549373008113,106.67848844133415,20,33,1.0,15,20,0,0,0.6061
10.77898143649726,106.67684447140958,23,34,1.0,15,20,0,0,0.6765
10.7671128283867,106.6927618222887,13,19,1.0,15,20,0,0,0.6842
10.77847212665258,106.69389510879644,27,42,1.0,15,20,0,0,0.6429
10.796057790235078,106.67492629345334,19,34,1.0,15,21,0,0,0.5588
10.8352982156415,106.72935479345392,37,42,0.997858,15,21,0,0,0.881
10.777562007197462,106.7041335430398,18,30,1.0,15,21,0,0,0.6
10.83886351241477,106.67566625482782,26,36,1.0,15,21,0,0,0.7222
10.765187049751797,106.67550552599072,25,36,1.0,15,21,0,0,0.6944
10.75948437198232,106.6840537511244,20,27,1.0,15,21,0,0,0.7407
10.865229381280963,106.72366973948476,35,49,1.0,15,21,0,0,0.7143
10.72279213640514,106.72808623948244,25,37,0.99749,15,21,0,0,0.6757
10.823400120373712,106.68551227436063,23,31,1.0,15,21,0,0,0.7419
10.756158554057755,106.66631758181126,20,30,1.0,15,21,0,0,0.6667
10.7144382088356,106.73711688366168,26,35,1.0,15,21,0,0,0.7429
10.817236653231737,106.63191539530456,22,35,1.0,15,21,0,0,0.6286
10.772727584493625,106.69804225297564,16,24,1.0,15,24,0,0,0.6667
10.774028664434528,106.70357076461706,21,28,1.0,15,24,0,0,0.75
10.752616652291238,106.72509685338922,39,39,1.0,15,24,0,0,1.0
10.745754766198267,106.65326266831876,35,43,1.0,15,24,0,0,0.814
10.94927106740351,106.87196348224562,34,42,1.0,15,24,0,0,0.8095
10.78866360854368,106.695513722289,31,41,1.0,15,24,0,0,0.7561
10.801406421807084,106.7114844087968,31,41,1.0,15,24,0,0,0.7561
10.843150534972033,106.6151343241409,22,35,1.0,15,24,0,0,0.6286
10.880537767027526,106.81481342866444,44,53,1.0,15,24,0,0,0.8302
10.740840166521664,106.61899246873142,25,35,1.0,15,24,0,0,0.7143
10.798986343749618,106.7269705664684,45,45,1.0,15,24,0,0,1.0
10.741860769464234,106.73790365482628,36,44,1.0,15,24,0,0,0.8182
10.752408891679814,106.7022703818112,23,34,1.0,15,24,0,0,0.6765
10.786216596454729,106.71836665482697,40,40,1.0,15,24,0,0,1.0
10.78948793356203,106.7151883818118,36,36,1.0,15,24,0,0,1.0
10.80223925742187,106.6478722259914,27,41,1.0,15,24,0,0,0.6585
10.813928881466124,106.66511432455972,20,34,0.998954,15,24,0,0,0.5882
10.755608615763382,106.67347943578082,19,27,1.0,15,25,0,0,0.7037
10.782680856341084,106.70051548181168,19,30,1.0,15,25,0,0,0.6333
10.754895139302109,106.67839188181134,20,33,1.0,15,25,0,0,0.6061
10.785070445194592,106.68331340921324,13,28,1.0,15,25,0,0,0.4643
10.7549373008113,106.67848844133415,20,33,1.0,15,25,0,0,0.6061
10.77898143649726,106.67684447140958,24,34,1.0,15,25,0,0,0.7059
10.7671128283867,106.6927618222887,20,20,1.0,15,25,0,0,1.0
10.77847212665258,106.69389510879644,27,41,1.0,15,25,0,0,0.6585
10.796057790235078,106.67492629345334,19,34,0.998691,15,25,0,0,0.5588
10.8352982156415,106.72935479345392,35,42,0.997589,15,25,0,0,0.8333
10.777562007197462,106.7041335430398,18,30,1.0,15,25,0,0,0.6
10.83886351241477,106.67566625482782,26,36,1.0,15,25,0,0,0.7222
10.765187049751797,106.67550552599072,27,36,1.0,15,25,0,0,0.75
10.75948437198232,106.6840537511244,20,26,1.0,15,26,0,0,0.7692
10.865229381280963,106.72366973948476,34,49,1.0,15,26,0,0,0.6939
10.72279213640514,106.72808623948244,26,37,0.998218,15,26,0,0,0.7027
10.823400120373712,106.68551227436063,23,31,1.0,15,26,0,0,0.7419
10.756158554057755,106.66631758181126,17,30,1.0,15,26,0,0,0.5667
10.7144382088356,106.73711688366168,25,35,1.0,15,26,0,0,0.7143
10.817236653231737,106.63191539530456,22,35,1.0,15,26,0,0,0.6286
10.772727584493625,106.69804225297564,13,26,1.0,15,28,0,0,0.5
10.774028664434528,106.70357076461706,29,29,1.0,15,28,0,0,1.0
10.752616652291238,106.72509685338922,39,39,1.0,15,28,0,0,1.0
10.745754766198267,106.65326266831876,36,43,1.0,15,29,0,0,0.8372
10.94927106740351,106.87196348224562,28,41,1.0,15,29,0,0,0.6829
10.78866360854368,106.695513722289,32,42,1.0,15,29,0,0,0.7619
10.801406421807084,106.7114844087968,32,42,1.0,15,29,0,0,0.7619
10.843150534972033,106.6151343241409,21,35,1.0,15,29,0,0,0.6
10.880537767027526,106.81481342866444,42,54,1.0,15,29,0,0,0.7778
10.740840166521664,106.61899246873142,27,35,1.0,15,29,0,0,0.7714
10.798986343749618,106.7269705664684,45,45,1.0,15,29,0,0,1.0
10.741860769464234,106.73790365482628,45,45,1.0,15,29,0,0,1.0
10.752408891679814,106.7022703818112,22,34,1.0,15,30,0,0,0.6471
10.786216596454729,106.71836665482697,40,40,1.0,15,30,0,0,1.0
10.78948793356203,106.7151883818118,36,36,1.0,15,30,0,0,1.0
10.80223925742187,106.6478722259914,30,40,1.0,15,30,0,0,0.75
10.813928881466124,106.66511432455972,20,34,0.999713,15,30,0,0,0.5882
10.755608615763382,106.67347943578082,20,27,1.0,15,30,0,0,0.7407
10.782680856341084,106.70051548181168,18,30,1.0,15,30,0,0,0.6
10.754895139302109,106.67839188181134,19,32,1.0,15,30,0,0,0.5938
10.785070445194592,106.68331340921324,16,28,1.0,15,30,0,0,0.5714
10.7549373008113,106.67848844133415,20,33,1.0,15,30,0,0,0.6061
10.77898143649726,106.67684447140958,23,34,1.0,15,30,0,0,0.6765
10.7671128283867,106.6927618222887,20,20,1.0,15,30,0,0,1.0
10.77847212665258,106.69389510879644,27,42,1.0,15,30,0,0,0.6429
10.796057790235078,106.67492629345334,20,34,1.0,15,30,0,0,0.5882
10.8352982156415,106.72935479345392,36,42,0.998323,15,31,0,0,0.8571
10.777562007197462,106.7041335430398,19,30,1.0,15,31,0,0,0.6333
10.83886351241477,106.67566625482782,27,36,1.0,15,31,0,0,0.75
10.765187049751797,106.67550552599072,26,36,1.0,15,31,0,0,0.7222
10.75948437198232,106.6840537511244,20,28,1.0,15,31,0,0,0.7143
10.865229381280963,106.72366973948476,34,49,1.0,15,31,0,0,0.6939
10.72279213640514,106.72808623948244,26,38,0.995685,15,31,0,0,0.6842
10.823400120373712,106.68551227436063,22,31,1.0,15,31,0,0,0.7097
10.756158554057755,106.66631758181126,23,30,1.0,15,31,0,0,0.7667
10.7144382088356,106.73711688366168,25,35,1.0,15,32,0,0,0.7143
10.817236653231737,106.63191539530456,22,35,1.0,15,32,0,0,0.6286
10.772727584493625,106.69804225297564,13,25,1.0,17,20,0,0,0.52
10.774028664434528,106.70357076461706,17,28,1.0,17,20,0,0,0.6071
10.752616652291238,106.72509685338922,29,39,1.0,17,20,0,0,0.7436
10.745754766198267,106.65326266831876,37,43,1.0,17,20,0,0,0.8605
10.94927106740351,106.87196348224562,30,42,1.0,17,20,0,0,0.7143
10.78866360854368,106.695513722289,29,42,1.0,17,20,0,0,0.6905
10.801406421807084,106.7114844087968,29,42,1.0,17,20,0,0,0.6905
10.843150534972033,106.6151343241409,19,35,1.0,17,20,0,0,0.5429
10.880537767027526,106.81481342866444,42,53,1.0,17,20,0,0,0.7925
10.740840166521664,106.61899246873142,24,35,1.0,17,20,0,0,0.6857
10.798986343749618,106.7269705664684,34,44,1.0,17,21,0,0,0.7727
10.741860769464234,106.73790365482628,27,44,1.0,17,21,0,0,0.6136
10.752408891679814,106.7022703818112,17,34,1.0,17,21,0,0,0.5
10.786216596454729,106.71836665482697,40,40,1.0,17,21,0,0,1.0
10.78948793356203,106.7151883818118,19,35,1.0,17,21,0,0,0.5429
10.80223925742187,106.6478722259914,18,40,1.0,17,21,0,0,0.45
10.813928881466124,106.66511432455972,17,34,0.999528,17,21,0,0,0.5
10.755608615763382,106.67347943578082,19,28,1.0,17,21,0,0,0.6786
10.782680856341084,106.70051548181168,12,29,1.0,17,21,0,0,0.4138
10.754895139302109,106.67839188181134,17,32,1.0,17,21,0,0,0.5312
10.785070445194592,106.68331340921324,13,28,1.0,17,21,0,0,0.4643
10.7549373008113,106.67848844133415,16,32,1.0,17,21,0,0,0.5
10.77898143649726,106.67684447140958,20,35,1.0,17,21,0,0,0.5714
10.7671128283867,106.6927618222887,11,19,1.0,17,21,0,0,0.5789
10.77847212665258,106.69389510879644,24,41,1.0,17,21,0,0,0.5854
10.796057790235078,106.67492629345334,17,34,0.998955,17,21,0,0,0.5
10.8352982156415,106.72935479345392,33,42,0.998187,17,21,0,0,0.7857
10.777562007197462,106.7041335430398,13,30,1.0,17,21,0,0,0.4333
10.83886351241477,106.67566625482782,22,36,1.0,17,21,0,0,0.6111
10.765187049751797,106.67550552599072,22,36,1.0,17,21,0,0,0.6111
10.75948437198232,106.6840537511244,16,27,1.0,17,22,0,0,0.5926
10.865229381280963,106.72366973948476,31,49,1.0,17,22,0,0,0.6327
10.72279213640514,106.72808623948244,21,37,0.998557,17,22,0,0,0.5676
10.823400120373712,106.68551227436063,20,32,1.0,17,22,0,0,0.625
10.756158554057755,106.66631758181126,15,29,1.0,17,22,0,0,0.5172
10.7144382088356,106.73711688366168,21,35,1.0,17,22,0,0,0.6
10.817236653231737,106.63191539530456,21,35,1.0,17,22,0,0,0.6
10.772727584493625,106.69804225297564,13,25,1.0,17,24,0,0,0.52
10.774028664434528,106.70357076461706,14,29,1.0,17,24,0,0,0.4828
10.752616652291238,106.72509685338922,30,39,1.0,17,24,0,0,0.7692
10.745754766198267,106.65326266831876,36,43,1.0,17,24,0,0,0.8372
10.94927106740351,106.87196348224562,25,41,1.0,17,24,0,0,0.6098
10.78866360854368,106.695513722289,29,42,1.0,17,24,0,0,0.6905
10.801406421807084,106.7114844087968,29,42,1.0,17,24,0,0,0.6905
10.843150534972033,106.6151343241409,19,35,1.0,17,24,0,0,0.5429
10.880537767027526,106.81481342866444,41,53,1.0,17,24,0,0,0.7736
10.740840166521664,106.61899246873142,23,35,1.0,17,24,0,0,0.6571
10.798986343749618,106.7269705664684,30,43,1.0,17,24,0,0,0.6977
10.741860769464234,106.73790365482628,28,44,1.0,17,24,0,0,0.6364
10.752408891679814,106.7022703818112,17,33,1.0,17,25,0,0,0.5152
10.786216596454729,106.71836665482697,40,40,1.0,17,25,0,0,1.0
10.78948793356203,106.7151883818118,20,35,1.0,17,25,0,0,0.5714
10.80223925742187,106.6478722259914,20,40,1.0,17,25,0,0,0.5
10.813928881466124,106.66511432455972,16,33,0.999427,17,25,0,0,0.4848
10.755608615763382,106.67347943578082,13,26,1.0,17,25,0,0,0.5
10.782680856341084,106.70051548181168,13,29,1.0,17,25,0,0,0.4483
10.754895139302109,106.67839188181134,17,33,1.0,17,25,0,0,0.5152
10.785070445194592,106.68331340921324,11,27,1.0,17,25,0,0,0.4074
10.7549373008113,106.67848844133415,17,33,1.0,17,25,0,0,0.5152
10.77898143649726,106.67684447140958,19,34,1.0,17,25,0,0,0.5588
10.7671128283867,106.6927618222887,13,19,1.0,17,25,0,0,0.6842
10.77847212665258,106.69389510879644,24,42,1.0,17,25,0,0,0.5714
10.796057790235078,106.67492629345334,16,33,0.999427,17,25,0,0,0.4848
10.8352982156415,106.72935479345392,32,42,0.998522,17,25,0,0,0.7619
10.777562007197462,106.7041335430398,13,29,1.0,17,25,0,0,0.4483
10.83886351241477,106.67566625482782,21,35,1.0,17,25,0,0,0.6
10.765187049751797,106.67550552599072,21,36,1.0,17,25,0,0,0.5833
10.75948437198232,106.6840537511244,13,26,1.0,17,25,0,0,0.5
10.865229381280963,106.72366973948476,31,49,1.0,17,25,0,0,0.6327
10.72279213640514,106.72808623948244,22,37,0.998557,17,25,0,0,0.5946
10.823400120373712,106.68551227436063,19,31,1.0,17,25,0,0,0.6129
10.756158554057755,106.66631758181126,14,29,1.0,17,25,0,0,0.4828
10.7144382088356,106.73711688366168,22,35,1.0,17,25,0,0,0.6286
10.817236653231737,106.63191539530456,19,35,1.0,17,25,0,0,0.5429
10.772727584493625,106.69804225297564,13,25,1.0,17,27,0,0,0.52
10.774028664434528,106.70357076461706,14,29,1.0,17,27,0,0,0.4828
10.752616652291238,106.72509685338922,30,39,1.0,17,28,0,0,0.7692
10.745754766198267,106.65326266831876,36,43,1.0,17,28,0,0,0.8372
10.94927106740351,106.87196348224562,25,41,1.0,17,28,0,0,0.6098
10.78866360854368,106.695513722289,29,42,1.0,17,28,0,0,0.6905
10.801406421807084,106.7114844087968,29,42,1.0,17,28,0,0,0.6905
10.843150534972033,106.6151343241409,19,35,1.0,17,28,0,0,0.5429
10.880537767027526,106.81481342866444,41,53,1.0,17,28,0,0,0.7736
10.740840166521664,106.61899246873142,23,35,1.0,17,28,0,0,0.6571
10.798986343749618,106.7269705664684,30,43,1.0,17,28,0,0,0.6977
10.741860769464234,106.73790365482628,28,44,1.0,17,28,0,0,0.6364
10.752408891679814,106.7022703818112,17,33,1.0,17,28,0,0,0.5152
10.786216596454729,106.71836665482697,40,40,1.0,17,28,0,0,1.0
10.78948793356203,106.7151883818118,20,35,1.0,17,28,0,0,0.5714
10.80223925742187,106.6478722259914,20,40,1.0,17,28,0,0,0.5
10.813928881466124,106.66511432455972,16,33,0.999427,17,28,0,0,0.4848
10.755608615763382,106.67347943578082,13,26,1.0,17,28,0,0,0.5
10.782680856341084,106.70051548181168,13,29,1.0,17,29,0,0,0.4483
10.754895139302109,106.67839188181134,17,33,1.0,17,29,0,0,0.5152
10.785070445194592,106.68331340921324,11,27,1.0,17,29,0,0,0.4074
10.7549373008113,106.67848844133415,17,33,1.0,17,29,0,0,0.5152
10.77898143649726,106.67684447140958,19,34,1.0,17,29,0,0,0.5588
10.7671128283867,106.6927618222887,13,19,1.0,17,29,0,0,0.6842
10.77847212665258,106.69389510879644,24,42,1.0,17,29,0,0,0.5714
10.796057790235078,106.67492629345334,16,33,0.999427,17,29,0,0,0.4848
10.8352982156415,106.72935479345392,32,42,0.998522,17,29,0,0,0.7619
10.777562007197462,106.7041335430398,13,29,1.0,17,29,0,0,0.4483
10.83886351241477,106.67566625482782,21,35,1.0,17,29,0,0,0.6
10.765187049751797,106.67550552599072,21,36,1.0,17,29,0,0,0.5833
10.75948437198232,106.6840537511244,13,26,1.0,17,29,0,0,0.5
10.865229381280963,106.72366973948476,31,49,1.0,17,29,0,0,0.6327
10.72279213640514,106.72808623948244,22,37,0.998557,17,29,0,0,0.5946
10.823400120373712,106.68551227436063,19,31,1.0,17,29,0,0,0.6129
10.756158554057755,106.66631758181126,14,29,1.0,17,29,0,0,0.4828
10.7144382088356,106.73711688366168,22,35,1.0,17,29,0,0,0.6286
10.817236653231737,106.63191539530456,19,35,1.0,17,29,0,0,0.5429
10.772727584493625,106.69804225297564,13,25,1.0,17,31,0,0,0.52
10.774028664434528,106.70357076461706,14,29,1.0,17,31,0,0,0.4828
10.752616652291238,106.72509685338922,30,39,1.0,17,31,0,0,0.7692
10.745754766198267,106.65326266831876,36,43,1.0,17,31,0,0,0.8372
10.94927106740351,106.87196348224562,25,41,1.0,17,31,0,0,0.6098
10.78866360854368,106.695513722289,29,42,1.0,17,32,0,0,0.6905
10.801406421807084,106.7114844087968,29,42,1.0,17,32,0,0,0.6905
10.843150534972033,106.6151343241409,19,35,1.0,17,32,0,0,0.5429
10.880537767027526,106.81481342866444,41,53,1.0,17,32,0,0,0.7736
10.740840166521664,106.61899246873142,23,35,1.0,17,32,0,0,0.6571
10.798986343749618,106.7269705664684,30,43,1.0,17,32,0,0,0.6977
10.741860769464234,106.73790365482628,28,44,1.0,17,32,0,0,0.6364
10.752408891679814,106.7022703818112,17,33,1.0,17,32,0,0,0.5152
10.786216596454729,106.71836665482697,40,40,1.0,17,32,0,0,1.0
10.78948793356203,106.7151883818118,20,35,1.0,17,32,0,0,0.5714
10.80223925742187,106.6478722259914,20,40,1.0,17,32,0,0,0.5
10.813928881466124,106.66511432455972,16,33,0.999427,17,32,0,0,0.4848
10.755608615763382,106.67347943578082,13,26,1.0,17,32,0,0,0.5
10.782680856341084,106.70051548181168,13,29,1.0,17,32,0,0,0.4483
10.754895139302109,106.67839188181134,17,33,1.0,17,32,0,0,0.5152
10.785070445194592,106.68331340921324,11,27,1.0,17,32,0,0,0.4074
10.7549373008113,106.67848844133415,17,33,1.0,17,33,0,0,0.5152
10.77898143649726,106.67684447140958,19,34,1.0,17,33,0,0,0.5588
10.7671128283867,106.6927618222887,13,19,1.0,17,33,0,0,0.6842
10.77847212665258,106.69389510879644,24,42,1.0,17,33,0,0,0.5714
10.796057790235078,106.67492629345334,16,33,0.999427,17,33,0,0,0.4848
10.8352982156415,106.72935479345392,32,42,0.998522,17,33,0,0,0.7619
10.777562007197462,106.7041335430398,13,29,1.0,17,33,0,0,0.4483
10.83886351241477,106.67566625482782,21,35,1.0,17,33,0,0,0.6
10.765187049751797,106.67550552599072,21,36,1.0,17,33,0,0,0.5833
10.75948437198232,106.6840537511244,13,26,1.0,17,33,0,0,0.5
10.865229381280963,106.72366973948476,31,49,1.0,17,33,0,0,0.6327
10.72279213640514,106.72808623948244,22,37,0.998557,17,33,0,0,0.5946
10.823400120373712,106.68551227436063,19,31,1.0,17,34,0,0,0.6129
10.756158554057755,106.66631758181126,14,29,1.0,17,34,0,0,0.4828
10.7144382088356,106.73711688366168,22,35,1.0,17,34,0,0,0.6286
10.817236653231737,106.63191539530456,19,35,1.0,17,34,0,0,0.5429
10.772727584493625,106.69804225297564,13,25,1.0,17,36,0,0,0.52
10.774028664434528,106.70357076461706,14,29,1.0,17,36,0,0,0.4828
10.752616652291238,106.72509685338922,30,39,1.0,17,36,0,0,0.7692
10.745754766198267,106.65326266831876,36,43,1.0,17,36,0,0,0.8372
10.94927106740351,106.87196348224562,25,41,1.0,17,36,0,0,0.6098
10.78866360854368,106.695513722289,29,42,1.0,17,36,0,0,0.6905
10.801406421807084,106.7114844087968,29,42,1.0,17,36,0,0,0.6905
10.843150534972033,106.6151343241409,19,35,1.0,17,36,0,0,0.5429
10.880537767027526,106.81481342866444,41,53,1.0,17,36,0,0,0.7736
10.740840166521664,106.61899246873142,23,35,1.0,17,36,0,0,0.6571
10.798986343749618,106.7269705664684,30,43,1.0,17,36,0,0,0.6977
10.741860769464234,106.73790365482628,28,44,1.0,17,37,0,0,0.6364
10.752408891679814,106.7022703818112,17,33,1.0,17,37,0,0,0.5152
10.786216596454729,106.71836665482697,40,40,1.0,17,37,0,0,1.0
10.78948793356203,106.7151883818118,20,35,1.0,17,37,0,0,0.5714
10.80223925742187,106.6478722259914,20,40,1.0,17,37,0,0,0.5
10.813928881466124,106.66511432455972,16,33,0.999427,17,37,0,0,0.4848
10.755608615763382,106.67347943578082,13,26,1.0,17,37,0,0,0.5
10.782680856341084,106.70051548181168,13,29,1.0,17,37,0,0,0.4483
10.754895139302109,106.67839188181134,17,33,1.0,17,37,0,0,0.5152
10.785070445194592,106.68331340921324,11,27,1.0,17,37,0,0,0.4074
10.7549373008113,106.67848844133415,17,33,1.0,17,37,0,0,0.5152
10.77898143649726,106.67684447140958,19,34,1.0,17,37,0,0,0.5588
10.7671128283867,106.6927618222887,13,19,1.0,17,37,0,0,0.6842
10.77847212665258,106.69389510879644,24,42,1.0,17,37,0,0,0.5714
10.796057790235078,106.67492629345334,16,33,0.999427,17,37,0,0,0.4848
10.8352982156415,106.72935479345392,32,42,0.998522,17,37,0,0,0.7619
10.777562007197462,106.7041335430398,13,29,1.0,17,37,0,0,0.4483
10.83886351241477,106.67566625482782,21,35,1.0,17,37,0,0,0.6
10.765187049751797,106.67550552599072,21,36,1.0,17,37,0,0,0.5833
10.75948437198232,106.6840537511244,13,26,1.0,17,37,0,0,0.5
10.865229381280963,106.72366973948476,31,49,1.0,17,38,0,0,0.6327
10.72279213640514,106.72808623948244,22,37,0.998557,17,38,0,0,0.5946
10.823400120373712,106.68551227436063,19,31,1.0,17,38,0,0,0.6129
10.756158554057755,106.66631758181126,14,29,1.0,17,38,0,0,0.4828
10.7144382088356,106.73711688366168,22,35,1.0,17,38,0,0,0.6286
10.817236653231737,106.63191539530456,19,35,1.0,17,38,0,0,0.5429
10.772727584493625,106.69804225297564,13,25,1.0,17,40,0,0,0.52
10.774028664434528,106.70357076461706,14,29,1.0,17,40,0,0,0.4828
10.752616652291238,106.72509685338922,30,39,1.0,17,40,0,0,0.7692
10.745754766198267,106.65326266831876,36,43,1.0,17,40,0,0,0.8372
10.94927106740351,106.87196348224562,25,41,1.0,17,40,0,0,0.6098
10.78866360854368,106.695513722289,29,42,1.0,17,40,0,0,0.6905
10.801406421807084,106.7114844087968,29,42,1.0,17,41,0,0,0.6905
10.843150534972033,106.6151343241409,19,35,1.0,17,41,0,0,0.5429
10.880537767027526,106.81481342866444,41,53,1.0,17,41,0,0,0.7736
10.740840166521664,106.61899246873142,23,35,1.0,17,41,0,0,0.6571
10.798986343749618,106.7269705664684,30,43,1.0,17,41,0,0,0.6977
10.741860769464234,106.73790365482628,28,44,1.0,17,41,0,0,0.6364
10.752408891679814,106.7022703818112,17,33,1.0,17,41,0,0,0.5152
10.786216596454729,106.71836665482697,40,40,1.0,17,41,0,0,1.0
10.78948793356203,106.7151883818118,20,35,1.0,17,41,0,0,0.5714
10.80223925742187,106.6478722259914,20,40,1.0,17,41,0,0,0.5
10.813928881466124,106.66511432455972,16,33,0.999427,17,41,0,0,0.4848
10.755608615763382,106.67347943578082,13,26,1.0,17,41,0,0,0.5
10.782680856341084,106.70051548181168,13,29,1.0,17,41,0,0,0.4483
10.754895139302109,106.67839188181134,17,33,1.0,17,41,0,0,0.5152
10.785070445194592,106.68331340921324,11,27,1.0,17,41,0,0,0.4074
10.7549373008113,106.67848844133415,17,33,1.0,17,42,0,0,0.5152
10.77898143649726,106.67684447140958,19,34,1.0,17,42,0,0,0.5588
10.7671128283867,106.6927618222887,13,19,1.0,17,42,0,0,0.6842
10.77847212665258,106.69389510879644,24,42,1.0,17,42,0,0,0.5714
10.796057790235078,106.67492629345334,16,33,0.999427,17,42,0,0,0.4848
10.8352982156415,106.72935479345392,32,42,0.998522,17,42,0,0,0.7619
10.777562007197462,106.7041335430398,13,29,1.0,17,42,0,0,0.4483
10.83886351241477,106.67566625482782,21,35,1.0,17,42,0,0,0.6
10.765187049751797,106.67550552599072,21,36,1.0,17,42,0,0,0.5833
10.75948437198232,106.6840537511244,13,26,1.0,17,42,0,0,0.5
10.865229381280963,106.72366973948476,31,49,1.0,17,42,0,0,0.6327
10.72279213640514,106.72808623948244,22,37,0.998557,17,42,0,0,0.5946
10.823400120373712,106.68551227436063,19,31,1.0,17,42,0,0,0.6129
10.756158554057755,106.66631758181126,14,29,1.0,17,43,0,0,0.4828
10.7144382088356,106.73711688366168,22,35,1.0,17,43,0,0,0.6286
10.817236653231737,106.63191539530456,19,35,1.0,17,43,0,0,0.5429
10.772727584493625,106.69804225297564,12,23,1.0,17,45,0,0,0.5217
10.774028664434528,106.70357076461706,12,28,1.0,17,45,0,0,0.4286
10.752616652291238,106.72509685338922,20,39,1.0,17,45,0,0,0.5128
10.745754766198267,106.65326266831876,37,42,1.0,17,45,0,0,0.881
10.94927106740351,106.87196348224562,26,43,1.0,17,45,0,0,0.6047
10.78866360854368,106.695513722289,27,42,1.0,17,46,0,0,0.6429
10.801406421807084,106.7114844087968,27,42,1.0,17,46,0,0,0.6429
10.843150534972033,106.6151343241409,20,35,1.0,17,46,0,0,0.5714
10.880537767027526,106.81481342866444,40,53,1.0,17,46,0,0,0.7547
10.740840166521664,106.61899246873142,24,35,1.0,17,46,0,0,0.6857
10.798986343749618,106.7269705664684,26,44,1.0,17,46,0,0,0.5909
10.741860769464234,106.73790365482628,30,44,1.0,17,46,0,0,0.6818
10.752408891679814,106.7022703818112,18,34,1.0,17,46,0,0,0.5294
10.786216596454729,106.71836665482697,35,39,1.0,17,46,0,0,0.8974
10.78948793356203,106.7151883818118,25,36,1.0,17,46,0,0,0.6944
10.80223925742187,106.6478722259914,19,41,1.0,17,46,0,0,0.4634
10.813928881466124,106.66511432455972,17,34,0.999235,17,46,0,0,0.5
10.755608615763382,106.67347943578082,14,28,1.0,17,46,0,0,0.5
10.782680856341084,106.70051548181168,13,30,1.0,17,46,0,0,0.4333
10.754895139302109,106.67839188181134,17,33,1.0,17,46,0,0,0.5152
10.785070445194592,106.68331340921324,13,28,1.0,17,47,0,0,0.4643
10.7549373008113,106.67848844133415,19,33,1.0,17,47,0,0,0.5758
10.77898143649726,106.67684447140958,19,34,1.0,17,47,0,0,0.5588
10.7671128283867,106.6927618222887,11,19,1.0,17,47,0,0,0.5789
10.77847212665258,106.69389510879644,26,41,1.0,17,47,0,0,0.6341
10.796057790235078,106.67492629345334,16,33,0.998955,17,47,0,0,0.4848
10.8352982156415,106.72935479345392,30,42,0.997656,17,47,0,0,0.7143
10.777562007197462,106.7041335430398,13,30,1.0,17,47,0,0,0.4333
10.83886351241477,106.67566625482782,21,36,1.0,17,47,0,0,0.5833
10.765187049751797,106.67550552599072,14,35,1.0,17,48,0,0,0.4
10.75948437198232,106.6840537511244,15,28,1.0,17,48,0,0,0.5357
10.865229381280963,106.72366973948476,31,49,1.0,17,48,0,0,0.6327
10.72279213640514,106.72808623948244,22,37,0.998267,17,48,0,0,0.5946
10.823400120373712,106.68551227436063,19,31,1.0,17,48,0,0,0.6129
10.756158554057755,106.66631758181126,17,30,1.0,17,48,0,0,0.5667
10.7144382088356,106.73711688366168,21,35,1.0,17,48,0,0,0.6
10.817236653231737,106.63191539530456,20,35,1.0,17,48,0,0,0.5714
10.772727584493625,106.69804225297564,11,25,1.0,17,50,0,0,0.44
10.774028664434528,106.70357076461706,11,29,1.0,17,50,0,0,0.3793
10.752616652291238,106.72509685338922,26,39,1.0,17,50,0,0,0.6667
10.745754766198267,106.65326266831876,36,43,1.0,17,50,0,0,0.8372
10.94927106740351,106.87196348224562,24,41,1.0,17,50,0,0,0.5854
10.78866360854368,106.695513722289,27,42,1.0,17,50,0,0,0.6429
10.801406421807084,106.7114844087968,27,42,1.0,17,51,0,0,0.6429
10.843150534972033,106.6151343241409,19,35,1.0,17,51,0,0,0.5429
10.880537767027526,106.81481342866444,42,53,1.0,17,51,0,0,0.7925
10.740840166521664,106.61899246873142,24,35,1.0,17,51,0,0,0.6857
10.798986343749618,106.7269705664684,25,44,1.0,17,51,0,0,0.5682
10.741860769464234,106.73790365482628,26,44,1.0,17,51,0,0,0.5909
10.752408891679814,106.7022703818112,17,33,1.0,17,51,0,0,0.5152
10.786216596454729,106.71836665482697,31,40,1.0,17,52,0,0,0.775
10.78948793356203,106.7151883818118,22,35,1.0,17,52,0,0,0.6286
10.80223925742187,106.6478722259914,19,41,1.0,17,52,0,0,0.4634
10.813928881466124,106.66511432455972,16,34,0.998599,17,52,0,0,0.4706
10.755608615763382,106.67347943578082,16,28,1.0,17,52,0,0,0.5714
10.782680856341084,106.70051548181168,13,30,1.0,17,52,0,0,0.4333
10.754895139302109,106.67839188181134,16,32,1.0,17,52,0,0,0.5
10.785070445194592,106.68331340921324,17,26,1.0,17,52,0,0,0.6538
10.7549373008113,106.67848844133415,16,32,1.0,17,52,0,0,0.5
10.77898143649726,106.67684447140958,20,34,1.0,17,52,0,0,0.5882
10.7671128283867,106.6927618222887,9,20,1.0,17,52,0,0,0.45
10.77847212665258,106.69389510879644,25,42,1.0,17,52,0,0,0.5952
10.796057790235078,106.67492629345334,16,34,0.998599,17,52,0,0,0.4706
10.8352982156415,106.72935479345392,33,43,0.99765,17,52,0,0,0.7674
10.777562007197462,106.7041335430398,13,30,1.0,17,52,0,0,0.4333
10.83886351241477,106.67566625482782,22,36,1.0,17,52,0,0,0.6111
10.765187049751797,106.67550552599072,15,34,1.0,17,52,0,0,0.4412
10.75948437198232,106.6840537511244,16,27,1.0,17,52,0,0,0.5926
10.865229381280963,106.72366973948476,31,49,1.0,17,52,0,0,0.6327
10.72279213640514,106.72808623948244,21,37,0.994153,17,52,0,0,0.5676
10.823400120373712,106.68551227436063,19,31,1.0,17,53,0,0,0.6129
10.756158554057755,106.66631758181126,19,30,1.0,17,53,0,0,0.6333
10.7144382088356,106.73711688366168,21,36,1.0,17,53,0,0,0.5833
10.817236653231737,106.63191539530456,20,35,1.0,17,53,0,0,0.5714
10.772727584493625,106.69804225297564,13,24,1.0,17,55,0,0,0.5417
10.774028664434528,106.70357076461706,11,27,1.0,17,55,0,0,0.4074
10.752616652291238,106.72509685338922,25,39,1.0,17,55,0,0,0.641
10.745754766198267,106.65326266831876,35,43,1.0,17,55,0,0,0.814
10.94927106740351,106.87196348224562,27,42,1.0,17,55,0,0,0.6429
10.78866360854368,106.695513722289,25,42,1.0,17,55,0,0,0.5952
10.801406421807084,106.7114844087968,25,42,1.0,17,55,0,0,0.5952
10.843150534972033,106.6151343241409,19,34,1.0,17,55,0,0,0.5588
10.880537767027526,106.81481342866444,40,53,1.0,17,55,0,0,0.7547
10.740840166521664,106.61899246873142,25,35,1.0,17,55,0,0,0.7143
10.798986343749618,106.7269705664684,22,44,1.0,17,56,0,0,0.5
10.741860769464234,106.73790365482628,27,44,1.0,17,56,0,0,0.6136
10.752408891679814,106.7022703818112,18,33,1.0,17,56,0,0,0.5455
10.786216596454729,106.71836665482697,33,40,1.0,17,56,0,0,0.825
10.78948793356203,106.7151883818118,20,35,1.0,17,56,0,0,0.5714
10.80223925742187,106.6478722259914,21,41,1.0,17,56,0,0,0.5122
10.813928881466124,106.66511432455972,16,34,1.0,17,56,0,0,0.4706
10.755608615763382,106.67347943578082,15,28,1.0,17,56,0,0,0.5357
10.782680856341084,106.70051548181168,13,31,1.0,17,56,0,0,0.4194
10.754895139302109,106.67839188181134,17,33,1.0,17,56,0,0,0.5152
10.785070445194592,106.68331340921324,13,27,1.0,17,56,0,0,0.4815
10.7549373008113,106.67848844133415,17,33,1.0,17,56,0,0,0.5152
10.77898143649726,106.67684447140958,20,35,1.0,17,56,0,0,0.5714
10.7671128283867,106.6927618222887,14,20,1.0,17,56,0,0,0.7
10.77847212665258,106.69389510879644,26,42,1.0,17,56,0,0,0.619
10.796057790235078,106.67492629345334,16,33,1.0,17,56,0,0,0.4848
10.8352982156415,106.72935479345392,31,42,0.998196,17,57,0,0,0.7381
10.777562007197462,106.7041335430398,12,30,1.0,17,57,0,0,0.4
10.83886351241477,106.67566625482782,23,36,1.0,17,57,0,0,0.6389
10.765187049751797,106.67550552599072,17,37,1.0,17,57,0,0,0.4595
10.75948437198232,106.6840537511244,15,27,1.0,17,57,0,0,0.5556
10.865229381280963,106.72366973948476,32,49,1.0,17,57,0,0,0.6531
10.72279213640514,106.72808623948244,21,37,0.9971,17,57,0,0,0.5676
10.823400120373712,106.68551227436063,21,31,1.0,17,57,0,0,0.6774
10.756158554057755,106.66631758181126,20,30,1.0,17,57,0,0,0.6667
10.7144382088356,106.73711688366168,21,35,1.0,17,57,0,0,0.6
10.817236653231737,106.63191539530456,20,35,1.0,17,57,0,0,0.5714
10.772727584493625,106.69804225297564,12,23,1.0,17,59,0,0,0.5217
10.774028664434528,106.70357076461706,12,28,1.0,17,59,0,0,0.4286
10.752616652291238,106.72509685338922,25,38,1.0,17,59,0,0,0.6579
10.745754766198267,106.65326266831876,34,43,1.0,17,59,0,0,0.7907
10.94927106740351,106.87196348224562,26,42,1.0,17,59,0,0,0.619
10.78866360854368,106.695513722289,25,42,1.0,17,59,0,0,0.5952
10.801406421807084,106.7114844087968,26,41,1.0,18,0,0,0,0.6341
10.843150534972033,106.6151343241409,21,35,1.0,18,0,0,0,0.6
10.880537767027526,106.81481342866444,39,53,1.0,18,0,0,0,0.7358
10.740840166521664,106.61899246873142,25,35,1.0,18,0,0,0,0.7143
10.798986343749618,106.7269705664684,26,44,1.0,18,0,0,0,0.5909
10.741860769464234,106.73790365482628,24,44,1.0,18,0,0,0,0.5455
10.752408891679814,106.7022703818112,18,34,1.0,18,0,0,0,0.5294
10.786216596454729,106.71836665482697,34,40,1.0,18,0,0,0,0.85
10.78948793356203,106.7151883818118,23,35,1.0,18,0,0,0,0.6571
10.80223925742187,106.6478722259914,20,41,1.0,18,0,0,0,0.4878
10.813928881466124,106.66511432455972,16,34,0.999528,18,1,0,0,0.4706
10.755608615763382,106.67347943578082,16,28,1.0,18,1,0,0,0.5714
10.782680856341084,106.70051548181168,13,30,1.0,18,1,0,0,0.4333
10.754895139302109,106.67839188181134,17,32,1.0,18,1,0,0,0.5312
10.785070445194592,106.68331340921324,15,28,1.0,18,1,0,0,0.5357
10.7549373008113,106.67848844133415,17,32,1.0,18,1,0,0,0.5312
10.77898143649726,106.67684447140958,20,34,1.0,18,1,0,0,0.5882
10.7671128283867,106.6927618222887,10,19,1.0,18,1,0,0,0.5263
10.77847212665258,106.69389510879644,26,42,1.0,18,1,0,0,0.619
10.796057790235078,106.67492629345334,16,34,0.999528,18,1,0,0,0.4706
10.8352982156415,106.72935479345392,32,42,0.997834,18,1,0,0,0.7619
10.777562007197462,106.7041335430398,13,30,1.0,18,1,0,0,0.4333
10.83886351241477,106.67566625482782,22,37,1.0,18,1,0,0,0.5946
10.765187049751797,106.67550552599072,14,37,1.0,18,1,0,0,0.3784
10.75948437198232,106.6840537511244,16,28,1.0,18,1,0,0,0.5714
10.865229381280963,106.72366973948476,31,49,1.0,18,1,0,0,0.6327
10.72279213640514,106.72808623948244,21,37,0.997113,18,1,0,0,0.5676
10.823400120373712,106.68551227436063,22,31,1.0,18,1,0,0,0.7097
10.756158554057755,106.66631758181126,16,30,1.0,18,2,0,0,0.5333
10.7144382088356,106.73711688366168,21,35,1.0,18,2,0,0,0.6
10.817236653231737,106.63191539530456,20,35,1.0,18,2,0,0,0.5714
10.772727584493625,106.69804225297564,12,24,1.0,18,4,0,0,0.5
10.774028664434528,106.70357076461706,12,28,1.0,18,4,0,0,0.4286
10.752616652291238,106.72509685338922,25,39,1.0,18,4,0,0,0.641
10.745754766198267,106.65326266831876,35,42,1.0,18,4,0,0,0.8333
10.94927106740351,106.87196348224562,29,42,1.0,18,4,0,0,0.6905
10.78866360854368,106.695513722289,26,42,1.0,18,4,0,0,0.619
10.801406421807084,106.7114844087968,26,42,1.0,18,4,0,0,0.619
10.843150534972033,106.6151343241409,20,35,1.0,18,4,0,0,0.5714
10.880537767027526,106.81481342866444,43,53,1.0,18,4,0,0,0.8113
10.740840166521664,106.61899246873142,27,35,1.0,18,5,0,0,0.7714
10.798986343749618,106.7269705664684,35,45,1.0,18,5,0,0,0.7778
10.741860769464234,106.73790365482628,22,45,1.0,18,5,0,0,0.4889
10.752408891679814,106.7022703818112,19,34,1.0,18,5,0,0,0.5588
10.786216596454729,106.71836665482697,33,39,1.0,18,5,0,0,0.8462
10.78948793356203,106.7151883818118,25,35,1.0,18,5,0,0,0.7143
10.80223925742187,106.6478722259914,18,42,1.0,18,5,0,0,0.4286
10.813928881466124,106.66511432455972,16,34,1.0,18,5,0,0,0.4706
10.755608615763382,106.67347943578082,14,27,1.0,18,5,0,0,0.5185
10.782680856341084,106.70051548181168,13,30,1.0,18,5,0,0,0.4333
10.754895139302109,106.67839188181134,17,33,1.0,18,5,0,0,0.5152
10.785070445194592,106.68331340921324,12,28,1.0,18,5,0,0,0.4286
10.7549373008113,106.67848844133415,17,33,1.0,18,5,0,0,0.5152
10.77898143649726,106.67684447140958,20,34,1.0,18,5,0,0,0.5882
10.7671128283867,106.6927618222887,12,19,1.0,18,5,0,0,0.6316
10.77847212665258,106.69389510879644,26,41,1.0,18,5,0,0,0.6341
10.796057790235078,106.67492629345334,16,34,1.0,18,5,0,0,0.4706
10.8352982156415,106.72935479345392,34,43,0.998522,18,5,0,0,0.7907
10.777562007197462,106.7041335430398,13,30,1.0,18,5,0,0,0.4333
10.83886351241477,106.67566625482782,22,36,1.0,18,5,0,0,0.6111
10.765187049751797,106.67550552599072,17,35,1.0,18,5,0,0,0.4857
10.75948437198232,106.6840537511244,14,27,1.0,18,5,0,0,0.5185
10.865229381280963,106.72366973948476,32,49,1.0,18,5,0,0,0.6531
10.72279213640514,106.72808623948244,22,37,0.997754,18,5,0,0,0.5946
10.823400120373712,106.68551227436063,21,32,1.0,18,5,0,0,0.6562
10.756158554057755,106.66631758181126,20,29,1.0,18,5,0,0,0.6897
10.7144382088356,106.73711688366168,21,35,1.0,18,6,0,0,0.6
10.817236653231737,106.63191539530456,21,35,1.0,18,6,0,0,0.6
10.772727584493625,106.69804225297564,14,24,1.0,18,8,0,0,0.5833
10.774028664434528,106.70357076461706,10,27,1.0,18,8,0,0,0.3704
10.752616652291238,106.72509685338922,29,39,1.0,18,8,0,0,0.7436
10.745754766198267,106.65326266831876,34,43,1.0,18,8,0,0,0.7907
10.94927106740351,106.87196348224562,27,42,1.0,18,8,0,0,0.6429
10.78866360854368,106.695513722289,26,42,1.0,18,8,0,0,0.619
10.801406421807084,106.7114844087968,26,42,1.0,18,8,0,0,0.619
10.843150534972033,106.6151343241409,21,35,1.0,18,8,0,0,0.6
10.880537767027526,106.81481342866444,42,54,1.0,18,8,0,0,0.7778
10.740840166521664,106.61899246873142,27,35,1.0,18,9,0,0,0.7714
10.798986343749618,106.7269705664684,35,44,1.0,18,9,0,0,0.7955
10.741860769464234,106.73790365482628,23,45,1.0,18,9,0,0,0.5111
10.752408891679814,106.7022703818112,20,34,1.0,18,9,0,0,0.5882
10.786216596454729,106.71836665482697,37,40,1.0,18,9,0,0,0.925
10.78948793356203,106.7151883818118,24,36,1.0,18,9,0,0,0.6667
10.80223925742187,106.6478722259914,23,42,1.0,18,9,0,0,0.5476
10.813928881466124,106.66511432455972,16,34,1.0,18,9,0,0,0.4706
10.755608615763382,106.67347943578082,14,28,1.0,18,9,0,0,0.5
10.782680856341084,106.70051548181168,14,30,1.0,18,9,0,0,0.4667
10.754895139302109,106.67839188181134,18,33,1.0,18,9,0,0,0.5455
10.785070445194592,106.68331340921324,10,27,1.0,18,9,0,0,0.3704
10.7549373008113,106.67848844133415,18,33,1.0,18,9,0,0,0.5455
10.77898143649726,106.67684447140958,20,34,1.0,18,9,0,0,0.5882
10.7671128283867,106.6927618222887,15,20,1.0,18,10,0,0,0.75
10.77847212665258,106.69389510879644,27,41,1.0,18,10,0,0,0.6585
10.796057790235078,106.67492629345334,16,34,1.0,18,10,0,0,0.4706
10.8352982156415,106.72935479345392,32,42,0.998486,18,10,0,0,0.7619
10.777562007197462,106.7041335430398,14,30,1.0,18,10,0,0,0.4667
10.83886351241477,106.67566625482782,24,36,1.0,18,10,0,0,0.6667
10.765187049751797,106.67550552599072,17,34,1.0,18,10,0,0,0.5
10.75948437198232,106.6840537511244,15,28,1.0,18,10,0,0,0.5357
10.865229381280963,106.72366973948476,32,49,1.0,18,10,0,0,0.6531
10.72279213640514,106.72808623948244,21,37,0.997999,18,10,0,0,0.5676
10.823400120373712,106.68551227436063,22,31,1.0,18,10,0,0,0.7097
10.756158554057755,106.66631758181126,16,29,1.0,18,10,0,0,0.5517
10.7144382088356,106.73711688366168,21,35,1.0,18,10,0,0,0.6
10.817236653231737,106.63191539530456,20,35,1.0,18,10,0,0,0.5714
10.772727584493625,106.69804225297564,11,23,1.0,18,13,0,0,0.4783
10.774028664434528,106.70357076461706,13,29,1.0,18,13,0,0,0.4483
10.752616652291238,106.72509685338922,27,39,1.0,18,13,0,0,0.6923
10.745754766198267,106.65326266831876,35,43,1.0,18,13,0,0,0.814
10.94927106740351,106.87196348224562,28,42,1.0,18,13,0,0,0.6667
10.78866360854368,106.695513722289,27,42,1.0,18,13,0,0,0.6429
10.801406421807084,106.7114844087968,27,42,1.0,18,13,0,0,0.6429
10.843150534972033,106.6151343241409,21,35,1.0,18,13,0,0,0.6
10.880537767027526,106.81481342866444,42,53,1.0,18,13,0,0,0.7925
10.740840166521664,106.61899246873142,27,36,1.0,18,13,0,0,0.75
10.798986343749618,106.7269705664684,35,44,1.0,18,13,0,0,0.7955
10.741860769464234,106.73790365482628,21,44,1.0,18,13,0,0,0.4773
10.752408891679814,106.7022703818112,21,34,1.0,18,13,0,0,0.6176
10.786216596454729,106.71836665482697,34,40,1.0,18,13,0,0,0.85
10.78948793356203,106.7151883818118,26,36,1.0,18,13,0,0,0.7222
10.80223925742187,106.6478722259914,19,41,1.0,18,13,0,0,0.4634
10.813928881466124,106.66511432455972,16,34,1.0,18,13,0,0,0.4706
10.755608615763382,106.67347943578082,13,27,1.0,18,13,0,0,0.4815
10.782680856341084,106.70051548181168,12,30,1.0,18,13,0,0,0.4
10.754895139302109,106.67839188181134,17,33,1.0,18,14,0,0,0.5152
10.785070445194592,106.68331340921324,13,27,1.0,18,14,0,0,0.4815
10.7549373008113,106.67848844133415,18,33,1.0,18,14,0,0,0.5455
10.77898143649726,106.67684447140958,21,34,1.0,18,14,0,0,0.6176
10.7671128283867,106.6927618222887,16,20,1.0,18,14,0,0,0.8
10.77847212665258,106.69389510879644,27,42,1.0,18,14,0,0,0.6429
10.796057790235078,106.67492629345334,17,34,1.0,18,14,0,0,0.5
10.8352982156415,106.72935479345392,33,42,0.997959,18,14,0,0,0.7857
10.777562007197462,106.7041335430398,12,30,1.0,18,14,0,0,0.4
10.83886351241477,106.67566625482782,21,36,1.0,18,14,0,0,0.5833
10.765187049751797,106.67550552599072,19,35,1.0,18,14,0,0,0.5429
10.75948437198232,106.6840537511244,14,27,1.0,18,14,0,0,0.5185
10.865229381280963,106.72366973948476,32,49,1.0,18,14,0,0,0.6531
10.72279213640514,106.72808623948244,23,37,0.998114,18,14,0,0,0.6216
10.823400120373712,106.68551227436063,23,32,1.0,18,14,0,0,0.7188
10.756158554057755,106.66631758181126,19,29,1.0,18,15,0,0,0.6552
10.7144382088356,106.73711688366168,22,35,1.0,18,15,0,0,0.6286
10.817236653231737,106.63191539530456,22,35,1.0,18,15,0,0,0.6286
10.772727584493625,106.69804225297564,12,24,1.0,18,17,0,0,0.5
10.774028664434528,106.70357076461706,9,28,1.0,18,17,0,0,0.3214
10.752616652291238,106.72509685338922,29,39,1.0,18,17,0,0,0.7436
10.745754766198267,106.65326266831876,34,43,1.0,18,17,0,0,0.7907
10.94927106740351,106.87196348224562,30,41,1.0,18,17,0,0,0.7317
10.78866360854368,106.695513722289,25,42,1.0,18,17,0,0,0.5952
10.801406421807084,106.7114844087968,26,42,1.0,18,17,0,0,0.619
10.843150534972033,106.6151343241409,21,35,1.0,18,18,0,0,0.6
10.880537767027526,106.81481342866444,44,54,1.0,18,18,0,0,0.8148
10.740840166521664,106.61899246873142,27,35,1.0,18,18,0,0,0.7714
10.798986343749618,106.7269705664684,45,45,1.0,18,18,0,0,1.0
10.741860769464234,106.73790365482628,21,44,1.0,18,18,0,0,0.4773
10.752408891679814,106.7022703818112,20,34,1.0,18,18,0,0,0.5882
10.786216596454729,106.71836665482697,33,40,1.0,18,18,0,0,0.825
10.78948793356203,106.7151883818118,25,35,1.0,18,18,0,0,0.7143
10.80223925742187,106.6478722259914,23,41,1.0,18,18,0,0,0.561
10.813928881466124,106.66511432455972,16,34,1.0,18,18,0,0,0.4706
10.755608615763382,106.67347943578082,14,27,1.0,18,18,0,0,0.5185
10.782680856341084,106.70051548181168,12,31,1.0,18,18,0,0,0.3871
10.754895139302109,106.67839188181134,18,32,1.0,18,18,0,0,0.5625
10.785070445194592,106.68331340921324,11,29,1.0,18,18,0,0,0.3793
10.7549373008113,106.67848844133415,18,32,1.0,18,19,0,0,0.5625
10.77898143649726,106.67684447140958,21,34,1.0,18,19,0,0,0.6176
10.7671128283867,106.6927618222887,14,20,1.0,18,19,0,0,0.7
10.77847212665258,106.69389510879644,27,41,1.0,18,19,0,0,0.6585
10.796057790235078,106.67492629345334,16,34,1.0,18,19,0,0,0.4706
10.8352982156415,106.72935479345392,32,42,0.998678,18,19,0,0,0.7619
10.777562007197462,106.7041335430398,12,31,1.0,18,19,0,0,0.3871
10.83886351241477,106.67566625482782,23,36,1.0,18,19,0,0,0.6389
10.765187049751797,106.67550552599072,25,36,1.0,18,19,0,0,0.6944
10.75948437198232,106.6840537511244,14,27,1.0,18,19,0,0,0.5185
10.865229381280963,106.72366973948476,32,49,1.0,18,19,0,0,0.6531
10.72279213640514,106.72808623948244,21,37,0.99899,18,19,0,0,0.5676
10.823400120373712,106.68551227436063,21,31,1.0,18,19,0,0,0.6774
10.756158554057755,106.66631758181126,20,30,1.0,18,19,0,0,0.6667
10.7144382088356,106.73711688366168,22,35,1.0,18,19,0,0,0.6286
10.817236653231737,106.63191539530456,21,35,1.0,18,19,0,0,0.6
10.772727584493625,106.69804225297564,12,24,1.0,18,21,0,0,0.5
10.774028664434528,106.70357076461706,9,28,1.0,18,21,0,0,0.3214
10.752616652291238,106.72509685338922,27,38,1.0,18,21,0,0,0.7105
10.745754766198267,106.65326266831876,36,43,1.0,18,21,0,0,0.8372
10.94927106740351,106.87196348224562,28,42,1.0,18,21,0,0,0.6667
10.78866360854368,106.695513722289,24,42,1.0,18,21,0,0,0.5714
10.801406421807084,106.7114844087968,24,42,1.0,18,21,0,0,0.5714
10.843150534972033,106.6151343241409,22,35,1.0,18,21,0,0,0.6286
10.880537767027526,106.81481342866444,42,53,1.0,18,21,0,0,0.7925
10.740840166521664,106.61899246873142,26,35,1.0,18,21,0,0,0.7429
10.798986343749618,106.7269705664684,34,45,1.0,18,22,0,0,0.7556
10.741860769464234,106.73790365482628,21,44,1.0,18,22,0,0,0.4773
10.752408891679814,106.7022703818112,21,33,1.0,18,22,0,0,0.6364
10.786216596454729,106.71836665482697,31,40,1.0,18,22,0,0,0.775
10.78948793356203,106.7151883818118,23,35,1.0,18,22,0,0,0.6571
10.80223925742187,106.6478722259914,25,41,1.0,18,22,0,0,0.6098
10.813928881466124,106.66511432455972,16,34,1.0,18,22,0,0,0.4706
10.755608615763382,106.67347943578082,15,27,1.0,18,22,0,0,0.5556
10.782680856341084,106.70051548181168,12,30,1.0,18,22,0,0,0.4
10.754895139302109,106.67839188181134,18,33,1.0,18,22,0,0,0.5455
10.785070445194592,106.68331340921324,10,28,1.0,18,22,0,0,0.3571
10.7549373008113,106.67848844133415,18,33,1.0,18,22,0,0,0.5455
10.77898143649726,106.67684447140958,22,34,1.0,18,22,0,0,0.6471
10.7671128283867,106.6927618222887,20,20,1.0,18,22,0,0,1.0
10.77847212665258,106.69389510879644,27,41,1.0,18,22,0,0,0.6585
10.796057790235078,106.67492629345334,16,34,1.0,18,23,0,0,0.4706
10.8352982156415,106.72935479345392,34,42,0.998261,18,23,0,0,0.8095
10.777562007197462,106.7041335430398,12,30,1.0,18,23,0,0,0.4
10.83886351241477,106.67566625482782,24,36,1.0,18,23,0,0,0.6667
10.765187049751797,106.67550552599072,25,36,1.0,18,23,0,0,0.6944
10.75948437198232,106.6840537511244,15,28,1.0,18,23,0,0,0.5357
10.865229381280963,106.72366973948476,32,49,1.0,18,23,0,0,0.6531
10.72279213640514,106.72808623948244,22,37,0.998422,18,23,0,0,0.5946
10.823400120373712,106.68551227436063,21,31,1.0,18,23,0,0,0.6774
10.756158554057755,106.66631758181126,17,29,1.0,18,23,0,0,0.5862
10.7144382088356,106.73711688366168,23,35,1.0,18,23,0,0,0.6571
10.817236653231737,106.63191539530456,22,35,1.0,18,23,0,0,0.6286
10.772727584493625,106.69804225297564,12,24,1.0,18,25,0,0,0.5
10.774028664434528,106.70357076461706,14,29,1.0,18,25,0,0,0.4828
10.752616652291238,106.72509685338922,24,39,1.0,18,25,0,0,0.6154
10.745754766198267,106.65326266831876,35,42,0.999969,18,25,0,0,0.8333
10.94927106740351,106.87196348224562,25,42,1.0,18,25,0,0,0.5952
10.78866360854368,106.695513722289,27,41,1.0,18,25,0,0,0.6585
10.801406421807084,106.7114844087968,27,41,1.0,18,26,0,0,0.6585
10.843150534972033,106.6151343241409,21,35,1.0,18,26,0,0,0.6
10.880537767027526,106.81481342866444,42,53,1.0,18,26,0,0,0.7925
10.740840166521664,106.61899246873142,28,35,1.0,18,26,0,0,0.8
10.798986343749618,106.7269705664684,45,45,1.0,18,26,0,0,1.0
10.741860769464234,106.73790365482628,21,44,1.0,18,26,0,0,0.4773
10.752408891679814,106.7022703818112,22,34,1.0,18,26,0,0,0.6471
10.786216596454729,106.71836665482697,32,40,1.0,18,26,0,0,0.8
10.78948793356203,106.7151883818118,28,36,1.0,18,26,0,0,0.7778
10.80223925742187,106.6478722259914,25,40,1.0,18,26,0,0,0.625
10.813928881466124,106.66511432455972,17,34,1.0,18,26,0,0,0.5
10.755608615763382,106.67347943578082,14,27,1.0,18,26,0,0,0.5185
10.782680856341084,106.70051548181168,13,30,1.0,18,26,0,0,0.4333
10.754895139302109,106.67839188181134,19,33,1.0,18,26,0,0,0.5758
10.785070445194592,106.68331340921324,10,27,1.0,18,26,0,0,0.3704
10.7549373008113,106.67848844133415,19,33,1.0,18,26,0,0,0.5758
10.77898143649726,106.67684447140958,21,34,1.0,18,26,0,0,0.6176
10.7671128283867,106.6927618222887,20,20,1.0,18,26,0,0,1.0
10.77847212665258,106.69389510879644,28,41,1.0,18,26,0,0,0.6829
10.796057790235078,106.67492629345334,17,34,1.0,18,26,0,0,0.5
10.8352982156415,106.72935479345392,32,42,0.998559,18,26,0,0,0.7619
10.777562007197462,106.7041335430398,13,30,1.0,18,26,0,0,0.4333
10.83886351241477,106.67566625482782,23,36,1.0,18,26,0,0,0.6389
10.765187049751797,106.67550552599072,15,35,1.0,18,26,0,0,0.4286
10.75948437198232,106.6840537511244,14,27,1.0,18,27,0,0,0.5185
10.865229381280963,106.72366973948476,32,49,1.0,18,27,0,0,0.6531
10.72279213640514,106.72808623948244,22,37,0.998601,18,27,0,0,0.5946
10.823400120373712,106.68551227436063,21,32,1.0,18,27,0,0,0.6562
10.756158554057755,106.66631758181126,16,29,1.0,18,27,0,0,0.5517
10.7144382088356,106.73711688366168,24,35,1.0,18,27,0,0,0.6857
10.817236653231737,106.63191539530456,22,35,1.0,18,27,0,0,0.6286
10.772727584493625,106.69804225297564,13,25,1.0,18,29,0,0,0.52
10.774028664434528,106.70357076461706,14,28,1.0,18,29,0,0,0.5
10.752616652291238,106.72509685338922,34,42,1.0,18,29,0,0,0.8095
10.745754766198267,106.65326266831876,35,43,0.999937,18,29,0,0,0.814
10.94927106740351,106.87196348224562,28,41,1.0,18,29,0,0,0.6829
10.78866360854368,106.695513722289,26,42,1.0,18,30,0,0,0.619
10.801406421807084,106.7114844087968,26,42,1.0,18,30,0,0,0.619
10.843150534972033,106.6151343241409,23,35,1.0,18,30,0,0,0.6571
10.880537767027526,106.81481342866444,41,54,1.0,18,30,0,0,0.7593
10.740840166521664,106.61899246873142,28,35,1.0,18,30,0,0,0.8
10.798986343749618,106.7269705664684,34,45,1.0,18,30,0,0,0.7556
10.741860769464234,106.73790365482628,22,44,1.0,18,30,0,0,0.5
10.752408891679814,106.7022703818112,22,34,1.0,18,30,0,0,0.6471
10.786216596454729,106.71836665482697,33,40,1.0,18,30,0,0,0.825
10.78948793356203,106.7151883818118,19,35,1.0,18,30,0,0,0.5429
10.80223925742187,106.6478722259914,25,41,1.0,18,30,0,0,0.6098
10.813928881466124,106.66511432455972,18,34,1.0,18,31,0,0,0.5294
10.755608615763382,106.67347943578082,16,28,1.0,18,31,0,0,0.5714
10.782680856341084,106.70051548181168,13,30,1.0,18,31,0,0,0.4333
10.754895139302109,106.67839188181134,19,33,1.0,18,31,0,0,0.5758
10.785070445194592,106.68331340921324,15,27,1.0,18,31,0,0,0.5556
10.7549373008113,106.67848844133415,19,33,1.0,18,31,0,0,0.5758
10.77898143649726,106.67684447140958,21,34,1.0,18,31,0,0,0.6176
10.7671128283867,106.6927618222887,16,20,1.0,18,31,0,0,0.8
10.77847212665258,106.69389510879644,28,42,1.0,18,31,0,0,0.6667
10.796057790235078,106.67492629345334,18,34,1.0,18,31,0,0,0.5294
10.8352982156415,106.72935479345392,33,42,0.9973,18,31,0,0,0.7857
10.777562007197462,106.7041335430398,13,30,1.0,18,31,0,0,0.4333
10.75948437198232,106.6840537511244,17,27,1.0,18,31,0,0,0.6296
10.865229381280963,106.72366973948476,32,49,1.0,18,31,0,0,0.6531
10.72279213640514,106.72808623948244,24,37,0.998139,18,31,0,0,0.6486
10.817236653231737,106.63191539530456,23,35,1.0,18,32,0,0,0.6571
10.772727584493625,106.69804225297564,12,23,1.0,19,4,0,0,0.5217
10.774028664434528,106.70357076461706,15,27,1.0,19,4,0,0,0.5556
10.752616652291238,106.72509685338922,39,39,1.0,19,4,0,0,1.0
10.745754766198267,106.65326266831876,38,43,1.0,19,4,0,0,0.8837
10.94927106740351,106.87196348224562,34,42,1.0,19,4,0,0,0.8095
10.78866360854368,106.695513722289,31,42,1.0,19,4,0,0,0.7381
10.801406421807084,106.7114844087968,31,42,1.0,19,4,0,0,0.7381
10.843150534972033,106.6151343241409,24,35,1.0,19,5,0,0,0.6857
10.880537767027526,106.81481342866444,45,53,1.0,19,5,0,0,0.8491
10.740840166521664,106.61899246873142,28,35,1.0,19,5,0,0,0.8
10.798986343749618,106.7269705664684,45,45,1.0,19,5,0,0,1.0
10.741860769464234,106.73790365482628,25,44,1.0,19,5,0,0,0.5682
10.752408891679814,106.7022703818112,24,33,1.0,19,5,0,0,0.7273
10.786216596454729,106.71836665482697,40,40,1.0,19,5,0,0,1.0
10.78948793356203,106.7151883818118,36,36,1.0,19,5,0,0,1.0
10.80223925742187,106.6478722259914,31,40,1.0,19,5,0,0,0.775
10.813928881466124,106.66511432455972,21,34,1.0,19,5,0,0,0.6176
10.755608615763382,106.67347943578082,15,28,1.0,19,5,0,0,0.5357
10.782680856341084,106.70051548181168,14,30,1.0,19,5,0,0,0.4667
10.754895139302109,106.67839188181134,19,33,1.0,19,5,0,0,0.5758
10.785070445194592,106.68331340921324,14,27,1.0,19,5,0,0,0.5185
10.7549373008113,106.67848844133415,19,33,1.0,19,5,0,0,0.5758
10.77898143649726,106.67684447140958,24,34,1.0,19,5,0,0,0.7059
10.7671128283867,106.6927618222887,9,19,1.0,19,5,0,0,0.4737
10.77847212665258,106.69389510879644,28,42,1.0,19,5,0,0,0.6667
10.796057790235078,106.67492629345334,21,34,1.0,19,5,0,0,0.6176
10.8352982156415,106.72935479345392,42,42,1.0,19,5,0,0,1.0
10.777562007197462,106.7041335430398,14,30,1.0,19,5,0,0,0.4667
10.83886351241477,106.67566625482782,24,36,1.0,19,6,0,0,0.6667
10.765187049751797,106.67550552599072,23,36,1.0,19,6,0,0,0.6389
10.75948437198232,106.6840537511244,15,28,1.0,19,6,0,0,0.5357
10.865229381280963,106.72366973948476,35,49,1.0,19,6,0,0,0.7143
10.72279213640514,106.72808623948244,23,37,0.998209,19,6,0,0,0.6216
10.823400120373712,106.68551227436063,24,32,1.0,19,6,0,0,0.75
10.756158554057755,106.66631758181126,20,29,1.0,19,6,0,0,0.6897
10.7144382088356,106.73711688366168,24,35,1.0,19,6,0,0,0.6857
10.817236653231737,106.63191539530456,24,35,1.0,19,6,0,0,0.6857
10.772727584493625,106.69804225297564,13,24,1.0,19,8,0,0,0.5417
10.774028664434528,106.70357076461706,14,29,1.0,19,8,0,0,0.4828
10.752616652291238,106.72509685338922,32,39,1.0,19,8,0,0,0.8205
10.745754766198267,106.65326266831876,36,43,1.0,19,8,0,0,0.8372
10.94927106740351,106.87196348224562,31,41,1.0,19,8,0,0,0.7561
10.78866360854368,106.695513722289,33,42,1.0,19,8,0,0,0.7857
10.801406421807084,106.7114844087968,33,41,1.0,19,9,0,0,0.8049
10.843150534972033,106.6151343241409,23,35,1.0,19,9,0,0,0.6571
10.880537767027526,106.81481342866444,46,53,1.0,19,9,0,0,0.8679
10.740840166521664,106.61899246873142,28,35,1.0,19,9,0,0,0.8
10.798986343749618,106.7269705664684,45,45,1.0,19,9,0,0,1.0
10.741860769464234,106.73790365482628,28,44,1.0,19,9,0,0,0.6364
10.752408891679814,106.7022703818112,23,34,1.0,19,9,0,0,0.6765
10.786216596454729,106.71836665482697,40,40,1.0,19,9,0,0,1.0
10.78948793356203,106.7151883818118,27,36,1.0,19,9,0,0,0.75
10.80223925742187,106.6478722259914,26,41,1.0,19,9,0,0,0.6341
10.813928881466124,106.66511432455972,20,34,1.0,19,9,0,0,0.5882
10.755608615763382,106.67347943578082,18,27,1.0,19,9,0,0,0.6667
10.782680856341084,106.70051548181168,14,30,1.0,19,9,0,0,0.4667
10.754895139302109,106.67839188181134,20,32,1.0,19,9,0,0,0.625
10.785070445194592,106.68331340921324,14,27,1.0,19,9,0,0,0.5185
10.7549373008113,106.67848844133415,20,32,1.0,19,9,0,0,0.625
10.77898143649726,106.67684447140958,22,34,1.0,19,9,0,0,0.6471
10.7671128283867,106.6927618222887,15,20,1.0,19,9,0,0,0.75
10.77847212665258,106.69389510879644,29,41,1.0,19,9,0,0,0.7073
10.796057790235078,106.67492629345334,20,34,1.0,19,9,0,0,0.5882
10.8352982156415,106.72935479345392,33,42,0.998199,19,9,0,0,0.7857
10.777562007197462,106.7041335430398,14,30,1.0,19,9,0,0,0.4667
10.83886351241477,106.67566625482782,24,36,1.0,19,9,0,0,0.6667
10.765187049751797,106.67550552599072,22,35,1.0,19,9,0,0,0.6286
10.75948437198232,106.6840537511244,18,27,1.0,19,9,0,0,0.6667
10.865229381280963,106.72366973948476,34,49,1.0,19,10,0,0,0.6939
10.72279213640514,106.72808623948244,24,37,0.997292,19,10,0,0,0.6486
10.823400120373712,106.68551227436063,22,31,1.0,19,10,0,0,0.7097
10.756158554057755,106.66631758181126,19,29,1.0,19,10,0,0,0.6552
10.7144382088356,106.73711688366168,23,35,1.0,19,10,0,0,0.6571
10.817236653231737,106.63191539530456,24,35,1.0,19,10,0,0,0.6857
10.772727584493625,106.69804225297564,11,23,1.0,19,12,0,0,0.4783
10.774028664434528,106.70357076461706,12,29,1.0,19,12,0,0,0.4138
10.752616652291238,106.72509685338922,39,39,1.0,19,12,0,0,1.0
10.745754766198267,106.65326266831876,36,43,1.0,19,12,0,0,0.8372
10.94927106740351,106.87196348224562,42,42,1.0,19,12,0,0,1.0
10.78866360854368,106.695513722289,32,42,1.0,19,12,0,0,0.7619
10.801406421807084,106.7114844087968,31,41,1.0,19,12,0,0,0.7561
10.843150534972033,106.6151343241409,24,35,1.0,19,12,0,0,0.6857
10.880537767027526,106.81481342866444,46,53,1.0,19,12,0,0,0.8679
10.740840166521664,106.61899246873142,25,35,1.0,19,12,0,0,0.7143
10.798986343749618,106.7269705664684,30,44,1.0,19,12,0,0,0.6818
10.741860769464234,106.73790365482628,28,44,1.0,19,12,0,0,0.6364
10.752408891679814,106.7022703818112,24,33,1.0,19,12,0,0,0.7273
10.786216596454729,106.71836665482697,40,40,1.0,19,12,0,0,1.0
10.78948793356203,106.7151883818118,36,36,1.0,19,12,0,0,1.0
10.80223925742187,106.6478722259914,29,40,1.0,19,12,0,0,0.725
10.813928881466124,106.66511432455972,21,34,1.0,19,12,0,0,0.6176
10.755608615763382,106.67347943578082,15,27,1.0,19,12,0,0,0.5556
10.782680856341084,106.70051548181168,15,30,1.0,19,12,0,0,0.5
10.754895139302109,106.67839188181134,21,33,1.0,19,12,0,0,0.6364
10.785070445194592,106.68331340921324,18,28,1.0,19,12,0,0,0.6429
10.7549373008113,106.67848844133415,21,33,1.0,19,12,0,0,0.6364
10.77898143649726,106.67684447140958,22,35,1.0,19,12,0,0,0.6286
10.7671128283867,106.6927618222887,10,19,1.0,19,13,0,0,0.5263
10.77847212665258,106.69389510879644,29,41,1.0,19,13,0,0,0.7073
10.796057790235078,106.67492629345334,21,34,1.0,19,13,0,0,0.6176
10.8352982156415,106.72935479345392,36,42,0.998576,19,13,0,0,0.8571
10.777562007197462,106.7041335430398,14,30,1.0,19,13,0,0,0.4667
10.83886351241477,106.67566625482782,24,36,1.0,19,13,0,0,0.6667
10.765187049751797,106.67550552599072,25,36,1.0,19,13,0,0,0.6944
10.75948437198232,106.6840537511244,15,27,1.0,19,13,0,0,0.5556
10.865229381280963,106.72366973948476,35,49,1.0,19,13,0,0,0.7143
10.72279213640514,106.72808623948244,24,36,0.997905,19,13,0,0,0.6667
10.823400120373712,106.68551227436063,21,31,1.0,19,13,0,0,0.6774
10.756158554057755,106.66631758181126,17,29,1.0,19,13,0,0,0.5862
10.7144382088356,106.73711688366168,25,35,1.0,19,13,0,0,0.7143
10.817236653231737,106.63191539530456,24,35,1.0,19,13,0,0,0.6857
10.772727584493625,106.69804225297564,13,25,1.0,19,15,0,0,0.52
10.774028664434528,106.70357076461706,17,28,1.0,19,15,0,0,0.6071
10.752616652291238,106.72509685338922,28,38,1.0,19,15,0,0,0.7368
10.745754766198267,106.65326266831876,37,43,1.0,19,15,0,0,0.8605
10.94927106740351,106.87196348224562,28,42,1.0,19,15,0,0,0.6667
10.78866360854368,106.695513722289,32,42,1.0,19,15,0,0,0.7619
10.801406421807084,106.7114844087968,32,42,1.0,19,15,0,0,0.7619
10.843150534972033,106.6151343241409,23,34,1.0,19,15,0,0,0.6765
10.880537767027526,106.81481342866444,43,54,1.0,19,15,0,0,0.7963
10.740840166521664,106.61899246873142,27,35,1.0,19,15,0,0,0.7714
10.798986343749618,106.7269705664684,45,45,1.0,19,15,0,0,1.0
10.741860769464234,106.73790365482628,30,44,1.0,19,15,0,0,0.6818
10.752408891679814,106.7022703818112,24,33,1.0,19,15,0,0,0.7273
10.786216596454729,106.71836665482697,40,40,1.0,19,15,0,0,1.0
10.78948793356203,106.7151883818118,36,36,1.0,19,15,0,0,1.0
10.80223925742187,106.6478722259914,28,41,1.0,19,15,0,0,0.6829
10.813928881466124,106.66511432455972,20,34,1.0,19,15,0,0,0.5882
10.755608615763382,106.67347943578082,15,27,1.0,19,15,0,0,0.5556
10.782680856341084,106.70051548181168,14,30,1.0,19,15,0,0,0.4667
10.754895139302109,106.67839188181134,19,32,1.0,19,15,0,0,0.5938
10.785070445194592,106.68331340921324,16,27,1.0,19,15,0,0,0.5926
10.7549373008113,106.67848844133415,19,32,1.0,19,15,0,0,0.5938
10.77898143649726,106.67684447140958,24,34,1.0,19,15,0,0,0.7059
10.7671128283867,106.6927618222887,13,20,1.0,19,15,0,0,0.65
10.77847212665258,106.69389510879644,28,41,1.0,19,15,0,0,0.6829
10.796057790235078,106.67492629345334,20,34,1.0,19,15,0,0,0.5882
10.8352982156415,106.72935479345392,34,42,0.998562,19,15,0,0,0.8095
10.777562007197462,106.7041335430398,14,30,1.0,19,15,0,0,0.4667
10.83886351241477,106.67566625482782,23,35,1.0,19,15,0,0,0.6571
10.765187049751797,106.67550552599072,26,35,1.0,19,16,0,0,0.7429
10.75948437198232,106.6840537511244,15,28,1.0,19,16,0,0,0.5357
10.865229381280963,106.72366973948476,34,49,1.0,19,16,0,0,0.6939
10.72279213640514,106.72808623948244,23,37,0.997668,19,16,0,0,0.6216
10.823400120373712,106.68551227436063,22,32,1.0,19,16,0,0,0.6875
10.756158554057755,106.66631758181126,19,29,1.0,19,16,0,0,0.6552
10.7144382088356,106.73711688366168,24,35,1.0,19,16,0,0,0.6857
10.817236653231737,106.63191539530456,24,35,1.0,19,16,0,0,0.6857
10.772727584493625,106.69804225297564,12,24,1.0,19,18,0,0,0.5
10.774028664434528,106.70357076461706,23,29,1.0,19,18,0,0,0.7931
10.752616652291238,106.72509685338922,39,39,1.0,19,18,0,0,1.0
10.745754766198267,106.65326266831876,35,43,1.0,19,18,0,0,0.814
10.94927106740351,106.87196348224562,42,42,1.0,19,18,0,0,1.0
10.78866360854368,106.695513722289,33,41,1.0,19,18,0,0,0.8049
10.801406421807084,106.7114844087968,33,41,1.0,19,18,0,0,0.8049
10.843150534972033,106.6151343241409,24,34,1.0,19,18,0,0,0.7059
10.880537767027526,106.81481342866444,44,53,1.0,19,18,0,0,0.8302
10.740840166521664,106.61899246873142,27,36,1.0,19,18,0,0,0.75
10.798986343749618,106.7269705664684,45,45,1.0,19,18,0,0,1.0
10.741860769464234,106.73790365482628,30,44,1.0,19,18,0,0,0.6818
10.752408891679814,106.7022703818112,23,33,1.0,19,18,0,0,0.697
10.786216596454729,106.71836665482697,34,40,1.0,19,18,0,0,0.85
10.78948793356203,106.7151883818118,27,36,1.0,19,18,0,0,0.75
10.80223925742187,106.6478722259914,28,40,1.0,19,18,0,0,0.7
10.813928881466124,106.66511432455972,21,34,1.0,19,18,0,0,0.6176
10.755608615763382,106.67347943578082,16,27,1.0,19,18,0,0,0.5926
10.782680856341084,106.70051548181168,14,30,1.0,19,18,0,0,0.4667
10.754895139302109,106.67839188181134,21,33,1.0,19,18,0,0,0.6364
10.785070445194592,106.68331340921324,14,27,1.0,19,18,0,0,0.5185
10.7549373008113,106.67848844133415,21,33,1.0,19,18,0,0,0.6364
10.77898143649726,106.67684447140958,23,35,1.0,19,18,0,0,0.6571
10.7671128283867,106.6927618222887,12,19,1.0,19,18,0,0,0.6316
10.77847212665258,106.69389510879644,29,41,1.0,19,18,0,0,0.7073
10.796057790235078,106.67492629345334,21,34,1.0,19,18,0,0,0.6176
10.8352982156415,106.72935479345392,35,42,0.998915,19,18,0,0,0.8333
10.777562007197462,106.7041335430398,14,30,1.0,19,18,0,0,0.4667
10.83886351241477,106.67566625482782,25,35,1.0,19,18,0,0,0.7143
10.765187049751797,106.67550552599072,25,36,1.0,19,18,0,0,0.6944
10.75948437198232,106.6840537511244,16,27,1.0,19,18,0,0,0.5926
10.865229381280963,106.72366973948476,34,49,1.0,19,18,0,0,0.6939
10.72279213640514,106.72808623948244,23,37,0.996952,19,18,0,0,0.6216
10.823400120373712,106.68551227436063,23,31,1.0,19,18,0,0,0.7419
10.756158554057755,106.66631758181126,18,29,1.0,19,18,0,0,0.6207
10.7144382088356,106.73711688366168,25,35,1.0,19,18,0,0,0.7143
10.817236653231737,106.63191539530456,24,35,1.0,19,18,0,0,0.6857
10.772727584493625,106.69804225297564,11,24,1.0,19,21,0,0,0.4583
10.774028664434528,106.70357076461706,17,29,1.0,19,21,0,0,0.5862
10.752616652291238,106.72509685338922,31,38,1.0,19,21,0,0,0.8158
10.745754766198267,106.65326266831876,35,42,1.0,19,21,0,0,0.8333
10.94927106740351,106.87196348224562,27,41,1.0,19,21,0,0,0.6585
10.78866360854368,106.695513722289,32,41,1.0,19,21,0,0,0.7805
10.801406421807084,106.7114844087968,32,41,1.0,19,21,0,0,0.7805
10.843150534972033,106.6151343241409,25,35,1.0,19,21,0,0,0.7143
10.880537767027526,106.81481342866444,42,53,1.0,19,21,0,0,0.7925
10.740840166521664,106.61899246873142,27,35,1.0,19,21,0,0,0.7714
10.798986343749618,106.7269705664684,45,45,1.0,19,21,0,0,1.0
10.741860769464234,106.73790365482628,31,44,1.0,19,21,0,0,0.7045
10.752408891679814,106.7022703818112,25,34,1.0,19,21,0,0,0.7353
10.786216596454729,106.71836665482697,40,40,1.0,19,21,0,0,1.0
10.78948793356203,106.7151883818118,36,36,1.0,19,21,0,0,1.0
10.80223925742187,106.6478722259914,25,40,1.0,19,21,0,0,0.625
10.813928881466124,106.66511432455972,20,33,1.0,19,21,0,0,0.6061
10.755608615763382,106.67347943578082,18,27,1.0,19,21,0,0,0.6667
10.782680856341084,106.70051548181168,15,30,1.0,19,21,0,0,0.5
10.754895139302109,106.67839188181134,21,33,1.0,19,21,0,0,0.6364
10.785070445194592,106.68331340921324,14,28,1.0,19,21,0,0,0.5
10.7549373008113,106.67848844133415,21,33,1.0,19,21,0,0,0.6364
10.77898143649726,106.67684447140958,24,35,1.0,19,21,0,0,0.6857
10.7671128283867,106.6927618222887,13,20,1.0,19,21,0,0,0.65
10.77847212665258,106.69389510879644,29,41,1.0,19,21,0,0,0.7073
10.796057790235078,106.67492629345334,21,34,1.0,19,21,0,0,0.6176
10.8352982156415,106.72935479345392,34,42,0.998926,19,21,0,0,0.8095
10.777562007197462,106.7041335430398,15,30,1.0,19,21,0,0,0.5
10.83886351241477,106.67566625482782,25,36,1.0,19,21,0,0,0.6944
10.765187049751797,106.67550552599072,29,36,1.0,19,21,0,0,0.8056
10.75948437198232,106.6840537511244,17,27,1.0,19,21,0,0,0.6296
10.865229381280963,106.72366973948476,35,49,1.0,19,21,0,0,0.7143
10.72279213640514,106.72808623948244,24,37,0.99649,19,21,0,0,0.6486
10.823400120373712,106.68551227436063,23,31,1.0,19,21,0,0,0.7419
10.756158554057755,106.66631758181126,19,29,1.0,19,21,0,0,0.6552
10.7144382088356,106.73711688366168,25,35,1.0,19,21,0,0,0.7143
10.817236653231737,106.63191539530456,24,35,1.0,19,21,0,0,0.6857
10.772727584493625,106.69804225297564,12,24,1.0,19,23,0,0,0.5
10.774028664434528,106.70357076461706,14,28,1.0,19,23,0,0,0.5
10.752616652291238,106.72509685338922,39,39,1.0,19,23,0,0,1.0
10.745754766198267,106.65326266831876,42,42,1.0,19,23,0,0,1.0
10.94927106740351,106.87196348224562,30,42,1.0,19,23,0,0,0.7143
10.78866360854368,106.695513722289,33,42,1.0,19,23,0,0,0.7857
10.801406421807084,106.7114844087968,33,42,1.0,19,24,0,0,0.7857
10.843150534972033,106.6151343241409,23,35,1.0,19,24,0,0,0.6571
10.880537767027526,106.81481342866444,43,53,1.0,19,24,0,0,0.8113
10.740840166521664,106.61899246873142,27,35,1.0,19,24,0,0,0.7714
10.798986343749618,106.7269705664684,45,45,1.0,19,24,0,0,1.0
10.741860769464234,106.73790365482628,31,44,1.0,19,24,0,0,0.7045
10.752408891679814,106.7022703818112,24,34,1.0,19,24,0,0,0.7059
10.786216596454729,106.71836665482697,40,40,1.0,19,24,0,0,1.0
10.78948793356203,106.7151883818118,29,35,1.0,19,24,0,0,0.8286
10.80223925742187,106.6478722259914,28,41,1.0,19,24,0,0,0.6829
10.813928881466124,106.66511432455972,21,34,1.0,19,24,0,0,0.6176
10.755608615763382,106.67347943578082,16,28,1.0,19,24,0,0,0.5714
10.782680856341084,106.70051548181168,16,30,1.0,19,24,0,0,0.5333
10.754895139302109,106.67839188181134,20,34,1.0,19,24,0,0,0.5882
10.785070445194592,106.68331340921324,19,27,1.0,19,24,0,0,0.7037
10.7549373008113,106.67848844133415,20,34,1.0,19,24,0,0,0.5882
10.77898143649726,106.67684447140958,25,34,1.0,19,24,0,0,0.7353
10.7671128283867,106.6927618222887,15,20,1.0,19,24,0,0,0.75
10.77847212665258,106.69389510879644,30,42,1.0,19,24,0,0,0.7143
10.796057790235078,106.67492629345334,21,34,1.0,19,24,0,0,0.6176
10.8352982156415,106.72935479345392,33,42,0.998929,19,24,0,0,0.7857
10.777562007197462,106.7041335430398,16,30,1.0,19,24,0,0,0.5333
10.83886351241477,106.67566625482782,23,36,1.0,19,24,0,0,0.6389
10.765187049751797,106.67550552599072,25,36,1.0,19,24,0,0,0.6944
10.75948437198232,106.6840537511244,14,27,1.0,19,24,0,0,0.5185
10.865229381280963,106.72366973948476,35,49,1.0,19,25,0,0,0.7143
10.72279213640514,106.72808623948244,24,37,0.9977,19,25,0,0,0.6486
10.823400120373712,106.68551227436063,22,32,1.0,19,25,0,0,0.6875
10.756158554057755,106.66631758181126,18,29,1.0,19,25,0,0,0.6207
10.7144382088356,106.73711688366168,24,35,1.0,19,25,0,0,0.6857
10.817236653231737,106.63191539530456,23,35,1.0,19,25,0,0,0.6571
10.772727584493625,106.69804225297564,11,24,1.0,19,27,0,0,0.4583
10.774028664434528,106.70357076461706,14,29,1.0,19,27,0,0,0.4828
10.752616652291238,106.72509685338922,39,39,1.0,19,27,0,0,1.0
10.745754766198267,106.65326266831876,36,43,1.0,19,27,0,0,0.8372
10.94927106740351,106.87196348224562,29,42,1.0,19,27,0,0,0.6905
10.78866360854368,106.695513722289,33,42,1.0,19,27,0,0,0.7857
10.801406421807084,106.7114844087968,33,42,1.0,19,27,0,0,0.7857
10.843150534972033,106.6151343241409,24,35,1.0,19,27,0,0,0.6857
10.880537767027526,106.81481342866444,44,53,1.0,19,27,0,0,0.8302
10.740840166521664,106.61899246873142,27,34,1.0,19,27,0,0,0.7941
10.798986343749618,106.7269705664684,45,45,1.0,19,27,0,0,1.0
10.741860769464234,106.73790365482628,31,44,1.0,19,27,0,0,0.7045
10.752408891679814,106.7022703818112,24,34,1.0,19,27,0,0,0.7059
10.786216596454729,106.71836665482697,40,40,1.0,19,27,0,0,1.0
10.78948793356203,106.7151883818118,36,36,1.0,19,27,0,0,1.0
10.80223925742187,106.6478722259914,24,40,1.0,19,27,0,0,0.6
10.813928881466124,106.66511432455972,20,33,1.0,19,27,0,0,0.6061
10.755608615763382,106.67347943578082,17,27,1.0,19,27,0,0,0.6296
10.782680856341084,106.70051548181168,17,30,1.0,19,27,0,0,0.5667
10.754895139302109,106.67839188181134,19,32,1.0,19,27,0,0,0.5938
10.785070445194592,106.68331340921324,17,28,1.0,19,27,0,0,0.6071
10.7549373008113,106.67848844133415,19,32,1.0,19,27,0,0,0.5938
10.77898143649726,106.67684447140958,24,34,1.0,19,27,0,0,0.7059
10.7671128283867,106.6927618222887,13,19,1.0,19,27,0,0,0.6842
10.77847212665258,106.69389510879644,31,42,1.0,19,27,0,0,0.7381
10.796057790235078,106.67492629345334,20,34,1.0,19,27,0,0,0.5882
10.8352982156415,106.72935479345392,32,42,0.998714,19,27,0,0,0.7619
10.777562007197462,106.7041335430398,16,30,1.0,19,27,0,0,0.5333
10.83886351241477,106.67566625482782,24,36,1.0,19,27,0,0,0.6667
10.765187049751797,106.67550552599072,23,36,1.0,19,27,0,0,0.6389
10.75948437198232,106.6840537511244,15,27,1.0,19,27,0,0,0.5556
10.865229381280963,106.72366973948476,37,49,1.0,19,27,0,0,0.7551
10.72279213640514,106.72808623948244,22,37,0.997908,19,27,0,0,0.5946
10.823400120373712,106.68551227436063,22,32,1.0,19,27,0,0,0.6875
10.756158554057755,106.66631758181126,19,29,1.0,19,27,0,0,0.6552
10.7144382088356,106.73711688366168,24,35,1.0,19,27,0,0,0.6857
10.817236653231737,106.63191539530456,24,35,1.0,19,27,0,0,0.6857
10.772727584493625,106.69804225297564,9,24,1.0,19,29,0,0,0.375
10.774028664434528,106.70357076461706,17,29,1.0,19,29,0,0,0.5862
10.752616652291238,106.72509685338922,39,39,1.0,19,29,0,0,1.0
10.745754766198267,106.65326266831876,42,42,1.0,19,29,0,0,1.0
10.94927106740351,106.87196348224562,27,41,1.0,19,29,0,0,0.6585
10.78866360854368,106.695513722289,33,41,1.0,19,29,0,0,0.8049
10.801406421807084,106.7114844087968,33,41,1.0,19,29,0,0,0.8049
10.843150534972033,106.6151343241409,23,35,1.0,19,29,0,0,0.6571
10.880537767027526,106.81481342866444,46,53,1.0,19,29,0,0,0.8679
10.740840166521664,106.61899246873142,27,35,1.0,19,29,0,0,0.7714
10.798986343749618,106.7269705664684,45,45,1.0,19,29,0,0,1.0
10.741860769464234,106.73790365482628,31,44,1.0,19,29,0,0,0.7045
10.752408891679814,106.7022703818112,22,33,1.0,19,29,0,0,0.6667
10.786216596454729,106.71836665482697,40,40,1.0,19,29,0,0,1.0
10.78948793356203,106.7151883818118,36,36,1.0,19,29,0,0,1.0
10.80223925742187,106.6478722259914,27,40,1.0,19,29,0,0,0.675
10.813928881466124,106.66511432455972,21,34,0.999265,19,29,0,0,0.6176
10.755608615763382,106.67347943578082,17,28,1.0,19,29,0,0,0.6071
10.782680856341084,106.70051548181168,17,29,1.0,19,29,0,0,0.5862
10.754895139302109,106.67839188181134,20,33,1.0,19,29,0,0,0.6061
10.785070445194592,106.68331340921324,16,27,1.0,19,29,0,0,0.5926
10.7549373008113,106.67848844133415,19,32,1.0,19,29,0,0,0.5938
10.77898143649726,106.67684447140958,24,34,1.0,19,30,0,0,0.7059
10.7671128283867,106.6927618222887,11,20,1.0,19,30,0,0,0.55
10.77847212665258,106.69389510879644,30,41,1.0,19,30,0,0,0.7317
10.796057790235078,106.67492629345334,21,34,0.999528,19,30,0,0,0.6176
10.8352982156415,106.72935479345392,34,42,0.998535,19,30,0,0,0.8095
10.777562007197462,106.7041335430398,17,30,1.0,19,30,0,0,0.5667
10.83886351241477,106.67566625482782,25,36,1.0,19,30,0,0,0.6944
10.765187049751797,106.67550552599072,23,36,1.0,19,30,0,0,0.6389
10.75948437198232,106.6840537511244,16,28,1.0,19,30,0,0,0.5714
10.865229381280963,106.72366973948476,37,49,1.0,19,30,0,0,0.7551
10.72279213640514,106.72808623948244,22,37,0.998218,19,30,0,0,0.5946
10.823400120373712,106.68551227436063,20,31,1.0,19,30,0,0,0.6452
10.756158554057755,106.66631758181126,22,29,1.0,19,30,0,0,0.7586
10.7144382088356,106.73711688366168,25,35,1.0,19,30,0,0,0.7143
10.817236653231737,106.63191539530456,23,35,1.0,19,30,0,0,0.6571
10.772727584493625,106.69804225297564,11,24,1.0,19,32,0,0,0.4583
10.774028664434528,106.70357076461706,15,29,1.0,19,32,0,0,0.5172
10.752616652291238,106.72509685338922,39,39,1.0,19,32,0,0,1.0
10.745754766198267,106.65326266831876,42,42,1.0,19,32,0,0,1.0
10.94927106740351,106.87196348224562,32,41,1.0,19,32,0,0,0.7805
10.78866360854368,106.695513722289,34,41,1.0,19,32,0,0,0.8293
10.801406421807084,106.7114844087968,34,41,1.0,19,32,0,0,0.8293
10.843150534972033,106.6151343241409,23,35,1.0,19,32,0,0,0.6571
10.880537767027526,106.81481342866444,44,53,1.0,19,32,0,0,0.8302
10.740840166521664,106.61899246873142,34,34,1.0,19,32,0,0,1.0
10.798986343749618,106.7269705664684,45,45,1.0,19,32,0,0,1.0
10.741860769464234,106.73790365482628,32,44,1.0,19,32,0,0,0.7273
10.752408891679814,106.7022703818112,24,34,1.0,19,32,0,0,0.7059
10.786216596454729,106.71836665482697,40,40,1.0,19,32,0,0,1.0
10.78948793356203,106.7151883818118,36,36,1.0,19,32,0,0,1.0
10.80223925742187,106.6478722259914,29,40,1.0,19,32,0,0,0.725
10.813928881466124,106.66511432455972,21,34,0.999528,19,32,0,0,0.6176
10.755608615763382,106.67347943578082,17,28,1.0,19,32,0,0,0.6071
10.782680856341084,106.70051548181168,17,30,1.0,19,32,0,0,0.5667
10.754895139302109,106.67839188181134,21,32,1.0,19,32,0,0,0.6562
10.785070445194592,106.68331340921324,17,28,1.0,19,32,0,0,0.6071
10.7549373008113,106.67848844133415,21,32,1.0,19,32,0,0,0.6562
10.77898143649726,106.67684447140958,23,34,1.0,19,32,0,0,0.6765
10.7671128283867,106.6927618222887,11,19,1.0,19,32,0,0,0.5789
10.77847212665258,106.69389510879644,29,41,1.0,19,32,0,0,0.7073
10.796057790235078,106.67492629345334,21,34,0.999528,19,32,0,0,0.6176
10.8352982156415,106.72935479345392,35,42,0.998714,19,32,0,0,0.8333
10.777562007197462,106.7041335430398,17,30,1.0,19,32,0,0,0.5667
10.83886351241477,106.67566625482782,25,35,1.0,19,32,0,0,0.7143
10.765187049751797,106.67550552599072,23,35,1.0,19,32,0,0,0.6571
10.75948437198232,106.6840537511244,17,28,1.0,19,32,0,0,0.6071
10.865229381280963,106.72366973948476,36,49,1.0,19,32,0,0,0.7347
10.72279213640514,106.72808623948244,23,37,0.999079,19,32,0,0,0.6216
10.823400120373712,106.68551227436063,22,31,1.0,19,32,0,0,0.7097
10.756158554057755,106.66631758181126,22,30,1.0,19,32,0,0,0.7333
10.7144382088356,106.73711688366168,24,35,1.0,19,32,0,0,0.6857
10.817236653231737,106.63191539530456,23,35,1.0,19,32,0,0,0.6571
10.772727584493625,106.69804225297564,12,23,1.0,19,34,0,0,0.5217
10.774028664434528,106.70357076461706,17,29,1.0,19,34,0,0,0.5862
10.752616652291238,106.72509685338922,39,39,1.0,19,34,0,0,1.0
10.745754766198267,106.65326266831876,42,42,1.0,19,34,0,0,1.0
10.94927106740351,106.87196348224562,30,42,1.0,19,34,0,0,0.7143
10.78866360854368,106.695513722289,33,42,1.0,19,34,0,0,0.7857
10.801406421807084,106.7114844087968,33,42,1.0,19,34,0,0,0.7857
10.843150534972033,106.6151343241409,25,35,1.0,19,34,0,0,0.7143
10.880537767027526,106.81481342866444,43,53,1.0,19,34,0,0,0.8113
10.740840166521664,106.61899246873142,27,35,1.0,19,34,0,0,0.7714
10.798986343749618,106.7269705664684,45,45,1.0,19,34,0,0,1.0
10.741860769464234,106.73790365482628,35,44,1.0,19,34,0,0,0.7955
10.752408891679814,106.7022703818112,24,33,1.0,19,34,0,0,0.7273
10.786216596454729,106.71836665482697,40,40,1.0,19,35,0,0,1.0
10.78948793356203,106.7151883818118,36,36,1.0,19,35,0,0,1.0
10.80223925742187,106.6478722259914,27,41,1.0,19,35,0,0,0.6585
10.813928881466124,106.66511432455972,23,34,1.0,19,35,0,0,0.6765
10.755608615763382,106.67347943578082,17,27,1.0,19,35,0,0,0.6296
10.782680856341084,106.70051548181168,17,30,1.0,19,35,0,0,0.5667
10.754895139302109,106.67839188181134,21,32,1.0,19,35,0,0,0.6562
10.785070445194592,106.68331340921324,17,28,1.0,19,35,0,0,0.6071
10.7549373008113,106.67848844133415,21,32,1.0,19,35,0,0,0.6562
10.77898143649726,106.67684447140958,23,33,1.0,19,35,0,0,0.697
10.7671128283867,106.6927618222887,9,20,1.0,19,35,0,0,0.45
10.77847212665258,106.69389510879644,29,41,1.0,19,35,0,0,0.7073
10.796057790235078,106.67492629345334,23,34,1.0,19,35,0,0,0.6765
10.8352982156415,106.72935479345392,35,42,0.998686,19,35,0,0,0.8333
10.777562007197462,106.7041335430398,17,30,1.0,19,35,0,0,0.5667
10.83886351241477,106.67566625482782,25,36,1.0,19,35,0,0,0.6944
10.765187049751797,106.67550552599072,27,36,1.0,19,35,0,0,0.75
10.75948437198232,106.6840537511244,18,28,1.0,19,35,0,0,0.6429
10.865229381280963,106.72366973948476,37,49,1.0,19,35,0,0,0.7551
10.72279213640514,106.72808623948244,23,37,0.998603,19,35,0,0,0.6216
10.823400120373712,106.68551227436063,23,31,1.0,19,35,0,0,0.7419
10.756158554057755,106.66631758181126,23,29,1.0,19,35,0,0,0.7931
10.7144382088356,106.73711688366168,25,35,1.0,19,35,0,0,0.7143
10.817236653231737,106.63191539530456,25,35,1.0,19,35,0,0,0.7143
10.772727584493625,106.69804225297564,12,24,1.0,19,37,0,0,0.5
10.774028664434528,106.70357076461706,17,28,1.0,19,37,0,0,0.6071
10.752616652291238,106.72509685338922,39,39,1.0,19,37,0,0,1.0
10.745754766198267,106.65326266831876,42,42,1.0,19,37,0,0,1.0
10.94927106740351,106.87196348224562,30,41,1.0,19,37,0,0,0.7317
10.78866360854368,106.695513722289,33,41,1.0,19,37,0,0,0.8049
10.801406421807084,106.7114844087968,33,41,1.0,19,37,0,0,0.8049
10.843150534972033,106.6151343241409,24,35,1.0,19,37,0,0,0.6857
10.880537767027526,106.81481342866444,44,53,1.0,19,37,0,0,0.8302
10.740840166521664,106.61899246873142,28,35,1.0,19,37,0,0,0.8
10.798986343749618,106.7269705664684,45,45,1.0,19,37,0,0,1.0
10.741860769464234,106.73790365482628,37,44,1.0,19,37,0,0,0.8409
10.752408891679814,106.7022703818112,24,34,1.0,19,37,0,0,0.7059
10.786216596454729,106.71836665482697,40,40,1.0,19,37,0,0,1.0
10.78948793356203,106.7151883818118,28,35,1.0,19,37,0,0,0.8
10.80223925742187,106.6478722259914,28,40,1.0,19,37,0,0,0.7
10.813928881466124,106.66511432455972,22,33,1.0,19,37,0,0,0.6667
10.755608615763382,106.67347943578082,16,27,1.0,19,37,0,0,0.5926
10.782680856341084,106.70051548181168,16,30,1.0,19,37,0,0,0.5333
10.754895139302109,106.67839188181134,21,32,1.0,19,37,0,0,0.6562
10.785070445194592,106.68331340921324,14,27,1.0,19,37,0,0,0.5185
10.7549373008113,106.67848844133415,21,32,1.0,19,37,0,0,0.6562
10.77898143649726,106.67684447140958,24,35,1.0,19,37,0,0,0.6857
10.7671128283867,106.6927618222887,9,20,1.0,19,37,0,0,0.45
10.77847212665258,106.69389510879644,29,41,1.0,19,37,0,0,0.7073
10.796057790235078,106.67492629345334,22,33,1.0,19,37,0,0,0.6667
10.8352982156415,106.72935479345392,34,42,0.998561,19,37,0,0,0.8095
10.777562007197462,106.7041335430398,16,30,1.0,19,37,0,0,0.5333
10.83886351241477,106.67566625482782,25,37,1.0,19,37,0,0,0.6757
10.765187049751797,106.67550552599072,26,36,1.0,19,37,0,0,0.7222
10.75948437198232,106.6840537511244,16,27,1.0,19,37,0,0,0.5926
10.865229381280963,106.72366973948476,36,49,1.0,19,37,0,0,0.7347
10.72279213640514,106.72808623948244,22,37,0.998746,19,37,0,0,0.5946
10.823400120373712,106.68551227436063,23,31,1.0,19,37,0,0,0.7419
10.756158554057755,106.66631758181126,23,29,1.0,19,37,0,0,0.7931
10.7144382088356,106.73711688366168,23,35,1.0,19,37,0,0,0.6571
10.817236653231737,106.63191539530456,24,35,1.0,19,37,0,0,0.6857
10.772727584493625,106.69804225297564,13,24,1.0,19,39,0,0,0.5417
10.774028664434528,106.70357076461706,16,27,1.0,19,39,0,0,0.5926
10.752616652291238,106.72509685338922,39,39,1.0,19,39,0,0,1.0
10.745754766198267,106.65326266831876,42,42,1.0,19,39,0,0,1.0
10.94927106740351,106.87196348224562,27,42,1.0,19,39,0,0,0.6429
10.78866360854368,106.695513722289,33,42,1.0,19,40,0,0,0.7857
10.801406421807084,106.7114844087968,33,42,1.0,19,40,0,0,0.7857
10.843150534972033,106.6151343241409,23,35,1.0,19,40,0,0,0.6571
10.880537767027526,106.81481342866444,44,53,1.0,19,40,0,0,0.8302
10.740840166521664,106.61899246873142,34,34,1.0,19,40,0,0,1.0
10.798986343749618,106.7269705664684,45,45,1.0,19,40,0,0,1.0
10.741860769464234,106.73790365482628,36,44,1.0,19,40,0,0,0.8182
10.752408891679814,106.7022703818112,25,34,1.0,19,40,0,0,0.7353
10.786216596454729,106.71836665482697,40,40,1.0,19,40,0,0,1.0
10.78948793356203,106.7151883818118,36,36,1.0,19,40,0,0,1.0
10.80223925742187,106.6478722259914,29,40,1.0,19,40,0,0,0.725
10.813928881466124,106.66511432455972,22,34,1.0,19,40,0,0,0.6471
10.755608615763382,106.67347943578082,16,27,1.0,19,40,0,0,0.5926
10.782680856341084,106.70051548181168,15,30,1.0,19,40,0,0,0.5
10.754895139302109,106.67839188181134,20,32,1.0,19,40,0,0,0.625
10.785070445194592,106.68331340921324,17,27,1.0,19,40,0,0,0.6296
10.7549373008113,106.67848844133415,20,32,1.0,19,40,0,0,0.625
10.77898143649726,106.67684447140958,24,34,1.0,19,40,0,0,0.7059
10.7671128283867,106.6927618222887,9,20,1.0,19,40,0,0,0.45
10.77847212665258,106.69389510879644,30,42,1.0,19,40,0,0,0.7143
10.796057790235078,106.67492629345334,22,34,1.0,19,40,0,0,0.6471
10.8352982156415,106.72935479345392,35,42,0.99821,19,40,0,0,0.8333
10.777562007197462,106.7041335430398,15,30,1.0,19,40,0,0,0.5
10.83886351241477,106.67566625482782,25,36,1.0,19,40,0,0,0.6944
10.765187049751797,106.67550552599072,28,36,1.0,19,40,0,0,0.7778
10.75948437198232,106.6840537511244,16,27,1.0,19,40,0,0,0.5926
10.865229381280963,106.72366973948476,37,49,1.0,19,40,0,0,0.7551
10.72279213640514,106.72808623948244,24,37,0.998603,19,40,0,0,0.6486
10.823400120373712,106.68551227436063,23,31,1.0,19,40,0,0,0.7419
10.756158554057755,106.66631758181126,20,29,1.0,19,40,0,0,0.6897
10.7144382088356,106.73711688366168,24,35,1.0,19,40,0,0,0.6857
10.817236653231737,106.63191539530456,24,35,1.0,19,40,0,0,0.6857
10.772727584493625,106.69804225297564,15,24,1.0,19,42,0,0,0.625
10.774028664434528,106.70357076461706,12,29,1.0,19,42,0,0,0.4138
10.752616652291238,106.72509685338922,28,39,1.0,19,42,0,0,0.7179
10.745754766198267,106.65326266831876,37,43,1.0,19,42,0,0,0.8605
10.94927106740351,106.87196348224562,27,41,1.0,19,42,0,0,0.6585
10.78866360854368,106.695513722289,42,42,1.0,19,42,0,0,1.0
10.801406421807084,106.7114844087968,42,42,1.0,19,42,0,0,1.0
10.843150534972033,106.6151343241409,25,35,1.0,19,42,0,0,0.7143
10.880537767027526,106.81481342866444,44,52,1.0,19,42,0,0,0.8462
10.740840166521664,106.61899246873142,27,35,1.0,19,42,0,0,0.7714
10.798986343749618,106.7269705664684,45,45,1.0,19,42,0,0,1.0
10.741860769464234,106.73790365482628,36,44,1.0,19,42,0,0,0.8182
10.752408891679814,106.7022703818112,25,34,1.0,19,42,0,0,0.7353
10.786216596454729,106.71836665482697,40,40,1.0,19,42,0,0,1.0
10.78948793356203,106.7151883818118,36,36,1.0,19,42,0,0,1.0
10.80223925742187,106.6478722259914,30,40,1.0,19,42,0,0,0.75
10.813928881466124,106.66511432455972,21,34,0.998955,19,42,0,0,0.6176
10.755608615763382,106.67347943578082,18,28,1.0,19,42,0,0,0.6429
10.782680856341084,106.70051548181168,16,30,1.0,19,42,0,0,0.5333
10.754895139302109,106.67839188181134,22,33,1.0,19,42,0,0,0.6667
10.785070445194592,106.68331340921324,18,28,1.0,19,42,0,0,0.6429
10.7549373008113,106.67848844133415,22,33,1.0,19,42,0,0,0.6667
10.77898143649726,106.67684447140958,24,33,1.0,19,42,0,0,0.7273
10.7671128283867,106.6927618222887,15,20,1.0,19,42,0,0,0.75
10.77847212665258,106.69389510879644,29,41,1.0,19,42,0,0,0.7073
10.796057790235078,106.67492629345334,21,34,0.998955,19,42,0,0,0.6176
10.8352982156415,106.72935479345392,33,42,0.99814,19,42,0,0,0.7857
10.777562007197462,106.7041335430398,16,30,1.0,19,42,0,0,0.5333
10.83886351241477,106.67566625482782,25,36,1.0,19,42,0,0,0.6944
10.765187049751797,106.67550552599072,22,35,1.0,19,42,0,0,0.6286
10.75948437198232,106.6840537511244,18,28,1.0,19,42,0,0,0.6429
10.865229381280963,106.72366973948476,36,49,1.0,19,42,0,0,0.7347
10.72279213640514,106.72808623948244,24,37,0.998603,19,43,0,0,0.6486
10.823400120373712,106.68551227436063,17,31,1.0,19,43,0,0,0.5484
10.756158554057755,106.66631758181126,20,30,1.0,19,43,0,0,0.6667
10.7144382088356,106.73711688366168,25,35,1.0,19,43,0,0,0.7143
10.817236653231737,106.63191539530456,26,35,1.0,19,43,0,0,0.7429
10.772727584493625,106.69804225297564,15,24,1.0,19,45,0,0,0.625
10.774028664434528,106.70357076461706,13,27,1.0,19,45,0,0,0.4815
10.752616652291238,106.72509685338922,39,39,1.0,19,45,0,0,1.0
10.745754766198267,106.65326266831876,42,42,1.0,19,45,0,0,1.0
10.94927106740351,106.87196348224562,29,41,1.0,19,45,0,0,0.7073
10.78866360854368,106.695513722289,32,41,1.0,19,45,0,0,0.7805
10.801406421807084,106.7114844087968,32,41,1.0,19,45,0,0,0.7805
10.843150534972033,106.6151343241409,26,35,1.0,19,45,0,0,0.7429
10.880537767027526,106.81481342866444,44,54,1.0,19,45,0,0,0.8148
10.740840166521664,106.61899246873142,29,36,1.0,19,45,0,0,0.8056
10.798986343749618,106.7269705664684,45,45,1.0,19,45,0,0,1.0
10.741860769464234,106.73790365482628,37,44,1.0,19,45,0,0,0.8409
10.752408891679814,106.7022703818112,24,33,1.0,19,45,0,0,0.7273
10.786216596454729,106.71836665482697,40,40,1.0,19,45,0,0,1.0
10.78948793356203,106.7151883818118,28,35,1.0,19,45,0,0,0.8
10.80223925742187,106.6478722259914,27,40,1.0,19,45,0,0,0.675
10.813928881466124,106.66511432455972,22,34,1.0,19,45,0,0,0.6471
10.755608615763382,106.67347943578082,18,27,1.0,19,45,0,0,0.6667
10.782680856341084,106.70051548181168,17,30,1.0,19,45,0,0,0.5667
10.754895139302109,106.67839188181134,22,32,1.0,19,45,0,0,0.6875
10.785070445194592,106.68331340921324,14,28,1.0,19,45,0,0,0.5
10.7549373008113,106.67848844133415,22,32,1.0,19,45,0,0,0.6875
10.77898143649726,106.67684447140958,24,34,1.0,19,45,0,0,0.7059
10.7671128283867,106.6927618222887,13,20,1.0,19,45,0,0,0.65
10.77847212665258,106.69389510879644,29,41,1.0,19,45,0,0,0.7073
10.796057790235078,106.67492629345334,22,34,1.0,19,45,0,0,0.6471
10.8352982156415,106.72935479345392,35,42,0.998091,19,45,0,0,0.8333
10.777562007197462,106.7041335430398,17,30,1.0,19,45,0,0,0.5667
10.83886351241477,106.67566625482782,25,36,1.0,19,45,0,0,0.6944
10.765187049751797,106.67550552599072,26,35,1.0,19,45,0,0,0.7429
10.75948437198232,106.6840537511244,18,27,1.0,19,45,0,0,0.6667
10.865229381280963,106.72366973948476,36,49,1.0,19,45,0,0,0.7347
10.72279213640514,106.72808623948244,25,37,0.998603,19,45,0,0,0.6757
10.823400120373712,106.68551227436063,20,31,1.0,19,45,0,0,0.6452
10.756158554057755,106.66631758181126,18,30,1.0,19,45,0,0,0.6
10.7144382088356,106.73711688366168,25,35,1.0,19,45,0,0,0.7143
10.817236653231737,106.63191539530456,25,35,1.0,19,45,0,0,0.7143
10.772727584493625,106.69804225297564,15,25,1.0,19,47,0,0,0.6
10.774028664434528,106.70357076461706,18,29,1.0,19,47,0,0,0.6207
10.752616652291238,106.72509685338922,38,42,1.0,19,47,0,0,0.9048
10.745754766198267,106.65326266831876,42,42,1.0,19,47,0,0,1.0
10.94927106740351,106.87196348224562,25,42,1.0,19,47,0,0,0.5952
10.78866360854368,106.695513722289,33,41,1.0,19,47,0,0,0.8049
10.801406421807084,106.7114844087968,33,41,1.0,19,47,0,0,0.8049
10.843150534972033,106.6151343241409,26,35,1.0,19,47,0,0,0.7429
10.880537767027526,106.81481342866444,46,53,1.0,19,47,0,0,0.8679
10.740840166521664,106.61899246873142,28,35,1.0,19,47,0,0,0.8
10.798986343749618,106.7269705664684,45,45,1.0,19,47,0,0,1.0
10.741860769464234,106.73790365482628,36,44,1.0,19,47,0,0,0.8182
10.752408891679814,106.7022703818112,26,34,1.0,19,47,0,0,0.7647
10.786216596454729,106.71836665482697,40,40,1.0,19,47,0,0,1.0
10.78948793356203,106.7151883818118,36,36,1.0,19,47,0,0,1.0
10.80223925742187,106.6478722259914,30,41,1.0,19,47,0,0,0.7317
10.813928881466124,106.66511432455972,22,34,0.999242,19,47,0,0,0.6471
10.755608615763382,106.67347943578082,18,28,1.0,19,47,0,0,0.6429
10.782680856341084,106.70051548181168,18,30,1.0,19,47,0,0,0.6
10.754895139302109,106.67839188181134,21,32,1.0,19,47,0,0,0.6562
10.785070445194592,106.68331340921324,18,27,1.0,19,47,0,0,0.6667
10.7549373008113,106.67848844133415,22,32,1.0,19,47,0,0,0.6875
10.77898143649726,106.67684447140958,25,34,1.0,19,48,0,0,0.7353
10.7671128283867,106.6927618222887,12,19,1.0,19,48,0,0,0.6316
10.77847212665258,106.69389510879644,28,42,1.0,19,48,0,0,0.6667
10.796057790235078,106.67492629345334,22,34,0.998955,19,48,0,0,0.6471
10.8352982156415,106.72935479345392,36,42,0.997845,19,48,0,0,0.8571
10.777562007197462,106.7041335430398,18,30,1.0,19,48,0,0,0.6
10.83886351241477,106.67566625482782,24,36,1.0,19,48,0,0,0.6667
10.765187049751797,106.67550552599072,21,36,1.0,19,48,0,0,0.5833
10.75948437198232,106.6840537511244,19,28,1.0,19,48,0,0,0.6786
10.865229381280963,106.72366973948476,36,49,1.0,19,48,0,0,0.7347
10.72279213640514,106.72808623948244,25,37,0.998811,19,48,0,0,0.6757
10.823400120373712,106.68551227436063,19,31,1.0,19,48,0,0,0.6129
10.756158554057755,106.66631758181126,22,29,1.0,19,48,0,0,0.7586
10.7144382088356,106.73711688366168,25,35,1.0,19,48,0,0,0.7143
10.817236653231737,106.63191539530456,26,35,1.0,19,48,0,0,0.7429
10.772727584493625,106.69804225297564,12,24,1.0,19,50,0,0,0.5
10.774028664434528,106.70357076461706,12,29,1.0,19,50,0,0,0.4138
10.752616652291238,106.72509685338922,39,39,1.0,19,50,0,0,1.0
10.745754766198267,106.65326266831876,42,42,1.0,19,50,0,0,1.0
10.94927106740351,106.87196348224562,34,41,1.0,19,50,0,0,0.8293
10.78866360854368,106.695513722289,42,42,1.0,19,50,0,0,1.0
10.801406421807084,106.7114844087968,42,42,1.0,19,50,0,0,1.0
10.843150534972033,106.6151343241409,25,35,1.0,19,50,0,0,0.7143
10.880537767027526,106.81481342866444,43,54,1.0,19,50,0,0,0.7963
10.740840166521664,106.61899246873142,34,34,1.0,19,50,0,0,1.0
10.798986343749618,106.7269705664684,45,45,1.0,19,50,0,0,1.0
10.741860769464234,106.73790365482628,38,44,1.0,19,50,0,0,0.8636
10.752408891679814,106.7022703818112,27,34,1.0,19,50,0,0,0.7941
10.786216596454729,106.71836665482697,40,40,1.0,19,50,0,0,1.0
10.78948793356203,106.7151883818118,36,36,1.0,19,50,0,0,1.0
10.80223925742187,106.6478722259914,28,41,1.0,19,50,0,0,0.6829
10.813928881466124,106.66511432455972,22,34,0.998955,19,50,0,0,0.6471
10.755608615763382,106.67347943578082,18,27,1.0,19,50,0,0,0.6667
10.782680856341084,106.70051548181168,18,30,1.0,19,50,0,0,0.6
10.754895139302109,106.67839188181134,21,32,1.0,19,50,0,0,0.6562
10.785070445194592,106.68331340921324,19,27,1.0,19,50,0,0,0.7037
10.7549373008113,106.67848844133415,21,32,1.0,19,50,0,0,0.6562
10.77898143649726,106.67684447140958,25,34,1.0,19,50,0,0,0.7353
10.7671128283867,106.6927618222887,15,19,1.0,19,50,0,0,0.7895
10.77847212665258,106.69389510879644,29,41,1.0,19,50,0,0,0.7073
10.796057790235078,106.67492629345334,22,34,0.998955,19,50,0,0,0.6471
10.8352982156415,106.72935479345392,35,42,0.99749,19,50,0,0,0.8333
10.777562007197462,106.7041335430398,18,30,1.0,19,50,0,0,0.6
10.83886351241477,106.67566625482782,26,35,1.0,19,50,0,0,0.7429
10.765187049751797,106.67550552599072,22,36,1.0,19,50,0,0,0.6111
10.75948437198232,106.6840537511244,18,27,1.0,19,50,0,0,0.6667
10.865229381280963,106.72366973948476,37,48,1.0,19,50,0,0,0.7708
10.72279213640514,106.72808623948244,24,37,0.998603,19,50,0,0,0.6486
10.823400120373712,106.68551227436063,21,32,1.0,19,50,0,0,0.6562
10.756158554057755,106.66631758181126,22,30,1.0,19,50,0,0,0.7333
10.7144382088356,106.73711688366168,25,35,1.0,19,50,0,0,0.7143
10.817236653231737,106.63191539530456,25,35,1.0,19,50,0,0,0.7143
10.772727584493625,106.69804225297564,13,25,1.0,19,52,0,0,0.52
10.774028664434528,106.70357076461706,13,28,1.0,19,52,0,0,0.4643
10.752616652291238,106.72509685338922,39,39,1.0,19,52,0,0,1.0
10.745754766198267,106.65326266831876,42,42,1.0,19,52,0,0,1.0
10.94927106740351,106.87196348224562,42,42,1.0,19,52,0,0,1.0
10.78866360854368,106.695513722289,33,42,1.0,19,52,0,0,0.7857
10.801406421807084,106.7114844087968,33,42,1.0,19,52,0,0,0.7857
10.843150534972033,106.6151343241409,25,35,1.0,19,52,0,0,0.7143
10.880537767027526,106.81481342866444,43,53,1.0,19,52,0,0,0.8113
10.740840166521664,106.61899246873142,28,34,1.0,19,52,0,0,0.8235
10.798986343749618,106.7269705664684,45,45,1.0,19,52,0,0,1.0
10.741860769464234,106.73790365482628,45,45,1.0,19,52,0,0,1.0
10.752408891679814,106.7022703818112,25,33,1.0,19,52,0,0,0.7576
10.786216596454729,106.71836665482697,40,40,1.0,19,52,0,0,1.0
10.78948793356203,106.7151883818118,36,36,1.0,19,52,0,0,1.0
10.80223925742187,106.6478722259914,27,40,1.0,19,53,0,0,0.675
10.813928881466124,106.66511432455972,21,34,0.998692,19,53,0,0,0.6176
10.755608615763382,106.67347943578082,18,27,1.0,19,53,0,0,0.6667
10.782680856341084,106.70051548181168,18,30,1.0,19,53,0,0,0.6
10.754895139302109,106.67839188181134,21,32,1.0,19,53,0,0,0.6562
10.785070445194592,106.68331340921324,18,27,1.0,19,53,0,0,0.6667
10.7549373008113,106.67848844133415,21,32,1.0,19,53,0,0,0.6562
10.77898143649726,106.67684447140958,25,34,1.0,19,53,0,0,0.7353
10.7671128283867,106.6927618222887,14,19,1.0,19,53,0,0,0.7368
10.77847212665258,106.69389510879644,30,41,1.0,19,53,0,0,0.7317
10.796057790235078,106.67492629345334,21,34,0.998692,19,53,0,0,0.6176
10.8352982156415,106.72935479345392,42,42,1.0,19,53,0,0,1.0
10.777562007197462,106.7041335430398,18,30,1.0,19,53,0,0,0.6
10.83886351241477,106.67566625482782,25,36,1.0,19,53,0,0,0.6944
10.765187049751797,106.67550552599072,20,35,1.0,19,53,0,0,0.5714
10.75948437198232,106.6840537511244,18,27,1.0,19,53,0,0,0.6667
10.865229381280963,106.72366973948476,38,49,1.0,19,53,0,0,0.7755
10.72279213640514,106.72808623948244,24,36,0.997578,19,53,0,0,0.6667
10.823400120373712,106.68551227436063,22,32,1.0,19,53,0,0,0.6875
10.756158554057755,106.66631758181126,30,30,1.0,19,53,0,0,1.0
10.7144382088356,106.73711688366168,25,35,1.0,19,53,0,0,0.7143
10.817236653231737,106.63191539530456,25,35,1.0,19,53,0,0,0.7143
10.772727584493625,106.69804225297564,14,24,1.0,19,55,0,0,0.5833
10.774028664434528,106.70357076461706,11,29,1.0,19,55,0,0,0.3793
10.752616652291238,106.72509685338922,39,39,1.0,19,55,0,0,1.0
10.745754766198267,106.65326266831876,42,42,1.0,19,55,0,0,1.0
10.94927106740351,106.87196348224562,42,42,1.0,19,55,0,0,1.0
10.78866360854368,106.695513722289,42,42,1.0,19,55,0,0,1.0
10.801406421807084,106.7114844087968,42,42,1.0,19,55,0,0,1.0
10.843150534972033,106.6151343241409,26,35,1.0,19,55,0,0,0.7429
10.880537767027526,106.81481342866444,44,53,1.0,19,55,0,0,0.8302
10.740840166521664,106.61899246873142,28,35,1.0,19,55,0,0,0.8
10.798986343749618,106.7269705664684,45,45,1.0,19,55,0,0,1.0
10.741860769464234,106.73790365482628,45,45,1.0,19,55,0,0,1.0
10.752408891679814,106.7022703818112,26,33,1.0,19,55,0,0,0.7879
10.786216596454729,106.71836665482697,40,40,1.0,19,55,0,0,1.0
10.78948793356203,106.7151883818118,36,36,1.0,19,55,0,0,1.0
10.80223925742187,106.6478722259914,28,41,1.0,19,55,0,0,0.6829
10.813928881466124,106.66511432455972,21,34,1.0,19,55,0,0,0.6176
10.755608615763382,106.67347943578082,17,28,1.0,19,55,0,0,0.6071
10.782680856341084,106.70051548181168,17,29,1.0,19,55,0,0,0.5862
10.754895139302109,106.67839188181134,22,32,1.0,19,55,0,0,0.6875
10.785070445194592,106.68331340921324,16,28,1.0,19,55,0,0,0.5714
10.7549373008113,106.67848844133415,22,32,1.0,19,55,0,0,0.6875
10.77898143649726,106.67684447140958,25,34,1.0,19,55,0,0,0.7353
10.7671128283867,106.6927618222887,14,20,1.0,19,55,0,0,0.7
10.77847212665258,106.69389510879644,30,41,1.0,19,55,0,0,0.7317
10.796057790235078,106.67492629345334,21,34,1.0,19,55,0,0,0.6176
10.8352982156415,106.72935479345392,35,42,0.997478,19,55,0,0,0.8333
10.777562007197462,106.7041335430398,17,29,1.0,19,55,0,0,0.5862
10.83886351241477,106.67566625482782,26,36,1.0,19,55,0,0,0.7222
10.765187049751797,106.67550552599072,21,36,1.0,19,55,0,0,0.5833
10.75948437198232,106.6840537511244,17,28,1.0,19,55,0,0,0.6071
10.865229381280963,106.72366973948476,37,49,1.0,19,55,0,0,0.7551
10.72279213640514,106.72808623948244,24,37,0.998475,19,55,0,0,0.6486
10.823400120373712,106.68551227436063,22,32,1.0,19,55,0,0,0.6875
10.756158554057755,106.66631758181126,30,30,1.0,19,55,0,0,1.0
10.7144382088356,106.73711688366168,25,35,1.0,19,55,0,0,0.7143
10.817236653231737,106.63191539530456,26,35,1.0,19,55,0,0,0.7429
10.772727584493625,106.69804225297564,14,24,1.0,19,57,0,0,0.5833
10.774028664434528,106.70357076461706,12,27,1.0,19,57,0,0,0.4444
10.752616652291238,106.72509685338922,30,38,1.0,19,57,0,0,0.7895
10.745754766198267,106.65326266831876,42,42,1.0,19,57,0,0,1.0
10.94927106740351,106.87196348224562,26,41,1.0,19,57,0,0,0.6341
10.78866360854368,106.695513722289,42,42,1.0,19,57,0,0,1.0
10.801406421807084,106.7114844087968,42,42,1.0,19,58,0,0,1.0
10.843150534972033,106.6151343241409,27,35,1.0,19,58,0,0,0.7714
10.880537767027526,106.81481342866444,44,53,1.0,19,58,0,0,0.8302
10.740840166521664,106.61899246873142,34,34,1.0,19,58,0,0,1.0
10.798986343749618,106.7269705664684,45,45,1.0,19,58,0,0,1.0
10.741860769464234,106.73790365482628,45,45,1.0,19,58,0,0,1.0
10.752408891679814,106.7022703818112,24,33,1.0,19,58,0,0,0.7273
10.786216596454729,106.71836665482697,40,40,1.0,19,58,0,0,1.0
10.78948793356203,106.7151883818118,36,36,1.0,19,58,0,0,1.0
10.80223925742187,106.6478722259914,30,41,1.0,19,58,0,0,0.7317
10.813928881466124,106.66511432455972,22,33,1.0,19,58,0,0,0.6667
10.755608615763382,106.67347943578082,19,28,1.0,19,58,0,0,0.6786
10.782680856341084,106.70051548181168,18,30,1.0,19,58,0,0,0.6
10.754895139302109,106.67839188181134,23,32,1.0,19,58,0,0,0.7188
10.785070445194592,106.68331340921324,19,27,1.0,19,58,0,0,0.7037
10.7549373008113,106.67848844133415,23,32,1.0,19,58,0,0,0.7188
10.77898143649726,106.67684447140958,26,34,1.0,19,58,0,0,0.7647
10.7671128283867,106.6927618222887,11,20,1.0,19,58,0,0,0.55
10.77847212665258,106.69389510879644,30,41,1.0,19,58,0,0,0.7317
10.796057790235078,106.67492629345334,22,33,1.0,19,58,0,0,0.6667
10.8352982156415,106.72935479345392,34,42,0.99748,19,58,0,0,0.8095
10.777562007197462,106.7041335430398,18,30,1.0,19,58,0,0,0.6
10.83886351241477,106.67566625482782,26,36,1.0,19,58,0,0,0.7222
10.765187049751797,106.67550552599072,24,36,1.0,19,58,0,0,0.6667
10.75948437198232,106.6840537511244,19,28,1.0,19,58,0,0,0.6786
10.865229381280963,106.72366973948476,39,49,1.0,19,58,0,0,0.7959
10.72279213640514,106.72808623948244,25,37,0.998475,19,58,0,0,0.6757
10.823400120373712,106.68551227436063,23,32,1.0,19,58,0,0,0.7188
10.756158554057755,106.66631758181126,21,30,1.0,19,58,0,0,0.7
10.7144382088356,106.73711688366168,25,35,1.0,19,58,0,0,0.7143
10.817236653231737,106.63191539530456,26,35,1.0,19,58,0,0,0.7429
10.772727584493625,106.69804225297564,14,24,1.0,20,0,0,0,0.5833
10.774028664434528,106.70357076461706,16,27,1.0,20,0,0,0,0.5926
10.752616652291238,106.72509685338922,39,39,1.0,20,0,0,0,1.0
10.745754766198267,106.65326266831876,42,42,1.0,20,0,0,0,1.0
10.94927106740351,106.87196348224562,24,42,1.0,20,0,0,0,0.5714
10.78866360854368,106.695513722289,34,41,1.0,20,0,0,0,0.8293
10.801406421807084,106.7114844087968,34,41,1.0,20,0,0,0,0.8293
10.843150534972033,106.6151343241409,27,35,1.0,20,0,0,0,0.7714
10.880537767027526,106.81481342866444,45,53,1.0,20,0,0,0,0.8491
10.740840166521664,106.61899246873142,34,34,1.0,20,0,0,0,1.0
10.798986343749618,106.7269705664684,45,45,1.0,20,0,0,0,1.0
10.741860769464234,106.73790365482628,45,45,1.0,20,0,0,0,1.0
10.752408891679814,106.7022703818112,23,32,1.0,20,0,0,0,0.7188
10.786216596454729,106.71836665482697,40,40,1.0,20,0,0,0,1.0
10.78948793356203,106.7151883818118,36,36,1.0,20,0,0,0,1.0
10.80223925742187,106.6478722259914,32,41,1.0,20,0,0,0,0.7805
10.813928881466124,106.66511432455972,22,34,0.999235,20,0,0,0,0.6471
10.755608615763382,106.67347943578082,18,28,1.0,20,0,0,0,0.6429
10.782680856341084,106.70051548181168,19,30,1.0,20,0,0,0,0.6333
10.754895139302109,106.67839188181134,23,32,1.0,20,0,0,0,0.7188
10.785070445194592,106.68331340921324,15,27,1.0,20,0,0,0,0.5556
10.7549373008113,106.67848844133415,23,32,1.0,20,0,0,0,0.7188
10.77898143649726,106.67684447140958,26,34,1.0,20,0,0,0,0.7647
10.7671128283867,106.6927618222887,11,19,1.0,20,0,0,0,0.5789
10.77847212665258,106.69389510879644,30,41,1.0,20,0,0,0,0.7317
10.796057790235078,106.67492629345334,21,34,1.0,20,0,0,0,0.6176
10.8352982156415,106.72935479345392,34,42,0.997068,20,0,0,0,0.8095
10.777562007197462,106.7041335430398,19,30,1.0,20,0,0,0,0.6333
10.83886351241477,106.67566625482782,27,35,1.0,20,0,0,0,0.7714
10.765187049751797,106.67550552599072,24,35,1.0,20,0,0,0,0.6857
10.75948437198232,106.6840537511244,19,28,1.0,20,0,0,0,0.6786
10.865229381280963,106.72366973948476,38,49,1.0,20,0,0,0,0.7755
10.72279213640514,106.72808623948244,25,37,0.996519,20,0,0,0,0.6757
10.823400120373712,106.68551227436063,21,32,1.0,20,0,0,0,0.6562
10.756158554057755,106.66631758181126,20,29,1.0,20,1,0,0,0.6897
10.7144382088356,106.73711688366168,26,35,1.0,20,1,0,0,0.7429
10.817236653231737,106.63191539530456,27,35,1.0,20,1,0,0,0.7714
10.772727584493625,106.69804225297564,15,24,1.0,20,3,0,0,0.625
10.774028664434528,106.70357076461706,19,27,1.0,20,3,0,0,0.7037
10.752616652291238,106.72509685338922,39,39,1.0,20,3,0,0,1.0
10.745754766198267,106.65326266831876,42,42,1.0,20,3,0,0,1.0
10.94927106740351,106.87196348224562,31,42,1.0,20,3,0,0,0.7381
10.78866360854368,106.695513722289,42,42,1.0,20,3,0,0,1.0
10.801406421807084,106.7114844087968,42,42,1.0,20,3,0,0,1.0
10.843150534972033,106.6151343241409,28,35,1.0,20,3,0,0,0.8
10.880537767027526,106.81481342866444,45,54,1.0,20,3,0,0,0.8333
10.740840166521664,106.61899246873142,34,34,1.0,20,3,0,0,1.0
10.798986343749618,106.7269705664684,45,45,1.0,20,3,0,0,1.0
10.741860769464234,106.73790365482628,45,45,1.0,20,3,0,0,1.0
10.752408891679814,106.7022703818112,26,34,1.0,20,3,0,0,0.7647
10.786216596454729,106.71836665482697,40,40,1.0,20,3,0,0,1.0
10.78948793356203,106.7151883818118,28,36,1.0,20,3,0,0,0.7778
10.80223925742187,106.6478722259914,27,40,1.0,20,3,0,0,0.675
10.813928881466124,106.66511432455972,25,34,0.999528,20,3,0,0,0.7353
10.755608615763382,106.67347943578082,19,28,1.0,20,3,0,0,0.6786
10.782680856341084,106.70051548181168,19,30,1.0,20,3,0,0,0.6333
10.754895139302109,106.67839188181134,22,32,1.0,20,3,0,0,0.6875
10.785070445194592,106.68331340921324,15,27,1.0,20,3,0,0,0.5556
10.7549373008113,106.67848844133415,23,32,1.0,20,3,0,0,0.7188
10.77898143649726,106.67684447140958,26,34,1.0,20,3,0,0,0.7647
10.7671128283867,106.6927618222887,15,20,1.0,20,3,0,0,0.75
10.77847212665258,106.69389510879644,30,41,1.0,20,3,0,0,0.7317
10.796057790235078,106.67492629345334,25,34,0.999528,20,3,0,0,0.7353
10.8352982156415,106.72935479345392,36,42,0.995995,20,3,0,0,0.8571
10.777562007197462,106.7041335430398,19,30,1.0,20,3,0,0,0.6333
10.83886351241477,106.67566625482782,26,36,1.0,20,3,0,0,0.7222
10.765187049751797,106.67550552599072,22,36,1.0,20,3,0,0,0.6111
10.75948437198232,106.6840537511244,19,28,1.0,20,3,0,0,0.6786
10.865229381280963,106.72366973948476,37,49,1.0,20,3,0,0,0.7551
10.72279213640514,106.72808623948244,25,37,0.998601,20,3,0,0,0.6757
10.823400120373712,106.68551227436063,19,31,1.0,20,3,0,0,0.6129
10.756158554057755,106.66631758181126,21,29,1.0,20,3,0,0,0.7241
10.7144382088356,106.73711688366168,26,35,1.0,20,3,0,0,0.7429
10.817236653231737,106.63191539530456,27,35,1.0,20,3,0,0,0.7714
10.772727584493625,106.69804225297564,14,25,1.0,20,5,0,0,0.56
10.774028664434528,106.70357076461706,12,28,1.0,20,5,0,0,0.4286
10.752616652291238,106.72509685338922,39,39,1.0,20,5,0,0,1.0
10.745754766198267,106.65326266831876,42,42,1.0,20,5,0,0,1.0
10.94927106740351,106.87196348224562,31,41,1.0,20,5,0,0,0.7561
10.78866360854368,106.695513722289,42,42,1.0,20,5,0,0,1.0
10.801406421807084,106.7114844087968,42,42,1.0,20,5,0,0,1.0
10.843150534972033,106.6151343241409,27,35,1.0,20,5,0,0,0.7714
10.880537767027526,106.81481342866444,42,53,1.0,20,5,0,0,0.7925
10.740840166521664,106.61899246873142,34,34,1.0,20,5,0,0,1.0
10.798986343749618,106.7269705664684,45,45,1.0,20,5,0,0,1.0
10.741860769464234,106.73790365482628,45,45,1.0,20,5,0,0,1.0
10.752408891679814,106.7022703818112,25,34,1.0,20,6,0,0,0.7353
10.786216596454729,106.71836665482697,40,40,1.0,20,6,0,0,1.0
10.78948793356203,106.7151883818118,36,36,1.0,20,6,0,0,1.0
10.80223925742187,106.6478722259914,27,40,1.0,20,6,0,0,0.675
10.813928881466124,106.66511432455972,22,34,0.998955,20,6,0,0,0.6471
10.755608615763382,106.67347943578082,20,28,0.998951,20,6,0,0,0.7143
10.782680856341084,106.70051548181168,20,30,1.0,20,6,0,0,0.6667
10.754895139302109,106.67839188181134,20,32,1.0,20,6,0,0,0.625
10.785070445194592,106.68331340921324,17,27,1.0,20,7,0,0,0.6296
10.7549373008113,106.67848844133415,20,32,1.0,20,7,0,0,0.625
10.77898143649726,106.67684447140958,23,33,1.0,20,7,0,0,0.697
10.7671128283867,106.6927618222887,14,19,1.0,20,7,0,0,0.7368
10.77847212665258,106.69389510879644,31,41,1.0,20,7,0,0,0.7561
10.796057790235078,106.67492629345334,22,34,0.999427,20,7,0,0,0.6471
10.8352982156415,106.72935479345392,36,42,0.995444,20,7,0,0,0.8571
10.777562007197462,106.7041335430398,20,30,1.0,20,7,0,0,0.6667
10.83886351241477,106.67566625482782,24,35,1.0,20,7,0,0,0.6857
10.765187049751797,106.67550552599072,19,35,1.0,20,7,0,0,0.5429
10.75948437198232,106.6840537511244,20,27,0.998951,20,7,0,0,0.7407
10.865229381280963,106.72366973948476,37,49,1.0,20,7,0,0,0.7551
10.72279213640514,106.72808623948244,26,37,0.998603,20,7,0,0,0.7027
10.823400120373712,106.68551227436063,22,31,1.0,20,7,0,0,0.7097
10.756158554057755,106.66631758181126,20,29,1.0,20,7,0,0,0.6897
10.7144382088356,106.73711688366168,27,36,1.0,20,7,0,0,0.75
10.817236653231737,106.63191539530456,26,34,1.0,20,7,0,0,0.7647
10.772727584493625,106.69804225297564,13,23,1.0,20,9,0,0,0.5652
10.774028664434528,106.70357076461706,16,29,1.0,20,9,0,0,0.5517
10.752616652291238,106.72509685338922,39,39,1.0,20,9,0,0,1.0
10.745754766198267,106.65326266831876,42,42,1.0,20,9,0,0,1.0
10.94927106740351,106.87196348224562,33,41,1.0,20,9,0,0,0.8049
10.78866360854368,106.695513722289,36,41,1.0,20,9,0,0,0.878
10.801406421807084,106.7114844087968,36,41,1.0,20,9,0,0,0.878
10.843150534972033,106.6151343241409,26,35,1.0,20,9,0,0,0.7429
10.880537767027526,106.81481342866444,43,53,1.0,20,9,0,0,0.8113
10.740840166521664,106.61899246873142,29,35,1.0,20,9,0,0,0.8286
10.798986343749618,106.7269705664684,45,45,1.0,20,9,0,0,1.0
10.741860769464234,106.73790365482628,45,45,1.0,20,9,0,0,1.0
10.752408891679814,106.7022703818112,24,34,1.0,20,9,0,0,0.7059
10.786216596454729,106.71836665482697,40,40,1.0,20,9,0,0,1.0
10.78948793356203,106.7151883818118,36,36,1.0,20,10,0,0,1.0
10.80223925742187,106.6478722259914,28,41,1.0,20,10,0,0,0.6829
10.813928881466124,106.66511432455972,23,33,0.999713,20,10,0,0,0.697
10.755608615763382,106.67347943578082,19,27,1.0,20,10,0,0,0.7037
10.782680856341084,106.70051548181168,19,30,1.0,20,10,0,0,0.6333
10.754895139302109,106.67839188181134,22,32,1.0,20,10,0,0,0.6875
10.785070445194592,106.68331340921324,19,27,1.0,20,10,0,0,0.7037
10.7549373008113,106.67848844133415,22,32,1.0,20,10,0,0,0.6875
10.77898143649726,106.67684447140958,23,34,1.0,20,10,0,0,0.6765
10.7671128283867,106.6927618222887,10,19,1.0,20,10,0,0,0.5263
10.77847212665258,106.69389510879644,32,42,1.0,20,10,0,0,0.7619
10.796057790235078,106.67492629345334,23,33,0.999713,20,10,0,0,0.697
10.8352982156415,106.72935479345392,34,42,0.99621,20,10,0,0,0.8095
10.777562007197462,106.7041335430398,19,30,1.0,20,10,0,0,0.6333
10.83886351241477,106.67566625482782,26,35,1.0,20,10,0,0,0.7429
10.765187049751797,106.67550552599072,27,36,1.0,20,10,0,0,0.75
10.75948437198232,106.6840537511244,20,28,1.0,20,10,0,0,0.7143
10.865229381280963,106.72366973948476,36,49,1.0,20,10,0,0,0.7347
10.72279213640514,106.72808623948244,26,37,0.998403,20,10,0,0,0.7027
10.823400120373712,106.68551227436063,22,31,1.0,20,10,0,0,0.7097
10.756158554057755,106.66631758181126,23,29,1.0,20,10,0,0,0.7931
10.7144382088356,106.73711688366168,26,35,1.0,20,11,0,0,0.7429
10.817236653231737,106.63191539530456,25,34,1.0,20,11,0,0,0.7353
10.772727584493625,106.69804225297564,15,24,1.0,20,13,0,0,0.625
10.774028664434528,106.70357076461706,14,26,1.0,20,13,0,0,0.5385
10.752616652291238,106.72509685338922,39,39,1.0,20,13,0,0,1.0
10.745754766198267,106.65326266831876,42,42,1.0,20,13,0,0,1.0
10.94927106740351,106.87196348224562,42,42,1.0,20,13,0,0,1.0
10.78866360854368,106.695513722289,34,41,1.0,20,13,0,0,0.8293
10.801406421807084,106.7114844087968,34,41,1.0,20,13,0,0,0.8293
10.843150534972033,106.6151343241409,25,35,1.0,20,13,0,0,0.7143
10.880537767027526,106.81481342866444,43,53,1.0,20,13,0,0,0.8113
10.740840166521664,106.61899246873142,34,34,1.0,20,13,0,0,1.0
10.798986343749618,106.7269705664684,45,45,1.0,20,13,0,0,1.0
10.741860769464234,106.73790365482628,45,45,1.0,20,13,0,0,1.0
10.752408891679814,106.7022703818112,25,34,1.0,20,13,0,0,0.7353
10.786216596454729,106.71836665482697,40,40,1.0,20,13,0,0,1.0
10.78948793356203,106.7151883818118,36,36,1.0,20,13,0,0,1.0
10.80223925742187,106.6478722259914,28,41,1.0,20,13,0,0,0.6829
10.813928881466124,106.66511432455972,23,34,1.0,20,13,0,0,0.6765
10.755608615763382,106.67347943578082,18,27,1.0,20,13,0,0,0.6667
10.782680856341084,106.70051548181168,20,30,1.0,20,13,0,0,0.6667
10.754895139302109,106.67839188181134,21,32,1.0,20,14,0,0,0.6562
10.785070445194592,106.68331340921324,19,27,1.0,20,14,0,0,0.7037
10.7549373008113,106.67848844133415,22,32,1.0,20,14,0,0,0.6875
10.77898143649726,106.67684447140958,21,34,1.0,20,14,0,0,0.6176
10.7671128283867,106.6927618222887,9,19,1.0,20,14,0,0,0.4737
10.77847212665258,106.69389510879644,31,42,1.0,20,14,0,0,0.7381
10.796057790235078,106.67492629345334,24,34,1.0,20,14,0,0,0.7059
10.8352982156415,106.72935479345392,35,42,0.996743,20,14,0,0,0.8333
10.777562007197462,106.7041335430398,20,30,1.0,20,14,0,0,0.6667
10.83886351241477,106.67566625482782,26,35,1.0,20,14,0,0,0.7429
10.765187049751797,106.67550552599072,23,35,1.0,20,14,0,0,0.6571
10.75948437198232,106.6840537511244,19,27,1.0,20,14,0,0,0.7037
10.865229381280963,106.72366973948476,35,49,1.0,20,14,0,0,0.7143
10.72279213640514,106.72808623948244,26,37,0.997705,20,14,0,0,0.7027
10.823400120373712,106.68551227436063,22,31,1.0,20,14,0,0,0.7097
10.756158554057755,106.66631758181126,20,29,1.0,20,14,0,0,0.6897
10.7144382088356,106.73711688366168,26,35,1.0,20,14,0,0,0.7429
10.817236653231737,106.63191539530456,25,35,1.0,20,14,0,0,0.7143
10.772727584493625,106.69804225297564,13,23,1.0,20,16,0,0,0.5652
10.774028664434528,106.70357076461706,14,27,1.0,20,16,0,0,0.5185
10.752616652291238,106.72509685338922,39,39,1.0,20,16,0,0,1.0
10.745754766198267,106.65326266831876,42,42,1.0,20,16,0,0,1.0
10.94927106740351,106.87196348224562,32,42,1.0,20,16,0,0,0.7619
10.78866360854368,106.695513722289,42,42,1.0,20,16,0,0,1.0
10.801406421807084,106.7114844087968,42,42,1.0,20,17,0,0,1.0
10.843150534972033,106.6151343241409,24,34,1.0,20,17,0,0,0.7059
10.880537767027526,106.81481342866444,46,53,1.0,20,17,0,0,0.8679
10.740840166521664,106.61899246873142,34,34,1.0,20,17,0,0,1.0
10.798986343749618,106.7269705664684,45,45,1.0,20,17,0,0,1.0
10.741860769464234,106.73790365482628,45,45,1.0,20,17,0,0,1.0
10.752408891679814,106.7022703818112,25,34,1.0,20,17,0,0,0.7353
10.786216596454729,106.71836665482697,40,40,1.0,20,17,0,0,1.0
10.78948793356203,106.7151883818118,36,36,1.0,20,17,0,0,1.0
10.80223925742187,106.6478722259914,27,41,1.0,20,17,0,0,0.6585
10.813928881466124,106.66511432455972,23,33,1.0,20,17,0,0,0.697
10.755608615763382,106.67347943578082,20,28,1.0,20,17,0,0,0.7143
10.782680856341084,106.70051548181168,19,30,1.0,20,17,0,0,0.6333
10.754895139302109,106.67839188181134,22,32,1.0,20,17,0,0,0.6875
10.785070445194592,106.68331340921324,17,28,1.0,20,17,0,0,0.6071
10.7549373008113,106.67848844133415,22,32,1.0,20,17,0,0,0.6875
10.77898143649726,106.67684447140958,21,33,1.0,20,18,0,0,0.6364
10.7671128283867,106.6927618222887,7,20,1.0,20,18,0,0,0.35
10.77847212665258,106.69389510879644,32,41,1.0,20,18,0,0,0.7805
10.796057790235078,106.67492629345334,23,33,1.0,20,18,0,0,0.697
10.8352982156415,106.72935479345392,34,42,0.996571,20,18,0,0,0.8095
10.777562007197462,106.7041335430398,19,30,1.0,20,18,0,0,0.6333
10.83886351241477,106.67566625482782,26,35,1.0,20,18,0,0,0.7429
10.765187049751797,106.67550552599072,23,36,1.0,20,18,0,0,0.6389
10.75948437198232,106.6840537511244,17,27,1.0,20,18,0,0,0.6296
10.865229381280963,106.72366973948476,38,49,1.0,20,18,0,0,0.7755
10.72279213640514,106.72808623948244,26,37,1.0,20,18,0,0,0.7027
10.823400120373712,106.68551227436063,23,32,1.0,20,18,0,0,0.7188
10.756158554057755,106.66631758181126,22,29,1.0,20,18,0,0,0.7586
10.7144382088356,106.73711688366168,27,35,1.0,20,19,0,0,0.7714
10.817236653231737,106.63191539530456,26,34,1.0,20,19,0,0,0.7647
10.772727584493625,106.69804225297564,13,24,1.0,20,21,0,0,0.5417
10.774028664434528,106.70357076461706,15,28,1.0,20,21,0,0,0.5357
10.752616652291238,106.72509685338922,39,39,1.0,20,21,0,0,1.0
10.745754766198267,106.65326266831876,42,42,1.0,20,21,0,0,1.0
10.94927106740351,106.87196348224562,25,41,1.0,20,21,0,0,0.6098
10.78866360854368,106.695513722289,42,42,1.0,20,21,0,0,1.0
10.801406421807084,106.7114844087968,42,42,1.0,20,21,0,0,1.0
10.843150534972033,106.6151343241409,26,35,1.0,20,21,0,0,0.7429
10.880537767027526,106.81481342866444,46,53,1.0,20,21,0,0,0.8679
10.740840166521664,106.61899246873142,29,35,1.0,20,21,0,0,0.8286
10.798986343749618,106.7269705664684,45,45,1.0,20,21,0,0,1.0
10.741860769464234,106.73790365482628,45,45,1.0,20,21,0,0,1.0
10.752408891679814,106.7022703818112,24,33,1.0,20,21,0,0,0.7273
10.786216596454729,106.71836665482697,40,40,1.0,20,21,0,0,1.0
10.78948793356203,106.7151883818118,36,36,1.0,20,21,0,0,1.0
10.80223925742187,106.6478722259914,28,40,1.0,20,21,0,0,0.7
10.813928881466124,106.66511432455972,23,33,1.0,20,21,0,0,0.697
10.755608615763382,106.67347943578082,19,28,1.0,20,21,0,0,0.6786
10.782680856341084,106.70051548181168,18,30,1.0,20,21,0,0,0.6
10.754895139302109,106.67839188181134,22,32,1.0,20,21,0,0,0.6875
10.785070445194592,106.68331340921324,20,28,1.0,20,21,0,0,0.7143
10.7549373008113,106.67848844133415,22,32,1.0,20,22,0,0,0.6875
10.77898143649726,106.67684447140958,23,34,1.0,20,22,0,0,0.6765
10.7671128283867,106.6927618222887,12,20,1.0,20,22,0,0,0.6
10.77847212665258,106.69389510879644,32,41,1.0,20,22,0,0,0.7805
10.796057790235078,106.67492629345334,23,33,1.0,20,22,0,0,0.697
10.8352982156415,106.72935479345392,32,42,0.996578,20,22,0,0,0.7619
10.777562007197462,106.7041335430398,19,30,1.0,20,22,0,0,0.6333
10.83886351241477,106.67566625482782,27,35,1.0,20,22,0,0,0.7714
10.765187049751797,106.67550552599072,26,36,1.0,20,22,0,0,0.7222
10.75948437198232,106.6840537511244,20,28,1.0,20,22,0,0,0.7143
10.865229381280963,106.72366973948476,37,49,1.0,20,22,0,0,0.7551
10.72279213640514,106.72808623948244,26,37,0.997702,20,22,0,0,0.7027
10.823400120373712,106.68551227436063,19,32,1.0,20,22,0,0,0.5938
10.756158554057755,106.66631758181126,23,29,1.0,20,22,0,0,0.7931
10.7144382088356,106.73711688366168,26,35,1.0,20,22,0,0,0.7429
10.817236653231737,106.63191539530456,26,34,1.0,20,22,0,0,0.7647
10.772727584493625,106.69804225297564,13,23,1.0,20,24,0,0,0.5652
10.774028664434528,106.70357076461706,13,29,1.0,20,24,0,0,0.4483
10.752616652291238,106.72509685338922,39,39,1.0,20,25,0,0,1.0
10.745754766198267,106.65326266831876,42,42,1.0,20,25,0,0,1.0
10.94927106740351,106.87196348224562,35,41,1.0,20,25,0,0,0.8537
10.78866360854368,106.695513722289,35,41,1.0,20,25,0,0,0.8537
10.801406421807084,106.7114844087968,42,42,1.0,20,25,0,0,1.0
10.843150534972033,106.6151343241409,27,35,1.0,20,25,0,0,0.7714
10.880537767027526,106.81481342866444,45,53,1.0,20,25,0,0,0.8491
10.740840166521664,106.61899246873142,34,34,1.0,20,25,0,0,1.0
10.798986343749618,106.7269705664684,45,45,1.0,20,25,0,0,1.0
10.741860769464234,106.73790365482628,37,44,1.0,20,25,0,0,0.8409
10.752408891679814,106.7022703818112,24,33,1.0,20,25,0,0,0.7273
10.786216596454729,106.71836665482697,40,40,1.0,20,25,0,0,1.0
10.78948793356203,106.7151883818118,36,36,1.0,20,25,0,0,1.0
10.80223925742187,106.6478722259914,31,41,1.0,20,25,0,0,0.7561
10.813928881466124,106.66511432455972,23,34,1.0,20,25,0,0,0.6765
10.755608615763382,106.67347943578082,19,28,1.0,20,25,0,0,0.6786
10.782680856341084,106.70051548181168,17,30,1.0,20,25,0,0,0.5667
10.754895139302109,106.67839188181134,22,32,1.0,20,25,0,0,0.6875
10.785070445194592,106.68331340921324,18,28,1.0,20,25,0,0,0.6429
10.7549373008113,106.67848844133415,22,32,1.0,20,25,0,0,0.6875
10.77898143649726,106.67684447140958,24,34,1.0,20,25,0,0,0.7059
10.7671128283867,106.6927618222887,12,19,1.0,20,25,0,0,0.6316
10.77847212665258,106.69389510879644,32,41,1.0,20,25,0,0,0.7805
10.796057790235078,106.67492629345334,23,34,1.0,20,25,0,0,0.6765
10.8352982156415,106.72935479345392,32,42,0.996818,20,25,0,0,0.7619
10.777562007197462,106.7041335430398,18,30,1.0,20,25,0,0,0.6
10.83886351241477,106.67566625482782,26,36,1.0,20,26,0,0,0.7222
10.765187049751797,106.67550552599072,23,35,1.0,20,26,0,0,0.6571
10.75948437198232,106.6840537511244,20,27,1.0,20,26,0,0,0.7407
10.865229381280963,106.72366973948476,38,49,1.0,20,26,0,0,0.7755
10.72279213640514,106.72808623948244,25,36,0.999025,20,26,0,0,0.6944
10.823400120373712,106.68551227436063,23,31,1.0,20,26,0,0,0.7419
10.756158554057755,106.66631758181126,22,30,1.0,20,26,0,0,0.7333
10.7144382088356,106.73711688366168,26,35,1.0,20,26,0,0,0.7429
10.817236653231737,106.63191539530456,26,35,1.0,20,26,0,0,0.7429
10.772727584493625,106.69804225297564,13,24,1.0,20,28,0,0,0.5417
10.774028664434528,106.70357076461706,14,28,1.0,20,28,0,0,0.5
10.752616652291238,106.72509685338922,37,42,1.0,20,28,0,0,0.881
10.745754766198267,106.65326266831876,42,42,1.0,20,28,0,0,1.0
10.94927106740351,106.87196348224562,25,40,1.0,20,28,0,0,0.625
10.78866360854368,106.695513722289,36,42,1.0,20,28,0,0,0.8571
10.801406421807084,106.7114844087968,36,42,1.0,20,29,0,0,0.8571
10.843150534972033,106.6151343241409,26,34,1.0,20,29,0,0,0.7647
10.880537767027526,106.81481342866444,46,53,1.0,20,29,0,0,0.8679
10.740840166521664,106.61899246873142,34,34,1.0,20,29,0,0,1.0
10.798986343749618,106.7269705664684,45,45,1.0,20,29,0,0,1.0
10.741860769464234,106.73790365482628,36,45,1.0,20,29,0,0,0.8
10.752408891679814,106.7022703818112,28,34,1.0,20,29,0,0,0.8235
10.786216596454729,106.71836665482697,40,40,1.0,20,29,0,0,1.0
10.78948793356203,106.7151883818118,36,36,1.0,20,29,0,0,1.0
10.80223925742187,106.6478722259914,30,41,1.0,20,30,0,0,0.7317
10.813928881466124,106.66511432455972,24,34,0.999713,20,30,0,0,0.7059
10.755608615763382,106.67347943578082,20,28,1.0,20,30,0,0,0.7143
10.782680856341084,106.70051548181168,19,30,1.0,20,30,0,0,0.6333
10.754895139302109,106.67839188181134,24,33,1.0,20,30,0,0,0.7273
10.785070445194592,106.68331340921324,18,28,1.0,20,30,0,0,0.6429
10.7549373008113,106.67848844133415,24,33,1.0,20,30,0,0,0.7273
10.77898143649726,106.67684447140958,24,34,1.0,20,30,0,0,0.7059
10.7671128283867,106.6927618222887,7,20,1.0,20,30,0,0,0.35
10.77847212665258,106.69389510879644,31,42,1.0,20,30,0,0,0.7381
10.796057790235078,106.67492629345334,23,33,0.999713,20,30,0,0,0.697
10.8352982156415,106.72935479345392,32,42,0.99703,20,30,0,0,0.7619
10.777562007197462,106.7041335430398,20,30,1.0,20,31,0,0,0.6667
10.83886351241477,106.67566625482782,27,36,1.0,20,31,0,0,0.75
10.765187049751797,106.67550552599072,24,36,1.0,20,31,0,0,0.6667
10.75948437198232,106.6840537511244,20,27,1.0,20,31,0,0,0.7407
10.865229381280963,106.72366973948476,37,48,1.0,20,31,0,0,0.7708
10.72279213640514,106.72808623948244,26,37,0.996822,20,31,0,0,0.7027
10.823400120373712,106.68551227436063,21,31,1.0,20,31,0,0,0.6774
10.756158554057755,106.66631758181126,30,30,1.0,20,31,0,0,1.0
10.7144382088356,106.73711688366168,27,35,1.0,20,31,0,0,0.7714
10.817236653231737,106.63191539530456,25,35,1.0,20,31,0,0,0.7143
10.772727584493625,106.69804225297564,14,24,1.0,20,33,0,0,0.5833
10.774028664434528,106.70357076461706,14,28,1.0,20,33,0,0,0.5
10.752616652291238,106.72509685338922,39,39,1.0,20,33,0,0,1.0
10.745754766198267,106.65326266831876,42,42,1.0,20,34,0,0,1.0
10.94927106740351,106.87196348224562,28,42,1.0,20,34,0,0,0.6667
10.78866360854368,106.695513722289,42,42,1.0,20,34,0,0,1.0
10.801406421807084,106.7114844087968,42,42,1.0,20,34,0,0,1.0
10.843150534972033,106.6151343241409,24,35,1.0,20,34,0,0,0.6857
10.880537767027526,106.81481342866444,47,54,1.0,20,34,0,0,0.8704
10.740840166521664,106.61899246873142,29,35,1.0,20,34,0,0,0.8286
10.798986343749618,106.7269705664684,35,45,1.0,20,34,0,0,0.7778
10.741860769464234,106.73790365482628,45,45,1.0,20,34,0,0,1.0
10.752408891679814,106.7022703818112,27,34,1.0,20,34,0,0,0.7941
10.786216596454729,106.71836665482697,40,40,1.0,20,34,0,0,1.0
10.78948793356203,106.7151883818118,36,36,1.0,20,34,0,0,1.0
10.80223925742187,106.6478722259914,30,41,1.0,20,34,0,0,0.7317
10.813928881466124,106.66511432455972,25,33,1.0,20,34,0,0,0.7576
10.755608615763382,106.67347943578082,17,28,0.998939,20,35,0,0,0.6071
10.782680856341084,106.70051548181168,20,30,1.0,20,35,0,0,0.6667
10.754895139302109,106.67839188181134,25,32,1.0,20,35,0,0,0.7812
10.785070445194592,106.68331340921324,20,28,1.0,20,35,0,0,0.7143
10.7549373008113,106.67848844133415,25,32,1.0,20,35,0,0,0.7812
10.77898143649726,106.67684447140958,24,34,1.0,20,35,0,0,0.7059
10.7671128283867,106.6927618222887,8,20,1.0,20,35,0,0,0.4
10.77847212665258,106.69389510879644,32,41,1.0,20,35,0,0,0.7805
10.796057790235078,106.67492629345334,25,33,1.0,20,35,0,0,0.7576
10.8352982156415,106.72935479345392,32,42,0.997056,20,35,0,0,0.7619
10.777562007197462,106.7041335430398,20,30,1.0,20,35,0,0,0.6667
10.83886351241477,106.67566625482782,26,36,1.0,20,35,0,0,0.7222
10.765187049751797,106.67550552599072,36,36,1.0,20,35,0,0,1.0
10.75948437198232,106.6840537511244,18,28,0.998943,20,35,0,0,0.6429
10.865229381280963,106.72366973948476,37,49,1.0,20,36,0,0,0.7551
10.72279213640514,106.72808623948244,26,36,0.996317,20,36,0,0,0.7222
10.823400120373712,106.68551227436063,23,31,1.0,20,36,0,0,0.7419
10.756158554057755,106.66631758181126,30,30,1.0,20,36,0,0,1.0
10.7144382088356,106.73711688366168,27,35,1.0,20,36,0,0,0.7714
10.817236653231737,106.63191539530456,26,34,1.0,20,36,0,0,0.7647
10.772727584493625,106.69804225297564,13,24,1.0,20,38,0,0,0.5417
10.774028664434528,106.70357076461706,15,27,1.0,20,38,0,0,0.5556
10.752616652291238,106.72509685338922,39,39,1.0,20,38,0,0,1.0
10.745754766198267,106.65326266831876,42,42,1.0,20,38,0,0,1.0
10.94927106740351,106.87196348224562,30,41,1.0,20,38,0,0,0.7317
10.78866360854368,106.695513722289,34,42,1.0,20,38,0,0,0.8095
10.801406421807084,106.7114844087968,34,42,1.0,20,38,0,0,0.8095
10.843150534972033,106.6151343241409,27,35,1.0,20,38,0,0,0.7714
10.880537767027526,106.81481342866444,46,53,1.0,20,38,0,0,0.8679
10.740840166521664,106.61899246873142,29,35,1.0,20,38,0,0,0.8286
10.798986343749618,106.7269705664684,45,45,1.0,20,38,0,0,1.0
10.741860769464234,106.73790365482628,36,44,1.0,20,38,0,0,0.8182
10.752408891679814,106.7022703818112,33,33,1.0,20,38,0,0,1.0
10.786216596454729,106.71836665482697,40,40,1.0,20,38,0,0,1.0
10.78948793356203,106.7151883818118,36,36,1.0,20,39,0,0,1.0
10.80223925742187,106.6478722259914,30,41,1.0,20,39,0,0,0.7317
10.813928881466124,106.66511432455972,24,33,0.999713,20,39,0,0,0.7273
10.755608615763382,106.67347943578082,18,28,1.0,20,39,0,0,0.6429
10.782680856341084,106.70051548181168,20,30,1.0,20,39,0,0,0.6667
10.754895139302109,106.67839188181134,22,32,1.0,20,39,0,0,0.6875
10.785070445194592,106.68331340921324,16,28,1.0,20,39,0,0,0.5714
10.7549373008113,106.67848844133415,22,32,1.0,20,39,0,0,0.6875
10.77898143649726,106.67684447140958,25,34,1.0,20,39,0,0,0.7353
10.7671128283867,106.6927618222887,10,19,1.0,20,39,0,0,0.5263
10.77847212665258,106.69389510879644,31,41,1.0,20,39,0,0,0.7561
10.796057790235078,106.67492629345334,25,34,1.0,20,39,0,0,0.7353
10.8352982156415,106.72935479345392,32,42,0.996817,20,39,0,0,0.7619
10.777562007197462,106.7041335430398,20,30,1.0,20,39,0,0,0.6667
10.83886351241477,106.67566625482782,26,36,1.0,20,40,0,0,0.7222
10.765187049751797,106.67550552599072,27,36,1.0,20,40,0,0,0.75
10.75948437198232,106.6840537511244,19,28,1.0,20,40,0,0,0.6786
10.865229381280963,106.72366973948476,37,49,1.0,20,40,0,0,0.7551
10.72279213640514,106.72808623948244,27,37,0.997754,20,40,0,0,0.7297
10.823400120373712,106.68551227436063,24,31,1.0,20,40,0,0,0.7742
10.756158554057755,106.66631758181126,26,29,1.0,20,40,0,0,0.8966
10.7144382088356,106.73711688366168,26,35,1.0,20,40,0,0,0.7429
10.817236653231737,106.63191539530456,27,35,1.0,20,40,0,0,0.7714
10.772727584493625,106.69804225297564,13,24,1.0,20,42,0,0,0.5417
10.774028664434528,106.70357076461706,13,28,1.0,20,42,0,0,0.4643
10.752616652291238,106.72509685338922,39,39,1.0,20,42,0,0,1.0
10.745754766198267,106.65326266831876,38,43,1.0,20,42,0,0,0.8837
10.94927106740351,106.87196348224562,33,42,1.0,20,42,0,0,0.7857
10.78866360854368,106.695513722289,34,42,1.0,20,42,0,0,0.8095
10.801406421807084,106.7114844087968,34,42,1.0,20,42,0,0,0.8095
10.843150534972033,106.6151343241409,26,35,1.0,20,42,0,0,0.7429
10.880537767027526,106.81481342866444,46,53,1.0,20,42,0,0,0.8679
10.740840166521664,106.61899246873142,34,34,1.0,20,43,0,0,1.0
10.798986343749618,106.7269705664684,45,45,1.0,20,43,0,0,1.0
10.741860769464234,106.73790365482628,45,45,1.0,20,43,0,0,1.0
10.752408891679814,106.7022703818112,26,33,1.0,20,43,0,0,0.7879
10.786216596454729,106.71836665482697,40,40,1.0,20,43,0,0,1.0
10.78948793356203,106.7151883818118,36,36,1.0,20,43,0,0,1.0
10.80223925742187,106.6478722259914,32,41,1.0,20,43,0,0,0.7805
10.813928881466124,106.66511432455972,25,34,1.0,20,43,0,0,0.7353
10.755608615763382,106.67347943578082,17,28,1.0,20,43,0,0,0.6071
10.782680856341084,106.70051548181168,20,31,1.0,20,43,0,0,0.6452
10.754895139302109,106.67839188181134,23,31,1.0,20,43,0,0,0.7419
10.785070445194592,106.68331340921324,19,27,1.0,20,43,0,0,0.7037
10.7549373008113,106.67848844133415,23,31,1.0,20,43,0,0,0.7419
10.77898143649726,106.67684447140958,26,34,1.0,20,43,0,0,0.7647
10.7671128283867,106.6927618222887,9,20,1.0,20,43,0,0,0.45
10.77847212665258,106.69389510879644,31,41,1.0,20,43,0,0,0.7561
10.796057790235078,106.67492629345334,25,33,1.0,20,43,0,0,0.7576
10.8352982156415,106.72935479345392,34,42,0.995949,20,43,0,0,0.8095
10.777562007197462,106.7041335430398,20,30,1.0,20,43,0,0,0.6667
10.83886351241477,106.67566625482782,26,35,1.0,20,43,0,0,0.7429
10.765187049751797,106.67550552599072,26,36,1.0,20,43,0,0,0.7222
10.75948437198232,106.6840537511244,19,27,0.997069,20,43,0,0,0.7037
10.865229381280963,106.72366973948476,38,49,1.0,20,43,0,0,0.7755
10.72279213640514,106.72808623948244,27,37,0.997961,20,43,0,0,0.7297
10.823400120373712,106.68551227436063,23,31,1.0,20,43,0,0,0.7419
10.756158554057755,106.66631758181126,30,30,1.0,20,43,0,0,1.0
10.7144382088356,106.73711688366168,27,35,1.0,20,44,0,0,0.7714
10.817236653231737,106.63191539530456,25,35,1.0,20,44,0,0,0.7143
10.772727584493625,106.69804225297564,12,24,1.0,20,46,0,0,0.5
10.774028664434528,106.70357076461706,12,28,1.0,20,46,0,0,0.4286
10.752616652291238,106.72509685338922,39,39,1.0,20,46,0,0,1.0
10.745754766198267,106.65326266831876,42,42,1.0,20,46,0,0,1.0
10.94927106740351,106.87196348224562,42,42,1.0,20,46,0,0,1.0
10.78866360854368,106.695513722289,35,41,1.0,20,46,0,0,0.8537
10.801406421807084,106.7114844087968,35,41,1.0,20,46,0,0,0.8537
10.843150534972033,106.6151343241409,26,35,1.0,20,46,0,0,0.7429
10.880537767027526,106.81481342866444,47,54,1.0,20,46,0,0,0.8704
10.740840166521664,106.61899246873142,34,34,1.0,20,46,0,0,1.0
10.798986343749618,106.7269705664684,45,45,1.0,20,46,0,0,1.0
10.741860769464234,106.73790365482628,38,44,1.0,20,46,0,0,0.8636
10.752408891679814,106.7022703818112,25,33,1.0,20,46,0,0,0.7576
10.786216596454729,106.71836665482697,40,40,1.0,20,46,0,0,1.0
10.78948793356203,106.7151883818118,36,36,1.0,20,46,0,0,1.0
10.80223925742187,106.6478722259914,30,40,1.0,20,46,0,0,0.75
10.813928881466124,106.66511432455972,24,34,0.999265,20,47,0,0,0.7059
10.755608615763382,106.67347943578082,18,28,0.997061,20,47,0,0,0.6429
10.782680856341084,106.70051548181168,20,30,1.0,20,47,0,0,0.6667
10.754895139302109,106.67839188181134,22,32,1.0,20,47,0,0,0.6875
10.785070445194592,106.68331340921324,16,26,1.0,20,47,0,0,0.6154
10.7549373008113,106.67848844133415,22,32,1.0,20,47,0,0,0.6875
10.77898143649726,106.67684447140958,25,34,1.0,20,47,0,0,0.7353
10.7671128283867,106.6927618222887,7,20,1.0,20,47,0,0,0.35
10.77847212665258,106.69389510879644,32,42,1.0,20,47,0,0,0.7619
10.796057790235078,106.67492629345334,24,34,0.999265,20,47,0,0,0.7059
10.8352982156415,106.72935479345392,34,42,0.995431,20,47,0,0,0.8095
10.777562007197462,106.7041335430398,19,30,1.0,20,47,0,0,0.6333
10.83886351241477,106.67566625482782,27,35,1.0,20,47,0,0,0.7714
10.765187049751797,106.67550552599072,23,36,1.0,20,47,0,0,0.6389
10.75948437198232,106.6840537511244,15,26,0.995817,20,47,0,0,0.5769
10.865229381280963,106.72366973948476,37,49,1.0,20,47,0,0,0.7551
10.72279213640514,106.72808623948244,26,37,1.0,20,48,0,0,0.7027
10.823400120373712,106.68551227436063,25,31,1.0,20,48,0,0,0.8065
10.756158554057755,106.66631758181126,23,29,1.0,20,48,0,0,0.7931
10.7144382088356,106.73711688366168,27,35,1.0,20,48,0,0,0.7714
10.817236653231737,106.63191539530456,25,34,1.0,20,48,0,0,0.7353
10.772727584493625,106.69804225297564,14,24,1.0,20,50,0,0,0.5833
10.774028664434528,106.70357076461706,11,28,1.0,20,50,0,0,0.3929
10.752616652291238,106.72509685338922,39,39,1.0,20,50,0,0,1.0
10.745754766198267,106.65326266831876,42,42,1.0,20,50,0,0,1.0
10.94927106740351,106.87196348224562,32,41,1.0,20,50,0,0,0.7805
10.78866360854368,106.695513722289,36,42,1.0,20,50,0,0,0.8571
10.801406421807084,106.7114844087968,36,42,1.0,20,50,0,0,0.8571
10.843150534972033,106.6151343241409,26,35,1.0,20,50,0,0,0.7429
10.880537767027526,106.81481342866444,47,54,1.0,20,50,0,0,0.8704
10.740840166521664,106.61899246873142,34,34,1.0,20,50,0,0,1.0
10.798986343749618,106.7269705664684,45,45,1.0,20,50,0,0,1.0
10.741860769464234,106.73790365482628,36,44,1.0,20,50,0,0,0.8182
10.752408891679814,106.7022703818112,24,34,1.0,20,50,0,0,0.7059
10.786216596454729,106.71836665482697,40,40,1.0,20,51,0,0,1.0
10.78948793356203,106.7151883818118,36,36,1.0,20,51,0,0,1.0
10.80223925742187,106.6478722259914,30,40,1.0,20,51,0,0,0.75
10.813928881466124,106.66511432455972,25,33,1.0,20,51,0,0,0.7576
10.755608615763382,106.67347943578082,19,28,1.0,20,51,0,0,0.6786
10.782680856341084,106.70051548181168,19,31,1.0,20,51,0,0,0.6129
10.754895139302109,106.67839188181134,24,32,1.0,20,51,0,0,0.75
10.785070445194592,106.68331340921324,17,27,1.0,20,51,0,0,0.6296
10.7549373008113,106.67848844133415,24,32,1.0,20,51,0,0,0.75
10.77898143649726,106.67684447140958,26,33,1.0,20,51,0,0,0.7879
10.7671128283867,106.6927618222887,11,19,1.0,20,51,0,0,0.5789
10.77847212665258,106.69389510879644,31,41,1.0,20,51,0,0,0.7561
10.796057790235078,106.67492629345334,24,34,1.0,20,51,0,0,0.7059
10.8352982156415,106.72935479345392,36,42,0.996244,20,52,0,0,0.8571
10.777562007197462,106.7041335430398,19,30,1.0,20,52,0,0,0.6333
10.83886351241477,106.67566625482782,36,36,1.0,20,52,0,0,1.0
10.765187049751797,106.67550552599072,26,36,1.0,20,52,0,0,0.7222
10.75948437198232,106.6840537511244,18,27,0.997894,20,52,0,0,0.6667
10.865229381280963,106.72366973948476,39,49,1.0,20,52,0,0,0.7959
10.72279213640514,106.72808623948244,28,37,1.0,20,52,0,0,0.7568
10.823400120373712,106.68551227436063,24,31,1.0,20,52,0,0,0.7742
10.756158554057755,106.66631758181126,24,29,1.0,20,52,0,0,0.8276
10.7144382088356,106.73711688366168,27,35,0.999863,20,52,0,0,0.7714
10.817236653231737,106.63191539530456,27,35,1.0,20,52,0,0,0.7714
10.772727584493625,106.69804225297564,14,25,1.0,20,55,0,0,0.56
10.774028664434528,106.70357076461706,14,28,1.0,20,55,0,0,0.5
10.752616652291238,106.72509685338922,39,39,1.0,20,55,0,0,1.0
10.745754766198267,106.65326266831876,42,42,1.0,20,55,0,0,1.0
10.94927106740351,106.87196348224562,42,42,1.0,20,55,0,0,1.0
10.78866360854368,106.695513722289,42,42,1.0,20,55,0,0,1.0
10.801406421807084,106.7114844087968,42,42,1.0,20,55,0,0,1.0
10.843150534972033,106.6151343241409,27,35,1.0,20,55,0,0,0.7714
10.880537767027526,106.81481342866444,47,53,1.0,20,55,0,0,0.8868
10.740840166521664,106.61899246873142,34,34,1.0,20,55,0,0,1.0
10.798986343749618,106.7269705664684,45,45,1.0,20,55,0,0,1.0
10.741860769464234,106.73790365482628,45,45,1.0,20,55,0,0,1.0
10.752408891679814,106.7022703818112,25,34,1.0,20,55,0,0,0.7353
10.786216596454729,106.71836665482697,40,40,1.0,20,55,0,0,1.0
10.78948793356203,106.7151883818118,36,36,1.0,20,55,0,0,1.0
10.80223925742187,106.6478722259914,31,40,1.0,20,55,0,0,0.775
10.813928881466124,106.66511432455972,24,33,1.0,20,55,0,0,0.7273
10.755608615763382,106.67347943578082,15,27,1.0,20,55,0,0,0.5556
10.782680856341084,106.70051548181168,19,30,1.0,20,55,0,0,0.6333
10.754895139302109,106.67839188181134,23,32,1.0,20,55,0,0,0.7188
10.785070445194592,106.68331340921324,22,28,1.0,20,55,0,0,0.7857
10.7549373008113,106.67848844133415,23,32,1.0,20,55,0,0,0.7188
10.77898143649726,106.67684447140958,26,35,1.0,20,55,0,0,0.7429
10.7671128283867,106.6927618222887,9,20,1.0,20,55,0,0,0.45
10.77847212665258,106.69389510879644,32,42,1.0,20,55,0,0,0.7619
10.796057790235078,106.67492629345334,25,34,1.0,20,55,0,0,0.7353
10.8352982156415,106.72935479345392,42,42,1.0,20,56,0,0,1.0
10.777562007197462,106.7041335430398,19,30,1.0,20,56,0,0,0.6333
10.83886351241477,106.67566625482782,36,36,1.0,20,56,0,0,1.0
10.765187049751797,106.67550552599072,27,36,1.0,20,56,0,0,0.75
10.75948437198232,106.6840537511244,17,28,1.0,20,56,0,0,0.6071
10.865229381280963,106.72366973948476,40,49,1.0,20,56,0,0,0.8163
10.72279213640514,106.72808623948244,26,36,1.0,20,56,0,0,0.7222
10.823400120373712,106.68551227436063,24,32,1.0,20,56,0,0,0.75
10.756158554057755,106.66631758181126,30,30,1.0,20,56,0,0,1.0
10.7144382088356,106.73711688366168,27,35,1.0,20,56,0,0,0.7714
10.817236653231737,106.63191539530456,26,34,1.0,20,56,0,0,0.7647
10.772727584493625,106.69804225297564,13,24,1.0,20,58,0,0,0.5417
10.774028664434528,106.70357076461706,15,28,1.0,20,58,0,0,0.5357
10.752616652291238,106.72509685338922,39,39,1.0,20,58,0,0,1.0
10.745754766198267,106.65326266831876,42,42,1.0,20,58,0,0,1.0
10.94927106740351,106.87196348224562,33,41,1.0,20,58,0,0,0.8049
10.78866360854368,106.695513722289,42,42,1.0,20,58,0,0,1.0
10.801406421807084,106.7114844087968,42,42,1.0,20,59,0,0,1.0
10.843150534972033,106.6151343241409,26,35,1.0,20,59,0,0,0.7429
10.880537767027526,106.81481342866444,46,53,1.0,20,59,0,0,0.8679
10.740840166521664,106.61899246873142,34,34,1.0,20,59,0,0,1.0
10.798986343749618,106.7269705664684,45,45,1.0,20,59,0,0,1.0
10.741860769464234,106.73790365482628,45,45,1.0,20,59,0,0,1.0
10.752408891679814,106.7022703818112,25,34,1.0,20,59,0,0,0.7353
10.786216596454729,106.71836665482697,40,40,1.0,20,59,0,0,1.0
10.78948793356203,106.7151883818118,36,36,1.0,20,59,0,0,1.0
10.80223925742187,106.6478722259914,30,41,1.0,20,59,0,0,0.7317
10.813928881466124,106.66511432455972,25,34,1.0,20,59,0,0,0.7353
10.755608615763382,106.67347943578082,18,28,1.0,20,59,0,0,0.6429
10.782680856341084,106.70051548181168,21,31,1.0,20,59,0,0,0.6774
10.754895139302109,106.67839188181134,24,32,1.0,20,59,0,0,0.75
10.785070445194592,106.68331340921324,16,28,1.0,20,59,0,0,0.5714
10.7549373008113,106.67848844133415,24,32,1.0,20,59,0,0,0.75
10.77898143649726,106.67684447140958,27,34,1.0,20,59,0,0,0.7941
10.7671128283867,106.6927618222887,11,20,1.0,20,59,0,0,0.55
10.77847212665258,106.69389510879644,33,41,1.0,21,0,0,0,0.8049
10.796057790235078,106.67492629345334,25,33,0.997652,21,0,0,0,0.7576
10.8352982156415,106.72935479345392,42,42,1.0,21,0,0,0,1.0
10.777562007197462,106.7041335430398,21,30,1.0,21,0,0,0,0.7
10.83886351241477,106.67566625482782,28,36,1.0,21,0,0,0,0.7778
10.765187049751797,106.67550552599072,21,35,1.0,21,0,0,0,0.6
10.75948437198232,106.6840537511244,19,27,0.997255,21,0,0,0,0.7037
10.865229381280963,106.72366973948476,39,49,1.0,21,0,0,0,0.7959
10.72279213640514,106.72808623948244,27,36,1.0,21,0,0,0,0.75
10.823400120373712,106.68551227436063,21,32,1.0,21,1,0,0,0.6562
10.756158554057755,106.66631758181126,21,29,1.0,21,1,0,0,0.7241
10.7144382088356,106.73711688366168,29,35,0.999863,21,1,0,0,0.8286
10.817236653231737,106.63191539530456,26,35,1.0,21,1,0,0,0.7429
10.772727584493625,106.69804225297564,13,24,1.0,21,3,0,0,0.5417
10.774028664434528,106.70357076461706,12,28,1.0,21,3,0,0,0.4286
10.752616652291238,106.72509685338922,39,39,1.0,21,3,0,0,1.0
10.745754766198267,106.65326266831876,42,42,1.0,21,3,0,0,1.0
10.94927106740351,106.87196348224562,27,42,1.0,21,3,0,0,0.6429
10.78866360854368,106.695513722289,42,42,1.0,21,3,0,0,1.0
10.801406421807084,106.7114844087968,42,42,1.0,21,3,0,0,1.0
10.843150534972033,106.6151343241409,26,35,1.0,21,3,0,0,0.7429
10.880537767027526,106.81481342866444,46,53,1.0,21,3,0,0,0.8679
10.740840166521664,106.61899246873142,34,34,1.0,21,3,0,0,1.0
10.798986343749618,106.7269705664684,45,45,1.0,21,3,0,0,1.0
10.741860769464234,106.73790365482628,45,45,1.0,21,3,0,0,1.0
10.752408891679814,106.7022703818112,25,34,1.0,21,3,0,0,0.7353
10.786216596454729,106.71836665482697,40,40,1.0,21,3,0,0,1.0
10.78948793356203,106.7151883818118,36,36,1.0,21,3,0,0,1.0
10.80223925742187,106.6478722259914,30,40,1.0,21,3,0,0,0.75
10.813928881466124,106.66511432455972,25,33,0.998956,21,3,0,0,0.7576
10.755608615763382,106.67347943578082,18,28,0.997901,21,3,0,0,0.6429
10.782680856341084,106.70051548181168,19,31,1.0,21,3,0,0,0.6129
10.754895139302109,106.67839188181134,24,32,1.0,21,3,0,0,0.75
10.785070445194592,106.68331340921324,20,28,1.0,21,3,0,0,0.7143
10.7549373008113,106.67848844133415,24,32,1.0,21,3,0,0,0.75
10.77898143649726,106.67684447140958,26,34,1.0,21,3,0,0,0.7647
10.7671128283867,106.6927618222887,11,20,1.0,21,4,0,0,0.55
10.77847212665258,106.69389510879644,32,42,1.0,21,4,0,0,0.7619
10.796057790235078,106.67492629345334,25,33,0.998956,21,4,0,0,0.7576
10.8352982156415,106.72935479345392,42,42,1.0,21,4,0,0,1.0
10.777562007197462,106.7041335430398,19,31,1.0,21,4,0,0,0.6129
10.83886351241477,106.67566625482782,29,36,1.0,21,4,0,0,0.8056
10.765187049751797,106.67550552599072,28,36,1.0,21,4,0,0,0.7778
10.75948437198232,106.6840537511244,18,28,0.997901,21,4,0,0,0.6429
10.865229381280963,106.72366973948476,40,49,1.0,21,4,0,0,0.8163
10.72279213640514,106.72808623948244,28,37,1.0,21,4,0,0,0.7568
10.823400120373712,106.68551227436063,21,32,1.0,21,4,0,0,0.6562
10.756158554057755,106.66631758181126,30,30,1.0,21,4,0,0,1.0
10.7144382088356,106.73711688366168,35,35,1.0,21,4,0,0,1.0
10.817236653231737,106.63191539530456,27,35,1.0,21,4,0,0,0.7714
10.772727584493625,106.69804225297564,14,25,1.0,21,6,0,0,0.56
10.774028664434528,106.70357076461706,12,27,1.0,21,6,0,0,0.4444
10.752616652291238,106.72509685338922,39,39,1.0,21,6,0,0,1.0
10.745754766198267,106.65326266831876,42,42,1.0,21,6,0,0,1.0
10.94927106740351,106.87196348224562,32,42,1.0,21,6,0,0,0.7619
10.78866360854368,106.695513722289,37,42,0.999821,21,6,0,0,0.881
10.801406421807084,106.7114844087968,42,42,1.0,21,6,0,0,1.0
10.843150534972033,106.6151343241409,26,35,1.0,21,6,0,0,0.7429
10.880537767027526,106.81481342866444,47,53,1.0,21,6,0,0,0.8868
10.740840166521664,106.61899246873142,34,34,1.0,21,6,0,0,1.0
10.798986343749618,106.7269705664684,45,45,1.0,21,6,0,0,1.0
10.741860769464234,106.73790365482628,45,45,1.0,21,6,0,0,1.0
10.752408891679814,106.7022703818112,27,34,1.0,21,6,0,0,0.7941
10.786216596454729,106.71836665482697,40,40,1.0,21,6,0,0,1.0
10.78948793356203,106.7151883818118,36,36,1.0,21,7,0,0,1.0
10.80223925742187,106.6478722259914,29,40,1.0,21,7,0,0,0.725
10.813928881466124,106.66511432455972,23,34,0.997916,21,7,0,0,0.6765
10.755608615763382,106.67347943578082,18,27,1.0,21,7,0,0,0.6667
10.782680856341084,106.70051548181168,20,30,1.0,21,7,0,0,0.6667
10.754895139302109,106.67839188181134,22,33,1.0,21,7,0,0,0.6667
10.785070445194592,106.68331340921324,22,28,1.0,21,7,0,0,0.7857
10.7549373008113,106.67848844133415,22,33,1.0,21,7,0,0,0.6667
10.77898143649726,106.67684447140958,26,34,1.0,21,7,0,0,0.7647
10.7671128283867,106.6927618222887,10,19,1.0,21,7,0,0,0.5263
10.77847212665258,106.69389510879644,33,41,1.0,21,7,0,0,0.8049
10.796057790235078,106.67492629345334,23,34,0.997916,21,7,0,0,0.6765
10.8352982156415,106.72935479345392,36,42,0.997494,21,7,0,0,0.8571
10.777562007197462,106.7041335430398,20,30,1.0,21,7,0,0,0.6667
10.83886351241477,106.67566625482782,28,36,1.0,21,7,0,0,0.7778
10.765187049751797,106.67550552599072,28,35,1.0,21,7,0,0,0.8
10.75948437198232,106.6840537511244,18,27,1.0,21,7,0,0,0.6667
10.865229381280963,106.72366973948476,39,49,1.0,21,7,0,0,0.7959
10.72279213640514,106.72808623948244,29,37,1.0,21,7,0,0,0.7838
10.823400120373712,106.68551227436063,20,32,1.0,21,7,0,0,0.625
10.756158554057755,106.66631758181126,23,28,1.0,21,7,0,0,0.8214
10.7144382088356,106.73711688366168,27,35,1.0,21,7,0,0,0.7714
10.817236653231737,106.63191539530456,26,35,1.0,21,7,0,0,0.7429
10.772727584493625,106.69804225297564,13,24,1.0,21,10,0,0,0.5417
10.774028664434528,106.70357076461706,14,27,1.0,21,10,0,0,0.5185
10.752616652291238,106.72509685338922,39,39,1.0,21,10,0,0,1.0
10.745754766198267,106.65326266831876,42,42,1.0,21,10,0,0,1.0
10.94927106740351,106.87196348224562,29,42,1.0,21,10,0,0,0.6905
10.78866360854368,106.695513722289,42,42,1.0,21,10,0,0,1.0
10.801406421807084,106.7114844087968,42,42,1.0,21,10,0,0,1.0
10.843150534972033,106.6151343241409,25,35,1.0,21,10,0,0,0.7143
10.880537767027526,106.81481342866444,48,53,1.0,21,10,0,0,0.9057
10.740840166521664,106.61899246873142,34,34,1.0,21,10,0,0,1.0
10.798986343749618,106.7269705664684,45,45,1.0,21,10,0,0,1.0
10.741860769464234,106.73790365482628,45,45,1.0,21,10,0,0,1.0
10.752408891679814,106.7022703818112,26,34,1.0,21,10,0,0,0.7647
10.786216596454729,106.71836665482697,40,40,1.0,21,10,0,0,1.0
10.78948793356203,106.7151883818118,36,36,1.0,21,10,0,0,1.0
10.80223925742187,106.6478722259914,31,41,1.0,21,10,0,0,0.7561
10.813928881466124,106.66511432455972,27,33,1.0,21,10,0,0,0.8182
10.755608615763382,106.67347943578082,17,28,1.0,21,10,0,0,0.6071
10.782680856341084,106.70051548181168,20,30,1.0,21,10,0,0,0.6667
10.754895139302109,106.67839188181134,22,32,1.0,21,10,0,0,0.6875
10.785070445194592,106.68331340921324,18,28,1.0,21,10,0,0,0.6429
10.7549373008113,106.67848844133415,22,32,1.0,21,10,0,0,0.6875
10.77898143649726,106.67684447140958,25,34,1.0,21,10,0,0,0.7353
10.7671128283867,106.6927618222887,15,20,1.0,21,10,0,0,0.75
10.77847212665258,106.69389510879644,33,42,1.0,21,10,0,0,0.7857
10.796057790235078,106.67492629345334,27,33,1.0,21,10,0,0,0.8182
10.8352982156415,106.72935479345392,42,42,1.0,21,10,0,0,1.0
10.777562007197462,106.7041335430398,19,30,1.0,21,10,0,0,0.6333
10.83886351241477,106.67566625482782,27,35,1.0,21,10,0,0,0.7714
10.765187049751797,106.67550552599072,26,35,1.0,21,10,0,0,0.7429
10.75948437198232,106.6840537511244,18,28,1.0,21,11,0,0,0.6429
10.865229381280963,106.72366973948476,38,49,1.0,21,11,0,0,0.7755
10.72279213640514,106.72808623948244,28,37,0.998475,21,11,0,0,0.7568
10.823400120373712,106.68551227436063,21,31,1.0,21,11,0,0,0.6774
10.756158554057755,106.66631758181126,23,28,1.0,21,11,0,0,0.8214
10.7144382088356,106.73711688366168,27,35,1.0,21,11,0,0,0.7714
10.817236653231737,106.63191539530456,25,35,1.0,21,11,0,0,0.7143
10.772727584493625,106.69804225297564,14,23,1.0,21,13,0,0,0.6087
10.774028664434528,106.70357076461706,16,27,1.0,21,13,0,0,0.5926
10.752616652291238,106.72509685338922,39,39,1.0,21,13,0,0,1.0
10.745754766198267,106.65326266831876,42,42,1.0,21,13,0,0,1.0
10.94927106740351,106.87196348224562,31,41,1.0,21,13,0,0,0.7561
10.78866360854368,106.695513722289,42,42,1.0,21,13,0,0,1.0
10.801406421807084,106.7114844087968,42,42,1.0,21,13,0,0,1.0
10.843150534972033,106.6151343241409,26,35,1.0,21,13,0,0,0.7429
10.880537767027526,106.81481342866444,47,53,1.0,21,13,0,0,0.8868
10.740840166521664,106.61899246873142,34,34,1.0,21,13,0,0,1.0
10.798986343749618,106.7269705664684,45,45,1.0,21,13,0,0,1.0
10.741860769464234,106.73790365482628,45,45,1.0,21,13,0,0,1.0
10.752408891679814,106.7022703818112,26,34,1.0,21,13,0,0,0.7647
10.786216596454729,106.71836665482697,40,40,1.0,21,13,0,0,1.0
10.78948793356203,106.7151883818118,28,35,1.0,21,14,0,0,0.8
10.80223925742187,106.6478722259914,32,41,1.0,21,14,0,0,0.7805
10.813928881466124,106.66511432455972,25,33,0.998691,21,14,0,0,0.7576
10.755608615763382,106.67347943578082,21,27,1.0,21,14,0,0,0.7778
10.782680856341084,106.70051548181168,20,30,1.0,21,14,0,0,0.6667
10.754895139302109,106.67839188181134,23,33,1.0,21,14,0,0,0.697
10.785070445194592,106.68331340921324,23,27,1.0,21,14,0,0,0.8519
10.7549373008113,106.67848844133415,22,33,1.0,21,14,0,0,0.6667
10.77898143649726,106.67684447140958,28,34,1.0,21,14,0,0,0.8235
10.7671128283867,106.6927618222887,14,20,1.0,21,14,0,0,0.7
10.77847212665258,106.69389510879644,33,42,1.0,21,14,0,0,0.7857
10.796057790235078,106.67492629345334,26,33,1.0,21,14,0,0,0.7879
10.8352982156415,106.72935479345392,42,42,1.0,21,14,0,0,1.0
10.777562007197462,106.7041335430398,20,30,1.0,21,14,0,0,0.6667
10.83886351241477,106.67566625482782,27,36,1.0,21,14,0,0,0.75
10.765187049751797,106.67550552599072,24,36,1.0,21,14,0,0,0.6667
10.75948437198232,106.6840537511244,21,28,1.0,21,14,0,0,0.75
10.865229381280963,106.72366973948476,38,49,1.0,21,14,0,0,0.7755
10.72279213640514,106.72808623948244,26,37,0.998218,21,14,0,0,0.7027
10.823400120373712,106.68551227436063,22,31,1.0,21,14,0,0,0.7097
10.756158554057755,106.66631758181126,21,30,1.0,21,14,0,0,0.7
10.7144382088356,106.73711688366168,28,35,1.0,21,14,0,0,0.8
10.817236653231737,106.63191539530456,26,35,1.0,21,14,0,0,0.7429
10.772727584493625,106.69804225297564,17,23,1.0,21,17,0,0,0.7391
10.774028664434528,106.70357076461706,16,29,1.0,21,17,0,0,0.5517
10.752616652291238,106.72509685338922,39,39,1.0,21,17,0,0,1.0
10.745754766198267,106.65326266831876,42,42,1.0,21,17,0,0,1.0
10.94927106740351,106.87196348224562,32,41,1.0,21,17,0,0,0.7805
10.78866360854368,106.695513722289,37,42,1.0,21,17,0,0,0.881
10.801406421807084,106.7114844087968,37,42,1.0,21,17,0,0,0.881
10.843150534972033,106.6151343241409,28,35,1.0,21,17,0,0,0.8
10.880537767027526,106.81481342866444,45,52,1.0,21,17,0,0,0.8654
10.740840166521664,106.61899246873142,34,34,1.0,21,17,0,0,1.0
10.798986343749618,106.7269705664684,45,45,1.0,21,17,0,0,1.0
10.741860769464234,106.73790365482628,45,45,1.0,21,17,0,0,1.0
10.752408891679814,106.7022703818112,33,33,1.0,21,17,0,0,1.0
10.786216596454729,106.71836665482697,40,40,1.0,21,17,0,0,1.0
10.78948793356203,106.7151883818118,36,36,1.0,21,17,0,0,1.0
10.80223925742187,106.6478722259914,31,41,1.0,21,18,0,0,0.7561
10.813928881466124,106.66511432455972,26,34,0.998955,21,18,0,0,0.7647
10.755608615763382,106.67347943578082,20,26,1.0,21,18,0,0,0.7692
10.782680856341084,106.70051548181168,19,30,1.0,21,18,0,0,0.6333
10.754895139302109,106.67839188181134,24,32,1.0,21,18,0,0,0.75
10.785070445194592,106.68331340921324,18,27,1.0,21,18,0,0,0.6667
10.7549373008113,106.67848844133415,24,32,1.0,21,18,0,0,0.75
10.77898143649726,106.67684447140958,28,34,1.0,21,18,0,0,0.8235
10.7671128283867,106.6927618222887,7,20,1.0,21,18,0,0,0.35
10.77847212665258,106.69389510879644,33,41,1.0,21,18,0,0,0.8049
10.796057790235078,106.67492629345334,24,33,0.998691,21,18,0,0,0.7273
10.8352982156415,106.72935479345392,36,42,0.997416,21,18,0,0,0.8571
10.777562007197462,106.7041335430398,19,30,1.0,21,18,0,0,0.6333
10.83886351241477,106.67566625482782,27,36,1.0,21,18,0,0,0.75
10.765187049751797,106.67550552599072,36,36,1.0,21,18,0,0,1.0
10.75948437198232,106.6840537511244,21,28,1.0,21,18,0,0,0.75
10.865229381280963,106.72366973948476,40,49,1.0,21,18,0,0,0.8163
10.72279213640514,106.72808623948244,26,37,0.997674,21,18,0,0,0.7027
10.823400120373712,106.68551227436063,18,32,1.0,21,18,0,0,0.5625
10.756158554057755,106.66631758181126,25,30,1.0,21,18,0,0,0.8333
10.7144382088356,106.73711688366168,28,35,1.0,21,18,0,0,0.8
10.817236653231737,106.63191539530456,28,35,1.0,21,18,0,0,0.8
10.772727584493625,106.69804225297564,14,24,1.0,21,20,0,0,0.5833
10.774028664434528,106.70357076461706,15,28,1.0,21,20,0,0,0.5357
10.752616652291238,106.72509685338922,39,39,1.0,21,20,0,0,1.0
10.745754766198267,106.65326266831876,42,42,1.0,21,20,0,0,1.0
10.94927106740351,106.87196348224562,42,42,1.0,21,20,0,0,1.0
10.78866360854368,106.695513722289,35,41,1.0,21,21,0,0,0.8537
10.801406421807084,106.7114844087968,35,41,1.0,21,21,0,0,0.8537
10.843150534972033,106.6151343241409,27,35,1.0,21,21,0,0,0.7714
10.880537767027526,106.81481342866444,45,53,1.0,21,21,0,0,0.8491
10.740840166521664,106.61899246873142,34,34,1.0,21,21,0,0,1.0
10.798986343749618,106.7269705664684,45,45,1.0,21,21,0,0,1.0
10.741860769464234,106.73790365482628,45,45,1.0,21,21,0,0,1.0
10.752408891679814,106.7022703818112,28,34,1.0,21,21,0,0,0.8235
10.786216596454729,106.71836665482697,40,40,1.0,21,21,0,0,1.0
10.78948793356203,106.7151883818118,28,36,1.0,21,21,0,0,0.7778
10.80223925742187,106.6478722259914,31,41,1.0,21,21,0,0,0.7561
10.813928881466124,106.66511432455972,24,33,0.998955,21,21,0,0,0.7273
10.755608615763382,106.67347943578082,19,27,1.0,21,21,0,0,0.7037
10.782680856341084,106.70051548181168,20,30,1.0,21,21,0,0,0.6667
10.754895139302109,106.67839188181134,25,33,1.0,21,21,0,0,0.7576
10.785070445194592,106.68331340921324,15,28,1.0,21,21,0,0,0.5357
10.7549373008113,106.67848844133415,25,33,1.0,21,22,0,0,0.7576
10.77898143649726,106.67684447140958,27,33,1.0,21,22,0,0,0.8182
10.7671128283867,106.6927618222887,11,20,1.0,21,22,0,0,0.55
10.77847212665258,106.69389510879644,33,41,1.0,21,22,0,0,0.8049
10.796057790235078,106.67492629345334,24,34,0.998955,21,22,0,0,0.7059
10.8352982156415,106.72935479345392,42,42,1.0,21,22,0,0,1.0
10.777562007197462,106.7041335430398,19,30,1.0,21,22,0,0,0.6333
10.83886351241477,106.67566625482782,27,36,1.0,21,22,0,0,0.75
10.765187049751797,106.67550552599072,27,36,1.0,21,22,0,0,0.75
10.75948437198232,106.6840537511244,18,27,1.0,21,22,0,0,0.6667
10.865229381280963,106.72366973948476,41,49,1.0,21,22,0,0,0.8367
10.72279213640514,106.72808623948244,28,37,0.997784,21,22,0,0,0.7568
10.823400120373712,106.68551227436063,22,32,1.0,21,22,0,0,0.6875
10.756158554057755,106.66631758181126,21,29,1.0,21,22,0,0,0.7241
10.7144382088356,106.73711688366168,28,35,1.0,21,22,0,0,0.8
10.817236653231737,106.63191539530456,27,35,1.0,21,22,0,0,0.7714
10.772727584493625,106.69804225297564,15,24,1.0,21,25,0,0,0.625
10.774028664434528,106.70357076461706,20,28,1.0,21,25,0,0,0.7143
10.752616652291238,106.72509685338922,39,39,1.0,21,25,0,0,1.0
10.745754766198267,106.65326266831876,42,42,1.0,21,25,0,0,1.0
10.94927106740351,106.87196348224562,31,41,1.0,21,25,0,0,0.7561
10.78866360854368,106.695513722289,36,42,0.999821,21,25,0,0,0.8571
10.801406421807084,106.7114844087968,36,42,0.999821,21,25,0,0,0.8571
10.843150534972033,106.6151343241409,27,35,1.0,21,25,0,0,0.7714
10.880537767027526,106.81481342866444,44,53,1.0,21,25,0,0,0.8302
10.740840166521664,106.61899246873142,34,34,1.0,21,25,0,0,1.0
10.798986343749618,106.7269705664684,45,45,1.0,21,25,0,0,1.0
10.741860769464234,106.73790365482628,45,45,1.0,21,25,0,0,1.0
10.752408891679814,106.7022703818112,26,34,1.0,21,25,0,0,0.7647
10.786216596454729,106.71836665482697,40,40,1.0,21,25,0,0,1.0
10.78948793356203,106.7151883818118,36,36,1.0,21,25,0,0,1.0
10.80223925742187,106.6478722259914,41,41,1.0,21,25,0,0,1.0
10.813928881466124,106.66511432455972,24,33,0.999528,21,25,0,0,0.7273
10.755608615763382,106.67347943578082,21,28,1.0,21,25,0,0,0.75
10.782680856341084,106.70051548181168,20,30,1.0,21,25,0,0,0.6667
10.754895139302109,106.67839188181134,22,31,1.0,21,25,0,0,0.7097
10.785070445194592,106.68331340921324,18,28,1.0,21,25,0,0,0.6429
10.7549373008113,106.67848844133415,22,31,1.0,21,25,0,0,0.7097
10.77898143649726,106.67684447140958,26,33,1.0,21,25,0,0,0.7879
10.7671128283867,106.6927618222887,12,19,1.0,21,25,0,0,0.6316
10.77847212665258,106.69389510879644,34,41,1.0,21,25,0,0,0.8293
10.796057790235078,106.67492629345334,24,33,0.999528,21,25,0,0,0.7273
10.8352982156415,106.72935479345392,36,42,0.997598,21,26,0,0,0.8571
10.777562007197462,106.7041335430398,20,30,1.0,21,26,0,0,0.6667
10.83886351241477,106.67566625482782,27,35,1.0,21,26,0,0,0.7714
10.765187049751797,106.67550552599072,28,36,1.0,21,26,0,0,0.7778
10.75948437198232,106.6840537511244,19,28,1.0,21,26,0,0,0.6786
10.865229381280963,106.72366973948476,41,49,1.0,21,26,0,0,0.8367
10.72279213640514,106.72808623948244,27,36,0.99649,21,26,0,0,0.75
10.823400120373712,106.68551227436063,21,31,1.0,21,26,0,0,0.6774
10.756158554057755,106.66631758181126,23,30,1.0,21,26,0,0,0.7667
10.7144382088356,106.73711688366168,35,35,1.0,21,26,0,0,1.0
10.817236653231737,106.63191539530456,26,35,1.0,21,26,0,0,0.7429
