Latitude,Longitude,CurrentSpeed,FreeFlowSpeed,Confidence,Hour,Minute,DayOfWeek,Weekend,CongestionRatio
10.745754766198267,106.65326266831876,42,42,1.0,7,4,6,1,1.0
10.740840166521664,106.61899246873142,34,34,1.0,7,4,6,1,1.0
10.798986343749618,106.7269705664684,45,45,1.0,7,4,6,1,1.0
10.741860769464234,106.73790365482628,45,45,1.0,7,4,6,1,1.0
10.755608615763382,106.67347943578082,28,28,1.0,7,4,6,1,1.0
10.754895139302109,106.67839188181134,27,33,1.0,7,5,6,1,0.8182
10.785070445194592,106.68331340921324,28,28,1.0,7,5,6,1,1.0
10.7549373008113,106.67848844133415,27,33,1.0,7,5,6,1,0.8182
10.77898143649726,106.67684447140958,28,34,1.0,7,5,6,1,0.8235
10.7671128283867,106.6927618222887,20,20,1.0,7,5,6,1,1.0
10.77847212665258,106.69389510879644,41,41,1.0,7,5,6,1,1.0
10.796057790235078,106.67492629345334,27,34,0.995832,7,5,6,1,0.7941
10.8352982156415,106.72935479345392,42,42,1.0,7,5,6,1,1.0
10.777562007197462,106.7041335430398,25,30,1.0,7,5,6,1,0.8333
10.83886351241477,106.67566625482782,36,36,1.0,7,5,6,1,1.0
10.765187049751797,106.67550552599072,36,36,1.0,7,5,6,1,1.0
10.75948437198232,106.6840537511244,28,28,1.0,7,5,6,1,1.0
10.865229381280963,106.72366973948476,41,49,1.0,7,5,6,1,0.8367
10.72279213640514,106.72808623948244,29,37,0.995682,7,5,6,1,0.7838
10.823400120373712,106.68551227436063,25,32,0.998795,7,5,6,1,0.7812
10.756158554057755,106.66631758181126,30,30,1.0,7,5,6,1,1.0
10.7144382088356,106.73711688366168,35,35,1.0,7,5,6,1,1.0
10.817236653231737,106.63191539530456,35,35,1.0,7,5,6,1,1.0
10.772727584493625,106.69804225297564,25,25,1.0,7,7,6,1,1.0
10.774028664434528,106.70357076461706,29,29,1.0,7,7,6,1,1.0
10.752616652291238,106.72509685338922,39,39,1.0,7,7,6,1,1.0
10.745754766198267,106.65326266831876,42,42,1.0,7,7,6,1,1.0
10.94927106740351,106.87196348224562,32,41,1.0,7,7,6,1,0.7805
10.78866360854368,106.695513722289,42,42,1.0,7,8,6,1,1.0
10.801406421807084,106.7114844087968,42,42,1.0,7,8,6,1,1.0
10.843150534972033,106.6151343241409,35,35,1.0,7,8,6,1,1.0
10.880537767027526,106.81481342866444,53,53,1.0,7,8,6,1,1.0
10.740840166521664,106.61899246873142,34,34,1.0,7,8,6,1,1.0
10.798986343749618,106.7269705664684,45,45,1.0,7,8,6,1,1.0
10.741860769464234,106.73790365482628,45,45,1.0,7,8,6,1,1.0
10.752408891679814,106.7022703818112,33,33,1.0,7,8,6,1,1.0
10.786216596454729,106.71836665482697,40,40,1.0,7,8,6,1,1.0
10.78948793356203,106.7151883818118,36,36,1.0,7,8,6,1,1.0
10.80223925742187,106.6478722259914,41,41,1.0,7,8,6,1,1.0
10.813928881466124,106.66511432455972,33,33,1.0,7,8,6,1,1.0
10.755608615763382,106.67347943578082,23,28,0.976953,7,8,6,1,0.8214
10.782680856341084,106.70051548181168,30,30,1.0,7,8,6,1,1.0
10.754895139302109,106.67839188181134,32,32,1.0,7,8,6,1,1.0
10.785070445194592,106.68331340921324,28,28,1.0,7,8,6,1,1.0
10.7549373008113,106.67848844133415,32,32,1.0,7,8,6,1,1.0
10.77898143649726,106.67684447140958,27,34,1.0,7,8,6,1,0.7941
10.7671128283867,106.6927618222887,20,20,1.0,7,8,6,1,1.0
10.77847212665258,106.69389510879644,41,41,1.0,7,8,6,1,1.0
10.796057790235078,106.67492629345334,27,34,0.993741,7,9,6,1,0.7941
10.8352982156415,106.72935479345392,42,42,1.0,7,9,6,1,1.0
10.777562007197462,106.7041335430398,30,30,1.0,7,9,6,1,1.0
10.83886351241477,106.67566625482782,36,36,1.0,7,9,6,1,1.0
10.765187049751797,106.67550552599072,36,36,1.0,7,9,6,1,1.0
10.75948437198232,106.6840537511244,22,27,0.980603,7,9,6,1,0.8148
10.865229381280963,106.72366973948476,49,49,1.0,7,9,6,1,1.0
10.72279213640514,106.72808623948244,28,36,0.995795,7,9,6,1,0.7778
10.823400120373712,106.68551227436063,27,32,0.998795,7,9,6,1,0.8438
10.756158554057755,106.66631758181126,26,29,1.0,7,9,6,1,0.8966
10.7144382088356,106.73711688366168,28,35,1.0,7,9,6,1,0.8
10.817236653231737,106.63191539530456,35,35,1.0,7,9,6,1,1.0
10.772727584493625,106.69804225297564,20,24,0.964187,7,11,6,1,0.8333
10.774028664434528,106.70357076461706,29,29,1.0,7,11,6,1,1.0
10.752616652291238,106.72509685338922,39,39,1.0,7,11,6,1,1.0
10.745754766198267,106.65326266831876,42,42,1.0,7,11,6,1,1.0
10.94927106740351,106.87196348224562,30,42,1.0,7,11,6,1,0.7143
10.78866360854368,106.695513722289,42,42,1.0,7,11,6,1,1.0
10.801406421807084,106.7114844087968,42,42,1.0,7,11,6,1,1.0
10.843150534972033,106.6151343241409,35,35,1.0,7,11,6,1,1.0
10.880537767027526,106.81481342866444,53,53,1.0,7,11,6,1,1.0
10.740840166521664,106.61899246873142,34,34,1.0,7,11,6,1,1.0
10.798986343749618,106.7269705664684,45,45,1.0,7,11,6,1,1.0
10.741860769464234,106.73790365482628,45,45,1.0,7,11,6,1,1.0
10.752408891679814,106.7022703818112,33,33,1.0,7,11,6,1,1.0
10.786216596454729,106.71836665482697,40,40,1.0,7,11,6,1,1.0
10.78948793356203,106.7151883818118,36,36,1.0,7,12,6,1,1.0
10.80223925742187,106.6478722259914,41,41,1.0,7,12,6,1,1.0
10.813928881466124,106.66511432455972,33,33,1.0,7,12,6,1,1.0
10.755608615763382,106.67347943578082,28,28,1.0,7,12,6,1,1.0
10.782680856341084,106.70051548181168,30,30,1.0,7,12,6,1,1.0
10.754895139302109,106.67839188181134,32,32,1.0,7,12,6,1,1.0
10.785070445194592,106.68331340921324,19,27,1.0,7,12,6,1,0.7037
10.7549373008113,106.67848844133415,32,32,1.0,7,12,6,1,1.0
10.77898143649726,106.67684447140958,27,34,1.0,7,12,6,1,0.7941
10.7671128283867,106.6927618222887,15,19,0.97,7,12,6,1,0.7895
10.77847212665258,106.69389510879644,41,41,1.0,7,12,6,1,1.0
10.796057790235078,106.67492629345334,33,33,1.0,7,12,6,1,1.0
10.8352982156415,106.72935479345392,42,42,1.0,7,12,6,1,1.0
10.777562007197462,106.7041335430398,30,30,1.0,7,12,6,1,1.0
10.83886351241477,106.67566625482782,36,36,1.0,7,12,6,1,1.0
10.765187049751797,106.67550552599072,36,36,1.0,7,12,6,1,1.0
10.75948437198232,106.6840537511244,28,28,1.0,7,12,6,1,1.0
10.865229381280963,106.72366973948476,42,49,1.0,7,12,6,1,0.8571
10.72279213640514,106.72808623948244,28,37,0.9953,7,13,6,1,0.7568
10.823400120373712,106.68551227436063,26,31,1.0,7,13,6,1,0.8387
10.756158554057755,106.66631758181126,30,30,1.0,7,13,6,1,1.0
10.7144382088356,106.73711688366168,35,35,1.0,7,13,6,1,1.0
10.817236653231737,106.63191539530456,35,35,1.0,7,13,6,1,1.0
10.772727584493625,106.69804225297564,20,24,0.962702,7,15,6,1,0.8333
10.774028664434528,106.70357076461706,29,29,1.0,7,15,6,1,1.0
10.752616652291238,106.72509685338922,39,39,1.0,7,15,6,1,1.0
10.745754766198267,106.65326266831876,42,42,1.0,7,15,6,1,1.0
10.94927106740351,106.87196348224562,34,42,1.0,7,15,6,1,0.8095
10.78866360854368,106.695513722289,42,42,1.0,7,15,6,1,1.0
10.801406421807084,106.7114844087968,42,42,1.0,7,15,6,1,1.0
10.843150534972033,106.6151343241409,35,35,1.0,7,15,6,1,1.0
10.880537767027526,106.81481342866444,53,53,1.0,7,15,6,1,1.0
10.740840166521664,106.61899246873142,34,34,1.0,7,15,6,1,1.0
10.798986343749618,106.7269705664684,45,45,1.0,7,15,6,1,1.0
10.741860769464234,106.73790365482628,45,45,1.0,7,15,6,1,1.0
10.752408891679814,106.7022703818112,33,33,1.0,7,16,6,1,1.0
10.786216596454729,106.71836665482697,40,40,1.0,7,16,6,1,1.0
10.78948793356203,106.7151883818118,36,36,1.0,7,16,6,1,1.0
10.80223925742187,106.6478722259914,33,40,1.0,7,16,6,1,0.825
10.813928881466124,106.66511432455972,33,33,1.0,7,16,6,1,1.0
10.755608615763382,106.67347943578082,23,27,0.980181,7,16,6,1,0.8519
10.782680856341084,106.70051548181168,23,30,1.0,7,16,6,1,0.7667
10.754895139302109,106.67839188181134,28,32,1.0,7,16,6,1,0.875
10.785070445194592,106.68331340921324,28,28,1.0,7,16,6,1,1.0
10.7549373008113,106.67848844133415,28,32,1.0,7,16,6,1,0.875
10.77898143649726,106.67684447140958,28,34,1.0,7,16,6,1,0.8235
10.7671128283867,106.6927618222887,15,19,0.97,7,16,6,1,0.7895
10.77847212665258,106.69389510879644,41,41,1.0,7,16,6,1,1.0
10.796057790235078,106.67492629345334,33,33,1.0,7,16,6,1,1.0
10.8352982156415,106.72935479345392,36,42,0.992762,7,16,6,1,0.8571
10.777562007197462,106.7041335430398,23,30,1.0,7,16,6,1,0.7667
10.83886351241477,106.67566625482782,36,36,1.0,7,16,6,1,1.0
10.765187049751797,106.67550552599072,28,36,1.0,7,16,6,1,0.7778
10.75948437198232,106.6840537511244,23,27,0.977931,7,16,6,1,0.8519
10.865229381280963,106.72366973948476,49,49,1.0,7,16,6,1,1.0
10.72279213640514,106.72808623948244,28,36,0.994542,7,16,6,1,0.7778
10.823400120373712,106.68551227436063,26,31,1.0,7,16,6,1,0.8387
10.756158554057755,106.66631758181126,30,30,1.0,7,16,6,1,1.0
10.7144382088356,106.73711688366168,29,35,1.0,7,16,6,1,0.8286
10.817236653231737,106.63191539530456,35,35,1.0,7,16,6,1,1.0
10.772727584493625,106.69804225297564,19,24,0.967641,7,18,6,1,0.7917
10.774028664434528,106.70357076461706,29,29,1.0,7,18,6,1,1.0
10.752616652291238,106.72509685338922,39,39,1.0,7,18,6,1,1.0
10.745754766198267,106.65326266831876,42,42,1.0,7,18,6,1,1.0
10.94927106740351,106.87196348224562,34,41,1.0,7,18,6,1,0.8293
10.78866360854368,106.695513722289,42,42,1.0,7,18,6,1,1.0
10.801406421807084,106.7114844087968,42,42,1.0,7,19,6,1,1.0
10.843150534972033,106.6151343241409,30,35,1.0,7,19,6,1,0.8571
10.880537767027526,106.81481342866444,53,53,1.0,7,19,6,1,1.0
10.740840166521664,106.61899246873142,34,34,1.0,7,19,6,1,1.0
10.798986343749618,106.7269705664684,45,45,1.0,7,19,6,1,1.0
10.741860769464234,106.73790365482628,45,45,1.0,7,19,6,1,1.0
10.752408891679814,106.7022703818112,33,33,1.0,7,19,6,1,1.0
10.786216596454729,106.71836665482697,40,40,1.0,7,19,6,1,1.0
10.78948793356203,106.7151883818118,36,36,1.0,7,19,6,1,1.0
10.80223925742187,106.6478722259914,41,41,1.0,7,19,6,1,1.0
10.813928881466124,106.66511432455972,33,33,1.0,7,19,6,1,1.0
10.755608615763382,106.67347943578082,22,27,0.978045,7,19,6,1,0.8148
10.782680856341084,106.70051548181168,30,30,1.0,7,19,6,1,1.0
10.754895139302109,106.67839188181134,27,32,1.0,7,19,6,1,0.8438
10.785070445194592,106.68331340921324,20,28,1.0,7,19,6,1,0.7143
10.7549373008113,106.67848844133415,27,32,1.0,7,19,6,1,0.8438
10.77898143649726,106.67684447140958,28,34,1.0,7,19,6,1,0.8235
10.7671128283867,106.6927618222887,20,20,1.0,7,19,6,1,1.0
10.77847212665258,106.69389510879644,41,41,1.0,7,19,6,1,1.0
10.796057790235078,106.67492629345334,33,33,1.0,7,19,6,1,1.0
10.8352982156415,106.72935479345392,38,42,0.993322,7,20,6,1,0.9048
10.777562007197462,106.7041335430398,24,30,1.0,7,20,6,1,0.8
10.83886351241477,106.67566625482782,30,36,0.998086,7,20,6,1,0.8333
10.765187049751797,106.67550552599072,36,36,1.0,7,20,6,1,1.0
10.75948437198232,106.6840537511244,22,27,0.98,7,20,6,1,0.8148
10.865229381280963,106.72366973948476,49,49,1.0,7,20,6,1,1.0
10.72279213640514,106.72808623948244,28,36,0.995555,7,20,6,1,0.7778
10.823400120373712,106.68551227436063,25,32,1.0,7,20,6,1,0.7812
10.756158554057755,106.66631758181126,30,30,1.0,7,20,6,1,1.0
10.7144382088356,106.73711688366168,27,34,1.0,7,20,6,1,0.7941
10.817236653231737,106.63191539530456,35,35,1.0,7,20,6,1,1.0
10.772727584493625,106.69804225297564,25,25,1.0,7,22,6,1,1.0
10.774028664434528,106.70357076461706,29,29,1.0,7,22,6,1,1.0
10.752616652291238,106.72509685338922,39,39,1.0,7,22,6,1,1.0
10.745754766198267,106.65326266831876,42,42,1.0,7,22,6,1,1.0
10.94927106740351,106.87196348224562,34,41,1.0,7,22,6,1,0.8293
10.78866360854368,106.695513722289,42,42,1.0,7,22,6,1,1.0
10.801406421807084,106.7114844087968,42,42,1.0,7,22,6,1,1.0
10.843150534972033,106.6151343241409,29,35,1.0,7,22,6,1,0.8286
10.880537767027526,106.81481342866444,53,53,1.0,7,22,6,1,1.0
10.740840166521664,106.61899246873142,34,34,1.0,7,22,6,1,1.0
10.798986343749618,106.7269705664684,45,45,1.0,7,22,6,1,1.0
10.741860769464234,106.73790365482628,45,45,1.0,7,22,6,1,1.0
10.752408891679814,106.7022703818112,33,33,1.0,7,23,6,1,1.0
10.786216596454729,106.71836665482697,40,40,1.0,7,23,6,1,1.0
10.78948793356203,106.7151883818118,36,36,1.0,7,23,6,1,1.0
10.80223925742187,106.6478722259914,41,41,1.0,7,23,6,1,1.0
10.813928881466124,106.66511432455972,33,33,1.0,7,23,6,1,1.0
10.755608615763382,106.67347943578082,28,28,1.0,7,23,6,1,1.0
10.782680856341084,106.70051548181168,30,30,1.0,7,23,6,1,1.0
10.754895139302109,106.67839188181134,26,32,1.0,7,23,6,1,0.8125
10.785070445194592,106.68331340921324,28,28,1.0,7,23,6,1,1.0
10.7549373008113,106.67848844133415,26,32,1.0,7,23,6,1,0.8125
10.77898143649726,106.67684447140958,27,34,1.0,7,23,6,1,0.7941
10.7671128283867,106.6927618222887,20,20,1.0,7,23,6,1,1.0
10.77847212665258,106.69389510879644,41,41,1.0,7,23,6,1,1.0
10.796057790235078,106.67492629345334,33,33,1.0,7,23,6,1,1.0
10.8352982156415,106.72935479345392,42,42,1.0,7,23,6,1,1.0
10.777562007197462,106.7041335430398,30,30,1.0,7,23,6,1,1.0
10.83886351241477,106.67566625482782,30,36,0.99722,7,23,6,1,0.8333
10.765187049751797,106.67550552599072,36,36,1.0,7,23,6,1,1.0
10.75948437198232,106.6840537511244,28,28,1.0,7,23,6,1,1.0
10.865229381280963,106.72366973948476,41,49,1.0,7,23,6,1,0.8367
10.72279213640514,106.72808623948244,28,37,0.995019,7,23,6,1,0.7568
10.823400120373712,106.68551227436063,25,31,1.0,7,24,6,1,0.8065
10.756158554057755,106.66631758181126,30,30,1.0,7,24,6,1,1.0
10.7144382088356,106.73711688366168,28,35,1.0,7,24,6,1,0.8
10.817236653231737,106.63191539530456,29,34,1.0,7,24,6,1,0.8529
10.772727584493625,106.69804225297564,25,25,1.0,7,26,6,1,1.0
10.774028664434528,106.70357076461706,18,27,0.98371,7,26,6,1,0.6667
10.752616652291238,106.72509685338922,39,39,1.0,7,26,6,1,1.0
10.745754766198267,106.65326266831876,42,42,1.0,7,26,6,1,1.0
10.94927106740351,106.87196348224562,30,41,1.0,7,26,6,1,0.7317
10.78866360854368,106.695513722289,42,42,1.0,7,26,6,1,1.0
10.801406421807084,106.7114844087968,42,42,1.0,7,26,6,1,1.0
10.843150534972033,106.6151343241409,35,35,1.0,7,26,6,1,1.0
10.880537767027526,106.81481342866444,53,53,1.0,7,26,6,1,1.0
10.740840166521664,106.61899246873142,34,34,1.0,7,26,6,1,1.0
10.798986343749618,106.7269705664684,45,45,1.0,7,26,6,1,1.0
10.741860769464234,106.73790365482628,45,45,1.0,7,26,6,1,1.0
10.752408891679814,106.7022703818112,33,33,1.0,7,26,6,1,1.0
10.786216596454729,106.71836665482697,40,40,1.0,7,26,6,1,1.0
10.78948793356203,106.7151883818118,36,36,1.0,7,26,6,1,1.0
10.80223925742187,106.6478722259914,41,41,1.0,7,26,6,1,1.0
10.813928881466124,106.66511432455972,33,33,1.0,7,26,6,1,1.0
10.755608615763382,106.67347943578082,28,28,1.0,7,26,6,1,1.0
10.782680856341084,106.70051548181168,30,30,1.0,7,26,6,1,1.0
10.754895139302109,106.67839188181134,27,32,1.0,7,26,6,1,0.8438
10.785070445194592,106.68331340921324,19,28,1.0,7,26,6,1,0.6786
10.7549373008113,106.67848844133415,27,32,1.0,7,26,6,1,0.8438
10.77898143649726,106.67684447140958,28,33,1.0,7,26,6,1,0.8485
10.7671128283867,106.6927618222887,20,20,1.0,7,26,6,1,1.0
10.77847212665258,106.69389510879644,41,41,1.0,7,26,6,1,1.0
10.796057790235078,106.67492629345334,33,33,1.0,7,27,6,1,1.0
10.8352982156415,106.72935479345392,42,42,1.0,7,27,6,1,1.0
10.777562007197462,106.7041335430398,30,30,1.0,7,27,6,1,1.0
10.83886351241477,106.67566625482782,36,36,1.0,7,27,6,1,1.0
10.765187049751797,106.67550552599072,36,36,1.0,7,27,6,1,1.0
10.75948437198232,106.6840537511244,28,28,1.0,7,27,6,1,1.0
10.865229381280963,106.72366973948476,49,49,1.0,7,27,6,1,1.0
10.72279213640514,106.72808623948244,27,36,0.9943,7,27,6,1,0.75
10.823400120373712,106.68551227436063,32,32,1.0,7,27,6,1,1.0
10.756158554057755,106.66631758181126,24,29,1.0,7,27,6,1,0.8276
10.7144382088356,106.73711688366168,28,35,1.0,7,27,6,1,0.8
10.817236653231737,106.63191539530456,35,35,1.0,7,27,6,1,1.0
10.772727584493625,106.69804225297564,19,24,0.993825,7,29,6,1,0.7917
10.774028664434528,106.70357076461706,29,29,1.0,7,29,6,1,1.0
10.752616652291238,106.72509685338922,39,39,1.0,7,29,6,1,1.0
10.745754766198267,106.65326266831876,42,42,1.0,7,29,6,1,1.0
10.94927106740351,106.87196348224562,33,42,1.0,7,29,6,1,0.7857
10.78866360854368,106.695513722289,38,41,0.999731,7,29,6,1,0.9268
10.801406421807084,106.7114844087968,38,41,0.999731,7,30,6,1,0.9268
10.843150534972033,106.6151343241409,29,35,1.0,7,30,6,1,0.8286
10.880537767027526,106.81481342866444,53,53,1.0,7,30,6,1,1.0
10.740840166521664,106.61899246873142,34,34,1.0,7,30,6,1,1.0
10.798986343749618,106.7269705664684,45,45,1.0,7,30,6,1,1.0
10.741860769464234,106.73790365482628,45,45,1.0,7,30,6,1,1.0
10.752408891679814,106.7022703818112,33,33,1.0,7,30,6,1,1.0
10.786216596454729,106.71836665482697,40,40,1.0,7,30,6,1,1.0
10.78948793356203,106.7151883818118,36,36,1.0,7,30,6,1,1.0
10.80223925742187,106.6478722259914,41,41,1.0,7,30,6,1,1.0
10.813928881466124,106.66511432455972,33,33,1.0,7,30,6,1,1.0
10.755608615763382,106.67347943578082,23,28,0.991008,7,30,6,1,0.8214
10.782680856341084,106.70051548181168,30,30,1.0,7,30,6,1,1.0
10.754895139302109,106.67839188181134,26,32,1.0,7,30,6,1,0.8125
10.785070445194592,106.68331340921324,22,27,1.0,7,30,6,1,0.8148
10.7549373008113,106.67848844133415,26,32,1.0,7,30,6,1,0.8125
10.77898143649726,106.67684447140958,26,34,1.0,7,30,6,1,0.7647
10.7671128283867,106.6927618222887,20,20,1.0,7,30,6,1,1.0
10.77847212665258,106.69389510879644,41,41,1.0,7,30,6,1,1.0
10.796057790235078,106.67492629345334,33,33,1.0,7,31,6,1,1.0
10.8352982156415,106.72935479345392,42,42,1.0,7,31,6,1,1.0
10.777562007197462,106.7041335430398,23,30,1.0,7,31,6,1,0.7667
10.83886351241477,106.67566625482782,36,36,1.0,7,31,6,1,1.0
10.765187049751797,106.67550552599072,36,36,1.0,7,31,6,1,1.0
10.75948437198232,106.6840537511244,22,27,0.991472,7,31,6,1,0.8148
10.865229381280963,106.72366973948476,49,49,1.0,7,31,6,1,1.0
10.72279213640514,106.72808623948244,27,37,0.9939,7,31,6,1,0.7297
10.823400120373712,106.68551227436063,32,32,1.0,7,31,6,1,1.0
10.756158554057755,106.66631758181126,23,29,1.0,7,31,6,1,0.7931
10.7144382088356,106.73711688366168,28,35,1.0,7,31,6,1,0.8
10.817236653231737,106.63191539530456,35,35,1.0,7,31,6,1,1.0
10.772727584493625,106.69804225297564,19,23,0.993825,7,33,6,1,0.8261
10.774028664434528,106.70357076461706,29,29,1.0,7,33,6,1,1.0
10.752616652291238,106.72509685338922,39,39,1.0,7,33,6,1,1.0
10.745754766198267,106.65326266831876,42,42,1.0,7,33,6,1,1.0
10.94927106740351,106.87196348224562,42,42,1.0,7,33,6,1,1.0
10.78866360854368,106.695513722289,42,42,1.0,7,33,6,1,1.0
10.801406421807084,106.7114844087968,42,42,1.0,7,33,6,1,1.0
10.843150534972033,106.6151343241409,35,35,1.0,7,33,6,1,1.0
10.880537767027526,106.81481342866444,53,53,1.0,7,33,6,1,1.0
10.740840166521664,106.61899246873142,34,34,1.0,7,34,6,1,1.0
10.798986343749618,106.7269705664684,45,45,1.0,7,34,6,1,1.0
10.741860769464234,106.73790365482628,45,45,1.0,7,34,6,1,1.0
10.752408891679814,106.7022703818112,33,33,1.0,7,34,6,1,1.0
10.786216596454729,106.71836665482697,40,40,1.0,7,34,6,1,1.0
10.78948793356203,106.7151883818118,36,36,1.0,7,34,6,1,1.0
10.80223925742187,106.6478722259914,33,41,1.0,7,34,6,1,0.8049
10.813928881466124,106.66511432455972,29,33,0.996358,7,34,6,1,0.8788
10.755608615763382,106.67347943578082,22,26,0.991472,7,34,6,1,0.8462
10.782680856341084,106.70051548181168,23,30,1.0,7,34,6,1,0.7667
10.754895139302109,106.67839188181134,26,32,1.0,7,34,6,1,0.8125
10.785070445194592,106.68331340921324,20,27,1.0,7,34,6,1,0.7407
10.7549373008113,106.67848844133415,26,32,1.0,7,34,6,1,0.8125
10.77898143649726,106.67684447140958,27,34,0.999754,7,34,6,1,0.7941
10.7671128283867,106.6927618222887,9,19,0.98,7,34,6,1,0.4737
10.77847212665258,106.69389510879644,41,41,1.0,7,34,6,1,1.0
10.796057790235078,106.67492629345334,29,33,0.996358,7,34,6,1,0.8788
10.8352982156415,106.72935479345392,42,42,1.0,7,34,6,1,1.0
10.777562007197462,106.7041335430398,24,31,1.0,7,34,6,1,0.7742
10.83886351241477,106.67566625482782,36,36,1.0,7,34,6,1,1.0
10.765187049751797,106.67550552599072,27,36,1.0,7,34,6,1,0.75
10.75948437198232,106.6840537511244,28,28,1.0,7,34,6,1,1.0
10.865229381280963,106.72366973948476,49,49,1.0,7,34,6,1,1.0
10.72279213640514,106.72808623948244,28,36,0.990255,7,34,6,1,0.7778
10.823400120373712,106.68551227436063,32,32,1.0,7,34,6,1,1.0
10.756158554057755,106.66631758181126,30,30,1.0,7,35,6,1,1.0
10.7144382088356,106.73711688366168,28,35,1.0,7,35,6,1,0.8
10.817236653231737,106.63191539530456,35,35,1.0,7,35,6,1,1.0
10.772727584493625,106.69804225297564,25,25,1.0,7,37,6,1,1.0
10.774028664434528,106.70357076461706,29,29,1.0,7,37,6,1,1.0
10.752616652291238,106.72509685338922,39,39,1.0,7,37,6,1,1.0
10.745754766198267,106.65326266831876,42,42,1.0,7,37,6,1,1.0
10.94927106740351,106.87196348224562,32,42,1.0,7,37,6,1,0.7619
10.78866360854368,106.695513722289,42,42,1.0,7,37,6,1,1.0
10.801406421807084,106.7114844087968,42,42,1.0,7,37,6,1,1.0
10.843150534972033,106.6151343241409,35,35,1.0,7,38,6,1,1.0
10.880537767027526,106.81481342866444,53,53,1.0,7,38,6,1,1.0
10.740840166521664,106.61899246873142,34,34,1.0,7,38,6,1,1.0
10.798986343749618,106.7269705664684,45,45,1.0,7,38,6,1,1.0
10.741860769464234,106.73790365482628,45,45,1.0,7,38,6,1,1.0
10.752408891679814,106.7022703818112,33,33,1.0,7,38,6,1,1.0
10.786216596454729,106.71836665482697,40,40,1.0,7,38,6,1,1.0
10.78948793356203,106.7151883818118,36,36,1.0,7,38,6,1,1.0
10.80223925742187,106.6478722259914,41,41,1.0,7,38,6,1,1.0
10.813928881466124,106.66511432455972,27,33,0.997381,7,38,6,1,0.8182
10.755608615763382,106.67347943578082,21,27,0.991472,7,38,6,1,0.7778
10.782680856341084,106.70051548181168,23,31,1.0,7,38,6,1,0.7419
10.754895139302109,106.67839188181134,25,32,1.0,7,38,6,1,0.7812
10.785070445194592,106.68331340921324,19,28,1.0,7,38,6,1,0.6786
10.7549373008113,106.67848844133415,25,32,1.0,7,39,6,1,0.7812
10.77898143649726,106.67684447140958,27,34,1.0,7,39,6,1,0.7941
10.7671128283867,106.6927618222887,12,20,0.98,7,39,6,1,0.6
10.77847212665258,106.69389510879644,41,41,1.0,7,39,6,1,1.0
10.796057790235078,106.67492629345334,28,33,0.995814,7,39,6,1,0.8485
10.8352982156415,106.72935479345392,42,42,1.0,7,39,6,1,1.0
10.777562007197462,106.7041335430398,23,30,1.0,7,39,6,1,0.7667
10.83886351241477,106.67566625482782,36,36,1.0,7,39,6,1,1.0
10.765187049751797,106.67550552599072,28,36,1.0,7,39,6,1,0.7778
10.75948437198232,106.6840537511244,28,28,1.0,7,39,6,1,1.0
10.865229381280963,106.72366973948476,49,49,1.0,7,39,6,1,1.0
10.72279213640514,106.72808623948244,27,37,0.99266,7,39,6,1,0.7297
10.823400120373712,106.68551227436063,23,31,1.0,7,39,6,1,0.7419
10.756158554057755,106.66631758181126,23,29,1.0,7,39,6,1,0.7931
10.7144382088356,106.73711688366168,27,35,1.0,7,40,6,1,0.7714
10.817236653231737,106.63191539530456,35,35,1.0,7,40,6,1,1.0
10.772727584493625,106.69804225297564,20,24,0.996295,7,42,6,1,0.8333
10.774028664434528,106.70357076461706,29,29,1.0,7,42,6,1,1.0
10.752616652291238,106.72509685338922,39,39,1.0,7,42,6,1,1.0
10.745754766198267,106.65326266831876,42,42,1.0,7,42,6,1,1.0
10.94927106740351,106.87196348224562,31,41,1.0,7,42,6,1,0.7561
10.78866360854368,106.695513722289,42,42,1.0,7,42,6,1,1.0
10.801406421807084,106.7114844087968,42,42,1.0,7,42,6,1,1.0
10.843150534972033,106.6151343241409,29,34,1.0,7,42,6,1,0.8529
10.880537767027526,106.81481342866444,53,53,1.0,7,42,6,1,1.0
10.740840166521664,106.61899246873142,29,35,1.0,7,42,6,1,0.8286
10.798986343749618,106.7269705664684,45,45,1.0,7,42,6,1,1.0
10.741860769464234,106.73790365482628,45,45,1.0,7,42,6,1,1.0
10.752408891679814,106.7022703818112,33,33,1.0,7,42,6,1,1.0
10.786216596454729,106.71836665482697,40,40,1.0,7,42,6,1,1.0
10.78948793356203,106.7151883818118,36,36,1.0,7,42,6,1,1.0
10.80223925742187,106.6478722259914,32,40,1.0,7,42,6,1,0.8
10.813928881466124,106.66511432455972,33,33,1.0,7,42,6,1,1.0
10.755608615763382,106.67347943578082,28,28,1.0,7,42,6,1,1.0
10.782680856341084,106.70051548181168,24,30,1.0,7,42,6,1,0.8
10.754895139302109,106.67839188181134,26,32,1.0,7,43,6,1,0.8125
10.785070445194592,106.68331340921324,20,28,1.0,7,43,6,1,0.7143
10.7549373008113,106.67848844133415,26,32,1.0,7,43,6,1,0.8125
10.77898143649726,106.67684447140958,26,34,1.0,7,43,6,1,0.7647
10.7671128283867,106.6927618222887,13,20,0.98,7,43,6,1,0.65
10.77847212665258,106.69389510879644,41,41,1.0,7,43,6,1,1.0
10.796057790235078,106.67492629345334,27,33,0.994832,7,43,6,1,0.8182
10.8352982156415,106.72935479345392,37,42,0.993514,7,43,6,1,0.881
10.777562007197462,106.7041335430398,23,30,1.0,7,43,6,1,0.7667
10.83886351241477,106.67566625482782,36,36,1.0,7,43,6,1,1.0
10.765187049751797,106.67550552599072,36,36,1.0,7,43,6,1,1.0
10.75948437198232,106.6840537511244,28,28,1.0,7,43,6,1,1.0
10.865229381280963,106.72366973948476,40,49,1.0,7,43,6,1,0.8163
10.72279213640514,106.72808623948244,28,37,0.987486,7,43,6,1,0.7568
10.823400120373712,106.68551227436063,24,32,1.0,7,43,6,1,0.75
10.756158554057755,106.66631758181126,30,30,1.0,7,43,6,1,1.0
10.7144382088356,106.73711688366168,26,35,1.0,7,43,6,1,0.7429
10.817236653231737,106.63191539530456,35,35,1.0,7,44,6,1,1.0
10.772727584493625,106.69804225297564,18,24,0.996295,7,46,6,1,0.75
10.774028664434528,106.70357076461706,29,29,1.0,7,46,6,1,1.0
10.752616652291238,106.72509685338922,39,39,1.0,7,46,6,1,1.0
10.745754766198267,106.65326266831876,42,42,1.0,7,46,6,1,1.0
10.94927106740351,106.87196348224562,33,42,1.0,7,46,6,1,0.7857
10.78866360854368,106.695513722289,42,42,1.0,7,46,6,1,1.0
10.801406421807084,106.7114844087968,42,42,1.0,7,46,6,1,1.0
10.843150534972033,106.6151343241409,28,34,1.0,7,46,6,1,0.8235
10.880537767027526,106.81481342866444,53,53,1.0,7,46,6,1,1.0
10.740840166521664,106.61899246873142,34,34,1.0,7,47,6,1,1.0
10.798986343749618,106.7269705664684,45,45,1.0,7,47,6,1,1.0
10.741860769464234,106.73790365482628,45,45,1.0,7,47,6,1,1.0
10.752408891679814,106.7022703818112,33,33,1.0,7,47,6,1,1.0
10.786216596454729,106.71836665482697,40,40,1.0,7,47,6,1,1.0
10.78948793356203,106.7151883818118,36,36,1.0,7,47,6,1,1.0
10.80223925742187,106.6478722259914,41,41,1.0,7,47,6,1,1.0
10.813928881466124,106.66511432455972,26,33,0.993453,7,47,6,1,0.7879
10.755608615763382,106.67347943578082,28,28,1.0,7,47,6,1,1.0
10.782680856341084,106.70051548181168,24,30,1.0,7,47,6,1,0.8
10.754895139302109,106.67839188181134,26,32,1.0,7,47,6,1,0.8125
10.785070445194592,106.68331340921324,28,28,1.0,7,47,6,1,1.0
10.7549373008113,106.67848844133415,26,32,1.0,7,47,6,1,0.8125
10.77898143649726,106.67684447140958,26,34,1.0,7,47,6,1,0.7647
10.7671128283867,106.6927618222887,10,21,0.981108,7,47,6,1,0.4762
10.77847212665258,106.69389510879644,41,41,1.0,7,47,6,1,1.0
10.796057790235078,106.67492629345334,26,33,0.992725,7,47,6,1,0.7879
10.8352982156415,106.72935479345392,42,42,1.0,7,47,6,1,1.0
10.777562007197462,106.7041335430398,24,30,1.0,7,47,6,1,0.8
10.83886351241477,106.67566625482782,36,36,1.0,7,47,6,1,1.0
10.765187049751797,106.67550552599072,36,36,1.0,7,47,6,1,1.0
10.75948437198232,106.6840537511244,28,28,1.0,7,47,6,1,1.0
10.865229381280963,106.72366973948476,40,49,1.0,7,47,6,1,0.8163
10.72279213640514,106.72808623948244,27,37,0.992503,7,47,6,1,0.7297
10.823400120373712,106.68551227436063,25,32,1.0,7,47,6,1,0.7812
10.756158554057755,106.66631758181126,22,29,1.0,7,47,6,1,0.7586
10.7144382088356,106.73711688366168,26,35,1.0,7,48,6,1,0.7429
10.817236653231737,106.63191539530456,28,35,1.0,7,48,6,1,0.8
10.772727584493625,106.69804225297564,16,24,0.99506,7,50,6,1,0.6667
10.774028664434528,106.70357076461706,29,29,1.0,7,50,6,1,1.0
10.752616652291238,106.72509685338922,39,39,1.0,7,50,6,1,1.0
10.745754766198267,106.65326266831876,42,42,1.0,7,50,6,1,1.0
10.94927106740351,106.87196348224562,27,41,1.0,7,50,6,1,0.6585
10.78866360854368,106.695513722289,42,42,1.0,7,50,6,1,1.0
10.801406421807084,106.7114844087968,42,42,1.0,7,50,6,1,1.0
10.843150534972033,106.6151343241409,35,35,1.0,7,50,6,1,1.0
10.880537767027526,106.81481342866444,53,53,1.0,7,50,6,1,1.0
10.740840166521664,106.61899246873142,34,34,1.0,7,50,6,1,1.0
10.798986343749618,106.7269705664684,45,45,1.0,7,50,6,1,1.0
10.741860769464234,106.73790365482628,45,45,1.0,7,50,6,1,1.0
10.752408891679814,106.7022703818112,33,33,1.0,7,50,6,1,1.0
10.786216596454729,106.71836665482697,40,40,1.0,7,50,6,1,1.0
10.78948793356203,106.7151883818118,36,36,1.0,7,50,6,1,1.0
10.80223925742187,106.6478722259914,41,41,1.0,7,50,6,1,1.0
10.813928881466124,106.66511432455972,27,34,0.995103,7,50,6,1,0.7941
10.755608615763382,106.67347943578082,28,28,1.0,7,50,6,1,1.0
10.782680856341084,106.70051548181168,24,30,1.0,7,50,6,1,0.8
10.754895139302109,106.67839188181134,25,32,1.0,7,50,6,1,0.7812
10.785070445194592,106.68331340921324,28,28,1.0,7,50,6,1,1.0
10.7549373008113,106.67848844133415,25,32,1.0,7,50,6,1,0.7812
10.77898143649726,106.67684447140958,27,34,1.0,7,50,6,1,0.7941
10.7671128283867,106.6927618222887,9,20,0.975198,7,50,6,1,0.45
10.77847212665258,106.69389510879644,35,41,1.0,7,50,6,1,0.8537
10.796057790235078,106.67492629345334,27,34,0.995103,7,50,6,1,0.7941
10.8352982156415,106.72935479345392,42,42,1.0,7,50,6,1,1.0
10.777562007197462,106.7041335430398,24,30,1.0,7,50,6,1,0.8
10.83886351241477,106.67566625482782,36,36,1.0,7,50,6,1,1.0
10.765187049751797,106.67550552599072,36,36,1.0,7,50,6,1,1.0
10.75948437198232,106.6840537511244,28,28,1.0,7,50,6,1,1.0
10.865229381280963,106.72366973948476,49,49,1.0,7,50,6,1,1.0
10.72279213640514,106.72808623948244,28,36,0.987524,7,50,6,1,0.7778
10.823400120373712,106.68551227436063,32,32,1.0,7,50,6,1,1.0
10.756158554057755,106.66631758181126,30,30,1.0,7,50,6,1,1.0
10.7144382088356,106.73711688366168,27,35,1.0,7,50,6,1,0.7714
10.817236653231737,106.63191539530456,35,35,1.0,7,51,6,1,1.0
10.772727584493625,106.69804225297564,18,24,0.996295,7,53,6,1,0.75
10.774028664434528,106.70357076461706,29,29,1.0,7,53,6,1,1.0
10.752616652291238,106.72509685338922,39,39,1.0,7,53,6,1,1.0
10.745754766198267,106.65326266831876,42,42,1.0,7,53,6,1,1.0
10.94927106740351,106.87196348224562,32,41,1.0,7,53,6,1,0.7805
10.78866360854368,106.695513722289,42,42,1.0,7,53,6,1,1.0
10.801406421807084,106.7114844087968,42,42,1.0,7,53,6,1,1.0
10.843150534972033,106.6151343241409,35,35,1.0,7,53,6,1,1.0
10.880537767027526,106.81481342866444,53,53,1.0,7,53,6,1,1.0
10.740840166521664,106.61899246873142,29,35,0.99932,7,53,6,1,0.8286
10.798986343749618,106.7269705664684,45,45,1.0,7,53,6,1,1.0
10.741860769464234,106.73790365482628,45,45,1.0,7,53,6,1,1.0
10.752408891679814,106.7022703818112,27,34,1.0,7,53,6,1,0.7941
10.786216596454729,106.71836665482697,40,40,1.0,7,53,6,1,1.0
10.78948793356203,106.7151883818118,36,36,1.0,7,53,6,1,1.0
10.80223925742187,106.6478722259914,41,41,1.0,7,53,6,1,1.0
10.813928881466124,106.66511432455972,33,33,1.0,7,53,6,1,1.0
10.755608615763382,106.67347943578082,28,28,1.0,7,53,6,1,1.0
10.782680856341084,106.70051548181168,23,30,1.0,7,53,6,1,0.7667
10.754895139302109,106.67839188181134,23,32,1.0,7,53,6,1,0.7188
10.785070445194592,106.68331340921324,20,27,1.0,7,53,6,1,0.7407
10.7549373008113,106.67848844133415,23,32,1.0,7,53,6,1,0.7188
10.77898143649726,106.67684447140958,27,34,1.0,7,53,6,1,0.7941
10.7671128283867,106.6927618222887,20,20,1.0,7,53,6,1,1.0
10.77847212665258,106.69389510879644,34,41,1.0,7,53,6,1,0.8293
10.796057790235078,106.67492629345334,33,33,1.0,7,53,6,1,1.0
10.8352982156415,106.72935479345392,42,42,1.0,7,53,6,1,1.0
10.777562007197462,106.7041335430398,23,30,1.0,7,53,6,1,0.7667
10.83886351241477,106.67566625482782,36,36,1.0,7,53,6,1,1.0
10.765187049751797,106.67550552599072,36,36,1.0,7,53,6,1,1.0
10.75948437198232,106.6840537511244,28,28,1.0,7,53,6,1,1.0
10.865229381280963,106.72366973948476,40,49,1.0,7,53,6,1,0.8163
10.72279213640514,106.72808623948244,27,37,0.992873,7,53,6,1,0.7297
10.823400120373712,106.68551227436063,24,31,1.0,7,53,6,1,0.7742
10.756158554057755,106.66631758181126,23,30,1.0,7,53,6,1,0.7667
10.7144382088356,106.73711688366168,27,35,1.0,7,54,6,1,0.7714
10.817236653231737,106.63191539530456,29,35,1.0,7,54,6,1,0.8286
10.772727584493625,106.69804225297564,19,24,0.99506,7,56,6,1,0.7917
10.774028664434528,106.70357076461706,29,29,1.0,7,56,6,1,1.0
10.752616652291238,106.72509685338922,39,39,1.0,7,56,6,1,1.0
10.745754766198267,106.65326266831876,42,42,1.0,7,56,6,1,1.0
10.94927106740351,106.87196348224562,29,41,1.0,7,56,6,1,0.7073
10.78866360854368,106.695513722289,42,42,1.0,7,56,6,1,1.0
10.801406421807084,106.7114844087968,42,42,1.0,7,56,6,1,1.0
10.843150534972033,106.6151343241409,35,35,1.0,7,56,6,1,1.0
10.880537767027526,106.81481342866444,53,53,1.0,7,56,6,1,1.0
10.740840166521664,106.61899246873142,34,34,1.0,7,56,6,1,1.0
10.798986343749618,106.7269705664684,45,45,1.0,7,56,6,1,1.0
10.741860769464234,106.73790365482628,45,45,1.0,7,56,6,1,1.0
10.752408891679814,106.7022703818112,25,34,1.0,7,56,6,1,0.7353
10.786216596454729,106.71836665482697,40,40,1.0,7,56,6,1,1.0
10.78948793356203,106.7151883818118,36,36,1.0,7,56,6,1,1.0
10.80223925742187,106.6478722259914,41,41,1.0,7,56,6,1,1.0
10.813928881466124,106.66511432455972,27,34,0.995827,7,56,6,1,0.7941
10.755608615763382,106.67347943578082,20,28,0.99,7,56,6,1,0.7143
10.782680856341084,106.70051548181168,24,30,1.0,7,56,6,1,0.8
10.754895139302109,106.67839188181134,25,33,1.0,7,56,6,1,0.7576
10.785070445194592,106.68331340921324,22,27,1.0,7,56,6,1,0.8148
10.7549373008113,106.67848844133415,25,33,1.0,7,56,6,1,0.7576
10.77898143649726,106.67684447140958,28,35,1.0,7,56,6,1,0.8
10.7671128283867,106.6927618222887,14,20,0.98,7,56,6,1,0.7
10.77847212665258,106.69389510879644,41,41,1.0,7,56,6,1,1.0
10.796057790235078,106.67492629345334,27,34,0.995827,7,56,6,1,0.7941
10.8352982156415,106.72935479345392,42,42,1.0,7,56,6,1,1.0
10.777562007197462,106.7041335430398,24,30,1.0,7,56,6,1,0.8
10.83886351241477,106.67566625482782,36,36,1.0,7,56,6,1,1.0
10.765187049751797,106.67550552599072,36,36,1.0,7,56,6,1,1.0
10.75948437198232,106.6840537511244,20,28,0.99,7,56,6,1,0.7143
10.865229381280963,106.72366973948476,40,49,1.0,7,56,6,1,0.8163
10.72279213640514,106.72808623948244,28,37,0.993388,7,56,6,1,0.7568
10.823400120373712,106.68551227436063,23,31,1.0,7,57,6,1,0.7419
10.756158554057755,106.66631758181126,24,29,1.0,7,57,6,1,0.8276
10.7144382088356,106.73711688366168,28,35,1.0,7,57,6,1,0.8
10.817236653231737,106.63191539530456,35,35,1.0,7,57,6,1,1.0
10.772727584493625,106.69804225297564,18,24,0.993825,7,59,6,1,0.75
10.774028664434528,106.70357076461706,29,29,1.0,7,59,6,1,1.0
10.752616652291238,106.72509685338922,39,39,1.0,7,59,6,1,1.0
10.745754766198267,106.65326266831876,42,42,1.0,7,59,6,1,1.0
10.94927106740351,106.87196348224562,42,42,1.0,7,59,6,1,1.0
10.78866360854368,106.695513722289,42,42,1.0,7,59,6,1,1.0
10.801406421807084,106.7114844087968,42,42,1.0,7,59,6,1,1.0
10.843150534972033,106.6151343241409,27,35,1.0,7,59,6,1,0.7714
10.880537767027526,106.81481342866444,53,53,1.0,7,59,6,1,1.0
10.740840166521664,106.61899246873142,34,34,1.0,7,59,6,1,1.0
10.798986343749618,106.7269705664684,45,45,1.0,7,59,6,1,1.0
10.741860769464234,106.73790365482628,45,45,1.0,7,59,6,1,1.0
10.752408891679814,106.7022703818112,27,34,1.0,7,59,6,1,0.7941
10.786216596454729,106.71836665482697,40,40,1.0,7,59,6,1,1.0
10.78948793356203,106.7151883818118,36,36,1.0,8,0,6,1,1.0
10.80223925742187,106.6478722259914,41,41,1.0,8,0,6,1,1.0
10.813928881466124,106.66511432455972,26,33,0.996522,8,0,6,1,0.7879
10.755608615763382,106.67347943578082,28,28,1.0,8,0,6,1,1.0
10.782680856341084,106.70051548181168,30,30,1.0,8,0,6,1,1.0
10.754895139302109,106.67839188181134,25,33,1.0,8,0,6,1,0.7576
10.785070445194592,106.68331340921324,21,27,1.0,8,0,6,1,0.7778
10.7549373008113,106.67848844133415,25,33,1.0,8,0,6,1,0.7576
10.77898143649726,106.67684447140958,26,35,1.0,8,0,6,1,0.7429
10.7671128283867,106.6927618222887,15,19,0.99,8,0,6,1,0.7895
10.77847212665258,106.69389510879644,35,41,1.0,8,0,6,1,0.8537
10.796057790235078,106.67492629345334,26,33,0.996522,8,0,6,1,0.7879
10.8352982156415,106.72935479345392,42,42,1.0,8,0,6,1,1.0
10.777562007197462,106.7041335430398,25,30,1.0,8,0,6,1,0.8333
10.83886351241477,106.67566625482782,36,36,1.0,8,0,6,1,1.0
10.765187049751797,106.67550552599072,28,35,1.0,8,0,6,1,0.8
10.75948437198232,106.6840537511244,28,28,1.0,8,0,6,1,1.0
10.865229381280963,106.72366973948476,40,49,1.0,8,0,6,1,0.8163
10.72279213640514,106.72808623948244,27,37,0.993646,8,0,6,1,0.7297
10.823400120373712,106.68551227436063,25,32,1.0,8,0,6,1,0.7812
10.756158554057755,106.66631758181126,24,30,1.0,8,0,6,1,0.8
10.7144382088356,106.73711688366168,26,35,1.0,8,0,6,1,0.7429
10.817236653231737,106.63191539530456,28,35,1.0,8,0,6,1,0.8
10.772727584493625,106.69804225297564,15,24,0.996295,8,3,6,1,0.625
10.774028664434528,106.70357076461706,29,29,1.0,8,3,6,1,1.0
10.752616652291238,106.72509685338922,39,39,1.0,8,3,6,1,1.0
10.745754766198267,106.65326266831876,42,42,1.0,8,3,6,1,1.0
10.94927106740351,106.87196348224562,26,41,1.0,8,3,6,1,0.6341
10.78866360854368,106.695513722289,42,42,1.0,8,3,6,1,1.0
10.801406421807084,106.7114844087968,42,42,1.0,8,3,6,1,1.0
10.843150534972033,106.6151343241409,27,35,1.0,8,3,6,1,0.7714
10.880537767027526,106.81481342866444,53,53,1.0,8,3,6,1,1.0
10.740840166521664,106.61899246873142,29,35,1.0,8,3,6,1,0.8286
10.798986343749618,106.7269705664684,45,45,1.0,8,3,6,1,1.0
10.741860769464234,106.73790365482628,45,45,1.0,8,3,6,1,1.0
10.752408891679814,106.7022703818112,26,32,1.0,8,3,6,1,0.8125
10.786216596454729,106.71836665482697,40,40,1.0,8,3,6,1,1.0
10.78948793356203,106.7151883818118,36,36,1.0,8,3,6,1,1.0
10.80223925742187,106.6478722259914,41,41,1.0,8,3,6,1,1.0
10.813928881466124,106.66511432455972,26,33,0.997542,8,3,6,1,0.7879
10.755608615763382,106.67347943578082,28,28,1.0,8,3,6,1,1.0
10.782680856341084,106.70051548181168,24,30,1.0,8,3,6,1,0.8
10.754895139302109,106.67839188181134,24,32,1.0,8,3,6,1,0.75
10.785070445194592,106.68331340921324,22,27,1.0,8,3,6,1,0.8148
10.7549373008113,106.67848844133415,24,32,1.0,8,3,6,1,0.75
10.77898143649726,106.67684447140958,26,34,1.0,8,4,6,1,0.7647
10.7671128283867,106.6927618222887,20,20,1.0,8,4,6,1,1.0
10.77847212665258,106.69389510879644,34,41,1.0,8,4,6,1,0.8293
10.796057790235078,106.67492629345334,27,34,0.997542,8,4,6,1,0.7941
10.8352982156415,106.72935479345392,42,42,1.0,8,4,6,1,1.0
10.777562007197462,106.7041335430398,23,30,1.0,8,4,6,1,0.7667
10.83886351241477,106.67566625482782,36,36,1.0,8,4,6,1,1.0
10.765187049751797,106.67550552599072,36,36,1.0,8,4,6,1,1.0
10.75948437198232,106.6840537511244,28,28,1.0,8,4,6,1,1.0
10.865229381280963,106.72366973948476,49,49,1.0,8,4,6,1,1.0
10.72279213640514,106.72808623948244,26,37,0.996694,8,4,6,1,0.7027
10.823400120373712,106.68551227436063,25,31,1.0,8,4,6,1,0.8065
10.756158554057755,106.66631758181126,21,29,1.0,8,4,6,1,0.7241
10.7144382088356,106.73711688366168,27,35,1.0,8,4,6,1,0.7714
10.817236653231737,106.63191539530456,28,35,1.0,8,4,6,1,0.8
10.772727584493625,106.69804225297564,17,24,0.996295,8,6,6,1,0.7083
10.774028664434528,106.70357076461706,29,29,1.0,8,6,6,1,1.0
10.752616652291238,106.72509685338922,39,39,1.0,8,6,6,1,1.0
10.745754766198267,106.65326266831876,42,42,1.0,8,6,6,1,1.0
10.94927106740351,106.87196348224562,29,41,1.0,8,6,6,1,0.7073
10.78866360854368,106.695513722289,36,42,1.0,8,6,6,1,0.8571
10.801406421807084,106.7114844087968,36,42,1.0,8,6,6,1,0.8571
10.843150534972033,106.6151343241409,29,35,1.0,8,6,6,1,0.8286
10.880537767027526,106.81481342866444,53,53,1.0,8,6,6,1,1.0
10.740840166521664,106.61899246873142,30,35,1.0,8,6,6,1,0.8571
10.798986343749618,106.7269705664684,45,45,1.0,8,6,6,1,1.0
10.741860769464234,106.73790365482628,45,45,1.0,8,6,6,1,1.0
10.752408891679814,106.7022703818112,27,34,1.0,8,6,6,1,0.7941
10.786216596454729,106.71836665482697,40,40,1.0,8,6,6,1,1.0
10.78948793356203,106.7151883818118,36,36,1.0,8,6,6,1,1.0
10.80223925742187,106.6478722259914,41,41,1.0,8,7,6,1,1.0
10.813928881466124,106.66511432455972,27,33,0.997256,8,7,6,1,0.8182
10.755608615763382,106.67347943578082,23,27,0.994734,8,7,6,1,0.8519
10.782680856341084,106.70051548181168,23,31,1.0,8,7,6,1,0.7419
10.754895139302109,106.67839188181134,26,33,1.0,8,7,6,1,0.7879
10.785070445194592,106.68331340921324,22,28,1.0,8,7,6,1,0.7857
10.7549373008113,106.67848844133415,26,33,1.0,8,7,6,1,0.7879
10.77898143649726,106.67684447140958,26,34,1.0,8,7,6,1,0.7647
10.7671128283867,106.6927618222887,9,20,0.98,8,7,6,1,0.45
10.77847212665258,106.69389510879644,34,41,1.0,8,7,6,1,0.8293
10.796057790235078,106.67492629345334,27,33,0.997256,8,7,6,1,0.8182
10.8352982156415,106.72935479345392,42,42,1.0,8,7,6,1,1.0
10.777562007197462,106.7041335430398,24,31,1.0,8,7,6,1,0.7742
10.83886351241477,106.67566625482782,28,35,1.0,8,7,6,1,0.8
10.765187049751797,106.67550552599072,36,36,1.0,8,7,6,1,1.0
10.75948437198232,106.6840537511244,21,27,0.994696,8,7,6,1,0.7778
10.865229381280963,106.72366973948476,41,49,1.0,8,7,6,1,0.8367
10.72279213640514,106.72808623948244,26,37,0.996582,8,7,6,1,0.7027
10.823400120373712,106.68551227436063,25,31,1.0,8,7,6,1,0.8065
10.756158554057755,106.66631758181126,30,30,1.0,8,7,6,1,1.0
10.7144382088356,106.73711688366168,27,35,1.0,8,7,6,1,0.7714
10.817236653231737,106.63191539530456,29,35,1.0,8,8,6,1,0.8286
10.772727584493625,106.69804225297564,18,24,0.996295,8,10,6,1,0.75
10.774028664434528,106.70357076461706,29,29,1.0,8,10,6,1,1.0
10.752616652291238,106.72509685338922,39,39,1.0,8,10,6,1,1.0
10.745754766198267,106.65326266831876,42,42,1.0,8,10,6,1,1.0
10.94927106740351,106.87196348224562,42,42,1.0,8,10,6,1,1.0
10.78866360854368,106.695513722289,42,42,1.0,8,10,6,1,1.0
10.801406421807084,106.7114844087968,42,42,1.0,8,10,6,1,1.0
10.843150534972033,106.6151343241409,27,35,1.0,8,10,6,1,0.7714
10.880537767027526,106.81481342866444,53,53,1.0,8,10,6,1,1.0
10.740840166521664,106.61899246873142,34,34,1.0,8,10,6,1,1.0
10.798986343749618,106.7269705664684,45,45,1.0,8,10,6,1,1.0
10.741860769464234,106.73790365482628,45,45,1.0,8,10,6,1,1.0
10.752408891679814,106.7022703818112,33,33,1.0,8,10,6,1,1.0
10.786216596454729,106.71836665482697,40,40,1.0,8,10,6,1,1.0
10.78948793356203,106.7151883818118,36,36,1.0,8,10,6,1,1.0
10.80223925742187,106.6478722259914,41,41,1.0,8,10,6,1,1.0
10.813928881466124,106.66511432455972,28,34,0.997335,8,11,6,1,0.8235
10.755608615763382,106.67347943578082,20,28,0.99371,8,11,6,1,0.7143
10.782680856341084,106.70051548181168,23,30,1.0,8,11,6,1,0.7667
10.754895139302109,106.67839188181134,24,32,1.0,8,11,6,1,0.75
10.785070445194592,106.68331340921324,17,27,1.0,8,11,6,1,0.6296
10.7549373008113,106.67848844133415,25,32,1.0,8,11,6,1,0.7812
10.77898143649726,106.67684447140958,26,34,1.0,8,11,6,1,0.7647
10.7671128283867,106.6927618222887,20,20,1.0,8,11,6,1,1.0
10.77847212665258,106.69389510879644,33,40,1.0,8,11,6,1,0.825
10.796057790235078,106.67492629345334,33,33,1.0,8,11,6,1,1.0
10.8352982156415,106.72935479345392,35,42,0.994109,8,11,6,1,0.8333
10.777562007197462,106.7041335430398,23,30,1.0,8,11,6,1,0.7667
10.83886351241477,106.67566625482782,36,36,1.0,8,11,6,1,1.0
10.765187049751797,106.67550552599072,36,36,1.0,8,11,6,1,1.0
10.75948437198232,106.6840537511244,20,27,0.994715,8,11,6,1,0.7407
10.865229381280963,106.72366973948476,40,49,1.0,8,11,6,1,0.8163
10.72279213640514,106.72808623948244,25,37,0.997253,8,11,6,1,0.6757
10.823400120373712,106.68551227436063,25,31,1.0,8,11,6,1,0.8065
10.756158554057755,106.66631758181126,30,30,1.0,8,11,6,1,1.0
10.7144382088356,106.73711688366168,27,35,1.0,8,11,6,1,0.7714
10.817236653231737,106.63191539530456,27,35,1.0,8,11,6,1,0.7714
10.772727584493625,106.69804225297564,16,24,0.996295,8,13,6,1,0.6667
10.774028664434528,106.70357076461706,29,29,1.0,8,13,6,1,1.0
10.752616652291238,106.72509685338922,39,39,1.0,8,13,6,1,1.0
10.745754766198267,106.65326266831876,42,42,1.0,8,13,6,1,1.0
10.94927106740351,106.87196348224562,31,41,1.0,8,13,6,1,0.7561
10.78866360854368,106.695513722289,42,42,1.0,8,13,6,1,1.0
10.801406421807084,106.7114844087968,42,42,1.0,8,14,6,1,1.0
10.843150534972033,106.6151343241409,27,35,1.0,8,14,6,1,0.7714
10.880537767027526,106.81481342866444,53,53,1.0,8,14,6,1,1.0
10.740840166521664,106.61899246873142,30,35,1.0,8,14,6,1,0.8571
10.798986343749618,106.7269705664684,45,45,1.0,8,14,6,1,1.0
10.741860769464234,106.73790365482628,45,45,1.0,8,14,6,1,1.0
10.752408891679814,106.7022703818112,28,34,1.0,8,14,6,1,0.8235
10.786216596454729,106.71836665482697,40,40,1.0,8,14,6,1,1.0
10.78948793356203,106.7151883818118,36,36,1.0,8,14,6,1,1.0
10.80223925742187,106.6478722259914,41,41,1.0,8,14,6,1,1.0
10.813928881466124,106.66511432455972,27,34,0.997443,8,14,6,1,0.7941
10.755608615763382,106.67347943578082,20,26,0.996863,8,14,6,1,0.7692
10.782680856341084,106.70051548181168,23,30,1.0,8,14,6,1,0.7667
10.754895139302109,106.67839188181134,25,32,1.0,8,14,6,1,0.7812
10.785070445194592,106.68331340921324,23,27,1.0,8,14,6,1,0.8519
10.7549373008113,106.67848844133415,25,32,1.0,8,14,6,1,0.7812
10.77898143649726,106.67684447140958,26,34,1.0,8,14,6,1,0.7647
10.7671128283867,106.6927618222887,20,20,1.0,8,14,6,1,1.0
10.77847212665258,106.69389510879644,34,41,1.0,8,14,6,1,0.8293
10.796057790235078,106.67492629345334,28,33,0.997472,8,15,6,1,0.8485
10.8352982156415,106.72935479345392,37,42,0.993602,8,15,6,1,0.881
10.777562007197462,106.7041335430398,24,30,1.0,8,15,6,1,0.8
10.83886351241477,106.67566625482782,36,36,1.0,8,15,6,1,1.0
10.765187049751797,106.67550552599072,29,36,1.0,8,15,6,1,0.8056
10.75948437198232,106.6840537511244,22,27,0.995817,8,15,6,1,0.8148
10.865229381280963,106.72366973948476,40,49,1.0,8,15,6,1,0.8163
10.72279213640514,106.72808623948244,26,37,0.996694,8,15,6,1,0.7027
10.823400120373712,106.68551227436063,32,32,1.0,8,15,6,1,1.0
10.756158554057755,106.66631758181126,22,29,1.0,8,15,6,1,0.7586
10.7144382088356,106.73711688366168,28,35,1.0,8,15,6,1,0.8
10.817236653231737,106.63191539530456,26,35,1.0,8,15,6,1,0.7429
10.772727584493625,106.69804225297564,17,24,0.996295,8,17,6,1,0.7083
10.774028664434528,106.70357076461706,29,29,1.0,8,17,6,1,1.0
10.752616652291238,106.72509685338922,39,39,1.0,8,17,6,1,1.0
10.745754766198267,106.65326266831876,42,42,1.0,8,17,6,1,1.0
10.94927106740351,106.87196348224562,32,41,1.0,8,18,6,1,0.7805
10.78866360854368,106.695513722289,42,42,1.0,8,18,6,1,1.0
10.801406421807084,106.7114844087968,42,42,1.0,8,18,6,1,1.0
10.843150534972033,106.6151343241409,25,35,1.0,8,18,6,1,0.7143
10.880537767027526,106.81481342866444,53,53,1.0,8,18,6,1,1.0
10.740840166521664,106.61899246873142,28,35,1.0,8,18,6,1,0.8
10.798986343749618,106.7269705664684,45,45,1.0,8,18,6,1,1.0
10.741860769464234,106.73790365482628,45,45,1.0,8,18,6,1,1.0
10.752408891679814,106.7022703818112,24,33,1.0,8,18,6,1,0.7273
10.786216596454729,106.71836665482697,40,40,1.0,8,18,6,1,1.0
10.78948793356203,106.7151883818118,36,36,1.0,8,18,6,1,1.0
10.80223925742187,106.6478722259914,41,41,1.0,8,18,6,1,1.0
10.813928881466124,106.66511432455972,27,33,0.997652,8,18,6,1,0.8182
10.755608615763382,106.67347943578082,17,27,0.994753,8,18,6,1,0.6296
10.782680856341084,106.70051548181168,23,30,1.0,8,18,6,1,0.7667
10.754895139302109,106.67839188181134,25,32,1.0,8,18,6,1,0.7812
10.785070445194592,106.68331340921324,20,26,1.0,8,18,6,1,0.7692
10.7549373008113,106.67848844133415,25,32,1.0,8,18,6,1,0.7812
10.77898143649726,106.67684447140958,26,34,1.0,8,18,6,1,0.7647
10.7671128283867,106.6927618222887,20,20,1.0,8,18,6,1,1.0
10.77847212665258,106.69389510879644,34,41,1.0,8,18,6,1,0.8293
10.796057790235078,106.67492629345334,27,34,0.997651,8,18,6,1,0.7941
10.8352982156415,106.72935479345392,37,42,0.992578,8,18,6,1,0.881
10.777562007197462,106.7041335430398,23,30,1.0,8,18,6,1,0.7667
10.83886351241477,106.67566625482782,28,36,1.0,8,19,6,1,0.7778
10.765187049751797,106.67550552599072,27,36,1.0,8,19,6,1,0.75
10.75948437198232,106.6840537511244,18,27,0.993703,8,19,6,1,0.6667
10.865229381280963,106.72366973948476,49,49,1.0,8,19,6,1,1.0
10.72279213640514,106.72808623948244,27,37,0.996721,8,19,6,1,0.7297
10.823400120373712,106.68551227436063,32,32,1.0,8,19,6,1,1.0
10.756158554057755,106.66631758181126,30,30,1.0,8,19,6,1,1.0
10.7144382088356,106.73711688366168,26,35,1.0,8,19,6,1,0.7429
10.817236653231737,106.63191539530456,27,35,1.0,8,19,6,1,0.7714
10.772727584493625,106.69804225297564,18,24,0.99753,8,21,6,1,0.75
10.774028664434528,106.70357076461706,19,27,0.99,8,21,6,1,0.7037
10.752616652291238,106.72509685338922,39,39,1.0,8,21,6,1,1.0
10.745754766198267,106.65326266831876,42,42,1.0,8,21,6,1,1.0
10.94927106740351,106.87196348224562,29,42,1.0,8,21,6,1,0.6905
10.78866360854368,106.695513722289,37,42,1.0,8,21,6,1,0.881
10.801406421807084,106.7114844087968,37,42,1.0,8,21,6,1,0.881
10.843150534972033,106.6151343241409,28,34,1.0,8,21,6,1,0.8235
10.880537767027526,106.81481342866444,53,53,1.0,8,21,6,1,1.0
10.740840166521664,106.61899246873142,34,34,1.0,8,21,6,1,1.0
10.798986343749618,106.7269705664684,45,45,1.0,8,21,6,1,1.0
10.741860769464234,106.73790365482628,45,45,1.0,8,21,6,1,1.0
10.752408891679814,106.7022703818112,33,33,1.0,8,21,6,1,1.0
10.786216596454729,106.71836665482697,40,40,1.0,8,21,6,1,1.0
10.78948793356203,106.7151883818118,28,35,1.0,8,21,6,1,0.8
10.80223925742187,106.6478722259914,33,41,1.0,8,21,6,1,0.8049
10.813928881466124,106.66511432455972,25,33,0.997652,8,21,6,1,0.7576
10.755608615763382,106.67347943578082,19,26,0.990589,8,21,6,1,0.7308
10.782680856341084,106.70051548181168,24,30,1.0,8,22,6,1,0.8
10.754895139302109,106.67839188181134,26,32,1.0,8,22,6,1,0.8125
10.785070445194592,106.68331340921324,17,28,1.0,8,22,6,1,0.6071
10.7549373008113,106.67848844133415,26,32,1.0,8,22,6,1,0.8125
10.77898143649726,106.67684447140958,25,34,1.0,8,22,6,1,0.7353
10.7671128283867,106.6927618222887,10,19,0.99,8,22,6,1,0.5263
10.77847212665258,106.69389510879644,33,41,1.0,8,22,6,1,0.8049
10.796057790235078,106.67492629345334,24,34,0.997652,8,22,6,1,0.7059
10.8352982156415,106.72935479345392,37,42,0.994637,8,22,6,1,0.881
10.777562007197462,106.7041335430398,24,30,1.0,8,22,6,1,0.8
10.83886351241477,106.67566625482782,36,36,1.0,8,22,6,1,1.0
10.765187049751797,106.67550552599072,36,36,1.0,8,22,6,1,1.0
10.75948437198232,106.6840537511244,21,27,0.990521,8,22,6,1,0.7778
10.865229381280963,106.72366973948476,39,49,1.0,8,22,6,1,0.7959
10.72279213640514,106.72808623948244,27,37,0.99628,8,22,6,1,0.7297
10.823400120373712,106.68551227436063,32,32,1.0,8,22,6,1,1.0
10.756158554057755,106.66631758181126,23,29,1.0,8,22,6,1,0.7931
10.7144382088356,106.73711688366168,26,35,1.0,8,22,6,1,0.7429
10.817236653231737,106.63191539530456,28,35,1.0,8,22,6,1,0.8
10.772727584493625,106.69804225297564,19,24,0.99753,8,25,6,1,0.7917
10.774028664434528,106.70357076461706,29,29,1.0,8,25,6,1,1.0
10.752616652291238,106.72509685338922,39,39,1.0,8,25,6,1,1.0
10.745754766198267,106.65326266831876,42,42,1.0,8,25,6,1,1.0
10.94927106740351,106.87196348224562,42,42,1.0,8,25,6,1,1.0
10.78866360854368,106.695513722289,42,42,1.0,8,25,6,1,1.0
10.801406421807084,106.7114844087968,42,42,1.0,8,25,6,1,1.0
10.843150534972033,106.6151343241409,28,35,1.0,8,25,6,1,0.8
10.880537767027526,106.81481342866444,53,53,1.0,8,25,6,1,1.0
10.740840166521664,106.61899246873142,34,34,1.0,8,25,6,1,1.0
10.798986343749618,106.7269705664684,45,45,1.0,8,25,6,1,1.0
10.741860769464234,106.73790365482628,45,45,1.0,8,25,6,1,1.0
10.752408891679814,106.7022703818112,26,34,1.0,8,25,6,1,0.7647
10.786216596454729,106.71836665482697,40,40,1.0,8,25,6,1,1.0
10.78948793356203,106.7151883818118,36,36,1.0,8,25,6,1,1.0
10.80223925742187,106.6478722259914,41,41,1.0,8,25,6,1,1.0
10.813928881466124,106.66511432455972,25,33,0.997651,8,25,6,1,0.7576
10.755608615763382,106.67347943578082,28,28,1.0,8,25,6,1,1.0
10.782680856341084,106.70051548181168,24,30,1.0,8,25,6,1,0.8
10.754895139302109,106.67839188181134,24,32,1.0,8,25,6,1,0.75
10.785070445194592,106.68331340921324,22,28,1.0,8,25,6,1,0.7857
10.7549373008113,106.67848844133415,24,32,1.0,8,25,6,1,0.75
10.77898143649726,106.67684447140958,24,34,1.0,8,25,6,1,0.7059
10.7671128283867,106.6927618222887,12,19,0.99,8,25,6,1,0.6316
10.77847212665258,106.69389510879644,32,41,1.0,8,25,6,1,0.7805
10.796057790235078,106.67492629345334,25,33,0.997651,8,25,6,1,0.7576
10.8352982156415,106.72935479345392,36,42,0.993508,8,26,6,1,0.8571
10.777562007197462,106.7041335430398,24,30,1.0,8,26,6,1,0.8
10.83886351241477,106.67566625482782,36,36,1.0,8,26,6,1,1.0
10.765187049751797,106.67550552599072,26,35,1.0,8,26,6,1,0.7429
10.75948437198232,106.6840537511244,28,28,1.0,8,26,6,1,1.0
10.865229381280963,106.72366973948476,39,48,1.0,8,26,6,1,0.8125
10.72279213640514,106.72808623948244,26,37,0.996694,8,26,6,1,0.7027
10.823400120373712,106.68551227436063,32,32,1.0,8,26,6,1,1.0
10.756158554057755,106.66631758181126,21,29,1.0,8,26,6,1,0.7241
10.7144382088356,106.73711688366168,27,35,1.0,8,26,6,1,0.7714
10.817236653231737,106.63191539530456,27,34,1.0,8,26,6,1,0.7941
10.772727584493625,106.69804225297564,25,25,1.0,8,28,6,1,1.0
10.774028664434528,106.70357076461706,23,28,1.0,8,28,6,1,0.8214
10.752616652291238,106.72509685338922,39,39,1.0,8,28,6,1,1.0
10.745754766198267,106.65326266831876,42,42,1.0,8,28,6,1,1.0
10.94927106740351,106.87196348224562,29,41,1.0,8,28,6,1,0.7073
10.78866360854368,106.695513722289,42,42,1.0,8,28,6,1,1.0
10.801406421807084,106.7114844087968,42,42,1.0,8,28,6,1,1.0
10.843150534972033,106.6151343241409,27,35,1.0,8,28,6,1,0.7714
10.880537767027526,106.81481342866444,53,53,1.0,8,28,6,1,1.0
10.740840166521664,106.61899246873142,34,34,1.0,8,28,6,1,1.0
10.798986343749618,106.7269705664684,45,45,1.0,8,28,6,1,1.0
10.741860769464234,106.73790365482628,45,45,1.0,8,28,6,1,1.0
10.752408891679814,106.7022703818112,33,33,1.0,8,28,6,1,1.0
10.786216596454729,106.71836665482697,40,40,1.0,8,28,6,1,1.0
10.78948793356203,106.7151883818118,36,36,1.0,8,28,6,1,1.0
10.80223925742187,106.6478722259914,41,41,1.0,8,28,6,1,1.0
10.813928881466124,106.66511432455972,25,33,0.997259,8,28,6,1,0.7576
10.755608615763382,106.67347943578082,22,27,0.99,8,28,6,1,0.8148
10.782680856341084,106.70051548181168,24,30,1.0,8,28,6,1,0.8
10.754895139302109,106.67839188181134,24,32,1.0,8,28,6,1,0.75
10.785070445194592,106.68331340921324,19,27,1.0,8,28,6,1,0.7037
10.7549373008113,106.67848844133415,24,32,1.0,8,28,6,1,0.75
10.77898143649726,106.67684447140958,26,34,1.0,8,28,6,1,0.7647
10.7671128283867,106.6927618222887,16,20,1.0,8,28,6,1,0.8
10.77847212665258,106.69389510879644,34,41,1.0,8,28,6,1,0.8293
10.796057790235078,106.67492629345334,25,33,0.997259,8,29,6,1,0.7576
10.8352982156415,106.72935479345392,36,42,0.991095,8,29,6,1,0.8571
10.777562007197462,106.7041335430398,23,30,1.0,8,29,6,1,0.7667
10.83886351241477,106.67566625482782,36,36,1.0,8,29,6,1,1.0
10.765187049751797,106.67550552599072,24,36,1.0,8,29,6,1,0.6667
10.75948437198232,106.6840537511244,28,28,1.0,8,29,6,1,1.0
10.865229381280963,106.72366973948476,39,49,1.0,8,29,6,1,0.7959
10.72279213640514,106.72808623948244,26,37,0.996582,8,29,6,1,0.7027
10.823400120373712,106.68551227436063,23,32,1.0,8,29,6,1,0.7188
10.756158554057755,106.66631758181126,22,29,1.0,8,29,6,1,0.7586
10.7144382088356,106.73711688366168,26,35,1.0,8,29,6,1,0.7429
10.817236653231737,106.63191539530456,27,35,1.0,8,29,6,1,0.7714
10.772727584493625,106.69804225297564,25,25,1.0,8,31,6,1,1.0
10.774028664434528,106.70357076461706,22,27,1.0,8,31,6,1,0.8148
10.752616652291238,106.72509685338922,39,39,1.0,8,31,6,1,1.0
10.745754766198267,106.65326266831876,42,42,1.0,8,31,6,1,1.0
10.94927106740351,106.87196348224562,30,41,1.0,8,31,6,1,0.7317
10.78866360854368,106.695513722289,42,42,1.0,8,31,6,1,1.0
10.801406421807084,106.7114844087968,42,42,1.0,8,31,6,1,1.0
10.843150534972033,106.6151343241409,27,35,1.0,8,32,6,1,0.7714
10.880537767027526,106.81481342866444,53,53,1.0,8,32,6,1,1.0
10.740840166521664,106.61899246873142,34,34,1.0,8,32,6,1,1.0
10.798986343749618,106.7269705664684,45,45,1.0,8,32,6,1,1.0
10.741860769464234,106.73790365482628,45,45,1.0,8,32,6,1,1.0
10.752408891679814,106.7022703818112,33,33,1.0,8,32,6,1,1.0
10.786216596454729,106.71836665482697,40,40,1.0,8,32,6,1,1.0
10.78948793356203,106.7151883818118,36,36,1.0,8,32,6,1,1.0
10.80223925742187,106.6478722259914,41,41,1.0,8,32,6,1,1.0
10.813928881466124,106.66511432455972,25,34,0.997545,8,32,6,1,0.7353
10.755608615763382,106.67347943578082,28,28,1.0,8,32,6,1,1.0
10.782680856341084,106.70051548181168,22,30,1.0,8,32,6,1,0.7333
10.754895139302109,106.67839188181134,24,32,1.0,8,32,6,1,0.75
10.785070445194592,106.68331340921324,18,27,1.0,8,32,6,1,0.6667
10.7549373008113,106.67848844133415,24,32,1.0,8,32,6,1,0.75
10.77898143649726,106.67684447140958,28,35,1.0,8,32,6,1,0.8
10.7671128283867,106.6927618222887,20,20,1.0,8,32,6,1,1.0
10.77847212665258,106.69389510879644,34,41,1.0,8,32,6,1,0.8293
10.796057790235078,106.67492629345334,25,34,0.997545,8,32,6,1,0.7353
10.8352982156415,106.72935479345392,42,42,1.0,8,32,6,1,1.0
10.777562007197462,106.7041335430398,22,30,1.0,8,32,6,1,0.7333
10.83886351241477,106.67566625482782,36,36,1.0,8,32,6,1,1.0
10.765187049751797,106.67550552599072,36,36,1.0,8,32,6,1,1.0
10.75948437198232,106.6840537511244,21,28,0.994914,8,32,6,1,0.75
10.865229381280963,106.72366973948476,39,49,1.0,8,32,6,1,0.7959
10.72279213640514,106.72808623948244,26,37,0.995404,8,32,6,1,0.7027
10.823400120373712,106.68551227436063,32,32,1.0,8,32,6,1,1.0
10.756158554057755,106.66631758181126,18,30,1.0,8,32,6,1,0.6
10.7144382088356,106.73711688366168,26,35,1.0,8,32,6,1,0.7429
10.817236653231737,106.63191539530456,28,35,1.0,8,32,6,1,0.8
10.772727584493625,106.69804225297564,18,24,0.99753,8,34,6,1,0.75
10.774028664434528,106.70357076461706,29,29,1.0,8,34,6,1,1.0
10.752616652291238,106.72509685338922,39,39,1.0,8,34,6,1,1.0
10.745754766198267,106.65326266831876,42,42,1.0,8,34,6,1,1.0
10.94927106740351,106.87196348224562,34,42,1.0,8,34,6,1,0.8095
10.78866360854368,106.695513722289,37,42,1.0,8,35,6,1,0.881
10.801406421807084,106.7114844087968,37,42,1.0,8,35,6,1,0.881
10.843150534972033,106.6151343241409,28,34,1.0,8,35,6,1,0.8235
10.880537767027526,106.81481342866444,53,53,1.0,8,35,6,1,1.0
10.740840166521664,106.61899246873142,31,35,1.0,8,35,6,1,0.8857
10.798986343749618,106.7269705664684,45,45,1.0,8,35,6,1,1.0
10.741860769464234,106.73790365482628,45,45,1.0,8,35,6,1,1.0
10.752408891679814,106.7022703818112,33,33,1.0,8,35,6,1,1.0
10.786216596454729,106.71836665482697,40,40,1.0,8,35,6,1,1.0
10.78948793356203,106.7151883818118,28,36,1.0,8,35,6,1,0.7778
10.80223925742187,106.6478722259914,41,41,1.0,8,35,6,1,1.0
10.813928881466124,106.66511432455972,25,34,0.997545,8,35,6,1,0.7353
10.755608615763382,106.67347943578082,20,27,0.992949,8,35,6,1,0.7407
10.782680856341084,106.70051548181168,21,30,1.0,8,35,6,1,0.7
10.754895139302109,106.67839188181134,24,32,1.0,8,35,6,1,0.75
10.785070445194592,106.68331340921324,19,27,1.0,8,35,6,1,0.7037
10.7549373008113,106.67848844133415,24,32,1.0,8,35,6,1,0.75
10.77898143649726,106.67684447140958,27,35,1.0,8,35,6,1,0.7714
10.7671128283867,106.6927618222887,20,20,1.0,8,35,6,1,1.0
10.77847212665258,106.69389510879644,35,41,1.0,8,35,6,1,0.8537
10.796057790235078,106.67492629345334,25,33,0.99681,8,35,6,1,0.7576
10.8352982156415,106.72935479345392,37,42,0.994371,8,35,6,1,0.881
10.777562007197462,106.7041335430398,21,30,1.0,8,35,6,1,0.7
10.83886351241477,106.67566625482782,36,36,1.0,8,35,6,1,1.0
10.765187049751797,106.67550552599072,28,36,1.0,8,35,6,1,0.7778
10.75948437198232,106.6840537511244,20,27,0.992972,8,35,6,1,0.7407
10.865229381280963,106.72366973948476,38,49,1.0,8,35,6,1,0.7755
10.72279213640514,106.72808623948244,24,37,0.997702,8,35,6,1,0.6486
10.823400120373712,106.68551227436063,25,32,1.0,8,35,6,1,0.7812
10.756158554057755,106.66631758181126,21,28,1.0,8,35,6,1,0.75
10.7144382088356,106.73711688366168,26,35,1.0,8,36,6,1,0.7429
10.817236653231737,106.63191539530456,27,35,1.0,8,36,6,1,0.7714
10.772727584493625,106.69804225297564,25,25,1.0,8,38,6,1,1.0
10.774028664434528,106.70357076461706,23,28,1.0,8,38,6,1,0.8214
10.752616652291238,106.72509685338922,39,39,1.0,8,38,6,1,1.0
10.745754766198267,106.65326266831876,42,42,1.0,8,38,6,1,1.0
10.94927106740351,106.87196348224562,26,42,1.0,8,38,6,1,0.619
10.78866360854368,106.695513722289,37,42,1.0,8,38,6,1,0.881
10.801406421807084,106.7114844087968,37,42,0.999821,8,38,6,1,0.881
10.843150534972033,106.6151343241409,29,35,1.0,8,38,6,1,0.8286
10.880537767027526,106.81481342866444,53,53,1.0,8,38,6,1,1.0
10.740840166521664,106.61899246873142,29,35,1.0,8,38,6,1,0.8286
10.798986343749618,106.7269705664684,45,45,1.0,8,38,6,1,1.0
10.741860769464234,106.73790365482628,45,45,1.0,8,38,6,1,1.0
10.752408891679814,106.7022703818112,33,33,1.0,8,38,6,1,1.0
10.786216596454729,106.71836665482697,40,40,1.0,8,39,6,1,1.0
10.78948793356203,106.7151883818118,36,36,1.0,8,39,6,1,1.0
10.80223925742187,106.6478722259914,41,41,1.0,8,39,6,1,1.0
10.813928881466124,106.66511432455972,24,34,0.997335,8,39,6,1,0.7059
10.755608615763382,106.67347943578082,21,28,0.996166,8,39,6,1,0.75
10.782680856341084,106.70051548181168,22,30,1.0,8,39,6,1,0.7333
10.754895139302109,106.67839188181134,22,32,1.0,8,39,6,1,0.6875
10.785070445194592,106.68331340921324,20,27,1.0,8,39,6,1,0.7407
10.7549373008113,106.67848844133415,22,33,1.0,8,39,6,1,0.6667
10.77898143649726,106.67684447140958,26,35,1.0,8,39,6,1,0.7429
10.7671128283867,106.6927618222887,20,20,1.0,8,39,6,1,1.0
10.77847212665258,106.69389510879644,33,41,1.0,8,39,6,1,0.8049
10.796057790235078,106.67492629345334,25,34,0.997679,8,39,6,1,0.7353
10.8352982156415,106.72935479345392,35,42,0.995215,8,39,6,1,0.8333
10.777562007197462,106.7041335430398,23,30,1.0,8,39,6,1,0.7667
10.83886351241477,106.67566625482782,36,36,1.0,8,39,6,1,1.0
10.765187049751797,106.67550552599072,36,36,1.0,8,39,6,1,1.0
10.75948437198232,106.6840537511244,20,28,0.996177,8,39,6,1,0.7143
10.865229381280963,106.72366973948476,39,49,1.0,8,39,6,1,0.7959
10.72279213640514,106.72808623948244,25,37,0.997399,8,39,6,1,0.6757
10.823400120373712,106.68551227436063,23,31,1.0,8,39,6,1,0.7419
10.756158554057755,106.66631758181126,24,29,1.0,8,40,6,1,0.8276
10.7144382088356,106.73711688366168,26,35,1.0,8,40,6,1,0.7429
10.817236653231737,106.63191539530456,28,35,1.0,8,40,6,1,0.8
10.772727584493625,106.69804225297564,18,23,0.998765,8,42,6,1,0.7826
10.774028664434528,106.70357076461706,19,28,1.0,8,42,6,1,0.6786
10.752616652291238,106.72509685338922,39,39,1.0,8,42,6,1,1.0
10.745754766198267,106.65326266831876,42,42,1.0,8,42,6,1,1.0
10.94927106740351,106.87196348224562,31,42,1.0,8,42,6,1,0.7381
10.78866360854368,106.695513722289,42,42,1.0,8,42,6,1,1.0
10.801406421807084,106.7114844087968,42,42,1.0,8,42,6,1,1.0
10.843150534972033,106.6151343241409,27,35,1.0,8,42,6,1,0.7714
10.880537767027526,106.81481342866444,53,53,1.0,8,42,6,1,1.0
10.740840166521664,106.61899246873142,34,34,1.0,8,42,6,1,1.0
10.798986343749618,106.7269705664684,45,45,1.0,8,42,6,1,1.0
10.741860769464234,106.73790365482628,45,45,1.0,8,42,6,1,1.0
10.752408891679814,106.7022703818112,26,33,1.0,8,42,6,1,0.7879
10.786216596454729,106.71836665482697,40,40,1.0,8,42,6,1,1.0
10.78948793356203,106.7151883818118,36,36,1.0,8,42,6,1,1.0
10.80223925742187,106.6478722259914,33,41,1.0,8,42,6,1,0.8049
10.813928881466124,106.66511432455972,26,34,0.997652,8,42,6,1,0.7647
10.755608615763382,106.67347943578082,21,27,0.99544,8,42,6,1,0.7778
10.782680856341084,106.70051548181168,23,30,1.0,8,42,6,1,0.7667
10.754895139302109,106.67839188181134,22,32,1.0,8,42,6,1,0.6875
10.785070445194592,106.68331340921324,19,27,1.0,8,43,6,1,0.7037
10.7549373008113,106.67848844133415,22,32,1.0,8,43,6,1,0.6875
10.77898143649726,106.67684447140958,26,34,1.0,8,43,6,1,0.7647
10.7671128283867,106.6927618222887,20,20,1.0,8,43,6,1,1.0
10.77847212665258,106.69389510879644,34,41,1.0,8,43,6,1,0.8293
10.796057790235078,106.67492629345334,26,34,0.997652,8,43,6,1,0.7647
10.8352982156415,106.72935479345392,42,42,1.0,8,43,6,1,1.0
10.777562007197462,106.7041335430398,23,30,1.0,8,43,6,1,0.7667
10.83886351241477,106.67566625482782,29,36,1.0,8,43,6,1,0.8056
10.765187049751797,106.67550552599072,36,36,1.0,8,43,6,1,1.0
10.75948437198232,106.6840537511244,22,27,0.99544,8,43,6,1,0.8148
10.865229381280963,106.72366973948476,39,49,1.0,8,43,6,1,0.7959
10.72279213640514,106.72808623948244,23,36,1.0,8,43,6,1,0.6389
10.823400120373712,106.68551227436063,24,32,1.0,8,43,6,1,0.75
10.756158554057755,106.66631758181126,23,29,1.0,8,43,6,1,0.7931
10.7144382088356,106.73711688366168,26,35,1.0,8,43,6,1,0.7429
10.817236653231737,106.63191539530456,26,35,1.0,8,43,6,1,0.7429
10.772727584493625,106.69804225297564,25,25,1.0,8,45,6,1,1.0
10.774028664434528,106.70357076461706,22,28,1.0,8,45,6,1,0.7857
10.752616652291238,106.72509685338922,39,39,1.0,8,45,6,1,1.0
10.745754766198267,106.65326266831876,42,42,1.0,8,45,6,1,1.0
10.94927106740351,106.87196348224562,31,42,1.0,8,45,6,1,0.7381
10.78866360854368,106.695513722289,36,41,1.0,8,45,6,1,0.878
10.801406421807084,106.7114844087968,36,41,1.0,8,45,6,1,0.878
10.843150534972033,106.6151343241409,27,35,1.0,8,45,6,1,0.7714
10.880537767027526,106.81481342866444,53,53,1.0,8,45,6,1,1.0
10.740840166521664,106.61899246873142,29,35,1.0,8,45,6,1,0.8286
10.798986343749618,106.7269705664684,45,45,1.0,8,45,6,1,1.0
10.741860769464234,106.73790365482628,45,45,1.0,8,45,6,1,1.0
10.752408891679814,106.7022703818112,33,33,1.0,8,46,6,1,1.0
10.786216596454729,106.71836665482697,40,40,1.0,8,46,6,1,1.0
10.78948793356203,106.7151883818118,36,36,1.0,8,46,6,1,1.0
10.80223925742187,106.6478722259914,32,40,1.0,8,46,6,1,0.8
10.813928881466124,106.66511432455972,26,34,0.997914,8,46,6,1,0.7647
10.755608615763382,106.67347943578082,21,28,0.996926,8,46,6,1,0.75
10.782680856341084,106.70051548181168,21,30,1.0,8,46,6,1,0.7
10.754895139302109,106.67839188181134,24,32,1.0,8,46,6,1,0.75
10.785070445194592,106.68331340921324,20,28,1.0,8,46,6,1,0.7143
10.7549373008113,106.67848844133415,24,32,1.0,8,46,6,1,0.75
10.77898143649726,106.67684447140958,25,34,1.0,8,46,6,1,0.7353
10.7671128283867,106.6927618222887,16,20,0.99,8,46,6,1,0.8
10.77847212665258,106.69389510879644,33,41,1.0,8,46,6,1,0.8049
10.796057790235078,106.67492629345334,33,33,1.0,8,46,6,1,1.0
10.8352982156415,106.72935479345392,42,42,1.0,8,46,6,1,1.0
10.777562007197462,106.7041335430398,22,30,1.0,8,46,6,1,0.7333
10.83886351241477,106.67566625482782,36,36,1.0,8,46,6,1,1.0
10.765187049751797,106.67550552599072,27,35,1.0,8,46,6,1,0.7714
10.75948437198232,106.6840537511244,22,28,0.996926,8,46,6,1,0.7857
10.865229381280963,106.72366973948476,39,49,1.0,8,46,6,1,0.7959
10.72279213640514,106.72808623948244,25,37,0.998162,8,47,6,1,0.6757
10.823400120373712,106.68551227436063,24,31,1.0,8,47,6,1,0.7742
10.756158554057755,106.66631758181126,23,29,1.0,8,47,6,1,0.7931
10.7144382088356,106.73711688366168,26,35,1.0,8,47,6,1,0.7429
10.817236653231737,106.63191539530456,25,35,1.0,8,47,6,1,0.7143
10.772727584493625,106.69804225297564,19,24,0.99753,8,49,6,1,0.7917
10.774028664434528,106.70357076461706,23,29,1.0,8,49,6,1,0.7931
10.752616652291238,106.72509685338922,39,39,1.0,8,49,6,1,1.0
10.745754766198267,106.65326266831876,42,42,1.0,8,49,6,1,1.0
10.94927106740351,106.87196348224562,28,42,1.0,8,49,6,1,0.6667
10.78866360854368,106.695513722289,37,42,1.0,8,49,6,1,0.881
10.801406421807084,106.7114844087968,37,42,1.0,8,49,6,1,0.881
10.843150534972033,106.6151343241409,26,35,1.0,8,49,6,1,0.7429
10.880537767027526,106.81481342866444,53,53,1.0,8,49,6,1,1.0
10.740840166521664,106.61899246873142,29,35,1.0,8,49,6,1,0.8286
10.798986343749618,106.7269705664684,45,45,1.0,8,49,6,1,1.0
10.741860769464234,106.73790365482628,45,45,1.0,8,49,6,1,1.0
10.752408891679814,106.7022703818112,33,33,1.0,8,49,6,1,1.0
10.786216596454729,106.71836665482697,40,40,1.0,8,49,6,1,1.0
10.78948793356203,106.7151883818118,36,36,1.0,8,49,6,1,1.0
10.80223925742187,106.6478722259914,32,41,1.0,8,49,6,1,0.7805
10.813928881466124,106.66511432455972,25,34,0.997651,8,49,6,1,0.7353
10.755608615763382,106.67347943578082,22,27,0.997901,8,49,6,1,0.8148
10.782680856341084,106.70051548181168,23,30,1.0,8,49,6,1,0.7667
10.754895139302109,106.67839188181134,23,32,1.0,8,50,6,1,0.7188
10.785070445194592,106.68331340921324,19,27,1.0,8,50,6,1,0.7037
10.7549373008113,106.67848844133415,23,32,1.0,8,50,6,1,0.7188
10.77898143649726,106.67684447140958,25,34,1.0,8,50,6,1,0.7353
10.7671128283867,106.6927618222887,14,20,0.99,8,50,6,1,0.7
10.77847212665258,106.69389510879644,34,41,1.0,8,50,6,1,0.8293
10.796057790235078,106.67492629345334,24,33,0.997384,8,50,6,1,0.7273
10.8352982156415,106.72935479345392,42,42,1.0,8,50,6,1,1.0
10.777562007197462,106.7041335430398,22,30,1.0,8,50,6,1,0.7333
10.83886351241477,106.67566625482782,36,36,1.0,8,50,6,1,1.0
10.765187049751797,106.67550552599072,28,36,1.0,8,50,6,1,0.7778
10.75948437198232,106.6840537511244,22,27,0.998951,8,50,6,1,0.8148
10.865229381280963,106.72366973948476,40,49,1.0,8,50,6,1,0.8163
10.72279213640514,106.72808623948244,25,37,0.998162,8,50,6,1,0.6757
10.823400120373712,106.68551227436063,25,32,1.0,8,50,6,1,0.7812
10.756158554057755,106.66631758181126,22,28,1.0,8,50,6,1,0.7857
10.7144382088356,106.73711688366168,25,35,1.0,8,50,6,1,0.7143
10.817236653231737,106.63191539530456,26,35,1.0,8,50,6,1,0.7429
10.772727584493625,106.69804225297564,25,25,1.0,8,53,6,1,1.0
10.774028664434528,106.70357076461706,29,29,1.0,8,53,6,1,1.0
10.752616652291238,106.72509685338922,39,39,1.0,8,53,6,1,1.0
10.745754766198267,106.65326266831876,42,42,1.0,8,53,6,1,1.0
10.94927106740351,106.87196348224562,27,41,1.0,8,53,6,1,0.6585
10.78866360854368,106.695513722289,36,41,1.0,8,53,6,1,0.878
10.801406421807084,106.7114844087968,36,41,1.0,8,53,6,1,0.878
10.843150534972033,106.6151343241409,26,35,1.0,8,53,6,1,0.7429
10.880537767027526,106.81481342866444,53,53,1.0,8,53,6,1,1.0
10.740840166521664,106.61899246873142,30,35,1.0,8,53,6,1,0.8571
10.798986343749618,106.7269705664684,45,45,1.0,8,53,6,1,1.0
10.741860769464234,106.73790365482628,45,45,1.0,8,53,6,1,1.0
10.752408891679814,106.7022703818112,24,33,1.0,8,53,6,1,0.7273
10.786216596454729,106.71836665482697,40,40,1.0,8,53,6,1,1.0
10.78948793356203,106.7151883818118,36,36,1.0,8,53,6,1,1.0
10.80223925742187,106.6478722259914,41,41,1.0,8,53,6,1,1.0
10.813928881466124,106.66511432455972,24,33,0.997441,8,53,6,1,0.7273
10.755608615763382,106.67347943578082,19,27,0.996899,8,53,6,1,0.7037
10.782680856341084,106.70051548181168,20,30,1.0,8,53,6,1,0.6667
10.754895139302109,106.67839188181134,23,32,1.0,8,53,6,1,0.7188
10.785070445194592,106.68331340921324,16,28,1.0,8,53,6,1,0.5714
10.7549373008113,106.67848844133415,23,32,1.0,8,53,6,1,0.7188
10.77898143649726,106.67684447140958,25,34,1.0,8,53,6,1,0.7353
10.7671128283867,106.6927618222887,20,20,1.0,8,53,6,1,1.0
10.77847212665258,106.69389510879644,33,41,1.0,8,53,6,1,0.8049
10.796057790235078,106.67492629345334,25,34,0.998696,8,54,6,1,0.7353
10.8352982156415,106.72935479345392,36,42,0.994605,8,54,6,1,0.8571
10.777562007197462,106.7041335430398,22,30,1.0,8,54,6,1,0.7333
10.83886351241477,106.67566625482782,36,36,1.0,8,54,6,1,1.0
10.765187049751797,106.67550552599072,36,36,1.0,8,54,6,1,1.0
10.75948437198232,106.6840537511244,20,28,0.997901,8,54,6,1,0.7143
10.865229381280963,106.72366973948476,39,49,1.0,8,54,6,1,0.7959
10.72279213640514,106.72808623948244,25,37,0.998162,8,54,6,1,0.6757
10.823400120373712,106.68551227436063,23,32,1.0,8,54,6,1,0.7188
10.756158554057755,106.66631758181126,23,28,1.0,8,54,6,1,0.8214
10.7144382088356,106.73711688366168,26,35,1.0,8,54,6,1,0.7429
10.817236653231737,106.63191539530456,26,35,1.0,8,54,6,1,0.7429
10.772727584493625,106.69804225297564,17,24,0.99753,8,56,6,1,0.7083
10.774028664434528,106.70357076461706,29,29,1.0,8,56,6,1,1.0
10.752616652291238,106.72509685338922,39,39,1.0,8,56,6,1,1.0
10.745754766198267,106.65326266831876,42,42,1.0,8,56,6,1,1.0
10.94927106740351,106.87196348224562,30,42,1.0,8,56,6,1,0.7143
10.78866360854368,106.695513722289,36,42,1.0,8,56,6,1,0.8571
10.801406421807084,106.7114844087968,36,42,1.0,8,56,6,1,0.8571
10.843150534972033,106.6151343241409,27,35,1.0,8,56,6,1,0.7714
10.880537767027526,106.81481342866444,53,53,1.0,8,56,6,1,1.0
10.740840166521664,106.61899246873142,29,35,1.0,8,56,6,1,0.8286
10.798986343749618,106.7269705664684,45,45,1.0,8,56,6,1,1.0
10.741860769464234,106.73790365482628,45,45,1.0,8,56,6,1,1.0
10.752408891679814,106.7022703818112,33,33,1.0,8,56,6,1,1.0
10.786216596454729,106.71836665482697,40,40,1.0,8,57,6,1,1.0
10.78948793356203,106.7151883818118,36,36,1.0,8,57,6,1,1.0
10.80223925742187,106.6478722259914,30,40,1.0,8,57,6,1,0.75
10.813928881466124,106.66511432455972,26,33,0.997961,8,57,6,1,0.7879
10.755608615763382,106.67347943578082,22,28,1.0,8,57,6,1,0.7857
10.782680856341084,106.70051548181168,19,30,1.0,8,57,6,1,0.6333
10.754895139302109,106.67839188181134,24,32,1.0,8,57,6,1,0.75
10.785070445194592,106.68331340921324,19,28,1.0,8,57,6,1,0.6786
10.7549373008113,106.67848844133415,24,32,1.0,8,57,6,1,0.75
10.77898143649726,106.67684447140958,25,34,1.0,8,57,6,1,0.7353
10.7671128283867,106.6927618222887,16,20,0.99,8,57,6,1,0.8
10.77847212665258,106.69389510879644,33,41,1.0,8,57,6,1,0.8049
10.796057790235078,106.67492629345334,26,33,0.997961,8,57,6,1,0.7879
10.8352982156415,106.72935479345392,36,42,0.992791,8,57,6,1,0.8571
10.777562007197462,106.7041335430398,20,30,1.0,8,57,6,1,0.6667
10.83886351241477,106.67566625482782,28,35,1.0,8,57,6,1,0.8
10.765187049751797,106.67550552599072,29,36,1.0,8,57,6,1,0.8056
10.75948437198232,106.6840537511244,19,28,0.998943,8,57,6,1,0.6786
10.865229381280963,106.72366973948476,38,49,1.0,8,57,6,1,0.7755
10.72279213640514,106.72808623948244,25,37,0.997722,8,57,6,1,0.6757
10.823400120373712,106.68551227436063,24,31,1.0,8,57,6,1,0.7742
10.756158554057755,106.66631758181126,30,30,1.0,8,57,6,1,1.0
10.7144382088356,106.73711688366168,25,35,1.0,8,57,6,1,0.7143
10.817236653231737,106.63191539530456,26,34,1.0,8,57,6,1,0.7647
10.772727584493625,106.69804225297564,18,24,0.996295,9,0,6,1,0.75
10.774028664434528,106.70357076461706,22,28,1.0,9,0,6,1,0.7857
10.752616652291238,106.72509685338922,39,39,1.0,9,0,6,1,1.0
10.745754766198267,106.65326266831876,42,42,1.0,9,0,6,1,1.0
10.94927106740351,106.87196348224562,31,42,1.0,9,0,6,1,0.7381
10.78866360854368,106.695513722289,42,42,1.0,9,0,6,1,1.0
10.801406421807084,106.7114844087968,42,42,1.0,9,0,6,1,1.0
10.843150534972033,106.6151343241409,26,35,1.0,9,0,6,1,0.7429
10.880537767027526,106.81481342866444,53,53,1.0,9,0,6,1,1.0
10.740840166521664,106.61899246873142,29,34,1.0,9,0,6,1,0.8529
10.798986343749618,106.7269705664684,45,45,1.0,9,0,6,1,1.0
10.741860769464234,106.73790365482628,45,45,1.0,9,0,6,1,1.0
10.752408891679814,106.7022703818112,26,34,1.0,9,0,6,1,0.7647
10.786216596454729,106.71836665482697,40,40,1.0,9,0,6,1,1.0
10.78948793356203,106.7151883818118,36,36,1.0,9,0,6,1,1.0
10.80223925742187,106.6478722259914,33,41,1.0,9,0,6,1,0.8049
10.813928881466124,106.66511432455972,25,33,0.997652,9,1,6,1,0.7576
10.755608615763382,106.67347943578082,16,27,1.0,9,1,6,1,0.5926
10.782680856341084,106.70051548181168,21,30,1.0,9,1,6,1,0.7
10.754895139302109,106.67839188181134,22,33,1.0,9,1,6,1,0.6667
10.785070445194592,106.68331340921324,18,27,1.0,9,1,6,1,0.6667
10.7549373008113,106.67848844133415,22,33,1.0,9,1,6,1,0.6667
10.77898143649726,106.67684447140958,26,34,1.0,9,1,6,1,0.7647
10.7671128283867,106.6927618222887,20,20,1.0,9,1,6,1,1.0
10.77847212665258,106.69389510879644,33,41,1.0,9,1,6,1,0.8049
10.796057790235078,106.67492629345334,25,33,0.997652,9,1,6,1,0.7576
10.8352982156415,106.72935479345392,42,42,1.0,9,1,6,1,1.0
10.777562007197462,106.7041335430398,21,30,1.0,9,1,6,1,0.7
10.83886351241477,106.67566625482782,30,36,1.0,9,1,6,1,0.8333
10.765187049751797,106.67550552599072,26,35,1.0,9,1,6,1,0.7429
10.75948437198232,106.6840537511244,16,27,1.0,9,1,6,1,0.5926
10.865229381280963,106.72366973948476,39,49,1.0,9,1,6,1,0.7959
10.72279213640514,106.72808623948244,25,37,0.997722,9,1,6,1,0.6757
10.823400120373712,106.68551227436063,25,31,1.0,9,1,6,1,0.8065
10.756158554057755,106.66631758181126,24,29,1.0,9,1,6,1,0.8276
10.7144382088356,106.73711688366168,25,35,1.0,9,1,6,1,0.7143
10.817236653231737,106.63191539530456,27,35,1.0,9,1,6,1,0.7714
10.772727584493625,106.69804225297564,18,24,0.99506,9,3,6,1,0.75
10.774028664434528,106.70357076461706,19,28,1.0,9,3,6,1,0.6786
10.752616652291238,106.72509685338922,32,39,1.0,9,3,6,1,0.8205
10.745754766198267,106.65326266831876,42,42,1.0,9,3,6,1,1.0
10.94927106740351,106.87196348224562,42,42,1.0,9,3,6,1,1.0
10.78866360854368,106.695513722289,42,42,1.0,9,3,6,1,1.0
10.801406421807084,106.7114844087968,42,42,1.0,9,3,6,1,1.0
10.843150534972033,106.6151343241409,27,35,1.0,9,3,6,1,0.7714
10.880537767027526,106.81481342866444,53,53,1.0,9,3,6,1,1.0
10.740840166521664,106.61899246873142,28,35,1.0,9,3,6,1,0.8
10.798986343749618,106.7269705664684,45,45,1.0,9,3,6,1,1.0
10.741860769464234,106.73790365482628,45,45,1.0,9,3,6,1,1.0
10.752408891679814,106.7022703818112,25,34,1.0,9,4,6,1,0.7353
10.786216596454729,106.71836665482697,40,40,1.0,9,4,6,1,1.0
10.78948793356203,106.7151883818118,36,36,1.0,9,4,6,1,1.0
10.80223925742187,106.6478722259914,29,40,1.0,9,4,6,1,0.725
10.813928881466124,106.66511432455972,22,33,0.998981,9,4,6,1,0.6667
10.755608615763382,106.67347943578082,20,28,1.0,9,4,6,1,0.7143
10.782680856341084,106.70051548181168,21,30,1.0,9,4,6,1,0.7
10.754895139302109,106.67839188181134,24,33,1.0,9,4,6,1,0.7273
10.785070445194592,106.68331340921324,16,27,1.0,9,4,6,1,0.5926
10.7549373008113,106.67848844133415,24,33,1.0,9,4,6,1,0.7273
10.77898143649726,106.67684447140958,24,34,1.0,9,4,6,1,0.7059
10.7671128283867,106.6927618222887,15,20,0.98,9,4,6,1,0.75
10.77847212665258,106.69389510879644,32,41,1.0,9,4,6,1,0.7805
10.796057790235078,106.67492629345334,24,33,0.999528,9,5,6,1,0.7273
10.8352982156415,106.72935479345392,42,42,1.0,9,5,6,1,1.0
10.777562007197462,106.7041335430398,20,30,1.0,9,5,6,1,0.6667
10.83886351241477,106.67566625482782,36,36,1.0,9,5,6,1,1.0
10.765187049751797,106.67550552599072,27,36,1.0,9,5,6,1,0.75
10.75948437198232,106.6840537511244,21,28,1.0,9,5,6,1,0.75
10.865229381280963,106.72366973948476,38,49,1.0,9,5,6,1,0.7755
10.72279213640514,106.72808623948244,24,37,0.997037,9,5,6,1,0.6486
10.823400120373712,106.68551227436063,23,32,1.0,9,5,6,1,0.7188
10.756158554057755,106.66631758181126,24,29,1.0,9,5,6,1,0.8276
10.7144382088356,106.73711688366168,25,35,1.0,9,5,6,1,0.7143
10.817236653231737,106.63191539530456,26,34,1.0,9,5,6,1,0.7647
10.772727584493625,106.69804225297564,18,24,0.996295,9,7,6,1,0.75
10.774028664434528,106.70357076461706,29,29,1.0,9,7,6,1,1.0
10.752616652291238,106.72509685338922,39,39,1.0,9,7,6,1,1.0
10.745754766198267,106.65326266831876,42,42,1.0,9,7,6,1,1.0
10.94927106740351,106.87196348224562,32,41,1.0,9,7,6,1,0.7805
10.78866360854368,106.695513722289,36,41,1.0,9,7,6,1,0.878
10.801406421807084,106.7114844087968,36,41,1.0,9,8,6,1,0.878
10.843150534972033,106.6151343241409,26,35,1.0,9,8,6,1,0.7429
10.880537767027526,106.81481342866444,53,53,1.0,9,8,6,1,1.0
10.740840166521664,106.61899246873142,28,35,1.0,9,8,6,1,0.8
10.798986343749618,106.7269705664684,45,45,1.0,9,8,6,1,1.0
10.741860769464234,106.73790365482628,45,45,1.0,9,8,6,1,1.0
10.752408891679814,106.7022703818112,23,34,1.0,9,8,6,1,0.6765
10.786216596454729,106.71836665482697,40,40,1.0,9,8,6,1,1.0
10.78948793356203,106.7151883818118,36,36,1.0,9,8,6,1,1.0
10.80223925742187,106.6478722259914,41,41,1.0,9,8,6,1,1.0
10.813928881466124,106.66511432455972,25,33,1.0,9,8,6,1,0.7576
10.755608615763382,106.67347943578082,21,28,1.0,9,8,6,1,0.75
10.782680856341084,106.70051548181168,21,30,1.0,9,8,6,1,0.7
10.754895139302109,106.67839188181134,23,33,1.0,9,8,6,1,0.697
10.785070445194592,106.68331340921324,20,27,1.0,9,8,6,1,0.7407
10.7549373008113,106.67848844133415,23,33,1.0,9,8,6,1,0.697
10.77898143649726,106.67684447140958,23,35,1.0,9,8,6,1,0.6571
10.7671128283867,106.6927618222887,15,20,0.98,9,8,6,1,0.75
10.77847212665258,106.69389510879644,32,41,1.0,9,8,6,1,0.7805
10.796057790235078,106.67492629345334,25,33,1.0,9,9,6,1,0.7576
10.8352982156415,106.72935479345392,39,42,0.992956,9,9,6,1,0.9286
10.777562007197462,106.7041335430398,20,29,1.0,9,9,6,1,0.6897
10.83886351241477,106.67566625482782,28,35,0.999227,9,9,6,1,0.8
10.765187049751797,106.67550552599072,36,36,1.0,9,9,6,1,1.0
10.75948437198232,106.6840537511244,20,28,1.0,9,9,6,1,0.7143
10.865229381280963,106.72366973948476,37,48,1.0,9,9,6,1,0.7708
10.72279213640514,106.72808623948244,24,37,0.99522,9,9,6,1,0.6486
10.823400120373712,106.68551227436063,23,32,1.0,9,9,6,1,0.7188
10.756158554057755,106.66631758181126,21,30,1.0,9,9,6,1,0.7
10.7144382088356,106.73711688366168,26,35,1.0,9,9,6,1,0.7429
10.817236653231737,106.63191539530456,26,35,1.0,9,9,6,1,0.7429
10.772727584493625,106.69804225297564,19,24,0.996295,9,11,6,1,0.7917
10.774028664434528,106.70357076461706,23,28,1.0,9,11,6,1,0.8214
10.752616652291238,106.72509685338922,39,39,1.0,9,11,6,1,1.0
10.745754766198267,106.65326266831876,42,42,1.0,9,11,6,1,1.0
10.94927106740351,106.87196348224562,32,42,1.0,9,11,6,1,0.7619
10.78866360854368,106.695513722289,36,42,1.0,9,11,6,1,0.8571
10.801406421807084,106.7114844087968,36,42,1.0,9,11,6,1,0.8571
10.843150534972033,106.6151343241409,25,35,1.0,9,11,6,1,0.7143
10.880537767027526,106.81481342866444,53,53,1.0,9,11,6,1,1.0
10.740840166521664,106.61899246873142,28,35,1.0,9,11,6,1,0.8
10.798986343749618,106.7269705664684,45,45,1.0,9,11,6,1,1.0
10.741860769464234,106.73790365482628,45,45,1.0,9,11,6,1,1.0
10.752408891679814,106.7022703818112,24,34,1.0,9,11,6,1,0.7059
10.786216596454729,106.71836665482697,40,40,1.0,9,11,6,1,1.0
10.78948793356203,106.7151883818118,36,36,1.0,9,11,6,1,1.0
10.80223925742187,106.6478722259914,31,41,1.0,9,11,6,1,0.7561
10.813928881466124,106.66511432455972,25,33,0.997914,9,11,6,1,0.7576
10.755608615763382,106.67347943578082,19,27,1.0,9,12,6,1,0.7037
10.782680856341084,106.70051548181168,20,29,1.0,9,12,6,1,0.6897
10.754895139302109,106.67839188181134,22,32,1.0,9,12,6,1,0.6875
10.785070445194592,106.68331340921324,19,28,1.0,9,12,6,1,0.6786
10.7549373008113,106.67848844133415,23,32,1.0,9,12,6,1,0.7188
10.77898143649726,106.67684447140958,23,34,1.0,9,12,6,1,0.6765
10.7671128283867,106.6927618222887,20,20,1.0,9,12,6,1,1.0
10.77847212665258,106.69389510879644,32,41,1.0,9,12,6,1,0.7805
10.796057790235078,106.67492629345334,25,33,0.998691,9,12,6,1,0.7576
10.8352982156415,106.72935479345392,36,42,0.993684,9,12,6,1,0.8571
10.777562007197462,106.7041335430398,21,30,1.0,9,12,6,1,0.7
10.83886351241477,106.67566625482782,29,36,1.0,9,12,6,1,0.8056
10.765187049751797,106.67550552599072,23,36,1.0,9,12,6,1,0.6389
10.75948437198232,106.6840537511244,21,28,1.0,9,12,6,1,0.75
10.865229381280963,106.72366973948476,38,48,1.0,9,12,6,1,0.7917
10.72279213640514,106.72808623948244,25,37,0.997276,9,12,6,1,0.6757
10.823400120373712,106.68551227436063,23,31,1.0,9,12,6,1,0.7419
10.756158554057755,106.66631758181126,24,29,1.0,9,12,6,1,0.8276
10.7144382088356,106.73711688366168,26,35,1.0,9,12,6,1,0.7429
10.817236653231737,106.63191539530456,26,35,1.0,9,12,6,1,0.7429
10.772727584493625,106.69804225297564,19,25,0.996295,9,14,6,1,0.76
10.774028664434528,106.70357076461706,29,29,1.0,9,14,6,1,1.0
10.752616652291238,106.72509685338922,39,39,1.0,9,14,6,1,1.0
10.745754766198267,106.65326266831876,42,42,1.0,9,14,6,1,1.0
10.94927106740351,106.87196348224562,28,42,1.0,9,14,6,1,0.6667
10.78866360854368,106.695513722289,35,42,1.0,9,14,6,1,0.8333
10.801406421807084,106.7114844087968,35,42,1.0,9,14,6,1,0.8333
10.843150534972033,106.6151343241409,26,35,1.0,9,15,6,1,0.7429
10.880537767027526,106.81481342866444,53,53,1.0,9,15,6,1,1.0
10.740840166521664,106.61899246873142,28,35,1.0,9,15,6,1,0.8
10.798986343749618,106.7269705664684,45,45,1.0,9,15,6,1,1.0
10.741860769464234,106.73790365482628,45,45,1.0,9,15,6,1,1.0
10.752408891679814,106.7022703818112,25,33,1.0,9,15,6,1,0.7576
10.786216596454729,106.71836665482697,40,40,1.0,9,15,6,1,1.0
10.78948793356203,106.7151883818118,36,36,1.0,9,15,6,1,1.0
10.80223925742187,106.6478722259914,30,40,1.0,9,15,6,1,0.75
10.813928881466124,106.66511432455972,26,34,0.997651,9,15,6,1,0.7647
10.755608615763382,106.67347943578082,21,27,1.0,9,15,6,1,0.7778
10.782680856341084,106.70051548181168,22,30,1.0,9,15,6,1,0.7333
10.754895139302109,106.67839188181134,24,33,1.0,9,15,6,1,0.7273
10.785070445194592,106.68331340921324,19,27,1.0,9,15,6,1,0.7037
10.7549373008113,106.67848844133415,23,33,1.0,9,15,6,1,0.697
10.77898143649726,106.67684447140958,22,33,1.0,9,15,6,1,0.6667
10.7671128283867,106.6927618222887,20,20,1.0,9,15,6,1,1.0
10.77847212665258,106.69389510879644,31,41,1.0,9,15,6,1,0.7561
10.796057790235078,106.67492629345334,25,33,0.997916,9,15,6,1,0.7576
10.8352982156415,106.72935479345392,36,42,0.993134,9,15,6,1,0.8571
10.777562007197462,106.7041335430398,20,30,1.0,9,15,6,1,0.6667
10.83886351241477,106.67566625482782,28,36,1.0,9,16,6,1,0.7778
10.765187049751797,106.67550552599072,25,36,1.0,9,16,6,1,0.6944
10.75948437198232,106.6840537511244,21,27,0.997907,9,16,6,1,0.7778
10.865229381280963,106.72366973948476,38,49,1.0,9,16,6,1,0.7755
10.72279213640514,106.72808623948244,25,36,0.997203,9,16,6,1,0.6944
10.823400120373712,106.68551227436063,21,31,1.0,9,16,6,1,0.6774
10.756158554057755,106.66631758181126,20,29,1.0,9,16,6,1,0.6897
10.7144382088356,106.73711688366168,26,35,1.0,9,16,6,1,0.7429
10.817236653231737,106.63191539530456,27,35,1.0,9,16,6,1,0.7714
10.772727584493625,106.69804225297564,19,24,0.99753,9,18,6,1,0.7917
10.774028664434528,106.70357076461706,29,29,1.0,9,18,6,1,1.0
10.752616652291238,106.72509685338922,39,39,1.0,9,18,6,1,1.0
10.745754766198267,106.65326266831876,42,42,1.0,9,18,6,1,1.0
10.94927106740351,106.87196348224562,27,42,1.0,9,18,6,1,0.6429
10.78866360854368,106.695513722289,36,42,1.0,9,18,6,1,0.8571
10.801406421807084,106.7114844087968,36,42,1.0,9,18,6,1,0.8571
10.843150534972033,106.6151343241409,27,35,1.0,9,18,6,1,0.7714
10.880537767027526,106.81481342866444,53,53,1.0,9,18,6,1,1.0
10.740840166521664,106.61899246873142,28,35,1.0,9,18,6,1,0.8
10.798986343749618,106.7269705664684,45,45,1.0,9,18,6,1,1.0
10.741860769464234,106.73790365482628,45,45,1.0,9,18,6,1,1.0
10.752408891679814,106.7022703818112,24,34,1.0,9,18,6,1,0.7059
10.786216596454729,106.71836665482697,40,40,1.0,9,18,6,1,1.0
10.78948793356203,106.7151883818118,36,36,1.0,9,18,6,1,1.0
10.80223925742187,106.6478722259914,33,41,1.0,9,18,6,1,0.8049
10.813928881466124,106.66511432455972,24,34,0.998179,9,18,6,1,0.7059
10.755608615763382,106.67347943578082,28,28,1.0,9,19,6,1,1.0
10.782680856341084,106.70051548181168,21,30,1.0,9,19,6,1,0.7
10.754895139302109,106.67839188181134,22,32,1.0,9,19,6,1,0.6875
10.785070445194592,106.68331340921324,20,27,1.0,9,19,6,1,0.7407
10.7549373008113,106.67848844133415,22,32,1.0,9,19,6,1,0.6875
10.77898143649726,106.67684447140958,23,34,1.0,9,19,6,1,0.6765
10.7671128283867,106.6927618222887,20,20,1.0,9,19,6,1,1.0
10.77847212665258,106.69389510879644,33,41,1.0,9,19,6,1,0.8049
10.796057790235078,106.67492629345334,24,34,0.998179,9,19,6,1,0.7059
10.8352982156415,106.72935479345392,37,42,0.993499,9,19,6,1,0.881
10.777562007197462,106.7041335430398,21,30,1.0,9,19,6,1,0.7
10.83886351241477,106.67566625482782,29,36,1.0,9,19,6,1,0.8056
10.765187049751797,106.67550552599072,26,35,1.0,9,19,6,1,0.7429
10.75948437198232,106.6840537511244,21,28,1.0,9,19,6,1,0.75
10.865229381280963,106.72366973948476,40,49,1.0,9,19,6,1,0.8163
10.72279213640514,106.72808623948244,24,36,0.996621,9,19,6,1,0.6667
10.823400120373712,106.68551227436063,32,32,1.0,9,19,6,1,1.0
10.756158554057755,106.66631758181126,23,29,1.0,9,19,6,1,0.7931
10.7144382088356,106.73711688366168,26,35,1.0,9,19,6,1,0.7429
10.817236653231737,106.63191539530456,26,34,1.0,9,19,6,1,0.7647
10.772727584493625,106.69804225297564,17,24,0.998765,9,21,6,1,0.7083
10.774028664434528,106.70357076461706,29,29,1.0,9,21,6,1,1.0
10.752616652291238,106.72509685338922,39,39,1.0,9,22,6,1,1.0
10.745754766198267,106.65326266831876,42,42,1.0,9,22,6,1,1.0
10.94927106740351,106.87196348224562,31,41,1.0,9,22,6,1,0.7561
10.78866360854368,106.695513722289,35,42,1.0,9,22,6,1,0.8333
10.801406421807084,106.7114844087968,37,42,1.0,9,22,6,1,0.881
10.843150534972033,106.6151343241409,25,34,1.0,9,22,6,1,0.7353
10.880537767027526,106.81481342866444,53,53,1.0,9,22,6,1,1.0
10.740840166521664,106.61899246873142,27,35,1.0,9,22,6,1,0.7714
10.798986343749618,106.7269705664684,45,45,1.0,9,22,6,1,1.0
10.741860769464234,106.73790365482628,45,45,1.0,9,22,6,1,1.0
10.752408891679814,106.7022703818112,23,33,1.0,9,22,6,1,0.697
10.786216596454729,106.71836665482697,40,40,1.0,9,22,6,1,1.0
10.78948793356203,106.7151883818118,36,36,1.0,9,22,6,1,1.0
10.80223925742187,106.6478722259914,30,41,1.0,9,22,6,1,0.7317
10.813928881466124,106.66511432455972,27,34,0.999242,9,23,6,1,0.7941
10.755608615763382,106.67347943578082,20,28,1.0,9,23,6,1,0.7143
10.782680856341084,106.70051548181168,21,30,1.0,9,23,6,1,0.7
10.754895139302109,106.67839188181134,23,32,1.0,9,23,6,1,0.7188
10.785070445194592,106.68331340921324,16,27,1.0,9,23,6,1,0.5926
10.7549373008113,106.67848844133415,23,32,1.0,9,23,6,1,0.7188
10.77898143649726,106.67684447140958,23,34,1.0,9,23,6,1,0.6765
10.7671128283867,106.6927618222887,20,20,1.0,9,23,6,1,1.0
10.77847212665258,106.69389510879644,31,41,1.0,9,23,6,1,0.7561
10.796057790235078,106.67492629345334,26,33,1.0,9,23,6,1,0.7879
10.8352982156415,106.72935479345392,36,42,0.993126,9,23,6,1,0.8571
10.777562007197462,106.7041335430398,21,30,1.0,9,23,6,1,0.7
10.83886351241477,106.67566625482782,27,36,0.997424,9,23,6,1,0.75
10.765187049751797,106.67550552599072,24,36,1.0,9,23,6,1,0.6667
10.75948437198232,106.6840537511244,20,28,1.0,9,24,6,1,0.7143
10.865229381280963,106.72366973948476,38,49,1.0,9,24,6,1,0.7755
10.72279213640514,106.72808623948244,26,37,0.995795,9,24,6,1,0.7027
10.823400120373712,106.68551227436063,23,32,1.0,9,24,6,1,0.7188
10.756158554057755,106.66631758181126,24,30,1.0,9,24,6,1,0.8
10.7144382088356,106.73711688366168,26,35,1.0,9,24,6,1,0.7429
10.817236653231737,106.63191539530456,26,35,1.0,9,24,6,1,0.7429
10.772727584493625,106.69804225297564,16,24,0.99753,9,26,6,1,0.6667
10.774028664434528,106.70357076461706,22,28,1.0,9,26,6,1,0.7857
10.752616652291238,106.72509685338922,39,39,1.0,9,26,6,1,1.0
10.745754766198267,106.65326266831876,42,42,1.0,9,26,6,1,1.0
10.94927106740351,106.87196348224562,28,41,1.0,9,26,6,1,0.6829
10.78866360854368,106.695513722289,36,41,1.0,9,26,6,1,0.878
10.801406421807084,106.7114844087968,36,41,1.0,9,26,6,1,0.878
10.843150534972033,106.6151343241409,26,34,1.0,9,26,6,1,0.7647
10.880537767027526,106.81481342866444,53,53,1.0,9,26,6,1,1.0
10.740840166521664,106.61899246873142,26,35,1.0,9,26,6,1,0.7429
10.798986343749618,106.7269705664684,45,45,1.0,9,26,6,1,1.0
10.741860769464234,106.73790365482628,45,45,1.0,9,26,6,1,1.0
10.752408891679814,106.7022703818112,24,32,1.0,9,26,6,1,0.75
10.786216596454729,106.71836665482697,40,40,1.0,9,26,6,1,1.0
10.78948793356203,106.7151883818118,36,36,1.0,9,26,6,1,1.0
10.80223925742187,106.6478722259914,27,40,1.0,9,26,6,1,0.675
10.813928881466124,106.66511432455972,25,33,1.0,9,26,6,1,0.7576
10.755608615763382,106.67347943578082,18,27,0.998939,9,26,6,1,0.6667
10.782680856341084,106.70051548181168,21,30,1.0,9,26,6,1,0.7
10.754895139302109,106.67839188181134,23,32,1.0,9,27,6,1,0.7188
10.785070445194592,106.68331340921324,16,27,1.0,9,27,6,1,0.5926
10.7549373008113,106.67848844133415,23,32,1.0,9,27,6,1,0.7188
10.77898143649726,106.67684447140958,24,34,1.0,9,27,6,1,0.7059
10.7671128283867,106.6927618222887,20,20,1.0,9,27,6,1,1.0
10.77847212665258,106.69389510879644,32,41,1.0,9,27,6,1,0.7805
10.796057790235078,106.67492629345334,25,34,0.997914,9,27,6,1,0.7353
10.8352982156415,106.72935479345392,36,42,0.995486,9,27,6,1,0.8571
10.777562007197462,106.7041335430398,22,30,1.0,9,27,6,1,0.7333
10.83886351241477,106.67566625482782,29,35,1.0,9,27,6,1,0.8286
10.765187049751797,106.67550552599072,25,36,1.0,9,27,6,1,0.6944
10.75948437198232,106.6840537511244,18,27,0.997972,9,27,6,1,0.6667
10.865229381280963,106.72366973948476,38,49,1.0,9,27,6,1,0.7755
10.72279213640514,106.72808623948244,27,37,0.996952,9,27,6,1,0.7297
10.823400120373712,106.68551227436063,21,31,1.0,9,27,6,1,0.6774
10.756158554057755,106.66631758181126,23,30,1.0,9,27,6,1,0.7667
10.7144382088356,106.73711688366168,26,35,1.0,9,27,6,1,0.7429
10.817236653231737,106.63191539530456,26,35,1.0,9,27,6,1,0.7429
10.772727584493625,106.69804225297564,17,25,0.99753,9,29,6,1,0.68
10.774028664434528,106.70357076461706,29,29,1.0,9,29,6,1,1.0
10.752616652291238,106.72509685338922,39,39,1.0,9,29,6,1,1.0
10.745754766198267,106.65326266831876,42,42,1.0,9,29,6,1,1.0
10.94927106740351,106.87196348224562,32,42,1.0,9,29,6,1,0.7619
10.78866360854368,106.695513722289,34,42,1.0,9,29,6,1,0.8095
10.801406421807084,106.7114844087968,34,42,1.0,9,29,6,1,0.8095
10.843150534972033,106.6151343241409,25,35,1.0,9,29,6,1,0.7143
10.880537767027526,106.81481342866444,46,53,1.0,9,29,6,1,0.8679
10.740840166521664,106.61899246873142,28,35,1.0,9,30,6,1,0.8
10.798986343749618,106.7269705664684,45,45,1.0,9,30,6,1,1.0
10.741860769464234,106.73790365482628,45,45,1.0,9,30,6,1,1.0
10.752408891679814,106.7022703818112,24,34,1.0,9,30,6,1,0.7059
10.786216596454729,106.71836665482697,40,40,1.0,9,30,6,1,1.0
10.78948793356203,106.7151883818118,36,36,1.0,9,30,6,1,1.0
10.80223925742187,106.6478722259914,29,40,1.0,9,30,6,1,0.725
10.813928881466124,106.66511432455972,25,33,0.997651,9,30,6,1,0.7576
10.755608615763382,106.67347943578082,18,27,0.997907,9,30,6,1,0.6667
10.782680856341084,106.70051548181168,22,30,1.0,9,30,6,1,0.7333
10.754895139302109,106.67839188181134,23,33,1.0,9,30,6,1,0.697
10.785070445194592,106.68331340921324,16,28,1.0,9,30,6,1,0.5714
10.7549373008113,106.67848844133415,23,33,1.0,9,30,6,1,0.697
10.77898143649726,106.67684447140958,24,34,1.0,9,30,6,1,0.7059
10.7671128283867,106.6927618222887,12,20,1.0,9,30,6,1,0.6
10.77847212665258,106.69389510879644,32,41,1.0,9,30,6,1,0.7805
10.796057790235078,106.67492629345334,25,34,0.998381,9,30,6,1,0.7353
10.8352982156415,106.72935479345392,42,42,1.0,9,30,6,1,1.0
10.777562007197462,106.7041335430398,21,30,1.0,9,30,6,1,0.7
10.83886351241477,106.67566625482782,36,36,1.0,9,30,6,1,1.0
10.765187049751797,106.67550552599072,23,36,1.0,9,30,6,1,0.6389
10.75948437198232,106.6840537511244,17,28,0.996181,9,30,6,1,0.6071
10.865229381280963,106.72366973948476,38,49,1.0,9,30,6,1,0.7755
10.72279213640514,106.72808623948244,25,36,0.998218,9,30,6,1,0.6944
10.823400120373712,106.68551227436063,21,32,1.0,9,30,6,1,0.6562
10.756158554057755,106.66631758181126,30,30,1.0,9,30,6,1,1.0
10.7144382088356,106.73711688366168,26,35,1.0,9,30,6,1,0.7429
10.817236653231737,106.63191539530456,25,35,1.0,9,30,6,1,0.7143
10.772727584493625,106.69804225297564,17,24,0.99753,9,32,6,1,0.7083
10.774028664434528,106.70357076461706,21,28,1.0,9,32,6,1,0.75
10.752616652291238,106.72509685338922,39,39,1.0,9,32,6,1,1.0
10.745754766198267,106.65326266831876,42,42,1.0,9,32,6,1,1.0
10.94927106740351,106.87196348224562,31,42,1.0,9,32,6,1,0.7381
10.78866360854368,106.695513722289,36,41,1.0,9,32,6,1,0.878
10.801406421807084,106.7114844087968,36,41,1.0,9,32,6,1,0.878
10.843150534972033,106.6151343241409,26,34,1.0,9,32,6,1,0.7647
10.880537767027526,106.81481342866444,53,53,1.0,9,32,6,1,1.0
10.740840166521664,106.61899246873142,27,35,1.0,9,32,6,1,0.7714
10.798986343749618,106.7269705664684,45,45,1.0,9,32,6,1,1.0
10.741860769464234,106.73790365482628,45,45,1.0,9,33,6,1,1.0
10.752408891679814,106.7022703818112,25,33,1.0,9,33,6,1,0.7576
10.786216596454729,106.71836665482697,40,40,1.0,9,33,6,1,1.0
10.78948793356203,106.7151883818118,36,36,1.0,9,33,6,1,1.0
10.80223925742187,106.6478722259914,32,41,1.0,9,33,6,1,0.7805
10.813928881466124,106.66511432455972,25,33,0.999057,9,33,6,1,0.7576
10.755608615763382,106.67347943578082,20,28,0.998947,9,33,6,1,0.7143
10.782680856341084,106.70051548181168,21,30,1.0,9,33,6,1,0.7
10.754895139302109,106.67839188181134,22,32,1.0,9,33,6,1,0.6875
10.785070445194592,106.68331340921324,18,27,1.0,9,33,6,1,0.6667
10.7549373008113,106.67848844133415,22,32,1.0,9,33,6,1,0.6875
10.77898143649726,106.67684447140958,21,34,1.0,9,33,6,1,0.6176
10.7671128283867,106.6927618222887,12,20,0.99,9,33,6,1,0.6
10.77847212665258,106.69389510879644,32,41,1.0,9,33,6,1,0.7805
10.796057790235078,106.67492629345334,25,33,0.999057,9,33,6,1,0.7576
10.8352982156415,106.72935479345392,34,42,0.99621,9,33,6,1,0.8095
10.777562007197462,106.7041335430398,21,30,1.0,9,33,6,1,0.7
10.83886351241477,106.67566625482782,27,35,1.0,9,33,6,1,0.7714
10.765187049751797,106.67550552599072,24,36,1.0,9,33,6,1,0.6667
10.75948437198232,106.6840537511244,20,28,0.998947,9,33,6,1,0.7143
10.865229381280963,106.72366973948476,38,49,1.0,9,33,6,1,0.7755
10.72279213640514,106.72808623948244,25,37,0.998476,9,33,6,1,0.6757
10.823400120373712,106.68551227436063,22,32,1.0,9,33,6,1,0.6875
10.756158554057755,106.66631758181126,20,29,1.0,9,33,6,1,0.6897
10.7144382088356,106.73711688366168,25,35,1.0,9,33,6,1,0.7143
10.817236653231737,106.63191539530456,26,34,1.0,9,33,6,1,0.7647
10.772727584493625,106.69804225297564,17,24,0.998765,12,18,6,1,0.7083
10.774028664434528,106.70357076461706,22,27,1.0,12,18,6,1,0.8148
10.752616652291238,106.72509685338922,39,39,1.0,12,18,6,1,1.0
10.745754766198267,106.65326266831876,42,42,1.0,12,18,6,1,1.0
10.94927106740351,106.87196348224562,42,42,1.0,12,18,6,1,1.0
10.78866360854368,106.695513722289,35,42,1.0,12,18,6,1,0.8333
10.801406421807084,106.7114844087968,35,42,1.0,12,18,6,1,0.8333
10.843150534972033,106.6151343241409,25,35,1.0,12,18,6,1,0.7143
10.880537767027526,106.81481342866444,49,53,1.0,12,18,6,1,0.9245
10.740840166521664,106.61899246873142,34,34,1.0,12,18,6,1,1.0
10.798986343749618,106.7269705664684,45,45,1.0,12,18,6,1,1.0
10.741860769464234,106.73790365482628,45,45,1.0,12,19,6,1,1.0
10.752408891679814,106.7022703818112,28,34,1.0,12,19,6,1,0.8235
10.786216596454729,106.71836665482697,40,40,1.0,12,19,6,1,1.0
10.78948793356203,106.7151883818118,36,36,1.0,12,19,6,1,1.0
10.80223925742187,106.6478722259914,30,40,1.0,12,19,6,1,0.75
10.813928881466124,106.66511432455972,24,33,0.999425,12,19,6,1,0.7273
10.755608615763382,106.67347943578082,21,27,0.998954,12,19,6,1,0.7778
10.782680856341084,106.70051548181168,20,30,1.0,12,19,6,1,0.6667
10.754895139302109,106.67839188181134,24,33,1.0,12,19,6,1,0.7273
10.785070445194592,106.68331340921324,18,27,1.0,12,19,6,1,0.6667
10.7549373008113,106.67848844133415,24,33,1.0,12,19,6,1,0.7273
10.77898143649726,106.67684447140958,24,34,1.0,12,19,6,1,0.7059
10.7671128283867,106.6927618222887,8,19,1.0,12,19,6,1,0.4211
10.77847212665258,106.69389510879644,33,41,1.0,12,19,6,1,0.8049
10.796057790235078,106.67492629345334,24,33,0.999425,12,19,6,1,0.7273
10.8352982156415,106.72935479345392,37,42,0.998739,12,19,6,1,0.881
10.777562007197462,106.7041335430398,20,30,1.0,12,19,6,1,0.6667
10.83886351241477,106.67566625482782,29,36,1.0,12,20,6,1,0.8056
10.765187049751797,106.67550552599072,28,36,1.0,12,20,6,1,0.7778
10.75948437198232,106.6840537511244,20,26,0.998954,12,20,6,1,0.7692
10.865229381280963,106.72366973948476,49,49,1.0,12,20,6,1,1.0
10.72279213640514,106.72808623948244,28,37,0.997703,12,20,6,1,0.7568
10.823400120373712,106.68551227436063,23,31,1.0,12,20,6,1,0.7419
10.756158554057755,106.66631758181126,23,30,1.0,12,20,6,1,0.7667
10.7144382088356,106.73711688366168,35,35,1.0,12,20,6,1,1.0
10.817236653231737,106.63191539530456,27,35,1.0,12,20,6,1,0.7714
10.772727584493625,106.69804225297564,18,24,0.998765,12,22,6,1,0.75
10.774028664434528,106.70357076461706,29,29,1.0,12,22,6,1,1.0
10.752616652291238,106.72509685338922,39,39,1.0,12,22,6,1,1.0
10.745754766198267,106.65326266831876,42,42,1.0,12,22,6,1,1.0
10.94927106740351,106.87196348224562,33,41,1.0,12,22,6,1,0.8049
10.78866360854368,106.695513722289,35,42,1.0,12,22,6,1,0.8333
10.801406421807084,106.7114844087968,35,42,1.0,12,22,6,1,0.8333
10.843150534972033,106.6151343241409,26,34,1.0,12,22,6,1,0.7647
10.880537767027526,106.81481342866444,48,53,1.0,12,22,6,1,0.9057
10.740840166521664,106.61899246873142,30,36,1.0,12,22,6,1,0.8333
10.798986343749618,106.7269705664684,45,45,1.0,12,22,6,1,1.0
10.741860769464234,106.73790365482628,45,45,1.0,12,22,6,1,1.0
10.752408891679814,106.7022703818112,27,34,1.0,12,22,6,1,0.7941
10.786216596454729,106.71836665482697,40,40,1.0,12,22,6,1,1.0
10.78948793356203,106.7151883818118,36,36,1.0,12,22,6,1,1.0
10.80223925742187,106.6478722259914,33,41,1.0,12,22,6,1,0.8049
10.813928881466124,106.66511432455972,25,33,1.0,12,22,6,1,0.7576
10.755608615763382,106.67347943578082,20,28,1.0,12,22,6,1,0.7143
10.782680856341084,106.70051548181168,20,30,1.0,12,22,6,1,0.6667
10.754895139302109,106.67839188181134,23,33,1.0,12,22,6,1,0.697
10.785070445194592,106.68331340921324,17,26,1.0,12,22,6,1,0.6538
10.7549373008113,106.67848844133415,23,33,1.0,12,22,6,1,0.697
10.77898143649726,106.67684447140958,25,35,1.0,12,23,6,1,0.7143
10.7671128283867,106.6927618222887,13,20,1.0,12,23,6,1,0.65
10.77847212665258,106.69389510879644,33,41,1.0,12,23,6,1,0.8049
10.796057790235078,106.67492629345334,24,33,1.0,12,23,6,1,0.7273
10.8352982156415,106.72935479345392,42,42,1.0,12,23,6,1,1.0
10.777562007197462,106.7041335430398,21,30,1.0,12,23,6,1,0.7
10.83886351241477,106.67566625482782,28,36,1.0,12,23,6,1,0.7778
10.765187049751797,106.67550552599072,36,36,1.0,12,23,6,1,1.0
10.75948437198232,106.6840537511244,18,28,0.997941,12,23,6,1,0.6429
10.865229381280963,106.72366973948476,49,49,1.0,12,23,6,1,1.0
10.72279213640514,106.72808623948244,29,37,0.997961,12,23,6,1,0.7838
10.823400120373712,106.68551227436063,22,31,1.0,12,23,6,1,0.7097
10.756158554057755,106.66631758181126,30,30,1.0,12,23,6,1,1.0
10.7144382088356,106.73711688366168,29,35,1.0,12,23,6,1,0.8286
10.817236653231737,106.63191539530456,25,35,1.0,12,23,6,1,0.7143
10.772727584493625,106.69804225297564,15,23,0.998765,12,25,6,1,0.6522
10.774028664434528,106.70357076461706,23,29,1.0,12,25,6,1,0.7931
10.752616652291238,106.72509685338922,33,39,1.0,12,25,6,1,0.8462
10.745754766198267,106.65326266831876,42,42,1.0,12,25,6,1,1.0
10.94927106740351,106.87196348224562,32,42,1.0,12,25,6,1,0.7619
10.78866360854368,106.695513722289,35,42,1.0,12,25,6,1,0.8333
10.801406421807084,106.7114844087968,35,42,1.0,12,25,6,1,0.8333
10.843150534972033,106.6151343241409,26,35,1.0,12,25,6,1,0.7429
10.880537767027526,106.81481342866444,50,53,1.0,12,26,6,1,0.9434
10.740840166521664,106.61899246873142,34,34,1.0,12,26,6,1,1.0
10.798986343749618,106.7269705664684,45,45,1.0,12,26,6,1,1.0
10.741860769464234,106.73790365482628,45,45,1.0,12,26,6,1,1.0
10.752408891679814,106.7022703818112,29,34,1.0,12,26,6,1,0.8529
10.786216596454729,106.71836665482697,40,40,1.0,12,26,6,1,1.0
10.78948793356203,106.7151883818118,36,36,1.0,12,26,6,1,1.0
10.80223925742187,106.6478722259914,32,41,1.0,12,26,6,1,0.7805
10.813928881466124,106.66511432455972,25,33,0.998691,12,26,6,1,0.7576
10.755608615763382,106.67347943578082,21,28,0.998947,12,26,6,1,0.75
10.782680856341084,106.70051548181168,19,30,1.0,12,26,6,1,0.6333
10.754895139302109,106.67839188181134,24,33,1.0,12,26,6,1,0.7273
10.785070445194592,106.68331340921324,16,27,1.0,12,26,6,1,0.5926
10.7549373008113,106.67848844133415,24,33,1.0,12,26,6,1,0.7273
10.77898143649726,106.67684447140958,25,34,1.0,12,26,6,1,0.7353
10.7671128283867,106.6927618222887,11,19,1.0,12,26,6,1,0.5789
10.77847212665258,106.69389510879644,33,41,1.0,12,26,6,1,0.8049
10.796057790235078,106.67492629345334,25,33,0.998691,12,26,6,1,0.7576
10.8352982156415,106.72935479345392,37,42,0.998197,12,26,6,1,0.881
10.777562007197462,106.7041335430398,21,30,1.0,12,26,6,1,0.7
10.83886351241477,106.67566625482782,36,36,1.0,12,26,6,1,1.0
10.765187049751797,106.67550552599072,36,36,1.0,12,26,6,1,1.0
10.75948437198232,106.6840537511244,22,28,0.998947,12,26,6,1,0.7857
10.865229381280963,106.72366973948476,41,49,1.0,12,26,6,1,0.8367
10.72279213640514,106.72808623948244,29,37,0.997961,12,26,6,1,0.7838
10.823400120373712,106.68551227436063,19,31,1.0,12,26,6,1,0.6129
10.756158554057755,106.66631758181126,21,30,1.0,12,26,6,1,0.7
10.7144382088356,106.73711688366168,28,35,1.0,12,26,6,1,0.8
10.817236653231737,106.63191539530456,26,34,1.0,12,26,6,1,0.7647
10.772727584493625,106.69804225297564,15,24,0.998765,12,28,6,1,0.625
10.774028664434528,106.70357076461706,29,29,1.0,12,29,6,1,1.0
10.752616652291238,106.72509685338922,39,39,1.0,12,29,6,1,1.0
10.745754766198267,106.65326266831876,42,42,1.0,12,29,6,1,1.0
10.94927106740351,106.87196348224562,31,42,1.0,12,29,6,1,0.7381
10.78866360854368,106.695513722289,36,42,1.0,12,29,6,1,0.8571
10.801406421807084,106.7114844087968,36,42,1.0,12,29,6,1,0.8571
10.843150534972033,106.6151343241409,26,34,1.0,12,29,6,1,0.7647
10.880537767027526,106.81481342866444,53,53,1.0,12,29,6,1,1.0
10.740840166521664,106.61899246873142,29,35,1.0,12,29,6,1,0.8286
10.798986343749618,106.7269705664684,45,45,1.0,12,29,6,1,1.0
10.741860769464234,106.73790365482628,45,45,1.0,12,29,6,1,1.0
10.752408891679814,106.7022703818112,25,34,1.0,12,29,6,1,0.7353
10.786216596454729,106.71836665482697,40,40,1.0,12,29,6,1,1.0
10.78948793356203,106.7151883818118,36,36,1.0,12,29,6,1,1.0
10.80223925742187,106.6478722259914,30,41,1.0,12,29,6,1,0.7317
10.813928881466124,106.66511432455972,23,33,0.998954,12,29,6,1,0.697
10.755608615763382,106.67347943578082,19,27,1.0,12,29,6,1,0.7037
10.782680856341084,106.70051548181168,20,30,1.0,12,30,6,1,0.6667
10.754895139302109,106.67839188181134,24,32,1.0,12,30,6,1,0.75
10.785070445194592,106.68331340921324,16,28,1.0,12,30,6,1,0.5714
10.7549373008113,106.67848844133415,23,32,1.0,12,30,6,1,0.7188
10.77898143649726,106.67684447140958,25,35,1.0,12,30,6,1,0.7143
10.7671128283867,106.6927618222887,12,19,1.0,12,30,6,1,0.6316
10.77847212665258,106.69389510879644,34,41,1.0,12,30,6,1,0.8293
10.796057790235078,106.67492629345334,23,33,0.998691,12,30,6,1,0.697
10.8352982156415,106.72935479345392,36,42,0.997845,12,30,6,1,0.8571
10.777562007197462,106.7041335430398,19,29,1.0,12,30,6,1,0.6552
10.83886351241477,106.67566625482782,27,36,1.0,12,30,6,1,0.75
10.765187049751797,106.67550552599072,25,36,1.0,12,30,6,1,0.6944
10.75948437198232,106.6840537511244,20,27,0.998951,12,30,6,1,0.7407
10.865229381280963,106.72366973948476,41,49,1.0,12,30,6,1,0.8367
10.72279213640514,106.72808623948244,28,37,0.997443,12,30,6,1,0.7568
10.823400120373712,106.68551227436063,22,31,1.0,12,31,6,1,0.7097
10.756158554057755,106.66631758181126,22,29,1.0,12,31,6,1,0.7586
10.7144382088356,106.73711688366168,27,35,1.0,12,31,6,1,0.7714
10.817236653231737,106.63191539530456,27,35,1.0,12,31,6,1,0.7714
10.772727584493625,106.69804225297564,17,24,0.997501,12,33,6,1,0.7083
10.774028664434528,106.70357076461706,21,28,1.0,12,33,6,1,0.75
10.752616652291238,106.72509685338922,39,39,1.0,12,33,6,1,1.0
10.745754766198267,106.65326266831876,42,42,1.0,12,33,6,1,1.0
10.94927106740351,106.87196348224562,35,42,1.0,12,33,6,1,0.8333
10.78866360854368,106.695513722289,36,42,1.0,12,33,6,1,0.8571
10.801406421807084,106.7114844087968,36,42,1.0,12,33,6,1,0.8571
10.843150534972033,106.6151343241409,26,35,1.0,12,33,6,1,0.7429
10.880537767027526,106.81481342866444,53,53,1.0,12,33,6,1,1.0
10.740840166521664,106.61899246873142,34,34,1.0,12,33,6,1,1.0
10.798986343749618,106.7269705664684,45,45,1.0,12,33,6,1,1.0
10.741860769464234,106.73790365482628,45,45,1.0,12,33,6,1,1.0
10.752408891679814,106.7022703818112,27,33,1.0,12,33,6,1,0.8182
10.786216596454729,106.71836665482697,40,40,1.0,12,33,6,1,1.0
10.78948793356203,106.7151883818118,36,36,1.0,12,33,6,1,1.0
10.80223925742187,106.6478722259914,31,40,1.0,12,33,6,1,0.775
10.813928881466124,106.66511432455972,25,33,0.998691,12,33,6,1,0.7576
10.755608615763382,106.67347943578082,23,27,0.998954,12,33,6,1,0.8519
10.782680856341084,106.70051548181168,19,30,1.0,12,33,6,1,0.6333
10.754895139302109,106.67839188181134,24,32,1.0,12,33,6,1,0.75
10.785070445194592,106.68331340921324,21,27,1.0,12,33,6,1,0.7778
10.7549373008113,106.67848844133415,24,32,1.0,12,33,6,1,0.75
10.77898143649726,106.67684447140958,24,34,1.0,12,34,6,1,0.7059
10.7671128283867,106.6927618222887,15,19,1.0,12,34,6,1,0.7895
10.77847212665258,106.69389510879644,34,41,1.0,12,34,6,1,0.8293
10.796057790235078,106.67492629345334,25,33,0.998691,12,34,6,1,0.7576
10.8352982156415,106.72935479345392,42,42,1.0,12,34,6,1,1.0
10.777562007197462,106.7041335430398,19,30,1.0,12,34,6,1,0.6333
10.83886351241477,106.67566625482782,29,36,1.0,12,34,6,1,0.8056
10.765187049751797,106.67550552599072,28,36,1.0,12,34,6,1,0.7778
10.75948437198232,106.6840537511244,23,27,0.998954,12,34,6,1,0.8519
10.865229381280963,106.72366973948476,41,49,1.0,12,34,6,1,0.8367
10.72279213640514,106.72808623948244,29,37,0.997675,12,34,6,1,0.7838
10.823400120373712,106.68551227436063,21,31,1.0,12,34,6,1,0.6774
10.756158554057755,106.66631758181126,23,29,1.0,12,34,6,1,0.7931
10.7144382088356,106.73711688366168,27,35,1.0,12,34,6,1,0.7714
10.817236653231737,106.63191539530456,26,35,1.0,12,34,6,1,0.7429
10.772727584493625,106.69804225297564,16,24,0.99753,12,36,6,1,0.6667
10.774028664434528,106.70357076461706,29,29,1.0,12,36,6,1,1.0
10.752616652291238,106.72509685338922,39,39,1.0,12,36,6,1,1.0
10.745754766198267,106.65326266831876,42,42,1.0,12,36,6,1,1.0
10.94927106740351,106.87196348224562,35,41,1.0,12,36,6,1,0.8537
10.78866360854368,106.695513722289,36,42,1.0,12,36,6,1,0.8571
10.801406421807084,106.7114844087968,36,42,1.0,12,36,6,1,0.8571
10.843150534972033,106.6151343241409,26,34,1.0,12,37,6,1,0.7647
10.880537767027526,106.81481342866444,53,53,1.0,12,37,6,1,1.0
10.740840166521664,106.61899246873142,34,34,1.0,12,37,6,1,1.0
10.798986343749618,106.7269705664684,45,45,1.0,12,37,6,1,1.0
10.741860769464234,106.73790365482628,45,45,1.0,12,37,6,1,1.0
10.752408891679814,106.7022703818112,27,34,1.0,12,37,6,1,0.7941
10.786216596454729,106.71836665482697,40,40,1.0,12,37,6,1,1.0
10.78948793356203,106.7151883818118,36,36,1.0,12,37,6,1,1.0
10.80223925742187,106.6478722259914,32,40,1.0,12,37,6,1,0.8
10.813928881466124,106.66511432455972,25,34,1.0,12,37,6,1,0.7353
10.755608615763382,106.67347943578082,20,27,1.0,12,38,6,1,0.7407
10.782680856341084,106.70051548181168,20,29,1.0,12,38,6,1,0.6897
10.754895139302109,106.67839188181134,22,32,1.0,12,38,6,1,0.6875
10.785070445194592,106.68331340921324,20,26,1.0,12,38,6,1,0.7692
10.7549373008113,106.67848844133415,22,32,1.0,12,38,6,1,0.6875
10.77898143649726,106.67684447140958,23,34,1.0,12,38,6,1,0.6765
10.7671128283867,106.6927618222887,20,20,1.0,12,38,6,1,1.0
10.77847212665258,106.69389510879644,34,41,1.0,12,38,6,1,0.8293
10.796057790235078,106.67492629345334,25,34,1.0,12,38,6,1,0.7353
10.8352982156415,106.72935479345392,38,42,0.997774,12,38,6,1,0.9048
10.777562007197462,106.7041335430398,20,29,1.0,12,38,6,1,0.6897
10.83886351241477,106.67566625482782,27,36,1.0,12,38,6,1,0.75
10.765187049751797,106.67550552599072,36,36,1.0,12,38,6,1,1.0
10.75948437198232,106.6840537511244,19,28,1.0,12,38,6,1,0.6786
10.865229381280963,106.72366973948476,49,49,1.0,12,38,6,1,1.0
10.72279213640514,106.72808623948244,30,37,0.996488,12,38,6,1,0.8108
10.823400120373712,106.68551227436063,23,31,1.0,12,38,6,1,0.7419
10.756158554057755,106.66631758181126,30,30,1.0,12,38,6,1,1.0
10.7144382088356,106.73711688366168,28,35,1.0,12,38,6,1,0.8
10.817236653231737,106.63191539530456,24,35,1.0,12,38,6,1,0.6857
10.772727584493625,106.69804225297564,15,24,0.998765,12,40,6,1,0.625
10.774028664434528,106.70357076461706,21,28,1.0,12,40,6,1,0.75
10.752616652291238,106.72509685338922,39,39,1.0,12,40,6,1,1.0
10.745754766198267,106.65326266831876,42,42,1.0,12,40,6,1,1.0
10.94927106740351,106.87196348224562,42,42,1.0,12,40,6,1,1.0
10.78866360854368,106.695513722289,37,42,1.0,12,41,6,1,0.881
10.801406421807084,106.7114844087968,37,42,1.0,12,41,6,1,0.881
10.843150534972033,106.6151343241409,25,35,1.0,12,41,6,1,0.7143
10.880537767027526,106.81481342866444,53,53,1.0,12,41,6,1,1.0
10.740840166521664,106.61899246873142,34,34,1.0,12,41,6,1,1.0
10.798986343749618,106.7269705664684,45,45,1.0,12,41,6,1,1.0
10.741860769464234,106.73790365482628,45,45,1.0,12,41,6,1,1.0
10.752408891679814,106.7022703818112,27,34,1.0,12,41,6,1,0.7941
10.786216596454729,106.71836665482697,40,40,1.0,12,41,6,1,1.0
10.78948793356203,106.7151883818118,36,36,1.0,12,42,6,1,1.0
10.80223925742187,106.6478722259914,41,41,1.0,12,42,6,1,1.0
10.813928881466124,106.66511432455972,24,33,0.998484,12,42,6,1,0.7273
10.755608615763382,106.67347943578082,20,28,1.0,12,42,6,1,0.7143
10.782680856341084,106.70051548181168,19,29,1.0,12,42,6,1,0.6552
10.754895139302109,106.67839188181134,24,32,1.0,12,42,6,1,0.75
10.785070445194592,106.68331340921324,19,27,1.0,12,42,6,1,0.7037
10.7549373008113,106.67848844133415,24,32,1.0,12,42,6,1,0.75
10.77898143649726,106.67684447140958,24,35,1.0,12,42,6,1,0.6857
10.7671128283867,106.6927618222887,7,19,1.0,12,42,6,1,0.3684
10.77847212665258,106.69389510879644,34,41,1.0,12,42,6,1,0.8293
10.796057790235078,106.67492629345334,25,34,0.998484,12,42,6,1,0.7353
10.8352982156415,106.72935479345392,37,42,0.997013,12,42,6,1,0.881
10.777562007197462,106.7041335430398,20,30,1.0,12,42,6,1,0.6667
10.83886351241477,106.67566625482782,28,35,1.0,12,43,6,1,0.8
10.765187049751797,106.67550552599072,24,36,1.0,12,43,6,1,0.6667
10.75948437198232,106.6840537511244,21,28,0.997886,12,43,6,1,0.75
10.865229381280963,106.72366973948476,49,49,1.0,12,43,6,1,1.0
10.72279213640514,106.72808623948244,27,37,0.997961,12,43,6,1,0.7297
10.823400120373712,106.68551227436063,24,31,1.0,12,43,6,1,0.7742
10.756158554057755,106.66631758181126,24,29,1.0,12,43,6,1,0.8276
10.7144382088356,106.73711688366168,28,35,1.0,12,43,6,1,0.8
10.817236653231737,106.63191539530456,25,34,1.0,12,43,6,1,0.7353
10.772727584493625,106.69804225297564,17,24,0.998765,12,45,6,1,0.7083
10.774028664434528,106.70357076461706,29,29,1.0,12,45,6,1,1.0
10.752616652291238,106.72509685338922,39,39,1.0,12,45,6,1,1.0
10.745754766198267,106.65326266831876,42,42,1.0,12,45,6,1,1.0
10.94927106740351,106.87196348224562,32,41,1.0,12,45,6,1,0.7805
10.78866360854368,106.695513722289,42,42,1.0,12,45,6,1,1.0
10.801406421807084,106.7114844087968,42,42,1.0,12,45,6,1,1.0
10.843150534972033,106.6151343241409,25,35,1.0,12,45,6,1,0.7143
10.880537767027526,106.81481342866444,53,53,1.0,12,45,6,1,1.0
10.740840166521664,106.61899246873142,30,35,1.0,12,45,6,1,0.8571
10.798986343749618,106.7269705664684,45,45,1.0,12,46,6,1,1.0
10.741860769464234,106.73790365482628,45,45,1.0,12,46,6,1,1.0
10.752408891679814,106.7022703818112,25,34,1.0,12,46,6,1,0.7353
10.786216596454729,106.71836665482697,40,40,1.0,12,46,6,1,1.0
10.78948793356203,106.7151883818118,36,36,1.0,12,46,6,1,1.0
10.80223925742187,106.6478722259914,31,40,1.0,12,46,6,1,0.775
10.813928881466124,106.66511432455972,24,33,0.999441,12,46,6,1,0.7273
10.755608615763382,106.67347943578082,20,27,1.0,12,46,6,1,0.7407
10.782680856341084,106.70051548181168,21,30,1.0,12,46,6,1,0.7
10.754895139302109,106.67839188181134,25,32,1.0,12,46,6,1,0.7812
10.785070445194592,106.68331340921324,16,28,1.0,12,46,6,1,0.5714
10.7549373008113,106.67848844133415,25,32,1.0,12,46,6,1,0.7812
10.77898143649726,106.67684447140958,25,35,1.0,12,46,6,1,0.7143
10.7671128283867,106.6927618222887,9,19,1.0,12,46,6,1,0.4737
10.77847212665258,106.69389510879644,35,41,1.0,12,46,6,1,0.8537
10.796057790235078,106.67492629345334,25,34,0.99972,12,46,6,1,0.7353
10.8352982156415,106.72935479345392,37,42,0.996273,12,46,6,1,0.881
10.777562007197462,106.7041335430398,20,30,1.0,12,46,6,1,0.6667
10.83886351241477,106.67566625482782,36,36,1.0,12,46,6,1,1.0
10.765187049751797,106.67550552599072,28,35,1.0,12,47,6,1,0.8
10.75948437198232,106.6840537511244,22,28,1.0,12,47,6,1,0.7857
10.865229381280963,106.72366973948476,49,49,1.0,12,47,6,1,1.0
10.72279213640514,106.72808623948244,29,37,0.997961,12,47,6,1,0.7838
10.823400120373712,106.68551227436063,23,31,1.0,12,47,6,1,0.7419
10.756158554057755,106.66631758181126,30,30,1.0,12,47,6,1,1.0
10.7144382088356,106.73711688366168,29,36,1.0,12,47,6,1,0.8056
10.817236653231737,106.63191539530456,26,35,1.0,12,47,6,1,0.7429
10.772727584493625,106.69804225297564,16,24,0.99753,12,49,6,1,0.6667
10.774028664434528,106.70357076461706,14,28,1.0,12,49,6,1,0.5
10.752616652291238,106.72509685338922,39,39,1.0,12,49,6,1,1.0
10.745754766198267,106.65326266831876,42,42,1.0,12,49,6,1,1.0
10.94927106740351,106.87196348224562,32,42,1.0,12,49,6,1,0.7619
10.78866360854368,106.695513722289,42,42,1.0,12,49,6,1,1.0
10.801406421807084,106.7114844087968,42,42,1.0,12,49,6,1,1.0
10.843150534972033,106.6151343241409,26,35,1.0,12,49,6,1,0.7429
10.880537767027526,106.81481342866444,53,53,1.0,12,49,6,1,1.0
10.740840166521664,106.61899246873142,29,35,1.0,12,50,6,1,0.8286
10.798986343749618,106.7269705664684,45,45,1.0,12,50,6,1,1.0
10.741860769464234,106.73790365482628,45,45,1.0,12,50,6,1,1.0
10.752408891679814,106.7022703818112,27,33,1.0,12,50,6,1,0.8182
10.786216596454729,106.71836665482697,40,40,1.0,12,50,6,1,1.0
10.78948793356203,106.7151883818118,36,36,1.0,12,50,6,1,1.0
10.80223925742187,106.6478722259914,32,41,1.0,12,50,6,1,0.7805
10.813928881466124,106.66511432455972,24,34,0.999441,12,50,6,1,0.7059
10.755608615763382,106.67347943578082,23,27,0.996829,12,50,6,1,0.8519
10.782680856341084,106.70051548181168,18,30,1.0,12,50,6,1,0.6
10.754895139302109,106.67839188181134,25,32,1.0,12,50,6,1,0.7812
10.785070445194592,106.68331340921324,17,28,1.0,12,50,6,1,0.6071
10.7549373008113,106.67848844133415,26,33,1.0,12,50,6,1,0.7879
10.77898143649726,106.67684447140958,25,34,1.0,12,50,6,1,0.7353
10.7671128283867,106.6927618222887,6,20,1.0,12,50,6,1,0.3
10.77847212665258,106.69389510879644,34,42,1.0,12,50,6,1,0.8095
10.796057790235078,106.67492629345334,25,34,0.999265,12,50,6,1,0.7353
10.8352982156415,106.72935479345392,42,42,1.0,12,50,6,1,1.0
10.777562007197462,106.7041335430398,18,30,1.0,12,50,6,1,0.6
10.83886351241477,106.67566625482782,36,36,1.0,12,50,6,1,1.0
10.765187049751797,106.67550552599072,27,36,1.0,12,50,6,1,0.75
10.75948437198232,106.6840537511244,28,28,1.0,12,50,6,1,1.0
10.865229381280963,106.72366973948476,41,49,1.0,12,50,6,1,0.8367
10.72279213640514,106.72808623948244,29,37,0.995795,12,50,6,1,0.7838
10.823400120373712,106.68551227436063,20,32,1.0,12,51,6,1,0.625
10.756158554057755,106.66631758181126,20,29,1.0,12,51,6,1,0.6897
10.7144382088356,106.73711688366168,28,36,1.0,12,51,6,1,0.7778
10.817236653231737,106.63191539530456,26,35,1.0,12,51,6,1,0.7429
10.772727584493625,106.69804225297564,16,25,0.99753,12,53,6,1,0.64
10.774028664434528,106.70357076461706,29,29,1.0,12,53,6,1,1.0
10.752616652291238,106.72509685338922,39,39,1.0,12,53,6,1,1.0
10.745754766198267,106.65326266831876,42,42,1.0,12,53,6,1,1.0
10.94927106740351,106.87196348224562,32,42,1.0,12,53,6,1,0.7619
10.78866360854368,106.695513722289,42,42,1.0,12,53,6,1,1.0
10.801406421807084,106.7114844087968,42,42,1.0,12,53,6,1,1.0
10.843150534972033,106.6151343241409,27,35,1.0,12,53,6,1,0.7714
10.880537767027526,106.81481342866444,53,53,1.0,12,53,6,1,1.0
10.740840166521664,106.61899246873142,29,35,1.0,12,53,6,1,0.8286
10.798986343749618,106.7269705664684,45,45,1.0,12,53,6,1,1.0
10.741860769464234,106.73790365482628,45,45,1.0,12,53,6,1,1.0
10.752408891679814,106.7022703818112,27,34,1.0,12,53,6,1,0.7941
10.786216596454729,106.71836665482697,36,39,1.0,12,53,6,1,0.9231
10.78948793356203,106.7151883818118,36,36,1.0,12,53,6,1,1.0
10.80223925742187,106.6478722259914,31,40,1.0,12,53,6,1,0.775
10.813928881466124,106.66511432455972,26,33,0.999528,12,53,6,1,0.7879
10.755608615763382,106.67347943578082,28,28,1.0,12,53,6,1,1.0
10.782680856341084,106.70051548181168,20,30,1.0,12,54,6,1,0.6667
10.754895139302109,106.67839188181134,25,33,1.0,12,54,6,1,0.7576
10.785070445194592,106.68331340921324,17,26,1.0,12,54,6,1,0.6538
10.7549373008113,106.67848844133415,25,33,1.0,12,54,6,1,0.7576
10.77898143649726,106.67684447140958,24,34,1.0,12,54,6,1,0.7059
10.7671128283867,106.6927618222887,9,20,1.0,12,54,6,1,0.45
10.77847212665258,106.69389510879644,35,41,1.0,12,54,6,1,0.8537
10.796057790235078,106.67492629345334,25,34,0.999528,12,54,6,1,0.7353
10.8352982156415,106.72935479345392,42,42,1.0,12,54,6,1,1.0
10.777562007197462,106.7041335430398,21,31,1.0,12,54,6,1,0.6774
10.83886351241477,106.67566625482782,28,36,1.0,12,54,6,1,0.7778
10.765187049751797,106.67550552599072,36,36,1.0,12,54,6,1,1.0
10.75948437198232,106.6840537511244,22,27,0.997909,12,54,6,1,0.8148
10.865229381280963,106.72366973948476,41,49,1.0,12,54,6,1,0.8367
10.72279213640514,106.72808623948244,28,36,0.998015,12,54,6,1,0.7778
10.823400120373712,106.68551227436063,21,31,1.0,12,54,6,1,0.6774
10.756158554057755,106.66631758181126,22,29,1.0,12,54,6,1,0.7586
10.7144382088356,106.73711688366168,28,34,1.0,12,54,6,1,0.8235
10.817236653231737,106.63191539530456,27,35,1.0,12,54,6,1,0.7714
10.772727584493625,106.69804225297564,14,24,0.99753,12,57,6,1,0.5833
10.774028664434528,106.70357076461706,29,29,1.0,12,57,6,1,1.0
10.752616652291238,106.72509685338922,39,39,1.0,12,57,6,1,1.0
10.745754766198267,106.65326266831876,42,42,1.0,12,57,6,1,1.0
10.94927106740351,106.87196348224562,42,42,1.0,12,57,6,1,1.0
10.78866360854368,106.695513722289,36,42,1.0,12,57,6,1,0.8571
10.801406421807084,106.7114844087968,42,42,1.0,12,57,6,1,1.0
10.843150534972033,106.6151343241409,26,35,1.0,12,57,6,1,0.7429
10.880537767027526,106.81481342866444,53,53,1.0,12,57,6,1,1.0
10.740840166521664,106.61899246873142,28,35,1.0,12,57,6,1,0.8
10.798986343749618,106.7269705664684,45,45,1.0,12,57,6,1,1.0
10.741860769464234,106.73790365482628,45,45,1.0,12,57,6,1,1.0
10.752408891679814,106.7022703818112,33,33,1.0,12,57,6,1,1.0
10.786216596454729,106.71836665482697,40,40,1.0,12,58,6,1,1.0
10.78948793356203,106.7151883818118,36,36,1.0,12,58,6,1,1.0
10.80223925742187,106.6478722259914,30,41,1.0,12,58,6,1,0.7317
10.813928881466124,106.66511432455972,24,33,0.999242,12,58,6,1,0.7273
10.755608615763382,106.67347943578082,20,28,0.996852,12,58,6,1,0.7143
10.782680856341084,106.70051548181168,19,30,1.0,12,58,6,1,0.6333
10.754895139302109,106.67839188181134,24,32,1.0,12,58,6,1,0.75
10.785070445194592,106.68331340921324,20,27,1.0,12,58,6,1,0.7407
10.7549373008113,106.67848844133415,24,32,1.0,12,58,6,1,0.75
10.77898143649726,106.67684447140958,26,34,1.0,12,58,6,1,0.7647
10.7671128283867,106.6927618222887,20,20,1.0,12,58,6,1,1.0
10.77847212665258,106.69389510879644,35,41,1.0,12,58,6,1,0.8537
10.796057790235078,106.67492629345334,24,33,0.998954,12,58,6,1,0.7273
10.8352982156415,106.72935479345392,42,42,1.0,12,58,6,1,1.0
10.777562007197462,106.7041335430398,20,30,1.0,12,59,6,1,0.6667
10.83886351241477,106.67566625482782,36,36,1.0,12,59,6,1,1.0
10.765187049751797,106.67550552599072,27,36,1.0,12,59,6,1,0.75
10.75948437198232,106.6840537511244,18,27,0.996829,12,59,6,1,0.6667
10.865229381280963,106.72366973948476,41,49,1.0,12,59,6,1,0.8367
10.72279213640514,106.72808623948244,28,37,0.998015,12,59,6,1,0.7568
10.823400120373712,106.68551227436063,25,32,1.0,12,59,6,1,0.7812
10.756158554057755,106.66631758181126,23,29,1.0,12,59,6,1,0.7931
10.7144382088356,106.73711688366168,29,35,1.0,12,59,6,1,0.8286
10.817236653231737,106.63191539530456,27,35,1.0,12,59,6,1,0.7714
10.772727584493625,106.69804225297564,17,25,0.995561,13,1,6,1,0.68
10.774028664434528,106.70357076461706,29,29,1.0,13,1,6,1,1.0
10.752616652291238,106.72509685338922,39,39,1.0,13,1,6,1,1.0
10.745754766198267,106.65326266831876,42,42,1.0,13,1,6,1,1.0
10.94927106740351,106.87196348224562,32,41,1.0,13,1,6,1,0.7805
10.78866360854368,106.695513722289,37,42,1.0,13,2,6,1,0.881
10.801406421807084,106.7114844087968,37,42,1.0,13,2,6,1,0.881
10.843150534972033,106.6151343241409,28,35,1.0,13,2,6,1,0.8
10.880537767027526,106.81481342866444,53,53,1.0,13,2,6,1,1.0
10.740840166521664,106.61899246873142,30,35,1.0,13,2,6,1,0.8571
10.798986343749618,106.7269705664684,45,45,1.0,13,2,6,1,1.0
10.741860769464234,106.73790365482628,45,45,1.0,13,2,6,1,1.0
10.752408891679814,106.7022703818112,33,33,1.0,13,2,6,1,1.0
10.786216596454729,106.71836665482697,40,40,1.0,13,2,6,1,1.0
10.78948793356203,106.7151883818118,36,36,1.0,13,2,6,1,1.0
10.80223925742187,106.6478722259914,31,40,1.0,13,2,6,1,0.775
10.813928881466124,106.66511432455972,25,34,0.997916,13,2,6,1,0.7353
10.755608615763382,106.67347943578082,19,28,1.0,13,2,6,1,0.6786
10.782680856341084,106.70051548181168,21,30,1.0,13,2,6,1,0.7
10.754895139302109,106.67839188181134,23,33,1.0,13,2,6,1,0.697
10.785070445194592,106.68331340921324,20,28,1.0,13,2,6,1,0.7143
10.7549373008113,106.67848844133415,23,33,1.0,13,2,6,1,0.697
10.77898143649726,106.67684447140958,25,34,1.0,13,2,6,1,0.7353
10.7671128283867,106.6927618222887,15,20,1.0,13,2,6,1,0.75
10.77847212665258,106.69389510879644,35,42,1.0,13,2,6,1,0.8333
10.796057790235078,106.67492629345334,25,33,1.0,13,2,6,1,0.7576
10.8352982156415,106.72935479345392,42,42,1.0,13,2,6,1,1.0
10.777562007197462,106.7041335430398,22,30,1.0,13,2,6,1,0.7333
10.83886351241477,106.67566625482782,36,36,1.0,13,2,6,1,1.0
10.765187049751797,106.67550552599072,27,35,1.0,13,2,6,1,0.7714
10.75948437198232,106.6840537511244,19,27,0.997069,13,2,6,1,0.7037
10.865229381280963,106.72366973948476,40,49,1.0,13,2,6,1,0.8163
10.72279213640514,106.72808623948244,29,37,0.998165,13,3,6,1,0.7838
10.823400120373712,106.68551227436063,22,31,1.0,13,3,6,1,0.7097
10.756158554057755,106.66631758181126,21,28,1.0,13,3,6,1,0.75
10.7144382088356,106.73711688366168,29,35,1.0,13,3,6,1,0.8286
10.817236653231737,106.63191539530456,27,35,1.0,13,3,6,1,0.7714
10.772727584493625,106.69804225297564,18,24,0.995561,13,5,6,1,0.75
10.774028664434528,106.70357076461706,18,29,1.0,13,5,6,1,0.6207
10.752616652291238,106.72509685338922,39,39,1.0,13,5,6,1,1.0
10.745754766198267,106.65326266831876,42,42,1.0,13,5,6,1,1.0
10.94927106740351,106.87196348224562,42,42,1.0,13,5,6,1,1.0
10.78866360854368,106.695513722289,35,42,1.0,13,5,6,1,0.8333
10.801406421807084,106.7114844087968,35,42,1.0,13,5,6,1,0.8333
10.843150534972033,106.6151343241409,27,35,1.0,13,5,6,1,0.7714
10.880537767027526,106.81481342866444,53,53,1.0,13,5,6,1,1.0
10.740840166521664,106.61899246873142,30,35,1.0,13,5,6,1,0.8571
10.798986343749618,106.7269705664684,45,45,1.0,13,5,6,1,1.0
10.741860769464234,106.73790365482628,45,45,1.0,13,5,6,1,1.0
10.752408891679814,106.7022703818112,27,34,1.0,13,5,6,1,0.7941
10.786216596454729,106.71836665482697,40,40,1.0,13,5,6,1,1.0
10.78948793356203,106.7151883818118,36,36,1.0,13,5,6,1,1.0
10.80223925742187,106.6478722259914,33,41,1.0,13,5,6,1,0.8049
10.813928881466124,106.66511432455972,25,33,1.0,13,5,6,1,0.7576
10.755608615763382,106.67347943578082,22,27,1.0,13,5,6,1,0.8148
10.782680856341084,106.70051548181168,21,30,1.0,13,6,6,1,0.7
10.754895139302109,106.67839188181134,24,33,1.0,13,6,6,1,0.7273
10.785070445194592,106.68331340921324,18,27,1.0,13,6,6,1,0.6667
10.7549373008113,106.67848844133415,24,33,1.0,13,6,6,1,0.7273
10.77898143649726,106.67684447140958,25,34,1.0,13,6,6,1,0.7353
10.7671128283867,106.6927618222887,15,20,1.0,13,6,6,1,0.75
10.77847212665258,106.69389510879644,35,41,1.0,13,6,6,1,0.8537
10.796057790235078,106.67492629345334,25,33,1.0,13,6,6,1,0.7576
10.8352982156415,106.72935479345392,42,42,1.0,13,6,6,1,1.0
10.777562007197462,106.7041335430398,20,30,1.0,13,6,6,1,0.6667
10.83886351241477,106.67566625482782,36,36,1.0,13,6,6,1,1.0
10.765187049751797,106.67550552599072,36,36,1.0,13,6,6,1,1.0
10.75948437198232,106.6840537511244,22,27,1.0,13,6,6,1,0.8148
10.865229381280963,106.72366973948476,40,49,1.0,13,6,6,1,0.8163
10.72279213640514,106.72808623948244,29,37,0.997958,13,6,6,1,0.7838
10.823400120373712,106.68551227436063,25,31,1.0,13,6,6,1,0.8065
10.756158554057755,106.66631758181126,23,30,1.0,13,6,6,1,0.7667
10.7144382088356,106.73711688366168,35,35,1.0,13,6,6,1,1.0
10.817236653231737,106.63191539530456,27,35,1.0,13,6,6,1,0.7714
10.772727584493625,106.69804225297564,16,24,0.993696,13,8,6,1,0.6667
10.774028664434528,106.70357076461706,29,29,1.0,13,8,6,1,1.0
10.752616652291238,106.72509685338922,39,39,1.0,13,8,6,1,1.0
10.745754766198267,106.65326266831876,42,42,1.0,13,8,6,1,1.0
10.94927106740351,106.87196348224562,35,42,1.0,13,8,6,1,0.8333
10.78866360854368,106.695513722289,36,41,1.0,13,9,6,1,0.878
10.801406421807084,106.7114844087968,35,42,1.0,13,9,6,1,0.8333
10.843150534972033,106.6151343241409,26,35,1.0,13,9,6,1,0.7429
10.880537767027526,106.81481342866444,53,53,1.0,13,9,6,1,1.0
10.740840166521664,106.61899246873142,34,34,1.0,13,9,6,1,1.0
10.798986343749618,106.7269705664684,45,45,1.0,13,9,6,1,1.0
10.741860769464234,106.73790365482628,45,45,1.0,13,9,6,1,1.0
10.752408891679814,106.7022703818112,25,33,1.0,13,10,6,1,0.7576
10.786216596454729,106.71836665482697,40,40,1.0,13,10,6,1,1.0
10.78948793356203,106.7151883818118,36,36,1.0,13,10,6,1,1.0
10.80223925742187,106.6478722259914,41,41,1.0,13,10,6,1,1.0
10.813928881466124,106.66511432455972,25,34,0.999715,13,10,6,1,0.7353
10.755608615763382,106.67347943578082,21,27,1.0,13,10,6,1,0.7778
10.782680856341084,106.70051548181168,22,30,1.0,13,10,6,1,0.7333
10.754895139302109,106.67839188181134,23,32,1.0,13,10,6,1,0.7188
10.785070445194592,106.68331340921324,20,28,1.0,13,10,6,1,0.7143
10.7549373008113,106.67848844133415,23,32,1.0,13,10,6,1,0.7188
10.77898143649726,106.67684447140958,26,35,1.0,13,10,6,1,0.7429
10.7671128283867,106.6927618222887,20,20,1.0,13,10,6,1,1.0
10.77847212665258,106.69389510879644,34,41,1.0,13,10,6,1,0.8293
10.796057790235078,106.67492629345334,25,33,0.999244,13,10,6,1,0.7576
10.8352982156415,106.72935479345392,42,42,1.0,13,10,6,1,1.0
10.777562007197462,106.7041335430398,20,30,1.0,13,11,6,1,0.6667
10.83886351241477,106.67566625482782,28,36,1.0,13,11,6,1,0.7778
10.765187049751797,106.67550552599072,28,36,1.0,13,11,6,1,0.7778
10.75948437198232,106.6840537511244,28,28,1.0,13,11,6,1,1.0
10.865229381280963,106.72366973948476,40,49,1.0,13,11,6,1,0.8163
10.72279213640514,106.72808623948244,29,37,0.996436,13,11,6,1,0.7838
10.823400120373712,106.68551227436063,23,32,1.0,13,11,6,1,0.7188
10.756158554057755,106.66631758181126,21,29,1.0,13,11,6,1,0.7241
10.7144382088356,106.73711688366168,35,35,1.0,13,11,6,1,1.0
10.817236653231737,106.63191539530456,27,35,1.0,13,11,6,1,0.7714
10.772727584493625,106.69804225297564,15,24,0.996829,13,13,6,1,0.625
10.774028664434528,106.70357076461706,22,28,1.0,13,13,6,1,0.7857
10.752616652291238,106.72509685338922,39,39,1.0,13,13,6,1,1.0
10.745754766198267,106.65326266831876,42,42,1.0,13,13,6,1,1.0
10.94927106740351,106.87196348224562,34,41,1.0,13,13,6,1,0.8293
10.78866360854368,106.695513722289,36,41,1.0,13,13,6,1,0.878
10.801406421807084,106.7114844087968,36,41,1.0,13,13,6,1,0.878
10.843150534972033,106.6151343241409,27,35,1.0,13,14,6,1,0.7714
10.880537767027526,106.81481342866444,53,53,1.0,13,14,6,1,1.0
10.740840166521664,106.61899246873142,28,35,1.0,13,14,6,1,0.8
10.798986343749618,106.7269705664684,45,45,1.0,13,14,6,1,1.0
10.741860769464234,106.73790365482628,45,45,1.0,13,14,6,1,1.0
10.752408891679814,106.7022703818112,33,33,1.0,13,14,6,1,1.0
10.786216596454729,106.71836665482697,40,40,1.0,13,14,6,1,1.0
10.78948793356203,106.7151883818118,36,36,1.0,13,14,6,1,1.0
10.80223925742187,106.6478722259914,27,40,1.0,13,14,6,1,0.675
10.813928881466124,106.66511432455972,26,34,0.999057,13,14,6,1,0.7647
10.755608615763382,106.67347943578082,20,28,1.0,13,14,6,1,0.7143
10.782680856341084,106.70051548181168,21,30,1.0,13,14,6,1,0.7
10.754895139302109,106.67839188181134,25,32,1.0,13,14,6,1,0.7812
10.785070445194592,106.68331340921324,19,27,1.0,13,15,6,1,0.7037
10.7549373008113,106.67848844133415,25,32,1.0,13,15,6,1,0.7812
10.77898143649726,106.67684447140958,26,34,1.0,13,15,6,1,0.7647
10.7671128283867,106.6927618222887,15,20,1.0,13,15,6,1,0.75
10.77847212665258,106.69389510879644,34,41,1.0,13,15,6,1,0.8293
10.796057790235078,106.67492629345334,25,33,0.999265,13,15,6,1,0.7576
10.8352982156415,106.72935479345392,42,42,1.0,13,15,6,1,1.0
10.777562007197462,106.7041335430398,21,30,1.0,13,15,6,1,0.7
10.83886351241477,106.67566625482782,36,36,1.0,13,15,6,1,1.0
10.765187049751797,106.67550552599072,28,35,1.0,13,15,6,1,0.8
10.75948437198232,106.6840537511244,17,28,1.0,13,15,6,1,0.6071
10.865229381280963,106.72366973948476,40,49,1.0,13,16,6,1,0.8163
10.72279213640514,106.72808623948244,29,37,0.996179,13,16,6,1,0.7838
10.823400120373712,106.68551227436063,25,32,1.0,13,16,6,1,0.7812
10.756158554057755,106.66631758181126,30,30,1.0,13,16,6,1,1.0
10.7144382088356,106.73711688366168,35,35,1.0,13,16,6,1,1.0
10.817236653231737,106.63191539530456,27,34,1.0,13,16,6,1,0.7941
10.772727584493625,106.69804225297564,15,24,0.996195,13,18,6,1,0.625
10.774028664434528,106.70357076461706,21,28,1.0,13,18,6,1,0.75
10.752616652291238,106.72509685338922,39,39,1.0,13,18,6,1,1.0
10.745754766198267,106.65326266831876,42,42,1.0,13,18,6,1,1.0
10.94927106740351,106.87196348224562,33,41,1.0,13,18,6,1,0.8049
10.78866360854368,106.695513722289,36,42,1.0,13,18,6,1,0.8571
10.801406421807084,106.7114844087968,36,42,1.0,13,18,6,1,0.8571
10.843150534972033,106.6151343241409,27,35,1.0,13,18,6,1,0.7714
10.880537767027526,106.81481342866444,53,53,1.0,13,18,6,1,1.0
10.740840166521664,106.61899246873142,34,34,1.0,13,19,6,1,1.0
10.798986343749618,106.7269705664684,45,45,1.0,13,19,6,1,1.0
10.741860769464234,106.73790365482628,45,45,1.0,13,19,6,1,1.0
10.752408891679814,106.7022703818112,27,33,1.0,13,19,6,1,0.8182
10.786216596454729,106.71836665482697,40,40,1.0,13,19,6,1,1.0
10.78948793356203,106.7151883818118,36,36,1.0,13,19,6,1,1.0
10.80223925742187,106.6478722259914,30,41,1.0,13,19,6,1,0.7317
10.813928881466124,106.66511432455972,26,34,1.0,13,19,6,1,0.7647
10.755608615763382,106.67347943578082,22,28,1.0,13,19,6,1,0.7857
10.782680856341084,106.70051548181168,21,30,1.0,13,20,6,1,0.7
10.754895139302109,106.67839188181134,24,33,1.0,13,20,6,1,0.7273
10.785070445194592,106.68331340921324,16,28,1.0,13,20,6,1,0.5714
10.7549373008113,106.67848844133415,24,33,1.0,13,20,6,1,0.7273
10.77898143649726,106.67684447140958,25,34,1.0,13,20,6,1,0.7353
10.7671128283867,106.6927618222887,20,20,1.0,13,20,6,1,1.0
10.77847212665258,106.69389510879644,33,41,1.0,13,20,6,1,0.8049
10.796057790235078,106.67492629345334,26,34,1.0,13,20,6,1,0.7647
10.8352982156415,106.72935479345392,42,42,1.0,13,20,6,1,1.0
10.777562007197462,106.7041335430398,21,30,1.0,13,20,6,1,0.7
10.83886351241477,106.67566625482782,36,36,1.0,13,20,6,1,1.0
10.765187049751797,106.67550552599072,36,36,1.0,13,20,6,1,1.0
10.75948437198232,106.6840537511244,22,28,1.0,13,20,6,1,0.7857
10.865229381280963,106.72366973948476,39,49,1.0,13,20,6,1,0.7959
10.72279213640514,106.72808623948244,28,37,0.994655,13,20,6,1,0.7568
10.823400120373712,106.68551227436063,23,32,1.0,13,20,6,1,0.7188
10.756158554057755,106.66631758181126,19,30,1.0,13,20,6,1,0.6333
10.7144382088356,106.73711688366168,29,35,1.0,13,20,6,1,0.8286
10.817236653231737,106.63191539530456,26,35,1.0,13,20,6,1,0.7429
10.772727584493625,106.69804225297564,16,24,0.996233,13,22,6,1,0.6667
10.774028664434528,106.70357076461706,20,28,1.0,13,22,6,1,0.7143
10.752616652291238,106.72509685338922,39,39,1.0,13,22,6,1,1.0
10.745754766198267,106.65326266831876,42,42,1.0,13,22,6,1,1.0
10.94927106740351,106.87196348224562,42,42,1.0,13,23,6,1,1.0
10.78866360854368,106.695513722289,36,41,1.0,13,23,6,1,0.878
10.801406421807084,106.7114844087968,36,41,1.0,13,23,6,1,0.878
10.843150534972033,106.6151343241409,24,34,1.0,13,23,6,1,0.7059
10.880537767027526,106.81481342866444,53,53,1.0,13,23,6,1,1.0
10.740840166521664,106.61899246873142,34,34,1.0,13,23,6,1,1.0
10.798986343749618,106.7269705664684,45,45,1.0,13,23,6,1,1.0
10.741860769464234,106.73790365482628,45,45,1.0,13,23,6,1,1.0
10.752408891679814,106.7022703818112,33,33,1.0,13,23,6,1,1.0
10.786216596454729,106.71836665482697,37,40,1.0,13,23,6,1,0.925
10.78948793356203,106.7151883818118,36,36,1.0,13,23,6,1,1.0
10.80223925742187,106.6478722259914,32,41,1.0,13,23,6,1,0.7805
10.813928881466124,106.66511432455972,25,34,0.998692,13,23,6,1,0.7353
10.755608615763382,106.67347943578082,21,28,1.0,13,23,6,1,0.75
10.782680856341084,106.70051548181168,22,30,1.0,13,23,6,1,0.7333
10.754895139302109,106.67839188181134,25,32,1.0,13,23,6,1,0.7812
10.785070445194592,106.68331340921324,19,28,1.0,13,24,6,1,0.6786
10.7549373008113,106.67848844133415,25,33,1.0,13,24,6,1,0.7576
10.77898143649726,106.67684447140958,26,34,1.0,13,24,6,1,0.7647
10.7671128283867,106.6927618222887,10,21,1.0,13,24,6,1,0.4762
10.77847212665258,106.69389510879644,34,41,1.0,13,24,6,1,0.8293
10.796057790235078,106.67492629345334,25,34,0.998692,13,24,6,1,0.7353
10.8352982156415,106.72935479345392,42,42,1.0,13,24,6,1,1.0
10.777562007197462,106.7041335430398,22,30,1.0,13,24,6,1,0.7333
10.83886351241477,106.67566625482782,36,36,1.0,13,24,6,1,1.0
10.765187049751797,106.67550552599072,27,35,1.0,13,24,6,1,0.7714
10.75948437198232,106.6840537511244,20,27,0.997945,13,24,6,1,0.7407
10.865229381280963,106.72366973948476,41,49,1.0,13,24,6,1,0.8367
10.72279213640514,106.72808623948244,29,37,0.995664,13,24,6,1,0.7838
10.823400120373712,106.68551227436063,23,31,1.0,13,24,6,1,0.7419
10.756158554057755,106.66631758181126,22,30,1.0,13,24,6,1,0.7333
10.7144382088356,106.73711688366168,28,35,1.0,13,24,6,1,0.8
10.817236653231737,106.63191539530456,26,35,1.0,13,24,6,1,0.7429
10.772727584493625,106.69804225297564,16,24,0.996867,13,27,6,1,0.6667
10.774028664434528,106.70357076461706,19,28,1.0,13,27,6,1,0.6786
10.752616652291238,106.72509685338922,39,39,1.0,13,27,6,1,1.0
10.745754766198267,106.65326266831876,42,42,1.0,13,27,6,1,1.0
10.94927106740351,106.87196348224562,33,41,1.0,13,27,6,1,0.8049
10.78866360854368,106.695513722289,37,42,1.0,13,27,6,1,0.881
10.801406421807084,106.7114844087968,37,42,1.0,13,27,6,1,0.881
10.843150534972033,106.6151343241409,26,35,1.0,13,27,6,1,0.7429
10.880537767027526,106.81481342866444,53,53,1.0,13,27,6,1,1.0
10.740840166521664,106.61899246873142,29,35,1.0,13,27,6,1,0.8286
10.798986343749618,106.7269705664684,45,45,1.0,13,27,6,1,1.0
10.741860769464234,106.73790365482628,45,45,1.0,13,27,6,1,1.0
10.752408891679814,106.7022703818112,33,33,1.0,13,27,6,1,1.0
10.786216596454729,106.71836665482697,40,40,1.0,13,27,6,1,1.0
10.78948793356203,106.7151883818118,36,36,1.0,13,27,6,1,1.0
10.80223925742187,106.6478722259914,33,40,1.0,13,27,6,1,0.825
10.813928881466124,106.66511432455972,24,33,0.999236,13,27,6,1,0.7273
10.755608615763382,106.67347943578082,19,28,0.998943,13,28,6,1,0.6786
10.782680856341084,106.70051548181168,22,30,1.0,13,28,6,1,0.7333
10.754895139302109,106.67839188181134,25,32,1.0,13,28,6,1,0.7812
10.785070445194592,106.68331340921324,14,27,1.0,13,28,6,1,0.5185
10.7549373008113,106.67848844133415,25,32,1.0,13,28,6,1,0.7812
10.77898143649726,106.67684447140958,26,34,1.0,13,28,6,1,0.7647
10.7671128283867,106.6927618222887,20,20,1.0,13,28,6,1,1.0
10.77847212665258,106.69389510879644,33,41,1.0,13,28,6,1,0.8049
10.796057790235078,106.67492629345334,24,33,0.999236,13,28,6,1,0.7273
10.8352982156415,106.72935479345392,42,42,1.0,13,28,6,1,1.0
10.777562007197462,106.7041335430398,22,30,1.0,13,29,6,1,0.7333
10.83886351241477,106.67566625482782,30,36,1.0,13,29,6,1,0.8333
10.765187049751797,106.67550552599072,36,36,1.0,13,29,6,1,1.0
10.75948437198232,106.6840537511244,22,27,1.0,13,29,6,1,0.8148
10.865229381280963,106.72366973948476,40,49,1.0,13,29,6,1,0.8163
10.72279213640514,106.72808623948244,28,37,0.996669,13,29,6,1,0.7568
10.823400120373712,106.68551227436063,23,31,1.0,13,29,6,1,0.7419
10.756158554057755,106.66631758181126,23,30,1.0,13,29,6,1,0.7667
10.7144382088356,106.73711688366168,29,35,1.0,13,29,6,1,0.8286
10.817236653231737,106.63191539530456,25,35,1.0,13,29,6,1,0.7143
10.772727584493625,106.69804225297564,15,25,0.996829,13,31,6,1,0.6
10.774028664434528,106.70357076461706,22,27,1.0,13,31,6,1,0.8148
10.752616652291238,106.72509685338922,39,39,1.0,13,31,6,1,1.0
10.745754766198267,106.65326266831876,42,42,1.0,13,31,6,1,1.0
10.94927106740351,106.87196348224562,23,42,1.0,13,31,6,1,0.5476
10.78866360854368,106.695513722289,36,41,1.0,13,31,6,1,0.878
10.801406421807084,106.7114844087968,36,41,1.0,13,31,6,1,0.878
10.843150534972033,106.6151343241409,26,35,1.0,13,31,6,1,0.7429
10.880537767027526,106.81481342866444,53,53,1.0,13,31,6,1,1.0
10.740840166521664,106.61899246873142,29,34,1.0,13,31,6,1,0.8529
10.798986343749618,106.7269705664684,45,45,1.0,13,31,6,1,1.0
10.741860769464234,106.73790365482628,45,45,1.0,13,32,6,1,1.0
10.752408891679814,106.7022703818112,26,34,1.0,13,32,6,1,0.7647
10.786216596454729,106.71836665482697,40,40,1.0,13,32,6,1,1.0
10.78948793356203,106.7151883818118,36,36,1.0,13,32,6,1,1.0
10.80223925742187,106.6478722259914,33,40,1.0,13,32,6,1,0.825
10.813928881466124,106.66511432455972,23,34,1.0,13,32,6,1,0.6765
10.755608615763382,106.67347943578082,21,28,1.0,13,32,6,1,0.75
10.782680856341084,106.70051548181168,22,30,1.0,13,32,6,1,0.7333
10.754895139302109,106.67839188181134,25,33,1.0,13,32,6,1,0.7576
10.785070445194592,106.68331340921324,17,28,1.0,13,32,6,1,0.6071
10.7549373008113,106.67848844133415,25,33,1.0,13,32,6,1,0.7576
10.77898143649726,106.67684447140958,25,34,1.0,13,32,6,1,0.7353
10.7671128283867,106.6927618222887,20,20,1.0,13,32,6,1,1.0
10.77847212665258,106.69389510879644,33,41,1.0,13,32,6,1,0.8049
10.796057790235078,106.67492629345334,23,33,0.998691,13,32,6,1,0.697
10.8352982156415,106.72935479345392,42,42,1.0,13,32,6,1,1.0
10.777562007197462,106.7041335430398,23,30,1.0,13,32,6,1,0.7667
10.83886351241477,106.67566625482782,36,36,1.0,13,32,6,1,1.0
10.765187049751797,106.67550552599072,36,36,1.0,13,32,6,1,1.0
10.75948437198232,106.6840537511244,21,27,1.0,13,32,6,1,0.7778
10.865229381280963,106.72366973948476,40,49,1.0,13,32,6,1,0.8163
10.72279213640514,106.72808623948244,28,37,0.997703,13,33,6,1,0.7568
10.823400120373712,106.68551227436063,24,31,1.0,13,33,6,1,0.7742
10.756158554057755,106.66631758181126,30,30,1.0,13,33,6,1,1.0
10.7144382088356,106.73711688366168,28,35,1.0,13,33,6,1,0.8
10.817236653231737,106.63191539530456,26,35,1.0,13,33,6,1,0.7429
10.772727584493625,106.69804225297564,16,24,0.998765,13,35,6,1,0.6667
10.774028664434528,106.70357076461706,29,29,1.0,13,35,6,1,1.0
10.752616652291238,106.72509685338922,39,39,1.0,13,35,6,1,1.0
10.745754766198267,106.65326266831876,42,42,1.0,13,35,6,1,1.0
10.94927106740351,106.87196348224562,32,42,1.0,13,35,6,1,0.7619
10.78866360854368,106.695513722289,36,41,1.0,13,35,6,1,0.878
10.801406421807084,106.7114844087968,36,41,1.0,13,35,6,1,0.878
10.843150534972033,106.6151343241409,26,35,1.0,13,35,6,1,0.7429
10.880537767027526,106.81481342866444,53,53,1.0,13,36,6,1,1.0
10.740840166521664,106.61899246873142,34,34,1.0,13,36,6,1,1.0
10.798986343749618,106.7269705664684,45,45,1.0,13,36,6,1,1.0
10.741860769464234,106.73790365482628,45,45,1.0,13,36,6,1,1.0
10.752408891679814,106.7022703818112,28,33,1.0,13,36,6,1,0.8485
10.786216596454729,106.71836665482697,40,40,1.0,13,36,6,1,1.0
10.78948793356203,106.7151883818118,36,36,1.0,13,36,6,1,1.0
10.80223925742187,106.6478722259914,30,41,1.0,13,36,6,1,0.7317
10.813928881466124,106.66511432455972,25,34,1.0,13,36,6,1,0.7353
10.755608615763382,106.67347943578082,22,27,1.0,13,36,6,1,0.8148
10.782680856341084,106.70051548181168,21,29,1.0,13,36,6,1,0.7241
10.754895139302109,106.67839188181134,24,33,1.0,13,36,6,1,0.7273
10.785070445194592,106.68331340921324,16,28,1.0,13,37,6,1,0.5714
10.7549373008113,106.67848844133415,23,32,1.0,13,37,6,1,0.7188
10.77898143649726,106.67684447140958,24,34,1.0,13,37,6,1,0.7059
10.7671128283867,106.6927618222887,15,20,1.0,13,37,6,1,0.75
10.77847212665258,106.69389510879644,33,41,1.0,13,37,6,1,0.8049
10.796057790235078,106.67492629345334,24,34,0.998179,13,37,6,1,0.7059
10.8352982156415,106.72935479345392,42,42,1.0,13,37,6,1,1.0
10.777562007197462,106.7041335430398,20,30,1.0,13,37,6,1,0.6667
10.83886351241477,106.67566625482782,29,36,1.0,13,37,6,1,0.8056
10.765187049751797,106.67550552599072,36,36,1.0,13,37,6,1,1.0
10.75948437198232,106.6840537511244,21,27,1.0,13,37,6,1,0.7778
10.865229381280963,106.72366973948476,39,49,1.0,13,37,6,1,0.7959
10.72279213640514,106.72808623948244,28,37,0.997703,13,37,6,1,0.7568
10.823400120373712,106.68551227436063,26,32,1.0,13,37,6,1,0.8125
10.756158554057755,106.66631758181126,30,30,1.0,13,38,6,1,1.0
10.7144382088356,106.73711688366168,28,35,1.0,13,38,6,1,0.8
10.817236653231737,106.63191539530456,27,35,1.0,13,38,6,1,0.7714
10.772727584493625,106.69804225297564,17,24,0.99753,13,40,6,1,0.7083
10.774028664434528,106.70357076461706,29,29,1.0,13,40,6,1,1.0
10.752616652291238,106.72509685338922,39,39,1.0,13,40,6,1,1.0
10.745754766198267,106.65326266831876,42,42,1.0,13,40,6,1,1.0
10.94927106740351,106.87196348224562,29,40,1.0,13,40,6,1,0.725
10.78866360854368,106.695513722289,35,42,1.0,13,40,6,1,0.8333
10.801406421807084,106.7114844087968,35,42,1.0,13,40,6,1,0.8333
10.843150534972033,106.6151343241409,29,35,1.0,13,40,6,1,0.8286
10.880537767027526,106.81481342866444,53,53,1.0,13,40,6,1,1.0
10.740840166521664,106.61899246873142,34,34,1.0,13,41,6,1,1.0
10.798986343749618,106.7269705664684,45,45,1.0,13,41,6,1,1.0
10.741860769464234,106.73790365482628,45,45,1.0,13,41,6,1,1.0
10.752408891679814,106.7022703818112,26,33,1.0,13,41,6,1,0.7879
10.786216596454729,106.71836665482697,36,40,1.0,13,41,6,1,0.9
10.78948793356203,106.7151883818118,36,36,1.0,13,41,6,1,1.0
10.80223925742187,106.6478722259914,41,41,1.0,13,41,6,1,1.0
10.813928881466124,106.66511432455972,24,33,0.998696,13,41,6,1,0.7273
10.755608615763382,106.67347943578082,28,28,1.0,13,41,6,1,1.0
10.782680856341084,106.70051548181168,20,30,1.0,13,41,6,1,0.6667
10.754895139302109,106.67839188181134,23,33,1.0,13,42,6,1,0.697
10.785070445194592,106.68331340921324,14,27,1.0,13,42,6,1,0.5185
10.7549373008113,106.67848844133415,23,33,1.0,13,42,6,1,0.697
10.77898143649726,106.67684447140958,25,34,1.0,13,42,6,1,0.7353
10.7671128283867,106.6927618222887,20,20,1.0,13,42,6,1,1.0
10.77847212665258,106.69389510879644,35,42,1.0,13,42,6,1,0.8333
10.796057790235078,106.67492629345334,24,33,0.998692,13,42,6,1,0.7273
10.8352982156415,106.72935479345392,42,42,1.0,13,42,6,1,1.0
10.777562007197462,106.7041335430398,20,31,1.0,13,42,6,1,0.6452
10.83886351241477,106.67566625482782,36,36,1.0,13,42,6,1,1.0
10.765187049751797,106.67550552599072,24,36,1.0,13,42,6,1,0.6667
10.75948437198232,106.6840537511244,21,28,1.0,13,42,6,1,0.75
10.865229381280963,106.72366973948476,39,49,1.0,13,42,6,1,0.7959
10.72279213640514,106.72808623948244,27,37,0.997703,13,42,6,1,0.7297
10.823400120373712,106.68551227436063,22,31,1.0,13,42,6,1,0.7097
10.756158554057755,106.66631758181126,24,30,1.0,13,42,6,1,0.8
10.7144382088356,106.73711688366168,28,35,1.0,13,42,6,1,0.8
10.817236653231737,106.63191539530456,29,35,1.0,13,42,6,1,0.8286
10.772727584493625,106.69804225297564,16,22,0.968292,13,44,6,1,0.7273
10.774028664434528,106.70357076461706,18,29,1.0,13,45,6,1,0.6207
10.752616652291238,106.72509685338922,39,39,1.0,13,45,6,1,1.0
10.745754766198267,106.65326266831876,42,42,1.0,13,45,6,1,1.0
10.94927106740351,106.87196348224562,33,42,1.0,13,45,6,1,0.7857
10.78866360854368,106.695513722289,36,41,1.0,13,45,6,1,0.878
10.801406421807084,106.7114844087968,36,41,1.0,13,45,6,1,0.878
10.843150534972033,106.6151343241409,27,35,1.0,13,45,6,1,0.7714
10.880537767027526,106.81481342866444,53,53,1.0,13,45,6,1,1.0
10.740840166521664,106.61899246873142,34,34,1.0,13,45,6,1,1.0
10.798986343749618,106.7269705664684,45,45,1.0,13,45,6,1,1.0
10.741860769464234,106.73790365482628,45,45,1.0,13,45,6,1,1.0
10.752408891679814,106.7022703818112,33,33,1.0,13,45,6,1,1.0
10.786216596454729,106.71836665482697,40,40,1.0,13,45,6,1,1.0
10.78948793356203,106.7151883818118,36,36,1.0,13,45,6,1,1.0
10.80223925742187,106.6478722259914,34,41,1.0,13,45,6,1,0.8293
10.813928881466124,106.66511432455972,24,33,1.0,13,45,6,1,0.7273
10.755608615763382,106.67347943578082,21,28,1.0,13,45,6,1,0.75
10.782680856341084,106.70051548181168,21,30,1.0,13,45,6,1,0.7
10.754895139302109,106.67839188181134,22,32,1.0,13,45,6,1,0.6875
10.785070445194592,106.68331340921324,17,27,1.0,13,45,6,1,0.6296
10.7549373008113,106.67848844133415,22,32,1.0,13,45,6,1,0.6875
10.77898143649726,106.67684447140958,26,34,1.0,13,45,6,1,0.7647
10.7671128283867,106.6927618222887,12,20,0.99,13,45,6,1,0.6
10.77847212665258,106.69389510879644,35,42,1.0,13,45,6,1,0.8333
10.796057790235078,106.67492629345334,24,33,1.0,13,45,6,1,0.7273
10.8352982156415,106.72935479345392,36,42,0.995172,13,45,6,1,0.8571
10.777562007197462,106.7041335430398,21,30,1.0,13,45,6,1,0.7
10.83886351241477,106.67566625482782,36,36,1.0,13,45,6,1,1.0
10.765187049751797,106.67550552599072,36,36,1.0,13,46,6,1,1.0
10.75948437198232,106.6840537511244,21,28,1.0,13,46,6,1,0.75
10.865229381280963,106.72366973948476,39,49,1.0,13,46,6,1,0.7959
10.72279213640514,106.72808623948244,28,37,0.997703,13,46,6,1,0.7568
10.823400120373712,106.68551227436063,24,31,1.0,13,46,6,1,0.7742
10.756158554057755,106.66631758181126,30,30,1.0,13,46,6,1,1.0
10.7144382088356,106.73711688366168,28,35,1.0,13,46,6,1,0.8
10.817236653231737,106.63191539530456,25,35,1.0,13,46,6,1,0.7143
10.772727584493625,106.69804225297564,16,23,0.968292,13,48,6,1,0.6957
10.774028664434528,106.70357076461706,21,28,1.0,13,48,6,1,0.75
10.752616652291238,106.72509685338922,39,39,1.0,13,48,6,1,1.0
10.745754766198267,106.65326266831876,42,42,1.0,13,48,6,1,1.0
10.94927106740351,106.87196348224562,42,42,1.0,13,48,6,1,1.0
10.78866360854368,106.695513722289,35,42,1.0,13,48,6,1,0.8333
10.801406421807084,106.7114844087968,35,42,1.0,13,49,6,1,0.8333
10.843150534972033,106.6151343241409,27,35,1.0,13,49,6,1,0.7714
10.880537767027526,106.81481342866444,53,53,1.0,13,49,6,1,1.0
10.740840166521664,106.61899246873142,34,34,1.0,13,49,6,1,1.0
10.798986343749618,106.7269705664684,45,45,1.0,13,49,6,1,1.0
10.741860769464234,106.73790365482628,45,45,1.0,13,49,6,1,1.0
10.752408891679814,106.7022703818112,26,34,1.0,13,49,6,1,0.7647
10.786216596454729,106.71836665482697,40,40,1.0,13,49,6,1,1.0
10.78948793356203,106.7151883818118,36,36,1.0,13,49,6,1,1.0
10.80223925742187,106.6478722259914,31,40,1.0,13,49,6,1,0.775
10.813928881466124,106.66511432455972,25,34,0.998955,13,49,6,1,0.7353
10.755608615763382,106.67347943578082,20,28,1.0,13,50,6,1,0.7143
10.782680856341084,106.70051548181168,21,30,1.0,13,50,6,1,0.7
10.754895139302109,106.67839188181134,24,32,1.0,13,50,6,1,0.75
10.785070445194592,106.68331340921324,18,27,1.0,13,50,6,1,0.6667
10.7549373008113,106.67848844133415,24,32,1.0,13,50,6,1,0.75
10.77898143649726,106.67684447140958,24,34,1.0,13,50,6,1,0.7059
10.7671128283867,106.6927618222887,11,19,1.0,13,50,6,1,0.5789
10.77847212665258,106.69389510879644,34,41,1.0,13,50,6,1,0.8293
10.796057790235078,106.67492629345334,25,34,0.998955,13,50,6,1,0.7353
10.8352982156415,106.72935479345392,42,42,1.0,13,50,6,1,1.0
10.777562007197462,106.7041335430398,21,30,1.0,13,50,6,1,0.7
10.83886351241477,106.67566625482782,36,36,1.0,13,50,6,1,1.0
10.765187049751797,106.67550552599072,27,35,1.0,13,50,6,1,0.7714
10.75948437198232,106.6840537511244,20,28,1.0,13,50,6,1,0.7143
10.865229381280963,106.72366973948476,39,49,1.0,13,50,6,1,0.7959
10.72279213640514,106.72808623948244,29,37,0.996436,13,50,6,1,0.7838
10.823400120373712,106.68551227436063,26,31,1.0,13,50,6,1,0.8387
10.756158554057755,106.66631758181126,24,28,1.0,13,50,6,1,0.8571
10.7144382088356,106.73711688366168,35,35,1.0,13,50,6,1,1.0
10.817236653231737,106.63191539530456,26,34,1.0,13,50,6,1,0.7647
10.772727584493625,106.69804225297564,17,22,0.968292,13,52,6,1,0.7727
10.774028664434528,106.70357076461706,29,29,1.0,13,52,6,1,1.0
10.752616652291238,106.72509685338922,39,39,1.0,13,52,6,1,1.0
10.745754766198267,106.65326266831876,42,42,1.0,13,52,6,1,1.0
10.94927106740351,106.87196348224562,26,41,1.0,13,52,6,1,0.6341
10.78866360854368,106.695513722289,36,42,1.0,13,52,6,1,0.8571
10.801406421807084,106.7114844087968,36,42,1.0,13,53,6,1,0.8571
10.843150534972033,106.6151343241409,26,34,1.0,13,53,6,1,0.7647
10.880537767027526,106.81481342866444,53,53,1.0,13,53,6,1,1.0
10.740840166521664,106.61899246873142,29,35,1.0,13,53,6,1,0.8286
10.798986343749618,106.7269705664684,45,45,1.0,13,53,6,1,1.0
10.741860769464234,106.73790365482628,45,45,1.0,13,53,6,1,1.0
10.752408891679814,106.7022703818112,27,34,1.0,13,53,6,1,0.7941
10.786216596454729,106.71836665482697,40,40,1.0,13,53,6,1,1.0
10.78948793356203,106.7151883818118,36,36,1.0,13,53,6,1,1.0
10.80223925742187,106.6478722259914,41,41,1.0,13,53,6,1,1.0
10.813928881466124,106.66511432455972,25,34,0.997651,13,53,6,1,0.7353
10.755608615763382,106.67347943578082,28,28,1.0,13,53,6,1,1.0
10.782680856341084,106.70051548181168,19,30,1.0,13,53,6,1,0.6333
10.754895139302109,106.67839188181134,25,33,1.0,13,53,6,1,0.7576
10.785070445194592,106.68331340921324,13,27,1.0,13,53,6,1,0.4815
10.7549373008113,106.67848844133415,25,33,1.0,13,53,6,1,0.7576
10.77898143649726,106.67684447140958,25,34,1.0,13,53,6,1,0.7353
10.7671128283867,106.6927618222887,12,19,1.0,13,53,6,1,0.6316
10.77847212665258,106.69389510879644,34,41,1.0,13,53,6,1,0.8293
10.796057790235078,106.67492629345334,25,34,0.997651,13,53,6,1,0.7353
10.8352982156415,106.72935479345392,37,42,0.994786,13,53,6,1,0.881
10.777562007197462,106.7041335430398,19,30,1.0,13,53,6,1,0.6333
10.83886351241477,106.67566625482782,36,36,1.0,13,54,6,1,1.0
10.765187049751797,106.67550552599072,36,36,1.0,13,54,6,1,1.0
10.75948437198232,106.6840537511244,28,28,1.0,13,54,6,1,1.0
10.865229381280963,106.72366973948476,38,49,1.0,13,54,6,1,0.7755
10.72279213640514,106.72808623948244,28,37,0.996526,13,54,6,1,0.7568
10.823400120373712,106.68551227436063,26,31,1.0,13,54,6,1,0.8387
10.756158554057755,106.66631758181126,21,30,1.0,13,54,6,1,0.7
10.7144382088356,106.73711688366168,28,35,1.0,13,54,6,1,0.8
10.817236653231737,106.63191539530456,26,35,1.0,13,54,6,1,0.7429
10.772727584493625,106.69804225297564,15,23,0.968292,13,56,6,1,0.6522
10.774028664434528,106.70357076461706,23,29,1.0,13,56,6,1,0.7931
10.752616652291238,106.72509685338922,39,39,1.0,13,56,6,1,1.0
10.745754766198267,106.65326266831876,42,42,1.0,13,56,6,1,1.0
10.94927106740351,106.87196348224562,31,42,1.0,13,56,6,1,0.7381
10.78866360854368,106.695513722289,36,42,1.0,13,57,6,1,0.8571
10.801406421807084,106.7114844087968,36,42,1.0,13,57,6,1,0.8571
10.843150534972033,106.6151343241409,25,34,1.0,13,57,6,1,0.7353
10.880537767027526,106.81481342866444,53,53,1.0,13,57,6,1,1.0
10.740840166521664,106.61899246873142,29,35,1.0,13,57,6,1,0.8286
10.798986343749618,106.7269705664684,45,45,1.0,13,57,6,1,1.0
10.741860769464234,106.73790365482628,45,45,1.0,13,57,6,1,1.0
10.752408891679814,106.7022703818112,33,33,1.0,13,57,6,1,1.0
10.786216596454729,106.71836665482697,40,40,1.0,13,57,6,1,1.0
10.78948793356203,106.7151883818118,36,36,1.0,13,57,6,1,1.0
10.80223925742187,106.6478722259914,30,40,1.0,13,57,6,1,0.75
10.813928881466124,106.66511432455972,24,33,0.999523,13,57,6,1,0.7273
10.755608615763382,106.67347943578082,22,28,1.0,13,57,6,1,0.7857
10.782680856341084,106.70051548181168,20,30,1.0,13,57,6,1,0.6667
10.754895139302109,106.67839188181134,24,32,1.0,13,57,6,1,0.75
10.785070445194592,106.68331340921324,16,27,1.0,13,57,6,1,0.5926
10.7549373008113,106.67848844133415,24,32,1.0,13,57,6,1,0.75
10.77898143649726,106.67684447140958,24,35,1.0,13,57,6,1,0.6857
10.7671128283867,106.6927618222887,14,20,1.0,13,57,6,1,0.7
10.77847212665258,106.69389510879644,33,41,1.0,13,57,6,1,0.8049
10.796057790235078,106.67492629345334,24,33,0.999523,13,57,6,1,0.7273
10.8352982156415,106.72935479345392,35,42,0.995272,13,57,6,1,0.8333
10.777562007197462,106.7041335430398,20,30,1.0,13,58,6,1,0.6667
10.83886351241477,106.67566625482782,36,36,1.0,13,58,6,1,1.0
10.765187049751797,106.67550552599072,36,36,1.0,13,58,6,1,1.0
10.75948437198232,106.6840537511244,21,27,1.0,13,58,6,1,0.7778
10.865229381280963,106.72366973948476,38,49,1.0,13,58,6,1,0.7755
10.72279213640514,106.72808623948244,26,37,0.997908,13,58,6,1,0.7027
10.823400120373712,106.68551227436063,23,31,1.0,13,58,6,1,0.7419
10.756158554057755,106.66631758181126,22,29,1.0,13,58,6,1,0.7586
10.7144382088356,106.73711688366168,29,35,1.0,13,58,6,1,0.8286
10.817236653231737,106.63191539530456,27,35,1.0,13,58,6,1,0.7714
10.772727584493625,106.69804225297564,15,23,0.968292,14,1,6,1,0.6522
10.774028664434528,106.70357076461706,29,29,1.0,14,1,6,1,1.0
10.752616652291238,106.72509685338922,39,39,1.0,14,1,6,1,1.0
10.745754766198267,106.65326266831876,42,42,1.0,14,1,6,1,1.0
10.94927106740351,106.87196348224562,32,42,1.0,14,1,6,1,0.7619
10.78866360854368,106.695513722289,36,42,1.0,14,1,6,1,0.8571
10.801406421807084,106.7114844087968,36,42,1.0,14,1,6,1,0.8571
10.843150534972033,106.6151343241409,26,35,1.0,14,1,6,1,0.7429
10.880537767027526,106.81481342866444,53,53,1.0,14,1,6,1,1.0
10.740840166521664,106.61899246873142,29,35,1.0,14,1,6,1,0.8286
10.798986343749618,106.7269705664684,45,45,1.0,14,1,6,1,1.0
10.741860769464234,106.73790365482628,45,45,1.0,14,1,6,1,1.0
10.752408891679814,106.7022703818112,33,33,1.0,14,1,6,1,1.0
10.786216596454729,106.71836665482697,40,40,1.0,14,1,6,1,1.0
10.78948793356203,106.7151883818118,36,36,1.0,14,1,6,1,1.0
10.80223925742187,106.6478722259914,30,41,1.0,14,2,6,1,0.7317
10.813928881466124,106.66511432455972,23,33,0.99972,14,2,6,1,0.697
10.755608615763382,106.67347943578082,22,28,1.0,14,2,6,1,0.7857
10.782680856341084,106.70051548181168,20,30,1.0,14,2,6,1,0.6667
10.754895139302109,106.67839188181134,22,32,1.0,14,2,6,1,0.6875
10.785070445194592,106.68331340921324,16,27,1.0,14,2,6,1,0.5926
10.7549373008113,106.67848844133415,22,32,1.0,14,2,6,1,0.6875
10.77898143649726,106.67684447140958,24,34,1.0,14,2,6,1,0.7059
10.7671128283867,106.6927618222887,12,19,1.0,14,2,6,1,0.6316
10.77847212665258,106.69389510879644,33,41,1.0,14,3,6,1,0.8049
10.796057790235078,106.67492629345334,24,34,1.0,14,3,6,1,0.7059
10.8352982156415,106.72935479345392,37,42,0.996398,14,3,6,1,0.881
10.777562007197462,106.7041335430398,19,30,1.0,14,3,6,1,0.6333
10.83886351241477,106.67566625482782,36,36,1.0,14,3,6,1,1.0
10.765187049751797,106.67550552599072,36,36,1.0,14,3,6,1,1.0
10.75948437198232,106.6840537511244,19,28,1.0,14,3,6,1,0.6786
10.865229381280963,106.72366973948476,39,49,1.0,14,3,6,1,0.7959
10.72279213640514,106.72808623948244,29,37,0.997961,14,3,6,1,0.7838
10.823400120373712,106.68551227436063,23,32,1.0,14,3,6,1,0.7188
10.756158554057755,106.66631758181126,24,30,1.0,14,3,6,1,0.8
10.7144382088356,106.73711688366168,27,35,1.0,14,3,6,1,0.7714
10.817236653231737,106.63191539530456,26,35,1.0,14,3,6,1,0.7429
10.772727584493625,106.69804225297564,16,22,0.968292,14,5,6,1,0.7273
10.774028664434528,106.70357076461706,29,29,1.0,14,5,6,1,1.0
10.752616652291238,106.72509685338922,39,39,1.0,14,5,6,1,1.0
10.745754766198267,106.65326266831876,42,42,1.0,14,5,6,1,1.0
10.94927106740351,106.87196348224562,33,41,1.0,14,6,6,1,0.8049
10.78866360854368,106.695513722289,37,41,1.0,14,6,6,1,0.9024
10.801406421807084,106.7114844087968,37,41,1.0,14,6,6,1,0.9024
10.843150534972033,106.6151343241409,25,35,1.0,14,6,6,1,0.7143
10.880537767027526,106.81481342866444,53,53,1.0,14,6,6,1,1.0
10.740840166521664,106.61899246873142,34,34,1.0,14,6,6,1,1.0
10.798986343749618,106.7269705664684,45,45,1.0,14,6,6,1,1.0
10.741860769464234,106.73790365482628,45,45,1.0,14,6,6,1,1.0
10.752408891679814,106.7022703818112,28,34,1.0,14,6,6,1,0.8235
10.786216596454729,106.71836665482697,40,40,1.0,14,6,6,1,1.0
10.78948793356203,106.7151883818118,36,36,1.0,14,6,6,1,1.0
10.80223925742187,106.6478722259914,29,40,1.0,14,6,6,1,0.725
10.813928881466124,106.66511432455972,25,33,1.0,14,6,6,1,0.7576
10.755608615763382,106.67347943578082,28,28,1.0,14,6,6,1,1.0
10.782680856341084,106.70051548181168,20,30,1.0,14,6,6,1,0.6667
10.754895139302109,106.67839188181134,23,33,1.0,14,6,6,1,0.697
10.785070445194592,106.68331340921324,19,28,1.0,14,6,6,1,0.6786
10.7549373008113,106.67848844133415,23,33,1.0,14,6,6,1,0.697
10.77898143649726,106.67684447140958,24,34,1.0,14,6,6,1,0.7059
10.7671128283867,106.6927618222887,7,19,1.0,14,6,6,1,0.3684
10.77847212665258,106.69389510879644,34,41,1.0,14,6,6,1,0.8293
10.796057790235078,106.67492629345334,25,34,1.0,14,7,6,1,0.7353
10.8352982156415,106.72935479345392,42,42,1.0,14,7,6,1,1.0
10.777562007197462,106.7041335430398,20,30,1.0,14,7,6,1,0.6667
10.83886351241477,106.67566625482782,36,36,1.0,14,7,6,1,1.0
10.765187049751797,106.67550552599072,25,36,1.0,14,7,6,1,0.6944
10.75948437198232,106.6840537511244,20,28,1.0,14,7,6,1,0.7143
10.865229381280963,106.72366973948476,39,49,1.0,14,7,6,1,0.7959
10.72279213640514,106.72808623948244,28,37,0.998218,14,7,6,1,0.7568
10.823400120373712,106.68551227436063,24,31,1.0,14,7,6,1,0.7742
10.756158554057755,106.66631758181126,18,29,1.0,14,8,6,1,0.6207
10.7144382088356,106.73711688366168,28,35,1.0,14,8,6,1,0.8
10.817236653231737,106.63191539530456,27,35,1.0,14,8,6,1,0.7714
10.772727584493625,106.69804225297564,12,23,0.968292,14,10,6,1,0.5217
10.774028664434528,106.70357076461706,29,29,1.0,14,10,6,1,1.0
10.752616652291238,106.72509685338922,39,39,1.0,14,10,6,1,1.0
10.745754766198267,106.65326266831876,42,42,1.0,14,10,6,1,1.0
10.94927106740351,106.87196348224562,31,41,1.0,14,10,6,1,0.7561
10.78866360854368,106.695513722289,34,42,1.0,14,10,6,1,0.8095
10.801406421807084,106.7114844087968,34,42,1.0,14,10,6,1,0.8095
10.843150534972033,106.6151343241409,26,35,1.0,14,10,6,1,0.7429
10.880537767027526,106.81481342866444,53,53,1.0,14,10,6,1,1.0
10.740840166521664,106.61899246873142,28,35,1.0,14,10,6,1,0.8
10.798986343749618,106.7269705664684,45,45,1.0,14,10,6,1,1.0
10.741860769464234,106.73790365482628,45,45,1.0,14,10,6,1,1.0
10.752408891679814,106.7022703818112,27,34,1.0,14,10,6,1,0.7941
10.786216596454729,106.71836665482697,40,40,1.0,14,11,6,1,1.0
10.78948793356203,106.7151883818118,36,36,1.0,14,11,6,1,1.0
10.80223925742187,106.6478722259914,28,40,1.0,14,11,6,1,0.7
10.813928881466124,106.66511432455972,25,34,1.0,14,11,6,1,0.7353
10.755608615763382,106.67347943578082,17,27,0.998954,14,11,6,1,0.6296
10.782680856341084,106.70051548181168,20,29,1.0,14,11,6,1,0.6897
10.754895139302109,106.67839188181134,23,33,1.0,14,11,6,1,0.697
10.785070445194592,106.68331340921324,17,27,1.0,14,11,6,1,0.6296
10.7549373008113,106.67848844133415,23,33,1.0,14,11,6,1,0.697
10.77898143649726,106.67684447140958,23,34,1.0,14,11,6,1,0.6765
10.7671128283867,106.6927618222887,20,20,1.0,14,11,6,1,1.0
10.77847212665258,106.69389510879644,34,41,1.0,14,11,6,1,0.8293
10.796057790235078,106.67492629345334,25,33,1.0,14,11,6,1,0.7576
10.8352982156415,106.72935479345392,42,42,1.0,14,11,6,1,1.0
10.777562007197462,106.7041335430398,20,30,1.0,14,11,6,1,0.6667
10.83886351241477,106.67566625482782,29,36,1.0,14,11,6,1,0.8056
10.765187049751797,106.67550552599072,28,35,1.0,14,12,6,1,0.8
10.75948437198232,106.6840537511244,18,27,0.997901,14,12,6,1,0.6667
10.865229381280963,106.72366973948476,39,49,1.0,14,12,6,1,0.7959
10.72279213640514,106.72808623948244,29,36,0.997578,14,12,6,1,0.8056
10.823400120373712,106.68551227436063,21,31,1.0,14,12,6,1,0.6774
10.756158554057755,106.66631758181126,24,30,1.0,14,12,6,1,0.8
10.7144382088356,106.73711688366168,28,35,1.0,14,12,6,1,0.8
10.817236653231737,106.63191539530456,27,34,1.0,14,12,6,1,0.7941
10.772727584493625,106.69804225297564,14,23,0.968292,14,14,6,1,0.6087
10.774028664434528,106.70357076461706,20,28,1.0,14,14,6,1,0.7143
10.752616652291238,106.72509685338922,39,39,1.0,14,14,6,1,1.0
10.745754766198267,106.65326266831876,42,42,1.0,14,14,6,1,1.0
10.94927106740351,106.87196348224562,31,42,1.0,14,14,6,1,0.7381
10.78866360854368,106.695513722289,36,42,1.0,14,14,6,1,0.8571
10.801406421807084,106.7114844087968,36,41,1.0,14,14,6,1,0.878
10.843150534972033,106.6151343241409,27,35,1.0,14,15,6,1,0.7714
10.880537767027526,106.81481342866444,53,53,1.0,14,15,6,1,1.0
10.740840166521664,106.61899246873142,27,35,1.0,14,15,6,1,0.7714
10.798986343749618,106.7269705664684,45,45,1.0,14,15,6,1,1.0
10.741860769464234,106.73790365482628,45,45,1.0,14,15,6,1,1.0
10.752408891679814,106.7022703818112,27,34,1.0,14,15,6,1,0.7941
10.786216596454729,106.71836665482697,40,40,1.0,14,15,6,1,1.0
10.78948793356203,106.7151883818118,36,36,1.0,14,15,6,1,1.0
10.80223925742187,106.6478722259914,30,41,1.0,14,15,6,1,0.7317
10.813928881466124,106.66511432455972,25,34,1.0,14,15,6,1,0.7353
10.755608615763382,106.67347943578082,21,28,1.0,14,15,6,1,0.75
10.782680856341084,106.70051548181168,21,30,1.0,14,15,6,1,0.7
10.754895139302109,106.67839188181134,24,33,1.0,14,15,6,1,0.7273
10.785070445194592,106.68331340921324,18,27,1.0,14,15,6,1,0.6667
10.7549373008113,106.67848844133415,24,33,1.0,14,15,6,1,0.7273
10.77898143649726,106.67684447140958,26,35,1.0,14,15,6,1,0.7429
10.7671128283867,106.6927618222887,20,20,1.0,14,15,6,1,1.0
10.77847212665258,106.69389510879644,33,41,1.0,14,16,6,1,0.8049
10.796057790235078,106.67492629345334,25,34,1.0,14,16,6,1,0.7353
10.8352982156415,106.72935479345392,42,42,1.0,14,16,6,1,1.0
10.777562007197462,106.7041335430398,21,30,1.0,14,16,6,1,0.7
10.83886351241477,106.67566625482782,36,36,1.0,14,16,6,1,1.0
10.765187049751797,106.67550552599072,25,36,1.0,14,16,6,1,0.6944
10.75948437198232,106.6840537511244,21,28,1.0,14,16,6,1,0.75
10.865229381280963,106.72366973948476,39,49,1.0,14,16,6,1,0.7959
10.72279213640514,106.72808623948244,29,36,0.999539,14,16,6,1,0.8056
10.823400120373712,106.68551227436063,23,31,1.0,14,16,6,1,0.7419
10.756158554057755,106.66631758181126,23,29,1.0,14,16,6,1,0.7931
10.7144382088356,106.73711688366168,28,36,1.0,14,16,6,1,0.7778
10.817236653231737,106.63191539530456,27,35,1.0,14,16,6,1,0.7714
10.772727584493625,106.69804225297564,14,23,0.968292,14,18,6,1,0.6087
10.774028664434528,106.70357076461706,23,28,1.0,14,18,6,1,0.8214
10.752616652291238,106.72509685338922,39,39,1.0,14,18,6,1,1.0
10.745754766198267,106.65326266831876,42,42,1.0,14,18,6,1,1.0
10.94927106740351,106.87196348224562,29,42,1.0,14,18,6,1,0.6905
10.78866360854368,106.695513722289,36,42,1.0,14,18,6,1,0.8571
10.801406421807084,106.7114844087968,36,42,1.0,14,18,6,1,0.8571
10.843150534972033,106.6151343241409,27,35,1.0,14,18,6,1,0.7714
10.880537767027526,106.81481342866444,53,53,1.0,14,19,6,1,1.0
10.740840166521664,106.61899246873142,28,36,1.0,14,19,6,1,0.7778
10.798986343749618,106.7269705664684,45,45,1.0,14,19,6,1,1.0
10.741860769464234,106.73790365482628,45,45,1.0,14,19,6,1,1.0
10.752408891679814,106.7022703818112,33,33,1.0,14,19,6,1,1.0
10.786216596454729,106.71836665482697,40,40,1.0,14,19,6,1,1.0
10.78948793356203,106.7151883818118,36,36,1.0,14,19,6,1,1.0
10.80223925742187,106.6478722259914,28,40,1.0,14,19,6,1,0.7
10.813928881466124,106.66511432455972,25,34,1.0,14,19,6,1,0.7353
10.755608615763382,106.67347943578082,21,27,1.0,14,20,6,1,0.7778
10.782680856341084,106.70051548181168,20,30,1.0,14,20,6,1,0.6667
10.754895139302109,106.67839188181134,23,33,1.0,14,20,6,1,0.697
10.785070445194592,106.68331340921324,16,27,1.0,14,20,6,1,0.5926
10.7549373008113,106.67848844133415,23,33,1.0,14,20,6,1,0.697
10.77898143649726,106.67684447140958,25,35,1.0,14,20,6,1,0.7143
10.7671128283867,106.6927618222887,20,20,1.0,14,20,6,1,1.0
10.77847212665258,106.69389510879644,33,41,1.0,14,20,6,1,0.8049
10.796057790235078,106.67492629345334,23,33,1.0,14,20,6,1,0.697
10.8352982156415,106.72935479345392,42,42,1.0,14,20,6,1,1.0
10.777562007197462,106.7041335430398,21,31,1.0,14,20,6,1,0.6774
10.83886351241477,106.67566625482782,36,36,1.0,14,20,6,1,1.0
10.765187049751797,106.67550552599072,36,36,1.0,14,20,6,1,1.0
10.75948437198232,106.6840537511244,21,27,1.0,14,20,6,1,0.7778
10.865229381280963,106.72366973948476,38,49,1.0,14,20,6,1,0.7755
10.72279213640514,106.72808623948244,29,37,0.998476,14,20,6,1,0.7838
10.823400120373712,106.68551227436063,24,31,1.0,14,20,6,1,0.7742
10.756158554057755,106.66631758181126,24,29,1.0,14,21,6,1,0.8276
10.7144382088356,106.73711688366168,29,35,1.0,14,21,6,1,0.8286
10.817236653231737,106.63191539530456,27,35,1.0,14,21,6,1,0.7714
10.772727584493625,106.69804225297564,14,24,1.0,14,23,6,1,0.5833
10.774028664434528,106.70357076461706,29,29,1.0,14,23,6,1,1.0
10.752616652291238,106.72509685338922,39,39,1.0,14,23,6,1,1.0
10.745754766198267,106.65326266831876,42,42,1.0,14,23,6,1,1.0
10.94927106740351,106.87196348224562,28,42,1.0,14,23,6,1,0.6667
10.78866360854368,106.695513722289,35,41,1.0,14,23,6,1,0.8537
10.801406421807084,106.7114844087968,35,41,1.0,14,23,6,1,0.8537
10.843150534972033,106.6151343241409,26,35,1.0,14,23,6,1,0.7429
10.880537767027526,106.81481342866444,53,53,1.0,14,23,6,1,1.0
10.740840166521664,106.61899246873142,30,35,1.0,14,23,6,1,0.8571
10.798986343749618,106.7269705664684,45,45,1.0,14,23,6,1,1.0
10.741860769464234,106.73790365482628,45,45,1.0,14,23,6,1,1.0
10.752408891679814,106.7022703818112,25,34,1.0,14,23,6,1,0.7353
10.786216596454729,106.71836665482697,40,40,1.0,14,23,6,1,1.0
10.78948793356203,106.7151883818118,36,36,1.0,14,23,6,1,1.0
10.80223925742187,106.6478722259914,29,41,1.0,14,23,6,1,0.7073
10.813928881466124,106.66511432455972,24,34,1.0,14,23,6,1,0.7059
10.755608615763382,106.67347943578082,19,28,0.996177,14,23,6,1,0.6786
10.782680856341084,106.70051548181168,20,30,1.0,14,23,6,1,0.6667
10.754895139302109,106.67839188181134,24,32,1.0,14,23,6,1,0.75
10.785070445194592,106.68331340921324,18,26,1.0,14,24,6,1,0.6923
10.7549373008113,106.67848844133415,25,32,1.0,14,24,6,1,0.7812
10.77898143649726,106.67684447140958,25,34,1.0,14,24,6,1,0.7353
10.7671128283867,106.6927618222887,9,20,0.99,14,24,6,1,0.45
10.77847212665258,106.69389510879644,33,41,1.0,14,24,6,1,0.8049
10.796057790235078,106.67492629345334,24,33,1.0,14,24,6,1,0.7273
10.8352982156415,106.72935479345392,36,42,0.9973,14,24,6,1,0.8571
10.777562007197462,106.7041335430398,19,30,1.0,14,24,6,1,0.6333
10.83886351241477,106.67566625482782,36,36,1.0,14,24,6,1,1.0
10.765187049751797,106.67550552599072,27,36,1.0,14,24,6,1,0.75
10.75948437198232,106.6840537511244,19,28,1.0,14,24,6,1,0.6786
10.865229381280963,106.72366973948476,39,49,1.0,14,24,6,1,0.7959
10.72279213640514,106.72808623948244,26,37,0.997702,14,24,6,1,0.7027
10.823400120373712,106.68551227436063,24,31,1.0,14,24,6,1,0.7742
10.756158554057755,106.66631758181126,24,29,1.0,14,24,6,1,0.8276
10.7144382088356,106.73711688366168,30,35,1.0,14,24,6,1,0.8571
10.817236653231737,106.63191539530456,26,35,1.0,14,24,6,1,0.7429
10.772727584493625,106.69804225297564,14,24,0.998765,14,27,6,1,0.5833
10.774028664434528,106.70357076461706,29,29,1.0,14,27,6,1,1.0
10.752616652291238,106.72509685338922,39,39,1.0,14,27,6,1,1.0
10.745754766198267,106.65326266831876,42,42,1.0,14,27,6,1,1.0
10.94927106740351,106.87196348224562,30,41,1.0,14,27,6,1,0.7317
10.78866360854368,106.695513722289,42,42,1.0,14,27,6,1,1.0
10.801406421807084,106.7114844087968,42,42,1.0,14,27,6,1,1.0
10.843150534972033,106.6151343241409,26,35,1.0,14,27,6,1,0.7429
10.880537767027526,106.81481342866444,53,53,1.0,14,27,6,1,1.0
10.740840166521664,106.61899246873142,29,35,1.0,14,27,6,1,0.8286
10.798986343749618,106.7269705664684,45,45,1.0,14,27,6,1,1.0
10.741860769464234,106.73790365482628,45,45,1.0,14,27,6,1,1.0
10.752408891679814,106.7022703818112,24,33,1.0,14,27,6,1,0.7273
10.786216596454729,106.71836665482697,40,40,1.0,14,27,6,1,1.0
10.78948793356203,106.7151883818118,36,36,1.0,14,27,6,1,1.0
10.80223925742187,106.6478722259914,31,41,1.0,14,28,6,1,0.7561
10.813928881466124,106.66511432455972,23,33,0.998405,14,28,6,1,0.697
10.755608615763382,106.67347943578082,21,27,1.0,14,28,6,1,0.7778
10.782680856341084,106.70051548181168,20,30,1.0,14,28,6,1,0.6667
10.754895139302109,106.67839188181134,25,32,1.0,14,28,6,1,0.7812
10.785070445194592,106.68331340921324,16,28,1.0,14,28,6,1,0.5714
10.7549373008113,106.67848844133415,23,32,1.0,14,28,6,1,0.7188
10.77898143649726,106.67684447140958,25,34,1.0,14,28,6,1,0.7353
10.7671128283867,106.6927618222887,20,20,1.0,14,28,6,1,1.0
10.77847212665258,106.69389510879644,34,41,1.0,14,28,6,1,0.8293
10.796057790235078,106.67492629345334,23,34,0.999242,14,28,6,1,0.6765
10.8352982156415,106.72935479345392,35,41,0.996601,14,28,6,1,0.8537
10.777562007197462,106.7041335430398,20,31,1.0,14,28,6,1,0.6452
10.83886351241477,106.67566625482782,36,36,1.0,14,28,6,1,1.0
10.765187049751797,106.67550552599072,29,36,1.0,14,28,6,1,0.8056
10.75948437198232,106.6840537511244,19,27,0.998947,14,28,6,1,0.7037
10.865229381280963,106.72366973948476,39,49,1.0,14,29,6,1,0.7959
10.72279213640514,106.72808623948244,28,37,0.998072,14,29,6,1,0.7568
10.823400120373712,106.68551227436063,23,31,1.0,14,29,6,1,0.7419
10.756158554057755,106.66631758181126,30,30,1.0,14,29,6,1,1.0
10.7144382088356,106.73711688366168,35,35,1.0,14,29,6,1,1.0
10.817236653231737,106.63191539530456,26,34,1.0,14,29,6,1,0.7647
10.772727584493625,106.69804225297564,15,24,0.998765,14,31,6,1,0.625
10.774028664434528,106.70357076461706,29,29,1.0,14,31,6,1,1.0
10.752616652291238,106.72509685338922,39,39,1.0,14,31,6,1,1.0
10.745754766198267,106.65326266831876,42,42,1.0,14,31,6,1,1.0
10.94927106740351,106.87196348224562,25,41,1.0,14,31,6,1,0.6098
10.78866360854368,106.695513722289,36,42,1.0,14,31,6,1,0.8571
10.801406421807084,106.7114844087968,35,42,1.0,14,31,6,1,0.8333
10.843150534972033,106.6151343241409,27,35,1.0,14,31,6,1,0.7714
10.880537767027526,106.81481342866444,53,53,1.0,14,31,6,1,1.0
10.740840166521664,106.61899246873142,26,35,1.0,14,32,6,1,0.7429
10.798986343749618,106.7269705664684,45,45,1.0,14,32,6,1,1.0
10.741860769464234,106.73790365482628,45,45,1.0,14,32,6,1,1.0
10.752408891679814,106.7022703818112,26,34,1.0,14,32,6,1,0.7647
10.786216596454729,106.71836665482697,40,40,1.0,14,32,6,1,1.0
10.78948793356203,106.7151883818118,36,36,1.0,14,32,6,1,1.0
10.80223925742187,106.6478722259914,28,41,1.0,14,32,6,1,0.6829
10.813928881466124,106.66511432455972,24,34,1.0,14,32,6,1,0.7059
10.755608615763382,106.67347943578082,28,28,1.0,14,32,6,1,1.0
10.782680856341084,106.70051548181168,19,30,1.0,14,32,6,1,0.6333
10.754895139302109,106.67839188181134,23,32,1.0,14,32,6,1,0.7188
10.785070445194592,106.68331340921324,15,27,1.0,14,32,6,1,0.5556
10.7549373008113,106.67848844133415,23,32,1.0,14,32,6,1,0.7188
10.77898143649726,106.67684447140958,25,34,1.0,14,32,6,1,0.7353
10.7671128283867,106.6927618222887,12,20,1.0,14,32,6,1,0.6
10.77847212665258,106.69389510879644,33,41,1.0,14,32,6,1,0.8049
10.796057790235078,106.67492629345334,23,34,1.0,14,32,6,1,0.6765
10.8352982156415,106.72935479345392,37,42,0.996782,14,32,6,1,0.881
10.777562007197462,106.7041335430398,21,30,1.0,14,32,6,1,0.7
10.83886351241477,106.67566625482782,36,36,1.0,14,32,6,1,1.0
10.765187049751797,106.67550552599072,28,36,1.0,14,33,6,1,0.7778
10.75948437198232,106.6840537511244,18,27,1.0,14,33,6,1,0.6667
10.865229381280963,106.72366973948476,40,49,1.0,14,33,6,1,0.8163
10.72279213640514,106.72808623948244,29,37,0.998476,14,33,6,1,0.7838
10.823400120373712,106.68551227436063,25,31,1.0,14,33,6,1,0.8065
10.756158554057755,106.66631758181126,23,29,1.0,14,33,6,1,0.7931
10.7144382088356,106.73711688366168,28,36,1.0,14,33,6,1,0.7778
10.817236653231737,106.63191539530456,26,35,1.0,14,33,6,1,0.7429
10.772727584493625,106.69804225297564,15,25,0.998765,14,36,6,1,0.6
10.774028664434528,106.70357076461706,29,29,1.0,14,36,6,1,1.0
10.752616652291238,106.72509685338922,39,39,1.0,14,36,6,1,1.0
10.745754766198267,106.65326266831876,42,42,1.0,14,36,6,1,1.0
10.94927106740351,106.87196348224562,28,41,1.0,14,36,6,1,0.6829
10.78866360854368,106.695513722289,36,42,1.0,14,36,6,1,0.8571
10.801406421807084,106.7114844087968,36,42,1.0,14,36,6,1,0.8571
10.843150534972033,106.6151343241409,27,35,1.0,14,36,6,1,0.7714
10.880537767027526,106.81481342866444,53,53,1.0,14,36,6,1,1.0
10.740840166521664,106.61899246873142,29,35,1.0,14,36,6,1,0.8286
10.798986343749618,106.7269705664684,45,45,1.0,14,36,6,1,1.0
10.741860769464234,106.73790365482628,45,45,1.0,14,36,6,1,1.0
10.752408891679814,106.7022703818112,25,34,1.0,14,36,6,1,0.7353
10.786216596454729,106.71836665482697,37,39,1.0,14,36,6,1,0.9487
10.78948793356203,106.7151883818118,36,36,1.0,14,36,6,1,1.0
10.80223925742187,106.6478722259914,25,41,1.0,14,36,6,1,0.6098
10.813928881466124,106.66511432455972,24,33,1.0,14,36,6,1,0.7273
10.755608615763382,106.67347943578082,18,27,1.0,14,36,6,1,0.6667
10.782680856341084,106.70051548181168,20,30,1.0,14,36,6,1,0.6667
10.754895139302109,106.67839188181134,23,32,1.0,14,36,6,1,0.7188
10.785070445194592,106.68331340921324,17,27,1.0,14,36,6,1,0.6296
10.7549373008113,106.67848844133415,23,32,1.0,14,36,6,1,0.7188
10.77898143649726,106.67684447140958,25,34,1.0,14,36,6,1,0.7353
10.7671128283867,106.6927618222887,16,20,1.0,14,36,6,1,0.8
10.77847212665258,106.69389510879644,34,41,1.0,14,36,6,1,0.8293
10.796057790235078,106.67492629345334,25,34,1.0,14,36,6,1,0.7353
10.8352982156415,106.72935479345392,36,42,0.997662,14,37,6,1,0.8571
10.777562007197462,106.7041335430398,21,30,1.0,14,37,6,1,0.7
10.83886351241477,106.67566625482782,36,36,1.0,14,37,6,1,1.0
10.765187049751797,106.67550552599072,36,36,1.0,14,37,6,1,1.0
10.75948437198232,106.6840537511244,19,28,1.0,14,37,6,1,0.6786
10.865229381280963,106.72366973948476,38,49,1.0,14,37,6,1,0.7755
10.72279213640514,106.72808623948244,28,37,0.998476,14,37,6,1,0.7568
10.823400120373712,106.68551227436063,24,31,1.0,14,37,6,1,0.7742
10.756158554057755,106.66631758181126,19,30,1.0,14,37,6,1,0.6333
10.7144382088356,106.73711688366168,28,35,1.0,14,37,6,1,0.8
10.817236653231737,106.63191539530456,27,35,1.0,14,37,6,1,0.7714
10.772727584493625,106.69804225297564,15,23,0.998765,14,39,6,1,0.6522
10.774028664434528,106.70357076461706,29,29,1.0,14,39,6,1,1.0
10.752616652291238,106.72509685338922,39,39,1.0,14,39,6,1,1.0
10.745754766198267,106.65326266831876,42,42,1.0,14,39,6,1,1.0
10.94927106740351,106.87196348224562,32,42,1.0,14,39,6,1,0.7619
10.78866360854368,106.695513722289,36,42,1.0,14,40,6,1,0.8571
10.801406421807084,106.7114844087968,35,41,1.0,14,40,6,1,0.8537
10.843150534972033,106.6151343241409,25,35,1.0,14,40,6,1,0.7143
10.880537767027526,106.81481342866444,53,53,1.0,14,40,6,1,1.0
10.740840166521664,106.61899246873142,30,35,1.0,14,40,6,1,0.8571
10.798986343749618,106.7269705664684,45,45,1.0,14,40,6,1,1.0
10.741860769464234,106.73790365482628,45,45,1.0,14,40,6,1,1.0
10.752408891679814,106.7022703818112,27,34,1.0,14,40,6,1,0.7941
10.786216596454729,106.71836665482697,40,40,1.0,14,40,6,1,1.0
10.78948793356203,106.7151883818118,36,36,1.0,14,40,6,1,1.0
10.80223925742187,106.6478722259914,29,41,1.0,14,40,6,1,0.7073
10.813928881466124,106.66511432455972,23,34,0.999236,14,40,6,1,0.6765
10.755608615763382,106.67347943578082,20,27,0.998943,14,40,6,1,0.7407
10.782680856341084,106.70051548181168,21,30,1.0,14,40,6,1,0.7
10.754895139302109,106.67839188181134,22,32,1.0,14,40,6,1,0.6875
10.785070445194592,106.68331340921324,13,26,1.0,14,40,6,1,0.5
10.7549373008113,106.67848844133415,22,32,1.0,14,40,6,1,0.6875
10.77898143649726,106.67684447140958,23,34,1.0,14,41,6,1,0.6765
10.7671128283867,106.6927618222887,13,20,1.0,14,41,6,1,0.65
10.77847212665258,106.69389510879644,32,42,1.0,14,41,6,1,0.7619
10.796057790235078,106.67492629345334,23,34,0.999236,14,41,6,1,0.6765
10.8352982156415,106.72935479345392,36,42,0.997479,14,41,6,1,0.8571
10.777562007197462,106.7041335430398,21,30,1.0,14,41,6,1,0.7
10.83886351241477,106.67566625482782,28,35,1.0,14,41,6,1,0.8
10.765187049751797,106.67550552599072,26,36,1.0,14,41,6,1,0.7222
10.75948437198232,106.6840537511244,19,28,0.998939,14,41,6,1,0.6786
10.865229381280963,106.72366973948476,39,49,1.0,14,41,6,1,0.7959
10.72279213640514,106.72808623948244,28,37,0.998072,14,41,6,1,0.7568
10.823400120373712,106.68551227436063,24,31,1.0,14,41,6,1,0.7742
10.756158554057755,106.66631758181126,22,28,1.0,14,41,6,1,0.7857
10.7144382088356,106.73711688366168,28,35,1.0,14,41,6,1,0.8
10.817236653231737,106.63191539530456,25,35,1.0,14,41,6,1,0.7143
10.772727584493625,106.69804225297564,14,24,1.0,14,43,6,1,0.5833
10.774028664434528,106.70357076461706,14,29,1.0,14,43,6,1,0.4828
10.752616652291238,106.72509685338922,39,39,1.0,14,43,6,1,1.0
10.745754766198267,106.65326266831876,42,42,1.0,14,43,6,1,1.0
10.94927106740351,106.87196348224562,33,41,1.0,14,43,6,1,0.8049
10.78866360854368,106.695513722289,35,42,1.0,14,43,6,1,0.8333
10.801406421807084,106.7114844087968,35,42,1.0,14,43,6,1,0.8333
10.843150534972033,106.6151343241409,25,35,1.0,14,43,6,1,0.7143
10.880537767027526,106.81481342866444,53,53,1.0,14,44,6,1,1.0
10.740840166521664,106.61899246873142,27,35,1.0,14,44,6,1,0.7714
10.798986343749618,106.7269705664684,45,45,1.0,14,44,6,1,1.0
10.741860769464234,106.73790365482628,45,45,1.0,14,44,6,1,1.0
10.752408891679814,106.7022703818112,24,33,1.0,14,44,6,1,0.7273
10.786216596454729,106.71836665482697,40,40,1.0,14,44,6,1,1.0
10.78948793356203,106.7151883818118,36,36,1.0,14,44,6,1,1.0
10.80223925742187,106.6478722259914,30,42,1.0,14,44,6,1,0.7143
10.813928881466124,106.66511432455972,24,34,1.0,14,44,6,1,0.7059
10.755608615763382,106.67347943578082,20,27,1.0,14,44,6,1,0.7407
10.782680856341084,106.70051548181168,20,30,1.0,14,44,6,1,0.6667
10.754895139302109,106.67839188181134,23,32,1.0,14,44,6,1,0.7188
10.785070445194592,106.68331340921324,14,28,1.0,14,45,6,1,0.5
10.7549373008113,106.67848844133415,24,32,1.0,14,45,6,1,0.75
10.77898143649726,106.67684447140958,24,34,1.0,14,45,6,1,0.7059
10.7671128283867,106.6927618222887,20,20,1.0,14,45,6,1,1.0
10.77847212665258,106.69389510879644,33,41,1.0,14,45,6,1,0.8049
10.796057790235078,106.67492629345334,24,34,0.998691,14,45,6,1,0.7059
10.8352982156415,106.72935479345392,37,42,0.997668,14,45,6,1,0.881
10.777562007197462,106.7041335430398,21,30,1.0,14,45,6,1,0.7
10.83886351241477,106.67566625482782,27,35,1.0,14,45,6,1,0.7714
10.765187049751797,106.67550552599072,28,35,1.0,14,45,6,1,0.8
10.75948437198232,106.6840537511244,20,26,1.0,14,45,6,1,0.7692
10.865229381280963,106.72366973948476,39,49,1.0,14,45,6,1,0.7959
10.72279213640514,106.72808623948244,27,37,0.998188,14,45,6,1,0.7297
10.823400120373712,106.68551227436063,25,32,1.0,14,45,6,1,0.7812
10.756158554057755,106.66631758181126,22,29,1.0,14,45,6,1,0.7586
10.7144382088356,106.73711688366168,28,35,1.0,14,45,6,1,0.8
10.817236653231737,106.63191539530456,25,35,1.0,14,45,6,1,0.7143
10.772727584493625,106.69804225297564,15,24,0.998765,14,48,6,1,0.625
10.774028664434528,106.70357076461706,20,29,1.0,14,48,6,1,0.6897
10.752616652291238,106.72509685338922,39,39,1.0,14,48,6,1,1.0
10.745754766198267,106.65326266831876,42,42,1.0,14,48,6,1,1.0
10.94927106740351,106.87196348224562,35,42,1.0,14,48,6,1,0.8333
10.78866360854368,106.695513722289,35,42,1.0,14,48,6,1,0.8333
10.801406421807084,106.7114844087968,34,41,1.0,14,48,6,1,0.8293
10.843150534972033,106.6151343241409,24,35,1.0,14,48,6,1,0.6857
10.880537767027526,106.81481342866444,53,53,1.0,14,48,6,1,1.0
10.740840166521664,106.61899246873142,34,34,1.0,14,48,6,1,1.0
10.798986343749618,106.7269705664684,45,45,1.0,14,48,6,1,1.0
10.741860769464234,106.73790365482628,45,45,1.0,14,48,6,1,1.0
10.752408891679814,106.7022703818112,27,33,1.0,14,48,6,1,0.8182
10.786216596454729,106.71836665482697,40,40,1.0,14,48,6,1,1.0
10.78948793356203,106.7151883818118,36,36,1.0,14,48,6,1,1.0
10.80223925742187,106.6478722259914,30,41,1.0,14,48,6,1,0.7317
10.813928881466124,106.66511432455972,24,34,0.99846,14,48,6,1,0.7059
10.755608615763382,106.67347943578082,22,28,1.0,14,48,6,1,0.7857
10.782680856341084,106.70051548181168,20,31,1.0,14,48,6,1,0.6452
10.754895139302109,106.67839188181134,25,32,1.0,14,48,6,1,0.7812
10.785070445194592,106.68331340921324,14,27,1.0,14,48,6,1,0.5185
10.7549373008113,106.67848844133415,25,32,1.0,14,49,6,1,0.7812
10.77898143649726,106.67684447140958,24,34,1.0,14,49,6,1,0.7059
10.7671128283867,106.6927618222887,11,19,1.0,14,49,6,1,0.5789
10.77847212665258,106.69389510879644,33,41,1.0,14,49,6,1,0.8049
10.796057790235078,106.67492629345334,23,34,0.99846,14,49,6,1,0.6765
10.8352982156415,106.72935479345392,34,42,0.997479,14,49,6,1,0.8095
10.777562007197462,106.7041335430398,21,30,1.0,14,49,6,1,0.7
10.83886351241477,106.67566625482782,28,36,1.0,14,49,6,1,0.7778
10.765187049751797,106.67550552599072,26,36,1.0,14,49,6,1,0.7222
10.75948437198232,106.6840537511244,22,27,1.0,14,50,6,1,0.8148
10.865229381280963,106.72366973948476,39,49,1.0,14,50,6,1,0.7959
10.72279213640514,106.72808623948244,28,37,0.998603,14,50,6,1,0.7568
10.823400120373712,106.68551227436063,24,31,1.0,14,50,6,1,0.7742
10.756158554057755,106.66631758181126,24,29,1.0,14,50,6,1,0.8276
10.7144382088356,106.73711688366168,27,35,1.0,14,50,6,1,0.7714
10.817236653231737,106.63191539530456,25,35,1.0,14,50,6,1,0.7143
10.772727584493625,106.69804225297564,18,25,0.997501,14,52,6,1,0.72
10.774028664434528,106.70357076461706,23,28,1.0,14,52,6,1,0.8214
10.752616652291238,106.72509685338922,39,39,1.0,14,52,6,1,1.0
10.745754766198267,106.65326266831876,36,43,1.0,14,52,6,1,0.8372
10.94927106740351,106.87196348224562,31,42,1.0,14,52,6,1,0.7381
10.78866360854368,106.695513722289,36,42,1.0,14,52,6,1,0.8571
10.801406421807084,106.7114844087968,36,42,1.0,14,52,6,1,0.8571
10.843150534972033,106.6151343241409,25,35,1.0,14,53,6,1,0.7143
10.880537767027526,106.81481342866444,53,53,1.0,14,53,6,1,1.0
10.740840166521664,106.61899246873142,29,35,1.0,14,53,6,1,0.8286
10.798986343749618,106.7269705664684,45,45,1.0,14,53,6,1,1.0
10.741860769464234,106.73790365482628,45,45,1.0,14,53,6,1,1.0
10.752408891679814,106.7022703818112,26,33,1.0,14,53,6,1,0.7879
10.786216596454729,106.71836665482697,40,40,1.0,14,53,6,1,1.0
10.78948793356203,106.7151883818118,36,36,1.0,14,53,6,1,1.0
10.80223925742187,106.6478722259914,30,40,1.0,14,53,6,1,0.75
10.813928881466124,106.66511432455972,24,34,0.99846,14,53,6,1,0.7059
10.755608615763382,106.67347943578082,21,28,0.998951,14,53,6,1,0.75
10.782680856341084,106.70051548181168,20,30,1.0,14,53,6,1,0.6667
10.754895139302109,106.67839188181134,23,32,1.0,14,53,6,1,0.7188
10.785070445194592,106.68331340921324,17,28,1.0,14,53,6,1,0.6071
10.7549373008113,106.67848844133415,23,32,1.0,14,54,6,1,0.7188
10.77898143649726,106.67684447140958,24,34,1.0,14,54,6,1,0.7059
10.7671128283867,106.6927618222887,12,20,1.0,14,54,6,1,0.6
10.77847212665258,106.69389510879644,32,42,1.0,14,54,6,1,0.7619
10.796057790235078,106.67492629345334,23,34,0.999244,14,54,6,1,0.6765
10.8352982156415,106.72935479345392,36,42,0.996938,14,54,6,1,0.8571
10.777562007197462,106.7041335430398,19,30,1.0,14,55,6,1,0.6333
10.83886351241477,106.67566625482782,28,35,1.0,14,55,6,1,0.8
10.765187049751797,106.67550552599072,25,36,1.0,14,55,6,1,0.6944
10.75948437198232,106.6840537511244,20,27,0.998947,14,55,6,1,0.7407
10.865229381280963,106.72366973948476,39,49,1.0,14,55,6,1,0.7959
10.72279213640514,106.72808623948244,28,37,1.0,14,55,6,1,0.7568
10.823400120373712,106.68551227436063,23,31,1.0,14,55,6,1,0.7419
10.756158554057755,106.66631758181126,30,30,1.0,14,55,6,1,1.0
10.7144382088356,106.73711688366168,27,35,1.0,14,55,6,1,0.7714
10.817236653231737,106.63191539530456,24,35,1.0,14,55,6,1,0.6857
10.772727584493625,106.69804225297564,17,23,0.998135,14,58,6,1,0.7391
10.774028664434528,106.70357076461706,29,29,1.0,14,58,6,1,1.0
10.752616652291238,106.72509685338922,39,39,1.0,14,58,6,1,1.0
10.745754766198267,106.65326266831876,39,43,1.0,14,58,6,1,0.907
10.94927106740351,106.87196348224562,42,42,1.0,14,58,6,1,1.0
10.78866360854368,106.695513722289,36,42,1.0,14,58,6,1,0.8571
10.801406421807084,106.7114844087968,36,42,1.0,14,58,6,1,0.8571
10.843150534972033,106.6151343241409,25,35,1.0,14,58,6,1,0.7143
10.880537767027526,106.81481342866444,53,53,1.0,14,58,6,1,1.0
10.740840166521664,106.61899246873142,34,34,1.0,14,58,6,1,1.0
10.798986343749618,106.7269705664684,45,45,1.0,14,58,6,1,1.0
10.741860769464234,106.73790365482628,45,45,1.0,14,58,6,1,1.0
10.752408891679814,106.7022703818112,26,33,1.0,14,58,6,1,0.7879
10.786216596454729,106.71836665482697,40,40,1.0,14,58,6,1,1.0
10.78948793356203,106.7151883818118,36,36,1.0,14,58,6,1,1.0
10.80223925742187,106.6478722259914,29,40,1.0,14,58,6,1,0.725
10.813928881466124,106.66511432455972,21,34,0.998981,14,59,6,1,0.6176
10.755608615763382,106.67347943578082,21,28,1.0,14,59,6,1,0.75
10.782680856341084,106.70051548181168,20,30,1.0,14,59,6,1,0.6667
10.754895139302109,106.67839188181134,21,33,1.0,14,59,6,1,0.6364
10.785070445194592,106.68331340921324,17,27,1.0,14,59,6,1,0.6296
10.7549373008113,106.67848844133415,21,33,1.0,14,59,6,1,0.6364
10.77898143649726,106.67684447140958,23,34,1.0,14,59,6,1,0.6765
10.7671128283867,106.6927618222887,20,20,1.0,14,59,6,1,1.0
10.77847212665258,106.69389510879644,33,41,1.0,14,59,6,1,0.8049
10.796057790235078,106.67492629345334,22,34,0.998182,14,59,6,1,0.6471
10.8352982156415,106.72935479345392,36,42,0.996398,14,59,6,1,0.8571
10.777562007197462,106.7041335430398,20,30,1.0,14,59,6,1,0.6667
10.83886351241477,106.67566625482782,28,36,1.0,14,59,6,1,0.7778
10.765187049751797,106.67550552599072,26,36,1.0,14,59,6,1,0.7222
10.75948437198232,106.6840537511244,20,28,1.0,15,0,6,1,0.7143
10.865229381280963,106.72366973948476,39,49,1.0,15,0,6,1,0.7959
10.72279213640514,106.72808623948244,29,37,0.998605,15,0,6,1,0.7838
10.823400120373712,106.68551227436063,24,31,1.0,15,0,6,1,0.7742
10.756158554057755,106.66631758181126,30,30,1.0,15,0,6,1,1.0
10.7144382088356,106.73711688366168,27,35,1.0,15,0,6,1,0.7714
10.817236653231737,106.63191539530456,25,35,1.0,15,0,6,1,0.7143
10.772727584493625,106.69804225297564,17,24,0.998765,15,2,6,1,0.7083
10.774028664434528,106.70357076461706,14,28,1.0,15,2,6,1,0.5
10.752616652291238,106.72509685338922,39,39,1.0,15,2,6,1,1.0
10.745754766198267,106.65326266831876,42,42,1.0,15,2,6,1,1.0
10.94927106740351,106.87196348224562,32,41,1.0,15,2,6,1,0.7805
10.78866360854368,106.695513722289,36,42,1.0,15,2,6,1,0.8571
10.801406421807084,106.7114844087968,36,42,1.0,15,2,6,1,0.8571
10.843150534972033,106.6151343241409,25,34,1.0,15,2,6,1,0.7353
10.880537767027526,106.81481342866444,53,53,1.0,15,2,6,1,1.0
10.740840166521664,106.61899246873142,28,35,1.0,15,2,6,1,0.8
10.798986343749618,106.7269705664684,45,45,1.0,15,2,6,1,1.0
10.741860769464234,106.73790365482628,45,45,1.0,15,2,6,1,1.0
10.752408891679814,106.7022703818112,25,34,1.0,15,2,6,1,0.7353
10.786216596454729,106.71836665482697,40,40,1.0,15,3,6,1,1.0
10.78948793356203,106.7151883818118,36,36,1.0,15,3,6,1,1.0
10.80223925742187,106.6478722259914,31,41,1.0,15,3,6,1,0.7561
10.813928881466124,106.66511432455972,22,34,0.997709,15,3,6,1,0.6471
10.755608615763382,106.67347943578082,19,27,1.0,15,3,6,1,0.7037
10.782680856341084,106.70051548181168,19,30,1.0,15,3,6,1,0.6333
10.754895139302109,106.67839188181134,24,33,1.0,15,3,6,1,0.7273
10.785070445194592,106.68331340921324,14,28,1.0,15,3,6,1,0.5
10.7549373008113,106.67848844133415,23,33,1.0,15,3,6,1,0.697
10.77898143649726,106.67684447140958,22,34,1.0,15,3,6,1,0.6471
10.7671128283867,106.6927618222887,20,20,1.0,15,3,6,1,1.0
10.77847212665258,106.69389510879644,32,41,1.0,15,3,6,1,0.7805
10.796057790235078,106.67492629345334,24,34,0.997264,15,3,6,1,0.7059
10.8352982156415,106.72935479345392,36,42,0.995848,15,3,6,1,0.8571
10.777562007197462,106.7041335430398,19,30,1.0,15,4,6,1,0.6333
10.83886351241477,106.67566625482782,28,36,1.0,15,4,6,1,0.7778
10.765187049751797,106.67550552599072,27,35,1.0,15,4,6,1,0.7714
10.75948437198232,106.6840537511244,20,28,1.0,15,4,6,1,0.7143
10.865229381280963,106.72366973948476,38,49,1.0,15,4,6,1,0.7755
10.72279213640514,106.72808623948244,29,37,0.998476,15,4,6,1,0.7838
10.823400120373712,106.68551227436063,23,32,1.0,15,4,6,1,0.7188
10.756158554057755,106.66631758181126,30,30,1.0,15,4,6,1,1.0
10.7144382088356,106.73711688366168,27,35,1.0,15,4,6,1,0.7714
10.817236653231737,106.63191539530456,25,35,1.0,15,4,6,1,0.7143
10.772727584493625,106.69804225297564,14,23,0.998765,15,6,6,1,0.6087
10.774028664434528,106.70357076461706,21,27,1.0,15,6,6,1,0.7778
10.752616652291238,106.72509685338922,39,39,1.0,15,6,6,1,1.0
10.745754766198267,106.65326266831876,42,42,1.0,15,6,6,1,1.0
10.94927106740351,106.87196348224562,42,42,1.0,15,6,6,1,1.0
10.78866360854368,106.695513722289,36,42,1.0,15,6,6,1,0.8571
10.801406421807084,106.7114844087968,36,42,1.0,15,7,6,1,0.8571
10.843150534972033,106.6151343241409,23,35,1.0,15,7,6,1,0.6571
10.880537767027526,106.81481342866444,53,53,1.0,15,7,6,1,1.0
10.740840166521664,106.61899246873142,29,35,1.0,15,7,6,1,0.8286
10.798986343749618,106.7269705664684,45,45,1.0,15,7,6,1,1.0
10.741860769464234,106.73790365482628,45,45,1.0,15,7,6,1,1.0
10.752408891679814,106.7022703818112,28,33,1.0,15,7,6,1,0.8485
10.786216596454729,106.71836665482697,40,40,1.0,15,7,6,1,1.0
10.78948793356203,106.7151883818118,36,36,1.0,15,7,6,1,1.0
10.80223925742187,106.6478722259914,26,41,1.0,15,8,6,1,0.6341
10.813928881466124,106.66511432455972,25,34,0.997914,15,8,6,1,0.7353
10.755608615763382,106.67347943578082,18,28,0.998951,15,8,6,1,0.6429
10.782680856341084,106.70051548181168,20,30,1.0,15,8,6,1,0.6667
10.754895139302109,106.67839188181134,24,33,1.0,15,8,6,1,0.7273
10.785070445194592,106.68331340921324,18,27,1.0,15,8,6,1,0.6667
10.7549373008113,106.67848844133415,24,33,1.0,15,8,6,1,0.7273
10.77898143649726,106.67684447140958,23,34,1.0,15,8,6,1,0.6765
10.7671128283867,106.6927618222887,16,20,1.0,15,8,6,1,0.8
10.77847212665258,106.69389510879644,33,41,1.0,15,8,6,1,0.8049
10.796057790235078,106.67492629345334,24,34,0.997651,15,8,6,1,0.7059
10.8352982156415,106.72935479345392,35,42,0.991401,15,8,6,1,0.8333
10.777562007197462,106.7041335430398,21,30,1.0,15,8,6,1,0.7
10.83886351241477,106.67566625482782,28,36,1.0,15,8,6,1,0.7778
10.765187049751797,106.67550552599072,26,35,1.0,15,8,6,1,0.7429
10.75948437198232,106.6840537511244,18,27,1.0,15,8,6,1,0.6667
10.865229381280963,106.72366973948476,39,49,1.0,15,8,6,1,0.7959
10.72279213640514,106.72808623948244,26,37,0.999742,15,8,6,1,0.7027
10.823400120373712,106.68551227436063,22,32,1.0,15,8,6,1,0.6875
10.756158554057755,106.66631758181126,23,30,1.0,15,9,6,1,0.7667
10.7144382088356,106.73711688366168,28,35,1.0,15,9,6,1,0.8
10.817236653231737,106.63191539530456,25,35,1.0,15,9,6,1,0.7143
10.772727584493625,106.69804225297564,13,24,0.998765,15,11,6,1,0.5417
10.774028664434528,106.70357076461706,29,29,1.0,15,11,6,1,1.0
10.752616652291238,106.72509685338922,39,39,1.0,15,11,6,1,1.0
10.745754766198267,106.65326266831876,42,42,1.0,15,11,6,1,1.0
10.94927106740351,106.87196348224562,31,42,1.0,15,11,6,1,0.7381
10.78866360854368,106.695513722289,37,42,1.0,15,12,6,1,0.881
10.801406421807084,106.7114844087968,37,42,1.0,15,12,6,1,0.881
10.843150534972033,106.6151343241409,25,35,1.0,15,12,6,1,0.7143
10.880537767027526,106.81481342866444,53,53,1.0,15,12,6,1,1.0
10.740840166521664,106.61899246873142,29,35,1.0,15,12,6,1,0.8286
10.798986343749618,106.7269705664684,45,45,1.0,15,12,6,1,1.0
10.741860769464234,106.73790365482628,45,45,1.0,15,12,6,1,1.0
10.752408891679814,106.7022703818112,26,34,1.0,15,12,6,1,0.7647
10.786216596454729,106.71836665482697,40,40,1.0,15,12,6,1,1.0
10.78948793356203,106.7151883818118,36,36,1.0,15,12,6,1,1.0
10.80223925742187,106.6478722259914,29,41,1.0,15,12,6,1,0.7073
10.813928881466124,106.66511432455972,25,33,0.997915,15,12,6,1,0.7576
10.755608615763382,106.67347943578082,28,28,1.0,15,12,6,1,1.0
10.782680856341084,106.70051548181168,19,30,1.0,15,12,6,1,0.6333
10.754895139302109,106.67839188181134,24,32,1.0,15,12,6,1,0.75
10.785070445194592,106.68331340921324,18,27,1.0,15,12,6,1,0.6667
10.7549373008113,106.67848844133415,24,32,1.0,15,12,6,1,0.75
10.77898143649726,106.67684447140958,24,34,1.0,15,12,6,1,0.7059
10.7671128283867,106.6927618222887,11,19,1.0,15,12,6,1,0.5789
10.77847212665258,106.69389510879644,32,41,1.0,15,12,6,1,0.7805
10.796057790235078,106.67492629345334,25,33,0.997915,15,12,6,1,0.7576
10.8352982156415,106.72935479345392,36,42,0.98797,15,12,6,1,0.8571
10.777562007197462,106.7041335430398,19,30,1.0,15,12,6,1,0.6333
10.83886351241477,106.67566625482782,26,36,1.0,15,12,6,1,0.7222
10.765187049751797,106.67550552599072,26,35,1.0,15,12,6,1,0.7429
10.75948437198232,106.6840537511244,28,28,1.0,15,12,6,1,1.0
10.865229381280963,106.72366973948476,39,49,1.0,15,12,6,1,0.7959
10.72279213640514,106.72808623948244,27,37,0.999742,15,12,6,1,0.7297
10.823400120373712,106.68551227436063,23,32,1.0,15,13,6,1,0.7188
10.756158554057755,106.66631758181126,21,29,1.0,15,13,6,1,0.7241
10.7144382088356,106.73711688366168,26,35,1.0,15,13,6,1,0.7429
10.817236653231737,106.63191539530456,25,34,1.0,15,13,6,1,0.7353
10.772727584493625,106.69804225297564,14,24,0.998765,15,15,6,1,0.5833
10.774028664434528,106.70357076461706,29,29,1.0,15,15,6,1,1.0
10.752616652291238,106.72509685338922,39,39,1.0,15,15,6,1,1.0
10.745754766198267,106.65326266831876,37,43,0.999762,15,15,6,1,0.8605
10.94927106740351,106.87196348224562,28,42,1.0,15,15,6,1,0.6667
10.78866360854368,106.695513722289,35,42,1.0,15,15,6,1,0.8333
10.801406421807084,106.7114844087968,35,42,1.0,15,15,6,1,0.8333
10.843150534972033,106.6151343241409,26,35,1.0,15,15,6,1,0.7429
10.880537767027526,106.81481342866444,53,53,1.0,15,15,6,1,1.0
10.740840166521664,106.61899246873142,29,35,1.0,15,15,6,1,0.8286
10.798986343749618,106.7269705664684,45,45,1.0,15,15,6,1,1.0
10.741860769464234,106.73790365482628,45,45,1.0,15,15,6,1,1.0
10.752408891679814,106.7022703818112,24,34,1.0,15,16,6,1,0.7059
10.786216596454729,106.71836665482697,40,40,1.0,15,16,6,1,1.0
10.78948793356203,106.7151883818118,36,36,1.0,15,16,6,1,1.0
10.80223925742187,106.6478722259914,26,41,1.0,15,16,6,1,0.6341
10.813928881466124,106.66511432455972,24,34,0.999425,15,16,6,1,0.7059
10.755608615763382,106.67347943578082,18,27,0.997061,15,16,6,1,0.6667
10.782680856341084,106.70051548181168,20,30,1.0,15,16,6,1,0.6667
10.754895139302109,106.67839188181134,22,32,1.0,15,16,6,1,0.6875
10.785070445194592,106.68331340921324,22,27,1.0,15,16,6,1,0.8148
10.7549373008113,106.67848844133415,22,32,1.0,15,16,6,1,0.6875
10.77898143649726,106.67684447140958,24,34,1.0,15,17,6,1,0.7059
10.7671128283867,106.6927618222887,13,19,1.0,15,17,6,1,0.6842
10.77847212665258,106.69389510879644,32,42,1.0,15,17,6,1,0.7619
10.796057790235078,106.67492629345334,24,33,0.999425,15,17,6,1,0.7273
10.8352982156415,106.72935479345392,35,42,0.991431,15,17,6,1,0.8333
10.777562007197462,106.7041335430398,21,31,1.0,15,17,6,1,0.6774
10.83886351241477,106.67566625482782,28,36,1.0,15,17,6,1,0.7778
10.765187049751797,106.67550552599072,26,36,1.0,15,17,6,1,0.7222
10.75948437198232,106.6840537511244,20,28,0.997065,15,17,6,1,0.7143
10.865229381280963,106.72366973948476,40,49,1.0,15,17,6,1,0.8163
10.72279213640514,106.72808623948244,27,37,0.999302,15,17,6,1,0.7297
10.823400120373712,106.68551227436063,24,31,1.0,15,17,6,1,0.7742
10.756158554057755,106.66631758181126,21,30,1.0,15,17,6,1,0.7
10.7144382088356,106.73711688366168,26,35,1.0,15,17,6,1,0.7429
10.817236653231737,106.63191539530456,25,34,1.0,15,17,6,1,0.7353
10.772727584493625,106.69804225297564,15,24,0.998765,15,19,6,1,0.625
10.774028664434528,106.70357076461706,29,29,1.0,15,19,6,1,1.0
10.752616652291238,106.72509685338922,39,39,1.0,15,19,6,1,1.0
10.745754766198267,106.65326266831876,42,42,1.0,15,20,6,1,1.0
10.94927106740351,106.87196348224562,34,42,1.0,15,20,6,1,0.8095
10.78866360854368,106.695513722289,34,41,1.0,15,20,6,1,0.8293
10.801406421807084,106.7114844087968,34,41,1.0,15,20,6,1,0.8293
10.843150534972033,106.6151343241409,26,35,1.0,15,20,6,1,0.7429
10.880537767027526,106.81481342866444,53,53,1.0,15,20,6,1,1.0
10.740840166521664,106.61899246873142,28,35,1.0,15,20,6,1,0.8
10.798986343749618,106.7269705664684,45,45,1.0,15,20,6,1,1.0
10.741860769464234,106.73790365482628,45,45,1.0,15,20,6,1,1.0
10.752408891679814,106.7022703818112,21,34,1.0,15,20,6,1,0.6176
10.786216596454729,106.71836665482697,40,40,1.0,15,20,6,1,1.0
10.78948793356203,106.7151883818118,36,36,1.0,15,21,6,1,1.0
10.80223925742187,106.6478722259914,29,40,1.0,15,21,6,1,0.725
10.813928881466124,106.66511432455972,26,33,0.997651,15,21,6,1,0.7879
10.755608615763382,106.67347943578082,19,27,1.0,15,21,6,1,0.7037
10.782680856341084,106.70051548181168,20,30,1.0,15,21,6,1,0.6667
10.754895139302109,106.67839188181134,22,32,1.0,15,21,6,1,0.6875
10.785070445194592,106.68331340921324,16,27,1.0,15,21,6,1,0.5926
10.7549373008113,106.67848844133415,22,32,1.0,15,21,6,1,0.6875
10.77898143649726,106.67684447140958,24,34,1.0,15,21,6,1,0.7059
10.7671128283867,106.6927618222887,20,20,1.0,15,22,6,1,1.0
10.77847212665258,106.69389510879644,31,41,1.0,15,22,6,1,0.7561
10.796057790235078,106.67492629345334,25,34,0.997651,15,22,6,1,0.7353
10.8352982156415,106.72935479345392,35,42,0.993935,15,22,6,1,0.8333
10.777562007197462,106.7041335430398,20,30,1.0,15,22,6,1,0.6667
10.83886351241477,106.67566625482782,27,35,0.997413,15,22,6,1,0.7714
10.765187049751797,106.67550552599072,22,36,1.0,15,22,6,1,0.6111
10.75948437198232,106.6840537511244,22,28,1.0,15,22,6,1,0.7857
10.865229381280963,106.72366973948476,39,49,1.0,15,22,6,1,0.7959
10.72279213640514,106.72808623948244,26,38,0.998218,15,22,6,1,0.6842
10.823400120373712,106.68551227436063,22,31,1.0,15,22,6,1,0.7097
10.756158554057755,106.66631758181126,23,29,1.0,15,22,6,1,0.7931
10.7144382088356,106.73711688366168,26,35,1.0,15,22,6,1,0.7429
10.817236653231737,106.63191539530456,26,35,1.0,15,22,6,1,0.7429
10.772727584493625,106.69804225297564,15,24,0.99753,15,24,6,1,0.625
10.774028664434528,106.70357076461706,20,28,1.0,15,24,6,1,0.7143
10.752616652291238,106.72509685338922,39,39,1.0,15,24,6,1,1.0
10.745754766198267,106.65326266831876,42,42,1.0,15,24,6,1,1.0
10.94927106740351,106.87196348224562,31,41,1.0,15,24,6,1,0.7561
10.78866360854368,106.695513722289,34,41,1.0,15,24,6,1,0.8293
10.801406421807084,106.7114844087968,34,41,1.0,15,24,6,1,0.8293
10.843150534972033,106.6151343241409,26,34,1.0,15,24,6,1,0.7647
10.880537767027526,106.81481342866444,53,53,1.0,15,25,6,1,1.0
10.740840166521664,106.61899246873142,28,35,1.0,15,25,6,1,0.8
10.798986343749618,106.7269705664684,45,45,1.0,15,25,6,1,1.0
10.741860769464234,106.73790365482628,45,45,1.0,15,25,6,1,1.0
10.752408891679814,106.7022703818112,21,33,1.0,15,25,6,1,0.6364
10.786216596454729,106.71836665482697,40,40,1.0,15,25,6,1,1.0
10.78948793356203,106.7151883818118,36,36,1.0,15,25,6,1,1.0
10.80223925742187,106.6478722259914,30,40,1.0,15,25,6,1,0.75
10.813928881466124,106.66511432455972,24,34,1.0,15,25,6,1,0.7059
10.755608615763382,106.67347943578082,19,27,1.0,15,25,6,1,0.7037
10.782680856341084,106.70051548181168,18,30,1.0,15,25,6,1,0.6
10.754895139302109,106.67839188181134,23,33,1.0,15,25,6,1,0.697
10.785070445194592,106.68331340921324,17,28,1.0,15,25,6,1,0.6071
10.7549373008113,106.67848844133415,23,33,1.0,15,25,6,1,0.697
10.77898143649726,106.67684447140958,24,34,1.0,15,25,6,1,0.7059
10.7671128283867,106.6927618222887,20,20,1.0,15,25,6,1,1.0
10.77847212665258,106.69389510879644,31,41,1.0,15,25,6,1,0.7561
10.796057790235078,106.67492629345334,24,34,1.0,15,25,6,1,0.7059
10.8352982156415,106.72935479345392,35,42,0.99511,15,25,6,1,0.8333
10.777562007197462,106.7041335430398,20,30,1.0,15,25,6,1,0.6667
10.83886351241477,106.67566625482782,27,36,1.0,15,26,6,1,0.75
10.765187049751797,106.67550552599072,20,35,1.0,15,26,6,1,0.5714
10.75948437198232,106.6840537511244,21,28,1.0,15,26,6,1,0.75
10.865229381280963,106.72366973948476,39,49,1.0,15,26,6,1,0.7959
10.72279213640514,106.72808623948244,27,37,0.998476,15,26,6,1,0.7297
10.823400120373712,106.68551227436063,24,32,1.0,15,26,6,1,0.75
10.756158554057755,106.66631758181126,24,30,1.0,15,26,6,1,0.8
10.7144382088356,106.73711688366168,26,35,1.0,15,26,6,1,0.7429
10.817236653231737,106.63191539530456,26,35,1.0,15,26,6,1,0.7429
10.772727584493625,106.69804225297564,15,24,0.99753,15,28,6,1,0.625
10.774028664434528,106.70357076461706,21,28,1.0,15,28,6,1,0.75
10.752616652291238,106.72509685338922,39,39,1.0,15,28,6,1,1.0
10.745754766198267,106.65326266831876,42,42,1.0,15,28,6,1,1.0
10.94927106740351,106.87196348224562,28,42,1.0,15,28,6,1,0.6667
10.78866360854368,106.695513722289,36,42,1.0,15,28,6,1,0.8571
10.801406421807084,106.7114844087968,36,42,1.0,15,28,6,1,0.8571
10.843150534972033,106.6151343241409,26,34,1.0,15,28,6,1,0.7647
10.880537767027526,106.81481342866444,53,53,1.0,15,28,6,1,1.0
10.740840166521664,106.61899246873142,29,35,1.0,15,29,6,1,0.8286
10.798986343749618,106.7269705664684,45,45,1.0,15,29,6,1,1.0
10.741860769464234,106.73790365482628,45,45,1.0,15,29,6,1,1.0
10.752408891679814,106.7022703818112,23,34,1.0,15,29,6,1,0.6765
10.786216596454729,106.71836665482697,40,40,1.0,15,29,6,1,1.0
10.78948793356203,106.7151883818118,36,36,1.0,15,29,6,1,1.0
10.80223925742187,106.6478722259914,28,41,1.0,15,29,6,1,0.6829
10.813928881466124,106.66511432455972,22,34,0.997915,15,29,6,1,0.6471
10.755608615763382,106.67347943578082,22,27,0.997941,15,29,6,1,0.8148
10.782680856341084,106.70051548181168,20,30,1.0,15,29,6,1,0.6667
10.754895139302109,106.67839188181134,23,33,1.0,15,29,6,1,0.697
10.785070445194592,106.68331340921324,16,27,1.0,15,29,6,1,0.5926
10.7549373008113,106.67848844133415,23,32,1.0,15,29,6,1,0.7188
10.77898143649726,106.67684447140958,24,34,1.0,15,30,6,1,0.7059
10.7671128283867,106.6927618222887,11,20,1.0,15,30,6,1,0.55
10.77847212665258,106.69389510879644,33,41,1.0,15,30,6,1,0.8049
10.796057790235078,106.67492629345334,23,33,0.997915,15,30,6,1,0.697
10.8352982156415,106.72935479345392,35,42,0.995098,15,30,6,1,0.8333
10.777562007197462,106.7041335430398,19,30,1.0,15,30,6,1,0.6333
10.83886351241477,106.67566625482782,36,36,1.0,15,30,6,1,1.0
10.765187049751797,106.67550552599072,27,36,1.0,15,30,6,1,0.75
10.75948437198232,106.6840537511244,28,28,1.0,15,30,6,1,1.0
10.865229381280963,106.72366973948476,38,49,1.0,15,30,6,1,0.7755
10.72279213640514,106.72808623948244,28,37,0.998475,15,30,6,1,0.7568
10.823400120373712,106.68551227436063,23,32,1.0,15,30,6,1,0.7188
10.756158554057755,106.66631758181126,20,30,1.0,15,30,6,1,0.6667
10.7144382088356,106.73711688366168,26,35,1.0,15,31,6,1,0.7429
10.817236653231737,106.63191539530456,26,35,1.0,15,31,6,1,0.7429
10.772727584493625,106.69804225297564,16,24,0.996829,15,33,6,1,0.6667
10.774028664434528,106.70357076461706,19,27,1.0,15,33,6,1,0.7037
10.752616652291238,106.72509685338922,39,39,1.0,15,33,6,1,1.0
10.745754766198267,106.65326266831876,42,42,1.0,15,33,6,1,1.0
10.94927106740351,106.87196348224562,30,42,1.0,15,33,6,1,0.7143
10.78866360854368,106.695513722289,37,42,1.0,15,33,6,1,0.881
10.801406421807084,106.7114844087968,37,42,1.0,15,33,6,1,0.881
10.843150534972033,106.6151343241409,25,34,1.0,15,33,6,1,0.7353
10.880537767027526,106.81481342866444,53,53,1.0,15,33,6,1,1.0
10.740840166521664,106.61899246873142,28,35,1.0,15,33,6,1,0.8
10.798986343749618,106.7269705664684,45,45,1.0,15,33,6,1,1.0
10.741860769464234,106.73790365482628,45,45,1.0,15,33,6,1,1.0
10.752408891679814,106.7022703818112,25,34,1.0,15,33,6,1,0.7353
10.786216596454729,106.71836665482697,40,40,1.0,15,34,6,1,1.0
10.78948793356203,106.7151883818118,36,36,1.0,15,34,6,1,1.0
10.80223925742187,106.6478722259914,29,41,1.0,15,34,6,1,0.7073
10.813928881466124,106.66511432455972,24,34,0.999428,15,34,6,1,0.7059
10.755608615763382,106.67347943578082,22,28,1.0,15,34,6,1,0.7857
10.782680856341084,106.70051548181168,19,30,1.0,15,34,6,1,0.6333
10.754895139302109,106.67839188181134,22,32,1.0,15,34,6,1,0.6875
10.785070445194592,106.68331340921324,18,27,1.0,15,35,6,1,0.6667
10.7549373008113,106.67848844133415,23,33,1.0,15,35,6,1,0.697
10.77898143649726,106.67684447140958,22,34,1.0,15,35,6,1,0.6471
10.7671128283867,106.6927618222887,14,20,1.0,15,35,6,1,0.7
10.77847212665258,106.69389510879644,31,41,1.0,15,35,6,1,0.7561
10.796057790235078,106.67492629345334,23,33,0.998405,15,35,6,1,0.697
10.8352982156415,106.72935479345392,35,42,0.995653,15,35,6,1,0.8333
10.777562007197462,106.7041335430398,20,30,1.0,15,35,6,1,0.6667
10.83886351241477,106.67566625482782,27,35,1.0,15,35,6,1,0.7714
10.765187049751797,106.67550552599072,27,36,1.0,15,35,6,1,0.75
10.75948437198232,106.6840537511244,19,27,0.997894,15,35,6,1,0.7037
10.865229381280963,106.72366973948476,37,49,1.0,15,35,6,1,0.7551
10.72279213640514,106.72808623948244,25,36,0.997961,15,35,6,1,0.6944
10.823400120373712,106.68551227436063,21,32,1.0,15,35,6,1,0.6562
10.756158554057755,106.66631758181126,30,30,1.0,15,35,6,1,1.0
10.7144382088356,106.73711688366168,27,35,1.0,15,36,6,1,0.7714
10.817236653231737,106.63191539530456,23,34,1.0,15,36,6,1,0.6765
10.772727584493625,106.69804225297564,17,24,0.996829,15,38,6,1,0.7083
10.774028664434528,106.70357076461706,29,29,1.0,15,38,6,1,1.0
10.752616652291238,106.72509685338922,39,39,1.0,15,38,6,1,1.0
10.745754766198267,106.65326266831876,42,42,1.0,15,38,6,1,1.0
10.94927106740351,106.87196348224562,32,42,1.0,15,38,6,1,0.7619
10.78866360854368,106.695513722289,36,42,1.0,15,38,6,1,0.8571
10.801406421807084,106.7114844087968,36,42,1.0,15,38,6,1,0.8571
10.843150534972033,106.6151343241409,25,35,1.0,15,38,6,1,0.7143
10.880537767027526,106.81481342866444,53,53,1.0,15,38,6,1,1.0
10.740840166521664,106.61899246873142,29,35,1.0,15,38,6,1,0.8286
10.798986343749618,106.7269705664684,45,45,1.0,15,38,6,1,1.0
10.741860769464234,106.73790365482628,45,45,1.0,15,38,6,1,1.0
10.752408891679814,106.7022703818112,25,34,1.0,15,39,6,1,0.7353
10.786216596454729,106.71836665482697,40,40,1.0,15,39,6,1,1.0
10.78948793356203,106.7151883818118,24,35,1.0,15,39,6,1,0.6857
10.80223925742187,106.6478722259914,30,41,1.0,15,39,6,1,0.7317
10.813928881466124,106.66511432455972,21,34,0.997651,15,39,6,1,0.6176
10.755608615763382,106.67347943578082,19,28,0.997894,15,39,6,1,0.6786
10.782680856341084,106.70051548181168,19,30,1.0,15,39,6,1,0.6333
10.754895139302109,106.67839188181134,24,33,1.0,15,39,6,1,0.7273
10.785070445194592,106.68331340921324,18,27,1.0,15,39,6,1,0.6667
10.7549373008113,106.67848844133415,24,33,1.0,15,39,6,1,0.7273
10.77898143649726,106.67684447140958,23,34,1.0,15,39,6,1,0.6765
10.7671128283867,106.6927618222887,13,19,1.0,15,39,6,1,0.6842
10.77847212665258,106.69389510879644,31,41,1.0,15,39,6,1,0.7561
10.796057790235078,106.67492629345334,21,34,1.0,15,39,6,1,0.6176
10.8352982156415,106.72935479345392,42,42,1.0,15,39,6,1,1.0
10.777562007197462,106.7041335430398,19,30,1.0,15,40,6,1,0.6333
10.83886351241477,106.67566625482782,28,35,1.0,15,40,6,1,0.8
10.765187049751797,106.67550552599072,27,35,1.0,15,40,6,1,0.7714
10.75948437198232,106.6840537511244,19,28,0.997894,15,40,6,1,0.6786
10.865229381280963,106.72366973948476,37,49,1.0,15,40,6,1,0.7551
10.72279213640514,106.72808623948244,26,36,0.997961,15,40,6,1,0.7222
10.823400120373712,106.68551227436063,25,32,1.0,15,40,6,1,0.7812
10.756158554057755,106.66631758181126,23,30,1.0,15,40,6,1,0.7667
10.7144382088356,106.73711688366168,25,35,1.0,15,40,6,1,0.7143
10.817236653231737,106.63191539530456,25,35,1.0,15,41,6,1,0.7143
10.772727584493625,106.69804225297564,16,24,0.998765,15,43,6,1,0.6667
10.774028664434528,106.70357076461706,16,28,1.0,15,43,6,1,0.5714
10.752616652291238,106.72509685338922,39,39,1.0,15,43,6,1,1.0
10.745754766198267,106.65326266831876,42,42,1.0,15,43,6,1,1.0
10.94927106740351,106.87196348224562,42,42,1.0,15,43,6,1,1.0
10.78866360854368,106.695513722289,35,42,1.0,15,43,6,1,0.8333
10.801406421807084,106.7114844087968,35,42,1.0,15,43,6,1,0.8333
10.843150534972033,106.6151343241409,26,35,1.0,15,43,6,1,0.7429
10.880537767027526,106.81481342866444,53,53,1.0,15,43,6,1,1.0
10.740840166521664,106.61899246873142,27,35,1.0,15,43,6,1,0.7714
10.798986343749618,106.7269705664684,45,45,1.0,15,43,6,1,1.0
10.741860769464234,106.73790365482628,45,45,1.0,15,43,6,1,1.0
10.752408891679814,106.7022703818112,25,34,1.0,15,44,6,1,0.7353
10.786216596454729,106.71836665482697,40,40,1.0,15,44,6,1,1.0
10.78948793356203,106.7151883818118,36,36,1.0,15,44,6,1,1.0
10.80223925742187,106.6478722259914,30,41,1.0,15,44,6,1,0.7317
10.813928881466124,106.66511432455972,23,34,0.998692,15,44,6,1,0.6765
10.755608615763382,106.67347943578082,21,27,0.997069,15,44,6,1,0.7778
10.782680856341084,106.70051548181168,20,30,1.0,15,44,6,1,0.6667
10.754895139302109,106.67839188181134,22,32,1.0,15,44,6,1,0.6875
10.785070445194592,106.68331340921324,18,27,1.0,15,44,6,1,0.6667
10.7549373008113,106.67848844133415,22,32,1.0,15,44,6,1,0.6875
10.77898143649726,106.67684447140958,23,34,1.0,15,44,6,1,0.6765
10.7671128283867,106.6927618222887,14,20,1.0,15,44,6,1,0.7
10.77847212665258,106.69389510879644,32,42,1.0,15,44,6,1,0.7619
10.796057790235078,106.67492629345334,23,34,0.999265,15,44,6,1,0.6765
10.8352982156415,106.72935479345392,36,42,0.995663,15,44,6,1,0.8571
10.777562007197462,106.7041335430398,19,30,1.0,15,44,6,1,0.6333
10.83886351241477,106.67566625482782,27,35,1.0,15,44,6,1,0.7714
10.765187049751797,106.67550552599072,27,36,1.0,15,44,6,1,0.75
10.75948437198232,106.6840537511244,18,28,1.0,15,45,6,1,0.6429
10.865229381280963,106.72366973948476,38,49,1.0,15,45,6,1,0.7755
10.72279213640514,106.72808623948244,26,36,0.998072,15,45,6,1,0.7222
10.823400120373712,106.68551227436063,20,31,1.0,15,45,6,1,0.6452
10.756158554057755,106.66631758181126,21,30,1.0,15,45,6,1,0.7
10.7144382088356,106.73711688366168,26,35,1.0,15,45,6,1,0.7429
10.817236653231737,106.63191539530456,24,35,1.0,15,45,6,1,0.6857
10.772727584493625,106.69804225297564,16,23,0.998765,15,47,6,1,0.6957
10.774028664434528,106.70357076461706,20,27,1.0,15,47,6,1,0.7407
10.752616652291238,106.72509685338922,39,39,1.0,15,47,6,1,1.0
10.745754766198267,106.65326266831876,38,42,1.0,15,47,6,1,0.9048
10.94927106740351,106.87196348224562,42,42,1.0,15,47,6,1,1.0
10.78866360854368,106.695513722289,42,42,1.0,15,47,6,1,1.0
10.801406421807084,106.7114844087968,36,42,1.0,15,48,6,1,0.8571
10.843150534972033,106.6151343241409,26,35,1.0,15,48,6,1,0.7429
10.880537767027526,106.81481342866444,53,53,1.0,15,48,6,1,1.0
10.740840166521664,106.61899246873142,34,34,1.0,15,48,6,1,1.0
10.798986343749618,106.7269705664684,45,45,1.0,15,48,6,1,1.0
10.741860769464234,106.73790365482628,45,45,1.0,15,48,6,1,1.0
10.752408891679814,106.7022703818112,26,34,1.0,15,48,6,1,0.7647
10.786216596454729,106.71836665482697,40,40,1.0,15,48,6,1,1.0
10.78948793356203,106.7151883818118,36,36,1.0,15,48,6,1,1.0
10.80223925742187,106.6478722259914,32,40,1.0,15,48,6,1,0.8
10.813928881466124,106.66511432455972,23,34,0.999528,15,48,6,1,0.6765
10.755608615763382,106.67347943578082,20,27,0.996181,15,48,6,1,0.7407
10.782680856341084,106.70051548181168,19,30,1.0,15,49,6,1,0.6333
10.754895139302109,106.67839188181134,23,32,1.0,15,49,6,1,0.7188
10.785070445194592,106.68331340921324,17,26,1.0,15,49,6,1,0.6538
10.7549373008113,106.67848844133415,23,32,1.0,15,49,6,1,0.7188
10.77898143649726,106.67684447140958,23,34,1.0,15,49,6,1,0.6765
10.7671128283867,106.6927618222887,13,20,1.0,15,49,6,1,0.65
10.77847212665258,106.69389510879644,32,41,1.0,15,49,6,1,0.7805
10.796057790235078,106.67492629345334,23,34,0.999265,15,49,6,1,0.6765
10.8352982156415,106.72935479345392,35,42,0.997841,15,49,6,1,0.8333
10.777562007197462,106.7041335430398,20,30,1.0,15,49,6,1,0.6667
10.83886351241477,106.67566625482782,28,36,1.0,15,49,6,1,0.7778
10.765187049751797,106.67550552599072,22,36,1.0,15,49,6,1,0.6111
10.75948437198232,106.6840537511244,21,27,0.997968,15,49,6,1,0.7778
10.865229381280963,106.72366973948476,37,49,1.0,15,50,6,1,0.7551
10.72279213640514,106.72808623948244,27,37,1.0,15,50,6,1,0.7297
10.823400120373712,106.68551227436063,21,32,1.0,15,50,6,1,0.6562
10.756158554057755,106.66631758181126,22,30,1.0,15,50,6,1,0.7333
10.7144382088356,106.73711688366168,27,35,1.0,15,50,6,1,0.7714
10.817236653231737,106.63191539530456,26,35,1.0,15,50,6,1,0.7429
10.772727584493625,106.69804225297564,16,24,0.998765,15,52,6,1,0.6667
10.774028664434528,106.70357076461706,18,28,1.0,15,52,6,1,0.6429
10.752616652291238,106.72509685338922,39,39,1.0,15,53,6,1,1.0
10.745754766198267,106.65326266831876,42,42,1.0,15,53,6,1,1.0
10.94927106740351,106.87196348224562,34,41,1.0,15,53,6,1,0.8293
10.78866360854368,106.695513722289,34,41,1.0,15,53,6,1,0.8293
10.801406421807084,106.7114844087968,34,41,1.0,15,53,6,1,0.8293
10.843150534972033,106.6151343241409,26,35,1.0,15,53,6,1,0.7429
10.880537767027526,106.81481342866444,53,53,1.0,15,53,6,1,1.0
10.740840166521664,106.61899246873142,28,35,1.0,15,53,6,1,0.8
10.798986343749618,106.7269705664684,45,45,1.0,15,53,6,1,1.0
10.741860769464234,106.73790365482628,45,45,1.0,15,53,6,1,1.0
10.752408891679814,106.7022703818112,23,33,1.0,15,53,6,1,0.697
10.786216596454729,106.71836665482697,40,40,1.0,15,53,6,1,1.0
10.78948793356203,106.7151883818118,36,36,1.0,15,53,6,1,1.0
10.80223925742187,106.6478722259914,33,41,1.0,15,53,6,1,0.8049
10.813928881466124,106.66511432455972,24,33,0.999528,15,53,6,1,0.7273
10.755608615763382,106.67347943578082,22,27,0.997975,15,53,6,1,0.8148
10.782680856341084,106.70051548181168,20,30,1.0,15,53,6,1,0.6667
10.754895139302109,106.67839188181134,22,32,1.0,15,54,6,1,0.6875
10.785070445194592,106.68331340921324,15,28,1.0,15,54,6,1,0.5357
10.7549373008113,106.67848844133415,22,32,1.0,15,54,6,1,0.6875
10.77898143649726,106.67684447140958,22,35,1.0,15,54,6,1,0.6286
10.7671128283867,106.6927618222887,15,20,1.0,15,54,6,1,0.75
10.77847212665258,106.69389510879644,32,42,1.0,15,54,6,1,0.7619
10.796057790235078,106.67492629345334,24,33,0.999528,15,54,6,1,0.7273
10.8352982156415,106.72935479345392,35,42,0.997992,15,54,6,1,0.8333
10.777562007197462,106.7041335430398,19,30,1.0,15,54,6,1,0.6333
10.83886351241477,106.67566625482782,27,36,1.0,15,54,6,1,0.75
10.765187049751797,106.67550552599072,24,35,1.0,15,54,6,1,0.6857
10.75948437198232,106.6840537511244,28,28,1.0,15,54,6,1,1.0
10.865229381280963,106.72366973948476,38,49,1.0,15,54,6,1,0.7755
10.72279213640514,106.72808623948244,28,37,1.0,15,54,6,1,0.7568
10.823400120373712,106.68551227436063,24,32,1.0,15,55,6,1,0.75
10.756158554057755,106.66631758181126,21,29,1.0,15,55,6,1,0.7241
10.7144382088356,106.73711688366168,26,35,1.0,15,55,6,1,0.7429
10.817236653231737,106.63191539530456,25,35,1.0,15,55,6,1,0.7143
10.772727584493625,106.69804225297564,17,24,0.998765,15,57,6,1,0.7083
10.774028664434528,106.70357076461706,19,28,1.0,15,57,6,1,0.6786
10.752616652291238,106.72509685338922,39,39,1.0,15,57,6,1,1.0
10.745754766198267,106.65326266831876,42,42,1.0,15,57,6,1,1.0
10.94927106740351,106.87196348224562,30,42,1.0,15,57,6,1,0.7143
10.78866360854368,106.695513722289,36,42,1.0,15,57,6,1,0.8571
10.801406421807084,106.7114844087968,36,42,1.0,15,58,6,1,0.8571
10.843150534972033,106.6151343241409,26,35,1.0,15,58,6,1,0.7429
10.880537767027526,106.81481342866444,53,53,1.0,15,58,6,1,1.0
10.740840166521664,106.61899246873142,34,34,1.0,15,58,6,1,1.0
10.798986343749618,106.7269705664684,45,45,1.0,15,58,6,1,1.0
10.741860769464234,106.73790365482628,45,45,1.0,15,58,6,1,1.0
10.752408891679814,106.7022703818112,24,34,1.0,15,58,6,1,0.7059
10.786216596454729,106.71836665482697,40,40,1.0,15,58,6,1,1.0
10.78948793356203,106.7151883818118,36,36,1.0,15,58,6,1,1.0
10.80223925742187,106.6478722259914,41,41,1.0,15,58,6,1,1.0
10.813928881466124,106.66511432455972,23,34,1.0,15,58,6,1,0.6765
10.755608615763382,106.67347943578082,28,28,1.0,15,59,6,1,1.0
10.782680856341084,106.70051548181168,19,31,1.0,15,59,6,1,0.6129
10.754895139302109,106.67839188181134,22,33,1.0,15,59,6,1,0.6667
10.785070445194592,106.68331340921324,14,28,1.0,15,59,6,1,0.5
10.7549373008113,106.67848844133415,22,33,1.0,15,59,6,1,0.6667
10.77898143649726,106.67684447140958,21,34,1.0,15,59,6,1,0.6176
10.7671128283867,106.6927618222887,10,19,1.0,15,59,6,1,0.5263
10.77847212665258,106.69389510879644,31,41,1.0,15,59,6,1,0.7561
10.796057790235078,106.67492629345334,23,34,1.0,15,59,6,1,0.6765
10.8352982156415,106.72935479345392,35,42,0.998166,15,59,6,1,0.8333
10.777562007197462,106.7041335430398,19,31,1.0,15,59,6,1,0.6129
10.83886351241477,106.67566625482782,27,36,1.0,15,59,6,1,0.75
10.765187049751797,106.67550552599072,36,36,1.0,15,59,6,1,1.0
10.75948437198232,106.6840537511244,28,28,1.0,15,59,6,1,1.0
10.865229381280963,106.72366973948476,37,49,1.0,15,59,6,1,0.7551
10.72279213640514,106.72808623948244,26,36,0.999769,15,59,6,1,0.7222
10.823400120373712,106.68551227436063,25,31,1.0,15,59,6,1,0.8065
10.756158554057755,106.66631758181126,22,29,1.0,15,59,6,1,0.7586
10.7144382088356,106.73711688366168,26,35,1.0,15,59,6,1,0.7429
10.817236653231737,106.63191539530456,26,34,1.0,15,59,6,1,0.7647
10.772727584493625,106.69804225297564,16,24,0.998765,16,1,6,1,0.6667
10.774028664434528,106.70357076461706,29,29,1.0,16,1,6,1,1.0
10.752616652291238,106.72509685338922,39,39,1.0,16,1,6,1,1.0
10.745754766198267,106.65326266831876,42,42,1.0,16,1,6,1,1.0
10.94927106740351,106.87196348224562,25,41,1.0,16,1,6,1,0.6098
10.78866360854368,106.695513722289,35,42,1.0,16,1,6,1,0.8333
10.801406421807084,106.7114844087968,35,42,1.0,16,1,6,1,0.8333
10.843150534972033,106.6151343241409,24,35,1.0,16,1,6,1,0.6857
10.880537767027526,106.81481342866444,53,53,1.0,16,1,6,1,1.0
10.740840166521664,106.61899246873142,34,34,1.0,16,1,6,1,1.0
10.798986343749618,106.7269705664684,45,45,1.0,16,2,6,1,1.0
10.741860769464234,106.73790365482628,45,45,1.0,16,2,6,1,1.0
10.752408891679814,106.7022703818112,24,33,1.0,16,2,6,1,0.7273
10.786216596454729,106.71836665482697,40,40,1.0,16,2,6,1,1.0
10.78948793356203,106.7151883818118,36,36,1.0,16,2,6,1,1.0
10.80223925742187,106.6478722259914,41,41,1.0,16,2,6,1,1.0
10.813928881466124,106.66511432455972,23,34,0.999528,16,2,6,1,0.6765
10.755608615763382,106.67347943578082,21,27,1.0,16,2,6,1,0.7778
10.782680856341084,106.70051548181168,19,30,1.0,16,2,6,1,0.6333
10.754895139302109,106.67839188181134,24,32,1.0,16,2,6,1,0.75
10.785070445194592,106.68331340921324,13,29,1.0,16,2,6,1,0.4483
10.7549373008113,106.67848844133415,24,32,1.0,16,2,6,1,0.75
10.77898143649726,106.67684447140958,24,34,1.0,16,2,6,1,0.7059
10.7671128283867,106.6927618222887,11,19,1.0,16,2,6,1,0.5789
10.77847212665258,106.69389510879644,32,41,1.0,16,2,6,1,0.7805
10.796057790235078,106.67492629345334,22,33,0.999528,16,2,6,1,0.6667
10.8352982156415,106.72935479345392,35,42,0.998564,16,2,6,1,0.8333
10.777562007197462,106.7041335430398,19,30,1.0,16,2,6,1,0.6333
10.83886351241477,106.67566625482782,28,36,1.0,16,3,6,1,0.7778
10.765187049751797,106.67550552599072,27,35,1.0,16,3,6,1,0.7714
10.75948437198232,106.6840537511244,21,27,1.0,16,3,6,1,0.7778
10.865229381280963,106.72366973948476,38,49,1.0,16,3,6,1,0.7755
10.72279213640514,106.72808623948244,25,37,0.999301,16,3,6,1,0.6757
10.823400120373712,106.68551227436063,23,32,1.0,16,3,6,1,0.7188
10.756158554057755,106.66631758181126,22,29,1.0,16,3,6,1,0.7586
10.7144382088356,106.73711688366168,27,35,1.0,16,3,6,1,0.7714
10.817236653231737,106.63191539530456,24,35,1.0,16,3,6,1,0.6857
10.772727584493625,106.69804225297564,16,23,0.99506,16,6,6,1,0.6957
10.774028664434528,106.70357076461706,19,28,1.0,16,6,6,1,0.6786
10.752616652291238,106.72509685338922,39,39,1.0,16,6,6,1,1.0
10.745754766198267,106.65326266831876,42,42,1.0,16,6,6,1,1.0
10.94927106740351,106.87196348224562,32,42,1.0,16,6,6,1,0.7619
10.78866360854368,106.695513722289,36,41,1.0,16,6,6,1,0.878
10.801406421807084,106.7114844087968,36,41,1.0,16,6,6,1,0.878
10.843150534972033,106.6151343241409,24,35,1.0,16,6,6,1,0.6857
10.880537767027526,106.81481342866444,53,53,1.0,16,6,6,1,1.0
10.740840166521664,106.61899246873142,34,34,1.0,16,6,6,1,1.0
10.798986343749618,106.7269705664684,45,45,1.0,16,6,6,1,1.0
10.741860769464234,106.73790365482628,45,45,1.0,16,6,6,1,1.0
10.752408891679814,106.7022703818112,27,34,1.0,16,6,6,1,0.7941
10.786216596454729,106.71836665482697,40,40,1.0,16,6,6,1,1.0
10.78948793356203,106.7151883818118,36,36,1.0,16,6,6,1,1.0
10.80223925742187,106.6478722259914,41,41,1.0,16,6,6,1,1.0
10.813928881466124,106.66511432455972,23,33,1.0,16,7,6,1,0.697
10.755608615763382,106.67347943578082,18,27,1.0,16,7,6,1,0.6667
10.782680856341084,106.70051548181168,17,30,1.0,16,7,6,1,0.5667
10.754895139302109,106.67839188181134,23,33,1.0,16,7,6,1,0.697
10.785070445194592,106.68331340921324,17,27,1.0,16,7,6,1,0.6296
10.7549373008113,106.67848844133415,23,33,1.0,16,7,6,1,0.697
10.77898143649726,106.67684447140958,24,34,1.0,16,7,6,1,0.7059
10.7671128283867,106.6927618222887,20,20,1.0,16,7,6,1,1.0
10.77847212665258,106.69389510879644,33,41,1.0,16,7,6,1,0.8049
10.796057790235078,106.67492629345334,23,33,1.0,16,7,6,1,0.697
10.8352982156415,106.72935479345392,35,42,0.99821,16,7,6,1,0.8333
10.777562007197462,106.7041335430398,17,30,1.0,16,7,6,1,0.5667
10.83886351241477,106.67566625482782,27,36,1.0,16,7,6,1,0.75
10.765187049751797,106.67550552599072,24,35,1.0,16,7,6,1,0.6857
10.75948437198232,106.6840537511244,18,27,1.0,16,7,6,1,0.6667
10.865229381280963,106.72366973948476,40,49,1.0,16,7,6,1,0.8163
10.72279213640514,106.72808623948244,25,37,1.0,16,7,6,1,0.6757
10.823400120373712,106.68551227436063,21,31,1.0,16,7,6,1,0.6774
10.756158554057755,106.66631758181126,23,29,1.0,16,7,6,1,0.7931
10.7144382088356,106.73711688366168,27,35,1.0,16,7,6,1,0.7714
10.817236653231737,106.63191539530456,25,35,1.0,16,7,6,1,0.7143
10.772727584493625,106.69804225297564,16,24,0.99506,16,10,6,1,0.6667
10.774028664434528,106.70357076461706,20,27,1.0,16,10,6,1,0.7407
10.752616652291238,106.72509685338922,39,39,1.0,16,10,6,1,1.0
10.745754766198267,106.65326266831876,38,43,1.0,16,10,6,1,0.8837
10.94927106740351,106.87196348224562,42,42,1.0,16,10,6,1,1.0
10.78866360854368,106.695513722289,37,42,1.0,16,10,6,1,0.881
10.801406421807084,106.7114844087968,37,42,1.0,16,10,6,1,0.881
10.843150534972033,106.6151343241409,26,35,1.0,16,10,6,1,0.7429
10.880537767027526,106.81481342866444,53,53,1.0,16,10,6,1,1.0
10.740840166521664,106.61899246873142,34,34,1.0,16,10,6,1,1.0
10.798986343749618,106.7269705664684,45,45,1.0,16,10,6,1,1.0
10.741860769464234,106.73790365482628,45,45,1.0,16,10,6,1,1.0
10.752408891679814,106.7022703818112,25,33,1.0,16,10,6,1,0.7576
10.786216596454729,106.71836665482697,40,40,1.0,16,10,6,1,1.0
10.78948793356203,106.7151883818118,23,36,1.0,16,10,6,1,0.6389
10.80223925742187,106.6478722259914,30,41,1.0,16,10,6,1,0.7317
10.813928881466124,106.66511432455972,23,34,1.0,16,10,6,1,0.6765
10.755608615763382,106.67347943578082,21,28,1.0,16,10,6,1,0.75
10.782680856341084,106.70051548181168,18,30,1.0,16,11,6,1,0.6
10.754895139302109,106.67839188181134,24,32,1.0,16,11,6,1,0.75
10.785070445194592,106.68331340921324,16,27,1.0,16,11,6,1,0.5926
10.7549373008113,106.67848844133415,24,32,1.0,16,11,6,1,0.75
10.77898143649726,106.67684447140958,24,34,1.0,16,11,6,1,0.7059
10.7671128283867,106.6927618222887,14,20,1.0,16,11,6,1,0.7
10.77847212665258,106.69389510879644,32,41,1.0,16,11,6,1,0.7805
10.796057790235078,106.67492629345334,23,34,1.0,16,11,6,1,0.6765
10.8352982156415,106.72935479345392,35,42,0.998682,16,11,6,1,0.8333
10.777562007197462,106.7041335430398,18,30,1.0,16,11,6,1,0.6
10.83886351241477,106.67566625482782,28,36,1.0,16,11,6,1,0.7778
10.765187049751797,106.67550552599072,27,35,1.0,16,11,6,1,0.7714
10.75948437198232,106.6840537511244,21,28,1.0,16,11,6,1,0.75
10.865229381280963,106.72366973948476,38,49,1.0,16,11,6,1,0.7755
10.72279213640514,106.72808623948244,26,37,1.0,16,11,6,1,0.7027
10.823400120373712,106.68551227436063,20,31,1.0,16,11,6,1,0.6452
10.756158554057755,106.66631758181126,23,30,1.0,16,11,6,1,0.7667
10.7144382088356,106.73711688366168,27,35,1.0,16,11,6,1,0.7714
10.817236653231737,106.63191539530456,26,34,1.0,16,11,6,1,0.7647
10.772727584493625,106.69804225297564,17,24,0.993825,16,13,6,1,0.7083
10.774028664434528,106.70357076461706,22,29,1.0,16,13,6,1,0.7586
10.752616652291238,106.72509685338922,36,39,1.0,16,13,6,1,0.9231
10.745754766198267,106.65326266831876,42,42,1.0,16,13,6,1,1.0
10.94927106740351,106.87196348224562,42,42,1.0,16,13,6,1,1.0
10.78866360854368,106.695513722289,36,41,1.0,16,13,6,1,0.878
10.801406421807084,106.7114844087968,36,41,1.0,16,14,6,1,0.878
10.843150534972033,106.6151343241409,26,35,1.0,16,14,6,1,0.7429
10.880537767027526,106.81481342866444,53,53,1.0,16,14,6,1,1.0
10.740840166521664,106.61899246873142,28,35,1.0,16,14,6,1,0.8
10.798986343749618,106.7269705664684,45,45,1.0,16,14,6,1,1.0
10.741860769464234,106.73790365482628,45,45,1.0,16,14,6,1,1.0
10.752408891679814,106.7022703818112,25,33,1.0,16,14,6,1,0.7576
10.786216596454729,106.71836665482697,40,40,1.0,16,14,6,1,1.0
10.78948793356203,106.7151883818118,24,35,1.0,16,14,6,1,0.6857
10.80223925742187,106.6478722259914,41,41,1.0,16,14,6,1,1.0
10.813928881466124,106.66511432455972,23,34,1.0,16,14,6,1,0.6765
10.755608615763382,106.67347943578082,20,28,1.0,16,15,6,1,0.7143
10.782680856341084,106.70051548181168,18,30,1.0,16,15,6,1,0.6
10.754895139302109,106.67839188181134,24,32,1.0,16,15,6,1,0.75
10.785070445194592,106.68331340921324,18,27,1.0,16,15,6,1,0.6667
10.7549373008113,106.67848844133415,24,32,1.0,16,15,6,1,0.75
10.77898143649726,106.67684447140958,24,34,1.0,16,15,6,1,0.7059
10.7671128283867,106.6927618222887,20,20,1.0,16,15,6,1,1.0
10.77847212665258,106.69389510879644,32,41,1.0,16,15,6,1,0.7805
10.796057790235078,106.67492629345334,23,33,1.0,16,15,6,1,0.697
10.8352982156415,106.72935479345392,34,42,0.998382,16,15,6,1,0.8095
10.777562007197462,106.7041335430398,18,30,1.0,16,15,6,1,0.6
10.83886351241477,106.67566625482782,27,36,1.0,16,15,6,1,0.75
10.765187049751797,106.67550552599072,28,35,1.0,16,15,6,1,0.8
10.75948437198232,106.6840537511244,18,27,0.996818,16,16,6,1,0.6667
10.865229381280963,106.72366973948476,39,49,1.0,16,16,6,1,0.7959
10.72279213640514,106.72808623948244,25,37,0.998741,16,16,6,1,0.6757
10.823400120373712,106.68551227436063,23,31,1.0,16,16,6,1,0.7419
10.756158554057755,106.66631758181126,23,30,1.0,16,16,6,1,0.7667
10.7144382088356,106.73711688366168,27,35,1.0,16,16,6,1,0.7714
10.817236653231737,106.63191539530456,25,35,1.0,16,16,6,1,0.7143
10.772727584493625,106.69804225297564,16,25,0.991793,16,18,6,1,0.64
10.774028664434528,106.70357076461706,29,29,1.0,16,18,6,1,1.0
10.752616652291238,106.72509685338922,39,39,1.0,16,18,6,1,1.0
10.745754766198267,106.65326266831876,42,42,1.0,16,18,6,1,1.0
10.94927106740351,106.87196348224562,31,42,1.0,16,18,6,1,0.7381
10.78866360854368,106.695513722289,34,42,1.0,16,18,6,1,0.8095
10.801406421807084,106.7114844087968,34,42,1.0,16,18,6,1,0.8095
10.843150534972033,106.6151343241409,24,35,1.0,16,18,6,1,0.6857
10.880537767027526,106.81481342866444,53,53,1.0,16,18,6,1,1.0
10.740840166521664,106.61899246873142,29,36,1.0,16,18,6,1,0.8056
10.798986343749618,106.7269705664684,45,45,1.0,16,18,6,1,1.0
10.741860769464234,106.73790365482628,45,45,1.0,16,19,6,1,1.0
10.752408891679814,106.7022703818112,25,34,1.0,16,19,6,1,0.7353
10.786216596454729,106.71836665482697,40,40,1.0,16,19,6,1,1.0
10.78948793356203,106.7151883818118,36,36,1.0,16,19,6,1,1.0
10.80223925742187,106.6478722259914,30,41,1.0,16,19,6,1,0.7317
10.813928881466124,106.66511432455972,24,34,0.999236,16,20,6,1,0.7059
10.755608615763382,106.67347943578082,19,27,1.0,16,20,6,1,0.7037
10.782680856341084,106.70051548181168,19,30,1.0,16,20,6,1,0.6333
10.754895139302109,106.67839188181134,23,32,1.0,16,20,6,1,0.7188
10.785070445194592,106.68331340921324,16,27,1.0,16,20,6,1,0.5926
10.7549373008113,106.67848844133415,23,32,1.0,16,20,6,1,0.7188
10.77898143649726,106.67684447140958,25,34,1.0,16,20,6,1,0.7353
10.7671128283867,106.6927618222887,20,20,1.0,16,20,6,1,1.0
10.77847212665258,106.69389510879644,32,41,1.0,16,20,6,1,0.7805
10.796057790235078,106.67492629345334,24,34,0.999236,16,20,6,1,0.7059
10.8352982156415,106.72935479345392,35,42,0.998382,16,20,6,1,0.8333
10.777562007197462,106.7041335430398,18,29,1.0,16,21,6,1,0.6207
10.83886351241477,106.67566625482782,28,36,1.0,16,21,6,1,0.7778
10.765187049751797,106.67550552599072,27,36,1.0,16,21,6,1,0.75
10.75948437198232,106.6840537511244,21,28,0.994219,16,21,6,1,0.75
10.865229381280963,106.72366973948476,38,49,1.0,16,21,6,1,0.7755
10.72279213640514,106.72808623948244,24,37,0.998218,16,21,6,1,0.6486
10.823400120373712,106.68551227436063,23,31,1.0,16,21,6,1,0.7419
10.756158554057755,106.66631758181126,23,30,1.0,16,21,6,1,0.7667
10.7144382088356,106.73711688366168,26,35,1.0,16,21,6,1,0.7429
10.817236653231737,106.63191539530456,24,35,1.0,16,21,6,1,0.6857
10.772727584493625,106.69804225297564,17,24,0.994964,16,23,6,1,0.7083
10.774028664434528,106.70357076461706,17,29,1.0,16,23,6,1,0.5862
10.752616652291238,106.72509685338922,30,38,1.0,16,23,6,1,0.7895
10.745754766198267,106.65326266831876,42,42,1.0,16,23,6,1,1.0
10.94927106740351,106.87196348224562,42,42,1.0,16,24,6,1,1.0
10.78866360854368,106.695513722289,42,42,1.0,16,24,6,1,1.0
10.801406421807084,106.7114844087968,42,42,1.0,16,24,6,1,1.0
10.843150534972033,106.6151343241409,26,35,1.0,16,24,6,1,0.7429
10.880537767027526,106.81481342866444,53,53,1.0,16,24,6,1,1.0
10.740840166521664,106.61899246873142,34,34,1.0,16,24,6,1,1.0
10.798986343749618,106.7269705664684,45,45,1.0,16,24,6,1,1.0
10.741860769464234,106.73790365482628,45,45,1.0,16,24,6,1,1.0
10.752408891679814,106.7022703818112,24,34,1.0,16,24,6,1,0.7059
10.786216596454729,106.71836665482697,40,40,1.0,16,24,6,1,1.0
10.78948793356203,106.7151883818118,36,36,1.0,16,24,6,1,1.0
10.80223925742187,106.6478722259914,30,41,1.0,16,24,6,1,0.7317
10.813928881466124,106.66511432455972,22,34,0.999425,16,24,6,1,0.6471
10.755608615763382,106.67347943578082,20,28,1.0,16,24,6,1,0.7143
10.782680856341084,106.70051548181168,20,30,1.0,16,24,6,1,0.6667
10.754895139302109,106.67839188181134,23,32,1.0,16,24,6,1,0.7188
10.785070445194592,106.68331340921324,18,28,1.0,16,24,6,1,0.6429
10.7549373008113,106.67848844133415,23,32,1.0,16,24,6,1,0.7188
10.77898143649726,106.67684447140958,23,34,1.0,16,24,6,1,0.6765
10.7671128283867,106.6927618222887,11,19,1.0,16,24,6,1,0.5789
10.77847212665258,106.69389510879644,33,42,1.0,16,24,6,1,0.7857
10.796057790235078,106.67492629345334,23,33,1.0,16,24,6,1,0.697
10.8352982156415,106.72935479345392,34,42,0.998204,16,24,6,1,0.8095
10.777562007197462,106.7041335430398,20,30,1.0,16,24,6,1,0.6667
10.83886351241477,106.67566625482782,27,36,1.0,16,24,6,1,0.75
10.765187049751797,106.67550552599072,29,36,1.0,16,24,6,1,0.8056
10.75948437198232,106.6840537511244,20,28,1.0,16,25,6,1,0.7143
10.865229381280963,106.72366973948476,38,49,1.0,16,25,6,1,0.7755
10.72279213640514,106.72808623948244,25,37,0.998019,16,25,6,1,0.6757
10.823400120373712,106.68551227436063,22,32,1.0,16,25,6,1,0.6875
10.756158554057755,106.66631758181126,20,29,1.0,16,25,6,1,0.6897
10.7144382088356,106.73711688366168,27,35,1.0,16,25,6,1,0.7714
10.817236653231737,106.63191539530456,26,35,1.0,16,25,6,1,0.7429
10.772727584493625,106.69804225297564,19,24,0.995598,16,27,6,1,0.7917
10.774028664434528,106.70357076461706,21,29,1.0,16,27,6,1,0.7241
10.752616652291238,106.72509685338922,39,39,1.0,16,27,6,1,1.0
10.745754766198267,106.65326266831876,42,42,1.0,16,27,6,1,1.0
10.94927106740351,106.87196348224562,29,41,1.0,16,27,6,1,0.7073
10.78866360854368,106.695513722289,35,42,1.0,16,27,6,1,0.8333
10.801406421807084,106.7114844087968,35,42,1.0,16,27,6,1,0.8333
10.843150534972033,106.6151343241409,25,34,1.0,16,28,6,1,0.7353
10.880537767027526,106.81481342866444,53,53,1.0,16,28,6,1,1.0
10.740840166521664,106.61899246873142,27,34,1.0,16,28,6,1,0.7941
10.798986343749618,106.7269705664684,45,45,1.0,16,28,6,1,1.0
10.741860769464234,106.73790365482628,45,45,1.0,16,28,6,1,1.0
10.752408891679814,106.7022703818112,25,34,1.0,16,28,6,1,0.7353
10.786216596454729,106.71836665482697,40,40,1.0,16,28,6,1,1.0
10.78948793356203,106.7151883818118,36,36,1.0,16,28,6,1,1.0
10.80223925742187,106.6478722259914,27,41,1.0,16,28,6,1,0.6585
10.813928881466124,106.66511432455972,23,34,1.0,16,28,6,1,0.6765
10.755608615763382,106.67347943578082,20,28,1.0,16,28,6,1,0.7143
10.782680856341084,106.70051548181168,20,31,1.0,16,28,6,1,0.6452
10.754895139302109,106.67839188181134,22,33,1.0,16,28,6,1,0.6667
10.785070445194592,106.68331340921324,17,28,1.0,16,28,6,1,0.6071
10.7549373008113,106.67848844133415,22,33,1.0,16,28,6,1,0.6667
10.77898143649726,106.67684447140958,23,34,1.0,16,29,6,1,0.6765
10.7671128283867,106.6927618222887,20,20,1.0,16,29,6,1,1.0
10.77847212665258,106.69389510879644,32,41,1.0,16,29,6,1,0.7805
10.796057790235078,106.67492629345334,21,34,0.998691,16,29,6,1,0.6176
10.8352982156415,106.72935479345392,34,42,0.998923,16,29,6,1,0.8095
10.777562007197462,106.7041335430398,19,30,1.0,16,29,6,1,0.6333
10.83886351241477,106.67566625482782,29,36,1.0,16,29,6,1,0.8056
10.765187049751797,106.67550552599072,19,35,1.0,16,29,6,1,0.5429
10.75948437198232,106.6840537511244,21,28,0.99684,16,29,6,1,0.75
10.865229381280963,106.72366973948476,37,49,1.0,16,29,6,1,0.7551
10.72279213640514,106.72808623948244,27,37,0.996819,16,29,6,1,0.7297
10.823400120373712,106.68551227436063,23,32,1.0,16,29,6,1,0.7188
10.756158554057755,106.66631758181126,23,29,1.0,16,29,6,1,0.7931
10.7144382088356,106.73711688366168,25,35,1.0,16,29,6,1,0.7143
10.817236653231737,106.63191539530456,26,35,1.0,16,29,6,1,0.7429
10.772727584493625,106.69804225297564,16,24,0.996829,16,32,6,1,0.6667
10.774028664434528,106.70357076461706,14,28,1.0,16,32,6,1,0.5
10.752616652291238,106.72509685338922,39,39,1.0,16,32,6,1,1.0
10.745754766198267,106.65326266831876,42,42,1.0,16,32,6,1,1.0
10.94927106740351,106.87196348224562,27,42,1.0,16,32,6,1,0.6429
10.78866360854368,106.695513722289,36,41,1.0,16,32,6,1,0.878
10.801406421807084,106.7114844087968,36,41,1.0,16,32,6,1,0.878
10.843150534972033,106.6151343241409,25,35,1.0,16,32,6,1,0.7143
10.880537767027526,106.81481342866444,53,53,1.0,16,32,6,1,1.0
10.740840166521664,106.61899246873142,28,35,1.0,16,32,6,1,0.8
10.798986343749618,106.7269705664684,45,45,1.0,16,32,6,1,1.0
10.741860769464234,106.73790365482628,45,45,1.0,16,32,6,1,1.0
10.752408891679814,106.7022703818112,25,34,1.0,16,33,6,1,0.7353
10.786216596454729,106.71836665482697,40,40,1.0,16,33,6,1,1.0
10.78948793356203,106.7151883818118,36,36,1.0,16,33,6,1,1.0
10.80223925742187,106.6478722259914,41,41,1.0,16,33,6,1,1.0
10.813928881466124,106.66511432455972,22,33,1.0,16,33,6,1,0.6667
10.755608615763382,106.67347943578082,22,28,1.0,16,33,6,1,0.7857
10.782680856341084,106.70051548181168,18,30,1.0,16,33,6,1,0.6
10.754895139302109,106.67839188181134,22,32,1.0,16,33,6,1,0.6875
10.785070445194592,106.68331340921324,14,28,1.0,16,33,6,1,0.5
10.7549373008113,106.67848844133415,22,32,1.0,16,33,6,1,0.6875
10.77898143649726,106.67684447140958,24,34,1.0,16,33,6,1,0.7059
10.7671128283867,106.6927618222887,13,19,1.0,16,33,6,1,0.6842
10.77847212665258,106.69389510879644,32,42,1.0,16,33,6,1,0.7619
10.796057790235078,106.67492629345334,24,33,1.0,16,33,6,1,0.7273
10.8352982156415,106.72935479345392,42,42,1.0,16,34,6,1,1.0
10.777562007197462,106.7041335430398,18,30,1.0,16,34,6,1,0.6
10.83886351241477,106.67566625482782,28,36,1.0,16,34,6,1,0.7778
10.765187049751797,106.67550552599072,24,35,1.0,16,34,6,1,0.6857
10.75948437198232,106.6840537511244,21,28,0.996852,16,34,6,1,0.75
10.865229381280963,106.72366973948476,37,49,1.0,16,34,6,1,0.7551
10.72279213640514,106.72808623948244,27,36,0.995795,16,34,6,1,0.75
10.823400120373712,106.68551227436063,25,31,1.0,16,34,6,1,0.8065
10.756158554057755,106.66631758181126,22,30,1.0,16,34,6,1,0.7333
10.7144382088356,106.73711688366168,26,35,1.0,16,34,6,1,0.7429
10.817236653231737,106.63191539530456,25,35,1.0,16,34,6,1,0.7143
10.772727584493625,106.69804225297564,14,24,0.998732,16,36,6,1,0.5833
10.774028664434528,106.70357076461706,20,28,1.0,16,36,6,1,0.7143
10.752616652291238,106.72509685338922,39,39,1.0,16,36,6,1,1.0
10.745754766198267,106.65326266831876,42,42,1.0,16,36,6,1,1.0
10.94927106740351,106.87196348224562,28,42,1.0,16,36,6,1,0.6667
10.78866360854368,106.695513722289,34,41,1.0,16,36,6,1,0.8293
10.801406421807084,106.7114844087968,34,41,1.0,16,36,6,1,0.8293
10.843150534972033,106.6151343241409,25,35,1.0,16,36,6,1,0.7143
10.880537767027526,106.81481342866444,53,53,1.0,16,36,6,1,1.0
10.740840166521664,106.61899246873142,27,35,1.0,16,36,6,1,0.7714
10.798986343749618,106.7269705664684,45,45,1.0,16,36,6,1,1.0
10.741860769464234,106.73790365482628,45,45,1.0,16,37,6,1,1.0
10.752408891679814,106.7022703818112,22,33,1.0,16,37,6,1,0.6667
10.786216596454729,106.71836665482697,40,40,1.0,16,37,6,1,1.0
10.78948793356203,106.7151883818118,36,36,1.0,16,37,6,1,1.0
10.80223925742187,106.6478722259914,31,41,1.0,16,37,6,1,0.7561
10.813928881466124,106.66511432455972,21,34,1.0,16,37,6,1,0.6176
10.755608615763382,106.67347943578082,20,28,0.997894,16,37,6,1,0.7143
10.782680856341084,106.70051548181168,19,30,1.0,16,37,6,1,0.6333
10.754895139302109,106.67839188181134,23,32,1.0,16,37,6,1,0.7188
10.785070445194592,106.68331340921324,15,26,1.0,16,37,6,1,0.5769
10.7549373008113,106.67848844133415,21,32,1.0,16,37,6,1,0.6562
10.77898143649726,106.67684447140958,23,35,1.0,16,37,6,1,0.6571
10.7671128283867,106.6927618222887,14,20,1.0,16,37,6,1,0.7
10.77847212665258,106.69389510879644,32,41,1.0,16,37,6,1,0.7805
10.796057790235078,106.67492629345334,22,34,1.0,16,37,6,1,0.6471
10.8352982156415,106.72935479345392,36,42,0.998536,16,37,6,1,0.8571
10.777562007197462,106.7041335430398,18,30,1.0,16,37,6,1,0.6
10.83886351241477,106.67566625482782,27,36,1.0,16,37,6,1,0.75
10.765187049751797,106.67550552599072,25,36,1.0,16,37,6,1,0.6944
10.75948437198232,106.6840537511244,19,28,1.0,16,37,6,1,0.6786
10.865229381280963,106.72366973948476,37,49,1.0,16,37,6,1,0.7551
10.72279213640514,106.72808623948244,27,37,0.997445,16,37,6,1,0.7297
10.823400120373712,106.68551227436063,22,31,1.0,16,37,6,1,0.7097
10.756158554057755,106.66631758181126,20,30,1.0,16,38,6,1,0.6667
10.7144382088356,106.73711688366168,25,35,1.0,16,38,6,1,0.7143
10.817236653231737,106.63191539530456,25,35,1.0,16,38,6,1,0.7143
10.772727584493625,106.69804225297564,13,24,0.998765,16,40,6,1,0.5417
10.774028664434528,106.70357076461706,20,28,1.0,16,40,6,1,0.7143
10.752616652291238,106.72509685338922,31,40,1.0,16,40,6,1,0.775
10.745754766198267,106.65326266831876,42,42,1.0,16,40,6,1,1.0
10.94927106740351,106.87196348224562,35,41,1.0,16,40,6,1,0.8537
10.78866360854368,106.695513722289,35,42,1.0,16,40,6,1,0.8333
10.801406421807084,106.7114844087968,35,42,1.0,16,40,6,1,0.8333
10.843150534972033,106.6151343241409,26,34,1.0,16,40,6,1,0.7647
10.880537767027526,106.81481342866444,53,53,1.0,16,41,6,1,1.0
10.740840166521664,106.61899246873142,27,35,1.0,16,41,6,1,0.7714
10.798986343749618,106.7269705664684,45,45,1.0,16,41,6,1,1.0
10.741860769464234,106.73790365482628,45,45,1.0,16,41,6,1,1.0
10.752408891679814,106.7022703818112,21,34,1.0,16,41,6,1,0.6176
10.786216596454729,106.71836665482697,40,40,1.0,16,41,6,1,1.0
10.78948793356203,106.7151883818118,36,36,1.0,16,41,6,1,1.0
10.80223925742187,106.6478722259914,31,41,1.0,16,41,6,1,0.7561
10.813928881466124,106.66511432455972,23,34,0.999713,16,41,6,1,0.6765
10.755608615763382,106.67347943578082,14,27,0.996829,16,41,6,1,0.5185
10.782680856341084,106.70051548181168,19,30,1.0,16,41,6,1,0.6333
10.754895139302109,106.67839188181134,22,32,1.0,16,41,6,1,0.6875
10.785070445194592,106.68331340921324,19,28,1.0,16,41,6,1,0.6786
10.7549373008113,106.67848844133415,22,32,1.0,16,41,6,1,0.6875
10.77898143649726,106.67684447140958,23,34,1.0,16,41,6,1,0.6765
10.7671128283867,106.6927618222887,20,20,1.0,16,42,6,1,1.0
10.77847212665258,106.69389510879644,32,41,1.0,16,42,6,1,0.7805
10.796057790235078,106.67492629345334,23,34,0.999713,16,42,6,1,0.6765
10.8352982156415,106.72935479345392,34,42,0.997799,16,42,6,1,0.8095
10.777562007197462,106.7041335430398,19,30,1.0,16,42,6,1,0.6333
10.83886351241477,106.67566625482782,28,35,1.0,16,42,6,1,0.8
10.765187049751797,106.67550552599072,25,35,1.0,16,42,6,1,0.7143
10.75948437198232,106.6840537511244,14,27,0.996829,16,42,6,1,0.5185
10.865229381280963,106.72366973948476,38,49,1.0,16,42,6,1,0.7755
10.72279213640514,106.72808623948244,26,37,0.997703,16,42,6,1,0.7027
10.823400120373712,106.68551227436063,24,32,1.0,16,42,6,1,0.75
10.756158554057755,106.66631758181126,22,29,1.0,16,42,6,1,0.7586
10.7144382088356,106.73711688366168,26,35,1.0,16,42,6,1,0.7429
10.817236653231737,106.63191539530456,27,35,1.0,16,42,6,1,0.7714
10.772727584493625,106.69804225297564,14,24,0.998765,16,44,6,1,0.5833
10.774028664434528,106.70357076461706,22,28,1.0,16,44,6,1,0.7857
10.752616652291238,106.72509685338922,32,39,1.0,16,44,6,1,0.8205
10.745754766198267,106.65326266831876,36,43,1.0,16,44,6,1,0.8372
10.94927106740351,106.87196348224562,33,42,1.0,16,45,6,1,0.7857
10.78866360854368,106.695513722289,34,42,1.0,16,45,6,1,0.8095
10.801406421807084,106.7114844087968,34,42,1.0,16,45,6,1,0.8095
10.843150534972033,106.6151343241409,26,35,1.0,16,45,6,1,0.7429
10.880537767027526,106.81481342866444,53,53,1.0,16,45,6,1,1.0
10.740840166521664,106.61899246873142,27,35,1.0,16,45,6,1,0.7714
10.798986343749618,106.7269705664684,45,45,1.0,16,45,6,1,1.0
10.741860769464234,106.73790365482628,45,45,1.0,16,45,6,1,1.0
10.752408891679814,106.7022703818112,22,33,1.0,16,45,6,1,0.6667
10.786216596454729,106.71836665482697,40,40,1.0,16,45,6,1,1.0
10.78948793356203,106.7151883818118,36,36,1.0,16,45,6,1,1.0
10.80223925742187,106.6478722259914,30,40,1.0,16,45,6,1,0.75
10.813928881466124,106.66511432455972,21,34,0.998979,16,45,6,1,0.6176
10.755608615763382,106.67347943578082,18,27,0.997938,16,45,6,1,0.6667
10.782680856341084,106.70051548181168,18,30,1.0,16,45,6,1,0.6
10.754895139302109,106.67839188181134,24,33,1.0,16,45,6,1,0.7273
10.785070445194592,106.68331340921324,14,27,1.0,16,45,6,1,0.5185
10.7549373008113,106.67848844133415,24,33,1.0,16,45,6,1,0.7273
10.77898143649726,106.67684447140958,23,34,1.0,16,45,6,1,0.6765
10.7671128283867,106.6927618222887,20,20,1.0,16,45,6,1,1.0
10.77847212665258,106.69389510879644,32,41,1.0,16,45,6,1,0.7805
10.796057790235078,106.67492629345334,21,34,0.998979,16,45,6,1,0.6176
10.8352982156415,106.72935479345392,35,42,0.997835,16,45,6,1,0.8333
10.777562007197462,106.7041335430398,20,30,1.0,16,45,6,1,0.6667
10.83886351241477,106.67566625482782,28,36,1.0,16,45,6,1,0.7778
10.765187049751797,106.67550552599072,26,36,1.0,16,45,6,1,0.7222
10.75948437198232,106.6840537511244,20,27,0.995883,16,45,6,1,0.7407
10.865229381280963,106.72366973948476,38,49,1.0,16,45,6,1,0.7755
10.72279213640514,106.72808623948244,25,37,0.998088,16,45,6,1,0.6757
10.823400120373712,106.68551227436063,25,32,1.0,16,45,6,1,0.7812
10.756158554057755,106.66631758181126,19,29,1.0,16,45,6,1,0.6552
10.7144382088356,106.73711688366168,24,36,1.0,16,46,6,1,0.6667
10.817236653231737,106.63191539530456,26,34,1.0,16,46,6,1,0.7647
10.772727584493625,106.69804225297564,13,24,0.998765,16,48,6,1,0.5417
10.774028664434528,106.70357076461706,23,29,1.0,16,48,6,1,0.7931
10.752616652291238,106.72509685338922,33,39,1.0,16,48,6,1,0.8462
10.745754766198267,106.65326266831876,42,42,1.0,16,48,6,1,1.0
10.94927106740351,106.87196348224562,30,42,1.0,16,48,6,1,0.7143
10.78866360854368,106.695513722289,35,42,1.0,16,48,6,1,0.8333
10.801406421807084,106.7114844087968,35,42,1.0,16,48,6,1,0.8333
10.843150534972033,106.6151343241409,25,35,1.0,16,48,6,1,0.7143
10.880537767027526,106.81481342866444,53,53,1.0,16,48,6,1,1.0
10.740840166521664,106.61899246873142,28,35,1.0,16,48,6,1,0.8
10.798986343749618,106.7269705664684,45,45,1.0,16,48,6,1,1.0
10.741860769464234,106.73790365482628,45,45,1.0,16,48,6,1,1.0
10.752408891679814,106.7022703818112,23,34,1.0,16,48,6,1,0.6765
10.786216596454729,106.71836665482697,40,40,1.0,16,48,6,1,1.0
10.78948793356203,106.7151883818118,36,36,1.0,16,48,6,1,1.0
10.80223925742187,106.6478722259914,31,41,1.0,16,48,6,1,0.7561
10.813928881466124,106.66511432455972,21,33,0.998691,16,48,6,1,0.6364
10.755608615763382,106.67347943578082,18,27,0.995039,16,49,6,1,0.6667
10.782680856341084,106.70051548181168,19,30,1.0,16,49,6,1,0.6333
10.754895139302109,106.67839188181134,22,32,1.0,16,49,6,1,0.6875
10.785070445194592,106.68331340921324,16,27,1.0,16,49,6,1,0.5926
10.7549373008113,106.67848844133415,22,32,1.0,16,49,6,1,0.6875
10.77898143649726,106.67684447140958,24,35,1.0,16,49,6,1,0.6857
10.7671128283867,106.6927618222887,15,19,1.0,16,49,6,1,0.7895
10.77847212665258,106.69389510879644,32,41,1.0,16,49,6,1,0.7805
10.796057790235078,106.67492629345334,21,33,0.998691,16,49,6,1,0.6364
10.8352982156415,106.72935479345392,36,42,0.998164,16,49,6,1,0.8571
10.777562007197462,106.7041335430398,18,30,1.0,16,49,6,1,0.6
10.83886351241477,106.67566625482782,26,36,1.0,16,49,6,1,0.7222
10.765187049751797,106.67550552599072,23,36,1.0,16,49,6,1,0.6389
10.75948437198232,106.6840537511244,19,28,0.994677,16,49,6,1,0.6786
10.865229381280963,106.72366973948476,37,49,1.0,16,49,6,1,0.7551
10.72279213640514,106.72808623948244,25,36,0.997647,16,49,6,1,0.6944
10.823400120373712,106.68551227436063,21,32,1.0,16,49,6,1,0.6562
10.756158554057755,106.66631758181126,17,29,1.0,16,49,6,1,0.5862
10.7144382088356,106.73711688366168,26,35,1.0,16,49,6,1,0.7429
10.817236653231737,106.63191539530456,25,35,1.0,16,50,6,1,0.7143
10.772727584493625,106.69804225297564,15,24,0.998765,16,52,6,1,0.625
10.774028664434528,106.70357076461706,19,28,1.0,16,52,6,1,0.6786
10.752616652291238,106.72509685338922,39,39,1.0,16,52,6,1,1.0
10.745754766198267,106.65326266831876,42,42,1.0,16,52,6,1,1.0
10.94927106740351,106.87196348224562,28,42,1.0,16,52,6,1,0.6667
10.78866360854368,106.695513722289,34,42,1.0,16,52,6,1,0.8095
10.801406421807084,106.7114844087968,34,42,1.0,16,52,6,1,0.8095
10.843150534972033,106.6151343241409,25,35,1.0,16,52,6,1,0.7143
10.880537767027526,106.81481342866444,53,53,1.0,16,53,6,1,1.0
10.740840166521664,106.61899246873142,28,35,1.0,16,53,6,1,0.8
10.798986343749618,106.7269705664684,45,45,1.0,16,53,6,1,1.0
10.741860769464234,106.73790365482628,45,45,1.0,16,53,6,1,1.0
10.752408891679814,106.7022703818112,24,34,1.0,16,53,6,1,0.7059
10.786216596454729,106.71836665482697,35,39,1.0,16,53,6,1,0.8974
10.78948793356203,106.7151883818118,28,35,1.0,16,53,6,1,0.8
10.80223925742187,106.6478722259914,31,40,1.0,16,53,6,1,0.775
10.813928881466124,106.66511432455972,22,34,0.998979,16,53,6,1,0.6471
10.755608615763382,106.67347943578082,20,28,0.996173,16,53,6,1,0.7143
10.782680856341084,106.70051548181168,18,30,1.0,16,53,6,1,0.6
10.754895139302109,106.67839188181134,23,33,1.0,16,53,6,1,0.697
10.785070445194592,106.68331340921324,17,28,1.0,16,53,6,1,0.6071
10.7549373008113,106.67848844133415,23,33,1.0,16,53,6,1,0.697
10.77898143649726,106.67684447140958,21,34,1.0,16,53,6,1,0.6176
10.7671128283867,106.6927618222887,13,19,1.0,16,53,6,1,0.6842
10.77847212665258,106.69389510879644,31,41,1.0,16,53,6,1,0.7561
10.796057790235078,106.67492629345334,24,34,1.0,16,53,6,1,0.7059
10.8352982156415,106.72935479345392,34,42,0.997465,16,53,6,1,0.8095
10.777562007197462,106.7041335430398,19,30,1.0,16,53,6,1,0.6333
10.83886351241477,106.67566625482782,27,35,1.0,16,53,6,1,0.7714
10.765187049751797,106.67550552599072,22,35,1.0,16,53,6,1,0.6286
10.75948437198232,106.6840537511244,20,28,1.0,16,53,6,1,0.7143
10.865229381280963,106.72366973948476,37,49,1.0,16,53,6,1,0.7551
10.72279213640514,106.72808623948244,25,37,0.996807,16,53,6,1,0.6757
10.823400120373712,106.68551227436063,22,32,1.0,16,54,6,1,0.6875
10.756158554057755,106.66631758181126,23,29,1.0,16,54,6,1,0.7931
10.7144382088356,106.73711688366168,26,35,1.0,16,54,6,1,0.7429
10.817236653231737,106.63191539530456,25,35,1.0,16,54,6,1,0.7143
10.772727584493625,106.69804225297564,15,24,0.998765,16,56,6,1,0.625
10.774028664434528,106.70357076461706,22,29,1.0,16,56,6,1,0.7586
10.752616652291238,106.72509685338922,39,39,1.0,16,56,6,1,1.0
10.745754766198267,106.65326266831876,38,43,1.0,16,56,6,1,0.8837
10.94927106740351,106.87196348224562,34,41,1.0,16,56,6,1,0.8293
10.78866360854368,106.695513722289,35,42,1.0,16,56,6,1,0.8333
10.801406421807084,106.7114844087968,35,42,1.0,16,56,6,1,0.8333
10.843150534972033,106.6151343241409,24,34,1.0,16,56,6,1,0.7059
10.880537767027526,106.81481342866444,53,53,1.0,16,57,6,1,1.0
10.740840166521664,106.61899246873142,27,35,1.0,16,57,6,1,0.7714
10.798986343749618,106.7269705664684,45,45,1.0,16,57,6,1,1.0
10.741860769464234,106.73790365482628,45,45,1.0,16,57,6,1,1.0
10.752408891679814,106.7022703818112,21,34,1.0,16,57,6,1,0.6176
10.786216596454729,106.71836665482697,40,40,1.0,16,57,6,1,1.0
10.78948793356203,106.7151883818118,36,36,1.0,16,57,6,1,1.0
10.80223925742187,106.6478722259914,28,40,1.0,16,57,6,1,0.7
10.813928881466124,106.66511432455972,24,34,1.0,16,57,6,1,0.7059
10.755608615763382,106.67347943578082,17,27,0.995814,16,57,6,1,0.6296
10.782680856341084,106.70051548181168,19,30,1.0,16,57,6,1,0.6333
10.754895139302109,106.67839188181134,21,32,1.0,16,57,6,1,0.6562
10.785070445194592,106.68331340921324,18,28,1.0,16,57,6,1,0.6429
10.7549373008113,106.67848844133415,21,32,1.0,16,57,6,1,0.6562
10.77898143649726,106.67684447140958,22,34,1.0,16,57,6,1,0.6471
10.7671128283867,106.6927618222887,16,20,1.0,16,57,6,1,0.8
10.77847212665258,106.69389510879644,32,41,1.0,16,57,6,1,0.7805
10.796057790235078,106.67492629345334,24,34,1.0,16,57,6,1,0.7059
10.8352982156415,106.72935479345392,42,42,1.0,16,58,6,1,1.0
10.777562007197462,106.7041335430398,19,30,1.0,16,58,6,1,0.6333
10.83886351241477,106.67566625482782,28,36,1.0,16,58,6,1,0.7778
10.765187049751797,106.67550552599072,28,36,1.0,16,58,6,1,0.7778
10.75948437198232,106.6840537511244,17,27,0.995814,16,58,6,1,0.6296
10.865229381280963,106.72366973948476,37,49,1.0,16,58,6,1,0.7551
10.72279213640514,106.72808623948244,24,36,0.997702,16,58,6,1,0.6667
10.823400120373712,106.68551227436063,21,32,1.0,16,58,6,1,0.6562
10.756158554057755,106.66631758181126,23,29,1.0,16,58,6,1,0.7931
10.7144382088356,106.73711688366168,25,35,1.0,16,58,6,1,0.7143
10.817236653231737,106.63191539530456,25,35,1.0,16,58,6,1,0.7143
10.772727584493625,106.69804225297564,13,24,0.998765,17,0,6,1,0.5417
10.774028664434528,106.70357076461706,19,28,1.0,17,0,6,1,0.6786
10.752616652291238,106.72509685338922,39,39,1.0,17,0,6,1,1.0
10.745754766198267,106.65326266831876,38,43,1.0,17,0,6,1,0.8837
10.94927106740351,106.87196348224562,28,41,1.0,17,0,6,1,0.6829
10.78866360854368,106.695513722289,34,41,1.0,17,0,6,1,0.8293
10.801406421807084,106.7114844087968,34,41,1.0,17,0,6,1,0.8293
10.843150534972033,106.6151343241409,25,35,1.0,17,0,6,1,0.7143
10.880537767027526,106.81481342866444,53,53,1.0,17,1,6,1,1.0
10.740840166521664,106.61899246873142,27,36,1.0,17,1,6,1,0.75
10.798986343749618,106.7269705664684,45,45,1.0,17,1,6,1,1.0
10.741860769464234,106.73790365482628,45,45,1.0,17,1,6,1,1.0
10.752408891679814,106.7022703818112,23,34,1.0,17,1,6,1,0.6765
10.786216596454729,106.71836665482697,31,40,1.0,17,1,6,1,0.775
10.78948793356203,106.7151883818118,22,34,1.0,17,1,6,1,0.6471
10.80223925742187,106.6478722259914,28,41,1.0,17,1,6,1,0.6829
10.813928881466124,106.66511432455972,23,33,0.999528,17,1,6,1,0.697
10.755608615763382,106.67347943578082,18,27,1.0,17,1,6,1,0.6667
10.782680856341084,106.70051548181168,18,30,1.0,17,1,6,1,0.6
10.754895139302109,106.67839188181134,22,33,1.0,17,1,6,1,0.6667
10.785070445194592,106.68331340921324,19,27,1.0,17,1,6,1,0.7037
10.7549373008113,106.67848844133415,22,33,1.0,17,1,6,1,0.6667
10.77898143649726,106.67684447140958,23,34,1.0,17,1,6,1,0.6765
10.7671128283867,106.6927618222887,20,20,1.0,17,1,6,1,1.0
10.77847212665258,106.69389510879644,31,42,1.0,17,1,6,1,0.7381
10.796057790235078,106.67492629345334,23,33,0.999528,17,1,6,1,0.697
10.8352982156415,106.72935479345392,36,42,0.997677,17,2,6,1,0.8571
10.777562007197462,106.7041335430398,18,30,1.0,17,2,6,1,0.6
10.83886351241477,106.67566625482782,26,36,1.0,17,2,6,1,0.7222
10.765187049751797,106.67550552599072,27,36,1.0,17,2,6,1,0.75
10.75948437198232,106.6840537511244,19,28,0.996852,17,2,6,1,0.6786
10.865229381280963,106.72366973948476,36,49,1.0,17,2,6,1,0.7347
10.72279213640514,106.72808623948244,25,36,0.997961,17,2,6,1,0.6944
10.823400120373712,106.68551227436063,23,32,1.0,17,2,6,1,0.7188
10.756158554057755,106.66631758181126,23,29,1.0,17,2,6,1,0.7931
10.7144382088356,106.73711688366168,24,35,1.0,17,2,6,1,0.6857
10.817236653231737,106.63191539530456,25,35,1.0,17,2,6,1,0.7143
10.772727584493625,106.69804225297564,13,25,0.99753,17,4,6,1,0.52
10.774028664434528,106.70357076461706,17,27,1.0,17,4,6,1,0.6296
10.752616652291238,106.72509685338922,39,39,1.0,17,4,6,1,1.0
10.745754766198267,106.65326266831876,38,43,0.999762,17,4,6,1,0.8837
10.94927106740351,106.87196348224562,25,42,1.0,17,5,6,1,0.5952
10.78866360854368,106.695513722289,35,41,1.0,17,5,6,1,0.8537
10.801406421807084,106.7114844087968,35,41,1.0,17,5,6,1,0.8537
10.843150534972033,106.6151343241409,25,35,1.0,17,5,6,1,0.7143
10.880537767027526,106.81481342866444,53,53,1.0,17,5,6,1,1.0
10.740840166521664,106.61899246873142,29,35,1.0,17,5,6,1,0.8286
10.798986343749618,106.7269705664684,45,45,1.0,17,5,6,1,1.0
10.741860769464234,106.73790365482628,45,45,1.0,17,5,6,1,1.0
10.752408891679814,106.7022703818112,21,33,1.0,17,5,6,1,0.6364
10.786216596454729,106.71836665482697,40,40,1.0,17,5,6,1,1.0
10.78948793356203,106.7151883818118,27,36,1.0,17,5,6,1,0.75
10.80223925742187,106.6478722259914,31,41,1.0,17,5,6,1,0.7561
10.813928881466124,106.66511432455972,21,34,1.0,17,5,6,1,0.6176
10.755608615763382,106.67347943578082,18,28,0.996852,17,5,6,1,0.6429
10.782680856341084,106.70051548181168,17,30,1.0,17,5,6,1,0.5667
10.754895139302109,106.67839188181134,22,32,1.0,17,5,6,1,0.6875
10.785070445194592,106.68331340921324,18,27,1.0,17,5,6,1,0.6667
10.7549373008113,106.67848844133415,22,32,1.0,17,5,6,1,0.6875
10.77898143649726,106.67684447140958,23,34,1.0,17,6,6,1,0.6765
10.7671128283867,106.6927618222887,20,20,1.0,17,6,6,1,1.0
10.77847212665258,106.69389510879644,32,41,1.0,17,6,6,1,0.7805
10.796057790235078,106.67492629345334,21,34,1.0,17,6,6,1,0.6176
10.8352982156415,106.72935479345392,35,42,0.9973,17,6,6,1,0.8333
10.777562007197462,106.7041335430398,18,30,1.0,17,6,6,1,0.6
10.83886351241477,106.67566625482782,26,36,1.0,17,6,6,1,0.7222
10.765187049751797,106.67550552599072,27,35,1.0,17,6,6,1,0.7714
10.75948437198232,106.6840537511244,19,27,0.996852,17,6,6,1,0.7037
10.865229381280963,106.72366973948476,37,49,1.0,17,6,6,1,0.7551
10.72279213640514,106.72808623948244,25,37,0.99837,17,6,6,1,0.6757
10.823400120373712,106.68551227436063,18,31,1.0,17,6,6,1,0.5806
10.756158554057755,106.66631758181126,23,30,1.0,17,6,6,1,0.7667
10.7144382088356,106.73711688366168,24,35,1.0,17,6,6,1,0.6857
10.817236653231737,106.63191539530456,25,35,1.0,17,6,6,1,0.7143
10.772727584493625,106.69804225297564,13,24,1.0,17,40,6,1,0.5417
10.774028664434528,106.70357076461706,17,28,1.0,17,40,6,1,0.6071
10.752616652291238,106.72509685338922,39,39,1.0,17,40,6,1,1.0
10.745754766198267,106.65326266831876,36,42,1.0,17,40,6,1,0.8571
10.94927106740351,106.87196348224562,30,41,1.0,17,40,6,1,0.7317
10.78866360854368,106.695513722289,33,42,1.0,17,40,6,1,0.7857
10.801406421807084,106.7114844087968,33,42,1.0,17,40,6,1,0.7857
10.843150534972033,106.6151343241409,22,35,1.0,17,40,6,1,0.6286
10.880537767027526,106.81481342866444,53,53,1.0,17,41,6,1,1.0
10.740840166521664,106.61899246873142,25,35,1.0,17,41,6,1,0.7143
10.798986343749618,106.7269705664684,45,45,1.0,17,41,6,1,1.0
10.741860769464234,106.73790365482628,45,45,1.0,17,41,6,1,1.0
10.752408891679814,106.7022703818112,22,33,1.0,17,41,6,1,0.6667
10.786216596454729,106.71836665482697,40,40,1.0,17,41,6,1,1.0
10.78948793356203,106.7151883818118,25,35,1.0,17,41,6,1,0.7143
10.80223925742187,106.6478722259914,26,41,1.0,17,41,6,1,0.6341
10.813928881466124,106.66511432455972,23,34,0.999528,17,41,6,1,0.6765
10.755608615763382,106.67347943578082,17,27,1.0,17,41,6,1,0.6296
10.782680856341084,106.70051548181168,18,30,1.0,17,41,6,1,0.6
10.754895139302109,106.67839188181134,21,33,1.0,17,41,6,1,0.6364
10.785070445194592,106.68331340921324,14,27,1.0,17,41,6,1,0.5185
10.7549373008113,106.67848844133415,21,33,1.0,17,41,6,1,0.6364
10.77898143649726,106.67684447140958,21,34,1.0,17,41,6,1,0.6176
10.7671128283867,106.6927618222887,14,19,1.0,17,41,6,1,0.7368
10.77847212665258,106.69389510879644,31,41,1.0,17,41,6,1,0.7561
10.796057790235078,106.67492629345334,22,34,1.0,17,41,6,1,0.6471
10.8352982156415,106.72935479345392,33,42,0.99688,17,41,6,1,0.7857
10.777562007197462,106.7041335430398,18,30,1.0,17,41,6,1,0.6
10.83886351241477,106.67566625482782,24,35,1.0,17,41,6,1,0.6857
10.765187049751797,106.67550552599072,25,35,1.0,17,41,6,1,0.7143
10.75948437198232,106.6840537511244,17,27,1.0,17,41,6,1,0.6296
10.865229381280963,106.72366973948476,37,49,1.0,17,41,6,1,0.7551
10.72279213640514,106.72808623948244,25,37,1.0,17,41,6,1,0.6757
10.823400120373712,106.68551227436063,21,31,1.0,17,41,6,1,0.6774
10.756158554057755,106.66631758181126,21,29,1.0,17,42,6,1,0.7241
10.7144382088356,106.73711688366168,23,35,1.0,17,42,6,1,0.6571
10.817236653231737,106.63191539530456,24,34,1.0,17,42,6,1,0.7059
10.772727584493625,106.69804225297564,13,25,0.998765,17,44,6,1,0.52
10.774028664434528,106.70357076461706,20,28,1.0,17,44,6,1,0.7143
10.752616652291238,106.72509685338922,33,40,1.0,17,44,6,1,0.825
10.745754766198267,106.65326266831876,42,42,1.0,17,44,6,1,1.0
10.94927106740351,106.87196348224562,30,41,1.0,17,44,6,1,0.7317
10.78866360854368,106.695513722289,32,41,1.0,17,44,6,1,0.7805
10.801406421807084,106.7114844087968,32,41,1.0,17,44,6,1,0.7805
10.843150534972033,106.6151343241409,24,35,1.0,17,44,6,1,0.6857
10.880537767027526,106.81481342866444,53,53,1.0,17,44,6,1,1.0
10.740840166521664,106.61899246873142,25,35,1.0,17,45,6,1,0.7143
10.798986343749618,106.7269705664684,45,45,1.0,17,45,6,1,1.0
10.741860769464234,106.73790365482628,45,45,1.0,17,45,6,1,1.0
10.752408891679814,106.7022703818112,20,33,1.0,17,45,6,1,0.6061
10.786216596454729,106.71836665482697,40,40,1.0,17,45,6,1,1.0
10.78948793356203,106.7151883818118,36,36,1.0,17,45,6,1,1.0
10.80223925742187,106.6478722259914,29,40,1.0,17,45,6,1,0.725
10.813928881466124,106.66511432455972,23,34,1.0,17,45,6,1,0.6765
10.755608615763382,106.67347943578082,19,27,1.0,17,45,6,1,0.7037
10.782680856341084,106.70051548181168,17,30,1.0,17,45,6,1,0.5667
10.754895139302109,106.67839188181134,20,32,1.0,17,45,6,1,0.625
10.785070445194592,106.68331340921324,16,28,1.0,17,45,6,1,0.5714
10.7549373008113,106.67848844133415,20,32,1.0,17,45,6,1,0.625
10.77898143649726,106.67684447140958,22,34,1.0,17,45,6,1,0.6471
10.7671128283867,106.6927618222887,14,20,1.0,17,45,6,1,0.7
10.77847212665258,106.69389510879644,30,41,1.0,17,45,6,1,0.7317
10.796057790235078,106.67492629345334,23,34,1.0,17,45,6,1,0.6765
10.8352982156415,106.72935479345392,32,42,0.996706,17,45,6,1,0.7619
10.777562007197462,106.7041335430398,17,30,1.0,17,45,6,1,0.5667
10.83886351241477,106.67566625482782,24,36,1.0,17,45,6,1,0.6667
10.765187049751797,106.67550552599072,25,36,1.0,17,46,6,1,0.6944
10.75948437198232,106.6840537511244,17,27,1.0,17,46,6,1,0.6296
10.865229381280963,106.72366973948476,35,48,1.0,17,46,6,1,0.7292
10.72279213640514,106.72808623948244,24,37,1.0,17,46,6,1,0.6486
10.823400120373712,106.68551227436063,19,32,1.0,17,46,6,1,0.5938
10.756158554057755,106.66631758181126,20,29,1.0,17,46,6,1,0.6897
10.7144382088356,106.73711688366168,22,35,1.0,17,46,6,1,0.6286
10.817236653231737,106.63191539530456,24,35,1.0,17,46,6,1,0.6857
10.772727584493625,106.69804225297564,12,24,0.998765,17,48,6,1,0.5
10.774028664434528,106.70357076461706,13,27,1.0,17,48,6,1,0.4815
10.752616652291238,106.72509685338922,32,38,1.0,17,48,6,1,0.8421
10.745754766198267,106.65326266831876,42,42,1.0,17,48,6,1,1.0
10.94927106740351,106.87196348224562,29,42,1.0,17,48,6,1,0.6905
10.78866360854368,106.695513722289,33,42,1.0,17,48,6,1,0.7857
10.801406421807084,106.7114844087968,33,42,1.0,17,48,6,1,0.7857
10.843150534972033,106.6151343241409,23,35,1.0,17,48,6,1,0.6571
10.880537767027526,106.81481342866444,53,53,1.0,17,48,6,1,1.0
10.740840166521664,106.61899246873142,25,35,1.0,17,48,6,1,0.7143
10.798986343749618,106.7269705664684,45,45,1.0,17,49,6,1,1.0
10.741860769464234,106.73790365482628,45,45,1.0,17,49,6,1,1.0
10.752408891679814,106.7022703818112,21,34,1.0,17,49,6,1,0.6176
10.786216596454729,106.71836665482697,40,40,1.0,17,49,6,1,1.0
10.78948793356203,106.7151883818118,27,36,1.0,17,49,6,1,0.75
10.80223925742187,106.6478722259914,31,40,1.0,17,49,6,1,0.775
10.813928881466124,106.66511432455972,22,34,1.0,17,49,6,1,0.6471
10.755608615763382,106.67347943578082,18,27,1.0,17,49,6,1,0.6667
10.782680856341084,106.70051548181168,18,30,1.0,17,49,6,1,0.6
10.754895139302109,106.67839188181134,21,32,1.0,17,49,6,1,0.6562
10.785070445194592,106.68331340921324,16,28,1.0,17,49,6,1,0.5714
10.7549373008113,106.67848844133415,21,32,1.0,17,49,6,1,0.6562
10.77898143649726,106.67684447140958,19,34,1.0,17,49,6,1,0.5588
10.7671128283867,106.6927618222887,12,19,1.0,17,49,6,1,0.6316
10.77847212665258,106.69389510879644,30,41,1.0,17,49,6,1,0.7317
10.796057790235078,106.67492629345334,21,34,1.0,17,49,6,1,0.6176
10.8352982156415,106.72935479345392,31,42,0.996948,17,49,6,1,0.7381
10.777562007197462,106.7041335430398,17,30,1.0,17,50,6,1,0.5667
10.83886351241477,106.67566625482782,26,36,1.0,17,50,6,1,0.7222
10.765187049751797,106.67550552599072,27,35,1.0,17,50,6,1,0.7714
10.75948437198232,106.6840537511244,16,27,1.0,17,50,6,1,0.5926
10.865229381280963,106.72366973948476,36,49,1.0,17,50,6,1,0.7347
10.72279213640514,106.72808623948244,24,37,0.999277,17,50,6,1,0.6486
10.823400120373712,106.68551227436063,20,31,1.0,17,50,6,1,0.6452
10.756158554057755,106.66631758181126,21,29,1.0,17,50,6,1,0.7241
10.7144382088356,106.73711688366168,22,35,1.0,17,50,6,1,0.6286
10.817236653231737,106.63191539530456,22,35,1.0,17,50,6,1,0.6286
10.772727584493625,106.69804225297564,11,24,0.998765,17,52,6,1,0.4583
10.774028664434528,106.70357076461706,12,28,1.0,17,52,6,1,0.4286
10.752616652291238,106.72509685338922,39,39,1.0,17,52,6,1,1.0
10.745754766198267,106.65326266831876,42,42,1.0,17,52,6,1,1.0
10.94927106740351,106.87196348224562,33,42,1.0,17,52,6,1,0.7857
10.78866360854368,106.695513722289,32,42,1.0,17,52,6,1,0.7619
10.801406421807084,106.7114844087968,32,41,1.0,17,52,6,1,0.7805
10.843150534972033,106.6151343241409,23,35,1.0,17,53,6,1,0.6571
10.880537767027526,106.81481342866444,53,53,1.0,17,53,6,1,1.0
10.740840166521664,106.61899246873142,25,35,1.0,17,53,6,1,0.7143
10.798986343749618,106.7269705664684,45,45,1.0,17,53,6,1,1.0
10.741860769464234,106.73790365482628,45,45,1.0,17,53,6,1,1.0
10.752408891679814,106.7022703818112,21,34,1.0,17,53,6,1,0.6176
10.786216596454729,106.71836665482697,40,40,1.0,17,53,6,1,1.0
10.78948793356203,106.7151883818118,28,35,1.0,17,53,6,1,0.8
10.80223925742187,106.6478722259914,28,40,1.0,17,53,6,1,0.7
10.813928881466124,106.66511432455972,22,34,1.0,17,53,6,1,0.6471
10.755608615763382,106.67347943578082,17,27,1.0,17,53,6,1,0.6296
10.782680856341084,106.70051548181168,18,30,1.0,17,53,6,1,0.6
10.754895139302109,106.67839188181134,21,32,1.0,17,53,6,1,0.6562
10.785070445194592,106.68331340921324,14,26,1.0,17,53,6,1,0.5385
10.7549373008113,106.67848844133415,22,32,1.0,17,54,6,1,0.6875
10.77898143649726,106.67684447140958,21,34,1.0,17,54,6,1,0.6176
10.7671128283867,106.6927618222887,11,20,1.0,17,54,6,1,0.55
10.77847212665258,106.69389510879644,30,41,1.0,17,54,6,1,0.7317
10.796057790235078,106.67492629345334,23,34,1.0,17,54,6,1,0.6765
10.8352982156415,106.72935479345392,31,42,0.996739,17,54,6,1,0.7381
10.777562007197462,106.7041335430398,17,30,1.0,17,54,6,1,0.5667
10.83886351241477,106.67566625482782,27,36,1.0,17,54,6,1,0.75
10.765187049751797,106.67550552599072,21,35,1.0,17,54,6,1,0.6
10.75948437198232,106.6840537511244,16,27,1.0,17,54,6,1,0.5926
10.865229381280963,106.72366973948476,36,49,1.0,17,55,6,1,0.7347
10.72279213640514,106.72808623948244,24,37,0.999565,17,55,6,1,0.6486
10.823400120373712,106.68551227436063,18,31,1.0,17,55,6,1,0.5806
10.756158554057755,106.66631758181126,19,29,1.0,17,55,6,1,0.6552
10.7144382088356,106.73711688366168,22,35,1.0,17,55,6,1,0.6286
10.817236653231737,106.63191539530456,23,35,1.0,17,55,6,1,0.6571
10.772727584493625,106.69804225297564,14,24,0.998765,17,57,6,1,0.5833
10.774028664434528,106.70357076461706,29,29,1.0,17,57,6,1,1.0
10.752616652291238,106.72509685338922,39,39,1.0,17,58,6,1,1.0
10.745754766198267,106.65326266831876,38,42,0.999762,17,58,6,1,0.9048
10.94927106740351,106.87196348224562,27,42,1.0,17,58,6,1,0.6429
10.78866360854368,106.695513722289,34,41,1.0,17,58,6,1,0.8293
10.801406421807084,106.7114844087968,34,41,1.0,17,58,6,1,0.8293
10.843150534972033,106.6151343241409,24,34,1.0,17,58,6,1,0.7059
10.880537767027526,106.81481342866444,53,53,1.0,17,58,6,1,1.0
10.740840166521664,106.61899246873142,25,35,1.0,17,58,6,1,0.7143
10.798986343749618,106.7269705664684,45,45,1.0,17,58,6,1,1.0
10.741860769464234,106.73790365482628,45,45,1.0,17,58,6,1,1.0
10.752408891679814,106.7022703818112,22,33,1.0,17,58,6,1,0.6667
10.786216596454729,106.71836665482697,40,40,1.0,17,58,6,1,1.0
10.78948793356203,106.7151883818118,36,36,1.0,17,58,6,1,1.0
10.80223925742187,106.6478722259914,28,41,1.0,17,58,6,1,0.6829
10.813928881466124,106.66511432455972,22,33,1.0,17,59,6,1,0.6667
10.755608615763382,106.67347943578082,17,28,1.0,17,59,6,1,0.6071
10.782680856341084,106.70051548181168,17,30,1.0,17,59,6,1,0.5667
10.754895139302109,106.67839188181134,20,33,1.0,17,59,6,1,0.6061
10.785070445194592,106.68331340921324,13,27,1.0,17,59,6,1,0.4815
10.7549373008113,106.67848844133415,20,33,1.0,17,59,6,1,0.6061
10.77898143649726,106.67684447140958,20,34,1.0,17,59,6,1,0.5882
10.7671128283867,106.6927618222887,12,20,1.0,17,59,6,1,0.6
10.77847212665258,106.69389510879644,30,41,1.0,17,59,6,1,0.7317
10.796057790235078,106.67492629345334,23,34,1.0,17,59,6,1,0.6765
10.8352982156415,106.72935479345392,31,42,0.996795,17,59,6,1,0.7381
10.777562007197462,106.7041335430398,16,30,1.0,17,59,6,1,0.5333
10.83886351241477,106.67566625482782,25,36,1.0,17,59,6,1,0.6944
10.765187049751797,106.67550552599072,24,35,1.0,17,59,6,1,0.6857
10.75948437198232,106.6840537511244,17,26,1.0,17,59,6,1,0.6538
10.865229381280963,106.72366973948476,36,49,1.0,17,59,6,1,0.7347
10.72279213640514,106.72808623948244,23,37,0.999098,17,59,6,1,0.6216
10.823400120373712,106.68551227436063,17,31,1.0,18,0,6,1,0.5484
10.756158554057755,106.66631758181126,23,29,1.0,18,0,6,1,0.7931
10.7144382088356,106.73711688366168,23,35,1.0,18,0,6,1,0.6571
10.817236653231737,106.63191539530456,25,35,1.0,18,0,6,1,0.7143
10.772727584493625,106.69804225297564,13,24,0.996295,18,2,6,1,0.5417
10.774028664434528,106.70357076461706,16,27,1.0,18,2,6,1,0.5926
10.752616652291238,106.72509685338922,39,39,1.0,18,2,6,1,1.0
10.745754766198267,106.65326266831876,37,43,0.999762,18,2,6,1,0.8605
10.94927106740351,106.87196348224562,25,42,1.0,18,2,6,1,0.5952
10.78866360854368,106.695513722289,33,42,1.0,18,2,6,1,0.7857
10.801406421807084,106.7114844087968,33,42,1.0,18,2,6,1,0.7857
10.843150534972033,106.6151343241409,23,35,1.0,18,3,6,1,0.6571
10.880537767027526,106.81481342866444,53,53,1.0,18,3,6,1,1.0
10.740840166521664,106.61899246873142,25,35,1.0,18,3,6,1,0.7143
10.798986343749618,106.7269705664684,45,45,1.0,18,3,6,1,1.0
10.741860769464234,106.73790365482628,45,45,1.0,18,3,6,1,1.0
10.752408891679814,106.7022703818112,22,34,1.0,18,3,6,1,0.6471
10.786216596454729,106.71836665482697,40,40,1.0,18,3,6,1,1.0
10.78948793356203,106.7151883818118,19,34,1.0,18,3,6,1,0.5588
10.80223925742187,106.6478722259914,28,40,1.0,18,3,6,1,0.7
10.813928881466124,106.66511432455972,23,34,1.0,18,3,6,1,0.6765
10.755608615763382,106.67347943578082,16,28,0.998939,18,3,6,1,0.5714
10.782680856341084,106.70051548181168,17,30,1.0,18,3,6,1,0.5667
10.754895139302109,106.67839188181134,21,32,1.0,18,4,6,1,0.6562
10.785070445194592,106.68331340921324,13,27,1.0,18,4,6,1,0.4815
10.7549373008113,106.67848844133415,21,32,1.0,18,4,6,1,0.6562
10.77898143649726,106.67684447140958,21,34,1.0,18,4,6,1,0.6176
10.7671128283867,106.6927618222887,16,20,1.0,18,4,6,1,0.8
10.77847212665258,106.69389510879644,31,41,1.0,18,4,6,1,0.7561
10.796057790235078,106.67492629345334,23,34,1.0,18,4,6,1,0.6765
10.8352982156415,106.72935479345392,31,42,0.997408,18,4,6,1,0.7381
10.777562007197462,106.7041335430398,17,30,1.0,18,4,6,1,0.5667
10.83886351241477,106.67566625482782,26,36,1.0,18,4,6,1,0.7222
10.765187049751797,106.67550552599072,26,35,1.0,18,4,6,1,0.7429
10.75948437198232,106.6840537511244,16,28,1.0,18,4,6,1,0.5714
10.865229381280963,106.72366973948476,36,49,1.0,18,4,6,1,0.7347
10.72279213640514,106.72808623948244,23,37,0.999565,18,4,6,1,0.6216
10.823400120373712,106.68551227436063,19,31,1.0,18,5,6,1,0.6129
10.756158554057755,106.66631758181126,20,30,1.0,18,5,6,1,0.6667
10.7144382088356,106.73711688366168,23,35,1.0,18,5,6,1,0.6571
10.817236653231737,106.63191539530456,24,35,1.0,18,5,6,1,0.6857
10.772727584493625,106.69804225297564,13,24,0.996295,18,7,6,1,0.5417
10.774028664434528,106.70357076461706,18,29,1.0,18,7,6,1,0.6207
10.752616652291238,106.72509685338922,39,39,1.0,18,7,6,1,1.0
10.745754766198267,106.65326266831876,37,42,1.0,18,7,6,1,0.881
10.94927106740351,106.87196348224562,29,42,1.0,18,7,6,1,0.6905
10.78866360854368,106.695513722289,31,42,1.0,18,7,6,1,0.7381
10.801406421807084,106.7114844087968,31,42,1.0,18,7,6,1,0.7381
10.843150534972033,106.6151343241409,23,35,1.0,18,7,6,1,0.6571
10.880537767027526,106.81481342866444,53,53,1.0,18,7,6,1,1.0
10.740840166521664,106.61899246873142,24,35,1.0,18,7,6,1,0.6857
10.798986343749618,106.7269705664684,45,45,1.0,18,8,6,1,1.0
10.741860769464234,106.73790365482628,45,45,1.0,18,8,6,1,1.0
10.752408891679814,106.7022703818112,21,33,1.0,18,8,6,1,0.6364
10.786216596454729,106.71836665482697,40,40,1.0,18,8,6,1,1.0
10.78948793356203,106.7151883818118,25,35,1.0,18,8,6,1,0.7143
10.80223925742187,106.6478722259914,31,40,1.0,18,8,6,1,0.775
10.813928881466124,106.66511432455972,21,34,1.0,18,8,6,1,0.6176
10.755608615763382,106.67347943578082,15,26,0.998954,18,8,6,1,0.5769
10.782680856341084,106.70051548181168,14,29,1.0,18,8,6,1,0.4828
10.754895139302109,106.67839188181134,20,33,1.0,18,8,6,1,0.6061
10.785070445194592,106.68331340921324,13,28,1.0,18,8,6,1,0.4643
10.7549373008113,106.67848844133415,20,33,1.0,18,8,6,1,0.6061
10.77898143649726,106.67684447140958,20,34,1.0,18,8,6,1,0.5882
10.7671128283867,106.6927618222887,13,20,1.0,18,8,6,1,0.65
10.77847212665258,106.69389510879644,31,41,1.0,18,8,6,1,0.7561
10.796057790235078,106.67492629345334,21,34,1.0,18,8,6,1,0.6176
10.8352982156415,106.72935479345392,29,42,0.998013,18,8,6,1,0.6905
10.777562007197462,106.7041335430398,14,29,1.0,18,8,6,1,0.4828
10.83886351241477,106.67566625482782,28,36,1.0,18,8,6,1,0.7778
10.765187049751797,106.67550552599072,21,36,1.0,18,8,6,1,0.5833
10.75948437198232,106.6840537511244,15,26,0.998954,18,8,6,1,0.5769
10.865229381280963,106.72366973948476,35,49,1.0,18,8,6,1,0.7143
10.72279213640514,106.72808623948244,24,37,0.99907,18,8,6,1,0.6486
10.823400120373712,106.68551227436063,22,32,1.0,18,8,6,1,0.6875
10.756158554057755,106.66631758181126,22,29,1.0,18,8,6,1,0.7586
10.7144382088356,106.73711688366168,23,35,1.0,18,8,6,1,0.6571
10.817236653231737,106.63191539530456,22,35,1.0,18,8,6,1,0.6286
10.772727584493625,106.69804225297564,12,23,0.993575,18,11,6,1,0.5217
10.774028664434528,106.70357076461706,18,28,1.0,18,11,6,1,0.6429
10.752616652291238,106.72509685338922,39,39,1.0,18,11,6,1,1.0
10.745754766198267,106.65326266831876,42,42,1.0,18,11,6,1,1.0
10.94927106740351,106.87196348224562,28,41,1.0,18,11,6,1,0.6829
10.78866360854368,106.695513722289,33,42,1.0,18,11,6,1,0.7857
10.801406421807084,106.7114844087968,33,42,1.0,18,11,6,1,0.7857
10.843150534972033,106.6151343241409,24,35,1.0,18,11,6,1,0.6857
10.880537767027526,106.81481342866444,53,53,1.0,18,11,6,1,1.0
10.740840166521664,106.61899246873142,25,35,1.0,18,11,6,1,0.7143
10.798986343749618,106.7269705664684,36,45,1.0,18,11,6,1,0.8
10.741860769464234,106.73790365482628,45,45,1.0,18,11,6,1,1.0
10.752408891679814,106.7022703818112,23,34,1.0,18,11,6,1,0.6765
10.786216596454729,106.71836665482697,40,40,1.0,18,12,6,1,1.0
10.78948793356203,106.7151883818118,36,36,1.0,18,12,6,1,1.0
10.80223925742187,106.6478722259914,28,41,1.0,18,12,6,1,0.6829
10.813928881466124,106.66511432455972,22,34,0.999713,18,12,6,1,0.6471
10.755608615763382,106.67347943578082,16,28,1.0,18,12,6,1,0.5714
10.782680856341084,106.70051548181168,16,30,1.0,18,12,6,1,0.5333
10.754895139302109,106.67839188181134,19,33,1.0,18,12,6,1,0.5758
10.785070445194592,106.68331340921324,13,28,1.0,18,12,6,1,0.4643
10.7549373008113,106.67848844133415,19,33,1.0,18,12,6,1,0.5758
10.77898143649726,106.67684447140958,20,34,1.0,18,12,6,1,0.5882
10.7671128283867,106.6927618222887,12,20,1.0,18,12,6,1,0.6
10.77847212665258,106.69389510879644,30,41,1.0,18,12,6,1,0.7317
10.796057790235078,106.67492629345334,22,34,0.999713,18,13,6,1,0.6471
10.8352982156415,106.72935479345392,31,42,0.998191,18,13,6,1,0.7381
10.777562007197462,106.7041335430398,16,30,1.0,18,13,6,1,0.5333
10.83886351241477,106.67566625482782,25,35,1.0,18,13,6,1,0.7143
10.765187049751797,106.67550552599072,23,36,1.0,18,13,6,1,0.6389
10.75948437198232,106.6840537511244,16,28,1.0,18,13,6,1,0.5714
10.865229381280963,106.72366973948476,35,49,1.0,18,13,6,1,0.7143
10.72279213640514,106.72808623948244,23,37,1.0,18,13,6,1,0.6216
10.823400120373712,106.68551227436063,19,31,1.0,18,13,6,1,0.6129
10.756158554057755,106.66631758181126,23,29,1.0,18,13,6,1,0.7931
10.7144382088356,106.73711688366168,23,36,1.0,18,13,6,1,0.6389
10.817236653231737,106.63191539530456,24,35,1.0,18,13,6,1,0.6857
10.772727584493625,106.69804225297564,12,24,0.993074,18,15,6,1,0.5
10.774028664434528,106.70357076461706,18,28,1.0,18,15,6,1,0.6429
10.752616652291238,106.72509685338922,39,39,1.0,18,15,6,1,1.0
10.745754766198267,106.65326266831876,42,42,1.0,18,15,6,1,1.0
10.94927106740351,106.87196348224562,29,42,1.0,18,15,6,1,0.6905
10.78866360854368,106.695513722289,33,41,1.0,18,15,6,1,0.8049
10.801406421807084,106.7114844087968,33,41,1.0,18,15,6,1,0.8049
10.843150534972033,106.6151343241409,23,35,1.0,18,15,6,1,0.6571
10.880537767027526,106.81481342866444,53,53,1.0,18,15,6,1,1.0
10.740840166521664,106.61899246873142,23,35,1.0,18,15,6,1,0.6571
10.798986343749618,106.7269705664684,45,45,1.0,18,15,6,1,1.0
10.741860769464234,106.73790365482628,45,45,1.0,18,15,6,1,1.0
10.752408891679814,106.7022703818112,19,33,1.0,18,15,6,1,0.5758
10.786216596454729,106.71836665482697,40,40,1.0,18,15,6,1,1.0
10.78948793356203,106.7151883818118,36,36,1.0,18,15,6,1,1.0
10.80223925742187,106.6478722259914,27,40,1.0,18,15,6,1,0.675
10.813928881466124,106.66511432455972,20,34,1.0,18,15,6,1,0.5882
10.755608615763382,106.67347943578082,16,28,1.0,18,15,6,1,0.5714
10.782680856341084,106.70051548181168,16,29,1.0,18,15,6,1,0.5517
10.754895139302109,106.67839188181134,20,33,1.0,18,15,6,1,0.6061
10.785070445194592,106.68331340921324,15,28,1.0,18,16,6,1,0.5357
10.7549373008113,106.67848844133415,20,33,1.0,18,16,6,1,0.6061
10.77898143649726,106.67684447140958,21,35,1.0,18,16,6,1,0.6
10.7671128283867,106.6927618222887,11,20,1.0,18,16,6,1,0.55
10.77847212665258,106.69389510879644,29,41,1.0,18,16,6,1,0.7073
10.796057790235078,106.67492629345334,20,33,1.0,18,16,6,1,0.6061
10.8352982156415,106.72935479345392,33,42,0.998526,18,16,6,1,0.7857
10.777562007197462,106.7041335430398,17,30,1.0,18,16,6,1,0.5667
10.83886351241477,106.67566625482782,26,36,1.0,18,16,6,1,0.7222
10.765187049751797,106.67550552599072,26,36,1.0,18,16,6,1,0.7222
10.75948437198232,106.6840537511244,15,27,1.0,18,16,6,1,0.5556
10.865229381280963,106.72366973948476,35,49,1.0,18,16,6,1,0.7143
10.72279213640514,106.72808623948244,22,37,0.998218,18,17,6,1,0.5946
10.823400120373712,106.68551227436063,20,31,1.0,18,17,6,1,0.6452
10.756158554057755,106.66631758181126,23,29,1.0,18,17,6,1,0.7931
10.7144382088356,106.73711688366168,23,35,1.0,18,17,6,1,0.6571
10.817236653231737,106.63191539530456,23,35,1.0,18,17,6,1,0.6571
10.772727584493625,106.69804225297564,15,24,0.983178,18,19,6,1,0.625
10.774028664434528,106.70357076461706,19,29,0.98,18,19,6,1,0.6552
10.752616652291238,106.72509685338922,39,39,1.0,18,19,6,1,1.0
10.745754766198267,106.65326266831876,42,42,1.0,18,19,6,1,1.0
10.94927106740351,106.87196348224562,26,41,1.0,18,19,6,1,0.6341
10.78866360854368,106.695513722289,33,41,1.0,18,19,6,1,0.8049
10.801406421807084,106.7114844087968,33,41,1.0,18,19,6,1,0.8049
10.843150534972033,106.6151343241409,22,35,1.0,18,19,6,1,0.6286
10.880537767027526,106.81481342866444,53,53,1.0,18,20,6,1,1.0
10.740840166521664,106.61899246873142,26,35,1.0,18,20,6,1,0.7429
10.798986343749618,106.7269705664684,45,45,1.0,18,20,6,1,1.0
10.741860769464234,106.73790365482628,45,45,1.0,18,20,6,1,1.0
10.752408891679814,106.7022703818112,23,34,1.0,18,20,6,1,0.6765
10.786216596454729,106.71836665482697,40,40,1.0,18,20,6,1,1.0
10.78948793356203,106.7151883818118,25,36,1.0,18,20,6,1,0.6944
10.80223925742187,106.6478722259914,27,41,1.0,18,20,6,1,0.6585
10.813928881466124,106.66511432455972,22,34,1.0,18,20,6,1,0.6471
10.755608615763382,106.67347943578082,16,28,1.0,18,20,6,1,0.5714
10.782680856341084,106.70051548181168,16,31,1.0,18,20,6,1,0.5161
10.754895139302109,106.67839188181134,18,32,1.0,18,20,6,1,0.5625
10.785070445194592,106.68331340921324,14,28,1.0,18,20,6,1,0.5
10.7549373008113,106.67848844133415,18,32,1.0,18,20,6,1,0.5625
10.77898143649726,106.67684447140958,20,34,1.0,18,20,6,1,0.5882
10.7671128283867,106.6927618222887,12,19,1.0,18,20,6,1,0.6316
10.77847212665258,106.69389510879644,29,41,1.0,18,20,6,1,0.7073
10.796057790235078,106.67492629345334,21,33,1.0,18,20,6,1,0.6364
10.8352982156415,106.72935479345392,31,42,0.998309,18,20,6,1,0.7381
10.777562007197462,106.7041335430398,16,30,1.0,18,20,6,1,0.5333
10.83886351241477,106.67566625482782,27,36,1.0,18,20,6,1,0.75
10.765187049751797,106.67550552599072,21,36,1.0,18,21,6,1,0.5833
10.75948437198232,106.6840537511244,15,28,1.0,18,21,6,1,0.5357
10.865229381280963,106.72366973948476,35,49,1.0,18,21,6,1,0.7143
10.72279213640514,106.72808623948244,24,37,0.999539,18,21,6,1,0.6486
10.823400120373712,106.68551227436063,20,31,1.0,18,21,6,1,0.6452
10.756158554057755,106.66631758181126,22,29,1.0,18,21,6,1,0.7586
10.7144382088356,106.73711688366168,22,35,1.0,18,21,6,1,0.6286
10.817236653231737,106.63191539530456,22,35,1.0,18,21,6,1,0.6286
10.772727584493625,106.69804225297564,13,24,0.968626,18,23,6,1,0.5417
10.774028664434528,106.70357076461706,18,29,0.97,18,23,6,1,0.6207
10.752616652291238,106.72509685338922,39,39,1.0,18,23,6,1,1.0
10.745754766198267,106.65326266831876,42,42,1.0,18,23,6,1,1.0
10.94927106740351,106.87196348224562,28,42,1.0,18,23,6,1,0.6667
10.78866360854368,106.695513722289,33,41,1.0,18,23,6,1,0.8049
10.801406421807084,106.7114844087968,33,41,1.0,18,23,6,1,0.8049
10.843150534972033,106.6151343241409,25,35,1.0,18,23,6,1,0.7143
10.880537767027526,106.81481342866444,53,53,1.0,18,23,6,1,1.0
10.740840166521664,106.61899246873142,24,35,1.0,18,23,6,1,0.6857
10.798986343749618,106.7269705664684,45,45,1.0,18,23,6,1,1.0
10.741860769464234,106.73790365482628,45,45,1.0,18,23,6,1,1.0
10.752408891679814,106.7022703818112,22,34,1.0,18,23,6,1,0.6471
10.786216596454729,106.71836665482697,40,40,1.0,18,23,6,1,1.0
10.78948793356203,106.7151883818118,26,35,1.0,18,23,6,1,0.7429
10.80223925742187,106.6478722259914,29,41,1.0,18,23,6,1,0.7073
10.813928881466124,106.66511432455972,21,34,1.0,18,23,6,1,0.6176
10.755608615763382,106.67347943578082,17,27,1.0,18,23,6,1,0.6296
10.782680856341084,106.70051548181168,17,30,1.0,18,24,6,1,0.5667
10.754895139302109,106.67839188181134,19,33,1.0,18,24,6,1,0.5758
10.785070445194592,106.68331340921324,13,27,1.0,18,24,6,1,0.4815
10.7549373008113,106.67848844133415,19,33,1.0,18,24,6,1,0.5758
10.77898143649726,106.67684447140958,20,34,1.0,18,24,6,1,0.5882
10.7671128283867,106.6927618222887,11,20,1.0,18,24,6,1,0.55
10.77847212665258,106.69389510879644,31,41,1.0,18,24,6,1,0.7561
10.796057790235078,106.67492629345334,21,34,1.0,18,24,6,1,0.6176
10.8352982156415,106.72935479345392,31,42,0.998374,18,24,6,1,0.7381
10.777562007197462,106.7041335430398,16,30,1.0,18,24,6,1,0.5333
10.83886351241477,106.67566625482782,27,35,1.0,18,24,6,1,0.7714
10.765187049751797,106.67550552599072,23,36,1.0,18,24,6,1,0.6389
10.75948437198232,106.6840537511244,16,27,1.0,18,24,6,1,0.5926
10.865229381280963,106.72366973948476,35,49,1.0,18,24,6,1,0.7143
10.72279213640514,106.72808623948244,24,36,0.999301,18,24,6,1,0.6667
10.823400120373712,106.68551227436063,17,31,1.0,18,24,6,1,0.5484
10.756158554057755,106.66631758181126,19,28,1.0,18,24,6,1,0.6786
10.7144382088356,106.73711688366168,23,35,1.0,18,24,6,1,0.6571
10.817236653231737,106.63191539530456,25,34,1.0,18,24,6,1,0.7353
10.772727584493625,106.69804225297564,14,24,0.986649,18,27,6,1,0.5833
10.774028664434528,106.70357076461706,18,29,0.96,18,27,6,1,0.6207
10.752616652291238,106.72509685338922,31,39,1.0,18,27,6,1,0.7949
10.745754766198267,106.65326266831876,42,42,1.0,18,27,6,1,1.0
10.94927106740351,106.87196348224562,31,41,1.0,18,27,6,1,0.7561
10.78866360854368,106.695513722289,35,42,1.0,18,27,6,1,0.8333
10.801406421807084,106.7114844087968,35,42,1.0,18,27,6,1,0.8333
10.843150534972033,106.6151343241409,24,35,1.0,18,27,6,1,0.6857
10.880537767027526,106.81481342866444,53,53,1.0,18,27,6,1,1.0
10.740840166521664,106.61899246873142,24,35,1.0,18,27,6,1,0.6857
10.798986343749618,106.7269705664684,45,45,1.0,18,27,6,1,1.0
10.741860769464234,106.73790365482628,45,45,1.0,18,27,6,1,1.0
10.752408891679814,106.7022703818112,23,33,1.0,18,27,6,1,0.697
10.786216596454729,106.71836665482697,40,40,1.0,18,27,6,1,1.0
10.78948793356203,106.7151883818118,20,35,1.0,18,27,6,1,0.5714
10.80223925742187,106.6478722259914,26,40,1.0,18,28,6,1,0.65
10.813928881466124,106.66511432455972,22,34,1.0,18,28,6,1,0.6471
10.755608615763382,106.67347943578082,16,27,1.0,18,28,6,1,0.5926
10.782680856341084,106.70051548181168,15,30,1.0,18,28,6,1,0.5
10.754895139302109,106.67839188181134,19,32,1.0,18,28,6,1,0.5938
10.785070445194592,106.68331340921324,14,27,1.0,18,28,6,1,0.5185
10.7549373008113,106.67848844133415,19,32,1.0,18,28,6,1,0.5938
10.77898143649726,106.67684447140958,21,34,1.0,18,28,6,1,0.6176
10.7671128283867,106.6927618222887,15,20,1.0,18,28,6,1,0.75
10.77847212665258,106.69389510879644,30,42,1.0,18,28,6,1,0.7143
10.796057790235078,106.67492629345334,21,33,1.0,18,28,6,1,0.6364
10.8352982156415,106.72935479345392,32,42,0.998382,18,28,6,1,0.7619
10.777562007197462,106.7041335430398,16,30,1.0,18,28,6,1,0.5333
10.83886351241477,106.67566625482782,27,36,1.0,18,28,6,1,0.75
10.765187049751797,106.67550552599072,21,36,1.0,18,29,6,1,0.5833
10.75948437198232,106.6840537511244,17,28,1.0,18,29,6,1,0.6071
10.865229381280963,106.72366973948476,35,49,1.0,18,29,6,1,0.7143
10.72279213640514,106.72808623948244,23,37,1.0,18,29,6,1,0.6216
10.823400120373712,106.68551227436063,17,32,1.0,18,29,6,1,0.5312
10.756158554057755,106.66631758181126,21,29,1.0,18,29,6,1,0.7241
10.7144382088356,106.73711688366168,22,35,1.0,18,29,6,1,0.6286
10.817236653231737,106.63191539530456,24,35,1.0,18,29,6,1,0.6857
10.772727584493625,106.69804225297564,15,24,0.988385,18,31,6,1,0.625
10.774028664434528,106.70357076461706,18,29,0.98,18,31,6,1,0.6207
10.752616652291238,106.72509685338922,39,39,1.0,18,31,6,1,1.0
10.745754766198267,106.65326266831876,37,42,1.0,18,31,6,1,0.881
10.94927106740351,106.87196348224562,27,42,1.0,18,31,6,1,0.6429
10.78866360854368,106.695513722289,34,42,1.0,18,31,6,1,0.8095
10.801406421807084,106.7114844087968,34,42,1.0,18,31,6,1,0.8095
10.843150534972033,106.6151343241409,23,35,1.0,18,31,6,1,0.6571
10.880537767027526,106.81481342866444,53,53,1.0,18,31,6,1,1.0
10.740840166521664,106.61899246873142,25,35,1.0,18,31,6,1,0.7143
10.798986343749618,106.7269705664684,45,45,1.0,18,31,6,1,1.0
10.741860769464234,106.73790365482628,45,45,1.0,18,31,6,1,1.0
10.752408891679814,106.7022703818112,21,34,1.0,18,31,6,1,0.6176
10.786216596454729,106.71836665482697,40,40,1.0,18,32,6,1,1.0
10.78948793356203,106.7151883818118,27,36,1.0,18,32,6,1,0.75
10.80223925742187,106.6478722259914,28,40,1.0,18,32,6,1,0.7
10.813928881466124,106.66511432455972,21,34,1.0,18,32,6,1,0.6176
10.755608615763382,106.67347943578082,17,26,0.998954,18,32,6,1,0.6538
10.782680856341084,106.70051548181168,16,30,1.0,18,32,6,1,0.5333
10.754895139302109,106.67839188181134,19,33,1.0,18,32,6,1,0.5758
10.785070445194592,106.68331340921324,12,27,1.0,18,32,6,1,0.4444
10.7549373008113,106.67848844133415,19,33,1.0,18,32,6,1,0.5758
10.77898143649726,106.67684447140958,21,34,1.0,18,32,6,1,0.6176
10.7671128283867,106.6927618222887,12,20,1.0,18,32,6,1,0.6
10.77847212665258,106.69389510879644,30,42,1.0,18,32,6,1,0.7143
10.796057790235078,106.67492629345334,20,34,1.0,18,32,6,1,0.5882
10.8352982156415,106.72935479345392,32,42,0.998353,18,32,6,1,0.7619
10.777562007197462,106.7041335430398,17,30,1.0,18,32,6,1,0.5667
10.83886351241477,106.67566625482782,27,36,1.0,18,32,6,1,0.75
10.765187049751797,106.67550552599072,22,35,1.0,18,33,6,1,0.6286
10.75948437198232,106.6840537511244,16,27,0.997949,18,33,6,1,0.5926
10.865229381280963,106.72366973948476,35,49,1.0,18,33,6,1,0.7143
10.72279213640514,106.72808623948244,25,37,1.0,18,33,6,1,0.6757
10.823400120373712,106.68551227436063,18,31,1.0,18,33,6,1,0.5806
10.756158554057755,106.66631758181126,19,29,1.0,18,33,6,1,0.6552
10.7144382088356,106.73711688366168,22,35,1.0,18,33,6,1,0.6286
10.817236653231737,106.63191539530456,24,35,1.0,18,33,6,1,0.6857
10.772727584493625,106.69804225297564,13,24,0.97702,18,35,6,1,0.5417
10.774028664434528,106.70357076461706,16,28,0.97,18,35,6,1,0.5714
10.752616652291238,106.72509685338922,39,39,1.0,18,35,6,1,1.0
10.745754766198267,106.65326266831876,36,43,1.0,18,35,6,1,0.8372
10.94927106740351,106.87196348224562,30,41,1.0,18,35,6,1,0.7317
10.78866360854368,106.695513722289,34,42,1.0,18,35,6,1,0.8095
10.801406421807084,106.7114844087968,34,42,1.0,18,36,6,1,0.8095
10.843150534972033,106.6151343241409,23,35,1.0,18,36,6,1,0.6571
10.880537767027526,106.81481342866444,53,53,1.0,18,36,6,1,1.0
10.740840166521664,106.61899246873142,26,36,1.0,18,36,6,1,0.7222
10.798986343749618,106.7269705664684,45,45,1.0,18,36,6,1,1.0
10.741860769464234,106.73790365482628,45,45,1.0,18,36,6,1,1.0
10.752408891679814,106.7022703818112,23,34,1.0,18,36,6,1,0.6765
10.786216596454729,106.71836665482697,40,40,1.0,18,36,6,1,1.0
10.78948793356203,106.7151883818118,26,34,1.0,18,36,6,1,0.7647
10.80223925742187,106.6478722259914,27,41,1.0,18,36,6,1,0.6585
10.813928881466124,106.66511432455972,20,34,1.0,18,36,6,1,0.5882
10.755608615763382,106.67347943578082,18,28,0.998935,18,36,6,1,0.6429
10.782680856341084,106.70051548181168,17,30,1.0,18,36,6,1,0.5667
10.754895139302109,106.67839188181134,19,32,1.0,18,36,6,1,0.5938
10.785070445194592,106.68331340921324,15,27,1.0,18,36,6,1,0.5556
10.7549373008113,106.67848844133415,19,32,1.0,18,36,6,1,0.5938
10.77898143649726,106.67684447140958,19,34,1.0,18,36,6,1,0.5588
10.7671128283867,106.6927618222887,12,20,1.0,18,36,6,1,0.6
10.77847212665258,106.69389510879644,30,41,1.0,18,36,6,1,0.7317
10.796057790235078,106.67492629345334,21,34,1.0,18,36,6,1,0.6176
10.8352982156415,106.72935479345392,33,41,0.997979,18,37,6,1,0.8049
10.777562007197462,106.7041335430398,17,30,1.0,18,37,6,1,0.5667
10.83886351241477,106.67566625482782,26,36,1.0,18,37,6,1,0.7222
10.765187049751797,106.67550552599072,22,36,1.0,18,37,6,1,0.6111
10.75948437198232,106.6840537511244,18,28,0.998943,18,37,6,1,0.6429
10.865229381280963,106.72366973948476,35,49,1.0,18,37,6,1,0.7143
10.72279213640514,106.72808623948244,24,37,1.0,18,37,6,1,0.6486
10.823400120373712,106.68551227436063,19,31,1.0,18,37,6,1,0.6129
10.756158554057755,106.66631758181126,30,30,1.0,18,37,6,1,1.0
10.7144382088356,106.73711688366168,23,35,1.0,18,37,6,1,0.6571
10.817236653231737,106.63191539530456,23,35,1.0,18,38,6,1,0.6571
10.772727584493625,106.69804225297564,11,25,0.97702,18,40,6,1,0.44
10.774028664434528,106.70357076461706,14,28,0.97,18,40,6,1,0.5
10.752616652291238,106.72509685338922,39,39,1.0,18,40,6,1,1.0
10.745754766198267,106.65326266831876,37,43,1.0,18,40,6,1,0.8605
10.94927106740351,106.87196348224562,34,41,1.0,18,40,6,1,0.8293
10.78866360854368,106.695513722289,34,41,1.0,18,40,6,1,0.8293
10.801406421807084,106.7114844087968,34,41,1.0,18,40,6,1,0.8293
10.843150534972033,106.6151343241409,24,35,1.0,18,40,6,1,0.6857
10.880537767027526,106.81481342866444,53,53,1.0,18,40,6,1,1.0
10.740840166521664,106.61899246873142,26,35,1.0,18,40,6,1,0.7429
10.798986343749618,106.7269705664684,45,45,1.0,18,40,6,1,1.0
10.741860769464234,106.73790365482628,45,45,1.0,18,40,6,1,1.0
10.752408891679814,106.7022703818112,24,34,1.0,18,40,6,1,0.7059
10.786216596454729,106.71836665482697,40,40,1.0,18,40,6,1,1.0
10.78948793356203,106.7151883818118,36,36,1.0,18,40,6,1,1.0
10.80223925742187,106.6478722259914,29,40,1.0,18,41,6,1,0.725
10.813928881466124,106.66511432455972,20,34,1.0,18,41,6,1,0.5882
10.755608615763382,106.67347943578082,18,27,1.0,18,41,6,1,0.6667
10.782680856341084,106.70051548181168,16,30,1.0,18,41,6,1,0.5333
10.754895139302109,106.67839188181134,20,33,1.0,18,41,6,1,0.6061
10.785070445194592,106.68331340921324,15,27,1.0,18,41,6,1,0.5556
10.7549373008113,106.67848844133415,20,33,1.0,18,41,6,1,0.6061
10.77898143649726,106.67684447140958,20,34,1.0,18,41,6,1,0.5882
10.7671128283867,106.6927618222887,11,19,1.0,18,41,6,1,0.5789
10.77847212665258,106.69389510879644,30,41,1.0,18,41,6,1,0.7317
10.796057790235078,106.67492629345334,20,34,1.0,18,41,6,1,0.5882
10.8352982156415,106.72935479345392,31,42,0.997816,18,41,6,1,0.7381
10.777562007197462,106.7041335430398,16,29,1.0,18,41,6,1,0.5517
10.83886351241477,106.67566625482782,26,36,1.0,18,42,6,1,0.7222
10.765187049751797,106.67550552599072,22,35,1.0,18,42,6,1,0.6286
10.75948437198232,106.6840537511244,18,28,1.0,18,42,6,1,0.6429
10.865229381280963,106.72366973948476,35,49,1.0,18,42,6,1,0.7143
10.72279213640514,106.72808623948244,25,37,0.999742,18,42,6,1,0.6757
10.823400120373712,106.68551227436063,19,31,1.0,18,42,6,1,0.6129
10.756158554057755,106.66631758181126,21,29,1.0,18,42,6,1,0.7241
10.7144382088356,106.73711688366168,23,35,1.0,18,42,6,1,0.6571
10.817236653231737,106.63191539530456,24,35,1.0,18,42,6,1,0.6857
10.772727584493625,106.69804225297564,13,24,0.978255,18,44,6,1,0.5417
10.774028664434528,106.70357076461706,14,29,0.95,18,44,6,1,0.4828
10.752616652291238,106.72509685338922,34,39,1.0,18,44,6,1,0.8718
10.745754766198267,106.65326266831876,42,42,1.0,18,44,6,1,1.0
10.94927106740351,106.87196348224562,30,41,1.0,18,44,6,1,0.7317
10.78866360854368,106.695513722289,34,41,1.0,18,44,6,1,0.8293
10.801406421807084,106.7114844087968,34,41,1.0,18,44,6,1,0.8293
10.843150534972033,106.6151343241409,25,35,1.0,18,44,6,1,0.7143
10.880537767027526,106.81481342866444,53,53,1.0,18,44,6,1,1.0
10.740840166521664,106.61899246873142,26,35,1.0,18,45,6,1,0.7429
10.798986343749618,106.7269705664684,45,45,1.0,18,45,6,1,1.0
10.741860769464234,106.73790365482628,45,45,1.0,18,45,6,1,1.0
10.752408891679814,106.7022703818112,23,34,1.0,18,45,6,1,0.6765
10.786216596454729,106.71836665482697,40,40,1.0,18,45,6,1,1.0
10.78948793356203,106.7151883818118,36,36,1.0,18,45,6,1,1.0
10.80223925742187,106.6478722259914,25,40,1.0,18,45,6,1,0.625
10.813928881466124,106.66511432455972,20,34,0.999528,18,45,6,1,0.5882
10.755608615763382,106.67347943578082,16,28,1.0,18,45,6,1,0.5714
10.782680856341084,106.70051548181168,18,29,1.0,18,45,6,1,0.6207
10.754895139302109,106.67839188181134,20,33,1.0,18,45,6,1,0.6061
10.785070445194592,106.68331340921324,16,28,1.0,18,45,6,1,0.5714
10.7549373008113,106.67848844133415,20,33,1.0,18,45,6,1,0.6061
10.77898143649726,106.67684447140958,21,34,1.0,18,45,6,1,0.6176
10.7671128283867,106.6927618222887,11,19,1.0,18,45,6,1,0.5789
10.77847212665258,106.69389510879644,30,41,1.0,18,45,6,1,0.7317
10.796057790235078,106.67492629345334,19,34,0.999528,18,45,6,1,0.5588
10.8352982156415,106.72935479345392,32,42,0.997951,18,45,6,1,0.7619
10.777562007197462,106.7041335430398,18,30,1.0,18,45,6,1,0.6
10.83886351241477,106.67566625482782,25,35,1.0,18,46,6,1,0.7143
10.765187049751797,106.67550552599072,24,35,1.0,18,46,6,1,0.6857
10.75948437198232,106.6840537511244,16,28,1.0,18,46,6,1,0.5714
10.865229381280963,106.72366973948476,36,49,1.0,18,46,6,1,0.7347
10.72279213640514,106.72808623948244,25,37,0.999742,18,46,6,1,0.6757
10.823400120373712,106.68551227436063,19,31,1.0,18,46,6,1,0.6129
10.756158554057755,106.66631758181126,23,29,1.0,18,46,6,1,0.7931
10.7144382088356,106.73711688366168,24,35,1.0,18,46,6,1,0.6857
10.817236653231737,106.63191539530456,25,34,1.0,18,46,6,1,0.7353
10.772727584493625,106.69804225297564,12,23,0.968693,18,48,6,1,0.5217
10.774028664434528,106.70357076461706,14,29,0.95,18,48,6,1,0.4828
10.752616652291238,106.72509685338922,30,38,1.0,18,48,6,1,0.7895
10.745754766198267,106.65326266831876,42,42,1.0,18,48,6,1,1.0
10.94927106740351,106.87196348224562,32,42,1.0,18,48,6,1,0.7619
10.78866360854368,106.695513722289,34,42,1.0,18,48,6,1,0.8095
10.801406421807084,106.7114844087968,34,42,1.0,18,49,6,1,0.8095
10.843150534972033,106.6151343241409,26,35,1.0,18,49,6,1,0.7429
10.880537767027526,106.81481342866444,53,53,1.0,18,49,6,1,1.0
10.740840166521664,106.61899246873142,25,36,1.0,18,49,6,1,0.6944
10.798986343749618,106.7269705664684,45,45,1.0,18,49,6,1,1.0
10.741860769464234,106.73790365482628,45,45,1.0,18,50,6,1,1.0
10.752408891679814,106.7022703818112,22,34,1.0,18,50,6,1,0.6471
10.786216596454729,106.71836665482697,40,40,1.0,18,50,6,1,1.0
10.78948793356203,106.7151883818118,25,35,1.0,18,50,6,1,0.7143
10.80223925742187,106.6478722259914,29,40,1.0,18,50,6,1,0.725
10.813928881466124,106.66511432455972,21,34,1.0,18,50,6,1,0.6176
10.755608615763382,106.67347943578082,19,27,1.0,18,50,6,1,0.7037
10.782680856341084,106.70051548181168,17,31,1.0,18,50,6,1,0.5484
10.754895139302109,106.67839188181134,21,33,1.0,18,50,6,1,0.6364
10.785070445194592,106.68331340921324,17,27,1.0,18,50,6,1,0.6296
10.7549373008113,106.67848844133415,21,33,1.0,18,50,6,1,0.6364
10.77898143649726,106.67684447140958,22,34,1.0,18,50,6,1,0.6471
10.7671128283867,106.6927618222887,10,20,1.0,18,50,6,1,0.5
10.77847212665258,106.69389510879644,29,42,1.0,18,50,6,1,0.6905
10.796057790235078,106.67492629345334,20,34,1.0,18,50,6,1,0.5882
10.8352982156415,106.72935479345392,31,42,0.998138,18,50,6,1,0.7381
10.777562007197462,106.7041335430398,17,31,1.0,18,50,6,1,0.5484
10.83886351241477,106.67566625482782,26,36,1.0,18,50,6,1,0.7222
10.765187049751797,106.67550552599072,26,35,1.0,18,51,6,1,0.7429
10.75948437198232,106.6840537511244,19,27,1.0,18,51,6,1,0.7037
10.865229381280963,106.72366973948476,35,49,1.0,18,51,6,1,0.7143
10.72279213640514,106.72808623948244,26,37,1.0,18,51,6,1,0.7027
10.823400120373712,106.68551227436063,17,31,1.0,18,51,6,1,0.5484
10.756158554057755,106.66631758181126,21,29,1.0,18,51,6,1,0.7241
10.7144382088356,106.73711688366168,24,35,1.0,18,51,6,1,0.6857
10.817236653231737,106.63191539530456,25,35,1.0,18,51,6,1,0.7143
10.772727584493625,106.69804225297564,14,25,0.952271,18,53,6,1,0.56
10.752616652291238,106.72509685338922,39,39,1.0,18,53,6,1,1.0
10.745754766198267,106.65326266831876,42,42,1.0,18,53,6,1,1.0
10.94927106740351,106.87196348224562,34,42,1.0,18,53,6,1,0.8095
10.78866360854368,106.695513722289,34,42,1.0,18,53,6,1,0.8095
10.801406421807084,106.7114844087968,34,42,1.0,18,53,6,1,0.8095
10.843150534972033,106.6151343241409,25,35,1.0,18,53,6,1,0.7143
10.880537767027526,106.81481342866444,53,53,1.0,18,53,6,1,1.0
10.740840166521664,106.61899246873142,24,35,1.0,18,53,6,1,0.6857
10.798986343749618,106.7269705664684,45,45,1.0,18,53,6,1,1.0
10.741860769464234,106.73790365482628,45,45,1.0,18,53,6,1,1.0
10.752408891679814,106.7022703818112,22,34,1.0,18,54,6,1,0.6471
10.786216596454729,106.71836665482697,40,40,1.0,18,54,6,1,1.0
10.78948793356203,106.7151883818118,24,35,1.0,18,54,6,1,0.6857
10.80223925742187,106.6478722259914,28,41,1.0,18,54,6,1,0.6829
10.813928881466124,106.66511432455972,22,34,0.999713,18,54,6,1,0.6471
10.755608615763382,106.67347943578082,19,28,1.0,18,54,6,1,0.6786
10.782680856341084,106.70051548181168,18,30,1.0,18,54,6,1,0.6
10.754895139302109,106.67839188181134,20,32,1.0,18,54,6,1,0.625
10.785070445194592,106.68331340921324,16,27,1.0,18,54,6,1,0.5926
10.7549373008113,106.67848844133415,20,32,1.0,18,54,6,1,0.625
10.77898143649726,106.67684447140958,21,34,1.0,18,54,6,1,0.6176
10.7671128283867,106.6927618222887,11,20,1.0,18,54,6,1,0.55
10.77847212665258,106.69389510879644,29,42,1.0,18,54,6,1,0.6905
10.796057790235078,106.67492629345334,22,34,0.999265,18,54,6,1,0.6471
10.8352982156415,106.72935479345392,32,42,0.998196,18,55,6,1,0.7619
10.777562007197462,106.7041335430398,18,30,1.0,18,55,6,1,0.6
10.83886351241477,106.67566625482782,25,36,1.0,18,55,6,1,0.6944
10.765187049751797,106.67550552599072,25,36,1.0,18,55,6,1,0.6944
10.75948437198232,106.6840537511244,20,28,1.0,18,55,6,1,0.7143
10.865229381280963,106.72366973948476,34,49,1.0,18,55,6,1,0.6939
10.72279213640514,106.72808623948244,26,37,0.998476,18,55,6,1,0.7027
10.823400120373712,106.68551227436063,19,31,1.0,18,55,6,1,0.6129
10.756158554057755,106.66631758181126,19,30,1.0,18,55,6,1,0.6333
10.7144382088356,106.73711688366168,24,35,1.0,18,55,6,1,0.6857
10.817236653231737,106.63191539530456,25,35,1.0,18,55,6,1,0.7143
10.772727584493625,106.69804225297564,15,25,0.968609,18,57,6,1,0.6
10.752616652291238,106.72509685338922,39,39,1.0,18,57,6,1,1.0
10.745754766198267,106.65326266831876,37,43,1.0,18,57,6,1,0.8605
10.94927106740351,106.87196348224562,28,42,1.0,18,58,6,1,0.6667
10.78866360854368,106.695513722289,34,42,1.0,18,58,6,1,0.8095
10.801406421807084,106.7114844087968,34,42,1.0,18,58,6,1,0.8095
10.843150534972033,106.6151343241409,24,35,1.0,18,58,6,1,0.6857
10.880537767027526,106.81481342866444,53,53,1.0,18,58,6,1,1.0
10.740840166521664,106.61899246873142,25,35,1.0,18,58,6,1,0.7143
10.798986343749618,106.7269705664684,45,45,1.0,18,58,6,1,1.0
10.741860769464234,106.73790365482628,45,45,1.0,18,58,6,1,1.0
10.752408891679814,106.7022703818112,24,34,1.0,18,58,6,1,0.7059
10.786216596454729,106.71836665482697,40,40,1.0,18,58,6,1,1.0
10.78948793356203,106.7151883818118,36,36,1.0,18,58,6,1,1.0
10.80223925742187,106.6478722259914,26,41,1.0,18,58,6,1,0.6341
10.813928881466124,106.66511432455972,21,34,0.999523,18,58,6,1,0.6176
10.755608615763382,106.67347943578082,14,27,1.0,18,59,6,1,0.5185
10.782680856341084,106.70051548181168,18,30,1.0,18,59,6,1,0.6
10.754895139302109,106.67839188181134,21,33,1.0,18,59,6,1,0.6364
10.785070445194592,106.68331340921324,15,27,1.0,18,59,6,1,0.5556
10.7549373008113,106.67848844133415,21,33,1.0,18,59,6,1,0.6364
10.77898143649726,106.67684447140958,22,34,1.0,18,59,6,1,0.6471
10.7671128283867,106.6927618222887,11,20,1.0,18,59,6,1,0.55
10.77847212665258,106.69389510879644,31,41,1.0,18,59,6,1,0.7561
10.796057790235078,106.67492629345334,21,34,0.999716,18,59,6,1,0.6176
10.8352982156415,106.72935479345392,31,42,0.998105,18,59,6,1,0.7381
10.777562007197462,106.7041335430398,17,30,1.0,18,59,6,1,0.5667
10.83886351241477,106.67566625482782,28,36,1.0,19,0,6,1,0.7778
10.765187049751797,106.67550552599072,23,36,1.0,19,0,6,1,0.6389
10.75948437198232,106.6840537511244,17,28,1.0,19,0,6,1,0.6071
10.865229381280963,106.72366973948476,36,49,1.0,19,0,6,1,0.7347
10.72279213640514,106.72808623948244,26,37,0.998476,19,0,6,1,0.7027
10.823400120373712,106.68551227436063,20,31,1.0,19,0,6,1,0.6452
10.756158554057755,106.66631758181126,20,29,1.0,19,0,6,1,0.6897
10.7144382088356,106.73711688366168,24,35,1.0,19,0,6,1,0.6857
10.817236653231737,106.63191539530456,24,35,1.0,19,0,6,1,0.6857
10.772727584493625,106.69804225297564,13,24,0.975285,19,3,6,1,0.5417
10.752616652291238,106.72509685338922,37,42,1.0,19,3,6,1,0.881
10.745754766198267,106.65326266831876,37,42,1.0,19,3,6,1,0.881
10.94927106740351,106.87196348224562,25,41,1.0,19,3,6,1,0.6098
10.78866360854368,106.695513722289,31,41,1.0,19,3,6,1,0.7561
10.801406421807084,106.7114844087968,33,41,1.0,19,3,6,1,0.8049
10.843150534972033,106.6151343241409,24,35,1.0,19,3,6,1,0.6857
10.880537767027526,106.81481342866444,53,53,1.0,19,3,6,1,1.0
10.740840166521664,106.61899246873142,26,35,1.0,19,3,6,1,0.7429
10.798986343749618,106.7269705664684,45,45,1.0,19,3,6,1,1.0
10.741860769464234,106.73790365482628,45,45,1.0,19,3,6,1,1.0
10.752408891679814,106.7022703818112,25,34,1.0,19,3,6,1,0.7353
10.786216596454729,106.71836665482697,40,40,1.0,19,3,6,1,1.0
10.78948793356203,106.7151883818118,26,35,1.0,19,3,6,1,0.7429
10.80223925742187,106.6478722259914,27,41,1.0,19,3,6,1,0.6585
10.813928881466124,106.66511432455972,20,34,0.99972,19,3,6,1,0.5882
10.755608615763382,106.67347943578082,15,28,1.0,19,3,6,1,0.5357
10.782680856341084,106.70051548181168,17,31,1.0,19,4,6,1,0.5484
10.754895139302109,106.67839188181134,22,32,1.0,19,4,6,1,0.6875
10.785070445194592,106.68331340921324,13,28,1.0,19,4,6,1,0.4643
10.7549373008113,106.67848844133415,21,32,1.0,19,4,6,1,0.6562
10.77898143649726,106.67684447140958,21,34,1.0,19,4,6,1,0.6176
10.7671128283867,106.6927618222887,11,20,1.0,19,4,6,1,0.55
10.77847212665258,106.69389510879644,31,42,1.0,19,4,6,1,0.7381
10.796057790235078,106.67492629345334,19,33,1.0,19,4,6,1,0.5758
10.8352982156415,106.72935479345392,30,42,0.997926,19,4,6,1,0.7143
10.777562007197462,106.7041335430398,16,30,1.0,19,4,6,1,0.5333
10.83886351241477,106.67566625482782,26,35,1.0,19,4,6,1,0.7429
10.765187049751797,106.67550552599072,19,35,1.0,19,4,6,1,0.5429
10.75948437198232,106.6840537511244,15,28,1.0,19,4,6,1,0.5357
10.865229381280963,106.72366973948476,35,49,1.0,19,4,6,1,0.7143
10.72279213640514,106.72808623948244,25,36,0.996269,19,4,6,1,0.6944
10.823400120373712,106.68551227436063,18,31,1.0,19,5,6,1,0.5806
10.756158554057755,106.66631758181126,21,30,1.0,19,5,6,1,0.7
10.7144382088356,106.73711688366168,24,35,1.0,19,5,6,1,0.6857
10.817236653231737,106.63191539530456,25,35,1.0,19,5,6,1,0.7143
10.772727584493625,106.69804225297564,14,24,0.97677,19,7,6,1,0.5833
10.774028664434528,106.70357076461706,16,28,0.900952,19,8,6,1,0.5714
10.752616652291238,106.72509685338922,39,39,1.0,19,8,6,1,1.0
10.745754766198267,106.65326266831876,42,42,1.0,19,8,6,1,1.0
10.94927106740351,106.87196348224562,33,42,1.0,19,8,6,1,0.7857
10.78866360854368,106.695513722289,34,42,1.0,19,8,6,1,0.8095
10.801406421807084,106.7114844087968,34,42,1.0,19,8,6,1,0.8095
10.843150534972033,106.6151343241409,24,35,1.0,19,8,6,1,0.6857
10.880537767027526,106.81481342866444,53,53,1.0,19,8,6,1,1.0
10.740840166521664,106.61899246873142,27,35,1.0,19,8,6,1,0.7714
10.798986343749618,106.7269705664684,45,45,1.0,19,8,6,1,1.0
10.741860769464234,106.73790365482628,45,45,1.0,19,8,6,1,1.0
10.752408891679814,106.7022703818112,25,34,1.0,19,8,6,1,0.7353
10.786216596454729,106.71836665482697,40,40,1.0,19,8,6,1,1.0
10.78948793356203,106.7151883818118,36,36,1.0,19,8,6,1,1.0
10.80223925742187,106.6478722259914,25,41,1.0,19,8,6,1,0.6098
10.813928881466124,106.66511432455972,21,34,1.0,19,8,6,1,0.6176
10.755608615763382,106.67347943578082,16,28,1.0,19,8,6,1,0.5714
10.782680856341084,106.70051548181168,19,30,1.0,19,8,6,1,0.6333
10.754895139302109,106.67839188181134,20,32,1.0,19,8,6,1,0.625
10.785070445194592,106.68331340921324,16,27,1.0,19,8,6,1,0.5926
10.7549373008113,106.67848844133415,20,32,1.0,19,9,6,1,0.625
10.77898143649726,106.67684447140958,22,34,1.0,19,9,6,1,0.6471
10.7671128283867,106.6927618222887,6,19,1.0,19,9,6,1,0.3158
10.77847212665258,106.69389510879644,29,41,1.0,19,9,6,1,0.7073
10.796057790235078,106.67492629345334,23,34,1.0,19,9,6,1,0.6765
10.8352982156415,106.72935479345392,31,42,0.997514,19,9,6,1,0.7381
10.777562007197462,106.7041335430398,18,31,1.0,19,9,6,1,0.5806
10.83886351241477,106.67566625482782,27,35,1.0,19,9,6,1,0.7714
10.765187049751797,106.67550552599072,23,35,1.0,19,9,6,1,0.6571
10.75948437198232,106.6840537511244,18,27,1.0,19,9,6,1,0.6667
10.865229381280963,106.72366973948476,36,49,1.0,19,9,6,1,0.7347
10.72279213640514,106.72808623948244,24,36,0.995552,19,9,6,1,0.6667
10.823400120373712,106.68551227436063,18,32,1.0,19,9,6,1,0.5625
10.756158554057755,106.66631758181126,20,29,1.0,19,9,6,1,0.6897
10.7144382088356,106.73711688366168,24,35,1.0,19,10,6,1,0.6857
10.817236653231737,106.63191539530456,23,35,1.0,19,10,6,1,0.6571
10.772727584493625,106.69804225297564,13,24,0.968693,19,12,6,1,0.5417
10.774028664434528,106.70357076461706,16,28,0.923968,19,12,6,1,0.5714
10.752616652291238,106.72509685338922,39,39,1.0,19,12,6,1,1.0
10.745754766198267,106.65326266831876,42,42,1.0,19,12,6,1,1.0
10.94927106740351,106.87196348224562,19,42,1.0,19,12,6,1,0.4524
10.78866360854368,106.695513722289,35,42,1.0,19,12,6,1,0.8333
10.801406421807084,106.7114844087968,35,42,1.0,19,12,6,1,0.8333
10.843150534972033,106.6151343241409,24,35,1.0,19,12,6,1,0.6857
10.880537767027526,106.81481342866444,53,53,1.0,19,12,6,1,1.0
10.740840166521664,106.61899246873142,25,35,1.0,19,12,6,1,0.7143
10.798986343749618,106.7269705664684,34,44,1.0,19,13,6,1,0.7727
10.741860769464234,106.73790365482628,45,45,1.0,19,13,6,1,1.0
10.752408891679814,106.7022703818112,23,34,1.0,19,13,6,1,0.6765
10.786216596454729,106.71836665482697,40,40,1.0,19,13,6,1,1.0
10.78948793356203,106.7151883818118,36,36,1.0,19,13,6,1,1.0
10.80223925742187,106.6478722259914,27,40,1.0,19,13,6,1,0.675
10.813928881466124,106.66511432455972,22,34,0.99972,19,13,6,1,0.6471
10.755608615763382,106.67347943578082,17,27,1.0,19,13,6,1,0.6296
10.782680856341084,106.70051548181168,18,30,1.0,19,13,6,1,0.6
10.754895139302109,106.67839188181134,20,31,1.0,19,13,6,1,0.6452
10.785070445194592,106.68331340921324,12,27,1.0,19,13,6,1,0.4444
10.7549373008113,106.67848844133415,20,31,1.0,19,13,6,1,0.6452
10.77898143649726,106.67684447140958,23,34,1.0,19,13,6,1,0.6765
10.7671128283867,106.6927618222887,9,19,1.0,19,13,6,1,0.4737
10.77847212665258,106.69389510879644,31,42,1.0,19,14,6,1,0.7381
10.796057790235078,106.67492629345334,22,34,1.0,19,14,6,1,0.6471
10.8352982156415,106.72935479345392,30,42,0.997655,19,14,6,1,0.7143
10.777562007197462,106.7041335430398,18,30,1.0,19,14,6,1,0.6
10.83886351241477,106.67566625482782,27,35,1.0,19,14,6,1,0.7714
10.765187049751797,106.67550552599072,23,35,1.0,19,14,6,1,0.6571
10.75948437198232,106.6840537511244,17,28,1.0,19,14,6,1,0.6071
10.865229381280963,106.72366973948476,35,49,1.0,19,14,6,1,0.7143
10.72279213640514,106.72808623948244,24,36,0.996876,19,14,6,1,0.6667
10.823400120373712,106.68551227436063,21,31,1.0,19,14,6,1,0.6774
10.756158554057755,106.66631758181126,20,29,1.0,19,14,6,1,0.6897
10.7144382088356,106.73711688366168,24,35,1.0,19,14,6,1,0.6857
10.817236653231737,106.63191539530456,24,35,1.0,19,14,6,1,0.6857
10.772727584493625,106.69804225297564,15,24,0.98171,19,16,6,1,0.625
10.774028664434528,106.70357076461706,14,28,0.92,19,16,6,1,0.5
10.752616652291238,106.72509685338922,31,39,1.0,19,16,6,1,0.7949
10.745754766198267,106.65326266831876,42,42,1.0,19,16,6,1,1.0
10.94927106740351,106.87196348224562,27,40,1.0,19,16,6,1,0.675
10.78866360854368,106.695513722289,33,42,1.0,19,16,6,1,0.7857
10.801406421807084,106.7114844087968,34,42,1.0,19,16,6,1,0.8095
10.843150534972033,106.6151343241409,25,35,1.0,19,16,6,1,0.7143
10.880537767027526,106.81481342866444,53,53,1.0,19,17,6,1,1.0
10.740840166521664,106.61899246873142,27,35,1.0,19,17,6,1,0.7714
10.798986343749618,106.7269705664684,35,45,1.0,19,17,6,1,0.7778
10.741860769464234,106.73790365482628,45,45,1.0,19,17,6,1,1.0
10.752408891679814,106.7022703818112,25,33,1.0,19,17,6,1,0.7576
10.786216596454729,106.71836665482697,40,40,1.0,19,17,6,1,1.0
10.78948793356203,106.7151883818118,36,36,1.0,19,17,6,1,1.0
10.80223925742187,106.6478722259914,27,41,1.0,19,17,6,1,0.6585
10.813928881466124,106.66511432455972,21,34,0.999242,19,17,6,1,0.6176
10.755608615763382,106.67347943578082,15,26,1.0,19,17,6,1,0.5769
10.782680856341084,106.70051548181168,19,30,1.0,19,17,6,1,0.6333
10.754895139302109,106.67839188181134,21,32,1.0,19,17,6,1,0.6562
10.785070445194592,106.68331340921324,13,26,1.0,19,17,6,1,0.5
10.7549373008113,106.67848844133415,21,32,1.0,19,17,6,1,0.6562
10.77898143649726,106.67684447140958,21,34,1.0,19,17,6,1,0.6176
10.7671128283867,106.6927618222887,10,20,1.0,19,17,6,1,0.5
10.77847212665258,106.69389510879644,31,41,1.0,19,17,6,1,0.7561
10.796057790235078,106.67492629345334,21,34,0.999242,19,17,6,1,0.6176
10.8352982156415,106.72935479345392,32,42,0.998204,19,17,6,1,0.7619
10.777562007197462,106.7041335430398,19,30,1.0,19,17,6,1,0.6333
10.83886351241477,106.67566625482782,27,36,1.0,19,17,6,1,0.75
10.765187049751797,106.67550552599072,23,36,1.0,19,17,6,1,0.6389
10.75948437198232,106.6840537511244,15,26,1.0,19,17,6,1,0.5769
10.865229381280963,106.72366973948476,35,49,1.0,19,17,6,1,0.7143
10.72279213640514,106.72808623948244,23,36,0.996296,19,17,6,1,0.6389
10.823400120373712,106.68551227436063,19,31,1.0,19,17,6,1,0.6129
10.756158554057755,106.66631758181126,21,30,1.0,19,17,6,1,0.7
10.7144382088356,106.73711688366168,23,35,1.0,19,17,6,1,0.6571
10.817236653231737,106.63191539530456,25,35,1.0,19,17,6,1,0.7143
10.772727584493625,106.69804225297564,13,24,0.984179,19,19,6,1,0.5417
10.774028664434528,106.70357076461706,13,28,0.9,19,19,6,1,0.4643
10.752616652291238,106.72509685338922,32,39,1.0,19,19,6,1,0.8205
10.745754766198267,106.65326266831876,36,43,0.999762,19,19,6,1,0.8372
10.94927106740351,106.87196348224562,27,42,1.0,19,19,6,1,0.6429
10.78866360854368,106.695513722289,34,42,1.0,19,20,6,1,0.8095
10.801406421807084,106.7114844087968,34,42,1.0,19,20,6,1,0.8095
10.843150534972033,106.6151343241409,24,35,1.0,19,20,6,1,0.6857
10.880537767027526,106.81481342866444,53,53,1.0,19,20,6,1,1.0
10.740840166521664,106.61899246873142,25,35,1.0,19,20,6,1,0.7143
10.798986343749618,106.7269705664684,45,45,1.0,19,20,6,1,1.0
10.741860769464234,106.73790365482628,39,44,1.0,19,20,6,1,0.8864
10.752408891679814,106.7022703818112,24,34,1.0,19,20,6,1,0.7059
10.786216596454729,106.71836665482697,34,40,1.0,19,20,6,1,0.85
10.78948793356203,106.7151883818118,36,36,1.0,19,20,6,1,1.0
10.80223925742187,106.6478722259914,27,41,1.0,19,20,6,1,0.6585
10.813928881466124,106.66511432455972,20,33,1.0,19,20,6,1,0.6061
10.755608615763382,106.67347943578082,15,28,1.0,19,20,6,1,0.5357
10.782680856341084,106.70051548181168,18,30,1.0,19,20,6,1,0.6
10.754895139302109,106.67839188181134,21,33,1.0,19,20,6,1,0.6364
10.785070445194592,106.68331340921324,14,27,1.0,19,21,6,1,0.5185
10.7549373008113,106.67848844133415,21,33,1.0,19,21,6,1,0.6364
10.77898143649726,106.67684447140958,22,34,1.0,19,21,6,1,0.6471
10.7671128283867,106.6927618222887,11,20,1.0,19,21,6,1,0.55
10.77847212665258,106.69389510879644,31,41,1.0,19,21,6,1,0.7561
10.796057790235078,106.67492629345334,22,33,0.999528,19,21,6,1,0.6667
10.8352982156415,106.72935479345392,33,42,0.997712,19,21,6,1,0.7857
10.777562007197462,106.7041335430398,19,30,1.0,19,21,6,1,0.6333
10.83886351241477,106.67566625482782,26,36,1.0,19,21,6,1,0.7222
10.765187049751797,106.67550552599072,20,36,1.0,19,21,6,1,0.5556
10.75948437198232,106.6840537511244,14,28,1.0,19,21,6,1,0.5
10.865229381280963,106.72366973948476,35,49,1.0,19,21,6,1,0.7143
10.72279213640514,106.72808623948244,24,37,0.995425,19,21,6,1,0.6486
10.823400120373712,106.68551227436063,20,31,1.0,19,21,6,1,0.6452
10.756158554057755,106.66631758181126,18,30,1.0,19,21,6,1,0.6
10.7144382088356,106.73711688366168,24,35,1.0,19,21,6,1,0.6857
10.817236653231737,106.63191539530456,24,35,1.0,19,22,6,1,0.6857
10.772727584493625,106.69804225297564,14,24,0.981209,19,24,6,1,0.5833
10.752616652291238,106.72509685338922,39,39,1.0,19,24,6,1,1.0
10.745754766198267,106.65326266831876,42,42,1.0,19,24,6,1,1.0
10.94927106740351,106.87196348224562,33,41,1.0,19,24,6,1,0.8049
10.78866360854368,106.695513722289,34,42,1.0,19,24,6,1,0.8095
10.801406421807084,106.7114844087968,34,42,1.0,19,24,6,1,0.8095
10.843150534972033,106.6151343241409,25,35,1.0,19,24,6,1,0.7143
10.880537767027526,106.81481342866444,53,53,1.0,19,24,6,1,1.0
10.740840166521664,106.61899246873142,27,35,1.0,19,25,6,1,0.7714
10.798986343749618,106.7269705664684,35,44,1.0,19,25,6,1,0.7955
10.741860769464234,106.73790365482628,45,45,1.0,19,25,6,1,1.0
10.752408891679814,106.7022703818112,23,34,1.0,19,25,6,1,0.6765
10.786216596454729,106.71836665482697,40,40,1.0,19,25,6,1,1.0
10.78948793356203,106.7151883818118,27,36,1.0,19,25,6,1,0.75
10.80223925742187,106.6478722259914,27,40,1.0,19,25,6,1,0.675
10.813928881466124,106.66511432455972,22,34,1.0,19,25,6,1,0.6471
10.755608615763382,106.67347943578082,17,28,1.0,19,25,6,1,0.6071
10.782680856341084,106.70051548181168,19,30,1.0,19,25,6,1,0.6333
10.754895139302109,106.67839188181134,20,32,1.0,19,25,6,1,0.625
10.785070445194592,106.68331340921324,14,28,1.0,19,25,6,1,0.5
10.7549373008113,106.67848844133415,20,33,1.0,19,25,6,1,0.6061
10.77898143649726,106.67684447140958,22,34,1.0,19,26,6,1,0.6471
10.7671128283867,106.6927618222887,11,20,1.0,19,26,6,1,0.55
10.77847212665258,106.69389510879644,31,42,1.0,19,26,6,1,0.7381
10.796057790235078,106.67492629345334,22,33,1.0,19,26,6,1,0.6667
10.8352982156415,106.72935479345392,32,42,0.998021,19,26,6,1,0.7619
10.777562007197462,106.7041335430398,18,30,1.0,19,26,6,1,0.6
10.83886351241477,106.67566625482782,27,36,1.0,19,26,6,1,0.75
10.765187049751797,106.67550552599072,23,35,1.0,19,26,6,1,0.6571
10.75948437198232,106.6840537511244,17,28,1.0,19,26,6,1,0.6071
10.865229381280963,106.72366973948476,36,49,1.0,19,26,6,1,0.7347
10.72279213640514,106.72808623948244,23,37,0.996876,19,26,6,1,0.6216
10.823400120373712,106.68551227436063,20,32,1.0,19,26,6,1,0.625
10.756158554057755,106.66631758181126,20,29,1.0,19,26,6,1,0.6897
10.7144382088356,106.73711688366168,23,35,1.0,19,26,6,1,0.6571
10.817236653231737,106.63191539530456,24,35,1.0,19,27,6,1,0.6857
10.772727584493625,106.69804225297564,13,24,0.975268,19,29,6,1,0.5417
10.752616652291238,106.72509685338922,39,39,1.0,19,29,6,1,1.0
10.745754766198267,106.65326266831876,38,43,1.0,19,29,6,1,0.8837
10.94927106740351,106.87196348224562,42,42,1.0,19,29,6,1,1.0
10.78866360854368,106.695513722289,34,41,1.0,19,29,6,1,0.8293
10.801406421807084,106.7114844087968,34,41,1.0,19,29,6,1,0.8293
10.843150534972033,106.6151343241409,24,35,1.0,19,29,6,1,0.6857
10.880537767027526,106.81481342866444,53,53,1.0,19,29,6,1,1.0
10.740840166521664,106.61899246873142,26,35,1.0,19,29,6,1,0.7429
10.798986343749618,106.7269705664684,45,45,1.0,19,29,6,1,1.0
10.741860769464234,106.73790365482628,45,45,1.0,19,29,6,1,1.0
10.752408891679814,106.7022703818112,23,33,1.0,19,29,6,1,0.697
10.786216596454729,106.71836665482697,40,40,1.0,19,29,6,1,1.0
10.78948793356203,106.7151883818118,36,36,1.0,19,30,6,1,1.0
10.80223925742187,106.6478722259914,25,41,1.0,19,30,6,1,0.6098
10.813928881466124,106.66511432455972,21,33,1.0,19,30,6,1,0.6364
10.755608615763382,106.67347943578082,16,26,1.0,19,30,6,1,0.6154
10.782680856341084,106.70051548181168,18,30,1.0,19,30,6,1,0.6
10.754895139302109,106.67839188181134,20,32,1.0,19,30,6,1,0.625
10.785070445194592,106.68331340921324,14,26,1.0,19,30,6,1,0.5385
10.7549373008113,106.67848844133415,20,32,1.0,19,30,6,1,0.625
10.77898143649726,106.67684447140958,23,34,1.0,19,30,6,1,0.6765
10.7671128283867,106.6927618222887,9,20,1.0,19,30,6,1,0.45
10.77847212665258,106.69389510879644,31,42,1.0,19,30,6,1,0.7381
10.796057790235078,106.67492629345334,22,34,1.0,19,30,6,1,0.6471
10.8352982156415,106.72935479345392,31,42,0.998737,19,30,6,1,0.7381
10.777562007197462,106.7041335430398,18,30,1.0,19,30,6,1,0.6
10.83886351241477,106.67566625482782,27,36,1.0,19,30,6,1,0.75
10.765187049751797,106.67550552599072,23,36,1.0,19,30,6,1,0.6389
10.75948437198232,106.6840537511244,17,27,1.0,19,30,6,1,0.6296
10.865229381280963,106.72366973948476,36,49,1.0,19,30,6,1,0.7347
10.72279213640514,106.72808623948244,24,37,0.996277,19,30,6,1,0.6486
10.823400120373712,106.68551227436063,22,31,1.0,19,31,6,1,0.7097
10.756158554057755,106.66631758181126,17,30,1.0,19,31,6,1,0.5667
10.7144382088356,106.73711688366168,24,35,1.0,19,31,6,1,0.6857
10.817236653231737,106.63191539530456,24,35,1.0,19,31,6,1,0.6857
10.772727584493625,106.69804225297564,12,24,0.976269,19,33,6,1,0.5
10.752616652291238,106.72509685338922,39,39,1.0,19,33,6,1,1.0
10.745754766198267,106.65326266831876,42,42,1.0,19,33,6,1,1.0
10.94927106740351,106.87196348224562,42,42,1.0,19,33,6,1,1.0
10.78866360854368,106.695513722289,32,41,1.0,19,33,6,1,0.7805
10.801406421807084,106.7114844087968,33,41,1.0,19,33,6,1,0.8049
10.843150534972033,106.6151343241409,25,35,1.0,19,34,6,1,0.7143
10.880537767027526,106.81481342866444,53,53,1.0,19,34,6,1,1.0
10.740840166521664,106.61899246873142,27,35,1.0,19,34,6,1,0.7714
10.798986343749618,106.7269705664684,45,45,1.0,19,34,6,1,1.0
10.741860769464234,106.73790365482628,45,45,1.0,19,34,6,1,1.0
10.752408891679814,106.7022703818112,23,34,1.0,19,34,6,1,0.6765
10.786216596454729,106.71836665482697,40,40,1.0,19,34,6,1,1.0
10.78948793356203,106.7151883818118,36,36,1.0,19,34,6,1,1.0
10.80223925742187,106.6478722259914,30,41,1.0,19,34,6,1,0.7317
10.813928881466124,106.66511432455972,22,34,1.0,19,34,6,1,0.6471
10.755608615763382,106.67347943578082,17,28,1.0,19,34,6,1,0.6071
10.782680856341084,106.70051548181168,18,30,1.0,19,34,6,1,0.6
10.754895139302109,106.67839188181134,22,33,1.0,19,34,6,1,0.6667
10.785070445194592,106.68331340921324,16,27,1.0,19,34,6,1,0.5926
10.7549373008113,106.67848844133415,21,32,1.0,19,34,6,1,0.6562
10.77898143649726,106.67684447140958,21,34,1.0,19,34,6,1,0.6176
10.7671128283867,106.6927618222887,14,20,1.0,19,34,6,1,0.7
10.77847212665258,106.69389510879644,30,41,1.0,19,35,6,1,0.7317
10.796057790235078,106.67492629345334,21,33,1.0,19,35,6,1,0.6364
10.8352982156415,106.72935479345392,34,42,0.998746,19,35,6,1,0.8095
10.777562007197462,106.7041335430398,18,30,1.0,19,35,6,1,0.6
10.83886351241477,106.67566625482782,25,36,1.0,19,35,6,1,0.6944
10.765187049751797,106.67550552599072,24,36,1.0,19,35,6,1,0.6667
10.75948437198232,106.6840537511244,16,28,1.0,19,35,6,1,0.5714
10.865229381280963,106.72366973948476,36,49,1.0,19,35,6,1,0.7347
10.72279213640514,106.72808623948244,24,37,0.997669,19,35,6,1,0.6486
10.823400120373712,106.68551227436063,21,32,1.0,19,35,6,1,0.6562
10.756158554057755,106.66631758181126,22,29,1.0,19,35,6,1,0.7586
10.7144382088356,106.73711688366168,24,35,1.0,19,35,6,1,0.6857
10.817236653231737,106.63191539530456,24,35,1.0,19,35,6,1,0.6857
10.772727584493625,106.69804225297564,12,25,0.982694,19,37,6,1,0.48
10.752616652291238,106.72509685338922,39,39,1.0,19,38,6,1,1.0
10.745754766198267,106.65326266831876,42,42,1.0,19,38,6,1,1.0
10.94927106740351,106.87196348224562,42,42,1.0,19,38,6,1,1.0
10.78866360854368,106.695513722289,34,41,1.0,19,38,6,1,0.8293
10.801406421807084,106.7114844087968,34,41,1.0,19,38,6,1,0.8293
10.843150534972033,106.6151343241409,25,35,1.0,19,38,6,1,0.7143
10.880537767027526,106.81481342866444,53,53,1.0,19,38,6,1,1.0
10.740840166521664,106.61899246873142,28,35,1.0,19,38,6,1,0.8
10.798986343749618,106.7269705664684,45,45,1.0,19,38,6,1,1.0
10.741860769464234,106.73790365482628,45,45,1.0,19,38,6,1,1.0
10.752408891679814,106.7022703818112,23,33,1.0,19,38,6,1,0.697
10.786216596454729,106.71836665482697,40,40,1.0,19,38,6,1,1.0
10.78948793356203,106.7151883818118,36,36,1.0,19,38,6,1,1.0
10.80223925742187,106.6478722259914,28,40,1.0,19,38,6,1,0.7
10.813928881466124,106.66511432455972,20,33,1.0,19,38,6,1,0.6061
10.755608615763382,106.67347943578082,15,28,1.0,19,38,6,1,0.5357
10.782680856341084,106.70051548181168,16,30,1.0,19,38,6,1,0.5333
10.754895139302109,106.67839188181134,21,33,1.0,19,39,6,1,0.6364
10.785070445194592,106.68331340921324,17,28,1.0,19,39,6,1,0.6071
10.7549373008113,106.67848844133415,21,33,1.0,19,39,6,1,0.6364
10.77898143649726,106.67684447140958,23,34,1.0,19,39,6,1,0.6765
10.7671128283867,106.6927618222887,11,20,1.0,19,39,6,1,0.55
10.77847212665258,106.69389510879644,30,42,1.0,19,39,6,1,0.7143
10.796057790235078,106.67492629345334,21,33,1.0,19,39,6,1,0.6364
10.8352982156415,106.72935479345392,33,42,0.998738,19,39,6,1,0.7857
10.777562007197462,106.7041335430398,17,30,1.0,19,39,6,1,0.5667
10.83886351241477,106.67566625482782,28,36,1.0,19,39,6,1,0.7778
10.765187049751797,106.67550552599072,23,35,1.0,19,39,6,1,0.6571
10.75948437198232,106.6840537511244,15,28,1.0,19,39,6,1,0.5357
10.865229381280963,106.72366973948476,36,49,1.0,19,39,6,1,0.7347
10.72279213640514,106.72808623948244,24,37,0.997669,19,39,6,1,0.6486
10.823400120373712,106.68551227436063,22,32,1.0,19,39,6,1,0.6875
10.756158554057755,106.66631758181126,21,29,1.0,19,39,6,1,0.7241
10.7144382088356,106.73711688366168,24,35,1.0,19,39,6,1,0.6857
10.817236653231737,106.63191539530456,25,35,1.0,19,40,6,1,0.7143
10.772727584493625,106.69804225297564,13,24,0.95918,19,42,6,1,0.5417
10.752616652291238,106.72509685338922,39,39,1.0,19,42,6,1,1.0
10.745754766198267,106.65326266831876,42,42,1.0,19,42,6,1,1.0
10.94927106740351,106.87196348224562,33,41,1.0,19,42,6,1,0.8049
10.78866360854368,106.695513722289,36,42,1.0,19,42,6,1,0.8571
10.801406421807084,106.7114844087968,36,42,1.0,19,42,6,1,0.8571
10.843150534972033,106.6151343241409,25,35,1.0,19,42,6,1,0.7143
10.880537767027526,106.81481342866444,53,53,1.0,19,42,6,1,1.0
10.740840166521664,106.61899246873142,26,35,1.0,19,42,6,1,0.7429
10.798986343749618,106.7269705664684,45,45,1.0,19,42,6,1,1.0
10.741860769464234,106.73790365482628,45,45,1.0,19,42,6,1,1.0
10.752408891679814,106.7022703818112,22,34,1.0,19,42,6,1,0.6471
10.786216596454729,106.71836665482697,40,40,1.0,19,42,6,1,1.0
10.78948793356203,106.7151883818118,36,36,1.0,19,42,6,1,1.0
10.80223925742187,106.6478722259914,29,40,1.0,19,42,6,1,0.725
10.813928881466124,106.66511432455972,21,33,1.0,19,43,6,1,0.6364
10.755608615763382,106.67347943578082,18,27,1.0,19,43,6,1,0.6667
10.782680856341084,106.70051548181168,18,30,1.0,19,43,6,1,0.6
10.754895139302109,106.67839188181134,18,32,1.0,19,43,6,1,0.5625
10.785070445194592,106.68331340921324,18,27,1.0,19,43,6,1,0.6667
10.7549373008113,106.67848844133415,18,32,1.0,19,43,6,1,0.5625
10.77898143649726,106.67684447140958,23,34,1.0,19,43,6,1,0.6765
10.7671128283867,106.6927618222887,15,20,1.0,19,43,6,1,0.75
10.77847212665258,106.69389510879644,31,41,1.0,19,43,6,1,0.7561
10.796057790235078,106.67492629345334,22,33,1.0,19,43,6,1,0.6667
10.8352982156415,106.72935479345392,33,41,0.998396,19,43,6,1,0.8049
10.777562007197462,106.7041335430398,18,30,1.0,19,43,6,1,0.6
10.83886351241477,106.67566625482782,27,35,1.0,19,44,6,1,0.7714
10.765187049751797,106.67550552599072,23,35,1.0,19,44,6,1,0.6571
10.75948437198232,106.6840537511244,16,27,1.0,19,44,6,1,0.5926
10.865229381280963,106.72366973948476,38,49,1.0,19,44,6,1,0.7755
10.72279213640514,106.72808623948244,26,37,0.998072,19,44,6,1,0.7027
10.823400120373712,106.68551227436063,19,31,1.0,19,44,6,1,0.6129
10.756158554057755,106.66631758181126,19,29,1.0,19,44,6,1,0.6552
10.7144382088356,106.73711688366168,24,35,1.0,19,44,6,1,0.6857
10.817236653231737,106.63191539530456,25,35,1.0,19,44,6,1,0.7143
10.772727584493625,106.69804225297564,12,24,0.965121,19,46,6,1,0.5
10.752616652291238,106.72509685338922,39,39,1.0,19,46,6,1,1.0
10.745754766198267,106.65326266831876,42,42,1.0,19,46,6,1,1.0
10.94927106740351,106.87196348224562,26,41,1.0,19,46,6,1,0.6341
10.78866360854368,106.695513722289,34,41,1.0,19,46,6,1,0.8293
10.801406421807084,106.7114844087968,34,41,1.0,19,46,6,1,0.8293
10.843150534972033,106.6151343241409,25,35,1.0,19,46,6,1,0.7143
10.880537767027526,106.81481342866444,53,53,1.0,19,46,6,1,1.0
10.740840166521664,106.61899246873142,34,34,1.0,19,46,6,1,1.0
10.798986343749618,106.7269705664684,45,45,1.0,19,46,6,1,1.0
10.741860769464234,106.73790365482628,45,45,1.0,19,46,6,1,1.0
10.752408891679814,106.7022703818112,24,33,1.0,19,47,6,1,0.7273
10.786216596454729,106.71836665482697,35,40,1.0,19,47,6,1,0.875
10.78948793356203,106.7151883818118,36,36,1.0,19,47,6,1,1.0
10.80223925742187,106.6478722259914,29,40,1.0,19,47,6,1,0.725
10.813928881466124,106.66511432455972,23,34,1.0,19,47,6,1,0.6765
10.755608615763382,106.67347943578082,17,28,1.0,19,47,6,1,0.6071
10.782680856341084,106.70051548181168,19,30,1.0,19,47,6,1,0.6333
10.754895139302109,106.67839188181134,21,33,1.0,19,47,6,1,0.6364
10.785070445194592,106.68331340921324,16,27,1.0,19,47,6,1,0.5926
10.7549373008113,106.67848844133415,21,33,1.0,19,47,6,1,0.6364
10.77898143649726,106.67684447140958,22,34,1.0,19,47,6,1,0.6471
10.7671128283867,106.6927618222887,14,20,1.0,19,47,6,1,0.7
10.77847212665258,106.69389510879644,31,41,1.0,19,47,6,1,0.7561
10.796057790235078,106.67492629345334,23,34,1.0,19,47,6,1,0.6765
10.8352982156415,106.72935479345392,34,42,0.998529,19,47,6,1,0.8095
10.777562007197462,106.7041335430398,19,30,1.0,19,47,6,1,0.6333
10.83886351241477,106.67566625482782,25,36,1.0,19,47,6,1,0.6944
10.765187049751797,106.67550552599072,24,35,1.0,19,47,6,1,0.6857
10.75948437198232,106.6840537511244,17,28,1.0,19,47,6,1,0.6071
10.865229381280963,106.72366973948476,37,48,1.0,19,47,6,1,0.7708
10.72279213640514,106.72808623948244,26,37,0.996548,19,47,6,1,0.7027
10.823400120373712,106.68551227436063,20,31,1.0,19,48,6,1,0.6452
10.756158554057755,106.66631758181126,23,29,1.0,19,48,6,1,0.7931
10.7144382088356,106.73711688366168,24,35,1.0,19,48,6,1,0.6857
10.817236653231737,106.63191539530456,27,35,1.0,19,48,6,1,0.7714
10.772727584493625,106.69804225297564,12,25,0.962401,19,50,6,1,0.48
10.752616652291238,106.72509685338922,39,39,1.0,19,50,6,1,1.0
10.745754766198267,106.65326266831876,42,42,1.0,19,50,6,1,1.0
10.94927106740351,106.87196348224562,32,42,1.0,19,50,6,1,0.7619
10.78866360854368,106.695513722289,34,42,1.0,19,50,6,1,0.8095
10.801406421807084,106.7114844087968,34,42,1.0,19,50,6,1,0.8095
10.843150534972033,106.6151343241409,25,35,1.0,19,50,6,1,0.7143
10.880537767027526,106.81481342866444,53,53,1.0,19,51,6,1,1.0
10.740840166521664,106.61899246873142,27,35,1.0,19,51,6,1,0.7714
10.798986343749618,106.7269705664684,45,45,1.0,19,51,6,1,1.0
10.741860769464234,106.73790365482628,45,45,1.0,19,51,6,1,1.0
10.752408891679814,106.7022703818112,24,33,1.0,19,51,6,1,0.7273
10.786216596454729,106.71836665482697,40,40,1.0,19,51,6,1,1.0
10.78948793356203,106.7151883818118,28,36,1.0,19,51,6,1,0.7778
10.80223925742187,106.6478722259914,29,41,1.0,19,51,6,1,0.7073
10.813928881466124,106.66511432455972,23,33,1.0,19,51,6,1,0.697
10.755608615763382,106.67347943578082,18,26,1.0,19,52,6,1,0.6923
10.782680856341084,106.70051548181168,19,30,1.0,19,52,6,1,0.6333
10.754895139302109,106.67839188181134,21,33,1.0,19,52,6,1,0.6364
10.785070445194592,106.68331340921324,16,28,1.0,19,52,6,1,0.5714
10.7549373008113,106.67848844133415,21,33,1.0,19,52,6,1,0.6364
10.77898143649726,106.67684447140958,23,34,1.0,19,52,6,1,0.6765
10.7671128283867,106.6927618222887,14,19,1.0,19,52,6,1,0.7368
10.77847212665258,106.69389510879644,31,41,1.0,19,52,6,1,0.7561
10.796057790235078,106.67492629345334,23,34,1.0,19,52,6,1,0.6765
10.8352982156415,106.72935479345392,33,42,0.997778,19,53,6,1,0.7857
10.777562007197462,106.7041335430398,19,30,1.0,19,53,6,1,0.6333
10.83886351241477,106.67566625482782,25,36,1.0,19,53,6,1,0.6944
10.765187049751797,106.67550552599072,25,35,1.0,19,53,6,1,0.7143
10.75948437198232,106.6840537511244,18,26,1.0,19,53,6,1,0.6923
10.865229381280963,106.72366973948476,37,49,1.0,19,53,6,1,0.7551
10.72279213640514,106.72808623948244,25,37,0.998245,19,53,6,1,0.6757
10.823400120373712,106.68551227436063,16,31,1.0,19,53,6,1,0.5161
10.756158554057755,106.66631758181126,21,29,1.0,19,53,6,1,0.7241
10.7144382088356,106.73711688366168,24,35,1.0,19,53,6,1,0.6857
10.817236653231737,106.63191539530456,25,35,1.0,19,53,6,1,0.7143
10.772727584493625,106.69804225297564,12,23,0.960866,19,56,6,1,0.5217
10.774028664434528,106.70357076461706,18,28,0.91746,19,56,6,1,0.6429
10.752616652291238,106.72509685338922,39,39,1.0,19,56,6,1,1.0
10.745754766198267,106.65326266831876,35,43,1.0,19,56,6,1,0.814
10.94927106740351,106.87196348224562,29,41,1.0,19,56,6,1,0.7073
10.78866360854368,106.695513722289,35,42,1.0,19,56,6,1,0.8333
10.801406421807084,106.7114844087968,35,42,1.0,19,56,6,1,0.8333
10.843150534972033,106.6151343241409,24,34,1.0,19,56,6,1,0.7059
10.880537767027526,106.81481342866444,53,53,1.0,19,56,6,1,1.0
10.740840166521664,106.61899246873142,34,34,1.0,19,56,6,1,1.0
10.798986343749618,106.7269705664684,45,45,1.0,19,56,6,1,1.0
10.741860769464234,106.73790365482628,45,45,1.0,19,56,6,1,1.0
10.752408891679814,106.7022703818112,24,34,1.0,19,56,6,1,0.7059
10.786216596454729,106.71836665482697,40,40,1.0,19,56,6,1,1.0
10.78948793356203,106.7151883818118,36,36,1.0,19,56,6,1,1.0
10.80223925742187,106.6478722259914,29,40,1.0,19,56,6,1,0.725
10.813928881466124,106.66511432455972,22,33,1.0,19,56,6,1,0.6667
10.755608615763382,106.67347943578082,18,28,0.998951,19,56,6,1,0.6429
10.782680856341084,106.70051548181168,19,30,1.0,19,56,6,1,0.6333
10.754895139302109,106.67839188181134,20,31,1.0,19,57,6,1,0.6452
10.785070445194592,106.68331340921324,14,27,1.0,19,57,6,1,0.5185
10.7549373008113,106.67848844133415,21,32,1.0,19,57,6,1,0.6562
10.77898143649726,106.67684447140958,22,35,1.0,19,57,6,1,0.6286
10.7671128283867,106.6927618222887,10,19,1.0,19,57,6,1,0.5263
10.77847212665258,106.69389510879644,32,41,1.0,19,57,6,1,0.7805
10.796057790235078,106.67492629345334,23,34,1.0,19,57,6,1,0.6765
10.8352982156415,106.72935479345392,34,42,0.996578,19,57,6,1,0.8095
10.777562007197462,106.7041335430398,18,30,1.0,19,58,6,1,0.6
10.83886351241477,106.67566625482782,26,36,1.0,19,58,6,1,0.7222
10.765187049751797,106.67550552599072,22,35,1.0,19,58,6,1,0.6286
10.75948437198232,106.6840537511244,18,28,0.998951,19,58,6,1,0.6429
10.865229381280963,106.72366973948476,36,49,1.0,19,58,6,1,0.7347
10.72279213640514,106.72808623948244,25,37,0.998245,19,58,6,1,0.6757
10.823400120373712,106.68551227436063,21,32,1.0,19,58,6,1,0.6562
10.756158554057755,106.66631758181126,20,28,1.0,19,58,6,1,0.7143
10.7144382088356,106.73711688366168,23,35,1.0,19,58,6,1,0.6571
10.817236653231737,106.63191539530456,25,35,1.0,19,58,6,1,0.7143
10.772727584493625,106.69804225297564,14,24,0.966356,20,0,6,1,0.5833
10.752616652291238,106.72509685338922,39,39,1.0,20,0,6,1,1.0
10.745754766198267,106.65326266831876,42,42,1.0,20,0,6,1,1.0
10.94927106740351,106.87196348224562,32,42,1.0,20,0,6,1,0.7619
10.78866360854368,106.695513722289,36,42,1.0,20,0,6,1,0.8571
10.801406421807084,106.7114844087968,36,42,1.0,20,0,6,1,0.8571
10.843150534972033,106.6151343241409,25,35,1.0,20,0,6,1,0.7143
10.880537767027526,106.81481342866444,53,53,1.0,20,0,6,1,1.0
10.740840166521664,106.61899246873142,28,35,1.0,20,1,6,1,0.8
10.798986343749618,106.7269705664684,45,45,1.0,20,1,6,1,1.0
10.741860769464234,106.73790365482628,45,45,1.0,20,1,6,1,1.0
10.752408891679814,106.7022703818112,24,33,1.0,20,1,6,1,0.7273
10.786216596454729,106.71836665482697,40,40,1.0,20,1,6,1,1.0
10.78948793356203,106.7151883818118,36,36,1.0,20,1,6,1,1.0
10.80223925742187,106.6478722259914,30,41,1.0,20,1,6,1,0.7317
10.813928881466124,106.66511432455972,23,33,0.999242,20,1,6,1,0.697
10.755608615763382,106.67347943578082,19,27,1.0,20,1,6,1,0.7037
10.782680856341084,106.70051548181168,17,30,1.0,20,1,6,1,0.5667
10.754895139302109,106.67839188181134,21,32,1.0,20,1,6,1,0.6562
10.785070445194592,106.68331340921324,14,27,1.0,20,1,6,1,0.5185
10.7549373008113,106.67848844133415,21,32,1.0,20,1,6,1,0.6562
10.77898143649726,106.67684447140958,22,34,1.0,20,1,6,1,0.6471
10.7671128283867,106.6927618222887,8,19,1.0,20,1,6,1,0.4211
10.77847212665258,106.69389510879644,32,41,1.0,20,1,6,1,0.7805
10.796057790235078,106.67492629345334,24,33,1.0,20,1,6,1,0.7273
10.8352982156415,106.72935479345392,34,42,0.992341,20,2,6,1,0.8095
10.777562007197462,106.7041335430398,17,30,1.0,20,2,6,1,0.5667
10.83886351241477,106.67566625482782,27,35,1.0,20,2,6,1,0.7714
10.765187049751797,106.67550552599072,25,36,1.0,20,2,6,1,0.6944
10.75948437198232,106.6840537511244,18,27,0.998954,20,2,6,1,0.6667
10.865229381280963,106.72366973948476,36,49,1.0,20,2,6,1,0.7347
10.72279213640514,106.72808623948244,24,37,0.997974,20,2,6,1,0.6486
10.823400120373712,106.68551227436063,21,31,1.0,20,2,6,1,0.6774
10.756158554057755,106.66631758181126,21,30,1.0,20,2,6,1,0.7
10.7144382088356,106.73711688366168,24,35,1.0,20,2,6,1,0.6857
10.817236653231737,106.63191539530456,24,34,1.0,20,2,6,1,0.7059
10.772727584493625,106.69804225297564,13,24,0.966356,20,4,6,1,0.5417
10.752616652291238,106.72509685338922,39,39,1.0,20,4,6,1,1.0
10.745754766198267,106.65326266831876,42,42,1.0,20,4,6,1,1.0
10.94927106740351,106.87196348224562,31,42,1.0,20,4,6,1,0.7381
10.78866360854368,106.695513722289,35,42,1.0,20,4,6,1,0.8333
10.801406421807084,106.7114844087968,36,42,1.0,20,4,6,1,0.8571
10.843150534972033,106.6151343241409,24,34,1.0,20,5,6,1,0.7059
10.880537767027526,106.81481342866444,53,53,1.0,20,5,6,1,1.0
10.740840166521664,106.61899246873142,29,35,1.0,20,5,6,1,0.8286
10.798986343749618,106.7269705664684,45,45,1.0,20,5,6,1,1.0
10.741860769464234,106.73790365482628,45,45,1.0,20,5,6,1,1.0
10.752408891679814,106.7022703818112,19,33,1.0,20,5,6,1,0.5758
10.786216596454729,106.71836665482697,40,40,1.0,20,5,6,1,1.0
10.78948793356203,106.7151883818118,36,36,1.0,20,5,6,1,1.0
10.80223925742187,106.6478722259914,30,41,1.0,20,5,6,1,0.7317
10.813928881466124,106.66511432455972,23,34,1.0,20,5,6,1,0.6765
10.755608615763382,106.67347943578082,17,28,1.0,20,6,6,1,0.6071
10.782680856341084,106.70051548181168,17,30,1.0,20,6,6,1,0.5667
10.754895139302109,106.67839188181134,21,33,1.0,20,6,6,1,0.6364
10.785070445194592,106.68331340921324,15,27,1.0,20,6,6,1,0.5556
10.7549373008113,106.67848844133415,21,33,1.0,20,6,6,1,0.6364
10.77898143649726,106.67684447140958,22,34,1.0,20,6,6,1,0.6471
10.7671128283867,106.6927618222887,7,19,1.0,20,6,6,1,0.3684
10.77847212665258,106.69389510879644,32,41,1.0,20,6,6,1,0.7805
10.796057790235078,106.67492629345334,22,33,1.0,20,6,6,1,0.6667
10.8352982156415,106.72935479345392,34,42,0.997116,20,6,6,1,0.8095
10.777562007197462,106.7041335430398,16,30,1.0,20,7,6,1,0.5333
10.83886351241477,106.67566625482782,27,36,0.999223,20,7,6,1,0.75
10.765187049751797,106.67550552599072,21,35,1.0,20,7,6,1,0.6
10.75948437198232,106.6840537511244,16,28,1.0,20,7,6,1,0.5714
10.865229381280963,106.72366973948476,36,49,1.0,20,7,6,1,0.7347
10.72279213640514,106.72808623948244,25,37,0.996923,20,7,6,1,0.6757
10.823400120373712,106.68551227436063,21,31,1.0,20,7,6,1,0.6774
10.756158554057755,106.66631758181126,23,29,1.0,20,7,6,1,0.7931
10.7144382088356,106.73711688366168,25,35,1.0,20,7,6,1,0.7143
10.817236653231737,106.63191539530456,25,35,1.0,20,7,6,1,0.7143
10.772727584493625,106.69804225297564,11,24,0.962401,20,9,6,1,0.4583
10.774028664434528,106.70357076461706,13,28,0.91,20,9,6,1,0.4643
10.752616652291238,106.72509685338922,39,39,1.0,20,9,6,1,1.0
10.745754766198267,106.65326266831876,42,42,1.0,20,9,6,1,1.0
10.94927106740351,106.87196348224562,42,42,1.0,20,9,6,1,1.0
10.78866360854368,106.695513722289,33,42,1.0,20,9,6,1,0.7857
10.801406421807084,106.7114844087968,33,42,1.0,20,9,6,1,0.7857
10.843150534972033,106.6151343241409,25,34,1.0,20,9,6,1,0.7353
10.880537767027526,106.81481342866444,53,53,1.0,20,9,6,1,1.0
10.740840166521664,106.61899246873142,29,35,1.0,20,9,6,1,0.8286
10.798986343749618,106.7269705664684,45,45,1.0,20,9,6,1,1.0
10.741860769464234,106.73790365482628,45,45,1.0,20,10,6,1,1.0
10.752408891679814,106.7022703818112,21,34,1.0,20,10,6,1,0.6176
10.786216596454729,106.71836665482697,40,40,1.0,20,10,6,1,1.0
10.78948793356203,106.7151883818118,36,36,1.0,20,10,6,1,1.0
10.80223925742187,106.6478722259914,28,41,1.0,20,10,6,1,0.6829
10.813928881466124,106.66511432455972,24,34,1.0,20,10,6,1,0.7059
10.755608615763382,106.67347943578082,17,27,0.998943,20,10,6,1,0.6296
10.782680856341084,106.70051548181168,17,30,1.0,20,10,6,1,0.5667
10.754895139302109,106.67839188181134,19,32,1.0,20,10,6,1,0.5938
10.785070445194592,106.68331340921324,20,28,1.0,20,11,6,1,0.7143
10.7549373008113,106.67848844133415,20,32,1.0,20,11,6,1,0.625
10.77898143649726,106.67684447140958,22,35,1.0,20,11,6,1,0.6286
10.7671128283867,106.6927618222887,9,20,1.0,20,11,6,1,0.45
10.77847212665258,106.69389510879644,32,41,1.0,20,11,6,1,0.7805
10.796057790235078,106.67492629345334,24,34,1.0,20,11,6,1,0.7059
10.8352982156415,106.72935479345392,35,42,0.997571,20,11,6,1,0.8333
10.777562007197462,106.7041335430398,17,30,1.0,20,11,6,1,0.5667
10.83886351241477,106.67566625482782,28,35,1.0,20,11,6,1,0.8
10.765187049751797,106.67550552599072,23,36,1.0,20,11,6,1,0.6389
10.75948437198232,106.6840537511244,18,27,1.0,20,11,6,1,0.6667
10.865229381280963,106.72366973948476,36,49,1.0,20,11,6,1,0.7347
10.72279213640514,106.72808623948244,24,37,0.997206,20,11,6,1,0.6486
10.823400120373712,106.68551227436063,19,32,1.0,20,11,6,1,0.5938
10.756158554057755,106.66631758181126,20,29,1.0,20,11,6,1,0.6897
10.7144382088356,106.73711688366168,24,35,1.0,20,12,6,1,0.6857
10.817236653231737,106.63191539530456,25,35,1.0,20,12,6,1,0.7143
10.772727584493625,106.69804225297564,13,24,0.963386,20,14,6,1,0.5417
10.752616652291238,106.72509685338922,39,39,1.0,20,14,6,1,1.0
10.745754766198267,106.65326266831876,42,42,1.0,20,14,6,1,1.0
10.94927106740351,106.87196348224562,30,41,1.0,20,14,6,1,0.7317
10.78866360854368,106.695513722289,35,42,1.0,20,14,6,1,0.8333
10.801406421807084,106.7114844087968,35,42,1.0,20,14,6,1,0.8333
10.843150534972033,106.6151343241409,25,35,1.0,20,14,6,1,0.7143
10.880537767027526,106.81481342866444,53,53,1.0,20,15,6,1,1.0
10.740840166521664,106.61899246873142,27,35,1.0,20,15,6,1,0.7714
10.798986343749618,106.7269705664684,45,45,1.0,20,15,6,1,1.0
10.741860769464234,106.73790365482628,45,45,1.0,20,15,6,1,1.0
10.752408891679814,106.7022703818112,21,34,1.0,20,15,6,1,0.6176
10.786216596454729,106.71836665482697,40,40,1.0,20,15,6,1,1.0
10.78948793356203,106.7151883818118,36,36,1.0,20,15,6,1,1.0
10.80223925742187,106.6478722259914,29,40,1.0,20,15,6,1,0.725
10.813928881466124,106.66511432455972,21,34,0.998955,20,15,6,1,0.6176
10.755608615763382,106.67347943578082,18,28,1.0,20,15,6,1,0.6429
10.782680856341084,106.70051548181168,17,30,1.0,20,15,6,1,0.5667
10.754895139302109,106.67839188181134,20,32,1.0,20,15,6,1,0.625
10.785070445194592,106.68331340921324,15,27,1.0,20,15,6,1,0.5556
10.7549373008113,106.67848844133415,20,33,1.0,20,15,6,1,0.6061
10.77898143649726,106.67684447140958,21,34,1.0,20,15,6,1,0.6176
10.7671128283867,106.6927618222887,10,20,1.0,20,15,6,1,0.5
10.77847212665258,106.69389510879644,31,41,1.0,20,15,6,1,0.7561
10.796057790235078,106.67492629345334,23,34,0.998954,20,15,6,1,0.6765
10.8352982156415,106.72935479345392,33,42,0.996856,20,15,6,1,0.7857
10.777562007197462,106.7041335430398,19,30,1.0,20,15,6,1,0.6333
10.83886351241477,106.67566625482782,26,36,1.0,20,15,6,1,0.7222
10.765187049751797,106.67550552599072,19,36,1.0,20,15,6,1,0.5278
10.75948437198232,106.6840537511244,15,28,1.0,20,16,6,1,0.5357
10.865229381280963,106.72366973948476,37,49,1.0,20,16,6,1,0.7551
10.72279213640514,106.72808623948244,26,37,0.997098,20,16,6,1,0.7027
10.823400120373712,106.68551227436063,20,31,1.0,20,16,6,1,0.6452
10.756158554057755,106.66631758181126,24,30,1.0,20,16,6,1,0.8
10.7144382088356,106.73711688366168,25,35,1.0,20,16,6,1,0.7143
10.817236653231737,106.63191539530456,24,34,1.0,20,16,6,1,0.7059
10.772727584493625,106.69804225297564,12,23,0.947899,20,18,6,1,0.5217
10.752616652291238,106.72509685338922,39,39,1.0,20,18,6,1,1.0
10.745754766198267,106.65326266831876,42,42,1.0,20,19,6,1,1.0
10.94927106740351,106.87196348224562,30,41,1.0,20,19,6,1,0.7317
10.78866360854368,106.695513722289,34,41,1.0,20,19,6,1,0.8293
10.801406421807084,106.7114844087968,33,41,1.0,20,19,6,1,0.8049
10.843150534972033,106.6151343241409,25,35,1.0,20,19,6,1,0.7143
10.880537767027526,106.81481342866444,53,53,1.0,20,19,6,1,1.0
10.740840166521664,106.61899246873142,26,35,1.0,20,19,6,1,0.7429
10.798986343749618,106.7269705664684,45,45,1.0,20,19,6,1,1.0
10.741860769464234,106.73790365482628,45,45,1.0,20,19,6,1,1.0
10.752408891679814,106.7022703818112,22,32,1.0,20,19,6,1,0.6875
10.786216596454729,106.71836665482697,40,40,1.0,20,19,6,1,1.0
10.78948793356203,106.7151883818118,36,36,1.0,20,19,6,1,1.0
10.80223925742187,106.6478722259914,30,41,1.0,20,20,6,1,0.7317
10.813928881466124,106.66511432455972,23,34,0.999715,20,20,6,1,0.6765
10.755608615763382,106.67347943578082,17,28,1.0,20,20,6,1,0.6071
10.782680856341084,106.70051548181168,19,30,1.0,20,20,6,1,0.6333
10.754895139302109,106.67839188181134,20,32,1.0,20,20,6,1,0.625
10.785070445194592,106.68331340921324,18,27,1.0,20,20,6,1,0.6667
10.7549373008113,106.67848844133415,20,32,1.0,20,20,6,1,0.625
10.77898143649726,106.67684447140958,21,34,1.0,20,20,6,1,0.6176
10.7671128283867,106.6927618222887,12,19,1.0,20,20,6,1,0.6316
10.77847212665258,106.69389510879644,32,41,1.0,20,20,6,1,0.7805
10.796057790235078,106.67492629345334,22,34,0.999244,20,20,6,1,0.6471
10.8352982156415,106.72935479345392,32,42,0.998014,20,20,6,1,0.7619
10.777562007197462,106.7041335430398,19,30,1.0,20,20,6,1,0.6333
10.83886351241477,106.67566625482782,26,35,1.0,20,21,6,1,0.7429
10.765187049751797,106.67550552599072,22,36,1.0,20,21,6,1,0.6111
10.75948437198232,106.6840537511244,18,28,1.0,20,21,6,1,0.6429
10.865229381280963,106.72366973948476,36,49,1.0,20,21,6,1,0.7347
10.72279213640514,106.72808623948244,25,37,0.997206,20,21,6,1,0.6757
10.823400120373712,106.68551227436063,22,32,1.0,20,21,6,1,0.6875
10.756158554057755,106.66631758181126,21,29,1.0,20,21,6,1,0.7241
10.7144382088356,106.73711688366168,24,35,1.0,20,21,6,1,0.6857
10.817236653231737,106.63191539530456,25,35,1.0,20,21,6,1,0.7143
10.772727584493625,106.69804225297564,12,23,0.967207,20,23,6,1,0.5217
10.774028664434528,106.70357076461706,12,28,0.92,20,23,6,1,0.4286
10.752616652291238,106.72509685338922,39,39,1.0,20,23,6,1,1.0
10.745754766198267,106.65326266831876,42,42,1.0,20,23,6,1,1.0
10.94927106740351,106.87196348224562,30,41,1.0,20,23,6,1,0.7317
10.78866360854368,106.695513722289,34,42,1.0,20,23,6,1,0.8095
10.801406421807084,106.7114844087968,34,41,1.0,20,23,6,1,0.8293
10.843150534972033,106.6151343241409,24,35,1.0,20,24,6,1,0.6857
10.880537767027526,106.81481342866444,53,53,1.0,20,24,6,1,1.0
10.740840166521664,106.61899246873142,27,35,1.0,20,24,6,1,0.7714
10.798986343749618,106.7269705664684,45,45,1.0,20,24,6,1,1.0
10.741860769464234,106.73790365482628,45,45,1.0,20,24,6,1,1.0
10.752408891679814,106.7022703818112,24,34,1.0,20,24,6,1,0.7059
10.786216596454729,106.71836665482697,40,40,1.0,20,24,6,1,1.0
10.78948793356203,106.7151883818118,36,36,1.0,20,24,6,1,1.0
10.80223925742187,106.6478722259914,29,41,1.0,20,24,6,1,0.7073
10.813928881466124,106.66511432455972,22,34,0.998691,20,24,6,1,0.6471
10.755608615763382,106.67347943578082,17,27,1.0,20,24,6,1,0.6296
10.782680856341084,106.70051548181168,19,30,1.0,20,24,6,1,0.6333
10.754895139302109,106.67839188181134,20,32,1.0,20,24,6,1,0.625
10.785070445194592,106.68331340921324,19,28,1.0,20,24,6,1,0.6786
10.7549373008113,106.67848844133415,20,32,1.0,20,24,6,1,0.625
10.77898143649726,106.67684447140958,22,34,1.0,20,24,6,1,0.6471
10.7671128283867,106.6927618222887,8,21,1.0,20,25,6,1,0.381
10.77847212665258,106.69389510879644,31,41,1.0,20,25,6,1,0.7561
10.796057790235078,106.67492629345334,23,34,1.0,20,25,6,1,0.6765
10.8352982156415,106.72935479345392,34,42,0.99802,20,25,6,1,0.8095
10.777562007197462,106.7041335430398,18,30,1.0,20,25,6,1,0.6
10.83886351241477,106.67566625482782,27,36,1.0,20,25,6,1,0.75
10.765187049751797,106.67550552599072,25,35,1.0,20,25,6,1,0.7143
10.75948437198232,106.6840537511244,17,27,1.0,20,25,6,1,0.6296
10.865229381280963,106.72366973948476,36,49,1.0,20,25,6,1,0.7347
10.72279213640514,106.72808623948244,26,37,0.996399,20,25,6,1,0.7027
10.823400120373712,106.68551227436063,21,31,1.0,20,26,6,1,0.6774
10.756158554057755,106.66631758181126,30,30,1.0,20,26,6,1,1.0
10.7144382088356,106.73711688366168,24,35,1.0,20,26,6,1,0.6857
10.817236653231737,106.63191539530456,26,35,1.0,20,26,6,1,0.7429
10.772727584493625,106.69804225297564,12,24,0.98171,20,28,6,1,0.5
10.774028664434528,106.70357076461706,13,28,0.94,20,28,6,1,0.4643
10.752616652291238,106.72509685338922,39,39,1.0,20,28,6,1,1.0
10.745754766198267,106.65326266831876,42,42,1.0,20,28,6,1,1.0
10.94927106740351,106.87196348224562,28,42,1.0,20,28,6,1,0.6667
10.78866360854368,106.695513722289,34,42,1.0,20,28,6,1,0.8095
10.801406421807084,106.7114844087968,34,42,1.0,20,28,6,1,0.8095
10.843150534972033,106.6151343241409,25,35,1.0,20,28,6,1,0.7143
10.880537767027526,106.81481342866444,53,53,1.0,20,28,6,1,1.0
10.740840166521664,106.61899246873142,27,35,1.0,20,29,6,1,0.7714
10.798986343749618,106.7269705664684,45,45,1.0,20,29,6,1,1.0
10.741860769464234,106.73790365482628,45,45,1.0,20,29,6,1,1.0
10.752408891679814,106.7022703818112,22,33,1.0,20,29,6,1,0.6667
10.786216596454729,106.71836665482697,35,40,1.0,20,29,6,1,0.875
10.78948793356203,106.7151883818118,36,36,1.0,20,29,6,1,1.0
10.80223925742187,106.6478722259914,27,41,1.0,20,29,6,1,0.6585
10.813928881466124,106.66511432455972,23,34,0.998954,20,29,6,1,0.6765
10.755608615763382,106.67347943578082,17,27,1.0,20,29,6,1,0.6296
10.782680856341084,106.70051548181168,19,30,1.0,20,29,6,1,0.6333
10.754895139302109,106.67839188181134,20,32,1.0,20,30,6,1,0.625
10.785070445194592,106.68331340921324,15,27,1.0,20,30,6,1,0.5556
10.7549373008113,106.67848844133415,20,32,1.0,20,30,6,1,0.625
10.77898143649726,106.67684447140958,22,35,1.0,20,30,6,1,0.6286
10.7671128283867,106.6927618222887,12,19,1.0,20,30,6,1,0.6316
10.77847212665258,106.69389510879644,32,41,1.0,20,30,6,1,0.7805
10.796057790235078,106.67492629345334,25,34,1.0,20,30,6,1,0.7353
10.8352982156415,106.72935479345392,35,42,0.998382,20,30,6,1,0.8333
10.777562007197462,106.7041335430398,20,31,1.0,20,30,6,1,0.6452
10.83886351241477,106.67566625482782,25,36,1.0,20,30,6,1,0.6944
10.765187049751797,106.67550552599072,26,36,1.0,20,30,6,1,0.7222
10.75948437198232,106.6840537511244,19,28,1.0,20,30,6,1,0.6786
10.865229381280963,106.72366973948476,36,49,1.0,20,30,6,1,0.7347
10.72279213640514,106.72808623948244,26,37,0.996179,20,30,6,1,0.7027
10.823400120373712,106.68551227436063,20,31,1.0,20,30,6,1,0.6452
10.756158554057755,106.66631758181126,20,29,1.0,20,30,6,1,0.6897
10.7144382088356,106.73711688366168,25,35,1.0,20,31,6,1,0.7143
10.817236653231737,106.63191539530456,25,34,1.0,20,31,6,1,0.7353
10.772727584493625,106.69804225297564,12,24,0.985665,20,33,6,1,0.5
10.774028664434528,106.70357076461706,13,28,0.94,20,33,6,1,0.4643
10.752616652291238,106.72509685338922,30,40,1.0,20,33,6,1,0.75
10.745754766198267,106.65326266831876,42,42,1.0,20,33,6,1,1.0
10.94927106740351,106.87196348224562,34,41,1.0,20,33,6,1,0.8293
10.78866360854368,106.695513722289,33,41,1.0,20,33,6,1,0.8049
10.801406421807084,106.7114844087968,33,41,1.0,20,33,6,1,0.8049
10.843150534972033,106.6151343241409,24,35,1.0,20,33,6,1,0.6857
10.880537767027526,106.81481342866444,53,53,1.0,20,33,6,1,1.0
10.740840166521664,106.61899246873142,28,36,1.0,20,34,6,1,0.7778
10.798986343749618,106.7269705664684,45,45,1.0,20,34,6,1,1.0
10.741860769464234,106.73790365482628,45,45,1.0,20,34,6,1,1.0
10.752408891679814,106.7022703818112,25,33,1.0,20,34,6,1,0.7576
10.786216596454729,106.71836665482697,40,40,1.0,20,34,6,1,1.0
10.78948793356203,106.7151883818118,36,36,1.0,20,34,6,1,1.0
10.80223925742187,106.6478722259914,27,41,1.0,20,34,6,1,0.6585
10.813928881466124,106.66511432455972,22,33,1.0,20,34,6,1,0.6667
10.755608615763382,106.67347943578082,18,28,1.0,20,34,6,1,0.6429
10.782680856341084,106.70051548181168,18,30,1.0,20,34,6,1,0.6
10.754895139302109,106.67839188181134,20,33,1.0,20,35,6,1,0.6061
10.785070445194592,106.68331340921324,14,27,1.0,20,35,6,1,0.5185
10.7549373008113,106.67848844133415,20,33,1.0,20,35,6,1,0.6061
10.77898143649726,106.67684447140958,23,34,1.0,20,35,6,1,0.6765
10.7671128283867,106.6927618222887,11,19,1.0,20,35,6,1,0.5789
10.77847212665258,106.69389510879644,32,42,1.0,20,35,6,1,0.7619
10.796057790235078,106.67492629345334,23,33,1.0,20,35,6,1,0.697
10.8352982156415,106.72935479345392,34,42,0.998202,20,35,6,1,0.8095
10.777562007197462,106.7041335430398,18,30,1.0,20,35,6,1,0.6
10.83886351241477,106.67566625482782,25,36,1.0,20,35,6,1,0.6944
10.765187049751797,106.67550552599072,24,36,1.0,20,35,6,1,0.6667
10.75948437198232,106.6840537511244,17,27,1.0,20,35,6,1,0.6296
10.865229381280963,106.72366973948476,36,49,1.0,20,35,6,1,0.7347
10.72279213640514,106.72808623948244,24,37,0.996179,20,35,6,1,0.6486
10.823400120373712,106.68551227436063,20,31,1.0,20,35,6,1,0.6452
10.756158554057755,106.66631758181126,21,29,1.0,20,35,6,1,0.7241
10.7144382088356,106.73711688366168,25,35,1.0,20,35,6,1,0.7143
10.817236653231737,106.63191539530456,24,35,1.0,20,35,6,1,0.6857
10.772727584493625,106.69804225297564,12,24,0.98171,20,37,6,1,0.5
10.774028664434528,106.70357076461706,29,29,1.0,20,37,6,1,1.0
10.752616652291238,106.72509685338922,34,39,1.0,20,37,6,1,0.8718
10.745754766198267,106.65326266831876,42,42,1.0,20,37,6,1,1.0
10.94927106740351,106.87196348224562,33,42,1.0,20,37,6,1,0.7857
10.78866360854368,106.695513722289,35,41,1.0,20,37,6,1,0.8537
10.801406421807084,106.7114844087968,34,41,1.0,20,38,6,1,0.8293
10.843150534972033,106.6151343241409,25,35,1.0,20,38,6,1,0.7143
10.880537767027526,106.81481342866444,53,53,1.0,20,38,6,1,1.0
10.740840166521664,106.61899246873142,27,35,1.0,20,38,6,1,0.7714
10.798986343749618,106.7269705664684,45,45,1.0,20,38,6,1,1.0
10.741860769464234,106.73790365482628,45,45,1.0,20,38,6,1,1.0
10.752408891679814,106.7022703818112,26,34,1.0,20,38,6,1,0.7647
10.786216596454729,106.71836665482697,40,40,1.0,20,38,6,1,1.0
10.78948793356203,106.7151883818118,36,36,1.0,20,38,6,1,1.0
10.80223925742187,106.6478722259914,30,41,1.0,20,38,6,1,0.7317
10.813928881466124,106.66511432455972,24,34,1.0,20,38,6,1,0.7059
10.755608615763382,106.67347943578082,17,27,1.0,20,39,6,1,0.6296
10.782680856341084,106.70051548181168,19,30,1.0,20,39,6,1,0.6333
10.754895139302109,106.67839188181134,20,32,1.0,20,39,6,1,0.625
10.785070445194592,106.68331340921324,18,28,1.0,20,39,6,1,0.6429
10.7549373008113,106.67848844133415,20,32,1.0,20,39,6,1,0.625
10.77898143649726,106.67684447140958,23,35,1.0,20,39,6,1,0.6571
10.7671128283867,106.6927618222887,14,19,1.0,20,39,6,1,0.7368
10.77847212665258,106.69389510879644,31,41,1.0,20,39,6,1,0.7561
10.796057790235078,106.67492629345334,23,34,0.999265,20,39,6,1,0.6765
10.8352982156415,106.72935479345392,34,42,0.998386,20,39,6,1,0.8095
10.777562007197462,106.7041335430398,19,31,1.0,20,39,6,1,0.6129
10.83886351241477,106.67566625482782,26,35,1.0,20,39,6,1,0.7429
10.765187049751797,106.67550552599072,25,35,1.0,20,39,6,1,0.7143
10.75948437198232,106.6840537511244,18,28,1.0,20,39,6,1,0.6429
10.865229381280963,106.72366973948476,38,49,1.0,20,39,6,1,0.7755
10.72279213640514,106.72808623948244,27,37,0.997445,20,40,6,1,0.7297
10.823400120373712,106.68551227436063,20,31,1.0,20,40,6,1,0.6452
10.756158554057755,106.66631758181126,20,30,1.0,20,40,6,1,0.6667
10.7144382088356,106.73711688366168,25,35,1.0,20,40,6,1,0.7143
10.817236653231737,106.63191539530456,24,34,1.0,20,40,6,1,0.7059
10.772727584493625,106.69804225297564,12,24,0.98171,20,42,6,1,0.5
10.774028664434528,106.70357076461706,24,28,0.94,20,42,6,1,0.8571
10.752616652291238,106.72509685338922,39,39,1.0,20,42,6,1,1.0
10.745754766198267,106.65326266831876,36,43,1.0,20,42,6,1,0.8372
10.94927106740351,106.87196348224562,27,41,1.0,20,42,6,1,0.6585
10.78866360854368,106.695513722289,35,41,1.0,20,42,6,1,0.8537
10.801406421807084,106.7114844087968,35,41,1.0,20,42,6,1,0.8537
10.843150534972033,106.6151343241409,25,35,1.0,20,42,6,1,0.7143
10.880537767027526,106.81481342866444,53,53,1.0,20,42,6,1,1.0
10.740840166521664,106.61899246873142,27,35,1.0,20,42,6,1,0.7714
10.798986343749618,106.7269705664684,45,45,1.0,20,42,6,1,1.0
10.741860769464234,106.73790365482628,45,45,1.0,20,42,6,1,1.0
10.752408891679814,106.7022703818112,26,33,1.0,20,42,6,1,0.7879
10.786216596454729,106.71836665482697,40,40,1.0,20,42,6,1,1.0
10.78948793356203,106.7151883818118,36,36,1.0,20,42,6,1,1.0
10.80223925742187,106.6478722259914,31,41,1.0,20,42,6,1,0.7561
10.813928881466124,106.66511432455972,23,34,0.998769,20,42,6,1,0.6765
10.755608615763382,106.67347943578082,17,26,0.997909,20,42,6,1,0.6538
10.782680856341084,106.70051548181168,18,30,1.0,20,42,6,1,0.6
10.754895139302109,106.67839188181134,20,32,1.0,20,42,6,1,0.625
10.785070445194592,106.68331340921324,17,27,1.0,20,42,6,1,0.6296
10.7549373008113,106.67848844133415,20,32,1.0,20,42,6,1,0.625
10.77898143649726,106.67684447140958,22,34,1.0,20,43,6,1,0.6471
10.7671128283867,106.6927618222887,10,19,1.0,20,43,6,1,0.5263
10.77847212665258,106.69389510879644,31,41,1.0,20,43,6,1,0.7561
10.796057790235078,106.67492629345334,23,34,0.998769,20,43,6,1,0.6765
10.8352982156415,106.72935479345392,34,42,0.998384,20,43,6,1,0.8095
10.777562007197462,106.7041335430398,18,30,1.0,20,43,6,1,0.6
10.83886351241477,106.67566625482782,28,36,1.0,20,43,6,1,0.7778
10.765187049751797,106.67550552599072,26,36,1.0,20,43,6,1,0.7222
10.75948437198232,106.6840537511244,16,28,1.0,20,43,6,1,0.5714
10.865229381280963,106.72366973948476,39,49,1.0,20,43,6,1,0.7959
10.72279213640514,106.72808623948244,26,37,0.997364,20,43,6,1,0.7027
10.823400120373712,106.68551227436063,19,31,1.0,20,43,6,1,0.6129
10.756158554057755,106.66631758181126,18,29,1.0,20,43,6,1,0.6207
10.7144382088356,106.73711688366168,25,35,1.0,20,43,6,1,0.7143
10.817236653231737,106.63191539530456,23,34,1.0,20,43,6,1,0.6765
10.772727584493625,106.69804225297564,12,24,0.965322,20,45,6,1,0.5
10.774028664434528,106.70357076461706,23,28,0.95,20,45,6,1,0.8214
10.752616652291238,106.72509685338922,36,42,1.0,20,45,6,1,0.8571
10.745754766198267,106.65326266831876,37,43,1.0,20,45,6,1,0.8605
10.94927106740351,106.87196348224562,27,42,1.0,20,45,6,1,0.6429
10.78866360854368,106.695513722289,36,42,1.0,20,45,6,1,0.8571
10.801406421807084,106.7114844087968,36,42,1.0,20,46,6,1,0.8571
10.843150534972033,106.6151343241409,23,35,1.0,20,46,6,1,0.6571
10.880537767027526,106.81481342866444,53,53,1.0,20,46,6,1,1.0
10.740840166521664,106.61899246873142,29,35,1.0,20,46,6,1,0.8286
10.798986343749618,106.7269705664684,45,45,1.0,20,46,6,1,1.0
10.741860769464234,106.73790365482628,45,45,1.0,20,46,6,1,1.0
10.752408891679814,106.7022703818112,24,33,1.0,20,46,6,1,0.7273
10.786216596454729,106.71836665482697,40,40,1.0,20,46,6,1,1.0
10.78948793356203,106.7151883818118,36,36,1.0,20,46,6,1,1.0
10.80223925742187,106.6478722259914,31,41,1.0,20,46,6,1,0.7561
10.813928881466124,106.66511432455972,21,33,0.999057,20,46,6,1,0.6364
10.755608615763382,106.67347943578082,14,27,0.997894,20,46,6,1,0.5185
10.782680856341084,106.70051548181168,18,30,1.0,20,46,6,1,0.6
10.754895139302109,106.67839188181134,20,32,1.0,20,46,6,1,0.625
10.785070445194592,106.68331340921324,19,28,1.0,20,46,6,1,0.6786
10.7549373008113,106.67848844133415,20,32,1.0,20,46,6,1,0.625
10.77898143649726,106.67684447140958,22,34,1.0,20,46,6,1,0.6471
10.7671128283867,106.6927618222887,9,20,1.0,20,46,6,1,0.45
10.77847212665258,106.69389510879644,33,42,1.0,20,46,6,1,0.7857
10.796057790235078,106.67492629345334,22,34,0.997445,20,46,6,1,0.6471
10.8352982156415,106.72935479345392,33,42,0.998054,20,46,6,1,0.7857
10.777562007197462,106.7041335430398,18,30,1.0,20,46,6,1,0.6
10.83886351241477,106.67566625482782,26,35,1.0,20,46,6,1,0.7429
10.765187049751797,106.67550552599072,22,35,1.0,20,46,6,1,0.6286
10.75948437198232,106.6840537511244,14,28,0.997894,20,47,6,1,0.5
10.865229381280963,106.72366973948476,38,49,1.0,20,47,6,1,0.7755
10.72279213640514,106.72808623948244,27,37,1.0,20,47,6,1,0.7297
10.823400120373712,106.68551227436063,21,31,1.0,20,47,6,1,0.6774
10.756158554057755,106.66631758181126,23,28,1.0,20,47,6,1,0.8214
10.7144382088356,106.73711688366168,25,35,1.0,20,47,6,1,0.7143
10.817236653231737,106.63191539530456,24,35,1.0,20,47,6,1,0.6857
10.772727584493625,106.69804225297564,13,24,0.962351,20,49,6,1,0.5417
10.774028664434528,106.70357076461706,23,28,0.95,20,49,6,1,0.8214
10.752616652291238,106.72509685338922,39,39,1.0,20,49,6,1,1.0
10.745754766198267,106.65326266831876,37,43,1.0,20,49,6,1,0.8605
10.94927106740351,106.87196348224562,42,42,1.0,20,49,6,1,1.0
10.78866360854368,106.695513722289,36,41,1.0,20,49,6,1,0.878
10.801406421807084,106.7114844087968,36,41,1.0,20,49,6,1,0.878
10.843150534972033,106.6151343241409,24,35,1.0,20,49,6,1,0.6857
10.880537767027526,106.81481342866444,53,53,1.0,20,49,6,1,1.0
10.740840166521664,106.61899246873142,28,35,1.0,20,49,6,1,0.8
10.798986343749618,106.7269705664684,45,45,1.0,20,49,6,1,1.0
10.741860769464234,106.73790365482628,45,45,1.0,20,49,6,1,1.0
10.752408891679814,106.7022703818112,26,34,1.0,20,49,6,1,0.7647
10.786216596454729,106.71836665482697,40,40,1.0,20,49,6,1,1.0
10.78948793356203,106.7151883818118,36,36,1.0,20,49,6,1,1.0
10.80223925742187,106.6478722259914,29,41,1.0,20,49,6,1,0.7073
10.813928881466124,106.66511432455972,22,34,0.999057,20,50,6,1,0.6471
10.755608615763382,106.67347943578082,16,28,1.0,20,50,6,1,0.5714
10.782680856341084,106.70051548181168,16,30,1.0,20,50,6,1,0.5333
10.754895139302109,106.67839188181134,18,32,1.0,20,50,6,1,0.5625
10.785070445194592,106.68331340921324,16,28,1.0,20,50,6,1,0.5714
10.7549373008113,106.67848844133415,18,32,1.0,20,50,6,1,0.5625
10.77898143649726,106.67684447140958,23,34,1.0,20,50,6,1,0.6765
10.7671128283867,106.6927618222887,11,20,1.0,20,50,6,1,0.55
10.77847212665258,106.69389510879644,31,41,1.0,20,50,6,1,0.7561
10.796057790235078,106.67492629345334,22,34,0.999057,20,50,6,1,0.6471
10.8352982156415,106.72935479345392,32,42,0.997186,20,50,6,1,0.7619
10.777562007197462,106.7041335430398,16,30,1.0,20,50,6,1,0.5333
10.83886351241477,106.67566625482782,27,36,1.0,20,50,6,1,0.75
10.765187049751797,106.67550552599072,17,36,1.0,20,50,6,1,0.4722
10.75948437198232,106.6840537511244,17,28,1.0,20,50,6,1,0.6071
10.865229381280963,106.72366973948476,38,49,1.0,20,50,6,1,0.7755
10.72279213640514,106.72808623948244,25,36,0.996876,20,50,6,1,0.6944
10.823400120373712,106.68551227436063,18,31,1.0,20,50,6,1,0.5806
10.756158554057755,106.66631758181126,30,30,1.0,20,51,6,1,1.0
10.7144382088356,106.73711688366168,25,35,1.0,20,51,6,1,0.7143
10.817236653231737,106.63191539530456,25,35,1.0,20,51,6,1,0.7143
10.772727584493625,106.69804225297564,16,24,0.962351,20,53,6,1,0.6667
10.774028664434528,106.70357076461706,19,28,0.94,20,53,6,1,0.6786
10.752616652291238,106.72509685338922,39,39,1.0,20,53,6,1,1.0
10.745754766198267,106.65326266831876,34,42,1.0,20,53,6,1,0.8095
10.94927106740351,106.87196348224562,33,41,1.0,20,53,6,1,0.8049
10.78866360854368,106.695513722289,35,42,1.0,20,53,6,1,0.8333
10.801406421807084,106.7114844087968,35,42,1.0,20,53,6,1,0.8333
10.843150534972033,106.6151343241409,25,35,1.0,20,53,6,1,0.7143
10.880537767027526,106.81481342866444,53,53,1.0,20,53,6,1,1.0
10.740840166521664,106.61899246873142,27,34,1.0,20,53,6,1,0.7941
10.798986343749618,106.7269705664684,45,45,1.0,20,54,6,1,1.0
10.741860769464234,106.73790365482628,45,45,1.0,20,54,6,1,1.0
10.752408891679814,106.7022703818112,24,33,1.0,20,54,6,1,0.7273
10.786216596454729,106.71836665482697,40,40,1.0,20,54,6,1,1.0
10.78948793356203,106.7151883818118,36,36,1.0,20,54,6,1,1.0
10.80223925742187,106.6478722259914,29,41,1.0,20,54,6,1,0.7073
10.813928881466124,106.66511432455972,22,34,0.998964,20,54,6,1,0.6471
10.755608615763382,106.67347943578082,16,27,1.0,20,54,6,1,0.5926
10.782680856341084,106.70051548181168,16,29,1.0,20,54,6,1,0.5517
10.754895139302109,106.67839188181134,21,32,1.0,20,54,6,1,0.6562
10.785070445194592,106.68331340921324,14,27,1.0,20,54,6,1,0.5185
10.7549373008113,106.67848844133415,21,32,1.0,20,54,6,1,0.6562
10.77898143649726,106.67684447140958,23,34,1.0,20,54,6,1,0.6765
10.7671128283867,106.6927618222887,13,20,1.0,20,54,6,1,0.65
10.77847212665258,106.69389510879644,32,41,1.0,20,54,6,1,0.7805
10.796057790235078,106.67492629345334,22,34,0.998981,20,54,6,1,0.6471
10.8352982156415,106.72935479345392,33,42,0.997165,20,55,6,1,0.7857
10.777562007197462,106.7041335430398,17,30,1.0,20,55,6,1,0.5667
10.83886351241477,106.67566625482782,26,35,1.0,20,55,6,1,0.7429
10.765187049751797,106.67550552599072,24,35,1.0,20,55,6,1,0.6857
10.75948437198232,106.6840537511244,18,27,1.0,20,55,6,1,0.6667
10.865229381280963,106.72366973948476,39,49,1.0,20,55,6,1,0.7959
10.72279213640514,106.72808623948244,25,37,1.0,20,55,6,1,0.6757
10.823400120373712,106.68551227436063,19,32,1.0,20,55,6,1,0.5938
10.756158554057755,106.66631758181126,25,29,1.0,20,55,6,1,0.8621
10.7144382088356,106.73711688366168,25,35,1.0,20,55,6,1,0.7143
10.817236653231737,106.63191539530456,25,34,1.0,20,55,6,1,0.7353
10.772727584493625,106.69804225297564,14,24,0.965722,20,58,6,1,0.5833
10.774028664434528,106.70357076461706,19,28,0.93371,20,58,6,1,0.6786
10.752616652291238,106.72509685338922,39,39,1.0,20,58,6,1,1.0
10.745754766198267,106.65326266831876,36,43,1.0,20,58,6,1,0.8372
10.94927106740351,106.87196348224562,29,41,1.0,20,58,6,1,0.7073
10.78866360854368,106.695513722289,36,42,1.0,20,58,6,1,0.8571
10.801406421807084,106.7114844087968,35,42,1.0,20,58,6,1,0.8333
10.843150534972033,106.6151343241409,25,35,1.0,20,58,6,1,0.7143
10.880537767027526,106.81481342866444,53,53,1.0,20,58,6,1,1.0
10.740840166521664,106.61899246873142,28,35,1.0,20,58,6,1,0.8
10.798986343749618,106.7269705664684,45,45,1.0,20,58,6,1,1.0
10.741860769464234,106.73790365482628,45,45,1.0,20,58,6,1,1.0
10.752408891679814,106.7022703818112,23,34,1.0,20,58,6,1,0.6765
10.786216596454729,106.71836665482697,40,40,1.0,20,58,6,1,1.0
10.78948793356203,106.7151883818118,36,36,1.0,20,58,6,1,1.0
10.80223925742187,106.6478722259914,28,41,1.0,20,58,6,1,0.6829
10.813928881466124,106.66511432455972,22,33,0.99791,20,58,6,1,0.6667
10.755608615763382,106.67347943578082,20,28,1.0,20,58,6,1,0.7143
10.782680856341084,106.70051548181168,18,30,1.0,20,58,6,1,0.6
10.754895139302109,106.67839188181134,20,32,1.0,20,58,6,1,0.625
10.785070445194592,106.68331340921324,19,28,1.0,20,58,6,1,0.6786
10.7549373008113,106.67848844133415,20,32,1.0,20,58,6,1,0.625
10.77898143649726,106.67684447140958,23,34,1.0,20,58,6,1,0.6765
10.7671128283867,106.6927618222887,8,19,1.0,20,59,6,1,0.4211
10.77847212665258,106.69389510879644,32,42,1.0,20,59,6,1,0.7619
10.796057790235078,106.67492629345334,22,33,0.99791,20,59,6,1,0.6667
10.8352982156415,106.72935479345392,34,42,0.99641,20,59,6,1,0.8095
10.777562007197462,106.7041335430398,18,30,1.0,20,59,6,1,0.6
10.83886351241477,106.67566625482782,27,36,1.0,20,59,6,1,0.75
10.765187049751797,106.67550552599072,24,35,1.0,20,59,6,1,0.6857
10.75948437198232,106.6840537511244,20,28,1.0,20,59,6,1,0.7143
10.865229381280963,106.72366973948476,39,49,1.0,20,59,6,1,0.7959
10.72279213640514,106.72808623948244,26,37,0.997974,20,59,6,1,0.7027
10.823400120373712,106.68551227436063,19,31,1.0,20,59,6,1,0.6129
10.756158554057755,106.66631758181126,23,29,1.0,20,59,6,1,0.7931
10.7144382088356,106.73711688366168,26,35,1.0,21,0,6,1,0.7429
10.817236653231737,106.63191539530456,25,35,1.0,21,0,6,1,0.7143
10.772727584493625,106.69804225297564,12,24,0.959781,21,2,6,1,0.5
10.774028664434528,106.70357076461706,29,29,1.0,21,2,6,1,1.0
10.752616652291238,106.72509685338922,39,39,1.0,21,2,6,1,1.0
10.745754766198267,106.65326266831876,36,42,0.999762,21,2,6,1,0.8571
10.94927106740351,106.87196348224562,30,41,1.0,21,2,6,1,0.7317
10.78866360854368,106.695513722289,42,42,1.0,21,2,6,1,1.0
10.801406421807084,106.7114844087968,42,42,1.0,21,2,6,1,1.0
10.843150534972033,106.6151343241409,26,35,1.0,21,2,6,1,0.7429
10.880537767027526,106.81481342866444,53,53,1.0,21,3,6,1,1.0
10.740840166521664,106.61899246873142,34,34,1.0,21,3,6,1,1.0
10.798986343749618,106.7269705664684,45,45,1.0,21,3,6,1,1.0
10.741860769464234,106.73790365482628,45,45,1.0,21,3,6,1,1.0
10.752408891679814,106.7022703818112,23,32,1.0,21,3,6,1,0.7188
10.786216596454729,106.71836665482697,40,40,1.0,21,3,6,1,1.0
10.78948793356203,106.7151883818118,36,36,1.0,21,3,6,1,1.0
10.80223925742187,106.6478722259914,28,40,1.0,21,3,6,1,0.7
10.813928881466124,106.66511432455972,23,33,0.997915,21,3,6,1,0.697
10.755608615763382,106.67347943578082,19,28,1.0,21,4,6,1,0.6786
10.782680856341084,106.70051548181168,18,30,1.0,21,4,6,1,0.6
10.754895139302109,106.67839188181134,22,32,1.0,21,4,6,1,0.6875
10.785070445194592,106.68331340921324,18,27,1.0,21,4,6,1,0.6667
10.7549373008113,106.67848844133415,22,32,1.0,21,4,6,1,0.6875
10.77898143649726,106.67684447140958,23,34,1.0,21,4,6,1,0.6765
10.7671128283867,106.6927618222887,9,20,1.0,21,4,6,1,0.45
10.77847212665258,106.69389510879644,32,41,1.0,21,4,6,1,0.7805
10.796057790235078,106.67492629345334,23,34,0.998979,21,4,6,1,0.6765
10.8352982156415,106.72935479345392,42,42,1.0,21,4,6,1,1.0
10.777562007197462,106.7041335430398,18,30,1.0,21,4,6,1,0.6
10.83886351241477,106.67566625482782,26,36,1.0,21,4,6,1,0.7222
10.765187049751797,106.67550552599072,27,35,1.0,21,4,6,1,0.7714
10.75948437198232,106.6840537511244,19,28,1.0,21,4,6,1,0.6786
10.865229381280963,106.72366973948476,39,49,1.0,21,4,6,1,0.7959
10.72279213640514,106.72808623948244,27,37,0.997777,21,4,6,1,0.7297
10.823400120373712,106.68551227436063,19,31,1.0,21,4,6,1,0.6129
10.756158554057755,106.66631758181126,20,29,1.0,21,4,6,1,0.6897
10.7144382088356,106.73711688366168,25,35,1.0,21,4,6,1,0.7143
10.817236653231737,106.63191539530456,26,35,1.0,21,4,6,1,0.7429
10.772727584493625,106.69804225297564,13,24,0.968693,21,7,6,1,0.5417
10.774028664434528,106.70357076461706,29,29,1.0,21,7,6,1,1.0
10.752616652291238,106.72509685338922,33,39,1.0,21,7,6,1,0.8462
10.745754766198267,106.65326266831876,42,42,1.0,21,7,6,1,1.0
10.94927106740351,106.87196348224562,32,41,1.0,21,7,6,1,0.7805
10.78866360854368,106.695513722289,35,42,1.0,21,7,6,1,0.8333
10.801406421807084,106.7114844087968,35,42,1.0,21,7,6,1,0.8333
10.843150534972033,106.6151343241409,25,35,1.0,21,7,6,1,0.7143
10.880537767027526,106.81481342866444,53,53,1.0,21,7,6,1,1.0
10.740840166521664,106.61899246873142,27,35,1.0,21,7,6,1,0.7714
10.798986343749618,106.7269705664684,45,45,1.0,21,7,6,1,1.0
10.741860769464234,106.73790365482628,45,45,1.0,21,7,6,1,1.0
10.752408891679814,106.7022703818112,25,34,1.0,21,7,6,1,0.7353
10.786216596454729,106.71836665482697,40,40,1.0,21,7,6,1,1.0
10.78948793356203,106.7151883818118,36,36,1.0,21,7,6,1,1.0
10.80223925742187,106.6478722259914,28,41,1.0,21,7,6,1,0.6829
10.813928881466124,106.66511432455972,23,34,1.0,21,7,6,1,0.6765
10.755608615763382,106.67347943578082,17,27,1.0,21,7,6,1,0.6296
10.782680856341084,106.70051548181168,18,30,1.0,21,8,6,1,0.6
10.754895139302109,106.67839188181134,22,32,1.0,21,8,6,1,0.6875
10.785070445194592,106.68331340921324,16,27,1.0,21,8,6,1,0.5926
10.7549373008113,106.67848844133415,22,32,1.0,21,8,6,1,0.6875
10.77898143649726,106.67684447140958,23,34,1.0,21,8,6,1,0.6765
10.7671128283867,106.6927618222887,15,19,1.0,21,8,6,1,0.7895
10.77847212665258,106.69389510879644,33,42,1.0,21,8,6,1,0.7857
10.796057790235078,106.67492629345334,22,33,1.0,21,8,6,1,0.6667
10.8352982156415,106.72935479345392,35,42,0.993923,21,8,6,1,0.8333
10.777562007197462,106.7041335430398,18,30,1.0,21,8,6,1,0.6
10.83886351241477,106.67566625482782,25,35,1.0,21,8,6,1,0.7143
10.765187049751797,106.67550552599072,23,35,1.0,21,8,6,1,0.6571
10.75948437198232,106.6840537511244,17,28,1.0,21,8,6,1,0.6071
10.865229381280963,106.72366973948476,38,49,1.0,21,8,6,1,0.7755
10.72279213640514,106.72808623948244,27,36,1.0,21,8,6,1,0.75
10.823400120373712,106.68551227436063,21,31,1.0,21,8,6,1,0.6774
10.756158554057755,106.66631758181126,23,30,1.0,21,8,6,1,0.7667
10.7144382088356,106.73711688366168,25,35,1.0,21,8,6,1,0.7143
10.817236653231737,106.63191539530456,25,35,1.0,21,8,6,1,0.7143
10.772727584493625,106.69804225297564,15,24,0.974517,21,11,6,1,0.625
10.774028664434528,106.70357076461706,24,28,0.936984,21,11,6,1,0.8571
10.752616652291238,106.72509685338922,39,39,1.0,21,11,6,1,1.0
10.745754766198267,106.65326266831876,42,42,1.0,21,11,6,1,1.0
10.94927106740351,106.87196348224562,42,42,1.0,21,11,6,1,1.0
10.78866360854368,106.695513722289,36,42,1.0,21,11,6,1,0.8571
10.801406421807084,106.7114844087968,36,42,1.0,21,11,6,1,0.8571
10.843150534972033,106.6151343241409,24,35,1.0,21,11,6,1,0.6857
10.880537767027526,106.81481342866444,53,53,1.0,21,11,6,1,1.0
10.740840166521664,106.61899246873142,28,35,1.0,21,11,6,1,0.8
10.798986343749618,106.7269705664684,45,45,1.0,21,11,6,1,1.0
10.741860769464234,106.73790365482628,45,45,1.0,21,11,6,1,1.0
10.752408891679814,106.7022703818112,25,34,1.0,21,11,6,1,0.7353
10.786216596454729,106.71836665482697,40,40,1.0,21,11,6,1,1.0
10.78948793356203,106.7151883818118,36,36,1.0,21,11,6,1,1.0
10.80223925742187,106.6478722259914,27,40,1.0,21,11,6,1,0.675
10.813928881466124,106.66511432455972,23,33,0.997915,21,11,6,1,0.697
10.755608615763382,106.67347943578082,16,27,1.0,21,11,6,1,0.5926
10.782680856341084,106.70051548181168,18,30,1.0,21,11,6,1,0.6
10.754895139302109,106.67839188181134,22,32,1.0,21,11,6,1,0.6875
10.785070445194592,106.68331340921324,19,28,1.0,21,11,6,1,0.6786
10.7549373008113,106.67848844133415,22,32,1.0,21,11,6,1,0.6875
10.77898143649726,106.67684447140958,23,34,1.0,21,11,6,1,0.6765
10.7671128283867,106.6927618222887,13,20,1.0,21,11,6,1,0.65
10.77847212665258,106.69389510879644,33,41,1.0,21,11,6,1,0.8049
10.796057790235078,106.67492629345334,23,33,0.997915,21,11,6,1,0.697
10.8352982156415,106.72935479345392,34,42,0.995255,21,11,6,1,0.8095
10.777562007197462,106.7041335430398,18,30,1.0,21,11,6,1,0.6
10.83886351241477,106.67566625482782,26,36,1.0,21,11,6,1,0.7222
10.765187049751797,106.67550552599072,25,36,1.0,21,11,6,1,0.6944
10.75948437198232,106.6840537511244,16,28,0.998939,21,11,6,1,0.5714
10.865229381280963,106.72366973948476,39,49,1.0,21,11,6,1,0.7959
10.72279213640514,106.72808623948244,27,37,0.999094,21,11,6,1,0.7297
10.823400120373712,106.68551227436063,20,31,1.0,21,11,6,1,0.6452
10.756158554057755,106.66631758181126,20,29,1.0,21,11,6,1,0.6897
10.7144382088356,106.73711688366168,27,35,1.0,21,11,6,1,0.7714
10.817236653231737,106.63191539530456,24,35,1.0,21,11,6,1,0.6857
10.772727584493625,106.69804225297564,15,24,0.974517,21,14,6,1,0.625
10.774028664434528,106.70357076461706,24,28,0.940476,21,14,6,1,0.8571
10.752616652291238,106.72509685338922,39,39,1.0,21,14,6,1,1.0
10.745754766198267,106.65326266831876,42,42,1.0,21,14,6,1,1.0
10.94927106740351,106.87196348224562,31,42,1.0,21,14,6,1,0.7381
10.78866360854368,106.695513722289,36,42,1.0,21,14,6,1,0.8571
10.801406421807084,106.7114844087968,36,42,1.0,21,14,6,1,0.8571
10.843150534972033,106.6151343241409,24,35,1.0,21,14,6,1,0.6857
10.880537767027526,106.81481342866444,53,53,1.0,21,14,6,1,1.0
10.740840166521664,106.61899246873142,27,35,1.0,21,14,6,1,0.7714
10.798986343749618,106.7269705664684,45,45,1.0,21,14,6,1,1.0
10.741860769464234,106.73790365482628,45,45,1.0,21,14,6,1,1.0
10.752408891679814,106.7022703818112,28,34,1.0,21,14,6,1,0.8235
10.786216596454729,106.71836665482697,40,40,1.0,21,14,6,1,1.0
10.78948793356203,106.7151883818118,29,35,1.0,21,14,6,1,0.8286
10.80223925742187,106.6478722259914,27,41,1.0,21,14,6,1,0.6585
10.813928881466124,106.66511432455972,23,33,1.0,21,15,6,1,0.697
10.755608615763382,106.67347943578082,18,27,1.0,21,15,6,1,0.6667
10.782680856341084,106.70051548181168,19,30,1.0,21,15,6,1,0.6333
10.754895139302109,106.67839188181134,21,33,1.0,21,15,6,1,0.6364
10.785070445194592,106.68331340921324,14,28,1.0,21,15,6,1,0.5
10.7549373008113,106.67848844133415,21,33,1.0,21,15,6,1,0.6364
10.77898143649726,106.67684447140958,25,34,1.0,21,15,6,1,0.7353
10.7671128283867,106.6927618222887,16,20,1.0,21,15,6,1,0.8
10.77847212665258,106.69389510879644,32,41,1.0,21,15,6,1,0.7805
10.796057790235078,106.67492629345334,23,33,1.0,21,15,6,1,0.697
10.8352982156415,106.72935479345392,34,42,0.995222,21,15,6,1,0.8095
10.777562007197462,106.7041335430398,20,30,1.0,21,15,6,1,0.6667
10.83886351241477,106.67566625482782,25,35,1.0,21,15,6,1,0.7143
10.765187049751797,106.67550552599072,23,36,1.0,21,15,6,1,0.6389
10.75948437198232,106.6840537511244,18,28,1.0,21,15,6,1,0.6429
10.865229381280963,106.72366973948476,39,49,1.0,21,15,6,1,0.7959
10.72279213640514,106.72808623948244,26,37,0.998396,21,15,6,1,0.7027
10.823400120373712,106.68551227436063,22,31,1.0,21,15,6,1,0.7097
10.756158554057755,106.66631758181126,21,29,1.0,21,15,6,1,0.7241
10.7144382088356,106.73711688366168,26,35,1.0,21,15,6,1,0.7429
10.817236653231737,106.63191539530456,24,35,1.0,21,15,6,1,0.6857
10.772727584493625,106.69804225297564,14,25,0.97027,21,18,6,1,0.56
10.774028664434528,106.70357076461706,22,28,0.940476,21,18,6,1,0.7857
10.752616652291238,106.72509685338922,39,39,1.0,21,18,6,1,1.0
10.745754766198267,106.65326266831876,37,42,1.0,21,18,6,1,0.881
10.94927106740351,106.87196348224562,32,41,1.0,21,18,6,1,0.7805
10.78866360854368,106.695513722289,36,42,1.0,21,18,6,1,0.8571
10.801406421807084,106.7114844087968,36,42,1.0,21,18,6,1,0.8571
10.843150534972033,106.6151343241409,26,35,1.0,21,18,6,1,0.7429
10.880537767027526,106.81481342866444,53,53,1.0,21,18,6,1,1.0
10.740840166521664,106.61899246873142,34,34,1.0,21,18,6,1,1.0
10.798986343749618,106.7269705664684,45,45,1.0,21,18,6,1,1.0
10.741860769464234,106.73790365482628,45,45,1.0,21,18,6,1,1.0
10.752408891679814,106.7022703818112,25,34,1.0,21,18,6,1,0.7353
10.786216596454729,106.71836665482697,40,40,1.0,21,18,6,1,1.0
10.78948793356203,106.7151883818118,28,36,1.0,21,18,6,1,0.7778
10.80223925742187,106.6478722259914,29,41,1.0,21,18,6,1,0.7073
10.813928881466124,106.66511432455972,24,34,0.997472,21,18,6,1,0.7059
10.755608615763382,106.67347943578082,18,27,0.998954,21,18,6,1,0.6667
10.782680856341084,106.70051548181168,19,31,1.0,21,18,6,1,0.6129
10.754895139302109,106.67839188181134,22,33,1.0,21,18,6,1,0.6667
10.785070445194592,106.68331340921324,19,27,1.0,21,18,6,1,0.7037
10.7549373008113,106.67848844133415,22,33,1.0,21,18,6,1,0.6667
10.77898143649726,106.67684447140958,24,34,1.0,21,18,6,1,0.7059
10.7671128283867,106.6927618222887,11,20,1.0,21,19,6,1,0.55
10.77847212665258,106.69389510879644,33,41,1.0,21,19,6,1,0.8049
10.796057790235078,106.67492629345334,24,34,0.997472,21,19,6,1,0.7059
10.8352982156415,106.72935479345392,35,42,0.994725,21,19,6,1,0.8333
10.777562007197462,106.7041335430398,19,30,1.0,21,19,6,1,0.6333
10.83886351241477,106.67566625482782,28,36,1.0,21,19,6,1,0.7778
10.765187049751797,106.67550552599072,26,36,1.0,21,19,6,1,0.7222
10.75948437198232,106.6840537511244,19,27,1.0,21,19,6,1,0.7037
10.865229381280963,106.72366973948476,39,49,1.0,21,19,6,1,0.7959
10.72279213640514,106.72808623948244,25,36,1.0,21,20,6,1,0.6944
10.823400120373712,106.68551227436063,18,31,1.0,21,20,6,1,0.5806
10.756158554057755,106.66631758181126,24,28,1.0,21,20,6,1,0.8571
10.7144382088356,106.73711688366168,26,35,1.0,21,20,6,1,0.7429
10.817236653231737,106.63191539530456,25,35,1.0,21,20,6,1,0.7143
10.772727584493625,106.69804225297564,14,24,0.966022,21,22,6,1,0.5833
10.774028664434528,106.70357076461706,22,28,0.936984,21,22,6,1,0.7857
10.752616652291238,106.72509685338922,39,39,1.0,21,22,6,1,1.0
10.745754766198267,106.65326266831876,38,43,1.0,21,22,6,1,0.8837
10.94927106740351,106.87196348224562,33,41,1.0,21,22,6,1,0.8049
10.78866360854368,106.695513722289,35,42,1.0,21,22,6,1,0.8333
10.801406421807084,106.7114844087968,35,42,1.0,21,22,6,1,0.8333
10.843150534972033,106.6151343241409,25,35,1.0,21,22,6,1,0.7143
10.880537767027526,106.81481342866444,53,53,1.0,21,22,6,1,1.0
10.740840166521664,106.61899246873142,28,35,1.0,21,22,6,1,0.8
10.798986343749618,106.7269705664684,45,45,1.0,21,23,6,1,1.0
10.741860769464234,106.73790365482628,45,45,1.0,21,23,6,1,1.0
10.752408891679814,106.7022703818112,25,34,1.0,21,23,6,1,0.7353
10.786216596454729,106.71836665482697,31,39,1.0,21,23,6,1,0.7949
10.78948793356203,106.7151883818118,36,36,1.0,21,23,6,1,1.0
10.80223925742187,106.6478722259914,27,41,1.0,21,23,6,1,0.6585
10.813928881466124,106.66511432455972,23,33,0.998691,21,23,6,1,0.697
10.755608615763382,106.67347943578082,18,26,1.0,21,23,6,1,0.6923
10.782680856341084,106.70051548181168,19,30,1.0,21,23,6,1,0.6333
10.754895139302109,106.67839188181134,22,32,1.0,21,23,6,1,0.6875
10.785070445194592,106.68331340921324,16,26,1.0,21,23,6,1,0.6154
10.7549373008113,106.67848844133415,22,32,1.0,21,23,6,1,0.6875
10.77898143649726,106.67684447140958,25,34,1.0,21,23,6,1,0.7353
10.7671128283867,106.6927618222887,11,20,1.0,21,23,6,1,0.55
10.77847212665258,106.69389510879644,33,42,1.0,21,23,6,1,0.7857
10.796057790235078,106.67492629345334,23,33,0.998691,21,23,6,1,0.697
10.8352982156415,106.72935479345392,35,41,0.995785,21,23,6,1,0.8537
10.777562007197462,106.7041335430398,19,30,1.0,21,23,6,1,0.6333
10.83886351241477,106.67566625482782,28,36,1.0,21,23,6,1,0.7778
10.765187049751797,106.67550552599072,21,36,1.0,21,23,6,1,0.5833
10.75948437198232,106.6840537511244,18,26,1.0,21,23,6,1,0.6923
10.865229381280963,106.72366973948476,38,49,1.0,21,23,6,1,0.7755
10.72279213640514,106.72808623948244,27,37,1.0,21,24,6,1,0.7297
10.823400120373712,106.68551227436063,21,31,1.0,21,24,6,1,0.6774
10.756158554057755,106.66631758181126,20,29,1.0,21,24,6,1,0.6897
10.7144382088356,106.73711688366168,27,35,1.0,21,24,6,1,0.7714
10.817236653231737,106.63191539530456,25,35,1.0,21,24,6,1,0.7143
10.772727584493625,106.69804225297564,13,25,0.968146,21,26,6,1,0.52
10.774028664434528,106.70357076461706,18,29,0.95,21,26,6,1,0.6207
10.752616652291238,106.72509685338922,39,39,1.0,21,26,6,1,1.0
10.745754766198267,106.65326266831876,42,42,1.0,21,26,6,1,1.0
10.94927106740351,106.87196348224562,30,42,1.0,21,26,6,1,0.7143
10.78866360854368,106.695513722289,35,42,1.0,21,26,6,1,0.8333
10.801406421807084,106.7114844087968,35,42,1.0,21,26,6,1,0.8333
10.843150534972033,106.6151343241409,24,34,1.0,21,26,6,1,0.7059
10.880537767027526,106.81481342866444,53,53,1.0,21,26,6,1,1.0
10.740840166521664,106.61899246873142,34,34,1.0,21,27,6,1,1.0
10.798986343749618,106.7269705664684,45,45,1.0,21,27,6,1,1.0
10.741860769464234,106.73790365482628,45,45,1.0,21,27,6,1,1.0
10.752408891679814,106.7022703818112,24,33,1.0,21,27,6,1,0.7273
10.786216596454729,106.71836665482697,40,40,1.0,21,27,6,1,1.0
10.78948793356203,106.7151883818118,36,36,1.0,21,27,6,1,1.0
10.80223925742187,106.6478722259914,27,41,1.0,21,27,6,1,0.6585
10.813928881466124,106.66511432455972,23,33,0.99739,21,27,6,1,0.697
10.755608615763382,106.67347943578082,19,27,1.0,21,27,6,1,0.7037
10.782680856341084,106.70051548181168,19,30,1.0,21,27,6,1,0.6333
10.754895139302109,106.67839188181134,21,33,1.0,21,27,6,1,0.6364
10.785070445194592,106.68331340921324,19,27,1.0,21,27,6,1,0.7037
10.7549373008113,106.67848844133415,21,33,1.0,21,27,6,1,0.6364
10.77898143649726,106.67684447140958,25,34,1.0,21,27,6,1,0.7353
10.7671128283867,106.6927618222887,11,20,1.0,21,27,6,1,0.55
10.77847212665258,106.69389510879644,33,41,1.0,21,27,6,1,0.8049
10.796057790235078,106.67492629345334,24,34,0.997907,21,27,6,1,0.7059
10.8352982156415,106.72935479345392,36,42,0.995785,21,28,6,1,0.8571
10.777562007197462,106.7041335430398,18,30,1.0,21,28,6,1,0.6
10.83886351241477,106.67566625482782,26,35,1.0,21,28,6,1,0.7429
10.765187049751797,106.67550552599072,26,35,1.0,21,28,6,1,0.7429
10.75948437198232,106.6840537511244,20,28,1.0,21,28,6,1,0.7143
10.865229381280963,106.72366973948476,39,49,1.0,21,28,6,1,0.7959
10.72279213640514,106.72808623948244,28,37,0.996296,21,28,6,1,0.7568
10.823400120373712,106.68551227436063,21,31,1.0,21,28,6,1,0.6774
10.756158554057755,106.66631758181126,30,30,1.0,21,28,6,1,1.0
10.7144382088356,106.73711688366168,26,35,1.0,21,28,6,1,0.7429
10.817236653231737,106.63191539530456,25,34,1.0,21,28,6,1,0.7353
10.772727584493625,106.69804225297564,15,24,0.968146,21,30,6,1,0.625
10.774028664434528,106.70357076461706,17,28,0.93,21,30,6,1,0.6071
10.752616652291238,106.72509685338922,39,39,1.0,21,30,6,1,1.0
10.745754766198267,106.65326266831876,42,42,1.0,21,30,6,1,1.0
10.94927106740351,106.87196348224562,25,41,1.0,21,30,6,1,0.6098
10.78866360854368,106.695513722289,36,42,1.0,21,30,6,1,0.8571
10.801406421807084,106.7114844087968,36,42,1.0,21,30,6,1,0.8571
10.843150534972033,106.6151343241409,25,34,1.0,21,30,6,1,0.7353
10.880537767027526,106.81481342866444,53,53,1.0,21,30,6,1,1.0
10.740840166521664,106.61899246873142,34,34,1.0,21,31,6,1,1.0
10.798986343749618,106.7269705664684,45,45,1.0,21,31,6,1,1.0
10.741860769464234,106.73790365482628,45,45,1.0,21,31,6,1,1.0
10.752408891679814,106.7022703818112,25,34,1.0,21,31,6,1,0.7353
10.786216596454729,106.71836665482697,34,40,1.0,21,31,6,1,0.85
10.78948793356203,106.7151883818118,36,36,1.0,21,31,6,1,1.0
10.80223925742187,106.6478722259914,24,41,1.0,21,31,6,1,0.5854
10.813928881466124,106.66511432455972,23,33,0.997914,21,31,6,1,0.697
10.755608615763382,106.67347943578082,21,27,1.0,21,31,6,1,0.7778
10.782680856341084,106.70051548181168,19,31,1.0,21,31,6,1,0.6129
10.754895139302109,106.67839188181134,22,32,1.0,21,31,6,1,0.6875
10.785070445194592,106.68331340921324,19,27,1.0,21,31,6,1,0.7037
10.7549373008113,106.67848844133415,22,32,1.0,21,31,6,1,0.6875
10.77898143649726,106.67684447140958,27,34,1.0,21,31,6,1,0.7941
10.7671128283867,106.6927618222887,12,19,1.0,21,31,6,1,0.6316
10.77847212665258,106.69389510879644,33,41,1.0,21,31,6,1,0.8049
10.796057790235078,106.67492629345334,23,33,0.997914,21,31,6,1,0.697
10.8352982156415,106.72935479345392,36,42,0.995236,21,31,6,1,0.8571
10.777562007197462,106.7041335430398,18,30,1.0,21,31,6,1,0.6
10.83886351241477,106.67566625482782,28,36,1.0,21,31,6,1,0.7778
10.765187049751797,106.67550552599072,23,35,1.0,21,31,6,1,0.6571
10.75948437198232,106.6840537511244,22,28,1.0,21,32,6,1,0.7857
10.865229381280963,106.72366973948476,40,49,1.0,21,32,6,1,0.8163
10.72279213640514,106.72808623948244,27,36,0.998403,21,32,6,1,0.75
10.823400120373712,106.68551227436063,18,31,1.0,21,32,6,1,0.5806
10.756158554057755,106.66631758181126,22,29,1.0,21,32,6,1,0.7586
10.7144382088356,106.73711688366168,26,35,1.0,21,32,6,1,0.7429
10.817236653231737,106.63191539530456,25,34,1.0,21,32,6,1,0.7353
