Latitude,Longitude,CurrentSpeed,FreeFlowSpeed,Confidence,Hour,Minute,DayOfWeek,Weekend,CongestionRatio
10.772727584493625,106.69804225297564,25,25,1.0,6,5,4,0,1.0
10.774028664434528,106.70357076461706,29,29,1.0,6,5,4,0,1.0
10.752616652291238,106.72509685338922,39,39,1.0,6,5,4,0,1.0
10.745754766198267,106.65326266831876,42,42,1.0,6,5,4,0,1.0
10.94927106740351,106.87196348224562,42,42,1.0,6,5,4,0,1.0
10.78866360854368,106.695513722289,42,42,1.0,6,5,4,0,1.0
10.801406421807084,106.7114844087968,42,42,1.0,6,5,4,0,1.0
10.843150534972033,106.6151343241409,35,35,1.0,6,5,4,0,1.0
10.880537767027526,106.81481342866444,45,53,1.0,6,5,4,0,0.8491
10.740840166521664,106.61899246873142,31,36,0.998842,6,5,4,0,0.8611
10.798986343749618,106.7269705664684,45,45,1.0,6,5,4,0,1.0
10.741860769464234,106.73790365482628,45,45,1.0,6,5,4,0,1.0
10.752408891679814,106.7022703818112,33,33,1.0,6,5,4,0,1.0
10.786216596454729,106.71836665482697,40,40,1.0,6,5,4,0,1.0
10.78948793356203,106.7151883818118,36,36,1.0,6,5,4,0,1.0
10.80223925742187,106.6478722259914,41,41,1.0,6,5,4,0,1.0
10.813928881466124,106.66511432455972,33,33,1.0,6,5,4,0,1.0
10.755608615763382,106.67347943578082,22,27,0.980741,6,6,4,0,0.8148
10.782680856341084,106.70051548181168,30,30,1.0,6,6,4,0,1.0
10.754895139302109,106.67839188181134,32,32,1.0,6,6,4,0,1.0
10.785070445194592,106.68331340921324,28,28,1.0,6,6,4,0,1.0
10.7549373008113,106.67848844133415,32,32,1.0,6,6,4,0,1.0
10.77898143649726,106.67684447140958,25,34,0.999754,6,6,4,0,0.7353
10.7671128283867,106.6927618222887,20,20,1.0,6,6,4,0,1.0
10.77847212665258,106.69389510879644,35,41,1.0,6,6,4,0,0.8537
10.796057790235078,106.67492629345334,33,33,1.0,6,6,4,0,1.0
10.8352982156415,106.72935479345392,42,42,1.0,6,6,4,0,1.0
10.777562007197462,106.7041335430398,30,30,1.0,6,6,4,0,1.0
10.83886351241477,106.67566625482782,36,36,1.0,6,6,4,0,1.0
10.765187049751797,106.67550552599072,36,36,1.0,6,7,4,0,1.0
10.75948437198232,106.6840537511244,23,28,0.980741,6,7,4,0,0.8214
10.865229381280963,106.72366973948476,49,49,1.0,6,7,4,0,1.0
10.72279213640514,106.72808623948244,28,37,0.991522,6,7,4,0,0.7568
10.823400120373712,106.68551227436063,32,32,1.0,6,7,4,0,1.0
10.756158554057755,106.66631758181126,30,30,1.0,6,7,4,0,1.0
10.7144382088356,106.73711688366168,28,35,1.0,6,7,4,0,0.8
10.817236653231737,106.63191539530456,30,35,1.0,6,7,4,0,0.8571
10.772727584493625,106.69804225297564,25,25,1.0,6,9,4,0,1.0
10.774028664434528,106.70357076461706,29,29,1.0,6,9,4,0,1.0
10.752616652291238,106.72509685338922,39,39,1.0,6,9,4,0,1.0
10.745754766198267,106.65326266831876,42,42,1.0,6,9,4,0,1.0
10.94927106740351,106.87196348224562,29,41,0.994001,6,9,4,0,0.7073
10.78866360854368,106.695513722289,42,42,1.0,6,10,4,0,1.0
10.801406421807084,106.7114844087968,42,42,1.0,6,10,4,0,1.0
10.843150534972033,106.6151343241409,29,35,1.0,6,10,4,0,0.8286
10.880537767027526,106.81481342866444,46,53,1.0,6,10,4,0,0.8679
10.740840166521664,106.61899246873142,34,34,1.0,6,10,4,0,1.0
10.798986343749618,106.7269705664684,45,45,1.0,6,10,4,0,1.0
10.741860769464234,106.73790365482628,45,45,1.0,6,10,4,0,1.0
10.752408891679814,106.7022703818112,27,34,0.998233,6,10,4,0,0.7941
10.786216596454729,106.71836665482697,40,40,1.0,6,10,4,0,1.0
10.78948793356203,106.7151883818118,36,36,1.0,6,10,4,0,1.0
10.80223925742187,106.6478722259914,41,41,1.0,6,10,4,0,1.0
10.813928881466124,106.66511432455972,33,33,1.0,6,10,4,0,1.0
10.755608615763382,106.67347943578082,21,27,0.982362,6,10,4,0,0.7778
10.782680856341084,106.70051548181168,26,30,1.0,6,11,4,0,0.8667
10.754895139302109,106.67839188181134,32,32,1.0,6,11,4,0,1.0
10.785070445194592,106.68331340921324,19,28,1.0,6,11,4,0,0.6786
10.7549373008113,106.67848844133415,32,32,1.0,6,11,4,0,1.0
10.77898143649726,106.67684447140958,27,34,0.999754,6,11,4,0,0.7941
10.7671128283867,106.6927618222887,20,20,1.0,6,11,4,0,1.0
10.77847212665258,106.69389510879644,34,41,1.0,6,11,4,0,0.8293
10.796057790235078,106.67492629345334,33,33,1.0,6,11,4,0,1.0
10.8352982156415,106.72935479345392,42,42,1.0,6,11,4,0,1.0
10.777562007197462,106.7041335430398,26,30,1.0,6,11,4,0,0.8667
10.83886351241477,106.67566625482782,36,36,1.0,6,11,4,0,1.0
10.765187049751797,106.67550552599072,36,36,1.0,6,11,4,0,1.0
10.75948437198232,106.6840537511244,22,27,0.980741,6,11,4,0,0.8148
10.865229381280963,106.72366973948476,49,49,1.0,6,11,4,0,1.0
10.72279213640514,106.72808623948244,28,37,0.988215,6,11,4,0,0.7568
10.823400120373712,106.68551227436063,26,31,0.99362,6,11,4,0,0.8387
10.756158554057755,106.66631758181126,30,30,1.0,6,11,4,0,1.0
10.7144382088356,106.73711688366168,28,35,1.0,6,11,4,0,0.8
10.817236653231737,106.63191539530456,30,35,1.0,6,12,4,0,0.8571
10.772727584493625,106.69804225297564,25,25,1.0,6,14,4,0,1.0
10.774028664434528,106.70357076461706,29,29,1.0,6,14,4,0,1.0
10.752616652291238,106.72509685338922,39,39,1.0,6,14,4,0,1.0
10.745754766198267,106.65326266831876,42,42,1.0,6,14,4,0,1.0
10.94927106740351,106.87196348224562,28,41,0.994001,6,14,4,0,0.6829
10.78866360854368,106.695513722289,42,42,1.0,6,14,4,0,1.0
10.801406421807084,106.7114844087968,42,42,1.0,6,14,4,0,1.0
10.843150534972033,106.6151343241409,29,35,1.0,6,14,4,0,0.8286
10.880537767027526,106.81481342866444,45,53,1.0,6,14,4,0,0.8491
10.740840166521664,106.61899246873142,30,35,0.998842,6,14,4,0,0.8571
10.798986343749618,106.7269705664684,45,45,1.0,6,14,4,0,1.0
10.741860769464234,106.73790365482628,45,45,1.0,6,14,4,0,1.0
10.752408891679814,106.7022703818112,26,34,0.998447,6,14,4,0,0.7647
10.786216596454729,106.71836665482697,40,40,1.0,6,14,4,0,1.0
10.78948793356203,106.7151883818118,36,36,1.0,6,14,4,0,1.0
10.80223925742187,106.6478722259914,41,41,1.0,6,14,4,0,1.0
10.813928881466124,106.66511432455972,33,33,1.0,6,14,4,0,1.0
10.755608615763382,106.67347943578082,22,28,0.979574,6,14,4,0,0.7857
10.782680856341084,106.70051548181168,25,30,1.0,6,14,4,0,0.8333
10.754895139302109,106.67839188181134,32,32,1.0,6,15,4,0,1.0
10.785070445194592,106.68331340921324,21,27,1.0,6,15,4,0,0.7778
10.7549373008113,106.67848844133415,32,32,1.0,6,15,4,0,1.0
10.77898143649726,106.67684447140958,26,34,1.0,6,15,4,0,0.7647
10.7671128283867,106.6927618222887,14,20,0.96,6,15,4,0,0.7
10.77847212665258,106.69389510879644,34,42,1.0,6,15,4,0,0.8095
10.796057790235078,106.67492629345334,33,33,1.0,6,15,4,0,1.0
10.8352982156415,106.72935479345392,42,42,1.0,6,15,4,0,1.0
10.777562007197462,106.7041335430398,24,30,1.0,6,15,4,0,0.8
10.83886351241477,106.67566625482782,36,36,1.0,6,15,4,0,1.0
10.765187049751797,106.67550552599072,36,36,1.0,6,15,4,0,1.0
10.75948437198232,106.6840537511244,22,28,0.979574,6,15,4,0,0.7857
10.865229381280963,106.72366973948476,49,49,1.0,6,15,4,0,1.0
10.72279213640514,106.72808623948244,28,36,0.985331,6,16,4,0,0.7778
10.823400120373712,106.68551227436063,32,32,1.0,6,16,4,0,1.0
10.756158554057755,106.66631758181126,30,30,1.0,6,16,4,0,1.0
10.7144382088356,106.73711688366168,27,35,1.0,6,16,4,0,0.7714
10.817236653231737,106.63191539530456,35,35,1.0,6,16,4,0,1.0
10.772727584493625,106.69804225297564,25,25,1.0,6,18,4,0,1.0
10.774028664434528,106.70357076461706,22,28,0.99,6,18,4,0,0.7857
10.752616652291238,106.72509685338922,39,39,1.0,6,18,4,0,1.0
10.745754766198267,106.65326266831876,42,42,1.0,6,18,4,0,1.0
10.94927106740351,106.87196348224562,33,41,0.99,6,18,4,0,0.8049
10.78866360854368,106.695513722289,42,42,1.0,6,18,4,0,1.0
10.801406421807084,106.7114844087968,42,42,1.0,6,18,4,0,1.0
10.843150534972033,106.6151343241409,29,35,1.0,6,18,4,0,0.8286
10.880537767027526,106.81481342866444,45,53,1.0,6,18,4,0,0.8491
10.740840166521664,106.61899246873142,29,35,0.99864,6,18,4,0,0.8286
10.798986343749618,106.7269705664684,45,45,1.0,6,18,4,0,1.0
10.741860769464234,106.73790365482628,45,45,1.0,6,18,4,0,1.0
10.752408891679814,106.7022703818112,28,34,0.998231,6,18,4,0,0.8235
10.786216596454729,106.71836665482697,40,40,1.0,6,18,4,0,1.0
10.78948793356203,106.7151883818118,36,36,1.0,6,18,4,0,1.0
10.80223925742187,106.6478722259914,41,41,1.0,6,18,4,0,1.0
10.813928881466124,106.66511432455972,33,33,1.0,6,18,4,0,1.0
10.755608615763382,106.67347943578082,28,28,1.0,6,19,4,0,1.0
10.782680856341084,106.70051548181168,24,30,1.0,6,19,4,0,0.8
10.754895139302109,106.67839188181134,26,32,0.997096,6,19,4,0,0.8125
10.785070445194592,106.68331340921324,18,27,1.0,6,19,4,0,0.6667
10.7549373008113,106.67848844133415,26,32,0.997096,6,19,4,0,0.8125
10.77898143649726,106.67684447140958,26,34,1.0,6,19,4,0,0.7647
10.7671128283867,106.6927618222887,15,20,0.95,6,19,4,0,0.75
10.77847212665258,106.69389510879644,34,41,1.0,6,19,4,0,0.8293
10.796057790235078,106.67492629345334,33,33,1.0,6,19,4,0,1.0
10.8352982156415,106.72935479345392,42,42,1.0,6,19,4,0,1.0
10.777562007197462,106.7041335430398,24,30,1.0,6,19,4,0,0.8
10.83886351241477,106.67566625482782,36,36,1.0,6,19,4,0,1.0
10.765187049751797,106.67550552599072,36,36,1.0,6,20,4,0,1.0
10.75948437198232,106.6840537511244,28,28,1.0,6,20,4,0,1.0
10.865229381280963,106.72366973948476,40,49,1.0,6,20,4,0,0.8163
10.72279213640514,106.72808623948244,27,37,0.994798,6,20,4,0,0.7297
10.823400120373712,106.68551227436063,25,31,0.997643,6,20,4,0,0.8065
10.756158554057755,106.66631758181126,30,30,1.0,6,20,4,0,1.0
10.7144382088356,106.73711688366168,26,35,1.0,6,20,4,0,0.7429
10.817236653231737,106.63191539530456,29,35,1.0,6,20,4,0,0.8286
10.772727584493625,106.69804225297564,25,25,1.0,6,22,4,0,1.0
10.774028664434528,106.70357076461706,29,29,1.0,6,22,4,0,1.0
10.752616652291238,106.72509685338922,39,39,1.0,6,22,4,0,1.0
10.745754766198267,106.65326266831876,42,42,1.0,6,22,4,0,1.0
10.94927106740351,106.87196348224562,32,42,0.988002,6,23,4,0,0.7619
10.78866360854368,106.695513722289,37,42,1.0,6,23,4,0,0.881
10.801406421807084,106.7114844087968,37,42,1.0,6,23,4,0,0.881
10.843150534972033,106.6151343241409,28,35,1.0,6,23,4,0,0.8
10.880537767027526,106.81481342866444,44,52,0.999647,6,23,4,0,0.8462
10.740840166521664,106.61899246873142,28,35,0.99932,6,23,4,0,0.8
10.798986343749618,106.7269705664684,45,45,1.0,6,23,4,0,1.0
10.741860769464234,106.73790365482628,45,45,1.0,6,23,4,0,1.0
10.752408891679814,106.7022703818112,23,34,0.998449,6,23,4,0,0.6765
10.786216596454729,106.71836665482697,40,40,1.0,6,23,4,0,1.0
10.78948793356203,106.7151883818118,36,36,1.0,6,23,4,0,1.0
10.80223925742187,106.6478722259914,34,41,1.0,6,24,4,0,0.8293
10.813928881466124,106.66511432455972,33,33,1.0,6,24,4,0,1.0
10.755608615763382,106.67347943578082,28,28,1.0,6,24,4,0,1.0
10.782680856341084,106.70051548181168,30,30,1.0,6,24,4,0,1.0
10.754895139302109,106.67839188181134,25,32,0.995494,6,24,4,0,0.7812
10.785070445194592,106.68331340921324,19,26,1.0,6,24,4,0,0.7308
10.7549373008113,106.67848844133415,25,32,0.995494,6,24,4,0,0.7812
10.77898143649726,106.67684447140958,24,34,1.0,6,24,4,0,0.7059
10.7671128283867,106.6927618222887,16,20,0.95,6,24,4,0,0.8
10.77847212665258,106.69389510879644,35,41,1.0,6,24,4,0,0.8537
10.796057790235078,106.67492629345334,33,33,1.0,6,24,4,0,1.0
10.8352982156415,106.72935479345392,37,42,0.989692,6,24,4,0,0.881
10.777562007197462,106.7041335430398,30,30,1.0,6,25,4,0,1.0
10.83886351241477,106.67566625482782,36,36,1.0,6,25,4,0,1.0
10.765187049751797,106.67550552599072,36,36,1.0,6,25,4,0,1.0
10.75948437198232,106.6840537511244,28,28,1.0,6,25,4,0,1.0
10.865229381280963,106.72366973948476,40,49,1.0,6,25,4,0,0.8163
10.72279213640514,106.72808623948244,25,37,0.995428,6,25,4,0,0.6757
10.823400120373712,106.68551227436063,24,32,0.997648,6,25,4,0,0.75
10.756158554057755,106.66631758181126,22,29,1.0,6,25,4,0,0.7586
10.7144382088356,106.73711688366168,26,35,1.0,6,25,4,0,0.7429
10.817236653231737,106.63191539530456,28,34,1.0,6,25,4,0,0.8235
10.772727584493625,106.69804225297564,25,25,1.0,6,28,4,0,1.0
10.774028664434528,106.70357076461706,13,28,0.99,6,28,4,0,0.4643
10.752616652291238,106.72509685338922,39,39,1.0,6,28,4,0,1.0
10.745754766198267,106.65326266831876,42,42,1.0,6,28,4,0,1.0
10.94927106740351,106.87196348224562,31,42,0.988002,6,28,4,0,0.7381
10.78866360854368,106.695513722289,37,42,1.0,6,28,4,0,0.881
10.801406421807084,106.7114844087968,37,42,1.0,6,28,4,0,0.881
10.843150534972033,106.6151343241409,29,35,1.0,6,28,4,0,0.8286
10.880537767027526,106.81481342866444,43,53,1.0,6,28,4,0,0.8113
10.740840166521664,106.61899246873142,28,35,0.99932,6,28,4,0,0.8
10.798986343749618,106.7269705664684,45,45,1.0,6,28,4,0,1.0
10.741860769464234,106.73790365482628,45,45,1.0,6,28,4,0,1.0
10.752408891679814,106.7022703818112,25,34,1.0,6,28,4,0,0.7353
10.786216596454729,106.71836665482697,40,40,1.0,6,28,4,0,1.0
10.78948793356203,106.7151883818118,36,36,1.0,6,28,4,0,1.0
10.80223925742187,106.6478722259914,32,41,1.0,6,28,4,0,0.7805
10.813928881466124,106.66511432455972,28,33,0.995827,6,28,4,0,0.8485
10.755608615763382,106.67347943578082,21,27,0.97876,6,28,4,0,0.7778
10.782680856341084,106.70051548181168,30,30,1.0,6,28,4,0,1.0
10.754895139302109,106.67839188181134,26,32,0.999479,6,28,4,0,0.8125
10.785070445194592,106.68331340921324,28,28,1.0,6,28,4,0,1.0
10.7549373008113,106.67848844133415,26,32,0.999479,6,28,4,0,0.8125
10.77898143649726,106.67684447140958,23,34,1.0,6,28,4,0,0.6765
10.7671128283867,106.6927618222887,20,20,1.0,6,28,4,0,1.0
10.77847212665258,106.69389510879644,34,41,1.0,6,29,4,0,0.8293
10.796057790235078,106.67492629345334,33,33,1.0,6,29,4,0,1.0
10.8352982156415,106.72935479345392,35,42,0.991332,6,29,4,0,0.8333
10.777562007197462,106.7041335430398,25,30,1.0,6,29,4,0,0.8333
10.83886351241477,106.67566625482782,36,36,1.0,6,29,4,0,1.0
10.765187049751797,106.67550552599072,36,36,1.0,6,29,4,0,1.0
10.75948437198232,106.6840537511244,20,27,0.984753,6,29,4,0,0.7407
10.865229381280963,106.72366973948476,40,48,1.0,6,29,4,0,0.8333
10.72279213640514,106.72808623948244,26,37,1.0,6,29,4,0,0.7027
10.823400120373712,106.68551227436063,21,32,0.995295,6,29,4,0,0.6562
10.756158554057755,106.66631758181126,30,30,1.0,6,29,4,0,1.0
10.7144382088356,106.73711688366168,24,35,1.0,6,29,4,0,0.6857
10.817236653231737,106.63191539530456,28,35,1.0,6,29,4,0,0.8
10.772727584493625,106.69804225297564,25,25,1.0,6,32,4,0,1.0
10.774028664434528,106.70357076461706,29,29,1.0,6,32,4,0,1.0
10.752616652291238,106.72509685338922,39,39,1.0,6,32,4,0,1.0
10.745754766198267,106.65326266831876,42,42,1.0,6,32,4,0,1.0
10.94927106740351,106.87196348224562,29,42,0.994001,6,32,4,0,0.6905
10.78866360854368,106.695513722289,37,42,1.0,6,32,4,0,0.881
10.801406421807084,106.7114844087968,38,42,1.0,6,32,4,0,0.9048
10.843150534972033,106.6151343241409,27,35,1.0,6,32,4,0,0.7714
10.880537767027526,106.81481342866444,43,53,1.0,6,32,4,0,0.8113
10.740840166521664,106.61899246873142,27,35,0.99932,6,32,4,0,0.7714
10.798986343749618,106.7269705664684,45,45,1.0,6,32,4,0,1.0
10.741860769464234,106.73790365482628,45,45,1.0,6,32,4,0,1.0
10.752408891679814,106.7022703818112,25,34,1.0,6,32,4,0,0.7353
10.786216596454729,106.71836665482697,40,40,1.0,6,32,4,0,1.0
10.78948793356203,106.7151883818118,36,36,1.0,6,32,4,0,1.0
10.80223925742187,106.6478722259914,33,40,1.0,6,33,4,0,0.825
10.813928881466124,106.66511432455972,33,33,1.0,6,33,4,0,1.0
10.755608615763382,106.67347943578082,22,27,0.985818,6,33,4,0,0.8148
10.782680856341084,106.70051548181168,24,30,1.0,6,33,4,0,0.8
10.754895139302109,106.67839188181134,25,33,0.999479,6,33,4,0,0.7576
10.785070445194592,106.68331340921324,23,27,1.0,6,33,4,0,0.8519
10.7549373008113,106.67848844133415,25,33,0.999479,6,33,4,0,0.7576
10.77898143649726,106.67684447140958,24,34,1.0,6,33,4,0,0.7059
10.7671128283867,106.6927618222887,20,20,1.0,6,33,4,0,1.0
10.77847212665258,106.69389510879644,33,41,1.0,6,34,4,0,0.8049
10.796057790235078,106.67492629345334,33,33,1.0,6,34,4,0,1.0
10.8352982156415,106.72935479345392,36,43,0.992387,6,34,4,0,0.8372
10.777562007197462,106.7041335430398,25,30,1.0,6,34,4,0,0.8333
10.83886351241477,106.67566625482782,36,36,1.0,6,34,4,0,1.0
10.765187049751797,106.67550552599072,24,35,1.0,6,34,4,0,0.6857
10.75948437198232,106.6840537511244,23,27,0.985871,6,34,4,0,0.8519
10.865229381280963,106.72366973948476,39,49,1.0,6,34,4,0,0.7959
10.72279213640514,106.72808623948244,26,37,0.997578,6,34,4,0,0.7027
10.823400120373712,106.68551227436063,22,32,0.995295,6,34,4,0,0.6875
10.756158554057755,106.66631758181126,30,30,1.0,6,34,4,0,1.0
10.7144382088356,106.73711688366168,24,35,1.0,6,34,4,0,0.6857
10.817236653231737,106.63191539530456,27,35,1.0,6,34,4,0,0.7714
10.772727584493625,106.69804225297564,25,25,1.0,6,36,4,0,1.0
10.774028664434528,106.70357076461706,29,29,1.0,6,36,4,0,1.0
10.752616652291238,106.72509685338922,39,39,1.0,6,36,4,0,1.0
10.745754766198267,106.65326266831876,42,42,1.0,6,36,4,0,1.0
10.94927106740351,106.87196348224562,33,42,0.994001,6,36,4,0,0.7857
10.78866360854368,106.695513722289,42,42,1.0,6,36,4,0,1.0
10.801406421807084,106.7114844087968,37,42,1.0,6,36,4,0,0.881
10.843150534972033,106.6151343241409,27,35,1.0,6,36,4,0,0.7714
10.880537767027526,106.81481342866444,42,53,1.0,6,36,4,0,0.7925
10.740840166521664,106.61899246873142,27,36,1.0,6,36,4,0,0.75
10.798986343749618,106.7269705664684,45,45,1.0,6,36,4,0,1.0
10.741860769464234,106.73790365482628,45,45,1.0,6,36,4,0,1.0
10.752408891679814,106.7022703818112,25,34,1.0,6,37,4,0,0.7353
10.786216596454729,106.71836665482697,40,40,1.0,6,37,4,0,1.0
10.78948793356203,106.7151883818118,36,36,1.0,6,37,4,0,1.0
10.80223925742187,106.6478722259914,31,41,1.0,6,37,4,0,0.7561
10.813928881466124,106.66511432455972,26,33,0.994763,6,37,4,0,0.7879
10.755608615763382,106.67347943578082,28,28,1.0,6,37,4,0,1.0
10.782680856341084,106.70051548181168,23,30,1.0,6,37,4,0,0.7667
10.754895139302109,106.67839188181134,23,32,1.0,6,37,4,0,0.7188
10.785070445194592,106.68331340921324,21,26,1.0,6,38,4,0,0.8077
10.7549373008113,106.67848844133415,23,32,1.0,6,38,4,0,0.7188
10.77898143649726,106.67684447140958,23,34,1.0,6,38,4,0,0.6765
10.7671128283867,106.6927618222887,20,20,1.0,6,38,4,0,1.0
10.77847212665258,106.69389510879644,32,41,1.0,6,38,4,0,0.7805
10.796057790235078,106.67492629345334,26,33,0.995469,6,38,4,0,0.7879
10.8352982156415,106.72935479345392,34,42,0.988686,6,38,4,0,0.8095
10.777562007197462,106.7041335430398,23,30,1.0,6,38,4,0,0.7667
10.83886351241477,106.67566625482782,30,36,0.997408,6,38,4,0,0.8333
10.765187049751797,106.67550552599072,36,36,1.0,6,38,4,0,1.0
10.75948437198232,106.6840537511244,28,28,1.0,6,38,4,0,1.0
10.865229381280963,106.72366973948476,39,49,1.0,6,38,4,0,0.7959
10.72279213640514,106.72808623948244,25,36,1.0,6,38,4,0,0.6944
10.823400120373712,106.68551227436063,21,31,0.997104,6,38,4,0,0.6774
10.756158554057755,106.66631758181126,30,30,1.0,6,38,4,0,1.0
10.7144382088356,106.73711688366168,24,35,1.0,6,38,4,0,0.6857
10.817236653231737,106.63191539530456,27,35,1.0,6,38,4,0,0.7714
10.772727584493625,106.69804225297564,25,25,1.0,6,41,4,0,1.0
10.774028664434528,106.70357076461706,29,29,1.0,6,41,4,0,1.0
10.752616652291238,106.72509685338922,39,39,1.0,6,41,4,0,1.0
10.745754766198267,106.65326266831876,42,42,1.0,6,41,4,0,1.0
10.94927106740351,106.87196348224562,31,41,1.0,6,41,4,0,0.7561
10.78866360854368,106.695513722289,36,41,1.0,6,41,4,0,0.878
10.801406421807084,106.7114844087968,36,41,1.0,6,41,4,0,0.878
10.843150534972033,106.6151343241409,28,35,1.0,6,41,4,0,0.8
10.880537767027526,106.81481342866444,42,53,1.0,6,41,4,0,0.7925
10.740840166521664,106.61899246873142,26,35,1.0,6,41,4,0,0.7429
10.798986343749618,106.7269705664684,45,45,1.0,6,41,4,0,1.0
10.741860769464234,106.73790365482628,45,45,1.0,6,41,4,0,1.0
10.752408891679814,106.7022703818112,22,34,1.0,6,41,4,0,0.6471
10.786216596454729,106.71836665482697,40,40,1.0,6,41,4,0,1.0
10.78948793356203,106.7151883818118,36,36,1.0,6,41,4,0,1.0
10.80223925742187,106.6478722259914,30,40,1.0,6,41,4,0,0.75
10.813928881466124,106.66511432455972,26,33,0.995435,6,41,4,0,0.7879
10.755608615763382,106.67347943578082,23,27,0.987474,6,41,4,0,0.8519
10.782680856341084,106.70051548181168,24,30,1.0,6,41,4,0,0.8
10.754895139302109,106.67839188181134,24,32,1.0,6,42,4,0,0.75
10.785070445194592,106.68331340921324,22,28,1.0,6,42,4,0,0.7857
10.7549373008113,106.67848844133415,24,32,1.0,6,42,4,0,0.75
10.77898143649726,106.67684447140958,23,34,1.0,6,42,4,0,0.6765
10.7671128283867,106.6927618222887,20,20,1.0,6,42,4,0,1.0
10.77847212665258,106.69389510879644,31,42,1.0,6,42,4,0,0.7381
10.796057790235078,106.67492629345334,26,34,0.994718,6,42,4,0,0.7647
10.8352982156415,106.72935479345392,36,42,0.978124,6,42,4,0,0.8571
10.777562007197462,106.7041335430398,23,30,1.0,6,42,4,0,0.7667
10.83886351241477,106.67566625482782,27,36,1.0,6,42,4,0,0.75
10.765187049751797,106.67550552599072,25,35,1.0,6,42,4,0,0.7143
10.75948437198232,106.6840537511244,28,28,1.0,6,42,4,0,1.0
10.865229381280963,106.72366973948476,39,49,1.0,6,42,4,0,0.7959
10.72279213640514,106.72808623948244,24,37,1.0,6,42,4,0,0.6486
10.823400120373712,106.68551227436063,21,32,1.0,6,43,4,0,0.6562
10.756158554057755,106.66631758181126,24,28,1.0,6,43,4,0,0.8571
10.7144382088356,106.73711688366168,23,35,1.0,6,43,4,0,0.6571
10.817236653231737,106.63191539530456,27,35,1.0,6,43,4,0,0.7714
10.772727584493625,106.69804225297564,25,25,1.0,6,45,4,0,1.0
10.774028664434528,106.70357076461706,29,29,1.0,6,45,4,0,1.0
10.752616652291238,106.72509685338922,39,39,1.0,6,45,4,0,1.0
10.745754766198267,106.65326266831876,42,42,1.0,6,45,4,0,1.0
10.94927106740351,106.87196348224562,29,42,0.994001,6,45,4,0,0.6905
10.78866360854368,106.695513722289,35,42,1.0,6,45,4,0,0.8333
10.801406421807084,106.7114844087968,35,42,1.0,6,45,4,0,0.8333
10.843150534972033,106.6151343241409,25,35,1.0,6,45,4,0,0.7143
10.880537767027526,106.81481342866444,43,53,1.0,6,45,4,0,0.8113
10.740840166521664,106.61899246873142,25,35,0.999559,6,45,4,0,0.7143
10.798986343749618,106.7269705664684,45,45,1.0,6,45,4,0,1.0
10.741860769464234,106.73790365482628,45,45,1.0,6,45,4,0,1.0
10.752408891679814,106.7022703818112,21,34,1.0,6,45,4,0,0.6176
10.786216596454729,106.71836665482697,40,40,1.0,6,46,4,0,1.0
10.78948793356203,106.7151883818118,27,36,1.0,6,46,4,0,0.75
10.80223925742187,106.6478722259914,31,41,1.0,6,46,4,0,0.7561
10.813928881466124,106.66511432455972,26,33,0.994569,6,46,4,0,0.7879
10.755608615763382,106.67347943578082,19,28,0.990059,6,46,4,0,0.6786
10.782680856341084,106.70051548181168,23,31,1.0,6,46,4,0,0.7419
10.754895139302109,106.67839188181134,25,34,1.0,6,46,4,0,0.7353
10.785070445194592,106.68331340921324,18,28,1.0,6,46,4,0,0.6429
10.7549373008113,106.67848844133415,25,33,1.0,6,46,4,0,0.7576
10.77898143649726,106.67684447140958,21,34,1.0,6,46,4,0,0.6176
10.7671128283867,106.6927618222887,20,20,1.0,6,46,4,0,1.0
10.77847212665258,106.69389510879644,31,41,1.0,6,46,4,0,0.7561
10.796057790235078,106.67492629345334,25,34,0.994886,6,46,4,0,0.7353
10.8352982156415,106.72935479345392,32,42,0.988054,6,46,4,0,0.7619
10.777562007197462,106.7041335430398,22,30,1.0,6,46,4,0,0.7333
10.83886351241477,106.67566625482782,28,36,0.996417,6,47,4,0,0.7778
10.765187049751797,106.67550552599072,28,35,1.0,6,47,4,0,0.8
10.75948437198232,106.6840537511244,20,28,0.974643,6,47,4,0,0.7143
10.865229381280963,106.72366973948476,39,49,1.0,6,47,4,0,0.7959
10.72279213640514,106.72808623948244,25,37,1.0,6,47,4,0,0.6757
10.823400120373712,106.68551227436063,20,31,1.0,6,47,4,0,0.6452
10.756158554057755,106.66631758181126,26,30,1.0,6,47,4,0,0.8667
10.7144382088356,106.73711688366168,22,35,1.0,6,47,4,0,0.6286
10.817236653231737,106.63191539530456,24,35,1.0,6,47,4,0,0.6857
10.772727584493625,106.69804225297564,17,24,0.983695,6,49,4,0,0.7083
10.774028664434528,106.70357076461706,29,29,1.0,6,49,4,0,1.0
10.752616652291238,106.72509685338922,39,39,1.0,6,49,4,0,1.0
10.745754766198267,106.65326266831876,42,42,1.0,6,49,4,0,1.0
10.94927106740351,106.87196348224562,28,42,1.0,6,49,4,0,0.6667
10.78866360854368,106.695513722289,35,42,1.0,6,49,4,0,0.8333
10.801406421807084,106.7114844087968,35,42,1.0,6,49,4,0,0.8333
10.843150534972033,106.6151343241409,27,35,1.0,6,49,4,0,0.7714
10.880537767027526,106.81481342866444,43,53,1.0,6,50,4,0,0.8113
10.740840166521664,106.61899246873142,25,35,1.0,6,50,4,0,0.7143
10.798986343749618,106.7269705664684,45,45,1.0,6,50,4,0,1.0
10.741860769464234,106.73790365482628,45,45,1.0,6,50,4,0,1.0
10.752408891679814,106.7022703818112,19,33,1.0,6,50,4,0,0.5758
10.786216596454729,106.71836665482697,40,40,1.0,6,50,4,0,1.0
10.78948793356203,106.7151883818118,36,36,1.0,6,50,4,0,1.0
10.80223925742187,106.6478722259914,29,41,1.0,6,50,4,0,0.7073
10.813928881466124,106.66511432455972,25,33,0.995301,6,50,4,0,0.7576
10.755608615763382,106.67347943578082,20,27,0.977062,6,50,4,0,0.7407
10.782680856341084,106.70051548181168,24,30,1.0,6,50,4,0,0.8
10.754895139302109,106.67839188181134,23,33,1.0,6,50,4,0,0.697
10.785070445194592,106.68331340921324,20,28,1.0,6,50,4,0,0.7143
10.7549373008113,106.67848844133415,23,33,1.0,6,50,4,0,0.697
10.77898143649726,106.67684447140958,21,34,1.0,6,50,4,0,0.6176
10.7671128283867,106.6927618222887,20,20,1.0,6,50,4,0,1.0
10.77847212665258,106.69389510879644,30,41,1.0,6,50,4,0,0.7317
10.796057790235078,106.67492629345334,25,33,0.995847,6,50,4,0,0.7576
10.8352982156415,106.72935479345392,33,42,0.99169,6,50,4,0,0.7857
10.777562007197462,106.7041335430398,24,30,1.0,6,50,4,0,0.8
10.83886351241477,106.67566625482782,27,36,0.998086,6,50,4,0,0.75
10.765187049751797,106.67550552599072,25,36,1.0,6,50,4,0,0.6944
10.75948437198232,106.6840537511244,20,27,0.97,6,51,4,0,0.7407
10.865229381280963,106.72366973948476,39,49,1.0,6,51,4,0,0.7959
10.72279213640514,106.72808623948244,25,37,0.997995,6,51,4,0,0.6757
10.823400120373712,106.68551227436063,22,31,1.0,6,51,4,0,0.7097
10.756158554057755,106.66631758181126,23,29,1.0,6,51,4,0,0.7931
10.7144382088356,106.73711688366168,22,35,1.0,6,51,4,0,0.6286
10.817236653231737,106.63191539530456,26,35,1.0,6,51,4,0,0.7429
10.772727584493625,106.69804225297564,19,24,0.983695,6,53,4,0,0.7917
10.774028664434528,106.70357076461706,29,29,1.0,6,53,4,0,1.0
10.752616652291238,106.72509685338922,39,39,1.0,6,53,4,0,1.0
10.745754766198267,106.65326266831876,42,42,1.0,6,53,4,0,1.0
10.94927106740351,106.87196348224562,28,41,1.0,6,53,4,0,0.6829
10.78866360854368,106.695513722289,34,42,1.0,6,53,4,0,0.8095
10.801406421807084,106.7114844087968,34,42,1.0,6,53,4,0,0.8095
10.843150534972033,106.6151343241409,25,35,1.0,6,53,4,0,0.7143
10.880537767027526,106.81481342866444,44,53,1.0,6,53,4,0,0.8302
10.740840166521664,106.61899246873142,24,35,1.0,6,53,4,0,0.6857
10.798986343749618,106.7269705664684,45,45,1.0,6,54,4,0,1.0
10.741860769464234,106.73790365482628,45,45,1.0,6,54,4,0,1.0
10.752408891679814,106.7022703818112,19,34,1.0,6,54,4,0,0.5588
10.786216596454729,106.71836665482697,40,40,1.0,6,54,4,0,1.0
10.78948793356203,106.7151883818118,24,34,1.0,6,54,4,0,0.7059
10.80223925742187,106.6478722259914,28,41,1.0,6,54,4,0,0.6829
10.813928881466124,106.66511432455972,26,34,0.997914,6,54,4,0,0.7647
10.755608615763382,106.67347943578082,20,27,0.988778,6,54,4,0,0.7407
10.782680856341084,106.70051548181168,23,30,1.0,6,54,4,0,0.7667
10.754895139302109,106.67839188181134,24,33,1.0,6,54,4,0,0.7273
10.785070445194592,106.68331340921324,21,27,1.0,6,54,4,0,0.7778
10.7549373008113,106.67848844133415,23,33,1.0,6,54,4,0,0.697
10.77898143649726,106.67684447140958,21,34,1.0,6,54,4,0,0.6176
10.7671128283867,106.6927618222887,20,20,1.0,6,54,4,0,1.0
10.77847212665258,106.69389510879644,30,41,1.0,6,54,4,0,0.7317
10.796057790235078,106.67492629345334,26,34,0.997651,6,54,4,0,0.7647
10.8352982156415,106.72935479345392,32,42,0.995408,6,54,4,0,0.7619
10.777562007197462,106.7041335430398,22,30,1.0,6,55,4,0,0.7333
10.83886351241477,106.67566625482782,27,35,0.998084,6,55,4,0,0.7714
10.765187049751797,106.67550552599072,26,36,1.0,6,55,4,0,0.7222
10.75948437198232,106.6840537511244,19,28,0.988751,6,55,4,0,0.6786
10.865229381280963,106.72366973948476,38,49,1.0,6,55,4,0,0.7755
10.72279213640514,106.72808623948244,25,38,0.997754,6,55,4,0,0.6579
10.823400120373712,106.68551227436063,22,32,1.0,6,55,4,0,0.6875
10.756158554057755,106.66631758181126,19,29,1.0,6,55,4,0,0.6552
10.7144382088356,106.73711688366168,22,35,1.0,6,55,4,0,0.6286
10.817236653231737,106.63191539530456,26,35,1.0,6,55,4,0,0.7429
10.772727584493625,106.69804225297564,19,25,0.991105,6,57,4,0,0.76
10.774028664434528,106.70357076461706,29,29,1.0,6,58,4,0,1.0
10.752616652291238,106.72509685338922,39,39,1.0,6,58,4,0,1.0
10.745754766198267,106.65326266831876,42,42,1.0,6,58,4,0,1.0
10.94927106740351,106.87196348224562,29,43,1.0,6,58,4,0,0.6744
10.78866360854368,106.695513722289,34,41,1.0,6,58,4,0,0.8293
10.801406421807084,106.7114844087968,34,41,1.0,6,58,4,0,0.8293
10.843150534972033,106.6151343241409,25,35,1.0,6,58,4,0,0.7143
10.880537767027526,106.81481342866444,41,53,1.0,6,58,4,0,0.7736
10.740840166521664,106.61899246873142,25,35,1.0,6,58,4,0,0.7143
10.798986343749618,106.7269705664684,45,45,1.0,6,58,4,0,1.0
10.741860769464234,106.73790365482628,45,45,1.0,6,58,4,0,1.0
10.752408891679814,106.7022703818112,21,34,1.0,6,58,4,0,0.6176
10.786216596454729,106.71836665482697,40,40,1.0,6,58,4,0,1.0
10.78948793356203,106.7151883818118,26,35,1.0,6,58,4,0,0.7429
10.80223925742187,106.6478722259914,31,40,1.0,6,58,4,0,0.775
10.813928881466124,106.66511432455972,23,33,0.995081,6,58,4,0,0.697
10.755608615763382,106.67347943578082,17,27,0.992856,6,58,4,0,0.6296
10.782680856341084,106.70051548181168,20,30,1.0,6,58,4,0,0.6667
10.754895139302109,106.67839188181134,23,33,1.0,6,58,4,0,0.697
10.785070445194592,106.68331340921324,18,28,1.0,6,58,4,0,0.6429
10.7549373008113,106.67848844133415,23,33,1.0,6,58,4,0,0.697
10.77898143649726,106.67684447140958,21,34,1.0,6,58,4,0,0.6176
10.7671128283867,106.6927618222887,20,20,1.0,6,58,4,0,1.0
10.77847212665258,106.69389510879644,30,42,1.0,6,58,4,0,0.7143
10.796057790235078,106.67492629345334,23,33,0.995081,6,59,4,0,0.697
10.8352982156415,106.72935479345392,34,42,0.994047,6,59,4,0,0.8095
10.777562007197462,106.7041335430398,20,30,1.0,6,59,4,0,0.6667
10.83886351241477,106.67566625482782,27,36,0.99741,6,59,4,0,0.75
10.765187049751797,106.67550552599072,27,36,1.0,6,59,4,0,0.75
10.75948437198232,106.6840537511244,17,27,0.992856,6,59,4,0,0.6296
10.865229381280963,106.72366973948476,37,49,1.0,6,59,4,0,0.7551
10.72279213640514,106.72808623948244,24,37,0.996599,6,59,4,0,0.6486
10.823400120373712,106.68551227436063,22,31,1.0,6,59,4,0,0.7097
10.756158554057755,106.66631758181126,23,30,1.0,6,59,4,0,0.7667
10.7144382088356,106.73711688366168,22,36,1.0,6,59,4,0,0.6111
10.817236653231737,106.63191539530456,25,35,1.0,6,59,4,0,0.7143
10.772727584493625,106.69804225297564,19,24,0.99259,7,1,4,0,0.7917
10.774028664434528,106.70357076461706,29,29,1.0,7,1,4,0,1.0
10.752616652291238,106.72509685338922,39,39,1.0,7,1,4,0,1.0
10.745754766198267,106.65326266831876,42,42,1.0,7,1,4,0,1.0
10.94927106740351,106.87196348224562,31,41,1.0,7,1,4,0,0.7561
10.78866360854368,106.695513722289,33,42,1.0,7,2,4,0,0.7857
10.801406421807084,106.7114844087968,34,42,1.0,7,2,4,0,0.8095
10.843150534972033,106.6151343241409,25,35,1.0,7,2,4,0,0.7143
10.880537767027526,106.81481342866444,43,53,1.0,7,2,4,0,0.8113
10.740840166521664,106.61899246873142,23,35,1.0,7,2,4,0,0.6571
10.798986343749618,106.7269705664684,45,45,1.0,7,2,4,0,1.0
10.741860769464234,106.73790365482628,45,45,1.0,7,2,4,0,1.0
10.752408891679814,106.7022703818112,20,34,1.0,7,2,4,0,0.5882
10.786216596454729,106.71836665482697,40,40,1.0,7,2,4,0,1.0
10.78948793356203,106.7151883818118,24,35,1.0,7,2,4,0,0.6857
10.80223925742187,106.6478722259914,26,40,1.0,7,2,4,0,0.65
10.813928881466124,106.66511432455972,24,33,0.997916,7,2,4,0,0.7273
10.755608615763382,106.67347943578082,19,28,0.988613,7,3,4,0,0.6786
10.782680856341084,106.70051548181168,20,30,1.0,7,3,4,0,0.6667
10.754895139302109,106.67839188181134,21,32,1.0,7,3,4,0,0.6562
10.785070445194592,106.68331340921324,16,27,1.0,7,3,4,0,0.5926
10.7549373008113,106.67848844133415,21,32,1.0,7,3,4,0,0.6562
10.77898143649726,106.67684447140958,20,34,1.0,7,3,4,0,0.5882
10.7671128283867,106.6927618222887,20,20,1.0,7,3,4,0,1.0
10.77847212665258,106.69389510879644,29,41,1.0,7,3,4,0,0.7073
10.796057790235078,106.67492629345334,25,34,0.997652,7,3,4,0,0.7353
10.8352982156415,106.72935479345392,34,42,0.994933,7,3,4,0,0.8095
10.777562007197462,106.7041335430398,20,30,1.0,7,3,4,0,0.6667
10.83886351241477,106.67566625482782,24,36,1.0,7,4,4,0,0.6667
10.765187049751797,106.67550552599072,27,36,1.0,7,4,4,0,0.75
10.75948437198232,106.6840537511244,17,28,0.994227,7,4,4,0,0.6071
10.865229381280963,106.72366973948476,38,49,1.0,7,4,4,0,0.7755
10.72279213640514,106.72808623948244,24,37,0.996792,7,4,4,0,0.6486
10.823400120373712,106.68551227436063,20,31,1.0,7,4,4,0,0.6452
10.756158554057755,106.66631758181126,24,29,1.0,7,4,4,0,0.8276
10.7144382088356,106.73711688366168,22,35,1.0,7,4,4,0,0.6286
10.817236653231737,106.63191539530456,25,35,1.0,7,4,4,0,0.7143
10.772727584493625,106.69804225297564,18,24,0.993825,7,6,4,0,0.75
10.774028664434528,106.70357076461706,21,27,0.994132,7,6,4,0,0.7778
10.752616652291238,106.72509685338922,39,39,1.0,7,6,4,0,1.0
10.745754766198267,106.65326266831876,42,42,1.0,7,6,4,0,1.0
10.94927106740351,106.87196348224562,27,40,1.0,7,6,4,0,0.675
10.78866360854368,106.695513722289,31,42,1.0,7,6,4,0,0.7381
10.801406421807084,106.7114844087968,31,42,1.0,7,6,4,0,0.7381
10.843150534972033,106.6151343241409,24,35,1.0,7,7,4,0,0.6857
10.880537767027526,106.81481342866444,43,53,1.0,7,7,4,0,0.8113
10.740840166521664,106.61899246873142,25,35,1.0,7,7,4,0,0.7143
10.798986343749618,106.7269705664684,45,45,1.0,7,7,4,0,1.0
10.741860769464234,106.73790365482628,45,45,1.0,7,7,4,0,1.0
10.752408891679814,106.7022703818112,20,33,1.0,7,7,4,0,0.6061
10.786216596454729,106.71836665482697,40,40,1.0,7,7,4,0,1.0
10.78948793356203,106.7151883818118,25,36,1.0,7,7,4,0,0.6944
10.80223925742187,106.6478722259914,28,40,1.0,7,7,4,0,0.7
10.813928881466124,106.66511432455972,26,34,0.998691,7,7,4,0,0.7647
10.755608615763382,106.67347943578082,19,27,0.996181,7,8,4,0,0.7037
10.782680856341084,106.70051548181168,19,30,1.0,7,8,4,0,0.6333
10.754895139302109,106.67839188181134,20,32,1.0,7,8,4,0,0.625
10.785070445194592,106.68331340921324,16,28,1.0,7,8,4,0,0.5714
10.7549373008113,106.67848844133415,20,32,1.0,7,8,4,0,0.625
10.77898143649726,106.67684447140958,21,34,1.0,7,8,4,0,0.6176
10.7671128283867,106.6927618222887,13,19,1.0,7,8,4,0,0.6842
10.77847212665258,106.69389510879644,29,41,1.0,7,8,4,0,0.7073
10.796057790235078,106.67492629345334,26,34,1.0,7,8,4,0,0.7647
10.8352982156415,106.72935479345392,34,42,0.996746,7,8,4,0,0.8095
10.777562007197462,106.7041335430398,19,30,1.0,7,8,4,0,0.6333
10.83886351241477,106.67566625482782,26,35,0.997411,7,8,4,0,0.7429
10.765187049751797,106.67550552599072,24,36,1.0,7,8,4,0,0.6667
10.75948437198232,106.6840537511244,21,28,0.996181,7,8,4,0,0.75
10.865229381280963,106.72366973948476,37,49,1.0,7,8,4,0,0.7551
10.72279213640514,106.72808623948244,25,37,0.996999,7,8,4,0,0.6757
10.823400120373712,106.68551227436063,20,31,1.0,7,8,4,0,0.6452
10.756158554057755,106.66631758181126,22,29,1.0,7,8,4,0,0.7586
10.7144382088356,106.73711688366168,22,35,1.0,7,9,4,0,0.6286
10.817236653231737,106.63191539530456,25,35,1.0,7,9,4,0,0.7143
10.772727584493625,106.69804225297564,17,24,0.99506,7,11,4,0,0.7083
10.774028664434528,106.70357076461706,29,29,1.0,7,11,4,0,1.0
10.752616652291238,106.72509685338922,39,39,1.0,7,11,4,0,1.0
10.745754766198267,106.65326266831876,42,42,1.0,7,11,4,0,1.0
10.94927106740351,106.87196348224562,26,43,1.0,7,11,4,0,0.6047
10.78866360854368,106.695513722289,33,41,1.0,7,11,4,0,0.8049
10.801406421807084,106.7114844087968,33,41,1.0,7,11,4,0,0.8049
10.843150534972033,106.6151343241409,24,35,1.0,7,11,4,0,0.6857
10.880537767027526,106.81481342866444,43,53,1.0,7,11,4,0,0.8113
10.740840166521664,106.61899246873142,24,35,1.0,7,11,4,0,0.6857
10.798986343749618,106.7269705664684,45,45,1.0,7,11,4,0,1.0
10.741860769464234,106.73790365482628,45,45,1.0,7,11,4,0,1.0
10.752408891679814,106.7022703818112,20,34,1.0,7,11,4,0,0.5882
10.786216596454729,106.71836665482697,40,40,1.0,7,11,4,0,1.0
10.78948793356203,106.7151883818118,18,35,1.0,7,11,4,0,0.5143
10.80223925742187,106.6478722259914,28,40,1.0,7,11,4,0,0.7
10.813928881466124,106.66511432455972,22,33,0.999528,7,11,4,0,0.6667
10.755608615763382,106.67347943578082,20,28,0.994092,7,11,4,0,0.7143
10.782680856341084,106.70051548181168,19,30,1.0,7,11,4,0,0.6333
10.754895139302109,106.67839188181134,20,32,1.0,7,12,4,0,0.625
10.785070445194592,106.68331340921324,14,27,1.0,7,12,4,0,0.5185
10.7549373008113,106.67848844133415,20,33,1.0,7,12,4,0,0.6061
10.77898143649726,106.67684447140958,22,34,1.0,7,12,4,0,0.6471
10.7671128283867,106.6927618222887,15,20,1.0,7,12,4,0,0.75
10.77847212665258,106.69389510879644,30,42,1.0,7,12,4,0,0.7143
10.796057790235078,106.67492629345334,23,33,0.999528,7,12,4,0,0.697
10.8352982156415,106.72935479345392,33,42,0.997288,7,12,4,0,0.7857
10.777562007197462,106.7041335430398,20,30,1.0,7,12,4,0,0.6667
10.83886351241477,106.67566625482782,28,36,0.997226,7,13,4,0,0.7778
10.765187049751797,106.67550552599072,22,36,1.0,7,13,4,0,0.6111
10.75948437198232,106.6840537511244,20,28,0.996181,7,13,4,0,0.7143
10.865229381280963,106.72366973948476,36,49,1.0,7,13,4,0,0.7347
10.72279213640514,106.72808623948244,25,37,0.998019,7,13,4,0,0.6757
10.823400120373712,106.68551227436063,21,31,1.0,7,13,4,0,0.6774
10.756158554057755,106.66631758181126,22,29,1.0,7,13,4,0,0.7586
10.7144382088356,106.73711688366168,22,35,1.0,7,13,4,0,0.6286
10.817236653231737,106.63191539530456,23,35,1.0,7,13,4,0,0.6571
10.772727584493625,106.69804225297564,18,24,0.99506,7,15,4,0,0.75
10.774028664434528,106.70357076461706,29,29,1.0,7,15,4,0,1.0
10.752616652291238,106.72509685338922,31,39,1.0,7,15,4,0,0.7949
10.745754766198267,106.65326266831876,42,42,1.0,7,16,4,0,1.0
10.94927106740351,106.87196348224562,26,40,1.0,7,16,4,0,0.65
10.78866360854368,106.695513722289,32,42,1.0,7,16,4,0,0.7619
10.801406421807084,106.7114844087968,32,42,1.0,7,16,4,0,0.7619
10.843150534972033,106.6151343241409,25,35,1.0,7,16,4,0,0.7143
10.880537767027526,106.81481342866444,44,52,1.0,7,16,4,0,0.8462
10.740840166521664,106.61899246873142,24,35,1.0,7,16,4,0,0.6857
10.798986343749618,106.7269705664684,45,45,1.0,7,16,4,0,1.0
10.741860769464234,106.73790365482628,45,45,1.0,7,16,4,0,1.0
10.752408891679814,106.7022703818112,20,34,1.0,7,16,4,0,0.5882
10.786216596454729,106.71836665482697,40,40,1.0,7,16,4,0,1.0
10.78948793356203,106.7151883818118,25,35,1.0,7,16,4,0,0.7143
10.80223925742187,106.6478722259914,27,40,1.0,7,16,4,0,0.675
10.813928881466124,106.66511432455972,23,33,1.0,7,16,4,0,0.697
10.755608615763382,106.67347943578082,19,28,0.996129,7,16,4,0,0.6786
10.782680856341084,106.70051548181168,19,30,1.0,7,16,4,0,0.6333
10.754895139302109,106.67839188181134,21,33,1.0,7,16,4,0,0.6364
10.785070445194592,106.68331340921324,13,28,1.0,7,16,4,0,0.4643
10.7549373008113,106.67848844133415,21,33,1.0,7,16,4,0,0.6364
10.77898143649726,106.67684447140958,21,34,1.0,7,16,4,0,0.6176
10.7671128283867,106.6927618222887,20,20,1.0,7,17,4,0,1.0
10.77847212665258,106.69389510879644,28,41,1.0,7,17,4,0,0.6829
10.796057790235078,106.67492629345334,24,33,1.0,7,17,4,0,0.7273
10.8352982156415,106.72935479345392,33,43,0.99711,7,17,4,0,0.7674
10.777562007197462,106.7041335430398,21,30,1.0,7,17,4,0,0.7
10.83886351241477,106.67566625482782,26,36,0.997406,7,17,4,0,0.7222
10.765187049751797,106.67550552599072,20,35,1.0,7,17,4,0,0.5714
10.75948437198232,106.6840537511244,19,28,1.0,7,17,4,0,0.6786
10.865229381280963,106.72366973948476,37,49,1.0,7,17,4,0,0.7551
10.72279213640514,106.72808623948244,25,37,0.9981,7,17,4,0,0.6757
10.823400120373712,106.68551227436063,22,32,1.0,7,17,4,0,0.6875
10.756158554057755,106.66631758181126,23,29,1.0,7,17,4,0,0.7931
10.7144382088356,106.73711688366168,22,35,1.0,7,17,4,0,0.6286
10.817236653231737,106.63191539530456,24,35,1.0,7,17,4,0,0.6857
10.772727584493625,106.69804225297564,18,24,0.99506,7,20,4,0,0.75
10.774028664434528,106.70357076461706,29,29,1.0,7,20,4,0,1.0
10.752616652291238,106.72509685338922,39,39,1.0,7,20,4,0,1.0
10.745754766198267,106.65326266831876,42,42,1.0,7,20,4,0,1.0
10.94927106740351,106.87196348224562,26,41,1.0,7,20,4,0,0.6341
10.78866360854368,106.695513722289,32,42,1.0,7,20,4,0,0.7619
10.801406421807084,106.7114844087968,32,42,1.0,7,20,4,0,0.7619
10.843150534972033,106.6151343241409,23,34,1.0,7,20,4,0,0.6765
10.880537767027526,106.81481342866444,44,53,1.0,7,20,4,0,0.8302
10.740840166521664,106.61899246873142,24,35,1.0,7,20,4,0,0.6857
10.798986343749618,106.7269705664684,45,45,1.0,7,20,4,0,1.0
10.741860769464234,106.73790365482628,45,45,1.0,7,20,4,0,1.0
10.752408891679814,106.7022703818112,19,33,1.0,7,20,4,0,0.5758
10.786216596454729,106.71836665482697,40,40,1.0,7,21,4,0,1.0
10.78948793356203,106.7151883818118,25,36,1.0,7,21,4,0,0.6944
10.80223925742187,106.6478722259914,27,41,1.0,7,21,4,0,0.6585
10.813928881466124,106.66511432455972,23,34,1.0,7,21,4,0,0.6765
10.755608615763382,106.67347943578082,16,27,0.997911,7,21,4,0,0.5926
10.782680856341084,106.70051548181168,18,30,1.0,7,21,4,0,0.6
10.754895139302109,106.67839188181134,19,33,1.0,7,21,4,0,0.5758
10.785070445194592,106.68331340921324,17,27,1.0,7,21,4,0,0.6296
10.7549373008113,106.67848844133415,19,33,1.0,7,21,4,0,0.5758
10.77898143649726,106.67684447140958,21,34,1.0,7,21,4,0,0.6176
10.7671128283867,106.6927618222887,20,20,1.0,7,21,4,0,1.0
10.77847212665258,106.69389510879644,29,41,1.0,7,21,4,0,0.7073
10.796057790235078,106.67492629345334,23,34,1.0,7,21,4,0,0.6765
10.8352982156415,106.72935479345392,31,42,0.997467,7,21,4,0,0.7381
10.777562007197462,106.7041335430398,19,31,1.0,7,21,4,0,0.6129
10.83886351241477,106.67566625482782,28,36,1.0,7,21,4,0,0.7778
10.765187049751797,106.67550552599072,19,35,1.0,7,21,4,0,0.5429
10.75948437198232,106.6840537511244,16,27,1.0,7,21,4,0,0.5926
10.865229381280963,106.72366973948476,36,49,1.0,7,21,4,0,0.7347
10.72279213640514,106.72808623948244,23,37,1.0,7,21,4,0,0.6216
10.823400120373712,106.68551227436063,21,32,1.0,7,21,4,0,0.6562
10.756158554057755,106.66631758181126,21,29,1.0,7,22,4,0,0.7241
10.7144382088356,106.73711688366168,22,35,1.0,7,22,4,0,0.6286
10.817236653231737,106.63191539530456,25,35,1.0,7,22,4,0,0.7143
10.772727584493625,106.69804225297564,17,24,0.99506,7,24,4,0,0.7083
10.774028664434528,106.70357076461706,29,29,1.0,7,24,4,0,1.0
10.752616652291238,106.72509685338922,39,39,1.0,7,24,4,0,1.0
10.745754766198267,106.65326266831876,42,42,1.0,7,24,4,0,1.0
10.94927106740351,106.87196348224562,29,42,1.0,7,24,4,0,0.6905
10.78866360854368,106.695513722289,31,41,1.0,7,24,4,0,0.7561
10.801406421807084,106.7114844087968,31,41,1.0,7,24,4,0,0.7561
10.843150534972033,106.6151343241409,25,35,1.0,7,24,4,0,0.7143
10.880537767027526,106.81481342866444,45,54,1.0,7,24,4,0,0.8333
10.740840166521664,106.61899246873142,24,35,1.0,7,24,4,0,0.6857
10.798986343749618,106.7269705664684,35,44,1.0,7,24,4,0,0.7955
10.741860769464234,106.73790365482628,45,45,1.0,7,24,4,0,1.0
10.752408891679814,106.7022703818112,19,33,1.0,7,24,4,0,0.5758
10.786216596454729,106.71836665482697,40,40,1.0,7,24,4,0,1.0
10.78948793356203,106.7151883818118,36,36,1.0,7,25,4,0,1.0
10.80223925742187,106.6478722259914,29,41,1.0,7,25,4,0,0.7073
10.813928881466124,106.66511432455972,23,34,1.0,7,25,4,0,0.6765
10.755608615763382,106.67347943578082,17,27,1.0,7,25,4,0,0.6296
10.782680856341084,106.70051548181168,19,30,1.0,7,25,4,0,0.6333
10.754895139302109,106.67839188181134,19,32,1.0,7,25,4,0,0.5938
10.785070445194592,106.68331340921324,14,27,1.0,7,25,4,0,0.5185
10.7549373008113,106.67848844133415,19,32,1.0,7,25,4,0,0.5938
10.77898143649726,106.67684447140958,19,34,1.0,7,25,4,0,0.5588
10.7671128283867,106.6927618222887,20,20,1.0,7,25,4,0,1.0
10.77847212665258,106.69389510879644,28,41,1.0,7,25,4,0,0.6829
10.796057790235078,106.67492629345334,23,34,1.0,7,25,4,0,0.6765
10.8352982156415,106.72935479345392,32,43,0.997651,7,25,4,0,0.7442
10.777562007197462,106.7041335430398,20,30,1.0,7,25,4,0,0.6667
10.83886351241477,106.67566625482782,28,36,1.0,7,25,4,0,0.7778
10.765187049751797,106.67550552599072,23,35,1.0,7,25,4,0,0.6571
10.75948437198232,106.6840537511244,18,28,0.997941,7,26,4,0,0.6429
10.865229381280963,106.72366973948476,37,49,1.0,7,26,4,0,0.7551
10.72279213640514,106.72808623948244,24,37,0.998998,7,26,4,0,0.6486
10.823400120373712,106.68551227436063,22,31,1.0,7,26,4,0,0.7097
10.756158554057755,106.66631758181126,25,29,1.0,7,26,4,0,0.8621
10.7144382088356,106.73711688366168,22,35,1.0,7,26,4,0,0.6286
10.817236653231737,106.63191539530456,25,35,1.0,7,26,4,0,0.7143
10.772727584493625,106.69804225297564,18,24,0.993825,7,28,4,0,0.75
10.774028664434528,106.70357076461706,29,29,1.0,7,28,4,0,1.0
10.752616652291238,106.72509685338922,39,39,1.0,7,28,4,0,1.0
10.745754766198267,106.65326266831876,42,42,1.0,7,28,4,0,1.0
10.94927106740351,106.87196348224562,29,42,1.0,7,28,4,0,0.6905
10.78866360854368,106.695513722289,31,41,1.0,7,28,4,0,0.7561
10.801406421807084,106.7114844087968,32,42,1.0,7,29,4,0,0.7619
10.843150534972033,106.6151343241409,25,35,1.0,7,29,4,0,0.7143
10.880537767027526,106.81481342866444,44,53,1.0,7,29,4,0,0.8302
10.740840166521664,106.61899246873142,25,35,1.0,7,29,4,0,0.7143
10.798986343749618,106.7269705664684,34,45,1.0,7,29,4,0,0.7556
10.741860769464234,106.73790365482628,45,45,1.0,7,29,4,0,1.0
10.752408891679814,106.7022703818112,21,34,1.0,7,29,4,0,0.6176
10.786216596454729,106.71836665482697,36,39,1.0,7,29,4,0,0.9231
10.78948793356203,106.7151883818118,22,35,1.0,7,29,4,0,0.6286
10.80223925742187,106.6478722259914,29,40,1.0,7,29,4,0,0.725
10.813928881466124,106.66511432455972,23,34,1.0,7,30,4,0,0.6765
10.755608615763382,106.67347943578082,18,27,1.0,7,30,4,0,0.6667
10.782680856341084,106.70051548181168,19,30,1.0,7,30,4,0,0.6333
10.754895139302109,106.67839188181134,18,32,1.0,7,30,4,0,0.5625
10.785070445194592,106.68331340921324,14,28,1.0,7,30,4,0,0.5
10.7549373008113,106.67848844133415,18,32,1.0,7,30,4,0,0.5625
10.77898143649726,106.67684447140958,21,34,1.0,7,30,4,0,0.6176
10.7671128283867,106.6927618222887,14,19,1.0,7,30,4,0,0.7368
10.77847212665258,106.69389510879644,28,42,1.0,7,30,4,0,0.6667
10.796057790235078,106.67492629345334,22,34,1.0,7,30,4,0,0.6471
10.8352982156415,106.72935479345392,32,43,0.996716,7,30,4,0,0.7442
10.777562007197462,106.7041335430398,19,30,1.0,7,30,4,0,0.6333
10.83886351241477,106.67566625482782,25,36,1.0,7,31,4,0,0.6944
10.765187049751797,106.67550552599072,23,35,1.0,7,31,4,0,0.6571
10.75948437198232,106.6840537511244,19,27,1.0,7,31,4,0,0.7037
10.865229381280963,106.72366973948476,36,49,1.0,7,31,4,0,0.7347
10.72279213640514,106.72808623948244,23,37,1.0,7,31,4,0,0.6216
10.823400120373712,106.68551227436063,19,32,1.0,7,31,4,0,0.5938
10.756158554057755,106.66631758181126,22,28,1.0,7,31,4,0,0.7857
10.7144382088356,106.73711688366168,22,35,1.0,7,31,4,0,0.6286
10.817236653231737,106.63191539530456,24,35,1.0,7,31,4,0,0.6857
10.772727584493625,106.69804225297564,19,24,0.99506,7,33,4,0,0.7917
10.774028664434528,106.70357076461706,29,29,1.0,7,33,4,0,1.0
10.752616652291238,106.72509685338922,39,39,1.0,7,33,4,0,1.0
10.745754766198267,106.65326266831876,42,42,1.0,7,33,4,0,1.0
10.94927106740351,106.87196348224562,28,42,1.0,7,33,4,0,0.6667
10.78866360854368,106.695513722289,31,41,1.0,7,34,4,0,0.7561
10.801406421807084,106.7114844087968,31,41,1.0,7,34,4,0,0.7561
10.843150534972033,106.6151343241409,24,34,1.0,7,34,4,0,0.7059
10.880537767027526,106.81481342866444,43,53,1.0,7,34,4,0,0.8113
10.740840166521664,106.61899246873142,25,36,1.0,7,34,4,0,0.6944
10.798986343749618,106.7269705664684,45,45,1.0,7,34,4,0,1.0
10.741860769464234,106.73790365482628,45,45,1.0,7,34,4,0,1.0
10.752408891679814,106.7022703818112,18,33,1.0,7,34,4,0,0.5455
10.786216596454729,106.71836665482697,40,40,1.0,7,34,4,0,1.0
10.78948793356203,106.7151883818118,26,35,1.0,7,34,4,0,0.7429
10.80223925742187,106.6478722259914,27,41,1.0,7,34,4,0,0.6585
10.813928881466124,106.66511432455972,21,34,0.999235,7,34,4,0,0.6176
10.755608615763382,106.67347943578082,19,27,1.0,7,34,4,0,0.7037
10.782680856341084,106.70051548181168,18,30,1.0,7,34,4,0,0.6
10.754895139302109,106.67839188181134,18,32,1.0,7,34,4,0,0.5625
10.785070445194592,106.68331340921324,16,27,1.0,7,34,4,0,0.5926
10.7549373008113,106.67848844133415,18,32,1.0,7,34,4,0,0.5625
10.77898143649726,106.67684447140958,20,34,1.0,7,34,4,0,0.5882
10.7671128283867,106.6927618222887,14,19,1.0,7,35,4,0,0.7368
10.77847212665258,106.69389510879644,28,41,1.0,7,35,4,0,0.6829
10.796057790235078,106.67492629345334,22,34,1.0,7,35,4,0,0.6471
10.8352982156415,106.72935479345392,30,43,0.996232,7,35,4,0,0.6977
10.777562007197462,106.7041335430398,19,30,1.0,7,35,4,0,0.6333
10.83886351241477,106.67566625482782,27,36,0.999223,7,35,4,0,0.75
10.765187049751797,106.67550552599072,21,35,1.0,7,35,4,0,0.6
10.75948437198232,106.6840537511244,19,27,1.0,7,35,4,0,0.7037
10.865229381280963,106.72366973948476,38,49,1.0,7,36,4,0,0.7755
10.72279213640514,106.72808623948244,24,37,0.999769,7,36,4,0,0.6486
10.823400120373712,106.68551227436063,22,32,1.0,7,36,4,0,0.6875
10.756158554057755,106.66631758181126,21,29,1.0,7,36,4,0,0.7241
10.7144382088356,106.73711688366168,22,35,1.0,7,36,4,0,0.6286
10.817236653231737,106.63191539530456,25,35,1.0,7,36,4,0,0.7143
10.772727584493625,106.69804225297564,19,24,0.99506,7,38,4,0,0.7917
10.774028664434528,106.70357076461706,29,29,1.0,7,38,4,0,1.0
10.752616652291238,106.72509685338922,39,39,1.0,7,38,4,0,1.0
10.745754766198267,106.65326266831876,42,42,1.0,7,38,4,0,1.0
10.94927106740351,106.87196348224562,27,41,1.0,7,38,4,0,0.6585
10.78866360854368,106.695513722289,31,42,1.0,7,38,4,0,0.7381
10.801406421807084,106.7114844087968,31,42,1.0,7,38,4,0,0.7381
10.843150534972033,106.6151343241409,23,35,1.0,7,38,4,0,0.6571
10.880537767027526,106.81481342866444,44,54,1.0,7,38,4,0,0.8148
10.740840166521664,106.61899246873142,25,35,1.0,7,38,4,0,0.7143
10.798986343749618,106.7269705664684,31,44,1.0,7,38,4,0,0.7045
10.741860769464234,106.73790365482628,45,45,1.0,7,38,4,0,1.0
10.752408891679814,106.7022703818112,17,33,1.0,7,38,4,0,0.5152
10.786216596454729,106.71836665482697,40,40,1.0,7,38,4,0,1.0
10.78948793356203,106.7151883818118,27,35,1.0,7,38,4,0,0.7714
10.80223925742187,106.6478722259914,27,40,1.0,7,38,4,0,0.675
10.813928881466124,106.66511432455972,20,34,1.0,7,38,4,0,0.5882
10.755608615763382,106.67347943578082,20,26,1.0,7,38,4,0,0.7692
10.782680856341084,106.70051548181168,19,30,1.0,7,38,4,0,0.6333
10.754895139302109,106.67839188181134,20,33,1.0,7,38,4,0,0.6061
10.785070445194592,106.68331340921324,12,27,1.0,7,38,4,0,0.4444
10.7549373008113,106.67848844133415,20,33,1.0,7,38,4,0,0.6061
10.77898143649726,106.67684447140958,20,34,1.0,7,38,4,0,0.5882
10.7671128283867,106.6927618222887,16,20,0.99,7,38,4,0,0.8
10.77847212665258,106.69389510879644,28,41,1.0,7,38,4,0,0.6829
10.796057790235078,106.67492629345334,20,34,1.0,7,38,4,0,0.5882
10.8352982156415,106.72935479345392,31,42,0.99483,7,38,4,0,0.7381
10.777562007197462,106.7041335430398,19,30,1.0,7,38,4,0,0.6333
10.83886351241477,106.67566625482782,26,36,1.0,7,38,4,0,0.7222
10.765187049751797,106.67550552599072,27,36,1.0,7,38,4,0,0.75
10.75948437198232,106.6840537511244,20,26,1.0,7,39,4,0,0.7692
10.865229381280963,106.72366973948476,37,49,1.0,7,39,4,0,0.7551
10.72279213640514,106.72808623948244,25,36,0.999741,7,39,4,0,0.6944
10.823400120373712,106.68551227436063,23,31,1.0,7,39,4,0,0.7419
10.756158554057755,106.66631758181126,25,29,1.0,7,39,4,0,0.8621
10.7144382088356,106.73711688366168,22,35,1.0,7,39,4,0,0.6286
10.817236653231737,106.63191539530456,25,35,1.0,7,39,4,0,0.7143
10.772727584493625,106.69804225297564,15,24,0.993825,7,42,4,0,0.625
10.774028664434528,106.70357076461706,22,28,1.0,7,42,4,0,0.7857
10.752616652291238,106.72509685338922,39,39,1.0,7,42,4,0,1.0
10.745754766198267,106.65326266831876,42,42,1.0,7,42,4,0,1.0
10.94927106740351,106.87196348224562,23,41,1.0,7,42,4,0,0.561
10.78866360854368,106.695513722289,31,42,1.0,7,42,4,0,0.7381
10.801406421807084,106.7114844087968,31,42,1.0,7,42,4,0,0.7381
10.843150534972033,106.6151343241409,23,35,1.0,7,42,4,0,0.6571
10.880537767027526,106.81481342866444,44,53,1.0,7,42,4,0,0.8302
10.740840166521664,106.61899246873142,25,35,1.0,7,42,4,0,0.7143
10.798986343749618,106.7269705664684,33,44,1.0,7,42,4,0,0.75
10.741860769464234,106.73790365482628,45,45,1.0,7,42,4,0,1.0
10.752408891679814,106.7022703818112,18,33,1.0,7,42,4,0,0.5455
10.786216596454729,106.71836665482697,40,40,1.0,7,42,4,0,1.0
10.78948793356203,106.7151883818118,19,35,1.0,7,42,4,0,0.5429
10.80223925742187,106.6478722259914,28,40,1.0,7,42,4,0,0.7
10.813928881466124,106.66511432455972,20,34,1.0,7,42,4,0,0.5882
10.755608615763382,106.67347943578082,18,28,0.998951,7,42,4,0,0.6429
10.782680856341084,106.70051548181168,19,30,1.0,7,42,4,0,0.6333
10.754895139302109,106.67839188181134,20,32,1.0,7,42,4,0,0.625
10.785070445194592,106.68331340921324,11,28,1.0,7,42,4,0,0.3929
10.7549373008113,106.67848844133415,20,32,1.0,7,42,4,0,0.625
10.77898143649726,106.67684447140958,19,34,1.0,7,43,4,0,0.5588
10.7671128283867,106.6927618222887,15,20,0.99,7,43,4,0,0.75
10.77847212665258,106.69389510879644,28,41,1.0,7,43,4,0,0.6829
10.796057790235078,106.67492629345334,22,34,1.0,7,43,4,0,0.6471
10.8352982156415,106.72935479345392,30,42,0.997328,7,43,4,0,0.7143
10.777562007197462,106.7041335430398,19,30,1.0,7,43,4,0,0.6333
10.83886351241477,106.67566625482782,26,36,1.0,7,43,4,0,0.7222
10.765187049751797,106.67550552599072,23,36,1.0,7,43,4,0,0.6389
10.75948437198232,106.6840537511244,17,27,0.998951,7,43,4,0,0.6296
10.865229381280963,106.72366973948476,36,49,1.0,7,43,4,0,0.7347
10.72279213640514,106.72808623948244,25,37,1.0,7,43,4,0,0.6757
10.823400120373712,106.68551227436063,21,31,1.0,7,43,4,0,0.6774
10.756158554057755,106.66631758181126,30,30,1.0,7,43,4,0,1.0
10.7144382088356,106.73711688366168,22,35,1.0,7,43,4,0,0.6286
10.817236653231737,106.63191539530456,24,35,1.0,7,43,4,0,0.6857
10.772727584493625,106.69804225297564,17,24,0.993825,7,45,4,0,0.7083
10.774028664434528,106.70357076461706,19,27,1.0,7,46,4,0,0.7037
10.752616652291238,106.72509685338922,39,39,1.0,7,46,4,0,1.0
10.745754766198267,106.65326266831876,42,42,1.0,7,46,4,0,1.0
10.94927106740351,106.87196348224562,28,41,1.0,7,46,4,0,0.6829
10.78866360854368,106.695513722289,31,42,1.0,7,46,4,0,0.7381
10.801406421807084,106.7114844087968,31,42,1.0,7,46,4,0,0.7381
10.843150534972033,106.6151343241409,22,35,1.0,7,46,4,0,0.6286
10.880537767027526,106.81481342866444,43,53,1.0,7,46,4,0,0.8113
10.740840166521664,106.61899246873142,25,35,1.0,7,46,4,0,0.7143
10.798986343749618,106.7269705664684,35,45,1.0,7,46,4,0,0.7778
10.741860769464234,106.73790365482628,45,45,1.0,7,46,4,0,1.0
10.752408891679814,106.7022703818112,20,33,1.0,7,46,4,0,0.6061
10.786216596454729,106.71836665482697,40,40,1.0,7,46,4,0,1.0
10.78948793356203,106.7151883818118,21,35,1.0,7,46,4,0,0.6
10.80223925742187,106.6478722259914,27,41,1.0,7,46,4,0,0.6585
10.813928881466124,106.66511432455972,20,34,1.0,7,46,4,0,0.5882
10.755608615763382,106.67347943578082,18,28,0.997938,7,46,4,0,0.6429
10.782680856341084,106.70051548181168,19,30,1.0,7,46,4,0,0.6333
10.754895139302109,106.67839188181134,20,33,1.0,7,46,4,0,0.6061
10.785070445194592,106.68331340921324,13,27,1.0,7,46,4,0,0.4815
10.7549373008113,106.67848844133415,20,32,1.0,7,46,4,0,0.625
10.77898143649726,106.67684447140958,20,34,1.0,7,46,4,0,0.5882
10.7671128283867,106.6927618222887,16,20,1.0,7,46,4,0,0.8
10.77847212665258,106.69389510879644,28,41,1.0,7,46,4,0,0.6829
10.796057790235078,106.67492629345334,20,34,1.0,7,46,4,0,0.5882
10.8352982156415,106.72935479345392,29,42,0.997474,7,46,4,0,0.6905
10.777562007197462,106.7041335430398,19,30,1.0,7,46,4,0,0.6333
10.83886351241477,106.67566625482782,27,36,1.0,7,47,4,0,0.75
10.765187049751797,106.67550552599072,21,36,1.0,7,47,4,0,0.5833
10.75948437198232,106.6840537511244,18,27,0.998951,7,47,4,0,0.6667
10.865229381280963,106.72366973948476,36,49,1.0,7,47,4,0,0.7347
10.72279213640514,106.72808623948244,25,37,0.999509,7,47,4,0,0.6757
10.823400120373712,106.68551227436063,20,32,1.0,7,47,4,0,0.625
10.756158554057755,106.66631758181126,22,29,1.0,7,47,4,0,0.7586
10.7144382088356,106.73711688366168,23,35,1.0,7,47,4,0,0.6571
10.817236653231737,106.63191539530456,25,35,1.0,7,48,4,0,0.7143
10.772727584493625,106.69804225297564,18,25,0.99506,7,50,4,0,0.72
10.774028664434528,106.70357076461706,29,29,1.0,7,50,4,0,1.0
10.752616652291238,106.72509685338922,39,39,1.0,7,50,4,0,1.0
10.745754766198267,106.65326266831876,42,42,1.0,7,50,4,0,1.0
10.94927106740351,106.87196348224562,30,42,1.0,7,50,4,0,0.7143
10.78866360854368,106.695513722289,31,42,1.0,7,50,4,0,0.7381
10.801406421807084,106.7114844087968,31,42,1.0,7,50,4,0,0.7381
10.843150534972033,106.6151343241409,24,34,1.0,7,50,4,0,0.7059
10.880537767027526,106.81481342866444,45,53,1.0,7,50,4,0,0.8491
10.740840166521664,106.61899246873142,25,35,1.0,7,50,4,0,0.7143
10.798986343749618,106.7269705664684,31,45,1.0,7,50,4,0,0.6889
10.741860769464234,106.73790365482628,45,45,1.0,7,50,4,0,1.0
10.752408891679814,106.7022703818112,19,33,1.0,7,50,4,0,0.5758
10.786216596454729,106.71836665482697,40,40,1.0,7,50,4,0,1.0
10.78948793356203,106.7151883818118,19,35,1.0,7,50,4,0,0.5429
10.80223925742187,106.6478722259914,28,41,1.0,7,50,4,0,0.6829
10.813928881466124,106.66511432455972,20,34,1.0,7,50,4,0,0.5882
10.755608615763382,106.67347943578082,16,27,1.0,7,50,4,0,0.5926
10.782680856341084,106.70051548181168,20,30,1.0,7,50,4,0,0.6667
10.754895139302109,106.67839188181134,20,33,1.0,7,50,4,0,0.6061
10.785070445194592,106.68331340921324,14,27,1.0,7,50,4,0,0.5185
10.7549373008113,106.67848844133415,20,33,1.0,7,50,4,0,0.6061
10.77898143649726,106.67684447140958,19,34,1.0,7,50,4,0,0.5588
10.7671128283867,106.6927618222887,20,20,1.0,7,50,4,0,1.0
10.77847212665258,106.69389510879644,27,41,1.0,7,50,4,0,0.6585
10.796057790235078,106.67492629345334,20,34,1.0,7,50,4,0,0.5882
10.8352982156415,106.72935479345392,30,42,0.996899,7,50,4,0,0.7143
10.777562007197462,106.7041335430398,20,30,1.0,7,50,4,0,0.6667
10.83886351241477,106.67566625482782,27,36,1.0,7,50,4,0,0.75
10.765187049751797,106.67550552599072,22,35,1.0,7,51,4,0,0.6286
10.75948437198232,106.6840537511244,16,27,1.0,7,51,4,0,0.5926
10.865229381280963,106.72366973948476,36,49,1.0,7,51,4,0,0.7347
10.72279213640514,106.72808623948244,25,37,1.0,7,51,4,0,0.6757
10.823400120373712,106.68551227436063,18,31,1.0,7,51,4,0,0.5806
10.756158554057755,106.66631758181126,30,30,1.0,7,51,4,0,1.0
10.7144382088356,106.73711688366168,23,35,1.0,7,51,4,0,0.6571
10.817236653231737,106.63191539530456,24,35,1.0,7,51,4,0,0.6857
10.772727584493625,106.69804225297564,17,24,0.99506,7,53,4,0,0.7083
10.774028664434528,106.70357076461706,29,29,1.0,7,53,4,0,1.0
10.752616652291238,106.72509685338922,39,39,1.0,7,53,4,0,1.0
10.745754766198267,106.65326266831876,42,42,1.0,7,53,4,0,1.0
10.94927106740351,106.87196348224562,30,42,1.0,7,53,4,0,0.7143
10.78866360854368,106.695513722289,32,42,1.0,7,53,4,0,0.7619
10.801406421807084,106.7114844087968,32,42,1.0,7,53,4,0,0.7619
10.843150534972033,106.6151343241409,24,35,1.0,7,53,4,0,0.6857
10.880537767027526,106.81481342866444,44,53,1.0,7,53,4,0,0.8302
10.740840166521664,106.61899246873142,24,35,1.0,7,53,4,0,0.6857
10.798986343749618,106.7269705664684,45,45,1.0,7,53,4,0,1.0
10.741860769464234,106.73790365482628,45,45,1.0,7,53,4,0,1.0
10.752408891679814,106.7022703818112,20,33,1.0,7,53,4,0,0.6061
10.786216596454729,106.71836665482697,37,40,1.0,7,53,4,0,0.925
10.78948793356203,106.7151883818118,21,35,1.0,7,53,4,0,0.6
10.80223925742187,106.6478722259914,27,41,1.0,7,53,4,0,0.6585
10.813928881466124,106.66511432455972,21,34,1.0,7,53,4,0,0.6176
10.755608615763382,106.67347943578082,18,27,1.0,7,53,4,0,0.6667
10.782680856341084,106.70051548181168,18,31,1.0,7,53,4,0,0.5806
10.754895139302109,106.67839188181134,22,33,1.0,7,54,4,0,0.6667
10.785070445194592,106.68331340921324,13,27,1.0,7,54,4,0,0.4815
10.7549373008113,106.67848844133415,22,33,1.0,7,54,4,0,0.6667
10.77898143649726,106.67684447140958,19,34,1.0,7,54,4,0,0.5588
10.7671128283867,106.6927618222887,14,20,0.99,7,54,4,0,0.7
10.77847212665258,106.69389510879644,26,41,1.0,7,54,4,0,0.6341
10.796057790235078,106.67492629345334,21,34,1.0,7,54,4,0,0.6176
10.8352982156415,106.72935479345392,31,42,0.996334,7,54,4,0,0.7381
10.777562007197462,106.7041335430398,19,30,1.0,7,54,4,0,0.6333
10.83886351241477,106.67566625482782,26,36,1.0,7,54,4,0,0.7222
10.765187049751797,106.67550552599072,22,35,1.0,7,54,4,0,0.6286
10.75948437198232,106.6840537511244,18,27,1.0,7,54,4,0,0.6667
10.865229381280963,106.72366973948476,36,49,1.0,7,54,4,0,0.7347
10.72279213640514,106.72808623948244,25,37,1.0,7,54,4,0,0.6757
10.823400120373712,106.68551227436063,22,32,1.0,7,54,4,0,0.6875
10.756158554057755,106.66631758181126,30,30,1.0,7,54,4,0,1.0
10.7144382088356,106.73711688366168,23,35,1.0,7,54,4,0,0.6571
10.817236653231737,106.63191539530456,24,35,1.0,7,54,4,0,0.6857
10.772727584493625,106.69804225297564,17,24,0.99753,7,56,4,0,0.7083
10.774028664434528,106.70357076461706,21,28,1.0,7,56,4,0,0.75
10.752616652291238,106.72509685338922,39,39,1.0,7,56,4,0,1.0
10.745754766198267,106.65326266831876,42,42,1.0,7,56,4,0,1.0
10.94927106740351,106.87196348224562,33,41,1.0,7,56,4,0,0.8049
10.78866360854368,106.695513722289,31,42,1.0,7,56,4,0,0.7381
10.801406421807084,106.7114844087968,31,42,1.0,7,56,4,0,0.7381
10.843150534972033,106.6151343241409,23,35,1.0,7,56,4,0,0.6571
10.880537767027526,106.81481342866444,44,53,1.0,7,56,4,0,0.8302
10.740840166521664,106.61899246873142,25,35,1.0,7,56,4,0,0.7143
10.798986343749618,106.7269705664684,33,44,1.0,7,57,4,0,0.75
10.741860769464234,106.73790365482628,45,45,1.0,7,57,4,0,1.0
10.752408891679814,106.7022703818112,19,33,1.0,7,57,4,0,0.5758
10.786216596454729,106.71836665482697,40,40,1.0,7,57,4,0,1.0
10.78948793356203,106.7151883818118,24,35,1.0,7,57,4,0,0.6857
10.80223925742187,106.6478722259914,26,41,1.0,7,57,4,0,0.6341
10.813928881466124,106.66511432455972,19,34,1.0,7,57,4,0,0.5588
10.755608615763382,106.67347943578082,18,27,0.998947,7,57,4,0,0.6667
10.782680856341084,106.70051548181168,19,30,1.0,7,57,4,0,0.6333
10.754895139302109,106.67839188181134,21,32,1.0,7,57,4,0,0.6562
10.785070445194592,106.68331340921324,14,27,1.0,7,57,4,0,0.5185
10.7549373008113,106.67848844133415,21,32,1.0,7,57,4,0,0.6562
10.77898143649726,106.67684447140958,20,34,1.0,7,57,4,0,0.5882
10.7671128283867,106.6927618222887,13,20,1.0,7,57,4,0,0.65
10.77847212665258,106.69389510879644,27,41,1.0,7,57,4,0,0.6585
10.796057790235078,106.67492629345334,19,34,1.0,7,57,4,0,0.5588
10.8352982156415,106.72935479345392,34,42,0.997512,7,57,4,0,0.8095
10.777562007197462,106.7041335430398,19,30,1.0,7,57,4,0,0.6333
10.83886351241477,106.67566625482782,28,36,0.99742,7,57,4,0,0.7778
10.765187049751797,106.67550552599072,19,36,1.0,7,58,4,0,0.5278
10.75948437198232,106.6840537511244,17,28,0.998947,7,58,4,0,0.6071
10.865229381280963,106.72366973948476,37,49,1.0,7,58,4,0,0.7551
10.72279213640514,106.72808623948244,25,37,1.0,7,58,4,0,0.6757
10.823400120373712,106.68551227436063,20,32,1.0,7,58,4,0,0.625
10.756158554057755,106.66631758181126,23,29,1.0,7,58,4,0,0.7931
10.7144382088356,106.73711688366168,22,35,1.0,7,58,4,0,0.6286
10.817236653231737,106.63191539530456,24,35,1.0,7,58,4,0,0.6857
10.772727584493625,106.69804225297564,15,24,0.99753,8,0,4,0,0.625
10.774028664434528,106.70357076461706,20,28,1.0,8,0,4,0,0.7143
10.752616652291238,106.72509685338922,39,39,1.0,8,0,4,0,1.0
10.745754766198267,106.65326266831876,36,42,1.0,8,0,4,0,0.8571
10.94927106740351,106.87196348224562,31,41,1.0,8,0,4,0,0.7561
10.78866360854368,106.695513722289,33,42,1.0,8,0,4,0,0.7857
10.801406421807084,106.7114844087968,32,41,1.0,8,0,4,0,0.7805
10.843150534972033,106.6151343241409,23,35,1.0,8,0,4,0,0.6571
10.880537767027526,106.81481342866444,42,53,1.0,8,0,4,0,0.7925
10.740840166521664,106.61899246873142,25,35,1.0,8,0,4,0,0.7143
10.798986343749618,106.7269705664684,35,44,1.0,8,0,4,0,0.7955
10.741860769464234,106.73790365482628,45,45,1.0,8,0,4,0,1.0
10.752408891679814,106.7022703818112,18,34,1.0,8,1,4,0,0.5294
10.786216596454729,106.71836665482697,40,40,1.0,8,1,4,0,1.0
10.78948793356203,106.7151883818118,21,35,1.0,8,1,4,0,0.6
10.80223925742187,106.6478722259914,29,40,1.0,8,1,4,0,0.725
10.813928881466124,106.66511432455972,19,34,0.999358,8,1,4,0,0.5588
10.755608615763382,106.67347943578082,17,28,0.997894,8,1,4,0,0.6071
10.782680856341084,106.70051548181168,19,29,1.0,8,1,4,0,0.6552
10.754895139302109,106.67839188181134,22,32,1.0,8,1,4,0,0.6875
10.785070445194592,106.68331340921324,13,28,1.0,8,1,4,0,0.4643
10.7549373008113,106.67848844133415,22,32,1.0,8,1,4,0,0.6875
10.77898143649726,106.67684447140958,21,34,1.0,8,2,4,0,0.6176
10.7671128283867,106.6927618222887,20,20,1.0,8,2,4,0,1.0
10.77847212665258,106.69389510879644,27,41,1.0,8,2,4,0,0.6585
10.796057790235078,106.67492629345334,19,34,0.999528,8,2,4,0,0.5588
10.8352982156415,106.72935479345392,31,42,0.997665,8,2,4,0,0.7381
10.777562007197462,106.7041335430398,18,30,1.0,8,2,4,0,0.6
10.83886351241477,106.67566625482782,28,35,0.997224,8,2,4,0,0.8
10.765187049751797,106.67550552599072,22,36,1.0,8,2,4,0,0.6111
10.75948437198232,106.6840537511244,18,28,0.997901,8,2,4,0,0.6429
10.865229381280963,106.72366973948476,36,49,1.0,8,2,4,0,0.7347
10.72279213640514,106.72808623948244,27,37,0.999742,8,2,4,0,0.7297
10.823400120373712,106.68551227436063,23,32,1.0,8,2,4,0,0.7188
10.756158554057755,106.66631758181126,18,29,1.0,8,2,4,0,0.6207
10.7144382088356,106.73711688366168,23,35,1.0,8,2,4,0,0.6571
10.817236653231737,106.63191539530456,24,35,1.0,8,2,4,0,0.6857
10.772727584493625,106.69804225297564,14,24,0.998765,8,4,4,0,0.5833
10.774028664434528,106.70357076461706,29,29,1.0,8,4,4,0,1.0
10.752616652291238,106.72509685338922,29,39,1.0,8,5,4,0,0.7436
10.745754766198267,106.65326266831876,42,42,1.0,8,5,4,0,1.0
10.94927106740351,106.87196348224562,33,41,1.0,8,5,4,0,0.8049
10.78866360854368,106.695513722289,33,41,1.0,8,5,4,0,0.8049
10.801406421807084,106.7114844087968,33,42,1.0,8,5,4,0,0.7857
10.843150534972033,106.6151343241409,24,35,1.0,8,5,4,0,0.6857
10.880537767027526,106.81481342866444,42,53,1.0,8,5,4,0,0.7925
10.740840166521664,106.61899246873142,26,35,1.0,8,5,4,0,0.7429
10.798986343749618,106.7269705664684,35,45,1.0,8,5,4,0,0.7778
10.741860769464234,106.73790365482628,45,45,1.0,8,5,4,0,1.0
10.752408891679814,106.7022703818112,18,34,1.0,8,5,4,0,0.5294
10.786216596454729,106.71836665482697,40,40,1.0,8,5,4,0,1.0
10.78948793356203,106.7151883818118,36,36,1.0,8,5,4,0,1.0
10.80223925742187,106.6478722259914,26,40,1.0,8,5,4,0,0.65
10.813928881466124,106.66511432455972,19,34,0.998954,8,6,4,0,0.5588
10.755608615763382,106.67347943578082,19,26,0.997909,8,6,4,0,0.7308
10.782680856341084,106.70051548181168,19,31,1.0,8,6,4,0,0.6129
10.754895139302109,106.67839188181134,22,32,1.0,8,6,4,0,0.6875
10.785070445194592,106.68331340921324,16,26,1.0,8,6,4,0,0.6154
10.7549373008113,106.67848844133415,22,32,1.0,8,6,4,0,0.6875
10.77898143649726,106.67684447140958,21,34,1.0,8,6,4,0,0.6176
10.7671128283867,106.6927618222887,16,20,1.0,8,6,4,0,0.8
10.77847212665258,106.69389510879644,28,41,1.0,8,6,4,0,0.6829
10.796057790235078,106.67492629345334,18,33,0.998488,8,6,4,0,0.5455
10.8352982156415,106.72935479345392,33,42,0.998013,8,6,4,0,0.7857
10.777562007197462,106.7041335430398,20,30,1.0,8,6,4,0,0.6667
10.83886351241477,106.67566625482782,36,36,1.0,8,7,4,0,1.0
10.765187049751797,106.67550552599072,24,36,1.0,8,7,4,0,0.6667
10.75948437198232,106.6840537511244,19,27,0.997901,8,7,4,0,0.7037
10.865229381280963,106.72366973948476,37,49,1.0,8,7,4,0,0.7551
10.72279213640514,106.72808623948244,26,37,1.0,8,7,4,0,0.7027
10.823400120373712,106.68551227436063,22,31,1.0,8,7,4,0,0.7097
10.756158554057755,106.66631758181126,21,29,1.0,8,7,4,0,0.7241
10.7144382088356,106.73711688366168,23,35,1.0,8,7,4,0,0.6571
10.817236653231737,106.63191539530456,24,35,1.0,8,7,4,0,0.6857
10.772727584493625,106.69804225297564,18,24,1.0,8,9,4,0,0.75
10.774028664434528,106.70357076461706,21,28,1.0,8,9,4,0,0.75
10.752616652291238,106.72509685338922,30,39,1.0,8,9,4,0,0.7692
10.745754766198267,106.65326266831876,38,43,1.0,8,9,4,0,0.8837
10.94927106740351,106.87196348224562,32,42,1.0,8,9,4,0,0.7619
10.78866360854368,106.695513722289,32,42,1.0,8,9,4,0,0.7619
10.801406421807084,106.7114844087968,32,42,1.0,8,9,4,0,0.7619
10.843150534972033,106.6151343241409,22,35,1.0,8,10,4,0,0.6286
10.880537767027526,106.81481342866444,45,53,1.0,8,10,4,0,0.8491
10.740840166521664,106.61899246873142,25,36,1.0,8,10,4,0,0.6944
10.798986343749618,106.7269705664684,45,45,1.0,8,10,4,0,1.0
10.741860769464234,106.73790365482628,45,45,1.0,8,10,4,0,1.0
10.752408891679814,106.7022703818112,17,34,1.0,8,10,4,0,0.5
10.786216596454729,106.71836665482697,40,40,1.0,8,10,4,0,1.0
10.78948793356203,106.7151883818118,26,36,1.0,8,10,4,0,0.7222
10.80223925742187,106.6478722259914,41,41,1.0,8,10,4,0,1.0
10.813928881466124,106.66511432455972,22,34,1.0,8,10,4,0,0.6471
10.755608615763382,106.67347943578082,20,28,1.0,8,10,4,0,0.7143
10.782680856341084,106.70051548181168,20,30,1.0,8,10,4,0,0.6667
10.754895139302109,106.67839188181134,21,32,1.0,8,10,4,0,0.6562
10.785070445194592,106.68331340921324,17,28,1.0,8,10,4,0,0.6071
10.7549373008113,106.67848844133415,21,32,1.0,8,10,4,0,0.6562
10.77898143649726,106.67684447140958,19,34,1.0,8,10,4,0,0.5588
10.7671128283867,106.6927618222887,16,20,1.0,8,10,4,0,0.8
10.77847212665258,106.69389510879644,28,42,1.0,8,10,4,0,0.6667
10.796057790235078,106.67492629345334,22,34,1.0,8,10,4,0,0.6471
10.8352982156415,106.72935479345392,34,43,0.99745,8,10,4,0,0.7907
10.777562007197462,106.7041335430398,20,30,1.0,8,10,4,0,0.6667
10.83886351241477,106.67566625482782,29,36,1.0,8,10,4,0,0.8056
10.765187049751797,106.67550552599072,23,36,1.0,8,10,4,0,0.6389
10.75948437198232,106.6840537511244,20,28,1.0,8,10,4,0,0.7143
10.865229381280963,106.72366973948476,36,49,1.0,8,10,4,0,0.7347
10.72279213640514,106.72808623948244,26,37,1.0,8,10,4,0,0.7027
10.823400120373712,106.68551227436063,22,32,1.0,8,10,4,0,0.6875
10.756158554057755,106.66631758181126,20,28,1.0,8,10,4,0,0.7143
10.7144382088356,106.73711688366168,23,35,1.0,8,10,4,0,0.6571
10.817236653231737,106.63191539530456,23,35,1.0,8,10,4,0,0.6571
10.772727584493625,106.69804225297564,15,24,1.0,8,13,4,0,0.625
10.774028664434528,106.70357076461706,23,28,1.0,8,13,4,0,0.8214
10.752616652291238,106.72509685338922,31,39,1.0,8,13,4,0,0.7949
10.745754766198267,106.65326266831876,42,42,1.0,8,13,4,0,1.0
10.94927106740351,106.87196348224562,30,42,1.0,8,13,4,0,0.7143
10.78866360854368,106.695513722289,33,41,1.0,8,13,4,0,0.8049
10.801406421807084,106.7114844087968,32,42,1.0,8,13,4,0,0.7619
10.843150534972033,106.6151343241409,24,34,1.0,8,13,4,0,0.7059
10.880537767027526,106.81481342866444,44,53,1.0,8,13,4,0,0.8302
10.740840166521664,106.61899246873142,25,35,1.0,8,13,4,0,0.7143
10.798986343749618,106.7269705664684,32,45,1.0,8,13,4,0,0.7111
10.741860769464234,106.73790365482628,38,44,1.0,8,13,4,0,0.8636
10.752408891679814,106.7022703818112,20,34,1.0,8,13,4,0,0.5882
10.786216596454729,106.71836665482697,34,39,1.0,8,13,4,0,0.8718
10.78948793356203,106.7151883818118,20,36,1.0,8,13,4,0,0.5556
10.80223925742187,106.6478722259914,28,41,1.0,8,13,4,0,0.6829
10.813928881466124,106.66511432455972,21,33,1.0,8,13,4,0,0.6364
10.755608615763382,106.67347943578082,18,28,0.998951,8,13,4,0,0.6429
10.782680856341084,106.70051548181168,20,30,1.0,8,13,4,0,0.6667
10.754895139302109,106.67839188181134,22,33,1.0,8,13,4,0,0.6667
10.785070445194592,106.68331340921324,20,28,1.0,8,13,4,0,0.7143
10.7549373008113,106.67848844133415,22,33,1.0,8,14,4,0,0.6667
10.77898143649726,106.67684447140958,21,35,1.0,8,14,4,0,0.6
10.7671128283867,106.6927618222887,12,19,1.0,8,14,4,0,0.6316
10.77847212665258,106.69389510879644,28,41,1.0,8,14,4,0,0.6829
10.796057790235078,106.67492629345334,19,34,1.0,8,14,4,0,0.5588
10.8352982156415,106.72935479345392,33,42,0.997415,8,14,4,0,0.7857
10.777562007197462,106.7041335430398,18,30,1.0,8,14,4,0,0.6
10.83886351241477,106.67566625482782,29,36,1.0,8,14,4,0,0.8056
10.765187049751797,106.67550552599072,26,36,1.0,8,14,4,0,0.7222
10.75948437198232,106.6840537511244,18,27,0.998951,8,15,4,0,0.6667
10.865229381280963,106.72366973948476,36,49,1.0,8,15,4,0,0.7347
10.72279213640514,106.72808623948244,25,37,1.0,8,15,4,0,0.6757
10.823400120373712,106.68551227436063,20,31,1.0,8,15,4,0,0.6452
10.756158554057755,106.66631758181126,21,29,1.0,8,15,4,0,0.7241
10.7144382088356,106.73711688366168,22,35,1.0,8,15,4,0,0.6286
10.817236653231737,106.63191539530456,24,35,1.0,8,15,4,0,0.6857
10.772727584493625,106.69804225297564,15,24,1.0,8,18,4,0,0.625
10.774028664434528,106.70357076461706,21,28,1.0,8,18,4,0,0.75
10.752616652291238,106.72509685338922,39,39,1.0,8,18,4,0,1.0
10.745754766198267,106.65326266831876,42,42,1.0,8,18,4,0,1.0
10.94927106740351,106.87196348224562,27,42,1.0,8,18,4,0,0.6429
10.78866360854368,106.695513722289,30,42,1.0,8,18,4,0,0.7143
10.801406421807084,106.7114844087968,30,42,1.0,8,18,4,0,0.7143
10.843150534972033,106.6151343241409,24,35,1.0,8,18,4,0,0.6857
10.880537767027526,106.81481342866444,44,53,1.0,8,18,4,0,0.8302
10.740840166521664,106.61899246873142,27,35,1.0,8,18,4,0,0.7714
10.798986343749618,106.7269705664684,45,45,1.0,8,18,4,0,1.0
10.741860769464234,106.73790365482628,45,45,1.0,8,18,4,0,1.0
10.752408891679814,106.7022703818112,20,34,1.0,8,18,4,0,0.5882
10.786216596454729,106.71836665482697,40,40,1.0,8,18,4,0,1.0
10.78948793356203,106.7151883818118,23,35,1.0,8,18,4,0,0.6571
10.80223925742187,106.6478722259914,28,41,1.0,8,18,4,0,0.6829
10.813928881466124,106.66511432455972,19,34,1.0,8,18,4,0,0.5588
10.755608615763382,106.67347943578082,17,27,0.997478,8,18,4,0,0.6296
10.782680856341084,106.70051548181168,19,30,1.0,8,18,4,0,0.6333
10.754895139302109,106.67839188181134,23,32,1.0,8,18,4,0,0.7188
10.785070445194592,106.68331340921324,19,27,1.0,8,18,4,0,0.7037
10.7549373008113,106.67848844133415,23,33,1.0,8,18,4,0,0.697
10.77898143649726,106.67684447140958,21,34,1.0,8,18,4,0,0.6176
10.7671128283867,106.6927618222887,14,20,1.0,8,18,4,0,0.7
10.77847212665258,106.69389510879644,27,41,1.0,8,18,4,0,0.6585
10.796057790235078,106.67492629345334,20,34,1.0,8,18,4,0,0.5882
10.8352982156415,106.72935479345392,33,42,0.996853,8,18,4,0,0.7857
10.777562007197462,106.7041335430398,19,30,1.0,8,18,4,0,0.6333
10.83886351241477,106.67566625482782,29,36,1.0,8,18,4,0,0.8056
10.765187049751797,106.67550552599072,25,36,1.0,8,18,4,0,0.6944
10.75948437198232,106.6840537511244,16,27,0.997478,8,19,4,0,0.5926
10.865229381280963,106.72366973948476,35,49,1.0,8,19,4,0,0.7143
10.72279213640514,106.72808623948244,26,37,1.0,8,19,4,0,0.7027
10.823400120373712,106.68551227436063,22,32,1.0,8,19,4,0,0.6875
10.756158554057755,106.66631758181126,22,29,1.0,8,19,4,0,0.7586
10.7144382088356,106.73711688366168,22,35,1.0,8,19,4,0,0.6286
10.817236653231737,106.63191539530456,23,35,1.0,8,19,4,0,0.6571
10.772727584493625,106.69804225297564,15,24,1.0,8,21,4,0,0.625
10.774028664434528,106.70357076461706,22,28,1.0,8,21,4,0,0.7857
10.752616652291238,106.72509685338922,39,39,1.0,8,21,4,0,1.0
10.745754766198267,106.65326266831876,37,43,1.0,8,21,4,0,0.8605
10.94927106740351,106.87196348224562,42,42,1.0,8,21,4,0,1.0
10.78866360854368,106.695513722289,33,41,1.0,8,21,4,0,0.8049
10.801406421807084,106.7114844087968,33,41,1.0,8,21,4,0,0.8049
10.843150534972033,106.6151343241409,25,35,1.0,8,21,4,0,0.7143
10.880537767027526,106.81481342866444,46,53,1.0,8,21,4,0,0.8679
10.740840166521664,106.61899246873142,28,35,1.0,8,21,4,0,0.8
10.798986343749618,106.7269705664684,35,45,1.0,8,21,4,0,0.7778
10.741860769464234,106.73790365482628,45,45,1.0,8,22,4,0,1.0
10.752408891679814,106.7022703818112,20,34,1.0,8,22,4,0,0.5882
10.786216596454729,106.71836665482697,40,40,1.0,8,22,4,0,1.0
10.78948793356203,106.7151883818118,29,36,1.0,8,22,4,0,0.8056
10.80223925742187,106.6478722259914,27,40,1.0,8,22,4,0,0.675
10.813928881466124,106.66511432455972,19,34,1.0,8,22,4,0,0.5588
10.755608615763382,106.67347943578082,19,28,0.997907,8,22,4,0,0.6786
10.782680856341084,106.70051548181168,18,30,1.0,8,22,4,0,0.6
10.754895139302109,106.67839188181134,22,32,1.0,8,22,4,0,0.6875
10.785070445194592,106.68331340921324,14,28,1.0,8,22,4,0,0.5
10.7549373008113,106.67848844133415,22,33,1.0,8,22,4,0,0.6667
10.77898143649726,106.67684447140958,20,34,1.0,8,22,4,0,0.5882
10.7671128283867,106.6927618222887,20,20,1.0,8,22,4,0,1.0
10.77847212665258,106.69389510879644,28,41,1.0,8,22,4,0,0.6829
10.796057790235078,106.67492629345334,20,34,1.0,8,22,4,0,0.5882
10.8352982156415,106.72935479345392,31,42,0.997588,8,23,4,0,0.7381
10.777562007197462,106.7041335430398,17,30,1.0,8,23,4,0,0.5667
10.83886351241477,106.67566625482782,36,36,1.0,8,23,4,0,1.0
10.765187049751797,106.67550552599072,21,36,1.0,8,23,4,0,0.5833
10.75948437198232,106.6840537511244,18,27,0.997907,8,23,4,0,0.6667
10.865229381280963,106.72366973948476,35,49,1.0,8,23,4,0,0.7143
10.72279213640514,106.72808623948244,27,37,1.0,8,23,4,0,0.7297
10.823400120373712,106.68551227436063,24,31,1.0,8,23,4,0,0.7742
10.756158554057755,106.66631758181126,22,30,1.0,8,23,4,0,0.7333
10.7144382088356,106.73711688366168,23,35,1.0,8,23,4,0,0.6571
10.817236653231737,106.63191539530456,25,35,1.0,8,24,4,0,0.7143
10.772727584493625,106.69804225297564,16,24,1.0,8,26,4,0,0.6667
10.774028664434528,106.70357076461706,29,29,1.0,8,26,4,0,1.0
10.752616652291238,106.72509685338922,36,39,1.0,8,26,4,0,0.9231
10.745754766198267,106.65326266831876,36,43,1.0,8,26,4,0,0.8372
10.94927106740351,106.87196348224562,31,42,1.0,8,26,4,0,0.7381
10.78866360854368,106.695513722289,33,42,1.0,8,26,4,0,0.7857
10.801406421807084,106.7114844087968,33,42,1.0,8,26,4,0,0.7857
10.843150534972033,106.6151343241409,24,35,1.0,8,26,4,0,0.6857
10.880537767027526,106.81481342866444,43,53,1.0,8,26,4,0,0.8113
10.740840166521664,106.61899246873142,27,35,1.0,8,26,4,0,0.7714
10.798986343749618,106.7269705664684,35,44,1.0,8,26,4,0,0.7955
10.741860769464234,106.73790365482628,45,45,1.0,8,26,4,0,1.0
10.752408891679814,106.7022703818112,20,33,1.0,8,26,4,0,0.6061
10.786216596454729,106.71836665482697,40,40,1.0,8,26,4,0,1.0
10.78948793356203,106.7151883818118,24,35,1.0,8,26,4,0,0.6857
10.80223925742187,106.6478722259914,32,40,1.0,8,26,4,0,0.8
10.813928881466124,106.66511432455972,20,34,1.0,8,26,4,0,0.5882
10.755608615763382,106.67347943578082,17,28,0.997907,8,27,4,0,0.6071
10.782680856341084,106.70051548181168,18,30,1.0,8,27,4,0,0.6
10.754895139302109,106.67839188181134,22,33,1.0,8,27,4,0,0.6667
10.785070445194592,106.68331340921324,13,27,1.0,8,27,4,0,0.4815
10.7549373008113,106.67848844133415,22,33,1.0,8,27,4,0,0.6667
10.77898143649726,106.67684447140958,21,34,1.0,8,27,4,0,0.6176
10.7671128283867,106.6927618222887,20,20,1.0,8,27,4,0,1.0
10.77847212665258,106.69389510879644,29,41,1.0,8,27,4,0,0.7073
10.796057790235078,106.67492629345334,19,34,1.0,8,27,4,0,0.5588
10.8352982156415,106.72935479345392,33,42,0.996847,8,27,4,0,0.7857
10.777562007197462,106.7041335430398,18,30,1.0,8,27,4,0,0.6
10.83886351241477,106.67566625482782,28,36,1.0,8,27,4,0,0.7778
10.765187049751797,106.67550552599072,23,35,1.0,8,27,4,0,0.6571
10.75948437198232,106.6840537511244,16,27,1.0,8,27,4,0,0.5926
10.865229381280963,106.72366973948476,36,49,1.0,8,27,4,0,0.7347
10.72279213640514,106.72808623948244,27,37,1.0,8,27,4,0,0.7297
10.823400120373712,106.68551227436063,20,32,1.0,8,27,4,0,0.625
10.756158554057755,106.66631758181126,23,30,1.0,8,27,4,0,0.7667
10.7144382088356,106.73711688366168,24,35,1.0,8,28,4,0,0.6857
10.817236653231737,106.63191539530456,24,34,1.0,8,28,4,0,0.7059
10.772727584493625,106.69804225297564,15,24,1.0,8,30,4,0,0.625
10.774028664434528,106.70357076461706,16,27,1.0,8,30,4,0,0.5926
10.752616652291238,106.72509685338922,39,39,1.0,8,30,4,0,1.0
10.745754766198267,106.65326266831876,36,43,1.0,8,30,4,0,0.8372
10.94927106740351,106.87196348224562,29,41,1.0,8,30,4,0,0.7073
10.78866360854368,106.695513722289,33,42,1.0,8,30,4,0,0.7857
10.801406421807084,106.7114844087968,33,42,1.0,8,30,4,0,0.7857
10.843150534972033,106.6151343241409,25,35,1.0,8,30,4,0,0.7143
10.880537767027526,106.81481342866444,46,53,1.0,8,30,4,0,0.8679
10.740840166521664,106.61899246873142,28,36,1.0,8,30,4,0,0.7778
10.798986343749618,106.7269705664684,45,45,1.0,8,30,4,0,1.0
10.741860769464234,106.73790365482628,45,45,1.0,8,30,4,0,1.0
10.752408891679814,106.7022703818112,20,34,1.0,8,30,4,0,0.5882
10.786216596454729,106.71836665482697,34,40,1.0,8,30,4,0,0.85
10.78948793356203,106.7151883818118,25,35,1.0,8,30,4,0,0.7143
10.80223925742187,106.6478722259914,25,41,1.0,8,30,4,0,0.6098
10.813928881466124,106.66511432455972,20,34,1.0,8,30,4,0,0.5882
10.755608615763382,106.67347943578082,19,28,1.0,8,30,4,0,0.6786
10.782680856341084,106.70051548181168,18,30,1.0,8,30,4,0,0.6
10.754895139302109,106.67839188181134,23,32,1.0,8,30,4,0,0.7188
10.785070445194592,106.68331340921324,14,27,1.0,8,31,4,0,0.5185
10.7549373008113,106.67848844133415,24,32,1.0,8,31,4,0,0.75
10.77898143649726,106.67684447140958,22,34,1.0,8,31,4,0,0.6471
10.7671128283867,106.6927618222887,13,20,1.0,8,31,4,0,0.65
10.77847212665258,106.69389510879644,28,41,1.0,8,31,4,0,0.6829
10.796057790235078,106.67492629345334,20,34,1.0,8,31,4,0,0.5882
10.8352982156415,106.72935479345392,33,42,0.996324,8,31,4,0,0.7857
10.777562007197462,106.7041335430398,19,30,1.0,8,31,4,0,0.6333
10.83886351241477,106.67566625482782,36,36,1.0,8,31,4,0,1.0
10.765187049751797,106.67550552599072,22,36,1.0,8,31,4,0,0.6111
10.75948437198232,106.6840537511244,20,28,1.0,8,31,4,0,0.7143
10.865229381280963,106.72366973948476,35,49,1.0,8,31,4,0,0.7143
10.72279213640514,106.72808623948244,27,37,1.0,8,31,4,0,0.7297
10.823400120373712,106.68551227436063,21,31,1.0,8,31,4,0,0.6774
10.756158554057755,106.66631758181126,21,29,1.0,8,31,4,0,0.7241
10.7144382088356,106.73711688366168,23,35,1.0,8,31,4,0,0.6571
10.817236653231737,106.63191539530456,25,35,1.0,8,31,4,0,0.7143
10.772727584493625,106.69804225297564,15,24,0.998765,8,33,4,0,0.625
10.774028664434528,106.70357076461706,10,29,1.0,8,33,4,0,0.3448
10.752616652291238,106.72509685338922,31,40,1.0,8,33,4,0,0.775
10.745754766198267,106.65326266831876,37,43,1.0,8,34,4,0,0.8605
10.94927106740351,106.87196348224562,26,42,1.0,8,34,4,0,0.619
10.78866360854368,106.695513722289,30,42,1.0,8,34,4,0,0.7143
10.801406421807084,106.7114844087968,30,42,1.0,8,34,4,0,0.7143
10.843150534972033,106.6151343241409,24,35,1.0,8,34,4,0,0.6857
10.880537767027526,106.81481342866444,45,53,1.0,8,34,4,0,0.8491
10.740840166521664,106.61899246873142,28,35,1.0,8,34,4,0,0.8
10.798986343749618,106.7269705664684,45,45,1.0,8,34,4,0,1.0
10.741860769464234,106.73790365482628,45,45,1.0,8,34,4,0,1.0
10.752408891679814,106.7022703818112,22,34,1.0,8,34,4,0,0.6471
10.786216596454729,106.71836665482697,40,40,1.0,8,34,4,0,1.0
10.78948793356203,106.7151883818118,25,35,1.0,8,34,4,0,0.7143
10.80223925742187,106.6478722259914,28,41,1.0,8,34,4,0,0.6829
10.813928881466124,106.66511432455972,20,33,1.0,8,34,4,0,0.6061
10.755608615763382,106.67347943578082,19,26,0.998954,8,34,4,0,0.7308
10.782680856341084,106.70051548181168,20,31,1.0,8,34,4,0,0.6452
10.754895139302109,106.67839188181134,21,33,1.0,8,34,4,0,0.6364
10.785070445194592,106.68331340921324,13,28,1.0,8,34,4,0,0.4643
10.7549373008113,106.67848844133415,21,33,1.0,8,34,4,0,0.6364
10.77898143649726,106.67684447140958,22,34,1.0,8,34,4,0,0.6471
10.7671128283867,106.6927618222887,15,20,1.0,8,34,4,0,0.75
10.77847212665258,106.69389510879644,28,42,1.0,8,35,4,0,0.6667
10.796057790235078,106.67492629345334,20,34,1.0,8,35,4,0,0.5882
10.8352982156415,106.72935479345392,33,42,0.996676,8,35,4,0,0.7857
10.777562007197462,106.7041335430398,20,30,1.0,8,35,4,0,0.6667
10.83886351241477,106.67566625482782,36,36,1.0,8,35,4,0,1.0
10.765187049751797,106.67550552599072,23,36,1.0,8,35,4,0,0.6389
10.75948437198232,106.6840537511244,18,28,0.998943,8,35,4,0,0.6429
10.865229381280963,106.72366973948476,36,49,1.0,8,35,4,0,0.7347
10.72279213640514,106.72808623948244,26,36,0.999769,8,35,4,0,0.7222
10.823400120373712,106.68551227436063,23,31,1.0,8,35,4,0,0.7419
10.756158554057755,106.66631758181126,22,30,1.0,8,35,4,0,0.7333
10.7144382088356,106.73711688366168,23,35,1.0,8,35,4,0,0.6571
10.817236653231737,106.63191539530456,24,35,1.0,8,37,4,0,0.6857
10.772727584493625,106.69804225297564,15,24,1.0,8,39,4,0,0.625
10.774028664434528,106.70357076461706,21,29,1.0,8,39,4,0,0.7241
10.752616652291238,106.72509685338922,39,39,1.0,8,39,4,0,1.0
10.745754766198267,106.65326266831876,37,43,1.0,8,39,4,0,0.8605
10.94927106740351,106.87196348224562,29,42,1.0,8,39,4,0,0.6905
10.78866360854368,106.695513722289,32,41,1.0,8,39,4,0,0.7805
10.801406421807084,106.7114844087968,33,42,1.0,8,39,4,0,0.7857
10.843150534972033,106.6151343241409,24,35,1.0,8,39,4,0,0.6857
10.880537767027526,106.81481342866444,43,53,1.0,8,39,4,0,0.8113
10.740840166521664,106.61899246873142,27,36,1.0,8,39,4,0,0.75
10.798986343749618,106.7269705664684,45,45,1.0,8,40,4,0,1.0
10.741860769464234,106.73790365482628,45,45,1.0,8,40,4,0,1.0
10.752408891679814,106.7022703818112,22,34,0.999881,8,40,4,0,0.6471
10.786216596454729,106.71836665482697,40,40,1.0,8,40,4,0,1.0
10.78948793356203,106.7151883818118,23,34,1.0,8,40,4,0,0.6765
10.80223925742187,106.6478722259914,32,41,1.0,8,40,4,0,0.7805
10.813928881466124,106.66511432455972,20,34,1.0,8,40,4,0,0.5882
10.755608615763382,106.67347943578082,19,27,0.997909,8,40,4,0,0.7037
10.782680856341084,106.70051548181168,19,30,1.0,8,41,4,0,0.6333
10.754895139302109,106.67839188181134,22,33,1.0,8,41,4,0,0.6667
10.785070445194592,106.68331340921324,14,27,1.0,8,41,4,0,0.5185
10.7549373008113,106.67848844133415,22,33,1.0,8,41,4,0,0.6667
10.77898143649726,106.67684447140958,21,34,1.0,8,41,4,0,0.6176
10.7671128283867,106.6927618222887,20,20,1.0,8,41,4,0,1.0
10.77847212665258,106.69389510879644,28,42,1.0,8,41,4,0,0.6667
10.796057790235078,106.67492629345334,20,34,1.0,8,41,4,0,0.5882
10.8352982156415,106.72935479345392,34,42,0.996579,8,41,4,0,0.8095
10.777562007197462,106.7041335430398,18,30,1.0,8,41,4,0,0.6
10.83886351241477,106.67566625482782,29,36,1.0,8,41,4,0,0.8056
10.765187049751797,106.67550552599072,27,36,1.0,8,42,4,0,0.75
10.75948437198232,106.6840537511244,19,27,0.997901,8,42,4,0,0.7037
10.865229381280963,106.72366973948476,36,49,1.0,8,42,4,0,0.7347
10.72279213640514,106.72808623948244,27,37,1.0,8,42,4,0,0.7297
10.823400120373712,106.68551227436063,21,32,1.0,8,42,4,0,0.6562
10.756158554057755,106.66631758181126,20,30,1.0,8,42,4,0,0.6667
10.7144382088356,106.73711688366168,23,35,1.0,8,42,4,0,0.6571
10.817236653231737,106.63191539530456,23,35,1.0,8,42,4,0,0.6571
10.772727584493625,106.69804225297564,15,24,1.0,8,44,4,0,0.625
10.774028664434528,106.70357076461706,19,29,1.0,8,45,4,0,0.6552
10.752616652291238,106.72509685338922,39,39,1.0,8,45,4,0,1.0
10.745754766198267,106.65326266831876,35,43,1.0,8,45,4,0,0.814
10.94927106740351,106.87196348224562,27,42,1.0,8,45,4,0,0.6429
10.78866360854368,106.695513722289,33,42,1.0,8,45,4,0,0.7857
10.801406421807084,106.7114844087968,33,42,1.0,8,45,4,0,0.7857
10.843150534972033,106.6151343241409,23,35,1.0,8,45,4,0,0.6571
10.880537767027526,106.81481342866444,44,53,1.0,8,46,4,0,0.8302
10.740840166521664,106.61899246873142,26,35,1.0,8,46,4,0,0.7429
10.798986343749618,106.7269705664684,45,45,1.0,8,46,4,0,1.0
10.741860769464234,106.73790365482628,45,45,1.0,8,46,4,0,1.0
10.752408891679814,106.7022703818112,20,33,1.0,8,46,4,0,0.6061
10.786216596454729,106.71836665482697,40,40,1.0,8,46,4,0,1.0
10.78948793356203,106.7151883818118,36,36,1.0,8,47,4,0,1.0
10.80223925742187,106.6478722259914,30,40,1.0,8,47,4,0,0.75
10.813928881466124,106.66511432455972,20,34,1.0,8,47,4,0,0.5882
10.755608615763382,106.67347943578082,18,27,1.0,8,48,4,0,0.6667
10.782680856341084,106.70051548181168,19,30,1.0,8,48,4,0,0.6333
10.754895139302109,106.67839188181134,23,32,1.0,8,48,4,0,0.7188
10.785070445194592,106.68331340921324,14,28,1.0,8,48,4,0,0.5
10.7549373008113,106.67848844133415,23,33,1.0,8,48,4,0,0.697
10.77898143649726,106.67684447140958,21,34,1.0,8,48,4,0,0.6176
10.7671128283867,106.6927618222887,20,20,1.0,8,48,4,0,1.0
10.77847212665258,106.69389510879644,29,42,1.0,8,48,4,0,0.6905
10.796057790235078,106.67492629345334,19,34,1.0,8,48,4,0,0.5588
10.8352982156415,106.72935479345392,31,42,0.995854,8,49,4,0,0.7381
10.777562007197462,106.7041335430398,19,30,1.0,8,49,4,0,0.6333
10.83886351241477,106.67566625482782,36,36,1.0,8,49,4,0,1.0
10.765187049751797,106.67550552599072,21,36,1.0,8,49,4,0,0.5833
10.75948437198232,106.6840537511244,21,26,0.998954,8,49,4,0,0.8077
10.865229381280963,106.72366973948476,35,49,1.0,8,49,4,0,0.7143
10.72279213640514,106.72808623948244,28,37,0.998476,8,49,4,0,0.7568
10.823400120373712,106.68551227436063,25,32,1.0,8,49,4,0,0.7812
10.756158554057755,106.66631758181126,18,28,1.0,8,49,4,0,0.6429
10.7144382088356,106.73711688366168,24,35,1.0,8,49,4,0,0.6857
10.817236653231737,106.63191539530456,25,35,1.0,8,49,4,0,0.7143
10.772727584493625,106.69804225297564,15,23,1.0,8,51,4,0,0.6522
10.774028664434528,106.70357076461706,23,28,1.0,8,52,4,0,0.8214
10.752616652291238,106.72509685338922,39,39,1.0,8,52,4,0,1.0
10.745754766198267,106.65326266831876,37,43,1.0,8,52,4,0,0.8605
10.94927106740351,106.87196348224562,28,42,1.0,8,52,4,0,0.6667
10.78866360854368,106.695513722289,32,41,1.0,8,52,4,0,0.7805
10.801406421807084,106.7114844087968,32,41,1.0,8,52,4,0,0.7805
10.843150534972033,106.6151343241409,23,35,1.0,8,52,4,0,0.6571
10.880537767027526,106.81481342866444,42,53,1.0,8,52,4,0,0.7925
10.740840166521664,106.61899246873142,28,36,1.0,8,52,4,0,0.7778
10.798986343749618,106.7269705664684,45,45,1.0,8,52,4,0,1.0
10.741860769464234,106.73790365482628,45,45,1.0,8,52,4,0,1.0
10.752408891679814,106.7022703818112,22,33,1.0,8,52,4,0,0.6667
10.786216596454729,106.71836665482697,40,40,1.0,8,52,4,0,1.0
10.78948793356203,106.7151883818118,36,36,1.0,8,52,4,0,1.0
10.80223925742187,106.6478722259914,30,41,1.0,8,53,4,0,0.7317
10.813928881466124,106.66511432455972,20,34,0.999323,8,53,4,0,0.5882
10.755608615763382,106.67347943578082,18,27,0.997909,8,53,4,0,0.6667
10.782680856341084,106.70051548181168,20,30,1.0,8,53,4,0,0.6667
10.754895139302109,106.67839188181134,22,32,1.0,8,53,4,0,0.6875
10.785070445194592,106.68331340921324,13,27,1.0,8,54,4,0,0.4815
10.7549373008113,106.67848844133415,22,33,1.0,8,54,4,0,0.6667
10.77898143649726,106.67684447140958,20,34,1.0,8,54,4,0,0.5882
10.7671128283867,106.6927618222887,20,20,1.0,8,54,4,0,1.0
10.77847212665258,106.69389510879644,29,42,1.0,8,54,4,0,0.6905
10.796057790235078,106.67492629345334,19,34,0.99905,8,54,4,0,0.5588
10.8352982156415,106.72935479345392,34,42,0.997028,8,54,4,0,0.8095
10.777562007197462,106.7041335430398,19,30,1.0,8,54,4,0,0.6333
10.83886351241477,106.67566625482782,29,36,1.0,8,55,4,0,0.8056
10.765187049751797,106.67550552599072,21,36,1.0,8,55,4,0,0.5833
10.75948437198232,106.6840537511244,18,28,0.997878,8,55,4,0,0.6429
10.865229381280963,106.72366973948476,34,49,1.0,8,55,4,0,0.6939
10.72279213640514,106.72808623948244,27,37,0.998218,8,55,4,0,0.7297
10.823400120373712,106.68551227436063,24,31,1.0,8,55,4,0,0.7742
10.756158554057755,106.66631758181126,19,30,1.0,8,55,4,0,0.6333
10.7144382088356,106.73711688366168,23,35,1.0,8,55,4,0,0.6571
10.817236653231737,106.63191539530456,23,35,1.0,8,55,4,0,0.6571
10.772727584493625,106.69804225297564,15,24,1.0,8,57,4,0,0.625
10.774028664434528,106.70357076461706,19,29,1.0,8,57,4,0,0.6552
10.752616652291238,106.72509685338922,39,39,1.0,8,57,4,0,1.0
10.745754766198267,106.65326266831876,42,42,1.0,8,58,4,0,1.0
10.94927106740351,106.87196348224562,30,41,1.0,8,58,4,0,0.7317
10.78866360854368,106.695513722289,33,41,1.0,8,58,4,0,0.8049
10.801406421807084,106.7114844087968,33,41,1.0,8,58,4,0,0.8049
10.843150534972033,106.6151343241409,23,35,1.0,8,58,4,0,0.6571
10.880537767027526,106.81481342866444,44,53,1.0,8,58,4,0,0.8302
10.740840166521664,106.61899246873142,27,36,1.0,8,58,4,0,0.75
10.798986343749618,106.7269705664684,45,45,1.0,8,58,4,0,1.0
10.741860769464234,106.73790365482628,45,45,1.0,8,58,4,0,1.0
10.752408891679814,106.7022703818112,23,34,1.0,8,58,4,0,0.6765
10.786216596454729,106.71836665482697,40,40,1.0,8,58,4,0,1.0
10.78948793356203,106.7151883818118,25,36,1.0,8,58,4,0,0.6944
10.80223925742187,106.6478722259914,30,41,1.0,8,58,4,0,0.7317
10.813928881466124,106.66511432455972,19,34,0.999129,8,58,4,0,0.5588
10.755608615763382,106.67347943578082,20,27,0.996173,8,59,4,0,0.7407
10.782680856341084,106.70051548181168,19,31,1.0,8,59,4,0,0.6129
10.754895139302109,106.67839188181134,23,32,1.0,8,59,4,0,0.7188
10.785070445194592,106.68331340921324,14,28,1.0,8,59,4,0,0.5
10.7549373008113,106.67848844133415,23,33,1.0,8,59,4,0,0.697
10.77898143649726,106.67684447140958,22,34,1.0,8,59,4,0,0.6471
10.7671128283867,106.6927618222887,20,20,1.0,8,59,4,0,1.0
10.77847212665258,106.69389510879644,29,41,1.0,8,59,4,0,0.7073
10.796057790235078,106.67492629345334,19,34,0.999093,8,59,4,0,0.5588
10.8352982156415,106.72935479345392,34,42,0.997296,8,59,4,0,0.8095
10.777562007197462,106.7041335430398,19,30,1.0,8,59,4,0,0.6333
10.83886351241477,106.67566625482782,36,36,1.0,8,59,4,0,1.0
10.765187049751797,106.67550552599072,27,35,1.0,9,0,4,0,0.7714
10.75948437198232,106.6840537511244,18,28,0.996173,9,0,4,0,0.6429
10.865229381280963,106.72366973948476,34,49,1.0,9,0,4,0,0.6939
10.72279213640514,106.72808623948244,27,37,1.0,9,0,4,0,0.7297
10.823400120373712,106.68551227436063,20,32,1.0,9,0,4,0,0.625
10.756158554057755,106.66631758181126,30,30,1.0,9,0,4,0,1.0
10.7144382088356,106.73711688366168,23,35,1.0,9,0,4,0,0.6571
10.817236653231737,106.63191539530456,24,35,1.0,9,0,4,0,0.6857
10.772727584493625,106.69804225297564,16,24,1.0,9,2,4,0,0.6667
10.774028664434528,106.70357076461706,29,29,1.0,9,3,4,0,1.0
10.752616652291238,106.72509685338922,39,39,1.0,9,3,4,0,1.0
10.745754766198267,106.65326266831876,42,42,1.0,9,3,4,0,1.0
10.94927106740351,106.87196348224562,29,41,1.0,9,3,4,0,0.7073
10.78866360854368,106.695513722289,31,41,1.0,9,3,4,0,0.7561
10.801406421807084,106.7114844087968,31,41,1.0,9,3,4,0,0.7561
10.843150534972033,106.6151343241409,23,35,1.0,9,3,4,0,0.6571
10.880537767027526,106.81481342866444,45,53,1.0,9,3,4,0,0.8491
10.740840166521664,106.61899246873142,26,35,1.0,9,3,4,0,0.7429
10.798986343749618,106.7269705664684,45,45,1.0,9,4,4,0,1.0
10.741860769464234,106.73790365482628,45,45,1.0,9,4,4,0,1.0
10.752408891679814,106.7022703818112,23,34,1.0,9,4,4,0,0.6765
10.786216596454729,106.71836665482697,40,40,1.0,9,4,4,0,1.0
10.78948793356203,106.7151883818118,36,36,1.0,9,4,4,0,1.0
10.80223925742187,106.6478722259914,27,40,1.0,9,4,4,0,0.675
10.813928881466124,106.66511432455972,20,34,1.0,9,4,4,0,0.5882
10.755608615763382,106.67347943578082,21,28,1.0,9,4,4,0,0.75
10.782680856341084,106.70051548181168,19,30,1.0,9,4,4,0,0.6333
10.754895139302109,106.67839188181134,21,33,1.0,9,4,4,0,0.6364
10.785070445194592,106.68331340921324,13,27,1.0,9,4,4,0,0.4815
10.7549373008113,106.67848844133415,21,33,1.0,9,4,4,0,0.6364
10.77898143649726,106.67684447140958,20,34,1.0,9,4,4,0,0.5882
10.7671128283867,106.6927618222887,20,20,1.0,9,4,4,0,1.0
10.77847212665258,106.69389510879644,28,41,1.0,9,4,4,0,0.6829
10.796057790235078,106.67492629345334,20,34,1.0,9,4,4,0,0.5882
10.8352982156415,106.72935479345392,34,42,0.997662,9,4,4,0,0.8095
10.777562007197462,106.7041335430398,19,30,1.0,9,4,4,0,0.6333
10.83886351241477,106.67566625482782,36,36,1.0,9,4,4,0,1.0
10.765187049751797,106.67550552599072,24,36,1.0,9,5,4,0,0.6667
10.75948437198232,106.6840537511244,21,27,0.996181,9,5,4,0,0.7778
10.865229381280963,106.72366973948476,35,49,1.0,9,5,4,0,0.7143
10.72279213640514,106.72808623948244,25,37,0.998126,9,5,4,0,0.6757
10.823400120373712,106.68551227436063,21,31,1.0,9,5,4,0,0.6774
10.756158554057755,106.66631758181126,21,29,1.0,9,5,4,0,0.7241
10.7144382088356,106.73711688366168,23,35,1.0,9,5,4,0,0.6571
10.817236653231737,106.63191539530456,22,35,1.0,9,5,4,0,0.6286
10.772727584493625,106.69804225297564,15,25,1.0,9,6,4,0,0.6
10.774028664434528,106.70357076461706,20,29,1.0,9,6,4,0,0.6897
10.752616652291238,106.72509685338922,38,42,1.0,9,6,4,0,0.9048
10.745754766198267,106.65326266831876,37,42,1.0,9,6,4,0,0.881
10.94927106740351,106.87196348224562,30,42,1.0,9,6,4,0,0.7143
10.78866360854368,106.695513722289,32,41,1.0,9,6,4,0,0.7805
10.801406421807084,106.7114844087968,32,41,1.0,9,6,4,0,0.7805
10.843150534972033,106.6151343241409,24,35,1.0,9,7,4,0,0.6857
10.880537767027526,106.81481342866444,45,54,1.0,9,7,4,0,0.8333
10.740840166521664,106.61899246873142,26,35,1.0,9,7,4,0,0.7429
10.798986343749618,106.7269705664684,45,45,1.0,9,7,4,0,1.0
10.741860769464234,106.73790365482628,45,45,1.0,9,7,4,0,1.0
10.752408891679814,106.7022703818112,23,34,1.0,9,7,4,0,0.6765
10.786216596454729,106.71836665482697,40,40,1.0,9,7,4,0,1.0
10.78948793356203,106.7151883818118,36,36,1.0,9,7,4,0,1.0
10.80223925742187,106.6478722259914,28,41,1.0,9,7,4,0,0.6829
10.813928881466124,106.66511432455972,20,33,1.0,9,7,4,0,0.6061
10.755608615763382,106.67347943578082,18,28,0.997941,9,7,4,0,0.6429
10.782680856341084,106.70051548181168,18,30,1.0,9,7,4,0,0.6
10.754895139302109,106.67839188181134,23,32,1.0,9,7,4,0,0.7188
10.785070445194592,106.68331340921324,14,27,1.0,9,7,4,0,0.5185
10.7549373008113,106.67848844133415,23,32,1.0,9,7,4,0,0.7188
10.77898143649726,106.67684447140958,21,34,1.0,9,7,4,0,0.6176
10.7671128283867,106.6927618222887,12,19,1.0,9,7,4,0,0.6316
10.77847212665258,106.69389510879644,28,41,1.0,9,7,4,0,0.6829
10.796057790235078,106.67492629345334,19,34,1.0,9,7,4,0,0.5588
10.8352982156415,106.72935479345392,36,42,0.998023,9,7,4,0,0.8571
10.777562007197462,106.7041335430398,18,30,1.0,9,8,4,0,0.6
10.83886351241477,106.67566625482782,28,35,1.0,9,8,4,0,0.8
10.765187049751797,106.67550552599072,27,36,1.0,9,8,4,0,0.75
10.75948437198232,106.6840537511244,20,27,1.0,9,8,4,0,0.7407
10.865229381280963,106.72366973948476,36,49,1.0,9,8,4,0,0.7347
10.72279213640514,106.72808623948244,27,37,1.0,9,8,4,0,0.7297
10.823400120373712,106.68551227436063,21,31,1.0,9,8,4,0,0.6774
10.756158554057755,106.66631758181126,20,29,1.0,9,8,4,0,0.6897
10.7144382088356,106.73711688366168,23,35,1.0,9,8,4,0,0.6571
10.817236653231737,106.63191539530456,23,35,1.0,9,8,4,0,0.6571
10.772727584493625,106.69804225297564,17,24,1.0,9,10,4,0,0.7083
10.774028664434528,106.70357076461706,22,28,1.0,9,11,4,0,0.7857
10.752616652291238,106.72509685338922,39,39,1.0,9,11,4,0,1.0
10.745754766198267,106.65326266831876,36,43,1.0,9,11,4,0,0.8372
10.94927106740351,106.87196348224562,29,42,1.0,9,11,4,0,0.6905
10.78866360854368,106.695513722289,33,42,1.0,9,11,4,0,0.7857
10.801406421807084,106.7114844087968,33,42,1.0,9,11,4,0,0.7857
10.843150534972033,106.6151343241409,24,35,1.0,9,11,4,0,0.6857
10.880537767027526,106.81481342866444,45,53,1.0,9,11,4,0,0.8491
10.740840166521664,106.61899246873142,24,36,1.0,9,11,4,0,0.6667
10.798986343749618,106.7269705664684,45,45,1.0,9,11,4,0,1.0
10.741860769464234,106.73790365482628,45,45,1.0,9,11,4,0,1.0
10.752408891679814,106.7022703818112,22,34,1.0,9,11,4,0,0.6471
10.786216596454729,106.71836665482697,40,40,1.0,9,11,4,0,1.0
10.78948793356203,106.7151883818118,36,36,1.0,9,11,4,0,1.0
10.80223925742187,106.6478722259914,27,41,1.0,9,11,4,0,0.6585
10.813928881466124,106.66511432455972,20,34,0.99876,9,11,4,0,0.5882
10.755608615763382,106.67347943578082,19,28,0.997894,9,11,4,0,0.6786
10.782680856341084,106.70051548181168,17,30,1.0,9,11,4,0,0.5667
10.754895139302109,106.67839188181134,22,33,1.0,9,11,4,0,0.6667
10.785070445194592,106.68331340921324,13,27,1.0,9,11,4,0,0.4815
10.7549373008113,106.67848844133415,22,33,1.0,9,11,4,0,0.6667
10.77898143649726,106.67684447140958,21,34,1.0,9,12,4,0,0.6176
10.7671128283867,106.6927618222887,10,20,1.0,9,12,4,0,0.5
10.77847212665258,106.69389510879644,27,41,1.0,9,12,4,0,0.6585
10.796057790235078,106.67492629345334,20,34,0.99876,9,12,4,0,0.5882
10.8352982156415,106.72935479345392,33,42,0.997483,9,13,4,0,0.7857
10.777562007197462,106.7041335430398,15,29,1.0,9,13,4,0,0.5172
10.83886351241477,106.67566625482782,36,36,1.0,9,13,4,0,1.0
10.765187049751797,106.67550552599072,25,36,1.0,9,13,4,0,0.6944
10.75948437198232,106.6840537511244,18,27,1.0,9,13,4,0,0.6667
10.865229381280963,106.72366973948476,36,49,1.0,9,13,4,0,0.7347
10.72279213640514,106.72808623948244,28,37,0.998475,9,13,4,0,0.7568
10.823400120373712,106.68551227436063,21,31,1.0,9,13,4,0,0.6774
10.756158554057755,106.66631758181126,20,29,1.0,9,13,4,0,0.6897
10.7144382088356,106.73711688366168,23,35,1.0,9,13,4,0,0.6571
10.817236653231737,106.63191539530456,23,35,1.0,9,13,4,0,0.6571
10.772727584493625,106.69804225297564,16,24,1.0,9,16,4,0,0.6667
10.774028664434528,106.70357076461706,16,27,1.0,9,16,4,0,0.5926
10.752616652291238,106.72509685338922,39,39,1.0,9,16,4,0,1.0
10.745754766198267,106.65326266831876,36,42,1.0,9,16,4,0,0.8571
10.94927106740351,106.87196348224562,31,41,1.0,9,16,4,0,0.7561
10.78866360854368,106.695513722289,34,42,1.0,9,16,4,0,0.8095
10.801406421807084,106.7114844087968,34,42,1.0,9,16,4,0,0.8095
10.843150534972033,106.6151343241409,22,35,1.0,9,16,4,0,0.6286
10.880537767027526,106.81481342866444,45,53,1.0,9,16,4,0,0.8491
10.740840166521664,106.61899246873142,25,35,1.0,9,16,4,0,0.7143
10.798986343749618,106.7269705664684,45,45,1.0,9,16,4,0,1.0
10.741860769464234,106.73790365482628,45,45,1.0,9,17,4,0,1.0
10.752408891679814,106.7022703818112,19,33,1.0,9,17,4,0,0.5758
10.786216596454729,106.71836665482697,40,40,1.0,9,17,4,0,1.0
10.78948793356203,106.7151883818118,36,36,1.0,9,17,4,0,1.0
10.80223925742187,106.6478722259914,30,40,1.0,9,17,4,0,0.75
10.813928881466124,106.66511432455972,20,34,1.0,9,17,4,0,0.5882
10.755608615763382,106.67347943578082,19,28,1.0,9,17,4,0,0.6786
10.782680856341084,106.70051548181168,18,31,1.0,9,18,4,0,0.5806
10.754895139302109,106.67839188181134,23,32,1.0,9,18,4,0,0.7188
10.785070445194592,106.68331340921324,14,26,1.0,9,18,4,0,0.5385
10.7549373008113,106.67848844133415,23,32,1.0,9,18,4,0,0.7188
10.77898143649726,106.67684447140958,20,35,1.0,9,18,4,0,0.5714
10.7671128283867,106.6927618222887,20,20,1.0,9,18,4,0,1.0
10.77847212665258,106.69389510879644,29,41,1.0,9,18,4,0,0.7073
10.796057790235078,106.67492629345334,20,34,1.0,9,18,4,0,0.5882
10.8352982156415,106.72935479345392,34,42,0.998017,9,18,4,0,0.8095
10.777562007197462,106.7041335430398,17,30,1.0,9,18,4,0,0.5667
10.83886351241477,106.67566625482782,36,36,1.0,9,19,4,0,1.0
10.765187049751797,106.67550552599072,26,36,1.0,9,19,4,0,0.7222
10.75948437198232,106.6840537511244,21,28,0.997901,9,19,4,0,0.75
10.865229381280963,106.72366973948476,36,49,1.0,9,19,4,0,0.7347
10.72279213640514,106.72808623948244,27,37,0.99756,9,20,4,0,0.7297
10.823400120373712,106.68551227436063,23,32,1.0,9,20,4,0,0.7188
10.756158554057755,106.66631758181126,22,29,1.0,9,20,4,0,0.7586
10.7144382088356,106.73711688366168,23,35,1.0,9,20,4,0,0.6571
10.817236653231737,106.63191539530456,22,35,1.0,9,20,4,0,0.6286
10.772727584493625,106.69804225297564,18,24,1.0,9,22,4,0,0.75
10.774028664434528,106.70357076461706,11,29,1.0,9,22,4,0,0.3793
10.752616652291238,106.72509685338922,39,39,1.0,9,23,4,0,1.0
10.745754766198267,106.65326266831876,35,42,1.0,9,23,4,0,0.8333
10.94927106740351,106.87196348224562,30,41,1.0,9,23,4,0,0.7317
10.78866360854368,106.695513722289,32,41,1.0,9,23,4,0,0.7805
10.801406421807084,106.7114844087968,32,41,1.0,9,23,4,0,0.7805
10.843150534972033,106.6151343241409,24,35,1.0,9,23,4,0,0.6857
10.880537767027526,106.81481342866444,45,53,1.0,9,23,4,0,0.8491
10.740840166521664,106.61899246873142,23,36,1.0,9,23,4,0,0.6389
10.798986343749618,106.7269705664684,45,45,1.0,9,23,4,0,1.0
10.741860769464234,106.73790365482628,45,45,1.0,9,23,4,0,1.0
10.752408891679814,106.7022703818112,22,33,1.0,9,23,4,0,0.6667
10.786216596454729,106.71836665482697,40,40,1.0,9,24,4,0,1.0
10.78948793356203,106.7151883818118,36,36,1.0,9,24,4,0,1.0
10.80223925742187,106.6478722259914,28,41,1.0,9,24,4,0,0.6829
10.813928881466124,106.66511432455972,18,34,0.999713,9,24,4,0,0.5294
10.755608615763382,106.67347943578082,20,28,1.0,9,24,4,0,0.7143
10.782680856341084,106.70051548181168,17,30,1.0,9,24,4,0,0.5667
10.754895139302109,106.67839188181134,23,32,1.0,9,24,4,0,0.7188
10.785070445194592,106.68331340921324,15,28,1.0,9,24,4,0,0.5357
10.7549373008113,106.67848844133415,23,32,1.0,9,24,4,0,0.7188
10.77898143649726,106.67684447140958,20,34,1.0,9,24,4,0,0.5882
10.7671128283867,106.6927618222887,13,20,1.0,9,24,4,0,0.65
10.77847212665258,106.69389510879644,28,42,1.0,9,24,4,0,0.6667
10.796057790235078,106.67492629345334,17,34,0.999713,9,24,4,0,0.5
10.8352982156415,106.72935479345392,32,42,0.998139,9,24,4,0,0.7619
10.777562007197462,106.7041335430398,17,30,1.0,9,24,4,0,0.5667
10.83886351241477,106.67566625482782,28,36,1.0,9,24,4,0,0.7778
10.765187049751797,106.67550552599072,24,35,1.0,9,24,4,0,0.6857
10.75948437198232,106.6840537511244,19,27,1.0,9,24,4,0,0.7037
10.865229381280963,106.72366973948476,36,49,1.0,9,24,4,0,0.7347
10.72279213640514,106.72808623948244,26,37,1.0,9,24,4,0,0.7027
10.823400120373712,106.68551227436063,22,31,1.0,9,24,4,0,0.7097
10.756158554057755,106.66631758181126,20,29,1.0,9,25,4,0,0.6897
10.7144382088356,106.73711688366168,23,35,1.0,9,25,4,0,0.6571
10.817236653231737,106.63191539530456,22,35,1.0,9,25,4,0,0.6286
10.772727584493625,106.69804225297564,17,23,0.998765,9,27,4,0,0.7391
10.774028664434528,106.70357076461706,19,28,1.0,9,27,4,0,0.6786
10.752616652291238,106.72509685338922,39,39,1.0,9,27,4,0,1.0
10.745754766198267,106.65326266831876,35,43,1.0,9,27,4,0,0.814
10.94927106740351,106.87196348224562,31,42,1.0,9,27,4,0,0.7381
10.78866360854368,106.695513722289,33,42,1.0,9,27,4,0,0.7857
10.801406421807084,106.7114844087968,33,42,1.0,9,27,4,0,0.7857
10.843150534972033,106.6151343241409,23,35,1.0,9,27,4,0,0.6571
10.880537767027526,106.81481342866444,45,53,1.0,9,27,4,0,0.8491
10.740840166521664,106.61899246873142,22,35,1.0,9,27,4,0,0.6286
10.798986343749618,106.7269705664684,45,45,1.0,9,27,4,0,1.0
10.741860769464234,106.73790365482628,45,45,1.0,9,27,4,0,1.0
10.752408891679814,106.7022703818112,20,34,1.0,9,27,4,0,0.5882
10.786216596454729,106.71836665482697,40,40,1.0,9,28,4,0,1.0
10.78948793356203,106.7151883818118,36,36,1.0,9,28,4,0,1.0
10.80223925742187,106.6478722259914,30,41,1.0,9,28,4,0,0.7317
10.813928881466124,106.66511432455972,20,34,0.999713,9,28,4,0,0.5882
10.755608615763382,106.67347943578082,19,28,0.998947,9,28,4,0,0.6786
10.782680856341084,106.70051548181168,18,30,1.0,9,28,4,0,0.6
10.754895139302109,106.67839188181134,23,33,1.0,9,28,4,0,0.697
10.785070445194592,106.68331340921324,14,27,1.0,9,28,4,0,0.5185
10.7549373008113,106.67848844133415,23,33,1.0,9,28,4,0,0.697
10.77898143649726,106.67684447140958,21,34,1.0,9,28,4,0,0.6176
10.7671128283867,106.6927618222887,14,20,1.0,9,29,4,0,0.7
10.77847212665258,106.69389510879644,29,41,1.0,9,29,4,0,0.7073
10.796057790235078,106.67492629345334,19,34,1.0,9,29,4,0,0.5588
10.8352982156415,106.72935479345392,33,42,0.997944,9,29,4,0,0.7857
10.777562007197462,106.7041335430398,18,31,1.0,9,29,4,0,0.5806
10.83886351241477,106.67566625482782,27,36,1.0,9,29,4,0,0.75
10.765187049751797,106.67550552599072,21,36,1.0,9,29,4,0,0.5833
10.75948437198232,106.6840537511244,18,28,0.998947,9,29,4,0,0.6429
10.865229381280963,106.72366973948476,36,48,1.0,9,29,4,0,0.75
10.72279213640514,106.72808623948244,25,37,1.0,9,29,4,0,0.6757
10.823400120373712,106.68551227436063,21,31,1.0,9,29,4,0,0.6774
10.756158554057755,106.66631758181126,21,29,1.0,9,30,4,0,0.7241
10.7144382088356,106.73711688366168,25,36,1.0,9,30,4,0,0.6944
10.817236653231737,106.63191539530456,25,35,1.0,9,30,4,0,0.7143
10.772727584493625,106.69804225297564,17,25,0.998765,9,32,4,0,0.68
10.774028664434528,106.70357076461706,17,28,1.0,9,32,4,0,0.6071
10.752616652291238,106.72509685338922,39,39,1.0,9,32,4,0,1.0
10.745754766198267,106.65326266831876,34,42,1.0,9,32,4,0,0.8095
10.94927106740351,106.87196348224562,31,42,1.0,9,32,4,0,0.7381
10.78866360854368,106.695513722289,32,42,1.0,9,32,4,0,0.7619
10.801406421807084,106.7114844087968,32,42,1.0,9,32,4,0,0.7619
10.843150534972033,106.6151343241409,23,35,1.0,9,32,4,0,0.6571
10.880537767027526,106.81481342866444,44,53,1.0,9,32,4,0,0.8302
10.740840166521664,106.61899246873142,24,36,1.0,9,32,4,0,0.6667
10.798986343749618,106.7269705664684,45,45,1.0,9,32,4,0,1.0
10.741860769464234,106.73790365482628,45,45,1.0,9,32,4,0,1.0
10.752408891679814,106.7022703818112,20,34,1.0,9,32,4,0,0.5882
10.786216596454729,106.71836665482697,40,40,1.0,9,32,4,0,1.0
10.78948793356203,106.7151883818118,36,36,1.0,9,32,4,0,1.0
10.80223925742187,106.6478722259914,29,41,1.0,9,32,4,0,0.7073
10.813928881466124,106.66511432455972,18,34,1.0,9,32,4,0,0.5294
10.755608615763382,106.67347943578082,16,28,1.0,9,32,4,0,0.5714
10.782680856341084,106.70051548181168,18,31,1.0,9,32,4,0,0.5806
10.754895139302109,106.67839188181134,22,32,1.0,9,32,4,0,0.6875
10.785070445194592,106.68331340921324,12,27,1.0,9,32,4,0,0.4444
10.7549373008113,106.67848844133415,22,32,1.0,9,32,4,0,0.6875
10.77898143649726,106.67684447140958,20,34,1.0,9,32,4,0,0.5882
10.7671128283867,106.6927618222887,20,20,1.0,9,32,4,0,1.0
10.77847212665258,106.69389510879644,27,41,1.0,9,33,4,0,0.6585
10.796057790235078,106.67492629345334,18,34,1.0,9,33,4,0,0.5294
10.8352982156415,106.72935479345392,33,42,0.997105,9,33,4,0,0.7857
10.777562007197462,106.7041335430398,18,31,1.0,9,33,4,0,0.5806
10.83886351241477,106.67566625482782,29,36,1.0,9,33,4,0,0.8056
10.765187049751797,106.67550552599072,26,36,1.0,9,33,4,0,0.7222
10.75948437198232,106.6840537511244,17,28,1.0,9,33,4,0,0.6071
10.865229381280963,106.72366973948476,35,49,1.0,9,33,4,0,0.7143
10.72279213640514,106.72808623948244,26,37,1.0,9,33,4,0,0.7027
10.823400120373712,106.68551227436063,22,31,1.0,9,33,4,0,0.7097
10.756158554057755,106.66631758181126,19,29,1.0,9,33,4,0,0.6552
10.7144382088356,106.73711688366168,25,35,1.0,9,33,4,0,0.7143
10.817236653231737,106.63191539530456,22,35,1.0,9,33,4,0,0.6286
10.772727584493625,106.69804225297564,17,24,0.998765,9,36,4,0,0.7083
10.774028664434528,106.70357076461706,14,27,1.0,9,36,4,0,0.5185
10.752616652291238,106.72509685338922,31,40,1.0,9,36,4,0,0.775
10.745754766198267,106.65326266831876,35,43,1.0,9,36,4,0,0.814
10.94927106740351,106.87196348224562,32,41,1.0,9,36,4,0,0.7805
10.78866360854368,106.695513722289,32,41,1.0,9,36,4,0,0.7805
10.801406421807084,106.7114844087968,32,42,1.0,9,36,4,0,0.7619
10.843150534972033,106.6151343241409,23,35,1.0,9,36,4,0,0.6571
10.880537767027526,106.81481342866444,43,53,1.0,9,36,4,0,0.8113
10.740840166521664,106.61899246873142,24,35,1.0,9,36,4,0,0.6857
10.798986343749618,106.7269705664684,45,45,1.0,9,36,4,0,1.0
10.741860769464234,106.73790365482628,45,45,1.0,9,36,4,0,1.0
10.752408891679814,106.7022703818112,19,34,1.0,9,36,4,0,0.5588
10.786216596454729,106.71836665482697,40,40,1.0,9,36,4,0,1.0
10.78948793356203,106.7151883818118,36,36,1.0,9,36,4,0,1.0
10.80223925742187,106.6478722259914,28,40,1.0,9,36,4,0,0.7
10.813928881466124,106.66511432455972,20,34,0.998938,9,36,4,0,0.5882
10.755608615763382,106.67347943578082,20,28,1.0,9,36,4,0,0.7143
10.782680856341084,106.70051548181168,18,30,1.0,9,36,4,0,0.6
10.754895139302109,106.67839188181134,23,33,1.0,9,37,4,0,0.697
10.785070445194592,106.68331340921324,14,29,1.0,9,37,4,0,0.4828
10.7549373008113,106.67848844133415,23,33,1.0,9,37,4,0,0.697
10.77898143649726,106.67684447140958,20,34,1.0,9,37,4,0,0.5882
10.7671128283867,106.6927618222887,20,20,1.0,9,37,4,0,1.0
10.77847212665258,106.69389510879644,26,41,1.0,9,37,4,0,0.6341
10.796057790235078,106.67492629345334,20,34,0.998938,9,37,4,0,0.5882
10.8352982156415,106.72935479345392,32,42,0.997833,9,37,4,0,0.7619
10.777562007197462,106.7041335430398,18,30,1.0,9,37,4,0,0.6
10.83886351241477,106.67566625482782,36,36,1.0,9,37,4,0,1.0
10.765187049751797,106.67550552599072,21,36,1.0,9,37,4,0,0.5833
10.75948437198232,106.6840537511244,20,27,1.0,9,37,4,0,0.7407
10.865229381280963,106.72366973948476,35,49,1.0,9,37,4,0,0.7143
10.72279213640514,106.72808623948244,26,37,0.999769,9,37,4,0,0.7027
10.823400120373712,106.68551227436063,23,32,1.0,9,38,4,0,0.7188
10.756158554057755,106.66631758181126,19,29,1.0,9,38,4,0,0.6552
10.7144382088356,106.73711688366168,24,35,1.0,9,38,4,0,0.6857
10.817236653231737,106.63191539530456,23,35,1.0,9,38,4,0,0.6571
10.772727584493625,106.69804225297564,15,24,0.998765,9,40,4,0,0.625
10.774028664434528,106.70357076461706,19,28,1.0,9,40,4,0,0.6786
10.752616652291238,106.72509685338922,38,42,1.0,9,40,4,0,0.9048
10.745754766198267,106.65326266831876,35,43,1.0,9,40,4,0,0.814
10.94927106740351,106.87196348224562,30,42,1.0,9,40,4,0,0.7143
10.78866360854368,106.695513722289,33,41,1.0,9,40,4,0,0.8049
10.801406421807084,106.7114844087968,33,41,1.0,9,40,4,0,0.8049
10.843150534972033,106.6151343241409,24,35,1.0,9,40,4,0,0.6857
10.880537767027526,106.81481342866444,44,53,1.0,9,40,4,0,0.8302
10.740840166521664,106.61899246873142,24,35,1.0,9,40,4,0,0.6857
10.798986343749618,106.7269705664684,45,45,1.0,9,40,4,0,1.0
10.741860769464234,106.73790365482628,45,45,1.0,9,40,4,0,1.0
10.752408891679814,106.7022703818112,21,34,1.0,9,40,4,0,0.6176
10.786216596454729,106.71836665482697,36,40,1.0,9,41,4,0,0.9
10.78948793356203,106.7151883818118,36,36,1.0,9,41,4,0,1.0
10.80223925742187,106.6478722259914,28,40,1.0,9,41,4,0,0.7
10.813928881466124,106.66511432455972,22,34,0.999416,9,41,4,0,0.6471
10.755608615763382,106.67347943578082,20,27,0.997915,9,41,4,0,0.7407
10.782680856341084,106.70051548181168,19,30,1.0,9,41,4,0,0.6333
10.754895139302109,106.67839188181134,23,33,1.0,9,41,4,0,0.697
10.785070445194592,106.68331340921324,15,28,1.0,9,41,4,0,0.5357
10.7549373008113,106.67848844133415,23,33,1.0,9,41,4,0,0.697
10.77898143649726,106.67684447140958,19,34,1.0,9,41,4,0,0.5588
10.7671128283867,106.6927618222887,11,19,1.0,9,41,4,0,0.5789
10.77847212665258,106.69389510879644,28,41,1.0,9,41,4,0,0.6829
10.796057790235078,106.67492629345334,21,34,0.999528,9,41,4,0,0.6176
10.8352982156415,106.72935479345392,32,42,0.998154,9,41,4,0,0.7619
10.777562007197462,106.7041335430398,19,30,1.0,9,41,4,0,0.6333
10.83886351241477,106.67566625482782,27,36,1.0,9,41,4,0,0.75
10.765187049751797,106.67550552599072,23,36,1.0,9,42,4,0,0.6389
10.75948437198232,106.6840537511244,20,28,1.0,9,42,4,0,0.7143
10.865229381280963,106.72366973948476,35,49,1.0,9,42,4,0,0.7143
10.72279213640514,106.72808623948244,27,36,0.998475,9,42,4,0,0.75
10.823400120373712,106.68551227436063,24,32,1.0,9,42,4,0,0.75
10.756158554057755,106.66631758181126,17,29,1.0,9,42,4,0,0.5862
10.7144382088356,106.73711688366168,24,35,1.0,9,42,4,0,0.6857
10.817236653231737,106.63191539530456,23,35,1.0,9,42,4,0,0.6571
10.772727584493625,106.69804225297564,16,24,0.998765,9,44,4,0,0.6667
10.774028664434528,106.70357076461706,17,28,1.0,9,44,4,0,0.6071
10.752616652291238,106.72509685338922,39,39,1.0,9,45,4,0,1.0
10.745754766198267,106.65326266831876,34,42,1.0,9,45,4,0,0.8095
10.94927106740351,106.87196348224562,31,41,1.0,9,45,4,0,0.7561
10.78866360854368,106.695513722289,32,41,1.0,9,45,4,0,0.7805
10.801406421807084,106.7114844087968,32,41,1.0,9,45,4,0,0.7805
10.843150534972033,106.6151343241409,24,35,1.0,9,45,4,0,0.6857
10.880537767027526,106.81481342866444,45,53,1.0,9,45,4,0,0.8491
10.740840166521664,106.61899246873142,24,35,1.0,9,45,4,0,0.6857
10.798986343749618,106.7269705664684,45,45,1.0,9,45,4,0,1.0
10.741860769464234,106.73790365482628,45,45,1.0,9,45,4,0,1.0
10.752408891679814,106.7022703818112,19,33,1.0,9,45,4,0,0.5758
10.786216596454729,106.71836665482697,40,40,1.0,9,45,4,0,1.0
10.78948793356203,106.7151883818118,26,34,1.0,9,45,4,0,0.7647
10.80223925742187,106.6478722259914,30,40,1.0,9,45,4,0,0.75
10.813928881466124,106.66511432455972,20,34,0.999528,9,45,4,0,0.5882
10.755608615763382,106.67347943578082,17,28,1.0,9,45,4,0,0.6071
10.782680856341084,106.70051548181168,19,31,1.0,9,45,4,0,0.6129
10.754895139302109,106.67839188181134,22,33,1.0,9,45,4,0,0.6667
10.785070445194592,106.68331340921324,13,28,1.0,9,45,4,0,0.4643
10.7549373008113,106.67848844133415,22,33,1.0,9,45,4,0,0.6667
10.77898143649726,106.67684447140958,20,34,1.0,9,45,4,0,0.5882
10.7671128283867,106.6927618222887,16,20,1.0,9,46,4,0,0.8
10.77847212665258,106.69389510879644,28,41,1.0,9,46,4,0,0.6829
10.796057790235078,106.67492629345334,19,34,0.999244,9,46,4,0,0.5588
10.8352982156415,106.72935479345392,32,43,0.99728,9,46,4,0,0.7442
10.777562007197462,106.7041335430398,19,30,1.0,9,46,4,0,0.6333
10.83886351241477,106.67566625482782,27,35,1.0,9,46,4,0,0.7714
10.765187049751797,106.67550552599072,21,35,1.0,9,46,4,0,0.6
10.75948437198232,106.6840537511244,17,27,0.998954,9,46,4,0,0.6296
10.865229381280963,106.72366973948476,36,49,1.0,9,46,4,0,0.7347
10.72279213640514,106.72808623948244,26,37,1.0,9,46,4,0,0.7027
10.823400120373712,106.68551227436063,24,32,1.0,9,46,4,0,0.75
10.756158554057755,106.66631758181126,21,30,1.0,9,46,4,0,0.7
10.7144382088356,106.73711688366168,24,35,1.0,9,46,4,0,0.6857
10.817236653231737,106.63191539530456,22,35,1.0,9,46,4,0,0.6286
10.772727584493625,106.69804225297564,16,24,1.0,9,48,4,0,0.6667
10.774028664434528,106.70357076461706,29,29,1.0,9,48,4,0,1.0
10.752616652291238,106.72509685338922,39,39,1.0,9,48,4,0,1.0
10.745754766198267,106.65326266831876,34,43,1.0,9,48,4,0,0.7907
10.94927106740351,106.87196348224562,25,42,1.0,9,48,4,0,0.5952
10.78866360854368,106.695513722289,32,41,1.0,9,48,4,0,0.7805
10.801406421807084,106.7114844087968,32,41,1.0,9,49,4,0,0.7805
10.843150534972033,106.6151343241409,22,35,1.0,9,49,4,0,0.6286
10.880537767027526,106.81481342866444,44,54,1.0,9,49,4,0,0.8148
10.740840166521664,106.61899246873142,24,35,1.0,9,49,4,0,0.6857
10.798986343749618,106.7269705664684,45,45,1.0,9,49,4,0,1.0
10.741860769464234,106.73790365482628,45,45,1.0,9,49,4,0,1.0
10.752408891679814,106.7022703818112,20,34,1.0,9,49,4,0,0.5882
10.786216596454729,106.71836665482697,40,40,1.0,9,49,4,0,1.0
10.78948793356203,106.7151883818118,36,36,1.0,9,49,4,0,1.0
10.80223925742187,106.6478722259914,28,40,1.0,9,49,4,0,0.7
10.813928881466124,106.66511432455972,20,34,0.997381,9,49,4,0,0.5882
10.755608615763382,106.67347943578082,17,28,1.0,9,50,4,0,0.6071
10.782680856341084,106.70051548181168,18,30,1.0,9,50,4,0,0.6
10.754895139302109,106.67839188181134,21,33,1.0,9,50,4,0,0.6364
10.785070445194592,106.68331340921324,14,28,1.0,9,50,4,0,0.5
10.7549373008113,106.67848844133415,21,33,1.0,9,50,4,0,0.6364
10.77898143649726,106.67684447140958,20,34,1.0,9,50,4,0,0.5882
10.7671128283867,106.6927618222887,20,20,1.0,9,50,4,0,1.0
10.77847212665258,106.69389510879644,28,42,1.0,9,50,4,0,0.6667
10.796057790235078,106.67492629345334,20,34,0.998691,9,50,4,0,0.5882
10.8352982156415,106.72935479345392,31,42,0.997837,9,50,4,0,0.7381
10.777562007197462,106.7041335430398,18,30,1.0,9,50,4,0,0.6
10.83886351241477,106.67566625482782,27,36,1.0,9,50,4,0,0.75
10.765187049751797,106.67550552599072,26,35,1.0,9,50,4,0,0.7429
10.75948437198232,106.6840537511244,19,27,0.998947,9,50,4,0,0.7037
10.865229381280963,106.72366973948476,35,49,1.0,9,50,4,0,0.7143
10.72279213640514,106.72808623948244,27,37,1.0,9,50,4,0,0.7297
10.823400120373712,106.68551227436063,22,32,1.0,9,50,4,0,0.6875
10.756158554057755,106.66631758181126,18,29,1.0,9,50,4,0,0.6207
10.7144382088356,106.73711688366168,25,35,1.0,9,51,4,0,0.7143
10.817236653231737,106.63191539530456,22,35,1.0,9,51,4,0,0.6286
10.772727584493625,106.69804225297564,16,25,0.998765,9,53,4,0,0.64
10.774028664434528,106.70357076461706,29,29,1.0,9,53,4,0,1.0
10.752616652291238,106.72509685338922,39,39,1.0,9,53,4,0,1.0
10.745754766198267,106.65326266831876,35,43,1.0,9,53,4,0,0.814
10.94927106740351,106.87196348224562,28,41,1.0,9,53,4,0,0.6829
10.78866360854368,106.695513722289,33,42,1.0,9,53,4,0,0.7857
10.801406421807084,106.7114844087968,33,42,1.0,9,53,4,0,0.7857
10.843150534972033,106.6151343241409,23,35,1.0,9,53,4,0,0.6571
10.880537767027526,106.81481342866444,44,53,1.0,9,53,4,0,0.8302
10.740840166521664,106.61899246873142,24,35,1.0,9,53,4,0,0.6857
10.798986343749618,106.7269705664684,45,45,1.0,9,53,4,0,1.0
10.741860769464234,106.73790365482628,45,45,1.0,9,53,4,0,1.0
10.752408891679814,106.7022703818112,21,33,1.0,9,53,4,0,0.6364
10.786216596454729,106.71836665482697,40,40,1.0,9,53,4,0,1.0
10.78948793356203,106.7151883818118,36,36,1.0,9,53,4,0,1.0
10.80223925742187,106.6478722259914,28,40,1.0,9,53,4,0,0.7
10.813928881466124,106.66511432455972,19,33,0.997474,9,53,4,0,0.5758
10.755608615763382,106.67347943578082,20,27,0.997909,9,53,4,0,0.7407
10.782680856341084,106.70051548181168,18,30,1.0,9,54,4,0,0.6
10.754895139302109,106.67839188181134,22,33,1.0,9,54,4,0,0.6667
10.785070445194592,106.68331340921324,14,28,1.0,9,54,4,0,0.5
10.7549373008113,106.67848844133415,22,32,1.0,9,54,4,0,0.6875
10.77898143649726,106.67684447140958,20,34,1.0,9,54,4,0,0.5882
10.7671128283867,106.6927618222887,14,20,1.0,9,54,4,0,0.7
10.77847212665258,106.69389510879644,28,41,1.0,9,54,4,0,0.6829
10.796057790235078,106.67492629345334,19,33,1.0,9,54,4,0,0.5758
10.8352982156415,106.72935479345392,32,42,0.998018,9,54,4,0,0.7619
10.777562007197462,106.7041335430398,18,30,1.0,9,54,4,0,0.6
10.83886351241477,106.67566625482782,28,35,1.0,9,55,4,0,0.8
10.765187049751797,106.67550552599072,26,36,1.0,9,55,4,0,0.7222
10.75948437198232,106.6840537511244,20,28,1.0,9,55,4,0,0.7143
10.865229381280963,106.72366973948476,35,49,1.0,9,55,4,0,0.7143
10.72279213640514,106.72808623948244,26,37,1.0,9,55,4,0,0.7027
10.823400120373712,106.68551227436063,22,31,1.0,9,55,4,0,0.7097
10.756158554057755,106.66631758181126,18,28,1.0,9,55,4,0,0.6429
10.7144382088356,106.73711688366168,24,35,1.0,9,55,4,0,0.6857
10.817236653231737,106.63191539530456,22,35,1.0,9,55,4,0,0.6286
10.772727584493625,106.69804225297564,15,24,1.0,9,57,4,0,0.625
10.774028664434528,106.70357076461706,17,28,1.0,9,57,4,0,0.6071
10.752616652291238,106.72509685338922,29,39,1.0,9,57,4,0,0.7436
10.745754766198267,106.65326266831876,35,43,1.0,9,57,4,0,0.814
10.94927106740351,106.87196348224562,25,42,1.0,9,57,4,0,0.5952
10.78866360854368,106.695513722289,33,42,1.0,9,58,4,0,0.7857
10.801406421807084,106.7114844087968,33,42,1.0,9,58,4,0,0.7857
10.843150534972033,106.6151343241409,22,35,1.0,9,58,4,0,0.6286
10.880537767027526,106.81481342866444,42,53,1.0,9,58,4,0,0.7925
10.740840166521664,106.61899246873142,22,35,1.0,9,58,4,0,0.6286
10.798986343749618,106.7269705664684,45,45,1.0,9,58,4,0,1.0
10.741860769464234,106.73790365482628,45,45,1.0,9,58,4,0,1.0
10.752408891679814,106.7022703818112,22,33,1.0,9,58,4,0,0.6667
10.786216596454729,106.71836665482697,40,40,1.0,9,58,4,0,1.0
10.78948793356203,106.7151883818118,36,36,1.0,9,58,4,0,1.0
10.80223925742187,106.6478722259914,28,41,1.0,9,58,4,0,0.6829
10.813928881466124,106.66511432455972,21,34,1.0,9,58,4,0,0.6176
10.755608615763382,106.67347943578082,18,27,1.0,9,58,4,0,0.6667
10.782680856341084,106.70051548181168,18,30,1.0,9,58,4,0,0.6
10.754895139302109,106.67839188181134,22,32,1.0,9,58,4,0,0.6875
10.785070445194592,106.68331340921324,14,27,1.0,9,59,4,0,0.5185
10.7549373008113,106.67848844133415,22,32,1.0,9,59,4,0,0.6875
10.77898143649726,106.67684447140958,21,34,1.0,9,59,4,0,0.6176
10.7671128283867,106.6927618222887,14,20,1.0,9,59,4,0,0.7
10.77847212665258,106.69389510879644,28,41,1.0,9,59,4,0,0.6829
10.796057790235078,106.67492629345334,22,34,1.0,9,59,4,0,0.6471
10.8352982156415,106.72935479345392,33,43,0.998552,9,59,4,0,0.7674
10.777562007197462,106.7041335430398,18,31,1.0,9,59,4,0,0.5806
10.83886351241477,106.67566625482782,27,36,1.0,9,59,4,0,0.75
10.765187049751797,106.67550552599072,20,35,1.0,9,59,4,0,0.5714
10.75948437198232,106.6840537511244,21,28,1.0,9,59,4,0,0.75
10.865229381280963,106.72366973948476,35,49,1.0,10,0,4,0,0.7143
10.72279213640514,106.72808623948244,26,36,0.997578,10,0,4,0,0.7222
10.823400120373712,106.68551227436063,26,32,1.0,10,0,4,0,0.8125
10.756158554057755,106.66631758181126,20,28,1.0,10,0,4,0,0.7143
10.7144382088356,106.73711688366168,24,35,1.0,10,0,4,0,0.6857
10.817236653231737,106.63191539530456,21,35,1.0,10,0,4,0,0.6
10.772727584493625,106.69804225297564,14,24,0.998765,10,2,4,0,0.5833
10.774028664434528,106.70357076461706,22,28,1.0,10,2,4,0,0.7857
10.752616652291238,106.72509685338922,39,39,1.0,10,2,4,0,1.0
10.745754766198267,106.65326266831876,34,42,1.0,10,2,4,0,0.8095
10.94927106740351,106.87196348224562,25,41,1.0,10,2,4,0,0.6098
10.78866360854368,106.695513722289,32,41,1.0,10,2,4,0,0.7805
10.801406421807084,106.7114844087968,32,41,1.0,10,2,4,0,0.7805
10.843150534972033,106.6151343241409,22,35,1.0,10,3,4,0,0.6286
10.880537767027526,106.81481342866444,43,53,1.0,10,3,4,0,0.8113
10.740840166521664,106.61899246873142,25,35,1.0,10,3,4,0,0.7143
10.798986343749618,106.7269705664684,45,45,1.0,10,3,4,0,1.0
10.741860769464234,106.73790365482628,45,45,1.0,10,3,4,0,1.0
10.752408891679814,106.7022703818112,24,34,1.0,10,3,4,0,0.7059
10.786216596454729,106.71836665482697,40,40,1.0,10,3,4,0,1.0
10.78948793356203,106.7151883818118,36,36,1.0,10,3,4,0,1.0
10.80223925742187,106.6478722259914,27,40,1.0,10,3,4,0,0.675
10.813928881466124,106.66511432455972,20,33,0.998405,10,3,4,0,0.6061
10.755608615763382,106.67347943578082,18,27,1.0,10,3,4,0,0.6667
10.782680856341084,106.70051548181168,19,30,1.0,10,3,4,0,0.6333
10.754895139302109,106.67839188181134,22,32,1.0,10,3,4,0,0.6875
10.785070445194592,106.68331340921324,12,27,1.0,10,3,4,0,0.4444
10.7549373008113,106.67848844133415,22,32,1.0,10,4,4,0,0.6875
10.77898143649726,106.67684447140958,22,34,1.0,10,4,4,0,0.6471
10.7671128283867,106.6927618222887,20,20,1.0,10,4,4,0,1.0
10.77847212665258,106.69389510879644,27,42,1.0,10,4,4,0,0.6429
10.796057790235078,106.67492629345334,20,34,0.998451,10,4,4,0,0.5882
10.8352982156415,106.72935479345392,33,43,0.998189,10,4,4,0,0.7674
10.777562007197462,106.7041335430398,19,30,1.0,10,4,4,0,0.6333
10.83886351241477,106.67566625482782,27,35,1.0,10,4,4,0,0.7714
10.765187049751797,106.67550552599072,24,36,1.0,10,5,4,0,0.6667
10.75948437198232,106.6840537511244,17,28,0.996818,10,5,4,0,0.6071
10.865229381280963,106.72366973948476,35,49,1.0,10,5,4,0,0.7143
10.72279213640514,106.72808623948244,25,37,0.998218,10,5,4,0,0.6757
10.823400120373712,106.68551227436063,25,31,1.0,10,5,4,0,0.8065
10.756158554057755,106.66631758181126,20,30,1.0,10,5,4,0,0.6667
10.7144382088356,106.73711688366168,25,35,1.0,10,5,4,0,0.7143
10.817236653231737,106.63191539530456,23,35,1.0,10,5,4,0,0.6571
10.772727584493625,106.69804225297564,15,24,0.998765,10,7,4,0,0.625
10.774028664434528,106.70357076461706,29,29,1.0,10,7,4,0,1.0
10.752616652291238,106.72509685338922,39,39,1.0,10,7,4,0,1.0
10.745754766198267,106.65326266831876,34,42,1.0,10,7,4,0,0.8095
10.94927106740351,106.87196348224562,30,42,1.0,10,7,4,0,0.7143
10.78866360854368,106.695513722289,32,42,1.0,10,7,4,0,0.7619
10.801406421807084,106.7114844087968,32,42,1.0,10,7,4,0,0.7619
10.843150534972033,106.6151343241409,22,35,1.0,10,7,4,0,0.6286
10.880537767027526,106.81481342866444,45,53,1.0,10,7,4,0,0.8491
10.740840166521664,106.61899246873142,25,36,1.0,10,8,4,0,0.6944
10.798986343749618,106.7269705664684,45,45,1.0,10,8,4,0,1.0
10.741860769464234,106.73790365482628,45,45,1.0,10,8,4,0,1.0
10.752408891679814,106.7022703818112,23,33,1.0,10,8,4,0,0.697
10.786216596454729,106.71836665482697,40,40,1.0,10,8,4,0,1.0
10.78948793356203,106.7151883818118,29,36,1.0,10,8,4,0,0.8056
10.80223925742187,106.6478722259914,27,40,1.0,10,8,4,0,0.675
10.813928881466124,106.66511432455972,20,34,1.0,10,8,4,0,0.5882
10.755608615763382,106.67347943578082,15,28,1.0,10,8,4,0,0.5357
10.782680856341084,106.70051548181168,18,29,1.0,10,8,4,0,0.6207
10.754895139302109,106.67839188181134,21,32,1.0,10,8,4,0,0.6562
10.785070445194592,106.68331340921324,13,27,1.0,10,8,4,0,0.4815
10.7549373008113,106.67848844133415,21,32,1.0,10,8,4,0,0.6562
10.77898143649726,106.67684447140958,22,34,1.0,10,8,4,0,0.6471
10.7671128283867,106.6927618222887,20,20,1.0,10,8,4,0,1.0
10.77847212665258,106.69389510879644,28,41,1.0,10,8,4,0,0.6829
10.796057790235078,106.67492629345334,21,34,1.0,10,8,4,0,0.6176
10.8352982156415,106.72935479345392,34,42,0.99783,10,9,4,0,0.8095
10.777562007197462,106.7041335430398,19,30,1.0,10,9,4,0,0.6333
10.83886351241477,106.67566625482782,28,37,1.0,10,9,4,0,0.7568
10.765187049751797,106.67550552599072,22,36,1.0,10,9,4,0,0.6111
10.75948437198232,106.6840537511244,15,27,0.99,10,9,4,0,0.5556
10.865229381280963,106.72366973948476,35,49,1.0,10,9,4,0,0.7143
10.72279213640514,106.72808623948244,25,37,1.0,10,9,4,0,0.6757
10.823400120373712,106.68551227436063,23,31,1.0,10,9,4,0,0.7419
10.756158554057755,106.66631758181126,21,30,1.0,10,9,4,0,0.7
10.7144382088356,106.73711688366168,26,35,1.0,10,9,4,0,0.7429
10.817236653231737,106.63191539530456,22,35,1.0,10,9,4,0,0.6286
10.772727584493625,106.69804225297564,15,24,0.998098,10,11,4,0,0.625
10.774028664434528,106.70357076461706,29,29,1.0,10,11,4,0,1.0
10.752616652291238,106.72509685338922,39,39,1.0,10,11,4,0,1.0
10.745754766198267,106.65326266831876,34,43,1.0,10,11,4,0,0.7907
10.94927106740351,106.87196348224562,32,42,1.0,10,11,4,0,0.7619
10.78866360854368,106.695513722289,34,42,1.0,10,11,4,0,0.8095
10.801406421807084,106.7114844087968,34,42,1.0,10,12,4,0,0.8095
10.843150534972033,106.6151343241409,23,35,1.0,10,12,4,0,0.6571
10.880537767027526,106.81481342866444,44,53,1.0,10,12,4,0,0.8302
10.740840166521664,106.61899246873142,24,35,1.0,10,12,4,0,0.6857
10.798986343749618,106.7269705664684,45,45,1.0,10,12,4,0,1.0
10.741860769464234,106.73790365482628,45,45,1.0,10,12,4,0,1.0
10.752408891679814,106.7022703818112,24,33,1.0,10,12,4,0,0.7273
10.786216596454729,106.71836665482697,40,40,1.0,10,12,4,0,1.0
10.78948793356203,106.7151883818118,36,36,1.0,10,12,4,0,1.0
10.80223925742187,106.6478722259914,29,41,1.0,10,12,4,0,0.7073
10.813928881466124,106.66511432455972,21,34,0.998657,10,12,4,0,0.6176
10.755608615763382,106.67347943578082,15,27,0.994734,10,12,4,0,0.5556
10.782680856341084,106.70051548181168,19,30,1.0,10,12,4,0,0.6333
10.754895139302109,106.67839188181134,21,32,1.0,10,12,4,0,0.6562
10.785070445194592,106.68331340921324,14,27,1.0,10,12,4,0,0.5185
10.7549373008113,106.67848844133415,21,32,1.0,10,12,4,0,0.6562
10.77898143649726,106.67684447140958,21,34,1.0,10,13,4,0,0.6176
10.7671128283867,106.6927618222887,20,20,1.0,10,13,4,0,1.0
10.77847212665258,106.69389510879644,28,41,1.0,10,13,4,0,0.6829
10.796057790235078,106.67492629345334,21,33,0.99892,10,13,4,0,0.6364
10.8352982156415,106.72935479345392,33,42,0.997472,10,13,4,0,0.7857
10.777562007197462,106.7041335430398,20,30,1.0,10,14,4,0,0.6667
10.83886351241477,106.67566625482782,27,36,1.0,10,14,4,0,0.75
10.765187049751797,106.67550552599072,23,35,1.0,10,14,4,0,0.6571
10.75948437198232,106.6840537511244,14,28,0.995772,10,14,4,0,0.5
10.865229381280963,106.72366973948476,35,49,1.0,10,14,4,0,0.7143
10.72279213640514,106.72808623948244,27,37,1.0,10,14,4,0,0.7297
10.823400120373712,106.68551227436063,20,32,1.0,10,14,4,0,0.625
10.756158554057755,106.66631758181126,20,29,1.0,10,14,4,0,0.6897
10.7144382088356,106.73711688366168,25,35,1.0,10,14,4,0,0.7143
10.817236653231737,106.63191539530456,22,35,1.0,10,14,4,0,0.6286
10.772727584493625,106.69804225297564,15,24,0.998765,10,17,4,0,0.625
10.774028664434528,106.70357076461706,17,28,1.0,10,17,4,0,0.6071
10.752616652291238,106.72509685338922,39,39,1.0,10,17,4,0,1.0
10.745754766198267,106.65326266831876,34,43,1.0,10,17,4,0,0.7907
10.94927106740351,106.87196348224562,30,42,1.0,10,17,4,0,0.7143
10.78866360854368,106.695513722289,32,41,1.0,10,17,4,0,0.7805
10.801406421807084,106.7114844087968,32,41,1.0,10,17,4,0,0.7805
10.843150534972033,106.6151343241409,23,35,1.0,10,17,4,0,0.6571
10.880537767027526,106.81481342866444,46,53,1.0,10,17,4,0,0.8679
10.740840166521664,106.61899246873142,24,35,1.0,10,17,4,0,0.6857
10.798986343749618,106.7269705664684,45,45,1.0,10,17,4,0,1.0
10.741860769464234,106.73790365482628,45,45,1.0,10,17,4,0,1.0
10.752408891679814,106.7022703818112,25,34,1.0,10,17,4,0,0.7353
10.786216596454729,106.71836665482697,40,40,1.0,10,17,4,0,1.0
10.78948793356203,106.7151883818118,36,36,1.0,10,17,4,0,1.0
10.80223925742187,106.6478722259914,28,40,1.0,10,17,4,0,0.7
10.813928881466124,106.66511432455972,22,34,1.0,10,17,4,0,0.6471
10.755608615763382,106.67347943578082,18,27,0.99,10,17,4,0,0.6667
10.782680856341084,106.70051548181168,18,30,1.0,10,17,4,0,0.6
10.754895139302109,106.67839188181134,21,33,1.0,10,18,4,0,0.6364
10.785070445194592,106.68331340921324,14,27,1.0,10,18,4,0,0.5185
10.7549373008113,106.67848844133415,21,33,1.0,10,18,4,0,0.6364
10.77898143649726,106.67684447140958,21,34,1.0,10,18,4,0,0.6176
10.7671128283867,106.6927618222887,14,20,1.0,10,18,4,0,0.7
10.77847212665258,106.69389510879644,28,41,1.0,10,18,4,0,0.6829
10.796057790235078,106.67492629345334,21,34,1.0,10,18,4,0,0.6176
10.8352982156415,106.72935479345392,33,42,0.997144,10,19,4,0,0.7857
10.777562007197462,106.7041335430398,19,30,1.0,10,19,4,0,0.6333
10.83886351241477,106.67566625482782,25,35,0.999216,10,19,4,0,0.7143
10.765187049751797,106.67550552599072,26,36,1.0,10,19,4,0,0.7222
10.75948437198232,106.6840537511244,19,27,0.992617,10,19,4,0,0.7037
10.865229381280963,106.72366973948476,35,49,1.0,10,19,4,0,0.7143
10.72279213640514,106.72808623948244,26,37,0.998475,10,19,4,0,0.7027
10.823400120373712,106.68551227436063,23,31,1.0,10,19,4,0,0.7419
10.756158554057755,106.66631758181126,19,28,1.0,10,19,4,0,0.6786
10.7144382088356,106.73711688366168,26,35,1.0,10,19,4,0,0.7429
10.817236653231737,106.63191539530456,22,35,1.0,10,19,4,0,0.6286
10.772727584493625,106.69804225297564,14,23,0.998765,10,21,4,0,0.6087
10.774028664434528,106.70357076461706,23,27,1.0,10,21,4,0,0.8519
10.752616652291238,106.72509685338922,39,39,1.0,10,21,4,0,1.0
10.745754766198267,106.65326266831876,36,43,1.0,10,21,4,0,0.8372
10.94927106740351,106.87196348224562,18,42,1.0,10,21,4,0,0.4286
10.78866360854368,106.695513722289,32,42,1.0,10,21,4,0,0.7619
10.801406421807084,106.7114844087968,32,42,1.0,10,21,4,0,0.7619
10.843150534972033,106.6151343241409,24,35,1.0,10,21,4,0,0.6857
10.880537767027526,106.81481342866444,44,53,1.0,10,22,4,0,0.8302
10.740840166521664,106.61899246873142,25,35,1.0,10,22,4,0,0.7143
10.798986343749618,106.7269705664684,45,45,1.0,10,22,4,0,1.0
10.741860769464234,106.73790365482628,45,45,1.0,10,22,4,0,1.0
10.752408891679814,106.7022703818112,26,34,1.0,10,22,4,0,0.7647
10.786216596454729,106.71836665482697,32,40,0.995993,10,22,4,0,0.8
10.78948793356203,106.7151883818118,36,36,1.0,10,22,4,0,1.0
10.80223925742187,106.6478722259914,31,41,1.0,10,22,4,0,0.7561
10.813928881466124,106.66511432455972,20,33,1.0,10,22,4,0,0.6061
10.755608615763382,106.67347943578082,17,27,0.992362,10,22,4,0,0.6296
10.782680856341084,106.70051548181168,18,30,1.0,10,22,4,0,0.6
10.754895139302109,106.67839188181134,21,33,1.0,10,22,4,0,0.6364
10.785070445194592,106.68331340921324,13,26,1.0,10,22,4,0,0.5
10.7549373008113,106.67848844133415,21,33,1.0,10,22,4,0,0.6364
10.77898143649726,106.67684447140958,20,35,1.0,10,23,4,0,0.5714
10.7671128283867,106.6927618222887,20,20,1.0,10,23,4,0,1.0
10.77847212665258,106.69389510879644,28,41,1.0,10,23,4,0,0.6829
10.796057790235078,106.67492629345334,20,33,1.0,10,23,4,0,0.6061
10.8352982156415,106.72935479345392,33,42,0.99582,10,23,4,0,0.7857
10.777562007197462,106.7041335430398,18,30,1.0,10,23,4,0,0.6
10.83886351241477,106.67566625482782,28,36,1.0,10,23,4,0,0.7778
10.765187049751797,106.67550552599072,27,35,1.0,10,23,4,0,0.7714
10.75948437198232,106.6840537511244,17,27,0.992362,10,23,4,0,0.6296
10.865229381280963,106.72366973948476,35,49,1.0,10,23,4,0,0.7143
10.72279213640514,106.72808623948244,26,37,1.0,10,23,4,0,0.7027
10.823400120373712,106.68551227436063,23,31,1.0,10,23,4,0,0.7419
10.756158554057755,106.66631758181126,20,29,1.0,10,23,4,0,0.6897
10.7144382088356,106.73711688366168,25,35,1.0,10,23,4,0,0.7143
10.817236653231737,106.63191539530456,23,35,1.0,10,24,4,0,0.6571
10.772727584493625,106.69804225297564,14,25,0.998765,10,26,4,0,0.56
10.774028664434528,106.70357076461706,19,28,1.0,10,26,4,0,0.6786
10.752616652291238,106.72509685338922,39,39,1.0,10,26,4,0,1.0
10.745754766198267,106.65326266831876,35,42,1.0,10,26,4,0,0.8333
10.94927106740351,106.87196348224562,30,41,1.0,10,26,4,0,0.7317
10.78866360854368,106.695513722289,31,42,1.0,10,26,4,0,0.7381
10.801406421807084,106.7114844087968,31,42,1.0,10,26,4,0,0.7381
10.843150534972033,106.6151343241409,23,35,1.0,10,26,4,0,0.6571
10.880537767027526,106.81481342866444,45,53,1.0,10,26,4,0,0.8491
10.740840166521664,106.61899246873142,25,35,1.0,10,26,4,0,0.7143
10.798986343749618,106.7269705664684,45,45,1.0,10,26,4,0,1.0
10.741860769464234,106.73790365482628,45,45,1.0,10,26,4,0,1.0
10.752408891679814,106.7022703818112,23,33,1.0,10,26,4,0,0.697
10.786216596454729,106.71836665482697,40,40,1.0,10,26,4,0,1.0
10.78948793356203,106.7151883818118,36,36,1.0,10,26,4,0,1.0
10.80223925742187,106.6478722259914,31,41,1.0,10,26,4,0,0.7561
10.813928881466124,106.66511432455972,21,34,1.0,10,26,4,0,0.6176
10.755608615763382,106.67347943578082,17,28,0.997907,10,26,4,0,0.6071
10.782680856341084,106.70051548181168,19,30,1.0,10,26,4,0,0.6333
10.754895139302109,106.67839188181134,22,33,1.0,10,26,4,0,0.6667
10.785070445194592,106.68331340921324,9,28,1.0,10,27,4,0,0.3214
10.7549373008113,106.67848844133415,22,32,1.0,10,27,4,0,0.6875
10.77898143649726,106.67684447140958,22,34,1.0,10,27,4,0,0.6471
10.7671128283867,106.6927618222887,14,20,1.0,10,27,4,0,0.7
10.77847212665258,106.69389510879644,27,41,1.0,10,27,4,0,0.6585
10.796057790235078,106.67492629345334,21,33,1.0,10,27,4,0,0.6364
10.8352982156415,106.72935479345392,36,42,0.99496,10,27,4,0,0.8571
10.777562007197462,106.7041335430398,19,30,1.0,10,27,4,0,0.6333
10.83886351241477,106.67566625482782,27,36,1.0,10,27,4,0,0.75
10.765187049751797,106.67550552599072,26,35,1.0,10,27,4,0,0.7429
10.75948437198232,106.6840537511244,16,27,0.997069,10,27,4,0,0.5926
10.865229381280963,106.72366973948476,35,49,1.0,10,27,4,0,0.7143
10.72279213640514,106.72808623948244,26,37,0.999302,10,27,4,0,0.7027
10.823400120373712,106.68551227436063,22,32,1.0,10,27,4,0,0.6875
10.756158554057755,106.66631758181126,19,29,1.0,10,27,4,0,0.6552
10.7144382088356,106.73711688366168,25,36,1.0,10,28,4,0,0.6944
10.817236653231737,106.63191539530456,23,35,1.0,10,28,4,0,0.6571
10.772727584493625,106.69804225297564,14,24,0.998765,10,30,4,0,0.5833
10.774028664434528,106.70357076461706,23,28,1.0,10,30,4,0,0.8214
10.752616652291238,106.72509685338922,39,39,1.0,10,30,4,0,1.0
10.745754766198267,106.65326266831876,34,43,1.0,10,30,4,0,0.7907
10.94927106740351,106.87196348224562,26,40,1.0,10,30,4,0,0.65
10.78866360854368,106.695513722289,31,42,1.0,10,30,4,0,0.7381
10.801406421807084,106.7114844087968,31,42,1.0,10,30,4,0,0.7381
10.843150534972033,106.6151343241409,22,35,1.0,10,30,4,0,0.6286
10.880537767027526,106.81481342866444,43,53,1.0,10,30,4,0,0.8113
10.740840166521664,106.61899246873142,25,35,1.0,10,30,4,0,0.7143
10.798986343749618,106.7269705664684,45,45,1.0,10,30,4,0,1.0
10.741860769464234,106.73790365482628,45,45,1.0,10,30,4,0,1.0
10.752408891679814,106.7022703818112,23,34,1.0,10,30,4,0,0.6765
10.786216596454729,106.71836665482697,40,40,1.0,10,30,4,0,1.0
10.78948793356203,106.7151883818118,36,36,1.0,10,31,4,0,1.0
10.80223925742187,106.6478722259914,30,41,1.0,10,31,4,0,0.7317
10.813928881466124,106.66511432455972,21,33,1.0,10,31,4,0,0.6364
10.755608615763382,106.67347943578082,14,27,1.0,10,31,4,0,0.5185
10.782680856341084,106.70051548181168,18,30,1.0,10,31,4,0,0.6
10.754895139302109,106.67839188181134,21,32,1.0,10,31,4,0,0.6562
10.785070445194592,106.68331340921324,12,27,1.0,10,31,4,0,0.4444
10.7549373008113,106.67848844133415,21,32,1.0,10,31,4,0,0.6562
10.77898143649726,106.67684447140958,22,34,1.0,10,31,4,0,0.6471
10.7671128283867,106.6927618222887,12,19,1.0,10,31,4,0,0.6316
10.77847212665258,106.69389510879644,27,41,1.0,10,31,4,0,0.6585
10.796057790235078,106.67492629345334,21,33,1.0,10,31,4,0,0.6364
10.8352982156415,106.72935479345392,34,42,0.996719,10,31,4,0,0.8095
10.777562007197462,106.7041335430398,18,30,1.0,10,31,4,0,0.6
10.83886351241477,106.67566625482782,29,36,1.0,10,31,4,0,0.8056
10.765187049751797,106.67550552599072,23,36,1.0,10,31,4,0,0.6389
10.75948437198232,106.6840537511244,14,27,0.998943,10,32,4,0,0.5185
10.865229381280963,106.72366973948476,36,49,1.0,10,32,4,0,0.7347
10.72279213640514,106.72808623948244,27,37,0.999301,10,32,4,0,0.7297
10.823400120373712,106.68551227436063,22,31,1.0,10,32,4,0,0.7097
10.756158554057755,106.66631758181126,18,29,1.0,10,32,4,0,0.6207
10.7144382088356,106.73711688366168,25,35,1.0,10,32,4,0,0.7143
10.817236653231737,106.63191539530456,22,35,1.0,10,32,4,0,0.6286
10.772727584493625,106.69804225297564,15,24,0.998765,10,34,4,0,0.625
10.774028664434528,106.70357076461706,23,27,1.0,10,34,4,0,0.8519
10.752616652291238,106.72509685338922,39,39,1.0,10,34,4,0,1.0
10.745754766198267,106.65326266831876,35,43,1.0,10,34,4,0,0.814
10.94927106740351,106.87196348224562,32,42,1.0,10,34,4,0,0.7619
10.78866360854368,106.695513722289,33,41,1.0,10,34,4,0,0.8049
10.801406421807084,106.7114844087968,33,41,1.0,10,34,4,0,0.8049
10.843150534972033,106.6151343241409,22,35,1.0,10,34,4,0,0.6286
10.880537767027526,106.81481342866444,44,53,1.0,10,34,4,0,0.8302
10.740840166521664,106.61899246873142,25,35,1.0,10,34,4,0,0.7143
10.798986343749618,106.7269705664684,45,45,1.0,10,34,4,0,1.0
10.741860769464234,106.73790365482628,45,45,1.0,10,34,4,0,1.0
10.752408891679814,106.7022703818112,24,33,1.0,10,35,4,0,0.7273
10.786216596454729,106.71836665482697,40,40,1.0,10,35,4,0,1.0
10.78948793356203,106.7151883818118,36,36,1.0,10,35,4,0,1.0
10.80223925742187,106.6478722259914,30,40,1.0,10,35,4,0,0.75
10.813928881466124,106.66511432455972,18,34,0.999202,10,35,4,0,0.5294
10.755608615763382,106.67347943578082,16,28,1.0,10,35,4,0,0.5714
10.782680856341084,106.70051548181168,19,30,1.0,10,35,4,0,0.6333
10.754895139302109,106.67839188181134,20,32,1.0,10,35,4,0,0.625
10.785070445194592,106.68331340921324,11,27,1.0,10,35,4,0,0.4074
10.7549373008113,106.67848844133415,20,32,1.0,10,35,4,0,0.625
10.77898143649726,106.67684447140958,22,35,1.0,10,35,4,0,0.6286
10.7671128283867,106.6927618222887,20,20,1.0,10,35,4,0,1.0
10.77847212665258,106.69389510879644,27,41,1.0,10,35,4,0,0.6585
10.796057790235078,106.67492629345334,18,34,0.999202,10,36,4,0,0.5294
10.8352982156415,106.72935479345392,34,42,0.996565,10,36,4,0,0.8095
10.777562007197462,106.7041335430398,19,30,1.0,10,36,4,0,0.6333
10.83886351241477,106.67566625482782,36,36,1.0,10,36,4,0,1.0
10.765187049751797,106.67550552599072,21,35,1.0,10,36,4,0,0.6
10.75948437198232,106.6840537511244,16,27,1.0,10,36,4,0,0.5926
10.865229381280963,106.72366973948476,35,49,1.0,10,36,4,0,0.7143
10.72279213640514,106.72808623948244,26,37,0.998475,10,36,4,0,0.7027
10.823400120373712,106.68551227436063,24,31,1.0,10,36,4,0,0.7742
10.756158554057755,106.66631758181126,18,29,1.0,10,36,4,0,0.6207
10.7144382088356,106.73711688366168,25,35,1.0,10,36,4,0,0.7143
10.817236653231737,106.63191539530456,22,35,1.0,10,36,4,0,0.6286
10.772727584493625,106.69804225297564,15,24,0.998765,10,38,4,0,0.625
10.774028664434528,106.70357076461706,29,29,1.0,10,38,4,0,1.0
10.752616652291238,106.72509685338922,39,39,1.0,10,38,4,0,1.0
10.745754766198267,106.65326266831876,35,43,1.0,10,38,4,0,0.814
10.94927106740351,106.87196348224562,42,42,1.0,10,38,4,0,1.0
10.78866360854368,106.695513722289,32,42,1.0,10,38,4,0,0.7619
10.801406421807084,106.7114844087968,32,42,1.0,10,38,4,0,0.7619
10.843150534972033,106.6151343241409,23,34,1.0,10,38,4,0,0.6765
10.880537767027526,106.81481342866444,42,54,1.0,10,38,4,0,0.7778
10.740840166521664,106.61899246873142,25,35,1.0,10,38,4,0,0.7143
10.798986343749618,106.7269705664684,45,45,1.0,10,38,4,0,1.0
10.741860769464234,106.73790365482628,45,45,1.0,10,38,4,0,1.0
10.752408891679814,106.7022703818112,23,34,1.0,10,38,4,0,0.6765
10.786216596454729,106.71836665482697,40,40,1.0,10,38,4,0,1.0
10.78948793356203,106.7151883818118,29,36,1.0,10,38,4,0,0.8056
10.80223925742187,106.6478722259914,31,40,1.0,10,39,4,0,0.775
10.813928881466124,106.66511432455972,19,34,0.998692,10,39,4,0,0.5588
10.755608615763382,106.67347943578082,17,28,1.0,10,39,4,0,0.6071
10.782680856341084,106.70051548181168,20,30,1.0,10,39,4,0,0.6667
10.754895139302109,106.67839188181134,22,32,1.0,10,39,4,0,0.6875
10.785070445194592,106.68331340921324,15,27,1.0,10,39,4,0,0.5556
10.7549373008113,106.67848844133415,22,32,1.0,10,39,4,0,0.6875
10.77898143649726,106.67684447140958,21,34,1.0,10,39,4,0,0.6176
10.7671128283867,106.6927618222887,9,19,1.0,10,39,4,0,0.4737
10.77847212665258,106.69389510879644,28,41,1.0,10,39,4,0,0.6829
10.796057790235078,106.67492629345334,20,33,1.0,10,39,4,0,0.6061
10.8352982156415,106.72935479345392,33,42,0.996566,10,39,4,0,0.7857
10.777562007197462,106.7041335430398,19,30,1.0,10,39,4,0,0.6333
10.83886351241477,106.67566625482782,27,36,1.0,10,39,4,0,0.75
10.765187049751797,106.67550552599072,22,35,1.0,10,39,4,0,0.6286
10.75948437198232,106.6840537511244,16,27,1.0,10,39,4,0,0.5926
10.865229381280963,106.72366973948476,35,49,1.0,10,39,4,0,0.7143
10.72279213640514,106.72808623948244,27,37,1.0,10,39,4,0,0.7297
10.823400120373712,106.68551227436063,23,31,1.0,10,39,4,0,0.7419
10.756158554057755,106.66631758181126,19,29,1.0,10,39,4,0,0.6552
10.7144382088356,106.73711688366168,24,35,1.0,10,39,4,0,0.6857
10.817236653231737,106.63191539530456,21,34,1.0,10,39,4,0,0.6176
10.772727584493625,106.69804225297564,15,23,0.996295,10,42,4,0,0.6522
10.774028664434528,106.70357076461706,29,29,1.0,10,42,4,0,1.0
10.752616652291238,106.72509685338922,39,39,1.0,10,42,4,0,1.0
10.745754766198267,106.65326266831876,34,43,1.0,10,42,4,0,0.7907
10.94927106740351,106.87196348224562,31,41,1.0,10,42,4,0,0.7561
10.78866360854368,106.695513722289,32,41,1.0,10,42,4,0,0.7805
10.801406421807084,106.7114844087968,32,41,1.0,10,42,4,0,0.7805
10.843150534972033,106.6151343241409,22,35,1.0,10,42,4,0,0.6286
10.880537767027526,106.81481342866444,42,53,1.0,10,42,4,0,0.7925
10.740840166521664,106.61899246873142,25,35,1.0,10,42,4,0,0.7143
10.798986343749618,106.7269705664684,45,45,1.0,10,42,4,0,1.0
10.741860769464234,106.73790365482628,36,44,1.0,10,42,4,0,0.8182
10.752408891679814,106.7022703818112,25,34,1.0,10,42,4,0,0.7353
10.786216596454729,106.71836665482697,40,40,1.0,10,42,4,0,1.0
10.78948793356203,106.7151883818118,36,36,1.0,10,43,4,0,1.0
10.80223925742187,106.6478722259914,30,40,1.0,10,43,4,0,0.75
10.813928881466124,106.66511432455972,19,34,1.0,10,43,4,0,0.5588
10.755608615763382,106.67347943578082,16,28,0.998951,10,43,4,0,0.5714
10.782680856341084,106.70051548181168,19,30,1.0,10,43,4,0,0.6333
10.754895139302109,106.67839188181134,20,32,1.0,10,43,4,0,0.625
10.785070445194592,106.68331340921324,14,27,1.0,10,43,4,0,0.5185
10.7549373008113,106.67848844133415,20,32,1.0,10,43,4,0,0.625
10.77898143649726,106.67684447140958,21,34,1.0,10,43,4,0,0.6176
10.7671128283867,106.6927618222887,12,20,1.0,10,43,4,0,0.6
10.77847212665258,106.69389510879644,27,42,1.0,10,43,4,0,0.6429
10.796057790235078,106.67492629345334,19,34,1.0,10,43,4,0,0.5588
10.8352982156415,106.72935479345392,33,42,0.997109,10,43,4,0,0.7857
10.777562007197462,106.7041335430398,19,30,1.0,10,43,4,0,0.6333
10.83886351241477,106.67566625482782,28,35,1.0,10,43,4,0,0.8
10.765187049751797,106.67550552599072,18,35,1.0,10,43,4,0,0.5143
10.75948437198232,106.6840537511244,16,28,0.998951,10,43,4,0,0.5714
10.865229381280963,106.72366973948476,35,49,1.0,10,43,4,0,0.7143
10.72279213640514,106.72808623948244,27,37,0.998218,10,43,4,0,0.7297
10.823400120373712,106.68551227436063,22,32,1.0,10,43,4,0,0.6875
10.756158554057755,106.66631758181126,18,29,1.0,10,43,4,0,0.6207
10.7144382088356,106.73711688366168,24,35,1.0,10,43,4,0,0.6857
10.817236653231737,106.63191539530456,22,35,1.0,10,43,4,0,0.6286
10.772727584493625,106.69804225297564,13,24,0.996195,10,46,4,0,0.5417
10.774028664434528,106.70357076461706,20,28,1.0,10,46,4,0,0.7143
10.752616652291238,106.72509685338922,39,39,1.0,10,46,4,0,1.0
10.745754766198267,106.65326266831876,34,43,1.0,10,46,4,0,0.7907
10.94927106740351,106.87196348224562,19,41,1.0,10,46,4,0,0.4634
10.78866360854368,106.695513722289,32,42,1.0,10,46,4,0,0.7619
10.801406421807084,106.7114844087968,32,42,1.0,10,46,4,0,0.7619
10.843150534972033,106.6151343241409,22,35,1.0,10,46,4,0,0.6286
10.880537767027526,106.81481342866444,43,53,1.0,10,46,4,0,0.8113
10.740840166521664,106.61899246873142,24,36,1.0,10,46,4,0,0.6667
10.798986343749618,106.7269705664684,45,45,1.0,10,46,4,0,1.0
10.741860769464234,106.73790365482628,45,45,1.0,10,46,4,0,1.0
10.752408891679814,106.7022703818112,26,32,1.0,10,46,4,0,0.8125
10.786216596454729,106.71836665482697,40,40,1.0,10,46,4,0,1.0
10.78948793356203,106.7151883818118,36,36,1.0,10,46,4,0,1.0
10.80223925742187,106.6478722259914,31,40,1.0,10,46,4,0,0.775
10.813928881466124,106.66511432455972,19,33,1.0,10,46,4,0,0.5758
10.755608615763382,106.67347943578082,18,28,0.998951,10,46,4,0,0.6429
10.782680856341084,106.70051548181168,18,30,1.0,10,46,4,0,0.6
10.754895139302109,106.67839188181134,21,33,1.0,10,46,4,0,0.6364
10.785070445194592,106.68331340921324,16,27,1.0,10,47,4,0,0.5926
10.7549373008113,106.67848844133415,21,33,1.0,10,47,4,0,0.6364
10.77898143649726,106.67684447140958,21,34,1.0,10,47,4,0,0.6176
10.7671128283867,106.6927618222887,11,19,1.0,10,47,4,0,0.5789
10.77847212665258,106.69389510879644,27,41,1.0,10,47,4,0,0.6585
10.796057790235078,106.67492629345334,19,34,1.0,10,47,4,0,0.5588
10.8352982156415,106.72935479345392,33,42,0.997649,10,47,4,0,0.7857
10.777562007197462,106.7041335430398,18,30,1.0,10,47,4,0,0.6
10.83886351241477,106.67566625482782,27,35,0.997228,10,47,4,0,0.7714
10.765187049751797,106.67550552599072,27,35,1.0,10,47,4,0,0.7714
10.75948437198232,106.6840537511244,18,27,1.0,10,47,4,0,0.6667
10.865229381280963,106.72366973948476,35,49,1.0,10,47,4,0,0.7143
10.72279213640514,106.72808623948244,26,36,0.998218,10,47,4,0,0.7222
10.823400120373712,106.68551227436063,21,31,1.0,10,47,4,0,0.6774
10.756158554057755,106.66631758181126,17,29,1.0,10,47,4,0,0.5862
10.7144382088356,106.73711688366168,26,35,1.0,10,48,4,0,0.7429
10.817236653231737,106.63191539530456,21,35,1.0,10,48,4,0,0.6
10.772727584493625,106.69804225297564,13,25,0.993696,10,50,4,0,0.52
10.774028664434528,106.70357076461706,19,28,1.0,10,50,4,0,0.6786
10.752616652291238,106.72509685338922,39,39,1.0,10,50,4,0,1.0
10.745754766198267,106.65326266831876,36,42,1.0,10,50,4,0,0.8571
10.94927106740351,106.87196348224562,25,41,1.0,10,50,4,0,0.6098
10.78866360854368,106.695513722289,33,41,1.0,10,50,4,0,0.8049
10.801406421807084,106.7114844087968,33,41,1.0,10,50,4,0,0.8049
10.843150534972033,106.6151343241409,22,35,1.0,10,50,4,0,0.6286
10.880537767027526,106.81481342866444,43,52,1.0,10,51,4,0,0.8269
10.740840166521664,106.61899246873142,25,35,1.0,10,51,4,0,0.7143
10.798986343749618,106.7269705664684,45,45,1.0,10,51,4,0,1.0
10.741860769464234,106.73790365482628,45,45,1.0,10,51,4,0,1.0
10.752408891679814,106.7022703818112,25,34,1.0,10,51,4,0,0.7353
10.786216596454729,106.71836665482697,40,40,1.0,10,51,4,0,1.0
10.78948793356203,106.7151883818118,36,36,1.0,10,51,4,0,1.0
10.80223925742187,106.6478722259914,32,41,1.0,10,51,4,0,0.7805
10.813928881466124,106.66511432455972,20,33,0.999242,10,51,4,0,0.6061
10.755608615763382,106.67347943578082,16,28,1.0,10,51,4,0,0.5714
10.782680856341084,106.70051548181168,17,30,1.0,10,51,4,0,0.5667
10.754895139302109,106.67839188181134,19,32,1.0,10,51,4,0,0.5938
10.785070445194592,106.68331340921324,16,27,1.0,10,51,4,0,0.5926
10.7549373008113,106.67848844133415,20,32,1.0,10,51,4,0,0.625
10.77898143649726,106.67684447140958,22,34,1.0,10,51,4,0,0.6471
10.7671128283867,106.6927618222887,15,19,1.0,10,51,4,0,0.7895
10.77847212665258,106.69389510879644,27,42,1.0,10,51,4,0,0.6429
10.796057790235078,106.67492629345334,20,34,1.0,10,51,4,0,0.5882
10.8352982156415,106.72935479345392,35,42,0.998349,10,51,4,0,0.8333
10.777562007197462,106.7041335430398,17,30,1.0,10,51,4,0,0.5667
10.83886351241477,106.67566625482782,36,36,1.0,10,52,4,0,1.0
10.765187049751797,106.67550552599072,22,36,1.0,10,52,4,0,0.6111
10.75948437198232,106.6840537511244,15,27,1.0,10,52,4,0,0.5556
10.865229381280963,106.72366973948476,35,49,1.0,10,52,4,0,0.7143
10.72279213640514,106.72808623948244,28,37,0.997703,10,52,4,0,0.7568
10.823400120373712,106.68551227436063,25,31,1.0,10,52,4,0,0.8065
10.756158554057755,106.66631758181126,17,29,1.0,10,52,4,0,0.5862
10.7144382088356,106.73711688366168,25,35,1.0,10,52,4,0,0.7143
10.817236653231737,106.63191539530456,21,35,1.0,10,52,4,0,0.6
10.772727584493625,106.69804225297564,16,24,0.996295,10,54,4,0,0.6667
10.774028664434528,106.70357076461706,29,29,1.0,10,54,4,0,1.0
10.752616652291238,106.72509685338922,39,39,1.0,10,54,4,0,1.0
10.745754766198267,106.65326266831876,42,42,1.0,10,54,4,0,1.0
10.94927106740351,106.87196348224562,42,42,1.0,10,54,4,0,1.0
10.78866360854368,106.695513722289,34,42,1.0,10,54,4,0,0.8095
10.801406421807084,106.7114844087968,34,42,1.0,10,54,4,0,0.8095
10.843150534972033,106.6151343241409,22,35,1.0,10,54,4,0,0.6286
10.880537767027526,106.81481342866444,42,53,1.0,10,54,4,0,0.7925
10.740840166521664,106.61899246873142,25,36,1.0,10,54,4,0,0.6944
10.798986343749618,106.7269705664684,45,45,1.0,10,55,4,0,1.0
10.741860769464234,106.73790365482628,37,44,1.0,10,55,4,0,0.8409
10.752408891679814,106.7022703818112,23,34,1.0,10,55,4,0,0.6765
10.786216596454729,106.71836665482697,40,40,1.0,10,55,4,0,1.0
10.78948793356203,106.7151883818118,36,36,1.0,10,55,4,0,1.0
10.80223925742187,106.6478722259914,26,41,1.0,10,55,4,0,0.6341
10.813928881466124,106.66511432455972,21,34,0.998955,10,55,4,0,0.6176
10.755608615763382,106.67347943578082,16,27,1.0,10,55,4,0,0.5926
10.782680856341084,106.70051548181168,16,30,1.0,10,55,4,0,0.5333
10.754895139302109,106.67839188181134,20,33,1.0,10,55,4,0,0.6061
10.785070445194592,106.68331340921324,14,28,1.0,10,55,4,0,0.5
10.7549373008113,106.67848844133415,20,33,1.0,10,55,4,0,0.6061
10.77898143649726,106.67684447140958,23,34,1.0,10,55,4,0,0.6765
10.7671128283867,106.6927618222887,10,19,1.0,10,55,4,0,0.5263
10.77847212665258,106.69389510879644,27,41,1.0,10,55,4,0,0.6585
10.796057790235078,106.67492629345334,21,34,0.998955,10,55,4,0,0.6176
10.8352982156415,106.72935479345392,34,42,0.998774,10,55,4,0,0.8095
10.777562007197462,106.7041335430398,16,30,1.0,10,55,4,0,0.5333
10.83886351241477,106.67566625482782,28,35,1.0,10,55,4,0,0.8
10.765187049751797,106.67550552599072,26,36,1.0,10,55,4,0,0.7222
10.75948437198232,106.6840537511244,16,27,1.0,10,55,4,0,0.5926
10.865229381280963,106.72366973948476,35,49,1.0,10,55,4,0,0.7143
10.72279213640514,106.72808623948244,27,37,0.998649,10,55,4,0,0.7297
10.823400120373712,106.68551227436063,32,32,1.0,10,55,4,0,1.0
10.756158554057755,106.66631758181126,19,29,1.0,10,55,4,0,0.6552
10.7144382088356,106.73711688366168,24,35,1.0,10,55,4,0,0.6857
10.817236653231737,106.63191539530456,20,34,1.0,10,55,4,0,0.5882
10.772727584493625,106.69804225297564,16,25,0.99753,10,58,4,0,0.64
10.774028664434528,106.70357076461706,13,29,1.0,10,58,4,0,0.4483
10.752616652291238,106.72509685338922,39,39,1.0,10,58,4,0,1.0
10.745754766198267,106.65326266831876,36,42,1.0,10,58,4,0,0.8571
10.94927106740351,106.87196348224562,30,42,1.0,10,58,4,0,0.7143
10.78866360854368,106.695513722289,32,42,1.0,10,58,4,0,0.7619
10.801406421807084,106.7114844087968,32,42,1.0,10,58,4,0,0.7619
10.843150534972033,106.6151343241409,21,34,1.0,10,58,4,0,0.6176
10.880537767027526,106.81481342866444,41,53,1.0,10,58,4,0,0.7736
10.740840166521664,106.61899246873142,25,35,1.0,10,58,4,0,0.7143
10.798986343749618,106.7269705664684,45,45,1.0,10,58,4,0,1.0
10.741860769464234,106.73790365482628,45,45,1.0,10,58,4,0,1.0
10.752408891679814,106.7022703818112,24,34,1.0,10,58,4,0,0.7059
10.786216596454729,106.71836665482697,40,40,1.0,10,59,4,0,1.0
10.78948793356203,106.7151883818118,36,36,1.0,10,59,4,0,1.0
10.80223925742187,106.6478722259914,28,41,1.0,10,59,4,0,0.6829
10.813928881466124,106.66511432455972,20,33,1.0,10,59,4,0,0.6061
10.755608615763382,106.67347943578082,17,28,1.0,10,59,4,0,0.6071
10.782680856341084,106.70051548181168,18,30,1.0,10,59,4,0,0.6
10.754895139302109,106.67839188181134,20,31,1.0,10,59,4,0,0.6452
10.785070445194592,106.68331340921324,12,29,1.0,10,59,4,0,0.4138
10.7549373008113,106.67848844133415,20,31,1.0,10,59,4,0,0.6452
10.77898143649726,106.67684447140958,22,34,1.0,10,59,4,0,0.6471
10.7671128283867,106.6927618222887,14,19,1.0,11,0,4,0,0.7368
10.77847212665258,106.69389510879644,26,41,1.0,11,0,4,0,0.6341
10.796057790235078,106.67492629345334,20,33,1.0,11,0,4,0,0.6061
10.8352982156415,106.72935479345392,33,42,0.998418,11,0,4,0,0.7857
10.777562007197462,106.7041335430398,18,30,1.0,11,0,4,0,0.6
10.83886351241477,106.67566625482782,29,36,0.997426,11,0,4,0,0.8056
10.765187049751797,106.67550552599072,21,35,1.0,11,0,4,0,0.6
10.75948437198232,106.6840537511244,17,28,1.0,11,0,4,0,0.6071
10.865229381280963,106.72366973948476,35,49,1.0,11,0,4,0,0.7143
10.72279213640514,106.72808623948244,26,37,0.997902,11,0,4,0,0.7027
10.823400120373712,106.68551227436063,25,32,1.0,11,0,4,0,0.7812
10.756158554057755,106.66631758181126,20,29,1.0,11,0,4,0,0.6897
10.7144382088356,106.73711688366168,25,35,1.0,11,0,4,0,0.7143
10.817236653231737,106.63191539530456,21,35,1.0,11,0,4,0,0.6
10.772727584493625,106.69804225297564,15,25,0.99753,11,2,4,0,0.6
10.774028664434528,106.70357076461706,20,28,1.0,11,2,4,0,0.7143
10.752616652291238,106.72509685338922,39,39,1.0,11,2,4,0,1.0
10.745754766198267,106.65326266831876,34,42,1.0,11,2,4,0,0.8095
10.94927106740351,106.87196348224562,34,41,1.0,11,2,4,0,0.8293
10.78866360854368,106.695513722289,34,42,1.0,11,3,4,0,0.8095
10.801406421807084,106.7114844087968,34,42,1.0,11,3,4,0,0.8095
10.843150534972033,106.6151343241409,21,35,1.0,11,3,4,0,0.6
10.880537767027526,106.81481342866444,41,53,1.0,11,3,4,0,0.7736
10.740840166521664,106.61899246873142,24,35,1.0,11,3,4,0,0.6857
10.798986343749618,106.7269705664684,45,45,1.0,11,3,4,0,1.0
10.741860769464234,106.73790365482628,45,45,1.0,11,3,4,0,1.0
10.752408891679814,106.7022703818112,25,33,1.0,11,3,4,0,0.7576
10.786216596454729,106.71836665482697,40,40,1.0,11,3,4,0,1.0
10.78948793356203,106.7151883818118,36,36,1.0,11,3,4,0,1.0
10.80223925742187,106.6478722259914,29,40,1.0,11,3,4,0,0.725
10.813928881466124,106.66511432455972,20,34,0.998691,11,3,4,0,0.5882
10.755608615763382,106.67347943578082,16,27,1.0,11,3,4,0,0.5926
10.782680856341084,106.70051548181168,18,30,1.0,11,3,4,0,0.6
10.754895139302109,106.67839188181134,22,33,1.0,11,3,4,0,0.6667
10.785070445194592,106.68331340921324,20,28,1.0,11,3,4,0,0.7143
10.7549373008113,106.67848844133415,22,33,1.0,11,3,4,0,0.6667
10.77898143649726,106.67684447140958,22,34,1.0,11,3,4,0,0.6471
10.7671128283867,106.6927618222887,20,20,1.0,11,4,4,0,1.0
10.77847212665258,106.69389510879644,27,42,1.0,11,4,4,0,0.6429
10.796057790235078,106.67492629345334,19,34,1.0,11,4,4,0,0.5588
10.8352982156415,106.72935479345392,34,43,0.998495,11,4,4,0,0.7907
10.777562007197462,106.7041335430398,18,30,1.0,11,4,4,0,0.6
10.83886351241477,106.67566625482782,27,36,1.0,11,4,4,0,0.75
10.765187049751797,106.67550552599072,16,35,1.0,11,4,4,0,0.4571
10.75948437198232,106.6840537511244,16,27,1.0,11,4,4,0,0.5926
10.865229381280963,106.72366973948476,35,49,1.0,11,4,4,0,0.7143
10.72279213640514,106.72808623948244,26,37,0.99837,11,4,4,0,0.7027
10.823400120373712,106.68551227436063,23,32,1.0,11,4,4,0,0.7188
10.756158554057755,106.66631758181126,20,29,1.0,11,4,4,0,0.6897
10.7144382088356,106.73711688366168,24,35,1.0,11,4,4,0,0.6857
10.817236653231737,106.63191539530456,21,35,1.0,11,4,4,0,0.6
10.772727584493625,106.69804225297564,15,24,0.993099,11,7,4,0,0.625
10.774028664434528,106.70357076461706,19,28,1.0,11,7,4,0,0.6786
10.752616652291238,106.72509685338922,39,39,1.0,11,7,4,0,1.0
10.745754766198267,106.65326266831876,34,42,1.0,11,7,4,0,0.8095
10.94927106740351,106.87196348224562,30,42,1.0,11,7,4,0,0.7143
10.78866360854368,106.695513722289,32,42,1.0,11,7,4,0,0.7619
10.801406421807084,106.7114844087968,32,42,1.0,11,7,4,0,0.7619
10.843150534972033,106.6151343241409,21,35,1.0,11,7,4,0,0.6
10.880537767027526,106.81481342866444,42,53,1.0,11,7,4,0,0.7925
10.740840166521664,106.61899246873142,24,35,1.0,11,7,4,0,0.6857
10.798986343749618,106.7269705664684,45,45,1.0,11,7,4,0,1.0
10.741860769464234,106.73790365482628,45,45,1.0,11,7,4,0,1.0
10.752408891679814,106.7022703818112,24,34,1.0,11,7,4,0,0.7059
10.786216596454729,106.71836665482697,40,40,1.0,11,7,4,0,1.0
10.78948793356203,106.7151883818118,36,36,1.0,11,8,4,0,1.0
10.80223925742187,106.6478722259914,26,40,1.0,11,8,4,0,0.65
10.813928881466124,106.66511432455972,21,34,0.999523,11,8,4,0,0.6176
10.755608615763382,106.67347943578082,13,27,1.0,11,8,4,0,0.4815
10.782680856341084,106.70051548181168,18,30,1.0,11,8,4,0,0.6
10.754895139302109,106.67839188181134,20,33,1.0,11,8,4,0,0.6061
10.785070445194592,106.68331340921324,15,27,1.0,11,8,4,0,0.5556
10.7549373008113,106.67848844133415,20,32,1.0,11,8,4,0,0.625
10.77898143649726,106.67684447140958,23,34,1.0,11,8,4,0,0.6765
10.7671128283867,106.6927618222887,20,20,1.0,11,8,4,0,1.0
10.77847212665258,106.69389510879644,27,41,1.0,11,8,4,0,0.6585
10.796057790235078,106.67492629345334,20,34,0.999244,11,8,4,0,0.5882
10.8352982156415,106.72935479345392,33,42,0.998142,11,8,4,0,0.7857
10.777562007197462,106.7041335430398,17,30,1.0,11,8,4,0,0.5667
10.83886351241477,106.67566625482782,26,35,1.0,11,9,4,0,0.7429
10.765187049751797,106.67550552599072,20,35,1.0,11,9,4,0,0.5714
10.75948437198232,106.6840537511244,16,27,1.0,11,9,4,0,0.5926
10.865229381280963,106.72366973948476,35,49,1.0,11,9,4,0,0.7143
10.72279213640514,106.72808623948244,25,37,0.99793,11,9,4,0,0.6757
10.823400120373712,106.68551227436063,20,31,1.0,11,9,4,0,0.6452
10.756158554057755,106.66631758181126,20,29,1.0,11,9,4,0,0.6897
10.7144382088356,106.73711688366168,25,35,1.0,11,9,4,0,0.7143
10.817236653231737,106.63191539530456,21,35,1.0,11,9,4,0,0.6
10.772727584493625,106.69804225297564,14,25,0.993696,11,11,4,0,0.56
10.774028664434528,106.70357076461706,29,29,1.0,11,11,4,0,1.0
10.752616652291238,106.72509685338922,39,39,1.0,11,11,4,0,1.0
10.745754766198267,106.65326266831876,36,42,1.0,11,11,4,0,0.8571
10.94927106740351,106.87196348224562,42,42,1.0,11,11,4,0,1.0
10.78866360854368,106.695513722289,33,42,1.0,11,11,4,0,0.7857
10.801406421807084,106.7114844087968,33,42,1.0,11,11,4,0,0.7857
10.843150534972033,106.6151343241409,21,35,1.0,11,11,4,0,0.6
10.880537767027526,106.81481342866444,40,53,1.0,11,11,4,0,0.7547
10.740840166521664,106.61899246873142,24,35,1.0,11,11,4,0,0.6857
10.798986343749618,106.7269705664684,45,45,1.0,11,11,4,0,1.0
10.741860769464234,106.73790365482628,45,45,1.0,11,11,4,0,1.0
10.752408891679814,106.7022703818112,24,33,1.0,11,11,4,0,0.7273
10.786216596454729,106.71836665482697,40,40,1.0,11,12,4,0,1.0
10.78948793356203,106.7151883818118,28,35,1.0,11,12,4,0,0.8
10.80223925742187,106.6478722259914,27,41,1.0,11,12,4,0,0.6585
10.813928881466124,106.66511432455972,21,33,0.998691,11,12,4,0,0.6364
10.755608615763382,106.67347943578082,17,28,1.0,11,12,4,0,0.6071
10.782680856341084,106.70051548181168,17,30,1.0,11,12,4,0,0.5667
10.754895139302109,106.67839188181134,21,32,1.0,11,12,4,0,0.6562
10.785070445194592,106.68331340921324,17,28,1.0,11,12,4,0,0.6071
10.7549373008113,106.67848844133415,22,32,1.0,11,12,4,0,0.6875
10.77898143649726,106.67684447140958,22,34,1.0,11,12,4,0,0.6471
10.7671128283867,106.6927618222887,15,20,1.0,11,12,4,0,0.75
10.77847212665258,106.69389510879644,26,41,1.0,11,12,4,0,0.6341
10.796057790235078,106.67492629345334,20,33,0.998209,11,12,4,0,0.6061
10.8352982156415,106.72935479345392,33,42,0.998142,11,12,4,0,0.7857
10.777562007197462,106.7041335430398,17,30,1.0,11,12,4,0,0.5667
10.83886351241477,106.67566625482782,26,36,0.998079,11,12,4,0,0.7222
10.765187049751797,106.67550552599072,21,35,1.0,11,12,4,0,0.6
10.75948437198232,106.6840537511244,15,28,1.0,11,12,4,0,0.5357
10.865229381280963,106.72366973948476,35,49,1.0,11,13,4,0,0.7143
10.72279213640514,106.72808623948244,25,37,0.99793,11,13,4,0,0.6757
10.823400120373712,106.68551227436063,23,32,1.0,11,13,4,0,0.7188
10.756158554057755,106.66631758181126,18,29,1.0,11,13,4,0,0.6207
10.7144382088356,106.73711688366168,24,35,1.0,11,13,4,0,0.6857
10.817236653231737,106.63191539530456,21,35,1.0,11,13,4,0,0.6
10.772727584493625,106.69804225297564,15,23,0.967696,11,15,4,0,0.6522
10.774028664434528,106.70357076461706,23,28,1.0,11,15,4,0,0.8214
10.752616652291238,106.72509685338922,39,39,1.0,11,15,4,0,1.0
10.745754766198267,106.65326266831876,36,43,1.0,11,15,4,0,0.8372
10.94927106740351,106.87196348224562,29,41,1.0,11,15,4,0,0.7073
10.78866360854368,106.695513722289,33,41,1.0,11,15,4,0,0.8049
10.801406421807084,106.7114844087968,33,41,1.0,11,15,4,0,0.8049
10.843150534972033,106.6151343241409,22,35,1.0,11,15,4,0,0.6286
10.880537767027526,106.81481342866444,41,53,1.0,11,15,4,0,0.7736
10.740840166521664,106.61899246873142,25,35,1.0,11,15,4,0,0.7143
10.798986343749618,106.7269705664684,45,45,1.0,11,15,4,0,1.0
10.741860769464234,106.73790365482628,45,45,1.0,11,16,4,0,1.0
10.752408891679814,106.7022703818112,23,34,1.0,11,16,4,0,0.6765
10.786216596454729,106.71836665482697,40,40,1.0,11,16,4,0,1.0
10.78948793356203,106.7151883818118,36,36,1.0,11,16,4,0,1.0
10.80223925742187,106.6478722259914,27,41,1.0,11,16,4,0,0.6585
10.813928881466124,106.66511432455972,22,34,0.997652,11,16,4,0,0.6471
10.755608615763382,106.67347943578082,13,27,1.0,11,17,4,0,0.4815
10.782680856341084,106.70051548181168,16,30,1.0,11,17,4,0,0.5333
10.754895139302109,106.67839188181134,20,33,1.0,11,17,4,0,0.6061
10.785070445194592,106.68331340921324,14,27,1.0,11,17,4,0,0.5185
10.7549373008113,106.67848844133415,20,33,1.0,11,17,4,0,0.6061
10.77898143649726,106.67684447140958,22,34,1.0,11,17,4,0,0.6471
10.7671128283867,106.6927618222887,9,20,1.0,11,17,4,0,0.45
10.77847212665258,106.69389510879644,26,42,1.0,11,17,4,0,0.619
10.796057790235078,106.67492629345334,21,34,0.997919,11,17,4,0,0.6176
10.8352982156415,106.72935479345392,35,42,0.998137,11,17,4,0,0.8333
10.777562007197462,106.7041335430398,16,30,1.0,11,17,4,0,0.5333
10.83886351241477,106.67566625482782,27,36,0.99722,11,17,4,0,0.75
10.765187049751797,106.67550552599072,24,36,1.0,11,17,4,0,0.6667
10.75948437198232,106.6840537511244,14,29,1.0,11,17,4,0,0.4828
10.865229381280963,106.72366973948476,36,49,1.0,11,17,4,0,0.7347
10.72279213640514,106.72808623948244,25,37,0.998603,11,18,4,0,0.6757
10.823400120373712,106.68551227436063,22,32,1.0,11,18,4,0,0.6875
10.756158554057755,106.66631758181126,19,29,1.0,11,18,4,0,0.6552
10.7144382088356,106.73711688366168,25,35,1.0,11,18,4,0,0.7143
10.817236653231737,106.63191539530456,21,34,1.0,11,18,4,0,0.6176
10.772727584493625,106.69804225297564,13,23,0.967696,11,21,4,0,0.5652
10.774028664434528,106.70357076461706,20,28,1.0,11,21,4,0,0.7143
10.752616652291238,106.72509685338922,39,39,1.0,11,21,4,0,1.0
10.745754766198267,106.65326266831876,35,43,1.0,11,21,4,0,0.814
10.94927106740351,106.87196348224562,42,42,1.0,11,21,4,0,1.0
10.78866360854368,106.695513722289,33,41,1.0,11,21,4,0,0.8049
10.801406421807084,106.7114844087968,33,41,1.0,11,21,4,0,0.8049
10.843150534972033,106.6151343241409,22,35,1.0,11,21,4,0,0.6286
10.880537767027526,106.81481342866444,41,53,1.0,11,21,4,0,0.7736
10.740840166521664,106.61899246873142,26,35,1.0,11,21,4,0,0.7429
10.798986343749618,106.7269705664684,45,45,1.0,11,22,4,0,1.0
10.741860769464234,106.73790365482628,45,45,1.0,11,22,4,0,1.0
10.752408891679814,106.7022703818112,26,34,1.0,11,22,4,0,0.7647
10.786216596454729,106.71836665482697,40,40,1.0,11,22,4,0,1.0
10.78948793356203,106.7151883818118,36,36,1.0,11,22,4,0,1.0
10.80223925742187,106.6478722259914,27,41,1.0,11,22,4,0,0.6585
10.813928881466124,106.66511432455972,20,34,0.998691,11,22,4,0,0.5882
10.755608615763382,106.67347943578082,16,27,1.0,11,22,4,0,0.5926
10.782680856341084,106.70051548181168,18,30,1.0,11,22,4,0,0.6
10.754895139302109,106.67839188181134,20,33,1.0,11,22,4,0,0.6061
10.785070445194592,106.68331340921324,14,27,1.0,11,22,4,0,0.5185
10.7549373008113,106.67848844133415,20,33,1.0,11,22,4,0,0.6061
10.77898143649726,106.67684447140958,23,34,1.0,11,22,4,0,0.6765
10.7671128283867,106.6927618222887,11,20,1.0,11,22,4,0,0.55
10.77847212665258,106.69389510879644,27,41,1.0,11,22,4,0,0.6585
10.796057790235078,106.67492629345334,20,34,0.998691,11,22,4,0,0.5882
10.8352982156415,106.72935479345392,34,42,0.995842,11,22,4,0,0.8095
10.777562007197462,106.7041335430398,18,30,1.0,11,22,4,0,0.6
10.83886351241477,106.67566625482782,28,35,1.0,11,22,4,0,0.8
10.765187049751797,106.67550552599072,24,35,1.0,11,22,4,0,0.6857
10.75948437198232,106.6840537511244,16,27,1.0,11,22,4,0,0.5926
10.865229381280963,106.72366973948476,36,49,1.0,11,22,4,0,0.7347
10.72279213640514,106.72808623948244,26,37,0.998476,11,22,4,0,0.7027
10.823400120373712,106.68551227436063,25,31,1.0,11,22,4,0,0.8065
10.756158554057755,106.66631758181126,14,29,1.0,11,22,4,0,0.4828
10.7144382088356,106.73711688366168,25,35,1.0,11,22,4,0,0.7143
10.817236653231737,106.63191539530456,22,35,1.0,11,23,4,0,0.6286
10.772727584493625,106.69804225297564,15,23,0.967696,11,25,4,0,0.6522
10.774028664434528,106.70357076461706,21,27,1.0,11,25,4,0,0.7778
10.752616652291238,106.72509685338922,39,39,1.0,11,25,4,0,1.0
10.745754766198267,106.65326266831876,42,42,1.0,11,25,4,0,1.0
10.94927106740351,106.87196348224562,29,41,1.0,11,25,4,0,0.7073
10.78866360854368,106.695513722289,33,42,1.0,11,25,4,0,0.7857
10.801406421807084,106.7114844087968,33,42,1.0,11,25,4,0,0.7857
10.843150534972033,106.6151343241409,22,35,1.0,11,25,4,0,0.6286
10.880537767027526,106.81481342866444,43,53,1.0,11,25,4,0,0.8113
10.740840166521664,106.61899246873142,25,35,1.0,11,25,4,0,0.7143
10.798986343749618,106.7269705664684,45,45,1.0,11,26,4,0,1.0
10.741860769464234,106.73790365482628,45,45,1.0,11,26,4,0,1.0
10.752408891679814,106.7022703818112,26,34,1.0,11,26,4,0,0.7647
10.786216596454729,106.71836665482697,40,40,1.0,11,26,4,0,1.0
10.78948793356203,106.7151883818118,36,36,1.0,11,26,4,0,1.0
10.80223925742187,106.6478722259914,27,41,1.0,11,26,4,0,0.6585
10.813928881466124,106.66511432455972,21,34,0.999235,11,26,4,0,0.6176
10.755608615763382,106.67347943578082,17,27,1.0,11,26,4,0,0.6296
10.782680856341084,106.70051548181168,18,30,1.0,11,26,4,0,0.6
10.754895139302109,106.67839188181134,19,32,1.0,11,26,4,0,0.5938
10.785070445194592,106.68331340921324,14,27,1.0,11,26,4,0,0.5185
10.7549373008113,106.67848844133415,19,32,1.0,11,26,4,0,0.5938
10.77898143649726,106.67684447140958,21,34,1.0,11,26,4,0,0.6176
10.7671128283867,106.6927618222887,15,20,1.0,11,26,4,0,0.75
10.77847212665258,106.69389510879644,26,41,1.0,11,26,4,0,0.6341
10.796057790235078,106.67492629345334,21,34,0.999235,11,26,4,0,0.6176
10.8352982156415,106.72935479345392,34,42,0.993126,11,26,4,0,0.8095
10.777562007197462,106.7041335430398,19,30,1.0,11,26,4,0,0.6333
10.83886351241477,106.67566625482782,26,36,1.0,11,26,4,0,0.7222
10.765187049751797,106.67550552599072,24,35,1.0,11,26,4,0,0.6857
10.75948437198232,106.6840537511244,18,28,1.0,11,27,4,0,0.6429
10.865229381280963,106.72366973948476,35,49,1.0,11,27,4,0,0.7143
10.72279213640514,106.72808623948244,26,37,0.998361,11,27,4,0,0.7027
10.823400120373712,106.68551227436063,26,31,1.0,11,27,4,0,0.8387
10.756158554057755,106.66631758181126,17,29,1.0,11,27,4,0,0.5862
10.7144382088356,106.73711688366168,26,35,1.0,11,27,4,0,0.7429
10.817236653231737,106.63191539530456,21,35,1.0,11,27,4,0,0.6
10.772727584493625,106.69804225297564,14,22,0.967696,11,29,4,0,0.6364
10.774028664434528,106.70357076461706,29,29,1.0,11,29,4,0,1.0
10.752616652291238,106.72509685338922,39,39,1.0,11,29,4,0,1.0
10.745754766198267,106.65326266831876,35,43,1.0,11,29,4,0,0.814
10.94927106740351,106.87196348224562,32,41,1.0,11,29,4,0,0.7805
10.78866360854368,106.695513722289,30,42,1.0,11,29,4,0,0.7143
10.801406421807084,106.7114844087968,30,41,1.0,11,29,4,0,0.7317
10.843150534972033,106.6151343241409,21,35,1.0,11,29,4,0,0.6
10.880537767027526,106.81481342866444,43,53,1.0,11,29,4,0,0.8113
10.740840166521664,106.61899246873142,25,35,1.0,11,29,4,0,0.7143
10.798986343749618,106.7269705664684,45,45,1.0,11,29,4,0,1.0
10.741860769464234,106.73790365482628,45,45,1.0,11,29,4,0,1.0
10.752408891679814,106.7022703818112,25,32,1.0,11,29,4,0,0.7812
10.786216596454729,106.71836665482697,40,40,1.0,11,30,4,0,1.0
10.78948793356203,106.7151883818118,36,36,1.0,11,30,4,0,1.0
10.80223925742187,106.6478722259914,31,41,1.0,11,30,4,0,0.7561
10.813928881466124,106.66511432455972,21,33,1.0,11,30,4,0,0.6364
10.755608615763382,106.67347943578082,19,27,1.0,11,30,4,0,0.7037
10.782680856341084,106.70051548181168,18,30,1.0,11,30,4,0,0.6
10.754895139302109,106.67839188181134,21,32,1.0,11,30,4,0,0.6562
10.785070445194592,106.68331340921324,13,27,1.0,11,30,4,0,0.4815
10.7549373008113,106.67848844133415,21,32,1.0,11,31,4,0,0.6562
10.77898143649726,106.67684447140958,23,34,1.0,11,31,4,0,0.6765
10.7671128283867,106.6927618222887,20,20,1.0,11,31,4,0,1.0
10.77847212665258,106.69389510879644,27,42,1.0,11,31,4,0,0.6429
10.796057790235078,106.67492629345334,20,34,1.0,11,31,4,0,0.5882
10.8352982156415,106.72935479345392,34,42,0.996399,11,31,4,0,0.8095
10.777562007197462,106.7041335430398,17,30,1.0,11,31,4,0,0.5667
10.83886351241477,106.67566625482782,27,35,0.997231,11,31,4,0,0.7714
10.765187049751797,106.67550552599072,23,36,1.0,11,31,4,0,0.6389
10.75948437198232,106.6840537511244,18,27,1.0,11,31,4,0,0.6667
10.865229381280963,106.72366973948476,35,49,1.0,11,32,4,0,0.7143
10.72279213640514,106.72808623948244,25,37,0.998475,11,32,4,0,0.6757
10.823400120373712,106.68551227436063,25,31,1.0,11,32,4,0,0.8065
10.756158554057755,106.66631758181126,19,29,1.0,11,32,4,0,0.6552
10.7144382088356,106.73711688366168,25,35,1.0,11,32,4,0,0.7143
10.817236653231737,106.63191539530456,22,34,1.0,11,32,4,0,0.6471
10.772727584493625,106.69804225297564,11,22,0.967696,11,34,4,0,0.5
10.774028664434528,106.70357076461706,20,28,1.0,11,34,4,0,0.7143
10.752616652291238,106.72509685338922,39,39,1.0,11,34,4,0,1.0
10.745754766198267,106.65326266831876,34,42,0.999762,11,34,4,0,0.8095
10.94927106740351,106.87196348224562,33,41,1.0,11,34,4,0,0.8049
10.78866360854368,106.695513722289,33,41,1.0,11,34,4,0,0.8049
10.801406421807084,106.7114844087968,33,42,1.0,11,34,4,0,0.7857
10.843150534972033,106.6151343241409,22,34,1.0,11,34,4,0,0.6471
10.880537767027526,106.81481342866444,41,53,1.0,11,34,4,0,0.7736
10.740840166521664,106.61899246873142,26,36,1.0,11,34,4,0,0.7222
10.798986343749618,106.7269705664684,45,45,1.0,11,34,4,0,1.0
10.741860769464234,106.73790365482628,45,45,1.0,11,35,4,0,1.0
10.752408891679814,106.7022703818112,26,34,1.0,11,35,4,0,0.7647
10.786216596454729,106.71836665482697,40,40,1.0,11,35,4,0,1.0
10.78948793356203,106.7151883818118,27,35,1.0,11,35,4,0,0.7714
10.80223925742187,106.6478722259914,27,41,1.0,11,35,4,0,0.6585
10.813928881466124,106.66511432455972,21,33,1.0,11,35,4,0,0.6364
10.755608615763382,106.67347943578082,15,27,1.0,11,35,4,0,0.5556
10.782680856341084,106.70051548181168,19,30,1.0,11,35,4,0,0.6333
10.754895139302109,106.67839188181134,21,33,1.0,11,35,4,0,0.6364
10.785070445194592,106.68331340921324,8,27,1.0,11,35,4,0,0.2963
10.7549373008113,106.67848844133415,21,33,1.0,11,36,4,0,0.6364
10.77898143649726,106.67684447140958,22,34,1.0,11,36,4,0,0.6471
10.7671128283867,106.6927618222887,16,20,1.0,11,36,4,0,0.8
10.77847212665258,106.69389510879644,28,42,1.0,11,36,4,0,0.6667
10.796057790235078,106.67492629345334,21,34,1.0,11,36,4,0,0.6176
10.8352982156415,106.72935479345392,34,42,0.997201,11,36,4,0,0.8095
10.777562007197462,106.7041335430398,18,30,1.0,11,36,4,0,0.6
10.83886351241477,106.67566625482782,26,36,1.0,11,36,4,0,0.7222
10.765187049751797,106.67550552599072,23,36,1.0,11,36,4,0,0.6389
10.75948437198232,106.6840537511244,15,28,1.0,11,36,4,0,0.5357
10.865229381280963,106.72366973948476,36,49,1.0,11,37,4,0,0.7347
10.72279213640514,106.72808623948244,27,37,0.998245,11,37,4,0,0.7297
10.823400120373712,106.68551227436063,24,32,1.0,11,37,4,0,0.75
10.756158554057755,106.66631758181126,19,28,1.0,11,37,4,0,0.6786
10.7144382088356,106.73711688366168,24,35,1.0,11,37,4,0,0.6857
10.817236653231737,106.63191539530456,21,35,1.0,11,37,4,0,0.6
10.772727584493625,106.69804225297564,13,22,0.967099,11,39,4,0,0.5909
10.774028664434528,106.70357076461706,19,29,1.0,11,39,4,0,0.6552
10.752616652291238,106.72509685338922,31,39,1.0,11,39,4,0,0.7949
10.745754766198267,106.65326266831876,34,43,0.999762,11,39,4,0,0.7907
10.94927106740351,106.87196348224562,32,42,1.0,11,39,4,0,0.7619
10.78866360854368,106.695513722289,31,42,1.0,11,40,4,0,0.7381
10.801406421807084,106.7114844087968,31,42,1.0,11,40,4,0,0.7381
10.843150534972033,106.6151343241409,19,35,1.0,11,40,4,0,0.5429
10.880537767027526,106.81481342866444,40,53,1.0,11,40,4,0,0.7547
10.740840166521664,106.61899246873142,25,36,1.0,11,40,4,0,0.6944
10.798986343749618,106.7269705664684,45,45,1.0,11,40,4,0,1.0
10.741860769464234,106.73790365482628,45,45,1.0,11,40,4,0,1.0
10.752408891679814,106.7022703818112,26,34,1.0,11,40,4,0,0.7647
10.786216596454729,106.71836665482697,40,40,1.0,11,40,4,0,1.0
10.78948793356203,106.7151883818118,36,36,1.0,11,40,4,0,1.0
10.80223925742187,106.6478722259914,29,41,1.0,11,41,4,0,0.7073
10.813928881466124,106.66511432455972,21,33,1.0,11,41,4,0,0.6364
10.755608615763382,106.67347943578082,17,27,1.0,11,41,4,0,0.6296
10.782680856341084,106.70051548181168,18,30,1.0,11,41,4,0,0.6
10.754895139302109,106.67839188181134,19,32,1.0,11,41,4,0,0.5938
10.785070445194592,106.68331340921324,11,27,1.0,11,41,4,0,0.4074
10.7549373008113,106.67848844133415,19,32,1.0,11,41,4,0,0.5938
10.77898143649726,106.67684447140958,22,34,1.0,11,41,4,0,0.6471
10.7671128283867,106.6927618222887,13,20,1.0,11,41,4,0,0.65
10.77847212665258,106.69389510879644,26,42,1.0,11,41,4,0,0.619
10.796057790235078,106.67492629345334,20,33,1.0,11,41,4,0,0.6061
10.8352982156415,106.72935479345392,35,42,0.997671,11,41,4,0,0.8333
10.777562007197462,106.7041335430398,18,30,1.0,11,41,4,0,0.6
10.83886351241477,106.67566625482782,28,36,1.0,11,42,4,0,0.7778
10.765187049751797,106.67550552599072,25,36,1.0,11,42,4,0,0.6944
10.75948437198232,106.6840537511244,17,28,1.0,11,42,4,0,0.6071
10.865229381280963,106.72366973948476,36,49,1.0,11,42,4,0,0.7347
10.72279213640514,106.72808623948244,26,37,0.998605,11,42,4,0,0.7027
10.823400120373712,106.68551227436063,23,31,1.0,11,42,4,0,0.7419
10.756158554057755,106.66631758181126,23,29,1.0,11,42,4,0,0.7931
10.7144382088356,106.73711688366168,25,35,1.0,11,42,4,0,0.7143
10.817236653231737,106.63191539530456,21,35,1.0,11,42,4,0,0.6
10.772727584493625,106.69804225297564,15,23,0.967099,11,45,4,0,0.6522
10.774028664434528,106.70357076461706,18,28,1.0,11,45,4,0,0.6429
10.752616652291238,106.72509685338922,39,39,1.0,11,45,4,0,1.0
10.745754766198267,106.65326266831876,35,42,0.999762,11,45,4,0,0.8333
10.94927106740351,106.87196348224562,32,41,1.0,11,45,4,0,0.7805
10.78866360854368,106.695513722289,32,42,1.0,11,45,4,0,0.7619
10.801406421807084,106.7114844087968,32,42,1.0,11,45,4,0,0.7619
10.843150534972033,106.6151343241409,21,34,1.0,11,45,4,0,0.6176
10.880537767027526,106.81481342866444,41,53,1.0,11,45,4,0,0.7736
10.740840166521664,106.61899246873142,25,35,1.0,11,45,4,0,0.7143
10.798986343749618,106.7269705664684,45,45,1.0,11,45,4,0,1.0
10.741860769464234,106.73790365482628,45,45,1.0,11,45,4,0,1.0
10.752408891679814,106.7022703818112,25,34,1.0,11,45,4,0,0.7353
10.786216596454729,106.71836665482697,40,40,1.0,11,45,4,0,1.0
10.78948793356203,106.7151883818118,36,36,1.0,11,45,4,0,1.0
10.80223925742187,106.6478722259914,26,41,1.0,11,45,4,0,0.6341
10.813928881466124,106.66511432455972,21,33,0.999244,11,46,4,0,0.6364
10.755608615763382,106.67347943578082,17,26,0.998954,11,46,4,0,0.6538
10.782680856341084,106.70051548181168,17,30,1.0,11,46,4,0,0.5667
10.754895139302109,106.67839188181134,22,33,1.0,11,46,4,0,0.6667
10.785070445194592,106.68331340921324,12,27,1.0,11,46,4,0,0.4444
10.7549373008113,106.67848844133415,22,33,1.0,11,46,4,0,0.6667
10.77898143649726,106.67684447140958,23,34,1.0,11,46,4,0,0.6765
10.7671128283867,106.6927618222887,12,19,1.0,11,46,4,0,0.6316
10.77847212665258,106.69389510879644,27,42,1.0,11,46,4,0,0.6429
10.796057790235078,106.67492629345334,21,34,0.999244,11,46,4,0,0.6176
10.8352982156415,106.72935479345392,34,43,0.996932,11,46,4,0,0.7907
10.777562007197462,106.7041335430398,16,29,1.0,11,46,4,0,0.5517
10.83886351241477,106.67566625482782,27,36,1.0,11,46,4,0,0.75
10.765187049751797,106.67550552599072,25,35,1.0,11,46,4,0,0.7143
10.75948437198232,106.6840537511244,16,28,1.0,11,46,4,0,0.5714
10.865229381280963,106.72366973948476,35,49,1.0,11,47,4,0,0.7143
10.72279213640514,106.72808623948244,25,37,1.0,11,47,4,0,0.6757
10.823400120373712,106.68551227436063,24,31,1.0,11,47,4,0,0.7742
10.756158554057755,106.66631758181126,22,29,1.0,11,47,4,0,0.7586
10.7144382088356,106.73711688366168,25,35,1.0,11,47,4,0,0.7143
10.817236653231737,106.63191539530456,22,35,1.0,11,47,4,0,0.6286
10.772727584493625,106.69804225297564,15,23,0.967099,11,49,4,0,0.6522
10.774028664434528,106.70357076461706,13,28,1.0,11,49,4,0,0.4643
10.752616652291238,106.72509685338922,39,39,1.0,11,50,4,0,1.0
10.745754766198267,106.65326266831876,35,43,0.999762,11,50,4,0,0.814
10.94927106740351,106.87196348224562,31,41,1.0,11,50,4,0,0.7561
10.78866360854368,106.695513722289,33,42,1.0,11,50,4,0,0.7857
10.801406421807084,106.7114844087968,33,42,1.0,11,50,4,0,0.7857
10.843150534972033,106.6151343241409,22,35,1.0,11,50,4,0,0.6286
10.880537767027526,106.81481342866444,41,53,1.0,11,50,4,0,0.7736
10.740840166521664,106.61899246873142,26,35,1.0,11,50,4,0,0.7429
10.798986343749618,106.7269705664684,45,45,1.0,11,50,4,0,1.0
10.741860769464234,106.73790365482628,37,44,1.0,11,50,4,0,0.8409
10.752408891679814,106.7022703818112,24,33,1.0,11,50,4,0,0.7273
10.786216596454729,106.71836665482697,40,40,1.0,11,50,4,0,1.0
10.78948793356203,106.7151883818118,36,36,1.0,11,50,4,0,1.0
10.80223925742187,106.6478722259914,27,41,1.0,11,50,4,0,0.6585
10.813928881466124,106.66511432455972,21,33,0.999244,11,50,4,0,0.6364
10.755608615763382,106.67347943578082,16,28,1.0,11,51,4,0,0.5714
10.782680856341084,106.70051548181168,18,30,1.0,11,51,4,0,0.6
10.754895139302109,106.67839188181134,23,32,1.0,11,51,4,0,0.7188
10.785070445194592,106.68331340921324,16,28,1.0,11,51,4,0,0.5714
10.7549373008113,106.67848844133415,23,32,1.0,11,51,4,0,0.7188
10.77898143649726,106.67684447140958,21,34,1.0,11,51,4,0,0.6176
10.7671128283867,106.6927618222887,13,19,1.0,11,51,4,0,0.6842
10.77847212665258,106.69389510879644,27,41,1.0,11,51,4,0,0.6585
10.796057790235078,106.67492629345334,20,34,0.999528,11,51,4,0,0.5882
10.8352982156415,106.72935479345392,35,42,0.996935,11,51,4,0,0.8333
10.777562007197462,106.7041335430398,18,30,1.0,11,52,4,0,0.6
10.83886351241477,106.67566625482782,26,36,1.0,11,52,4,0,0.7222
10.765187049751797,106.67550552599072,25,36,1.0,11,52,4,0,0.6944
10.75948437198232,106.6840537511244,17,28,1.0,11,52,4,0,0.6071
10.865229381280963,106.72366973948476,35,49,1.0,11,52,4,0,0.7143
10.72279213640514,106.72808623948244,28,37,0.999742,11,52,4,0,0.7568
10.823400120373712,106.68551227436063,24,32,1.0,11,52,4,0,0.75
10.756158554057755,106.66631758181126,22,29,1.0,11,53,4,0,0.7586
10.7144382088356,106.73711688366168,26,35,1.0,11,53,4,0,0.7429
10.817236653231737,106.63191539530456,21,35,1.0,11,53,4,0,0.6
10.772727584493625,106.69804225297564,14,23,0.967099,11,55,4,0,0.6087
10.774028664434528,106.70357076461706,14,28,1.0,11,55,4,0,0.5
10.752616652291238,106.72509685338922,31,39,1.0,11,55,4,0,0.7949
10.745754766198267,106.65326266831876,34,42,0.999762,11,55,4,0,0.8095
10.94927106740351,106.87196348224562,42,42,1.0,11,55,4,0,1.0
10.78866360854368,106.695513722289,32,42,1.0,11,55,4,0,0.7619
10.801406421807084,106.7114844087968,31,42,1.0,11,55,4,0,0.7381
10.843150534972033,106.6151343241409,21,35,1.0,11,55,4,0,0.6
10.880537767027526,106.81481342866444,42,53,1.0,11,55,4,0,0.7925
10.740840166521664,106.61899246873142,27,36,1.0,11,56,4,0,0.75
10.798986343749618,106.7269705664684,45,45,1.0,11,56,4,0,1.0
10.741860769464234,106.73790365482628,45,45,1.0,11,56,4,0,1.0
10.752408891679814,106.7022703818112,24,34,1.0,11,56,4,0,0.7059
10.786216596454729,106.71836665482697,40,40,1.0,11,56,4,0,1.0
10.78948793356203,106.7151883818118,36,36,1.0,11,56,4,0,1.0
10.80223925742187,106.6478722259914,27,41,1.0,11,56,4,0,0.6585
10.813928881466124,106.66511432455972,20,33,0.999265,11,56,4,0,0.6061
10.755608615763382,106.67347943578082,19,28,1.0,11,56,4,0,0.6786
10.782680856341084,106.70051548181168,17,30,1.0,11,56,4,0,0.5667
10.754895139302109,106.67839188181134,22,32,1.0,11,56,4,0,0.6875
10.785070445194592,106.68331340921324,15,27,1.0,11,56,4,0,0.5556
10.7549373008113,106.67848844133415,22,32,1.0,11,56,4,0,0.6875
10.77898143649726,106.67684447140958,23,34,1.0,11,56,4,0,0.6765
10.7671128283867,106.6927618222887,12,20,1.0,11,56,4,0,0.6
10.77847212665258,106.69389510879644,27,41,1.0,11,56,4,0,0.6585
10.796057790235078,106.67492629345334,20,33,0.999236,11,56,4,0,0.6061
10.8352982156415,106.72935479345392,35,42,0.996808,11,56,4,0,0.8333
10.777562007197462,106.7041335430398,18,30,1.0,11,56,4,0,0.6
10.83886351241477,106.67566625482782,26,36,1.0,11,56,4,0,0.7222
10.765187049751797,106.67550552599072,26,35,1.0,11,56,4,0,0.7429
10.75948437198232,106.6840537511244,19,28,1.0,11,56,4,0,0.6786
10.865229381280963,106.72366973948476,36,49,1.0,11,57,4,0,0.7347
10.72279213640514,106.72808623948244,28,36,1.0,11,57,4,0,0.7778
10.823400120373712,106.68551227436063,22,32,1.0,11,57,4,0,0.6875
10.756158554057755,106.66631758181126,20,29,1.0,11,57,4,0,0.6897
10.7144382088356,106.73711688366168,26,35,1.0,11,57,4,0,0.7429
10.817236653231737,106.63191539530456,21,35,1.0,11,57,4,0,0.6
10.772727584493625,106.69804225297564,14,22,0.967696,11,59,4,0,0.6364
10.774028664434528,106.70357076461706,22,28,1.0,11,59,4,0,0.7857
10.752616652291238,106.72509685338922,32,38,1.0,11,59,4,0,0.8421
10.745754766198267,106.65326266831876,42,42,1.0,11,59,4,0,1.0
10.94927106740351,106.87196348224562,28,41,1.0,11,59,4,0,0.6829
10.78866360854368,106.695513722289,32,42,1.0,11,59,4,0,0.7619
10.801406421807084,106.7114844087968,32,42,1.0,11,59,4,0,0.7619
10.843150534972033,106.6151343241409,21,35,1.0,12,0,4,0,0.6
10.880537767027526,106.81481342866444,40,53,1.0,12,0,4,0,0.7547
10.740840166521664,106.61899246873142,25,35,1.0,12,0,4,0,0.7143
10.798986343749618,106.7269705664684,45,45,1.0,12,0,4,0,1.0
10.741860769464234,106.73790365482628,45,45,1.0,12,0,4,0,1.0
10.752408891679814,106.7022703818112,24,34,1.0,12,0,4,0,0.7059
10.786216596454729,106.71836665482697,40,40,1.0,12,0,4,0,1.0
10.78948793356203,106.7151883818118,29,36,1.0,12,0,4,0,0.8056
10.80223925742187,106.6478722259914,26,41,1.0,12,0,4,0,0.6341
10.813928881466124,106.66511432455972,20,33,1.0,12,0,4,0,0.6061
10.755608615763382,106.67347943578082,20,28,1.0,12,0,4,0,0.7143
10.782680856341084,106.70051548181168,17,30,1.0,12,1,4,0,0.5667
10.754895139302109,106.67839188181134,20,33,1.0,12,1,4,0,0.6061
10.785070445194592,106.68331340921324,13,27,1.0,12,1,4,0,0.4815
10.7549373008113,106.67848844133415,20,33,1.0,12,1,4,0,0.6061
10.77898143649726,106.67684447140958,21,34,1.0,12,1,4,0,0.6176
10.7671128283867,106.6927618222887,12,19,1.0,12,1,4,0,0.6316
10.77847212665258,106.69389510879644,28,41,1.0,12,1,4,0,0.6829
10.796057790235078,106.67492629345334,19,33,1.0,12,1,4,0,0.5758
10.8352982156415,106.72935479345392,36,42,0.994411,12,1,4,0,0.8571
10.777562007197462,106.7041335430398,16,30,1.0,12,1,4,0,0.5333
10.83886351241477,106.67566625482782,27,36,1.0,12,1,4,0,0.75
10.765187049751797,106.67550552599072,27,36,1.0,12,1,4,0,0.75
10.75948437198232,106.6840537511244,18,27,0.998954,12,1,4,0,0.6667
10.865229381280963,106.72366973948476,37,49,1.0,12,2,4,0,0.7551
10.72279213640514,106.72808623948244,28,37,0.999742,12,2,4,0,0.7568
10.823400120373712,106.68551227436063,23,31,1.0,12,2,4,0,0.7419
10.756158554057755,106.66631758181126,18,29,1.0,12,2,4,0,0.6207
10.7144382088356,106.73711688366168,25,35,1.0,12,2,4,0,0.7143
10.817236653231737,106.63191539530456,22,35,1.0,12,2,4,0,0.6286
10.772727584493625,106.69804225297564,14,22,0.967696,12,4,4,0,0.6364
10.774028664434528,106.70357076461706,17,29,1.0,12,4,4,0,0.5862
10.752616652291238,106.72509685338922,39,39,1.0,12,4,4,0,1.0
10.745754766198267,106.65326266831876,36,43,1.0,12,4,4,0,0.8372
10.94927106740351,106.87196348224562,34,41,1.0,12,4,4,0,0.8293
10.78866360854368,106.695513722289,33,42,1.0,12,4,4,0,0.7857
10.801406421807084,106.7114844087968,33,42,1.0,12,4,4,0,0.7857
10.843150534972033,106.6151343241409,21,35,1.0,12,4,4,0,0.6
10.880537767027526,106.81481342866444,42,53,1.0,12,4,4,0,0.7925
10.740840166521664,106.61899246873142,26,35,1.0,12,4,4,0,0.7429
10.798986343749618,106.7269705664684,45,45,1.0,12,5,4,0,1.0
10.741860769464234,106.73790365482628,45,45,1.0,12,5,4,0,1.0
10.752408891679814,106.7022703818112,24,34,1.0,12,5,4,0,0.7059
10.786216596454729,106.71836665482697,40,40,1.0,12,5,4,0,1.0
10.78948793356203,106.7151883818118,36,36,1.0,12,5,4,0,1.0
10.80223925742187,106.6478722259914,27,40,1.0,12,5,4,0,0.675
10.813928881466124,106.66511432455972,19,33,0.998691,12,5,4,0,0.5758
10.755608615763382,106.67347943578082,17,26,0.998954,12,5,4,0,0.6538
10.782680856341084,106.70051548181168,17,30,1.0,12,5,4,0,0.5667
10.754895139302109,106.67839188181134,21,32,1.0,12,5,4,0,0.6562
10.785070445194592,106.68331340921324,13,27,1.0,12,5,4,0,0.4815
10.7549373008113,106.67848844133415,21,32,1.0,12,5,4,0,0.6562
10.77898143649726,106.67684447140958,22,34,1.0,12,5,4,0,0.6471
10.7671128283867,106.6927618222887,14,19,1.0,12,5,4,0,0.7368
10.77847212665258,106.69389510879644,29,41,1.0,12,5,4,0,0.7073
10.796057790235078,106.67492629345334,20,33,0.998954,12,5,4,0,0.6061
10.8352982156415,106.72935479345392,35,42,0.994719,12,5,4,0,0.8333
10.777562007197462,106.7041335430398,17,30,1.0,12,5,4,0,0.5667
10.83886351241477,106.67566625482782,26,36,1.0,12,5,4,0,0.7222
10.765187049751797,106.67550552599072,24,35,1.0,12,5,4,0,0.6857
10.75948437198232,106.6840537511244,17,26,0.998954,12,5,4,0,0.6538
10.865229381280963,106.72366973948476,36,49,1.0,12,5,4,0,0.7347
10.72279213640514,106.72808623948244,27,37,0.999742,12,5,4,0,0.7297
10.823400120373712,106.68551227436063,21,32,1.0,12,5,4,0,0.6562
10.756158554057755,106.66631758181126,21,29,1.0,12,6,4,0,0.7241
10.7144382088356,106.73711688366168,26,35,1.0,12,6,4,0,0.7429
10.817236653231737,106.63191539530456,20,35,1.0,12,6,4,0,0.5714
10.772727584493625,106.69804225297564,14,22,0.967696,12,8,4,0,0.6364
10.774028664434528,106.70357076461706,23,29,1.0,12,8,4,0,0.7931
10.752616652291238,106.72509685338922,31,39,1.0,12,8,4,0,0.7949
10.745754766198267,106.65326266831876,35,43,1.0,12,8,4,0,0.814
10.94927106740351,106.87196348224562,42,42,1.0,12,8,4,0,1.0
10.78866360854368,106.695513722289,34,42,1.0,12,8,4,0,0.8095
10.801406421807084,106.7114844087968,34,42,1.0,12,8,4,0,0.8095
10.843150534972033,106.6151343241409,21,35,1.0,12,8,4,0,0.6
10.880537767027526,106.81481342866444,42,53,1.0,12,8,4,0,0.7925
10.740840166521664,106.61899246873142,26,36,1.0,12,8,4,0,0.7222
10.798986343749618,106.7269705664684,45,45,1.0,12,9,4,0,1.0
10.741860769464234,106.73790365482628,45,45,1.0,12,9,4,0,1.0
10.752408891679814,106.7022703818112,23,33,1.0,12,9,4,0,0.697
10.786216596454729,106.71836665482697,40,40,1.0,12,9,4,0,1.0
10.78948793356203,106.7151883818118,36,36,1.0,12,9,4,0,1.0
10.80223925742187,106.6478722259914,25,40,1.0,12,9,4,0,0.625
10.813928881466124,106.66511432455972,21,34,0.998691,12,9,4,0,0.6176
10.755608615763382,106.67347943578082,19,27,0.997911,12,9,4,0,0.7037
10.782680856341084,106.70051548181168,18,30,1.0,12,9,4,0,0.6
10.754895139302109,106.67839188181134,21,33,1.0,12,9,4,0,0.6364
10.785070445194592,106.68331340921324,15,27,1.0,12,9,4,0,0.5556
10.7549373008113,106.67848844133415,21,33,1.0,12,9,4,0,0.6364
10.77898143649726,106.67684447140958,24,34,1.0,12,9,4,0,0.7059
10.7671128283867,106.6927618222887,20,20,1.0,12,9,4,0,1.0
10.77847212665258,106.69389510879644,29,42,1.0,12,9,4,0,0.6905
10.796057790235078,106.67492629345334,21,34,0.998691,12,9,4,0,0.6176
10.8352982156415,106.72935479345392,35,42,0.995182,12,9,4,0,0.8333
10.777562007197462,106.7041335430398,18,30,1.0,12,9,4,0,0.6
10.83886351241477,106.67566625482782,27,36,1.0,12,9,4,0,0.75
10.765187049751797,106.67550552599072,27,35,1.0,12,10,4,0,0.7714
10.75948437198232,106.6840537511244,20,27,0.997909,12,10,4,0,0.7407
10.865229381280963,106.72366973948476,37,49,1.0,12,10,4,0,0.7551
10.72279213640514,106.72808623948244,27,36,1.0,12,10,4,0,0.75
10.823400120373712,106.68551227436063,24,31,1.0,12,10,4,0,0.7742
10.756158554057755,106.66631758181126,20,29,1.0,12,10,4,0,0.6897
10.7144382088356,106.73711688366168,26,35,1.0,12,10,4,0,0.7429
10.817236653231737,106.63191539530456,21,35,1.0,12,10,4,0,0.6
10.772727584493625,106.69804225297564,15,23,0.967696,12,12,4,0,0.6522
10.774028664434528,106.70357076461706,29,29,1.0,12,12,4,0,1.0
10.752616652291238,106.72509685338922,39,39,1.0,12,12,4,0,1.0
10.745754766198267,106.65326266831876,34,42,1.0,12,12,4,0,0.8095
10.94927106740351,106.87196348224562,30,42,1.0,12,12,4,0,0.7143
10.78866360854368,106.695513722289,34,42,1.0,12,13,4,0,0.8095
10.801406421807084,106.7114844087968,33,42,1.0,12,13,4,0,0.7857
10.843150534972033,106.6151343241409,21,35,1.0,12,13,4,0,0.6
10.880537767027526,106.81481342866444,42,53,1.0,12,13,4,0,0.7925
10.740840166521664,106.61899246873142,27,35,1.0,12,13,4,0,0.7714
10.798986343749618,106.7269705664684,45,45,1.0,12,13,4,0,1.0
10.741860769464234,106.73790365482628,45,45,1.0,12,13,4,0,1.0
10.752408891679814,106.7022703818112,24,34,1.0,12,13,4,0,0.7059
10.786216596454729,106.71836665482697,40,40,1.0,12,13,4,0,1.0
10.78948793356203,106.7151883818118,36,36,1.0,12,13,4,0,1.0
10.80223925742187,106.6478722259914,27,40,1.0,12,13,4,0,0.675
10.813928881466124,106.66511432455972,21,33,0.999241,12,13,4,0,0.6364
10.755608615763382,106.67347943578082,18,28,1.0,12,13,4,0,0.6429
10.782680856341084,106.70051548181168,17,30,1.0,12,13,4,0,0.5667
10.754895139302109,106.67839188181134,22,32,1.0,12,13,4,0,0.6875
10.785070445194592,106.68331340921324,12,27,1.0,12,14,4,0,0.4444
10.7549373008113,106.67848844133415,22,33,1.0,12,14,4,0,0.6667
10.77898143649726,106.67684447140958,23,34,1.0,12,14,4,0,0.6765
10.7671128283867,106.6927618222887,15,19,1.0,12,14,4,0,0.7895
10.77847212665258,106.69389510879644,28,41,1.0,12,14,4,0,0.6829
10.796057790235078,106.67492629345334,21,34,0.999241,12,14,4,0,0.6176
10.8352982156415,106.72935479345392,35,42,0.991995,12,14,4,0,0.8333
10.777562007197462,106.7041335430398,18,30,1.0,12,14,4,0,0.6
10.83886351241477,106.67566625482782,27,36,1.0,12,14,4,0,0.75
10.765187049751797,106.67550552599072,26,35,1.0,12,14,4,0,0.7429
10.75948437198232,106.6840537511244,17,27,0.997907,12,14,4,0,0.6296
10.865229381280963,106.72366973948476,36,49,1.0,12,14,4,0,0.7347
10.72279213640514,106.72808623948244,27,37,0.997231,12,14,4,0,0.7297
10.823400120373712,106.68551227436063,25,31,1.0,12,14,4,0,0.8065
10.756158554057755,106.66631758181126,19,29,1.0,12,14,4,0,0.6552
10.7144382088356,106.73711688366168,27,35,1.0,12,14,4,0,0.7714
10.817236653231737,106.63191539530456,21,35,1.0,12,14,4,0,0.6
10.772727584493625,106.69804225297564,14,23,0.968292,12,17,4,0,0.6087
10.774028664434528,106.70357076461706,17,27,1.0,12,17,4,0,0.6296
10.752616652291238,106.72509685338922,39,39,1.0,12,17,4,0,1.0
10.745754766198267,106.65326266831876,36,43,1.0,12,17,4,0,0.8372
10.94927106740351,106.87196348224562,42,42,1.0,12,17,4,0,1.0
10.78866360854368,106.695513722289,33,42,1.0,12,17,4,0,0.7857
10.801406421807084,106.7114844087968,33,42,1.0,12,17,4,0,0.7857
10.843150534972033,106.6151343241409,21,35,1.0,12,17,4,0,0.6
10.880537767027526,106.81481342866444,41,53,1.0,12,17,4,0,0.7736
10.740840166521664,106.61899246873142,25,35,1.0,12,17,4,0,0.7143
10.798986343749618,106.7269705664684,45,45,1.0,12,17,4,0,1.0
10.741860769464234,106.73790365482628,45,45,1.0,12,17,4,0,1.0
10.752408891679814,106.7022703818112,24,33,1.0,12,17,4,0,0.7273
10.786216596454729,106.71836665482697,40,40,1.0,12,17,4,0,1.0
10.78948793356203,106.7151883818118,36,36,1.0,12,17,4,0,1.0
10.80223925742187,106.6478722259914,29,40,1.0,12,17,4,0,0.725
10.813928881466124,106.66511432455972,20,34,0.999528,12,17,4,0,0.5882
10.755608615763382,106.67347943578082,19,28,0.998943,12,17,4,0,0.6786
10.782680856341084,106.70051548181168,17,30,1.0,12,17,4,0,0.5667
10.754895139302109,106.67839188181134,22,33,1.0,12,17,4,0,0.6667
10.785070445194592,106.68331340921324,13,29,1.0,12,18,4,0,0.4483
10.7549373008113,106.67848844133415,22,33,1.0,12,18,4,0,0.6667
10.77898143649726,106.67684447140958,23,34,1.0,12,18,4,0,0.6765
10.7671128283867,106.6927618222887,12,20,1.0,12,18,4,0,0.6
10.77847212665258,106.69389510879644,28,42,1.0,12,18,4,0,0.6667
10.796057790235078,106.67492629345334,20,34,0.999528,12,18,4,0,0.5882
10.8352982156415,106.72935479345392,35,42,0.996263,12,18,4,0,0.8333
10.777562007197462,106.7041335430398,18,31,1.0,12,18,4,0,0.5806
10.83886351241477,106.67566625482782,28,36,1.0,12,18,4,0,0.7778
10.765187049751797,106.67550552599072,26,35,1.0,12,18,4,0,0.7429
10.75948437198232,106.6840537511244,18,28,0.998951,12,18,4,0,0.6429
10.865229381280963,106.72366973948476,36,49,1.0,12,19,4,0,0.7347
10.72279213640514,106.72808623948244,26,36,0.996466,12,19,4,0,0.7222
10.823400120373712,106.68551227436063,24,32,1.0,12,19,4,0,0.75
10.756158554057755,106.66631758181126,30,30,1.0,12,19,4,0,1.0
10.7144382088356,106.73711688366168,26,35,1.0,12,19,4,0,0.7429
10.817236653231737,106.63191539530456,21,34,1.0,12,19,4,0,0.6176
10.772727584493625,106.69804225297564,16,22,0.968292,12,21,4,0,0.7273
10.774028664434528,106.70357076461706,22,29,1.0,12,21,4,0,0.7586
10.752616652291238,106.72509685338922,39,39,1.0,12,21,4,0,1.0
10.745754766198267,106.65326266831876,37,42,1.0,12,21,4,0,0.881
10.94927106740351,106.87196348224562,23,42,1.0,12,21,4,0,0.5476
10.78866360854368,106.695513722289,34,42,1.0,12,21,4,0,0.8095
10.801406421807084,106.7114844087968,34,42,1.0,12,22,4,0,0.8095
10.843150534972033,106.6151343241409,21,35,1.0,12,22,4,0,0.6
10.880537767027526,106.81481342866444,42,53,1.0,12,22,4,0,0.7925
10.740840166521664,106.61899246873142,27,35,1.0,12,22,4,0,0.7714
10.798986343749618,106.7269705664684,45,45,1.0,12,22,4,0,1.0
10.741860769464234,106.73790365482628,37,44,1.0,12,22,4,0,0.8409
10.752408891679814,106.7022703818112,23,34,1.0,12,22,4,0,0.6765
10.786216596454729,106.71836665482697,40,40,1.0,12,22,4,0,1.0
10.78948793356203,106.7151883818118,36,36,1.0,12,22,4,0,1.0
10.80223925742187,106.6478722259914,25,41,1.0,12,22,4,0,0.6098
10.813928881466124,106.66511432455972,20,34,1.0,12,22,4,0,0.5882
10.755608615763382,106.67347943578082,18,28,0.997886,12,23,4,0,0.6429
10.782680856341084,106.70051548181168,18,30,1.0,12,23,4,0,0.6
10.754895139302109,106.67839188181134,22,32,1.0,12,23,4,0,0.6875
10.785070445194592,106.68331340921324,14,28,1.0,12,23,4,0,0.5
10.7549373008113,106.67848844133415,22,32,1.0,12,23,4,0,0.6875
10.77898143649726,106.67684447140958,23,34,1.0,12,23,4,0,0.6765
10.7671128283867,106.6927618222887,11,19,1.0,12,23,4,0,0.5789
10.77847212665258,106.69389510879644,29,41,1.0,12,23,4,0,0.7073
10.796057790235078,106.67492629345334,19,34,0.998954,12,23,4,0,0.5588
10.8352982156415,106.72935479345392,36,42,0.996214,12,24,4,0,0.8571
10.777562007197462,106.7041335430398,17,30,1.0,12,24,4,0,0.5667
10.83886351241477,106.67566625482782,26,36,1.0,12,24,4,0,0.7222
10.765187049751797,106.67550552599072,21,36,1.0,12,24,4,0,0.5833
10.75948437198232,106.6840537511244,17,27,1.0,12,24,4,0,0.6296
10.865229381280963,106.72366973948476,36,49,1.0,12,24,4,0,0.7347
10.72279213640514,106.72808623948244,28,37,1.0,12,24,4,0,0.7568
10.823400120373712,106.68551227436063,23,31,1.0,12,24,4,0,0.7419
10.756158554057755,106.66631758181126,20,29,1.0,12,24,4,0,0.6897
10.7144382088356,106.73711688366168,26,35,1.0,12,24,4,0,0.7429
10.817236653231737,106.63191539530456,21,35,1.0,12,24,4,0,0.6
10.772727584493625,106.69804225297564,14,23,0.968292,12,26,4,0,0.6087
10.774028664434528,106.70357076461706,15,27,1.0,12,26,4,0,0.5556
10.752616652291238,106.72509685338922,39,39,1.0,12,26,4,0,1.0
10.745754766198267,106.65326266831876,37,43,1.0,12,26,4,0,0.8605
10.94927106740351,106.87196348224562,32,41,1.0,12,26,4,0,0.7805
10.78866360854368,106.695513722289,34,41,1.0,12,26,4,0,0.8293
10.801406421807084,106.7114844087968,34,41,1.0,12,26,4,0,0.8293
10.843150534972033,106.6151343241409,21,35,1.0,12,27,4,0,0.6
10.880537767027526,106.81481342866444,42,53,1.0,12,27,4,0,0.7925
10.740840166521664,106.61899246873142,26,35,1.0,12,27,4,0,0.7429
10.798986343749618,106.7269705664684,45,45,1.0,12,27,4,0,1.0
10.741860769464234,106.73790365482628,45,45,1.0,12,27,4,0,1.0
10.752408891679814,106.7022703818112,23,34,1.0,12,27,4,0,0.6765
10.786216596454729,106.71836665482697,40,40,1.0,12,27,4,0,1.0
10.78948793356203,106.7151883818118,36,36,1.0,12,27,4,0,1.0
10.80223925742187,106.6478722259914,29,42,1.0,12,27,4,0,0.6905
10.813928881466124,106.66511432455972,20,34,0.999057,12,27,4,0,0.5882
10.755608615763382,106.67347943578082,20,28,0.998951,12,27,4,0,0.7143
10.782680856341084,106.70051548181168,18,30,1.0,12,27,4,0,0.6
10.754895139302109,106.67839188181134,22,32,1.0,12,27,4,0,0.6875
10.785070445194592,106.68331340921324,12,28,1.0,12,27,4,0,0.4286
10.7549373008113,106.67848844133415,22,32,1.0,12,27,4,0,0.6875
10.77898143649726,106.67684447140958,22,34,1.0,12,27,4,0,0.6471
10.7671128283867,106.6927618222887,15,19,1.0,12,27,4,0,0.7895
10.77847212665258,106.69389510879644,30,41,1.0,12,27,4,0,0.7317
10.796057790235078,106.67492629345334,20,34,0.998955,12,28,4,0,0.5882
10.8352982156415,106.72935479345392,35,42,0.997778,12,28,4,0,0.8333
10.777562007197462,106.7041335430398,19,30,1.0,12,28,4,0,0.6333
10.83886351241477,106.67566625482782,26,35,1.0,12,28,4,0,0.7429
10.765187049751797,106.67550552599072,23,36,1.0,12,28,4,0,0.6389
10.75948437198232,106.6840537511244,19,27,0.998954,12,28,4,0,0.7037
10.865229381280963,106.72366973948476,37,49,1.0,12,28,4,0,0.7551
10.72279213640514,106.72808623948244,30,37,0.997961,12,28,4,0,0.8108
10.823400120373712,106.68551227436063,20,32,1.0,12,28,4,0,0.625
10.756158554057755,106.66631758181126,21,29,1.0,12,28,4,0,0.7241
10.7144382088356,106.73711688366168,27,35,1.0,12,28,4,0,0.7714
10.817236653231737,106.63191539530456,23,35,1.0,12,28,4,0,0.6571
10.772727584493625,106.69804225297564,12,22,0.968292,12,30,4,0,0.5455
10.774028664434528,106.70357076461706,13,28,1.0,12,30,4,0,0.4643
10.752616652291238,106.72509685338922,32,39,1.0,12,30,4,0,0.8205
10.745754766198267,106.65326266831876,35,43,1.0,12,30,4,0,0.814
10.94927106740351,106.87196348224562,31,42,1.0,12,30,4,0,0.7381
10.78866360854368,106.695513722289,34,41,1.0,12,30,4,0,0.8293
10.801406421807084,106.7114844087968,34,42,1.0,12,31,4,0,0.8095
10.843150534972033,106.6151343241409,23,35,1.0,12,31,4,0,0.6571
10.880537767027526,106.81481342866444,42,53,1.0,12,31,4,0,0.7925
10.740840166521664,106.61899246873142,28,35,1.0,12,31,4,0,0.8
10.798986343749618,106.7269705664684,45,45,1.0,12,31,4,0,1.0
10.741860769464234,106.73790365482628,45,45,1.0,12,31,4,0,1.0
10.752408891679814,106.7022703818112,24,33,1.0,12,31,4,0,0.7273
10.786216596454729,106.71836665482697,40,40,1.0,12,31,4,0,1.0
10.78948793356203,106.7151883818118,36,36,1.0,12,31,4,0,1.0
10.80223925742187,106.6478722259914,29,41,1.0,12,31,4,0,0.7073
10.813928881466124,106.66511432455972,22,34,0.998758,12,31,4,0,0.6471
10.755608615763382,106.67347943578082,20,27,0.998951,12,31,4,0,0.7407
10.782680856341084,106.70051548181168,18,30,1.0,12,31,4,0,0.6
10.754895139302109,106.67839188181134,24,32,1.0,12,31,4,0,0.75
10.785070445194592,106.68331340921324,14,27,1.0,12,31,4,0,0.5185
10.7549373008113,106.67848844133415,24,32,1.0,12,31,4,0,0.75
10.77898143649726,106.67684447140958,22,34,1.0,12,32,4,0,0.6471
10.7671128283867,106.6927618222887,20,20,1.0,12,32,4,0,1.0
10.77847212665258,106.69389510879644,29,41,1.0,12,32,4,0,0.7073
10.796057790235078,106.67492629345334,21,34,0.999427,12,32,4,0,0.6176
10.8352982156415,106.72935479345392,34,42,0.998322,12,32,4,0,0.8095
10.777562007197462,106.7041335430398,18,30,1.0,12,32,4,0,0.6
10.83886351241477,106.67566625482782,27,36,0.997426,12,32,4,0,0.75
10.765187049751797,106.67550552599072,22,36,1.0,12,32,4,0,0.6111
10.75948437198232,106.6840537511244,19,27,1.0,12,32,4,0,0.7037
10.865229381280963,106.72366973948476,39,50,1.0,12,32,4,0,0.78
10.72279213640514,106.72808623948244,28,37,0.998245,12,33,4,0,0.7568
10.823400120373712,106.68551227436063,25,31,1.0,12,33,4,0,0.8065
10.756158554057755,106.66631758181126,19,29,1.0,12,33,4,0,0.6552
10.7144382088356,106.73711688366168,26,35,1.0,12,33,4,0,0.7429
10.817236653231737,106.63191539530456,22,35,1.0,12,33,4,0,0.6286
10.772727584493625,106.69804225297564,14,23,0.968292,12,35,4,0,0.6087
10.774028664434528,106.70357076461706,19,28,1.0,12,35,4,0,0.6786
10.752616652291238,106.72509685338922,39,39,1.0,12,35,4,0,1.0
10.745754766198267,106.65326266831876,42,42,1.0,12,35,4,0,1.0
10.94927106740351,106.87196348224562,30,42,1.0,12,35,4,0,0.7143
10.78866360854368,106.695513722289,34,41,1.0,12,35,4,0,0.8293
10.801406421807084,106.7114844087968,34,42,1.0,12,35,4,0,0.8095
10.843150534972033,106.6151343241409,22,35,1.0,12,35,4,0,0.6286
10.880537767027526,106.81481342866444,43,53,1.0,12,35,4,0,0.8113
10.740840166521664,106.61899246873142,27,36,1.0,12,35,4,0,0.75
10.798986343749618,106.7269705664684,45,45,1.0,12,35,4,0,1.0
10.741860769464234,106.73790365482628,45,45,1.0,12,35,4,0,1.0
10.752408891679814,106.7022703818112,25,34,1.0,12,36,4,0,0.7353
10.786216596454729,106.71836665482697,40,40,1.0,12,36,4,0,1.0
10.78948793356203,106.7151883818118,36,36,1.0,12,36,4,0,1.0
10.80223925742187,106.6478722259914,29,41,1.0,12,36,4,0,0.7073
10.813928881466124,106.66511432455972,23,34,0.998691,12,36,4,0,0.6765
10.755608615763382,106.67347943578082,19,28,1.0,12,36,4,0,0.6786
10.782680856341084,106.70051548181168,18,30,1.0,12,36,4,0,0.6
10.754895139302109,106.67839188181134,24,32,1.0,12,36,4,0,0.75
10.785070445194592,106.68331340921324,12,27,1.0,12,36,4,0,0.4444
10.7549373008113,106.67848844133415,24,32,1.0,12,36,4,0,0.75
10.77898143649726,106.67684447140958,23,35,1.0,12,36,4,0,0.6571
10.7671128283867,106.6927618222887,11,20,1.0,12,36,4,0,0.55
10.77847212665258,106.69389510879644,30,42,1.0,12,37,4,0,0.7143
10.796057790235078,106.67492629345334,23,34,0.998691,12,37,4,0,0.6765
10.8352982156415,106.72935479345392,35,42,0.997961,12,37,4,0,0.8333
10.777562007197462,106.7041335430398,17,30,1.0,12,37,4,0,0.5667
10.83886351241477,106.67566625482782,27,36,1.0,12,37,4,0,0.75
10.765187049751797,106.67550552599072,25,36,1.0,12,37,4,0,0.6944
10.75948437198232,106.6840537511244,19,27,1.0,12,37,4,0,0.7037
10.865229381280963,106.72366973948476,38,49,1.0,12,37,4,0,0.7755
10.72279213640514,106.72808623948244,28,37,0.998741,12,37,4,0,0.7568
10.823400120373712,106.68551227436063,23,31,1.0,12,37,4,0,0.7419
10.756158554057755,106.66631758181126,20,29,1.0,12,37,4,0,0.6897
10.7144382088356,106.73711688366168,28,35,1.0,12,37,4,0,0.8
10.817236653231737,106.63191539530456,22,34,1.0,12,37,4,0,0.6471
10.772727584493625,106.69804225297564,14,23,0.968292,12,40,4,0,0.6087
10.774028664434528,106.70357076461706,18,27,1.0,12,40,4,0,0.6667
10.752616652291238,106.72509685338922,39,39,1.0,12,40,4,0,1.0
10.745754766198267,106.65326266831876,36,42,0.999762,12,40,4,0,0.8571
10.94927106740351,106.87196348224562,30,41,1.0,12,40,4,0,0.7317
10.78866360854368,106.695513722289,33,42,1.0,12,40,4,0,0.7857
10.801406421807084,106.7114844087968,33,42,1.0,12,40,4,0,0.7857
10.843150534972033,106.6151343241409,23,35,1.0,12,40,4,0,0.6571
10.880537767027526,106.81481342866444,43,52,1.0,12,40,4,0,0.8269
10.740840166521664,106.61899246873142,27,35,1.0,12,40,4,0,0.7714
10.798986343749618,106.7269705664684,45,45,1.0,12,40,4,0,1.0
10.741860769464234,106.73790365482628,45,45,1.0,12,40,4,0,1.0
10.752408891679814,106.7022703818112,25,34,1.0,12,40,4,0,0.7353
10.786216596454729,106.71836665482697,40,40,1.0,12,40,4,0,1.0
10.78948793356203,106.7151883818118,36,36,1.0,12,40,4,0,1.0
10.80223925742187,106.6478722259914,27,41,1.0,12,40,4,0,0.6585
10.813928881466124,106.66511432455972,22,34,0.998956,12,40,4,0,0.6471
10.755608615763382,106.67347943578082,18,28,1.0,12,40,4,0,0.6429
10.782680856341084,106.70051548181168,18,30,1.0,12,40,4,0,0.6
10.754895139302109,106.67839188181134,23,33,1.0,12,40,4,0,0.697
10.785070445194592,106.68331340921324,14,28,1.0,12,40,4,0,0.5
10.7549373008113,106.67848844133415,23,33,1.0,12,40,4,0,0.697
10.77898143649726,106.67684447140958,23,34,1.0,12,40,4,0,0.6765
10.7671128283867,106.6927618222887,7,21,1.0,12,40,4,0,0.3333
10.77847212665258,106.69389510879644,30,41,1.0,12,40,4,0,0.7317
10.796057790235078,106.67492629345334,22,34,0.998484,12,40,4,0,0.6471
10.8352982156415,106.72935479345392,42,42,1.0,12,40,4,0,1.0
10.777562007197462,106.7041335430398,18,30,1.0,12,40,4,0,0.6
10.83886351241477,106.67566625482782,26,36,1.0,12,40,4,0,0.7222
10.765187049751797,106.67550552599072,20,35,1.0,12,40,4,0,0.5714
10.75948437198232,106.6840537511244,18,27,1.0,12,41,4,0,0.6667
10.865229381280963,106.72366973948476,38,49,1.0,12,41,4,0,0.7755
10.72279213640514,106.72808623948244,29,37,0.998303,12,41,4,0,0.7838
10.823400120373712,106.68551227436063,25,31,1.0,12,41,4,0,0.8065
10.756158554057755,106.66631758181126,21,29,1.0,12,41,4,0,0.7241
10.7144382088356,106.73711688366168,27,35,1.0,12,41,4,0,0.7714
10.817236653231737,106.63191539530456,22,34,1.0,12,41,4,0,0.6471
10.772727584493625,106.69804225297564,13,22,0.968292,12,43,4,0,0.5909
10.774028664434528,106.70357076461706,16,28,1.0,12,43,4,0,0.5714
10.752616652291238,106.72509685338922,39,39,1.0,12,43,4,0,1.0
10.745754766198267,106.65326266831876,36,43,1.0,12,43,4,0,0.8372
10.94927106740351,106.87196348224562,30,42,1.0,12,43,4,0,0.7143
10.78866360854368,106.695513722289,34,41,1.0,12,43,4,0,0.8293
10.801406421807084,106.7114844087968,34,41,1.0,12,43,4,0,0.8293
10.843150534972033,106.6151343241409,22,34,1.0,12,44,4,0,0.6471
10.880537767027526,106.81481342866444,43,53,1.0,12,44,4,0,0.8113
10.740840166521664,106.61899246873142,26,35,1.0,12,44,4,0,0.7429
10.798986343749618,106.7269705664684,45,45,1.0,12,44,4,0,1.0
10.741860769464234,106.73790365482628,36,43,1.0,12,44,4,0,0.8372
10.752408891679814,106.7022703818112,22,33,1.0,12,44,4,0,0.6667
10.786216596454729,106.71836665482697,40,40,1.0,12,44,4,0,1.0
10.78948793356203,106.7151883818118,36,36,1.0,12,44,4,0,1.0
10.80223925742187,106.6478722259914,28,41,1.0,12,44,4,0,0.6829
10.813928881466124,106.66511432455972,21,34,0.998405,12,44,4,0,0.6176
10.755608615763382,106.67347943578082,17,28,1.0,12,44,4,0,0.6071
10.782680856341084,106.70051548181168,17,30,1.0,12,44,4,0,0.5667
10.754895139302109,106.67839188181134,21,33,1.0,12,45,4,0,0.6364
10.785070445194592,106.68331340921324,13,27,1.0,12,45,4,0,0.4815
10.7549373008113,106.67848844133415,22,33,1.0,12,45,4,0,0.6667
10.77898143649726,106.67684447140958,22,34,1.0,12,45,4,0,0.6471
10.7671128283867,106.6927618222887,12,20,1.0,12,45,4,0,0.6
10.77847212665258,106.69389510879644,29,41,1.0,12,45,4,0,0.7073
10.796057790235078,106.67492629345334,21,34,0.998405,12,45,4,0,0.6176
10.8352982156415,106.72935479345392,35,42,0.998382,12,45,4,0,0.8333
10.777562007197462,106.7041335430398,18,30,1.0,12,45,4,0,0.6
10.83886351241477,106.67566625482782,26,36,1.0,12,45,4,0,0.7222
10.765187049751797,106.67550552599072,24,36,1.0,12,45,4,0,0.6667
10.75948437198232,106.6840537511244,18,28,1.0,12,45,4,0,0.6429
10.865229381280963,106.72366973948476,38,50,1.0,12,45,4,0,0.76
10.72279213640514,106.72808623948244,29,36,0.998245,12,45,4,0,0.8056
10.823400120373712,106.68551227436063,23,31,1.0,12,45,4,0,0.7419
10.756158554057755,106.66631758181126,20,30,1.0,12,45,4,0,0.6667
10.7144382088356,106.73711688366168,27,35,1.0,12,45,4,0,0.7714
10.817236653231737,106.63191539530456,21,34,1.0,12,45,4,0,0.6176
10.772727584493625,106.69804225297564,14,22,0.968292,12,47,4,0,0.6364
10.774028664434528,106.70357076461706,21,29,1.0,12,47,4,0,0.7241
10.752616652291238,106.72509685338922,31,39,1.0,12,47,4,0,0.7949
10.745754766198267,106.65326266831876,36,43,1.0,12,47,4,0,0.8372
10.94927106740351,106.87196348224562,26,41,1.0,12,47,4,0,0.6341
10.78866360854368,106.695513722289,33,42,1.0,12,47,4,0,0.7857
10.801406421807084,106.7114844087968,33,42,1.0,12,48,4,0,0.7857
10.843150534972033,106.6151343241409,23,35,1.0,12,48,4,0,0.6571
10.880537767027526,106.81481342866444,45,53,1.0,12,48,4,0,0.8491
10.740840166521664,106.61899246873142,27,35,1.0,12,48,4,0,0.7714
10.798986343749618,106.7269705664684,45,45,1.0,12,48,4,0,1.0
10.741860769464234,106.73790365482628,45,45,1.0,12,48,4,0,1.0
10.752408891679814,106.7022703818112,26,34,1.0,12,48,4,0,0.7647
10.786216596454729,106.71836665482697,40,40,1.0,12,48,4,0,1.0
10.78948793356203,106.7151883818118,36,36,1.0,12,48,4,0,1.0
10.80223925742187,106.6478722259914,25,41,1.0,12,48,4,0,0.6098
10.813928881466124,106.66511432455972,23,34,0.998667,12,48,4,0,0.6765
10.755608615763382,106.67347943578082,19,27,0.998951,12,48,4,0,0.7037
10.782680856341084,106.70051548181168,18,30,1.0,12,48,4,0,0.6
10.754895139302109,106.67839188181134,21,32,1.0,12,48,4,0,0.6562
10.785070445194592,106.68331340921324,17,27,1.0,12,48,4,0,0.6296
10.7549373008113,106.67848844133415,21,32,1.0,12,48,4,0,0.6562
10.77898143649726,106.67684447140958,23,34,1.0,12,48,4,0,0.6765
10.7671128283867,106.6927618222887,20,20,1.0,12,48,4,0,1.0
10.77847212665258,106.69389510879644,30,41,1.0,12,48,4,0,0.7317
10.796057790235078,106.67492629345334,21,34,0.998955,12,48,4,0,0.6176
10.8352982156415,106.72935479345392,35,43,0.998558,12,48,4,0,0.814
10.777562007197462,106.7041335430398,18,30,1.0,12,48,4,0,0.6
10.83886351241477,106.67566625482782,30,36,0.998083,12,49,4,0,0.8333
10.765187049751797,106.67550552599072,22,35,1.0,12,49,4,0,0.6286
10.75948437198232,106.6840537511244,20,27,1.0,12,49,4,0,0.7407
10.865229381280963,106.72366973948476,37,49,1.0,12,49,4,0,0.7551
10.72279213640514,106.72808623948244,29,37,0.998245,12,49,4,0,0.7838
10.823400120373712,106.68551227436063,22,31,1.0,12,49,4,0,0.7097
10.756158554057755,106.66631758181126,18,29,1.0,12,49,4,0,0.6207
10.7144382088356,106.73711688366168,26,35,1.0,12,49,4,0,0.7429
10.817236653231737,106.63191539530456,24,35,1.0,12,49,4,0,0.6857
10.772727584493625,106.69804225297564,14,23,0.968292,12,51,4,0,0.6087
10.774028664434528,106.70357076461706,29,29,1.0,12,51,4,0,1.0
10.752616652291238,106.72509685338922,39,39,1.0,12,51,4,0,1.0
10.745754766198267,106.65326266831876,34,42,1.0,12,51,4,0,0.8095
10.94927106740351,106.87196348224562,34,41,1.0,12,51,4,0,0.8293
10.78866360854368,106.695513722289,33,42,1.0,12,51,4,0,0.7857
10.801406421807084,106.7114844087968,33,42,1.0,12,51,4,0,0.7857
10.843150534972033,106.6151343241409,23,35,1.0,12,51,4,0,0.6571
10.880537767027526,106.81481342866444,43,53,1.0,12,52,4,0,0.8113
10.740840166521664,106.61899246873142,27,35,1.0,12,52,4,0,0.7714
10.798986343749618,106.7269705664684,45,45,1.0,12,52,4,0,1.0
10.741860769464234,106.73790365482628,37,44,1.0,12,52,4,0,0.8409
10.752408891679814,106.7022703818112,25,34,1.0,12,52,4,0,0.7353
10.786216596454729,106.71836665482697,40,40,1.0,12,52,4,0,1.0
10.78948793356203,106.7151883818118,36,36,1.0,12,52,4,0,1.0
10.80223925742187,106.6478722259914,27,41,1.0,12,52,4,0,0.6585
10.813928881466124,106.66511432455972,22,33,0.998772,12,52,4,0,0.6667
10.755608615763382,106.67347943578082,17,28,1.0,12,52,4,0,0.6071
10.782680856341084,106.70051548181168,18,30,1.0,12,52,4,0,0.6
10.754895139302109,106.67839188181134,23,32,1.0,12,53,4,0,0.7188
10.785070445194592,106.68331340921324,17,27,1.0,12,53,4,0,0.6296
10.7549373008113,106.67848844133415,23,32,1.0,12,53,4,0,0.7188
10.77898143649726,106.67684447140958,24,34,1.0,12,53,4,0,0.7059
10.7671128283867,106.6927618222887,13,20,1.0,12,53,4,0,0.65
10.77847212665258,106.69389510879644,30,41,1.0,12,53,4,0,0.7317
10.796057790235078,106.67492629345334,21,34,1.0,12,53,4,0,0.6176
10.8352982156415,106.72935479345392,35,42,0.998917,12,53,4,0,0.8333
10.777562007197462,106.7041335430398,18,30,1.0,12,53,4,0,0.6
10.83886351241477,106.67566625482782,27,36,1.0,12,53,4,0,0.75
10.765187049751797,106.67550552599072,22,36,1.0,12,53,4,0,0.6111
10.75948437198232,106.6840537511244,16,28,0.998951,12,53,4,0,0.5714
10.865229381280963,106.72366973948476,37,49,1.0,12,53,4,0,0.7551
10.72279213640514,106.72808623948244,28,37,0.997703,12,53,4,0,0.7568
10.823400120373712,106.68551227436063,32,32,1.0,12,54,4,0,1.0
10.756158554057755,106.66631758181126,17,29,1.0,12,54,4,0,0.5862
10.7144382088356,106.73711688366168,27,35,1.0,12,54,4,0,0.7714
10.817236653231737,106.63191539530456,24,35,1.0,12,54,4,0,0.6857
10.772727584493625,106.69804225297564,12,22,0.968292,12,56,4,0,0.5455
10.774028664434528,106.70357076461706,23,28,1.0,12,56,4,0,0.8214
10.752616652291238,106.72509685338922,39,39,1.0,12,56,4,0,1.0
10.745754766198267,106.65326266831876,35,43,1.0,12,56,4,0,0.814
10.94927106740351,106.87196348224562,33,41,1.0,12,56,4,0,0.8049
10.78866360854368,106.695513722289,33,42,1.0,12,56,4,0,0.7857
10.801406421807084,106.7114844087968,33,42,1.0,12,56,4,0,0.7857
10.843150534972033,106.6151343241409,23,35,1.0,12,57,4,0,0.6571
10.880537767027526,106.81481342866444,45,53,1.0,12,57,4,0,0.8491
10.740840166521664,106.61899246873142,26,35,1.0,12,57,4,0,0.7429
10.798986343749618,106.7269705664684,45,45,1.0,12,57,4,0,1.0
10.741860769464234,106.73790365482628,35,44,1.0,12,57,4,0,0.7955
10.752408891679814,106.7022703818112,25,33,1.0,12,57,4,0,0.7576
10.786216596454729,106.71836665482697,40,40,1.0,12,57,4,0,1.0
10.78948793356203,106.7151883818118,36,36,1.0,12,57,4,0,1.0
10.80223925742187,106.6478722259914,33,41,1.0,12,57,4,0,0.8049
10.813928881466124,106.66511432455972,21,34,0.999244,12,57,4,0,0.6176
10.755608615763382,106.67347943578082,20,28,1.0,12,57,4,0,0.7143
10.782680856341084,106.70051548181168,17,30,1.0,12,57,4,0,0.5667
10.754895139302109,106.67839188181134,22,32,1.0,12,57,4,0,0.6875
10.785070445194592,106.68331340921324,16,28,1.0,12,58,4,0,0.5714
10.7549373008113,106.67848844133415,22,33,1.0,12,58,4,0,0.6667
10.77898143649726,106.67684447140958,23,34,1.0,12,58,4,0,0.6765
10.7671128283867,106.6927618222887,11,19,1.0,12,58,4,0,0.5789
10.77847212665258,106.69389510879644,29,41,1.0,12,58,4,0,0.7073
10.796057790235078,106.67492629345334,21,33,0.999713,12,58,4,0,0.6364
10.8352982156415,106.72935479345392,37,42,0.997834,12,58,4,0,0.881
10.777562007197462,106.7041335430398,16,30,1.0,12,58,4,0,0.5333
10.83886351241477,106.67566625482782,28,36,1.0,12,58,4,0,0.7778
10.765187049751797,106.67550552599072,24,36,1.0,12,58,4,0,0.6667
10.75948437198232,106.6840537511244,20,28,1.0,12,58,4,0,0.7143
10.865229381280963,106.72366973948476,37,49,1.0,12,58,4,0,0.7551
10.72279213640514,106.72808623948244,29,37,0.997703,12,58,4,0,0.7838
10.823400120373712,106.68551227436063,23,32,1.0,12,58,4,0,0.7188
10.756158554057755,106.66631758181126,21,29,1.0,12,58,4,0,0.7241
10.7144382088356,106.73711688366168,27,35,1.0,12,58,4,0,0.7714
10.817236653231737,106.63191539530456,24,34,1.0,12,58,4,0,0.7059
10.772727584493625,106.69804225297564,16,23,0.998765,13,0,4,0,0.6957
10.774028664434528,106.70357076461706,21,28,1.0,13,0,4,0,0.75
10.752616652291238,106.72509685338922,39,39,1.0,13,0,4,0,1.0
10.745754766198267,106.65326266831876,42,42,1.0,13,0,4,0,1.0
10.94927106740351,106.87196348224562,28,42,1.0,13,0,4,0,0.6667
10.78866360854368,106.695513722289,32,42,1.0,13,0,4,0,0.7619
10.801406421807084,106.7114844087968,33,42,1.0,13,0,4,0,0.7857
10.843150534972033,106.6151343241409,23,35,1.0,13,0,4,0,0.6571
10.880537767027526,106.81481342866444,45,53,1.0,13,0,4,0,0.8491
10.740840166521664,106.61899246873142,26,35,1.0,13,0,4,0,0.7429
10.798986343749618,106.7269705664684,45,45,1.0,13,0,4,0,1.0
10.741860769464234,106.73790365482628,37,44,1.0,13,0,4,0,0.8409
10.752408891679814,106.7022703818112,24,34,1.0,13,1,4,0,0.7059
10.786216596454729,106.71836665482697,40,40,1.0,13,1,4,0,1.0
10.78948793356203,106.7151883818118,36,36,1.0,13,1,4,0,1.0
10.80223925742187,106.6478722259914,30,41,1.0,13,1,4,0,0.7317
10.813928881466124,106.66511432455972,23,34,1.0,13,1,4,0,0.6765
10.755608615763382,106.67347943578082,19,28,0.997061,13,1,4,0,0.6786
10.782680856341084,106.70051548181168,19,30,1.0,13,1,4,0,0.6333
10.754895139302109,106.67839188181134,23,32,1.0,13,1,4,0,0.7188
10.785070445194592,106.68331340921324,14,28,1.0,13,1,4,0,0.5
10.7549373008113,106.67848844133415,23,32,1.0,13,1,4,0,0.7188
10.77898143649726,106.67684447140958,23,34,1.0,13,1,4,0,0.6765
10.7671128283867,106.6927618222887,13,20,1.0,13,1,4,0,0.65
10.77847212665258,106.69389510879644,31,42,1.0,13,1,4,0,0.7381
10.796057790235078,106.67492629345334,23,34,1.0,13,1,4,0,0.6765
10.8352982156415,106.72935479345392,35,42,0.998018,13,1,4,0,0.8333
10.777562007197462,106.7041335430398,19,30,1.0,13,1,4,0,0.6333
10.83886351241477,106.67566625482782,28,36,1.0,13,1,4,0,0.7778
10.765187049751797,106.67550552599072,21,35,1.0,13,1,4,0,0.6
10.75948437198232,106.6840537511244,19,28,0.997061,13,1,4,0,0.6786
10.865229381280963,106.72366973948476,38,49,1.0,13,1,4,0,0.7755
10.72279213640514,106.72808623948244,28,37,0.998112,13,1,4,0,0.7568
10.823400120373712,106.68551227436063,22,32,1.0,13,1,4,0,0.6875
10.756158554057755,106.66631758181126,23,29,1.0,13,1,4,0,0.7931
10.7144382088356,106.73711688366168,26,35,1.0,13,1,4,0,0.7429
10.817236653231737,106.63191539530456,23,35,1.0,13,1,4,0,0.6571
10.772727584493625,106.69804225297564,13,24,0.998765,13,4,4,0,0.5417
10.774028664434528,106.70357076461706,20,29,1.0,13,4,4,0,0.6897
10.752616652291238,106.72509685338922,39,39,1.0,13,4,4,0,1.0
10.745754766198267,106.65326266831876,42,42,1.0,13,4,4,0,1.0
10.94927106740351,106.87196348224562,28,43,1.0,13,4,4,0,0.6512
10.78866360854368,106.695513722289,33,41,1.0,13,4,4,0,0.8049
10.801406421807084,106.7114844087968,33,41,1.0,13,4,4,0,0.8049
10.843150534972033,106.6151343241409,21,34,1.0,13,4,4,0,0.6176
10.880537767027526,106.81481342866444,43,53,1.0,13,4,4,0,0.8113
10.740840166521664,106.61899246873142,26,35,1.0,13,4,4,0,0.7429
10.798986343749618,106.7269705664684,45,45,1.0,13,4,4,0,1.0
10.741860769464234,106.73790365482628,38,44,1.0,13,4,4,0,0.8636
10.752408891679814,106.7022703818112,26,33,1.0,13,4,4,0,0.7879
10.786216596454729,106.71836665482697,40,40,1.0,13,4,4,0,1.0
10.78948793356203,106.7151883818118,36,36,1.0,13,4,4,0,1.0
10.80223925742187,106.6478722259914,31,41,1.0,13,4,4,0,0.7561
10.813928881466124,106.66511432455972,23,34,1.0,13,4,4,0,0.6765
10.755608615763382,106.67347943578082,19,27,1.0,13,4,4,0,0.7037
10.782680856341084,106.70051548181168,19,30,1.0,13,5,4,0,0.6333
10.754895139302109,106.67839188181134,24,33,1.0,13,5,4,0,0.7273
10.785070445194592,106.68331340921324,17,27,1.0,13,5,4,0,0.6296
10.7549373008113,106.67848844133415,24,33,1.0,13,5,4,0,0.7273
10.77898143649726,106.67684447140958,23,34,1.0,13,5,4,0,0.6765
10.7671128283867,106.6927618222887,13,20,1.0,13,5,4,0,0.65
10.77847212665258,106.69389510879644,30,41,1.0,13,5,4,0,0.7317
10.796057790235078,106.67492629345334,23,34,1.0,13,5,4,0,0.6765
10.8352982156415,106.72935479345392,36,42,0.997836,13,5,4,0,0.8571
10.777562007197462,106.7041335430398,18,31,1.0,13,5,4,0,0.5806
10.83886351241477,106.67566625482782,27,36,1.0,13,5,4,0,0.75
10.765187049751797,106.67550552599072,20,36,1.0,13,5,4,0,0.5556
10.75948437198232,106.6840537511244,19,26,0.994753,13,6,4,0,0.7308
10.865229381280963,106.72366973948476,37,49,1.0,13,6,4,0,0.7551
10.72279213640514,106.72808623948244,28,36,0.997445,13,6,4,0,0.7778
10.823400120373712,106.68551227436063,20,31,1.0,13,6,4,0,0.6452
10.756158554057755,106.66631758181126,20,29,1.0,13,6,4,0,0.6897
10.7144382088356,106.73711688366168,27,35,1.0,13,6,4,0,0.7714
10.817236653231737,106.63191539530456,23,34,1.0,13,6,4,0,0.6765
10.772727584493625,106.69804225297564,16,24,1.0,13,8,4,0,0.6667
10.774028664434528,106.70357076461706,23,29,1.0,13,8,4,0,0.7931
10.752616652291238,106.72509685338922,39,39,1.0,13,8,4,0,1.0
10.745754766198267,106.65326266831876,42,42,1.0,13,8,4,0,1.0
10.94927106740351,106.87196348224562,28,41,1.0,13,8,4,0,0.6829
10.78866360854368,106.695513722289,35,42,1.0,13,8,4,0,0.8333
10.801406421807084,106.7114844087968,35,42,1.0,13,9,4,0,0.8333
10.843150534972033,106.6151343241409,24,34,1.0,13,9,4,0,0.7059
10.880537767027526,106.81481342866444,42,53,1.0,13,9,4,0,0.7925
10.740840166521664,106.61899246873142,25,35,1.0,13,9,4,0,0.7143
10.798986343749618,106.7269705664684,45,45,1.0,13,9,4,0,1.0
10.741860769464234,106.73790365482628,45,45,1.0,13,9,4,0,1.0
10.752408891679814,106.7022703818112,25,33,1.0,13,9,4,0,0.7576
10.786216596454729,106.71836665482697,40,40,1.0,13,9,4,0,1.0
10.78948793356203,106.7151883818118,36,36,1.0,13,9,4,0,1.0
10.80223925742187,106.6478722259914,29,41,1.0,13,9,4,0,0.7073
10.813928881466124,106.66511432455972,21,34,1.0,13,9,4,0,0.6176
10.755608615763382,106.67347943578082,19,28,1.0,13,9,4,0,0.6786
10.782680856341084,106.70051548181168,17,29,1.0,13,9,4,0,0.5862
10.754895139302109,106.67839188181134,22,32,1.0,13,9,4,0,0.6875
10.785070445194592,106.68331340921324,17,28,1.0,13,9,4,0,0.6071
10.7549373008113,106.67848844133415,22,32,1.0,13,10,4,0,0.6875
10.77898143649726,106.67684447140958,24,34,1.0,13,10,4,0,0.7059
10.7671128283867,106.6927618222887,12,20,1.0,13,10,4,0,0.6
10.77847212665258,106.69389510879644,29,42,1.0,13,10,4,0,0.6905
10.796057790235078,106.67492629345334,21,34,1.0,13,10,4,0,0.6176
10.8352982156415,106.72935479345392,35,42,0.997456,13,10,4,0,0.8333
10.777562007197462,106.7041335430398,18,30,1.0,13,10,4,0,0.6
10.83886351241477,106.67566625482782,29,36,1.0,13,10,4,0,0.8056
10.765187049751797,106.67550552599072,22,36,1.0,13,10,4,0,0.6111
10.75948437198232,106.6840537511244,20,28,1.0,13,10,4,0,0.7143
10.865229381280963,106.72366973948476,37,49,1.0,13,11,4,0,0.7551
10.72279213640514,106.72808623948244,27,36,1.0,13,11,4,0,0.75
10.823400120373712,106.68551227436063,24,32,1.0,13,11,4,0,0.75
10.756158554057755,106.66631758181126,21,29,1.0,13,11,4,0,0.7241
10.7144382088356,106.73711688366168,26,35,1.0,13,11,4,0,0.7429
10.817236653231737,106.63191539530456,23,35,1.0,13,11,4,0,0.6571
10.772727584493625,106.69804225297564,15,25,1.0,13,13,4,0,0.6
10.774028664434528,106.70357076461706,22,28,1.0,13,13,4,0,0.7857
10.752616652291238,106.72509685338922,39,39,1.0,13,13,4,0,1.0
10.745754766198267,106.65326266831876,37,42,1.0,13,13,4,0,0.881
10.94927106740351,106.87196348224562,23,41,1.0,13,13,4,0,0.561
10.78866360854368,106.695513722289,35,42,1.0,13,13,4,0,0.8333
10.801406421807084,106.7114844087968,35,42,1.0,13,13,4,0,0.8333
10.843150534972033,106.6151343241409,24,35,1.0,13,13,4,0,0.6857
10.880537767027526,106.81481342866444,43,53,1.0,13,13,4,0,0.8113
10.740840166521664,106.61899246873142,25,35,1.0,13,13,4,0,0.7143
10.798986343749618,106.7269705664684,45,45,1.0,13,13,4,0,1.0
10.741860769464234,106.73790365482628,45,45,1.0,13,13,4,0,1.0
10.752408891679814,106.7022703818112,25,33,1.0,13,13,4,0,0.7576
10.786216596454729,106.71836665482697,40,40,1.0,13,13,4,0,1.0
10.78948793356203,106.7151883818118,36,36,1.0,13,13,4,0,1.0
10.80223925742187,106.6478722259914,30,41,1.0,13,13,4,0,0.7317
10.813928881466124,106.66511432455972,21,33,1.0,13,14,4,0,0.6364
10.755608615763382,106.67347943578082,20,27,0.997069,13,14,4,0,0.7407
10.782680856341084,106.70051548181168,19,30,1.0,13,14,4,0,0.6333
10.754895139302109,106.67839188181134,23,33,1.0,13,14,4,0,0.697
10.785070445194592,106.68331340921324,12,27,1.0,13,14,4,0,0.4444
10.7549373008113,106.67848844133415,23,33,1.0,13,14,4,0,0.697
10.77898143649726,106.67684447140958,23,34,1.0,13,14,4,0,0.6765
10.7671128283867,106.6927618222887,12,20,1.0,13,14,4,0,0.6
10.77847212665258,106.69389510879644,29,41,1.0,13,14,4,0,0.7073
10.796057790235078,106.67492629345334,22,33,0.999427,13,14,4,0,0.6667
10.8352982156415,106.72935479345392,36,42,0.997288,13,15,4,0,0.8571
10.777562007197462,106.7041335430398,18,30,1.0,13,15,4,0,0.6
10.83886351241477,106.67566625482782,36,36,1.0,13,15,4,0,1.0
10.765187049751797,106.67550552599072,25,36,1.0,13,15,4,0,0.6944
10.75948437198232,106.6840537511244,22,28,1.0,13,15,4,0,0.7857
10.865229381280963,106.72366973948476,37,49,1.0,13,15,4,0,0.7551
10.72279213640514,106.72808623948244,28,37,1.0,13,15,4,0,0.7568
10.823400120373712,106.68551227436063,24,32,1.0,13,15,4,0,0.75
10.756158554057755,106.66631758181126,21,30,1.0,13,15,4,0,0.7
10.7144382088356,106.73711688366168,26,35,1.0,13,15,4,0,0.7429
10.817236653231737,106.63191539530456,22,35,1.0,13,15,4,0,0.6286
10.772727584493625,106.69804225297564,14,24,1.0,13,17,4,0,0.5833
10.774028664434528,106.70357076461706,29,29,1.0,13,17,4,0,1.0
10.752616652291238,106.72509685338922,39,39,1.0,13,17,4,0,1.0
10.745754766198267,106.65326266831876,42,42,1.0,13,17,4,0,1.0
10.94927106740351,106.87196348224562,31,41,1.0,13,17,4,0,0.7561
10.78866360854368,106.695513722289,34,42,1.0,13,17,4,0,0.8095
10.801406421807084,106.7114844087968,34,42,1.0,13,18,4,0,0.8095
10.843150534972033,106.6151343241409,23,35,1.0,13,18,4,0,0.6571
10.880537767027526,106.81481342866444,40,53,1.0,13,18,4,0,0.7547
10.740840166521664,106.61899246873142,25,35,1.0,13,18,4,0,0.7143
10.798986343749618,106.7269705664684,45,45,1.0,13,18,4,0,1.0
10.741860769464234,106.73790365482628,45,45,1.0,13,18,4,0,1.0
10.752408891679814,106.7022703818112,23,34,1.0,13,18,4,0,0.6765
10.786216596454729,106.71836665482697,40,40,1.0,13,18,4,0,1.0
10.78948793356203,106.7151883818118,36,36,1.0,13,18,4,0,1.0
10.80223925742187,106.6478722259914,30,41,1.0,13,18,4,0,0.7317
10.813928881466124,106.66511432455972,21,34,1.0,13,18,4,0,0.6176
10.755608615763382,106.67347943578082,20,28,1.0,13,18,4,0,0.7143
10.782680856341084,106.70051548181168,19,30,1.0,13,18,4,0,0.6333
10.754895139302109,106.67839188181134,24,33,1.0,13,18,4,0,0.7273
10.785070445194592,106.68331340921324,16,28,1.0,13,18,4,0,0.5714
10.7549373008113,106.67848844133415,23,32,1.0,13,18,4,0,0.7188
10.77898143649726,106.67684447140958,21,34,1.0,13,18,4,0,0.6176
10.7671128283867,106.6927618222887,8,21,1.0,13,18,4,0,0.381
10.77847212665258,106.69389510879644,30,41,1.0,13,18,4,0,0.7317
10.796057790235078,106.67492629345334,22,34,1.0,13,19,4,0,0.6471
10.8352982156415,106.72935479345392,36,42,0.997037,13,19,4,0,0.8571
10.777562007197462,106.7041335430398,19,30,1.0,13,19,4,0,0.6333
10.83886351241477,106.67566625482782,30,36,1.0,13,19,4,0,0.8333
10.765187049751797,106.67550552599072,27,36,1.0,13,19,4,0,0.75
10.75948437198232,106.6840537511244,17,28,1.0,13,19,4,0,0.6071
10.865229381280963,106.72366973948476,36,49,1.0,13,19,4,0,0.7347
10.72279213640514,106.72808623948244,27,37,0.999301,13,19,4,0,0.7297
10.823400120373712,106.68551227436063,26,32,1.0,13,19,4,0,0.8125
10.756158554057755,106.66631758181126,21,28,1.0,13,19,4,0,0.75
10.7144382088356,106.73711688366168,26,35,1.0,13,19,4,0,0.7429
10.817236653231737,106.63191539530456,23,35,1.0,13,19,4,0,0.6571
10.772727584493625,106.69804225297564,14,24,1.0,13,21,4,0,0.5833
10.774028664434528,106.70357076461706,23,29,1.0,13,21,4,0,0.7931
10.752616652291238,106.72509685338922,39,39,1.0,13,21,4,0,1.0
10.745754766198267,106.65326266831876,42,42,1.0,13,21,4,0,1.0
10.94927106740351,106.87196348224562,32,42,1.0,13,21,4,0,0.7619
10.78866360854368,106.695513722289,34,41,1.0,13,21,4,0,0.8293
10.801406421807084,106.7114844087968,34,41,1.0,13,22,4,0,0.8293
10.843150534972033,106.6151343241409,23,35,1.0,13,22,4,0,0.6571
10.880537767027526,106.81481342866444,42,53,1.0,13,22,4,0,0.7925
10.740840166521664,106.61899246873142,25,35,1.0,13,22,4,0,0.7143
10.798986343749618,106.7269705664684,45,45,1.0,13,22,4,0,1.0
10.741860769464234,106.73790365482628,45,45,1.0,13,22,4,0,1.0
10.752408891679814,106.7022703818112,23,34,1.0,13,22,4,0,0.6765
10.786216596454729,106.71836665482697,40,40,1.0,13,22,4,0,1.0
10.78948793356203,106.7151883818118,36,36,1.0,13,22,4,0,1.0
10.80223925742187,106.6478722259914,31,41,1.0,13,22,4,0,0.7561
10.813928881466124,106.66511432455972,21,33,1.0,13,22,4,0,0.6364
10.755608615763382,106.67347943578082,19,28,0.998943,13,22,4,0,0.6786
10.782680856341084,106.70051548181168,19,30,1.0,13,22,4,0,0.6333
10.754895139302109,106.67839188181134,24,33,1.0,13,22,4,0,0.7273
10.785070445194592,106.68331340921324,12,27,1.0,13,22,4,0,0.4444
10.7549373008113,106.67848844133415,24,33,1.0,13,22,4,0,0.7273
10.77898143649726,106.67684447140958,22,34,1.0,13,22,4,0,0.6471
10.7671128283867,106.6927618222887,10,20,1.0,13,22,4,0,0.5
10.77847212665258,106.69389510879644,30,41,1.0,13,22,4,0,0.7317
10.796057790235078,106.67492629345334,21,33,1.0,13,22,4,0,0.6364
10.8352982156415,106.72935479345392,34,42,0.997253,13,22,4,0,0.8095
10.777562007197462,106.7041335430398,19,30,1.0,13,22,4,0,0.6333
10.83886351241477,106.67566625482782,29,36,1.0,13,22,4,0,0.8056
10.765187049751797,106.67550552599072,22,35,1.0,13,22,4,0,0.6286
10.75948437198232,106.6840537511244,19,28,0.998943,13,22,4,0,0.6786
10.865229381280963,106.72366973948476,36,49,1.0,13,22,4,0,0.7347
10.72279213640514,106.72808623948244,29,37,0.999301,13,22,4,0,0.7838
10.823400120373712,106.68551227436063,32,32,1.0,13,23,4,0,1.0
10.756158554057755,106.66631758181126,22,29,1.0,13,23,4,0,0.7586
10.7144382088356,106.73711688366168,27,35,1.0,13,23,4,0,0.7714
10.817236653231737,106.63191539530456,23,35,1.0,13,23,4,0,0.6571
10.772727584493625,106.69804225297564,14,24,0.998765,13,25,4,0,0.5833
10.774028664434528,106.70357076461706,19,28,1.0,13,25,4,0,0.6786
10.752616652291238,106.72509685338922,39,39,1.0,13,25,4,0,1.0
10.745754766198267,106.65326266831876,42,42,1.0,13,25,4,0,1.0
10.94927106740351,106.87196348224562,29,41,1.0,13,25,4,0,0.7073
10.78866360854368,106.695513722289,36,41,1.0,13,25,4,0,0.878
10.801406421807084,106.7114844087968,36,41,1.0,13,25,4,0,0.878
10.843150534972033,106.6151343241409,24,35,1.0,13,26,4,0,0.6857
10.880537767027526,106.81481342866444,42,53,1.0,13,26,4,0,0.7925
10.740840166521664,106.61899246873142,25,35,1.0,13,26,4,0,0.7143
10.798986343749618,106.7269705664684,45,45,1.0,13,26,4,0,1.0
10.741860769464234,106.73790365482628,45,45,1.0,13,26,4,0,1.0
10.752408891679814,106.7022703818112,25,34,1.0,13,26,4,0,0.7353
10.786216596454729,106.71836665482697,40,40,1.0,13,26,4,0,1.0
10.78948793356203,106.7151883818118,36,36,1.0,13,26,4,0,1.0
10.80223925742187,106.6478722259914,41,41,1.0,13,26,4,0,1.0
10.813928881466124,106.66511432455972,22,34,1.0,13,26,4,0,0.6471
10.755608615763382,106.67347943578082,17,27,1.0,13,26,4,0,0.6296
10.782680856341084,106.70051548181168,18,30,1.0,13,27,4,0,0.6
10.754895139302109,106.67839188181134,24,32,1.0,13,27,4,0,0.75
10.785070445194592,106.68331340921324,13,27,1.0,13,27,4,0,0.4815
10.7549373008113,106.67848844133415,24,32,1.0,13,27,4,0,0.75
10.77898143649726,106.67684447140958,21,34,1.0,13,27,4,0,0.6176
10.7671128283867,106.6927618222887,20,20,1.0,13,27,4,0,1.0
10.77847212665258,106.69389510879644,29,41,1.0,13,27,4,0,0.7073
10.796057790235078,106.67492629345334,22,34,1.0,13,27,4,0,0.6471
10.8352982156415,106.72935479345392,36,42,0.998018,13,27,4,0,0.8571
10.777562007197462,106.7041335430398,19,30,1.0,13,27,4,0,0.6333
10.83886351241477,106.67566625482782,30,36,1.0,13,27,4,0,0.8333
10.765187049751797,106.67550552599072,28,36,1.0,13,27,4,0,0.7778
10.75948437198232,106.6840537511244,18,28,1.0,13,27,4,0,0.6429
10.865229381280963,106.72366973948476,36,49,1.0,13,27,4,0,0.7347
10.72279213640514,106.72808623948244,27,37,0.998476,13,27,4,0,0.7297
10.823400120373712,106.68551227436063,23,32,1.0,13,27,4,0,0.7188
10.756158554057755,106.66631758181126,22,29,1.0,13,28,4,0,0.7586
10.7144382088356,106.73711688366168,26,35,1.0,13,28,4,0,0.7429
10.817236653231737,106.63191539530456,22,34,1.0,13,28,4,0,0.6471
10.772727584493625,106.69804225297564,13,24,0.998765,13,30,4,0,0.5417
10.774028664434528,106.70357076461706,22,29,1.0,13,30,4,0,0.7586
10.752616652291238,106.72509685338922,39,39,1.0,13,30,4,0,1.0
10.745754766198267,106.65326266831876,42,42,1.0,13,30,4,0,1.0
10.94927106740351,106.87196348224562,31,42,1.0,13,30,4,0,0.7381
10.78866360854368,106.695513722289,34,42,1.0,13,30,4,0,0.8095
10.801406421807084,106.7114844087968,34,42,1.0,13,31,4,0,0.8095
10.843150534972033,106.6151343241409,26,35,1.0,13,31,4,0,0.7429
10.880537767027526,106.81481342866444,41,53,1.0,13,31,4,0,0.7736
10.740840166521664,106.61899246873142,26,35,1.0,13,31,4,0,0.7429
10.798986343749618,106.7269705664684,45,45,1.0,13,31,4,0,1.0
10.741860769464234,106.73790365482628,45,45,1.0,13,31,4,0,1.0
10.752408891679814,106.7022703818112,26,34,1.0,13,31,4,0,0.7647
10.786216596454729,106.71836665482697,40,40,1.0,13,31,4,0,1.0
10.78948793356203,106.7151883818118,36,36,1.0,13,31,4,0,1.0
10.80223925742187,106.6478722259914,32,41,1.0,13,31,4,0,0.7805
10.813928881466124,106.66511432455972,22,34,1.0,13,31,4,0,0.6471
10.755608615763382,106.67347943578082,19,28,1.0,13,31,4,0,0.6786
10.782680856341084,106.70051548181168,19,30,1.0,13,31,4,0,0.6333
10.754895139302109,106.67839188181134,23,32,1.0,13,31,4,0,0.7188
10.785070445194592,106.68331340921324,13,27,1.0,13,31,4,0,0.4815
10.7549373008113,106.67848844133415,23,32,1.0,13,32,4,0,0.7188
10.77898143649726,106.67684447140958,22,34,1.0,13,32,4,0,0.6471
10.7671128283867,106.6927618222887,12,20,1.0,13,32,4,0,0.6
10.77847212665258,106.69389510879644,28,41,1.0,13,32,4,0,0.6829
10.796057790235078,106.67492629345334,22,34,1.0,13,32,4,0,0.6471
10.8352982156415,106.72935479345392,34,42,0.997294,13,32,4,0,0.8095
10.777562007197462,106.7041335430398,19,30,1.0,13,32,4,0,0.6333
10.83886351241477,106.67566625482782,28,35,1.0,13,32,4,0,0.8
10.765187049751797,106.67550552599072,23,35,1.0,13,32,4,0,0.6571
10.75948437198232,106.6840537511244,19,28,1.0,13,32,4,0,0.6786
10.865229381280963,106.72366973948476,37,49,1.0,13,32,4,0,0.7551
10.72279213640514,106.72808623948244,28,37,0.998218,13,32,4,0,0.7568
10.823400120373712,106.68551227436063,23,31,1.0,13,32,4,0,0.7419
10.756158554057755,106.66631758181126,22,29,1.0,13,32,4,0,0.7586
10.7144382088356,106.73711688366168,25,35,1.0,13,33,4,0,0.7143
10.817236653231737,106.63191539530456,24,35,1.0,13,33,4,0,0.6857
10.772727584493625,106.69804225297564,16,24,0.99753,13,35,4,0,0.6667
10.774028664434528,106.70357076461706,23,29,1.0,13,35,4,0,0.7931
10.752616652291238,106.72509685338922,39,39,1.0,13,35,4,0,1.0
10.745754766198267,106.65326266831876,42,42,1.0,13,35,4,0,1.0
10.94927106740351,106.87196348224562,29,41,1.0,13,35,4,0,0.7073
10.78866360854368,106.695513722289,34,41,1.0,13,35,4,0,0.8293
10.801406421807084,106.7114844087968,34,41,1.0,13,35,4,0,0.8293
10.843150534972033,106.6151343241409,22,35,1.0,13,36,4,0,0.6286
10.880537767027526,106.81481342866444,40,53,1.0,13,36,4,0,0.7547
10.740840166521664,106.61899246873142,26,35,1.0,13,36,4,0,0.7429
10.798986343749618,106.7269705664684,45,45,1.0,13,36,4,0,1.0
10.741860769464234,106.73790365482628,45,45,1.0,13,36,4,0,1.0
10.752408891679814,106.7022703818112,23,34,1.0,13,36,4,0,0.6765
10.786216596454729,106.71836665482697,40,40,1.0,13,36,4,0,1.0
10.78948793356203,106.7151883818118,36,36,1.0,13,36,4,0,1.0
10.80223925742187,106.6478722259914,27,41,1.0,13,36,4,0,0.6585
10.813928881466124,106.66511432455972,22,34,0.998978,13,36,4,0,0.6471
10.755608615763382,106.67347943578082,18,28,0.998939,13,36,4,0,0.6429
10.782680856341084,106.70051548181168,18,30,1.0,13,36,4,0,0.6
10.754895139302109,106.67839188181134,24,32,1.0,13,36,4,0,0.75
10.785070445194592,106.68331340921324,13,27,1.0,13,36,4,0,0.4815
10.7549373008113,106.67848844133415,24,32,1.0,13,36,4,0,0.75
10.77898143649726,106.67684447140958,21,34,1.0,13,36,4,0,0.6176
10.7671128283867,106.6927618222887,14,20,1.0,13,36,4,0,0.7
10.77847212665258,106.69389510879644,29,41,1.0,13,36,4,0,0.7073
10.796057790235078,106.67492629345334,22,34,0.998978,13,36,4,0,0.6471
10.8352982156415,106.72935479345392,35,42,0.997395,13,36,4,0,0.8333
10.777562007197462,106.7041335430398,18,30,1.0,13,36,4,0,0.6
10.83886351241477,106.67566625482782,28,35,1.0,13,36,4,0,0.8
10.765187049751797,106.67550552599072,25,36,1.0,13,36,4,0,0.6944
10.75948437198232,106.6840537511244,17,27,1.0,13,36,4,0,0.6296
10.865229381280963,106.72366973948476,37,49,1.0,13,36,4,0,0.7551
10.72279213640514,106.72808623948244,28,37,0.998218,13,37,4,0,0.7568
10.823400120373712,106.68551227436063,25,32,1.0,13,37,4,0,0.7812
10.756158554057755,106.66631758181126,22,29,1.0,13,37,4,0,0.7586
10.7144382088356,106.73711688366168,26,35,1.0,13,37,4,0,0.7429
10.817236653231737,106.63191539530456,23,35,1.0,13,37,4,0,0.6571
10.772727584493625,106.69804225297564,14,24,0.99753,13,39,4,0,0.5833
10.774028664434528,106.70357076461706,12,29,1.0,13,39,4,0,0.4138
10.752616652291238,106.72509685338922,39,39,1.0,13,39,4,0,1.0
10.745754766198267,106.65326266831876,42,42,1.0,13,39,4,0,1.0
10.94927106740351,106.87196348224562,26,42,1.0,13,39,4,0,0.619
10.78866360854368,106.695513722289,35,42,1.0,13,39,4,0,0.8333
10.801406421807084,106.7114844087968,35,42,1.0,13,39,4,0,0.8333
10.843150534972033,106.6151343241409,23,35,1.0,13,39,4,0,0.6571
10.880537767027526,106.81481342866444,41,54,1.0,13,39,4,0,0.7593
10.740840166521664,106.61899246873142,26,36,1.0,13,39,4,0,0.7222
10.798986343749618,106.7269705664684,45,45,1.0,13,39,4,0,1.0
10.741860769464234,106.73790365482628,45,45,1.0,13,39,4,0,1.0
10.752408891679814,106.7022703818112,24,33,1.0,13,39,4,0,0.7273
10.786216596454729,106.71836665482697,40,40,1.0,13,39,4,0,1.0
10.78948793356203,106.7151883818118,36,36,1.0,13,39,4,0,1.0
10.80223925742187,106.6478722259914,30,40,1.0,13,39,4,0,0.75
10.813928881466124,106.66511432455972,22,34,0.999713,13,39,4,0,0.6471
10.755608615763382,106.67347943578082,19,27,1.0,13,40,4,0,0.7037
10.782680856341084,106.70051548181168,17,30,1.0,13,40,4,0,0.5667
10.754895139302109,106.67839188181134,23,33,1.0,13,40,4,0,0.697
10.785070445194592,106.68331340921324,15,27,1.0,13,40,4,0,0.5556
10.7549373008113,106.67848844133415,23,33,1.0,13,40,4,0,0.697
10.77898143649726,106.67684447140958,23,34,1.0,13,40,4,0,0.6765
10.7671128283867,106.6927618222887,13,20,1.0,13,40,4,0,0.65
10.77847212665258,106.69389510879644,29,41,1.0,13,40,4,0,0.7073
10.796057790235078,106.67492629345334,22,34,0.999713,13,40,4,0,0.6471
10.8352982156415,106.72935479345392,36,42,0.997416,13,40,4,0,0.8571
10.777562007197462,106.7041335430398,17,30,1.0,13,40,4,0,0.5667
10.83886351241477,106.67566625482782,28,36,1.0,13,40,4,0,0.7778
10.765187049751797,106.67550552599072,28,36,1.0,13,40,4,0,0.7778
10.75948437198232,106.6840537511244,19,27,1.0,13,40,4,0,0.7037
10.865229381280963,106.72366973948476,34,49,1.0,13,40,4,0,0.6939
10.72279213640514,106.72808623948244,28,37,0.996694,13,40,4,0,0.7568
10.823400120373712,106.68551227436063,23,31,1.0,13,40,4,0,0.7419
10.756158554057755,106.66631758181126,24,29,1.0,13,40,4,0,0.8276
10.7144382088356,106.73711688366168,26,35,1.0,13,40,4,0,0.7429
10.817236653231737,106.63191539530456,25,35,1.0,13,41,4,0,0.7143
10.772727584493625,106.69804225297564,14,24,0.99753,13,43,4,0,0.5833
10.774028664434528,106.70357076461706,21,27,1.0,13,43,4,0,0.7778
10.752616652291238,106.72509685338922,32,40,1.0,13,43,4,0,0.8
10.745754766198267,106.65326266831876,42,42,1.0,13,43,4,0,1.0
10.94927106740351,106.87196348224562,27,41,1.0,13,43,4,0,0.6585
10.78866360854368,106.695513722289,33,41,1.0,13,43,4,0,0.8049
10.801406421807084,106.7114844087968,33,41,1.0,13,43,4,0,0.8049
10.843150534972033,106.6151343241409,24,35,1.0,13,43,4,0,0.6857
10.880537767027526,106.81481342866444,41,53,1.0,13,43,4,0,0.7736
10.740840166521664,106.61899246873142,26,35,1.0,13,43,4,0,0.7429
10.798986343749618,106.7269705664684,45,45,1.0,13,43,4,0,1.0
10.741860769464234,106.73790365482628,45,45,1.0,13,43,4,0,1.0
10.752408891679814,106.7022703818112,24,34,1.0,13,43,4,0,0.7059
10.786216596454729,106.71836665482697,40,40,1.0,13,43,4,0,1.0
10.78948793356203,106.7151883818118,36,36,1.0,13,43,4,0,1.0
10.80223925742187,106.6478722259914,25,41,1.0,13,43,4,0,0.6098
10.813928881466124,106.66511432455972,23,34,1.0,13,43,4,0,0.6765
10.755608615763382,106.67347943578082,17,28,1.0,13,43,4,0,0.6071
10.782680856341084,106.70051548181168,20,30,1.0,13,43,4,0,0.6667
10.754895139302109,106.67839188181134,23,32,1.0,13,43,4,0,0.7188
10.785070445194592,106.68331340921324,13,27,1.0,13,43,4,0,0.4815
10.7549373008113,106.67848844133415,23,33,1.0,13,43,4,0,0.697
10.77898143649726,106.67684447140958,23,34,1.0,13,43,4,0,0.6765
10.7671128283867,106.6927618222887,13,20,1.0,13,43,4,0,0.65
10.77847212665258,106.69389510879644,29,41,1.0,13,43,4,0,0.7073
10.796057790235078,106.67492629345334,23,34,0.999528,13,44,4,0,0.6765
10.8352982156415,106.72935479345392,36,42,0.997472,13,44,4,0,0.8571
10.777562007197462,106.7041335430398,19,30,1.0,13,44,4,0,0.6333
10.83886351241477,106.67566625482782,36,36,1.0,13,44,4,0,1.0
10.765187049751797,106.67550552599072,20,35,1.0,13,44,4,0,0.5714
10.75948437198232,106.6840537511244,18,28,1.0,13,44,4,0,0.6429
10.865229381280963,106.72366973948476,37,49,1.0,13,44,4,0,0.7551
10.72279213640514,106.72808623948244,27,37,0.995428,13,44,4,0,0.7297
10.823400120373712,106.68551227436063,23,32,1.0,13,44,4,0,0.7188
10.756158554057755,106.66631758181126,21,30,1.0,13,44,4,0,0.7
10.7144382088356,106.73711688366168,27,35,1.0,13,44,4,0,0.7714
10.817236653231737,106.63191539530456,23,35,1.0,13,44,4,0,0.6571
10.772727584493625,106.69804225297564,14,24,0.99753,13,47,4,0,0.5833
10.774028664434528,106.70357076461706,23,29,1.0,13,47,4,0,0.7931
10.752616652291238,106.72509685338922,39,39,1.0,13,47,4,0,1.0
10.745754766198267,106.65326266831876,42,42,1.0,13,47,4,0,1.0
10.94927106740351,106.87196348224562,26,42,1.0,13,47,4,0,0.619
10.78866360854368,106.695513722289,35,41,1.0,13,47,4,0,0.8537
10.801406421807084,106.7114844087968,35,41,1.0,13,47,4,0,0.8537
10.843150534972033,106.6151343241409,22,35,1.0,13,47,4,0,0.6286
10.880537767027526,106.81481342866444,42,54,1.0,13,47,4,0,0.7778
10.740840166521664,106.61899246873142,25,35,1.0,13,47,4,0,0.7143
10.798986343749618,106.7269705664684,45,45,1.0,13,47,4,0,1.0
10.741860769464234,106.73790365482628,45,45,1.0,13,47,4,0,1.0
10.752408891679814,106.7022703818112,23,34,1.0,13,47,4,0,0.6765
10.786216596454729,106.71836665482697,40,40,1.0,13,47,4,0,1.0
10.78948793356203,106.7151883818118,36,36,1.0,13,47,4,0,1.0
10.80223925742187,106.6478722259914,27,41,1.0,13,48,4,0,0.6585
10.813928881466124,106.66511432455972,22,34,1.0,13,48,4,0,0.6471
10.755608615763382,106.67347943578082,15,28,0.998951,13,48,4,0,0.5357
10.782680856341084,106.70051548181168,17,31,1.0,13,48,4,0,0.5484
10.754895139302109,106.67839188181134,23,32,1.0,13,48,4,0,0.7188
10.785070445194592,106.68331340921324,13,27,1.0,13,48,4,0,0.4815
10.7549373008113,106.67848844133415,23,32,1.0,13,48,4,0,0.7188
10.77898143649726,106.67684447140958,20,34,1.0,13,48,4,0,0.5882
10.7671128283867,106.6927618222887,11,20,1.0,13,48,4,0,0.55
10.77847212665258,106.69389510879644,28,41,1.0,13,48,4,0,0.6829
10.796057790235078,106.67492629345334,22,33,0.999528,13,48,4,0,0.6667
10.8352982156415,106.72935479345392,35,42,0.996934,13,48,4,0,0.8333
10.777562007197462,106.7041335430398,18,30,1.0,13,48,4,0,0.6
10.83886351241477,106.67566625482782,28,35,1.0,13,48,4,0,0.8
10.765187049751797,106.67550552599072,20,35,1.0,13,48,4,0,0.5714
10.75948437198232,106.6840537511244,16,28,0.998951,13,48,4,0,0.5714
10.865229381280963,106.72366973948476,36,49,1.0,13,48,4,0,0.7347
10.72279213640514,106.72808623948244,29,37,0.996694,13,48,4,0,0.7838
10.823400120373712,106.68551227436063,24,31,1.0,13,49,4,0,0.7742
10.756158554057755,106.66631758181126,22,29,1.0,13,49,4,0,0.7586
10.7144382088356,106.73711688366168,26,35,1.0,13,49,4,0,0.7429
10.817236653231737,106.63191539530456,22,35,1.0,13,49,4,0,0.6286
10.772727584493625,106.69804225297564,13,24,0.99753,13,51,4,0,0.5417
10.774028664434528,106.70357076461706,29,29,1.0,13,51,4,0,1.0
10.752616652291238,106.72509685338922,39,39,1.0,13,51,4,0,1.0
10.745754766198267,106.65326266831876,37,42,1.0,13,51,4,0,0.881
10.94927106740351,106.87196348224562,29,42,1.0,13,51,4,0,0.6905
10.78866360854368,106.695513722289,34,42,1.0,13,52,4,0,0.8095
10.801406421807084,106.7114844087968,34,42,1.0,13,52,4,0,0.8095
10.843150534972033,106.6151343241409,23,35,1.0,13,52,4,0,0.6571
10.880537767027526,106.81481342866444,42,53,1.0,13,52,4,0,0.7925
10.740840166521664,106.61899246873142,27,36,1.0,13,52,4,0,0.75
10.798986343749618,106.7269705664684,45,45,1.0,13,52,4,0,1.0
10.741860769464234,106.73790365482628,38,44,1.0,13,52,4,0,0.8636
10.752408891679814,106.7022703818112,24,33,1.0,13,52,4,0,0.7273
10.786216596454729,106.71836665482697,40,40,1.0,13,52,4,0,1.0
10.78948793356203,106.7151883818118,36,36,1.0,13,52,4,0,1.0
10.80223925742187,106.6478722259914,26,41,1.0,13,52,4,0,0.6341
10.813928881466124,106.66511432455972,23,34,1.0,13,52,4,0,0.6765
10.755608615763382,106.67347943578082,19,28,0.997901,13,52,4,0,0.6786
10.782680856341084,106.70051548181168,18,30,1.0,13,52,4,0,0.6
10.754895139302109,106.67839188181134,23,33,1.0,13,52,4,0,0.697
10.785070445194592,106.68331340921324,13,27,1.0,13,52,4,0,0.4815
10.7549373008113,106.67848844133415,23,33,1.0,13,52,4,0,0.697
10.77898143649726,106.67684447140958,22,34,1.0,13,52,4,0,0.6471
10.7671128283867,106.6927618222887,12,19,1.0,13,52,4,0,0.6316
10.77847212665258,106.69389510879644,28,42,1.0,13,52,4,0,0.6667
10.796057790235078,106.67492629345334,23,34,1.0,13,52,4,0,0.6765
10.8352982156415,106.72935479345392,35,42,0.997116,13,52,4,0,0.8333
10.777562007197462,106.7041335430398,18,30,1.0,13,52,4,0,0.6
10.83886351241477,106.67566625482782,29,36,1.0,13,52,4,0,0.8056
10.765187049751797,106.67550552599072,25,35,1.0,13,52,4,0,0.7143
10.75948437198232,106.6840537511244,19,28,0.997901,13,52,4,0,0.6786
10.865229381280963,106.72366973948476,36,49,1.0,13,53,4,0,0.7347
10.72279213640514,106.72808623948244,27,36,0.997876,13,53,4,0,0.75
10.823400120373712,106.68551227436063,32,32,1.0,13,53,4,0,1.0
10.756158554057755,106.66631758181126,21,29,1.0,13,53,4,0,0.7241
10.7144382088356,106.73711688366168,26,35,1.0,13,53,4,0,0.7429
10.817236653231737,106.63191539530456,22,35,1.0,13,53,4,0,0.6286
10.772727584493625,106.69804225297564,17,24,0.99753,13,55,4,0,0.7083
10.774028664434528,106.70357076461706,29,29,1.0,13,55,4,0,1.0
10.752616652291238,106.72509685338922,39,39,1.0,13,55,4,0,1.0
10.745754766198267,106.65326266831876,35,42,1.0,13,55,4,0,0.8333
10.94927106740351,106.87196348224562,32,42,1.0,13,55,4,0,0.7619
10.78866360854368,106.695513722289,34,41,1.0,13,55,4,0,0.8293
10.801406421807084,106.7114844087968,34,41,1.0,13,55,4,0,0.8293
10.843150534972033,106.6151343241409,24,35,1.0,13,55,4,0,0.6857
10.880537767027526,106.81481342866444,41,53,1.0,13,55,4,0,0.7736
10.740840166521664,106.61899246873142,27,35,1.0,13,55,4,0,0.7714
10.798986343749618,106.7269705664684,45,45,1.0,13,55,4,0,1.0
10.741860769464234,106.73790365482628,45,45,1.0,13,55,4,0,1.0
10.752408891679814,106.7022703818112,24,33,1.0,13,55,4,0,0.7273
10.786216596454729,106.71836665482697,40,40,1.0,13,55,4,0,1.0
10.78948793356203,106.7151883818118,36,36,1.0,13,55,4,0,1.0
10.80223925742187,106.6478722259914,28,41,1.0,13,55,4,0,0.6829
10.813928881466124,106.66511432455972,23,34,0.999427,13,55,4,0,0.6765
10.755608615763382,106.67347943578082,18,26,1.0,13,55,4,0,0.6923
10.782680856341084,106.70051548181168,19,30,1.0,13,55,4,0,0.6333
10.754895139302109,106.67839188181134,22,32,1.0,13,55,4,0,0.6875
10.785070445194592,106.68331340921324,14,27,1.0,13,55,4,0,0.5185
10.7549373008113,106.67848844133415,22,32,1.0,13,55,4,0,0.6875
10.77898143649726,106.67684447140958,22,34,1.0,13,55,4,0,0.6471
10.7671128283867,106.6927618222887,11,19,1.0,13,56,4,0,0.5789
10.77847212665258,106.69389510879644,29,41,1.0,13,56,4,0,0.7073
10.796057790235078,106.67492629345334,23,34,0.999427,13,56,4,0,0.6765
10.8352982156415,106.72935479345392,36,42,0.997831,13,56,4,0,0.8571
10.777562007197462,106.7041335430398,18,30,1.0,13,56,4,0,0.6
10.83886351241477,106.67566625482782,36,36,1.0,13,56,4,0,1.0
10.765187049751797,106.67550552599072,23,36,1.0,13,56,4,0,0.6389
10.75948437198232,106.6840537511244,19,27,1.0,13,56,4,0,0.7037
10.865229381280963,106.72366973948476,35,49,1.0,13,56,4,0,0.7143
10.72279213640514,106.72808623948244,29,37,0.997702,13,56,4,0,0.7838
10.823400120373712,106.68551227436063,24,31,1.0,13,56,4,0,0.7742
10.756158554057755,106.66631758181126,21,29,1.0,13,56,4,0,0.7241
10.7144382088356,106.73711688366168,26,35,1.0,13,56,4,0,0.7429
10.817236653231737,106.63191539530456,23,35,1.0,13,56,4,0,0.6571
10.772727584493625,106.69804225297564,15,24,0.99753,13,59,4,0,0.625
10.774028664434528,106.70357076461706,17,27,1.0,13,59,4,0,0.6296
10.752616652291238,106.72509685338922,39,39,1.0,13,59,4,0,1.0
10.745754766198267,106.65326266831876,42,42,1.0,13,59,4,0,1.0
10.94927106740351,106.87196348224562,28,41,1.0,13,59,4,0,0.6829
10.78866360854368,106.695513722289,35,42,1.0,13,59,4,0,0.8333
10.801406421807084,106.7114844087968,35,42,1.0,13,59,4,0,0.8333
10.843150534972033,106.6151343241409,22,35,1.0,13,59,4,0,0.6286
10.880537767027526,106.81481342866444,44,53,1.0,13,59,4,0,0.8302
10.740840166521664,106.61899246873142,27,36,1.0,13,59,4,0,0.75
10.798986343749618,106.7269705664684,45,45,1.0,13,59,4,0,1.0
10.741860769464234,106.73790365482628,45,45,1.0,13,59,4,0,1.0
10.752408891679814,106.7022703818112,24,33,1.0,13,59,4,0,0.7273
10.786216596454729,106.71836665482697,40,40,1.0,13,59,4,0,1.0
10.78948793356203,106.7151883818118,36,36,1.0,13,59,4,0,1.0
10.80223925742187,106.6478722259914,27,41,1.0,13,59,4,0,0.6585
10.813928881466124,106.66511432455972,22,34,0.998673,13,59,4,0,0.6471
10.755608615763382,106.67347943578082,18,28,1.0,13,59,4,0,0.6429
10.782680856341084,106.70051548181168,19,30,1.0,13,59,4,0,0.6333
10.754895139302109,106.67839188181134,23,33,1.0,13,59,4,0,0.697
10.785070445194592,106.68331340921324,13,27,1.0,13,59,4,0,0.4815
10.7549373008113,106.67848844133415,23,33,1.0,13,59,4,0,0.697
10.77898143649726,106.67684447140958,20,34,1.0,13,59,4,0,0.5882
10.7671128283867,106.6927618222887,20,20,1.0,13,59,4,0,1.0
10.77847212665258,106.69389510879644,29,41,1.0,14,0,4,0,0.7073
10.796057790235078,106.67492629345334,22,34,0.998673,14,0,4,0,0.6471
10.8352982156415,106.72935479345392,36,42,0.997842,14,0,4,0,0.8571
10.777562007197462,106.7041335430398,19,30,1.0,14,0,4,0,0.6333
10.83886351241477,106.67566625482782,36,36,1.0,14,0,4,0,1.0
10.765187049751797,106.67550552599072,28,36,1.0,14,0,4,0,0.7778
10.75948437198232,106.6840537511244,18,28,1.0,14,0,4,0,0.6429
10.865229381280963,106.72366973948476,35,49,1.0,14,0,4,0,0.7143
10.72279213640514,106.72808623948244,28,37,0.997907,14,0,4,0,0.7568
10.823400120373712,106.68551227436063,22,32,1.0,14,0,4,0,0.6875
10.756158554057755,106.66631758181126,30,30,1.0,14,0,4,0,1.0
10.7144382088356,106.73711688366168,25,35,1.0,14,0,4,0,0.7143
10.817236653231737,106.63191539530456,22,35,1.0,14,0,4,0,0.6286
10.772727584493625,106.69804225297564,14,24,0.998765,14,3,4,0,0.5833
10.774028664434528,106.70357076461706,16,28,1.0,14,3,4,0,0.5714
10.752616652291238,106.72509685338922,39,39,1.0,14,3,4,0,1.0
10.745754766198267,106.65326266831876,42,42,1.0,14,3,4,0,1.0
10.94927106740351,106.87196348224562,29,41,1.0,14,3,4,0,0.7073
10.78866360854368,106.695513722289,34,42,1.0,14,3,4,0,0.8095
10.801406421807084,106.7114844087968,34,42,1.0,14,3,4,0,0.8095
10.843150534972033,106.6151343241409,22,35,1.0,14,3,4,0,0.6286
10.880537767027526,106.81481342866444,43,53,1.0,14,3,4,0,0.8113
10.740840166521664,106.61899246873142,26,35,1.0,14,3,4,0,0.7429
10.798986343749618,106.7269705664684,45,45,1.0,14,3,4,0,1.0
10.741860769464234,106.73790365482628,45,45,1.0,14,3,4,0,1.0
10.752408891679814,106.7022703818112,24,33,1.0,14,3,4,0,0.7273
10.786216596454729,106.71836665482697,40,40,1.0,14,3,4,0,1.0
10.78948793356203,106.7151883818118,36,36,1.0,14,3,4,0,1.0
10.80223925742187,106.6478722259914,30,41,1.0,14,3,4,0,0.7317
10.813928881466124,106.66511432455972,19,34,0.998955,14,3,4,0,0.5588
10.755608615763382,106.67347943578082,18,28,0.998947,14,3,4,0,0.6429
10.782680856341084,106.70051548181168,19,30,1.0,14,4,4,0,0.6333
10.754895139302109,106.67839188181134,24,32,1.0,14,4,4,0,0.75
10.785070445194592,106.68331340921324,16,28,1.0,14,4,4,0,0.5714
10.7549373008113,106.67848844133415,24,32,1.0,14,4,4,0,0.75
10.77898143649726,106.67684447140958,21,35,1.0,14,4,4,0,0.6
10.7671128283867,106.6927618222887,20,20,1.0,14,4,4,0,1.0
10.77847212665258,106.69389510879644,28,42,1.0,14,4,4,0,0.6667
10.796057790235078,106.67492629345334,19,33,0.999528,14,4,4,0,0.5758
10.8352982156415,106.72935479345392,34,42,0.997851,14,4,4,0,0.8095
10.777562007197462,106.7041335430398,19,31,1.0,14,4,4,0,0.6129
10.83886351241477,106.67566625482782,36,36,1.0,14,4,4,0,1.0
10.765187049751797,106.67550552599072,21,35,1.0,14,4,4,0,0.6
10.75948437198232,106.6840537511244,19,28,1.0,14,4,4,0,0.6786
10.865229381280963,106.72366973948476,36,49,1.0,14,4,4,0,0.7347
10.72279213640514,106.72808623948244,28,36,0.995795,14,4,4,0,0.7778
10.823400120373712,106.68551227436063,25,32,1.0,14,4,4,0,0.7812
10.756158554057755,106.66631758181126,22,29,1.0,14,4,4,0,0.7586
10.7144382088356,106.73711688366168,25,35,1.0,14,4,4,0,0.7143
10.817236653231737,106.63191539530456,22,35,1.0,14,4,4,0,0.6286
10.772727584493625,106.69804225297564,15,24,0.998765,14,7,4,0,0.625
10.774028664434528,106.70357076461706,17,28,1.0,14,7,4,0,0.6071
10.752616652291238,106.72509685338922,39,39,1.0,14,7,4,0,1.0
10.745754766198267,106.65326266831876,42,42,1.0,14,7,4,0,1.0
10.94927106740351,106.87196348224562,42,42,1.0,14,7,4,0,1.0
10.78866360854368,106.695513722289,32,42,1.0,14,7,4,0,0.7619
10.801406421807084,106.7114844087968,32,42,1.0,14,7,4,0,0.7619
10.843150534972033,106.6151343241409,23,35,1.0,14,7,4,0,0.6571
10.880537767027526,106.81481342866444,43,53,1.0,14,7,4,0,0.8113
10.740840166521664,106.61899246873142,27,35,1.0,14,7,4,0,0.7714
10.798986343749618,106.7269705664684,45,45,1.0,14,7,4,0,1.0
10.741860769464234,106.73790365482628,45,45,1.0,14,7,4,0,1.0
10.752408891679814,106.7022703818112,22,34,1.0,14,7,4,0,0.6471
10.786216596454729,106.71836665482697,40,40,1.0,14,7,4,0,1.0
10.78948793356203,106.7151883818118,36,36,1.0,14,7,4,0,1.0
10.80223925742187,106.6478722259914,29,41,1.0,14,7,4,0,0.7073
10.813928881466124,106.66511432455972,17,34,0.998955,14,7,4,0,0.5
10.755608615763382,106.67347943578082,16,27,1.0,14,8,4,0,0.5926
10.782680856341084,106.70051548181168,19,30,1.0,14,8,4,0,0.6333
10.754895139302109,106.67839188181134,24,33,1.0,14,8,4,0,0.7273
10.785070445194592,106.68331340921324,13,27,1.0,14,8,4,0,0.4815
10.7549373008113,106.67848844133415,24,33,1.0,14,8,4,0,0.7273
10.77898143649726,106.67684447140958,21,34,1.0,14,8,4,0,0.6176
10.7671128283867,106.6927618222887,14,19,1.0,14,8,4,0,0.7368
10.77847212665258,106.69389510879644,28,41,1.0,14,8,4,0,0.6829
10.796057790235078,106.67492629345334,18,34,0.999528,14,8,4,0,0.5294
10.8352982156415,106.72935479345392,34,42,0.998196,14,8,4,0,0.8095
10.777562007197462,106.7041335430398,19,30,1.0,14,8,4,0,0.6333
10.83886351241477,106.67566625482782,29,36,1.0,14,8,4,0,0.8056
10.765187049751797,106.67550552599072,23,36,1.0,14,8,4,0,0.6389
10.75948437198232,106.6840537511244,17,27,1.0,14,8,4,0,0.6296
10.865229381280963,106.72366973948476,35,49,1.0,14,9,4,0,0.7143
10.72279213640514,106.72808623948244,27,36,0.996807,14,9,4,0,0.75
10.823400120373712,106.68551227436063,22,31,1.0,14,9,4,0,0.7097
10.756158554057755,106.66631758181126,19,29,1.0,14,9,4,0,0.6552
10.7144382088356,106.73711688366168,25,35,1.0,14,9,4,0,0.7143
10.817236653231737,106.63191539530456,23,35,1.0,14,9,4,0,0.6571
10.772727584493625,106.69804225297564,15,23,0.998765,14,11,4,0,0.6522
10.774028664434528,106.70357076461706,29,29,1.0,14,11,4,0,1.0
10.752616652291238,106.72509685338922,39,39,1.0,14,11,4,0,1.0
10.745754766198267,106.65326266831876,36,42,1.0,14,11,4,0,0.8571
10.94927106740351,106.87196348224562,42,42,1.0,14,11,4,0,1.0
10.78866360854368,106.695513722289,34,41,1.0,14,11,4,0,0.8293
10.801406421807084,106.7114844087968,34,41,1.0,14,11,4,0,0.8293
10.843150534972033,106.6151343241409,23,35,1.0,14,11,4,0,0.6571
10.880537767027526,106.81481342866444,41,53,1.0,14,12,4,0,0.7736
10.740840166521664,106.61899246873142,26,35,1.0,14,12,4,0,0.7429
10.798986343749618,106.7269705664684,45,45,1.0,14,12,4,0,1.0
10.741860769464234,106.73790365482628,45,45,1.0,14,12,4,0,1.0
10.752408891679814,106.7022703818112,24,33,1.0,14,12,4,0,0.7273
10.786216596454729,106.71836665482697,40,40,1.0,14,12,4,0,1.0
10.78948793356203,106.7151883818118,36,36,1.0,14,12,4,0,1.0
10.80223925742187,106.6478722259914,29,41,1.0,14,12,4,0,0.7073
10.813928881466124,106.66511432455972,19,34,1.0,14,12,4,0,0.5588
10.755608615763382,106.67347943578082,17,27,0.998951,14,12,4,0,0.6296
10.782680856341084,106.70051548181168,18,30,1.0,14,12,4,0,0.6
10.754895139302109,106.67839188181134,21,32,1.0,14,12,4,0,0.6562
10.785070445194592,106.68331340921324,17,28,1.0,14,12,4,0,0.6071
10.7549373008113,106.67848844133415,21,32,1.0,14,12,4,0,0.6562
10.77898143649726,106.67684447140958,20,34,1.0,14,12,4,0,0.5882
10.7671128283867,106.6927618222887,15,20,1.0,14,12,4,0,0.75
10.77847212665258,106.69389510879644,29,42,1.0,14,12,4,0,0.6905
10.796057790235078,106.67492629345334,20,34,0.999242,14,12,4,0,0.5882
10.8352982156415,106.72935479345392,36,42,0.998023,14,12,4,0,0.8571
10.777562007197462,106.7041335430398,18,30,1.0,14,13,4,0,0.6
10.83886351241477,106.67566625482782,27,35,1.0,14,13,4,0,0.7714
10.765187049751797,106.67550552599072,26,35,1.0,14,13,4,0,0.7429
10.75948437198232,106.6840537511244,18,28,1.0,14,13,4,0,0.6429
10.865229381280963,106.72366973948476,35,49,1.0,14,13,4,0,0.7143
10.72279213640514,106.72808623948244,27,37,0.997902,14,13,4,0,0.7297
10.823400120373712,106.68551227436063,22,31,1.0,14,13,4,0,0.7097
10.756158554057755,106.66631758181126,21,30,1.0,14,13,4,0,0.7
10.7144382088356,106.73711688366168,27,35,1.0,14,13,4,0,0.7714
10.817236653231737,106.63191539530456,22,35,1.0,14,13,4,0,0.6286
10.772727584493625,106.69804225297564,14,24,1.0,14,15,4,0,0.5833
10.774028664434528,106.70357076461706,29,29,1.0,14,15,4,0,1.0
10.752616652291238,106.72509685338922,31,39,1.0,14,15,4,0,0.7949
10.745754766198267,106.65326266831876,42,42,1.0,14,15,4,0,1.0
10.94927106740351,106.87196348224562,28,42,1.0,14,15,4,0,0.6667
10.78866360854368,106.695513722289,33,42,1.0,14,15,4,0,0.7857
10.801406421807084,106.7114844087968,33,42,1.0,14,16,4,0,0.7857
10.843150534972033,106.6151343241409,22,35,1.0,14,16,4,0,0.6286
10.880537767027526,106.81481342866444,43,54,1.0,14,16,4,0,0.7963
10.740840166521664,106.61899246873142,26,35,1.0,14,16,4,0,0.7429
10.798986343749618,106.7269705664684,45,45,1.0,14,16,4,0,1.0
10.741860769464234,106.73790365482628,45,45,1.0,14,16,4,0,1.0
10.752408891679814,106.7022703818112,24,33,1.0,14,16,4,0,0.7273
10.786216596454729,106.71836665482697,40,40,1.0,14,16,4,0,1.0
10.78948793356203,106.7151883818118,36,36,1.0,14,16,4,0,1.0
10.80223925742187,106.6478722259914,30,41,1.0,14,16,4,0,0.7317
10.813928881466124,106.66511432455972,19,34,1.0,14,16,4,0,0.5588
10.755608615763382,106.67347943578082,20,28,0.998951,14,16,4,0,0.7143
10.782680856341084,106.70051548181168,18,30,1.0,14,16,4,0,0.6
10.754895139302109,106.67839188181134,23,32,1.0,14,16,4,0,0.7188
10.785070445194592,106.68331340921324,17,27,1.0,14,16,4,0,0.6296
10.7549373008113,106.67848844133415,23,32,1.0,14,16,4,0,0.7188
10.77898143649726,106.67684447140958,20,34,1.0,14,16,4,0,0.5882
10.7671128283867,106.6927618222887,13,19,1.0,14,16,4,0,0.6842
10.77847212665258,106.69389510879644,29,42,1.0,14,16,4,0,0.6905
10.796057790235078,106.67492629345334,20,33,1.0,14,16,4,0,0.6061
10.8352982156415,106.72935479345392,35,42,0.998013,14,16,4,0,0.8333
10.777562007197462,106.7041335430398,17,30,1.0,14,16,4,0,0.5667
10.83886351241477,106.67566625482782,28,36,1.0,14,16,4,0,0.7778
10.765187049751797,106.67550552599072,24,35,1.0,14,17,4,0,0.6857
10.75948437198232,106.6840537511244,18,27,1.0,14,17,4,0,0.6667
10.865229381280963,106.72366973948476,35,49,1.0,14,17,4,0,0.7143
10.72279213640514,106.72808623948244,27,37,0.997313,14,17,4,0,0.7297
10.823400120373712,106.68551227436063,25,31,1.0,14,17,4,0,0.8065
10.756158554057755,106.66631758181126,22,29,1.0,14,17,4,0,0.7586
10.7144382088356,106.73711688366168,26,35,1.0,14,17,4,0,0.7429
10.817236653231737,106.63191539530456,23,35,1.0,14,17,4,0,0.6571
10.772727584493625,106.69804225297564,14,25,1.0,14,19,4,0,0.56
10.774028664434528,106.70357076461706,21,28,1.0,14,19,4,0,0.75
10.752616652291238,106.72509685338922,39,39,1.0,14,19,4,0,1.0
10.745754766198267,106.65326266831876,35,42,1.0,14,19,4,0,0.8333
10.94927106740351,106.87196348224562,32,41,1.0,14,19,4,0,0.7805
10.78866360854368,106.695513722289,34,42,1.0,14,19,4,0,0.8095
10.801406421807084,106.7114844087968,34,42,1.0,14,19,4,0,0.8095
10.843150534972033,106.6151343241409,23,35,1.0,14,19,4,0,0.6571
10.880537767027526,106.81481342866444,41,53,1.0,14,19,4,0,0.7736
10.740840166521664,106.61899246873142,26,35,1.0,14,19,4,0,0.7429
10.798986343749618,106.7269705664684,45,45,1.0,14,19,4,0,1.0
10.741860769464234,106.73790365482628,45,45,1.0,14,19,4,0,1.0
10.752408891679814,106.7022703818112,27,33,1.0,14,19,4,0,0.8182
10.786216596454729,106.71836665482697,40,40,1.0,14,20,4,0,1.0
10.78948793356203,106.7151883818118,36,36,1.0,14,20,4,0,1.0
10.80223925742187,106.6478722259914,32,40,1.0,14,20,4,0,0.8
10.813928881466124,106.66511432455972,18,34,1.0,14,20,4,0,0.5294
10.755608615763382,106.67347943578082,19,27,1.0,14,20,4,0,0.7037
10.782680856341084,106.70051548181168,18,30,1.0,14,20,4,0,0.6
10.754895139302109,106.67839188181134,22,32,1.0,14,20,4,0,0.6875
10.785070445194592,106.68331340921324,16,28,1.0,14,20,4,0,0.5714
10.7549373008113,106.67848844133415,22,32,1.0,14,20,4,0,0.6875
10.77898143649726,106.67684447140958,20,34,1.0,14,20,4,0,0.5882
10.7671128283867,106.6927618222887,16,20,1.0,14,20,4,0,0.8
10.77847212665258,106.69389510879644,28,42,1.0,14,20,4,0,0.6667
10.796057790235078,106.67492629345334,19,34,1.0,14,20,4,0,0.5588
10.8352982156415,106.72935479345392,35,42,0.99853,14,20,4,0,0.8333
10.777562007197462,106.7041335430398,18,30,1.0,14,20,4,0,0.6
10.83886351241477,106.67566625482782,29,36,1.0,14,20,4,0,0.8056
10.765187049751797,106.67550552599072,24,36,1.0,14,20,4,0,0.6667
10.75948437198232,106.6840537511244,19,27,1.0,14,21,4,0,0.7037
10.865229381280963,106.72366973948476,34,49,1.0,14,21,4,0,0.6939
10.72279213640514,106.72808623948244,26,37,0.997669,14,21,4,0,0.7027
10.823400120373712,106.68551227436063,25,32,1.0,14,21,4,0,0.7812
10.756158554057755,106.66631758181126,24,29,1.0,14,21,4,0,0.8276
10.7144382088356,106.73711688366168,26,35,1.0,14,21,4,0,0.7429
10.817236653231737,106.63191539530456,22,35,1.0,14,21,4,0,0.6286
10.772727584493625,106.69804225297564,14,24,0.998765,14,23,4,0,0.5833
10.774028664434528,106.70357076461706,29,29,1.0,14,23,4,0,1.0
10.752616652291238,106.72509685338922,31,39,1.0,14,23,4,0,0.7949
10.745754766198267,106.65326266831876,36,43,1.0,14,23,4,0,0.8372
10.94927106740351,106.87196348224562,34,41,1.0,14,23,4,0,0.8293
10.78866360854368,106.695513722289,33,42,1.0,14,23,4,0,0.7857
10.801406421807084,106.7114844087968,33,42,1.0,14,23,4,0,0.7857
10.843150534972033,106.6151343241409,23,35,1.0,14,23,4,0,0.6571
10.880537767027526,106.81481342866444,41,53,1.0,14,23,4,0,0.7736
10.740840166521664,106.61899246873142,25,36,1.0,14,23,4,0,0.6944
10.798986343749618,106.7269705664684,45,45,1.0,14,24,4,0,1.0
10.741860769464234,106.73790365482628,45,45,1.0,14,24,4,0,1.0
10.752408891679814,106.7022703818112,26,33,1.0,14,24,4,0,0.7879
10.786216596454729,106.71836665482697,40,40,1.0,14,24,4,0,1.0
10.78948793356203,106.7151883818118,26,36,1.0,14,24,4,0,0.7222
10.80223925742187,106.6478722259914,28,41,1.0,14,24,4,0,0.6829
10.813928881466124,106.66511432455972,19,34,0.998987,14,24,4,0,0.5588
10.755608615763382,106.67347943578082,18,28,1.0,14,24,4,0,0.6429
10.782680856341084,106.70051548181168,18,30,1.0,14,24,4,0,0.6
10.754895139302109,106.67839188181134,23,33,1.0,14,24,4,0,0.697
10.785070445194592,106.68331340921324,16,26,1.0,14,24,4,0,0.6154
10.7549373008113,106.67848844133415,23,33,1.0,14,24,4,0,0.697
10.77898143649726,106.67684447140958,21,34,1.0,14,24,4,0,0.6176
10.7671128283867,106.6927618222887,20,20,1.0,14,24,4,0,1.0
10.77847212665258,106.69389510879644,28,41,1.0,14,24,4,0,0.6829
10.796057790235078,106.67492629345334,20,34,0.998987,14,24,4,0,0.5882
10.8352982156415,106.72935479345392,35,42,0.997837,14,25,4,0,0.8333
10.777562007197462,106.7041335430398,17,29,1.0,14,25,4,0,0.5862
10.83886351241477,106.67566625482782,26,36,1.0,14,25,4,0,0.7222
10.765187049751797,106.67550552599072,25,36,1.0,14,25,4,0,0.6944
10.75948437198232,106.6840537511244,18,28,1.0,14,25,4,0,0.6429
10.865229381280963,106.72366973948476,35,49,1.0,14,25,4,0,0.7143
10.72279213640514,106.72808623948244,26,37,0.997999,14,25,4,0,0.7027
10.823400120373712,106.68551227436063,23,31,1.0,14,25,4,0,0.7419
10.756158554057755,106.66631758181126,24,29,1.0,14,25,4,0,0.8276
10.7144382088356,106.73711688366168,25,35,1.0,14,25,4,0,0.7143
10.817236653231737,106.63191539530456,23,35,1.0,14,25,4,0,0.6571
10.772727584493625,106.69804225297564,15,23,0.998765,14,27,4,0,0.6522
10.774028664434528,106.70357076461706,22,28,1.0,14,27,4,0,0.7857
10.752616652291238,106.72509685338922,39,39,1.0,14,27,4,0,1.0
10.745754766198267,106.65326266831876,36,42,1.0,14,27,4,0,0.8571
10.94927106740351,106.87196348224562,42,42,1.0,14,27,4,0,1.0
10.78866360854368,106.695513722289,35,42,1.0,14,27,4,0,0.8333
10.801406421807084,106.7114844087968,35,42,1.0,14,27,4,0,0.8333
10.843150534972033,106.6151343241409,24,35,1.0,14,28,4,0,0.6857
10.880537767027526,106.81481342866444,41,54,1.0,14,28,4,0,0.7593
10.740840166521664,106.61899246873142,25,35,1.0,14,28,4,0,0.7143
10.798986343749618,106.7269705664684,45,45,1.0,14,28,4,0,1.0
10.741860769464234,106.73790365482628,45,45,1.0,14,28,4,0,1.0
10.752408891679814,106.7022703818112,26,33,1.0,14,28,4,0,0.7879
10.786216596454729,106.71836665482697,40,40,1.0,14,28,4,0,1.0
10.78948793356203,106.7151883818118,36,36,1.0,14,28,4,0,1.0
10.80223925742187,106.6478722259914,27,41,1.0,14,28,4,0,0.6585
10.813928881466124,106.66511432455972,20,34,0.998919,14,28,4,0,0.5882
10.755608615763382,106.67347943578082,17,28,1.0,14,28,4,0,0.6071
10.782680856341084,106.70051548181168,17,30,1.0,14,28,4,0,0.5667
10.754895139302109,106.67839188181134,21,33,1.0,14,28,4,0,0.6364
10.785070445194592,106.68331340921324,14,27,1.0,14,28,4,0,0.5185
10.7549373008113,106.67848844133415,21,33,1.0,14,28,4,0,0.6364
10.77898143649726,106.67684447140958,21,34,1.0,14,28,4,0,0.6176
10.7671128283867,106.6927618222887,20,20,1.0,14,28,4,0,1.0
10.77847212665258,106.69389510879644,28,42,1.0,14,28,4,0,0.6667
10.796057790235078,106.67492629345334,20,34,0.998919,14,28,4,0,0.5882
10.8352982156415,106.72935479345392,35,42,0.998012,14,29,4,0,0.8333
10.777562007197462,106.7041335430398,17,30,1.0,14,29,4,0,0.5667
10.83886351241477,106.67566625482782,28,36,1.0,14,29,4,0,0.7778
10.765187049751797,106.67550552599072,19,35,1.0,14,29,4,0,0.5429
10.75948437198232,106.6840537511244,17,28,1.0,14,29,4,0,0.6071
10.865229381280963,106.72366973948476,35,49,1.0,14,29,4,0,0.7143
10.72279213640514,106.72808623948244,26,37,0.997908,14,29,4,0,0.7027
10.823400120373712,106.68551227436063,22,31,1.0,14,29,4,0,0.7097
10.756158554057755,106.66631758181126,23,30,1.0,14,29,4,0,0.7667
10.7144382088356,106.73711688366168,26,35,1.0,14,29,4,0,0.7429
10.817236653231737,106.63191539530456,24,35,1.0,14,29,4,0,0.6857
10.772727584493625,106.69804225297564,15,24,0.998765,14,31,4,0,0.625
10.774028664434528,106.70357076461706,29,29,1.0,14,31,4,0,1.0
10.752616652291238,106.72509685338922,27,39,1.0,14,31,4,0,0.6923
10.745754766198267,106.65326266831876,42,42,1.0,14,32,4,0,1.0
10.94927106740351,106.87196348224562,29,42,1.0,14,32,4,0,0.6905
10.78866360854368,106.695513722289,34,42,1.0,14,32,4,0,0.8095
10.801406421807084,106.7114844087968,34,42,1.0,14,32,4,0,0.8095
10.843150534972033,106.6151343241409,23,35,1.0,14,32,4,0,0.6571
10.880537767027526,106.81481342866444,42,53,1.0,14,32,4,0,0.7925
10.740840166521664,106.61899246873142,25,36,1.0,14,32,4,0,0.6944
10.798986343749618,106.7269705664684,45,45,1.0,14,32,4,0,1.0
10.741860769464234,106.73790365482628,36,44,1.0,14,32,4,0,0.8182
10.752408891679814,106.7022703818112,26,33,1.0,14,32,4,0,0.7879
10.786216596454729,106.71836665482697,40,40,1.0,14,32,4,0,1.0
10.78948793356203,106.7151883818118,36,36,1.0,14,33,4,0,1.0
10.80223925742187,106.6478722259914,30,41,1.0,14,33,4,0,0.7317
10.813928881466124,106.66511432455972,20,34,0.99892,14,33,4,0,0.5882
10.755608615763382,106.67347943578082,19,27,0.998954,14,33,4,0,0.7037
10.782680856341084,106.70051548181168,16,29,1.0,14,33,4,0,0.5517
10.754895139302109,106.67839188181134,23,32,1.0,14,33,4,0,0.7188
10.785070445194592,106.68331340921324,16,28,1.0,14,33,4,0,0.5714
10.7549373008113,106.67848844133415,22,33,1.0,14,33,4,0,0.6667
10.77898143649726,106.67684447140958,23,35,1.0,14,33,4,0,0.6571
10.7671128283867,106.6927618222887,14,20,1.0,14,33,4,0,0.7
10.77847212665258,106.69389510879644,28,41,1.0,14,33,4,0,0.6829
10.796057790235078,106.67492629345334,19,34,0.998919,14,33,4,0,0.5588
10.8352982156415,106.72935479345392,34,42,0.998558,14,33,4,0,0.8095
10.777562007197462,106.7041335430398,17,30,1.0,14,33,4,0,0.5667
10.83886351241477,106.67566625482782,27,35,1.0,14,33,4,0,0.7714
10.765187049751797,106.67550552599072,22,36,1.0,14,33,4,0,0.6111
10.75948437198232,106.6840537511244,20,28,1.0,14,33,4,0,0.7143
10.865229381280963,106.72366973948476,34,49,1.0,14,34,4,0,0.6939
10.72279213640514,106.72808623948244,26,36,0.997787,14,34,4,0,0.7222
10.823400120373712,106.68551227436063,24,32,1.0,14,34,4,0,0.75
10.756158554057755,106.66631758181126,16,29,1.0,14,34,4,0,0.5517
10.7144382088356,106.73711688366168,26,35,1.0,14,34,4,0,0.7429
10.817236653231737,106.63191539530456,24,35,1.0,14,34,4,0,0.6857
10.772727584493625,106.69804225297564,14,23,0.99753,14,36,4,0,0.6087
10.774028664434528,106.70357076461706,29,29,1.0,14,36,4,0,1.0
10.752616652291238,106.72509685338922,39,39,1.0,14,36,4,0,1.0
10.745754766198267,106.65326266831876,35,42,1.0,14,36,4,0,0.8333
10.94927106740351,106.87196348224562,29,42,1.0,14,36,4,0,0.6905
10.78866360854368,106.695513722289,33,42,1.0,14,36,4,0,0.7857
10.801406421807084,106.7114844087968,33,42,1.0,14,36,4,0,0.7857
10.843150534972033,106.6151343241409,23,35,1.0,14,37,4,0,0.6571
10.880537767027526,106.81481342866444,41,53,1.0,14,37,4,0,0.7736
10.740840166521664,106.61899246873142,26,35,1.0,14,37,4,0,0.7429
10.798986343749618,106.7269705664684,45,45,1.0,14,37,4,0,1.0
10.741860769464234,106.73790365482628,45,45,1.0,14,37,4,0,1.0
10.752408891679814,106.7022703818112,26,34,1.0,14,37,4,0,0.7647
10.786216596454729,106.71836665482697,40,40,1.0,14,37,4,0,1.0
10.78948793356203,106.7151883818118,36,36,1.0,14,37,4,0,1.0
10.80223925742187,106.6478722259914,31,40,1.0,14,37,4,0,0.775
10.813928881466124,106.66511432455972,19,34,0.999713,14,37,4,0,0.5588
10.755608615763382,106.67347943578082,16,27,1.0,14,37,4,0,0.5926
10.782680856341084,106.70051548181168,17,30,1.0,14,37,4,0,0.5667
10.754895139302109,106.67839188181134,23,32,1.0,14,37,4,0,0.7188
10.785070445194592,106.68331340921324,15,27,1.0,14,37,4,0,0.5556
10.7549373008113,106.67848844133415,23,32,1.0,14,37,4,0,0.7188
10.77898143649726,106.67684447140958,23,35,1.0,14,37,4,0,0.6571
10.7671128283867,106.6927618222887,20,20,1.0,14,38,4,0,1.0
10.77847212665258,106.69389510879644,28,41,1.0,14,38,4,0,0.6829
10.796057790235078,106.67492629345334,19,34,0.999713,14,38,4,0,0.5588
10.8352982156415,106.72935479345392,35,42,0.998118,14,38,4,0,0.8333
10.777562007197462,106.7041335430398,17,29,1.0,14,38,4,0,0.5862
10.83886351241477,106.67566625482782,28,36,1.0,14,38,4,0,0.7778
10.765187049751797,106.67550552599072,24,35,1.0,14,38,4,0,0.6857
10.75948437198232,106.6840537511244,18,28,0.997907,14,38,4,0,0.6429
10.865229381280963,106.72366973948476,33,49,1.0,14,38,4,0,0.6735
10.72279213640514,106.72808623948244,28,37,0.995795,14,38,4,0,0.7568
10.823400120373712,106.68551227436063,26,32,1.0,14,38,4,0,0.8125
10.756158554057755,106.66631758181126,16,30,1.0,14,38,4,0,0.5333
10.7144382088356,106.73711688366168,25,35,1.0,14,38,4,0,0.7143
10.817236653231737,106.63191539530456,23,35,1.0,14,39,4,0,0.6571
10.772727584493625,106.69804225297564,13,25,0.998765,14,41,4,0,0.52
10.774028664434528,106.70357076461706,29,29,1.0,14,41,4,0,1.0
10.752616652291238,106.72509685338922,39,39,1.0,14,41,4,0,1.0
10.745754766198267,106.65326266831876,35,42,1.0,14,41,4,0,0.8333
10.94927106740351,106.87196348224562,31,42,1.0,14,41,4,0,0.7381
10.78866360854368,106.695513722289,31,42,1.0,14,41,4,0,0.7381
10.801406421807084,106.7114844087968,31,42,1.0,14,41,4,0,0.7381
10.843150534972033,106.6151343241409,22,35,1.0,14,41,4,0,0.6286
10.880537767027526,106.81481342866444,42,53,1.0,14,41,4,0,0.7925
10.740840166521664,106.61899246873142,24,36,1.0,14,41,4,0,0.6667
10.798986343749618,106.7269705664684,45,45,1.0,14,41,4,0,1.0
10.741860769464234,106.73790365482628,35,44,1.0,14,41,4,0,0.7955
10.752408891679814,106.7022703818112,25,33,1.0,14,41,4,0,0.7576
10.786216596454729,106.71836665482697,40,40,1.0,14,41,4,0,1.0
10.78948793356203,106.7151883818118,36,36,1.0,14,41,4,0,1.0
10.80223925742187,106.6478722259914,29,41,1.0,14,41,4,0,0.7073
10.813928881466124,106.66511432455972,19,34,0.999206,14,41,4,0,0.5588
10.755608615763382,106.67347943578082,18,28,1.0,14,41,4,0,0.6429
10.782680856341084,106.70051548181168,17,30,1.0,14,42,4,0,0.5667
10.754895139302109,106.67839188181134,21,32,1.0,14,42,4,0,0.6562
10.785070445194592,106.68331340921324,12,27,1.0,14,42,4,0,0.4444
10.7549373008113,106.67848844133415,21,32,1.0,14,42,4,0,0.6562
10.77898143649726,106.67684447140958,22,34,1.0,14,42,4,0,0.6471
10.7671128283867,106.6927618222887,20,20,1.0,14,42,4,0,1.0
10.77847212665258,106.69389510879644,28,41,1.0,14,42,4,0,0.6829
10.796057790235078,106.67492629345334,19,34,0.999206,14,42,4,0,0.5588
10.8352982156415,106.72935479345392,34,42,0.998557,14,42,4,0,0.8095
10.777562007197462,106.7041335430398,16,30,1.0,14,42,4,0,0.5333
10.83886351241477,106.67566625482782,29,36,1.0,14,42,4,0,0.8056
10.765187049751797,106.67550552599072,22,36,1.0,14,42,4,0,0.6111
10.75948437198232,106.6840537511244,19,28,0.997907,14,42,4,0,0.6786
10.865229381280963,106.72366973948476,35,49,1.0,14,42,4,0,0.7143
10.72279213640514,106.72808623948244,29,37,0.998245,14,43,4,0,0.7838
10.823400120373712,106.68551227436063,25,32,1.0,14,43,4,0,0.7812
10.756158554057755,106.66631758181126,22,29,1.0,14,43,4,0,0.7586
10.7144382088356,106.73711688366168,25,35,1.0,14,43,4,0,0.7143
10.817236653231737,106.63191539530456,23,35,1.0,14,43,4,0,0.6571
10.772727584493625,106.69804225297564,15,25,1.0,14,45,4,0,0.6
10.774028664434528,106.70357076461706,17,28,1.0,14,45,4,0,0.6071
10.752616652291238,106.72509685338922,39,39,1.0,14,45,4,0,1.0
10.745754766198267,106.65326266831876,35,43,1.0,14,45,4,0,0.814
10.94927106740351,106.87196348224562,32,42,1.0,14,45,4,0,0.7619
10.78866360854368,106.695513722289,31,41,1.0,14,45,4,0,0.7561
10.801406421807084,106.7114844087968,31,41,1.0,14,45,4,0,0.7561
10.843150534972033,106.6151343241409,22,35,1.0,14,46,4,0,0.6286
10.880537767027526,106.81481342866444,41,53,1.0,14,46,4,0,0.7736
10.740840166521664,106.61899246873142,25,35,1.0,14,46,4,0,0.7143
10.798986343749618,106.7269705664684,45,45,1.0,14,46,4,0,1.0
10.741860769464234,106.73790365482628,33,44,1.0,14,46,4,0,0.75
10.752408891679814,106.7022703818112,25,34,1.0,14,46,4,0,0.7353
10.786216596454729,106.71836665482697,40,40,1.0,14,46,4,0,1.0
10.78948793356203,106.7151883818118,36,36,1.0,14,46,4,0,1.0
10.80223925742187,106.6478722259914,28,41,1.0,14,46,4,0,0.6829
10.813928881466124,106.66511432455972,18,34,0.999494,14,46,4,0,0.5294
10.755608615763382,106.67347943578082,18,27,0.997901,14,46,4,0,0.6667
10.782680856341084,106.70051548181168,16,30,1.0,14,46,4,0,0.5333
10.754895139302109,106.67839188181134,22,33,1.0,14,46,4,0,0.6667
10.785070445194592,106.68331340921324,14,28,1.0,14,46,4,0,0.5
10.7549373008113,106.67848844133415,22,33,1.0,14,46,4,0,0.6667
10.77898143649726,106.67684447140958,24,34,1.0,14,46,4,0,0.7059
10.7671128283867,106.6927618222887,20,20,1.0,14,46,4,0,1.0
10.77847212665258,106.69389510879644,27,41,1.0,14,46,4,0,0.6585
10.796057790235078,106.67492629345334,18,34,0.999494,14,46,4,0,0.5294
10.8352982156415,106.72935479345392,35,42,0.998193,14,46,4,0,0.8333
10.777562007197462,106.7041335430398,16,30,1.0,14,46,4,0,0.5333
10.83886351241477,106.67566625482782,25,36,1.0,14,46,4,0,0.6944
10.765187049751797,106.67550552599072,21,36,1.0,14,47,4,0,0.5833
10.75948437198232,106.6840537511244,18,27,0.997901,14,47,4,0,0.6667
10.865229381280963,106.72366973948476,34,49,1.0,14,47,4,0,0.6939
10.72279213640514,106.72808623948244,27,36,0.998476,14,47,4,0,0.75
10.823400120373712,106.68551227436063,23,31,1.0,14,47,4,0,0.7419
10.756158554057755,106.66631758181126,21,28,1.0,14,47,4,0,0.75
10.7144382088356,106.73711688366168,26,35,1.0,14,48,4,0,0.7429
10.817236653231737,106.63191539530456,22,35,1.0,14,48,4,0,0.6286
10.772727584493625,106.69804225297564,14,24,0.998765,14,50,4,0,0.5833
10.774028664434528,106.70357076461706,19,28,1.0,14,50,4,0,0.6786
10.752616652291238,106.72509685338922,34,39,1.0,14,50,4,0,0.8718
10.745754766198267,106.65326266831876,34,43,1.0,14,50,4,0,0.7907
10.94927106740351,106.87196348224562,28,41,1.0,14,50,4,0,0.6829
10.78866360854368,106.695513722289,32,42,1.0,14,50,4,0,0.7619
10.801406421807084,106.7114844087968,33,41,1.0,14,50,4,0,0.8049
10.843150534972033,106.6151343241409,22,35,1.0,14,50,4,0,0.6286
10.880537767027526,106.81481342866444,40,53,1.0,14,50,4,0,0.7547
10.740840166521664,106.61899246873142,25,35,1.0,14,50,4,0,0.7143
10.798986343749618,106.7269705664684,45,45,1.0,14,50,4,0,1.0
10.741860769464234,106.73790365482628,33,44,1.0,14,50,4,0,0.75
10.752408891679814,106.7022703818112,24,33,1.0,14,50,4,0,0.7273
10.786216596454729,106.71836665482697,40,40,1.0,14,50,4,0,1.0
10.78948793356203,106.7151883818118,36,36,1.0,14,50,4,0,1.0
10.80223925742187,106.6478722259914,28,41,1.0,14,51,4,0,0.6829
10.813928881466124,106.66511432455972,18,34,1.0,14,51,4,0,0.5294
10.755608615763382,106.67347943578082,19,26,1.0,14,51,4,0,0.7308
10.782680856341084,106.70051548181168,17,30,1.0,14,51,4,0,0.5667
10.754895139302109,106.67839188181134,22,32,1.0,14,51,4,0,0.6875
10.785070445194592,106.68331340921324,10,28,1.0,14,51,4,0,0.3571
10.7549373008113,106.67848844133415,22,32,1.0,14,51,4,0,0.6875
10.77898143649726,106.67684447140958,23,34,1.0,14,51,4,0,0.6765
10.7671128283867,106.6927618222887,9,19,1.0,14,51,4,0,0.4737
10.77847212665258,106.69389510879644,28,41,1.0,14,51,4,0,0.6829
10.796057790235078,106.67492629345334,17,34,0.998783,14,51,4,0,0.5
10.8352982156415,106.72935479345392,34,42,0.998197,14,51,4,0,0.8095
10.777562007197462,106.7041335430398,16,30,1.0,14,52,4,0,0.5333
10.83886351241477,106.67566625482782,27,36,1.0,14,52,4,0,0.75
10.765187049751797,106.67550552599072,26,36,1.0,14,52,4,0,0.7222
10.75948437198232,106.6840537511244,19,27,1.0,14,52,4,0,0.7037
10.865229381280963,106.72366973948476,33,49,1.0,14,52,4,0,0.6735
10.72279213640514,106.72808623948244,26,37,0.998218,14,52,4,0,0.7027
10.823400120373712,106.68551227436063,25,31,1.0,14,52,4,0,0.8065
10.756158554057755,106.66631758181126,20,29,1.0,14,52,4,0,0.6897
10.7144382088356,106.73711688366168,26,35,1.0,14,52,4,0,0.7429
10.817236653231737,106.63191539530456,23,35,1.0,14,52,4,0,0.6571
10.772727584493625,106.69804225297564,14,24,0.996295,14,54,4,0,0.5833
10.774028664434528,106.70357076461706,19,29,1.0,14,54,4,0,0.6552
10.752616652291238,106.72509685338922,32,39,1.0,14,54,4,0,0.8205
10.745754766198267,106.65326266831876,34,43,1.0,14,54,4,0,0.7907
10.94927106740351,106.87196348224562,29,41,1.0,14,54,4,0,0.7073
10.78866360854368,106.695513722289,32,42,1.0,14,54,4,0,0.7619
10.801406421807084,106.7114844087968,32,42,1.0,14,54,4,0,0.7619
10.843150534972033,106.6151343241409,22,35,1.0,14,55,4,0,0.6286
10.880537767027526,106.81481342866444,41,53,1.0,14,55,4,0,0.7736
10.740840166521664,106.61899246873142,26,35,1.0,14,55,4,0,0.7429
10.798986343749618,106.7269705664684,45,45,1.0,14,55,4,0,1.0
10.741860769464234,106.73790365482628,35,44,1.0,14,55,4,0,0.7955
10.752408891679814,106.7022703818112,21,34,1.0,14,55,4,0,0.6176
10.786216596454729,106.71836665482697,40,40,1.0,14,55,4,0,1.0
10.78948793356203,106.7151883818118,36,36,1.0,14,55,4,0,1.0
10.80223925742187,106.6478722259914,30,40,1.0,14,55,4,0,0.75
10.813928881466124,106.66511432455972,18,34,0.9991,14,55,4,0,0.5294
10.755608615763382,106.67347943578082,18,26,0.998954,14,55,4,0,0.6923
10.782680856341084,106.70051548181168,17,30,1.0,14,55,4,0,0.5667
10.754895139302109,106.67839188181134,20,33,1.0,14,55,4,0,0.6061
10.785070445194592,106.68331340921324,13,27,1.0,14,56,4,0,0.4815
10.7549373008113,106.67848844133415,19,32,1.0,14,56,4,0,0.5938
10.77898143649726,106.67684447140958,24,35,1.0,14,56,4,0,0.6857
10.7671128283867,106.6927618222887,11,20,1.0,14,56,4,0,0.55
10.77847212665258,106.69389510879644,28,42,1.0,14,56,4,0,0.6667
10.796057790235078,106.67492629345334,18,34,0.999679,14,56,4,0,0.5294
10.8352982156415,106.72935479345392,34,42,0.99729,14,56,4,0,0.8095
10.777562007197462,106.7041335430398,17,30,1.0,14,56,4,0,0.5667
10.83886351241477,106.67566625482782,28,36,1.0,14,56,4,0,0.7778
10.765187049751797,106.67550552599072,25,35,1.0,14,56,4,0,0.7143
10.75948437198232,106.6840537511244,18,27,0.998947,14,56,4,0,0.6667
10.865229381280963,106.72366973948476,33,49,1.0,14,56,4,0,0.6735
10.72279213640514,106.72808623948244,26,36,1.0,14,56,4,0,0.7222
10.823400120373712,106.68551227436063,25,31,1.0,14,56,4,0,0.8065
10.756158554057755,106.66631758181126,18,29,1.0,14,56,4,0,0.6207
10.7144382088356,106.73711688366168,26,35,1.0,14,56,4,0,0.7429
10.817236653231737,106.63191539530456,23,35,1.0,14,56,4,0,0.6571
10.772727584493625,106.69804225297564,13,24,0.996295,14,59,4,0,0.5417
10.774028664434528,106.70357076461706,29,29,1.0,14,59,4,0,1.0
10.752616652291238,106.72509685338922,39,39,1.0,14,59,4,0,1.0
10.745754766198267,106.65326266831876,35,43,1.0,14,59,4,0,0.814
10.94927106740351,106.87196348224562,22,41,1.0,14,59,4,0,0.5366
10.78866360854368,106.695513722289,32,41,1.0,14,59,4,0,0.7805
10.801406421807084,106.7114844087968,32,41,1.0,14,59,4,0,0.7805
10.843150534972033,106.6151343241409,22,35,1.0,14,59,4,0,0.6286
10.880537767027526,106.81481342866444,41,53,1.0,14,59,4,0,0.7736
10.740840166521664,106.61899246873142,25,35,1.0,14,59,4,0,0.7143
10.798986343749618,106.7269705664684,45,45,1.0,14,59,4,0,1.0
10.741860769464234,106.73790365482628,33,44,1.0,14,59,4,0,0.75
10.752408891679814,106.7022703818112,23,34,1.0,14,59,4,0,0.6765
10.786216596454729,106.71836665482697,40,40,1.0,14,59,4,0,1.0
10.78948793356203,106.7151883818118,36,36,1.0,14,59,4,0,1.0
10.80223925742187,106.6478722259914,26,40,1.0,14,59,4,0,0.65
10.813928881466124,106.66511432455972,19,34,1.0,14,59,4,0,0.5588
10.755608615763382,106.67347943578082,19,28,1.0,14,59,4,0,0.6786
10.782680856341084,106.70051548181168,15,29,1.0,15,0,4,0,0.5172
10.754895139302109,106.67839188181134,20,33,1.0,15,0,4,0,0.6061
10.785070445194592,106.68331340921324,13,28,1.0,15,0,4,0,0.4643
10.7549373008113,106.67848844133415,20,33,1.0,15,0,4,0,0.6061
10.77898143649726,106.67684447140958,24,35,1.0,15,0,4,0,0.6857
10.7671128283867,106.6927618222887,13,20,1.0,15,0,4,0,0.65
10.77847212665258,106.69389510879644,28,41,1.0,15,0,4,0,0.6829
10.796057790235078,106.67492629345334,19,34,1.0,15,0,4,0,0.5588
10.8352982156415,106.72935479345392,35,42,0.996206,15,0,4,0,0.8333
10.777562007197462,106.7041335430398,15,29,1.0,15,0,4,0,0.5172
10.83886351241477,106.67566625482782,29,36,1.0,15,0,4,0,0.8056
10.765187049751797,106.67550552599072,25,36,1.0,15,0,4,0,0.6944
10.75948437198232,106.6840537511244,19,28,1.0,15,0,4,0,0.6786
10.865229381280963,106.72366973948476,32,49,1.0,15,0,4,0,0.6531
10.72279213640514,106.72808623948244,27,37,1.0,15,0,4,0,0.7297
10.823400120373712,106.68551227436063,23,32,1.0,15,0,4,0,0.7188
10.756158554057755,106.66631758181126,19,30,1.0,15,0,4,0,0.6333
10.7144382088356,106.73711688366168,26,35,1.0,15,0,4,0,0.7429
10.817236653231737,106.63191539530456,22,35,1.0,15,0,4,0,0.6286
10.772727584493625,106.69804225297564,14,24,0.994964,15,3,4,0,0.5833
10.774028664434528,106.70357076461706,18,29,1.0,15,3,4,0,0.6207
10.752616652291238,106.72509685338922,39,39,1.0,15,3,4,0,1.0
10.745754766198267,106.65326266831876,36,43,1.0,15,3,4,0,0.8372
10.94927106740351,106.87196348224562,32,42,1.0,15,3,4,0,0.7619
10.78866360854368,106.695513722289,32,42,1.0,15,3,4,0,0.7619
10.801406421807084,106.7114844087968,32,42,1.0,15,3,4,0,0.7619
10.843150534972033,106.6151343241409,22,35,1.0,15,3,4,0,0.6286
10.880537767027526,106.81481342866444,43,53,1.0,15,3,4,0,0.8113
10.740840166521664,106.61899246873142,26,35,1.0,15,3,4,0,0.7429
10.798986343749618,106.7269705664684,45,45,1.0,15,3,4,0,1.0
10.741860769464234,106.73790365482628,34,44,1.0,15,3,4,0,0.7727
10.752408891679814,106.7022703818112,25,34,1.0,15,3,4,0,0.7353
10.786216596454729,106.71836665482697,40,40,1.0,15,3,4,0,1.0
10.78948793356203,106.7151883818118,36,36,1.0,15,3,4,0,1.0
10.80223925742187,106.6478722259914,28,41,1.0,15,3,4,0,0.6829
10.813928881466124,106.66511432455972,18,34,0.999323,15,3,4,0,0.5294
10.755608615763382,106.67347943578082,17,28,0.997903,15,4,4,0,0.6071
10.782680856341084,106.70051548181168,16,30,1.0,15,4,4,0,0.5333
10.754895139302109,106.67839188181134,19,32,1.0,15,4,4,0,0.5938
10.785070445194592,106.68331340921324,13,28,1.0,15,4,4,0,0.4643
10.7549373008113,106.67848844133415,20,33,1.0,15,4,4,0,0.6061
10.77898143649726,106.67684447140958,23,34,1.0,15,4,4,0,0.6765
10.7671128283867,106.6927618222887,11,19,1.0,15,4,4,0,0.5789
10.77847212665258,106.69389510879644,27,41,1.0,15,4,4,0,0.6585
10.796057790235078,106.67492629345334,19,34,0.999035,15,4,4,0,0.5588
10.8352982156415,106.72935479345392,36,42,0.99693,15,4,4,0,0.8571
10.777562007197462,106.7041335430398,16,30,1.0,15,4,4,0,0.5333
10.83886351241477,106.67566625482782,27,36,1.0,15,4,4,0,0.75
10.765187049751797,106.67550552599072,24,36,1.0,15,4,4,0,0.6667
10.75948437198232,106.6840537511244,20,27,1.0,15,4,4,0,0.7407
10.865229381280963,106.72366973948476,33,49,1.0,15,4,4,0,0.6735
10.72279213640514,106.72808623948244,28,37,1.0,15,4,4,0,0.7568
10.823400120373712,106.68551227436063,23,32,1.0,15,4,4,0,0.7188
10.756158554057755,106.66631758181126,23,29,1.0,15,5,4,0,0.7931
10.7144382088356,106.73711688366168,26,35,1.0,15,5,4,0,0.7429
10.817236653231737,106.63191539530456,22,35,1.0,15,5,4,0,0.6286
10.772727584493625,106.69804225297564,17,24,0.99753,15,7,4,0,0.7083
10.774028664434528,106.70357076461706,21,29,1.0,15,7,4,0,0.7241
10.752616652291238,106.72509685338922,39,39,1.0,15,7,4,0,1.0
10.745754766198267,106.65326266831876,34,43,1.0,15,7,4,0,0.7907
10.94927106740351,106.87196348224562,31,42,1.0,15,7,4,0,0.7381
10.78866360854368,106.695513722289,31,42,1.0,15,7,4,0,0.7381
10.801406421807084,106.7114844087968,31,42,1.0,15,7,4,0,0.7381
10.843150534972033,106.6151343241409,22,35,1.0,15,7,4,0,0.6286
10.880537767027526,106.81481342866444,43,53,1.0,15,7,4,0,0.8113
10.740840166521664,106.61899246873142,27,35,1.0,15,7,4,0,0.7714
10.798986343749618,106.7269705664684,45,45,1.0,15,7,4,0,1.0
10.741860769464234,106.73790365482628,36,44,1.0,15,7,4,0,0.8182
10.752408891679814,106.7022703818112,26,34,1.0,15,7,4,0,0.7647
10.786216596454729,106.71836665482697,40,40,1.0,15,7,4,0,1.0
10.78948793356203,106.7151883818118,36,36,1.0,15,7,4,0,1.0
10.80223925742187,106.6478722259914,29,41,1.0,15,7,4,0,0.7073
10.813928881466124,106.66511432455972,19,34,1.0,15,7,4,0,0.5588
10.755608615763382,106.67347943578082,17,28,1.0,15,7,4,0,0.6071
10.782680856341084,106.70051548181168,17,30,1.0,15,7,4,0,0.5667
10.754895139302109,106.67839188181134,22,33,1.0,15,7,4,0,0.6667
10.785070445194592,106.68331340921324,13,27,1.0,15,7,4,0,0.4815
10.7549373008113,106.67848844133415,22,33,1.0,15,7,4,0,0.6667
10.77898143649726,106.67684447140958,22,34,1.0,15,8,4,0,0.6471
10.7671128283867,106.6927618222887,12,19,1.0,15,8,4,0,0.6316
10.77847212665258,106.69389510879644,29,42,1.0,15,8,4,0,0.6905
10.796057790235078,106.67492629345334,18,33,0.999423,15,8,4,0,0.5455
10.8352982156415,106.72935479345392,35,42,0.997292,15,8,4,0,0.8333
10.777562007197462,106.7041335430398,18,30,1.0,15,8,4,0,0.6
10.83886351241477,106.67566625482782,26,36,1.0,15,8,4,0,0.7222
10.765187049751797,106.67550552599072,36,36,1.0,15,8,4,0,1.0
10.75948437198232,106.6840537511244,18,28,1.0,15,8,4,0,0.6429
10.865229381280963,106.72366973948476,33,49,1.0,15,8,4,0,0.6735
10.72279213640514,106.72808623948244,28,37,0.998605,15,9,4,0,0.7568
10.823400120373712,106.68551227436063,32,32,1.0,15,9,4,0,1.0
10.756158554057755,106.66631758181126,22,29,1.0,15,9,4,0,0.7586
10.7144382088356,106.73711688366168,27,35,1.0,15,9,4,0,0.7714
10.817236653231737,106.63191539530456,21,35,1.0,15,9,4,0,0.6
10.772727584493625,106.69804225297564,16,24,0.99753,15,11,4,0,0.6667
10.774028664434528,106.70357076461706,29,29,1.0,15,11,4,0,1.0
10.752616652291238,106.72509685338922,31,38,1.0,15,11,4,0,0.8158
10.745754766198267,106.65326266831876,36,43,1.0,15,11,4,0,0.8372
10.94927106740351,106.87196348224562,31,42,1.0,15,11,4,0,0.7381
10.78866360854368,106.695513722289,32,41,1.0,15,11,4,0,0.7805
10.801406421807084,106.7114844087968,32,41,1.0,15,11,4,0,0.7805
10.843150534972033,106.6151343241409,22,34,1.0,15,11,4,0,0.6471
10.880537767027526,106.81481342866444,41,53,1.0,15,11,4,0,0.7736
10.740840166521664,106.61899246873142,27,36,1.0,15,11,4,0,0.75
10.798986343749618,106.7269705664684,45,45,1.0,15,11,4,0,1.0
10.741860769464234,106.73790365482628,35,44,1.0,15,11,4,0,0.7955
10.752408891679814,106.7022703818112,28,33,1.0,15,11,4,0,0.8485
10.786216596454729,106.71836665482697,40,40,1.0,15,11,4,0,1.0
10.78948793356203,106.7151883818118,28,36,1.0,15,11,4,0,0.7778
10.80223925742187,106.6478722259914,30,41,1.0,15,12,4,0,0.7317
10.813928881466124,106.66511432455972,18,34,1.0,15,12,4,0,0.5294
10.755608615763382,106.67347943578082,20,28,1.0,15,12,4,0,0.7143
10.782680856341084,106.70051548181168,15,30,1.0,15,12,4,0,0.5
10.754895139302109,106.67839188181134,21,33,1.0,15,12,4,0,0.6364
10.785070445194592,106.68331340921324,14,28,1.0,15,12,4,0,0.5
10.7549373008113,106.67848844133415,21,33,1.0,15,12,4,0,0.6364
10.77898143649726,106.67684447140958,23,34,1.0,15,12,4,0,0.6765
10.7671128283867,106.6927618222887,13,19,1.0,15,12,4,0,0.6842
10.77847212665258,106.69389510879644,29,42,1.0,15,12,4,0,0.6905
10.796057790235078,106.67492629345334,19,34,1.0,15,12,4,0,0.5588
10.8352982156415,106.72935479345392,36,41,0.996572,15,13,4,0,0.878
10.777562007197462,106.7041335430398,16,30,1.0,15,13,4,0,0.5333
10.83886351241477,106.67566625482782,27,37,1.0,15,13,4,0,0.7297
10.765187049751797,106.67550552599072,23,35,1.0,15,13,4,0,0.6571
10.75948437198232,106.6840537511244,21,27,1.0,15,13,4,0,0.7778
10.865229381280963,106.72366973948476,33,49,1.0,15,13,4,0,0.6735
10.72279213640514,106.72808623948244,28,36,1.0,15,13,4,0,0.7778
10.823400120373712,106.68551227436063,24,31,1.0,15,13,4,0,0.7742
10.756158554057755,106.66631758181126,20,28,1.0,15,13,4,0,0.7143
10.7144382088356,106.73711688366168,26,35,1.0,15,13,4,0,0.7429
10.817236653231737,106.63191539530456,22,34,1.0,15,13,4,0,0.6471
10.772727584493625,106.69804225297564,17,24,0.99753,15,15,4,0,0.7083
10.774028664434528,106.70357076461706,17,28,1.0,15,15,4,0,0.6071
10.752616652291238,106.72509685338922,39,39,1.0,15,15,4,0,1.0
10.745754766198267,106.65326266831876,35,43,1.0,15,15,4,0,0.814
10.94927106740351,106.87196348224562,27,42,1.0,15,15,4,0,0.6429
10.78866360854368,106.695513722289,30,42,1.0,15,15,4,0,0.7143
10.801406421807084,106.7114844087968,30,42,1.0,15,15,4,0,0.7143
10.843150534972033,106.6151343241409,22,34,1.0,15,15,4,0,0.6471
10.880537767027526,106.81481342866444,41,53,1.0,15,15,4,0,0.7736
10.740840166521664,106.61899246873142,25,35,1.0,15,15,4,0,0.7143
10.798986343749618,106.7269705664684,45,45,1.0,15,15,4,0,1.0
10.741860769464234,106.73790365482628,36,44,1.0,15,15,4,0,0.8182
10.752408891679814,106.7022703818112,25,33,1.0,15,15,4,0,0.7576
10.786216596454729,106.71836665482697,40,40,1.0,15,15,4,0,1.0
10.78948793356203,106.7151883818118,36,36,1.0,15,16,4,0,1.0
10.80223925742187,106.6478722259914,30,41,1.0,15,16,4,0,0.7317
10.813928881466124,106.66511432455972,17,34,1.0,15,16,4,0,0.5
10.755608615763382,106.67347943578082,17,28,1.0,15,16,4,0,0.6071
10.782680856341084,106.70051548181168,17,30,1.0,15,16,4,0,0.5667
10.754895139302109,106.67839188181134,22,32,1.0,15,16,4,0,0.6875
10.785070445194592,106.68331340921324,16,28,1.0,15,16,4,0,0.5714
10.7549373008113,106.67848844133415,22,32,1.0,15,16,4,0,0.6875
10.77898143649726,106.67684447140958,23,34,1.0,15,16,4,0,0.6765
10.7671128283867,106.6927618222887,15,20,1.0,15,16,4,0,0.75
10.77847212665258,106.69389510879644,28,41,1.0,15,16,4,0,0.6829
10.796057790235078,106.67492629345334,17,34,0.999713,15,16,4,0,0.5
10.8352982156415,106.72935479345392,34,42,0.99729,15,16,4,0,0.8095
10.777562007197462,106.7041335430398,17,30,1.0,15,16,4,0,0.5667
10.83886351241477,106.67566625482782,27,36,1.0,15,16,4,0,0.75
10.765187049751797,106.67550552599072,27,35,1.0,15,16,4,0,0.7714
10.75948437198232,106.6840537511244,17,27,1.0,15,16,4,0,0.6296
10.865229381280963,106.72366973948476,33,49,1.0,15,16,4,0,0.6735
10.72279213640514,106.72808623948244,28,37,0.999301,15,17,4,0,0.7568
10.823400120373712,106.68551227436063,24,32,1.0,15,17,4,0,0.75
10.756158554057755,106.66631758181126,23,30,1.0,15,17,4,0,0.7667
10.7144382088356,106.73711688366168,26,35,1.0,15,17,4,0,0.7429
10.817236653231737,106.63191539530456,22,35,1.0,15,17,4,0,0.6286
10.772727584493625,106.69804225297564,15,24,0.99753,15,19,4,0,0.625
10.774028664434528,106.70357076461706,20,29,1.0,15,19,4,0,0.6897
10.752616652291238,106.72509685338922,39,39,1.0,15,19,4,0,1.0
10.745754766198267,106.65326266831876,34,43,1.0,15,19,4,0,0.7907
10.94927106740351,106.87196348224562,30,41,1.0,15,19,4,0,0.7317
10.78866360854368,106.695513722289,31,41,1.0,15,19,4,0,0.7561
10.801406421807084,106.7114844087968,31,41,1.0,15,19,4,0,0.7561
10.843150534972033,106.6151343241409,22,35,1.0,15,19,4,0,0.6286
10.880537767027526,106.81481342866444,42,53,1.0,15,20,4,0,0.7925
10.740840166521664,106.61899246873142,26,35,1.0,15,20,4,0,0.7429
10.798986343749618,106.7269705664684,45,45,1.0,15,20,4,0,1.0
10.741860769464234,106.73790365482628,36,44,1.0,15,20,4,0,0.8182
10.752408891679814,106.7022703818112,23,34,1.0,15,20,4,0,0.6765
10.786216596454729,106.71836665482697,40,40,1.0,15,20,4,0,1.0
10.78948793356203,106.7151883818118,36,36,1.0,15,20,4,0,1.0
10.80223925742187,106.6478722259914,29,41,1.0,15,20,4,0,0.7073
10.813928881466124,106.66511432455972,18,34,0.999679,15,20,4,0,0.5294
10.755608615763382,106.67347943578082,19,28,0.998947,15,20,4,0,0.6786
10.782680856341084,106.70051548181168,16,29,1.0,15,21,4,0,0.5517
10.754895139302109,106.67839188181134,21,33,1.0,15,21,4,0,0.6364
10.785070445194592,106.68331340921324,12,28,1.0,15,21,4,0,0.4286
10.7549373008113,106.67848844133415,21,33,1.0,15,21,4,0,0.6364
10.77898143649726,106.67684447140958,23,34,1.0,15,21,4,0,0.6765
10.7671128283867,106.6927618222887,13,20,1.0,15,21,4,0,0.65
10.77847212665258,106.69389510879644,28,41,1.0,15,21,4,0,0.6829
10.796057790235078,106.67492629345334,18,34,0.999679,15,21,4,0,0.5294
10.8352982156415,106.72935479345392,35,42,0.997436,15,21,4,0,0.8333
10.777562007197462,106.7041335430398,16,29,1.0,15,21,4,0,0.5517
10.83886351241477,106.67566625482782,28,36,1.0,15,21,4,0,0.7778
10.765187049751797,106.67550552599072,22,35,1.0,15,21,4,0,0.6286
10.75948437198232,106.6840537511244,16,28,0.998951,15,21,4,0,0.5714
10.865229381280963,106.72366973948476,32,48,1.0,15,22,4,0,0.6667
10.72279213640514,106.72808623948244,27,37,0.999303,15,22,4,0,0.7297
10.823400120373712,106.68551227436063,25,31,1.0,15,22,4,0,0.8065
10.756158554057755,106.66631758181126,18,30,1.0,15,22,4,0,0.6
10.7144382088356,106.73711688366168,26,36,1.0,15,22,4,0,0.7222
10.817236653231737,106.63191539530456,22,34,1.0,15,22,4,0,0.6471
10.772727584493625,106.69804225297564,14,23,0.998765,15,24,4,0,0.6087
10.774028664434528,106.70357076461706,29,29,1.0,15,25,4,0,1.0
10.752616652291238,106.72509685338922,39,39,1.0,15,25,4,0,1.0
10.745754766198267,106.65326266831876,32,43,1.0,15,25,4,0,0.7442
10.94927106740351,106.87196348224562,29,42,1.0,15,25,4,0,0.6905
10.78866360854368,106.695513722289,31,42,1.0,15,25,4,0,0.7381
10.801406421807084,106.7114844087968,31,42,1.0,15,25,4,0,0.7381
10.843150534972033,106.6151343241409,22,35,1.0,15,25,4,0,0.6286
10.880537767027526,106.81481342866444,41,53,1.0,15,25,4,0,0.7736
10.740840166521664,106.61899246873142,26,36,1.0,15,25,4,0,0.7222
10.798986343749618,106.7269705664684,45,45,1.0,15,25,4,0,1.0
10.741860769464234,106.73790365482628,35,44,1.0,15,25,4,0,0.7955
10.752408891679814,106.7022703818112,22,33,1.0,15,25,4,0,0.6667
10.786216596454729,106.71836665482697,40,40,1.0,15,25,4,0,1.0
10.78948793356203,106.7151883818118,36,36,1.0,15,25,4,0,1.0
10.80223925742187,106.6478722259914,27,40,1.0,15,25,4,0,0.675
10.813928881466124,106.66511432455972,17,33,1.0,15,25,4,0,0.5152
10.755608615763382,106.67347943578082,18,27,0.998943,15,25,4,0,0.6667
10.782680856341084,106.70051548181168,16,31,1.0,15,25,4,0,0.5161
10.754895139302109,106.67839188181134,22,33,1.0,15,25,4,0,0.6667
10.785070445194592,106.68331340921324,15,28,1.0,15,25,4,0,0.5357
10.7549373008113,106.67848844133415,22,33,1.0,15,25,4,0,0.6667
10.77898143649726,106.67684447140958,22,34,1.0,15,25,4,0,0.6471
10.7671128283867,106.6927618222887,8,20,1.0,15,25,4,0,0.4
10.77847212665258,106.69389510879644,27,41,1.0,15,25,4,0,0.6585
10.796057790235078,106.67492629345334,18,34,1.0,15,25,4,0,0.5294
10.8352982156415,106.72935479345392,36,42,0.998016,15,25,4,0,0.8571
10.777562007197462,106.7041335430398,17,30,1.0,15,25,4,0,0.5667
10.83886351241477,106.67566625482782,27,36,1.0,15,25,4,0,0.75
10.765187049751797,106.67550552599072,26,36,1.0,15,26,4,0,0.7222
10.75948437198232,106.6840537511244,18,27,0.998951,15,26,4,0,0.6667
10.865229381280963,106.72366973948476,32,49,1.0,15,26,4,0,0.6531
10.72279213640514,106.72808623948244,26,37,0.999095,15,26,4,0,0.7027
10.823400120373712,106.68551227436063,32,32,1.0,15,26,4,0,1.0
10.756158554057755,106.66631758181126,20,29,1.0,15,26,4,0,0.6897
10.7144382088356,106.73711688366168,25,35,1.0,15,26,4,0,0.7143
10.817236653231737,106.63191539530456,21,35,1.0,15,26,4,0,0.6
10.772727584493625,106.69804225297564,14,24,0.998765,15,28,4,0,0.5833
10.774028664434528,106.70357076461706,21,28,1.0,15,28,4,0,0.75
10.752616652291238,106.72509685338922,39,39,1.0,15,28,4,0,1.0
10.745754766198267,106.65326266831876,35,42,1.0,15,28,4,0,0.8333
10.94927106740351,106.87196348224562,29,42,1.0,15,28,4,0,0.6905
10.78866360854368,106.695513722289,32,42,1.0,15,28,4,0,0.7619
10.801406421807084,106.7114844087968,32,42,1.0,15,28,4,0,0.7619
10.843150534972033,106.6151343241409,21,35,1.0,15,28,4,0,0.6
10.880537767027526,106.81481342866444,41,53,1.0,15,28,4,0,0.7736
10.740840166521664,106.61899246873142,24,35,1.0,15,28,4,0,0.6857
10.798986343749618,106.7269705664684,45,45,1.0,15,28,4,0,1.0
10.741860769464234,106.73790365482628,37,44,1.0,15,28,4,0,0.8409
10.752408891679814,106.7022703818112,22,33,1.0,15,28,4,0,0.6667
10.786216596454729,106.71836665482697,40,40,1.0,15,28,4,0,1.0
10.78948793356203,106.7151883818118,36,36,1.0,15,28,4,0,1.0
10.80223925742187,106.6478722259914,26,41,1.0,15,29,4,0,0.6341
10.813928881466124,106.66511432455972,18,34,1.0,15,29,4,0,0.5294
10.755608615763382,106.67347943578082,16,27,0.998954,15,29,4,0,0.5926
10.782680856341084,106.70051548181168,18,30,1.0,15,29,4,0,0.6
10.754895139302109,106.67839188181134,21,32,1.0,15,29,4,0,0.6562
10.785070445194592,106.68331340921324,12,27,1.0,15,29,4,0,0.4444
10.7549373008113,106.67848844133415,22,33,1.0,15,29,4,0,0.6667
10.77898143649726,106.67684447140958,22,34,1.0,15,29,4,0,0.6471
10.7671128283867,106.6927618222887,10,19,1.0,15,29,4,0,0.5263
10.77847212665258,106.69389510879644,28,41,1.0,15,29,4,0,0.6829
10.796057790235078,106.67492629345334,19,33,1.0,15,29,4,0,0.5758
10.8352982156415,106.72935479345392,34,42,0.998746,15,29,4,0,0.8095
10.777562007197462,106.7041335430398,16,29,1.0,15,29,4,0,0.5517
10.83886351241477,106.67566625482782,27,36,1.0,15,29,4,0,0.75
10.765187049751797,106.67550552599072,24,36,1.0,15,29,4,0,0.6667
10.75948437198232,106.6840537511244,17,27,0.998954,15,29,4,0,0.6296
10.865229381280963,106.72366973948476,32,49,1.0,15,29,4,0,0.6531
10.72279213640514,106.72808623948244,27,37,0.999095,15,29,4,0,0.7297
10.823400120373712,106.68551227436063,25,32,1.0,15,29,4,0,0.7812
10.756158554057755,106.66631758181126,23,29,1.0,15,29,4,0,0.7931
10.7144382088356,106.73711688366168,27,35,1.0,15,29,4,0,0.7714
10.817236653231737,106.63191539530456,21,34,1.0,15,29,4,0,0.6176
10.772727584493625,106.69804225297564,15,24,0.99753,15,32,4,0,0.625
10.774028664434528,106.70357076461706,18,28,1.0,15,32,4,0,0.6429
10.752616652291238,106.72509685338922,29,39,1.0,15,32,4,0,0.7436
10.745754766198267,106.65326266831876,35,43,1.0,15,32,4,0,0.814
10.94927106740351,106.87196348224562,26,41,1.0,15,32,4,0,0.6341
10.78866360854368,106.695513722289,33,42,1.0,15,32,4,0,0.7857
10.801406421807084,106.7114844087968,33,42,1.0,15,32,4,0,0.7857
10.843150534972033,106.6151343241409,22,35,1.0,15,32,4,0,0.6286
10.880537767027526,106.81481342866444,42,53,1.0,15,32,4,0,0.7925
10.740840166521664,106.61899246873142,25,35,1.0,15,32,4,0,0.7143
10.798986343749618,106.7269705664684,45,45,1.0,15,32,4,0,1.0
10.741860769464234,106.73790365482628,36,44,1.0,15,32,4,0,0.8182
10.752408891679814,106.7022703818112,21,33,1.0,15,32,4,0,0.6364
10.786216596454729,106.71836665482697,40,40,1.0,15,33,4,0,1.0
10.78948793356203,106.7151883818118,36,36,1.0,15,33,4,0,1.0
10.80223925742187,106.6478722259914,29,41,1.0,15,33,4,0,0.7073
10.813928881466124,106.66511432455972,19,34,1.0,15,33,4,0,0.5588
10.755608615763382,106.67347943578082,16,27,0.997909,15,33,4,0,0.5926
10.782680856341084,106.70051548181168,16,30,1.0,15,33,4,0,0.5333
10.754895139302109,106.67839188181134,21,32,1.0,15,33,4,0,0.6562
10.785070445194592,106.68331340921324,14,28,1.0,15,33,4,0,0.5
10.7549373008113,106.67848844133415,21,32,1.0,15,33,4,0,0.6562
10.77898143649726,106.67684447140958,24,34,1.0,15,33,4,0,0.7059
10.7671128283867,106.6927618222887,10,19,1.0,15,33,4,0,0.5263
10.77847212665258,106.69389510879644,28,41,1.0,15,33,4,0,0.6829
10.796057790235078,106.67492629345334,17,33,1.0,15,33,4,0,0.5152
10.8352982156415,106.72935479345392,35,42,0.99892,15,33,4,0,0.8333
10.777562007197462,106.7041335430398,17,30,1.0,15,33,4,0,0.5667
10.83886351241477,106.67566625482782,25,36,1.0,15,33,4,0,0.6944
10.765187049751797,106.67550552599072,26,35,1.0,15,34,4,0,0.7429
10.75948437198232,106.6840537511244,16,28,0.997878,15,34,4,0,0.5714
10.865229381280963,106.72366973948476,34,49,1.0,15,34,4,0,0.6939
10.72279213640514,106.72808623948244,28,36,0.999742,15,34,4,0,0.7778
10.823400120373712,106.68551227436063,23,31,1.0,15,34,4,0,0.7419
10.756158554057755,106.66631758181126,21,29,1.0,15,34,4,0,0.7241
10.7144382088356,106.73711688366168,25,35,1.0,15,34,4,0,0.7143
10.817236653231737,106.63191539530456,21,35,1.0,15,34,4,0,0.6
10.772727584493625,106.69804225297564,15,24,0.998765,15,36,4,0,0.625
10.774028664434528,106.70357076461706,14,28,1.0,15,36,4,0,0.5
10.752616652291238,106.72509685338922,29,39,1.0,15,36,4,0,0.7436
10.745754766198267,106.65326266831876,37,42,1.0,15,36,4,0,0.881
10.94927106740351,106.87196348224562,27,42,1.0,15,36,4,0,0.6429
10.78866360854368,106.695513722289,32,41,1.0,15,36,4,0,0.7805
10.801406421807084,106.7114844087968,32,41,1.0,15,36,4,0,0.7805
10.843150534972033,106.6151343241409,22,34,1.0,15,36,4,0,0.6471
10.880537767027526,106.81481342866444,41,54,1.0,15,37,4,0,0.7593
10.740840166521664,106.61899246873142,27,35,1.0,15,37,4,0,0.7714
10.798986343749618,106.7269705664684,45,45,1.0,15,37,4,0,1.0
10.741860769464234,106.73790365482628,37,44,1.0,15,37,4,0,0.8409
10.752408891679814,106.7022703818112,22,34,1.0,15,37,4,0,0.6471
10.786216596454729,106.71836665482697,40,40,1.0,15,37,4,0,1.0
10.78948793356203,106.7151883818118,36,36,1.0,15,37,4,0,1.0
10.80223925742187,106.6478722259914,28,40,1.0,15,37,4,0,0.7
10.813928881466124,106.66511432455972,18,34,0.999713,15,37,4,0,0.5294
10.755608615763382,106.67347943578082,18,27,1.0,15,37,4,0,0.6667
10.782680856341084,106.70051548181168,14,30,1.0,15,37,4,0,0.4667
10.754895139302109,106.67839188181134,20,32,1.0,15,38,4,0,0.625
10.785070445194592,106.68331340921324,17,28,1.0,15,38,4,0,0.6071
10.7549373008113,106.67848844133415,21,32,1.0,15,38,4,0,0.6562
10.77898143649726,106.67684447140958,23,34,1.0,15,38,4,0,0.6765
10.7671128283867,106.6927618222887,14,20,1.0,15,38,4,0,0.7
10.77847212665258,106.69389510879644,29,41,1.0,15,38,4,0,0.7073
10.796057790235078,106.67492629345334,18,34,0.999713,15,38,4,0,0.5294
10.8352982156415,106.72935479345392,34,42,0.99895,15,38,4,0,0.8095
10.777562007197462,106.7041335430398,17,30,1.0,15,38,4,0,0.5667
10.83886351241477,106.67566625482782,27,36,1.0,15,38,4,0,0.75
10.765187049751797,106.67550552599072,25,36,1.0,15,38,4,0,0.6944
10.75948437198232,106.6840537511244,17,27,0.998939,15,38,4,0,0.6296
10.865229381280963,106.72366973948476,33,49,1.0,15,39,4,0,0.6735
10.72279213640514,106.72808623948244,27,37,0.999742,15,39,4,0,0.7297
10.823400120373712,106.68551227436063,24,31,1.0,15,39,4,0,0.7742
10.756158554057755,106.66631758181126,21,29,1.0,15,39,4,0,0.7241
10.7144382088356,106.73711688366168,24,35,1.0,15,39,4,0,0.6857
10.817236653231737,106.63191539530456,21,35,1.0,15,39,4,0,0.6
10.772727584493625,106.69804225297564,13,24,0.998765,15,41,4,0,0.5417
10.774028664434528,106.70357076461706,21,28,1.0,15,41,4,0,0.75
10.752616652291238,106.72509685338922,39,39,1.0,15,41,4,0,1.0
10.745754766198267,106.65326266831876,36,43,1.0,15,41,4,0,0.8372
10.94927106740351,106.87196348224562,25,42,1.0,15,41,4,0,0.5952
10.78866360854368,106.695513722289,33,42,1.0,15,41,4,0,0.7857
10.801406421807084,106.7114844087968,33,42,1.0,15,41,4,0,0.7857
10.843150534972033,106.6151343241409,21,35,1.0,15,41,4,0,0.6
10.880537767027526,106.81481342866444,41,54,1.0,15,41,4,0,0.7593
10.740840166521664,106.61899246873142,26,36,1.0,15,41,4,0,0.7222
10.798986343749618,106.7269705664684,45,45,1.0,15,41,4,0,1.0
10.741860769464234,106.73790365482628,45,45,1.0,15,41,4,0,1.0
10.752408891679814,106.7022703818112,24,33,1.0,15,42,4,0,0.7273
10.786216596454729,106.71836665482697,40,40,1.0,15,42,4,0,1.0
10.78948793356203,106.7151883818118,36,36,1.0,15,42,4,0,1.0
10.80223925742187,106.6478722259914,28,41,1.0,15,42,4,0,0.6829
10.813928881466124,106.66511432455972,19,34,1.0,15,42,4,0,0.5588
10.755608615763382,106.67347943578082,18,28,0.997528,15,42,4,0,0.6429
10.782680856341084,106.70051548181168,16,30,1.0,15,42,4,0,0.5333
10.754895139302109,106.67839188181134,20,33,1.0,15,42,4,0,0.6061
10.785070445194592,106.68331340921324,15,28,1.0,15,42,4,0,0.5357
10.7549373008113,106.67848844133415,20,33,1.0,15,42,4,0,0.6061
10.77898143649726,106.67684447140958,23,35,1.0,15,42,4,0,0.6571
10.7671128283867,106.6927618222887,13,19,1.0,15,42,4,0,0.6842
10.77847212665258,106.69389510879644,28,42,1.0,15,42,4,0,0.6667
10.796057790235078,106.67492629345334,19,34,1.0,15,42,4,0,0.5588
10.8352982156415,106.72935479345392,35,42,0.99911,15,42,4,0,0.8333
10.777562007197462,106.7041335430398,16,30,1.0,15,43,4,0,0.5333
10.83886351241477,106.67566625482782,27,36,1.0,15,43,4,0,0.75
10.765187049751797,106.67550552599072,23,36,1.0,15,43,4,0,0.6389
10.75948437198232,106.6840537511244,18,28,0.997528,15,43,4,0,0.6429
10.865229381280963,106.72366973948476,32,49,1.0,15,43,4,0,0.6531
10.72279213640514,106.72808623948244,27,37,0.999301,15,43,4,0,0.7297
10.823400120373712,106.68551227436063,26,32,1.0,15,43,4,0,0.8125
10.756158554057755,106.66631758181126,20,28,1.0,15,43,4,0,0.7143
10.7144382088356,106.73711688366168,26,35,1.0,15,43,4,0,0.7429
10.817236653231737,106.63191539530456,22,35,1.0,15,43,4,0,0.6286
10.772727584493625,106.69804225297564,15,23,0.968292,15,45,4,0,0.6522
10.774028664434528,106.70357076461706,29,29,1.0,15,45,4,0,1.0
10.752616652291238,106.72509685338922,38,42,1.0,15,45,4,0,0.9048
10.745754766198267,106.65326266831876,35,42,1.0,15,45,4,0,0.8333
10.94927106740351,106.87196348224562,27,41,1.0,15,45,4,0,0.6585
10.78866360854368,106.695513722289,32,41,1.0,15,45,4,0,0.7805
10.801406421807084,106.7114844087968,32,41,1.0,15,45,4,0,0.7805
10.843150534972033,106.6151343241409,22,35,1.0,15,46,4,0,0.6286
10.880537767027526,106.81481342866444,40,53,1.0,15,46,4,0,0.7547
10.740840166521664,106.61899246873142,26,36,1.0,15,46,4,0,0.7222
10.798986343749618,106.7269705664684,35,45,1.0,15,46,4,0,0.7778
10.741860769464234,106.73790365482628,38,44,1.0,15,46,4,0,0.8636
10.752408891679814,106.7022703818112,22,33,1.0,15,46,4,0,0.6667
10.786216596454729,106.71836665482697,40,40,1.0,15,46,4,0,1.0
10.78948793356203,106.7151883818118,36,36,1.0,15,46,4,0,1.0
10.80223925742187,106.6478722259914,28,41,1.0,15,46,4,0,0.6829
10.813928881466124,106.66511432455972,19,34,1.0,15,46,4,0,0.5588
10.755608615763382,106.67347943578082,16,27,0.998943,15,46,4,0,0.5926
10.782680856341084,106.70051548181168,15,29,1.0,15,46,4,0,0.5172
10.754895139302109,106.67839188181134,21,32,1.0,15,46,4,0,0.6562
10.785070445194592,106.68331340921324,12,28,1.0,15,46,4,0,0.4286
10.7549373008113,106.67848844133415,21,32,1.0,15,46,4,0,0.6562
10.77898143649726,106.67684447140958,23,35,1.0,15,46,4,0,0.6571
10.7671128283867,106.6927618222887,11,19,1.0,15,46,4,0,0.5789
10.77847212665258,106.69389510879644,28,41,1.0,15,46,4,0,0.6829
10.796057790235078,106.67492629345334,18,34,1.0,15,46,4,0,0.5294
10.8352982156415,106.72935479345392,36,42,0.998931,15,46,4,0,0.8571
10.777562007197462,106.7041335430398,15,29,1.0,15,46,4,0,0.5172
10.83886351241477,106.67566625482782,27,36,1.0,15,46,4,0,0.75
10.765187049751797,106.67550552599072,18,36,1.0,15,46,4,0,0.5
10.75948437198232,106.6840537511244,14,28,1.0,15,46,4,0,0.5
10.865229381280963,106.72366973948476,33,49,1.0,15,47,4,0,0.6735
10.72279213640514,106.72808623948244,26,37,0.999301,15,47,4,0,0.7027
10.823400120373712,106.68551227436063,22,32,1.0,15,47,4,0,0.6875
10.756158554057755,106.66631758181126,22,29,1.0,15,47,4,0,0.7586
10.7144382088356,106.73711688366168,25,35,1.0,15,47,4,0,0.7143
10.817236653231737,106.63191539530456,22,35,1.0,15,47,4,0,0.6286
10.772727584493625,106.69804225297564,14,22,0.968292,15,49,4,0,0.6364
10.774028664434528,106.70357076461706,17,28,1.0,15,49,4,0,0.6071
10.752616652291238,106.72509685338922,28,39,1.0,15,49,4,0,0.7179
10.745754766198267,106.65326266831876,42,42,1.0,15,49,4,0,1.0
10.94927106740351,106.87196348224562,30,41,1.0,15,49,4,0,0.7317
10.78866360854368,106.695513722289,32,42,1.0,15,49,4,0,0.7619
10.801406421807084,106.7114844087968,32,42,1.0,15,50,4,0,0.7619
10.843150534972033,106.6151343241409,21,35,1.0,15,50,4,0,0.6
10.880537767027526,106.81481342866444,39,53,1.0,15,50,4,0,0.7358
10.740840166521664,106.61899246873142,27,35,1.0,15,50,4,0,0.7714
10.798986343749618,106.7269705664684,45,45,1.0,15,50,4,0,1.0
10.741860769464234,106.73790365482628,38,44,1.0,15,50,4,0,0.8636
10.752408891679814,106.7022703818112,21,33,1.0,15,50,4,0,0.6364
10.786216596454729,106.71836665482697,40,40,1.0,15,50,4,0,1.0
10.78948793356203,106.7151883818118,36,36,1.0,15,50,4,0,1.0
10.80223925742187,106.6478722259914,28,41,1.0,15,50,4,0,0.6829
10.813928881466124,106.66511432455972,19,33,1.0,15,50,4,0,0.5758
10.755608615763382,106.67347943578082,15,26,1.0,15,50,4,0,0.5769
10.782680856341084,106.70051548181168,15,30,1.0,15,50,4,0,0.5
10.754895139302109,106.67839188181134,20,32,1.0,15,50,4,0,0.625
10.785070445194592,106.68331340921324,13,27,1.0,15,50,4,0,0.4815
10.7549373008113,106.67848844133415,20,32,1.0,15,51,4,0,0.625
10.77898143649726,106.67684447140958,22,34,1.0,15,51,4,0,0.6471
10.7671128283867,106.6927618222887,12,19,1.0,15,51,4,0,0.6316
10.77847212665258,106.69389510879644,27,41,1.0,15,51,4,0,0.6585
10.796057790235078,106.67492629345334,18,34,1.0,15,51,4,0,0.5294
10.8352982156415,106.72935479345392,34,42,0.998923,15,51,4,0,0.8095
10.777562007197462,106.7041335430398,16,30,1.0,15,51,4,0,0.5333
10.83886351241477,106.67566625482782,26,36,1.0,15,51,4,0,0.7222
10.765187049751797,106.67550552599072,23,36,1.0,15,51,4,0,0.6389
10.75948437198232,106.6840537511244,15,27,1.0,15,51,4,0,0.5556
10.865229381280963,106.72366973948476,32,49,1.0,15,51,4,0,0.6531
10.72279213640514,106.72808623948244,25,37,0.999585,15,52,4,0,0.6757
10.823400120373712,106.68551227436063,19,31,1.0,15,52,4,0,0.6129
10.756158554057755,106.66631758181126,23,30,1.0,15,52,4,0,0.7667
10.7144382088356,106.73711688366168,24,35,1.0,15,52,4,0,0.6857
10.817236653231737,106.63191539530456,21,35,1.0,15,52,4,0,0.6
10.772727584493625,106.69804225297564,14,23,0.968292,15,54,4,0,0.6087
10.774028664434528,106.70357076461706,23,29,1.0,15,54,4,0,0.7931
10.752616652291238,106.72509685338922,29,39,1.0,15,55,4,0,0.7436
10.745754766198267,106.65326266831876,42,42,1.0,15,55,4,0,1.0
10.94927106740351,106.87196348224562,28,41,1.0,15,55,4,0,0.6829
10.78866360854368,106.695513722289,32,42,1.0,15,55,4,0,0.7619
10.801406421807084,106.7114844087968,32,42,1.0,15,55,4,0,0.7619
10.843150534972033,106.6151343241409,20,35,1.0,15,55,4,0,0.5714
10.880537767027526,106.81481342866444,39,53,1.0,15,55,4,0,0.7358
10.740840166521664,106.61899246873142,26,35,1.0,15,55,4,0,0.7429
10.798986343749618,106.7269705664684,45,45,1.0,15,55,4,0,1.0
10.741860769464234,106.73790365482628,45,45,1.0,15,55,4,0,1.0
10.752408891679814,106.7022703818112,21,33,1.0,15,55,4,0,0.6364
10.786216596454729,106.71836665482697,40,40,1.0,15,55,4,0,1.0
10.78948793356203,106.7151883818118,36,36,1.0,15,55,4,0,1.0
10.80223925742187,106.6478722259914,28,41,1.0,15,55,4,0,0.6829
10.813928881466124,106.66511432455972,19,34,1.0,15,55,4,0,0.5588
10.755608615763382,106.67347943578082,16,28,1.0,15,55,4,0,0.5714
10.782680856341084,106.70051548181168,15,30,1.0,15,55,4,0,0.5
10.754895139302109,106.67839188181134,20,32,1.0,15,55,4,0,0.625
10.785070445194592,106.68331340921324,13,27,1.0,15,55,4,0,0.4815
10.7549373008113,106.67848844133415,21,34,1.0,15,55,4,0,0.6176
10.77898143649726,106.67684447140958,23,34,1.0,15,55,4,0,0.6765
10.7671128283867,106.6927618222887,14,20,1.0,15,55,4,0,0.7
10.77847212665258,106.69389510879644,28,41,1.0,15,55,4,0,0.6829
10.796057790235078,106.67492629345334,19,34,1.0,15,55,4,0,0.5588
10.8352982156415,106.72935479345392,35,42,0.998829,15,55,4,0,0.8333
10.777562007197462,106.7041335430398,16,30,1.0,15,55,4,0,0.5333
10.83886351241477,106.67566625482782,26,36,1.0,15,55,4,0,0.7222
10.765187049751797,106.67550552599072,20,35,1.0,15,55,4,0,0.5714
10.75948437198232,106.6840537511244,16,28,0.998935,15,55,4,0,0.5714
10.865229381280963,106.72366973948476,33,49,1.0,15,55,4,0,0.6735
10.72279213640514,106.72808623948244,25,37,0.998887,15,55,4,0,0.6757
10.823400120373712,106.68551227436063,22,31,1.0,15,55,4,0,0.7097
10.756158554057755,106.66631758181126,24,29,1.0,15,55,4,0,0.8276
10.7144382088356,106.73711688366168,25,35,1.0,15,56,4,0,0.7143
10.817236653231737,106.63191539530456,21,35,1.0,15,56,4,0,0.6
10.772727584493625,106.69804225297564,15,22,0.968292,15,58,4,0,0.6818
10.774028664434528,106.70357076461706,20,28,1.0,15,58,4,0,0.7143
10.752616652291238,106.72509685338922,32,39,1.0,15,58,4,0,0.8205
10.745754766198267,106.65326266831876,36,43,0.999762,15,58,4,0,0.8372
10.94927106740351,106.87196348224562,31,41,1.0,15,58,4,0,0.7561
10.78866360854368,106.695513722289,31,42,1.0,15,58,4,0,0.7381
10.801406421807084,106.7114844087968,31,42,1.0,15,58,4,0,0.7381
10.843150534972033,106.6151343241409,23,35,1.0,15,58,4,0,0.6571
10.880537767027526,106.81481342866444,41,53,1.0,15,58,4,0,0.7736
10.740840166521664,106.61899246873142,27,35,1.0,15,58,4,0,0.7714
10.798986343749618,106.7269705664684,45,45,1.0,15,58,4,0,1.0
10.741860769464234,106.73790365482628,39,44,1.0,15,58,4,0,0.8864
10.752408891679814,106.7022703818112,22,34,1.0,15,58,4,0,0.6471
10.786216596454729,106.71836665482697,40,40,1.0,15,58,4,0,1.0
10.78948793356203,106.7151883818118,36,36,1.0,15,58,4,0,1.0
10.80223925742187,106.6478722259914,26,40,1.0,15,58,4,0,0.65
10.813928881466124,106.66511432455972,19,34,1.0,15,58,4,0,0.5588
10.755608615763382,106.67347943578082,15,28,1.0,15,58,4,0,0.5357
10.782680856341084,106.70051548181168,16,31,1.0,15,58,4,0,0.5161
10.754895139302109,106.67839188181134,20,33,1.0,15,58,4,0,0.6061
10.785070445194592,106.68331340921324,15,28,1.0,15,58,4,0,0.5357
10.7549373008113,106.67848844133415,20,33,1.0,15,58,4,0,0.6061
10.77898143649726,106.67684447140958,24,35,1.0,15,59,4,0,0.6857
10.7671128283867,106.6927618222887,20,20,1.0,15,59,4,0,1.0
10.77847212665258,106.69389510879644,28,41,1.0,15,59,4,0,0.6829
10.796057790235078,106.67492629345334,19,34,1.0,15,59,4,0,0.5588
10.8352982156415,106.72935479345392,35,42,0.998553,15,59,4,0,0.8333
10.777562007197462,106.7041335430398,16,31,1.0,15,59,4,0,0.5161
10.83886351241477,106.67566625482782,24,36,1.0,15,59,4,0,0.6667
10.765187049751797,106.67550552599072,25,35,1.0,15,59,4,0,0.7143
10.75948437198232,106.6840537511244,15,28,1.0,15,59,4,0,0.5357
10.865229381280963,106.72366973948476,34,49,1.0,15,59,4,0,0.6939
10.72279213640514,106.72808623948244,23,37,0.998396,15,59,4,0,0.6216
10.823400120373712,106.68551227436063,24,31,1.0,15,59,4,0,0.7742
10.756158554057755,106.66631758181126,20,29,1.0,15,59,4,0,0.6897
10.7144382088356,106.73711688366168,23,35,1.0,15,59,4,0,0.6571
10.817236653231737,106.63191539530456,22,35,1.0,15,59,4,0,0.6286
10.772727584493625,106.69804225297564,14,22,0.968292,16,2,4,0,0.6364
10.774028664434528,106.70357076461706,19,29,1.0,16,2,4,0,0.6552
10.752616652291238,106.72509685338922,34,42,1.0,16,2,4,0,0.8095
10.745754766198267,106.65326266831876,42,42,1.0,16,2,4,0,1.0
10.94927106740351,106.87196348224562,30,42,1.0,16,2,4,0,0.7143
10.78866360854368,106.695513722289,32,41,1.0,16,2,4,0,0.7805
10.801406421807084,106.7114844087968,32,41,1.0,16,2,4,0,0.7805
10.843150534972033,106.6151343241409,23,35,1.0,16,2,4,0,0.6571
10.880537767027526,106.81481342866444,40,53,1.0,16,2,4,0,0.7547
10.740840166521664,106.61899246873142,26,36,1.0,16,2,4,0,0.7222
10.798986343749618,106.7269705664684,45,45,1.0,16,2,4,0,1.0
10.741860769464234,106.73790365482628,39,44,1.0,16,2,4,0,0.8864
10.752408891679814,106.7022703818112,22,34,1.0,16,2,4,0,0.6471
10.786216596454729,106.71836665482697,40,40,1.0,16,2,4,0,1.0
10.78948793356203,106.7151883818118,36,36,1.0,16,3,4,0,1.0
10.80223925742187,106.6478722259914,31,40,1.0,16,3,4,0,0.775
10.813928881466124,106.66511432455972,18,34,1.0,16,3,4,0,0.5294
10.755608615763382,106.67347943578082,16,27,1.0,16,3,4,0,0.5926
10.782680856341084,106.70051548181168,17,30,1.0,16,3,4,0,0.5667
10.754895139302109,106.67839188181134,20,33,1.0,16,3,4,0,0.6061
10.785070445194592,106.68331340921324,14,27,1.0,16,3,4,0,0.5185
10.7549373008113,106.67848844133415,20,33,1.0,16,3,4,0,0.6061
10.77898143649726,106.67684447140958,24,34,1.0,16,3,4,0,0.7059
10.7671128283867,106.6927618222887,20,20,1.0,16,3,4,0,1.0
10.77847212665258,106.69389510879644,28,41,1.0,16,3,4,0,0.6829
10.796057790235078,106.67492629345334,20,34,1.0,16,3,4,0,0.5882
10.8352982156415,106.72935479345392,35,42,0.997496,16,3,4,0,0.8333
10.777562007197462,106.7041335430398,17,30,1.0,16,4,4,0,0.5667
10.83886351241477,106.67566625482782,26,36,1.0,16,4,4,0,0.7222
10.765187049751797,106.67550552599072,23,36,1.0,16,4,4,0,0.6389
10.75948437198232,106.6840537511244,15,27,1.0,16,4,4,0,0.5556
10.865229381280963,106.72366973948476,33,49,1.0,16,4,4,0,0.6735
10.72279213640514,106.72808623948244,24,37,0.997048,16,4,4,0,0.6486
10.823400120373712,106.68551227436063,21,31,1.0,16,4,4,0,0.6774
10.756158554057755,106.66631758181126,22,29,1.0,16,4,4,0,0.7586
10.7144382088356,106.73711688366168,24,35,1.0,16,4,4,0,0.6857
10.817236653231737,106.63191539530456,22,35,1.0,16,4,4,0,0.6286
10.772727584493625,106.69804225297564,14,22,0.968292,16,6,4,0,0.6364
10.774028664434528,106.70357076461706,14,27,1.0,16,6,4,0,0.5185
10.752616652291238,106.72509685338922,39,39,1.0,16,6,4,0,1.0
10.745754766198267,106.65326266831876,36,43,1.0,16,6,4,0,0.8372
10.94927106740351,106.87196348224562,31,41,1.0,16,6,4,0,0.7561
10.78866360854368,106.695513722289,34,42,1.0,16,7,4,0,0.8095
10.801406421807084,106.7114844087968,34,42,1.0,16,7,4,0,0.8095
10.843150534972033,106.6151343241409,22,35,1.0,16,7,4,0,0.6286
10.880537767027526,106.81481342866444,39,54,1.0,16,7,4,0,0.7222
10.740840166521664,106.61899246873142,25,35,1.0,16,7,4,0,0.7143
10.798986343749618,106.7269705664684,45,45,1.0,16,7,4,0,1.0
10.741860769464234,106.73790365482628,38,44,1.0,16,7,4,0,0.8636
10.752408891679814,106.7022703818112,21,33,1.0,16,7,4,0,0.6364
10.786216596454729,106.71836665482697,40,40,1.0,16,7,4,0,1.0
10.78948793356203,106.7151883818118,29,36,1.0,16,7,4,0,0.8056
10.80223925742187,106.6478722259914,29,40,1.0,16,7,4,0,0.725
10.813928881466124,106.66511432455972,17,34,1.0,16,8,4,0,0.5
10.755608615763382,106.67347943578082,17,28,0.998943,16,8,4,0,0.6071
10.782680856341084,106.70051548181168,17,30,1.0,16,8,4,0,0.5667
10.754895139302109,106.67839188181134,19,32,1.0,16,8,4,0,0.5938
10.785070445194592,106.68331340921324,12,27,1.0,16,8,4,0,0.4444
10.7549373008113,106.67848844133415,19,32,1.0,16,8,4,0,0.5938
10.77898143649726,106.67684447140958,25,34,1.0,16,8,4,0,0.7353
10.7671128283867,106.6927618222887,13,20,1.0,16,8,4,0,0.65
10.77847212665258,106.69389510879644,27,41,1.0,16,8,4,0,0.6585
10.796057790235078,106.67492629345334,17,34,1.0,16,8,4,0,0.5
10.8352982156415,106.72935479345392,36,42,0.997419,16,8,4,0,0.8571
10.777562007197462,106.7041335430398,17,30,1.0,16,8,4,0,0.5667
10.83886351241477,106.67566625482782,27,36,1.0,16,8,4,0,0.75
10.765187049751797,106.67550552599072,24,35,1.0,16,9,4,0,0.6857
10.75948437198232,106.6840537511244,19,28,1.0,16,9,4,0,0.6786
10.865229381280963,106.72366973948476,33,49,1.0,16,9,4,0,0.6735
10.72279213640514,106.72808623948244,24,37,0.996475,16,9,4,0,0.6486
10.823400120373712,106.68551227436063,22,31,1.0,16,9,4,0,0.7097
10.756158554057755,106.66631758181126,19,30,1.0,16,9,4,0,0.6333
10.7144382088356,106.73711688366168,25,35,1.0,16,9,4,0,0.7143
10.817236653231737,106.63191539530456,22,35,1.0,16,9,4,0,0.6286
10.772727584493625,106.69804225297564,15,22,0.968292,16,12,4,0,0.6818
10.774028664434528,106.70357076461706,29,29,1.0,16,12,4,0,1.0
10.752616652291238,106.72509685338922,29,39,1.0,16,12,4,0,0.7436
10.745754766198267,106.65326266831876,37,43,1.0,16,12,4,0,0.8605
10.94927106740351,106.87196348224562,28,41,1.0,16,12,4,0,0.6829
10.78866360854368,106.695513722289,33,41,1.0,16,12,4,0,0.8049
10.801406421807084,106.7114844087968,33,41,1.0,16,12,4,0,0.8049
10.843150534972033,106.6151343241409,21,35,1.0,16,12,4,0,0.6
10.880537767027526,106.81481342866444,40,54,1.0,16,12,4,0,0.7407
10.740840166521664,106.61899246873142,25,35,1.0,16,12,4,0,0.7143
10.798986343749618,106.7269705664684,45,45,1.0,16,12,4,0,1.0
10.741860769464234,106.73790365482628,45,45,1.0,16,13,4,0,1.0
10.752408891679814,106.7022703818112,23,34,1.0,16,13,4,0,0.6765
10.786216596454729,106.71836665482697,40,40,1.0,16,13,4,0,1.0
10.78948793356203,106.7151883818118,28,36,1.0,16,13,4,0,0.7778
10.80223925742187,106.6478722259914,25,40,1.0,16,13,4,0,0.625
10.813928881466124,106.66511432455972,18,34,1.0,16,13,4,0,0.5294
10.755608615763382,106.67347943578082,17,28,1.0,16,13,4,0,0.6071
10.782680856341084,106.70051548181168,16,30,1.0,16,13,4,0,0.5333
10.754895139302109,106.67839188181134,19,32,1.0,16,13,4,0,0.5938
10.785070445194592,106.68331340921324,12,29,1.0,16,13,4,0,0.4138
10.7549373008113,106.67848844133415,19,32,1.0,16,13,4,0,0.5938
10.77898143649726,106.67684447140958,23,34,1.0,16,13,4,0,0.6765
10.7671128283867,106.6927618222887,15,20,1.0,16,13,4,0,0.75
10.77847212665258,106.69389510879644,29,42,1.0,16,13,4,0,0.6905
10.796057790235078,106.67492629345334,18,34,1.0,16,13,4,0,0.5294
10.8352982156415,106.72935479345392,35,42,0.995092,16,14,4,0,0.8333
10.777562007197462,106.7041335430398,16,29,1.0,16,14,4,0,0.5517
10.83886351241477,106.67566625482782,27,36,1.0,16,14,4,0,0.75
10.765187049751797,106.67550552599072,23,36,1.0,16,14,4,0,0.6389
10.75948437198232,106.6840537511244,15,28,0.998947,16,14,4,0,0.5357
10.865229381280963,106.72366973948476,32,49,1.0,16,14,4,0,0.6531
10.72279213640514,106.72808623948244,24,37,0.998679,16,15,4,0,0.6486
10.823400120373712,106.68551227436063,22,32,1.0,16,15,4,0,0.6875
10.756158554057755,106.66631758181126,21,30,1.0,16,15,4,0,0.7
10.7144382088356,106.73711688366168,24,35,1.0,16,15,4,0,0.6857
10.817236653231737,106.63191539530456,23,35,1.0,16,15,4,0,0.6571
10.772727584493625,106.69804225297564,13,22,0.968292,16,17,4,0,0.5909
10.774028664434528,106.70357076461706,20,28,1.0,16,17,4,0,0.7143
10.752616652291238,106.72509685338922,30,39,1.0,16,17,4,0,0.7692
10.745754766198267,106.65326266831876,36,42,1.0,16,17,4,0,0.8571
10.94927106740351,106.87196348224562,29,40,1.0,16,17,4,0,0.725
10.78866360854368,106.695513722289,32,41,1.0,16,17,4,0,0.7805
10.801406421807084,106.7114844087968,32,41,1.0,16,17,4,0,0.7805
10.843150534972033,106.6151343241409,21,35,1.0,16,17,4,0,0.6
10.880537767027526,106.81481342866444,41,53,1.0,16,17,4,0,0.7736
10.740840166521664,106.61899246873142,25,35,1.0,16,17,4,0,0.7143
10.798986343749618,106.7269705664684,45,45,1.0,16,18,4,0,1.0
10.741860769464234,106.73790365482628,45,45,1.0,16,18,4,0,1.0
10.752408891679814,106.7022703818112,23,33,1.0,16,18,4,0,0.697
10.786216596454729,106.71836665482697,37,40,1.0,16,18,4,0,0.925
10.78948793356203,106.7151883818118,36,36,1.0,16,18,4,0,1.0
10.80223925742187,106.6478722259914,26,41,1.0,16,18,4,0,0.6341
10.813928881466124,106.66511432455972,17,34,0.999713,16,18,4,0,0.5
10.755608615763382,106.67347943578082,13,28,1.0,16,18,4,0,0.4643
10.782680856341084,106.70051548181168,15,30,1.0,16,18,4,0,0.5
10.754895139302109,106.67839188181134,19,33,1.0,16,18,4,0,0.5758
10.785070445194592,106.68331340921324,14,28,1.0,16,18,4,0,0.5
10.7549373008113,106.67848844133415,19,33,1.0,16,18,4,0,0.5758
10.77898143649726,106.67684447140958,21,34,1.0,16,18,4,0,0.6176
10.7671128283867,106.6927618222887,13,20,1.0,16,18,4,0,0.65
10.77847212665258,106.69389510879644,28,42,1.0,16,18,4,0,0.6667
10.796057790235078,106.67492629345334,17,34,0.999713,16,18,4,0,0.5
10.8352982156415,106.72935479345392,37,42,0.995024,16,18,4,0,0.881
10.777562007197462,106.7041335430398,15,30,1.0,16,18,4,0,0.5
10.83886351241477,106.67566625482782,26,36,1.0,16,18,4,0,0.7222
10.765187049751797,106.67550552599072,22,35,1.0,16,19,4,0,0.6286
10.75948437198232,106.6840537511244,13,28,1.0,16,19,4,0,0.4643
10.865229381280963,106.72366973948476,32,49,1.0,16,19,4,0,0.6531
10.72279213640514,106.72808623948244,23,37,0.998591,16,19,4,0,0.6216
10.823400120373712,106.68551227436063,23,31,1.0,16,19,4,0,0.7419
10.756158554057755,106.66631758181126,17,28,1.0,16,19,4,0,0.6071
10.7144382088356,106.73711688366168,24,35,1.0,16,19,4,0,0.6857
10.817236653231737,106.63191539530456,20,35,1.0,16,19,4,0,0.5714
10.772727584493625,106.69804225297564,14,23,0.968292,16,21,4,0,0.6087
10.774028664434528,106.70357076461706,22,28,1.0,16,21,4,0,0.7857
10.752616652291238,106.72509685338922,29,39,1.0,16,21,4,0,0.7436
10.745754766198267,106.65326266831876,37,43,1.0,16,21,4,0,0.8605
10.94927106740351,106.87196348224562,31,41,1.0,16,21,4,0,0.7561
10.78866360854368,106.695513722289,33,42,1.0,16,21,4,0,0.7857
10.801406421807084,106.7114844087968,33,42,1.0,16,21,4,0,0.7857
10.843150534972033,106.6151343241409,21,35,1.0,16,22,4,0,0.6
10.880537767027526,106.81481342866444,41,53,1.0,16,22,4,0,0.7736
10.740840166521664,106.61899246873142,25,36,1.0,16,22,4,0,0.6944
10.798986343749618,106.7269705664684,45,45,1.0,16,22,4,0,1.0
10.741860769464234,106.73790365482628,45,45,1.0,16,22,4,0,1.0
10.752408891679814,106.7022703818112,21,34,1.0,16,22,4,0,0.6176
10.786216596454729,106.71836665482697,40,40,1.0,16,22,4,0,1.0
10.78948793356203,106.7151883818118,22,35,1.0,16,22,4,0,0.6286
10.80223925742187,106.6478722259914,26,41,1.0,16,22,4,0,0.6341
10.813928881466124,106.66511432455972,17,33,1.0,16,22,4,0,0.5152
10.755608615763382,106.67347943578082,14,27,1.0,16,23,4,0,0.5185
10.782680856341084,106.70051548181168,15,29,1.0,16,23,4,0,0.5172
10.754895139302109,106.67839188181134,19,33,1.0,16,23,4,0,0.5758
10.785070445194592,106.68331340921324,13,28,1.0,16,23,4,0,0.4643
10.7549373008113,106.67848844133415,18,32,1.0,16,23,4,0,0.5625
10.77898143649726,106.67684447140958,22,34,1.0,16,24,4,0,0.6471
10.7671128283867,106.6927618222887,11,20,1.0,16,24,4,0,0.55
10.77847212665258,106.69389510879644,28,41,1.0,16,24,4,0,0.6829
10.796057790235078,106.67492629345334,18,33,1.0,16,24,4,0,0.5455
10.8352982156415,106.72935479345392,34,42,0.996041,16,24,4,0,0.8095
10.777562007197462,106.7041335430398,16,30,1.0,16,24,4,0,0.5333
10.83886351241477,106.67566625482782,25,36,1.0,16,24,4,0,0.6944
10.765187049751797,106.67550552599072,23,35,1.0,16,24,4,0,0.6571
10.75948437198232,106.6840537511244,16,27,1.0,16,24,4,0,0.5926
10.865229381280963,106.72366973948476,32,49,1.0,16,24,4,0,0.6531
10.72279213640514,106.72808623948244,23,37,0.998476,16,24,4,0,0.6216
10.823400120373712,106.68551227436063,21,31,1.0,16,24,4,0,0.6774
10.756158554057755,106.66631758181126,21,28,1.0,16,24,4,0,0.75
10.7144382088356,106.73711688366168,23,35,1.0,16,24,4,0,0.6571
10.817236653231737,106.63191539530456,22,35,1.0,16,24,4,0,0.6286
10.772727584493625,106.69804225297564,14,23,0.968292,16,26,4,0,0.6087
10.774028664434528,106.70357076461706,19,28,1.0,16,26,4,0,0.6786
10.752616652291238,106.72509685338922,37,42,1.0,16,26,4,0,0.881
10.745754766198267,106.65326266831876,36,43,1.0,16,26,4,0,0.8372
10.94927106740351,106.87196348224562,29,41,1.0,16,26,4,0,0.7073
10.78866360854368,106.695513722289,31,41,1.0,16,26,4,0,0.7561
10.801406421807084,106.7114844087968,31,41,1.0,16,27,4,0,0.7561
10.843150534972033,106.6151343241409,20,35,1.0,16,27,4,0,0.5714
10.880537767027526,106.81481342866444,40,54,1.0,16,27,4,0,0.7407
10.740840166521664,106.61899246873142,24,35,1.0,16,27,4,0,0.6857
10.798986343749618,106.7269705664684,45,45,1.0,16,27,4,0,1.0
10.741860769464234,106.73790365482628,45,45,1.0,16,27,4,0,1.0
10.752408891679814,106.7022703818112,21,34,1.0,16,27,4,0,0.6176
10.786216596454729,106.71836665482697,40,40,1.0,16,27,4,0,1.0
10.78948793356203,106.7151883818118,36,36,1.0,16,27,4,0,1.0
10.80223925742187,106.6478722259914,29,41,1.0,16,27,4,0,0.7073
10.813928881466124,106.66511432455972,18,33,1.0,16,27,4,0,0.5455
10.755608615763382,106.67347943578082,15,27,1.0,16,27,4,0,0.5556
10.782680856341084,106.70051548181168,16,30,1.0,16,27,4,0,0.5333
10.754895139302109,106.67839188181134,18,32,1.0,16,27,4,0,0.5625
10.785070445194592,106.68331340921324,12,27,1.0,16,27,4,0,0.4444
10.7549373008113,106.67848844133415,18,32,1.0,16,28,4,0,0.5625
10.77898143649726,106.67684447140958,22,35,1.0,16,28,4,0,0.6286
10.7671128283867,106.6927618222887,12,20,1.0,16,28,4,0,0.6
10.77847212665258,106.69389510879644,28,41,1.0,16,28,4,0,0.6829
10.796057790235078,106.67492629345334,18,33,1.0,16,28,4,0,0.5455
10.8352982156415,106.72935479345392,34,42,0.99731,16,28,4,0,0.8095
10.777562007197462,106.7041335430398,16,30,1.0,16,28,4,0,0.5333
10.83886351241477,106.67566625482782,25,36,1.0,16,28,4,0,0.6944
10.765187049751797,106.67550552599072,24,36,1.0,16,28,4,0,0.6667
10.75948437198232,106.6840537511244,15,27,1.0,16,28,4,0,0.5556
10.865229381280963,106.72366973948476,32,49,1.0,16,28,4,0,0.6531
10.72279213640514,106.72808623948244,22,37,0.998476,16,28,4,0,0.5946
10.823400120373712,106.68551227436063,23,32,1.0,16,28,4,0,0.7188
10.756158554057755,106.66631758181126,19,30,1.0,16,28,4,0,0.6333
10.7144382088356,106.73711688366168,22,35,1.0,16,28,4,0,0.6286
10.817236653231737,106.63191539530456,21,35,1.0,16,28,4,0,0.6
10.772727584493625,106.69804225297564,12,23,0.968292,16,30,4,0,0.5217
10.774028664434528,106.70357076461706,16,28,1.0,16,31,4,0,0.5714
10.752616652291238,106.72509685338922,31,39,1.0,16,31,4,0,0.7949
10.745754766198267,106.65326266831876,36,42,1.0,16,31,4,0,0.8571
10.94927106740351,106.87196348224562,29,41,1.0,16,31,4,0,0.7073
10.78866360854368,106.695513722289,32,42,1.0,16,31,4,0,0.7619
10.801406421807084,106.7114844087968,32,42,1.0,16,31,4,0,0.7619
10.843150534972033,106.6151343241409,21,35,1.0,16,31,4,0,0.6
10.880537767027526,106.81481342866444,40,53,1.0,16,31,4,0,0.7547
10.740840166521664,106.61899246873142,23,35,1.0,16,31,4,0,0.6571
10.798986343749618,106.7269705664684,45,45,1.0,16,31,4,0,1.0
10.741860769464234,106.73790365482628,45,45,1.0,16,31,4,0,1.0
10.752408891679814,106.7022703818112,22,34,1.0,16,31,4,0,0.6471
10.786216596454729,106.71836665482697,40,40,1.0,16,31,4,0,1.0
10.78948793356203,106.7151883818118,36,36,1.0,16,31,4,0,1.0
10.80223925742187,106.6478722259914,26,41,1.0,16,31,4,0,0.6341
10.813928881466124,106.66511432455972,18,34,1.0,16,31,4,0,0.5294
10.755608615763382,106.67347943578082,14,26,1.0,16,31,4,0,0.5385
10.782680856341084,106.70051548181168,15,30,1.0,16,31,4,0,0.5
10.754895139302109,106.67839188181134,17,32,1.0,16,31,4,0,0.5312
10.785070445194592,106.68331340921324,13,27,1.0,16,31,4,0,0.4815
10.7549373008113,106.67848844133415,17,32,1.0,16,31,4,0,0.5312
10.77898143649726,106.67684447140958,21,34,1.0,16,32,4,0,0.6176
10.7671128283867,106.6927618222887,13,19,1.0,16,32,4,0,0.6842
10.77847212665258,106.69389510879644,28,41,1.0,16,32,4,0,0.6829
10.796057790235078,106.67492629345334,18,34,1.0,16,32,4,0,0.5294
10.8352982156415,106.72935479345392,33,42,0.997662,16,32,4,0,0.7857
10.777562007197462,106.7041335430398,15,30,1.0,16,32,4,0,0.5
10.83886351241477,106.67566625482782,24,36,1.0,16,32,4,0,0.6667
10.765187049751797,106.67550552599072,19,36,1.0,16,32,4,0,0.5278
10.75948437198232,106.6840537511244,16,28,1.0,16,32,4,0,0.5714
10.865229381280963,106.72366973948476,32,49,1.0,16,32,4,0,0.6531
10.72279213640514,106.72808623948244,21,37,0.998863,16,32,4,0,0.5676
10.823400120373712,106.68551227436063,21,32,1.0,16,32,4,0,0.6562
10.756158554057755,106.66631758181126,19,28,1.0,16,32,4,0,0.6786
10.7144382088356,106.73711688366168,22,35,1.0,16,32,4,0,0.6286
10.817236653231737,106.63191539530456,21,35,1.0,16,32,4,0,0.6
10.772727584493625,106.69804225297564,13,23,0.968292,16,35,4,0,0.5652
10.774028664434528,106.70357076461706,22,29,1.0,16,35,4,0,0.7586
10.752616652291238,106.72509685338922,36,42,1.0,16,35,4,0,0.8571
10.745754766198267,106.65326266831876,35,42,1.0,16,35,4,0,0.8333
10.94927106740351,106.87196348224562,21,41,1.0,16,35,4,0,0.5122
10.78866360854368,106.695513722289,31,41,1.0,16,35,4,0,0.7561
10.801406421807084,106.7114844087968,31,41,1.0,16,35,4,0,0.7561
10.843150534972033,106.6151343241409,21,35,1.0,16,35,4,0,0.6
10.880537767027526,106.81481342866444,40,53,1.0,16,35,4,0,0.7547
10.740840166521664,106.61899246873142,23,35,1.0,16,35,4,0,0.6571
10.798986343749618,106.7269705664684,45,45,1.0,16,35,4,0,1.0
10.741860769464234,106.73790365482628,38,44,1.0,16,35,4,0,0.8636
10.752408891679814,106.7022703818112,21,33,1.0,16,35,4,0,0.6364
10.786216596454729,106.71836665482697,40,40,1.0,16,35,4,0,1.0
10.78948793356203,106.7151883818118,24,35,1.0,16,35,4,0,0.6857
10.80223925742187,106.6478722259914,24,41,1.0,16,35,4,0,0.5854
10.813928881466124,106.66511432455972,18,34,1.0,16,35,4,0,0.5294
10.755608615763382,106.67347943578082,15,28,1.0,16,35,4,0,0.5357
10.782680856341084,106.70051548181168,16,30,1.0,16,35,4,0,0.5333
10.754895139302109,106.67839188181134,18,33,1.0,16,35,4,0,0.5455
10.785070445194592,106.68331340921324,11,28,1.0,16,35,4,0,0.3929
10.7549373008113,106.67848844133415,18,33,1.0,16,35,4,0,0.5455
10.77898143649726,106.67684447140958,22,34,1.0,16,35,4,0,0.6471
10.7671128283867,106.6927618222887,15,20,1.0,16,35,4,0,0.75
10.77847212665258,106.69389510879644,27,41,1.0,16,35,4,0,0.6585
10.796057790235078,106.67492629345334,17,33,1.0,16,35,4,0,0.5152
10.8352982156415,106.72935479345392,34,42,0.997291,16,36,4,0,0.8095
10.777562007197462,106.7041335430398,15,30,1.0,16,36,4,0,0.5
10.83886351241477,106.67566625482782,25,36,0.998074,16,36,4,0,0.6944
10.765187049751797,106.67550552599072,22,36,1.0,16,36,4,0,0.6111
10.75948437198232,106.6840537511244,15,27,1.0,16,36,4,0,0.5556
10.865229381280963,106.72366973948476,31,49,1.0,16,36,4,0,0.6327
10.72279213640514,106.72808623948244,20,37,0.99837,16,36,4,0,0.5405
10.823400120373712,106.68551227436063,20,31,1.0,16,36,4,0,0.6452
10.756158554057755,106.66631758181126,15,29,1.0,16,36,4,0,0.5172
10.7144382088356,106.73711688366168,24,35,1.0,16,37,4,0,0.6857
10.817236653231737,106.63191539530456,22,34,1.0,16,37,4,0,0.6471
10.772727584493625,106.69804225297564,14,22,0.968292,16,39,4,0,0.6364
10.774028664434528,106.70357076461706,17,29,1.0,16,39,4,0,0.5862
10.752616652291238,106.72509685338922,35,43,1.0,16,39,4,0,0.814
10.745754766198267,106.65326266831876,34,43,1.0,16,39,4,0,0.7907
10.94927106740351,106.87196348224562,24,40,1.0,16,39,4,0,0.6
10.78866360854368,106.695513722289,31,41,1.0,16,39,4,0,0.7561
10.801406421807084,106.7114844087968,31,41,1.0,16,39,4,0,0.7561
10.843150534972033,106.6151343241409,23,35,1.0,16,39,4,0,0.6571
10.880537767027526,106.81481342866444,40,53,1.0,16,39,4,0,0.7547
10.740840166521664,106.61899246873142,23,35,1.0,16,39,4,0,0.6571
10.798986343749618,106.7269705664684,45,45,1.0,16,39,4,0,1.0
10.741860769464234,106.73790365482628,45,45,1.0,16,40,4,0,1.0
10.752408891679814,106.7022703818112,21,34,1.0,16,40,4,0,0.6176
10.786216596454729,106.71836665482697,37,40,1.0,16,40,4,0,0.925
10.78948793356203,106.7151883818118,36,36,1.0,16,40,4,0,1.0
10.80223925742187,106.6478722259914,26,41,1.0,16,40,4,0,0.6341
10.813928881466124,106.66511432455972,18,34,1.0,16,40,4,0,0.5294
10.755608615763382,106.67347943578082,15,28,1.0,16,40,4,0,0.5357
10.782680856341084,106.70051548181168,14,30,1.0,16,40,4,0,0.4667
10.754895139302109,106.67839188181134,16,33,1.0,16,40,4,0,0.4848
10.785070445194592,106.68331340921324,11,28,1.0,16,40,4,0,0.3929
10.7549373008113,106.67848844133415,16,33,1.0,16,40,4,0,0.4848
10.77898143649726,106.67684447140958,20,34,1.0,16,40,4,0,0.5882
10.7671128283867,106.6927618222887,13,20,1.0,16,40,4,0,0.65
10.77847212665258,106.69389510879644,26,41,1.0,16,40,4,0,0.6341
10.796057790235078,106.67492629345334,18,34,1.0,16,40,4,0,0.5294
10.8352982156415,106.72935479345392,34,42,0.996771,16,40,4,0,0.8095
10.777562007197462,106.7041335430398,14,30,1.0,16,40,4,0,0.4667
10.83886351241477,106.67566625482782,23,36,1.0,16,40,4,0,0.6389
10.765187049751797,106.67550552599072,23,36,1.0,16,40,4,0,0.6389
10.75948437198232,106.6840537511244,15,28,1.0,16,40,4,0,0.5357
10.865229381280963,106.72366973948476,31,49,1.0,16,41,4,0,0.6327
10.72279213640514,106.72808623948244,22,37,0.998369,16,41,4,0,0.5946
10.823400120373712,106.68551227436063,20,32,1.0,16,41,4,0,0.625
10.756158554057755,106.66631758181126,18,28,1.0,16,41,4,0,0.6429
10.7144382088356,106.73711688366168,23,35,1.0,16,41,4,0,0.6571
10.817236653231737,106.63191539530456,22,35,1.0,16,41,4,0,0.6286
10.772727584493625,106.69804225297564,13,22,0.968292,16,43,4,0,0.5909
10.774028664434528,106.70357076461706,18,28,1.0,16,43,4,0,0.6429
10.752616652291238,106.72509685338922,28,38,1.0,16,43,4,0,0.7368
10.745754766198267,106.65326266831876,36,42,1.0,16,43,4,0,0.8571
10.94927106740351,106.87196348224562,28,42,1.0,16,43,4,0,0.6667
10.78866360854368,106.695513722289,30,42,1.0,16,43,4,0,0.7143
10.801406421807084,106.7114844087968,29,41,1.0,16,43,4,0,0.7073
10.843150534972033,106.6151343241409,21,35,1.0,16,43,4,0,0.6
10.880537767027526,106.81481342866444,39,53,1.0,16,43,4,0,0.7358
10.740840166521664,106.61899246873142,23,35,1.0,16,43,4,0,0.6571
10.798986343749618,106.7269705664684,45,45,1.0,16,43,4,0,1.0
10.741860769464234,106.73790365482628,36,44,1.0,16,43,4,0,0.8182
10.752408891679814,106.7022703818112,20,34,1.0,16,43,4,0,0.5882
10.786216596454729,106.71836665482697,40,40,1.0,16,43,4,0,1.0
10.78948793356203,106.7151883818118,23,34,1.0,16,43,4,0,0.6765
10.80223925742187,106.6478722259914,26,41,1.0,16,43,4,0,0.6341
10.813928881466124,106.66511432455972,18,34,1.0,16,43,4,0,0.5294
10.755608615763382,106.67347943578082,15,27,1.0,16,43,4,0,0.5556
10.782680856341084,106.70051548181168,14,29,1.0,16,44,4,0,0.4828
10.754895139302109,106.67839188181134,18,33,1.0,16,44,4,0,0.5455
10.785070445194592,106.68331340921324,9,28,1.0,16,44,4,0,0.3214
10.7549373008113,106.67848844133415,18,33,1.0,16,44,4,0,0.5455
10.77898143649726,106.67684447140958,19,34,1.0,16,44,4,0,0.5588
10.7671128283867,106.6927618222887,14,19,1.0,16,44,4,0,0.7368
10.77847212665258,106.69389510879644,27,41,1.0,16,44,4,0,0.6585
10.796057790235078,106.67492629345334,18,34,1.0,16,44,4,0,0.5294
10.8352982156415,106.72935479345392,34,42,0.997282,16,44,4,0,0.8095
10.777562007197462,106.7041335430398,14,30,1.0,16,45,4,0,0.4667
10.83886351241477,106.67566625482782,21,36,0.998074,16,45,4,0,0.5833
10.765187049751797,106.67550552599072,25,36,1.0,16,45,4,0,0.6944
10.75948437198232,106.6840537511244,15,28,1.0,16,45,4,0,0.5357
10.865229381280963,106.72366973948476,32,49,1.0,16,45,4,0,0.6531
10.72279213640514,106.72808623948244,20,37,0.997998,16,45,4,0,0.5405
10.823400120373712,106.68551227436063,21,31,1.0,16,45,4,0,0.6774
10.756158554057755,106.66631758181126,17,29,1.0,16,45,4,0,0.5862
10.7144382088356,106.73711688366168,23,35,1.0,16,45,4,0,0.6571
10.817236653231737,106.63191539530456,21,35,1.0,16,45,4,0,0.6
10.772727584493625,106.69804225297564,12,24,0.998765,16,47,4,0,0.5
10.774028664434528,106.70357076461706,15,28,1.0,16,47,4,0,0.5357
10.752616652291238,106.72509685338922,25,40,1.0,16,47,4,0,0.625
10.745754766198267,106.65326266831876,42,42,1.0,16,47,4,0,1.0
10.94927106740351,106.87196348224562,25,43,1.0,16,47,4,0,0.5814
10.78866360854368,106.695513722289,29,42,1.0,16,47,4,0,0.6905
10.801406421807084,106.7114844087968,29,42,1.0,16,47,4,0,0.6905
10.843150534972033,106.6151343241409,20,35,1.0,16,47,4,0,0.5714
10.880537767027526,106.81481342866444,39,54,1.0,16,47,4,0,0.7222
10.740840166521664,106.61899246873142,22,35,1.0,16,48,4,0,0.6286
10.798986343749618,106.7269705664684,45,45,1.0,16,48,4,0,1.0
10.741860769464234,106.73790365482628,38,45,1.0,16,48,4,0,0.8444
10.752408891679814,106.7022703818112,19,34,1.0,16,48,4,0,0.5588
10.786216596454729,106.71836665482697,40,40,1.0,16,48,4,0,1.0
10.78948793356203,106.7151883818118,19,34,1.0,16,48,4,0,0.5588
10.80223925742187,106.6478722259914,23,41,1.0,16,48,4,0,0.561
10.813928881466124,106.66511432455972,18,34,1.0,16,48,4,0,0.5294
10.755608615763382,106.67347943578082,14,27,1.0,16,48,4,0,0.5185
10.782680856341084,106.70051548181168,13,30,1.0,16,48,4,0,0.4333
10.754895139302109,106.67839188181134,19,33,1.0,16,48,4,0,0.5758
10.785070445194592,106.68331340921324,9,27,1.0,16,48,4,0,0.3333
10.7549373008113,106.67848844133415,19,33,1.0,16,48,4,0,0.5758
10.77898143649726,106.67684447140958,20,34,1.0,16,48,4,0,0.5882
10.7671128283867,106.6927618222887,11,19,1.0,16,48,4,0,0.5789
10.77847212665258,106.69389510879644,26,42,1.0,16,48,4,0,0.619
10.796057790235078,106.67492629345334,17,34,1.0,16,48,4,0,0.5
10.8352982156415,106.72935479345392,33,42,0.997117,16,48,4,0,0.7857
10.777562007197462,106.7041335430398,14,30,1.0,16,48,4,0,0.4667
10.83886351241477,106.67566625482782,22,36,0.998081,16,48,4,0,0.6111
10.765187049751797,106.67550552599072,23,36,1.0,16,48,4,0,0.6389
10.75948437198232,106.6840537511244,16,28,1.0,16,48,4,0,0.5714
10.865229381280963,106.72366973948476,30,49,1.0,16,48,4,0,0.6122
10.72279213640514,106.72808623948244,20,37,0.997671,16,48,4,0,0.5405
10.823400120373712,106.68551227436063,21,32,1.0,16,48,4,0,0.6562
10.756158554057755,106.66631758181126,18,30,1.0,16,48,4,0,0.6
10.7144382088356,106.73711688366168,22,35,1.0,16,48,4,0,0.6286
10.817236653231737,106.63191539530456,20,35,1.0,16,48,4,0,0.5714
10.772727584493625,106.69804225297564,13,24,0.998765,16,50,4,0,0.5417
10.774028664434528,106.70357076461706,22,29,1.0,16,50,4,0,0.7586
10.752616652291238,106.72509685338922,21,39,1.0,16,50,4,0,0.5385
10.745754766198267,106.65326266831876,38,42,0.999762,16,50,4,0,0.9048
10.94927106740351,106.87196348224562,24,42,1.0,16,50,4,0,0.5714
10.78866360854368,106.695513722289,30,41,1.0,16,50,4,0,0.7317
10.801406421807084,106.7114844087968,29,42,1.0,16,50,4,0,0.6905
10.843150534972033,106.6151343241409,21,34,1.0,16,50,4,0,0.6176
10.880537767027526,106.81481342866444,41,54,1.0,16,50,4,0,0.7593
10.740840166521664,106.61899246873142,23,35,1.0,16,50,4,0,0.6571
10.798986343749618,106.7269705664684,45,45,1.0,16,50,4,0,1.0
10.741860769464234,106.73790365482628,45,45,1.0,16,50,4,0,1.0
10.752408891679814,106.7022703818112,19,34,1.0,16,50,4,0,0.5588
10.786216596454729,106.71836665482697,40,40,1.0,16,50,4,0,1.0
10.78948793356203,106.7151883818118,19,35,1.0,16,51,4,0,0.5429
10.80223925742187,106.6478722259914,22,40,1.0,16,51,4,0,0.55
10.813928881466124,106.66511432455972,16,34,1.0,16,51,4,0,0.4706
10.755608615763382,106.67347943578082,16,27,0.997714,16,51,4,0,0.5926
10.782680856341084,106.70051548181168,13,29,1.0,16,51,4,0,0.4483
10.754895139302109,106.67839188181134,19,33,1.0,16,51,4,0,0.5758
10.785070445194592,106.68331340921324,12,28,1.0,16,51,4,0,0.4286
10.7549373008113,106.67848844133415,19,33,1.0,16,51,4,0,0.5758
10.77898143649726,106.67684447140958,19,35,1.0,16,51,4,0,0.5429
10.7671128283867,106.6927618222887,11,20,1.0,16,51,4,0,0.55
10.77847212665258,106.69389510879644,27,41,1.0,16,51,4,0,0.6585
10.796057790235078,106.67492629345334,16,34,1.0,16,51,4,0,0.4706
10.8352982156415,106.72935479345392,34,42,0.996587,16,51,4,0,0.8095
10.777562007197462,106.7041335430398,13,29,1.0,16,51,4,0,0.4483
10.83886351241477,106.67566625482782,21,36,1.0,16,51,4,0,0.5833
10.765187049751797,106.67550552599072,19,36,1.0,16,51,4,0,0.5278
10.75948437198232,106.6840537511244,16,27,0.997714,16,51,4,0,0.5926
10.865229381280963,106.72366973948476,30,49,1.0,16,51,4,0,0.6122
10.72279213640514,106.72808623948244,20,37,0.996952,16,51,4,0,0.5405
10.823400120373712,106.68551227436063,20,32,1.0,16,51,4,0,0.625
10.756158554057755,106.66631758181126,18,29,1.0,16,51,4,0,0.6207
10.7144382088356,106.73711688366168,22,35,1.0,16,51,4,0,0.6286
10.817236653231737,106.63191539530456,21,34,1.0,16,51,4,0,0.6176
10.772727584493625,106.69804225297564,13,24,0.998765,16,54,4,0,0.5417
10.774028664434528,106.70357076461706,17,28,1.0,16,54,4,0,0.6071
10.752616652291238,106.72509685338922,25,38,1.0,16,54,4,0,0.6579
10.745754766198267,106.65326266831876,38,43,0.999762,16,54,4,0,0.8837
10.94927106740351,106.87196348224562,24,41,1.0,16,54,4,0,0.5854
10.78866360854368,106.695513722289,29,42,1.0,16,54,4,0,0.6905
10.801406421807084,106.7114844087968,29,42,1.0,16,54,4,0,0.6905
10.843150534972033,106.6151343241409,21,35,1.0,16,54,4,0,0.6
10.880537767027526,106.81481342866444,41,53,1.0,16,54,4,0,0.7736
10.740840166521664,106.61899246873142,23,35,1.0,16,54,4,0,0.6571
10.798986343749618,106.7269705664684,45,45,1.0,16,54,4,0,1.0
10.741860769464234,106.73790365482628,45,45,1.0,16,54,4,0,1.0
10.752408891679814,106.7022703818112,19,34,1.0,16,54,4,0,0.5588
10.786216596454729,106.71836665482697,40,40,1.0,16,55,4,0,1.0
10.78948793356203,106.7151883818118,18,34,1.0,16,55,4,0,0.5294
10.80223925742187,106.6478722259914,23,40,1.0,16,55,4,0,0.575
10.813928881466124,106.66511432455972,16,34,0.999322,16,55,4,0,0.4706
10.755608615763382,106.67347943578082,16,28,0.997907,16,55,4,0,0.5714
10.782680856341084,106.70051548181168,12,30,1.0,16,55,4,0,0.4
10.754895139302109,106.67839188181134,17,33,1.0,16,55,4,0,0.5152
10.785070445194592,106.68331340921324,13,28,1.0,16,55,4,0,0.4643
10.7549373008113,106.67848844133415,17,33,1.0,16,55,4,0,0.5152
10.77898143649726,106.67684447140958,18,34,1.0,16,55,4,0,0.5294
10.7671128283867,106.6927618222887,9,19,1.0,16,55,4,0,0.4737
10.77847212665258,106.69389510879644,25,42,1.0,16,55,4,0,0.5952
10.796057790235078,106.67492629345334,16,34,0.99776,16,55,4,0,0.4706
10.8352982156415,106.72935479345392,32,42,0.990953,16,55,4,0,0.7619
10.777562007197462,106.7041335430398,12,30,1.0,16,55,4,0,0.4
10.83886351241477,106.67566625482782,21,36,0.998077,16,55,4,0,0.5833
10.765187049751797,106.67550552599072,23,35,1.0,16,56,4,0,0.6571
10.75948437198232,106.6840537511244,15,28,0.995814,16,56,4,0,0.5357
10.865229381280963,106.72366973948476,29,49,1.0,16,56,4,0,0.5918
10.72279213640514,106.72808623948244,19,37,0.995628,16,56,4,0,0.5135
10.823400120373712,106.68551227436063,21,32,1.0,16,56,4,0,0.6562
10.756158554057755,106.66631758181126,16,29,1.0,16,57,4,0,0.5517
10.7144382088356,106.73711688366168,21,35,1.0,16,57,4,0,0.6
10.817236653231737,106.63191539530456,20,35,1.0,16,57,4,0,0.5714
10.772727584493625,106.69804225297564,11,25,0.998765,16,59,4,0,0.44
10.774028664434528,106.70357076461706,20,29,1.0,16,59,4,0,0.6897
10.752616652291238,106.72509685338922,33,41,1.0,16,59,4,0,0.8049
10.745754766198267,106.65326266831876,36,42,0.999762,16,59,4,0,0.8571
10.94927106740351,106.87196348224562,22,42,1.0,16,59,4,0,0.5238
10.78866360854368,106.695513722289,27,42,1.0,16,59,4,0,0.6429
10.801406421807084,106.7114844087968,27,42,1.0,16,59,4,0,0.6429
10.843150534972033,106.6151343241409,22,35,1.0,16,59,4,0,0.6286
10.880537767027526,106.81481342866444,40,53,1.0,17,0,4,0,0.7547
10.740840166521664,106.61899246873142,23,35,1.0,17,0,4,0,0.6571
10.798986343749618,106.7269705664684,45,45,1.0,17,0,4,0,1.0
10.741860769464234,106.73790365482628,45,45,1.0,17,0,4,0,1.0
10.752408891679814,106.7022703818112,20,34,1.0,17,0,4,0,0.5882
10.786216596454729,106.71836665482697,40,40,1.0,17,0,4,0,1.0
10.78948793356203,106.7151883818118,23,34,1.0,17,0,4,0,0.6765
10.80223925742187,106.6478722259914,20,40,1.0,17,0,4,0,0.5
10.813928881466124,106.66511432455972,15,33,0.998599,17,0,4,0,0.4545
10.755608615763382,106.67347943578082,15,28,1.0,17,0,4,0,0.5357
10.782680856341084,106.70051548181168,12,30,1.0,17,0,4,0,0.4
10.754895139302109,106.67839188181134,16,32,1.0,17,0,4,0,0.5
10.785070445194592,106.68331340921324,12,28,1.0,17,0,4,0,0.4286
10.7549373008113,106.67848844133415,16,32,1.0,17,0,4,0,0.5
10.77898143649726,106.67684447140958,20,34,1.0,17,1,4,0,0.5882
10.7671128283867,106.6927618222887,11,20,1.0,17,1,4,0,0.55
10.77847212665258,106.69389510879644,26,42,1.0,17,1,4,0,0.619
10.796057790235078,106.67492629345334,15,34,0.999608,17,1,4,0,0.4412
10.8352982156415,106.72935479345392,34,42,0.992141,17,1,4,0,0.8095
10.777562007197462,106.7041335430398,13,30,1.0,17,1,4,0,0.4333
10.83886351241477,106.67566625482782,21,36,0.998074,17,1,4,0,0.5833
10.765187049751797,106.67550552599072,25,36,1.0,17,1,4,0,0.6944
10.75948437198232,106.6840537511244,14,27,1.0,17,1,4,0,0.5185
10.865229381280963,106.72366973948476,30,49,1.0,17,1,4,0,0.6122
10.72279213640514,106.72808623948244,20,37,0.995314,17,2,4,0,0.5405
10.823400120373712,106.68551227436063,20,31,1.0,17,2,4,0,0.6452
10.756158554057755,106.66631758181126,16,30,1.0,17,2,4,0,0.5333
10.7144382088356,106.73711688366168,21,35,1.0,17,2,4,0,0.6
10.817236653231737,106.63191539530456,22,35,1.0,17,2,4,0,0.6286
10.772727584493625,106.69804225297564,13,25,0.998765,17,4,4,0,0.52
10.774028664434528,106.70357076461706,19,28,1.0,17,4,4,0,0.6786
10.752616652291238,106.72509685338922,31,38,1.0,17,4,4,0,0.8158
10.745754766198267,106.65326266831876,36,43,0.999762,17,4,4,0,0.8372
10.94927106740351,106.87196348224562,42,42,1.0,17,4,4,0,1.0
10.78866360854368,106.695513722289,29,42,1.0,17,4,4,0,0.6905
10.801406421807084,106.7114844087968,29,42,1.0,17,4,4,0,0.6905
10.843150534972033,106.6151343241409,22,35,1.0,17,4,4,0,0.6286
10.880537767027526,106.81481342866444,40,53,1.0,17,4,4,0,0.7547
10.740840166521664,106.61899246873142,24,35,1.0,17,4,4,0,0.6857
10.798986343749618,106.7269705664684,45,45,1.0,17,4,4,0,1.0
10.741860769464234,106.73790365482628,37,44,1.0,17,4,4,0,0.8409
10.752408891679814,106.7022703818112,19,34,1.0,17,4,4,0,0.5588
10.786216596454729,106.71836665482697,40,40,1.0,17,4,4,0,1.0
10.78948793356203,106.7151883818118,36,36,1.0,17,4,4,0,1.0
10.80223925742187,106.6478722259914,21,40,1.0,17,4,4,0,0.525
10.813928881466124,106.66511432455972,16,34,0.999588,17,4,4,0,0.4706
10.755608615763382,106.67347943578082,14,28,0.994772,17,4,4,0,0.5
10.782680856341084,106.70051548181168,14,30,1.0,17,5,4,0,0.4667
10.754895139302109,106.67839188181134,18,33,1.0,17,5,4,0,0.5455
10.785070445194592,106.68331340921324,12,28,1.0,17,5,4,0,0.4286
10.7549373008113,106.67848844133415,18,33,1.0,17,5,4,0,0.5455
10.77898143649726,106.67684447140958,21,34,1.0,17,5,4,0,0.6176
10.7671128283867,106.6927618222887,7,19,1.0,17,5,4,0,0.3684
10.77847212665258,106.69389510879644,25,41,1.0,17,5,4,0,0.6098
10.796057790235078,106.67492629345334,16,34,0.999588,17,5,4,0,0.4706
10.8352982156415,106.72935479345392,34,42,0.995068,17,5,4,0,0.8095
10.777562007197462,106.7041335430398,13,30,1.0,17,5,4,0,0.4333
10.83886351241477,106.67566625482782,21,36,1.0,17,5,4,0,0.5833
10.765187049751797,106.67550552599072,21,35,1.0,17,5,4,0,0.6
10.75948437198232,106.6840537511244,14,27,0.994772,17,5,4,0,0.5185
10.865229381280963,106.72366973948476,31,49,1.0,17,5,4,0,0.6327
10.72279213640514,106.72808623948244,19,38,0.995116,17,6,4,0,0.5
10.823400120373712,106.68551227436063,19,31,1.0,17,6,4,0,0.6129
10.756158554057755,106.66631758181126,16,30,1.0,17,6,4,0,0.5333
10.7144382088356,106.73711688366168,20,35,1.0,17,6,4,0,0.5714
10.817236653231737,106.63191539530456,21,35,1.0,17,6,4,0,0.6
10.772727584493625,106.69804225297564,12,24,0.99753,17,8,4,0,0.5
10.774028664434528,106.70357076461706,22,29,1.0,17,8,4,0,0.7586
10.752616652291238,106.72509685338922,21,39,1.0,17,8,4,0,0.5385
10.745754766198267,106.65326266831876,35,43,0.999762,17,8,4,0,0.814
10.94927106740351,106.87196348224562,42,42,1.0,17,8,4,0,1.0
10.78866360854368,106.695513722289,27,42,1.0,17,8,4,0,0.6429
10.801406421807084,106.7114844087968,27,42,1.0,17,8,4,0,0.6429
10.843150534972033,106.6151343241409,22,35,1.0,17,8,4,0,0.6286
10.880537767027526,106.81481342866444,39,53,1.0,17,8,4,0,0.7358
10.740840166521664,106.61899246873142,25,36,1.0,17,8,4,0,0.6944
10.798986343749618,106.7269705664684,34,44,1.0,17,8,4,0,0.7727
10.741860769464234,106.73790365482628,45,45,1.0,17,8,4,0,1.0
10.752408891679814,106.7022703818112,19,34,1.0,17,8,4,0,0.5588
10.786216596454729,106.71836665482697,34,40,1.0,17,9,4,0,0.85
10.78948793356203,106.7151883818118,27,35,1.0,17,9,4,0,0.7714
10.80223925742187,106.6478722259914,23,41,1.0,17,9,4,0,0.561
10.813928881466124,106.66511432455972,16,34,0.999358,17,9,4,0,0.4706
10.755608615763382,106.67347943578082,15,27,0.993582,17,9,4,0,0.5556
10.782680856341084,106.70051548181168,14,30,1.0,17,9,4,0,0.4667
10.754895139302109,106.67839188181134,16,33,1.0,17,9,4,0,0.4848
10.785070445194592,106.68331340921324,11,27,1.0,17,9,4,0,0.4074
10.7549373008113,106.67848844133415,16,33,1.0,17,9,4,0,0.4848
10.77898143649726,106.67684447140958,20,34,1.0,17,9,4,0,0.5882
10.7671128283867,106.6927618222887,12,20,1.0,17,9,4,0,0.6
10.77847212665258,106.69389510879644,25,41,1.0,17,9,4,0,0.6098
10.796057790235078,106.67492629345334,16,34,0.999358,17,9,4,0,0.4706
10.8352982156415,106.72935479345392,30,42,0.995846,17,9,4,0,0.7143
10.777562007197462,106.7041335430398,14,30,1.0,17,9,4,0,0.4667
10.83886351241477,106.67566625482782,22,36,1.0,17,9,4,0,0.6111
10.765187049751797,106.67550552599072,24,35,1.0,17,9,4,0,0.6857
10.75948437198232,106.6840537511244,15,27,0.993582,17,9,4,0,0.5556
10.865229381280963,106.72366973948476,31,49,1.0,17,10,4,0,0.6327
10.72279213640514,106.72808623948244,19,38,0.995023,17,10,4,0,0.5
10.823400120373712,106.68551227436063,20,31,1.0,17,10,4,0,0.6452
10.756158554057755,106.66631758181126,17,30,1.0,17,10,4,0,0.5667
10.7144382088356,106.73711688366168,21,35,1.0,17,10,4,0,0.6
10.817236653231737,106.63191539530456,20,35,1.0,17,10,4,0,0.5714
10.772727584493625,106.69804225297564,12,24,0.996295,17,12,4,0,0.5
10.774028664434528,106.70357076461706,16,28,1.0,17,12,4,0,0.5714
10.752616652291238,106.72509685338922,24,39,1.0,17,12,4,0,0.6154
10.745754766198267,106.65326266831876,36,43,0.999762,17,12,4,0,0.8372
10.94927106740351,106.87196348224562,42,42,1.0,17,12,4,0,1.0
10.78866360854368,106.695513722289,29,42,1.0,17,12,4,0,0.6905
10.801406421807084,106.7114844087968,29,42,1.0,17,13,4,0,0.6905
10.843150534972033,106.6151343241409,20,35,1.0,17,13,4,0,0.5714
10.880537767027526,106.81481342866444,38,52,1.0,17,13,4,0,0.7308
10.740840166521664,106.61899246873142,24,35,1.0,17,13,4,0,0.6857
10.798986343749618,106.7269705664684,45,45,1.0,17,13,4,0,1.0
10.741860769464234,106.73790365482628,45,45,1.0,17,13,4,0,1.0
10.752408891679814,106.7022703818112,18,33,1.0,17,13,4,0,0.5455
10.786216596454729,106.71836665482697,31,39,1.0,17,13,4,0,0.7949
10.78948793356203,106.7151883818118,21,35,1.0,17,13,4,0,0.6
10.80223925742187,106.6478722259914,22,41,1.0,17,13,4,0,0.5366
10.813928881466124,106.66511432455972,16,34,0.99883,17,13,4,0,0.4706
10.755608615763382,106.67347943578082,17,27,0.993582,17,13,4,0,0.6296
10.782680856341084,106.70051548181168,12,29,1.0,17,13,4,0,0.4138
10.754895139302109,106.67839188181134,16,33,1.0,17,13,4,0,0.4848
10.785070445194592,106.68331340921324,11,27,1.0,17,13,4,0,0.4074
10.7549373008113,106.67848844133415,16,33,1.0,17,13,4,0,0.4848
10.77898143649726,106.67684447140958,19,34,1.0,17,13,4,0,0.5588
10.7671128283867,106.6927618222887,9,20,1.0,17,13,4,0,0.45
10.77847212665258,106.69389510879644,25,42,1.0,17,13,4,0,0.5952
10.796057790235078,106.67492629345334,16,34,0.99883,17,13,4,0,0.4706
10.8352982156415,106.72935479345392,33,42,0.994039,17,13,4,0,0.7857
10.777562007197462,106.7041335430398,12,29,1.0,17,13,4,0,0.4138
10.83886351241477,106.67566625482782,21,36,1.0,17,13,4,0,0.5833
10.765187049751797,106.67550552599072,24,35,1.0,17,13,4,0,0.6857
10.75948437198232,106.6840537511244,17,27,0.993582,17,14,4,0,0.6296
10.865229381280963,106.72366973948476,30,49,1.0,17,14,4,0,0.6122
10.72279213640514,106.72808623948244,19,37,0.993554,17,14,4,0,0.5135
10.823400120373712,106.68551227436063,21,31,1.0,17,14,4,0,0.6774
10.756158554057755,106.66631758181126,17,29,1.0,17,14,4,0,0.5862
10.7144382088356,106.73711688366168,20,35,1.0,17,14,4,0,0.5714
10.817236653231737,106.63191539530456,19,34,1.0,17,14,4,0,0.5588
10.772727584493625,106.69804225297564,11,24,0.998765,17,16,4,0,0.4583
10.774028664434528,106.70357076461706,20,29,1.0,17,16,4,0,0.6897
10.752616652291238,106.72509685338922,36,42,1.0,17,16,4,0,0.8571
10.745754766198267,106.65326266831876,34,43,0.999762,17,16,4,0,0.7907
10.94927106740351,106.87196348224562,30,42,1.0,17,16,4,0,0.7143
10.78866360854368,106.695513722289,29,41,1.0,17,16,4,0,0.7073
10.801406421807084,106.7114844087968,29,41,1.0,17,16,4,0,0.7073
10.843150534972033,106.6151343241409,20,35,1.0,17,17,4,0,0.5714
10.880537767027526,106.81481342866444,39,53,1.0,17,17,4,0,0.7358
10.740840166521664,106.61899246873142,25,35,1.0,17,17,4,0,0.7143
10.798986343749618,106.7269705664684,29,44,1.0,17,17,4,0,0.6591
10.741860769464234,106.73790365482628,45,45,1.0,17,17,4,0,1.0
10.752408891679814,106.7022703818112,18,33,1.0,17,17,4,0,0.5455
10.786216596454729,106.71836665482697,33,40,1.0,17,17,4,0,0.825
10.78948793356203,106.7151883818118,21,35,1.0,17,17,4,0,0.6
10.80223925742187,106.6478722259914,23,40,1.0,17,17,4,0,0.575
10.813928881466124,106.66511432455972,16,34,0.999066,17,17,4,0,0.4706
10.755608615763382,106.67347943578082,13,27,0.99684,17,18,4,0,0.4815
10.782680856341084,106.70051548181168,11,31,1.0,17,18,4,0,0.3548
10.754895139302109,106.67839188181134,18,33,1.0,17,18,4,0,0.5455
10.785070445194592,106.68331340921324,12,28,1.0,17,18,4,0,0.4286
10.7549373008113,106.67848844133415,18,33,1.0,17,18,4,0,0.5455
10.77898143649726,106.67684447140958,18,34,1.0,17,18,4,0,0.5294
10.7671128283867,106.6927618222887,9,19,1.0,17,18,4,0,0.4737
10.77847212665258,106.69389510879644,25,42,1.0,17,18,4,0,0.5952
10.796057790235078,106.67492629345334,16,34,0.999066,17,18,4,0,0.4706
10.8352982156415,106.72935479345392,33,42,0.992996,17,18,4,0,0.7857
10.777562007197462,106.7041335430398,11,31,1.0,17,18,4,0,0.3548
10.83886351241477,106.67566625482782,21,36,1.0,17,18,4,0,0.5833
10.765187049751797,106.67550552599072,21,35,1.0,17,18,4,0,0.6
10.75948437198232,106.6840537511244,13,27,0.99684,17,18,4,0,0.4815
10.865229381280963,106.72366973948476,30,50,1.0,17,18,4,0,0.6
10.72279213640514,106.72808623948244,19,37,0.99644,17,18,4,0,0.5135
10.823400120373712,106.68551227436063,22,32,1.0,17,18,4,0,0.6875
10.756158554057755,106.66631758181126,20,29,1.0,17,18,4,0,0.6897
10.7144382088356,106.73711688366168,18,35,1.0,17,18,4,0,0.5143
10.817236653231737,106.63191539530456,19,35,1.0,17,18,4,0,0.5429
10.772727584493625,106.69804225297564,13,24,0.99753,17,21,4,0,0.5417
10.774028664434528,106.70357076461706,14,29,1.0,17,21,4,0,0.4828
10.752616652291238,106.72509685338922,27,39,1.0,17,21,4,0,0.6923
10.745754766198267,106.65326266831876,35,43,0.999762,17,21,4,0,0.814
10.94927106740351,106.87196348224562,25,42,1.0,17,21,4,0,0.5952
10.78866360854368,106.695513722289,28,42,1.0,17,21,4,0,0.6667
10.801406421807084,106.7114844087968,28,42,1.0,17,21,4,0,0.6667
10.843150534972033,106.6151343241409,19,34,1.0,17,21,4,0,0.5588
10.880537767027526,106.81481342866444,39,53,1.0,17,21,4,0,0.7358
10.740840166521664,106.61899246873142,24,35,1.0,17,21,4,0,0.6857
10.798986343749618,106.7269705664684,31,44,1.0,17,21,4,0,0.7045
10.741860769464234,106.73790365482628,45,45,1.0,17,21,4,0,1.0
10.752408891679814,106.7022703818112,19,34,1.0,17,21,4,0,0.5588
10.786216596454729,106.71836665482697,32,39,1.0,17,21,4,0,0.8205
10.78948793356203,106.7151883818118,15,35,1.0,17,21,4,0,0.4286
10.80223925742187,106.6478722259914,22,41,1.0,17,22,4,0,0.5366
10.813928881466124,106.66511432455972,16,34,0.999251,17,22,4,0,0.4706
10.755608615763382,106.67347943578082,15,27,1.0,17,22,4,0,0.5556
10.782680856341084,106.70051548181168,12,30,1.0,17,22,4,0,0.4
10.754895139302109,106.67839188181134,16,34,1.0,17,22,4,0,0.4706
10.785070445194592,106.68331340921324,9,28,1.0,17,22,4,0,0.3214
10.7549373008113,106.67848844133415,16,34,1.0,17,22,4,0,0.4706
10.77898143649726,106.67684447140958,19,34,1.0,17,22,4,0,0.5588
10.7671128283867,106.6927618222887,10,20,1.0,17,22,4,0,0.5
10.77847212665258,106.69389510879644,25,41,1.0,17,22,4,0,0.6098
10.796057790235078,106.67492629345334,14,34,0.999387,17,22,4,0,0.4118
10.8352982156415,106.72935479345392,32,42,0.996409,17,22,4,0,0.7619
10.777562007197462,106.7041335430398,12,29,1.0,17,22,4,0,0.4138
10.83886351241477,106.67566625482782,21,37,1.0,17,22,4,0,0.5676
10.765187049751797,106.67550552599072,19,36,1.0,17,22,4,0,0.5278
10.75948437198232,106.6840537511244,15,28,1.0,17,22,4,0,0.5357
10.865229381280963,106.72366973948476,29,49,1.0,17,22,4,0,0.5918
10.72279213640514,106.72808623948244,19,37,0.997113,17,22,4,0,0.5135
10.823400120373712,106.68551227436063,20,32,1.0,17,22,4,0,0.625
10.756158554057755,106.66631758181126,18,29,1.0,17,23,4,0,0.6207
10.7144382088356,106.73711688366168,18,35,1.0,17,23,4,0,0.5143
10.817236653231737,106.63191539530456,19,35,1.0,17,23,4,0,0.5429
10.772727584493625,106.69804225297564,11,24,0.99753,17,25,4,0,0.4583
10.774028664434528,106.70357076461706,14,28,1.0,17,25,4,0,0.5
10.752616652291238,106.72509685338922,32,42,1.0,17,25,4,0,0.7619
10.745754766198267,106.65326266831876,35,42,1.0,17,25,4,0,0.8333
10.94927106740351,106.87196348224562,28,41,1.0,17,25,4,0,0.6829
10.78866360854368,106.695513722289,28,42,1.0,17,25,4,0,0.6667
10.801406421807084,106.7114844087968,28,42,1.0,17,25,4,0,0.6667
10.843150534972033,106.6151343241409,19,35,1.0,17,25,4,0,0.5429
10.880537767027526,106.81481342866444,39,53,1.0,17,25,4,0,0.7358
10.740840166521664,106.61899246873142,24,36,1.0,17,25,4,0,0.6667
10.798986343749618,106.7269705664684,29,45,1.0,17,25,4,0,0.6444
10.741860769464234,106.73790365482628,45,45,1.0,17,25,4,0,1.0
10.752408891679814,106.7022703818112,17,33,1.0,17,25,4,0,0.5152
10.786216596454729,106.71836665482697,33,40,1.0,17,26,4,0,0.825
10.78948793356203,106.7151883818118,29,35,1.0,17,26,4,0,0.8286
10.80223925742187,106.6478722259914,22,41,1.0,17,26,4,0,0.5366
10.813928881466124,106.66511432455972,15,34,0.998945,17,26,4,0,0.4412
10.755608615763382,106.67347943578082,16,28,1.0,17,26,4,0,0.5714
10.782680856341084,106.70051548181168,13,30,1.0,17,26,4,0,0.4333
10.754895139302109,106.67839188181134,15,33,1.0,17,26,4,0,0.4545
10.785070445194592,106.68331340921324,11,28,1.0,17,26,4,0,0.3929
10.7549373008113,106.67848844133415,15,33,1.0,17,26,4,0,0.4545
10.77898143649726,106.67684447140958,19,34,1.0,17,26,4,0,0.5588
10.7671128283867,106.6927618222887,11,20,1.0,17,26,4,0,0.55
10.77847212665258,106.69389510879644,24,41,1.0,17,26,4,0,0.5854
10.796057790235078,106.67492629345334,14,34,0.999265,17,26,4,0,0.4118
10.8352982156415,106.72935479345392,33,42,0.996581,17,26,4,0,0.7857
10.777562007197462,106.7041335430398,13,30,1.0,17,26,4,0,0.4333
10.83886351241477,106.67566625482782,21,36,1.0,17,26,4,0,0.5833
10.765187049751797,106.67550552599072,17,34,1.0,17,26,4,0,0.5
10.75948437198232,106.6840537511244,15,28,1.0,17,26,4,0,0.5357
10.865229381280963,106.72366973948476,30,49,1.0,17,26,4,0,0.6122
10.72279213640514,106.72808623948244,18,37,0.997238,17,26,4,0,0.4865
10.823400120373712,106.68551227436063,19,31,1.0,17,27,4,0,0.6129
10.756158554057755,106.66631758181126,18,30,1.0,17,27,4,0,0.6
10.7144382088356,106.73711688366168,18,35,1.0,17,27,4,0,0.5143
10.817236653231737,106.63191539530456,20,35,1.0,17,27,4,0,0.5714
10.772727584493625,106.69804225297564,11,24,0.99753,17,29,4,0,0.4583
10.774028664434528,106.70357076461706,11,29,1.0,17,29,4,0,0.3793
10.752616652291238,106.72509685338922,32,42,1.0,17,29,4,0,0.7619
10.745754766198267,106.65326266831876,33,42,1.0,17,29,4,0,0.7857
10.94927106740351,106.87196348224562,28,42,1.0,17,29,4,0,0.6667
10.78866360854368,106.695513722289,26,42,1.0,17,29,4,0,0.619
10.801406421807084,106.7114844087968,26,42,1.0,17,29,4,0,0.619
10.843150534972033,106.6151343241409,19,35,1.0,17,29,4,0,0.5429
10.880537767027526,106.81481342866444,41,53,1.0,17,29,4,0,0.7736
10.740840166521664,106.61899246873142,21,35,1.0,17,29,4,0,0.6
10.798986343749618,106.7269705664684,28,44,1.0,17,29,4,0,0.6364
10.741860769464234,106.73790365482628,39,44,1.0,17,29,4,0,0.8864
10.752408891679814,106.7022703818112,18,34,1.0,17,29,4,0,0.5294
10.786216596454729,106.71836665482697,35,40,1.0,17,29,4,0,0.875
10.78948793356203,106.7151883818118,16,35,1.0,17,30,4,0,0.4571
10.80223925742187,106.6478722259914,20,40,1.0,17,30,4,0,0.5
10.813928881466124,106.66511432455972,14,34,0.998753,17,30,4,0,0.4118
10.755608615763382,106.67347943578082,15,27,0.997909,17,30,4,0,0.5556
10.782680856341084,106.70051548181168,12,30,1.0,17,30,4,0,0.4
10.754895139302109,106.67839188181134,17,33,1.0,17,30,4,0,0.5152
10.785070445194592,106.68331340921324,12,28,1.0,17,30,4,0,0.4286
10.7549373008113,106.67848844133415,17,33,1.0,17,30,4,0,0.5152
10.77898143649726,106.67684447140958,18,34,1.0,17,30,4,0,0.5294
10.7671128283867,106.6927618222887,10,19,1.0,17,30,4,0,0.5263
10.77847212665258,106.69389510879644,24,41,1.0,17,30,4,0,0.5854
10.796057790235078,106.67492629345334,14,34,0.998753,17,30,4,0,0.4118
10.8352982156415,106.72935479345392,33,42,0.996019,17,30,4,0,0.7857
10.777562007197462,106.7041335430398,12,30,1.0,17,30,4,0,0.4
10.83886351241477,106.67566625482782,21,36,1.0,17,30,4,0,0.5833
10.765187049751797,106.67550552599072,16,37,1.0,17,30,4,0,0.4324
10.75948437198232,106.6840537511244,17,28,1.0,17,30,4,0,0.6071
10.865229381280963,106.72366973948476,29,49,1.0,17,30,4,0,0.5918
10.72279213640514,106.72808623948244,18,37,0.998296,17,30,4,0,0.4865
10.823400120373712,106.68551227436063,20,31,1.0,17,30,4,0,0.6452
10.756158554057755,106.66631758181126,16,30,1.0,17,30,4,0,0.5333
10.7144382088356,106.73711688366168,17,36,1.0,17,31,4,0,0.4722
10.817236653231737,106.63191539530456,19,35,1.0,17,31,4,0,0.5429
10.772727584493625,106.69804225297564,12,25,0.99753,17,33,4,0,0.48
10.774028664434528,106.70357076461706,11,29,1.0,17,33,4,0,0.3793
10.752616652291238,106.72509685338922,35,42,1.0,17,33,4,0,0.8333
10.745754766198267,106.65326266831876,34,43,0.999762,17,33,4,0,0.7907
10.94927106740351,106.87196348224562,30,42,1.0,17,33,4,0,0.7143
10.78866360854368,106.695513722289,27,42,1.0,17,33,4,0,0.6429
10.801406421807084,106.7114844087968,27,42,1.0,17,33,4,0,0.6429
10.843150534972033,106.6151343241409,18,35,1.0,17,33,4,0,0.5143
10.880537767027526,106.81481342866444,42,53,1.0,17,33,4,0,0.7925
10.740840166521664,106.61899246873142,22,35,1.0,17,33,4,0,0.6286
10.798986343749618,106.7269705664684,33,45,1.0,17,33,4,0,0.7333
10.741860769464234,106.73790365482628,45,45,1.0,17,33,4,0,1.0
10.752408891679814,106.7022703818112,18,34,1.0,17,33,4,0,0.5294
10.786216596454729,106.71836665482697,32,40,1.0,17,33,4,0,0.8
10.78948793356203,106.7151883818118,23,35,1.0,17,34,4,0,0.6571
10.80223925742187,106.6478722259914,22,41,1.0,17,34,4,0,0.5366
10.813928881466124,106.66511432455972,15,33,0.998454,17,34,4,0,0.4545
10.755608615763382,106.67347943578082,15,27,0.996863,17,34,4,0,0.5556
10.782680856341084,106.70051548181168,13,31,1.0,17,34,4,0,0.4194
10.754895139302109,106.67839188181134,16,34,1.0,17,34,4,0,0.4706
10.785070445194592,106.68331340921324,12,26,1.0,17,34,4,0,0.4615
10.7549373008113,106.67848844133415,16,34,1.0,17,34,4,0,0.4706
10.77898143649726,106.67684447140958,19,34,1.0,17,34,4,0,0.5588
10.7671128283867,106.6927618222887,11,20,1.0,17,34,4,0,0.55
10.77847212665258,106.69389510879644,25,42,1.0,17,34,4,0,0.5952
10.796057790235078,106.67492629345334,14,33,0.998602,17,34,4,0,0.4242
10.8352982156415,106.72935479345392,33,42,0.995461,17,34,4,0,0.7857
10.777562007197462,106.7041335430398,12,30,1.0,17,35,4,0,0.4
10.83886351241477,106.67566625482782,21,36,1.0,17,35,4,0,0.5833
10.765187049751797,106.67550552599072,18,36,1.0,17,35,4,0,0.5
10.75948437198232,106.6840537511244,15,28,0.995043,17,35,4,0,0.5357
10.865229381280963,106.72366973948476,28,49,1.0,17,35,4,0,0.5714
10.72279213640514,106.72808623948244,18,37,0.996769,17,35,4,0,0.4865
10.823400120373712,106.68551227436063,20,32,1.0,17,35,4,0,0.625
10.756158554057755,106.66631758181126,16,29,1.0,17,35,4,0,0.5517
10.7144382088356,106.73711688366168,17,35,1.0,17,35,4,0,0.4857
10.817236653231737,106.63191539530456,18,35,1.0,17,35,4,0,0.5143
10.772727584493625,106.69804225297564,11,24,0.99753,17,37,4,0,0.4583
10.774028664434528,106.70357076461706,11,29,1.0,17,37,4,0,0.3793
10.752616652291238,106.72509685338922,29,41,1.0,17,37,4,0,0.7073
10.745754766198267,106.65326266831876,33,43,0.999762,17,37,4,0,0.7674
10.94927106740351,106.87196348224562,27,40,1.0,17,37,4,0,0.675
10.78866360854368,106.695513722289,27,42,1.0,17,38,4,0,0.6429
10.801406421807084,106.7114844087968,27,42,1.0,17,38,4,0,0.6429
10.843150534972033,106.6151343241409,19,35,1.0,17,38,4,0,0.5429
10.880537767027526,106.81481342866444,39,53,1.0,17,38,4,0,0.7358
10.740840166521664,106.61899246873142,22,35,1.0,17,38,4,0,0.6286
10.798986343749618,106.7269705664684,19,44,1.0,17,38,4,0,0.4318
10.741860769464234,106.73790365482628,45,45,1.0,17,38,4,0,1.0
10.752408891679814,106.7022703818112,18,34,1.0,17,38,4,0,0.5294
10.786216596454729,106.71836665482697,33,39,1.0,17,38,4,0,0.8462
10.78948793356203,106.7151883818118,17,35,1.0,17,38,4,0,0.4857
10.80223925742187,106.6478722259914,22,41,1.0,17,38,4,0,0.5366
10.813928881466124,106.66511432455972,15,34,0.999133,17,38,4,0,0.4412
10.755608615763382,106.67347943578082,15,28,0.997886,17,39,4,0,0.5357
10.782680856341084,106.70051548181168,13,30,1.0,17,39,4,0,0.4333
10.754895139302109,106.67839188181134,17,33,1.0,17,39,4,0,0.5152
10.785070445194592,106.68331340921324,13,27,1.0,17,39,4,0,0.4815
10.7549373008113,106.67848844133415,17,33,1.0,17,39,4,0,0.5152
10.77898143649726,106.67684447140958,18,34,1.0,17,39,4,0,0.5294
10.7671128283867,106.6927618222887,20,20,1.0,17,39,4,0,1.0
10.77847212665258,106.69389510879644,25,41,1.0,17,39,4,0,0.6098
10.796057790235078,106.67492629345334,14,33,0.999133,17,39,4,0,0.4242
10.8352982156415,106.72935479345392,30,42,0.995177,17,39,4,0,0.7143
10.777562007197462,106.7041335430398,13,30,1.0,17,40,4,0,0.4333
10.83886351241477,106.67566625482782,20,36,1.0,17,40,4,0,0.5556
10.765187049751797,106.67550552599072,18,35,1.0,17,40,4,0,0.5143
10.75948437198232,106.6840537511244,15,28,0.997886,17,40,4,0,0.5357
10.865229381280963,106.72366973948476,30,49,1.0,17,40,4,0,0.6122
10.72279213640514,106.72808623948244,19,36,0.997777,17,40,4,0,0.5278
10.823400120373712,106.68551227436063,20,31,1.0,17,40,4,0,0.6452
10.756158554057755,106.66631758181126,18,29,1.0,17,40,4,0,0.6207
10.7144382088356,106.73711688366168,19,35,1.0,17,40,4,0,0.5429
10.817236653231737,106.63191539530456,19,35,1.0,17,40,4,0,0.5429
10.772727584493625,106.69804225297564,12,25,0.99506,17,42,4,0,0.48
10.774028664434528,106.70357076461706,12,29,1.0,17,42,4,0,0.4138
10.752616652291238,106.72509685338922,33,42,1.0,17,42,4,0,0.7857
10.745754766198267,106.65326266831876,34,42,0.999762,17,42,4,0,0.8095
10.94927106740351,106.87196348224562,26,41,1.0,17,42,4,0,0.6341
10.78866360854368,106.695513722289,27,41,1.0,17,43,4,0,0.6585
10.801406421807084,106.7114844087968,27,41,1.0,17,43,4,0,0.6585
10.843150534972033,106.6151343241409,19,35,1.0,17,43,4,0,0.5429
10.880537767027526,106.81481342866444,38,53,1.0,17,43,4,0,0.717
10.740840166521664,106.61899246873142,22,35,1.0,17,43,4,0,0.6286
10.798986343749618,106.7269705664684,19,44,1.0,17,43,4,0,0.4318
10.741860769464234,106.73790365482628,45,45,1.0,17,43,4,0,1.0
10.752408891679814,106.7022703818112,19,34,1.0,17,43,4,0,0.5588
10.786216596454729,106.71836665482697,40,40,1.0,17,43,4,0,1.0
10.78948793356203,106.7151883818118,23,36,1.0,17,43,4,0,0.6389
10.80223925742187,106.6478722259914,22,41,1.0,17,43,4,0,0.5366
10.813928881466124,106.66511432455972,14,33,1.0,17,43,4,0,0.4242
10.755608615763382,106.67347943578082,13,28,1.0,17,43,4,0,0.4643
10.782680856341084,106.70051548181168,9,29,1.0,17,43,4,0,0.3103
10.754895139302109,106.67839188181134,18,33,1.0,17,43,4,0,0.5455
10.785070445194592,106.68331340921324,10,27,1.0,17,43,4,0,0.3704
10.7549373008113,106.67848844133415,18,33,1.0,17,43,4,0,0.5455
10.77898143649726,106.67684447140958,19,34,1.0,17,44,4,0,0.5588
10.7671128283867,106.6927618222887,10,19,1.0,17,44,4,0,0.5263
10.77847212665258,106.69389510879644,25,41,1.0,17,44,4,0,0.6098
10.796057790235078,106.67492629345334,14,33,1.0,17,44,4,0,0.4242
10.8352982156415,106.72935479345392,33,42,0.995019,17,44,4,0,0.7857
10.777562007197462,106.7041335430398,9,29,1.0,17,44,4,0,0.3103
10.83886351241477,106.67566625482782,21,36,0.99742,17,44,4,0,0.5833
10.765187049751797,106.67550552599072,22,36,1.0,17,44,4,0,0.6111
10.75948437198232,106.6840537511244,13,28,1.0,17,44,4,0,0.4643
10.865229381280963,106.72366973948476,30,49,1.0,17,44,4,0,0.6122
10.72279213640514,106.72808623948244,19,37,0.997902,17,44,4,0,0.5135
10.823400120373712,106.68551227436063,19,32,1.0,17,44,4,0,0.5938
10.756158554057755,106.66631758181126,16,29,1.0,17,44,4,0,0.5517
10.7144382088356,106.73711688366168,18,35,1.0,17,44,4,0,0.5143
10.817236653231737,106.63191539530456,20,35,1.0,17,44,4,0,0.5714
10.772727584493625,106.69804225297564,11,24,0.996295,17,46,4,0,0.4583
10.774028664434528,106.70357076461706,14,29,1.0,17,46,4,0,0.4828
10.752616652291238,106.72509685338922,35,42,1.0,17,46,4,0,0.8333
10.745754766198267,106.65326266831876,35,42,0.999762,17,46,4,0,0.8333
10.94927106740351,106.87196348224562,17,41,1.0,17,46,4,0,0.4146
10.78866360854368,106.695513722289,27,41,1.0,17,46,4,0,0.6585
10.801406421807084,106.7114844087968,27,41,1.0,17,46,4,0,0.6585
10.843150534972033,106.6151343241409,19,35,1.0,17,46,4,0,0.5429
10.880537767027526,106.81481342866444,38,53,1.0,17,47,4,0,0.717
10.740840166521664,106.61899246873142,22,35,1.0,17,47,4,0,0.6286
10.798986343749618,106.7269705664684,31,44,1.0,17,47,4,0,0.7045
10.741860769464234,106.73790365482628,45,45,1.0,17,47,4,0,1.0
10.752408891679814,106.7022703818112,18,34,1.0,17,47,4,0,0.5294
10.786216596454729,106.71836665482697,40,40,1.0,17,47,4,0,1.0
10.78948793356203,106.7151883818118,21,35,1.0,17,47,4,0,0.6
10.80223925742187,106.6478722259914,24,41,1.0,17,47,4,0,0.5854
10.813928881466124,106.66511432455972,14,33,0.998923,17,47,4,0,0.4242
10.755608615763382,106.67347943578082,14,27,1.0,17,48,4,0,0.5185
10.782680856341084,106.70051548181168,11,31,1.0,17,48,4,0,0.3548
10.754895139302109,106.67839188181134,18,33,1.0,17,48,4,0,0.5455
10.785070445194592,106.68331340921324,10,29,1.0,17,48,4,0,0.3448
10.7549373008113,106.67848844133415,17,33,1.0,17,48,4,0,0.5152
10.77898143649726,106.67684447140958,20,35,1.0,17,48,4,0,0.5714
10.7671128283867,106.6927618222887,13,20,1.0,17,48,4,0,0.65
10.77847212665258,106.69389510879644,25,42,1.0,17,48,4,0,0.5952
10.796057790235078,106.67492629345334,14,33,0.998692,17,48,4,0,0.4242
10.8352982156415,106.72935479345392,32,42,0.995031,17,48,4,0,0.7619
10.777562007197462,106.7041335430398,11,30,1.0,17,48,4,0,0.3667
10.83886351241477,106.67566625482782,22,36,0.99742,17,48,4,0,0.6111
10.765187049751797,106.67550552599072,24,36,1.0,17,48,4,0,0.6667
10.75948437198232,106.6840537511244,15,27,1.0,17,48,4,0,0.5556
10.865229381280963,106.72366973948476,29,49,1.0,17,48,4,0,0.5918
10.72279213640514,106.72808623948244,18,37,0.9983,17,48,4,0,0.4865
10.823400120373712,106.68551227436063,21,32,1.0,17,48,4,0,0.6562
10.756158554057755,106.66631758181126,16,29,1.0,17,48,4,0,0.5517
10.7144382088356,106.73711688366168,18,35,1.0,17,48,4,0,0.5143
10.817236653231737,106.63191539530456,20,35,1.0,17,48,4,0,0.5714
10.772727584493625,106.69804225297564,12,24,0.99753,17,50,4,0,0.5
10.774028664434528,106.70357076461706,14,29,1.0,17,50,4,0,0.4828
10.752616652291238,106.72509685338922,32,42,1.0,17,50,4,0,0.7619
10.745754766198267,106.65326266831876,34,43,0.999762,17,50,4,0,0.7907
10.94927106740351,106.87196348224562,26,41,1.0,17,50,4,0,0.6341
10.78866360854368,106.695513722289,28,42,1.0,17,50,4,0,0.6667
10.801406421807084,106.7114844087968,28,42,1.0,17,51,4,0,0.6667
10.843150534972033,106.6151343241409,20,34,1.0,17,51,4,0,0.5882
10.880537767027526,106.81481342866444,39,53,1.0,17,51,4,0,0.7358
10.740840166521664,106.61899246873142,22,35,1.0,17,51,4,0,0.6286
10.798986343749618,106.7269705664684,23,45,1.0,17,51,4,0,0.5111
10.741860769464234,106.73790365482628,39,44,1.0,17,51,4,0,0.8864
10.752408891679814,106.7022703818112,16,34,1.0,17,51,4,0,0.4706
10.786216596454729,106.71836665482697,40,40,1.0,17,51,4,0,1.0
10.78948793356203,106.7151883818118,36,36,1.0,17,51,4,0,1.0
10.80223925742187,106.6478722259914,25,41,1.0,17,51,4,0,0.6098
10.813928881466124,106.66511432455972,14,35,0.998955,17,51,4,0,0.4
10.755608615763382,106.67347943578082,17,28,1.0,17,52,4,0,0.6071
10.782680856341084,106.70051548181168,10,30,1.0,17,52,4,0,0.3333
10.754895139302109,106.67839188181134,16,33,1.0,17,52,4,0,0.4848
10.785070445194592,106.68331340921324,11,26,1.0,17,52,4,0,0.4231
10.7549373008113,106.67848844133415,16,33,1.0,17,52,4,0,0.4848
10.77898143649726,106.67684447140958,20,35,1.0,17,52,4,0,0.5714
10.7671128283867,106.6927618222887,12,20,1.0,17,52,4,0,0.6
10.77847212665258,106.69389510879644,24,41,1.0,17,52,4,0,0.5854
10.796057790235078,106.67492629345334,13,34,0.998843,17,52,4,0,0.3824
10.8352982156415,106.72935479345392,32,42,0.995664,17,52,4,0,0.7619
10.777562007197462,106.7041335430398,10,30,1.0,17,52,4,0,0.3333
10.83886351241477,106.67566625482782,22,36,0.994689,17,53,4,0,0.6111
10.765187049751797,106.67550552599072,20,36,1.0,17,53,4,0,0.5556
10.75948437198232,106.6840537511244,18,28,1.0,17,53,4,0,0.6429
10.865229381280963,106.72366973948476,28,49,1.0,17,53,4,0,0.5714
10.72279213640514,106.72808623948244,19,37,0.996751,17,53,4,0,0.5135
10.823400120373712,106.68551227436063,20,31,1.0,17,53,4,0,0.6452
10.756158554057755,106.66631758181126,15,31,1.0,17,53,4,0,0.4839
10.7144382088356,106.73711688366168,18,35,1.0,17,53,4,0,0.5143
10.817236653231737,106.63191539530456,20,35,1.0,17,53,4,0,0.5714
10.772727584493625,106.69804225297564,13,24,0.99753,17,56,4,0,0.5417
10.774028664434528,106.70357076461706,14,28,1.0,17,56,4,0,0.5
10.752616652291238,106.72509685338922,33,42,1.0,17,56,4,0,0.7857
10.745754766198267,106.65326266831876,35,43,0.999762,17,56,4,0,0.814
10.94927106740351,106.87196348224562,24,41,1.0,17,56,4,0,0.5854
10.78866360854368,106.695513722289,26,42,1.0,17,56,4,0,0.619
10.801406421807084,106.7114844087968,26,42,1.0,17,56,4,0,0.619
10.843150534972033,106.6151343241409,20,35,1.0,17,56,4,0,0.5714
10.880537767027526,106.81481342866444,40,53,1.0,17,56,4,0,0.7547
10.740840166521664,106.61899246873142,23,35,1.0,17,56,4,0,0.6571
10.798986343749618,106.7269705664684,45,45,1.0,17,56,4,0,1.0
10.741860769464234,106.73790365482628,45,45,1.0,17,56,4,0,1.0
10.752408891679814,106.7022703818112,17,34,1.0,17,56,4,0,0.5
10.786216596454729,106.71836665482697,33,40,1.0,17,56,4,0,0.825
10.78948793356203,106.7151883818118,16,36,1.0,17,56,4,0,0.4444
10.80223925742187,106.6478722259914,21,41,1.0,17,56,4,0,0.5122
10.813928881466124,106.66511432455972,15,34,0.998923,17,56,4,0,0.4412
10.755608615763382,106.67347943578082,18,28,0.997878,17,56,4,0,0.6429
10.782680856341084,106.70051548181168,10,30,1.0,17,56,4,0,0.3333
10.754895139302109,106.67839188181134,16,33,1.0,17,56,4,0,0.4848
10.785070445194592,106.68331340921324,12,27,1.0,17,56,4,0,0.4444
10.7549373008113,106.67848844133415,16,33,1.0,17,56,4,0,0.4848
10.77898143649726,106.67684447140958,19,34,1.0,17,56,4,0,0.5588
10.7671128283867,106.6927618222887,12,20,1.0,17,56,4,0,0.6
10.77847212665258,106.69389510879644,25,41,1.0,17,57,4,0,0.6098
10.796057790235078,106.67492629345334,15,34,0.998923,17,57,4,0,0.4412
10.8352982156415,106.72935479345392,32,42,0.997026,17,57,4,0,0.7619
10.777562007197462,106.7041335430398,10,30,1.0,17,57,4,0,0.3333
10.83886351241477,106.67566625482782,22,37,0.994801,17,57,4,0,0.5946
10.765187049751797,106.67550552599072,17,36,1.0,17,57,4,0,0.4722
10.75948437198232,106.6840537511244,18,28,0.997878,17,57,4,0,0.6429
10.865229381280963,106.72366973948476,29,49,1.0,17,57,4,0,0.5918
10.72279213640514,106.72808623948244,19,37,0.996697,17,57,4,0,0.5135
10.823400120373712,106.68551227436063,20,31,1.0,17,57,4,0,0.6452
10.756158554057755,106.66631758181126,15,29,1.0,17,57,4,0,0.5172
10.7144382088356,106.73711688366168,18,35,1.0,17,57,4,0,0.5143
10.817236653231737,106.63191539530456,20,35,1.0,17,57,4,0,0.5714
10.772727584493625,106.69804225297564,11,24,0.998765,17,59,4,0,0.4583
10.774028664434528,106.70357076461706,10,29,1.0,17,59,4,0,0.3448
10.752616652291238,106.72509685338922,32,42,1.0,17,59,4,0,0.7619
10.745754766198267,106.65326266831876,36,43,0.999762,17,59,4,0,0.8372
10.94927106740351,106.87196348224562,28,41,1.0,17,59,4,0,0.6829
10.78866360854368,106.695513722289,26,42,1.0,17,59,4,0,0.619
10.801406421807084,106.7114844087968,26,42,1.0,17,59,4,0,0.619
10.843150534972033,106.6151343241409,21,35,1.0,17,59,4,0,0.6
10.880537767027526,106.81481342866444,42,53,1.0,17,59,4,0,0.7925
10.740840166521664,106.61899246873142,23,35,1.0,18,0,4,0,0.6571
10.798986343749618,106.7269705664684,26,43,1.0,18,0,4,0,0.6047
10.741860769464234,106.73790365482628,45,45,1.0,18,0,4,0,1.0
10.752408891679814,106.7022703818112,18,34,1.0,18,0,4,0,0.5294
10.786216596454729,106.71836665482697,34,39,1.0,18,0,4,0,0.8718
10.78948793356203,106.7151883818118,19,34,1.0,18,0,4,0,0.5588
10.80223925742187,106.6478722259914,22,41,1.0,18,0,4,0,0.5366
10.813928881466124,106.66511432455972,14,34,0.998692,18,0,4,0,0.4118
10.755608615763382,106.67347943578082,16,28,0.997871,18,0,4,0,0.5714
10.782680856341084,106.70051548181168,11,31,1.0,18,0,4,0,0.3548
10.754895139302109,106.67839188181134,16,32,1.0,18,0,4,0,0.5
10.785070445194592,106.68331340921324,13,27,1.0,18,0,4,0,0.4815
10.7549373008113,106.67848844133415,16,32,1.0,18,0,4,0,0.5
10.77898143649726,106.67684447140958,18,34,1.0,18,0,4,0,0.5294
10.7671128283867,106.6927618222887,14,20,1.0,18,0,4,0,0.7
10.77847212665258,106.69389510879644,24,42,1.0,18,0,4,0,0.5714
10.796057790235078,106.67492629345334,14,34,0.998692,18,0,4,0,0.4118
10.8352982156415,106.72935479345392,33,42,0.997275,18,0,4,0,0.7857
10.777562007197462,106.7041335430398,11,31,1.0,18,0,4,0,0.3548
10.83886351241477,106.67566625482782,22,36,0.99742,18,0,4,0,0.6111
10.765187049751797,106.67550552599072,19,35,1.0,18,0,4,0,0.5429
10.75948437198232,106.6840537511244,16,28,0.997871,18,0,4,0,0.5714
10.865229381280963,106.72366973948476,29,49,1.0,18,0,4,0,0.5918
10.72279213640514,106.72808623948244,17,37,0.996792,18,0,4,0,0.4595
10.823400120373712,106.68551227436063,20,31,1.0,18,0,4,0,0.6452
10.756158554057755,106.66631758181126,14,28,1.0,18,0,4,0,0.5
10.7144382088356,106.73711688366168,18,36,1.0,18,0,4,0,0.5
10.817236653231737,106.63191539530456,20,35,1.0,18,1,4,0,0.5714
10.772727584493625,106.69804225297564,12,24,0.998765,18,3,4,0,0.5
10.774028664434528,106.70357076461706,14,28,1.0,18,3,4,0,0.5
10.752616652291238,106.72509685338922,28,40,1.0,18,3,4,0,0.7
10.745754766198267,106.65326266831876,34,43,0.999762,18,3,4,0,0.7907
10.94927106740351,106.87196348224562,27,41,1.0,18,3,4,0,0.6585
10.78866360854368,106.695513722289,27,42,1.0,18,3,4,0,0.6429
10.801406421807084,106.7114844087968,27,42,1.0,18,3,4,0,0.6429
10.843150534972033,106.6151343241409,21,35,1.0,18,3,4,0,0.6
10.880537767027526,106.81481342866444,41,53,1.0,18,3,4,0,0.7736
10.740840166521664,106.61899246873142,24,36,1.0,18,3,4,0,0.6667
10.798986343749618,106.7269705664684,23,45,1.0,18,3,4,0,0.5111
10.741860769464234,106.73790365482628,45,45,1.0,18,3,4,0,1.0
10.752408891679814,106.7022703818112,18,34,1.0,18,4,4,0,0.5294
10.786216596454729,106.71836665482697,36,40,1.0,18,4,4,0,0.9
10.78948793356203,106.7151883818118,20,36,1.0,18,4,4,0,0.5556
10.80223925742187,106.6478722259914,22,41,1.0,18,4,4,0,0.5366
10.813928881466124,106.66511432455972,14,34,0.999322,18,4,4,0,0.4118
10.755608615763382,106.67347943578082,17,28,1.0,18,4,4,0,0.6071
10.782680856341084,106.70051548181168,12,30,1.0,18,4,4,0,0.4
10.754895139302109,106.67839188181134,15,33,1.0,18,4,4,0,0.4545
10.785070445194592,106.68331340921324,11,26,1.0,18,4,4,0,0.4231
10.7549373008113,106.67848844133415,15,33,1.0,18,4,4,0,0.4545
10.77898143649726,106.67684447140958,18,34,1.0,18,4,4,0,0.5294
10.7671128283867,106.6927618222887,12,20,1.0,18,5,4,0,0.6
10.77847212665258,106.69389510879644,25,42,1.0,18,5,4,0,0.5952
10.796057790235078,106.67492629345334,14,34,0.999707,18,5,4,0,0.4118
10.8352982156415,106.72935479345392,32,42,0.998111,18,5,4,0,0.7619
10.777562007197462,106.7041335430398,12,31,1.0,18,5,4,0,0.3871
10.83886351241477,106.67566625482782,22,36,1.0,18,5,4,0,0.6111
10.765187049751797,106.67550552599072,18,36,1.0,18,5,4,0,0.5
10.75948437198232,106.6840537511244,17,28,1.0,18,5,4,0,0.6071
10.865229381280963,106.72366973948476,29,49,1.0,18,5,4,0,0.5918
10.72279213640514,106.72808623948244,18,37,0.995741,18,5,4,0,0.4865
10.823400120373712,106.68551227436063,18,32,1.0,18,5,4,0,0.5625
10.756158554057755,106.66631758181126,15,29,1.0,18,5,4,0,0.5172
10.7144382088356,106.73711688366168,19,35,1.0,18,5,4,0,0.5429
10.817236653231737,106.63191539530456,20,35,1.0,18,5,4,0,0.5714
10.772727584493625,106.69804225297564,11,24,0.998765,18,7,4,0,0.4583
10.774028664434528,106.70357076461706,15,27,1.0,18,7,4,0,0.5556
10.752616652291238,106.72509685338922,39,39,1.0,18,7,4,0,1.0
10.745754766198267,106.65326266831876,33,42,1.0,18,7,4,0,0.7857
10.94927106740351,106.87196348224562,20,41,1.0,18,7,4,0,0.4878
10.78866360854368,106.695513722289,26,42,1.0,18,7,4,0,0.619
10.801406421807084,106.7114844087968,26,42,1.0,18,8,4,0,0.619
10.843150534972033,106.6151343241409,20,35,1.0,18,8,4,0,0.5714
10.880537767027526,106.81481342866444,39,53,1.0,18,8,4,0,0.7358
10.740840166521664,106.61899246873142,23,35,1.0,18,8,4,0,0.6571
10.798986343749618,106.7269705664684,36,44,1.0,18,8,4,0,0.8182
10.741860769464234,106.73790365482628,45,45,1.0,18,8,4,0,1.0
10.752408891679814,106.7022703818112,18,34,1.0,18,8,4,0,0.5294
10.786216596454729,106.71836665482697,33,40,1.0,18,9,4,0,0.825
10.78948793356203,106.7151883818118,21,35,1.0,18,9,4,0,0.6
10.80223925742187,106.6478722259914,23,40,1.0,18,9,4,0,0.575
10.813928881466124,106.66511432455972,13,33,0.999003,18,9,4,0,0.3939
10.755608615763382,106.67347943578082,15,27,1.0,18,9,4,0,0.5556
10.782680856341084,106.70051548181168,11,31,1.0,18,9,4,0,0.3548
10.754895139302109,106.67839188181134,16,33,1.0,18,9,4,0,0.4848
10.785070445194592,106.68331340921324,14,28,1.0,18,9,4,0,0.5
10.7549373008113,106.67848844133415,16,33,1.0,18,9,4,0,0.4848
10.77898143649726,106.67684447140958,20,34,1.0,18,10,4,0,0.5882
10.7671128283867,106.6927618222887,13,19,1.0,18,10,4,0,0.6842
10.77847212665258,106.69389510879644,25,42,1.0,18,10,4,0,0.5952
10.796057790235078,106.67492629345334,13,33,1.0,18,10,4,0,0.3939
10.8352982156415,106.72935479345392,34,42,0.99802,18,10,4,0,0.8095
10.777562007197462,106.7041335430398,11,30,1.0,18,10,4,0,0.3667
10.83886351241477,106.67566625482782,22,36,1.0,18,10,4,0,0.6111
10.765187049751797,106.67550552599072,15,35,1.0,18,10,4,0,0.4286
10.75948437198232,106.6840537511244,15,27,1.0,18,10,4,0,0.5556
10.865229381280963,106.72366973948476,29,49,1.0,18,10,4,0,0.5918
10.72279213640514,106.72808623948244,20,37,0.99521,18,10,4,0,0.5405
10.823400120373712,106.68551227436063,22,31,1.0,18,10,4,0,0.7097
10.756158554057755,106.66631758181126,18,28,1.0,18,10,4,0,0.6429
10.7144382088356,106.73711688366168,19,35,1.0,18,10,4,0,0.5429
10.817236653231737,106.63191539530456,21,35,1.0,18,10,4,0,0.6
10.772727584493625,106.69804225297564,11,24,0.998765,18,13,4,0,0.4583
10.774028664434528,106.70357076461706,16,28,1.0,18,13,4,0,0.5714
10.752616652291238,106.72509685338922,32,42,1.0,18,13,4,0,0.7619
10.745754766198267,106.65326266831876,32,43,1.0,18,13,4,0,0.7442
10.94927106740351,106.87196348224562,28,41,1.0,18,13,4,0,0.6829
10.78866360854368,106.695513722289,26,41,1.0,18,13,4,0,0.6341
10.801406421807084,106.7114844087968,26,41,1.0,18,13,4,0,0.6341
10.843150534972033,106.6151343241409,21,35,1.0,18,13,4,0,0.6
10.880537767027526,106.81481342866444,40,53,1.0,18,13,4,0,0.7547
10.740840166521664,106.61899246873142,23,35,1.0,18,13,4,0,0.6571
10.798986343749618,106.7269705664684,22,45,1.0,18,13,4,0,0.4889
10.741860769464234,106.73790365482628,45,45,1.0,18,13,4,0,1.0
10.752408891679814,106.7022703818112,16,33,1.0,18,13,4,0,0.4848
10.786216596454729,106.71836665482697,34,40,1.0,18,13,4,0,0.85
10.78948793356203,106.7151883818118,24,35,1.0,18,13,4,0,0.6857
10.80223925742187,106.6478722259914,28,41,1.0,18,13,4,0,0.6829
10.813928881466124,106.66511432455972,14,34,0.99905,18,13,4,0,0.4118
10.755608615763382,106.67347943578082,14,27,0.994925,18,13,4,0,0.5185
10.782680856341084,106.70051548181168,11,30,1.0,18,13,4,0,0.3667
10.754895139302109,106.67839188181134,16,33,1.0,18,13,4,0,0.4848
10.785070445194592,106.68331340921324,10,26,1.0,18,13,4,0,0.3846
10.7549373008113,106.67848844133415,16,33,1.0,18,14,4,0,0.4848
10.77898143649726,106.67684447140958,20,34,1.0,18,14,4,0,0.5882
10.7671128283867,106.6927618222887,13,19,1.0,18,14,4,0,0.6842
10.77847212665258,106.69389510879644,25,42,1.0,18,14,4,0,0.5952
10.796057790235078,106.67492629345334,14,34,0.99905,18,14,4,0,0.4118
10.8352982156415,106.72935479345392,33,42,0.99838,18,14,4,0,0.7857
10.777562007197462,106.7041335430398,11,29,1.0,18,14,4,0,0.3793
10.83886351241477,106.67566625482782,23,36,0.99722,18,15,4,0,0.6389
10.765187049751797,106.67550552599072,22,36,1.0,18,15,4,0,0.6111
10.75948437198232,106.6840537511244,17,27,0.994223,18,15,4,0,0.6296
10.865229381280963,106.72366973948476,30,49,1.0,18,15,4,0,0.6122
10.72279213640514,106.72808623948244,20,37,0.998403,18,15,4,0,0.5405
10.823400120373712,106.68551227436063,20,31,1.0,18,15,4,0,0.6452
10.756158554057755,106.66631758181126,16,29,1.0,18,15,4,0,0.5517
10.7144382088356,106.73711688366168,19,35,1.0,18,15,4,0,0.5429
10.817236653231737,106.63191539530456,22,35,1.0,18,15,4,0,0.6286
10.772727584493625,106.69804225297564,11,24,0.998765,18,17,4,0,0.4583
10.774028664434528,106.70357076461706,15,28,1.0,18,17,4,0,0.5357
10.752616652291238,106.72509685338922,33,41,1.0,18,17,4,0,0.8049
10.745754766198267,106.65326266831876,37,43,1.0,18,17,4,0,0.8605
10.94927106740351,106.87196348224562,24,41,1.0,18,17,4,0,0.5854
10.78866360854368,106.695513722289,25,42,1.0,18,17,4,0,0.5952
10.801406421807084,106.7114844087968,25,42,1.0,18,18,4,0,0.5952
10.843150534972033,106.6151343241409,21,35,1.0,18,18,4,0,0.6
10.880537767027526,106.81481342866444,41,53,1.0,18,18,4,0,0.7736
10.740840166521664,106.61899246873142,24,35,1.0,18,18,4,0,0.6857
10.798986343749618,106.7269705664684,11,44,1.0,18,18,4,0,0.25
10.741860769464234,106.73790365482628,38,44,1.0,18,18,4,0,0.8636
10.752408891679814,106.7022703818112,17,34,1.0,18,18,4,0,0.5
10.786216596454729,106.71836665482697,33,40,1.0,18,18,4,0,0.825
10.78948793356203,106.7151883818118,25,35,1.0,18,18,4,0,0.7143
10.80223925742187,106.6478722259914,25,41,1.0,18,18,4,0,0.6098
10.813928881466124,106.66511432455972,13,34,0.999713,18,18,4,0,0.3824
10.755608615763382,106.67347943578082,15,27,1.0,18,18,4,0,0.5556
10.782680856341084,106.70051548181168,11,30,1.0,18,18,4,0,0.3667
10.754895139302109,106.67839188181134,16,33,1.0,18,18,4,0,0.4848
10.785070445194592,106.68331340921324,12,27,1.0,18,18,4,0,0.4444
10.7549373008113,106.67848844133415,16,33,1.0,18,18,4,0,0.4848
10.77898143649726,106.67684447140958,21,34,1.0,18,18,4,0,0.6176
10.7671128283867,106.6927618222887,11,20,1.0,18,18,4,0,0.55
10.77847212665258,106.69389510879644,25,41,1.0,18,18,4,0,0.6098
10.796057790235078,106.67492629345334,14,34,0.998955,18,18,4,0,0.4118
10.8352982156415,106.72935479345392,31,42,0.998559,18,18,4,0,0.7381
10.777562007197462,106.7041335430398,11,30,1.0,18,19,4,0,0.3667
10.83886351241477,106.67566625482782,22,36,1.0,18,19,4,0,0.6111
10.765187049751797,106.67550552599072,19,35,1.0,18,19,4,0,0.5429
10.75948437198232,106.6840537511244,16,28,1.0,18,19,4,0,0.5714
10.865229381280963,106.72366973948476,30,49,1.0,18,19,4,0,0.6122
10.72279213640514,106.72808623948244,20,37,0.99695,18,19,4,0,0.5405
10.823400120373712,106.68551227436063,22,31,1.0,18,19,4,0,0.7097
10.756158554057755,106.66631758181126,17,30,1.0,18,19,4,0,0.5667
10.7144382088356,106.73711688366168,19,35,1.0,18,19,4,0,0.5429
10.817236653231737,106.63191539530456,22,35,1.0,18,19,4,0,0.6286
10.772727584493625,106.69804225297564,11,24,0.998765,18,22,4,0,0.4583
10.774028664434528,106.70357076461706,14,28,1.0,18,22,4,0,0.5
10.752616652291238,106.72509685338922,28,40,1.0,18,22,4,0,0.7
10.745754766198267,106.65326266831876,34,43,1.0,18,22,4,0,0.7907
10.94927106740351,106.87196348224562,26,40,1.0,18,22,4,0,0.65
10.78866360854368,106.695513722289,27,42,1.0,18,22,4,0,0.6429
10.801406421807084,106.7114844087968,27,42,1.0,18,22,4,0,0.6429
10.843150534972033,106.6151343241409,21,35,1.0,18,22,4,0,0.6
10.880537767027526,106.81481342866444,40,53,1.0,18,22,4,0,0.7547
10.740840166521664,106.61899246873142,25,35,1.0,18,22,4,0,0.7143
10.798986343749618,106.7269705664684,11,41,1.0,18,22,4,0,0.2683
10.741860769464234,106.73790365482628,45,45,1.0,18,22,4,0,1.0
10.752408891679814,106.7022703818112,17,34,1.0,18,22,4,0,0.5
10.786216596454729,106.71836665482697,32,40,1.0,18,22,4,0,0.8
10.78948793356203,106.7151883818118,36,36,1.0,18,22,4,0,1.0
10.80223925742187,106.6478722259914,21,41,1.0,18,22,4,0,0.5122
10.813928881466124,106.66511432455972,15,34,0.998762,18,22,4,0,0.4412
10.755608615763382,106.67347943578082,15,28,0.997878,18,22,4,0,0.5357
10.782680856341084,106.70051548181168,12,29,1.0,18,22,4,0,0.4138
10.754895139302109,106.67839188181134,16,33,1.0,18,22,4,0,0.4848
10.785070445194592,106.68331340921324,10,27,1.0,18,22,4,0,0.3704
10.7549373008113,106.67848844133415,16,33,1.0,18,23,4,0,0.4848
10.77898143649726,106.67684447140958,20,34,1.0,18,23,4,0,0.5882
10.7671128283867,106.6927618222887,13,19,1.0,18,23,4,0,0.6842
10.77847212665258,106.69389510879644,25,42,1.0,18,23,4,0,0.5952
10.796057790235078,106.67492629345334,14,34,0.999416,18,23,4,0,0.4118
10.8352982156415,106.72935479345392,34,42,0.997758,18,23,4,0,0.8095
10.777562007197462,106.7041335430398,13,30,1.0,18,23,4,0,0.4333
10.83886351241477,106.67566625482782,22,36,1.0,18,23,4,0,0.6111
10.765187049751797,106.67550552599072,20,35,1.0,18,23,4,0,0.5714
10.75948437198232,106.6840537511244,16,28,0.997938,18,23,4,0,0.5714
10.865229381280963,106.72366973948476,30,49,1.0,18,23,4,0,0.6122
10.72279213640514,106.72808623948244,20,37,0.997764,18,23,4,0,0.5405
10.823400120373712,106.68551227436063,23,32,1.0,18,24,4,0,0.7188
10.756158554057755,106.66631758181126,19,28,1.0,18,24,4,0,0.6786
10.7144382088356,106.73711688366168,19,35,1.0,18,24,4,0,0.5429
10.817236653231737,106.63191539530456,20,35,1.0,18,24,4,0,0.5714
10.772727584493625,106.69804225297564,12,24,0.998765,18,26,4,0,0.5
10.774028664434528,106.70357076461706,10,27,1.0,18,26,4,0,0.3704
10.752616652291238,106.72509685338922,35,42,1.0,18,26,4,0,0.8333
10.745754766198267,106.65326266831876,35,43,1.0,18,26,4,0,0.814
10.94927106740351,106.87196348224562,29,41,1.0,18,26,4,0,0.7073
10.78866360854368,106.695513722289,29,42,1.0,18,26,4,0,0.6905
10.801406421807084,106.7114844087968,29,42,1.0,18,26,4,0,0.6905
10.843150534972033,106.6151343241409,22,35,1.0,18,26,4,0,0.6286
10.880537767027526,106.81481342866444,40,54,1.0,18,26,4,0,0.7407
10.740840166521664,106.61899246873142,24,35,1.0,18,26,4,0,0.6857
10.798986343749618,106.7269705664684,32,44,1.0,18,26,4,0,0.7273
10.741860769464234,106.73790365482628,45,45,1.0,18,27,4,0,1.0
10.752408891679814,106.7022703818112,18,35,1.0,18,27,4,0,0.5143
10.786216596454729,106.71836665482697,35,40,1.0,18,27,4,0,0.875
10.78948793356203,106.7151883818118,22,35,1.0,18,27,4,0,0.6286
10.80223925742187,106.6478722259914,22,40,1.0,18,27,4,0,0.55
10.813928881466124,106.66511432455972,15,34,0.999048,18,27,4,0,0.4412
10.755608615763382,106.67347943578082,15,27,1.0,18,27,4,0,0.5556
10.782680856341084,106.70051548181168,12,31,1.0,18,27,4,0,0.3871
10.754895139302109,106.67839188181134,16,32,1.0,18,27,4,0,0.5
10.785070445194592,106.68331340921324,11,28,1.0,18,27,4,0,0.3929
10.7549373008113,106.67848844133415,16,32,1.0,18,27,4,0,0.5
10.77898143649726,106.67684447140958,21,34,1.0,18,27,4,0,0.6176
10.7671128283867,106.6927618222887,12,20,1.0,18,27,4,0,0.6
10.77847212665258,106.69389510879644,25,41,1.0,18,27,4,0,0.6098
10.796057790235078,106.67492629345334,13,34,0.999679,18,27,4,0,0.3824
10.8352982156415,106.72935479345392,31,42,0.996962,18,27,4,0,0.7381
10.777562007197462,106.7041335430398,13,29,1.0,18,27,4,0,0.4483
10.83886351241477,106.67566625482782,23,36,0.99922,18,27,4,0,0.6389
10.765187049751797,106.67550552599072,24,36,1.0,18,27,4,0,0.6667
10.75948437198232,106.6840537511244,13,28,1.0,18,27,4,0,0.4643
10.865229381280963,106.72366973948476,30,49,1.0,18,27,4,0,0.6122
10.72279213640514,106.72808623948244,20,37,0.997898,18,28,4,0,0.5405
10.823400120373712,106.68551227436063,21,31,1.0,18,28,4,0,0.6774
10.756158554057755,106.66631758181126,13,29,1.0,18,28,4,0,0.4483
10.7144382088356,106.73711688366168,19,35,1.0,18,28,4,0,0.5429
10.817236653231737,106.63191539530456,21,35,1.0,18,28,4,0,0.6
10.772727584493625,106.69804225297564,12,24,0.998765,18,30,4,0,0.5
10.774028664434528,106.70357076461706,15,27,1.0,18,30,4,0,0.5556
10.752616652291238,106.72509685338922,32,39,1.0,18,30,4,0,0.8205
10.745754766198267,106.65326266831876,36,42,1.0,18,30,4,0,0.8571
10.94927106740351,106.87196348224562,26,41,1.0,18,30,4,0,0.6341
10.78866360854368,106.695513722289,28,42,1.0,18,30,4,0,0.6667
10.801406421807084,106.7114844087968,27,42,1.0,18,30,4,0,0.6429
10.843150534972033,106.6151343241409,21,35,1.0,18,30,4,0,0.6
10.880537767027526,106.81481342866444,44,53,1.0,18,30,4,0,0.8302
10.740840166521664,106.61899246873142,24,35,1.0,18,31,4,0,0.6857
10.798986343749618,106.7269705664684,14,43,1.0,18,31,4,0,0.3256
10.741860769464234,106.73790365482628,45,45,1.0,18,31,4,0,1.0
10.752408891679814,106.7022703818112,18,33,1.0,18,31,4,0,0.5455
10.786216596454729,106.71836665482697,32,40,1.0,18,31,4,0,0.8
10.78948793356203,106.7151883818118,28,36,1.0,18,31,4,0,0.7778
10.80223925742187,106.6478722259914,27,41,1.0,18,31,4,0,0.6585
10.813928881466124,106.66511432455972,14,33,0.998749,18,31,4,0,0.4242
10.755608615763382,106.67347943578082,14,27,1.0,18,31,4,0,0.5185
10.782680856341084,106.70051548181168,11,29,1.0,18,31,4,0,0.3793
10.754895139302109,106.67839188181134,18,33,1.0,18,31,4,0,0.5455
10.785070445194592,106.68331340921324,12,28,1.0,18,31,4,0,0.4286
10.7549373008113,106.67848844133415,18,33,1.0,18,31,4,0,0.5455
10.77898143649726,106.67684447140958,20,35,1.0,18,31,4,0,0.5714
10.7671128283867,106.6927618222887,12,20,1.0,18,32,4,0,0.6
10.77847212665258,106.69389510879644,25,42,1.0,18,32,4,0,0.5952
10.796057790235078,106.67492629345334,14,33,0.998718,18,32,4,0,0.4242
10.8352982156415,106.72935479345392,32,42,0.996747,18,32,4,0,0.7619
10.777562007197462,106.7041335430398,12,30,1.0,18,32,4,0,0.4
10.83886351241477,106.67566625482782,24,36,1.0,18,32,4,0,0.6667
10.765187049751797,106.67550552599072,23,36,1.0,18,32,4,0,0.6389
10.75948437198232,106.6840537511244,14,27,1.0,18,32,4,0,0.5185
10.865229381280963,106.72366973948476,32,49,1.0,18,32,4,0,0.6531
10.72279213640514,106.72808623948244,20,37,0.998126,18,32,4,0,0.5405
10.823400120373712,106.68551227436063,18,31,1.0,18,32,4,0,0.5806
10.756158554057755,106.66631758181126,17,29,1.0,18,32,4,0,0.5862
10.7144382088356,106.73711688366168,19,35,1.0,18,32,4,0,0.5429
10.817236653231737,106.63191539530456,22,35,1.0,18,32,4,0,0.6286
10.772727584493625,106.69804225297564,11,24,0.998765,18,35,4,0,0.4583
10.774028664434528,106.70357076461706,12,28,1.0,18,35,4,0,0.4286
10.752616652291238,106.72509685338922,22,39,1.0,18,35,4,0,0.5641
10.745754766198267,106.65326266831876,34,43,1.0,18,35,4,0,0.7907
10.94927106740351,106.87196348224562,23,42,1.0,18,35,4,0,0.5476
10.78866360854368,106.695513722289,29,42,1.0,18,35,4,0,0.6905
10.801406421807084,106.7114844087968,29,42,1.0,18,35,4,0,0.6905
10.843150534972033,106.6151343241409,22,34,1.0,18,35,4,0,0.6471
10.880537767027526,106.81481342866444,43,53,1.0,18,35,4,0,0.8113
10.740840166521664,106.61899246873142,24,36,1.0,18,35,4,0,0.6667
10.798986343749618,106.7269705664684,13,43,1.0,18,35,4,0,0.3023
10.741860769464234,106.73790365482628,45,45,1.0,18,35,4,0,1.0
10.752408891679814,106.7022703818112,19,33,1.0,18,35,4,0,0.5758
10.786216596454729,106.71836665482697,34,40,1.0,18,36,4,0,0.85
10.78948793356203,106.7151883818118,36,36,1.0,18,36,4,0,1.0
10.80223925742187,106.6478722259914,24,41,1.0,18,36,4,0,0.5854
10.813928881466124,106.66511432455972,14,34,0.999033,18,36,4,0,0.4118
10.755608615763382,106.67347943578082,15,28,0.998943,18,36,4,0,0.5357
10.782680856341084,106.70051548181168,11,30,1.0,18,36,4,0,0.3667
10.754895139302109,106.67839188181134,17,32,1.0,18,36,4,0,0.5312
10.785070445194592,106.68331340921324,12,28,1.0,18,36,4,0,0.4286
10.7549373008113,106.67848844133415,17,32,1.0,18,36,4,0,0.5312
10.77898143649726,106.67684447140958,22,35,1.0,18,36,4,0,0.6286
10.7671128283867,106.6927618222887,11,19,1.0,18,36,4,0,0.5789
10.77847212665258,106.69389510879644,26,42,1.0,18,36,4,0,0.619
10.796057790235078,106.67492629345334,14,34,0.999033,18,36,4,0,0.4118
10.8352982156415,106.72935479345392,33,42,0.997475,18,36,4,0,0.7857
10.777562007197462,106.7041335430398,11,30,1.0,18,36,4,0,0.3667
10.83886351241477,106.67566625482782,21,37,1.0,18,36,4,0,0.5676
10.765187049751797,106.67550552599072,23,36,1.0,18,36,4,0,0.6389
10.75948437198232,106.6840537511244,15,28,0.998943,18,36,4,0,0.5357
10.865229381280963,106.72366973948476,31,49,1.0,18,36,4,0,0.6327
10.72279213640514,106.72808623948244,21,37,0.998218,18,36,4,0,0.5676
10.823400120373712,106.68551227436063,19,31,1.0,18,36,4,0,0.6129
10.756158554057755,106.66631758181126,17,29,1.0,18,36,4,0,0.5862
10.7144382088356,106.73711688366168,20,35,1.0,18,36,4,0,0.5714
10.817236653231737,106.63191539530456,22,35,1.0,18,36,4,0,0.6286
10.772727584493625,106.69804225297564,12,25,1.0,18,38,4,0,0.48
10.774028664434528,106.70357076461706,16,29,1.0,18,39,4,0,0.5517
10.752616652291238,106.72509685338922,38,45,1.0,18,39,4,0,0.8444
10.745754766198267,106.65326266831876,33,42,1.0,18,39,4,0,0.7857
10.94927106740351,106.87196348224562,26,40,1.0,18,39,4,0,0.65
10.78866360854368,106.695513722289,30,42,1.0,18,39,4,0,0.7143
10.801406421807084,106.7114844087968,30,42,1.0,18,39,4,0,0.7143
10.843150534972033,106.6151343241409,22,35,1.0,18,39,4,0,0.6286
10.880537767027526,106.81481342866444,41,53,1.0,18,39,4,0,0.7736
10.740840166521664,106.61899246873142,25,36,1.0,18,39,4,0,0.6944
10.798986343749618,106.7269705664684,28,45,1.0,18,39,4,0,0.6222
10.741860769464234,106.73790365482628,45,45,1.0,18,39,4,0,1.0
10.752408891679814,106.7022703818112,19,33,1.0,18,39,4,0,0.5758
10.786216596454729,106.71836665482697,40,40,1.0,18,39,4,0,1.0
10.78948793356203,106.7151883818118,27,35,1.0,18,39,4,0,0.7714
10.80223925742187,106.6478722259914,23,41,1.0,18,39,4,0,0.561
10.813928881466124,106.66511432455972,16,34,1.0,18,39,4,0,0.4706
10.755608615763382,106.67347943578082,14,27,1.0,18,39,4,0,0.5185
10.782680856341084,106.70051548181168,12,30,1.0,18,39,4,0,0.4
10.754895139302109,106.67839188181134,17,32,1.0,18,39,4,0,0.5312
10.785070445194592,106.68331340921324,12,28,1.0,18,39,4,0,0.4286
10.7549373008113,106.67848844133415,17,32,1.0,18,39,4,0,0.5312
10.77898143649726,106.67684447140958,21,34,1.0,18,40,4,0,0.6176
10.7671128283867,106.6927618222887,12,20,1.0,18,40,4,0,0.6
10.77847212665258,106.69389510879644,26,42,1.0,18,40,4,0,0.619
10.796057790235078,106.67492629345334,16,34,1.0,18,40,4,0,0.4706
10.8352982156415,106.72935479345392,32,42,0.997479,18,40,4,0,0.7619
10.777562007197462,106.7041335430398,12,30,1.0,18,40,4,0,0.4
10.83886351241477,106.67566625482782,24,36,1.0,18,40,4,0,0.6667
10.765187049751797,106.67550552599072,23,36,1.0,18,40,4,0,0.6389
10.75948437198232,106.6840537511244,15,27,1.0,18,40,4,0,0.5556
10.865229381280963,106.72366973948476,31,49,1.0,18,40,4,0,0.6327
10.72279213640514,106.72808623948244,22,37,0.997777,18,40,4,0,0.5946
10.823400120373712,106.68551227436063,21,31,1.0,18,40,4,0,0.6774
10.756158554057755,106.66631758181126,14,30,1.0,18,40,4,0,0.4667
10.7144382088356,106.73711688366168,20,35,1.0,18,40,4,0,0.5714
10.817236653231737,106.63191539530456,22,35,1.0,18,40,4,0,0.6286
10.772727584493625,106.69804225297564,12,24,1.0,18,43,4,0,0.5
10.774028664434528,106.70357076461706,13,28,1.0,18,43,4,0,0.4643
10.752616652291238,106.72509685338922,34,42,1.0,18,43,4,0,0.8095
10.745754766198267,106.65326266831876,36,42,1.0,18,43,4,0,0.8571
10.94927106740351,106.87196348224562,25,41,1.0,18,43,4,0,0.6098
10.78866360854368,106.695513722289,30,42,1.0,18,43,4,0,0.7143
10.801406421807084,106.7114844087968,30,42,1.0,18,43,4,0,0.7143
10.843150534972033,106.6151343241409,24,35,1.0,18,43,4,0,0.6857
10.880537767027526,106.81481342866444,43,53,1.0,18,43,4,0,0.8113
10.740840166521664,106.61899246873142,25,35,1.0,18,43,4,0,0.7143
10.798986343749618,106.7269705664684,21,44,1.0,18,43,4,0,0.4773
10.741860769464234,106.73790365482628,45,45,1.0,18,43,4,0,1.0
10.752408891679814,106.7022703818112,20,34,1.0,18,43,4,0,0.5882
10.786216596454729,106.71836665482697,34,39,1.0,18,43,4,0,0.8718
10.78948793356203,106.7151883818118,27,36,1.0,18,43,4,0,0.75
10.80223925742187,106.6478722259914,23,40,1.0,18,43,4,0,0.575
10.813928881466124,106.66511432455972,15,33,1.0,18,44,4,0,0.4545
10.755608615763382,106.67347943578082,16,28,1.0,18,44,4,0,0.5714
10.782680856341084,106.70051548181168,13,30,1.0,18,44,4,0,0.4333
10.754895139302109,106.67839188181134,18,34,1.0,18,44,4,0,0.5294
10.785070445194592,106.68331340921324,12,28,1.0,18,44,4,0,0.4286
10.7549373008113,106.67848844133415,18,34,1.0,18,44,4,0,0.5294
10.77898143649726,106.67684447140958,20,34,1.0,18,44,4,0,0.5882
10.7671128283867,106.6927618222887,11,20,1.0,18,44,4,0,0.55
10.77847212665258,106.69389510879644,25,42,1.0,18,44,4,0,0.5952
10.796057790235078,106.67492629345334,15,33,1.0,18,44,4,0,0.4545
10.8352982156415,106.72935479345392,33,42,0.997291,18,44,4,0,0.7857
10.777562007197462,106.7041335430398,13,30,1.0,18,44,4,0,0.4333
10.83886351241477,106.67566625482782,24,35,1.0,18,44,4,0,0.6857
10.765187049751797,106.67550552599072,20,35,1.0,18,44,4,0,0.5714
10.75948437198232,106.6840537511244,16,28,1.0,18,44,4,0,0.5714
10.865229381280963,106.72366973948476,32,49,1.0,18,44,4,0,0.6531
10.72279213640514,106.72808623948244,22,37,0.997961,18,44,4,0,0.5946
10.823400120373712,106.68551227436063,24,32,1.0,18,44,4,0,0.75
10.756158554057755,106.66631758181126,21,29,1.0,18,45,4,0,0.7241
10.7144382088356,106.73711688366168,19,35,1.0,18,45,4,0,0.5429
10.817236653231737,106.63191539530456,22,35,1.0,18,45,4,0,0.6286
10.772727584493625,106.69804225297564,13,24,1.0,18,47,4,0,0.5417
10.774028664434528,106.70357076461706,18,28,1.0,18,47,4,0,0.6429
10.752616652291238,106.72509685338922,26,39,1.0,18,47,4,0,0.6667
10.745754766198267,106.65326266831876,36,43,1.0,18,47,4,0,0.8372
10.94927106740351,106.87196348224562,31,41,1.0,18,47,4,0,0.7561
10.78866360854368,106.695513722289,30,41,1.0,18,47,4,0,0.7317
10.801406421807084,106.7114844087968,30,41,1.0,18,47,4,0,0.7317
10.843150534972033,106.6151343241409,23,35,1.0,18,47,4,0,0.6571
10.880537767027526,106.81481342866444,44,53,1.0,18,47,4,0,0.8302
10.740840166521664,106.61899246873142,26,35,1.0,18,47,4,0,0.7429
10.798986343749618,106.7269705664684,30,45,1.0,18,47,4,0,0.6667
10.741860769464234,106.73790365482628,45,45,1.0,18,47,4,0,1.0
10.752408891679814,106.7022703818112,20,34,1.0,18,47,4,0,0.5882
10.786216596454729,106.71836665482697,33,40,1.0,18,48,4,0,0.825
10.78948793356203,106.7151883818118,36,36,1.0,18,48,4,0,1.0
10.80223925742187,106.6478722259914,25,41,1.0,18,48,4,0,0.6098
10.813928881466124,106.66511432455972,16,33,1.0,18,48,4,0,0.4848
10.755608615763382,106.67347943578082,16,28,1.0,18,48,4,0,0.5714
10.782680856341084,106.70051548181168,11,29,1.0,18,48,4,0,0.3793
10.754895139302109,106.67839188181134,20,33,1.0,18,48,4,0,0.6061
10.785070445194592,106.68331340921324,12,27,1.0,18,48,4,0,0.4444
10.7549373008113,106.67848844133415,20,33,1.0,18,48,4,0,0.6061
10.77898143649726,106.67684447140958,20,35,1.0,18,48,4,0,0.5714
10.7671128283867,106.6927618222887,15,19,1.0,18,48,4,0,0.7895
10.77847212665258,106.69389510879644,26,41,1.0,18,48,4,0,0.6341
10.796057790235078,106.67492629345334,16,34,1.0,18,48,4,0,0.4706
10.8352982156415,106.72935479345392,33,42,0.997105,18,48,4,0,0.7857
10.777562007197462,106.7041335430398,12,30,1.0,18,48,4,0,0.4
10.83886351241477,106.67566625482782,23,36,1.0,18,48,4,0,0.6389
10.765187049751797,106.67550552599072,21,36,1.0,18,48,4,0,0.5833
10.75948437198232,106.6840537511244,16,27,1.0,18,48,4,0,0.5926
10.865229381280963,106.72366973948476,30,49,1.0,18,49,4,0,0.6122
10.72279213640514,106.72808623948244,23,37,0.997961,18,49,4,0,0.6216
10.823400120373712,106.68551227436063,20,32,1.0,18,49,4,0,0.625
10.756158554057755,106.66631758181126,21,28,1.0,18,49,4,0,0.75
10.7144382088356,106.73711688366168,20,36,1.0,18,49,4,0,0.5556
10.817236653231737,106.63191539530456,21,35,1.0,18,49,4,0,0.6
10.772727584493625,106.69804225297564,12,24,1.0,18,51,4,0,0.5
10.774028664434528,106.70357076461706,16,28,1.0,18,51,4,0,0.5714
10.752616652291238,106.72509685338922,27,39,1.0,18,51,4,0,0.6923
10.745754766198267,106.65326266831876,37,43,0.999762,18,51,4,0,0.8605
10.94927106740351,106.87196348224562,31,42,1.0,18,51,4,0,0.7381
10.78866360854368,106.695513722289,30,41,1.0,18,51,4,0,0.7317
10.801406421807084,106.7114844087968,30,41,1.0,18,51,4,0,0.7317
10.843150534972033,106.6151343241409,22,35,1.0,18,51,4,0,0.6286
10.880537767027526,106.81481342866444,44,54,1.0,18,51,4,0,0.8148
10.740840166521664,106.61899246873142,25,35,1.0,18,51,4,0,0.7143
10.798986343749618,106.7269705664684,30,45,1.0,18,51,4,0,0.6667
10.741860769464234,106.73790365482628,45,45,1.0,18,51,4,0,1.0
10.752408891679814,106.7022703818112,21,34,1.0,18,51,4,0,0.6176
10.786216596454729,106.71836665482697,35,40,1.0,18,52,4,0,0.875
10.78948793356203,106.7151883818118,29,35,1.0,18,52,4,0,0.8286
10.80223925742187,106.6478722259914,24,40,1.0,18,52,4,0,0.6
10.813928881466124,106.66511432455972,18,34,0.997915,18,52,4,0,0.5294
10.755608615763382,106.67347943578082,17,28,0.997886,18,52,4,0,0.6071
10.782680856341084,106.70051548181168,12,30,1.0,18,52,4,0,0.4
10.754895139302109,106.67839188181134,18,32,1.0,18,52,4,0,0.5625
10.785070445194592,106.68331340921324,12,27,1.0,18,52,4,0,0.4444
10.7549373008113,106.67848844133415,18,32,1.0,18,52,4,0,0.5625
10.77898143649726,106.67684447140958,20,34,1.0,18,52,4,0,0.5882
10.7671128283867,106.6927618222887,10,19,1.0,18,52,4,0,0.5263
10.77847212665258,106.69389510879644,26,41,1.0,18,52,4,0,0.6341
10.796057790235078,106.67492629345334,18,34,0.997915,18,52,4,0,0.5294
10.8352982156415,106.72935479345392,31,42,0.99657,18,52,4,0,0.7381
10.777562007197462,106.7041335430398,12,30,1.0,18,52,4,0,0.4
10.83886351241477,106.67566625482782,24,36,1.0,18,52,4,0,0.6667
10.765187049751797,106.67550552599072,20,35,1.0,18,52,4,0,0.5714
10.75948437198232,106.6840537511244,17,28,0.997886,18,52,4,0,0.6071
10.865229381280963,106.72366973948476,31,49,1.0,18,52,4,0,0.6327
10.72279213640514,106.72808623948244,22,37,0.997441,18,52,4,0,0.5946
10.823400120373712,106.68551227436063,21,31,1.0,18,52,4,0,0.6774
10.756158554057755,106.66631758181126,21,29,1.0,18,52,4,0,0.7241
10.7144382088356,106.73711688366168,20,35,1.0,18,52,4,0,0.5714
10.817236653231737,106.63191539530456,22,35,1.0,18,53,4,0,0.6286
10.772727584493625,106.69804225297564,12,23,1.0,18,55,4,0,0.5217
10.774028664434528,106.70357076461706,17,28,1.0,18,55,4,0,0.6071
10.752616652291238,106.72509685338922,36,42,1.0,18,55,4,0,0.8571
10.745754766198267,106.65326266831876,38,42,1.0,18,55,4,0,0.9048
10.94927106740351,106.87196348224562,26,42,1.0,18,55,4,0,0.619
10.78866360854368,106.695513722289,28,42,1.0,18,55,4,0,0.6667
10.772727584493625,106.69804225297564,13,24,0.998765,20,22,4,0,0.5417
10.774028664434528,106.70357076461706,15,28,1.0,20,22,4,0,0.5357
10.752616652291238,106.72509685338922,39,39,1.0,20,22,4,0,1.0
10.745754766198267,106.65326266831876,36,42,1.0,20,22,4,0,0.8571
10.94927106740351,106.87196348224562,31,42,1.0,20,22,4,0,0.7381
10.78866360854368,106.695513722289,34,41,1.0,20,22,4,0,0.8293
10.801406421807084,106.7114844087968,34,41,1.0,20,22,4,0,0.8293
10.843150534972033,106.6151343241409,24,35,1.0,20,22,4,0,0.6857
10.880537767027526,106.81481342866444,53,53,1.0,20,22,4,0,1.0
10.740840166521664,106.61899246873142,28,35,1.0,20,22,4,0,0.8
10.798986343749618,106.7269705664684,45,45,1.0,20,23,4,0,1.0
10.741860769464234,106.73790365482628,34,44,1.0,20,23,4,0,0.7727
10.752408891679814,106.7022703818112,21,34,1.0,20,23,4,0,0.6176
10.786216596454729,106.71836665482697,40,40,1.0,20,23,4,0,1.0
10.78948793356203,106.7151883818118,36,36,1.0,20,23,4,0,1.0
10.80223925742187,106.6478722259914,30,41,1.0,20,23,4,0,0.7317
10.813928881466124,106.66511432455972,22,33,1.0,20,23,4,0,0.6667
10.755608615763382,106.67347943578082,15,28,1.0,20,23,4,0,0.5357
10.782680856341084,106.70051548181168,16,30,1.0,20,24,4,0,0.5333
10.754895139302109,106.67839188181134,20,33,1.0,20,24,4,0,0.6061
10.785070445194592,106.68331340921324,20,27,1.0,20,24,4,0,0.7407
10.7549373008113,106.67848844133415,20,33,1.0,20,24,4,0,0.6061
10.77898143649726,106.67684447140958,24,34,1.0,20,24,4,0,0.7059
10.7671128283867,106.6927618222887,8,20,1.0,20,24,4,0,0.4
10.77847212665258,106.69389510879644,28,41,1.0,20,24,4,0,0.6829
10.796057790235078,106.67492629345334,23,34,1.0,20,24,4,0,0.6765
10.8352982156415,106.72935479345392,35,42,0.998741,20,24,4,0,0.8333
10.777562007197462,106.7041335430398,17,30,1.0,20,24,4,0,0.5667
10.83886351241477,106.67566625482782,26,35,1.0,20,24,4,0,0.7429
10.765187049751797,106.67550552599072,23,36,1.0,20,24,4,0,0.6389
10.75948437198232,106.6840537511244,18,28,1.0,20,24,4,0,0.6429
10.865229381280963,106.72366973948476,37,49,1.0,20,24,4,0,0.7551
10.72279213640514,106.72808623948244,23,37,0.998475,20,24,4,0,0.6216
10.823400120373712,106.68551227436063,22,31,1.0,20,24,4,0,0.7097
10.756158554057755,106.66631758181126,20,29,1.0,20,24,4,0,0.6897
10.7144382088356,106.73711688366168,24,35,1.0,20,24,4,0,0.6857
10.817236653231737,106.63191539530456,25,35,1.0,20,24,4,0,0.7143
10.772727584493625,106.69804225297564,12,23,0.998765,20,26,4,0,0.5217
10.774028664434528,106.70357076461706,14,28,1.0,20,26,4,0,0.5
10.752616652291238,106.72509685338922,39,39,1.0,20,26,4,0,1.0
10.745754766198267,106.65326266831876,42,42,1.0,20,26,4,0,1.0
10.94927106740351,106.87196348224562,32,42,1.0,20,27,4,0,0.7619
10.78866360854368,106.695513722289,34,41,1.0,20,27,4,0,0.8293
10.801406421807084,106.7114844087968,35,42,1.0,20,27,4,0,0.8333
10.843150534972033,106.6151343241409,25,35,1.0,20,27,4,0,0.7143
10.880537767027526,106.81481342866444,53,53,1.0,20,27,4,0,1.0
10.740840166521664,106.61899246873142,29,35,1.0,20,27,4,0,0.8286
10.798986343749618,106.7269705664684,45,45,1.0,20,27,4,0,1.0
10.741860769464234,106.73790365482628,35,44,1.0,20,27,4,0,0.7955
10.752408891679814,106.7022703818112,22,33,1.0,20,27,4,0,0.6667
10.786216596454729,106.71836665482697,40,40,1.0,20,27,4,0,1.0
10.78948793356203,106.7151883818118,36,36,1.0,20,27,4,0,1.0
10.80223925742187,106.6478722259914,25,40,1.0,20,27,4,0,0.625
10.813928881466124,106.66511432455972,23,34,1.0,20,27,4,0,0.6765
10.755608615763382,106.67347943578082,18,27,1.0,20,27,4,0,0.6667
10.782680856341084,106.70051548181168,18,30,1.0,20,27,4,0,0.6
10.754895139302109,106.67839188181134,22,33,1.0,20,27,4,0,0.6667
10.785070445194592,106.68331340921324,16,26,1.0,20,28,4,0,0.6154
10.7549373008113,106.67848844133415,20,32,1.0,20,28,4,0,0.625
10.77898143649726,106.67684447140958,23,34,1.0,20,28,4,0,0.6765
10.7671128283867,106.6927618222887,9,20,1.0,20,28,4,0,0.45
10.77847212665258,106.69389510879644,28,41,1.0,20,28,4,0,0.6829
10.796057790235078,106.67492629345334,23,34,1.0,20,28,4,0,0.6765
10.8352982156415,106.72935479345392,35,42,0.998367,20,28,4,0,0.8333
10.777562007197462,106.7041335430398,18,30,1.0,20,28,4,0,0.6
10.83886351241477,106.67566625482782,26,35,1.0,20,28,4,0,0.7429
10.765187049751797,106.67550552599072,23,35,1.0,20,28,4,0,0.6571
10.75948437198232,106.6840537511244,18,27,1.0,20,28,4,0,0.6667
10.865229381280963,106.72366973948476,37,49,1.0,20,28,4,0,0.7551
10.72279213640514,106.72808623948244,23,37,1.0,20,28,4,0,0.6216
10.823400120373712,106.68551227436063,23,32,1.0,20,28,4,0,0.7188
10.756158554057755,106.66631758181126,22,30,1.0,20,28,4,0,0.7333
10.7144382088356,106.73711688366168,24,35,1.0,20,28,4,0,0.6857
10.817236653231737,106.63191539530456,25,35,1.0,20,28,4,0,0.7143
10.772727584493625,106.69804225297564,11,24,1.0,20,30,4,0,0.4583
10.774028664434528,106.70357076461706,20,29,1.0,20,30,4,0,0.6897
10.752616652291238,106.72509685338922,39,39,1.0,20,30,4,0,1.0
10.745754766198267,106.65326266831876,42,42,1.0,20,30,4,0,1.0
10.94927106740351,106.87196348224562,42,42,1.0,20,30,4,0,1.0
10.78866360854368,106.695513722289,33,42,1.0,20,31,4,0,0.7857
10.801406421807084,106.7114844087968,33,42,1.0,20,31,4,0,0.7857
10.843150534972033,106.6151343241409,25,35,1.0,20,31,4,0,0.7143
10.880537767027526,106.81481342866444,46,53,1.0,20,31,4,0,0.8679
10.740840166521664,106.61899246873142,28,35,1.0,20,31,4,0,0.8
10.798986343749618,106.7269705664684,45,45,1.0,20,31,4,0,1.0
10.741860769464234,106.73790365482628,36,44,1.0,20,31,4,0,0.8182
10.752408891679814,106.7022703818112,25,33,1.0,20,31,4,0,0.7576
10.786216596454729,106.71836665482697,36,40,1.0,20,31,4,0,0.9
10.78948793356203,106.7151883818118,36,36,1.0,20,31,4,0,1.0
10.80223925742187,106.6478722259914,28,40,1.0,20,31,4,0,0.7
10.813928881466124,106.66511432455972,23,34,1.0,20,31,4,0,0.6765
10.755608615763382,106.67347943578082,19,27,1.0,20,31,4,0,0.7037
10.782680856341084,106.70051548181168,18,30,1.0,20,31,4,0,0.6
10.754895139302109,106.67839188181134,22,33,1.0,20,31,4,0,0.6667
10.785070445194592,106.68331340921324,19,27,1.0,20,31,4,0,0.7037
10.7549373008113,106.67848844133415,22,33,1.0,20,31,4,0,0.6667
10.77898143649726,106.67684447140958,24,34,1.0,20,31,4,0,0.7059
10.7671128283867,106.6927618222887,11,20,1.0,20,31,4,0,0.55
10.77847212665258,106.69389510879644,29,42,1.0,20,31,4,0,0.6905
10.796057790235078,106.67492629345334,23,34,1.0,20,32,4,0,0.6765
10.8352982156415,106.72935479345392,35,42,0.998353,20,32,4,0,0.8333
10.777562007197462,106.7041335430398,18,30,1.0,20,32,4,0,0.6
10.83886351241477,106.67566625482782,24,35,1.0,20,32,4,0,0.6857
10.765187049751797,106.67550552599072,22,36,1.0,20,32,4,0,0.6111
10.75948437198232,106.6840537511244,20,27,1.0,20,32,4,0,0.7407
10.865229381280963,106.72366973948476,37,49,1.0,20,32,4,0,0.7551
10.72279213640514,106.72808623948244,23,37,0.998218,20,32,4,0,0.6216
10.823400120373712,106.68551227436063,21,31,1.0,20,32,4,0,0.6774
10.756158554057755,106.66631758181126,22,28,1.0,20,32,4,0,0.7857
10.7144382088356,106.73711688366168,24,35,1.0,20,32,4,0,0.6857
10.817236653231737,106.63191539530456,25,35,1.0,20,32,4,0,0.7143
10.772727584493625,106.69804225297564,11,24,1.0,20,34,4,0,0.4583
10.774028664434528,106.70357076461706,17,28,1.0,20,34,4,0,0.6071
10.752616652291238,106.72509685338922,39,39,1.0,20,34,4,0,1.0
10.745754766198267,106.65326266831876,42,42,1.0,20,34,4,0,1.0
10.94927106740351,106.87196348224562,31,41,1.0,20,34,4,0,0.7561
10.78866360854368,106.695513722289,34,42,1.0,20,34,4,0,0.8095
10.801406421807084,106.7114844087968,34,41,1.0,20,35,4,0,0.8293
10.843150534972033,106.6151343241409,24,35,1.0,20,35,4,0,0.6857
10.880537767027526,106.81481342866444,45,53,1.0,20,35,4,0,0.8491
10.740840166521664,106.61899246873142,34,34,1.0,20,35,4,0,1.0
10.798986343749618,106.7269705664684,45,45,1.0,20,35,4,0,1.0
10.741860769464234,106.73790365482628,45,45,1.0,20,35,4,0,1.0
10.752408891679814,106.7022703818112,25,33,1.0,20,35,4,0,0.7576
10.786216596454729,106.71836665482697,40,40,1.0,20,35,4,0,1.0
10.78948793356203,106.7151883818118,36,36,1.0,20,36,4,0,1.0
10.80223925742187,106.6478722259914,27,41,1.0,20,36,4,0,0.6585
10.813928881466124,106.66511432455972,21,33,0.999523,20,36,4,0,0.6364
10.755608615763382,106.67347943578082,18,28,1.0,20,36,4,0,0.6429
10.782680856341084,106.70051548181168,16,30,1.0,20,36,4,0,0.5333
10.754895139302109,106.67839188181134,23,33,1.0,20,36,4,0,0.697
10.785070445194592,106.68331340921324,18,28,1.0,20,36,4,0,0.6429
10.7549373008113,106.67848844133415,23,33,1.0,20,36,4,0,0.697
10.77898143649726,106.67684447140958,22,34,1.0,20,36,4,0,0.6471
10.7671128283867,106.6927618222887,12,20,1.0,20,36,4,0,0.6
10.77847212665258,106.69389510879644,28,41,1.0,20,36,4,0,0.6829
10.796057790235078,106.67492629345334,22,34,0.999523,20,36,4,0,0.6471
10.8352982156415,106.72935479345392,34,42,0.997848,20,36,4,0,0.8095
10.777562007197462,106.7041335430398,16,30,1.0,20,36,4,0,0.5333
10.83886351241477,106.67566625482782,27,35,1.0,20,36,4,0,0.7714
10.765187049751797,106.67550552599072,27,36,1.0,20,36,4,0,0.75
10.75948437198232,106.6840537511244,18,28,1.0,20,36,4,0,0.6429
10.865229381280963,106.72366973948476,38,49,1.0,20,36,4,0,0.7755
10.72279213640514,106.72808623948244,25,37,0.998863,20,37,4,0,0.6757
10.823400120373712,106.68551227436063,20,32,1.0,20,37,4,0,0.625
10.756158554057755,106.66631758181126,20,29,1.0,20,37,4,0,0.6897
10.7144382088356,106.73711688366168,24,36,1.0,20,37,4,0,0.6667
10.817236653231737,106.63191539530456,24,35,1.0,20,37,4,0,0.6857
10.772727584493625,106.69804225297564,12,23,0.998765,20,39,4,0,0.5217
10.774028664434528,106.70357076461706,14,28,1.0,20,39,4,0,0.5
10.752616652291238,106.72509685338922,39,39,1.0,20,39,4,0,1.0
10.745754766198267,106.65326266831876,42,42,1.0,20,39,4,0,1.0
10.94927106740351,106.87196348224562,31,42,1.0,20,39,4,0,0.7381
10.78866360854368,106.695513722289,34,42,1.0,20,39,4,0,0.8095
10.801406421807084,106.7114844087968,34,41,1.0,20,39,4,0,0.8293
10.843150534972033,106.6151343241409,24,35,1.0,20,39,4,0,0.6857
10.880537767027526,106.81481342866444,46,53,1.0,20,39,4,0,0.8679
10.740840166521664,106.61899246873142,28,35,1.0,20,39,4,0,0.8
10.798986343749618,106.7269705664684,45,45,1.0,20,39,4,0,1.0
10.741860769464234,106.73790365482628,34,44,1.0,20,39,4,0,0.7727
10.752408891679814,106.7022703818112,24,34,1.0,20,39,4,0,0.7059
10.786216596454729,106.71836665482697,40,40,1.0,20,40,4,0,1.0
10.78948793356203,106.7151883818118,36,36,1.0,20,40,4,0,1.0
10.80223925742187,106.6478722259914,28,41,1.0,20,40,4,0,0.6829
10.813928881466124,106.66511432455972,24,34,1.0,20,40,4,0,0.7059
10.755608615763382,106.67347943578082,18,28,1.0,20,40,4,0,0.6429
10.782680856341084,106.70051548181168,18,30,1.0,20,40,4,0,0.6
10.754895139302109,106.67839188181134,23,32,1.0,20,40,4,0,0.7188
10.785070445194592,106.68331340921324,18,28,1.0,20,40,4,0,0.6429
10.7549373008113,106.67848844133415,23,32,1.0,20,40,4,0,0.7188
10.77898143649726,106.67684447140958,24,34,1.0,20,40,4,0,0.7059
10.7671128283867,106.6927618222887,8,19,1.0,20,41,4,0,0.4211
10.77847212665258,106.69389510879644,29,42,1.0,20,41,4,0,0.6905
10.796057790235078,106.67492629345334,23,33,1.0,20,41,4,0,0.697
10.8352982156415,106.72935479345392,34,42,0.997185,20,41,4,0,0.8095
10.777562007197462,106.7041335430398,17,30,1.0,20,41,4,0,0.5667
10.83886351241477,106.67566625482782,27,35,1.0,20,41,4,0,0.7714
10.765187049751797,106.67550552599072,22,35,1.0,20,41,4,0,0.6286
10.75948437198232,106.6840537511244,17,27,1.0,20,41,4,0,0.6296
10.865229381280963,106.72366973948476,37,49,1.0,20,41,4,0,0.7551
10.72279213640514,106.72808623948244,24,37,0.998348,20,41,4,0,0.6486
10.823400120373712,106.68551227436063,24,31,1.0,20,41,4,0,0.7742
10.756158554057755,106.66631758181126,30,30,1.0,20,42,4,0,1.0
10.7144382088356,106.73711688366168,24,35,1.0,20,42,4,0,0.6857
10.817236653231737,106.63191539530456,25,34,1.0,20,42,4,0,0.7353
10.772727584493625,106.69804225297564,11,24,0.998765,20,44,4,0,0.4583
10.774028664434528,106.70357076461706,14,27,1.0,20,44,4,0,0.5185
10.752616652291238,106.72509685338922,39,39,1.0,20,44,4,0,1.0
10.745754766198267,106.65326266831876,42,42,1.0,20,44,4,0,1.0
10.94927106740351,106.87196348224562,26,41,1.0,20,44,4,0,0.6341
10.78866360854368,106.695513722289,34,41,1.0,20,44,4,0,0.8293
10.801406421807084,106.7114844087968,35,42,1.0,20,44,4,0,0.8333
10.843150534972033,106.6151343241409,25,35,1.0,20,44,4,0,0.7143
10.880537767027526,106.81481342866444,46,53,1.0,20,45,4,0,0.8679
10.740840166521664,106.61899246873142,29,36,1.0,20,45,4,0,0.8056
10.798986343749618,106.7269705664684,45,45,1.0,20,45,4,0,1.0
10.741860769464234,106.73790365482628,36,44,1.0,20,45,4,0,0.8182
10.752408891679814,106.7022703818112,24,33,1.0,20,45,4,0,0.7273
10.786216596454729,106.71836665482697,40,40,1.0,20,45,4,0,1.0
10.78948793356203,106.7151883818118,36,36,1.0,20,45,4,0,1.0
10.80223925742187,106.6478722259914,30,41,1.0,20,45,4,0,0.7317
10.813928881466124,106.66511432455972,22,34,1.0,20,45,4,0,0.6471
10.755608615763382,106.67347943578082,16,28,1.0,20,45,4,0,0.5714
10.782680856341084,106.70051548181168,18,30,1.0,20,45,4,0,0.6
10.754895139302109,106.67839188181134,22,33,1.0,20,45,4,0,0.6667
10.785070445194592,106.68331340921324,17,28,1.0,20,45,4,0,0.6071
10.7549373008113,106.67848844133415,22,33,1.0,20,45,4,0,0.6667
10.77898143649726,106.67684447140958,23,34,1.0,20,45,4,0,0.6765
10.7671128283867,106.6927618222887,12,19,1.0,20,46,4,0,0.6316
10.77847212665258,106.69389510879644,29,41,1.0,20,46,4,0,0.7073
10.796057790235078,106.67492629345334,23,34,1.0,20,46,4,0,0.6765
10.8352982156415,106.72935479345392,34,42,0.997551,20,46,4,0,0.8095
10.777562007197462,106.7041335430398,19,30,1.0,20,46,4,0,0.6333
10.83886351241477,106.67566625482782,27,35,1.0,20,46,4,0,0.7714
10.765187049751797,106.67550552599072,22,36,1.0,20,46,4,0,0.6111
10.75948437198232,106.6840537511244,17,28,1.0,20,46,4,0,0.6071
10.865229381280963,106.72366973948476,38,49,1.0,20,46,4,0,0.7755
10.72279213640514,106.72808623948244,25,37,0.999044,20,46,4,0,0.6757
10.823400120373712,106.68551227436063,23,31,1.0,20,46,4,0,0.7419
10.756158554057755,106.66631758181126,20,29,1.0,20,46,4,0,0.6897
10.7144382088356,106.73711688366168,24,35,1.0,20,46,4,0,0.6857
10.817236653231737,106.63191539530456,25,35,1.0,20,46,4,0,0.7143
10.772727584493625,106.69804225297564,12,23,0.998765,20,49,4,0,0.5217
10.774028664434528,106.70357076461706,11,29,1.0,20,49,4,0,0.3793
10.752616652291238,106.72509685338922,39,39,1.0,20,49,4,0,1.0
10.745754766198267,106.65326266831876,42,42,1.0,20,49,4,0,1.0
10.94927106740351,106.87196348224562,32,42,1.0,20,49,4,0,0.7619
10.78866360854368,106.695513722289,34,42,1.0,20,49,4,0,0.8095
10.801406421807084,106.7114844087968,34,42,1.0,20,49,4,0,0.8095
10.843150534972033,106.6151343241409,26,34,1.0,20,49,4,0,0.7647
10.880537767027526,106.81481342866444,47,53,1.0,20,49,4,0,0.8868
10.740840166521664,106.61899246873142,34,34,1.0,20,49,4,0,1.0
10.798986343749618,106.7269705664684,45,45,1.0,20,49,4,0,1.0
10.741860769464234,106.73790365482628,36,44,1.0,20,49,4,0,0.8182
10.752408891679814,106.7022703818112,24,33,1.0,20,49,4,0,0.7273
10.786216596454729,106.71836665482697,40,40,1.0,20,49,4,0,1.0
10.78948793356203,106.7151883818118,36,36,1.0,20,49,4,0,1.0
10.80223925742187,106.6478722259914,30,41,1.0,20,49,4,0,0.7317
10.813928881466124,106.66511432455972,21,34,1.0,20,49,4,0,0.6176
10.755608615763382,106.67347943578082,18,28,1.0,20,49,4,0,0.6429
10.782680856341084,106.70051548181168,18,30,1.0,20,49,4,0,0.6
10.754895139302109,106.67839188181134,22,32,1.0,20,50,4,0,0.6875
10.785070445194592,106.68331340921324,15,28,1.0,20,50,4,0,0.5357
10.7549373008113,106.67848844133415,23,33,1.0,20,50,4,0,0.697
10.77898143649726,106.67684447140958,24,34,1.0,20,50,4,0,0.7059
10.7671128283867,106.6927618222887,11,19,1.0,20,50,4,0,0.5789
10.77847212665258,106.69389510879644,29,41,1.0,20,50,4,0,0.7073
10.796057790235078,106.67492629345334,22,34,1.0,20,50,4,0,0.6471
10.8352982156415,106.72935479345392,36,42,0.997131,20,50,4,0,0.8571
10.777562007197462,106.7041335430398,18,30,1.0,20,50,4,0,0.6
10.83886351241477,106.67566625482782,28,36,0.997417,20,50,4,0,0.7778
10.765187049751797,106.67550552599072,26,35,1.0,20,50,4,0,0.7429
10.75948437198232,106.6840537511244,16,26,1.0,20,51,4,0,0.6154
10.865229381280963,106.72366973948476,37,49,1.0,20,51,4,0,0.7551
10.72279213640514,106.72808623948244,24,37,0.997961,20,51,4,0,0.6486
10.823400120373712,106.68551227436063,20,31,1.0,20,51,4,0,0.6452
10.756158554057755,106.66631758181126,22,29,1.0,20,51,4,0,0.7586
10.7144382088356,106.73711688366168,25,35,1.0,20,51,4,0,0.7143
10.817236653231737,106.63191539530456,25,35,1.0,20,51,4,0,0.7143
10.772727584493625,106.69804225297564,13,24,0.998765,20,53,4,0,0.5417
10.774028664434528,106.70357076461706,16,28,1.0,20,53,4,0,0.5714
10.752616652291238,106.72509685338922,39,39,1.0,20,53,4,0,1.0
10.745754766198267,106.65326266831876,42,42,1.0,20,53,4,0,1.0
10.94927106740351,106.87196348224562,30,41,1.0,20,53,4,0,0.7317
10.78866360854368,106.695513722289,36,42,1.0,20,53,4,0,0.8571
10.801406421807084,106.7114844087968,36,42,1.0,20,53,4,0,0.8571
10.843150534972033,106.6151343241409,25,35,1.0,20,54,4,0,0.7143
10.880537767027526,106.81481342866444,44,53,1.0,20,54,4,0,0.8302
10.740840166521664,106.61899246873142,29,35,1.0,20,54,4,0,0.8286
10.798986343749618,106.7269705664684,45,45,1.0,20,54,4,0,1.0
10.741860769464234,106.73790365482628,36,44,1.0,20,54,4,0,0.8182
10.752408891679814,106.7022703818112,24,33,1.0,20,54,4,0,0.7273
10.786216596454729,106.71836665482697,40,40,1.0,20,54,4,0,1.0
10.78948793356203,106.7151883818118,36,36,1.0,20,54,4,0,1.0
10.80223925742187,106.6478722259914,30,41,1.0,20,54,4,0,0.7317
10.813928881466124,106.66511432455972,23,34,1.0,20,54,4,0,0.6765
10.755608615763382,106.67347943578082,19,28,1.0,20,54,4,0,0.6786
10.782680856341084,106.70051548181168,18,30,1.0,20,54,4,0,0.6
10.754895139302109,106.67839188181134,22,32,1.0,20,54,4,0,0.6875
10.785070445194592,106.68331340921324,18,28,1.0,20,54,4,0,0.6429
10.7549373008113,106.67848844133415,22,32,1.0,20,54,4,0,0.6875
10.77898143649726,106.67684447140958,24,34,1.0,20,54,4,0,0.7059
10.7671128283867,106.6927618222887,10,20,1.0,20,55,4,0,0.5
10.77847212665258,106.69389510879644,30,41,1.0,20,55,4,0,0.7317
10.796057790235078,106.67492629345334,23,34,1.0,20,55,4,0,0.6765
10.8352982156415,106.72935479345392,42,42,1.0,20,55,4,0,1.0
10.777562007197462,106.7041335430398,19,31,1.0,20,55,4,0,0.6129
10.83886351241477,106.67566625482782,26,36,1.0,20,55,4,0,0.7222
10.765187049751797,106.67550552599072,27,36,1.0,20,55,4,0,0.75
10.75948437198232,106.6840537511244,19,28,1.0,20,55,4,0,0.6786
10.865229381280963,106.72366973948476,39,49,1.0,20,55,4,0,0.7959
10.72279213640514,106.72808623948244,24,37,1.0,20,55,4,0,0.6486
10.823400120373712,106.68551227436063,24,32,1.0,20,55,4,0,0.75
10.756158554057755,106.66631758181126,22,29,1.0,20,55,4,0,0.7586
10.7144382088356,106.73711688366168,25,35,1.0,20,55,4,0,0.7143
10.817236653231737,106.63191539530456,25,35,1.0,20,55,4,0,0.7143
10.772727584493625,106.69804225297564,13,24,0.998765,20,57,4,0,0.5417
10.774028664434528,106.70357076461706,13,29,1.0,20,57,4,0,0.4483
10.752616652291238,106.72509685338922,39,39,1.0,20,58,4,0,1.0
10.745754766198267,106.65326266831876,42,42,1.0,20,58,4,0,1.0
10.94927106740351,106.87196348224562,31,41,1.0,20,58,4,0,0.7561
10.78866360854368,106.695513722289,34,42,1.0,20,58,4,0,0.8095
10.801406421807084,106.7114844087968,34,42,1.0,20,58,4,0,0.8095
10.843150534972033,106.6151343241409,24,35,1.0,20,58,4,0,0.6857
10.880537767027526,106.81481342866444,47,53,1.0,20,58,4,0,0.8868
10.740840166521664,106.61899246873142,34,34,1.0,20,58,4,0,1.0
10.798986343749618,106.7269705664684,45,45,1.0,20,58,4,0,1.0
10.741860769464234,106.73790365482628,35,44,1.0,20,58,4,0,0.7955
10.752408891679814,106.7022703818112,26,34,1.0,20,58,4,0,0.7647
10.786216596454729,106.71836665482697,40,40,1.0,20,58,4,0,1.0
10.78948793356203,106.7151883818118,36,36,1.0,20,58,4,0,1.0
10.80223925742187,106.6478722259914,30,40,1.0,20,58,4,0,0.75
10.813928881466124,106.66511432455972,22,34,1.0,20,58,4,0,0.6471
10.755608615763382,106.67347943578082,18,28,1.0,20,58,4,0,0.6429
10.782680856341084,106.70051548181168,18,30,1.0,20,58,4,0,0.6
10.754895139302109,106.67839188181134,22,33,1.0,20,58,4,0,0.6667
10.785070445194592,106.68331340921324,18,28,1.0,20,58,4,0,0.6429
10.7549373008113,106.67848844133415,22,33,1.0,20,58,4,0,0.6667
10.77898143649726,106.67684447140958,24,34,1.0,20,58,4,0,0.7059
10.7671128283867,106.6927618222887,13,20,1.0,20,58,4,0,0.65
10.77847212665258,106.69389510879644,30,41,1.0,20,58,4,0,0.7317
10.796057790235078,106.67492629345334,23,34,0.997679,20,58,4,0,0.6765
10.8352982156415,106.72935479345392,36,42,0.996673,20,58,4,0,0.8571
10.777562007197462,106.7041335430398,19,30,1.0,20,58,4,0,0.6333
10.83886351241477,106.67566625482782,27,36,1.0,20,58,4,0,0.75
10.765187049751797,106.67550552599072,25,36,1.0,20,58,4,0,0.6944
10.75948437198232,106.6840537511244,18,27,1.0,20,58,4,0,0.6667
10.865229381280963,106.72366973948476,38,49,1.0,20,58,4,0,0.7755
10.72279213640514,106.72808623948244,25,37,0.998601,20,58,4,0,0.6757
10.823400120373712,106.68551227436063,22,32,1.0,20,59,4,0,0.6875
10.756158554057755,106.66631758181126,30,30,1.0,20,59,4,0,1.0
10.7144382088356,106.73711688366168,26,35,1.0,20,59,4,0,0.7429
10.817236653231737,106.63191539530456,24,35,1.0,20,59,4,0,0.6857
10.772727584493625,106.69804225297564,11,24,1.0,21,1,4,0,0.4583
10.774028664434528,106.70357076461706,15,28,1.0,21,1,4,0,0.5357
10.752616652291238,106.72509685338922,38,42,1.0,21,1,4,0,0.9048
10.745754766198267,106.65326266831876,42,42,1.0,21,1,4,0,1.0
10.94927106740351,106.87196348224562,28,42,1.0,21,1,4,0,0.6667
10.78866360854368,106.695513722289,32,41,1.0,21,1,4,0,0.7805
10.801406421807084,106.7114844087968,32,41,1.0,21,1,4,0,0.7805
10.843150534972033,106.6151343241409,24,35,1.0,21,1,4,0,0.6857
10.880537767027526,106.81481342866444,46,53,1.0,21,1,4,0,0.8679
10.740840166521664,106.61899246873142,34,34,1.0,21,1,4,0,1.0
10.798986343749618,106.7269705664684,36,45,1.0,21,1,4,0,0.8
10.741860769464234,106.73790365482628,35,44,1.0,21,1,4,0,0.7955
10.752408891679814,106.7022703818112,26,33,1.0,21,1,4,0,0.7879
10.786216596454729,106.71836665482697,34,39,1.0,21,1,4,0,0.8718
10.78948793356203,106.7151883818118,36,36,1.0,21,1,4,0,1.0
10.80223925742187,106.6478722259914,31,41,1.0,21,1,4,0,0.7561
10.813928881466124,106.66511432455972,22,34,0.99972,21,1,4,0,0.6471
10.755608615763382,106.67347943578082,18,28,1.0,21,1,4,0,0.6429
10.782680856341084,106.70051548181168,19,31,1.0,21,1,4,0,0.6129
10.754895139302109,106.67839188181134,22,32,1.0,21,1,4,0,0.6875
10.785070445194592,106.68331340921324,15,27,1.0,21,1,4,0,0.5556
10.7549373008113,106.67848844133415,22,32,1.0,21,1,4,0,0.6875
10.77898143649726,106.67684447140958,24,34,1.0,21,1,4,0,0.7059
10.7671128283867,106.6927618222887,8,20,1.0,21,1,4,0,0.4
10.77847212665258,106.69389510879644,30,42,1.0,21,1,4,0,0.7143
10.796057790235078,106.67492629345334,22,34,0.99972,21,1,4,0,0.6471
10.8352982156415,106.72935479345392,37,42,0.997661,21,1,4,0,0.881
10.777562007197462,106.7041335430398,19,31,1.0,21,1,4,0,0.6129
10.83886351241477,106.67566625482782,29,36,1.0,21,1,4,0,0.8056
10.765187049751797,106.67550552599072,23,35,1.0,21,1,4,0,0.6571
10.75948437198232,106.6840537511244,18,28,1.0,21,1,4,0,0.6429
10.865229381280963,106.72366973948476,38,49,1.0,21,1,4,0,0.7755
10.72279213640514,106.72808623948244,25,36,0.998209,21,1,4,0,0.6944
10.823400120373712,106.68551227436063,21,32,1.0,21,2,4,0,0.6562
10.756158554057755,106.66631758181126,30,30,1.0,21,2,4,0,1.0
10.7144382088356,106.73711688366168,26,35,1.0,21,2,4,0,0.7429
10.817236653231737,106.63191539530456,24,35,1.0,21,2,4,0,0.6857
10.772727584493625,106.69804225297564,11,23,1.0,21,4,4,0,0.4783
10.774028664434528,106.70357076461706,13,29,1.0,21,4,4,0,0.4483
10.752616652291238,106.72509685338922,39,39,1.0,21,4,4,0,1.0
10.745754766198267,106.65326266831876,42,42,1.0,21,4,4,0,1.0
10.94927106740351,106.87196348224562,30,41,1.0,21,4,4,0,0.7317
10.78866360854368,106.695513722289,35,42,1.0,21,4,4,0,0.8333
10.801406421807084,106.7114844087968,35,42,1.0,21,4,4,0,0.8333
10.843150534972033,106.6151343241409,25,35,1.0,21,4,4,0,0.7143
10.880537767027526,106.81481342866444,45,53,1.0,21,4,4,0,0.8491
10.740840166521664,106.61899246873142,34,34,1.0,21,4,4,0,1.0
10.798986343749618,106.7269705664684,45,45,1.0,21,4,4,0,1.0
10.741860769464234,106.73790365482628,37,44,1.0,21,5,4,0,0.8409
10.752408891679814,106.7022703818112,25,33,1.0,21,5,4,0,0.7576
10.786216596454729,106.71836665482697,40,40,1.0,21,5,4,0,1.0
10.78948793356203,106.7151883818118,28,35,1.0,21,5,4,0,0.8
10.80223925742187,106.6478722259914,28,40,1.0,21,5,4,0,0.7
10.813928881466124,106.66511432455972,22,34,0.998121,21,5,4,0,0.6471
10.755608615763382,106.67347943578082,17,28,1.0,21,5,4,0,0.6071
10.782680856341084,106.70051548181168,19,30,1.0,21,5,4,0,0.6333
10.754895139302109,106.67839188181134,22,33,1.0,21,5,4,0,0.6667
10.785070445194592,106.68331340921324,17,28,1.0,21,6,4,0,0.6071
10.7549373008113,106.67848844133415,22,32,1.0,21,6,4,0,0.6875
10.77898143649726,106.67684447140958,25,34,1.0,21,6,4,0,0.7353
10.7671128283867,106.6927618222887,10,20,1.0,21,6,4,0,0.5
10.77847212665258,106.69389510879644,30,41,1.0,21,6,4,0,0.7317
10.796057790235078,106.67492629345334,22,33,0.998121,21,6,4,0,0.6667
10.8352982156415,106.72935479345392,35,42,0.997286,21,6,4,0,0.8333
10.777562007197462,106.7041335430398,20,30,1.0,21,6,4,0,0.6667
10.83886351241477,106.67566625482782,28,36,1.0,21,6,4,0,0.7778
10.765187049751797,106.67550552599072,28,35,1.0,21,6,4,0,0.8
10.75948437198232,106.6840537511244,15,27,1.0,21,7,4,0,0.5556
10.865229381280963,106.72366973948476,40,49,1.0,21,7,4,0,0.8163
10.72279213640514,106.72808623948244,25,37,0.998072,21,7,4,0,0.6757
10.823400120373712,106.68551227436063,22,31,1.0,21,7,4,0,0.7097
10.756158554057755,106.66631758181126,22,29,1.0,21,7,4,0,0.7586
10.7144382088356,106.73711688366168,25,35,1.0,21,7,4,0,0.7143
10.817236653231737,106.63191539530456,25,35,1.0,21,7,4,0,0.7143
10.772727584493625,106.69804225297564,14,24,1.0,21,9,4,0,0.5833
10.774028664434528,106.70357076461706,12,29,1.0,21,9,4,0,0.4138
10.752616652291238,106.72509685338922,39,39,1.0,21,9,4,0,1.0
10.745754766198267,106.65326266831876,42,42,1.0,21,9,4,0,1.0
10.94927106740351,106.87196348224562,30,41,1.0,21,9,4,0,0.7317
10.78866360854368,106.695513722289,34,41,1.0,21,9,4,0,0.8293
10.801406421807084,106.7114844087968,34,41,1.0,21,9,4,0,0.8293
10.843150534972033,106.6151343241409,25,35,1.0,21,9,4,0,0.7143
10.880537767027526,106.81481342866444,47,53,1.0,21,9,4,0,0.8868
10.740840166521664,106.61899246873142,34,34,1.0,21,9,4,0,1.0
10.798986343749618,106.7269705664684,45,45,1.0,21,9,4,0,1.0
10.741860769464234,106.73790365482628,45,45,1.0,21,9,4,0,1.0
10.752408891679814,106.7022703818112,26,33,1.0,21,10,4,0,0.7879
10.786216596454729,106.71836665482697,40,40,1.0,21,10,4,0,1.0
10.78948793356203,106.7151883818118,36,36,1.0,21,10,4,0,1.0
10.80223925742187,106.6478722259914,28,40,1.0,21,10,4,0,0.7
10.813928881466124,106.66511432455972,24,33,0.997651,21,10,4,0,0.7273
10.755608615763382,106.67347943578082,17,27,1.0,21,10,4,0,0.6296
10.782680856341084,106.70051548181168,20,30,1.0,21,10,4,0,0.6667
10.754895139302109,106.67839188181134,23,33,1.0,21,10,4,0,0.697
10.785070445194592,106.68331340921324,20,26,1.0,21,10,4,0,0.7692
10.7549373008113,106.67848844133415,23,33,1.0,21,10,4,0,0.697
10.77898143649726,106.67684447140958,23,34,1.0,21,10,4,0,0.6765
10.7671128283867,106.6927618222887,10,19,1.0,21,11,4,0,0.5263
10.77847212665258,106.69389510879644,31,41,1.0,21,11,4,0,0.7561
10.796057790235078,106.67492629345334,23,33,0.997651,21,11,4,0,0.697
10.8352982156415,106.72935479345392,42,42,1.0,21,11,4,0,1.0
10.777562007197462,106.7041335430398,18,30,1.0,21,11,4,0,0.6
10.83886351241477,106.67566625482782,26,36,1.0,21,11,4,0,0.7222
10.765187049751797,106.67550552599072,26,35,1.0,21,11,4,0,0.7429
10.75948437198232,106.6840537511244,16,27,1.0,21,11,4,0,0.5926
10.865229381280963,106.72366973948476,38,49,1.0,21,11,4,0,0.7755
10.72279213640514,106.72808623948244,26,37,0.996621,21,11,4,0,0.7027
10.823400120373712,106.68551227436063,21,31,1.0,21,12,4,0,0.6774
10.756158554057755,106.66631758181126,30,30,1.0,21,12,4,0,1.0
10.7144382088356,106.73711688366168,27,35,1.0,21,12,4,0,0.7714
10.817236653231737,106.63191539530456,26,35,1.0,21,12,4,0,0.7429
10.772727584493625,106.69804225297564,12,24,1.0,21,14,4,0,0.5
10.774028664434528,106.70357076461706,12,28,1.0,21,14,4,0,0.4286
10.752616652291238,106.72509685338922,39,39,1.0,21,14,4,0,1.0
10.745754766198267,106.65326266831876,42,42,1.0,21,14,4,0,1.0
10.94927106740351,106.87196348224562,30,42,1.0,21,14,4,0,0.7143
10.78866360854368,106.695513722289,33,42,1.0,21,14,4,0,0.7857
10.801406421807084,106.7114844087968,33,42,1.0,21,14,4,0,0.7857
10.843150534972033,106.6151343241409,26,34,1.0,21,15,4,0,0.7647
10.880537767027526,106.81481342866444,53,53,1.0,21,15,4,0,1.0
10.740840166521664,106.61899246873142,34,34,1.0,21,15,4,0,1.0
10.798986343749618,106.7269705664684,34,44,1.0,21,15,4,0,0.7727
10.741860769464234,106.73790365482628,45,45,1.0,21,15,4,0,1.0
10.752408891679814,106.7022703818112,24,32,1.0,21,15,4,0,0.75
10.786216596454729,106.71836665482697,40,40,1.0,21,15,4,0,1.0
10.78948793356203,106.7151883818118,36,36,1.0,21,15,4,0,1.0
10.80223925742187,106.6478722259914,27,40,1.0,21,15,4,0,0.675
10.813928881466124,106.66511432455972,23,34,0.998667,21,15,4,0,0.6765
10.755608615763382,106.67347943578082,15,28,1.0,21,16,4,0,0.5357
10.782680856341084,106.70051548181168,19,31,1.0,21,16,4,0,0.6129
10.754895139302109,106.67839188181134,24,32,1.0,21,16,4,0,0.75
10.785070445194592,106.68331340921324,14,27,1.0,21,16,4,0,0.5185
10.7549373008113,106.67848844133415,23,32,1.0,21,16,4,0,0.7188
10.77898143649726,106.67684447140958,25,34,1.0,21,16,4,0,0.7353
10.7671128283867,106.6927618222887,9,20,1.0,21,16,4,0,0.45
10.77847212665258,106.69389510879644,30,42,1.0,21,16,4,0,0.7143
10.796057790235078,106.67492629345334,22,34,0.997725,21,16,4,0,0.6471
10.8352982156415,106.72935479345392,34,42,0.99748,21,16,4,0,0.8095
10.777562007197462,106.7041335430398,18,30,1.0,21,16,4,0,0.6
10.83886351241477,106.67566625482782,28,36,1.0,21,16,4,0,0.7778
10.765187049751797,106.67550552599072,22,36,1.0,21,16,4,0,0.6111
10.75948437198232,106.6840537511244,15,27,1.0,21,16,4,0,0.5556
10.865229381280963,106.72366973948476,40,49,1.0,21,17,4,0,0.8163
10.72279213640514,106.72808623948244,27,37,0.997902,21,17,4,0,0.7297
10.823400120373712,106.68551227436063,22,31,1.0,21,17,4,0,0.7097
10.756158554057755,106.66631758181126,30,30,1.0,21,17,4,0,1.0
10.7144382088356,106.73711688366168,26,35,1.0,21,17,4,0,0.7429
10.817236653231737,106.63191539530456,25,34,1.0,21,17,4,0,0.7353
10.772727584493625,106.69804225297564,11,22,0.968292,21,19,4,0,0.5
10.774028664434528,106.70357076461706,13,29,1.0,21,19,4,0,0.4483
10.752616652291238,106.72509685338922,39,39,1.0,21,19,4,0,1.0
10.745754766198267,106.65326266831876,42,42,1.0,21,19,4,0,1.0
10.94927106740351,106.87196348224562,27,42,1.0,21,19,4,0,0.6429
10.78866360854368,106.695513722289,34,42,1.0,21,19,4,0,0.8095
10.801406421807084,106.7114844087968,35,41,1.0,21,19,4,0,0.8537
10.843150534972033,106.6151343241409,26,35,1.0,21,19,4,0,0.7429
10.880537767027526,106.81481342866444,53,53,1.0,21,19,4,0,1.0
10.740840166521664,106.61899246873142,34,34,1.0,21,19,4,0,1.0
10.798986343749618,106.7269705664684,29,44,1.0,21,19,4,0,0.6591
10.741860769464234,106.73790365482628,45,45,1.0,21,19,4,0,1.0
10.752408891679814,106.7022703818112,25,34,1.0,21,20,4,0,0.7353
10.786216596454729,106.71836665482697,40,40,1.0,21,20,4,0,1.0
10.78948793356203,106.7151883818118,36,36,1.0,21,20,4,0,1.0
10.80223925742187,106.6478722259914,28,41,1.0,21,20,4,0,0.6829
10.813928881466124,106.66511432455972,24,34,0.998669,21,20,4,0,0.7059
10.755608615763382,106.67347943578082,21,28,1.0,21,20,4,0,0.75
10.782680856341084,106.70051548181168,18,30,1.0,21,20,4,0,0.6
10.754895139302109,106.67839188181134,22,32,1.0,21,20,4,0,0.6875
10.785070445194592,106.68331340921324,18,27,1.0,21,20,4,0,0.6667
10.7549373008113,106.67848844133415,22,32,1.0,21,20,4,0,0.6875
10.77898143649726,106.67684447140958,27,35,1.0,21,20,4,0,0.7714
10.7671128283867,106.6927618222887,11,20,1.0,21,20,4,0,0.55
10.77847212665258,106.69389510879644,30,41,1.0,21,20,4,0,0.7317
10.796057790235078,106.67492629345334,22,34,0.998669,21,20,4,0,0.6471
10.8352982156415,106.72935479345392,42,42,1.0,21,20,4,0,1.0
10.777562007197462,106.7041335430398,18,31,1.0,21,20,4,0,0.5806
10.83886351241477,106.67566625482782,26,36,1.0,21,20,4,0,0.7222
10.765187049751797,106.67550552599072,23,35,1.0,21,20,4,0,0.6571
10.75948437198232,106.6840537511244,20,27,1.0,21,20,4,0,0.7407
10.865229381280963,106.72366973948476,39,49,1.0,21,20,4,0,0.7959
10.72279213640514,106.72808623948244,27,37,0.997902,21,20,4,0,0.7297
10.823400120373712,106.68551227436063,23,32,1.0,21,20,4,0,0.7188
10.756158554057755,106.66631758181126,23,30,1.0,21,21,4,0,0.7667
10.7144382088356,106.73711688366168,26,35,1.0,21,21,4,0,0.7429
10.817236653231737,106.63191539530456,26,35,1.0,21,21,4,0,0.7429
10.772727584493625,106.69804225297564,13,23,0.968292,21,23,4,0,0.5652
10.774028664434528,106.70357076461706,18,28,1.0,21,23,4,0,0.6429
10.752616652291238,106.72509685338922,39,39,1.0,21,23,4,0,1.0
10.745754766198267,106.65326266831876,42,42,1.0,21,23,4,0,1.0
10.94927106740351,106.87196348224562,27,42,1.0,21,23,4,0,0.6429
10.78866360854368,106.695513722289,34,41,1.0,21,23,4,0,0.8293
10.801406421807084,106.7114844087968,34,41,1.0,21,23,4,0,0.8293
10.843150534972033,106.6151343241409,25,34,1.0,21,23,4,0,0.7353
10.880537767027526,106.81481342866444,53,53,1.0,21,23,4,0,1.0
10.740840166521664,106.61899246873142,34,34,1.0,21,23,4,0,1.0
10.798986343749618,106.7269705664684,31,44,1.0,21,23,4,0,0.7045
10.741860769464234,106.73790365482628,45,45,1.0,21,23,4,0,1.0
10.752408891679814,106.7022703818112,33,33,1.0,21,23,4,0,1.0
10.786216596454729,106.71836665482697,40,40,1.0,21,23,4,0,1.0
10.78948793356203,106.7151883818118,36,36,1.0,21,23,4,0,1.0
10.80223925742187,106.6478722259914,27,41,1.0,21,23,4,0,0.6585
10.813928881466124,106.66511432455972,24,34,0.998405,21,23,4,0,0.7059
10.755608615763382,106.67347943578082,17,27,0.998954,21,23,4,0,0.6296
10.782680856341084,106.70051548181168,18,30,1.0,21,23,4,0,0.6
10.754895139302109,106.67839188181134,21,32,1.0,21,23,4,0,0.6562
10.785070445194592,106.68331340921324,20,27,1.0,21,24,4,0,0.7407
10.7549373008113,106.67848844133415,21,32,1.0,21,24,4,0,0.6562
10.77898143649726,106.67684447140958,26,34,1.0,21,24,4,0,0.7647
10.7671128283867,106.6927618222887,11,20,1.0,21,24,4,0,0.55
10.77847212665258,106.69389510879644,32,41,1.0,21,24,4,0,0.7805
10.796057790235078,106.67492629345334,24,34,0.998405,21,24,4,0,0.7059
10.8352982156415,106.72935479345392,42,42,1.0,21,24,4,0,1.0
10.777562007197462,106.7041335430398,17,30,1.0,21,24,4,0,0.5667
10.83886351241477,106.67566625482782,27,36,0.997231,21,24,4,0,0.75
10.765187049751797,106.67550552599072,22,35,1.0,21,24,4,0,0.6286
10.75948437198232,106.6840537511244,16,26,0.998954,21,24,4,0,0.6154
10.865229381280963,106.72366973948476,38,49,1.0,21,24,4,0,0.7755
10.72279213640514,106.72808623948244,25,36,0.997203,21,24,4,0,0.6944
10.823400120373712,106.68551227436063,23,32,1.0,21,24,4,0,0.7188
10.756158554057755,106.66631758181126,30,30,1.0,21,24,4,0,1.0
10.7144382088356,106.73711688366168,27,35,1.0,21,24,4,0,0.7714
10.817236653231737,106.63191539530456,25,35,1.0,21,24,4,0,0.7143
10.772727584493625,106.69804225297564,12,23,0.968292,21,26,4,0,0.5217
10.774028664434528,106.70357076461706,12,29,1.0,21,26,4,0,0.4138
10.752616652291238,106.72509685338922,39,39,1.0,21,26,4,0,1.0
10.745754766198267,106.65326266831876,42,42,1.0,21,26,4,0,1.0
10.94927106740351,106.87196348224562,29,42,1.0,21,26,4,0,0.6905
10.78866360854368,106.695513722289,35,42,1.0,21,26,4,0,0.8333
10.801406421807084,106.7114844087968,35,42,1.0,21,26,4,0,0.8333
10.843150534972033,106.6151343241409,26,35,1.0,21,26,4,0,0.7429
10.880537767027526,106.81481342866444,53,53,1.0,21,26,4,0,1.0
10.740840166521664,106.61899246873142,34,34,1.0,21,26,4,0,1.0
10.798986343749618,106.7269705664684,32,43,1.0,21,26,4,0,0.7442
10.741860769464234,106.73790365482628,45,45,1.0,21,26,4,0,1.0
10.752408891679814,106.7022703818112,25,34,1.0,21,26,4,0,0.7353
10.786216596454729,106.71836665482697,40,40,1.0,21,27,4,0,1.0
10.78948793356203,106.7151883818118,36,36,1.0,21,27,4,0,1.0
10.80223925742187,106.6478722259914,30,41,1.0,21,27,4,0,0.7317
10.813928881466124,106.66511432455972,23,33,0.999265,21,27,4,0,0.697
10.755608615763382,106.67347943578082,16,27,0.998954,21,27,4,0,0.5926
10.782680856341084,106.70051548181168,18,30,1.0,21,27,4,0,0.6
10.754895139302109,106.67839188181134,23,33,1.0,21,27,4,0,0.697
10.785070445194592,106.68331340921324,19,27,1.0,21,27,4,0,0.7037
10.7549373008113,106.67848844133415,23,33,1.0,21,27,4,0,0.697
10.77898143649726,106.67684447140958,25,34,1.0,21,27,4,0,0.7353
10.7671128283867,106.6927618222887,10,19,1.0,21,27,4,0,0.5263
10.77847212665258,106.69389510879644,31,41,1.0,21,27,4,0,0.7561
10.796057790235078,106.67492629345334,23,33,0.999265,21,27,4,0,0.697
10.8352982156415,106.72935479345392,35,42,0.99748,21,27,4,0,0.8333
10.777562007197462,106.7041335430398,18,30,1.0,21,27,4,0,0.6
10.83886351241477,106.67566625482782,25,36,1.0,21,27,4,0,0.6944
10.765187049751797,106.67550552599072,24,35,1.0,21,27,4,0,0.6857
10.75948437198232,106.6840537511244,17,27,0.998954,21,27,4,0,0.6296
10.865229381280963,106.72366973948476,38,49,1.0,21,27,4,0,0.7755
10.72279213640514,106.72808623948244,25,37,0.996621,21,27,4,0,0.6757
10.823400120373712,106.68551227436063,21,31,1.0,21,27,4,0,0.6774
10.756158554057755,106.66631758181126,23,29,1.0,21,28,4,0,0.7931
10.7144382088356,106.73711688366168,27,36,1.0,21,28,4,0,0.75
10.817236653231737,106.63191539530456,24,35,1.0,21,28,4,0,0.6857
10.772727584493625,106.69804225297564,12,22,0.968292,21,30,4,0,0.5455
10.774028664434528,106.70357076461706,17,28,1.0,21,30,4,0,0.6071
10.752616652291238,106.72509685338922,39,39,1.0,21,30,4,0,1.0
10.745754766198267,106.65326266831876,42,42,1.0,21,30,4,0,1.0
10.94927106740351,106.87196348224562,42,42,1.0,21,30,4,0,1.0
10.78866360854368,106.695513722289,34,41,1.0,21,30,4,0,0.8293
10.801406421807084,106.7114844087968,34,41,1.0,21,30,4,0,0.8293
10.843150534972033,106.6151343241409,25,35,1.0,21,30,4,0,0.7143
10.880537767027526,106.81481342866444,53,53,1.0,21,30,4,0,1.0
10.740840166521664,106.61899246873142,34,34,1.0,21,30,4,0,1.0
10.798986343749618,106.7269705664684,34,44,1.0,21,30,4,0,0.7727
10.741860769464234,106.73790365482628,45,45,1.0,21,30,4,0,1.0
10.752408891679814,106.7022703818112,25,34,1.0,21,31,4,0,0.7353
10.786216596454729,106.71836665482697,40,40,1.0,21,31,4,0,1.0
10.78948793356203,106.7151883818118,28,35,1.0,21,31,4,0,0.8
10.80223925742187,106.6478722259914,29,41,1.0,21,31,4,0,0.7073
10.813928881466124,106.66511432455972,24,33,0.998667,21,31,4,0,0.7273
10.755608615763382,106.67347943578082,17,26,0.998954,21,31,4,0,0.6538
10.782680856341084,106.70051548181168,19,30,1.0,21,31,4,0,0.6333
10.754895139302109,106.67839188181134,23,33,1.0,21,31,4,0,0.697
10.785070445194592,106.68331340921324,16,27,1.0,21,31,4,0,0.5926
10.7549373008113,106.67848844133415,23,33,1.0,21,31,4,0,0.697
10.77898143649726,106.67684447140958,26,34,1.0,21,31,4,0,0.7647
10.7671128283867,106.6927618222887,12,20,1.0,21,31,4,0,0.6
10.77847212665258,106.69389510879644,31,42,1.0,21,31,4,0,0.7381
10.796057790235078,106.67492629345334,24,33,0.998667,21,31,4,0,0.7273
10.8352982156415,106.72935479345392,35,41,0.996895,21,31,4,0,0.8537
10.777562007197462,106.7041335430398,18,30,1.0,21,32,4,0,0.6
10.83886351241477,106.67566625482782,26,36,1.0,21,32,4,0,0.7222
10.765187049751797,106.67550552599072,25,36,1.0,21,32,4,0,0.6944
10.75948437198232,106.6840537511244,20,28,1.0,21,32,4,0,0.7143
10.865229381280963,106.72366973948476,39,49,1.0,21,32,4,0,0.7959
10.72279213640514,106.72808623948244,25,37,0.995795,21,32,4,0,0.6757
10.823400120373712,106.68551227436063,24,32,1.0,21,32,4,0,0.75
10.756158554057755,106.66631758181126,19,29,1.0,21,32,4,0,0.6552
10.7144382088356,106.73711688366168,25,35,1.0,21,32,4,0,0.7143
10.817236653231737,106.63191539530456,24,35,1.0,21,32,4,0,0.6857
