Latitude,Longitude,CurrentSpeed,FreeFlowSpeed,Confidence,Hour,Minute,DayOfWeek,Weekend,CongestionRatio
10.772727584493625,106.69804225297564,14,24,0.998765,11,23,5,1,0.5833
10.774028664434528,106.70357076461706,29,29,1.0,11,23,5,1,1.0
10.752616652291238,106.72509685338922,30,39,1.0,11,23,5,1,0.7692
10.745754766198267,106.65326266831876,33,43,1.0,11,23,5,1,0.7674
10.94927106740351,106.87196348224562,31,42,1.0,11,23,5,1,0.7381
10.78866360854368,106.695513722289,33,42,1.0,11,23,5,1,0.7857
10.801406421807084,106.7114844087968,33,42,1.0,11,23,5,1,0.7857
10.843150534972033,106.6151343241409,22,35,1.0,11,23,5,1,0.6286
10.880537767027526,106.81481342866444,43,54,1.0,11,23,5,1,0.7963
10.740840166521664,106.61899246873142,23,35,1.0,11,23,5,1,0.6571
10.798986343749618,106.7269705664684,45,45,1.0,11,23,5,1,1.0
10.741860769464234,106.73790365482628,38,44,1.0,11,23,5,1,0.8636
10.752408891679814,106.7022703818112,22,34,1.0,11,24,5,1,0.6471
10.786216596454729,106.71836665482697,40,40,1.0,11,24,5,1,1.0
10.78948793356203,106.7151883818118,36,36,1.0,11,24,5,1,1.0
10.80223925742187,106.6478722259914,27,41,1.0,11,24,5,1,0.6585
10.813928881466124,106.66511432455972,22,34,0.997916,11,24,5,1,0.6471
10.755608615763382,106.67347943578082,19,28,1.0,11,24,5,1,0.6786
10.782680856341084,106.70051548181168,16,30,1.0,11,24,5,1,0.5333
10.754895139302109,106.67839188181134,20,33,1.0,11,24,5,1,0.6061
10.785070445194592,106.68331340921324,14,27,1.0,11,24,5,1,0.5185
10.7549373008113,106.67848844133415,20,33,1.0,11,24,5,1,0.6061
10.77898143649726,106.67684447140958,20,34,1.0,11,24,5,1,0.5882
10.7671128283867,106.6927618222887,20,20,1.0,11,24,5,1,1.0
10.77847212665258,106.69389510879644,26,42,1.0,11,24,5,1,0.619
10.796057790235078,106.67492629345334,22,34,0.997916,11,24,5,1,0.6471
10.8352982156415,106.72935479345392,31,42,0.998202,11,24,5,1,0.7381
10.777562007197462,106.7041335430398,16,30,1.0,11,24,5,1,0.5333
10.83886351241477,106.67566625482782,25,36,1.0,11,24,5,1,0.6944
10.765187049751797,106.67550552599072,19,36,1.0,11,24,5,1,0.5278
10.75948437198232,106.6840537511244,19,28,1.0,11,25,5,1,0.6786
10.865229381280963,106.72366973948476,33,49,1.0,11,25,5,1,0.6735
10.72279213640514,106.72808623948244,26,37,0.997445,11,25,5,1,0.7027
10.823400120373712,106.68551227436063,22,31,1.0,11,25,5,1,0.7097
10.756158554057755,106.66631758181126,19,29,1.0,11,25,5,1,0.6552
10.7144382088356,106.73711688366168,25,35,1.0,11,25,5,1,0.7143
10.817236653231737,106.63191539530456,22,35,1.0,11,25,5,1,0.6286
10.772727584493625,106.69804225297564,14,24,0.998765,11,27,5,1,0.5833
10.774028664434528,106.70357076461706,23,29,1.0,11,27,5,1,0.7931
10.752616652291238,106.72509685338922,39,39,1.0,11,27,5,1,1.0
10.745754766198267,106.65326266831876,34,43,1.0,11,27,5,1,0.7907
10.94927106740351,106.87196348224562,27,42,1.0,11,28,5,1,0.6429
10.78866360854368,106.695513722289,33,42,1.0,11,28,5,1,0.7857
10.801406421807084,106.7114844087968,33,42,1.0,11,28,5,1,0.7857
10.843150534972033,106.6151343241409,22,35,1.0,11,28,5,1,0.6286
10.880537767027526,106.81481342866444,43,53,1.0,11,28,5,1,0.8113
10.740840166521664,106.61899246873142,24,35,1.0,11,28,5,1,0.6857
10.798986343749618,106.7269705664684,45,45,1.0,11,28,5,1,1.0
10.741860769464234,106.73790365482628,37,44,1.0,11,28,5,1,0.8409
10.752408891679814,106.7022703818112,21,33,1.0,11,28,5,1,0.6364
10.786216596454729,106.71836665482697,40,40,1.0,11,28,5,1,1.0
10.78948793356203,106.7151883818118,36,36,1.0,11,28,5,1,1.0
10.80223925742187,106.6478722259914,27,40,1.0,11,28,5,1,0.675
10.813928881466124,106.66511432455972,22,33,0.997914,11,28,5,1,0.6667
10.755608615763382,106.67347943578082,17,28,1.0,11,28,5,1,0.6071
10.782680856341084,106.70051548181168,17,30,1.0,11,28,5,1,0.5667
10.754895139302109,106.67839188181134,19,32,1.0,11,28,5,1,0.5938
10.785070445194592,106.68331340921324,13,26,1.0,11,28,5,1,0.5
10.7549373008113,106.67848844133415,19,32,1.0,11,28,5,1,0.5938
10.77898143649726,106.67684447140958,20,34,1.0,11,28,5,1,0.5882
10.7671128283867,106.6927618222887,13,20,1.0,11,28,5,1,0.65
10.77847212665258,106.69389510879644,25,41,1.0,11,28,5,1,0.6098
10.796057790235078,106.67492629345334,22,33,0.997914,11,28,5,1,0.6667
10.8352982156415,106.72935479345392,32,43,0.997829,11,28,5,1,0.7442
10.777562007197462,106.7041335430398,17,30,1.0,11,28,5,1,0.5667
10.83886351241477,106.67566625482782,27,36,0.997404,11,28,5,1,0.75
10.765187049751797,106.67550552599072,18,36,1.0,11,28,5,1,0.5
10.75948437198232,106.6840537511244,17,28,1.0,11,28,5,1,0.6071
10.865229381280963,106.72366973948476,33,49,1.0,11,28,5,1,0.6735
10.72279213640514,106.72808623948244,25,37,0.998998,11,28,5,1,0.6757
10.823400120373712,106.68551227436063,19,32,1.0,11,29,5,1,0.5938
10.756158554057755,106.66631758181126,19,29,1.0,11,29,5,1,0.6552
10.7144382088356,106.73711688366168,24,35,1.0,11,29,5,1,0.6857
10.817236653231737,106.63191539530456,22,35,1.0,11,29,5,1,0.6286
10.772727584493625,106.69804225297564,15,24,0.998098,11,31,5,1,0.625
10.774028664434528,106.70357076461706,29,29,1.0,11,31,5,1,1.0
10.752616652291238,106.72509685338922,39,39,1.0,11,31,5,1,1.0
10.745754766198267,106.65326266831876,35,43,0.999762,11,31,5,1,0.814
10.94927106740351,106.87196348224562,34,41,1.0,11,31,5,1,0.8293
10.78866360854368,106.695513722289,34,42,1.0,11,31,5,1,0.8095
10.801406421807084,106.7114844087968,34,42,1.0,11,31,5,1,0.8095
10.843150534972033,106.6151343241409,21,35,1.0,11,31,5,1,0.6
10.880537767027526,106.81481342866444,43,54,1.0,11,31,5,1,0.7963
10.740840166521664,106.61899246873142,23,35,1.0,11,31,5,1,0.6571
10.798986343749618,106.7269705664684,45,45,1.0,11,31,5,1,1.0
10.741860769464234,106.73790365482628,37,44,1.0,11,31,5,1,0.8409
10.752408891679814,106.7022703818112,22,34,1.0,11,31,5,1,0.6471
10.786216596454729,106.71836665482697,40,40,1.0,11,31,5,1,1.0
10.78948793356203,106.7151883818118,36,36,1.0,11,31,5,1,1.0
10.80223925742187,106.6478722259914,28,41,1.0,11,31,5,1,0.6829
10.813928881466124,106.66511432455972,21,34,0.998691,11,31,5,1,0.6176
10.755608615763382,106.67347943578082,17,27,1.0,11,31,5,1,0.6296
10.782680856341084,106.70051548181168,16,30,1.0,11,31,5,1,0.5333
10.754895139302109,106.67839188181134,18,32,1.0,11,31,5,1,0.5625
10.785070445194592,106.68331340921324,10,27,1.0,11,32,5,1,0.3704
10.7549373008113,106.67848844133415,18,32,1.0,11,32,5,1,0.5625
10.77898143649726,106.67684447140958,19,34,1.0,11,32,5,1,0.5588
10.7671128283867,106.6927618222887,15,20,1.0,11,32,5,1,0.75
10.77847212665258,106.69389510879644,26,42,1.0,11,32,5,1,0.619
10.796057790235078,106.67492629345334,21,34,0.998691,11,32,5,1,0.6176
10.8352982156415,106.72935479345392,30,43,0.99801,11,32,5,1,0.6977
10.777562007197462,106.7041335430398,16,30,1.0,11,32,5,1,0.5333
10.83886351241477,106.67566625482782,27,36,1.0,11,32,5,1,0.75
10.765187049751797,106.67550552599072,20,35,1.0,11,32,5,1,0.5714
10.75948437198232,106.6840537511244,16,26,1.0,11,32,5,1,0.6154
10.865229381280963,106.72366973948476,33,49,1.0,11,32,5,1,0.6735
10.72279213640514,106.72808623948244,24,37,0.997777,11,32,5,1,0.6486
10.823400120373712,106.68551227436063,24,32,1.0,11,32,5,1,0.75
10.756158554057755,106.66631758181126,17,29,1.0,11,32,5,1,0.5862
10.7144382088356,106.73711688366168,24,35,1.0,11,32,5,1,0.6857
10.817236653231737,106.63191539530456,21,35,1.0,11,32,5,1,0.6
10.772727584493625,106.69804225297564,14,24,0.99753,11,34,5,1,0.5833
10.774028664434528,106.70357076461706,29,29,1.0,11,34,5,1,1.0
10.752616652291238,106.72509685338922,39,39,1.0,11,34,5,1,1.0
10.745754766198267,106.65326266831876,34,43,0.999762,11,34,5,1,0.7907
10.94927106740351,106.87196348224562,29,42,1.0,11,34,5,1,0.6905
10.78866360854368,106.695513722289,32,42,1.0,11,35,5,1,0.7619
10.801406421807084,106.7114844087968,32,42,1.0,11,35,5,1,0.7619
10.843150534972033,106.6151343241409,20,35,1.0,11,35,5,1,0.5714
10.880537767027526,106.81481342866444,41,53,1.0,11,35,5,1,0.7736
10.740840166521664,106.61899246873142,24,35,1.0,11,35,5,1,0.6857
10.798986343749618,106.7269705664684,45,45,1.0,11,35,5,1,1.0
10.741860769464234,106.73790365482628,45,45,1.0,11,35,5,1,1.0
10.752408891679814,106.7022703818112,22,33,1.0,11,35,5,1,0.6667
10.786216596454729,106.71836665482697,40,40,1.0,11,35,5,1,1.0
10.78948793356203,106.7151883818118,25,35,1.0,11,35,5,1,0.7143
10.80223925742187,106.6478722259914,26,40,1.0,11,35,5,1,0.65
10.813928881466124,106.66511432455972,21,34,0.997651,11,35,5,1,0.6176
10.755608615763382,106.67347943578082,16,28,1.0,11,35,5,1,0.5714
10.782680856341084,106.70051548181168,17,30,1.0,11,35,5,1,0.5667
10.754895139302109,106.67839188181134,18,33,1.0,11,35,5,1,0.5455
10.785070445194592,106.68331340921324,13,28,1.0,11,35,5,1,0.4643
10.7549373008113,106.67848844133415,19,32,1.0,11,35,5,1,0.5938
10.77898143649726,106.67684447140958,19,34,1.0,11,35,5,1,0.5588
10.7671128283867,106.6927618222887,15,20,1.0,11,35,5,1,0.75
10.77847212665258,106.69389510879644,26,41,1.0,11,35,5,1,0.6341
10.796057790235078,106.67492629345334,22,34,0.997914,11,35,5,1,0.6471
10.8352982156415,106.72935479345392,30,42,0.998012,11,35,5,1,0.7143
10.777562007197462,106.7041335430398,17,30,1.0,11,35,5,1,0.5667
10.83886351241477,106.67566625482782,26,37,1.0,11,35,5,1,0.7027
10.765187049751797,106.67550552599072,20,35,1.0,11,35,5,1,0.5714
10.75948437198232,106.6840537511244,17,28,1.0,11,35,5,1,0.6071
10.865229381280963,106.72366973948476,35,49,1.0,11,35,5,1,0.7143
10.72279213640514,106.72808623948244,25,36,1.0,11,36,5,1,0.6944
10.823400120373712,106.68551227436063,24,32,1.0,11,36,5,1,0.75
10.756158554057755,106.66631758181126,19,29,1.0,11,36,5,1,0.6552
10.7144382088356,106.73711688366168,23,35,1.0,11,36,5,1,0.6571
10.817236653231737,106.63191539530456,20,35,1.0,11,36,5,1,0.5714
10.772727584493625,106.69804225297564,15,24,0.99753,11,38,5,1,0.625
10.774028664434528,106.70357076461706,29,29,1.0,11,38,5,1,1.0
10.752616652291238,106.72509685338922,32,39,1.0,11,38,5,1,0.8205
10.745754766198267,106.65326266831876,35,43,1.0,11,38,5,1,0.814
10.94927106740351,106.87196348224562,28,41,1.0,11,38,5,1,0.6829
10.78866360854368,106.695513722289,32,42,1.0,11,38,5,1,0.7619
10.801406421807084,106.7114844087968,32,42,1.0,11,38,5,1,0.7619
10.843150534972033,106.6151343241409,21,35,1.0,11,38,5,1,0.6
10.880537767027526,106.81481342866444,43,53,1.0,11,38,5,1,0.8113
10.740840166521664,106.61899246873142,26,35,1.0,11,38,5,1,0.7429
10.798986343749618,106.7269705664684,45,45,1.0,11,39,5,1,1.0
10.741860769464234,106.73790365482628,45,45,1.0,11,39,5,1,1.0
10.752408891679814,106.7022703818112,20,33,1.0,11,39,5,1,0.6061
10.786216596454729,106.71836665482697,40,40,1.0,11,39,5,1,1.0
10.78948793356203,106.7151883818118,36,36,1.0,11,39,5,1,1.0
10.80223925742187,106.6478722259914,29,41,1.0,11,39,5,1,0.7073
10.813928881466124,106.66511432455972,21,34,0.998691,11,39,5,1,0.6176
10.755608615763382,106.67347943578082,17,27,1.0,11,39,5,1,0.6296
10.782680856341084,106.70051548181168,17,30,1.0,11,39,5,1,0.5667
10.754895139302109,106.67839188181134,19,32,1.0,11,39,5,1,0.5938
10.785070445194592,106.68331340921324,13,27,1.0,11,39,5,1,0.4815
10.7549373008113,106.67848844133415,19,32,1.0,11,39,5,1,0.5938
10.77898143649726,106.67684447140958,19,35,1.0,11,39,5,1,0.5429
10.7671128283867,106.6927618222887,13,19,1.0,11,39,5,1,0.6842
10.77847212665258,106.69389510879644,26,41,1.0,11,39,5,1,0.6341
10.796057790235078,106.67492629345334,21,34,0.99828,11,39,5,1,0.6176
10.8352982156415,106.72935479345392,32,42,0.996746,11,39,5,1,0.7619
10.777562007197462,106.7041335430398,17,30,1.0,11,39,5,1,0.5667
10.83886351241477,106.67566625482782,26,36,0.999218,11,39,5,1,0.7222
10.765187049751797,106.67550552599072,21,36,1.0,11,39,5,1,0.5833
10.75948437198232,106.6840537511244,17,27,1.0,11,39,5,1,0.6296
10.865229381280963,106.72366973948476,33,49,1.0,11,39,5,1,0.6735
10.72279213640514,106.72808623948244,25,37,1.0,11,39,5,1,0.6757
10.823400120373712,106.68551227436063,22,31,1.0,11,39,5,1,0.7097
10.756158554057755,106.66631758181126,18,29,1.0,11,40,5,1,0.6207
10.7144382088356,106.73711688366168,24,35,1.0,11,40,5,1,0.6857
10.817236653231737,106.63191539530456,21,35,1.0,11,40,5,1,0.6
10.772727584493625,106.69804225297564,15,24,0.998765,11,42,5,1,0.625
10.774028664434528,106.70357076461706,22,29,1.0,11,42,5,1,0.7586
10.752616652291238,106.72509685338922,39,39,1.0,11,42,5,1,1.0
10.745754766198267,106.65326266831876,33,43,1.0,11,42,5,1,0.7674
10.94927106740351,106.87196348224562,33,41,1.0,11,42,5,1,0.8049
10.78866360854368,106.695513722289,32,42,1.0,11,42,5,1,0.7619
10.801406421807084,106.7114844087968,32,42,1.0,11,42,5,1,0.7619
10.843150534972033,106.6151343241409,21,35,1.0,11,42,5,1,0.6
10.880537767027526,106.81481342866444,43,53,1.0,11,42,5,1,0.8113
10.740840166521664,106.61899246873142,23,35,1.0,11,42,5,1,0.6571
10.798986343749618,106.7269705664684,45,45,1.0,11,42,5,1,1.0
10.741860769464234,106.73790365482628,45,45,1.0,11,42,5,1,1.0
10.752408891679814,106.7022703818112,21,34,1.0,11,43,5,1,0.6176
10.786216596454729,106.71836665482697,40,40,1.0,11,43,5,1,1.0
10.78948793356203,106.7151883818118,29,36,1.0,11,43,5,1,0.8056
10.80223925742187,106.6478722259914,28,40,1.0,11,43,5,1,0.7
10.813928881466124,106.66511432455972,21,33,0.998179,11,43,5,1,0.6364
10.755608615763382,106.67347943578082,21,27,0.998947,11,43,5,1,0.7778
10.782680856341084,106.70051548181168,16,30,1.0,11,43,5,1,0.5333
10.754895139302109,106.67839188181134,20,33,1.0,11,43,5,1,0.6061
10.785070445194592,106.68331340921324,12,26,1.0,11,43,5,1,0.4615
10.7549373008113,106.67848844133415,20,33,1.0,11,43,5,1,0.6061
10.77898143649726,106.67684447140958,19,34,1.0,11,43,5,1,0.5588
10.7671128283867,106.6927618222887,12,19,1.0,11,43,5,1,0.6316
10.77847212665258,106.69389510879644,26,42,1.0,11,43,5,1,0.619
10.796057790235078,106.67492629345334,23,33,0.997472,11,43,5,1,0.697
10.8352982156415,106.72935479345392,32,42,0.994046,11,43,5,1,0.7619
10.777562007197462,106.7041335430398,17,30,1.0,11,43,5,1,0.5667
10.83886351241477,106.67566625482782,25,36,1.0,11,43,5,1,0.6944
10.765187049751797,106.67550552599072,24,35,1.0,11,43,5,1,0.6857
10.75948437198232,106.6840537511244,20,27,0.997907,11,43,5,1,0.7407
10.865229381280963,106.72366973948476,34,49,1.0,11,44,5,1,0.6939
10.72279213640514,106.72808623948244,25,37,0.998475,11,44,5,1,0.6757
10.823400120373712,106.68551227436063,19,32,1.0,11,44,5,1,0.5938
10.756158554057755,106.66631758181126,19,29,1.0,11,44,5,1,0.6552
10.7144382088356,106.73711688366168,24,35,1.0,11,44,5,1,0.6857
10.817236653231737,106.63191539530456,21,35,1.0,11,44,5,1,0.6
10.772727584493625,106.69804225297564,14,24,0.998765,11,46,5,1,0.5833
10.774028664434528,106.70357076461706,22,28,1.0,11,46,5,1,0.7857
10.752616652291238,106.72509685338922,36,43,1.0,11,46,5,1,0.8372
10.745754766198267,106.65326266831876,34,43,1.0,11,46,5,1,0.7907
10.94927106740351,106.87196348224562,33,42,1.0,11,46,5,1,0.7857
10.78866360854368,106.695513722289,31,42,1.0,11,46,5,1,0.7381
10.801406421807084,106.7114844087968,31,42,1.0,11,46,5,1,0.7381
10.843150534972033,106.6151343241409,20,35,1.0,11,46,5,1,0.5714
10.880537767027526,106.81481342866444,42,53,1.0,11,46,5,1,0.7925
10.740840166521664,106.61899246873142,24,35,1.0,11,46,5,1,0.6857
10.798986343749618,106.7269705664684,45,45,1.0,11,46,5,1,1.0
10.741860769464234,106.73790365482628,37,44,1.0,11,46,5,1,0.8409
10.752408891679814,106.7022703818112,21,33,1.0,11,46,5,1,0.6364
10.786216596454729,106.71836665482697,36,40,1.0,11,46,5,1,0.9
10.78948793356203,106.7151883818118,36,36,1.0,11,46,5,1,1.0
10.80223925742187,106.6478722259914,26,41,1.0,11,46,5,1,0.6341
10.813928881466124,106.66511432455972,22,34,0.997651,11,46,5,1,0.6471
10.755608615763382,106.67347943578082,14,28,1.0,11,47,5,1,0.5
10.782680856341084,106.70051548181168,18,30,1.0,11,47,5,1,0.6
10.754895139302109,106.67839188181134,19,32,1.0,11,47,5,1,0.5938
10.785070445194592,106.68331340921324,11,28,1.0,11,47,5,1,0.3929
10.7549373008113,106.67848844133415,19,32,1.0,11,47,5,1,0.5938
10.77898143649726,106.67684447140958,18,34,1.0,11,47,5,1,0.5294
10.7671128283867,106.6927618222887,9,19,1.0,11,47,5,1,0.4737
10.77847212665258,106.69389510879644,27,42,1.0,11,47,5,1,0.6429
10.796057790235078,106.67492629345334,22,34,0.997651,11,47,5,1,0.6471
10.8352982156415,106.72935479345392,32,42,0.990774,11,47,5,1,0.7619
10.777562007197462,106.7041335430398,18,30,1.0,11,47,5,1,0.6
10.83886351241477,106.67566625482782,25,36,1.0,11,47,5,1,0.6944
10.765187049751797,106.67550552599072,27,35,1.0,11,47,5,1,0.7714
10.75948437198232,106.6840537511244,14,28,1.0,11,47,5,1,0.5
10.865229381280963,106.72366973948476,32,49,1.0,11,47,5,1,0.6531
10.72279213640514,106.72808623948244,25,37,0.999104,11,47,5,1,0.6757
10.823400120373712,106.68551227436063,18,30,1.0,11,47,5,1,0.6
10.756158554057755,106.66631758181126,20,30,1.0,11,47,5,1,0.6667
10.7144382088356,106.73711688366168,25,35,1.0,11,47,5,1,0.7143
10.817236653231737,106.63191539530456,20,35,1.0,11,47,5,1,0.5714
10.772727584493625,106.69804225297564,17,24,0.99753,11,49,5,1,0.7083
10.774028664434528,106.70357076461706,19,29,1.0,11,49,5,1,0.6552
10.752616652291238,106.72509685338922,39,39,1.0,11,49,5,1,1.0
10.745754766198267,106.65326266831876,34,43,1.0,11,49,5,1,0.7907
10.94927106740351,106.87196348224562,32,41,1.0,11,49,5,1,0.7805
10.78866360854368,106.695513722289,30,42,1.0,11,49,5,1,0.7143
10.801406421807084,106.7114844087968,31,42,1.0,11,50,5,1,0.7381
10.843150534972033,106.6151343241409,20,35,1.0,11,50,5,1,0.5714
10.880537767027526,106.81481342866444,42,53,1.0,11,50,5,1,0.7925
10.740840166521664,106.61899246873142,24,35,1.0,11,50,5,1,0.6857
10.798986343749618,106.7269705664684,45,45,1.0,11,50,5,1,1.0
10.741860769464234,106.73790365482628,45,45,1.0,11,50,5,1,1.0
10.752408891679814,106.7022703818112,20,33,1.0,11,50,5,1,0.6061
10.786216596454729,106.71836665482697,40,40,1.0,11,50,5,1,1.0
10.78948793356203,106.7151883818118,36,36,1.0,11,50,5,1,1.0
10.80223925742187,106.6478722259914,26,41,1.0,11,50,5,1,0.6341
10.813928881466124,106.66511432455972,21,34,0.998954,11,50,5,1,0.6176
10.755608615763382,106.67347943578082,17,27,1.0,11,50,5,1,0.6296
10.782680856341084,106.70051548181168,16,29,1.0,11,50,5,1,0.5517
10.754895139302109,106.67839188181134,19,32,1.0,11,50,5,1,0.5938
10.785070445194592,106.68331340921324,17,28,1.0,11,50,5,1,0.6071
10.7549373008113,106.67848844133415,19,32,1.0,11,50,5,1,0.5938
10.77898143649726,106.67684447140958,19,35,1.0,11,50,5,1,0.5429
10.7671128283867,106.6927618222887,20,20,1.0,11,50,5,1,1.0
10.77847212665258,106.69389510879644,26,41,1.0,11,50,5,1,0.6341
10.796057790235078,106.67492629345334,22,34,1.0,11,50,5,1,0.6471
10.8352982156415,106.72935479345392,31,42,0.996381,11,51,5,1,0.7381
10.777562007197462,106.7041335430398,18,30,1.0,11,51,5,1,0.6
10.83886351241477,106.67566625482782,26,36,1.0,11,51,5,1,0.7222
10.765187049751797,106.67550552599072,21,35,1.0,11,51,5,1,0.6
10.75948437198232,106.6840537511244,17,28,1.0,11,51,5,1,0.6071
10.865229381280963,106.72366973948476,33,49,1.0,11,51,5,1,0.6735
10.72279213640514,106.72808623948244,26,37,0.997777,11,51,5,1,0.7027
10.823400120373712,106.68551227436063,21,32,1.0,11,51,5,1,0.6562
10.756158554057755,106.66631758181126,18,29,1.0,11,51,5,1,0.6207
10.7144382088356,106.73711688366168,24,35,1.0,11,51,5,1,0.6857
10.817236653231737,106.63191539530456,20,35,1.0,11,51,5,1,0.5714
10.772727584493625,106.69804225297564,15,25,0.998765,11,53,5,1,0.6
10.774028664434528,106.70357076461706,19,27,1.0,11,53,5,1,0.7037
10.752616652291238,106.72509685338922,39,39,1.0,11,53,5,1,1.0
10.745754766198267,106.65326266831876,34,43,1.0,11,53,5,1,0.7907
10.94927106740351,106.87196348224562,26,41,1.0,11,53,5,1,0.6341
10.78866360854368,106.695513722289,31,42,1.0,11,53,5,1,0.7381
10.801406421807084,106.7114844087968,31,42,1.0,11,54,5,1,0.7381
10.843150534972033,106.6151343241409,21,35,1.0,11,54,5,1,0.6
10.880537767027526,106.81481342866444,42,53,1.0,11,54,5,1,0.7925
10.740840166521664,106.61899246873142,23,35,1.0,11,54,5,1,0.6571
10.798986343749618,106.7269705664684,45,45,1.0,11,54,5,1,1.0
10.741860769464234,106.73790365482628,45,45,1.0,11,54,5,1,1.0
10.752408891679814,106.7022703818112,22,34,1.0,11,54,5,1,0.6471
10.786216596454729,106.71836665482697,40,40,1.0,11,54,5,1,1.0
10.78948793356203,106.7151883818118,36,36,1.0,11,54,5,1,1.0
10.80223925742187,106.6478722259914,24,41,1.0,11,54,5,1,0.5854
10.813928881466124,106.66511432455972,21,33,1.0,11,54,5,1,0.6364
10.755608615763382,106.67347943578082,15,26,1.0,11,55,5,1,0.5769
10.782680856341084,106.70051548181168,17,30,1.0,11,55,5,1,0.5667
10.754895139302109,106.67839188181134,19,33,1.0,11,55,5,1,0.5758
10.785070445194592,106.68331340921324,14,27,1.0,11,55,5,1,0.5185
10.7549373008113,106.67848844133415,19,33,1.0,11,55,5,1,0.5758
10.77898143649726,106.67684447140958,20,35,1.0,11,55,5,1,0.5714
10.7671128283867,106.6927618222887,16,20,1.0,11,55,5,1,0.8
10.77847212665258,106.69389510879644,26,41,1.0,11,55,5,1,0.6341
10.796057790235078,106.67492629345334,21,33,0.999427,11,55,5,1,0.6364
10.8352982156415,106.72935479345392,32,42,0.996384,11,55,5,1,0.7619
10.777562007197462,106.7041335430398,16,29,1.0,11,55,5,1,0.5517
10.83886351241477,106.67566625482782,24,36,1.0,11,55,5,1,0.6667
10.765187049751797,106.67550552599072,23,35,1.0,11,55,5,1,0.6571
10.75948437198232,106.6840537511244,17,27,0.998935,11,55,5,1,0.6296
10.865229381280963,106.72366973948476,33,49,1.0,11,55,5,1,0.6735
10.72279213640514,106.72808623948244,25,37,0.998245,11,55,5,1,0.6757
10.823400120373712,106.68551227436063,22,32,1.0,11,55,5,1,0.6875
10.756158554057755,106.66631758181126,20,29,1.0,11,55,5,1,0.6897
10.7144382088356,106.73711688366168,24,35,1.0,11,55,5,1,0.6857
10.817236653231737,106.63191539530456,21,35,1.0,11,55,5,1,0.6
10.772727584493625,106.69804225297564,14,24,1.0,11,57,5,1,0.5833
10.774028664434528,106.70357076461706,29,29,1.0,11,57,5,1,1.0
10.752616652291238,106.72509685338922,39,39,1.0,11,57,5,1,1.0
10.745754766198267,106.65326266831876,42,42,1.0,11,57,5,1,1.0
10.94927106740351,106.87196348224562,25,41,1.0,11,57,5,1,0.6098
10.78866360854368,106.695513722289,31,41,1.0,11,57,5,1,0.7561
10.801406421807084,106.7114844087968,31,41,1.0,11,58,5,1,0.7561
10.843150534972033,106.6151343241409,20,35,1.0,11,58,5,1,0.5714
10.880537767027526,106.81481342866444,42,53,1.0,11,58,5,1,0.7925
10.740840166521664,106.61899246873142,22,35,1.0,11,58,5,1,0.6286
10.798986343749618,106.7269705664684,45,45,1.0,11,58,5,1,1.0
10.741860769464234,106.73790365482628,36,44,1.0,11,58,5,1,0.8182
10.752408891679814,106.7022703818112,20,34,1.0,11,58,5,1,0.5882
10.786216596454729,106.71836665482697,40,40,1.0,11,58,5,1,1.0
10.78948793356203,106.7151883818118,36,36,1.0,11,58,5,1,1.0
10.80223925742187,106.6478722259914,27,41,1.0,11,58,5,1,0.6585
10.813928881466124,106.66511432455972,21,34,1.0,11,58,5,1,0.6176
10.755608615763382,106.67347943578082,17,26,0.998954,11,58,5,1,0.6538
10.782680856341084,106.70051548181168,16,30,1.0,11,58,5,1,0.5333
10.754895139302109,106.67839188181134,19,32,1.0,11,58,5,1,0.5938
10.785070445194592,106.68331340921324,13,27,1.0,11,58,5,1,0.4815
10.7549373008113,106.67848844133415,19,32,1.0,11,58,5,1,0.5938
10.77898143649726,106.67684447140958,19,35,1.0,11,58,5,1,0.5429
10.7671128283867,106.6927618222887,13,19,1.0,11,58,5,1,0.6842
10.77847212665258,106.69389510879644,27,41,1.0,11,58,5,1,0.6585
10.796057790235078,106.67492629345334,21,34,1.0,11,58,5,1,0.6176
10.8352982156415,106.72935479345392,31,42,0.99621,11,58,5,1,0.7381
10.777562007197462,106.7041335430398,16,30,1.0,11,58,5,1,0.5333
10.83886351241477,106.67566625482782,26,36,1.0,11,58,5,1,0.7222
10.765187049751797,106.67550552599072,24,35,1.0,11,58,5,1,0.6857
10.75948437198232,106.6840537511244,17,26,0.998954,11,58,5,1,0.6538
10.865229381280963,106.72366973948476,33,49,1.0,11,59,5,1,0.6735
10.72279213640514,106.72808623948244,25,37,0.997578,11,59,5,1,0.6757
10.823400120373712,106.68551227436063,19,31,1.0,11,59,5,1,0.6129
10.756158554057755,106.66631758181126,18,29,1.0,11,59,5,1,0.6207
10.7144382088356,106.73711688366168,25,35,1.0,11,59,5,1,0.7143
10.817236653231737,106.63191539530456,20,34,1.0,11,59,5,1,0.5882
10.772727584493625,106.69804225297564,16,24,1.0,12,1,5,1,0.6667
10.774028664434528,106.70357076461706,29,29,1.0,12,1,5,1,1.0
10.752616652291238,106.72509685338922,39,39,1.0,12,1,5,1,1.0
10.745754766198267,106.65326266831876,35,42,1.0,12,1,5,1,0.8333
10.94927106740351,106.87196348224562,27,41,1.0,12,1,5,1,0.6585
10.78866360854368,106.695513722289,32,42,1.0,12,1,5,1,0.7619
10.801406421807084,106.7114844087968,32,42,1.0,12,1,5,1,0.7619
10.843150534972033,106.6151343241409,20,35,1.0,12,1,5,1,0.5714
10.880537767027526,106.81481342866444,44,53,1.0,12,1,5,1,0.8302
10.740840166521664,106.61899246873142,25,35,1.0,12,1,5,1,0.7143
10.798986343749618,106.7269705664684,45,45,1.0,12,2,5,1,1.0
10.741860769464234,106.73790365482628,37,44,1.0,12,2,5,1,0.8409
10.752408891679814,106.7022703818112,18,33,1.0,12,2,5,1,0.5455
10.786216596454729,106.71836665482697,40,40,1.0,12,2,5,1,1.0
10.78948793356203,106.7151883818118,36,36,1.0,12,2,5,1,1.0
10.80223925742187,106.6478722259914,25,41,1.0,12,2,5,1,0.6098
10.813928881466124,106.66511432455972,21,34,1.0,12,2,5,1,0.6176
10.755608615763382,106.67347943578082,16,27,1.0,12,2,5,1,0.5926
10.782680856341084,106.70051548181168,17,29,1.0,12,2,5,1,0.5862
10.754895139302109,106.67839188181134,19,33,1.0,12,2,5,1,0.5758
10.785070445194592,106.68331340921324,11,27,1.0,12,2,5,1,0.4074
10.7549373008113,106.67848844133415,19,33,1.0,12,2,5,1,0.5758
10.77898143649726,106.67684447140958,19,34,1.0,12,2,5,1,0.5588
10.7671128283867,106.6927618222887,16,20,1.0,12,2,5,1,0.8
10.77847212665258,106.69389510879644,27,41,1.0,12,2,5,1,0.6585
10.796057790235078,106.67492629345334,21,34,1.0,12,2,5,1,0.6176
10.8352982156415,106.72935479345392,32,43,0.99603,12,2,5,1,0.7442
10.777562007197462,106.7041335430398,17,29,1.0,12,2,5,1,0.5862
10.83886351241477,106.67566625482782,25,36,1.0,12,2,5,1,0.6944
10.765187049751797,106.67550552599072,28,35,1.0,12,2,5,1,0.8
10.75948437198232,106.6840537511244,16,27,1.0,12,2,5,1,0.5926
10.865229381280963,106.72366973948476,34,49,1.0,12,2,5,1,0.6939
10.72279213640514,106.72808623948244,27,37,0.998218,12,2,5,1,0.7297
10.823400120373712,106.68551227436063,18,31,1.0,12,2,5,1,0.5806
10.756158554057755,106.66631758181126,18,30,1.0,12,2,5,1,0.6
10.7144382088356,106.73711688366168,25,35,1.0,12,3,5,1,0.7143
10.817236653231737,106.63191539530456,20,35,1.0,12,3,5,1,0.5714
10.772727584493625,106.69804225297564,14,25,0.998765,12,5,5,1,0.56
10.774028664434528,106.70357076461706,23,28,1.0,12,5,5,1,0.8214
10.752616652291238,106.72509685338922,38,42,1.0,12,5,5,1,0.9048
10.745754766198267,106.65326266831876,35,43,1.0,12,5,5,1,0.814
10.94927106740351,106.87196348224562,30,41,1.0,12,5,5,1,0.7317
10.78866360854368,106.695513722289,31,42,1.0,12,5,5,1,0.7381
10.801406421807084,106.7114844087968,31,42,1.0,12,5,5,1,0.7381
10.843150534972033,106.6151343241409,20,35,1.0,12,5,5,1,0.5714
10.880537767027526,106.81481342866444,42,53,1.0,12,5,5,1,0.7925
10.740840166521664,106.61899246873142,25,35,1.0,12,5,5,1,0.7143
10.798986343749618,106.7269705664684,45,45,1.0,12,5,5,1,1.0
10.741860769464234,106.73790365482628,45,45,1.0,12,5,5,1,1.0
10.752408891679814,106.7022703818112,19,33,1.0,12,5,5,1,0.5758
10.786216596454729,106.71836665482697,40,40,1.0,12,5,5,1,1.0
10.78948793356203,106.7151883818118,36,36,1.0,12,5,5,1,1.0
10.80223925742187,106.6478722259914,27,41,1.0,12,5,5,1,0.6585
10.813928881466124,106.66511432455972,19,34,0.999427,12,5,5,1,0.5588
10.755608615763382,106.67347943578082,15,28,1.0,12,5,5,1,0.5357
10.782680856341084,106.70051548181168,17,31,1.0,12,5,5,1,0.5484
10.754895139302109,106.67839188181134,19,32,1.0,12,6,5,1,0.5938
10.785070445194592,106.68331340921324,14,27,1.0,12,6,5,1,0.5185
10.7549373008113,106.67848844133415,19,32,1.0,12,6,5,1,0.5938
10.77898143649726,106.67684447140958,18,34,1.0,12,6,5,1,0.5294
10.7671128283867,106.6927618222887,12,19,1.0,12,6,5,1,0.6316
10.77847212665258,106.69389510879644,28,42,1.0,12,6,5,1,0.6667
10.796057790235078,106.67492629345334,19,34,0.999427,12,6,5,1,0.5588
10.8352982156415,106.72935479345392,32,43,0.996557,12,6,5,1,0.7442
10.777562007197462,106.7041335430398,17,31,1.0,12,6,5,1,0.5484
10.83886351241477,106.67566625482782,26,36,1.0,12,6,5,1,0.7222
10.765187049751797,106.67550552599072,26,36,1.0,12,6,5,1,0.7222
10.75948437198232,106.6840537511244,15,28,1.0,12,6,5,1,0.5357
10.865229381280963,106.72366973948476,33,49,1.0,12,6,5,1,0.6735
10.72279213640514,106.72808623948244,25,37,0.996475,12,6,5,1,0.6757
10.823400120373712,106.68551227436063,19,31,1.0,12,6,5,1,0.6129
10.756158554057755,106.66631758181126,18,29,1.0,12,6,5,1,0.6207
10.7144382088356,106.73711688366168,25,35,1.0,12,6,5,1,0.7143
10.817236653231737,106.63191539530456,20,35,1.0,12,6,5,1,0.5714
10.772727584493625,106.69804225297564,14,24,1.0,12,8,5,1,0.5833
10.774028664434528,106.70357076461706,19,29,1.0,12,8,5,1,0.6552
10.752616652291238,106.72509685338922,27,39,1.0,12,8,5,1,0.6923
10.745754766198267,106.65326266831876,35,43,1.0,12,8,5,1,0.814
10.94927106740351,106.87196348224562,33,41,1.0,12,8,5,1,0.8049
10.78866360854368,106.695513722289,30,42,1.0,12,9,5,1,0.7143
10.801406421807084,106.7114844087968,30,41,1.0,12,9,5,1,0.7317
10.843150534972033,106.6151343241409,20,35,1.0,12,9,5,1,0.5714
10.880537767027526,106.81481342866444,41,53,1.0,12,9,5,1,0.7736
10.740840166521664,106.61899246873142,25,35,1.0,12,9,5,1,0.7143
10.798986343749618,106.7269705664684,45,45,1.0,12,9,5,1,1.0
10.741860769464234,106.73790365482628,36,44,1.0,12,9,5,1,0.8182
10.752408891679814,106.7022703818112,18,34,1.0,12,9,5,1,0.5294
10.786216596454729,106.71836665482697,40,40,1.0,12,9,5,1,1.0
10.78948793356203,106.7151883818118,36,36,1.0,12,9,5,1,1.0
10.80223925742187,106.6478722259914,25,40,1.0,12,9,5,1,0.625
10.813928881466124,106.66511432455972,22,34,1.0,12,9,5,1,0.6471
10.755608615763382,106.67347943578082,19,27,1.0,12,9,5,1,0.7037
10.782680856341084,106.70051548181168,18,30,1.0,12,9,5,1,0.6
10.754895139302109,106.67839188181134,19,32,1.0,12,9,5,1,0.5938
10.785070445194592,106.68331340921324,12,27,1.0,12,10,5,1,0.4444
10.7549373008113,106.67848844133415,19,32,1.0,12,10,5,1,0.5938
10.77898143649726,106.67684447140958,20,34,1.0,12,10,5,1,0.5882
10.7671128283867,106.6927618222887,15,20,1.0,12,10,5,1,0.75
10.77847212665258,106.69389510879644,27,41,1.0,12,10,5,1,0.6585
10.796057790235078,106.67492629345334,22,34,1.0,12,10,5,1,0.6471
10.8352982156415,106.72935479345392,32,42,0.996567,12,10,5,1,0.7619
10.777562007197462,106.7041335430398,18,30,1.0,12,10,5,1,0.6
10.83886351241477,106.67566625482782,26,36,1.0,12,10,5,1,0.7222
10.765187049751797,106.67550552599072,26,35,1.0,12,10,5,1,0.7429
10.75948437198232,106.6840537511244,19,28,0.998947,12,10,5,1,0.6786
10.865229381280963,106.72366973948476,33,49,1.0,12,10,5,1,0.6735
10.72279213640514,106.72808623948244,25,37,0.996737,12,10,5,1,0.6757
10.823400120373712,106.68551227436063,18,32,1.0,12,10,5,1,0.5625
10.756158554057755,106.66631758181126,21,28,1.0,12,10,5,1,0.75
10.7144382088356,106.73711688366168,24,35,1.0,12,10,5,1,0.6857
10.817236653231737,106.63191539530456,19,34,1.0,12,10,5,1,0.5588
10.772727584493625,106.69804225297564,17,24,0.998765,12,12,5,1,0.7083
10.774028664434528,106.70357076461706,29,29,1.0,12,12,5,1,1.0
10.752616652291238,106.72509685338922,39,39,1.0,12,12,5,1,1.0
10.745754766198267,106.65326266831876,42,42,1.0,12,12,5,1,1.0
10.94927106740351,106.87196348224562,33,41,1.0,12,12,5,1,0.8049
10.78866360854368,106.695513722289,31,42,1.0,12,12,5,1,0.7381
10.801406421807084,106.7114844087968,31,42,1.0,12,12,5,1,0.7381
10.843150534972033,106.6151343241409,19,35,1.0,12,13,5,1,0.5429
10.880537767027526,106.81481342866444,42,54,1.0,12,13,5,1,0.7778
10.740840166521664,106.61899246873142,26,36,1.0,12,13,5,1,0.7222
10.798986343749618,106.7269705664684,45,45,1.0,12,13,5,1,1.0
10.741860769464234,106.73790365482628,37,44,1.0,12,13,5,1,0.8409
10.752408891679814,106.7022703818112,17,35,1.0,12,13,5,1,0.4857
10.786216596454729,106.71836665482697,40,40,1.0,12,13,5,1,1.0
10.78948793356203,106.7151883818118,36,36,1.0,12,13,5,1,1.0
10.80223925742187,106.6478722259914,23,40,1.0,12,13,5,1,0.575
10.813928881466124,106.66511432455972,21,34,0.999713,12,13,5,1,0.6176
10.755608615763382,106.67347943578082,17,27,1.0,12,13,5,1,0.6296
10.782680856341084,106.70051548181168,17,30,1.0,12,13,5,1,0.5667
10.754895139302109,106.67839188181134,20,33,1.0,12,13,5,1,0.6061
10.785070445194592,106.68331340921324,12,27,1.0,12,13,5,1,0.4444
10.7549373008113,106.67848844133415,20,33,1.0,12,13,5,1,0.6061
10.77898143649726,106.67684447140958,22,34,1.0,12,13,5,1,0.6471
10.7671128283867,106.6927618222887,20,20,1.0,12,13,5,1,1.0
10.77847212665258,106.69389510879644,27,41,1.0,12,13,5,1,0.6585
10.796057790235078,106.67492629345334,21,34,0.999713,12,13,5,1,0.6176
10.8352982156415,106.72935479345392,33,42,0.997097,12,13,5,1,0.7857
10.777562007197462,106.7041335430398,17,30,1.0,12,14,5,1,0.5667
10.83886351241477,106.67566625482782,25,36,1.0,12,14,5,1,0.6944
10.765187049751797,106.67550552599072,27,36,1.0,12,14,5,1,0.75
10.75948437198232,106.6840537511244,17,27,1.0,12,14,5,1,0.6296
10.865229381280963,106.72366973948476,33,49,1.0,12,14,5,1,0.6735
10.72279213640514,106.72808623948244,26,37,0.996775,12,14,5,1,0.7027
10.823400120373712,106.68551227436063,19,31,1.0,12,14,5,1,0.6129
10.756158554057755,106.66631758181126,20,30,1.0,12,14,5,1,0.6667
10.7144382088356,106.73711688366168,24,35,1.0,12,14,5,1,0.6857
10.817236653231737,106.63191539530456,19,35,1.0,12,14,5,1,0.5429
10.772727584493625,106.69804225297564,14,24,0.998765,12,16,5,1,0.5833
10.774028664434528,106.70357076461706,23,28,1.0,12,16,5,1,0.8214
10.752616652291238,106.72509685338922,37,42,1.0,12,16,5,1,0.881
10.745754766198267,106.65326266831876,42,42,1.0,12,16,5,1,1.0
10.94927106740351,106.87196348224562,30,41,1.0,12,16,5,1,0.7317
10.78866360854368,106.695513722289,31,41,1.0,12,16,5,1,0.7561
10.801406421807084,106.7114844087968,31,41,1.0,12,16,5,1,0.7561
10.843150534972033,106.6151343241409,20,35,1.0,12,16,5,1,0.5714
10.880537767027526,106.81481342866444,40,53,1.0,12,16,5,1,0.7547
10.740840166521664,106.61899246873142,24,35,1.0,12,16,5,1,0.6857
10.798986343749618,106.7269705664684,45,45,1.0,12,16,5,1,1.0
10.741860769464234,106.73790365482628,37,44,1.0,12,16,5,1,0.8409
10.752408891679814,106.7022703818112,18,34,1.0,12,17,5,1,0.5294
10.786216596454729,106.71836665482697,40,40,1.0,12,17,5,1,1.0
10.78948793356203,106.7151883818118,36,36,1.0,12,17,5,1,1.0
10.80223925742187,106.6478722259914,25,40,1.0,12,17,5,1,0.625
10.813928881466124,106.66511432455972,20,34,1.0,12,17,5,1,0.5882
10.755608615763382,106.67347943578082,17,28,1.0,12,17,5,1,0.6071
10.782680856341084,106.70051548181168,16,29,1.0,12,17,5,1,0.5517
10.754895139302109,106.67839188181134,19,33,1.0,12,17,5,1,0.5758
10.785070445194592,106.68331340921324,14,27,1.0,12,17,5,1,0.5185
10.7549373008113,106.67848844133415,19,33,1.0,12,17,5,1,0.5758
10.77898143649726,106.67684447140958,20,35,1.0,12,17,5,1,0.5714
10.7671128283867,106.6927618222887,12,19,1.0,12,17,5,1,0.6316
10.77847212665258,106.69389510879644,26,41,1.0,12,17,5,1,0.6341
10.796057790235078,106.67492629345334,20,34,1.0,12,17,5,1,0.5882
10.8352982156415,106.72935479345392,33,42,0.995839,12,17,5,1,0.7857
10.777562007197462,106.7041335430398,16,29,1.0,12,17,5,1,0.5517
10.83886351241477,106.67566625482782,25,35,1.0,12,17,5,1,0.7143
10.765187049751797,106.67550552599072,24,36,1.0,12,17,5,1,0.6667
10.75948437198232,106.6840537511244,18,28,1.0,12,17,5,1,0.6429
10.865229381280963,106.72366973948476,34,49,1.0,12,18,5,1,0.6939
10.72279213640514,106.72808623948244,25,37,0.996807,12,18,5,1,0.6757
10.823400120373712,106.68551227436063,23,31,1.0,12,18,5,1,0.7419
10.756158554057755,106.66631758181126,17,29,1.0,12,18,5,1,0.5862
10.7144382088356,106.73711688366168,24,35,1.0,12,18,5,1,0.6857
10.817236653231737,106.63191539530456,19,35,1.0,12,18,5,1,0.5429
10.772727584493625,106.69804225297564,16,24,0.998765,12,20,5,1,0.6667
10.774028664434528,106.70357076461706,29,29,1.0,12,20,5,1,1.0
10.752616652291238,106.72509685338922,39,39,1.0,12,20,5,1,1.0
10.745754766198267,106.65326266831876,42,42,1.0,12,20,5,1,1.0
10.94927106740351,106.87196348224562,29,41,1.0,12,20,5,1,0.7073
10.78866360854368,106.695513722289,28,41,1.0,12,20,5,1,0.6829
10.801406421807084,106.7114844087968,28,41,1.0,12,20,5,1,0.6829
10.843150534972033,106.6151343241409,20,35,1.0,12,20,5,1,0.5714
10.880537767027526,106.81481342866444,44,53,1.0,12,20,5,1,0.8302
10.740840166521664,106.61899246873142,26,35,1.0,12,20,5,1,0.7429
10.798986343749618,106.7269705664684,45,45,1.0,12,20,5,1,1.0
10.741860769464234,106.73790365482628,33,44,1.0,12,21,5,1,0.75
10.752408891679814,106.7022703818112,19,34,1.0,12,21,5,1,0.5588
10.786216596454729,106.71836665482697,40,40,1.0,12,21,5,1,1.0
10.78948793356203,106.7151883818118,36,36,1.0,12,21,5,1,1.0
10.80223925742187,106.6478722259914,24,40,1.0,12,21,5,1,0.6
10.813928881466124,106.66511432455972,21,33,1.0,12,21,5,1,0.6364
10.755608615763382,106.67347943578082,18,27,0.998943,12,21,5,1,0.6667
10.782680856341084,106.70051548181168,17,30,1.0,12,21,5,1,0.5667
10.754895139302109,106.67839188181134,18,32,1.0,12,21,5,1,0.5625
10.785070445194592,106.68331340921324,12,28,1.0,12,21,5,1,0.4286
10.7549373008113,106.67848844133415,18,32,1.0,12,21,5,1,0.5625
10.77898143649726,106.67684447140958,21,35,1.0,12,21,5,1,0.6
10.7671128283867,106.6927618222887,9,21,1.0,12,21,5,1,0.4286
10.77847212665258,106.69389510879644,27,41,1.0,12,21,5,1,0.6585
10.796057790235078,106.67492629345334,20,33,1.0,12,21,5,1,0.6061
10.8352982156415,106.72935479345392,32,42,0.996768,12,21,5,1,0.7619
10.777562007197462,106.7041335430398,18,30,1.0,12,21,5,1,0.6
10.83886351241477,106.67566625482782,26,36,1.0,12,22,5,1,0.7222
10.765187049751797,106.67550552599072,21,35,1.0,12,22,5,1,0.6
10.75948437198232,106.6840537511244,18,27,0.998951,12,22,5,1,0.6667
10.865229381280963,106.72366973948476,33,49,1.0,12,22,5,1,0.6735
10.72279213640514,106.72808623948244,25,36,0.995795,12,22,5,1,0.6944
10.823400120373712,106.68551227436063,23,31,1.0,12,22,5,1,0.7419
10.756158554057755,106.66631758181126,20,29,1.0,12,22,5,1,0.6897
10.7144382088356,106.73711688366168,25,35,1.0,12,22,5,1,0.7143
10.817236653231737,106.63191539530456,20,35,1.0,12,22,5,1,0.5714
10.772727584493625,106.69804225297564,16,24,0.999366,12,24,5,1,0.6667
10.774028664434528,106.70357076461706,12,28,1.0,12,24,5,1,0.4286
10.752616652291238,106.72509685338922,39,39,1.0,12,24,5,1,1.0
10.745754766198267,106.65326266831876,36,42,1.0,12,24,5,1,0.8571
10.94927106740351,106.87196348224562,31,41,1.0,12,24,5,1,0.7561
10.78866360854368,106.695513722289,30,42,1.0,12,24,5,1,0.7143
10.801406421807084,106.7114844087968,30,42,1.0,12,24,5,1,0.7143
10.843150534972033,106.6151343241409,19,35,1.0,12,24,5,1,0.5429
10.880537767027526,106.81481342866444,43,53,1.0,12,24,5,1,0.8113
10.740840166521664,106.61899246873142,26,35,1.0,12,24,5,1,0.7429
10.798986343749618,106.7269705664684,45,45,1.0,12,24,5,1,1.0
10.741860769464234,106.73790365482628,34,44,1.0,12,24,5,1,0.7727
10.752408891679814,106.7022703818112,19,34,1.0,12,24,5,1,0.5588
10.786216596454729,106.71836665482697,40,40,1.0,12,24,5,1,1.0
10.78948793356203,106.7151883818118,36,36,1.0,12,24,5,1,1.0
10.80223925742187,106.6478722259914,25,40,1.0,12,24,5,1,0.625
10.813928881466124,106.66511432455972,20,34,1.0,12,24,5,1,0.5882
10.755608615763382,106.67347943578082,19,27,1.0,12,24,5,1,0.7037
10.782680856341084,106.70051548181168,17,30,1.0,12,25,5,1,0.5667
10.754895139302109,106.67839188181134,17,33,1.0,12,25,5,1,0.5152
10.785070445194592,106.68331340921324,12,27,1.0,12,25,5,1,0.4444
10.7549373008113,106.67848844133415,19,34,1.0,12,25,5,1,0.5588
10.77898143649726,106.67684447140958,20,34,1.0,12,25,5,1,0.5882
10.7671128283867,106.6927618222887,13,20,1.0,12,25,5,1,0.65
10.77847212665258,106.69389510879644,28,41,1.0,12,25,5,1,0.6829
10.796057790235078,106.67492629345334,20,34,1.0,12,25,5,1,0.5882
10.8352982156415,106.72935479345392,34,42,0.99794,12,25,5,1,0.8095
10.777562007197462,106.7041335430398,16,30,1.0,12,25,5,1,0.5333
10.83886351241477,106.67566625482782,25,36,1.0,12,25,5,1,0.6944
10.765187049751797,106.67550552599072,22,36,1.0,12,25,5,1,0.6111
10.75948437198232,106.6840537511244,18,28,1.0,12,25,5,1,0.6429
10.865229381280963,106.72366973948476,33,49,1.0,12,25,5,1,0.6735
10.72279213640514,106.72808623948244,26,37,0.995555,12,25,5,1,0.7027
10.823400120373712,106.68551227436063,22,32,1.0,12,25,5,1,0.6875
10.756158554057755,106.66631758181126,20,30,1.0,12,25,5,1,0.6667
10.7144382088356,106.73711688366168,25,36,1.0,12,25,5,1,0.6944
10.817236653231737,106.63191539530456,19,35,1.0,12,25,5,1,0.5429
10.772727584493625,106.69804225297564,15,24,1.0,12,28,5,1,0.625
10.774028664434528,106.70357076461706,20,29,1.0,12,28,5,1,0.6897
10.752616652291238,106.72509685338922,30,40,1.0,12,28,5,1,0.75
10.745754766198267,106.65326266831876,34,43,1.0,12,28,5,1,0.7907
10.94927106740351,106.87196348224562,32,41,1.0,12,28,5,1,0.7805
10.78866360854368,106.695513722289,30,42,1.0,12,28,5,1,0.7143
10.801406421807084,106.7114844087968,30,42,1.0,12,28,5,1,0.7143
10.843150534972033,106.6151343241409,20,35,1.0,12,28,5,1,0.5714
10.880537767027526,106.81481342866444,42,52,1.0,12,28,5,1,0.8077
10.740840166521664,106.61899246873142,24,35,1.0,12,28,5,1,0.6857
10.798986343749618,106.7269705664684,45,45,1.0,12,28,5,1,1.0
10.741860769464234,106.73790365482628,36,44,1.0,12,28,5,1,0.8182
10.752408891679814,106.7022703818112,20,34,1.0,12,28,5,1,0.5882
10.786216596454729,106.71836665482697,40,40,1.0,12,28,5,1,1.0
10.78948793356203,106.7151883818118,36,36,1.0,12,28,5,1,1.0
10.80223925742187,106.6478722259914,24,41,1.0,12,28,5,1,0.5854
10.813928881466124,106.66511432455972,20,33,1.0,12,28,5,1,0.6061
10.755608615763382,106.67347943578082,18,28,0.997949,12,28,5,1,0.6429
10.782680856341084,106.70051548181168,16,30,1.0,12,28,5,1,0.5333
10.754895139302109,106.67839188181134,17,31,1.0,12,28,5,1,0.5484
10.785070445194592,106.68331340921324,13,27,1.0,12,29,5,1,0.4815
10.7549373008113,106.67848844133415,17,31,1.0,12,29,5,1,0.5484
10.77898143649726,106.67684447140958,21,34,1.0,12,29,5,1,0.6176
10.7671128283867,106.6927618222887,15,19,1.0,12,29,5,1,0.7895
10.77847212665258,106.69389510879644,28,41,1.0,12,29,5,1,0.6829
10.796057790235078,106.67492629345334,20,33,1.0,12,29,5,1,0.6061
10.8352982156415,106.72935479345392,33,42,0.997723,12,29,5,1,0.7857
10.777562007197462,106.7041335430398,15,30,1.0,12,29,5,1,0.5
10.83886351241477,106.67566625482782,26,36,1.0,12,29,5,1,0.7222
10.765187049751797,106.67550552599072,23,36,1.0,12,29,5,1,0.6389
10.75948437198232,106.6840537511244,19,28,0.997975,12,30,5,1,0.6786
10.865229381280963,106.72366973948476,34,49,1.0,12,30,5,1,0.6939
10.72279213640514,106.72808623948244,25,36,0.996503,12,30,5,1,0.6944
10.823400120373712,106.68551227436063,22,31,1.0,12,30,5,1,0.7097
10.756158554057755,106.66631758181126,22,29,1.0,12,30,5,1,0.7586
10.7144382088356,106.73711688366168,26,35,1.0,12,30,5,1,0.7429
10.817236653231737,106.63191539530456,20,35,1.0,12,30,5,1,0.5714
10.772727584493625,106.69804225297564,16,24,1.0,12,32,5,1,0.6667
10.774028664434528,106.70357076461706,22,29,1.0,12,32,5,1,0.7586
10.752616652291238,106.72509685338922,39,39,1.0,12,32,5,1,1.0
10.745754766198267,106.65326266831876,34,43,1.0,12,32,5,1,0.7907
10.94927106740351,106.87196348224562,42,42,1.0,12,32,5,1,1.0
10.78866360854368,106.695513722289,30,42,1.0,12,32,5,1,0.7143
10.801406421807084,106.7114844087968,30,42,1.0,12,32,5,1,0.7143
10.843150534972033,106.6151343241409,21,35,1.0,12,32,5,1,0.6
10.880537767027526,106.81481342866444,42,53,1.0,12,32,5,1,0.7925
10.740840166521664,106.61899246873142,25,35,1.0,12,32,5,1,0.7143
10.798986343749618,106.7269705664684,45,45,1.0,12,32,5,1,1.0
10.741860769464234,106.73790365482628,34,44,1.0,12,32,5,1,0.7727
10.752408891679814,106.7022703818112,19,34,1.0,12,32,5,1,0.5588
10.786216596454729,106.71836665482697,40,40,1.0,12,32,5,1,1.0
10.78948793356203,106.7151883818118,28,36,1.0,12,32,5,1,0.7778
10.80223925742187,106.6478722259914,27,41,1.0,12,32,5,1,0.6585
10.813928881466124,106.66511432455972,20,34,0.998691,12,32,5,1,0.5882
10.755608615763382,106.67347943578082,20,28,1.0,12,33,5,1,0.7143
10.782680856341084,106.70051548181168,17,30,1.0,12,33,5,1,0.5667
10.754895139302109,106.67839188181134,19,33,1.0,12,33,5,1,0.5758
10.785070445194592,106.68331340921324,12,26,1.0,12,33,5,1,0.4615
10.7549373008113,106.67848844133415,19,33,1.0,12,33,5,1,0.5758
10.77898143649726,106.67684447140958,22,34,1.0,12,33,5,1,0.6471
10.7671128283867,106.6927618222887,14,20,1.0,12,33,5,1,0.7
10.77847212665258,106.69389510879644,28,41,1.0,12,33,5,1,0.6829
10.796057790235078,106.67492629345334,20,34,0.998691,12,33,5,1,0.5882
10.8352982156415,106.72935479345392,33,42,0.997842,12,33,5,1,0.7857
10.777562007197462,106.7041335430398,17,30,1.0,12,33,5,1,0.5667
10.83886351241477,106.67566625482782,26,35,1.0,12,33,5,1,0.7429
10.765187049751797,106.67550552599072,20,35,1.0,12,33,5,1,0.5714
10.75948437198232,106.6840537511244,20,28,1.0,12,33,5,1,0.7143
10.865229381280963,106.72366973948476,34,49,1.0,12,33,5,1,0.6939
10.72279213640514,106.72808623948244,26,37,0.996405,12,33,5,1,0.7027
10.823400120373712,106.68551227436063,24,31,1.0,12,33,5,1,0.7742
10.756158554057755,106.66631758181126,20,29,1.0,12,33,5,1,0.6897
10.7144382088356,106.73711688366168,26,35,1.0,12,33,5,1,0.7429
10.817236653231737,106.63191539530456,20,35,1.0,12,33,5,1,0.5714
10.772727584493625,106.69804225297564,14,24,0.998765,12,35,5,1,0.5833
10.774028664434528,106.70357076461706,23,29,1.0,12,36,5,1,0.7931
10.752616652291238,106.72509685338922,39,39,1.0,12,36,5,1,1.0
10.745754766198267,106.65326266831876,42,42,1.0,12,36,5,1,1.0
10.94927106740351,106.87196348224562,33,41,1.0,12,36,5,1,0.8049
10.78866360854368,106.695513722289,32,42,1.0,12,36,5,1,0.7619
10.801406421807084,106.7114844087968,32,42,1.0,12,36,5,1,0.7619
10.843150534972033,106.6151343241409,20,34,1.0,12,36,5,1,0.5882
10.880537767027526,106.81481342866444,42,53,1.0,12,36,5,1,0.7925
10.740840166521664,106.61899246873142,26,35,1.0,12,36,5,1,0.7429
10.798986343749618,106.7269705664684,45,45,1.0,12,36,5,1,1.0
10.741860769464234,106.73790365482628,33,44,1.0,12,36,5,1,0.75
10.752408891679814,106.7022703818112,19,33,1.0,12,36,5,1,0.5758
10.786216596454729,106.71836665482697,40,40,1.0,12,36,5,1,1.0
10.78948793356203,106.7151883818118,36,36,1.0,12,36,5,1,1.0
10.80223925742187,106.6478722259914,25,41,1.0,12,36,5,1,0.6098
10.813928881466124,106.66511432455972,20,34,1.0,12,36,5,1,0.5882
10.755608615763382,106.67347943578082,17,28,1.0,12,36,5,1,0.6071
10.782680856341084,106.70051548181168,18,30,1.0,12,36,5,1,0.6
10.754895139302109,106.67839188181134,18,32,1.0,12,36,5,1,0.5625
10.785070445194592,106.68331340921324,13,27,1.0,12,36,5,1,0.4815
10.7549373008113,106.67848844133415,18,32,1.0,12,36,5,1,0.5625
10.77898143649726,106.67684447140958,21,35,1.0,12,36,5,1,0.6
10.7671128283867,106.6927618222887,13,19,1.0,12,36,5,1,0.6842
10.77847212665258,106.69389510879644,29,42,1.0,12,36,5,1,0.6905
10.796057790235078,106.67492629345334,20,34,1.0,12,36,5,1,0.5882
10.8352982156415,106.72935479345392,34,42,0.998319,12,36,5,1,0.8095
10.777562007197462,106.7041335430398,18,30,1.0,12,36,5,1,0.6
10.83886351241477,106.67566625482782,27,36,1.0,12,36,5,1,0.75
10.765187049751797,106.67550552599072,21,36,1.0,12,36,5,1,0.5833
10.75948437198232,106.6840537511244,17,28,1.0,12,36,5,1,0.6071
10.865229381280963,106.72366973948476,36,49,1.0,12,36,5,1,0.7347
10.72279213640514,106.72808623948244,25,37,0.996378,12,36,5,1,0.6757
10.823400120373712,106.68551227436063,20,31,1.0,12,36,5,1,0.6452
10.756158554057755,106.66631758181126,18,28,1.0,12,36,5,1,0.6429
10.7144382088356,106.73711688366168,26,35,1.0,12,36,5,1,0.7429
10.817236653231737,106.63191539530456,20,34,1.0,12,36,5,1,0.5882
10.772727584493625,106.69804225297564,15,23,0.998765,12,39,5,1,0.6522
10.774028664434528,106.70357076461706,29,29,1.0,12,39,5,1,1.0
10.752616652291238,106.72509685338922,39,39,1.0,12,39,5,1,1.0
10.745754766198267,106.65326266831876,35,43,1.0,12,39,5,1,0.814
10.94927106740351,106.87196348224562,34,42,1.0,12,39,5,1,0.8095
10.78866360854368,106.695513722289,31,42,1.0,12,39,5,1,0.7381
10.801406421807084,106.7114844087968,31,42,1.0,12,39,5,1,0.7381
10.843150534972033,106.6151343241409,22,35,1.0,12,39,5,1,0.6286
10.880537767027526,106.81481342866444,43,53,1.0,12,39,5,1,0.8113
10.740840166521664,106.61899246873142,26,36,1.0,12,39,5,1,0.7222
10.798986343749618,106.7269705664684,45,45,1.0,12,39,5,1,1.0
10.741860769464234,106.73790365482628,34,44,1.0,12,39,5,1,0.7727
10.752408891679814,106.7022703818112,20,33,1.0,12,39,5,1,0.6061
10.786216596454729,106.71836665482697,40,40,1.0,12,39,5,1,1.0
10.78948793356203,106.7151883818118,36,36,1.0,12,39,5,1,1.0
10.80223925742187,106.6478722259914,25,41,1.0,12,39,5,1,0.6098
10.813928881466124,106.66511432455972,21,34,0.998691,12,39,5,1,0.6176
10.755608615763382,106.67347943578082,17,28,0.998943,12,39,5,1,0.6071
10.782680856341084,106.70051548181168,18,30,1.0,12,39,5,1,0.6
10.754895139302109,106.67839188181134,18,32,1.0,12,39,5,1,0.5625
10.785070445194592,106.68331340921324,13,28,1.0,12,39,5,1,0.4643
10.7549373008113,106.67848844133415,18,32,1.0,12,39,5,1,0.5625
10.77898143649726,106.67684447140958,20,34,1.0,12,39,5,1,0.5882
10.7671128283867,106.6927618222887,13,19,1.0,12,39,5,1,0.6842
10.77847212665258,106.69389510879644,29,42,1.0,12,39,5,1,0.6905
10.796057790235078,106.67492629345334,21,34,0.998691,12,39,5,1,0.6176
10.8352982156415,106.72935479345392,33,42,0.998319,12,39,5,1,0.7857
10.777562007197462,106.7041335430398,18,30,1.0,12,39,5,1,0.6
10.83886351241477,106.67566625482782,28,36,1.0,12,39,5,1,0.7778
10.765187049751797,106.67550552599072,20,36,1.0,12,39,5,1,0.5556
10.75948437198232,106.6840537511244,17,28,0.998943,12,39,5,1,0.6071
10.865229381280963,106.72366973948476,35,49,1.0,12,39,5,1,0.7143
10.72279213640514,106.72808623948244,26,36,0.996296,12,39,5,1,0.7222
10.823400120373712,106.68551227436063,23,32,1.0,12,40,5,1,0.7188
10.756158554057755,106.66631758181126,22,29,1.0,12,40,5,1,0.7586
10.7144382088356,106.73711688366168,25,36,1.0,12,40,5,1,0.6944
10.817236653231737,106.63191539530456,22,35,1.0,12,40,5,1,0.6286
10.772727584493625,106.69804225297564,12,23,1.0,12,42,5,1,0.5217
10.774028664434528,106.70357076461706,29,29,1.0,12,42,5,1,1.0
10.752616652291238,106.72509685338922,39,39,1.0,12,42,5,1,1.0
10.745754766198267,106.65326266831876,33,42,1.0,12,42,5,1,0.7857
10.94927106740351,106.87196348224562,30,42,1.0,12,42,5,1,0.7143
10.78866360854368,106.695513722289,31,41,1.0,12,42,5,1,0.7561
10.801406421807084,106.7114844087968,31,42,1.0,12,42,5,1,0.7381
10.843150534972033,106.6151343241409,22,34,1.0,12,42,5,1,0.6471
10.880537767027526,106.81481342866444,45,53,1.0,12,42,5,1,0.8491
10.740840166521664,106.61899246873142,26,35,1.0,12,42,5,1,0.7429
10.798986343749618,106.7269705664684,45,45,1.0,12,42,5,1,1.0
10.741860769464234,106.73790365482628,34,44,1.0,12,42,5,1,0.7727
10.752408891679814,106.7022703818112,19,33,1.0,12,42,5,1,0.5758
10.786216596454729,106.71836665482697,40,40,1.0,12,42,5,1,1.0
10.78948793356203,106.7151883818118,36,36,1.0,12,42,5,1,1.0
10.80223925742187,106.6478722259914,26,41,1.0,12,42,5,1,0.6341
10.813928881466124,106.66511432455972,21,34,0.998956,12,42,5,1,0.6176
10.755608615763382,106.67347943578082,15,27,0.996173,12,42,5,1,0.5556
10.782680856341084,106.70051548181168,18,30,1.0,12,42,5,1,0.6
10.754895139302109,106.67839188181134,20,32,1.0,12,43,5,1,0.625
10.785070445194592,106.68331340921324,13,27,1.0,12,43,5,1,0.4815
10.7549373008113,106.67848844133415,20,32,1.0,12,43,5,1,0.625
10.77898143649726,106.67684447140958,21,34,1.0,12,43,5,1,0.6176
10.7671128283867,106.6927618222887,16,20,1.0,12,43,5,1,0.8
10.77847212665258,106.69389510879644,30,41,1.0,12,43,5,1,0.7317
10.796057790235078,106.67492629345334,21,34,0.998956,12,43,5,1,0.6176
10.8352982156415,106.72935479345392,33,42,0.998321,12,43,5,1,0.7857
10.777562007197462,106.7041335430398,18,30,1.0,12,43,5,1,0.6
10.83886351241477,106.67566625482782,27,35,1.0,12,43,5,1,0.7714
10.765187049751797,106.67550552599072,18,36,1.0,12,43,5,1,0.5
10.75948437198232,106.6840537511244,15,27,0.996173,12,43,5,1,0.5556
10.865229381280963,106.72366973948476,36,49,1.0,12,43,5,1,0.7347
10.72279213640514,106.72808623948244,28,37,0.998245,12,43,5,1,0.7568
10.823400120373712,106.68551227436063,22,30,1.0,12,43,5,1,0.7333
10.756158554057755,106.66631758181126,19,30,1.0,12,43,5,1,0.6333
10.7144382088356,106.73711688366168,26,35,1.0,12,43,5,1,0.7429
10.817236653231737,106.63191539530456,21,35,1.0,12,43,5,1,0.6
10.772727584493625,106.69804225297564,15,24,1.0,12,45,5,1,0.625
10.774028664434528,106.70357076461706,23,28,1.0,12,45,5,1,0.8214
10.752616652291238,106.72509685338922,39,39,1.0,12,45,5,1,1.0
10.745754766198267,106.65326266831876,35,43,1.0,12,45,5,1,0.814
10.94927106740351,106.87196348224562,32,41,1.0,12,45,5,1,0.7805
10.78866360854368,106.695513722289,31,41,1.0,12,45,5,1,0.7561
10.801406421807084,106.7114844087968,31,41,1.0,12,45,5,1,0.7561
10.843150534972033,106.6151343241409,21,34,1.0,12,45,5,1,0.6176
10.880537767027526,106.81481342866444,44,53,1.0,12,45,5,1,0.8302
10.740840166521664,106.61899246873142,26,35,1.0,12,45,5,1,0.7429
10.798986343749618,106.7269705664684,45,45,1.0,12,45,5,1,1.0
10.741860769464234,106.73790365482628,36,44,1.0,12,45,5,1,0.8182
10.752408891679814,106.7022703818112,19,34,1.0,12,45,5,1,0.5588
10.786216596454729,106.71836665482697,40,40,1.0,12,45,5,1,1.0
10.78948793356203,106.7151883818118,36,36,1.0,12,45,5,1,1.0
10.80223925742187,106.6478722259914,26,41,1.0,12,45,5,1,0.6341
10.813928881466124,106.66511432455972,21,34,1.0,12,45,5,1,0.6176
10.755608615763382,106.67347943578082,16,27,1.0,12,45,5,1,0.5926
10.782680856341084,106.70051548181168,18,31,1.0,12,45,5,1,0.5806
10.754895139302109,106.67839188181134,20,32,1.0,12,46,5,1,0.625
10.785070445194592,106.68331340921324,12,27,1.0,12,46,5,1,0.4444
10.7549373008113,106.67848844133415,20,32,1.0,12,46,5,1,0.625
10.77898143649726,106.67684447140958,21,34,1.0,12,46,5,1,0.6176
10.7671128283867,106.6927618222887,10,19,1.0,12,46,5,1,0.5263
10.77847212665258,106.69389510879644,28,41,1.0,12,46,5,1,0.6829
10.796057790235078,106.67492629345334,21,34,1.0,12,46,5,1,0.6176
10.8352982156415,106.72935479345392,34,42,0.997541,12,46,5,1,0.8095
10.777562007197462,106.7041335430398,18,31,1.0,12,46,5,1,0.5806
10.83886351241477,106.67566625482782,27,36,1.0,12,46,5,1,0.75
10.765187049751797,106.67550552599072,24,35,1.0,12,46,5,1,0.6857
10.75948437198232,106.6840537511244,17,28,1.0,12,46,5,1,0.6071
10.865229381280963,106.72366973948476,36,49,1.0,12,46,5,1,0.7347
10.72279213640514,106.72808623948244,26,36,0.998015,12,46,5,1,0.7222
10.823400120373712,106.68551227436063,25,31,1.0,12,46,5,1,0.8065
10.756158554057755,106.66631758181126,22,29,1.0,12,46,5,1,0.7586
10.7144382088356,106.73711688366168,25,36,1.0,12,46,5,1,0.6944
10.817236653231737,106.63191539530456,21,34,1.0,12,46,5,1,0.6176
10.772727584493625,106.69804225297564,14,25,1.0,12,49,5,1,0.56
10.774028664434528,106.70357076461706,23,29,1.0,12,49,5,1,0.7931
10.752616652291238,106.72509685338922,39,39,1.0,12,49,5,1,1.0
10.745754766198267,106.65326266831876,35,42,1.0,12,49,5,1,0.8333
10.94927106740351,106.87196348224562,26,41,1.0,12,49,5,1,0.6341
10.78866360854368,106.695513722289,31,42,1.0,12,49,5,1,0.7381
10.801406421807084,106.7114844087968,31,42,1.0,12,49,5,1,0.7381
10.843150534972033,106.6151343241409,21,35,1.0,12,49,5,1,0.6
10.880537767027526,106.81481342866444,42,53,1.0,12,49,5,1,0.7925
10.740840166521664,106.61899246873142,26,35,1.0,12,49,5,1,0.7429
10.798986343749618,106.7269705664684,45,45,1.0,12,49,5,1,1.0
10.741860769464234,106.73790365482628,38,44,1.0,12,49,5,1,0.8636
10.752408891679814,106.7022703818112,20,33,1.0,12,49,5,1,0.6061
10.786216596454729,106.71836665482697,40,40,1.0,12,49,5,1,1.0
10.78948793356203,106.7151883818118,36,36,1.0,12,49,5,1,1.0
10.80223925742187,106.6478722259914,29,41,1.0,12,49,5,1,0.7073
10.813928881466124,106.66511432455972,21,34,1.0,12,50,5,1,0.6176
10.755608615763382,106.67347943578082,17,28,1.0,12,50,5,1,0.6071
10.782680856341084,106.70051548181168,19,30,1.0,12,50,5,1,0.6333
10.754895139302109,106.67839188181134,20,32,1.0,12,50,5,1,0.625
10.785070445194592,106.68331340921324,12,27,1.0,12,50,5,1,0.4444
10.7549373008113,106.67848844133415,20,32,1.0,12,50,5,1,0.625
10.77898143649726,106.67684447140958,20,34,1.0,12,50,5,1,0.5882
10.7671128283867,106.6927618222887,14,19,1.0,12,50,5,1,0.7368
10.77847212665258,106.69389510879644,29,42,1.0,12,50,5,1,0.6905
10.796057790235078,106.67492629345334,21,34,1.0,12,50,5,1,0.6176
10.8352982156415,106.72935479345392,34,42,0.997334,12,50,5,1,0.8095
10.777562007197462,106.7041335430398,19,30,1.0,12,50,5,1,0.6333
10.83886351241477,106.67566625482782,27,36,1.0,12,50,5,1,0.75
10.765187049751797,106.67550552599072,27,36,1.0,12,50,5,1,0.75
10.75948437198232,106.6840537511244,17,28,1.0,12,50,5,1,0.6071
10.865229381280963,106.72366973948476,35,49,1.0,12,50,5,1,0.7143
10.72279213640514,106.72808623948244,27,36,0.996621,12,50,5,1,0.75
10.823400120373712,106.68551227436063,24,32,1.0,12,50,5,1,0.75
10.756158554057755,106.66631758181126,23,29,1.0,12,50,5,1,0.7931
10.7144382088356,106.73711688366168,25,35,1.0,12,50,5,1,0.7143
10.817236653231737,106.63191539530456,21,35,1.0,12,50,5,1,0.6
10.772727584493625,106.69804225297564,13,24,1.0,12,52,5,1,0.5417
10.774028664434528,106.70357076461706,21,29,1.0,12,53,5,1,0.7241
10.752616652291238,106.72509685338922,39,39,1.0,12,53,5,1,1.0
10.745754766198267,106.65326266831876,36,43,1.0,12,53,5,1,0.8372
10.94927106740351,106.87196348224562,28,41,1.0,12,53,5,1,0.6829
10.78866360854368,106.695513722289,32,42,1.0,12,53,5,1,0.7619
10.801406421807084,106.7114844087968,32,42,1.0,12,53,5,1,0.7619
10.843150534972033,106.6151343241409,21,35,1.0,12,53,5,1,0.6
10.880537767027526,106.81481342866444,44,53,1.0,12,53,5,1,0.8302
10.740840166521664,106.61899246873142,26,35,1.0,12,53,5,1,0.7429
10.798986343749618,106.7269705664684,45,45,1.0,12,53,5,1,1.0
10.741860769464234,106.73790365482628,37,44,1.0,12,53,5,1,0.8409
10.752408891679814,106.7022703818112,20,34,1.0,12,53,5,1,0.5882
10.786216596454729,106.71836665482697,40,40,1.0,12,53,5,1,1.0
10.78948793356203,106.7151883818118,36,36,1.0,12,53,5,1,1.0
10.80223925742187,106.6478722259914,25,40,1.0,12,53,5,1,0.625
10.813928881466124,106.66511432455972,22,34,1.0,12,53,5,1,0.6471
10.755608615763382,106.67347943578082,19,28,1.0,12,53,5,1,0.6786
10.782680856341084,106.70051548181168,19,30,1.0,12,53,5,1,0.6333
10.754895139302109,106.67839188181134,19,33,1.0,12,53,5,1,0.5758
10.785070445194592,106.68331340921324,13,27,1.0,12,53,5,1,0.4815
10.7549373008113,106.67848844133415,19,33,1.0,12,53,5,1,0.5758
10.77898143649726,106.67684447140958,20,34,1.0,12,53,5,1,0.5882
10.7671128283867,106.6927618222887,11,19,1.0,12,53,5,1,0.5789
10.77847212665258,106.69389510879644,29,42,1.0,12,53,5,1,0.6905
10.796057790235078,106.67492629345334,21,34,0.999528,12,53,5,1,0.6176
10.8352982156415,106.72935479345392,34,42,0.996393,12,53,5,1,0.8095
10.777562007197462,106.7041335430398,18,30,1.0,12,53,5,1,0.6
10.83886351241477,106.67566625482782,27,37,1.0,12,54,5,1,0.7297
10.765187049751797,106.67550552599072,27,36,1.0,12,54,5,1,0.75
10.75948437198232,106.6840537511244,17,28,1.0,12,54,5,1,0.6071
10.865229381280963,106.72366973948476,37,49,1.0,12,54,5,1,0.7551
10.72279213640514,106.72808623948244,26,37,1.0,12,54,5,1,0.7027
10.823400120373712,106.68551227436063,24,32,1.0,12,54,5,1,0.75
10.756158554057755,106.66631758181126,19,29,1.0,12,54,5,1,0.6552
10.7144382088356,106.73711688366168,25,35,1.0,12,54,5,1,0.7143
10.817236653231737,106.63191539530456,21,35,1.0,12,54,5,1,0.6
10.772727584493625,106.69804225297564,13,24,1.0,12,56,5,1,0.5417
10.774028664434528,106.70357076461706,29,29,1.0,12,56,5,1,1.0
10.752616652291238,106.72509685338922,39,39,1.0,12,56,5,1,1.0
10.745754766198267,106.65326266831876,42,42,1.0,12,56,5,1,1.0
10.94927106740351,106.87196348224562,32,42,1.0,12,56,5,1,0.7619
10.78866360854368,106.695513722289,31,42,1.0,12,56,5,1,0.7381
10.801406421807084,106.7114844087968,31,42,1.0,12,56,5,1,0.7381
10.843150534972033,106.6151343241409,21,35,1.0,12,56,5,1,0.6
10.880537767027526,106.81481342866444,45,53,1.0,12,56,5,1,0.8491
10.740840166521664,106.61899246873142,25,35,1.0,12,56,5,1,0.7143
10.798986343749618,106.7269705664684,45,45,1.0,12,56,5,1,1.0
10.741860769464234,106.73790365482628,45,45,1.0,12,56,5,1,1.0
10.752408891679814,106.7022703818112,22,34,1.0,12,56,5,1,0.6471
10.786216596454729,106.71836665482697,40,40,1.0,12,56,5,1,1.0
10.78948793356203,106.7151883818118,28,35,1.0,12,56,5,1,0.8
10.80223925742187,106.6478722259914,29,41,1.0,12,56,5,1,0.7073
10.813928881466124,106.66511432455972,22,34,1.0,12,57,5,1,0.6471
10.755608615763382,106.67347943578082,18,27,0.997894,12,57,5,1,0.6667
10.782680856341084,106.70051548181168,17,29,1.0,12,57,5,1,0.5862
10.754895139302109,106.67839188181134,19,33,1.0,12,57,5,1,0.5758
10.785070445194592,106.68331340921324,14,28,1.0,12,57,5,1,0.5
10.7549373008113,106.67848844133415,18,33,1.0,12,57,5,1,0.5455
10.77898143649726,106.67684447140958,21,34,1.0,12,57,5,1,0.6176
10.7671128283867,106.6927618222887,9,19,1.0,12,57,5,1,0.4737
10.77847212665258,106.69389510879644,28,41,1.0,12,57,5,1,0.6829
10.796057790235078,106.67492629345334,23,34,1.0,12,57,5,1,0.6765
10.8352982156415,106.72935479345392,36,42,0.997119,12,57,5,1,0.8571
10.777562007197462,106.7041335430398,18,30,1.0,12,57,5,1,0.6
10.83886351241477,106.67566625482782,26,35,1.0,12,57,5,1,0.7429
10.765187049751797,106.67550552599072,25,36,1.0,12,57,5,1,0.6944
10.75948437198232,106.6840537511244,19,28,1.0,12,57,5,1,0.6786
10.865229381280963,106.72366973948476,36,49,1.0,12,57,5,1,0.7347
10.72279213640514,106.72808623948244,26,37,0.997468,12,57,5,1,0.7027
10.823400120373712,106.68551227436063,24,32,1.0,12,57,5,1,0.75
10.756158554057755,106.66631758181126,23,29,1.0,12,57,5,1,0.7931
10.7144382088356,106.73711688366168,25,35,1.0,12,58,5,1,0.7143
10.817236653231737,106.63191539530456,21,34,1.0,12,58,5,1,0.6176
10.772727584493625,106.69804225297564,14,24,1.0,13,0,5,1,0.5833
10.774028664434528,106.70357076461706,29,29,1.0,13,0,5,1,1.0
10.752616652291238,106.72509685338922,39,39,1.0,13,0,5,1,1.0
10.745754766198267,106.65326266831876,42,42,1.0,13,0,5,1,1.0
10.94927106740351,106.87196348224562,42,42,1.0,13,0,5,1,1.0
10.78866360854368,106.695513722289,32,42,1.0,13,0,5,1,0.7619
10.801406421807084,106.7114844087968,32,42,1.0,13,0,5,1,0.7619
10.843150534972033,106.6151343241409,21,35,1.0,13,0,5,1,0.6
10.880537767027526,106.81481342866444,43,53,1.0,13,0,5,1,0.8113
10.740840166521664,106.61899246873142,26,35,1.0,13,0,5,1,0.7429
10.798986343749618,106.7269705664684,45,45,1.0,13,0,5,1,1.0
10.741860769464234,106.73790365482628,45,45,1.0,13,0,5,1,1.0
10.752408891679814,106.7022703818112,22,33,1.0,13,0,5,1,0.6667
10.786216596454729,106.71836665482697,40,40,1.0,13,0,5,1,1.0
10.78948793356203,106.7151883818118,29,36,1.0,13,0,5,1,0.8056
10.80223925742187,106.6478722259914,28,41,1.0,13,1,5,1,0.6829
10.813928881466124,106.66511432455972,21,33,1.0,13,1,5,1,0.6364
10.755608615763382,106.67347943578082,18,28,1.0,13,1,5,1,0.6429
10.782680856341084,106.70051548181168,18,30,1.0,13,1,5,1,0.6
10.754895139302109,106.67839188181134,20,32,1.0,13,1,5,1,0.625
10.785070445194592,106.68331340921324,14,27,1.0,13,1,5,1,0.5185
10.7549373008113,106.67848844133415,20,32,1.0,13,1,5,1,0.625
10.77898143649726,106.67684447140958,21,34,1.0,13,1,5,1,0.6176
10.7671128283867,106.6927618222887,7,21,1.0,13,1,5,1,0.3333
10.77847212665258,106.69389510879644,29,41,1.0,13,1,5,1,0.7073
10.796057790235078,106.67492629345334,21,33,1.0,13,1,5,1,0.6364
10.8352982156415,106.72935479345392,34,42,0.997469,13,1,5,1,0.8095
10.777562007197462,106.7041335430398,18,30,1.0,13,1,5,1,0.6
10.83886351241477,106.67566625482782,27,36,1.0,13,1,5,1,0.75
10.765187049751797,106.67550552599072,26,35,1.0,13,1,5,1,0.7429
10.75948437198232,106.6840537511244,19,27,1.0,13,1,5,1,0.7037
10.865229381280963,106.72366973948476,35,49,1.0,13,1,5,1,0.7143
10.72279213640514,106.72808623948244,26,37,0.997441,13,1,5,1,0.7027
10.823400120373712,106.68551227436063,25,32,1.0,13,1,5,1,0.7812
10.756158554057755,106.66631758181126,21,29,1.0,13,1,5,1,0.7241
10.7144382088356,106.73711688366168,25,35,1.0,13,1,5,1,0.7143
10.817236653231737,106.63191539530456,22,35,1.0,13,1,5,1,0.6286
10.772727584493625,106.69804225297564,16,24,0.998765,13,3,5,1,0.6667
10.774028664434528,106.70357076461706,29,29,1.0,13,3,5,1,1.0
10.752616652291238,106.72509685338922,39,39,1.0,13,3,5,1,1.0
10.745754766198267,106.65326266831876,36,43,1.0,13,4,5,1,0.8372
10.94927106740351,106.87196348224562,32,42,1.0,13,4,5,1,0.7619
10.78866360854368,106.695513722289,30,41,1.0,13,4,5,1,0.7317
10.801406421807084,106.7114844087968,30,41,1.0,13,4,5,1,0.7317
10.843150534972033,106.6151343241409,23,35,1.0,13,4,5,1,0.6571
10.880537767027526,106.81481342866444,43,54,1.0,13,4,5,1,0.7963
10.740840166521664,106.61899246873142,26,36,1.0,13,4,5,1,0.7222
10.798986343749618,106.7269705664684,45,45,1.0,13,4,5,1,1.0
10.741860769464234,106.73790365482628,45,45,1.0,13,4,5,1,1.0
10.752408891679814,106.7022703818112,21,34,1.0,13,4,5,1,0.6176
10.786216596454729,106.71836665482697,40,40,1.0,13,4,5,1,1.0
10.78948793356203,106.7151883818118,36,36,1.0,13,4,5,1,1.0
10.80223925742187,106.6478722259914,27,41,1.0,13,4,5,1,0.6585
10.813928881466124,106.66511432455972,22,33,1.0,13,4,5,1,0.6667
10.755608615763382,106.67347943578082,20,27,1.0,13,4,5,1,0.7407
10.782680856341084,106.70051548181168,19,30,1.0,13,4,5,1,0.6333
10.754895139302109,106.67839188181134,22,32,1.0,13,4,5,1,0.6875
10.785070445194592,106.68331340921324,14,27,1.0,13,4,5,1,0.5185
10.7549373008113,106.67848844133415,22,32,1.0,13,4,5,1,0.6875
10.77898143649726,106.67684447140958,20,34,1.0,13,4,5,1,0.5882
10.7671128283867,106.6927618222887,6,20,1.0,13,4,5,1,0.3
10.77847212665258,106.69389510879644,29,41,1.0,13,4,5,1,0.7073
10.796057790235078,106.67492629345334,22,33,1.0,13,4,5,1,0.6667
10.8352982156415,106.72935479345392,35,42,0.996951,13,4,5,1,0.8333
10.777562007197462,106.7041335430398,19,30,1.0,13,5,5,1,0.6333
10.83886351241477,106.67566625482782,25,36,1.0,13,5,5,1,0.6944
10.765187049751797,106.67550552599072,24,35,1.0,13,5,5,1,0.6857
10.75948437198232,106.6840537511244,21,28,1.0,13,5,5,1,0.75
10.865229381280963,106.72366973948476,35,49,1.0,13,5,5,1,0.7143
10.72279213640514,106.72808623948244,25,37,0.996974,13,5,5,1,0.6757
10.823400120373712,106.68551227436063,20,31,1.0,13,5,5,1,0.6452
10.756158554057755,106.66631758181126,22,29,1.0,13,5,5,1,0.7586
10.7144382088356,106.73711688366168,24,35,1.0,13,5,5,1,0.6857
10.817236653231737,106.63191539530456,23,35,1.0,13,5,5,1,0.6571
10.772727584493625,106.69804225297564,14,24,0.998765,13,7,5,1,0.5833
10.774028664434528,106.70357076461706,22,28,1.0,13,7,5,1,0.7857
10.752616652291238,106.72509685338922,39,39,1.0,13,7,5,1,1.0
10.745754766198267,106.65326266831876,42,42,1.0,13,7,5,1,1.0
10.94927106740351,106.87196348224562,32,41,1.0,13,7,5,1,0.7805
10.78866360854368,106.695513722289,31,42,1.0,13,7,5,1,0.7381
10.801406421807084,106.7114844087968,31,42,1.0,13,8,5,1,0.7381
10.843150534972033,106.6151343241409,21,34,1.0,13,8,5,1,0.6176
10.880537767027526,106.81481342866444,43,54,1.0,13,8,5,1,0.7963
10.740840166521664,106.61899246873142,24,35,1.0,13,8,5,1,0.6857
10.798986343749618,106.7269705664684,45,45,1.0,13,8,5,1,1.0
10.741860769464234,106.73790365482628,45,45,1.0,13,8,5,1,1.0
10.752408891679814,106.7022703818112,22,33,1.0,13,8,5,1,0.6667
10.786216596454729,106.71836665482697,40,40,1.0,13,8,5,1,1.0
10.78948793356203,106.7151883818118,27,35,1.0,13,8,5,1,0.7714
10.80223925742187,106.6478722259914,26,41,1.0,13,8,5,1,0.6341
10.813928881466124,106.66511432455972,21,33,1.0,13,8,5,1,0.6364
10.755608615763382,106.67347943578082,19,28,1.0,13,8,5,1,0.6786
10.782680856341084,106.70051548181168,18,30,1.0,13,8,5,1,0.6
10.754895139302109,106.67839188181134,19,32,1.0,13,8,5,1,0.5938
10.785070445194592,106.68331340921324,13,28,1.0,13,8,5,1,0.4643
10.7549373008113,106.67848844133415,19,32,1.0,13,9,5,1,0.5938
10.77898143649726,106.67684447140958,21,34,1.0,13,9,5,1,0.6176
10.7671128283867,106.6927618222887,13,19,1.0,13,9,5,1,0.6842
10.77847212665258,106.69389510879644,28,42,1.0,13,9,5,1,0.6667
10.796057790235078,106.67492629345334,20,33,1.0,13,9,5,1,0.6061
10.8352982156415,106.72935479345392,34,42,0.996381,13,9,5,1,0.8095
10.777562007197462,106.7041335430398,20,30,1.0,13,9,5,1,0.6667
10.83886351241477,106.67566625482782,26,36,1.0,13,9,5,1,0.7222
10.765187049751797,106.67550552599072,26,35,1.0,13,9,5,1,0.7429
10.75948437198232,106.6840537511244,18,28,0.997894,13,9,5,1,0.6429
10.865229381280963,106.72366973948476,36,49,1.0,13,9,5,1,0.7347
10.72279213640514,106.72808623948244,25,37,0.996995,13,9,5,1,0.6757
10.823400120373712,106.68551227436063,22,31,1.0,13,9,5,1,0.7097
10.756158554057755,106.66631758181126,21,30,1.0,13,9,5,1,0.7
10.7144382088356,106.73711688366168,25,35,1.0,13,9,5,1,0.7143
10.817236653231737,106.63191539530456,21,35,1.0,13,9,5,1,0.6
10.772727584493625,106.69804225297564,16,24,0.99753,13,12,5,1,0.6667
10.774028664434528,106.70357076461706,20,28,1.0,13,12,5,1,0.7143
10.752616652291238,106.72509685338922,39,39,1.0,13,12,5,1,1.0
10.745754766198267,106.65326266831876,36,42,1.0,13,12,5,1,0.8571
10.94927106740351,106.87196348224562,42,42,1.0,13,12,5,1,1.0
10.78866360854368,106.695513722289,31,42,1.0,13,12,5,1,0.7381
10.801406421807084,106.7114844087968,31,42,1.0,13,12,5,1,0.7381
10.843150534972033,106.6151343241409,23,35,1.0,13,12,5,1,0.6571
10.880537767027526,106.81481342866444,40,52,1.0,13,12,5,1,0.7692
10.740840166521664,106.61899246873142,25,35,1.0,13,12,5,1,0.7143
10.798986343749618,106.7269705664684,45,45,1.0,13,12,5,1,1.0
10.741860769464234,106.73790365482628,45,45,1.0,13,12,5,1,1.0
10.752408891679814,106.7022703818112,22,34,1.0,13,12,5,1,0.6471
10.786216596454729,106.71836665482697,40,40,1.0,13,12,5,1,1.0
10.78948793356203,106.7151883818118,36,36,1.0,13,12,5,1,1.0
10.80223925742187,106.6478722259914,28,40,1.0,13,12,5,1,0.7
10.813928881466124,106.66511432455972,22,34,1.0,13,12,5,1,0.6471
10.755608615763382,106.67347943578082,19,27,0.997878,13,12,5,1,0.7037
10.782680856341084,106.70051548181168,18,30,1.0,13,12,5,1,0.6
10.754895139302109,106.67839188181134,21,33,1.0,13,12,5,1,0.6364
10.785070445194592,106.68331340921324,14,28,1.0,13,12,5,1,0.5
10.7549373008113,106.67848844133415,21,33,1.0,13,12,5,1,0.6364
10.77898143649726,106.67684447140958,20,35,1.0,13,12,5,1,0.5714
10.7671128283867,106.6927618222887,20,20,1.0,13,12,5,1,1.0
10.77847212665258,106.69389510879644,28,42,1.0,13,12,5,1,0.6667
10.796057790235078,106.67492629345334,20,33,0.999713,13,13,5,1,0.6061
10.8352982156415,106.72935479345392,33,42,0.995853,13,13,5,1,0.7857
10.777562007197462,106.7041335430398,18,30,1.0,13,13,5,1,0.6
10.83886351241477,106.67566625482782,28,36,1.0,13,13,5,1,0.7778
10.765187049751797,106.67550552599072,24,36,1.0,13,13,5,1,0.6667
10.75948437198232,106.6840537511244,17,27,0.997886,13,13,5,1,0.6296
10.865229381280963,106.72366973948476,36,49,1.0,13,13,5,1,0.7347
10.72279213640514,106.72808623948244,27,37,0.996436,13,13,5,1,0.7297
10.823400120373712,106.68551227436063,23,32,1.0,13,13,5,1,0.7188
10.756158554057755,106.66631758181126,21,30,1.0,13,13,5,1,0.7
10.7144382088356,106.73711688366168,25,35,1.0,13,13,5,1,0.7143
10.817236653231737,106.63191539530456,23,35,1.0,13,13,5,1,0.6571
10.772727584493625,106.69804225297564,16,24,0.99753,13,15,5,1,0.6667
10.774028664434528,106.70357076461706,29,29,1.0,13,15,5,1,1.0
10.752616652291238,106.72509685338922,39,39,1.0,13,15,5,1,1.0
10.745754766198267,106.65326266831876,42,42,1.0,13,15,5,1,1.0
10.94927106740351,106.87196348224562,31,41,1.0,13,15,5,1,0.7561
10.78866360854368,106.695513722289,32,41,1.0,13,15,5,1,0.7805
10.801406421807084,106.7114844087968,32,41,1.0,13,15,5,1,0.7805
10.843150534972033,106.6151343241409,22,35,1.0,13,15,5,1,0.6286
10.880537767027526,106.81481342866444,39,53,1.0,13,15,5,1,0.7358
10.740840166521664,106.61899246873142,26,35,1.0,13,15,5,1,0.7429
10.798986343749618,106.7269705664684,45,45,1.0,13,15,5,1,1.0
10.741860769464234,106.73790365482628,45,45,1.0,13,15,5,1,1.0
10.752408891679814,106.7022703818112,25,34,1.0,13,16,5,1,0.7353
10.786216596454729,106.71836665482697,40,40,1.0,13,16,5,1,1.0
10.78948793356203,106.7151883818118,36,36,1.0,13,16,5,1,1.0
10.80223925742187,106.6478722259914,41,41,1.0,13,16,5,1,1.0
10.813928881466124,106.66511432455972,20,33,1.0,13,16,5,1,0.6061
10.755608615763382,106.67347943578082,20,28,1.0,13,16,5,1,0.7143
10.782680856341084,106.70051548181168,17,30,1.0,13,16,5,1,0.5667
10.754895139302109,106.67839188181134,22,33,1.0,13,16,5,1,0.6667
10.785070445194592,106.68331340921324,14,28,1.0,13,16,5,1,0.5
10.7549373008113,106.67848844133415,22,33,1.0,13,16,5,1,0.6667
10.77898143649726,106.67684447140958,20,34,1.0,13,16,5,1,0.5882
10.7671128283867,106.6927618222887,20,20,1.0,13,16,5,1,1.0
10.77847212665258,106.69389510879644,29,41,1.0,13,16,5,1,0.7073
10.796057790235078,106.67492629345334,20,33,1.0,13,16,5,1,0.6061
10.8352982156415,106.72935479345392,36,42,0.997293,13,16,5,1,0.8571
10.777562007197462,106.7041335430398,17,30,1.0,13,16,5,1,0.5667
10.83886351241477,106.67566625482782,29,36,1.0,13,17,5,1,0.8056
10.765187049751797,106.67550552599072,22,36,1.0,13,17,5,1,0.6111
10.75948437198232,106.6840537511244,19,27,1.0,13,17,5,1,0.7037
10.865229381280963,106.72366973948476,36,49,1.0,13,17,5,1,0.7347
10.72279213640514,106.72808623948244,27,37,0.996436,13,17,5,1,0.7297
10.823400120373712,106.68551227436063,24,32,1.0,13,17,5,1,0.75
10.756158554057755,106.66631758181126,21,29,1.0,13,17,5,1,0.7241
10.7144382088356,106.73711688366168,26,35,1.0,13,17,5,1,0.7429
10.817236653231737,106.63191539530456,21,35,1.0,13,17,5,1,0.6
10.772727584493625,106.69804225297564,15,24,0.998765,13,19,5,1,0.625
10.774028664434528,106.70357076461706,29,29,1.0,13,19,5,1,1.0
10.752616652291238,106.72509685338922,39,39,1.0,13,19,5,1,1.0
10.745754766198267,106.65326266831876,42,42,1.0,13,19,5,1,1.0
10.94927106740351,106.87196348224562,30,42,1.0,13,19,5,1,0.7143
10.78866360854368,106.695513722289,34,42,1.0,13,19,5,1,0.8095
10.801406421807084,106.7114844087968,34,42,1.0,13,20,5,1,0.8095
10.843150534972033,106.6151343241409,21,35,1.0,13,20,5,1,0.6
10.880537767027526,106.81481342866444,44,54,1.0,13,20,5,1,0.8148
10.740840166521664,106.61899246873142,27,35,1.0,13,20,5,1,0.7714
10.798986343749618,106.7269705664684,45,45,1.0,13,20,5,1,1.0
10.741860769464234,106.73790365482628,45,45,1.0,13,20,5,1,1.0
10.752408891679814,106.7022703818112,24,34,1.0,13,20,5,1,0.7059
10.786216596454729,106.71836665482697,40,40,1.0,13,20,5,1,1.0
10.78948793356203,106.7151883818118,36,36,1.0,13,20,5,1,1.0
10.80223925742187,106.6478722259914,28,40,1.0,13,21,5,1,0.7
10.813928881466124,106.66511432455972,23,34,1.0,13,21,5,1,0.6765
10.755608615763382,106.67347943578082,19,28,0.998951,13,21,5,1,0.6786
10.782680856341084,106.70051548181168,19,30,1.0,13,21,5,1,0.6333
10.754895139302109,106.67839188181134,21,33,1.0,13,21,5,1,0.6364
10.785070445194592,106.68331340921324,12,27,1.0,13,21,5,1,0.4444
10.7549373008113,106.67848844133415,21,33,1.0,13,21,5,1,0.6364
10.77898143649726,106.67684447140958,22,34,1.0,13,21,5,1,0.6471
10.7671128283867,106.6927618222887,9,19,1.0,13,21,5,1,0.4737
10.77847212665258,106.69389510879644,28,41,1.0,13,21,5,1,0.6829
10.796057790235078,106.67492629345334,23,34,1.0,13,22,5,1,0.6765
10.8352982156415,106.72935479345392,34,42,0.998559,13,22,5,1,0.8095
10.777562007197462,106.7041335430398,18,30,1.0,13,22,5,1,0.6
10.83886351241477,106.67566625482782,27,36,1.0,13,22,5,1,0.75
10.765187049751797,106.67550552599072,20,36,1.0,13,22,5,1,0.5556
10.75948437198232,106.6840537511244,18,28,1.0,13,22,5,1,0.6429
10.865229381280963,106.72366973948476,36,49,1.0,13,22,5,1,0.7347
10.72279213640514,106.72808623948244,26,37,0.990082,13,22,5,1,0.7027
10.823400120373712,106.68551227436063,23,32,1.0,13,22,5,1,0.7188
10.756158554057755,106.66631758181126,20,29,1.0,13,22,5,1,0.6897
10.7144382088356,106.73711688366168,27,35,1.0,13,22,5,1,0.7714
10.817236653231737,106.63191539530456,22,35,1.0,13,22,5,1,0.6286
10.772727584493625,106.69804225297564,16,24,0.998765,13,24,5,1,0.6667
10.774028664434528,106.70357076461706,18,27,1.0,13,24,5,1,0.6667
10.752616652291238,106.72509685338922,39,39,1.0,13,24,5,1,1.0
10.745754766198267,106.65326266831876,42,42,1.0,13,24,5,1,1.0
10.94927106740351,106.87196348224562,33,41,1.0,13,24,5,1,0.8049
10.78866360854368,106.695513722289,33,42,1.0,13,24,5,1,0.7857
10.801406421807084,106.7114844087968,33,42,1.0,13,24,5,1,0.7857
10.843150534972033,106.6151343241409,22,35,1.0,13,24,5,1,0.6286
10.880537767027526,106.81481342866444,42,53,1.0,13,24,5,1,0.7925
10.740840166521664,106.61899246873142,27,35,1.0,13,25,5,1,0.7714
10.798986343749618,106.7269705664684,45,45,1.0,13,25,5,1,1.0
10.741860769464234,106.73790365482628,45,45,1.0,13,25,5,1,1.0
10.752408891679814,106.7022703818112,23,33,1.0,13,25,5,1,0.697
10.786216596454729,106.71836665482697,40,40,1.0,13,25,5,1,1.0
10.78948793356203,106.7151883818118,36,36,1.0,13,25,5,1,1.0
10.80223925742187,106.6478722259914,29,40,1.0,13,25,5,1,0.725
10.813928881466124,106.66511432455972,23,33,1.0,13,25,5,1,0.697
10.755608615763382,106.67347943578082,20,27,1.0,13,25,5,1,0.7407
10.782680856341084,106.70051548181168,18,30,1.0,13,25,5,1,0.6
10.754895139302109,106.67839188181134,22,33,1.0,13,25,5,1,0.6667
10.785070445194592,106.68331340921324,14,27,1.0,13,25,5,1,0.5185
10.7549373008113,106.67848844133415,22,33,1.0,13,25,5,1,0.6667
10.77898143649726,106.67684447140958,22,35,1.0,13,25,5,1,0.6286
10.7671128283867,106.6927618222887,11,20,1.0,13,25,5,1,0.55
10.77847212665258,106.69389510879644,29,42,1.0,13,25,5,1,0.6905
10.796057790235078,106.67492629345334,23,34,1.0,13,25,5,1,0.6765
10.8352982156415,106.72935479345392,33,42,0.998389,13,25,5,1,0.7857
10.777562007197462,106.7041335430398,18,30,1.0,13,25,5,1,0.6
10.83886351241477,106.67566625482782,24,36,1.0,13,25,5,1,0.6667
10.765187049751797,106.67550552599072,25,36,1.0,13,25,5,1,0.6944
10.75948437198232,106.6840537511244,18,28,1.0,13,25,5,1,0.6429
10.865229381280963,106.72366973948476,36,49,1.0,13,26,5,1,0.7347
10.72279213640514,106.72808623948244,26,37,0.991619,13,26,5,1,0.7027
10.823400120373712,106.68551227436063,25,31,1.0,13,26,5,1,0.8065
10.756158554057755,106.66631758181126,23,29,1.0,13,26,5,1,0.7931
10.7144382088356,106.73711688366168,26,35,1.0,13,26,5,1,0.7429
10.817236653231737,106.63191539530456,21,35,1.0,13,26,5,1,0.6
10.772727584493625,106.69804225297564,13,24,0.998765,13,28,5,1,0.5417
10.774028664434528,106.70357076461706,16,28,1.0,13,28,5,1,0.5714
10.752616652291238,106.72509685338922,39,39,1.0,13,28,5,1,1.0
10.745754766198267,106.65326266831876,42,42,1.0,13,28,5,1,1.0
10.94927106740351,106.87196348224562,34,42,1.0,13,28,5,1,0.8095
10.78866360854368,106.695513722289,33,42,1.0,13,28,5,1,0.7857
10.801406421807084,106.7114844087968,33,42,1.0,13,28,5,1,0.7857
10.843150534972033,106.6151343241409,21,35,1.0,13,28,5,1,0.6
10.880537767027526,106.81481342866444,43,53,1.0,13,28,5,1,0.8113
10.740840166521664,106.61899246873142,26,35,1.0,13,28,5,1,0.7429
10.798986343749618,106.7269705664684,45,45,1.0,13,28,5,1,1.0
10.741860769464234,106.73790365482628,45,45,1.0,13,28,5,1,1.0
10.752408891679814,106.7022703818112,24,33,1.0,13,28,5,1,0.7273
10.786216596454729,106.71836665482697,40,40,1.0,13,29,5,1,1.0
10.78948793356203,106.7151883818118,36,36,1.0,13,29,5,1,1.0
10.80223925742187,106.6478722259914,27,41,1.0,13,29,5,1,0.6585
10.813928881466124,106.66511432455972,22,33,1.0,13,29,5,1,0.6667
10.755608615763382,106.67347943578082,17,28,0.998943,13,29,5,1,0.6071
10.782680856341084,106.70051548181168,17,30,1.0,13,29,5,1,0.5667
10.754895139302109,106.67839188181134,20,32,1.0,13,29,5,1,0.625
10.785070445194592,106.68331340921324,12,28,1.0,13,29,5,1,0.4286
10.7549373008113,106.67848844133415,20,32,1.0,13,29,5,1,0.625
10.77898143649726,106.67684447140958,22,34,1.0,13,29,5,1,0.6471
10.7671128283867,106.6927618222887,13,19,1.0,13,29,5,1,0.6842
10.77847212665258,106.69389510879644,28,42,1.0,13,29,5,1,0.6667
10.796057790235078,106.67492629345334,22,33,1.0,13,29,5,1,0.6667
10.8352982156415,106.72935479345392,34,42,0.998375,13,29,5,1,0.8095
10.777562007197462,106.7041335430398,17,30,1.0,13,29,5,1,0.5667
10.83886351241477,106.67566625482782,26,35,1.0,13,29,5,1,0.7429
10.765187049751797,106.67550552599072,25,35,1.0,13,29,5,1,0.7143
10.75948437198232,106.6840537511244,17,28,0.998943,13,29,5,1,0.6071
10.865229381280963,106.72366973948476,35,49,1.0,13,29,5,1,0.7143
10.72279213640514,106.72808623948244,28,37,0.994201,13,29,5,1,0.7568
10.823400120373712,106.68551227436063,25,32,1.0,13,29,5,1,0.7812
10.756158554057755,106.66631758181126,19,29,1.0,13,29,5,1,0.6552
10.7144382088356,106.73711688366168,26,35,1.0,13,29,5,1,0.7429
10.817236653231737,106.63191539530456,22,34,1.0,13,29,5,1,0.6471
10.772727584493625,106.69804225297564,16,24,0.998765,13,31,5,1,0.6667
10.774028664434528,106.70357076461706,16,28,1.0,13,31,5,1,0.5714
10.752616652291238,106.72509685338922,39,39,1.0,13,31,5,1,1.0
10.745754766198267,106.65326266831876,42,42,1.0,13,31,5,1,1.0
10.94927106740351,106.87196348224562,29,42,1.0,13,31,5,1,0.6905
10.78866360854368,106.695513722289,33,42,1.0,13,32,5,1,0.7857
10.801406421807084,106.7114844087968,33,42,1.0,13,32,5,1,0.7857
10.843150534972033,106.6151343241409,21,35,1.0,13,32,5,1,0.6
10.880537767027526,106.81481342866444,44,53,1.0,13,32,5,1,0.8302
10.740840166521664,106.61899246873142,26,35,1.0,13,32,5,1,0.7429
10.798986343749618,106.7269705664684,45,45,1.0,13,32,5,1,1.0
10.741860769464234,106.73790365482628,45,45,1.0,13,32,5,1,1.0
10.752408891679814,106.7022703818112,24,34,1.0,13,32,5,1,0.7059
10.786216596454729,106.71836665482697,40,40,1.0,13,32,5,1,1.0
10.78948793356203,106.7151883818118,36,36,1.0,13,32,5,1,1.0
10.80223925742187,106.6478722259914,30,40,1.0,13,32,5,1,0.75
10.813928881466124,106.66511432455972,23,34,1.0,13,32,5,1,0.6765
10.755608615763382,106.67347943578082,19,27,1.0,13,32,5,1,0.7037
10.782680856341084,106.70051548181168,18,30,1.0,13,33,5,1,0.6
10.754895139302109,106.67839188181134,22,33,1.0,13,33,5,1,0.6667
10.785070445194592,106.68331340921324,14,27,1.0,13,33,5,1,0.5185
10.7549373008113,106.67848844133415,22,33,1.0,13,33,5,1,0.6667
10.77898143649726,106.67684447140958,21,34,1.0,13,33,5,1,0.6176
10.7671128283867,106.6927618222887,12,20,1.0,13,33,5,1,0.6
10.77847212665258,106.69389510879644,27,41,1.0,13,33,5,1,0.6585
10.796057790235078,106.67492629345334,22,33,1.0,13,33,5,1,0.6667
10.8352982156415,106.72935479345392,36,42,0.99838,13,33,5,1,0.8571
10.777562007197462,106.7041335430398,18,30,1.0,13,33,5,1,0.6
10.83886351241477,106.67566625482782,27,36,1.0,13,33,5,1,0.75
10.765187049751797,106.67550552599072,36,36,1.0,13,33,5,1,1.0
10.75948437198232,106.6840537511244,18,27,1.0,13,33,5,1,0.6667
10.865229381280963,106.72366973948476,34,49,1.0,13,33,5,1,0.6939
10.72279213640514,106.72808623948244,26,36,0.995997,13,33,5,1,0.7222
10.823400120373712,106.68551227436063,22,32,1.0,13,33,5,1,0.6875
10.756158554057755,106.66631758181126,20,29,1.0,13,33,5,1,0.6897
10.7144382088356,106.73711688366168,25,35,1.0,13,33,5,1,0.7143
10.817236653231737,106.63191539530456,21,35,1.0,13,33,5,1,0.6
10.772727584493625,106.69804225297564,16,24,0.998765,13,36,5,1,0.6667
10.774028664434528,106.70357076461706,22,29,1.0,13,36,5,1,0.7586
10.752616652291238,106.72509685338922,39,39,1.0,13,36,5,1,1.0
10.745754766198267,106.65326266831876,42,42,1.0,13,36,5,1,1.0
10.94927106740351,106.87196348224562,26,43,1.0,13,36,5,1,0.6047
10.78866360854368,106.695513722289,33,41,1.0,13,36,5,1,0.8049
10.801406421807084,106.7114844087968,33,41,1.0,13,36,5,1,0.8049
10.843150534972033,106.6151343241409,22,35,1.0,13,36,5,1,0.6286
10.880537767027526,106.81481342866444,43,53,1.0,13,36,5,1,0.8113
10.740840166521664,106.61899246873142,26,35,1.0,13,36,5,1,0.7429
10.798986343749618,106.7269705664684,45,45,1.0,13,36,5,1,1.0
10.741860769464234,106.73790365482628,45,45,1.0,13,36,5,1,1.0
10.752408891679814,106.7022703818112,22,34,1.0,13,36,5,1,0.6471
10.786216596454729,106.71836665482697,40,40,1.0,13,36,5,1,1.0
10.78948793356203,106.7151883818118,36,36,1.0,13,36,5,1,1.0
10.80223925742187,106.6478722259914,30,41,1.0,13,36,5,1,0.7317
10.813928881466124,106.66511432455972,22,34,0.99972,13,36,5,1,0.6471
10.755608615763382,106.67347943578082,17,27,1.0,13,36,5,1,0.6296
10.782680856341084,106.70051548181168,19,30,1.0,13,36,5,1,0.6333
10.754895139302109,106.67839188181134,19,33,1.0,13,36,5,1,0.5758
10.785070445194592,106.68331340921324,11,28,1.0,13,37,5,1,0.3929
10.7549373008113,106.67848844133415,19,33,1.0,13,37,5,1,0.5758
10.77898143649726,106.67684447140958,22,34,1.0,13,37,5,1,0.6471
10.7671128283867,106.6927618222887,10,19,1.0,13,37,5,1,0.5263
10.77847212665258,106.69389510879644,27,42,1.0,13,37,5,1,0.6429
10.796057790235078,106.67492629345334,22,34,0.99972,13,37,5,1,0.6471
10.8352982156415,106.72935479345392,34,42,0.998559,13,37,5,1,0.8095
10.777562007197462,106.7041335430398,18,30,1.0,13,37,5,1,0.6
10.83886351241477,106.67566625482782,28,36,1.0,13,37,5,1,0.7778
10.765187049751797,106.67550552599072,27,36,1.0,13,37,5,1,0.75
10.75948437198232,106.6840537511244,18,28,1.0,13,37,5,1,0.6429
10.865229381280963,106.72366973948476,35,49,1.0,13,37,5,1,0.7143
10.72279213640514,106.72808623948244,25,37,0.997414,13,37,5,1,0.6757
10.823400120373712,106.68551227436063,25,32,1.0,13,37,5,1,0.7812
10.756158554057755,106.66631758181126,22,29,1.0,13,37,5,1,0.7586
10.7144382088356,106.73711688366168,26,35,1.0,13,37,5,1,0.7429
10.817236653231737,106.63191539530456,22,35,1.0,13,37,5,1,0.6286
10.772727584493625,106.69804225297564,14,24,0.998765,13,39,5,1,0.5833
10.774028664434528,106.70357076461706,23,28,1.0,13,39,5,1,0.8214
10.752616652291238,106.72509685338922,30,39,1.0,13,39,5,1,0.7692
10.745754766198267,106.65326266831876,36,43,1.0,13,39,5,1,0.8372
10.94927106740351,106.87196348224562,32,41,1.0,13,39,5,1,0.7805
10.78866360854368,106.695513722289,33,41,1.0,13,39,5,1,0.8049
10.801406421807084,106.7114844087968,33,41,1.0,13,39,5,1,0.8049
10.843150534972033,106.6151343241409,21,34,1.0,13,39,5,1,0.6176
10.880537767027526,106.81481342866444,43,53,1.0,13,40,5,1,0.8113
10.740840166521664,106.61899246873142,25,35,1.0,13,40,5,1,0.7143
10.798986343749618,106.7269705664684,45,45,1.0,13,40,5,1,1.0
10.741860769464234,106.73790365482628,45,45,1.0,13,40,5,1,1.0
10.752408891679814,106.7022703818112,22,34,1.0,13,40,5,1,0.6471
10.786216596454729,106.71836665482697,40,40,1.0,13,40,5,1,1.0
10.78948793356203,106.7151883818118,36,36,1.0,13,40,5,1,1.0
10.80223925742187,106.6478722259914,29,41,1.0,13,40,5,1,0.7073
10.813928881466124,106.66511432455972,25,34,1.0,13,40,5,1,0.7353
10.755608615763382,106.67347943578082,20,28,1.0,13,40,5,1,0.7143
10.782680856341084,106.70051548181168,19,30,1.0,13,40,5,1,0.6333
10.754895139302109,106.67839188181134,19,33,1.0,13,40,5,1,0.5758
10.785070445194592,106.68331340921324,14,28,1.0,13,40,5,1,0.5
10.7549373008113,106.67848844133415,19,33,1.0,13,40,5,1,0.5758
10.77898143649726,106.67684447140958,21,34,1.0,13,40,5,1,0.6176
10.7671128283867,106.6927618222887,8,21,1.0,13,40,5,1,0.381
10.77847212665258,106.69389510879644,28,41,1.0,13,40,5,1,0.6829
10.796057790235078,106.67492629345334,23,34,1.0,13,40,5,1,0.6765
10.8352982156415,106.72935479345392,34,42,0.998733,13,40,5,1,0.8095
10.777562007197462,106.7041335430398,19,30,1.0,13,40,5,1,0.6333
10.83886351241477,106.67566625482782,36,36,1.0,13,41,5,1,1.0
10.765187049751797,106.67550552599072,22,36,1.0,13,41,5,1,0.6111
10.75948437198232,106.6840537511244,18,27,1.0,13,41,5,1,0.6667
10.865229381280963,106.72366973948476,35,49,1.0,13,41,5,1,0.7143
10.72279213640514,106.72808623948244,26,37,0.996923,13,41,5,1,0.7027
10.823400120373712,106.68551227436063,24,31,1.0,13,41,5,1,0.7742
10.756158554057755,106.66631758181126,30,30,1.0,13,41,5,1,1.0
10.7144382088356,106.73711688366168,25,35,1.0,13,41,5,1,0.7143
10.817236653231737,106.63191539530456,21,34,1.0,13,41,5,1,0.6176
10.772727584493625,106.69804225297564,13,23,0.998765,13,43,5,1,0.5652
10.774028664434528,106.70357076461706,24,28,1.0,13,43,5,1,0.8571
10.752616652291238,106.72509685338922,31,42,1.0,13,43,5,1,0.7381
10.745754766198267,106.65326266831876,35,42,1.0,13,43,5,1,0.8333
10.94927106740351,106.87196348224562,31,42,1.0,13,43,5,1,0.7381
10.78866360854368,106.695513722289,34,41,1.0,13,43,5,1,0.8293
10.801406421807084,106.7114844087968,34,41,1.0,13,43,5,1,0.8293
10.843150534972033,106.6151343241409,22,35,1.0,13,43,5,1,0.6286
10.880537767027526,106.81481342866444,42,53,1.0,13,43,5,1,0.7925
10.740840166521664,106.61899246873142,27,35,1.0,13,43,5,1,0.7714
10.798986343749618,106.7269705664684,45,45,1.0,13,43,5,1,1.0
10.741860769464234,106.73790365482628,45,45,1.0,13,43,5,1,1.0
10.752408891679814,106.7022703818112,23,34,1.0,13,43,5,1,0.6765
10.786216596454729,106.71836665482697,40,40,1.0,13,43,5,1,1.0
10.78948793356203,106.7151883818118,36,36,1.0,13,43,5,1,1.0
10.80223925742187,106.6478722259914,27,41,1.0,13,43,5,1,0.6585
10.813928881466124,106.66511432455972,23,34,0.999244,13,43,5,1,0.6765
10.755608615763382,106.67347943578082,19,27,1.0,13,43,5,1,0.7037
10.782680856341084,106.70051548181168,17,30,1.0,13,43,5,1,0.5667
10.754895139302109,106.67839188181134,20,32,1.0,13,43,5,1,0.625
10.785070445194592,106.68331340921324,12,27,1.0,13,43,5,1,0.4444
10.7549373008113,106.67848844133415,20,32,1.0,13,43,5,1,0.625
10.77898143649726,106.67684447140958,22,34,1.0,13,43,5,1,0.6471
10.7671128283867,106.6927618222887,12,20,1.0,13,44,5,1,0.6
10.77847212665258,106.69389510879644,27,41,1.0,13,44,5,1,0.6585
10.796057790235078,106.67492629345334,23,34,0.99972,13,44,5,1,0.6765
10.8352982156415,106.72935479345392,34,42,0.998552,13,44,5,1,0.8095
10.777562007197462,106.7041335430398,17,30,1.0,13,44,5,1,0.5667
10.83886351241477,106.67566625482782,28,36,1.0,13,44,5,1,0.7778
10.765187049751797,106.67550552599072,19,36,1.0,13,44,5,1,0.5278
10.75948437198232,106.6840537511244,19,28,1.0,13,44,5,1,0.6786
10.865229381280963,106.72366973948476,35,49,1.0,13,44,5,1,0.7143
10.72279213640514,106.72808623948244,26,36,0.997112,13,44,5,1,0.7222
10.823400120373712,106.68551227436063,21,32,1.0,13,44,5,1,0.6562
10.756158554057755,106.66631758181126,17,29,1.0,13,44,5,1,0.5862
10.7144382088356,106.73711688366168,25,35,1.0,13,44,5,1,0.7143
10.817236653231737,106.63191539530456,22,35,1.0,13,44,5,1,0.6286
10.772727584493625,106.69804225297564,15,24,0.996295,13,46,5,1,0.625
10.774028664434528,106.70357076461706,19,28,1.0,13,46,5,1,0.6786
10.752616652291238,106.72509685338922,36,42,1.0,13,46,5,1,0.8571
10.745754766198267,106.65326266831876,35,43,1.0,13,46,5,1,0.814
10.94927106740351,106.87196348224562,30,42,1.0,13,46,5,1,0.7143
10.78866360854368,106.695513722289,32,41,1.0,13,46,5,1,0.7805
10.801406421807084,106.7114844087968,32,41,1.0,13,46,5,1,0.7805
10.843150534972033,106.6151343241409,22,35,1.0,13,47,5,1,0.6286
10.880537767027526,106.81481342866444,44,53,1.0,13,47,5,1,0.8302
10.740840166521664,106.61899246873142,27,35,1.0,13,47,5,1,0.7714
10.798986343749618,106.7269705664684,45,45,1.0,13,47,5,1,1.0
10.741860769464234,106.73790365482628,45,45,1.0,13,47,5,1,1.0
10.752408891679814,106.7022703818112,20,34,1.0,13,47,5,1,0.5882
10.786216596454729,106.71836665482697,40,40,1.0,13,47,5,1,1.0
10.78948793356203,106.7151883818118,36,36,1.0,13,47,5,1,1.0
10.80223925742187,106.6478722259914,32,41,1.0,13,47,5,1,0.7805
10.813928881466124,106.66511432455972,23,34,1.0,13,47,5,1,0.6765
10.755608615763382,106.67347943578082,21,28,1.0,13,47,5,1,0.75
10.782680856341084,106.70051548181168,19,30,1.0,13,47,5,1,0.6333
10.754895139302109,106.67839188181134,19,33,1.0,13,47,5,1,0.5758
10.785070445194592,106.68331340921324,14,26,1.0,13,47,5,1,0.5385
10.7549373008113,106.67848844133415,19,33,1.0,13,47,5,1,0.5758
10.77898143649726,106.67684447140958,21,34,1.0,13,47,5,1,0.6176
10.7671128283867,106.6927618222887,12,19,1.0,13,47,5,1,0.6316
10.77847212665258,106.69389510879644,28,42,1.0,13,47,5,1,0.6667
10.796057790235078,106.67492629345334,22,34,1.0,13,47,5,1,0.6471
10.8352982156415,106.72935479345392,34,42,0.998012,13,47,5,1,0.8095
10.777562007197462,106.7041335430398,19,30,1.0,13,47,5,1,0.6333
10.83886351241477,106.67566625482782,28,36,1.0,13,47,5,1,0.7778
10.765187049751797,106.67550552599072,23,35,1.0,13,47,5,1,0.6571
10.75948437198232,106.6840537511244,21,28,1.0,13,47,5,1,0.75
10.865229381280963,106.72366973948476,36,49,1.0,13,48,5,1,0.7347
10.72279213640514,106.72808623948244,27,37,0.996927,13,48,5,1,0.7297
10.823400120373712,106.68551227436063,20,31,1.0,13,48,5,1,0.6452
10.756158554057755,106.66631758181126,19,29,1.0,13,48,5,1,0.6552
10.7144382088356,106.73711688366168,24,35,1.0,13,48,5,1,0.6857
10.817236653231737,106.63191539530456,22,34,1.0,13,48,5,1,0.6471
10.772727584493625,106.69804225297564,15,24,0.994293,13,50,5,1,0.625
10.774028664434528,106.70357076461706,29,29,1.0,13,50,5,1,1.0
10.752616652291238,106.72509685338922,39,39,1.0,13,50,5,1,1.0
10.745754766198267,106.65326266831876,36,43,1.0,13,50,5,1,0.8372
10.94927106740351,106.87196348224562,32,41,1.0,13,50,5,1,0.7805
10.78866360854368,106.695513722289,34,42,1.0,13,50,5,1,0.8095
10.801406421807084,106.7114844087968,34,42,1.0,13,50,5,1,0.8095
10.843150534972033,106.6151343241409,20,35,1.0,13,50,5,1,0.5714
10.880537767027526,106.81481342866444,43,52,1.0,13,50,5,1,0.8269
10.740840166521664,106.61899246873142,27,35,1.0,13,51,5,1,0.7714
10.798986343749618,106.7269705664684,45,45,1.0,13,51,5,1,1.0
10.741860769464234,106.73790365482628,45,45,1.0,13,51,5,1,1.0
10.752408891679814,106.7022703818112,23,34,1.0,13,51,5,1,0.6765
10.786216596454729,106.71836665482697,40,40,1.0,13,51,5,1,1.0
10.78948793356203,106.7151883818118,36,36,1.0,13,51,5,1,1.0
10.80223925742187,106.6478722259914,31,40,1.0,13,51,5,1,0.775
10.813928881466124,106.66511432455972,22,34,0.998691,13,51,5,1,0.6471
10.755608615763382,106.67347943578082,18,28,1.0,13,51,5,1,0.6429
10.782680856341084,106.70051548181168,17,30,1.0,13,51,5,1,0.5667
10.754895139302109,106.67839188181134,21,33,1.0,13,52,5,1,0.6364
10.785070445194592,106.68331340921324,15,27,1.0,13,52,5,1,0.5556
10.7549373008113,106.67848844133415,21,33,1.0,13,52,5,1,0.6364
10.77898143649726,106.67684447140958,21,34,1.0,13,52,5,1,0.6176
10.7671128283867,106.6927618222887,10,19,1.0,13,52,5,1,0.5263
10.77847212665258,106.69389510879644,28,42,1.0,13,52,5,1,0.6667
10.796057790235078,106.67492629345334,22,34,0.998691,13,52,5,1,0.6471
10.8352982156415,106.72935479345392,35,42,0.998372,13,52,5,1,0.8333
10.777562007197462,106.7041335430398,17,30,1.0,13,52,5,1,0.5667
10.83886351241477,106.67566625482782,26,36,1.0,13,52,5,1,0.7222
10.765187049751797,106.67550552599072,20,35,1.0,13,52,5,1,0.5714
10.75948437198232,106.6840537511244,18,28,1.0,13,52,5,1,0.6429
10.865229381280963,106.72366973948476,35,49,1.0,13,52,5,1,0.7143
10.72279213640514,106.72808623948244,27,37,0.996466,13,52,5,1,0.7297
10.823400120373712,106.68551227436063,22,31,1.0,13,52,5,1,0.7097
10.756158554057755,106.66631758181126,18,29,1.0,13,52,5,1,0.6207
10.7144382088356,106.73711688366168,25,35,1.0,13,52,5,1,0.7143
10.817236653231737,106.63191539530456,21,35,1.0,13,52,5,1,0.6
10.772727584493625,106.69804225297564,15,24,0.994293,13,54,5,1,0.625
10.774028664434528,106.70357076461706,29,29,1.0,13,54,5,1,1.0
10.752616652291238,106.72509685338922,30,39,1.0,13,55,5,1,0.7692
10.745754766198267,106.65326266831876,36,43,1.0,13,55,5,1,0.8372
10.94927106740351,106.87196348224562,30,41,1.0,13,55,5,1,0.7317
10.78866360854368,106.695513722289,33,41,1.0,13,55,5,1,0.8049
10.801406421807084,106.7114844087968,33,41,1.0,13,55,5,1,0.8049
10.843150534972033,106.6151343241409,22,35,1.0,13,55,5,1,0.6286
10.880537767027526,106.81481342866444,41,53,1.0,13,55,5,1,0.7736
10.740840166521664,106.61899246873142,26,35,1.0,13,55,5,1,0.7429
10.798986343749618,106.7269705664684,45,45,1.0,13,55,5,1,1.0
10.741860769464234,106.73790365482628,45,45,1.0,13,55,5,1,1.0
10.752408891679814,106.7022703818112,22,33,1.0,13,55,5,1,0.6667
10.786216596454729,106.71836665482697,40,40,1.0,13,55,5,1,1.0
10.78948793356203,106.7151883818118,36,36,1.0,13,55,5,1,1.0
10.80223925742187,106.6478722259914,30,41,1.0,13,55,5,1,0.7317
10.813928881466124,106.66511432455972,21,34,1.0,13,55,5,1,0.6176
10.755608615763382,106.67347943578082,20,28,1.0,13,55,5,1,0.7143
10.782680856341084,106.70051548181168,17,30,1.0,13,55,5,1,0.5667
10.754895139302109,106.67839188181134,22,32,1.0,13,55,5,1,0.6875
10.785070445194592,106.68331340921324,15,27,1.0,13,55,5,1,0.5556
10.7549373008113,106.67848844133415,22,32,1.0,13,55,5,1,0.6875
10.77898143649726,106.67684447140958,21,35,1.0,13,55,5,1,0.6
10.7671128283867,106.6927618222887,11,20,1.0,13,55,5,1,0.55
10.77847212665258,106.69389510879644,28,41,1.0,13,55,5,1,0.6829
10.796057790235078,106.67492629345334,21,34,1.0,13,55,5,1,0.6176
10.8352982156415,106.72935479345392,35,42,0.998735,13,55,5,1,0.8333
10.777562007197462,106.7041335430398,17,30,1.0,13,55,5,1,0.5667
10.83886351241477,106.67566625482782,27,36,1.0,13,55,5,1,0.75
10.765187049751797,106.67550552599072,24,36,1.0,13,55,5,1,0.6667
10.75948437198232,106.6840537511244,20,28,1.0,13,55,5,1,0.7143
10.865229381280963,106.72366973948476,35,49,1.0,13,55,5,1,0.7143
10.72279213640514,106.72808623948244,28,36,1.0,13,55,5,1,0.7778
10.823400120373712,106.68551227436063,21,32,1.0,13,55,5,1,0.6562
10.756158554057755,106.66631758181126,20,29,1.0,13,55,5,1,0.6897
10.7144382088356,106.73711688366168,25,35,1.0,13,55,5,1,0.7143
10.817236653231737,106.63191539530456,21,35,1.0,13,55,5,1,0.6
10.772727584493625,106.69804225297564,15,24,0.997463,13,58,5,1,0.625
10.774028664434528,106.70357076461706,23,28,1.0,13,58,5,1,0.8214
10.752616652291238,106.72509685338922,39,39,1.0,13,58,5,1,1.0
10.745754766198267,106.65326266831876,35,43,1.0,13,58,5,1,0.814
10.94927106740351,106.87196348224562,42,42,1.0,13,58,5,1,1.0
10.78866360854368,106.695513722289,33,42,1.0,13,58,5,1,0.7857
10.801406421807084,106.7114844087968,33,42,1.0,13,58,5,1,0.7857
10.843150534972033,106.6151343241409,21,35,1.0,13,58,5,1,0.6
10.880537767027526,106.81481342866444,41,53,1.0,13,58,5,1,0.7736
10.740840166521664,106.61899246873142,26,35,1.0,13,58,5,1,0.7429
10.798986343749618,106.7269705664684,45,45,1.0,13,58,5,1,1.0
10.741860769464234,106.73790365482628,45,45,1.0,13,58,5,1,1.0
10.752408891679814,106.7022703818112,22,34,1.0,13,58,5,1,0.6471
10.786216596454729,106.71836665482697,40,40,1.0,13,58,5,1,1.0
10.78948793356203,106.7151883818118,36,36,1.0,13,58,5,1,1.0
10.80223925742187,106.6478722259914,30,40,1.0,13,58,5,1,0.75
10.813928881466124,106.66511432455972,21,34,0.999713,13,58,5,1,0.6176
10.755608615763382,106.67347943578082,16,28,1.0,13,58,5,1,0.5714
10.782680856341084,106.70051548181168,17,30,1.0,13,58,5,1,0.5667
10.754895139302109,106.67839188181134,21,33,1.0,13,58,5,1,0.6364
10.785070445194592,106.68331340921324,18,28,1.0,13,58,5,1,0.6429
10.7549373008113,106.67848844133415,21,33,1.0,13,59,5,1,0.6364
10.77898143649726,106.67684447140958,21,34,1.0,13,59,5,1,0.6176
10.7671128283867,106.6927618222887,10,19,1.0,13,59,5,1,0.5263
10.77847212665258,106.69389510879644,28,41,1.0,13,59,5,1,0.6829
10.796057790235078,106.67492629345334,21,34,0.999713,13,59,5,1,0.6176
10.8352982156415,106.72935479345392,34,42,0.998469,13,59,5,1,0.8095
10.777562007197462,106.7041335430398,17,30,1.0,13,59,5,1,0.5667
10.83886351241477,106.67566625482782,28,36,1.0,13,59,5,1,0.7778
10.765187049751797,106.67550552599072,24,35,1.0,13,59,5,1,0.6857
10.75948437198232,106.6840537511244,16,28,1.0,13,59,5,1,0.5714
10.865229381280963,106.72366973948476,34,49,1.0,13,59,5,1,0.6939
10.72279213640514,106.72808623948244,25,37,0.997182,13,59,5,1,0.6757
10.823400120373712,106.68551227436063,21,32,1.0,13,59,5,1,0.6562
10.756158554057755,106.66631758181126,24,30,1.0,13,59,5,1,0.8
10.7144382088356,106.73711688366168,24,35,1.0,13,59,5,1,0.6857
10.817236653231737,106.63191539530456,21,35,1.0,13,59,5,1,0.6
10.772727584493625,106.69804225297564,15,24,0.998098,14,1,5,1,0.625
10.774028664434528,106.70357076461706,22,28,1.0,14,1,5,1,0.7857
10.752616652291238,106.72509685338922,37,42,1.0,14,1,5,1,0.881
10.745754766198267,106.65326266831876,35,43,1.0,14,1,5,1,0.814
10.94927106740351,106.87196348224562,29,40,1.0,14,1,5,1,0.725
10.78866360854368,106.695513722289,34,42,1.0,14,1,5,1,0.8095
10.801406421807084,106.7114844087968,34,42,1.0,14,1,5,1,0.8095
10.843150534972033,106.6151343241409,22,35,1.0,14,1,5,1,0.6286
10.880537767027526,106.81481342866444,41,53,1.0,14,1,5,1,0.7736
10.740840166521664,106.61899246873142,27,35,1.0,14,2,5,1,0.7714
10.798986343749618,106.7269705664684,45,45,1.0,14,2,5,1,1.0
10.741860769464234,106.73790365482628,45,45,1.0,14,2,5,1,1.0
10.752408891679814,106.7022703818112,22,34,1.0,14,2,5,1,0.6471
10.786216596454729,106.71836665482697,40,40,1.0,14,2,5,1,1.0
10.78948793356203,106.7151883818118,36,36,1.0,14,2,5,1,1.0
10.80223925742187,106.6478722259914,28,41,1.0,14,2,5,1,0.6829
10.813928881466124,106.66511432455972,22,34,0.999713,14,2,5,1,0.6471
10.755608615763382,106.67347943578082,17,26,1.0,14,2,5,1,0.6538
10.782680856341084,106.70051548181168,18,30,1.0,14,2,5,1,0.6
10.754895139302109,106.67839188181134,20,32,1.0,14,3,5,1,0.625
10.785070445194592,106.68331340921324,14,28,1.0,14,3,5,1,0.5
10.7549373008113,106.67848844133415,20,32,1.0,14,3,5,1,0.625
10.77898143649726,106.67684447140958,22,34,1.0,14,3,5,1,0.6471
10.7671128283867,106.6927618222887,20,20,1.0,14,3,5,1,1.0
10.77847212665258,106.69389510879644,28,41,1.0,14,3,5,1,0.6829
10.796057790235078,106.67492629345334,21,34,1.0,14,3,5,1,0.6176
10.8352982156415,106.72935479345392,35,42,0.998554,14,3,5,1,0.8333
10.777562007197462,106.7041335430398,19,31,1.0,14,3,5,1,0.6129
10.83886351241477,106.67566625482782,27,36,1.0,14,3,5,1,0.75
10.765187049751797,106.67550552599072,26,35,1.0,14,3,5,1,0.7429
10.75948437198232,106.6840537511244,20,27,1.0,14,3,5,1,0.7407
10.865229381280963,106.72366973948476,37,49,1.0,14,3,5,1,0.7551
10.72279213640514,106.72808623948244,26,38,0.998218,14,3,5,1,0.6842
10.823400120373712,106.68551227436063,20,31,1.0,14,3,5,1,0.6452
10.756158554057755,106.66631758181126,17,29,1.0,14,3,5,1,0.5862
10.7144382088356,106.73711688366168,24,35,1.0,14,4,5,1,0.6857
10.817236653231737,106.63191539530456,20,35,1.0,14,4,5,1,0.5714
10.772727584493625,106.69804225297564,15,24,0.998765,14,6,5,1,0.625
10.774028664434528,106.70357076461706,21,28,1.0,14,6,5,1,0.75
10.752616652291238,106.72509685338922,31,39,1.0,14,6,5,1,0.7949
10.745754766198267,106.65326266831876,42,42,1.0,14,6,5,1,1.0
10.94927106740351,106.87196348224562,32,42,1.0,14,6,5,1,0.7619
10.78866360854368,106.695513722289,33,42,1.0,14,6,5,1,0.7857
10.801406421807084,106.7114844087968,33,42,1.0,14,6,5,1,0.7857
10.843150534972033,106.6151343241409,21,35,1.0,14,6,5,1,0.6
10.880537767027526,106.81481342866444,43,53,1.0,14,6,5,1,0.8113
10.740840166521664,106.61899246873142,26,35,1.0,14,6,5,1,0.7429
10.798986343749618,106.7269705664684,45,45,1.0,14,6,5,1,1.0
10.741860769464234,106.73790365482628,45,45,1.0,14,6,5,1,1.0
10.752408891679814,106.7022703818112,24,33,1.0,14,6,5,1,0.7273
10.786216596454729,106.71836665482697,40,40,1.0,14,6,5,1,1.0
10.78948793356203,106.7151883818118,36,36,1.0,14,6,5,1,1.0
10.80223925742187,106.6478722259914,25,41,1.0,14,6,5,1,0.6098
10.813928881466124,106.66511432455972,21,34,0.999713,14,6,5,1,0.6176
10.755608615763382,106.67347943578082,19,27,1.0,14,6,5,1,0.7037
10.782680856341084,106.70051548181168,18,30,1.0,14,6,5,1,0.6
10.754895139302109,106.67839188181134,20,33,1.0,14,6,5,1,0.6061
10.785070445194592,106.68331340921324,13,27,1.0,14,6,5,1,0.4815
10.7549373008113,106.67848844133415,20,33,1.0,14,7,5,1,0.6061
10.77898143649726,106.67684447140958,22,34,1.0,14,7,5,1,0.6471
10.7671128283867,106.6927618222887,20,20,1.0,14,7,5,1,1.0
10.77847212665258,106.69389510879644,29,42,1.0,14,7,5,1,0.6905
10.796057790235078,106.67492629345334,19,33,1.0,14,7,5,1,0.5758
10.8352982156415,106.72935479345392,35,42,0.998197,14,7,5,1,0.8333
10.777562007197462,106.7041335430398,18,30,1.0,14,7,5,1,0.6
10.83886351241477,106.67566625482782,26,36,1.0,14,7,5,1,0.7222
10.765187049751797,106.67550552599072,27,36,1.0,14,7,5,1,0.75
10.75948437198232,106.6840537511244,20,28,1.0,14,7,5,1,0.7143
10.865229381280963,106.72366973948476,35,49,1.0,14,7,5,1,0.7143
10.72279213640514,106.72808623948244,25,37,0.998218,14,7,5,1,0.6757
10.823400120373712,106.68551227436063,23,31,1.0,14,7,5,1,0.7419
10.756158554057755,106.66631758181126,21,29,1.0,14,7,5,1,0.7241
10.7144382088356,106.73711688366168,25,35,1.0,14,7,5,1,0.7143
10.817236653231737,106.63191539530456,22,35,1.0,14,7,5,1,0.6286
10.772727584493625,106.69804225297564,15,23,0.998765,14,9,5,1,0.6522
10.774028664434528,106.70357076461706,23,29,1.0,14,9,5,1,0.7931
10.752616652291238,106.72509685338922,29,38,1.0,14,9,5,1,0.7632
10.745754766198267,106.65326266831876,36,43,1.0,14,9,5,1,0.8372
10.94927106740351,106.87196348224562,32,41,1.0,14,9,5,1,0.7805
10.78866360854368,106.695513722289,34,42,1.0,14,9,5,1,0.8095
10.801406421807084,106.7114844087968,34,42,1.0,14,9,5,1,0.8095
10.843150534972033,106.6151343241409,22,35,1.0,14,9,5,1,0.6286
10.880537767027526,106.81481342866444,41,53,1.0,14,10,5,1,0.7736
10.740840166521664,106.61899246873142,27,35,1.0,14,10,5,1,0.7714
10.798986343749618,106.7269705664684,45,45,1.0,14,10,5,1,1.0
10.741860769464234,106.73790365482628,45,45,1.0,14,10,5,1,1.0
10.752408891679814,106.7022703818112,23,33,1.0,14,10,5,1,0.697
10.786216596454729,106.71836665482697,40,40,1.0,14,10,5,1,1.0
10.78948793356203,106.7151883818118,36,36,1.0,14,10,5,1,1.0
10.80223925742187,106.6478722259914,27,41,1.0,14,10,5,1,0.6585
10.813928881466124,106.66511432455972,20,34,1.0,14,10,5,1,0.5882
10.755608615763382,106.67347943578082,20,28,1.0,14,10,5,1,0.7143
10.782680856341084,106.70051548181168,18,30,1.0,14,10,5,1,0.6
10.754895139302109,106.67839188181134,20,32,1.0,14,10,5,1,0.625
10.785070445194592,106.68331340921324,15,27,1.0,14,10,5,1,0.5556
10.7549373008113,106.67848844133415,19,33,1.0,14,10,5,1,0.5758
10.77898143649726,106.67684447140958,21,34,1.0,14,10,5,1,0.6176
10.7671128283867,106.6927618222887,12,19,1.0,14,10,5,1,0.6316
10.77847212665258,106.69389510879644,28,42,1.0,14,10,5,1,0.6667
10.796057790235078,106.67492629345334,20,34,1.0,14,10,5,1,0.5882
10.8352982156415,106.72935479345392,35,42,0.998559,14,10,5,1,0.8333
10.777562007197462,106.7041335430398,18,30,1.0,14,10,5,1,0.6
10.83886351241477,106.67566625482782,26,36,1.0,14,11,5,1,0.7222
10.765187049751797,106.67550552599072,24,35,1.0,14,11,5,1,0.6857
10.75948437198232,106.6840537511244,21,28,1.0,14,11,5,1,0.75
10.865229381280963,106.72366973948476,34,49,1.0,14,11,5,1,0.6939
10.72279213640514,106.72808623948244,27,37,0.998476,14,11,5,1,0.7297
10.823400120373712,106.68551227436063,25,31,1.0,14,11,5,1,0.8065
10.756158554057755,106.66631758181126,20,29,1.0,14,11,5,1,0.6897
10.7144382088356,106.73711688366168,26,35,1.0,14,11,5,1,0.7429
10.817236653231737,106.63191539530456,22,35,1.0,14,11,5,1,0.6286
10.772727584493625,106.69804225297564,15,24,0.998765,14,13,5,1,0.625
10.774028664434528,106.70357076461706,16,28,1.0,14,13,5,1,0.5714
10.752616652291238,106.72509685338922,32,39,1.0,14,13,5,1,0.8205
10.745754766198267,106.65326266831876,36,42,1.0,14,13,5,1,0.8571
10.94927106740351,106.87196348224562,28,41,1.0,14,13,5,1,0.6829
10.78866360854368,106.695513722289,34,42,1.0,14,13,5,1,0.8095
10.801406421807084,106.7114844087968,34,42,1.0,14,13,5,1,0.8095
10.843150534972033,106.6151343241409,21,35,1.0,14,13,5,1,0.6
10.880537767027526,106.81481342866444,42,53,1.0,14,13,5,1,0.7925
10.740840166521664,106.61899246873142,27,35,1.0,14,13,5,1,0.7714
10.798986343749618,106.7269705664684,45,45,1.0,14,13,5,1,1.0
10.741860769464234,106.73790365482628,45,45,1.0,14,13,5,1,1.0
10.752408891679814,106.7022703818112,25,33,1.0,14,13,5,1,0.7576
10.786216596454729,106.71836665482697,40,40,1.0,14,13,5,1,1.0
10.78948793356203,106.7151883818118,27,36,1.0,14,13,5,1,0.75
10.80223925742187,106.6478722259914,28,41,1.0,14,13,5,1,0.6829
10.813928881466124,106.66511432455972,20,34,1.0,14,13,5,1,0.5882
10.755608615763382,106.67347943578082,20,27,1.0,14,13,5,1,0.7407
10.782680856341084,106.70051548181168,18,30,1.0,14,13,5,1,0.6
10.754895139302109,106.67839188181134,22,32,1.0,14,13,5,1,0.6875
10.785070445194592,106.68331340921324,14,28,1.0,14,13,5,1,0.5
10.7549373008113,106.67848844133415,22,32,1.0,14,13,5,1,0.6875
10.77898143649726,106.67684447140958,22,34,1.0,14,14,5,1,0.6471
10.7671128283867,106.6927618222887,15,20,1.0,14,14,5,1,0.75
10.77847212665258,106.69389510879644,28,42,1.0,14,14,5,1,0.6667
10.796057790235078,106.67492629345334,20,34,1.0,14,14,5,1,0.5882
10.8352982156415,106.72935479345392,35,42,0.998378,14,14,5,1,0.8333
10.777562007197462,106.7041335430398,18,30,1.0,14,14,5,1,0.6
10.83886351241477,106.67566625482782,26,36,1.0,14,14,5,1,0.7222
10.765187049751797,106.67550552599072,26,36,1.0,14,14,5,1,0.7222
10.75948437198232,106.6840537511244,21,27,1.0,14,14,5,1,0.7778
10.865229381280963,106.72366973948476,34,49,1.0,14,14,5,1,0.6939
10.72279213640514,106.72808623948244,25,37,0.997902,14,14,5,1,0.6757
10.823400120373712,106.68551227436063,22,31,1.0,14,14,5,1,0.7097
10.756158554057755,106.66631758181126,17,29,1.0,14,14,5,1,0.5862
10.7144382088356,106.73711688366168,25,35,1.0,14,14,5,1,0.7143
10.817236653231737,106.63191539530456,22,35,1.0,14,14,5,1,0.6286
10.772727584493625,106.69804225297564,14,23,0.998765,14,16,5,1,0.6087
10.774028664434528,106.70357076461706,18,28,1.0,14,16,5,1,0.6429
10.752616652291238,106.72509685338922,38,42,1.0,14,16,5,1,0.9048
10.745754766198267,106.65326266831876,36,43,1.0,14,16,5,1,0.8372
10.94927106740351,106.87196348224562,30,41,1.0,14,16,5,1,0.7317
10.78866360854368,106.695513722289,32,41,1.0,14,16,5,1,0.7805
10.801406421807084,106.7114844087968,32,41,1.0,14,16,5,1,0.7805
10.843150534972033,106.6151343241409,21,35,1.0,14,16,5,1,0.6
10.880537767027526,106.81481342866444,41,53,1.0,14,16,5,1,0.7736
10.740840166521664,106.61899246873142,27,35,1.0,14,16,5,1,0.7714
10.798986343749618,106.7269705664684,45,45,1.0,14,16,5,1,1.0
10.741860769464234,106.73790365482628,45,45,1.0,14,16,5,1,1.0
10.752408891679814,106.7022703818112,25,34,1.0,14,16,5,1,0.7353
10.786216596454729,106.71836665482697,40,40,1.0,14,16,5,1,1.0
10.78948793356203,106.7151883818118,36,36,1.0,14,17,5,1,1.0
10.80223925742187,106.6478722259914,27,40,1.0,14,17,5,1,0.675
10.813928881466124,106.66511432455972,21,34,1.0,14,17,5,1,0.6176
10.755608615763382,106.67347943578082,20,27,1.0,14,17,5,1,0.7407
10.782680856341084,106.70051548181168,19,30,1.0,14,17,5,1,0.6333
10.754895139302109,106.67839188181134,20,33,1.0,14,17,5,1,0.6061
10.785070445194592,106.68331340921324,12,28,1.0,14,17,5,1,0.4286
10.7549373008113,106.67848844133415,20,33,1.0,14,17,5,1,0.6061
10.77898143649726,106.67684447140958,23,34,1.0,14,17,5,1,0.6765
10.7671128283867,106.6927618222887,15,19,1.0,14,17,5,1,0.7895
10.77847212665258,106.69389510879644,26,41,1.0,14,17,5,1,0.6341
10.796057790235078,106.67492629345334,21,34,1.0,14,17,5,1,0.6176
10.8352982156415,106.72935479345392,35,42,0.998358,14,17,5,1,0.8333
10.777562007197462,106.7041335430398,19,30,1.0,14,17,5,1,0.6333
10.83886351241477,106.67566625482782,25,36,1.0,14,17,5,1,0.6944
10.765187049751797,106.67550552599072,25,36,1.0,14,17,5,1,0.6944
10.75948437198232,106.6840537511244,21,28,1.0,14,17,5,1,0.75
10.865229381280963,106.72366973948476,34,49,1.0,14,17,5,1,0.6939
10.72279213640514,106.72808623948244,25,37,0.996723,14,17,5,1,0.6757
10.823400120373712,106.68551227436063,20,31,1.0,14,18,5,1,0.6452
10.756158554057755,106.66631758181126,23,30,1.0,14,18,5,1,0.7667
10.7144382088356,106.73711688366168,23,35,1.0,14,18,5,1,0.6571
10.817236653231737,106.63191539530456,21,35,1.0,14,18,5,1,0.6
10.772727584493625,106.69804225297564,14,24,0.998765,14,20,5,1,0.5833
10.774028664434528,106.70357076461706,20,28,1.0,14,20,5,1,0.7143
10.752616652291238,106.72509685338922,30,39,1.0,14,20,5,1,0.7692
10.745754766198267,106.65326266831876,36,42,1.0,14,20,5,1,0.8571
10.94927106740351,106.87196348224562,30,42,1.0,14,20,5,1,0.7143
10.78866360854368,106.695513722289,33,41,1.0,14,20,5,1,0.8049
10.801406421807084,106.7114844087968,33,41,1.0,14,20,5,1,0.8049
10.843150534972033,106.6151343241409,22,35,1.0,14,20,5,1,0.6286
10.880537767027526,106.81481342866444,41,52,1.0,14,20,5,1,0.7885
10.740840166521664,106.61899246873142,26,35,1.0,14,20,5,1,0.7429
10.798986343749618,106.7269705664684,45,45,1.0,14,20,5,1,1.0
10.741860769464234,106.73790365482628,45,45,1.0,14,20,5,1,1.0
10.752408891679814,106.7022703818112,24,34,1.0,14,20,5,1,0.7059
10.786216596454729,106.71836665482697,40,40,1.0,14,20,5,1,1.0
10.78948793356203,106.7151883818118,36,36,1.0,14,20,5,1,1.0
10.80223925742187,106.6478722259914,27,41,1.0,14,20,5,1,0.6585
10.813928881466124,106.66511432455972,21,34,1.0,14,20,5,1,0.6176
10.755608615763382,106.67347943578082,18,28,0.998943,14,20,5,1,0.6429
10.782680856341084,106.70051548181168,17,30,1.0,14,20,5,1,0.5667
10.754895139302109,106.67839188181134,21,32,1.0,14,20,5,1,0.6562
10.785070445194592,106.68331340921324,12,27,1.0,14,20,5,1,0.4444
10.7549373008113,106.67848844133415,21,32,1.0,14,20,5,1,0.6562
10.77898143649726,106.67684447140958,22,34,1.0,14,20,5,1,0.6471
10.7671128283867,106.6927618222887,15,20,1.0,14,20,5,1,0.75
10.77847212665258,106.69389510879644,26,42,1.0,14,21,5,1,0.619
10.796057790235078,106.67492629345334,21,34,1.0,14,21,5,1,0.6176
10.8352982156415,106.72935479345392,36,42,0.998321,14,21,5,1,0.8571
10.777562007197462,106.7041335430398,17,30,1.0,14,21,5,1,0.5667
10.83886351241477,106.67566625482782,27,36,1.0,14,21,5,1,0.75
10.765187049751797,106.67550552599072,36,36,1.0,14,21,5,1,1.0
10.75948437198232,106.6840537511244,18,28,0.998943,14,21,5,1,0.6429
10.865229381280963,106.72366973948476,34,49,1.0,14,21,5,1,0.6939
10.72279213640514,106.72808623948244,25,37,0.997702,14,21,5,1,0.6757
10.823400120373712,106.68551227436063,19,31,1.0,14,21,5,1,0.6129
10.756158554057755,106.66631758181126,23,28,1.0,14,21,5,1,0.8214
10.7144382088356,106.73711688366168,24,35,1.0,14,21,5,1,0.6857
10.817236653231737,106.63191539530456,22,35,1.0,14,21,5,1,0.6286
10.772727584493625,106.69804225297564,15,23,1.0,14,23,5,1,0.6522
10.774028664434528,106.70357076461706,14,28,1.0,14,23,5,1,0.5
10.752616652291238,106.72509685338922,39,39,1.0,14,23,5,1,1.0
10.745754766198267,106.65326266831876,42,42,1.0,14,23,5,1,1.0
10.94927106740351,106.87196348224562,29,41,1.0,14,23,5,1,0.7073
10.78866360854368,106.695513722289,34,42,1.0,14,23,5,1,0.8095
10.801406421807084,106.7114844087968,34,42,1.0,14,23,5,1,0.8095
10.843150534972033,106.6151343241409,22,35,1.0,14,23,5,1,0.6286
10.880537767027526,106.81481342866444,42,54,1.0,14,23,5,1,0.7778
10.740840166521664,106.61899246873142,25,35,1.0,14,23,5,1,0.7143
10.798986343749618,106.7269705664684,45,45,1.0,14,23,5,1,1.0
10.741860769464234,106.73790365482628,45,45,1.0,14,23,5,1,1.0
10.752408891679814,106.7022703818112,24,34,1.0,14,23,5,1,0.7059
10.786216596454729,106.71836665482697,40,40,1.0,14,23,5,1,1.0
10.78948793356203,106.7151883818118,36,36,1.0,14,24,5,1,1.0
10.80223925742187,106.6478722259914,28,41,1.0,14,24,5,1,0.6829
10.813928881466124,106.66511432455972,20,34,0.998691,14,24,5,1,0.5882
10.755608615763382,106.67347943578082,17,27,1.0,14,24,5,1,0.6296
10.782680856341084,106.70051548181168,16,30,1.0,14,24,5,1,0.5333
10.754895139302109,106.67839188181134,21,32,1.0,14,24,5,1,0.6562
10.785070445194592,106.68331340921324,10,28,1.0,14,24,5,1,0.3571
10.7549373008113,106.67848844133415,21,32,1.0,14,24,5,1,0.6562
10.77898143649726,106.67684447140958,22,34,1.0,14,24,5,1,0.6471
10.7671128283867,106.6927618222887,14,20,1.0,14,24,5,1,0.7
10.77847212665258,106.69389510879644,27,42,1.0,14,24,5,1,0.6429
10.796057790235078,106.67492629345334,20,34,0.998691,14,24,5,1,0.5882
10.8352982156415,106.72935479345392,32,42,0.998162,14,24,5,1,0.7619
10.777562007197462,106.7041335430398,17,30,1.0,14,24,5,1,0.5667
10.83886351241477,106.67566625482782,27,37,1.0,14,24,5,1,0.7297
10.765187049751797,106.67550552599072,21,35,1.0,14,24,5,1,0.6
10.75948437198232,106.6840537511244,17,27,1.0,14,24,5,1,0.6296
10.865229381280963,106.72366973948476,36,49,1.0,14,24,5,1,0.7347
10.72279213640514,106.72808623948244,26,37,0.996472,14,25,5,1,0.7027
10.823400120373712,106.68551227436063,22,31,1.0,14,25,5,1,0.7097
10.756158554057755,106.66631758181126,23,28,1.0,14,25,5,1,0.8214
10.7144382088356,106.73711688366168,24,35,1.0,14,25,5,1,0.6857
10.817236653231737,106.63191539530456,23,35,1.0,14,25,5,1,0.6571
10.772727584493625,106.69804225297564,15,24,0.998765,14,27,5,1,0.625
10.774028664434528,106.70357076461706,29,29,1.0,14,27,5,1,1.0
10.752616652291238,106.72509685338922,30,40,1.0,14,27,5,1,0.75
10.745754766198267,106.65326266831876,34,43,1.0,14,27,5,1,0.7907
10.94927106740351,106.87196348224562,24,41,1.0,14,27,5,1,0.5854
10.78866360854368,106.695513722289,33,42,1.0,14,27,5,1,0.7857
10.801406421807084,106.7114844087968,33,42,1.0,14,27,5,1,0.7857
10.843150534972033,106.6151343241409,22,35,1.0,14,27,5,1,0.6286
10.880537767027526,106.81481342866444,43,54,1.0,14,27,5,1,0.7963
10.740840166521664,106.61899246873142,25,35,1.0,14,27,5,1,0.7143
10.798986343749618,106.7269705664684,45,45,1.0,14,27,5,1,1.0
10.741860769464234,106.73790365482628,45,45,1.0,14,28,5,1,1.0
10.752408891679814,106.7022703818112,22,33,1.0,14,28,5,1,0.6667
10.786216596454729,106.71836665482697,40,40,1.0,14,28,5,1,1.0
10.78948793356203,106.7151883818118,36,36,1.0,14,28,5,1,1.0
10.80223925742187,106.6478722259914,28,40,1.0,14,28,5,1,0.7
10.813928881466124,106.66511432455972,19,34,0.999713,14,28,5,1,0.5588
10.755608615763382,106.67347943578082,19,27,1.0,14,28,5,1,0.7037
10.782680856341084,106.70051548181168,18,30,1.0,14,28,5,1,0.6
10.754895139302109,106.67839188181134,19,32,1.0,14,28,5,1,0.5938
10.785070445194592,106.68331340921324,11,26,1.0,14,28,5,1,0.4231
10.7549373008113,106.67848844133415,19,32,1.0,14,28,5,1,0.5938
10.77898143649726,106.67684447140958,23,35,1.0,14,28,5,1,0.6571
10.7671128283867,106.6927618222887,12,19,1.0,14,28,5,1,0.6316
10.77847212665258,106.69389510879644,28,41,1.0,14,28,5,1,0.6829
10.796057790235078,106.67492629345334,19,34,0.999713,14,28,5,1,0.5588
10.8352982156415,106.72935479345392,34,42,0.997658,14,28,5,1,0.8095
10.777562007197462,106.7041335430398,18,30,1.0,14,28,5,1,0.6
10.83886351241477,106.67566625482782,28,36,1.0,14,28,5,1,0.7778
10.765187049751797,106.67550552599072,27,36,1.0,14,28,5,1,0.75
10.75948437198232,106.6840537511244,19,28,1.0,14,28,5,1,0.6786
10.865229381280963,106.72366973948476,34,49,1.0,14,28,5,1,0.6939
10.72279213640514,106.72808623948244,25,37,0.995921,14,28,5,1,0.6757
10.823400120373712,106.68551227436063,24,32,1.0,14,28,5,1,0.75
10.756158554057755,106.66631758181126,20,29,1.0,14,28,5,1,0.6897
10.7144382088356,106.73711688366168,25,35,1.0,14,29,5,1,0.7143
10.817236653231737,106.63191539530456,21,35,1.0,14,29,5,1,0.6
10.772727584493625,106.69804225297564,13,24,0.998765,14,31,5,1,0.5417
10.774028664434528,106.70357076461706,29,29,1.0,14,31,5,1,1.0
10.752616652291238,106.72509685338922,39,39,1.0,14,31,5,1,1.0
10.745754766198267,106.65326266831876,36,43,1.0,14,31,5,1,0.8372
10.94927106740351,106.87196348224562,29,41,1.0,14,31,5,1,0.7073
10.78866360854368,106.695513722289,32,42,1.0,14,31,5,1,0.7619
10.801406421807084,106.7114844087968,32,42,1.0,14,31,5,1,0.7619
10.843150534972033,106.6151343241409,21,35,1.0,14,31,5,1,0.6
10.880537767027526,106.81481342866444,42,53,1.0,14,32,5,1,0.7925
10.740840166521664,106.61899246873142,27,35,1.0,14,32,5,1,0.7714
10.798986343749618,106.7269705664684,45,45,1.0,14,32,5,1,1.0
10.741860769464234,106.73790365482628,45,45,1.0,14,32,5,1,1.0
10.752408891679814,106.7022703818112,24,34,1.0,14,32,5,1,0.7059
10.786216596454729,106.71836665482697,40,40,1.0,14,32,5,1,1.0
10.78948793356203,106.7151883818118,36,36,1.0,14,32,5,1,1.0
10.80223925742187,106.6478722259914,26,41,1.0,14,32,5,1,0.6341
10.813928881466124,106.66511432455972,21,34,0.999242,14,32,5,1,0.6176
10.755608615763382,106.67347943578082,16,28,1.0,14,32,5,1,0.5714
10.782680856341084,106.70051548181168,18,30,1.0,14,32,5,1,0.6
10.754895139302109,106.67839188181134,22,32,1.0,14,32,5,1,0.6875
10.785070445194592,106.68331340921324,12,29,1.0,14,32,5,1,0.4138
10.7549373008113,106.67848844133415,22,32,1.0,14,32,5,1,0.6875
10.77898143649726,106.67684447140958,22,34,1.0,14,32,5,1,0.6471
10.7671128283867,106.6927618222887,13,19,1.0,14,32,5,1,0.6842
10.77847212665258,106.69389510879644,28,41,1.0,14,32,5,1,0.6829
10.796057790235078,106.67492629345334,21,34,0.999242,14,32,5,1,0.6176
10.8352982156415,106.72935479345392,35,42,0.997288,14,32,5,1,0.8333
10.777562007197462,106.7041335430398,18,30,1.0,14,32,5,1,0.6
10.83886351241477,106.67566625482782,28,36,1.0,14,32,5,1,0.7778
10.765187049751797,106.67550552599072,26,36,1.0,14,32,5,1,0.7222
10.75948437198232,106.6840537511244,16,27,1.0,14,32,5,1,0.5926
10.865229381280963,106.72366973948476,34,49,1.0,14,32,5,1,0.6939
10.72279213640514,106.72808623948244,26,37,0.997784,14,33,5,1,0.7027
10.823400120373712,106.68551227436063,25,31,1.0,14,33,5,1,0.8065
10.756158554057755,106.66631758181126,22,29,1.0,14,33,5,1,0.7586
10.7144382088356,106.73711688366168,24,35,1.0,14,33,5,1,0.6857
10.817236653231737,106.63191539530456,21,35,1.0,14,33,5,1,0.6
10.772727584493625,106.69804225297564,15,24,0.998765,14,35,5,1,0.625
10.774028664434528,106.70357076461706,16,28,1.0,14,35,5,1,0.5714
10.752616652291238,106.72509685338922,39,39,1.0,14,35,5,1,1.0
10.745754766198267,106.65326266831876,42,42,1.0,14,35,5,1,1.0
10.94927106740351,106.87196348224562,32,42,1.0,14,35,5,1,0.7619
10.78866360854368,106.695513722289,33,42,1.0,14,35,5,1,0.7857
10.801406421807084,106.7114844087968,33,42,1.0,14,35,5,1,0.7857
10.843150534972033,106.6151343241409,22,35,1.0,14,35,5,1,0.6286
10.880537767027526,106.81481342866444,40,53,1.0,14,35,5,1,0.7547
10.740840166521664,106.61899246873142,28,35,1.0,14,35,5,1,0.8
10.798986343749618,106.7269705664684,45,45,1.0,14,35,5,1,1.0
10.741860769464234,106.73790365482628,45,45,1.0,14,35,5,1,1.0
10.752408891679814,106.7022703818112,23,34,1.0,14,35,5,1,0.6765
10.786216596454729,106.71836665482697,40,40,1.0,14,35,5,1,1.0
10.78948793356203,106.7151883818118,36,36,1.0,14,35,5,1,1.0
10.80223925742187,106.6478722259914,27,41,1.0,14,35,5,1,0.6585
10.813928881466124,106.66511432455972,21,34,0.998691,14,35,5,1,0.6176
10.755608615763382,106.67347943578082,19,28,0.997894,14,35,5,1,0.6786
10.782680856341084,106.70051548181168,19,30,1.0,14,35,5,1,0.6333
10.754895139302109,106.67839188181134,22,32,1.0,14,36,5,1,0.6875
10.785070445194592,106.68331340921324,12,27,1.0,14,36,5,1,0.4444
10.7549373008113,106.67848844133415,22,32,1.0,14,36,5,1,0.6875
10.77898143649726,106.67684447140958,21,34,1.0,14,36,5,1,0.6176
10.7671128283867,106.6927618222887,20,20,1.0,14,36,5,1,1.0
10.77847212665258,106.69389510879644,27,41,1.0,14,36,5,1,0.6585
10.796057790235078,106.67492629345334,21,34,0.998691,14,36,5,1,0.6176
10.8352982156415,106.72935479345392,35,42,0.996518,14,36,5,1,0.8333
10.777562007197462,106.7041335430398,19,30,1.0,14,36,5,1,0.6333
10.83886351241477,106.67566625482782,27,35,1.0,14,36,5,1,0.7714
10.765187049751797,106.67550552599072,27,36,1.0,14,36,5,1,0.75
10.75948437198232,106.6840537511244,19,27,1.0,14,36,5,1,0.7037
10.865229381280963,106.72366973948476,33,49,1.0,14,36,5,1,0.6735
10.72279213640514,106.72808623948244,25,37,0.996867,14,36,5,1,0.6757
10.823400120373712,106.68551227436063,24,31,1.0,14,36,5,1,0.7742
10.756158554057755,106.66631758181126,21,29,1.0,14,36,5,1,0.7241
10.7144382088356,106.73711688366168,24,35,1.0,14,36,5,1,0.6857
10.817236653231737,106.63191539530456,21,35,1.0,14,36,5,1,0.6
10.772727584493625,106.69804225297564,16,23,0.998098,14,39,5,1,0.6957
10.774028664434528,106.70357076461706,14,28,1.0,14,39,5,1,0.5
10.752616652291238,106.72509685338922,39,39,1.0,14,39,5,1,1.0
10.745754766198267,106.65326266831876,36,43,1.0,14,39,5,1,0.8372
10.94927106740351,106.87196348224562,42,42,1.0,14,39,5,1,1.0
10.78866360854368,106.695513722289,33,42,1.0,14,39,5,1,0.7857
10.801406421807084,106.7114844087968,33,42,1.0,14,39,5,1,0.7857
10.843150534972033,106.6151343241409,21,35,1.0,14,39,5,1,0.6
10.880537767027526,106.81481342866444,42,53,1.0,14,39,5,1,0.7925
10.740840166521664,106.61899246873142,25,35,1.0,14,39,5,1,0.7143
10.798986343749618,106.7269705664684,45,45,1.0,14,39,5,1,1.0
10.741860769464234,106.73790365482628,45,45,1.0,14,39,5,1,1.0
10.752408891679814,106.7022703818112,22,33,1.0,14,39,5,1,0.6667
10.786216596454729,106.71836665482697,40,40,1.0,14,39,5,1,1.0
10.78948793356203,106.7151883818118,36,36,1.0,14,40,5,1,1.0
10.80223925742187,106.6478722259914,29,41,1.0,14,40,5,1,0.7073
10.813928881466124,106.66511432455972,20,34,0.998954,14,40,5,1,0.5882
10.755608615763382,106.67347943578082,19,28,1.0,14,40,5,1,0.6786
10.782680856341084,106.70051548181168,19,30,1.0,14,40,5,1,0.6333
10.754895139302109,106.67839188181134,20,33,1.0,14,40,5,1,0.6061
10.785070445194592,106.68331340921324,13,26,1.0,14,40,5,1,0.5
10.7549373008113,106.67848844133415,20,33,1.0,14,40,5,1,0.6061
10.77898143649726,106.67684447140958,22,34,1.0,14,40,5,1,0.6471
10.7671128283867,106.6927618222887,15,19,1.0,14,40,5,1,0.7895
10.77847212665258,106.69389510879644,27,41,1.0,14,40,5,1,0.6585
10.796057790235078,106.67492629345334,20,33,1.0,14,40,5,1,0.6061
10.8352982156415,106.72935479345392,34,42,0.996744,14,40,5,1,0.8095
10.777562007197462,106.7041335430398,19,30,1.0,14,40,5,1,0.6333
10.83886351241477,106.67566625482782,27,36,1.0,14,40,5,1,0.75
10.765187049751797,106.67550552599072,26,36,1.0,14,40,5,1,0.7222
10.75948437198232,106.6840537511244,21,28,0.995772,14,40,5,1,0.75
10.865229381280963,106.72366973948476,34,49,1.0,14,40,5,1,0.6939
10.72279213640514,106.72808623948244,26,36,1.0,14,40,5,1,0.7222
10.823400120373712,106.68551227436063,22,31,1.0,14,41,5,1,0.7097
10.756158554057755,106.66631758181126,21,29,1.0,14,41,5,1,0.7241
10.7144382088356,106.73711688366168,25,35,1.0,14,41,5,1,0.7143
10.817236653231737,106.63191539530456,21,35,1.0,14,41,5,1,0.6
10.772727584493625,106.69804225297564,14,24,0.998765,14,43,5,1,0.5833
10.774028664434528,106.70357076461706,17,29,1.0,14,43,5,1,0.5862
10.752616652291238,106.72509685338922,39,39,1.0,14,43,5,1,1.0
10.745754766198267,106.65326266831876,34,42,1.0,14,43,5,1,0.8095
10.94927106740351,106.87196348224562,42,42,1.0,14,43,5,1,1.0
10.78866360854368,106.695513722289,32,41,1.0,14,43,5,1,0.7805
10.801406421807084,106.7114844087968,32,41,1.0,14,43,5,1,0.7805
10.843150534972033,106.6151343241409,21,35,1.0,14,44,5,1,0.6
10.880537767027526,106.81481342866444,41,53,1.0,14,44,5,1,0.7736
10.740840166521664,106.61899246873142,26,35,1.0,14,44,5,1,0.7429
10.798986343749618,106.7269705664684,45,45,1.0,14,44,5,1,1.0
10.741860769464234,106.73790365482628,45,45,1.0,14,44,5,1,1.0
10.752408891679814,106.7022703818112,23,34,1.0,14,44,5,1,0.6765
10.786216596454729,106.71836665482697,40,40,1.0,14,44,5,1,1.0
10.78948793356203,106.7151883818118,29,36,1.0,14,44,5,1,0.8056
10.80223925742187,106.6478722259914,30,40,1.0,14,44,5,1,0.75
10.813928881466124,106.66511432455972,22,34,0.999081,14,44,5,1,0.6471
10.755608615763382,106.67347943578082,20,27,0.994223,14,44,5,1,0.7407
10.782680856341084,106.70051548181168,19,30,1.0,14,44,5,1,0.6333
10.754895139302109,106.67839188181134,21,33,1.0,14,44,5,1,0.6364
10.785070445194592,106.68331340921324,13,28,1.0,14,44,5,1,0.4643
10.7549373008113,106.67848844133415,21,33,1.0,14,44,5,1,0.6364
10.77898143649726,106.67684447140958,23,34,1.0,14,44,5,1,0.6765
10.7671128283867,106.6927618222887,12,19,1.0,14,44,5,1,0.6316
10.77847212665258,106.69389510879644,27,41,1.0,14,44,5,1,0.6585
10.796057790235078,106.67492629345334,22,34,0.999081,14,44,5,1,0.6471
10.8352982156415,106.72935479345392,33,42,0.998558,14,44,5,1,0.7857
10.777562007197462,106.7041335430398,19,30,1.0,14,45,5,1,0.6333
10.83886351241477,106.67566625482782,27,36,1.0,14,45,5,1,0.75
10.765187049751797,106.67550552599072,26,36,1.0,14,45,5,1,0.7222
10.75948437198232,106.6840537511244,19,27,1.0,14,45,5,1,0.7037
10.865229381280963,106.72366973948476,33,49,1.0,14,45,5,1,0.6735
10.72279213640514,106.72808623948244,26,37,0.9971,14,45,5,1,0.7027
10.823400120373712,106.68551227436063,21,31,1.0,14,45,5,1,0.6774
10.756158554057755,106.66631758181126,30,30,1.0,14,45,5,1,1.0
10.7144382088356,106.73711688366168,25,35,1.0,14,45,5,1,0.7143
10.817236653231737,106.63191539530456,22,35,1.0,14,45,5,1,0.6286
10.772727584493625,106.69804225297564,14,25,0.998765,14,47,5,1,0.56
10.774028664434528,106.70357076461706,21,28,1.0,14,47,5,1,0.75
10.752616652291238,106.72509685338922,39,39,1.0,14,47,5,1,1.0
10.745754766198267,106.65326266831876,34,43,1.0,14,47,5,1,0.7907
10.94927106740351,106.87196348224562,32,42,1.0,14,47,5,1,0.7619
10.78866360854368,106.695513722289,34,42,1.0,14,47,5,1,0.8095
10.801406421807084,106.7114844087968,34,42,1.0,14,47,5,1,0.8095
10.843150534972033,106.6151343241409,22,35,1.0,14,47,5,1,0.6286
10.880537767027526,106.81481342866444,41,54,1.0,14,47,5,1,0.7593
10.740840166521664,106.61899246873142,28,35,1.0,14,47,5,1,0.8
10.798986343749618,106.7269705664684,45,45,1.0,14,47,5,1,1.0
10.741860769464234,106.73790365482628,45,45,1.0,14,47,5,1,1.0
10.752408891679814,106.7022703818112,24,34,1.0,14,47,5,1,0.7059
10.786216596454729,106.71836665482697,40,40,1.0,14,47,5,1,1.0
10.78948793356203,106.7151883818118,36,36,1.0,14,47,5,1,1.0
10.80223925742187,106.6478722259914,29,41,1.0,14,47,5,1,0.7073
10.813928881466124,106.66511432455972,22,34,1.0,14,47,5,1,0.6471
10.755608615763382,106.67347943578082,18,27,0.997911,14,47,5,1,0.6667
10.782680856341084,106.70051548181168,19,30,1.0,14,47,5,1,0.6333
10.754895139302109,106.67839188181134,21,32,1.0,14,47,5,1,0.6562
10.785070445194592,106.68331340921324,16,28,1.0,14,47,5,1,0.5714
10.7549373008113,106.67848844133415,21,32,1.0,14,47,5,1,0.6562
10.77898143649726,106.67684447140958,24,34,1.0,14,47,5,1,0.7059
10.7671128283867,106.6927618222887,11,20,1.0,14,47,5,1,0.55
10.77847212665258,106.69389510879644,28,42,1.0,14,48,5,1,0.6667
10.796057790235078,106.67492629345334,21,34,1.0,14,48,5,1,0.6176
10.8352982156415,106.72935479345392,34,42,0.998559,14,48,5,1,0.8095
10.777562007197462,106.7041335430398,19,30,1.0,14,48,5,1,0.6333
10.83886351241477,106.67566625482782,27,36,1.0,14,48,5,1,0.75
10.765187049751797,106.67550552599072,26,36,1.0,14,48,5,1,0.7222
10.75948437198232,106.6840537511244,19,28,0.997894,14,48,5,1,0.6786
10.865229381280963,106.72366973948476,34,49,1.0,14,48,5,1,0.6939
10.72279213640514,106.72808623948244,25,37,0.998601,14,48,5,1,0.6757
10.823400120373712,106.68551227436063,20,31,1.0,14,48,5,1,0.6452
10.756158554057755,106.66631758181126,24,30,1.0,14,48,5,1,0.8
10.7144382088356,106.73711688366168,25,35,1.0,14,48,5,1,0.7143
10.817236653231737,106.63191539530456,22,35,1.0,14,48,5,1,0.6286
10.772727584493625,106.69804225297564,16,24,1.0,14,50,5,1,0.6667
10.774028664434528,106.70357076461706,29,29,1.0,14,50,5,1,1.0
10.752616652291238,106.72509685338922,29,39,1.0,14,50,5,1,0.7436
10.745754766198267,106.65326266831876,35,43,1.0,14,50,5,1,0.814
10.94927106740351,106.87196348224562,42,42,1.0,14,50,5,1,1.0
10.78866360854368,106.695513722289,35,41,1.0,14,50,5,1,0.8537
10.801406421807084,106.7114844087968,35,41,1.0,14,50,5,1,0.8537
10.843150534972033,106.6151343241409,23,35,1.0,14,50,5,1,0.6571
10.880537767027526,106.81481342866444,41,54,1.0,14,50,5,1,0.7593
10.740840166521664,106.61899246873142,28,35,1.0,14,50,5,1,0.8
10.798986343749618,106.7269705664684,45,45,1.0,14,50,5,1,1.0
10.741860769464234,106.73790365482628,45,45,1.0,14,50,5,1,1.0
10.752408891679814,106.7022703818112,23,34,1.0,14,51,5,1,0.6765
10.786216596454729,106.71836665482697,40,40,1.0,14,51,5,1,1.0
10.78948793356203,106.7151883818118,36,36,1.0,14,51,5,1,1.0
10.80223925742187,106.6478722259914,26,40,1.0,14,51,5,1,0.65
10.813928881466124,106.66511432455972,22,33,1.0,14,51,5,1,0.6667
10.755608615763382,106.67347943578082,28,28,1.0,14,51,5,1,1.0
10.782680856341084,106.70051548181168,18,30,1.0,14,51,5,1,0.6
10.754895139302109,106.67839188181134,21,33,1.0,14,51,5,1,0.6364
10.785070445194592,106.68331340921324,14,27,1.0,14,51,5,1,0.5185
10.7549373008113,106.67848844133415,21,33,1.0,14,51,5,1,0.6364
10.77898143649726,106.67684447140958,23,34,1.0,14,51,5,1,0.6765
10.7671128283867,106.6927618222887,15,19,1.0,14,51,5,1,0.7895
10.77847212665258,106.69389510879644,27,42,1.0,14,51,5,1,0.6429
10.796057790235078,106.67492629345334,22,33,1.0,14,51,5,1,0.6667
10.8352982156415,106.72935479345392,34,42,0.998559,14,51,5,1,0.8095
10.777562007197462,106.7041335430398,18,30,1.0,14,51,5,1,0.6
10.83886351241477,106.67566625482782,28,36,1.0,14,51,5,1,0.7778
10.765187049751797,106.67550552599072,25,36,1.0,14,51,5,1,0.6944
10.75948437198232,106.6840537511244,28,28,1.0,14,51,5,1,1.0
10.865229381280963,106.72366973948476,33,49,1.0,14,51,5,1,0.6735
10.72279213640514,106.72808623948244,25,37,1.0,14,51,5,1,0.6757
10.823400120373712,106.68551227436063,23,32,1.0,14,51,5,1,0.7188
10.756158554057755,106.66631758181126,21,29,1.0,14,51,5,1,0.7241
10.7144382088356,106.73711688366168,26,35,1.0,14,51,5,1,0.7429
10.817236653231737,106.63191539530456,23,35,1.0,14,51,5,1,0.6571
10.772727584493625,106.69804225297564,14,24,1.0,14,54,5,1,0.5833
10.774028664434528,106.70357076461706,19,29,1.0,14,54,5,1,0.6552
10.752616652291238,106.72509685338922,38,42,1.0,14,54,5,1,0.9048
10.745754766198267,106.65326266831876,35,43,1.0,14,54,5,1,0.814
10.94927106740351,106.87196348224562,29,41,1.0,14,54,5,1,0.7073
10.78866360854368,106.695513722289,32,41,1.0,14,54,5,1,0.7805
10.801406421807084,106.7114844087968,32,41,1.0,14,54,5,1,0.7805
10.843150534972033,106.6151343241409,21,35,1.0,14,54,5,1,0.6
10.880537767027526,106.81481342866444,39,52,1.0,14,54,5,1,0.75
10.740840166521664,106.61899246873142,27,35,1.0,14,54,5,1,0.7714
10.798986343749618,106.7269705664684,45,45,1.0,14,54,5,1,1.0
10.741860769464234,106.73790365482628,45,45,1.0,14,54,5,1,1.0
10.752408891679814,106.7022703818112,21,34,1.0,14,54,5,1,0.6176
10.786216596454729,106.71836665482697,40,40,1.0,14,54,5,1,1.0
10.78948793356203,106.7151883818118,36,36,1.0,14,54,5,1,1.0
10.80223925742187,106.6478722259914,28,41,1.0,14,54,5,1,0.6829
10.813928881466124,106.66511432455972,23,34,1.0,14,54,5,1,0.6765
10.755608615763382,106.67347943578082,28,28,1.0,14,54,5,1,1.0
10.782680856341084,106.70051548181168,18,30,1.0,14,54,5,1,0.6
10.754895139302109,106.67839188181134,21,32,1.0,14,54,5,1,0.6562
10.785070445194592,106.68331340921324,17,27,1.0,14,54,5,1,0.6296
10.7549373008113,106.67848844133415,21,32,1.0,14,54,5,1,0.6562
10.77898143649726,106.67684447140958,21,34,1.0,14,54,5,1,0.6176
10.7671128283867,106.6927618222887,20,20,1.0,14,54,5,1,1.0
10.77847212665258,106.69389510879644,27,42,1.0,14,54,5,1,0.6429
10.796057790235078,106.67492629345334,23,34,1.0,14,54,5,1,0.6765
10.8352982156415,106.72935479345392,34,42,0.998557,14,54,5,1,0.8095
10.777562007197462,106.7041335430398,18,30,1.0,14,54,5,1,0.6
10.83886351241477,106.67566625482782,25,36,1.0,14,54,5,1,0.6944
10.765187049751797,106.67550552599072,21,36,1.0,14,54,5,1,0.5833
10.75948437198232,106.6840537511244,28,28,1.0,14,55,5,1,1.0
10.865229381280963,106.72366973948476,35,49,1.0,14,55,5,1,0.7143
10.72279213640514,106.72808623948244,25,37,0.999301,14,55,5,1,0.6757
10.823400120373712,106.68551227436063,23,31,1.0,14,55,5,1,0.7419
10.756158554057755,106.66631758181126,21,29,1.0,14,55,5,1,0.7241
10.7144382088356,106.73711688366168,26,35,1.0,14,55,5,1,0.7429
10.817236653231737,106.63191539530456,21,35,1.0,14,55,5,1,0.6
10.772727584493625,106.69804225297564,15,24,1.0,14,57,5,1,0.625
10.774028664434528,106.70357076461706,29,29,1.0,14,57,5,1,1.0
10.752616652291238,106.72509685338922,39,39,1.0,14,57,5,1,1.0
10.745754766198267,106.65326266831876,36,43,1.0,14,57,5,1,0.8372
10.94927106740351,106.87196348224562,29,41,1.0,14,57,5,1,0.7073
10.78866360854368,106.695513722289,32,41,1.0,14,57,5,1,0.7805
10.801406421807084,106.7114844087968,32,41,1.0,14,57,5,1,0.7805
10.843150534972033,106.6151343241409,22,35,1.0,14,57,5,1,0.6286
10.880537767027526,106.81481342866444,40,53,1.0,14,57,5,1,0.7547
10.740840166521664,106.61899246873142,27,35,1.0,14,57,5,1,0.7714
10.798986343749618,106.7269705664684,45,45,1.0,14,57,5,1,1.0
10.741860769464234,106.73790365482628,45,45,1.0,14,57,5,1,1.0
10.752408891679814,106.7022703818112,23,34,1.0,14,57,5,1,0.6765
10.786216596454729,106.71836665482697,40,40,1.0,14,57,5,1,1.0
10.78948793356203,106.7151883818118,36,36,1.0,14,58,5,1,1.0
10.80223925742187,106.6478722259914,27,41,1.0,14,58,5,1,0.6585
10.813928881466124,106.66511432455972,23,34,0.999528,14,58,5,1,0.6765
10.755608615763382,106.67347943578082,19,28,0.998947,14,58,5,1,0.6786
10.782680856341084,106.70051548181168,15,29,1.0,14,58,5,1,0.5172
10.754895139302109,106.67839188181134,21,32,1.0,14,58,5,1,0.6562
10.785070445194592,106.68331340921324,12,27,1.0,14,58,5,1,0.4444
10.7549373008113,106.67848844133415,21,32,1.0,14,58,5,1,0.6562
10.77898143649726,106.67684447140958,22,34,1.0,14,58,5,1,0.6471
10.7671128283867,106.6927618222887,16,20,1.0,14,58,5,1,0.8
10.77847212665258,106.69389510879644,27,42,1.0,14,58,5,1,0.6429
10.796057790235078,106.67492629345334,23,34,0.999528,14,58,5,1,0.6765
10.8352982156415,106.72935479345392,35,42,0.998557,14,58,5,1,0.8333
10.777562007197462,106.7041335430398,15,29,1.0,14,58,5,1,0.5172
10.83886351241477,106.67566625482782,26,36,1.0,14,58,5,1,0.7222
10.765187049751797,106.67550552599072,21,35,1.0,14,58,5,1,0.6
10.75948437198232,106.6840537511244,18,28,0.998943,14,58,5,1,0.6429
10.865229381280963,106.72366973948476,35,49,1.0,14,58,5,1,0.7143
10.72279213640514,106.72808623948244,26,37,1.0,14,58,5,1,0.7027
10.823400120373712,106.68551227436063,24,32,1.0,14,59,5,1,0.75
10.756158554057755,106.66631758181126,21,29,1.0,14,59,5,1,0.7241
10.7144382088356,106.73711688366168,25,35,1.0,14,59,5,1,0.7143
10.817236653231737,106.63191539530456,22,35,1.0,14,59,5,1,0.6286
10.772727584493625,106.69804225297564,15,24,1.0,15,1,5,1,0.625
10.774028664434528,106.70357076461706,16,28,1.0,15,1,5,1,0.5714
10.752616652291238,106.72509685338922,39,39,1.0,15,1,5,1,1.0
10.745754766198267,106.65326266831876,35,43,1.0,15,1,5,1,0.814
10.94927106740351,106.87196348224562,27,42,1.0,15,1,5,1,0.6429
10.78866360854368,106.695513722289,31,41,1.0,15,1,5,1,0.7561
10.801406421807084,106.7114844087968,31,41,1.0,15,1,5,1,0.7561
10.843150534972033,106.6151343241409,22,35,1.0,15,1,5,1,0.6286
10.880537767027526,106.81481342866444,42,53,1.0,15,1,5,1,0.7925
10.740840166521664,106.61899246873142,27,35,1.0,15,1,5,1,0.7714
10.798986343749618,106.7269705664684,45,45,1.0,15,1,5,1,1.0
10.741860769464234,106.73790365482628,45,45,1.0,15,1,5,1,1.0
10.752408891679814,106.7022703818112,23,34,1.0,15,1,5,1,0.6765
10.786216596454729,106.71836665482697,40,40,1.0,15,1,5,1,1.0
10.78948793356203,106.7151883818118,36,36,1.0,15,2,5,1,1.0
10.80223925742187,106.6478722259914,29,41,1.0,15,2,5,1,0.7073
10.813928881466124,106.66511432455972,20,34,0.999244,15,2,5,1,0.5882
10.755608615763382,106.67347943578082,20,27,0.998947,15,2,5,1,0.7407
10.782680856341084,106.70051548181168,16,30,1.0,15,2,5,1,0.5333
10.754895139302109,106.67839188181134,20,32,1.0,15,2,5,1,0.625
10.785070445194592,106.68331340921324,19,28,1.0,15,2,5,1,0.6786
10.7549373008113,106.67848844133415,20,32,1.0,15,2,5,1,0.625
10.77898143649726,106.67684447140958,22,34,1.0,15,2,5,1,0.6471
10.7671128283867,106.6927618222887,20,20,1.0,15,2,5,1,1.0
10.77847212665258,106.69389510879644,27,42,1.0,15,2,5,1,0.6429
10.796057790235078,106.67492629345334,20,33,0.999244,15,2,5,1,0.6061
10.8352982156415,106.72935479345392,34,42,0.998558,15,2,5,1,0.8095
10.777562007197462,106.7041335430398,17,30,1.0,15,2,5,1,0.5667
10.83886351241477,106.67566625482782,26,36,1.0,15,2,5,1,0.7222
10.765187049751797,106.67550552599072,27,35,1.0,15,2,5,1,0.7714
10.75948437198232,106.6840537511244,21,27,0.998951,15,2,5,1,0.7778
10.865229381280963,106.72366973948476,35,49,1.0,15,2,5,1,0.7143
10.72279213640514,106.72808623948244,26,37,1.0,15,2,5,1,0.7027
10.823400120373712,106.68551227436063,23,31,1.0,15,2,5,1,0.7419
10.756158554057755,106.66631758181126,22,30,1.0,15,2,5,1,0.7333
10.7144382088356,106.73711688366168,25,35,1.0,15,2,5,1,0.7143
10.817236653231737,106.63191539530456,21,35,1.0,15,2,5,1,0.6
10.772727584493625,106.69804225297564,16,24,0.999366,15,4,5,1,0.6667
10.774028664434528,106.70357076461706,29,29,1.0,15,4,5,1,1.0
10.752616652291238,106.72509685338922,39,39,1.0,15,4,5,1,1.0
10.745754766198267,106.65326266831876,36,43,1.0,15,4,5,1,0.8372
10.94927106740351,106.87196348224562,28,41,1.0,15,4,5,1,0.6829
10.78866360854368,106.695513722289,31,41,1.0,15,4,5,1,0.7561
10.801406421807084,106.7114844087968,31,41,1.0,15,4,5,1,0.7561
10.843150534972033,106.6151343241409,21,35,1.0,15,4,5,1,0.6
10.880537767027526,106.81481342866444,41,53,1.0,15,4,5,1,0.7736
10.740840166521664,106.61899246873142,27,35,1.0,15,4,5,1,0.7714
10.798986343749618,106.7269705664684,45,45,1.0,15,4,5,1,1.0
10.741860769464234,106.73790365482628,45,45,1.0,15,4,5,1,1.0
10.752408891679814,106.7022703818112,21,33,1.0,15,5,5,1,0.6364
10.786216596454729,106.71836665482697,40,40,1.0,15,5,5,1,1.0
10.78948793356203,106.7151883818118,36,36,1.0,15,5,5,1,1.0
10.80223925742187,106.6478722259914,25,41,1.0,15,5,5,1,0.6098
10.813928881466124,106.66511432455972,21,34,0.998955,15,5,5,1,0.6176
10.755608615763382,106.67347943578082,20,28,0.998951,15,5,5,1,0.7143
10.782680856341084,106.70051548181168,17,30,1.0,15,5,5,1,0.5667
10.754895139302109,106.67839188181134,22,32,1.0,15,5,5,1,0.6875
10.785070445194592,106.68331340921324,17,28,1.0,15,5,5,1,0.6071
10.7549373008113,106.67848844133415,22,32,1.0,15,5,5,1,0.6875
10.77898143649726,106.67684447140958,21,34,1.0,15,5,5,1,0.6176
10.7671128283867,106.6927618222887,20,20,1.0,15,5,5,1,1.0
10.77847212665258,106.69389510879644,26,41,1.0,15,5,5,1,0.6341
10.796057790235078,106.67492629345334,21,34,0.998955,15,5,5,1,0.6176
10.8352982156415,106.72935479345392,36,42,0.998558,15,5,5,1,0.8571
10.777562007197462,106.7041335430398,17,30,1.0,15,5,5,1,0.5667
10.83886351241477,106.67566625482782,27,35,1.0,15,5,5,1,0.7714
10.765187049751797,106.67550552599072,27,35,1.0,15,5,5,1,0.7714
10.75948437198232,106.6840537511244,20,28,0.998951,15,5,5,1,0.7143
10.865229381280963,106.72366973948476,33,49,1.0,15,5,5,1,0.6735
10.72279213640514,106.72808623948244,26,37,0.998476,15,5,5,1,0.7027
10.823400120373712,106.68551227436063,21,31,1.0,15,5,5,1,0.6774
10.756158554057755,106.66631758181126,22,29,1.0,15,5,5,1,0.7586
10.7144382088356,106.73711688366168,25,35,1.0,15,5,5,1,0.7143
10.817236653231737,106.63191539530456,22,35,1.0,15,5,5,1,0.6286
10.772727584493625,106.69804225297564,13,24,1.0,15,8,5,1,0.5417
10.774028664434528,106.70357076461706,20,28,1.0,15,8,5,1,0.7143
10.752616652291238,106.72509685338922,39,39,1.0,15,8,5,1,1.0
10.745754766198267,106.65326266831876,33,43,1.0,15,8,5,1,0.7674
10.94927106740351,106.87196348224562,31,41,1.0,15,8,5,1,0.7561
10.78866360854368,106.695513722289,32,42,1.0,15,8,5,1,0.7619
10.801406421807084,106.7114844087968,32,42,1.0,15,8,5,1,0.7619
10.843150534972033,106.6151343241409,21,35,1.0,15,8,5,1,0.6
10.880537767027526,106.81481342866444,42,53,1.0,15,8,5,1,0.7925
10.740840166521664,106.61899246873142,25,35,1.0,15,8,5,1,0.7143
10.798986343749618,106.7269705664684,45,45,1.0,15,8,5,1,1.0
10.741860769464234,106.73790365482628,45,45,1.0,15,8,5,1,1.0
10.752408891679814,106.7022703818112,23,34,1.0,15,8,5,1,0.6765
10.786216596454729,106.71836665482697,40,40,1.0,15,8,5,1,1.0
10.78948793356203,106.7151883818118,36,36,1.0,15,8,5,1,1.0
10.80223925742187,106.6478722259914,28,40,1.0,15,8,5,1,0.7
10.813928881466124,106.66511432455972,20,34,0.998955,15,8,5,1,0.5882
10.755608615763382,106.67347943578082,19,28,1.0,15,8,5,1,0.6786
10.782680856341084,106.70051548181168,16,29,1.0,15,8,5,1,0.5517
10.754895139302109,106.67839188181134,22,32,1.0,15,9,5,1,0.6875
10.785070445194592,106.68331340921324,17,28,1.0,15,9,5,1,0.6071
10.7549373008113,106.67848844133415,22,32,1.0,15,9,5,1,0.6875
10.77898143649726,106.67684447140958,22,34,1.0,15,9,5,1,0.6471
10.7671128283867,106.6927618222887,20,20,1.0,15,9,5,1,1.0
10.77847212665258,106.69389510879644,27,42,1.0,15,9,5,1,0.6429
10.796057790235078,106.67492629345334,20,34,0.998955,15,9,5,1,0.5882
10.8352982156415,106.72935479345392,34,42,0.998224,15,9,5,1,0.8095
10.777562007197462,106.7041335430398,17,30,1.0,15,9,5,1,0.5667
10.83886351241477,106.67566625482782,25,36,1.0,15,9,5,1,0.6944
10.765187049751797,106.67550552599072,27,36,1.0,15,9,5,1,0.75
10.75948437198232,106.6840537511244,18,27,1.0,15,9,5,1,0.6667
10.865229381280963,106.72366973948476,34,49,1.0,15,10,5,1,0.6939
10.72279213640514,106.72808623948244,26,37,0.997961,15,10,5,1,0.7027
10.823400120373712,106.68551227436063,23,31,1.0,15,10,5,1,0.7419
10.756158554057755,106.66631758181126,22,28,1.0,15,10,5,1,0.7857
10.7144382088356,106.73711688366168,24,35,1.0,15,10,5,1,0.6857
10.817236653231737,106.63191539530456,22,35,1.0,15,10,5,1,0.6286
10.772727584493625,106.69804225297564,17,24,1.0,15,12,5,1,0.7083
10.774028664434528,106.70357076461706,21,28,1.0,15,12,5,1,0.75
10.752616652291238,106.72509685338922,39,39,1.0,15,12,5,1,1.0
10.745754766198267,106.65326266831876,34,43,1.0,15,12,5,1,0.7907
10.94927106740351,106.87196348224562,30,42,1.0,15,12,5,1,0.7143
10.78866360854368,106.695513722289,31,42,1.0,15,12,5,1,0.7381
10.801406421807084,106.7114844087968,31,42,1.0,15,12,5,1,0.7381
10.843150534972033,106.6151343241409,22,35,1.0,15,12,5,1,0.6286
10.880537767027526,106.81481342866444,40,53,1.0,15,12,5,1,0.7547
10.740840166521664,106.61899246873142,26,35,1.0,15,12,5,1,0.7429
10.798986343749618,106.7269705664684,45,45,1.0,15,12,5,1,1.0
10.741860769464234,106.73790365482628,45,45,1.0,15,12,5,1,1.0
10.752408891679814,106.7022703818112,23,33,1.0,15,12,5,1,0.697
10.786216596454729,106.71836665482697,40,40,1.0,15,12,5,1,1.0
10.78948793356203,106.7151883818118,36,36,1.0,15,12,5,1,1.0
10.80223925742187,106.6478722259914,31,40,1.0,15,12,5,1,0.775
10.813928881466124,106.66511432455972,20,34,1.0,15,12,5,1,0.5882
10.755608615763382,106.67347943578082,17,28,1.0,15,12,5,1,0.6071
10.782680856341084,106.70051548181168,18,30,1.0,15,12,5,1,0.6
10.754895139302109,106.67839188181134,20,33,1.0,15,12,5,1,0.6061
10.785070445194592,106.68331340921324,19,28,1.0,15,12,5,1,0.6786
10.7549373008113,106.67848844133415,20,33,1.0,15,13,5,1,0.6061
10.77898143649726,106.67684447140958,23,34,1.0,15,13,5,1,0.6765
10.7671128283867,106.6927618222887,9,19,1.0,15,13,5,1,0.4737
10.77847212665258,106.69389510879644,27,41,1.0,15,13,5,1,0.6585
10.796057790235078,106.67492629345334,20,34,1.0,15,13,5,1,0.5882
10.8352982156415,106.72935479345392,36,42,0.997121,15,13,5,1,0.8571
10.777562007197462,106.7041335430398,18,30,1.0,15,13,5,1,0.6
10.83886351241477,106.67566625482782,26,36,1.0,15,13,5,1,0.7222
10.765187049751797,106.67550552599072,28,36,1.0,15,13,5,1,0.7778
10.75948437198232,106.6840537511244,17,28,1.0,15,13,5,1,0.6071
10.865229381280963,106.72366973948476,33,49,1.0,15,13,5,1,0.6735
10.72279213640514,106.72808623948244,25,37,0.998218,15,13,5,1,0.6757
10.823400120373712,106.68551227436063,25,32,1.0,15,13,5,1,0.7812
10.756158554057755,106.66631758181126,21,29,1.0,15,13,5,1,0.7241
10.7144382088356,106.73711688366168,24,35,1.0,15,13,5,1,0.6857
10.817236653231737,106.63191539530456,21,35,1.0,15,13,5,1,0.6
10.772727584493625,106.69804225297564,14,23,0.998765,15,15,5,1,0.6087
10.774028664434528,106.70357076461706,21,28,1.0,15,15,5,1,0.75
10.752616652291238,106.72509685338922,39,39,1.0,15,15,5,1,1.0
10.745754766198267,106.65326266831876,37,42,1.0,15,15,5,1,0.881
10.94927106740351,106.87196348224562,27,40,1.0,15,15,5,1,0.675
10.78866360854368,106.695513722289,31,42,1.0,15,15,5,1,0.7381
10.801406421807084,106.7114844087968,31,42,1.0,15,15,5,1,0.7381
10.843150534972033,106.6151343241409,22,35,1.0,15,15,5,1,0.6286
10.880537767027526,106.81481342866444,40,53,1.0,15,15,5,1,0.7547
10.740840166521664,106.61899246873142,27,35,1.0,15,15,5,1,0.7714
10.798986343749618,106.7269705664684,45,45,1.0,15,15,5,1,1.0
10.741860769464234,106.73790365482628,45,45,1.0,15,15,5,1,1.0
10.752408891679814,106.7022703818112,22,34,1.0,15,16,5,1,0.6471
10.786216596454729,106.71836665482697,40,40,1.0,15,16,5,1,1.0
10.78948793356203,106.7151883818118,36,36,1.0,15,16,5,1,1.0
10.80223925742187,106.6478722259914,29,41,1.0,15,16,5,1,0.7073
10.813928881466124,106.66511432455972,19,34,0.998955,15,16,5,1,0.5588
10.755608615763382,106.67347943578082,18,27,0.997886,15,16,5,1,0.6667
10.782680856341084,106.70051548181168,17,30,1.0,15,16,5,1,0.5667
10.754895139302109,106.67839188181134,21,32,1.0,15,16,5,1,0.6562
10.785070445194592,106.68331340921324,17,27,1.0,15,16,5,1,0.6296
10.7549373008113,106.67848844133415,21,32,1.0,15,16,5,1,0.6562
10.77898143649726,106.67684447140958,22,34,1.0,15,16,5,1,0.6471
10.7671128283867,106.6927618222887,15,20,1.0,15,16,5,1,0.75
10.77847212665258,106.69389510879644,28,42,1.0,15,16,5,1,0.6667
10.796057790235078,106.67492629345334,19,34,0.998955,15,16,5,1,0.5588
10.8352982156415,106.72935479345392,35,42,0.996751,15,16,5,1,0.8333
10.777562007197462,106.7041335430398,18,30,1.0,15,16,5,1,0.6
10.83886351241477,106.67566625482782,26,36,1.0,15,16,5,1,0.7222
10.765187049751797,106.67550552599072,27,36,1.0,15,16,5,1,0.75
10.75948437198232,106.6840537511244,18,27,0.997901,15,16,5,1,0.6667
10.865229381280963,106.72366973948476,33,49,1.0,15,16,5,1,0.6735
10.72279213640514,106.72808623948244,26,37,0.998015,15,16,5,1,0.7027
10.823400120373712,106.68551227436063,21,31,1.0,15,16,5,1,0.6774
10.756158554057755,106.66631758181126,19,30,1.0,15,16,5,1,0.6333
10.7144382088356,106.73711688366168,25,35,1.0,15,16,5,1,0.7143
10.817236653231737,106.63191539530456,23,35,1.0,15,16,5,1,0.6571
10.772727584493625,106.69804225297564,14,23,0.998765,15,19,5,1,0.6087
10.774028664434528,106.70357076461706,17,27,1.0,15,19,5,1,0.6296
10.752616652291238,106.72509685338922,39,39,1.0,15,19,5,1,1.0
10.745754766198267,106.65326266831876,35,43,1.0,15,19,5,1,0.814
10.94927106740351,106.87196348224562,26,41,1.0,15,19,5,1,0.6341
10.78866360854368,106.695513722289,33,41,1.0,15,19,5,1,0.8049
10.801406421807084,106.7114844087968,32,42,1.0,15,19,5,1,0.7619
10.843150534972033,106.6151343241409,22,34,1.0,15,19,5,1,0.6471
10.880537767027526,106.81481342866444,41,53,1.0,15,19,5,1,0.7736
10.740840166521664,106.61899246873142,27,35,1.0,15,19,5,1,0.7714
10.798986343749618,106.7269705664684,45,45,1.0,15,19,5,1,1.0
10.741860769464234,106.73790365482628,39,44,1.0,15,19,5,1,0.8864
10.752408891679814,106.7022703818112,23,34,1.0,15,19,5,1,0.6765
10.786216596454729,106.71836665482697,40,40,1.0,15,19,5,1,1.0
10.78948793356203,106.7151883818118,36,36,1.0,15,19,5,1,1.0
10.80223925742187,106.6478722259914,29,41,1.0,15,19,5,1,0.7073
10.813928881466124,106.66511432455972,20,34,0.999235,15,19,5,1,0.5882
10.755608615763382,106.67347943578082,18,28,0.998939,15,19,5,1,0.6429
10.782680856341084,106.70051548181168,19,30,1.0,15,19,5,1,0.6333
10.754895139302109,106.67839188181134,21,33,1.0,15,19,5,1,0.6364
10.785070445194592,106.68331340921324,19,28,1.0,15,19,5,1,0.6786
10.7549373008113,106.67848844133415,21,33,1.0,15,19,5,1,0.6364
10.77898143649726,106.67684447140958,22,34,1.0,15,19,5,1,0.6471
10.7671128283867,106.6927618222887,20,20,1.0,15,19,5,1,1.0
10.77847212665258,106.69389510879644,27,41,1.0,15,19,5,1,0.6585
10.796057790235078,106.67492629345334,20,34,0.999235,15,19,5,1,0.5882
10.8352982156415,106.72935479345392,34,42,0.996273,15,19,5,1,0.8095
10.777562007197462,106.7041335430398,19,30,1.0,15,19,5,1,0.6333
10.83886351241477,106.67566625482782,26,36,1.0,15,19,5,1,0.7222
10.765187049751797,106.67550552599072,23,35,1.0,15,20,5,1,0.6571
10.75948437198232,106.6840537511244,18,28,0.998939,15,20,5,1,0.6429
10.865229381280963,106.72366973948476,36,49,1.0,15,20,5,1,0.7347
10.72279213640514,106.72808623948244,27,37,0.997961,15,20,5,1,0.7297
10.823400120373712,106.68551227436063,19,32,1.0,15,20,5,1,0.5938
10.756158554057755,106.66631758181126,24,30,1.0,15,20,5,1,0.8
10.7144382088356,106.73711688366168,25,35,1.0,15,20,5,1,0.7143
10.817236653231737,106.63191539530456,22,35,1.0,15,20,5,1,0.6286
10.772727584493625,106.69804225297564,13,23,0.998765,15,22,5,1,0.5652
10.774028664434528,106.70357076461706,16,28,1.0,15,22,5,1,0.5714
10.752616652291238,106.72509685338922,29,39,1.0,15,22,5,1,0.7436
10.745754766198267,106.65326266831876,37,43,1.0,15,22,5,1,0.8605
10.94927106740351,106.87196348224562,26,41,1.0,15,22,5,1,0.6341
10.78866360854368,106.695513722289,32,41,1.0,15,22,5,1,0.7805
10.801406421807084,106.7114844087968,32,41,1.0,15,22,5,1,0.7805
10.843150534972033,106.6151343241409,22,35,1.0,15,22,5,1,0.6286
10.880537767027526,106.81481342866444,39,53,1.0,15,22,5,1,0.7358
10.740840166521664,106.61899246873142,25,35,1.0,15,22,5,1,0.7143
10.798986343749618,106.7269705664684,45,45,1.0,15,22,5,1,1.0
10.741860769464234,106.73790365482628,37,44,1.0,15,22,5,1,0.8409
10.752408891679814,106.7022703818112,21,34,1.0,15,22,5,1,0.6176
10.786216596454729,106.71836665482697,40,40,1.0,15,22,5,1,1.0
10.78948793356203,106.7151883818118,36,36,1.0,15,22,5,1,1.0
10.80223925742187,106.6478722259914,28,41,1.0,15,22,5,1,0.6829
10.813928881466124,106.66511432455972,21,34,0.998919,15,22,5,1,0.6176
10.755608615763382,106.67347943578082,17,27,0.998951,15,22,5,1,0.6296
10.782680856341084,106.70051548181168,18,30,1.0,15,22,5,1,0.6
10.754895139302109,106.67839188181134,21,32,1.0,15,22,5,1,0.6562
10.785070445194592,106.68331340921324,14,28,1.0,15,22,5,1,0.5
10.7549373008113,106.67848844133415,21,32,1.0,15,22,5,1,0.6562
10.77898143649726,106.67684447140958,21,34,1.0,15,22,5,1,0.6176
10.7671128283867,106.6927618222887,20,20,1.0,15,23,5,1,1.0
10.77847212665258,106.69389510879644,27,42,1.0,15,23,5,1,0.6429
10.796057790235078,106.67492629345334,21,34,0.998919,15,23,5,1,0.6176
10.8352982156415,106.72935479345392,35,42,0.996404,15,23,5,1,0.8333
10.777562007197462,106.7041335430398,18,30,1.0,15,23,5,1,0.6
10.83886351241477,106.67566625482782,25,36,1.0,15,23,5,1,0.6944
10.765187049751797,106.67550552599072,24,36,1.0,15,23,5,1,0.6667
10.75948437198232,106.6840537511244,17,27,0.998951,15,23,5,1,0.6296
10.865229381280963,106.72366973948476,33,49,1.0,15,23,5,1,0.6735
10.72279213640514,106.72808623948244,25,37,0.997961,15,23,5,1,0.6757
10.823400120373712,106.68551227436063,24,32,1.0,15,23,5,1,0.75
10.756158554057755,106.66631758181126,20,30,1.0,15,23,5,1,0.6667
10.7144382088356,106.73711688366168,25,35,1.0,15,24,5,1,0.7143
10.817236653231737,106.63191539530456,22,35,1.0,15,24,5,1,0.6286
10.772727584493625,106.69804225297564,14,25,0.998765,15,26,5,1,0.56
10.774028664434528,106.70357076461706,20,29,1.0,15,26,5,1,0.6897
10.752616652291238,106.72509685338922,27,38,1.0,15,26,5,1,0.7105
10.745754766198267,106.65326266831876,35,43,1.0,15,26,5,1,0.814
10.94927106740351,106.87196348224562,31,41,1.0,15,26,5,1,0.7561
10.78866360854368,106.695513722289,31,42,1.0,15,26,5,1,0.7381
10.801406421807084,106.7114844087968,31,42,1.0,15,26,5,1,0.7381
10.843150534972033,106.6151343241409,21,35,1.0,15,26,5,1,0.6
10.880537767027526,106.81481342866444,42,53,1.0,15,26,5,1,0.7925
10.740840166521664,106.61899246873142,27,35,1.0,15,26,5,1,0.7714
10.798986343749618,106.7269705664684,45,45,1.0,15,26,5,1,1.0
10.741860769464234,106.73790365482628,45,45,1.0,15,26,5,1,1.0
10.752408891679814,106.7022703818112,20,34,1.0,15,26,5,1,0.5882
10.786216596454729,106.71836665482697,40,40,1.0,15,26,5,1,1.0
10.78948793356203,106.7151883818118,36,36,1.0,15,26,5,1,1.0
10.80223925742187,106.6478722259914,26,41,1.0,15,26,5,1,0.6341
10.813928881466124,106.66511432455972,20,34,1.0,15,26,5,1,0.5882
10.755608615763382,106.67347943578082,20,27,0.998954,15,26,5,1,0.7407
10.782680856341084,106.70051548181168,17,31,1.0,15,27,5,1,0.5484
10.754895139302109,106.67839188181134,22,33,1.0,15,27,5,1,0.6667
10.785070445194592,106.68331340921324,15,27,1.0,15,27,5,1,0.5556
10.7549373008113,106.67848844133415,22,32,1.0,15,27,5,1,0.6875
10.77898143649726,106.67684447140958,22,34,1.0,15,27,5,1,0.6471
10.7671128283867,106.6927618222887,12,20,1.0,15,27,5,1,0.6
10.77847212665258,106.69389510879644,27,41,1.0,15,27,5,1,0.6585
10.796057790235078,106.67492629345334,21,34,1.0,15,27,5,1,0.6176
10.8352982156415,106.72935479345392,36,42,0.997505,15,27,5,1,0.8571
10.777562007197462,106.7041335430398,18,30,1.0,15,27,5,1,0.6
10.83886351241477,106.67566625482782,25,35,1.0,15,27,5,1,0.7143
10.765187049751797,106.67550552599072,23,35,1.0,15,28,5,1,0.6571
10.75948437198232,106.6840537511244,19,28,1.0,15,28,5,1,0.6786
10.865229381280963,106.72366973948476,35,49,1.0,15,28,5,1,0.7143
10.72279213640514,106.72808623948244,26,37,0.997777,15,28,5,1,0.7027
10.823400120373712,106.68551227436063,21,31,1.0,15,28,5,1,0.6774
10.756158554057755,106.66631758181126,22,30,1.0,15,28,5,1,0.7333
10.7144382088356,106.73711688366168,25,35,1.0,15,28,5,1,0.7143
10.817236653231737,106.63191539530456,22,35,1.0,15,28,5,1,0.6286
10.772727584493625,106.69804225297564,14,24,0.998765,15,30,5,1,0.5833
10.774028664434528,106.70357076461706,29,29,1.0,15,30,5,1,1.0
10.752616652291238,106.72509685338922,39,39,1.0,15,30,5,1,1.0
10.745754766198267,106.65326266831876,35,43,1.0,15,30,5,1,0.814
10.94927106740351,106.87196348224562,31,42,1.0,15,30,5,1,0.7381
10.78866360854368,106.695513722289,31,41,1.0,15,30,5,1,0.7561
10.801406421807084,106.7114844087968,31,41,1.0,15,30,5,1,0.7561
10.843150534972033,106.6151343241409,21,34,1.0,15,30,5,1,0.6176
10.880537767027526,106.81481342866444,41,53,1.0,15,30,5,1,0.7736
10.740840166521664,106.61899246873142,26,35,1.0,15,31,5,1,0.7429
10.798986343749618,106.7269705664684,45,45,1.0,15,31,5,1,1.0
10.741860769464234,106.73790365482628,37,44,1.0,15,31,5,1,0.8409
10.752408891679814,106.7022703818112,21,34,1.0,15,31,5,1,0.6176
10.786216596454729,106.71836665482697,40,40,1.0,15,31,5,1,1.0
10.78948793356203,106.7151883818118,36,36,1.0,15,31,5,1,1.0
10.80223925742187,106.6478722259914,28,41,1.0,15,31,5,1,0.6829
10.813928881466124,106.66511432455972,20,33,1.0,15,31,5,1,0.6061
10.755608615763382,106.67347943578082,20,27,1.0,15,31,5,1,0.7407
10.782680856341084,106.70051548181168,17,30,1.0,15,31,5,1,0.5667
10.754895139302109,106.67839188181134,22,32,1.0,15,31,5,1,0.6875
10.785070445194592,106.68331340921324,13,28,1.0,15,31,5,1,0.4643
10.7549373008113,106.67848844133415,22,32,1.0,15,31,5,1,0.6875
10.77898143649726,106.67684447140958,20,34,1.0,15,31,5,1,0.5882
10.7671128283867,106.6927618222887,14,20,1.0,15,31,5,1,0.7
10.77847212665258,106.69389510879644,28,41,1.0,15,31,5,1,0.6829
10.796057790235078,106.67492629345334,20,33,1.0,15,32,5,1,0.6061
10.8352982156415,106.72935479345392,35,42,0.997408,15,32,5,1,0.8333
10.777562007197462,106.7041335430398,17,30,1.0,15,32,5,1,0.5667
10.83886351241477,106.67566625482782,24,36,1.0,15,32,5,1,0.6667
10.765187049751797,106.67550552599072,23,36,1.0,15,32,5,1,0.6389
10.75948437198232,106.6840537511244,20,27,1.0,15,32,5,1,0.7407
10.865229381280963,106.72366973948476,34,49,1.0,15,32,5,1,0.6939
10.72279213640514,106.72808623948244,25,37,0.998475,15,32,5,1,0.6757
10.823400120373712,106.68551227436063,20,30,1.0,15,32,5,1,0.6667
10.756158554057755,106.66631758181126,19,29,1.0,15,32,5,1,0.6552
10.7144382088356,106.73711688366168,25,35,1.0,15,32,5,1,0.7143
10.817236653231737,106.63191539530456,22,35,1.0,15,32,5,1,0.6286
10.772727584493625,106.69804225297564,15,23,0.998765,15,34,5,1,0.6522
10.774028664434528,106.70357076461706,20,28,1.0,15,34,5,1,0.7143
10.752616652291238,106.72509685338922,35,39,1.0,15,34,5,1,0.8974
10.745754766198267,106.65326266831876,36,42,1.0,15,34,5,1,0.8571
10.94927106740351,106.87196348224562,26,42,1.0,15,34,5,1,0.619
10.78866360854368,106.695513722289,33,42,1.0,15,34,5,1,0.7857
10.801406421807084,106.7114844087968,33,42,1.0,15,34,5,1,0.7857
10.843150534972033,106.6151343241409,21,34,1.0,15,34,5,1,0.6176
10.880537767027526,106.81481342866444,40,53,1.0,15,34,5,1,0.7547
10.740840166521664,106.61899246873142,27,35,1.0,15,34,5,1,0.7714
10.798986343749618,106.7269705664684,45,45,1.0,15,35,5,1,1.0
10.741860769464234,106.73790365482628,45,45,1.0,15,35,5,1,1.0
10.752408891679814,106.7022703818112,21,33,1.0,15,35,5,1,0.6364
10.786216596454729,106.71836665482697,40,40,1.0,15,35,5,1,1.0
10.78948793356203,106.7151883818118,36,36,1.0,15,35,5,1,1.0
10.80223925742187,106.6478722259914,27,40,1.0,15,35,5,1,0.675
10.813928881466124,106.66511432455972,21,34,1.0,15,35,5,1,0.6176
10.755608615763382,106.67347943578082,20,28,1.0,15,35,5,1,0.7143
10.782680856341084,106.70051548181168,18,30,1.0,15,35,5,1,0.6
10.754895139302109,106.67839188181134,22,32,1.0,15,35,5,1,0.6875
10.785070445194592,106.68331340921324,12,27,1.0,15,35,5,1,0.4444
10.7549373008113,106.67848844133415,22,32,1.0,15,35,5,1,0.6875
10.77898143649726,106.67684447140958,21,34,1.0,15,35,5,1,0.6176
10.7671128283867,106.6927618222887,11,20,1.0,15,35,5,1,0.55
10.77847212665258,106.69389510879644,27,41,1.0,15,35,5,1,0.6585
10.796057790235078,106.67492629345334,21,34,1.0,15,35,5,1,0.6176
10.8352982156415,106.72935479345392,34,42,0.997716,15,35,5,1,0.8095
10.777562007197462,106.7041335430398,18,30,1.0,15,35,5,1,0.6
10.83886351241477,106.67566625482782,24,36,1.0,15,35,5,1,0.6667
10.765187049751797,106.67550552599072,21,35,1.0,15,35,5,1,0.6
10.75948437198232,106.6840537511244,20,28,1.0,15,35,5,1,0.7143
10.865229381280963,106.72366973948476,33,49,1.0,15,35,5,1,0.6735
10.72279213640514,106.72808623948244,25,37,0.997829,15,35,5,1,0.6757
10.823400120373712,106.68551227436063,20,31,1.0,15,35,5,1,0.6452
10.756158554057755,106.66631758181126,20,29,1.0,15,35,5,1,0.6897
10.7144382088356,106.73711688366168,25,35,1.0,15,35,5,1,0.7143
10.817236653231737,106.63191539530456,22,35,1.0,15,35,5,1,0.6286
10.772727584493625,106.69804225297564,15,24,0.998765,15,37,5,1,0.625
10.772727584493625,106.69804225297564,14,24,0.99753,16,5,5,1,0.5833
10.774028664434528,106.70357076461706,20,29,1.0,16,5,5,1,0.6897
10.752616652291238,106.72509685338922,39,39,1.0,16,5,5,1,1.0
10.745754766198267,106.65326266831876,42,42,1.0,16,5,5,1,1.0
10.94927106740351,106.87196348224562,33,41,1.0,16,5,5,1,0.8049
10.78866360854368,106.695513722289,32,42,1.0,16,5,5,1,0.7619
10.801406421807084,106.7114844087968,32,42,1.0,16,5,5,1,0.7619
10.843150534972033,106.6151343241409,21,35,1.0,16,5,5,1,0.6
10.880537767027526,106.81481342866444,41,53,1.0,16,5,5,1,0.7736
10.740840166521664,106.61899246873142,28,35,1.0,16,5,5,1,0.8
10.798986343749618,106.7269705664684,45,45,1.0,16,5,5,1,1.0
10.741860769464234,106.73790365482628,45,45,1.0,16,5,5,1,1.0
10.752408891679814,106.7022703818112,25,34,1.0,16,5,5,1,0.7353
10.786216596454729,106.71836665482697,40,40,1.0,16,6,5,1,1.0
10.78948793356203,106.7151883818118,36,36,1.0,16,6,5,1,1.0
10.80223925742187,106.6478722259914,26,40,1.0,16,6,5,1,0.65
10.813928881466124,106.66511432455972,21,33,1.0,16,6,5,1,0.6364
10.755608615763382,106.67347943578082,16,28,1.0,16,6,5,1,0.5714
10.782680856341084,106.70051548181168,17,30,1.0,16,6,5,1,0.5667
10.754895139302109,106.67839188181134,20,32,1.0,16,6,5,1,0.625
10.785070445194592,106.68331340921324,16,27,1.0,16,6,5,1,0.5926
10.7549373008113,106.67848844133415,20,32,1.0,16,6,5,1,0.625
10.77898143649726,106.67684447140958,22,34,1.0,16,6,5,1,0.6471
10.7671128283867,106.6927618222887,10,19,1.0,16,6,5,1,0.5263
10.77847212665258,106.69389510879644,27,42,1.0,16,6,5,1,0.6429
10.796057790235078,106.67492629345334,21,33,1.0,16,6,5,1,0.6364
10.8352982156415,106.72935479345392,35,42,0.998017,16,6,5,1,0.8333
10.777562007197462,106.7041335430398,17,30,1.0,16,6,5,1,0.5667
10.83886351241477,106.67566625482782,27,36,1.0,16,6,5,1,0.75
10.765187049751797,106.67550552599072,23,36,1.0,16,6,5,1,0.6389
10.75948437198232,106.6840537511244,16,28,1.0,16,6,5,1,0.5714
10.865229381280963,106.72366973948476,34,49,1.0,16,6,5,1,0.6939
10.72279213640514,106.72808623948244,24,37,0.998476,16,6,5,1,0.6486
10.823400120373712,106.68551227436063,25,31,1.0,16,6,5,1,0.8065
10.756158554057755,106.66631758181126,22,30,1.0,16,6,5,1,0.7333
10.7144382088356,106.73711688366168,25,35,1.0,16,7,5,1,0.7143
10.817236653231737,106.63191539530456,21,35,1.0,16,7,5,1,0.6
10.772727584493625,106.69804225297564,15,24,0.996295,16,9,5,1,0.625
10.774028664434528,106.70357076461706,29,29,1.0,16,9,5,1,1.0
10.752616652291238,106.72509685338922,39,39,1.0,16,9,5,1,1.0
10.745754766198267,106.65326266831876,37,43,1.0,16,9,5,1,0.8605
10.94927106740351,106.87196348224562,25,42,1.0,16,9,5,1,0.5952
10.78866360854368,106.695513722289,34,42,1.0,16,9,5,1,0.8095
10.801406421807084,106.7114844087968,34,42,1.0,16,9,5,1,0.8095
10.843150534972033,106.6151343241409,21,35,1.0,16,9,5,1,0.6
10.880537767027526,106.81481342866444,40,53,1.0,16,10,5,1,0.7547
10.740840166521664,106.61899246873142,27,35,1.0,16,10,5,1,0.7714
10.798986343749618,106.7269705664684,45,45,1.0,16,10,5,1,1.0
10.741860769464234,106.73790365482628,45,45,1.0,16,10,5,1,1.0
10.752408891679814,106.7022703818112,24,32,1.0,16,10,5,1,0.75
10.786216596454729,106.71836665482697,40,40,1.0,16,10,5,1,1.0
10.78948793356203,106.7151883818118,36,36,1.0,16,10,5,1,1.0
10.80223925742187,106.6478722259914,30,41,1.0,16,10,5,1,0.7317
10.813928881466124,106.66511432455972,21,34,1.0,16,10,5,1,0.6176
10.755608615763382,106.67347943578082,19,28,1.0,16,10,5,1,0.6786
10.782680856341084,106.70051548181168,17,30,1.0,16,10,5,1,0.5667
10.754895139302109,106.67839188181134,20,33,1.0,16,10,5,1,0.6061
10.785070445194592,106.68331340921324,14,26,1.0,16,10,5,1,0.5385
10.7549373008113,106.67848844133415,20,33,1.0,16,10,5,1,0.6061
10.77898143649726,106.67684447140958,21,35,1.0,16,10,5,1,0.6
10.7671128283867,106.6927618222887,20,20,1.0,16,10,5,1,1.0
10.77847212665258,106.69389510879644,27,42,1.0,16,10,5,1,0.6429
10.796057790235078,106.67492629345334,21,34,1.0,16,10,5,1,0.6176
10.8352982156415,106.72935479345392,35,42,0.998023,16,11,5,1,0.8333
10.777562007197462,106.7041335430398,17,30,1.0,16,11,5,1,0.5667
10.83886351241477,106.67566625482782,25,36,1.0,16,11,5,1,0.6944
10.765187049751797,106.67550552599072,25,35,1.0,16,11,5,1,0.7143
10.75948437198232,106.6840537511244,19,28,1.0,16,11,5,1,0.6786
10.865229381280963,106.72366973948476,33,49,1.0,16,11,5,1,0.6735
10.72279213640514,106.72808623948244,25,37,0.998998,16,11,5,1,0.6757
10.823400120373712,106.68551227436063,20,31,1.0,16,11,5,1,0.6452
10.756158554057755,106.66631758181126,18,28,1.0,16,11,5,1,0.6429
10.7144382088356,106.73711688366168,24,35,1.0,16,11,5,1,0.6857
10.817236653231737,106.63191539530456,21,35,1.0,16,11,5,1,0.6
10.772727584493625,106.69804225297564,15,24,0.99753,16,13,5,1,0.625
10.774028664434528,106.70357076461706,17,28,1.0,16,13,5,1,0.6071
10.752616652291238,106.72509685338922,39,39,1.0,16,13,5,1,1.0
10.745754766198267,106.65326266831876,42,42,1.0,16,13,5,1,1.0
10.94927106740351,106.87196348224562,26,41,1.0,16,13,5,1,0.6341
10.78866360854368,106.695513722289,33,42,1.0,16,13,5,1,0.7857
10.801406421807084,106.7114844087968,33,42,1.0,16,13,5,1,0.7857
10.843150534972033,106.6151343241409,22,35,1.0,16,13,5,1,0.6286
10.880537767027526,106.81481342866444,43,53,1.0,16,13,5,1,0.8113
10.740840166521664,106.61899246873142,26,36,1.0,16,13,5,1,0.7222
10.798986343749618,106.7269705664684,45,45,1.0,16,13,5,1,1.0
10.741860769464234,106.73790365482628,45,45,1.0,16,13,5,1,1.0
10.752408891679814,106.7022703818112,24,34,1.0,16,13,5,1,0.7059
10.786216596454729,106.71836665482697,40,40,1.0,16,13,5,1,1.0
10.78948793356203,106.7151883818118,36,36,1.0,16,13,5,1,1.0
10.80223925742187,106.6478722259914,26,41,1.0,16,13,5,1,0.6341
10.813928881466124,106.66511432455972,20,34,1.0,16,13,5,1,0.5882
10.755608615763382,106.67347943578082,19,27,1.0,16,13,5,1,0.7037
10.782680856341084,106.70051548181168,18,30,1.0,16,13,5,1,0.6
10.754895139302109,106.67839188181134,20,33,1.0,16,13,5,1,0.6061
10.785070445194592,106.68331340921324,12,28,1.0,16,13,5,1,0.4286
10.7549373008113,106.67848844133415,20,33,1.0,16,14,5,1,0.6061
10.77898143649726,106.67684447140958,24,34,1.0,16,14,5,1,0.7059
10.7671128283867,106.6927618222887,14,19,1.0,16,14,5,1,0.7368
10.77847212665258,106.69389510879644,27,41,1.0,16,14,5,1,0.6585
10.796057790235078,106.67492629345334,20,34,1.0,16,14,5,1,0.5882
10.8352982156415,106.72935479345392,36,42,0.998204,16,14,5,1,0.8571
10.777562007197462,106.7041335430398,18,30,1.0,16,14,5,1,0.6
10.83886351241477,106.67566625482782,23,36,1.0,16,14,5,1,0.6389
10.765187049751797,106.67550552599072,23,36,1.0,16,14,5,1,0.6389
10.75948437198232,106.6840537511244,19,27,1.0,16,14,5,1,0.7037
10.865229381280963,106.72366973948476,33,49,1.0,16,14,5,1,0.6735
10.72279213640514,106.72808623948244,23,36,0.998476,16,14,5,1,0.6389
10.823400120373712,106.68551227436063,21,32,1.0,16,14,5,1,0.6562
10.756158554057755,106.66631758181126,24,29,1.0,16,14,5,1,0.8276
10.7144382088356,106.73711688366168,25,35,1.0,16,14,5,1,0.7143
10.817236653231737,106.63191539530456,21,35,1.0,16,14,5,1,0.6
10.772727584493625,106.69804225297564,14,23,0.998098,16,16,5,1,0.6087
10.774028664434528,106.70357076461706,29,29,1.0,16,16,5,1,1.0
10.752616652291238,106.72509685338922,39,39,1.0,16,16,5,1,1.0
10.745754766198267,106.65326266831876,37,42,1.0,16,16,5,1,0.881
10.94927106740351,106.87196348224562,26,42,1.0,16,16,5,1,0.619
10.78866360854368,106.695513722289,33,42,1.0,16,16,5,1,0.7857
10.801406421807084,106.7114844087968,33,42,1.0,16,16,5,1,0.7857
10.843150534972033,106.6151343241409,21,35,1.0,16,16,5,1,0.6
10.880537767027526,106.81481342866444,41,53,1.0,16,16,5,1,0.7736
10.740840166521664,106.61899246873142,28,35,1.0,16,16,5,1,0.8
10.798986343749618,106.7269705664684,45,45,1.0,16,16,5,1,1.0
10.741860769464234,106.73790365482628,45,45,1.0,16,16,5,1,1.0
10.752408891679814,106.7022703818112,23,33,1.0,16,16,5,1,0.697
10.786216596454729,106.71836665482697,40,40,1.0,16,17,5,1,1.0
10.78948793356203,106.7151883818118,36,36,1.0,16,17,5,1,1.0
10.80223925742187,106.6478722259914,28,41,1.0,16,17,5,1,0.6829
10.813928881466124,106.66511432455972,22,34,1.0,16,17,5,1,0.6471
10.755608615763382,106.67347943578082,20,28,1.0,16,17,5,1,0.7143
10.782680856341084,106.70051548181168,17,30,1.0,16,17,5,1,0.5667
10.754895139302109,106.67839188181134,20,32,1.0,16,17,5,1,0.625
10.785070445194592,106.68331340921324,11,27,1.0,16,17,5,1,0.4074
10.7549373008113,106.67848844133415,20,32,1.0,16,17,5,1,0.625
10.77898143649726,106.67684447140958,21,34,1.0,16,18,5,1,0.6176
10.7671128283867,106.6927618222887,12,20,1.0,16,18,5,1,0.6
10.77847212665258,106.69389510879644,27,41,1.0,16,18,5,1,0.6585
10.796057790235078,106.67492629345334,22,34,1.0,16,18,5,1,0.6471
10.8352982156415,106.72935479345392,33,42,0.998149,16,18,5,1,0.7857
10.777562007197462,106.7041335430398,17,30,1.0,16,18,5,1,0.5667
10.83886351241477,106.67566625482782,26,36,1.0,16,18,5,1,0.7222
10.765187049751797,106.67550552599072,23,35,1.0,16,18,5,1,0.6571
10.75948437198232,106.6840537511244,20,28,1.0,16,18,5,1,0.7143
10.865229381280963,106.72366973948476,32,49,1.0,16,18,5,1,0.6531
10.72279213640514,106.72808623948244,23,37,0.998476,16,18,5,1,0.6216
10.823400120373712,106.68551227436063,22,32,1.0,16,18,5,1,0.6875
10.756158554057755,106.66631758181126,18,29,1.0,16,18,5,1,0.6207
10.7144382088356,106.73711688366168,24,35,1.0,16,18,5,1,0.6857
10.817236653231737,106.63191539530456,21,35,1.0,16,18,5,1,0.6
10.772727584493625,106.69804225297564,14,24,0.998765,16,20,5,1,0.5833
10.774028664434528,106.70357076461706,23,28,1.0,16,20,5,1,0.8214
10.752616652291238,106.72509685338922,39,39,1.0,16,20,5,1,1.0
10.745754766198267,106.65326266831876,42,42,1.0,16,20,5,1,1.0
10.94927106740351,106.87196348224562,29,40,1.0,16,20,5,1,0.725
10.78866360854368,106.695513722289,31,42,1.0,16,20,5,1,0.7381
10.801406421807084,106.7114844087968,31,42,1.0,16,20,5,1,0.7381
10.843150534972033,106.6151343241409,21,35,1.0,16,20,5,1,0.6
10.880537767027526,106.81481342866444,42,53,1.0,16,20,5,1,0.7925
10.740840166521664,106.61899246873142,25,35,1.0,16,21,5,1,0.7143
10.798986343749618,106.7269705664684,45,45,1.0,16,21,5,1,1.0
10.741860769464234,106.73790365482628,45,45,1.0,16,21,5,1,1.0
10.752408891679814,106.7022703818112,22,33,1.0,16,21,5,1,0.6667
10.786216596454729,106.71836665482697,40,40,1.0,16,21,5,1,1.0
10.78948793356203,106.7151883818118,36,36,1.0,16,21,5,1,1.0
10.80223925742187,106.6478722259914,31,41,1.0,16,21,5,1,0.7561
10.813928881466124,106.66511432455972,20,34,1.0,16,21,5,1,0.5882
10.755608615763382,106.67347943578082,18,26,0.998954,16,21,5,1,0.6923
10.782680856341084,106.70051548181168,17,30,1.0,16,21,5,1,0.5667
10.754895139302109,106.67839188181134,20,32,1.0,16,21,5,1,0.625
10.785070445194592,106.68331340921324,12,28,1.0,16,21,5,1,0.4286
10.7549373008113,106.67848844133415,20,32,1.0,16,21,5,1,0.625
10.77898143649726,106.67684447140958,22,34,1.0,16,21,5,1,0.6471
10.7671128283867,106.6927618222887,20,20,1.0,16,22,5,1,1.0
10.77847212665258,106.69389510879644,28,42,1.0,16,22,5,1,0.6667
10.796057790235078,106.67492629345334,21,34,0.999713,16,22,5,1,0.6176
10.8352982156415,106.72935479345392,35,42,0.998136,16,22,5,1,0.8333
10.777562007197462,106.7041335430398,17,30,1.0,16,22,5,1,0.5667
10.83886351241477,106.67566625482782,25,36,1.0,16,22,5,1,0.6944
10.765187049751797,106.67550552599072,24,36,1.0,16,22,5,1,0.6667
10.75948437198232,106.6840537511244,19,27,1.0,16,22,5,1,0.7037
10.865229381280963,106.72366973948476,33,49,1.0,16,22,5,1,0.6735
10.72279213640514,106.72808623948244,22,37,0.998015,16,22,5,1,0.5946
10.823400120373712,106.68551227436063,22,31,1.0,16,22,5,1,0.7097
10.756158554057755,106.66631758181126,22,30,1.0,16,22,5,1,0.7333
10.7144382088356,106.73711688366168,24,35,1.0,16,22,5,1,0.6857
10.817236653231737,106.63191539530456,21,35,1.0,16,22,5,1,0.6
10.772727584493625,106.69804225297564,14,24,0.998765,16,24,5,1,0.5833
10.774028664434528,106.70357076461706,22,29,1.0,16,24,5,1,0.7586
10.752616652291238,106.72509685338922,39,39,1.0,16,24,5,1,1.0
10.745754766198267,106.65326266831876,42,42,1.0,16,24,5,1,1.0
10.94927106740351,106.87196348224562,27,42,1.0,16,24,5,1,0.6429
10.78866360854368,106.695513722289,33,42,1.0,16,24,5,1,0.7857
10.801406421807084,106.7114844087968,33,42,1.0,16,24,5,1,0.7857
10.843150534972033,106.6151343241409,22,35,1.0,16,24,5,1,0.6286
10.880537767027526,106.81481342866444,41,54,1.0,16,24,5,1,0.7593
10.740840166521664,106.61899246873142,26,35,1.0,16,24,5,1,0.7429
10.798986343749618,106.7269705664684,45,45,1.0,16,25,5,1,1.0
10.741860769464234,106.73790365482628,37,44,1.0,16,25,5,1,0.8409
10.752408891679814,106.7022703818112,22,33,1.0,16,25,5,1,0.6667
10.786216596454729,106.71836665482697,40,40,1.0,16,25,5,1,1.0
10.78948793356203,106.7151883818118,36,36,1.0,16,25,5,1,1.0
10.80223925742187,106.6478722259914,29,40,1.0,16,25,5,1,0.725
10.813928881466124,106.66511432455972,22,34,1.0,16,25,5,1,0.6471
10.755608615763382,106.67347943578082,18,27,1.0,16,25,5,1,0.6667
10.782680856341084,106.70051548181168,18,30,1.0,16,25,5,1,0.6
10.754895139302109,106.67839188181134,20,33,1.0,16,25,5,1,0.6061
10.785070445194592,106.68331340921324,13,27,1.0,16,25,5,1,0.4815
10.7549373008113,106.67848844133415,19,32,1.0,16,26,5,1,0.5938
10.77898143649726,106.67684447140958,22,34,1.0,16,26,5,1,0.6471
10.7671128283867,106.6927618222887,13,20,1.0,16,26,5,1,0.65
10.77847212665258,106.69389510879644,28,42,1.0,16,26,5,1,0.6667
10.796057790235078,106.67492629345334,21,34,1.0,16,26,5,1,0.6176
10.8352982156415,106.72935479345392,33,42,0.997246,16,26,5,1,0.7857
10.777562007197462,106.7041335430398,17,30,1.0,16,26,5,1,0.5667
10.83886351241477,106.67566625482782,27,36,1.0,16,26,5,1,0.75
10.765187049751797,106.67550552599072,23,35,1.0,16,26,5,1,0.6571
10.75948437198232,106.6840537511244,16,27,0.998943,16,26,5,1,0.5926
10.865229381280963,106.72366973948476,34,49,1.0,16,26,5,1,0.6939
10.72279213640514,106.72808623948244,23,37,0.998072,16,26,5,1,0.6216
10.823400120373712,106.68551227436063,21,31,1.0,16,26,5,1,0.6774
10.756158554057755,106.66631758181126,21,30,1.0,16,26,5,1,0.7
10.7144382088356,106.73711688366168,25,35,1.0,16,26,5,1,0.7143
10.817236653231737,106.63191539530456,22,35,1.0,16,26,5,1,0.6286
10.772727584493625,106.69804225297564,15,24,1.0,16,28,5,1,0.625
10.774028664434528,106.70357076461706,21,28,1.0,16,28,5,1,0.75
10.752616652291238,106.72509685338922,30,39,1.0,16,28,5,1,0.7692
10.745754766198267,106.65326266831876,35,43,1.0,16,29,5,1,0.814
10.94927106740351,106.87196348224562,28,42,1.0,16,29,5,1,0.6667
10.78866360854368,106.695513722289,32,42,1.0,16,29,5,1,0.7619
10.801406421807084,106.7114844087968,32,42,1.0,16,29,5,1,0.7619
10.843150534972033,106.6151343241409,22,35,1.0,16,29,5,1,0.6286
10.880537767027526,106.81481342866444,41,53,1.0,16,29,5,1,0.7736
10.740840166521664,106.61899246873142,26,35,1.0,16,29,5,1,0.7429
10.798986343749618,106.7269705664684,45,45,1.0,16,29,5,1,1.0
10.741860769464234,106.73790365482628,37,44,1.0,16,29,5,1,0.8409
10.752408891679814,106.7022703818112,23,32,1.0,16,29,5,1,0.7188
10.786216596454729,106.71836665482697,40,40,1.0,16,29,5,1,1.0
10.78948793356203,106.7151883818118,36,36,1.0,16,29,5,1,1.0
10.80223925742187,106.6478722259914,26,41,1.0,16,29,5,1,0.6341
10.813928881466124,106.66511432455972,21,34,0.997914,16,29,5,1,0.6176
10.755608615763382,106.67347943578082,19,27,0.998951,16,29,5,1,0.7037
10.782680856341084,106.70051548181168,17,30,1.0,16,29,5,1,0.5667
10.754895139302109,106.67839188181134,20,32,1.0,16,29,5,1,0.625
10.785070445194592,106.68331340921324,13,28,1.0,16,29,5,1,0.4643
10.7549373008113,106.67848844133415,20,32,1.0,16,29,5,1,0.625
10.77898143649726,106.67684447140958,23,35,1.0,16,29,5,1,0.6571
10.7671128283867,106.6927618222887,15,20,1.0,16,29,5,1,0.75
10.77847212665258,106.69389510879644,28,41,1.0,16,29,5,1,0.6829
10.796057790235078,106.67492629345334,21,34,0.997914,16,29,5,1,0.6176
10.8352982156415,106.72935479345392,34,42,0.996696,16,29,5,1,0.8095
10.777562007197462,106.7041335430398,17,30,1.0,16,30,5,1,0.5667
10.83886351241477,106.67566625482782,25,36,1.0,16,30,5,1,0.6944
10.765187049751797,106.67550552599072,25,35,1.0,16,30,5,1,0.7143
10.75948437198232,106.6840537511244,19,27,0.998951,16,30,5,1,0.7037
10.865229381280963,106.72366973948476,34,49,1.0,16,30,5,1,0.6939
10.72279213640514,106.72808623948244,22,37,0.998603,16,30,5,1,0.5946
10.823400120373712,106.68551227436063,20,31,1.0,16,30,5,1,0.6452
10.756158554057755,106.66631758181126,23,29,1.0,16,30,5,1,0.7931
10.7144382088356,106.73711688366168,24,35,1.0,16,30,5,1,0.6857
10.817236653231737,106.63191539530456,22,35,1.0,16,30,5,1,0.6286
10.772727584493625,106.69804225297564,14,24,0.998765,16,32,5,1,0.5833
10.774028664434528,106.70357076461706,22,29,1.0,16,32,5,1,0.7586
10.752616652291238,106.72509685338922,28,39,1.0,16,32,5,1,0.7179
10.745754766198267,106.65326266831876,37,43,1.0,16,32,5,1,0.8605
10.94927106740351,106.87196348224562,29,41,1.0,16,32,5,1,0.7073
10.78866360854368,106.695513722289,30,42,1.0,16,32,5,1,0.7143
10.801406421807084,106.7114844087968,30,42,1.0,16,33,5,1,0.7143
10.843150534972033,106.6151343241409,22,35,1.0,16,33,5,1,0.6286
10.880537767027526,106.81481342866444,41,53,1.0,16,33,5,1,0.7736
10.740840166521664,106.61899246873142,26,35,1.0,16,33,5,1,0.7429
10.798986343749618,106.7269705664684,45,45,1.0,16,33,5,1,1.0
10.741860769464234,106.73790365482628,45,45,1.0,16,33,5,1,1.0
10.752408891679814,106.7022703818112,23,34,1.0,16,33,5,1,0.6765
10.786216596454729,106.71836665482697,40,40,1.0,16,33,5,1,1.0
10.78948793356203,106.7151883818118,25,35,1.0,16,33,5,1,0.7143
10.80223925742187,106.6478722259914,29,41,1.0,16,33,5,1,0.7073
10.813928881466124,106.66511432455972,20,34,0.997652,16,33,5,1,0.5882
10.755608615763382,106.67347943578082,20,27,0.998947,16,33,5,1,0.7407
10.782680856341084,106.70051548181168,17,30,1.0,16,33,5,1,0.5667
10.754895139302109,106.67839188181134,18,32,1.0,16,33,5,1,0.5625
10.785070445194592,106.68331340921324,15,28,1.0,16,33,5,1,0.5357
10.7549373008113,106.67848844133415,18,32,1.0,16,33,5,1,0.5625
10.77898143649726,106.67684447140958,22,34,1.0,16,33,5,1,0.6471
10.7671128283867,106.6927618222887,15,19,1.0,16,33,5,1,0.7895
10.77847212665258,106.69389510879644,28,41,1.0,16,33,5,1,0.6829
10.796057790235078,106.67492629345334,20,34,0.997652,16,33,5,1,0.5882
10.8352982156415,106.72935479345392,34,42,0.99708,16,33,5,1,0.8095
10.777562007197462,106.7041335430398,17,30,1.0,16,33,5,1,0.5667
10.83886351241477,106.67566625482782,26,36,1.0,16,33,5,1,0.7222
10.765187049751797,106.67550552599072,19,35,1.0,16,33,5,1,0.5429
10.75948437198232,106.6840537511244,20,27,0.998947,16,33,5,1,0.7407
10.865229381280963,106.72366973948476,34,49,1.0,16,33,5,1,0.6939
10.72279213640514,106.72808623948244,22,37,0.99765,16,33,5,1,0.5946
10.823400120373712,106.68551227436063,24,31,1.0,16,33,5,1,0.7742
10.756158554057755,106.66631758181126,23,29,1.0,16,33,5,1,0.7931
10.7144382088356,106.73711688366168,24,35,1.0,16,33,5,1,0.6857
10.817236653231737,106.63191539530456,23,35,1.0,16,34,5,1,0.6571
10.772727584493625,106.69804225297564,14,24,0.998765,16,36,5,1,0.5833
10.774028664434528,106.70357076461706,14,28,1.0,16,36,5,1,0.5
10.752616652291238,106.72509685338922,39,39,1.0,16,36,5,1,1.0
10.745754766198267,106.65326266831876,42,42,1.0,16,36,5,1,1.0
10.94927106740351,106.87196348224562,22,43,1.0,16,36,5,1,0.5116
10.78866360854368,106.695513722289,33,41,1.0,16,36,5,1,0.8049
10.801406421807084,106.7114844087968,33,41,1.0,16,36,5,1,0.8049
10.843150534972033,106.6151343241409,23,34,1.0,16,36,5,1,0.6765
10.880537767027526,106.81481342866444,41,53,1.0,16,36,5,1,0.7736
10.740840166521664,106.61899246873142,28,35,1.0,16,36,5,1,0.8
10.798986343749618,106.7269705664684,45,45,1.0,16,36,5,1,1.0
10.741860769464234,106.73790365482628,45,45,1.0,16,36,5,1,1.0
10.752408891679814,106.7022703818112,21,34,1.0,16,36,5,1,0.6176
10.786216596454729,106.71836665482697,40,40,1.0,16,36,5,1,1.0
10.78948793356203,106.7151883818118,36,36,1.0,16,36,5,1,1.0
10.80223925742187,106.6478722259914,28,41,1.0,16,36,5,1,0.6829
10.813928881466124,106.66511432455972,22,33,0.997914,16,36,5,1,0.6667
10.755608615763382,106.67347943578082,18,27,0.998939,16,36,5,1,0.6667
10.782680856341084,106.70051548181168,19,30,1.0,16,36,5,1,0.6333
10.754895139302109,106.67839188181134,19,32,1.0,16,36,5,1,0.5938
10.785070445194592,106.68331340921324,13,28,1.0,16,36,5,1,0.4643
10.7549373008113,106.67848844133415,19,32,1.0,16,36,5,1,0.5938
10.77898143649726,106.67684447140958,21,34,1.0,16,36,5,1,0.6176
10.7671128283867,106.6927618222887,20,20,1.0,16,36,5,1,1.0
10.77847212665258,106.69389510879644,28,42,1.0,16,36,5,1,0.6667
10.796057790235078,106.67492629345334,22,33,0.997914,16,36,5,1,0.6667
10.8352982156415,106.72935479345392,34,42,0.997441,16,36,5,1,0.8095
10.777562007197462,106.7041335430398,19,30,1.0,16,36,5,1,0.6333
10.83886351241477,106.67566625482782,26,36,1.0,16,36,5,1,0.7222
10.765187049751797,106.67550552599072,23,35,1.0,16,36,5,1,0.6571
10.75948437198232,106.6840537511244,18,27,0.998939,16,36,5,1,0.6667
10.865229381280963,106.72366973948476,34,49,1.0,16,36,5,1,0.6939
10.72279213640514,106.72808623948244,21,37,0.998112,16,37,5,1,0.5676
10.823400120373712,106.68551227436063,24,32,1.0,16,37,5,1,0.75
10.756158554057755,106.66631758181126,21,29,1.0,16,37,5,1,0.7241
10.7144382088356,106.73711688366168,24,35,1.0,16,37,5,1,0.6857
10.817236653231737,106.63191539530456,23,35,1.0,16,37,5,1,0.6571
10.772727584493625,106.69804225297564,13,24,0.998765,16,39,5,1,0.5417
10.774028664434528,106.70357076461706,17,28,1.0,16,39,5,1,0.6071
10.752616652291238,106.72509685338922,29,39,1.0,16,39,5,1,0.7436
10.745754766198267,106.65326266831876,38,43,1.0,16,39,5,1,0.8837
10.94927106740351,106.87196348224562,21,42,1.0,16,39,5,1,0.5
10.78866360854368,106.695513722289,33,42,1.0,16,39,5,1,0.7857
10.801406421807084,106.7114844087968,33,42,1.0,16,39,5,1,0.7857
10.843150534972033,106.6151343241409,22,35,1.0,16,39,5,1,0.6286
10.880537767027526,106.81481342866444,43,53,1.0,16,39,5,1,0.8113
10.740840166521664,106.61899246873142,27,35,1.0,16,39,5,1,0.7714
10.798986343749618,106.7269705664684,45,45,1.0,16,39,5,1,1.0
10.741860769464234,106.73790365482628,37,44,1.0,16,39,5,1,0.8409
10.752408891679814,106.7022703818112,22,34,1.0,16,39,5,1,0.6471
10.786216596454729,106.71836665482697,40,40,1.0,16,39,5,1,1.0
10.78948793356203,106.7151883818118,36,36,1.0,16,39,5,1,1.0
10.80223925742187,106.6478722259914,29,40,1.0,16,39,5,1,0.725
10.813928881466124,106.66511432455972,20,34,1.0,16,39,5,1,0.5882
10.755608615763382,106.67347943578082,18,27,0.998951,16,39,5,1,0.6667
10.782680856341084,106.70051548181168,18,30,1.0,16,39,5,1,0.6
10.754895139302109,106.67839188181134,20,32,1.0,16,40,5,1,0.625
10.785070445194592,106.68331340921324,13,26,1.0,16,40,5,1,0.5
10.7549373008113,106.67848844133415,20,32,1.0,16,40,5,1,0.625
10.77898143649726,106.67684447140958,21,35,1.0,16,40,5,1,0.6
10.7671128283867,106.6927618222887,14,20,1.0,16,40,5,1,0.7
10.77847212665258,106.69389510879644,27,42,1.0,16,40,5,1,0.6429
10.796057790235078,106.67492629345334,20,34,1.0,16,40,5,1,0.5882
10.8352982156415,106.72935479345392,34,43,0.996804,16,40,5,1,0.7907
10.777562007197462,106.7041335430398,18,30,1.0,16,40,5,1,0.6
10.83886351241477,106.67566625482782,25,36,1.0,16,40,5,1,0.6944
10.765187049751797,106.67550552599072,20,35,1.0,16,41,5,1,0.5714
10.75948437198232,106.6840537511244,18,27,0.998947,16,41,5,1,0.6667
10.865229381280963,106.72366973948476,34,49,1.0,16,41,5,1,0.6939
10.72279213640514,106.72808623948244,21,37,0.998112,16,41,5,1,0.5676
10.823400120373712,106.68551227436063,23,31,1.0,16,41,5,1,0.7419
10.756158554057755,106.66631758181126,21,29,1.0,16,41,5,1,0.7241
10.7144382088356,106.73711688366168,23,35,1.0,16,41,5,1,0.6571
10.817236653231737,106.63191539530456,22,35,1.0,16,41,5,1,0.6286
10.772727584493625,106.69804225297564,15,24,0.998765,16,43,5,1,0.625
10.774028664434528,106.70357076461706,17,28,1.0,16,43,5,1,0.6071
10.752616652291238,106.72509685338922,36,43,1.0,16,43,5,1,0.8372
10.745754766198267,106.65326266831876,42,42,1.0,16,43,5,1,1.0
10.94927106740351,106.87196348224562,26,42,1.0,16,43,5,1,0.619
10.78866360854368,106.695513722289,32,42,1.0,16,43,5,1,0.7619
10.801406421807084,106.7114844087968,32,42,1.0,16,43,5,1,0.7619
10.843150534972033,106.6151343241409,23,35,1.0,16,43,5,1,0.6571
10.880537767027526,106.81481342866444,40,53,1.0,16,43,5,1,0.7547
10.740840166521664,106.61899246873142,27,35,1.0,16,43,5,1,0.7714
10.798986343749618,106.7269705664684,45,45,1.0,16,44,5,1,1.0
10.741860769464234,106.73790365482628,45,45,1.0,16,44,5,1,1.0
10.752408891679814,106.7022703818112,22,33,1.0,16,44,5,1,0.6667
10.786216596454729,106.71836665482697,40,40,1.0,16,44,5,1,1.0
10.78948793356203,106.7151883818118,27,35,1.0,16,44,5,1,0.7714
10.80223925742187,106.6478722259914,25,41,1.0,16,44,5,1,0.6098
10.813928881466124,106.66511432455972,20,33,1.0,16,44,5,1,0.6061
10.755608615763382,106.67347943578082,18,28,1.0,16,44,5,1,0.6429
10.782680856341084,106.70051548181168,16,30,1.0,16,44,5,1,0.5333
10.754895139302109,106.67839188181134,21,32,1.0,16,44,5,1,0.6562
10.785070445194592,106.68331340921324,13,27,1.0,16,44,5,1,0.4815
10.7549373008113,106.67848844133415,21,32,1.0,16,44,5,1,0.6562
10.77898143649726,106.67684447140958,20,34,1.0,16,44,5,1,0.5882
10.7671128283867,106.6927618222887,16,20,1.0,16,44,5,1,0.8
10.77847212665258,106.69389510879644,27,41,1.0,16,45,5,1,0.6585
10.796057790235078,106.67492629345334,21,33,1.0,16,45,5,1,0.6364
10.8352982156415,106.72935479345392,34,42,0.997655,16,45,5,1,0.8095
10.777562007197462,106.7041335430398,16,30,1.0,16,45,5,1,0.5333
10.83886351241477,106.67566625482782,25,36,1.0,16,45,5,1,0.6944
10.765187049751797,106.67550552599072,25,35,1.0,16,45,5,1,0.7143
10.75948437198232,106.6840537511244,20,27,1.0,16,45,5,1,0.7407
10.865229381280963,106.72366973948476,34,49,1.0,16,45,5,1,0.6939
10.72279213640514,106.72808623948244,23,37,0.997112,16,45,5,1,0.6216
10.823400120373712,106.68551227436063,24,31,1.0,16,45,5,1,0.7742
10.756158554057755,106.66631758181126,22,30,1.0,16,45,5,1,0.7333
10.7144382088356,106.73711688366168,24,35,1.0,16,45,5,1,0.6857
10.817236653231737,106.63191539530456,23,35,1.0,16,45,5,1,0.6571
10.772727584493625,106.69804225297564,16,24,1.0,16,47,5,1,0.6667
10.774028664434528,106.70357076461706,19,28,1.0,16,47,5,1,0.6786
10.752616652291238,106.72509685338922,29,39,1.0,16,47,5,1,0.7436
10.745754766198267,106.65326266831876,42,42,1.0,16,47,5,1,1.0
10.94927106740351,106.87196348224562,28,41,1.0,16,47,5,1,0.6829
10.78866360854368,106.695513722289,32,42,1.0,16,47,5,1,0.7619
10.801406421807084,106.7114844087968,32,42,1.0,16,47,5,1,0.7619
10.843150534972033,106.6151343241409,22,35,1.0,16,48,5,1,0.6286
10.880537767027526,106.81481342866444,40,53,1.0,16,48,5,1,0.7547
10.740840166521664,106.61899246873142,28,35,1.0,16,48,5,1,0.8
10.798986343749618,106.7269705664684,45,45,1.0,16,48,5,1,1.0
10.741860769464234,106.73790365482628,45,45,1.0,16,48,5,1,1.0
10.752408891679814,106.7022703818112,22,33,1.0,16,48,5,1,0.6667
10.786216596454729,106.71836665482697,40,40,1.0,16,48,5,1,1.0
10.78948793356203,106.7151883818118,24,35,1.0,16,48,5,1,0.6857
10.80223925742187,106.6478722259914,25,41,1.0,16,49,5,1,0.6098
10.813928881466124,106.66511432455972,20,34,0.998954,16,49,5,1,0.5882
10.755608615763382,106.67347943578082,17,27,1.0,16,49,5,1,0.6296
10.782680856341084,106.70051548181168,16,30,1.0,16,49,5,1,0.5333
10.754895139302109,106.67839188181134,21,32,1.0,16,49,5,1,0.6562
10.785070445194592,106.68331340921324,15,27,1.0,16,49,5,1,0.5556
10.7549373008113,106.67848844133415,21,32,1.0,16,49,5,1,0.6562
10.77898143649726,106.67684447140958,20,34,1.0,16,49,5,1,0.5882
10.7671128283867,106.6927618222887,20,20,1.0,16,49,5,1,1.0
10.77847212665258,106.69389510879644,27,42,1.0,16,49,5,1,0.6429
10.796057790235078,106.67492629345334,21,34,1.0,16,49,5,1,0.6176
10.8352982156415,106.72935479345392,35,42,0.998199,16,49,5,1,0.8333
10.777562007197462,106.7041335430398,17,30,1.0,16,49,5,1,0.5667
10.83886351241477,106.67566625482782,25,36,1.0,16,49,5,1,0.6944
10.765187049751797,106.67550552599072,25,36,1.0,16,49,5,1,0.6944
10.75948437198232,106.6840537511244,18,28,1.0,16,49,5,1,0.6429
10.865229381280963,106.72366973948476,33,49,1.0,16,49,5,1,0.6735
10.72279213640514,106.72808623948244,22,37,0.99695,16,49,5,1,0.5946
10.823400120373712,106.68551227436063,22,31,1.0,16,49,5,1,0.7097
10.756158554057755,106.66631758181126,21,29,1.0,16,49,5,1,0.7241
10.7144382088356,106.73711688366168,23,35,1.0,16,49,5,1,0.6571
10.817236653231737,106.63191539530456,22,35,1.0,16,49,5,1,0.6286
10.772727584493625,106.69804225297564,14,24,1.0,16,51,5,1,0.5833
10.774028664434528,106.70357076461706,16,28,1.0,16,51,5,1,0.5714
10.752616652291238,106.72509685338922,39,39,1.0,16,51,5,1,1.0
10.745754766198267,106.65326266831876,42,42,1.0,16,51,5,1,1.0
10.94927106740351,106.87196348224562,33,41,1.0,16,51,5,1,0.8049
10.78866360854368,106.695513722289,31,42,1.0,16,51,5,1,0.7381
10.801406421807084,106.7114844087968,31,42,1.0,16,51,5,1,0.7381
10.843150534972033,106.6151343241409,22,35,1.0,16,51,5,1,0.6286
10.880537767027526,106.81481342866444,40,53,1.0,16,51,5,1,0.7547
10.740840166521664,106.61899246873142,26,35,1.0,16,51,5,1,0.7429
10.798986343749618,106.7269705664684,45,45,1.0,16,51,5,1,1.0
10.741860769464234,106.73790365482628,45,45,1.0,16,52,5,1,1.0
10.752408891679814,106.7022703818112,20,33,1.0,16,52,5,1,0.6061
10.786216596454729,106.71836665482697,40,40,1.0,16,52,5,1,1.0
10.78948793356203,106.7151883818118,24,35,1.0,16,52,5,1,0.6857
10.80223925742187,106.6478722259914,27,41,1.0,16,52,5,1,0.6585
10.813928881466124,106.66511432455972,20,34,0.999713,16,52,5,1,0.5882
10.755608615763382,106.67347943578082,20,27,1.0,16,52,5,1,0.7407
10.782680856341084,106.70051548181168,16,30,1.0,16,52,5,1,0.5333
10.754895139302109,106.67839188181134,19,32,1.0,16,52,5,1,0.5938
10.785070445194592,106.68331340921324,16,27,1.0,16,52,5,1,0.5926
10.7549373008113,106.67848844133415,19,32,1.0,16,52,5,1,0.5938
10.77898143649726,106.67684447140958,20,34,1.0,16,52,5,1,0.5882
10.7671128283867,106.6927618222887,20,20,1.0,16,52,5,1,1.0
10.77847212665258,106.69389510879644,28,42,1.0,16,52,5,1,0.6667
10.796057790235078,106.67492629345334,21,34,0.998955,16,52,5,1,0.6176
10.8352982156415,106.72935479345392,31,42,0.997826,16,52,5,1,0.7381
10.777562007197462,106.7041335430398,16,30,1.0,16,52,5,1,0.5333
10.83886351241477,106.67566625482782,26,35,1.0,16,52,5,1,0.7429
10.765187049751797,106.67550552599072,23,36,1.0,16,52,5,1,0.6389
10.75948437198232,106.6840537511244,20,27,1.0,16,52,5,1,0.7407
10.865229381280963,106.72366973948476,32,49,1.0,16,52,5,1,0.6531
10.72279213640514,106.72808623948244,22,37,0.997113,16,52,5,1,0.5946
10.823400120373712,106.68551227436063,22,32,1.0,16,52,5,1,0.6875
10.756158554057755,106.66631758181126,30,30,1.0,16,52,5,1,1.0
10.7144382088356,106.73711688366168,22,35,1.0,16,52,5,1,0.6286
10.817236653231737,106.63191539530456,24,35,1.0,16,52,5,1,0.6857
10.772727584493625,106.69804225297564,12,23,0.998765,16,54,5,1,0.5217
10.774028664434528,106.70357076461706,19,29,1.0,16,54,5,1,0.6552
10.752616652291238,106.72509685338922,31,39,1.0,16,55,5,1,0.7949
10.745754766198267,106.65326266831876,36,43,1.0,16,55,5,1,0.8372
10.94927106740351,106.87196348224562,30,42,1.0,16,55,5,1,0.7143
10.78866360854368,106.695513722289,31,41,1.0,16,55,5,1,0.7561
10.801406421807084,106.7114844087968,31,41,1.0,16,55,5,1,0.7561
10.843150534972033,106.6151343241409,22,35,1.0,16,55,5,1,0.6286
10.880537767027526,106.81481342866444,42,54,1.0,16,55,5,1,0.7778
10.740840166521664,106.61899246873142,26,35,1.0,16,55,5,1,0.7429
10.798986343749618,106.7269705664684,45,45,1.0,16,55,5,1,1.0
10.741860769464234,106.73790365482628,45,45,1.0,16,55,5,1,1.0
10.752408891679814,106.7022703818112,20,34,1.0,16,55,5,1,0.5882
10.786216596454729,106.71836665482697,40,40,1.0,16,55,5,1,1.0
10.78948793356203,106.7151883818118,24,35,1.0,16,55,5,1,0.6857
10.80223925742187,106.6478722259914,27,41,1.0,16,55,5,1,0.6585
10.813928881466124,106.66511432455972,20,34,0.999713,16,56,5,1,0.5882
10.755608615763382,106.67347943578082,16,27,0.998947,16,56,5,1,0.5926
10.782680856341084,106.70051548181168,17,29,1.0,16,56,5,1,0.5862
10.754895139302109,106.67839188181134,18,32,1.0,16,56,5,1,0.5625
10.785070445194592,106.68331340921324,14,27,1.0,16,56,5,1,0.5185
10.7549373008113,106.67848844133415,18,32,1.0,16,56,5,1,0.5625
10.77898143649726,106.67684447140958,21,34,1.0,16,56,5,1,0.6176
10.7671128283867,106.6927618222887,13,20,1.0,16,56,5,1,0.65
10.77847212665258,106.69389510879644,27,41,1.0,16,56,5,1,0.6585
10.796057790235078,106.67492629345334,20,34,0.999713,16,56,5,1,0.5882
10.8352982156415,106.72935479345392,32,42,0.998557,16,56,5,1,0.7619
10.777562007197462,106.7041335430398,17,29,1.0,16,56,5,1,0.5862
10.83886351241477,106.67566625482782,25,35,1.0,16,56,5,1,0.7143
10.765187049751797,106.67550552599072,24,36,1.0,16,56,5,1,0.6667
10.75948437198232,106.6840537511244,16,27,0.998943,16,56,5,1,0.5926
10.865229381280963,106.72366973948476,33,49,1.0,16,56,5,1,0.6735
10.72279213640514,106.72808623948244,23,37,0.998514,16,56,5,1,0.6216
10.823400120373712,106.68551227436063,22,31,1.0,16,56,5,1,0.7097
10.756158554057755,106.66631758181126,23,30,1.0,16,57,5,1,0.7667
10.7144382088356,106.73711688366168,22,36,1.0,16,57,5,1,0.6111
10.817236653231737,106.63191539530456,22,35,1.0,16,57,5,1,0.6286
10.772727584493625,106.69804225297564,15,23,0.998765,16,59,5,1,0.6522
10.774028664434528,106.70357076461706,21,29,1.0,16,59,5,1,0.7241
10.752616652291238,106.72509685338922,28,39,1.0,16,59,5,1,0.7179
10.745754766198267,106.65326266831876,38,43,1.0,16,59,5,1,0.8837
10.94927106740351,106.87196348224562,26,41,1.0,16,59,5,1,0.6341
10.78866360854368,106.695513722289,33,42,1.0,16,59,5,1,0.7857
10.801406421807084,106.7114844087968,33,42,1.0,16,59,5,1,0.7857
10.843150534972033,106.6151343241409,21,35,1.0,16,59,5,1,0.6
10.880537767027526,106.81481342866444,43,53,1.0,16,59,5,1,0.8113
10.740840166521664,106.61899246873142,26,35,1.0,16,59,5,1,0.7429
10.798986343749618,106.7269705664684,45,45,1.0,16,59,5,1,1.0
10.741860769464234,106.73790365482628,45,45,1.0,16,59,5,1,1.0
10.752408891679814,106.7022703818112,19,33,1.0,16,59,5,1,0.5758
10.786216596454729,106.71836665482697,40,40,1.0,16,59,5,1,1.0
10.78948793356203,106.7151883818118,36,36,1.0,17,0,5,1,1.0
10.80223925742187,106.6478722259914,28,41,1.0,17,0,5,1,0.6829
10.813928881466124,106.66511432455972,20,34,0.998954,17,0,5,1,0.5882
10.755608615763382,106.67347943578082,17,27,0.998954,17,0,5,1,0.6296
10.782680856341084,106.70051548181168,16,30,1.0,17,0,5,1,0.5333
10.754895139302109,106.67839188181134,19,32,1.0,17,0,5,1,0.5938
10.785070445194592,106.68331340921324,18,28,1.0,17,0,5,1,0.6429
10.7549373008113,106.67848844133415,19,32,1.0,17,0,5,1,0.5938
10.77898143649726,106.67684447140958,22,35,1.0,17,0,5,1,0.6286
10.7671128283867,106.6927618222887,11,19,1.0,17,0,5,1,0.5789
10.77847212665258,106.69389510879644,27,41,1.0,17,0,5,1,0.6585
10.796057790235078,106.67492629345334,20,34,0.998954,17,0,5,1,0.5882
10.8352982156415,106.72935479345392,34,43,0.998916,17,0,5,1,0.7907
10.777562007197462,106.7041335430398,16,30,1.0,17,0,5,1,0.5333
10.83886351241477,106.67566625482782,25,36,1.0,17,0,5,1,0.6944
10.765187049751797,106.67550552599072,25,35,1.0,17,0,5,1,0.7143
10.75948437198232,106.6840537511244,17,27,0.998954,17,0,5,1,0.6296
10.865229381280963,106.72366973948476,33,49,1.0,17,1,5,1,0.6735
10.72279213640514,106.72808623948244,22,37,0.998025,17,1,5,1,0.5946
10.823400120373712,106.68551227436063,20,31,1.0,17,1,5,1,0.6452
10.756158554057755,106.66631758181126,22,29,1.0,17,1,5,1,0.7586
10.7144382088356,106.73711688366168,22,35,1.0,17,1,5,1,0.6286
10.817236653231737,106.63191539530456,21,34,1.0,17,1,5,1,0.6176
10.772727584493625,106.69804225297564,14,23,0.998765,17,3,5,1,0.6087
10.774028664434528,106.70357076461706,17,29,1.0,17,3,5,1,0.5862
10.752616652291238,106.72509685338922,26,38,1.0,17,3,5,1,0.6842
10.745754766198267,106.65326266831876,36,42,1.0,17,3,5,1,0.8571
10.94927106740351,106.87196348224562,28,41,1.0,17,3,5,1,0.6829
10.78866360854368,106.695513722289,32,41,1.0,17,3,5,1,0.7805
10.801406421807084,106.7114844087968,32,41,1.0,17,3,5,1,0.7805
10.843150534972033,106.6151343241409,22,35,1.0,17,3,5,1,0.6286
10.880537767027526,106.81481342866444,40,53,1.0,17,3,5,1,0.7547
10.740840166521664,106.61899246873142,26,35,1.0,17,3,5,1,0.7429
10.798986343749618,106.7269705664684,45,45,1.0,17,3,5,1,1.0
10.741860769464234,106.73790365482628,45,45,1.0,17,3,5,1,1.0
10.752408891679814,106.7022703818112,20,33,1.0,17,4,5,1,0.6061
10.786216596454729,106.71836665482697,40,40,1.0,17,4,5,1,1.0
10.78948793356203,106.7151883818118,36,36,1.0,17,4,5,1,1.0
10.80223925742187,106.6478722259914,27,40,1.0,17,4,5,1,0.675
10.813928881466124,106.66511432455972,21,33,0.998693,17,4,5,1,0.6364
10.755608615763382,106.67347943578082,15,27,0.998947,17,4,5,1,0.5556
10.782680856341084,106.70051548181168,15,30,1.0,17,4,5,1,0.5
10.754895139302109,106.67839188181134,18,32,1.0,17,4,5,1,0.5625
10.785070445194592,106.68331340921324,15,27,1.0,17,4,5,1,0.5556
10.7549373008113,106.67848844133415,18,32,1.0,17,4,5,1,0.5625
10.77898143649726,106.67684447140958,21,34,1.0,17,4,5,1,0.6176
10.7671128283867,106.6927618222887,15,20,1.0,17,4,5,1,0.75
10.77847212665258,106.69389510879644,28,41,1.0,17,4,5,1,0.6829
10.796057790235078,106.67492629345334,21,33,0.998693,17,4,5,1,0.6364
10.8352982156415,106.72935479345392,34,41,0.998868,17,4,5,1,0.8293
10.777562007197462,106.7041335430398,15,30,1.0,17,4,5,1,0.5
10.83886351241477,106.67566625482782,24,36,1.0,17,4,5,1,0.6667
10.765187049751797,106.67550552599072,26,35,1.0,17,4,5,1,0.7429
10.75948437198232,106.6840537511244,17,27,0.998947,17,4,5,1,0.6296
10.865229381280963,106.72366973948476,33,49,1.0,17,5,5,1,0.6735
10.72279213640514,106.72808623948244,21,37,0.997905,17,5,5,1,0.5676
10.823400120373712,106.68551227436063,21,32,1.0,17,5,5,1,0.6562
10.756158554057755,106.66631758181126,17,29,1.0,17,5,5,1,0.5862
10.7144382088356,106.73711688366168,22,35,1.0,17,5,5,1,0.6286
10.817236653231737,106.63191539530456,22,35,1.0,17,5,5,1,0.6286
10.772727584493625,106.69804225297564,13,23,0.998765,17,7,5,1,0.5652
10.774028664434528,106.70357076461706,14,28,1.0,17,7,5,1,0.5
10.752616652291238,106.72509685338922,28,39,1.0,17,7,5,1,0.7179
10.745754766198267,106.65326266831876,36,43,1.0,17,7,5,1,0.8372
10.94927106740351,106.87196348224562,31,42,1.0,17,7,5,1,0.7381
10.78866360854368,106.695513722289,32,42,1.0,17,7,5,1,0.7619
10.801406421807084,106.7114844087968,32,42,1.0,17,7,5,1,0.7619
10.843150534972033,106.6151343241409,23,35,1.0,17,7,5,1,0.6571
10.880537767027526,106.81481342866444,43,54,1.0,17,7,5,1,0.7963
10.740840166521664,106.61899246873142,26,35,1.0,17,7,5,1,0.7429
10.798986343749618,106.7269705664684,45,45,1.0,17,7,5,1,1.0
10.741860769464234,106.73790365482628,45,45,1.0,17,7,5,1,1.0
10.752408891679814,106.7022703818112,21,34,1.0,17,7,5,1,0.6176
10.786216596454729,106.71836665482697,40,40,1.0,17,7,5,1,1.0
10.78948793356203,106.7151883818118,36,36,1.0,17,7,5,1,1.0
10.80223925742187,106.6478722259914,27,41,1.0,17,7,5,1,0.6585
10.813928881466124,106.66511432455972,21,34,0.998483,17,7,5,1,0.6176
10.755608615763382,106.67347943578082,15,27,1.0,17,7,5,1,0.5556
10.782680856341084,106.70051548181168,17,31,1.0,17,7,5,1,0.5484
10.754895139302109,106.67839188181134,19,32,1.0,17,7,5,1,0.5938
10.785070445194592,106.68331340921324,20,28,1.0,17,7,5,1,0.7143
10.7549373008113,106.67848844133415,19,32,1.0,17,7,5,1,0.5938
10.77898143649726,106.67684447140958,21,35,1.0,17,7,5,1,0.6
10.7671128283867,106.6927618222887,20,20,1.0,17,7,5,1,1.0
10.77847212665258,106.69389510879644,28,41,1.0,17,7,5,1,0.6829
10.796057790235078,106.67492629345334,21,34,0.998483,17,7,5,1,0.6176
10.8352982156415,106.72935479345392,32,43,0.998738,17,7,5,1,0.7442
10.777562007197462,106.7041335430398,17,31,1.0,17,7,5,1,0.5484
10.83886351241477,106.67566625482782,24,36,1.0,17,7,5,1,0.6667
10.765187049751797,106.67550552599072,25,35,1.0,17,7,5,1,0.7143
10.75948437198232,106.6840537511244,15,27,1.0,17,7,5,1,0.5556
10.865229381280963,106.72366973948476,32,49,1.0,17,7,5,1,0.6531
10.72279213640514,106.72808623948244,21,37,0.997697,17,7,5,1,0.5676
10.823400120373712,106.68551227436063,21,32,1.0,17,8,5,1,0.6562
10.756158554057755,106.66631758181126,18,29,1.0,17,8,5,1,0.6207
10.7144382088356,106.73711688366168,22,35,1.0,17,8,5,1,0.6286
10.817236653231737,106.63191539530456,22,35,1.0,17,8,5,1,0.6286
10.772727584493625,106.69804225297564,14,24,0.99753,17,10,5,1,0.5833
10.774028664434528,106.70357076461706,20,28,1.0,17,10,5,1,0.7143
10.752616652291238,106.72509685338922,39,39,1.0,17,10,5,1,1.0
10.745754766198267,106.65326266831876,37,42,0.999762,17,10,5,1,0.881
10.94927106740351,106.87196348224562,31,42,1.0,17,10,5,1,0.7381
10.78866360854368,106.695513722289,33,42,1.0,17,10,5,1,0.7857
10.801406421807084,106.7114844087968,33,42,1.0,17,10,5,1,0.7857
10.843150534972033,106.6151343241409,20,35,1.0,17,10,5,1,0.5714
10.880537767027526,106.81481342866444,42,53,1.0,17,10,5,1,0.7925
10.740840166521664,106.61899246873142,26,35,1.0,17,10,5,1,0.7429
10.798986343749618,106.7269705664684,45,45,1.0,17,10,5,1,1.0
10.741860769464234,106.73790365482628,45,45,1.0,17,10,5,1,1.0
10.752408891679814,106.7022703818112,20,33,1.0,17,10,5,1,0.6061
10.786216596454729,106.71836665482697,40,40,1.0,17,10,5,1,1.0
10.78948793356203,106.7151883818118,36,36,1.0,17,10,5,1,1.0
10.80223925742187,106.6478722259914,27,41,1.0,17,10,5,1,0.6585
10.813928881466124,106.66511432455972,21,33,0.998981,17,10,5,1,0.6364
10.755608615763382,106.67347943578082,18,27,1.0,17,10,5,1,0.6667
10.782680856341084,106.70051548181168,16,30,1.0,17,10,5,1,0.5333
10.754895139302109,106.67839188181134,18,32,1.0,17,11,5,1,0.5625
10.785070445194592,106.68331340921324,16,28,1.0,17,11,5,1,0.5714
10.7549373008113,106.67848844133415,18,32,1.0,17,11,5,1,0.5625
10.77898143649726,106.67684447140958,20,34,1.0,17,11,5,1,0.5882
10.7671128283867,106.6927618222887,20,20,1.0,17,11,5,1,1.0
10.77847212665258,106.69389510879644,27,41,1.0,17,11,5,1,0.6585
10.796057790235078,106.67492629345334,21,33,0.998981,17,11,5,1,0.6364
10.8352982156415,106.72935479345392,32,42,0.998196,17,11,5,1,0.7619
10.777562007197462,106.7041335430398,16,30,1.0,17,11,5,1,0.5333
10.83886351241477,106.67566625482782,23,36,1.0,17,11,5,1,0.6389
10.765187049751797,106.67550552599072,27,36,1.0,17,11,5,1,0.75
10.75948437198232,106.6840537511244,18,27,1.0,17,11,5,1,0.6667
10.865229381280963,106.72366973948476,34,49,1.0,17,11,5,1,0.6939
10.72279213640514,106.72808623948244,22,37,0.997702,17,11,5,1,0.5946
10.823400120373712,106.68551227436063,20,32,1.0,17,11,5,1,0.625
10.756158554057755,106.66631758181126,23,30,1.0,17,11,5,1,0.7667
10.7144382088356,106.73711688366168,21,35,1.0,17,11,5,1,0.6
10.817236653231737,106.63191539530456,21,35,1.0,17,11,5,1,0.6
10.772727584493625,106.69804225297564,16,24,0.998765,17,14,5,1,0.6667
10.774028664434528,106.70357076461706,19,29,1.0,17,14,5,1,0.6552
10.752616652291238,106.72509685338922,28,38,1.0,17,14,5,1,0.7368
10.745754766198267,106.65326266831876,36,43,1.0,17,14,5,1,0.8372
10.94927106740351,106.87196348224562,25,41,1.0,17,14,5,1,0.6098
10.78866360854368,106.695513722289,31,41,1.0,17,14,5,1,0.7561
10.801406421807084,106.7114844087968,31,41,1.0,17,14,5,1,0.7561
10.843150534972033,106.6151343241409,20,34,1.0,17,14,5,1,0.5882
10.880537767027526,106.81481342866444,41,53,1.0,17,14,5,1,0.7736
10.740840166521664,106.61899246873142,28,35,1.0,17,14,5,1,0.8
10.798986343749618,106.7269705664684,45,45,1.0,17,14,5,1,1.0
10.741860769464234,106.73790365482628,38,44,1.0,17,14,5,1,0.8636
10.752408891679814,106.7022703818112,20,33,1.0,17,14,5,1,0.6061
10.786216596454729,106.71836665482697,40,40,1.0,17,14,5,1,1.0
10.78948793356203,106.7151883818118,21,34,1.0,17,14,5,1,0.6176
10.80223925742187,106.6478722259914,24,41,1.0,17,14,5,1,0.5854
10.813928881466124,106.66511432455972,21,34,0.998585,17,14,5,1,0.6176
10.755608615763382,106.67347943578082,17,27,1.0,17,14,5,1,0.6296
10.782680856341084,106.70051548181168,15,30,1.0,17,14,5,1,0.5
10.754895139302109,106.67839188181134,19,31,1.0,17,15,5,1,0.6129
10.785070445194592,106.68331340921324,19,27,1.0,17,15,5,1,0.7037
10.7549373008113,106.67848844133415,19,31,1.0,17,15,5,1,0.6129
10.77898143649726,106.67684447140958,20,34,1.0,17,15,5,1,0.5882
10.7671128283867,106.6927618222887,10,20,1.0,17,15,5,1,0.5
10.77847212665258,106.69389510879644,27,41,1.0,17,15,5,1,0.6585
10.796057790235078,106.67492629345334,21,34,0.998585,17,15,5,1,0.6176
10.8352982156415,106.72935479345392,32,42,0.99802,17,15,5,1,0.7619
10.777562007197462,106.7041335430398,15,30,1.0,17,15,5,1,0.5
10.83886351241477,106.67566625482782,25,36,1.0,17,15,5,1,0.6944
10.765187049751797,106.67550552599072,23,36,1.0,17,15,5,1,0.6389
10.75948437198232,106.6840537511244,16,27,1.0,17,15,5,1,0.5926
10.865229381280963,106.72366973948476,33,49,1.0,17,15,5,1,0.6735
10.72279213640514,106.72808623948244,21,38,0.998476,17,15,5,1,0.5526
10.823400120373712,106.68551227436063,18,32,1.0,17,15,5,1,0.5625
10.756158554057755,106.66631758181126,23,28,1.0,17,15,5,1,0.8214
10.7144382088356,106.73711688366168,21,35,1.0,17,15,5,1,0.6
10.817236653231737,106.63191539530456,22,35,1.0,17,15,5,1,0.6286
10.772727584493625,106.69804225297564,15,24,0.998765,17,18,5,1,0.625
10.774028664434528,106.70357076461706,15,29,1.0,17,18,5,1,0.5172
10.752616652291238,106.72509685338922,27,39,1.0,17,18,5,1,0.6923
10.745754766198267,106.65326266831876,35,43,1.0,17,18,5,1,0.814
10.94927106740351,106.87196348224562,23,42,1.0,17,18,5,1,0.5476
10.78866360854368,106.695513722289,30,42,1.0,17,18,5,1,0.7143
10.801406421807084,106.7114844087968,30,42,1.0,17,18,5,1,0.7143
10.843150534972033,106.6151343241409,22,35,1.0,17,18,5,1,0.6286
10.880537767027526,106.81481342866444,42,53,1.0,17,18,5,1,0.7925
10.740840166521664,106.61899246873142,25,35,1.0,17,18,5,1,0.7143
10.798986343749618,106.7269705664684,34,43,1.0,17,18,5,1,0.7907
10.741860769464234,106.73790365482628,45,45,1.0,17,18,5,1,1.0
10.752408891679814,106.7022703818112,21,34,1.0,17,18,5,1,0.6176
10.786216596454729,106.71836665482697,40,40,1.0,17,18,5,1,1.0
10.78948793356203,106.7151883818118,36,36,1.0,17,18,5,1,1.0
10.80223925742187,106.6478722259914,25,41,1.0,17,18,5,1,0.6098
10.813928881466124,106.66511432455972,21,33,0.99972,17,18,5,1,0.6364
10.755608615763382,106.67347943578082,17,27,1.0,17,19,5,1,0.6296
10.782680856341084,106.70051548181168,15,30,1.0,17,19,5,1,0.5
10.754895139302109,106.67839188181134,19,33,1.0,17,19,5,1,0.5758
10.785070445194592,106.68331340921324,15,27,1.0,17,19,5,1,0.5556
10.7549373008113,106.67848844133415,19,33,1.0,17,19,5,1,0.5758
10.77898143649726,106.67684447140958,20,34,1.0,17,19,5,1,0.5882
10.7671128283867,106.6927618222887,10,19,1.0,17,19,5,1,0.5263
10.77847212665258,106.69389510879644,27,41,1.0,17,19,5,1,0.6585
10.796057790235078,106.67492629345334,21,33,0.99972,17,19,5,1,0.6364
10.8352982156415,106.72935479345392,31,42,0.997809,17,19,5,1,0.7381
10.777562007197462,106.7041335430398,15,30,1.0,17,19,5,1,0.5
10.83886351241477,106.67566625482782,23,36,1.0,17,19,5,1,0.6389
10.765187049751797,106.67550552599072,24,36,1.0,17,19,5,1,0.6667
10.75948437198232,106.6840537511244,17,27,1.0,17,19,5,1,0.6296
10.865229381280963,106.72366973948476,33,49,1.0,17,19,5,1,0.6735
10.72279213640514,106.72808623948244,20,37,0.998245,17,19,5,1,0.5405
10.823400120373712,106.68551227436063,16,31,1.0,17,19,5,1,0.5161
10.756158554057755,106.66631758181126,20,29,1.0,17,19,5,1,0.6897
10.7144382088356,106.73711688366168,21,35,1.0,17,19,5,1,0.6
10.817236653231737,106.63191539530456,22,35,1.0,17,19,5,1,0.6286
10.772727584493625,106.69804225297564,13,25,0.998765,17,21,5,1,0.52
10.774028664434528,106.70357076461706,19,29,1.0,17,21,5,1,0.6552
10.752616652291238,106.72509685338922,28,39,1.0,17,21,5,1,0.7179
10.745754766198267,106.65326266831876,35,42,1.0,17,21,5,1,0.8333
10.94927106740351,106.87196348224562,32,42,1.0,17,21,5,1,0.7619
10.78866360854368,106.695513722289,32,42,1.0,17,21,5,1,0.7619
10.801406421807084,106.7114844087968,32,42,1.0,17,21,5,1,0.7619
10.843150534972033,106.6151343241409,22,35,1.0,17,22,5,1,0.6286
10.880537767027526,106.81481342866444,41,53,1.0,17,22,5,1,0.7736
10.740840166521664,106.61899246873142,24,35,1.0,17,22,5,1,0.6857
10.798986343749618,106.7269705664684,36,45,1.0,17,22,5,1,0.8
10.741860769464234,106.73790365482628,45,45,1.0,17,22,5,1,1.0
10.752408891679814,106.7022703818112,19,33,1.0,17,22,5,1,0.5758
10.786216596454729,106.71836665482697,40,40,1.0,17,22,5,1,1.0
10.78948793356203,106.7151883818118,36,36,1.0,17,22,5,1,1.0
10.80223925742187,106.6478722259914,23,41,1.0,17,22,5,1,0.561
10.813928881466124,106.66511432455972,20,34,0.999265,17,22,5,1,0.5882
10.755608615763382,106.67347943578082,19,28,1.0,17,23,5,1,0.6786
10.782680856341084,106.70051548181168,16,30,1.0,17,23,5,1,0.5333
10.754895139302109,106.67839188181134,18,32,1.0,17,23,5,1,0.5625
10.785070445194592,106.68331340921324,12,27,1.0,17,23,5,1,0.4444
10.7549373008113,106.67848844133415,18,32,1.0,17,23,5,1,0.5625
10.77898143649726,106.67684447140958,20,34,1.0,17,23,5,1,0.5882
10.7671128283867,106.6927618222887,13,20,1.0,17,23,5,1,0.65
10.77847212665258,106.69389510879644,27,42,1.0,17,23,5,1,0.6429
10.796057790235078,106.67492629345334,20,34,0.999265,17,23,5,1,0.5882
10.8352982156415,106.72935479345392,30,42,0.996412,17,23,5,1,0.7143
10.777562007197462,106.7041335430398,16,30,1.0,17,23,5,1,0.5333
10.83886351241477,106.67566625482782,22,36,1.0,17,23,5,1,0.6111
10.765187049751797,106.67550552599072,25,36,1.0,17,23,5,1,0.6944
10.75948437198232,106.6840537511244,19,28,1.0,17,23,5,1,0.6786
10.865229381280963,106.72366973948476,33,49,1.0,17,23,5,1,0.6735
10.72279213640514,106.72808623948244,20,37,0.998615,17,23,5,1,0.5405
10.823400120373712,106.68551227436063,18,32,1.0,17,23,5,1,0.5625
10.756158554057755,106.66631758181126,20,29,1.0,17,23,5,1,0.6897
10.7144382088356,106.73711688366168,22,36,1.0,17,23,5,1,0.6111
10.817236653231737,106.63191539530456,21,35,1.0,17,23,5,1,0.6
10.772727584493625,106.69804225297564,13,24,1.0,17,25,5,1,0.5417
10.774028664434528,106.70357076461706,17,29,1.0,17,26,5,1,0.5862
10.752616652291238,106.72509685338922,27,38,1.0,17,26,5,1,0.7105
10.745754766198267,106.65326266831876,36,42,1.0,17,26,5,1,0.8571
10.94927106740351,106.87196348224562,25,42,1.0,17,26,5,1,0.5952
10.78866360854368,106.695513722289,31,42,1.0,17,26,5,1,0.7381
10.801406421807084,106.7114844087968,31,42,1.0,17,26,5,1,0.7381
10.843150534972033,106.6151343241409,22,35,1.0,17,26,5,1,0.6286
10.880537767027526,106.81481342866444,42,53,1.0,17,26,5,1,0.7925
10.740840166521664,106.61899246873142,22,36,1.0,17,26,5,1,0.6111
10.798986343749618,106.7269705664684,45,45,1.0,17,26,5,1,1.0
10.741860769464234,106.73790365482628,45,45,1.0,17,26,5,1,1.0
10.752408891679814,106.7022703818112,19,34,1.0,17,26,5,1,0.5588
10.786216596454729,106.71836665482697,35,39,1.0,17,27,5,1,0.8974
10.78948793356203,106.7151883818118,36,36,1.0,17,27,5,1,1.0
10.80223925742187,106.6478722259914,26,41,1.0,17,27,5,1,0.6341
10.813928881466124,106.66511432455972,21,34,0.997914,17,27,5,1,0.6176
10.755608615763382,106.67347943578082,17,27,0.998943,17,27,5,1,0.6296
10.782680856341084,106.70051548181168,17,30,1.0,17,27,5,1,0.5667
10.754895139302109,106.67839188181134,17,32,1.0,17,27,5,1,0.5312
10.785070445194592,106.68331340921324,11,27,1.0,17,27,5,1,0.4074
10.7549373008113,106.67848844133415,17,32,1.0,17,27,5,1,0.5312
10.77898143649726,106.67684447140958,19,34,1.0,17,27,5,1,0.5588
10.7671128283867,106.6927618222887,11,20,1.0,17,27,5,1,0.55
10.77847212665258,106.69389510879644,28,42,1.0,17,27,5,1,0.6667
10.796057790235078,106.67492629345334,21,34,0.997914,17,27,5,1,0.6176
10.8352982156415,106.72935479345392,31,42,0.995739,17,27,5,1,0.7381
10.777562007197462,106.7041335430398,17,30,1.0,17,27,5,1,0.5667
10.83886351241477,106.67566625482782,24,35,1.0,17,27,5,1,0.6857
10.765187049751797,106.67550552599072,20,35,1.0,17,27,5,1,0.5714
10.75948437198232,106.6840537511244,17,27,0.998943,17,27,5,1,0.6296
10.865229381280963,106.72366973948476,33,49,1.0,17,27,5,1,0.6735
10.72279213640514,106.72808623948244,20,38,0.998515,17,27,5,1,0.5263
10.823400120373712,106.68551227436063,21,31,1.0,17,27,5,1,0.6774
10.756158554057755,106.66631758181126,23,28,1.0,17,27,5,1,0.8214
10.7144382088356,106.73711688366168,21,35,1.0,17,28,5,1,0.6
10.817236653231737,106.63191539530456,21,35,1.0,17,28,5,1,0.6
10.772727584493625,106.69804225297564,15,24,0.998765,17,30,5,1,0.625
10.774028664434528,106.70357076461706,13,29,1.0,17,30,5,1,0.4483
10.752616652291238,106.72509685338922,39,39,1.0,17,30,5,1,1.0
10.745754766198267,106.65326266831876,34,42,1.0,17,30,5,1,0.8095
10.94927106740351,106.87196348224562,28,41,1.0,17,30,5,1,0.6829
10.78866360854368,106.695513722289,32,42,1.0,17,30,5,1,0.7619
10.801406421807084,106.7114844087968,32,42,1.0,17,30,5,1,0.7619
10.843150534972033,106.6151343241409,22,35,1.0,17,30,5,1,0.6286
10.880537767027526,106.81481342866444,41,53,1.0,17,30,5,1,0.7736
10.740840166521664,106.61899246873142,24,35,1.0,17,30,5,1,0.6857
10.798986343749618,106.7269705664684,34,44,1.0,17,30,5,1,0.7727
10.741860769464234,106.73790365482628,45,45,1.0,17,30,5,1,1.0
10.752408891679814,106.7022703818112,18,33,1.0,17,30,5,1,0.5455
10.786216596454729,106.71836665482697,34,39,1.0,17,30,5,1,0.8718
10.78948793356203,106.7151883818118,28,36,1.0,17,31,5,1,0.7778
10.80223925742187,106.6478722259914,25,41,1.0,17,31,5,1,0.6098
10.813928881466124,106.66511432455972,21,34,0.997651,17,31,5,1,0.6176
10.755608615763382,106.67347943578082,18,28,1.0,17,31,5,1,0.6429
10.782680856341084,106.70051548181168,17,30,1.0,17,31,5,1,0.5667
10.754895139302109,106.67839188181134,19,33,1.0,17,31,5,1,0.5758
10.785070445194592,106.68331340921324,13,27,1.0,17,31,5,1,0.4815
10.7549373008113,106.67848844133415,19,33,1.0,17,31,5,1,0.5758
10.77898143649726,106.67684447140958,20,34,1.0,17,31,5,1,0.5882
10.7671128283867,106.6927618222887,8,19,1.0,17,31,5,1,0.4211
10.77847212665258,106.69389510879644,27,42,1.0,17,31,5,1,0.6429
10.796057790235078,106.67492629345334,21,34,0.997472,17,31,5,1,0.6176
10.8352982156415,106.72935479345392,30,42,0.994579,17,31,5,1,0.7143
10.777562007197462,106.7041335430398,16,30,1.0,17,31,5,1,0.5333
10.83886351241477,106.67566625482782,22,36,0.999213,17,31,5,1,0.6111
10.765187049751797,106.67550552599072,25,35,1.0,17,31,5,1,0.7143
10.75948437198232,106.6840537511244,17,27,1.0,17,31,5,1,0.6296
10.865229381280963,106.72366973948476,33,49,1.0,17,31,5,1,0.6735
10.72279213640514,106.72808623948244,21,37,0.998218,17,32,5,1,0.5676
10.823400120373712,106.68551227436063,20,31,1.0,17,32,5,1,0.6452
10.756158554057755,106.66631758181126,19,29,1.0,17,32,5,1,0.6552
10.7144382088356,106.73711688366168,21,35,1.0,17,32,5,1,0.6
10.817236653231737,106.63191539530456,20,35,1.0,17,32,5,1,0.5714
10.772727584493625,106.69804225297564,16,24,0.998765,17,34,5,1,0.6667
10.774028664434528,106.70357076461706,15,28,1.0,17,34,5,1,0.5357
10.752616652291238,106.72509685338922,31,39,1.0,17,34,5,1,0.7949
10.745754766198267,106.65326266831876,36,43,1.0,17,34,5,1,0.8372
10.94927106740351,106.87196348224562,29,42,1.0,17,34,5,1,0.6905
10.78866360854368,106.695513722289,31,41,1.0,17,34,5,1,0.7561
10.801406421807084,106.7114844087968,31,41,1.0,17,34,5,1,0.7561
10.843150534972033,106.6151343241409,21,35,1.0,17,34,5,1,0.6
10.880537767027526,106.81481342866444,41,53,1.0,17,34,5,1,0.7736
10.740840166521664,106.61899246873142,24,36,1.0,17,34,5,1,0.6667
10.798986343749618,106.7269705664684,45,45,1.0,17,35,5,1,1.0
10.741860769464234,106.73790365482628,45,45,1.0,17,35,5,1,1.0
10.752408891679814,106.7022703818112,18,34,1.0,17,35,5,1,0.5294
10.786216596454729,106.71836665482697,35,39,1.0,17,35,5,1,0.8974
10.78948793356203,106.7151883818118,28,35,1.0,17,35,5,1,0.8
10.80223925742187,106.6478722259914,26,41,1.0,17,35,5,1,0.6341
10.813928881466124,106.66511432455972,21,33,0.997734,17,35,5,1,0.6364
10.755608615763382,106.67347943578082,16,28,1.0,17,35,5,1,0.5714
10.782680856341084,106.70051548181168,17,30,1.0,17,35,5,1,0.5667
10.754895139302109,106.67839188181134,19,33,1.0,17,35,5,1,0.5758
10.785070445194592,106.68331340921324,18,27,1.0,17,35,5,1,0.6667
10.7549373008113,106.67848844133415,19,33,1.0,17,35,5,1,0.5758
10.77898143649726,106.67684447140958,18,35,1.0,17,35,5,1,0.5143
10.7671128283867,106.6927618222887,10,20,1.0,17,35,5,1,0.5
10.77847212665258,106.69389510879644,26,41,1.0,17,36,5,1,0.6341
10.796057790235078,106.67492629345334,21,33,0.997734,17,36,5,1,0.6364
10.8352982156415,106.72935479345392,30,42,0.995851,17,36,5,1,0.7143
10.777562007197462,106.7041335430398,18,31,1.0,17,36,5,1,0.5806
10.83886351241477,106.67566625482782,24,36,1.0,17,36,5,1,0.6667
10.765187049751797,106.67550552599072,21,36,1.0,17,36,5,1,0.5833
10.75948437198232,106.6840537511244,16,27,0.998954,17,36,5,1,0.5926
10.865229381280963,106.72366973948476,32,49,1.0,17,36,5,1,0.6531
10.72279213640514,106.72808623948244,21,37,0.998218,17,36,5,1,0.5676
10.823400120373712,106.68551227436063,18,31,1.0,17,36,5,1,0.5806
10.756158554057755,106.66631758181126,19,29,1.0,17,36,5,1,0.6552
10.7144382088356,106.73711688366168,21,35,1.0,17,36,5,1,0.6
10.817236653231737,106.63191539530456,22,35,1.0,17,36,5,1,0.6286
10.772727584493625,106.69804225297564,15,24,0.998765,17,38,5,1,0.625
10.774028664434528,106.70357076461706,16,28,1.0,17,38,5,1,0.5714
10.752616652291238,106.72509685338922,29,39,1.0,17,38,5,1,0.7436
10.745754766198267,106.65326266831876,37,43,1.0,17,38,5,1,0.8605
10.94927106740351,106.87196348224562,24,41,1.0,17,38,5,1,0.5854
10.78866360854368,106.695513722289,31,41,1.0,17,38,5,1,0.7561
10.801406421807084,106.7114844087968,31,41,1.0,17,38,5,1,0.7561
10.843150534972033,106.6151343241409,21,35,1.0,17,39,5,1,0.6
10.880537767027526,106.81481342866444,42,53,1.0,17,39,5,1,0.7925
10.740840166521664,106.61899246873142,24,35,1.0,17,39,5,1,0.6857
10.798986343749618,106.7269705664684,45,45,1.0,17,39,5,1,1.0
10.741860769464234,106.73790365482628,45,45,1.0,17,39,5,1,1.0
10.752408891679814,106.7022703818112,17,33,1.0,17,39,5,1,0.5152
10.786216596454729,106.71836665482697,35,40,1.0,17,39,5,1,0.875
10.78948793356203,106.7151883818118,26,35,1.0,17,39,5,1,0.7429
10.80223925742187,106.6478722259914,27,41,1.0,17,39,5,1,0.6585
10.813928881466124,106.66511432455972,21,34,0.997416,17,39,5,1,0.6176
10.755608615763382,106.67347943578082,17,28,1.0,17,39,5,1,0.6071
10.782680856341084,106.70051548181168,16,30,1.0,17,39,5,1,0.5333
10.754895139302109,106.67839188181134,18,33,1.0,17,39,5,1,0.5455
10.785070445194592,106.68331340921324,11,27,1.0,17,39,5,1,0.4074
10.7549373008113,106.67848844133415,18,33,1.0,17,39,5,1,0.5455
10.77898143649726,106.67684447140958,20,35,1.0,17,39,5,1,0.5714
10.7671128283867,106.6927618222887,12,20,1.0,17,39,5,1,0.6
10.77847212665258,106.69389510879644,26,41,1.0,17,39,5,1,0.6341
10.796057790235078,106.67492629345334,21,34,0.997416,17,39,5,1,0.6176
10.8352982156415,106.72935479345392,31,42,0.995671,17,39,5,1,0.7381
10.777562007197462,106.7041335430398,16,30,1.0,17,39,5,1,0.5333
10.83886351241477,106.67566625482782,23,36,1.0,17,39,5,1,0.6389
10.765187049751797,106.67550552599072,25,36,1.0,17,39,5,1,0.6944
10.75948437198232,106.6840537511244,17,28,1.0,17,39,5,1,0.6071
10.865229381280963,106.72366973948476,34,49,1.0,17,39,5,1,0.6939
10.72279213640514,106.72808623948244,21,37,0.998603,17,39,5,1,0.5676
10.823400120373712,106.68551227436063,20,30,1.0,17,39,5,1,0.6667
10.756158554057755,106.66631758181126,21,30,1.0,17,40,5,1,0.7
10.7144382088356,106.73711688366168,21,35,1.0,17,40,5,1,0.6
10.817236653231737,106.63191539530456,21,35,1.0,17,40,5,1,0.6
10.772727584493625,106.69804225297564,14,24,0.998765,17,42,5,1,0.5833
10.774028664434528,106.70357076461706,18,28,1.0,17,42,5,1,0.6429
10.752616652291238,106.72509685338922,36,43,1.0,17,42,5,1,0.8372
10.745754766198267,106.65326266831876,42,42,1.0,17,42,5,1,1.0
10.94927106740351,106.87196348224562,26,42,1.0,17,42,5,1,0.619
10.78866360854368,106.695513722289,31,42,1.0,17,42,5,1,0.7381
10.801406421807084,106.7114844087968,31,42,1.0,17,42,5,1,0.7381
10.843150534972033,106.6151343241409,22,35,1.0,17,42,5,1,0.6286
10.880537767027526,106.81481342866444,40,53,1.0,17,42,5,1,0.7547
10.740840166521664,106.61899246873142,23,35,1.0,17,42,5,1,0.6571
10.798986343749618,106.7269705664684,36,45,1.0,17,42,5,1,0.8
10.741860769464234,106.73790365482628,45,45,1.0,17,42,5,1,1.0
10.752408891679814,106.7022703818112,17,33,1.0,17,42,5,1,0.5152
10.786216596454729,106.71836665482697,40,40,1.0,17,42,5,1,1.0
10.78948793356203,106.7151883818118,36,36,1.0,17,42,5,1,1.0
10.80223925742187,106.6478722259914,26,41,1.0,17,42,5,1,0.6341
10.813928881466124,106.66511432455972,22,33,1.0,17,42,5,1,0.6667
10.755608615763382,106.67347943578082,17,27,0.998947,17,43,5,1,0.6296
10.782680856341084,106.70051548181168,16,30,1.0,17,43,5,1,0.5333
10.754895139302109,106.67839188181134,19,33,1.0,17,43,5,1,0.5758
10.785070445194592,106.68331340921324,15,27,1.0,17,43,5,1,0.5556
10.7549373008113,106.67848844133415,20,33,1.0,17,43,5,1,0.6061
10.77898143649726,106.67684447140958,19,34,1.0,17,43,5,1,0.5588
10.7671128283867,106.6927618222887,15,20,1.0,17,43,5,1,0.75
10.77847212665258,106.69389510879644,27,41,1.0,17,43,5,1,0.6585
10.796057790235078,106.67492629345334,22,34,1.0,17,43,5,1,0.6471
10.8352982156415,106.72935479345392,30,42,0.995662,17,43,5,1,0.7143
10.777562007197462,106.7041335430398,16,30,1.0,17,43,5,1,0.5333
10.83886351241477,106.67566625482782,23,36,1.0,17,43,5,1,0.6389
10.765187049751797,106.67550552599072,21,35,1.0,17,43,5,1,0.6
10.75948437198232,106.6840537511244,17,27,1.0,17,43,5,1,0.6296
10.865229381280963,106.72366973948476,31,49,1.0,17,43,5,1,0.6327
10.72279213640514,106.72808623948244,20,36,0.997702,17,43,5,1,0.5556
10.823400120373712,106.68551227436063,21,32,1.0,17,44,5,1,0.6562
10.756158554057755,106.66631758181126,21,30,1.0,17,44,5,1,0.7
10.7144382088356,106.73711688366168,20,35,1.0,17,44,5,1,0.5714
10.817236653231737,106.63191539530456,23,35,1.0,17,44,5,1,0.6571
10.772727584493625,106.69804225297564,14,24,1.0,17,46,5,1,0.5833
10.774028664434528,106.70357076461706,17,29,1.0,17,46,5,1,0.5862
10.752616652291238,106.72509685338922,39,39,1.0,17,46,5,1,1.0
10.745754766198267,106.65326266831876,35,43,1.0,17,46,5,1,0.814
10.94927106740351,106.87196348224562,24,42,1.0,17,46,5,1,0.5714
10.78866360854368,106.695513722289,30,42,1.0,17,46,5,1,0.7143
10.801406421807084,106.7114844087968,30,42,1.0,17,46,5,1,0.7143
10.843150534972033,106.6151343241409,23,34,1.0,17,46,5,1,0.6765
10.880537767027526,106.81481342866444,40,53,1.0,17,46,5,1,0.7547
10.740840166521664,106.61899246873142,23,35,1.0,17,46,5,1,0.6571
10.798986343749618,106.7269705664684,45,45,1.0,17,46,5,1,1.0
10.741860769464234,106.73790365482628,45,45,1.0,17,46,5,1,1.0
10.752408891679814,106.7022703818112,21,34,1.0,17,46,5,1,0.6176
10.786216596454729,106.71836665482697,40,40,1.0,17,46,5,1,1.0
10.78948793356203,106.7151883818118,25,35,1.0,17,47,5,1,0.7143
10.80223925742187,106.6478722259914,25,40,1.0,17,47,5,1,0.625
10.813928881466124,106.66511432455972,21,34,1.0,17,47,5,1,0.6176
10.755608615763382,106.67347943578082,17,27,1.0,17,47,5,1,0.6296
10.782680856341084,106.70051548181168,16,30,1.0,17,47,5,1,0.5333
10.754895139302109,106.67839188181134,20,33,1.0,17,47,5,1,0.6061
10.785070445194592,106.68331340921324,13,27,1.0,17,47,5,1,0.4815
10.7549373008113,106.67848844133415,20,33,1.0,17,47,5,1,0.6061
10.77898143649726,106.67684447140958,20,35,1.0,17,47,5,1,0.5714
10.7671128283867,106.6927618222887,20,20,1.0,17,47,5,1,1.0
10.77847212665258,106.69389510879644,26,41,1.0,17,47,5,1,0.6341
10.796057790235078,106.67492629345334,21,34,1.0,17,47,5,1,0.6176
10.8352982156415,106.72935479345392,30,42,0.996016,17,47,5,1,0.7143
10.777562007197462,106.7041335430398,16,30,1.0,17,47,5,1,0.5333
10.83886351241477,106.67566625482782,23,36,1.0,17,47,5,1,0.6389
10.765187049751797,106.67550552599072,20,35,1.0,17,47,5,1,0.5714
10.75948437198232,106.6840537511244,17,27,1.0,17,47,5,1,0.6296
10.865229381280963,106.72366973948476,32,49,1.0,17,48,5,1,0.6531
10.72279213640514,106.72808623948244,20,36,0.997902,17,48,5,1,0.5556
10.823400120373712,106.68551227436063,21,32,1.0,17,48,5,1,0.6562
10.756158554057755,106.66631758181126,23,29,1.0,17,48,5,1,0.7931
10.7144382088356,106.73711688366168,20,35,1.0,17,48,5,1,0.5714
10.817236653231737,106.63191539530456,23,35,1.0,17,48,5,1,0.6571
10.772727584493625,106.69804225297564,15,24,0.998765,17,50,5,1,0.625
10.774028664434528,106.70357076461706,18,28,1.0,17,50,5,1,0.6429
10.752616652291238,106.72509685338922,32,39,1.0,17,50,5,1,0.8205
10.745754766198267,106.65326266831876,36,42,1.0,17,50,5,1,0.8571
10.94927106740351,106.87196348224562,20,41,1.0,17,50,5,1,0.4878
10.78866360854368,106.695513722289,31,41,1.0,17,50,5,1,0.7561
10.801406421807084,106.7114844087968,31,41,1.0,17,50,5,1,0.7561
10.843150534972033,106.6151343241409,21,35,1.0,17,50,5,1,0.6
10.880537767027526,106.81481342866444,39,53,1.0,17,50,5,1,0.7358
10.740840166521664,106.61899246873142,24,35,1.0,17,50,5,1,0.6857
10.798986343749618,106.7269705664684,35,45,1.0,17,50,5,1,0.7778
10.741860769464234,106.73790365482628,45,45,1.0,17,50,5,1,1.0
10.752408891679814,106.7022703818112,20,34,1.0,17,50,5,1,0.5882
10.786216596454729,106.71836665482697,40,40,1.0,17,50,5,1,1.0
10.78948793356203,106.7151883818118,25,36,1.0,17,50,5,1,0.6944
10.80223925742187,106.6478722259914,27,40,1.0,17,50,5,1,0.675
10.813928881466124,106.66511432455972,21,34,0.998692,17,50,5,1,0.6176
10.755608615763382,106.67347943578082,14,27,1.0,17,50,5,1,0.5185
10.782680856341084,106.70051548181168,15,30,1.0,17,50,5,1,0.5
10.754895139302109,106.67839188181134,20,33,1.0,17,50,5,1,0.6061
10.785070445194592,106.68331340921324,14,27,1.0,17,50,5,1,0.5185
10.7549373008113,106.67848844133415,20,33,1.0,17,50,5,1,0.6061
10.77898143649726,106.67684447140958,20,35,1.0,17,50,5,1,0.5714
10.7671128283867,106.6927618222887,12,20,1.0,17,50,5,1,0.6
10.77847212665258,106.69389510879644,26,41,1.0,17,50,5,1,0.6341
10.796057790235078,106.67492629345334,21,34,0.998692,17,50,5,1,0.6176
10.8352982156415,106.72935479345392,31,42,0.994209,17,50,5,1,0.7381
10.777562007197462,106.7041335430398,15,30,1.0,17,50,5,1,0.5
10.83886351241477,106.67566625482782,24,35,1.0,17,50,5,1,0.6857
10.765187049751797,106.67550552599072,22,35,1.0,17,51,5,1,0.6286
10.75948437198232,106.6840537511244,14,27,1.0,17,51,5,1,0.5185
10.865229381280963,106.72366973948476,32,49,1.0,17,51,5,1,0.6531
10.72279213640514,106.72808623948244,21,37,0.998209,17,51,5,1,0.5676
10.823400120373712,106.68551227436063,21,31,1.0,17,51,5,1,0.6774
10.756158554057755,106.66631758181126,22,30,1.0,17,51,5,1,0.7333
10.7144382088356,106.73711688366168,20,35,1.0,17,51,5,1,0.5714
10.817236653231737,106.63191539530456,21,35,1.0,17,51,5,1,0.6
10.772727584493625,106.69804225297564,14,24,1.0,17,53,5,1,0.5833
10.774028664434528,106.70357076461706,15,27,1.0,17,53,5,1,0.5556
10.752616652291238,106.72509685338922,29,39,1.0,17,53,5,1,0.7436
10.745754766198267,106.65326266831876,35,43,1.0,17,53,5,1,0.814
10.94927106740351,106.87196348224562,26,41,1.0,17,53,5,1,0.6341
10.78866360854368,106.695513722289,31,41,1.0,17,53,5,1,0.7561
10.801406421807084,106.7114844087968,31,41,1.0,17,53,5,1,0.7561
10.843150534972033,106.6151343241409,21,35,1.0,17,53,5,1,0.6
10.880537767027526,106.81481342866444,41,53,1.0,17,53,5,1,0.7736
10.740840166521664,106.61899246873142,24,35,1.0,17,53,5,1,0.6857
10.798986343749618,106.7269705664684,36,45,1.0,17,54,5,1,0.8
10.741860769464234,106.73790365482628,45,45,1.0,17,54,5,1,1.0
10.752408891679814,106.7022703818112,18,34,1.0,17,54,5,1,0.5294
10.786216596454729,106.71836665482697,40,40,1.0,17,54,5,1,1.0
10.78948793356203,106.7151883818118,24,36,1.0,17,54,5,1,0.6667
10.80223925742187,106.6478722259914,27,41,1.0,17,54,5,1,0.6585
10.813928881466124,106.66511432455972,21,34,0.998197,17,54,5,1,0.6176
10.755608615763382,106.67347943578082,15,26,1.0,17,54,5,1,0.5769
10.782680856341084,106.70051548181168,16,29,1.0,17,54,5,1,0.5517
10.754895139302109,106.67839188181134,19,33,1.0,17,54,5,1,0.5758
10.785070445194592,106.68331340921324,12,28,1.0,17,54,5,1,0.4286
10.7549373008113,106.67848844133415,19,33,1.0,17,54,5,1,0.5758
10.77898143649726,106.67684447140958,19,34,1.0,17,54,5,1,0.5588
10.7671128283867,106.6927618222887,12,19,1.0,17,54,5,1,0.6316
10.77847212665258,106.69389510879644,28,42,1.0,17,54,5,1,0.6667
10.796057790235078,106.67492629345334,22,33,0.997651,17,54,5,1,0.6667
10.8352982156415,106.72935479345392,30,42,0.994818,17,54,5,1,0.7143
10.777562007197462,106.7041335430398,17,30,1.0,17,54,5,1,0.5667
10.83886351241477,106.67566625482782,24,36,1.0,17,54,5,1,0.6667
10.765187049751797,106.67550552599072,23,35,1.0,17,54,5,1,0.6571
10.75948437198232,106.6840537511244,15,27,1.0,17,54,5,1,0.5556
10.865229381280963,106.72366973948476,31,49,1.0,17,54,5,1,0.6327
10.72279213640514,106.72808623948244,21,37,0.997811,17,54,5,1,0.5676
10.823400120373712,106.68551227436063,18,32,1.0,17,54,5,1,0.5625
10.756158554057755,106.66631758181126,21,30,1.0,17,54,5,1,0.7
10.7144382088356,106.73711688366168,20,35,1.0,17,54,5,1,0.5714
10.817236653231737,106.63191539530456,21,35,1.0,17,54,5,1,0.6
10.772727584493625,106.69804225297564,13,24,1.0,17,57,5,1,0.5417
10.774028664434528,106.70357076461706,16,29,1.0,17,57,5,1,0.5517
10.752616652291238,106.72509685338922,26,38,1.0,17,57,5,1,0.6842
10.745754766198267,106.65326266831876,36,42,1.0,17,57,5,1,0.8571
10.94927106740351,106.87196348224562,28,42,1.0,17,57,5,1,0.6667
10.78866360854368,106.695513722289,31,42,1.0,17,57,5,1,0.7381
10.801406421807084,106.7114844087968,31,42,1.0,17,57,5,1,0.7381
10.843150534972033,106.6151343241409,22,35,1.0,17,57,5,1,0.6286
10.880537767027526,106.81481342866444,39,54,1.0,17,57,5,1,0.7222
10.740840166521664,106.61899246873142,23,35,1.0,17,57,5,1,0.6571
10.798986343749618,106.7269705664684,45,45,1.0,17,58,5,1,1.0
10.741860769464234,106.73790365482628,45,45,1.0,17,58,5,1,1.0
10.752408891679814,106.7022703818112,20,34,1.0,17,58,5,1,0.5882
10.786216596454729,106.71836665482697,40,40,1.0,17,58,5,1,1.0
10.78948793356203,106.7151883818118,36,36,1.0,17,58,5,1,1.0
10.80223925742187,106.6478722259914,26,41,1.0,17,58,5,1,0.6341
10.813928881466124,106.66511432455972,22,34,0.997914,17,58,5,1,0.6471
10.755608615763382,106.67347943578082,12,27,0.998951,17,58,5,1,0.4444
10.782680856341084,106.70051548181168,17,30,1.0,17,58,5,1,0.5667
10.754895139302109,106.67839188181134,18,32,1.0,17,58,5,1,0.5625
10.785070445194592,106.68331340921324,12,28,1.0,17,58,5,1,0.4286
10.7549373008113,106.67848844133415,18,32,1.0,17,58,5,1,0.5625
10.77898143649726,106.67684447140958,19,34,1.0,17,58,5,1,0.5588
10.7671128283867,106.6927618222887,15,19,1.0,17,58,5,1,0.7895
10.77847212665258,106.69389510879644,28,42,1.0,17,58,5,1,0.6667
10.796057790235078,106.67492629345334,22,34,0.997914,17,58,5,1,0.6471
10.8352982156415,106.72935479345392,29,42,0.99297,17,59,5,1,0.6905
10.777562007197462,106.7041335430398,17,30,1.0,17,59,5,1,0.5667
10.83886351241477,106.67566625482782,24,36,1.0,17,59,5,1,0.6667
10.765187049751797,106.67550552599072,24,36,1.0,17,59,5,1,0.6667
10.75948437198232,106.6840537511244,14,28,1.0,17,59,5,1,0.5
10.865229381280963,106.72366973948476,32,49,1.0,17,59,5,1,0.6531
10.72279213640514,106.72808623948244,19,37,0.997669,17,59,5,1,0.5135
10.823400120373712,106.68551227436063,19,31,1.0,17,59,5,1,0.6129
10.756158554057755,106.66631758181126,22,29,1.0,17,59,5,1,0.7586
10.7144382088356,106.73711688366168,20,35,1.0,17,59,5,1,0.5714
10.817236653231737,106.63191539530456,22,35,1.0,17,59,5,1,0.6286
10.772727584493625,106.69804225297564,14,24,0.998765,18,1,5,1,0.5833
10.774028664434528,106.70357076461706,18,29,1.0,18,1,5,1,0.6207
10.752616652291238,106.72509685338922,30,40,1.0,18,2,5,1,0.75
10.745754766198267,106.65326266831876,42,42,1.0,18,2,5,1,1.0
10.94927106740351,106.87196348224562,23,41,1.0,18,2,5,1,0.561
10.78866360854368,106.695513722289,32,42,1.0,18,2,5,1,0.7619
10.801406421807084,106.7114844087968,32,42,1.0,18,2,5,1,0.7619
10.843150534972033,106.6151343241409,20,34,1.0,18,2,5,1,0.5882
10.880537767027526,106.81481342866444,40,53,1.0,18,2,5,1,0.7547
10.740840166521664,106.61899246873142,24,36,1.0,18,2,5,1,0.6667
10.798986343749618,106.7269705664684,45,45,1.0,18,2,5,1,1.0
10.741860769464234,106.73790365482628,45,45,1.0,18,2,5,1,1.0
10.752408891679814,106.7022703818112,20,34,1.0,18,2,5,1,0.5882
10.786216596454729,106.71836665482697,34,39,1.0,18,2,5,1,0.8718
10.78948793356203,106.7151883818118,21,35,1.0,18,2,5,1,0.6
10.80223925742187,106.6478722259914,30,41,1.0,18,2,5,1,0.7317
10.813928881466124,106.66511432455972,22,33,0.997472,18,2,5,1,0.6667
10.755608615763382,106.67347943578082,17,28,0.997061,18,2,5,1,0.6071
10.782680856341084,106.70051548181168,18,30,1.0,18,2,5,1,0.6
10.754895139302109,106.67839188181134,19,33,1.0,18,2,5,1,0.5758
10.785070445194592,106.68331340921324,10,28,1.0,18,2,5,1,0.3571
10.7549373008113,106.67848844133415,19,33,1.0,18,2,5,1,0.5758
10.77898143649726,106.67684447140958,19,34,1.0,18,2,5,1,0.5588
10.7671128283867,106.6927618222887,16,20,1.0,18,2,5,1,0.8
10.77847212665258,106.69389510879644,27,41,1.0,18,2,5,1,0.6585
10.796057790235078,106.67492629345334,22,33,0.997472,18,2,5,1,0.6667
10.8352982156415,106.72935479345392,29,42,0.991028,18,2,5,1,0.6905
10.777562007197462,106.7041335430398,18,30,1.0,18,2,5,1,0.6
10.83886351241477,106.67566625482782,22,36,1.0,18,2,5,1,0.6111
10.765187049751797,106.67550552599072,26,35,1.0,18,2,5,1,0.7429
10.75948437198232,106.6840537511244,17,28,0.997061,18,2,5,1,0.6071
10.865229381280963,106.72366973948476,34,49,1.0,18,3,5,1,0.6939
10.72279213640514,106.72808623948244,20,37,0.997902,18,3,5,1,0.5405
10.823400120373712,106.68551227436063,18,32,1.0,18,3,5,1,0.5625
10.756158554057755,106.66631758181126,18,29,1.0,18,3,5,1,0.6207
10.7144382088356,106.73711688366168,20,35,1.0,18,3,5,1,0.5714
10.817236653231737,106.63191539530456,20,34,1.0,18,3,5,1,0.5882
10.772727584493625,106.69804225297564,14,24,0.998765,18,5,5,1,0.5833
10.774028664434528,106.70357076461706,16,28,1.0,18,5,5,1,0.5714
10.752616652291238,106.72509685338922,31,38,1.0,18,5,5,1,0.8158
10.745754766198267,106.65326266831876,37,42,1.0,18,5,5,1,0.881
10.94927106740351,106.87196348224562,26,41,1.0,18,5,5,1,0.6341
10.78866360854368,106.695513722289,31,42,1.0,18,5,5,1,0.7381
10.801406421807084,106.7114844087968,31,42,1.0,18,5,5,1,0.7381
10.843150534972033,106.6151343241409,22,35,1.0,18,5,5,1,0.6286
10.880537767027526,106.81481342866444,43,53,1.0,18,5,5,1,0.8113
10.740840166521664,106.61899246873142,24,35,1.0,18,5,5,1,0.6857
10.798986343749618,106.7269705664684,45,45,1.0,18,5,5,1,1.0
10.741860769464234,106.73790365482628,45,45,1.0,18,5,5,1,1.0
10.752408891679814,106.7022703818112,20,34,1.0,18,5,5,1,0.5882
10.786216596454729,106.71836665482697,34,40,1.0,18,5,5,1,0.85
10.78948793356203,106.7151883818118,27,36,1.0,18,5,5,1,0.75
10.80223925742187,106.6478722259914,27,40,1.0,18,5,5,1,0.675
10.813928881466124,106.66511432455972,21,33,0.997734,18,5,5,1,0.6364
10.755608615763382,106.67347943578082,16,27,1.0,18,5,5,1,0.5926
10.782680856341084,106.70051548181168,16,30,1.0,18,5,5,1,0.5333
10.754895139302109,106.67839188181134,18,33,1.0,18,5,5,1,0.5455
10.785070445194592,106.68331340921324,12,27,1.0,18,6,5,1,0.4444
10.7549373008113,106.67848844133415,18,33,1.0,18,6,5,1,0.5455
10.77898143649726,106.67684447140958,19,34,1.0,18,6,5,1,0.5588
10.7671128283867,106.6927618222887,14,20,1.0,18,6,5,1,0.7
10.77847212665258,106.69389510879644,27,42,1.0,18,6,5,1,0.6429
10.796057790235078,106.67492629345334,21,33,0.997734,18,6,5,1,0.6364
10.8352982156415,106.72935479345392,30,43,0.995295,18,6,5,1,0.6977
10.777562007197462,106.7041335430398,16,30,1.0,18,6,5,1,0.5333
10.83886351241477,106.67566625482782,23,36,1.0,18,6,5,1,0.6389
10.765187049751797,106.67550552599072,23,35,1.0,18,6,5,1,0.6571
10.75948437198232,106.6840537511244,16,28,1.0,18,6,5,1,0.5714
10.865229381280963,106.72366973948476,32,49,1.0,18,6,5,1,0.6531
10.72279213640514,106.72808623948244,20,37,0.997885,18,6,5,1,0.5405
10.823400120373712,106.68551227436063,20,32,1.0,18,6,5,1,0.625
10.756158554057755,106.66631758181126,20,29,1.0,18,6,5,1,0.6897
10.7144382088356,106.73711688366168,20,35,1.0,18,6,5,1,0.5714
10.817236653231737,106.63191539530456,22,35,1.0,18,6,5,1,0.6286
10.772727584493625,106.69804225297564,11,24,0.998765,18,8,5,1,0.4583
10.774028664434528,106.70357076461706,17,28,1.0,18,8,5,1,0.6071
10.752616652291238,106.72509685338922,28,39,1.0,18,8,5,1,0.7179
10.745754766198267,106.65326266831876,36,42,1.0,18,8,5,1,0.8571
10.94927106740351,106.87196348224562,32,41,1.0,18,8,5,1,0.7805
10.78866360854368,106.695513722289,31,41,1.0,18,8,5,1,0.7561
10.801406421807084,106.7114844087968,31,41,1.0,18,8,5,1,0.7561
10.843150534972033,106.6151343241409,22,35,1.0,18,8,5,1,0.6286
10.880537767027526,106.81481342866444,40,53,1.0,18,8,5,1,0.7547
10.740840166521664,106.61899246873142,24,35,1.0,18,9,5,1,0.6857
10.798986343749618,106.7269705664684,45,45,1.0,18,9,5,1,1.0
10.741860769464234,106.73790365482628,45,45,1.0,18,9,5,1,1.0
10.752408891679814,106.7022703818112,20,34,1.0,18,9,5,1,0.5882
10.786216596454729,106.71836665482697,40,40,1.0,18,9,5,1,1.0
10.78948793356203,106.7151883818118,36,36,1.0,18,9,5,1,1.0
10.80223925742187,106.6478722259914,27,41,1.0,18,9,5,1,0.6585
10.813928881466124,106.66511432455972,21,34,0.997917,18,9,5,1,0.6176
10.755608615763382,106.67347943578082,17,28,0.998947,18,9,5,1,0.6071
10.782680856341084,106.70051548181168,17,30,1.0,18,9,5,1,0.5667
10.754895139302109,106.67839188181134,20,34,1.0,18,9,5,1,0.5882
10.785070445194592,106.68331340921324,14,27,1.0,18,9,5,1,0.5185
10.7549373008113,106.67848844133415,20,34,1.0,18,9,5,1,0.5882
10.77898143649726,106.67684447140958,21,35,1.0,18,9,5,1,0.6
10.7671128283867,106.6927618222887,20,20,1.0,18,9,5,1,1.0
10.77847212665258,106.69389510879644,27,41,1.0,18,9,5,1,0.6585
10.796057790235078,106.67492629345334,21,34,0.997914,18,9,5,1,0.6176
10.8352982156415,106.72935479345392,31,42,0.994749,18,9,5,1,0.7381
10.777562007197462,106.7041335430398,15,29,1.0,18,9,5,1,0.5172
10.83886351241477,106.67566625482782,24,36,1.0,18,9,5,1,0.6667
10.765187049751797,106.67550552599072,25,36,1.0,18,9,5,1,0.6944
10.75948437198232,106.6840537511244,19,28,1.0,18,9,5,1,0.6786
10.865229381280963,106.72366973948476,33,49,1.0,18,9,5,1,0.6735
10.72279213640514,106.72808623948244,21,37,0.997769,18,9,5,1,0.5676
10.823400120373712,106.68551227436063,20,31,1.0,18,9,5,1,0.6452
10.756158554057755,106.66631758181126,22,29,1.0,18,9,5,1,0.7586
10.7144382088356,106.73711688366168,20,35,1.0,18,9,5,1,0.5714
10.817236653231737,106.63191539530456,23,35,1.0,18,9,5,1,0.6571
10.772727584493625,106.69804225297564,14,24,0.99753,18,12,5,1,0.5833
10.774028664434528,106.70357076461706,19,28,1.0,18,12,5,1,0.6786
10.752616652291238,106.72509685338922,34,42,1.0,18,12,5,1,0.8095
10.745754766198267,106.65326266831876,42,42,1.0,18,12,5,1,1.0
10.94927106740351,106.87196348224562,28,42,1.0,18,12,5,1,0.6667
10.78866360854368,106.695513722289,29,42,1.0,18,12,5,1,0.6905
10.801406421807084,106.7114844087968,29,42,1.0,18,12,5,1,0.6905
10.843150534972033,106.6151343241409,23,35,1.0,18,12,5,1,0.6571
10.880537767027526,106.81481342866444,41,53,1.0,18,12,5,1,0.7736
10.740840166521664,106.61899246873142,24,35,1.0,18,12,5,1,0.6857
10.798986343749618,106.7269705664684,45,45,1.0,18,12,5,1,1.0
10.741860769464234,106.73790365482628,45,45,1.0,18,12,5,1,1.0
10.752408891679814,106.7022703818112,19,33,1.0,18,12,5,1,0.5758
10.786216596454729,106.71836665482697,36,40,1.0,18,12,5,1,0.9
10.78948793356203,106.7151883818118,23,35,1.0,18,12,5,1,0.6571
10.80223925742187,106.6478722259914,26,41,1.0,18,12,5,1,0.6341
10.813928881466124,106.66511432455972,23,34,0.998954,18,12,5,1,0.6765
10.755608615763382,106.67347943578082,16,27,1.0,18,12,5,1,0.5926
10.782680856341084,106.70051548181168,16,30,1.0,18,12,5,1,0.5333
10.754895139302109,106.67839188181134,20,33,1.0,18,12,5,1,0.6061
10.785070445194592,106.68331340921324,13,27,1.0,18,12,5,1,0.4815
10.7549373008113,106.67848844133415,20,33,1.0,18,12,5,1,0.6061
10.77898143649726,106.67684447140958,19,34,1.0,18,13,5,1,0.5588
10.7671128283867,106.6927618222887,16,20,1.0,18,13,5,1,0.8
10.77847212665258,106.69389510879644,28,41,1.0,18,13,5,1,0.6829
10.796057790235078,106.67492629345334,23,34,0.998954,18,13,5,1,0.6765
10.8352982156415,106.72935479345392,29,42,0.995833,18,13,5,1,0.6905
10.777562007197462,106.7041335430398,16,30,1.0,18,13,5,1,0.5333
10.83886351241477,106.67566625482782,25,35,1.0,18,13,5,1,0.7143
10.765187049751797,106.67550552599072,22,35,1.0,18,13,5,1,0.6286
10.75948437198232,106.6840537511244,15,28,1.0,18,13,5,1,0.5357
10.865229381280963,106.72366973948476,33,49,1.0,18,13,5,1,0.6735
10.72279213640514,106.72808623948244,20,37,0.997786,18,13,5,1,0.5405
10.823400120373712,106.68551227436063,20,31,1.0,18,13,5,1,0.6452
10.756158554057755,106.66631758181126,18,29,1.0,18,13,5,1,0.6207
10.7144382088356,106.73711688366168,19,35,1.0,18,13,5,1,0.5429
10.817236653231737,106.63191539530456,24,35,1.0,18,13,5,1,0.6857
10.772727584493625,106.69804225297564,13,24,0.996295,18,15,5,1,0.5417
10.774028664434528,106.70357076461706,18,28,1.0,18,15,5,1,0.6429
10.752616652291238,106.72509685338922,28,40,1.0,18,15,5,1,0.7
10.745754766198267,106.65326266831876,37,42,1.0,18,15,5,1,0.881
10.94927106740351,106.87196348224562,28,41,1.0,18,16,5,1,0.6829
10.78866360854368,106.695513722289,28,42,1.0,18,16,5,1,0.6667
10.801406421807084,106.7114844087968,28,42,1.0,18,16,5,1,0.6667
10.843150534972033,106.6151343241409,22,35,1.0,18,16,5,1,0.6286
10.880537767027526,106.81481342866444,41,53,1.0,18,16,5,1,0.7736
10.740840166521664,106.61899246873142,26,35,1.0,18,16,5,1,0.7429
10.798986343749618,106.7269705664684,35,45,1.0,18,16,5,1,0.7778
10.741860769464234,106.73790365482628,45,45,1.0,18,16,5,1,1.0
10.752408891679814,106.7022703818112,18,34,1.0,18,16,5,1,0.5294
10.786216596454729,106.71836665482697,40,40,1.0,18,16,5,1,1.0
10.78948793356203,106.7151883818118,24,35,1.0,18,16,5,1,0.6857
10.80223925742187,106.6478722259914,27,41,1.0,18,16,5,1,0.6585
10.813928881466124,106.66511432455972,22,34,1.0,18,16,5,1,0.6471
10.755608615763382,106.67347943578082,17,27,1.0,18,16,5,1,0.6296
10.782680856341084,106.70051548181168,16,30,1.0,18,16,5,1,0.5333
10.754895139302109,106.67839188181134,20,33,1.0,18,16,5,1,0.6061
10.785070445194592,106.68331340921324,15,26,1.0,18,16,5,1,0.5769
10.7549373008113,106.67848844133415,20,33,1.0,18,16,5,1,0.6061
10.77898143649726,106.67684447140958,20,35,1.0,18,16,5,1,0.5714
10.7671128283867,106.6927618222887,20,20,1.0,18,16,5,1,1.0
10.77847212665258,106.69389510879644,28,42,1.0,18,16,5,1,0.6667
10.796057790235078,106.67492629345334,22,34,0.999242,18,16,5,1,0.6471
10.8352982156415,106.72935479345392,30,42,0.996365,18,16,5,1,0.7143
10.777562007197462,106.7041335430398,16,30,1.0,18,16,5,1,0.5333
10.83886351241477,106.67566625482782,25,36,1.0,18,16,5,1,0.6944
10.765187049751797,106.67550552599072,22,36,1.0,18,16,5,1,0.6111
10.75948437198232,106.6840537511244,17,28,1.0,18,16,5,1,0.6071
10.865229381280963,106.72366973948476,31,49,1.0,18,16,5,1,0.6327
10.72279213640514,106.72808623948244,20,37,0.997399,18,16,5,1,0.5405
10.823400120373712,106.68551227436063,20,32,1.0,18,16,5,1,0.625
10.756158554057755,106.66631758181126,19,30,1.0,18,17,5,1,0.6333
10.7144382088356,106.73711688366168,19,35,1.0,18,17,5,1,0.5429
10.817236653231737,106.63191539530456,21,34,1.0,18,17,5,1,0.6176
10.772727584493625,106.69804225297564,14,24,0.993825,18,19,5,1,0.5833
10.774028664434528,106.70357076461706,20,28,1.0,18,19,5,1,0.7143
10.752616652291238,106.72509685338922,29,39,1.0,18,19,5,1,0.7436
10.745754766198267,106.65326266831876,37,42,1.0,18,19,5,1,0.881
10.94927106740351,106.87196348224562,23,42,1.0,18,19,5,1,0.5476
10.78866360854368,106.695513722289,30,42,1.0,18,19,5,1,0.7143
10.801406421807084,106.7114844087968,30,42,1.0,18,19,5,1,0.7143
10.843150534972033,106.6151343241409,22,35,1.0,18,19,5,1,0.6286
10.880537767027526,106.81481342866444,42,53,1.0,18,19,5,1,0.7925
10.740840166521664,106.61899246873142,25,35,1.0,18,19,5,1,0.7143
10.798986343749618,106.7269705664684,45,45,1.0,18,19,5,1,1.0
10.741860769464234,106.73790365482628,45,45,1.0,18,19,5,1,1.0
10.752408891679814,106.7022703818112,17,33,1.0,18,19,5,1,0.5152
10.786216596454729,106.71836665482697,34,39,1.0,18,19,5,1,0.8718
10.78948793356203,106.7151883818118,25,36,1.0,18,19,5,1,0.6944
10.80223925742187,106.6478722259914,26,40,1.0,18,19,5,1,0.65
10.813928881466124,106.66511432455972,22,34,0.999528,18,19,5,1,0.6471
10.755608615763382,106.67347943578082,17,28,1.0,18,19,5,1,0.6071
10.782680856341084,106.70051548181168,15,30,1.0,18,19,5,1,0.5
10.754895139302109,106.67839188181134,20,32,1.0,18,19,5,1,0.625
10.785070445194592,106.68331340921324,14,27,1.0,18,20,5,1,0.5185
10.7549373008113,106.67848844133415,20,32,1.0,18,20,5,1,0.625
10.77898143649726,106.67684447140958,19,34,1.0,18,20,5,1,0.5588
10.7671128283867,106.6927618222887,10,20,1.0,18,20,5,1,0.5
10.77847212665258,106.69389510879644,28,41,1.0,18,20,5,1,0.6829
10.796057790235078,106.67492629345334,22,34,0.999528,18,20,5,1,0.6471
10.8352982156415,106.72935479345392,30,42,0.997286,18,20,5,1,0.7143
10.777562007197462,106.7041335430398,15,30,1.0,18,20,5,1,0.5
10.83886351241477,106.67566625482782,25,36,1.0,18,20,5,1,0.6944
10.765187049751797,106.67550552599072,20,35,1.0,18,20,5,1,0.5714
10.75948437198232,106.6840537511244,17,28,1.0,18,20,5,1,0.6071
10.865229381280963,106.72366973948476,33,49,1.0,18,20,5,1,0.6735
10.72279213640514,106.72808623948244,20,37,0.997702,18,20,5,1,0.5405
10.823400120373712,106.68551227436063,18,31,1.0,18,20,5,1,0.5806
10.756158554057755,106.66631758181126,21,30,1.0,18,20,5,1,0.7
10.7144382088356,106.73711688366168,20,35,1.0,18,20,5,1,0.5714
10.817236653231737,106.63191539530456,22,35,1.0,18,20,5,1,0.6286
10.772727584493625,106.69804225297564,15,23,0.996295,18,22,5,1,0.6522
10.774028664434528,106.70357076461706,20,29,1.0,18,22,5,1,0.6897
10.752616652291238,106.72509685338922,29,38,1.0,18,23,5,1,0.7632
10.745754766198267,106.65326266831876,42,42,1.0,18,23,5,1,1.0
10.94927106740351,106.87196348224562,25,42,1.0,18,23,5,1,0.5952
10.78866360854368,106.695513722289,30,42,1.0,18,23,5,1,0.7143
10.801406421807084,106.7114844087968,30,42,1.0,18,23,5,1,0.7143
10.843150534972033,106.6151343241409,21,35,1.0,18,23,5,1,0.6
10.880537767027526,106.81481342866444,44,53,1.0,18,23,5,1,0.8302
10.740840166521664,106.61899246873142,26,35,1.0,18,23,5,1,0.7429
10.798986343749618,106.7269705664684,45,45,1.0,18,23,5,1,1.0
10.741860769464234,106.73790365482628,45,45,1.0,18,23,5,1,1.0
10.752408891679814,106.7022703818112,18,34,1.0,18,23,5,1,0.5294
10.786216596454729,106.71836665482697,40,40,1.0,18,23,5,1,1.0
10.78948793356203,106.7151883818118,28,35,1.0,18,23,5,1,0.8
10.80223925742187,106.6478722259914,27,41,1.0,18,23,5,1,0.6585
10.813928881466124,106.66511432455972,21,34,0.998955,18,23,5,1,0.6176
10.755608615763382,106.67347943578082,17,27,1.0,18,23,5,1,0.6296
10.782680856341084,106.70051548181168,17,29,1.0,18,23,5,1,0.5862
10.754895139302109,106.67839188181134,20,33,1.0,18,23,5,1,0.6061
10.785070445194592,106.68331340921324,13,28,1.0,18,23,5,1,0.4643
10.7549373008113,106.67848844133415,20,33,1.0,18,23,5,1,0.6061
10.77898143649726,106.67684447140958,21,34,1.0,18,23,5,1,0.6176
10.7671128283867,106.6927618222887,20,20,1.0,18,23,5,1,1.0
10.77847212665258,106.69389510879644,28,41,1.0,18,23,5,1,0.6829
10.796057790235078,106.67492629345334,22,34,0.998692,18,23,5,1,0.6471
10.8352982156415,106.72935479345392,29,42,0.997641,18,24,5,1,0.6905
10.777562007197462,106.7041335430398,16,30,1.0,18,24,5,1,0.5333
10.83886351241477,106.67566625482782,24,36,1.0,18,24,5,1,0.6667
10.765187049751797,106.67550552599072,24,35,1.0,18,24,5,1,0.6857
10.75948437198232,106.6840537511244,17,27,1.0,18,24,5,1,0.6296
10.865229381280963,106.72366973948476,34,49,1.0,18,24,5,1,0.6939
10.72279213640514,106.72808623948244,20,37,0.9983,18,24,5,1,0.5405
10.823400120373712,106.68551227436063,20,32,1.0,18,24,5,1,0.625
10.756158554057755,106.66631758181126,18,30,1.0,18,24,5,1,0.6
10.7144382088356,106.73711688366168,20,35,1.0,18,24,5,1,0.5714
10.817236653231737,106.63191539530456,22,35,1.0,18,24,5,1,0.6286
10.772727584493625,106.69804225297564,13,24,0.99012,18,26,5,1,0.5417
10.774028664434528,106.70357076461706,20,29,0.99,18,26,5,1,0.6897
10.752616652291238,106.72509685338922,32,39,1.0,18,26,5,1,0.8205
10.745754766198267,106.65326266831876,36,43,1.0,18,26,5,1,0.8372
10.94927106740351,106.87196348224562,15,42,1.0,18,26,5,1,0.3571
10.78866360854368,106.695513722289,30,41,1.0,18,26,5,1,0.7317
10.801406421807084,106.7114844087968,30,41,1.0,18,26,5,1,0.7317
10.843150534972033,106.6151343241409,21,34,1.0,18,26,5,1,0.6176
10.880537767027526,106.81481342866444,40,53,1.0,18,26,5,1,0.7547
10.740840166521664,106.61899246873142,25,35,1.0,18,26,5,1,0.7143
10.798986343749618,106.7269705664684,45,45,1.0,18,26,5,1,1.0
10.741860769464234,106.73790365482628,45,45,1.0,18,26,5,1,1.0
10.752408891679814,106.7022703818112,20,34,1.0,18,26,5,1,0.5882
10.786216596454729,106.71836665482697,40,40,1.0,18,26,5,1,1.0
10.78948793356203,106.7151883818118,26,36,1.0,18,26,5,1,0.7222
10.80223925742187,106.6478722259914,24,41,1.0,18,26,5,1,0.5854
10.813928881466124,106.66511432455972,21,34,0.999528,18,26,5,1,0.6176
10.755608615763382,106.67347943578082,16,27,1.0,18,26,5,1,0.5926
10.782680856341084,106.70051548181168,17,30,1.0,18,26,5,1,0.5667
10.754895139302109,106.67839188181134,20,32,1.0,18,26,5,1,0.625
10.785070445194592,106.68331340921324,13,28,1.0,18,27,5,1,0.4643
10.7549373008113,106.67848844133415,20,32,1.0,18,27,5,1,0.625
10.77898143649726,106.67684447140958,19,35,1.0,18,27,5,1,0.5429
10.7671128283867,106.6927618222887,20,20,1.0,18,27,5,1,1.0
10.77847212665258,106.69389510879644,27,41,1.0,18,27,5,1,0.6585
10.796057790235078,106.67492629345334,21,34,0.999528,18,27,5,1,0.6176
10.8352982156415,106.72935479345392,29,42,0.997993,18,27,5,1,0.6905
10.777562007197462,106.7041335430398,17,30,1.0,18,27,5,1,0.5667
10.83886351241477,106.67566625482782,25,35,1.0,18,27,5,1,0.7143
10.765187049751797,106.67550552599072,23,36,1.0,18,27,5,1,0.6389
10.75948437198232,106.6840537511244,17,28,1.0,18,27,5,1,0.6071
10.865229381280963,106.72366973948476,33,49,1.0,18,27,5,1,0.6735
10.72279213640514,106.72808623948244,21,36,0.99751,18,27,5,1,0.5833
10.823400120373712,106.68551227436063,20,31,1.0,18,27,5,1,0.6452
10.756158554057755,106.66631758181126,21,29,1.0,18,27,5,1,0.7241
10.7144382088356,106.73711688366168,21,35,1.0,18,27,5,1,0.6
10.817236653231737,106.63191539530456,23,35,1.0,18,27,5,1,0.6571
10.772727584493625,106.69804225297564,13,24,0.988635,18,29,5,1,0.5417
10.774028664434528,106.70357076461706,19,29,0.99,18,29,5,1,0.6552
10.752616652291238,106.72509685338922,39,39,1.0,18,29,5,1,1.0
10.745754766198267,106.65326266831876,34,42,1.0,18,29,5,1,0.8095
10.94927106740351,106.87196348224562,29,41,1.0,18,29,5,1,0.7073
10.78866360854368,106.695513722289,30,41,1.0,18,29,5,1,0.7317
10.801406421807084,106.7114844087968,30,41,1.0,18,29,5,1,0.7317
10.843150534972033,106.6151343241409,22,35,1.0,18,29,5,1,0.6286
10.880537767027526,106.81481342866444,45,53,1.0,18,29,5,1,0.8491
10.740840166521664,106.61899246873142,25,36,1.0,18,29,5,1,0.6944
10.798986343749618,106.7269705664684,35,44,1.0,18,29,5,1,0.7955
10.741860769464234,106.73790365482628,45,45,1.0,18,29,5,1,1.0
10.752408891679814,106.7022703818112,18,34,1.0,18,29,5,1,0.5294
10.786216596454729,106.71836665482697,40,40,1.0,18,29,5,1,1.0
10.78948793356203,106.7151883818118,24,36,1.0,18,29,5,1,0.6667
10.80223925742187,106.6478722259914,27,41,1.0,18,29,5,1,0.6585
10.813928881466124,106.66511432455972,23,34,1.0,18,30,5,1,0.6765
10.755608615763382,106.67347943578082,17,26,1.0,18,30,5,1,0.6538
10.782680856341084,106.70051548181168,16,30,1.0,18,30,5,1,0.5333
10.754895139302109,106.67839188181134,20,33,1.0,18,30,5,1,0.6061
10.785070445194592,106.68331340921324,13,27,1.0,18,30,5,1,0.4815
10.7549373008113,106.67848844133415,20,33,1.0,18,30,5,1,0.6061
10.77898143649726,106.67684447140958,20,34,1.0,18,30,5,1,0.5882
10.7671128283867,106.6927618222887,20,20,1.0,18,30,5,1,1.0
10.77847212665258,106.69389510879644,28,42,1.0,18,30,5,1,0.6667
10.796057790235078,106.67492629345334,22,33,1.0,18,30,5,1,0.6667
10.8352982156415,106.72935479345392,29,43,0.997829,18,30,5,1,0.6744
10.777562007197462,106.7041335430398,16,30,1.0,18,30,5,1,0.5333
10.83886351241477,106.67566625482782,26,36,1.0,18,30,5,1,0.7222
10.765187049751797,106.67550552599072,23,36,1.0,18,30,5,1,0.6389
10.75948437198232,106.6840537511244,17,27,1.0,18,30,5,1,0.6296
10.865229381280963,106.72366973948476,33,49,1.0,18,30,5,1,0.6735
10.72279213640514,106.72808623948244,21,37,0.998403,18,30,5,1,0.5676
10.823400120373712,106.68551227436063,21,31,1.0,18,30,5,1,0.6774
10.756158554057755,106.66631758181126,30,30,1.0,18,30,5,1,1.0
10.7144382088356,106.73711688366168,20,35,1.0,18,30,5,1,0.5714
10.817236653231737,106.63191539530456,22,35,1.0,18,30,5,1,0.6286
10.772727584493625,106.69804225297564,14,24,0.993892,18,33,5,1,0.5833
10.774028664434528,106.70357076461706,16,28,0.94,18,33,5,1,0.5714
10.752616652291238,106.72509685338922,39,39,1.0,18,33,5,1,1.0
10.745754766198267,106.65326266831876,36,43,1.0,18,33,5,1,0.8372
10.94927106740351,106.87196348224562,25,41,1.0,18,33,5,1,0.6098
10.78866360854368,106.695513722289,31,41,1.0,18,33,5,1,0.7561
10.801406421807084,106.7114844087968,31,41,1.0,18,33,5,1,0.7561
10.843150534972033,106.6151343241409,22,35,1.0,18,33,5,1,0.6286
10.880537767027526,106.81481342866444,42,53,1.0,18,33,5,1,0.7925
10.740840166521664,106.61899246873142,25,36,1.0,18,33,5,1,0.6944
10.798986343749618,106.7269705664684,45,45,1.0,18,33,5,1,1.0
10.741860769464234,106.73790365482628,45,45,1.0,18,33,5,1,1.0
10.752408891679814,106.7022703818112,17,34,1.0,18,33,5,1,0.5
10.786216596454729,106.71836665482697,35,39,1.0,18,33,5,1,0.8974
10.78948793356203,106.7151883818118,29,36,1.0,18,33,5,1,0.8056
10.80223925742187,106.6478722259914,28,41,1.0,18,33,5,1,0.6829
10.813928881466124,106.66511432455972,21,34,0.998978,18,33,5,1,0.6176
10.755608615763382,106.67347943578082,17,28,1.0,18,33,5,1,0.6071
10.782680856341084,106.70051548181168,17,30,1.0,18,33,5,1,0.5667
10.754895139302109,106.67839188181134,20,33,1.0,18,34,5,1,0.6061
10.785070445194592,106.68331340921324,14,27,1.0,18,34,5,1,0.5185
10.7549373008113,106.67848844133415,20,33,1.0,18,34,5,1,0.6061
10.77898143649726,106.67684447140958,21,34,1.0,18,34,5,1,0.6176
10.7671128283867,106.6927618222887,14,19,1.0,18,34,5,1,0.7368
10.77847212665258,106.69389510879644,28,41,1.0,18,34,5,1,0.6829
10.796057790235078,106.67492629345334,21,34,0.998978,18,34,5,1,0.6176
10.8352982156415,106.72935479345392,28,43,0.996924,18,34,5,1,0.6512
10.777562007197462,106.7041335430398,16,30,1.0,18,34,5,1,0.5333
10.83886351241477,106.67566625482782,24,35,1.0,18,34,5,1,0.6857
10.765187049751797,106.67550552599072,19,35,1.0,18,34,5,1,0.5429
10.75948437198232,106.6840537511244,17,28,1.0,18,34,5,1,0.6071
10.865229381280963,106.72366973948476,34,49,1.0,18,34,5,1,0.6939
10.72279213640514,106.72808623948244,21,37,0.997456,18,34,5,1,0.5676
10.823400120373712,106.68551227436063,17,32,1.0,18,34,5,1,0.5312
10.756158554057755,106.66631758181126,24,30,1.0,18,34,5,1,0.8
10.7144382088356,106.73711688366168,20,35,1.0,18,34,5,1,0.5714
10.817236653231737,106.63191539530456,24,35,1.0,18,34,5,1,0.6857
10.772727584493625,106.69804225297564,14,23,0.986649,18,37,5,1,0.6087
10.774028664434528,106.70357076461706,16,29,0.92,18,37,5,1,0.5517
10.752616652291238,106.72509685338922,31,39,1.0,18,37,5,1,0.7949
10.745754766198267,106.65326266831876,37,42,1.0,18,37,5,1,0.881
10.94927106740351,106.87196348224562,29,42,1.0,18,37,5,1,0.6905
10.78866360854368,106.695513722289,32,41,1.0,18,37,5,1,0.7805
10.801406421807084,106.7114844087968,34,42,1.0,18,37,5,1,0.8095
10.843150534972033,106.6151343241409,23,35,1.0,18,37,5,1,0.6571
10.880537767027526,106.81481342866444,44,54,1.0,18,37,5,1,0.8148
10.740840166521664,106.61899246873142,25,35,1.0,18,37,5,1,0.7143
10.798986343749618,106.7269705664684,45,45,1.0,18,37,5,1,1.0
10.741860769464234,106.73790365482628,45,45,1.0,18,37,5,1,1.0
10.752408891679814,106.7022703818112,18,34,1.0,18,37,5,1,0.5294
10.786216596454729,106.71836665482697,40,40,1.0,18,37,5,1,1.0
10.78948793356203,106.7151883818118,29,36,1.0,18,37,5,1,0.8056
10.80223925742187,106.6478722259914,28,41,1.0,18,37,5,1,0.6829
10.813928881466124,106.66511432455972,23,34,0.999241,18,37,5,1,0.6765
10.755608615763382,106.67347943578082,17,27,1.0,18,37,5,1,0.6296
10.782680856341084,106.70051548181168,16,30,1.0,18,37,5,1,0.5333
10.754895139302109,106.67839188181134,20,32,1.0,18,37,5,1,0.625
10.785070445194592,106.68331340921324,13,26,1.0,18,37,5,1,0.5
10.7549373008113,106.67848844133415,20,32,1.0,18,37,5,1,0.625
10.77898143649726,106.67684447140958,20,34,1.0,18,37,5,1,0.5882
10.7671128283867,106.6927618222887,12,19,1.0,18,37,5,1,0.6316
10.77847212665258,106.69389510879644,29,41,1.0,18,37,5,1,0.7073
10.796057790235078,106.67492629345334,23,34,0.998978,18,38,5,1,0.6765
10.8352982156415,106.72935479345392,29,42,0.99801,18,38,5,1,0.6905
10.777562007197462,106.7041335430398,16,30,1.0,18,38,5,1,0.5333
10.83886351241477,106.67566625482782,27,36,1.0,18,38,5,1,0.75
10.765187049751797,106.67550552599072,20,35,1.0,18,38,5,1,0.5714
10.75948437198232,106.6840537511244,17,28,1.0,18,38,5,1,0.6071
10.865229381280963,106.72366973948476,33,49,1.0,18,38,5,1,0.6735
10.72279213640514,106.72808623948244,21,37,0.998398,18,38,5,1,0.5676
10.823400120373712,106.68551227436063,18,31,1.0,18,38,5,1,0.5806
10.756158554057755,106.66631758181126,22,29,1.0,18,38,5,1,0.7586
10.7144382088356,106.73711688366168,21,35,1.0,18,38,5,1,0.6
10.817236653231737,106.63191539530456,25,35,1.0,18,38,5,1,0.7143
10.772727584493625,106.69804225297564,12,24,0.975435,18,40,5,1,0.5
10.752616652291238,106.72509685338922,29,38,1.0,18,40,5,1,0.7632
10.745754766198267,106.65326266831876,33,43,1.0,18,41,5,1,0.7674
10.94927106740351,106.87196348224562,32,40,1.0,18,41,5,1,0.8
10.78866360854368,106.695513722289,32,41,1.0,18,41,5,1,0.7805
10.801406421807084,106.7114844087968,32,41,1.0,18,41,5,1,0.7805
10.843150534972033,106.6151343241409,24,35,1.0,18,41,5,1,0.6857
10.880537767027526,106.81481342866444,42,53,1.0,18,41,5,1,0.7925
10.740840166521664,106.61899246873142,26,36,1.0,18,41,5,1,0.7222
10.798986343749618,106.7269705664684,45,45,1.0,18,41,5,1,1.0
10.741860769464234,106.73790365482628,45,45,1.0,18,41,5,1,1.0
10.752408891679814,106.7022703818112,18,34,1.0,18,41,5,1,0.5294
10.786216596454729,106.71836665482697,33,39,1.0,18,41,5,1,0.8462
10.78948793356203,106.7151883818118,36,36,1.0,18,41,5,1,1.0
10.80223925742187,106.6478722259914,25,41,1.0,18,41,5,1,0.6098
10.813928881466124,106.66511432455972,24,34,0.997914,18,41,5,1,0.7059
10.755608615763382,106.67347943578082,16,27,1.0,18,41,5,1,0.5926
10.782680856341084,106.70051548181168,15,30,1.0,18,41,5,1,0.5
10.754895139302109,106.67839188181134,20,33,1.0,18,41,5,1,0.6061
10.785070445194592,106.68331340921324,14,28,1.0,18,42,5,1,0.5
10.7549373008113,106.67848844133415,20,33,1.0,18,42,5,1,0.6061
10.77898143649726,106.67684447140958,20,34,1.0,18,42,5,1,0.5882
10.7671128283867,106.6927618222887,20,20,1.0,18,42,5,1,1.0
10.77847212665258,106.69389510879644,28,41,1.0,18,42,5,1,0.6829
10.796057790235078,106.67492629345334,24,34,0.997914,18,42,5,1,0.7059
10.8352982156415,106.72935479345392,29,42,0.997829,18,42,5,1,0.6905
10.777562007197462,106.7041335430398,15,30,1.0,18,42,5,1,0.5
10.83886351241477,106.67566625482782,24,36,1.0,18,42,5,1,0.6667
10.765187049751797,106.67550552599072,21,35,1.0,18,42,5,1,0.6
10.75948437198232,106.6840537511244,16,27,1.0,18,42,5,1,0.5926
10.865229381280963,106.72366973948476,33,49,1.0,18,42,5,1,0.6735
10.72279213640514,106.72808623948244,21,38,0.998019,18,42,5,1,0.5526
10.823400120373712,106.68551227436063,19,31,1.0,18,42,5,1,0.6129
10.756158554057755,106.66631758181126,21,30,1.0,18,42,5,1,0.7
10.7144382088356,106.73711688366168,20,35,1.0,18,42,5,1,0.5714
10.817236653231737,106.63191539530456,24,35,1.0,18,42,5,1,0.6857
10.772727584493625,106.69804225297564,13,23,0.956877,18,44,5,1,0.5652
10.752616652291238,106.72509685338922,39,39,1.0,18,44,5,1,1.0
10.745754766198267,106.65326266831876,35,43,1.0,18,44,5,1,0.814
10.94927106740351,106.87196348224562,25,42,1.0,18,44,5,1,0.5952
10.78866360854368,106.695513722289,32,42,1.0,18,44,5,1,0.7619
10.801406421807084,106.7114844087968,32,42,1.0,18,44,5,1,0.7619
10.843150534972033,106.6151343241409,23,35,1.0,18,45,5,1,0.6571
10.880537767027526,106.81481342866444,44,53,1.0,18,45,5,1,0.8302
10.740840166521664,106.61899246873142,27,35,1.0,18,45,5,1,0.7714
10.798986343749618,106.7269705664684,45,45,1.0,18,45,5,1,1.0
10.741860769464234,106.73790365482628,45,45,1.0,18,45,5,1,1.0
10.752408891679814,106.7022703818112,18,34,1.0,18,45,5,1,0.5294
10.786216596454729,106.71836665482697,32,40,1.0,18,45,5,1,0.8
10.78948793356203,106.7151883818118,28,35,1.0,18,45,5,1,0.8
10.80223925742187,106.6478722259914,28,41,1.0,18,45,5,1,0.6829
10.813928881466124,106.66511432455972,24,34,0.999242,18,45,5,1,0.7059
10.755608615763382,106.67347943578082,17,28,1.0,18,45,5,1,0.6071
10.782680856341084,106.70051548181168,17,30,1.0,18,45,5,1,0.5667
10.754895139302109,106.67839188181134,20,33,1.0,18,45,5,1,0.6061
10.785070445194592,106.68331340921324,12,27,1.0,18,45,5,1,0.4444
10.7549373008113,106.67848844133415,20,33,1.0,18,45,5,1,0.6061
10.77898143649726,106.67684447140958,19,34,1.0,18,45,5,1,0.5588
10.7671128283867,106.6927618222887,10,20,1.0,18,45,5,1,0.5
10.77847212665258,106.69389510879644,29,42,1.0,18,45,5,1,0.6905
10.796057790235078,106.67492629345334,24,34,0.999242,18,45,5,1,0.7059
10.8352982156415,106.72935479345392,31,42,0.996768,18,45,5,1,0.7381
10.777562007197462,106.7041335430398,16,30,1.0,18,45,5,1,0.5333
10.83886351241477,106.67566625482782,26,36,1.0,18,46,5,1,0.7222
10.765187049751797,106.67550552599072,24,36,1.0,18,46,5,1,0.6667
10.75948437198232,106.6840537511244,14,27,1.0,18,46,5,1,0.5185
10.865229381280963,106.72366973948476,33,49,1.0,18,46,5,1,0.6735
10.72279213640514,106.72808623948244,21,37,0.998601,18,46,5,1,0.5676
10.823400120373712,106.68551227436063,16,31,1.0,18,46,5,1,0.5161
10.756158554057755,106.66631758181126,22,30,1.0,18,46,5,1,0.7333
10.7144382088356,106.73711688366168,21,35,1.0,18,46,5,1,0.6
10.817236653231737,106.63191539530456,24,35,1.0,18,46,5,1,0.6857
10.772727584493625,106.69804225297564,13,24,0.953273,18,48,5,1,0.5417
10.752616652291238,106.72509685338922,31,40,1.0,18,48,5,1,0.775
10.745754766198267,106.65326266831876,36,43,1.0,18,48,5,1,0.8372
10.94927106740351,106.87196348224562,29,42,1.0,18,48,5,1,0.6905
10.78866360854368,106.695513722289,31,41,1.0,18,48,5,1,0.7561
10.801406421807084,106.7114844087968,31,41,1.0,18,48,5,1,0.7561
10.843150534972033,106.6151343241409,23,34,1.0,18,48,5,1,0.6765
10.880537767027526,106.81481342866444,45,53,1.0,18,48,5,1,0.8491
10.740840166521664,106.61899246873142,26,35,1.0,18,48,5,1,0.7429
10.798986343749618,106.7269705664684,45,45,1.0,18,48,5,1,1.0
10.741860769464234,106.73790365482628,45,45,1.0,18,48,5,1,1.0
10.752408891679814,106.7022703818112,19,33,1.0,18,49,5,1,0.5758
10.786216596454729,106.71836665482697,33,39,1.0,18,49,5,1,0.8462
10.78948793356203,106.7151883818118,24,35,1.0,18,49,5,1,0.6857
10.80223925742187,106.6478722259914,27,40,1.0,18,49,5,1,0.675
10.813928881466124,106.66511432455972,22,34,0.999528,18,49,5,1,0.6471
10.755608615763382,106.67347943578082,17,28,1.0,18,49,5,1,0.6071
10.782680856341084,106.70051548181168,16,30,1.0,18,49,5,1,0.5333
10.754895139302109,106.67839188181134,18,31,1.0,18,49,5,1,0.5806
10.785070445194592,106.68331340921324,11,27,1.0,18,49,5,1,0.4074
10.7549373008113,106.67848844133415,18,31,1.0,18,49,5,1,0.5806
10.77898143649726,106.67684447140958,21,34,1.0,18,49,5,1,0.6176
10.7671128283867,106.6927618222887,11,20,1.0,18,49,5,1,0.55
10.77847212665258,106.69389510879644,29,41,1.0,18,49,5,1,0.7073
10.796057790235078,106.67492629345334,22,34,0.999715,18,49,5,1,0.6471
10.8352982156415,106.72935479345392,31,43,0.997164,18,49,5,1,0.7209
10.777562007197462,106.7041335430398,17,30,1.0,18,49,5,1,0.5667
10.83886351241477,106.67566625482782,25,36,1.0,18,49,5,1,0.6944
10.765187049751797,106.67550552599072,24,35,1.0,18,49,5,1,0.6857
10.75948437198232,106.6840537511244,16,28,1.0,18,49,5,1,0.5714
10.865229381280963,106.72366973948476,34,49,1.0,18,49,5,1,0.6939
10.72279213640514,106.72808623948244,21,37,0.997016,18,49,5,1,0.5676
10.823400120373712,106.68551227436063,18,31,1.0,18,49,5,1,0.5806
10.756158554057755,106.66631758181126,22,29,1.0,18,49,5,1,0.7586
10.7144382088356,106.73711688366168,21,35,1.0,18,49,5,1,0.6
10.817236653231737,106.63191539530456,23,35,1.0,18,49,5,1,0.6571
10.772727584493625,106.69804225297564,13,24,0.953306,18,51,5,1,0.5417
10.752616652291238,106.72509685338922,26,39,1.0,18,51,5,1,0.6667
10.745754766198267,106.65326266831876,42,42,1.0,18,52,5,1,1.0
10.94927106740351,106.87196348224562,28,42,1.0,18,52,5,1,0.6667
10.78866360854368,106.695513722289,34,42,1.0,18,52,5,1,0.8095
10.801406421807084,106.7114844087968,34,42,1.0,18,52,5,1,0.8095
10.843150534972033,106.6151343241409,26,35,1.0,18,52,5,1,0.7429
10.880537767027526,106.81481342866444,44,52,1.0,18,52,5,1,0.8462
10.740840166521664,106.61899246873142,27,35,1.0,18,52,5,1,0.7714
10.798986343749618,106.7269705664684,45,45,1.0,18,52,5,1,1.0
10.741860769464234,106.73790365482628,45,45,1.0,18,52,5,1,1.0
10.752408891679814,106.7022703818112,21,33,1.0,18,52,5,1,0.6364
10.786216596454729,106.71836665482697,35,40,1.0,18,52,5,1,0.875
10.78948793356203,106.7151883818118,36,36,1.0,18,52,5,1,1.0
10.80223925742187,106.6478722259914,28,41,1.0,18,52,5,1,0.6829
10.813928881466124,106.66511432455972,23,34,1.0,18,52,5,1,0.6765
10.755608615763382,106.67347943578082,15,28,1.0,18,52,5,1,0.5357
10.782680856341084,106.70051548181168,16,30,1.0,18,52,5,1,0.5333
10.754895139302109,106.67839188181134,19,32,1.0,18,52,5,1,0.5938
10.785070445194592,106.68331340921324,14,27,1.0,18,52,5,1,0.5185
10.7549373008113,106.67848844133415,21,33,1.0,18,52,5,1,0.6364
10.77898143649726,106.67684447140958,20,34,1.0,18,52,5,1,0.5882
10.7671128283867,106.6927618222887,15,20,1.0,18,52,5,1,0.75
10.77847212665258,106.69389510879644,29,42,1.0,18,53,5,1,0.6905
10.796057790235078,106.67492629345334,23,34,0.999244,18,53,5,1,0.6765
10.8352982156415,106.72935479345392,30,42,0.998028,18,53,5,1,0.7143
10.777562007197462,106.7041335430398,16,30,1.0,18,53,5,1,0.5333
10.83886351241477,106.67566625482782,26,36,1.0,18,53,5,1,0.7222
10.765187049751797,106.67550552599072,23,36,1.0,18,53,5,1,0.6389
10.75948437198232,106.6840537511244,16,28,1.0,18,53,5,1,0.5714
10.865229381280963,106.72366973948476,32,49,1.0,18,53,5,1,0.6531
10.72279213640514,106.72808623948244,22,37,0.99832,18,53,5,1,0.5946
10.823400120373712,106.68551227436063,20,31,1.0,18,53,5,1,0.6452
10.756158554057755,106.66631758181126,22,29,1.0,18,53,5,1,0.7586
10.7144382088356,106.73711688366168,21,35,1.0,18,53,5,1,0.6
10.817236653231737,106.63191539530456,25,35,1.0,18,53,5,1,0.7143
10.772727584493625,106.69804225297564,11,23,0.950085,18,55,5,1,0.4783
10.752616652291238,106.72509685338922,39,39,1.0,18,55,5,1,1.0
10.745754766198267,106.65326266831876,42,42,1.0,18,55,5,1,1.0
10.94927106740351,106.87196348224562,42,42,1.0,18,55,5,1,1.0
10.78866360854368,106.695513722289,33,42,1.0,18,55,5,1,0.7857
10.801406421807084,106.7114844087968,33,42,1.0,18,55,5,1,0.7857
10.843150534972033,106.6151343241409,24,35,1.0,18,56,5,1,0.6857
10.880537767027526,106.81481342866444,45,53,1.0,18,56,5,1,0.8491
10.740840166521664,106.61899246873142,27,35,1.0,18,56,5,1,0.7714
10.798986343749618,106.7269705664684,45,45,1.0,18,56,5,1,1.0
10.741860769464234,106.73790365482628,45,45,1.0,18,56,5,1,1.0
10.752408891679814,106.7022703818112,21,34,1.0,18,56,5,1,0.6176
10.786216596454729,106.71836665482697,35,39,1.0,18,56,5,1,0.8974
10.78948793356203,106.7151883818118,36,36,1.0,18,56,5,1,1.0
10.80223925742187,106.6478722259914,25,41,1.0,18,56,5,1,0.6098
10.813928881466124,106.66511432455972,23,33,1.0,18,56,5,1,0.697
10.755608615763382,106.67347943578082,15,27,1.0,18,56,5,1,0.5556
10.782680856341084,106.70051548181168,17,30,1.0,18,56,5,1,0.5667
10.754895139302109,106.67839188181134,22,33,1.0,18,57,5,1,0.6667
10.785070445194592,106.68331340921324,13,28,1.0,18,57,5,1,0.4643
10.7549373008113,106.67848844133415,22,33,1.0,18,57,5,1,0.6667
10.77898143649726,106.67684447140958,21,34,1.0,18,57,5,1,0.6176
10.7671128283867,106.6927618222887,14,20,1.0,18,57,5,1,0.7
10.77847212665258,106.69389510879644,29,41,1.0,18,57,5,1,0.7073
10.796057790235078,106.67492629345334,22,34,1.0,18,57,5,1,0.6471
10.8352982156415,106.72935479345392,29,42,0.998044,18,57,5,1,0.6905
10.777562007197462,106.7041335430398,17,30,1.0,18,57,5,1,0.5667
10.83886351241477,106.67566625482782,28,36,1.0,18,57,5,1,0.7778
10.765187049751797,106.67550552599072,19,36,1.0,18,57,5,1,0.5278
10.75948437198232,106.6840537511244,14,27,1.0,18,57,5,1,0.5185
10.865229381280963,106.72366973948476,33,49,1.0,18,57,5,1,0.6735
10.72279213640514,106.72808623948244,21,37,0.999045,18,57,5,1,0.5676
10.823400120373712,106.68551227436063,19,32,1.0,18,57,5,1,0.5938
10.756158554057755,106.66631758181126,22,29,1.0,18,57,5,1,0.7586
10.7144382088356,106.73711688366168,21,35,1.0,18,57,5,1,0.6
10.817236653231737,106.63191539530456,24,34,1.0,18,57,5,1,0.7059
10.772727584493625,106.69804225297564,11,24,0.955876,19,0,5,1,0.4583
10.752616652291238,106.72509685338922,30,39,1.0,19,0,5,1,0.7692
10.745754766198267,106.65326266831876,36,42,1.0,19,0,5,1,0.8571
10.94927106740351,106.87196348224562,27,41,1.0,19,0,5,1,0.6585
10.78866360854368,106.695513722289,33,42,1.0,19,0,5,1,0.7857
10.801406421807084,106.7114844087968,33,42,1.0,19,0,5,1,0.7857
10.843150534972033,106.6151343241409,25,35,1.0,19,0,5,1,0.7143
10.880537767027526,106.81481342866444,43,53,1.0,19,0,5,1,0.8113
10.740840166521664,106.61899246873142,28,35,1.0,19,0,5,1,0.8
10.798986343749618,106.7269705664684,45,45,1.0,19,0,5,1,1.0
10.741860769464234,106.73790365482628,45,45,1.0,19,0,5,1,1.0
10.752408891679814,106.7022703818112,22,33,1.0,19,0,5,1,0.6667
10.786216596454729,106.71836665482697,33,39,1.0,19,0,5,1,0.8462
10.78948793356203,106.7151883818118,24,34,1.0,19,0,5,1,0.7059
10.80223925742187,106.6478722259914,29,41,1.0,19,0,5,1,0.7073
10.813928881466124,106.66511432455972,23,33,1.0,19,0,5,1,0.697
10.755608615763382,106.67347943578082,16,28,1.0,19,0,5,1,0.5714
10.782680856341084,106.70051548181168,15,29,1.0,19,0,5,1,0.5172
10.754895139302109,106.67839188181134,21,33,1.0,19,0,5,1,0.6364
10.785070445194592,106.68331340921324,14,28,1.0,19,0,5,1,0.5
10.7549373008113,106.67848844133415,21,33,1.0,19,0,5,1,0.6364
10.77898143649726,106.67684447140958,22,34,1.0,19,1,5,1,0.6471
10.7671128283867,106.6927618222887,7,20,1.0,19,1,5,1,0.35
10.77847212665258,106.69389510879644,29,41,1.0,19,1,5,1,0.7073
10.796057790235078,106.67492629345334,23,33,1.0,19,1,5,1,0.697
10.8352982156415,106.72935479345392,30,42,0.998044,19,1,5,1,0.7143
10.777562007197462,106.7041335430398,15,29,1.0,19,1,5,1,0.5172
10.83886351241477,106.67566625482782,27,36,1.0,19,1,5,1,0.75
10.765187049751797,106.67550552599072,23,35,1.0,19,1,5,1,0.6571
10.75948437198232,106.6840537511244,15,28,1.0,19,1,5,1,0.5357
10.865229381280963,106.72366973948476,34,49,1.0,19,1,5,1,0.6939
10.72279213640514,106.72808623948244,21,37,0.998601,19,1,5,1,0.5676
10.823400120373712,106.68551227436063,19,31,1.0,19,1,5,1,0.6129
10.756158554057755,106.66631758181126,19,30,1.0,19,1,5,1,0.6333
10.7144382088356,106.73711688366168,20,35,1.0,19,1,5,1,0.5714
10.817236653231737,106.63191539530456,25,35,1.0,19,1,5,1,0.7143
10.772727584493625,106.69804225297564,12,24,0.918594,19,3,5,1,0.5
10.752616652291238,106.72509685338922,39,39,1.0,19,3,5,1,1.0
10.745754766198267,106.65326266831876,36,43,1.0,19,3,5,1,0.8372
10.94927106740351,106.87196348224562,26,42,1.0,19,3,5,1,0.619
10.78866360854368,106.695513722289,33,42,1.0,19,3,5,1,0.7857
10.801406421807084,106.7114844087968,33,42,1.0,19,3,5,1,0.7857
10.843150534972033,106.6151343241409,26,35,1.0,19,3,5,1,0.7429
10.880537767027526,106.81481342866444,44,53,1.0,19,3,5,1,0.8302
10.740840166521664,106.61899246873142,27,35,1.0,19,3,5,1,0.7714
10.798986343749618,106.7269705664684,45,45,1.0,19,4,5,1,1.0
10.741860769464234,106.73790365482628,45,45,1.0,19,4,5,1,1.0
10.752408891679814,106.7022703818112,24,33,1.0,19,4,5,1,0.7273
10.786216596454729,106.71836665482697,40,40,1.0,19,4,5,1,1.0
10.78948793356203,106.7151883818118,36,36,1.0,19,4,5,1,1.0
10.80223925742187,106.6478722259914,29,41,1.0,19,4,5,1,0.7073
10.813928881466124,106.66511432455972,23,33,0.999528,19,4,5,1,0.697
10.755608615763382,106.67347943578082,15,28,1.0,19,4,5,1,0.5357
10.782680856341084,106.70051548181168,17,30,1.0,19,5,5,1,0.5667
10.754895139302109,106.67839188181134,21,33,1.0,19,5,5,1,0.6364
10.785070445194592,106.68331340921324,16,27,1.0,19,5,5,1,0.5926
10.7549373008113,106.67848844133415,21,33,1.0,19,5,5,1,0.6364
10.77898143649726,106.67684447140958,22,34,1.0,19,5,5,1,0.6471
10.7671128283867,106.6927618222887,11,20,1.0,19,5,5,1,0.55
10.77847212665258,106.69389510879644,29,41,1.0,19,5,5,1,0.7073
10.796057790235078,106.67492629345334,21,33,0.999528,19,5,5,1,0.6364
10.8352982156415,106.72935479345392,30,42,0.997655,19,5,5,1,0.7143
10.777562007197462,106.7041335430398,18,30,1.0,19,5,5,1,0.6
10.83886351241477,106.67566625482782,26,36,1.0,19,5,5,1,0.7222
10.765187049751797,106.67550552599072,20,35,1.0,19,5,5,1,0.5714
10.75948437198232,106.6840537511244,15,27,1.0,19,5,5,1,0.5556
10.865229381280963,106.72366973948476,34,49,1.0,19,5,5,1,0.6939
10.72279213640514,106.72808623948244,23,37,0.999742,19,5,5,1,0.6216
10.823400120373712,106.68551227436063,20,31,1.0,19,5,5,1,0.6452
10.756158554057755,106.66631758181126,20,29,1.0,19,5,5,1,0.6897
10.7144382088356,106.73711688366168,21,35,1.0,19,5,5,1,0.6
10.817236653231737,106.63191539530456,26,35,1.0,19,5,5,1,0.7429
10.772727584493625,106.69804225297564,12,25,0.952371,19,8,5,1,0.48
10.752616652291238,106.72509685338922,39,39,1.0,19,8,5,1,1.0
10.745754766198267,106.65326266831876,42,42,1.0,19,8,5,1,1.0
10.94927106740351,106.87196348224562,22,41,1.0,19,8,5,1,0.5366
10.78866360854368,106.695513722289,35,41,1.0,19,8,5,1,0.8537
10.801406421807084,106.7114844087968,35,41,1.0,19,8,5,1,0.8537
10.843150534972033,106.6151343241409,25,35,1.0,19,8,5,1,0.7143
10.880537767027526,106.81481342866444,44,53,1.0,19,8,5,1,0.8302
10.740840166521664,106.61899246873142,26,35,1.0,19,8,5,1,0.7429
10.798986343749618,106.7269705664684,45,45,1.0,19,8,5,1,1.0
10.741860769464234,106.73790365482628,45,45,1.0,19,8,5,1,1.0
10.752408891679814,106.7022703818112,23,34,1.0,19,8,5,1,0.6765
10.786216596454729,106.71836665482697,27,40,1.0,19,8,5,1,0.675
10.78948793356203,106.7151883818118,36,36,1.0,19,8,5,1,1.0
10.80223925742187,106.6478722259914,30,41,1.0,19,9,5,1,0.7317
10.813928881466124,106.66511432455972,22,34,0.999528,19,9,5,1,0.6471
10.755608615763382,106.67347943578082,16,28,1.0,19,9,5,1,0.5714
10.782680856341084,106.70051548181168,17,31,1.0,19,9,5,1,0.5484
10.754895139302109,106.67839188181134,21,33,1.0,19,9,5,1,0.6364
10.785070445194592,106.68331340921324,14,27,1.0,19,9,5,1,0.5185
10.7549373008113,106.67848844133415,21,33,1.0,19,9,5,1,0.6364
10.77898143649726,106.67684447140958,22,34,1.0,19,9,5,1,0.6471
10.7671128283867,106.6927618222887,10,20,1.0,19,9,5,1,0.5
10.77847212665258,106.69389510879644,29,41,1.0,19,9,5,1,0.7073
10.796057790235078,106.67492629345334,22,34,0.999528,19,9,5,1,0.6471
10.8352982156415,106.72935479345392,30,42,0.997981,19,9,5,1,0.7143
10.777562007197462,106.7041335430398,17,30,1.0,19,9,5,1,0.5667
10.83886351241477,106.67566625482782,25,35,1.0,19,9,5,1,0.7143
10.765187049751797,106.67550552599072,23,36,1.0,19,9,5,1,0.6389
10.75948437198232,106.6840537511244,16,27,1.0,19,9,5,1,0.5926
10.865229381280963,106.72366973948476,34,49,1.0,19,9,5,1,0.6939
10.72279213640514,106.72808623948244,23,37,0.998475,19,9,5,1,0.6216
10.823400120373712,106.68551227436063,19,31,1.0,19,9,5,1,0.6129
10.756158554057755,106.66631758181126,17,29,1.0,19,9,5,1,0.5862
10.7144382088356,106.73711688366168,22,35,1.0,19,10,5,1,0.6286
10.817236653231737,106.63191539530456,24,35,1.0,19,10,5,1,0.6857
10.772727584493625,106.69804225297564,12,24,0.968058,19,12,5,1,0.5
10.774028664434528,106.70357076461706,12,29,0.93629,19,12,5,1,0.4138
10.752616652291238,106.72509685338922,39,39,1.0,19,12,5,1,1.0
10.745754766198267,106.65326266831876,36,42,1.0,19,12,5,1,0.8571
10.94927106740351,106.87196348224562,25,41,1.0,19,12,5,1,0.6098
10.78866360854368,106.695513722289,32,42,1.0,19,12,5,1,0.7619
10.801406421807084,106.7114844087968,32,42,1.0,19,12,5,1,0.7619
10.843150534972033,106.6151343241409,24,35,1.0,19,12,5,1,0.6857
10.880537767027526,106.81481342866444,43,54,1.0,19,12,5,1,0.7963
10.740840166521664,106.61899246873142,27,35,1.0,19,12,5,1,0.7714
10.798986343749618,106.7269705664684,45,45,1.0,19,12,5,1,1.0
10.741860769464234,106.73790365482628,45,45,1.0,19,12,5,1,1.0
10.752408891679814,106.7022703818112,23,33,1.0,19,12,5,1,0.697
10.786216596454729,106.71836665482697,40,40,1.0,19,12,5,1,1.0
10.78948793356203,106.7151883818118,36,36,1.0,19,12,5,1,1.0
10.80223925742187,106.6478722259914,28,41,1.0,19,12,5,1,0.6829
10.813928881466124,106.66511432455972,22,33,1.0,19,12,5,1,0.6667
10.755608615763382,106.67347943578082,17,27,1.0,19,12,5,1,0.6296
10.782680856341084,106.70051548181168,16,30,1.0,19,12,5,1,0.5333
10.754895139302109,106.67839188181134,23,32,1.0,19,12,5,1,0.7188
10.785070445194592,106.68331340921324,15,28,1.0,19,12,5,1,0.5357
10.7549373008113,106.67848844133415,23,32,1.0,19,12,5,1,0.7188
10.77898143649726,106.67684447140958,22,34,1.0,19,12,5,1,0.6471
10.7671128283867,106.6927618222887,9,20,1.0,19,12,5,1,0.45
10.77847212665258,106.69389510879644,29,41,1.0,19,12,5,1,0.7073
10.796057790235078,106.67492629345334,21,33,1.0,19,13,5,1,0.6364
10.8352982156415,106.72935479345392,30,42,0.998164,19,13,5,1,0.7143
10.777562007197462,106.7041335430398,16,30,1.0,19,13,5,1,0.5333
10.83886351241477,106.67566625482782,27,36,1.0,19,13,5,1,0.75
10.765187049751797,106.67550552599072,21,36,1.0,19,13,5,1,0.5833
10.75948437198232,106.6840537511244,15,27,1.0,19,13,5,1,0.5556
10.865229381280963,106.72366973948476,33,49,1.0,19,13,5,1,0.6735
10.72279213640514,106.72808623948244,23,37,1.0,19,13,5,1,0.6216
10.823400120373712,106.68551227436063,22,31,1.0,19,13,5,1,0.7097
10.756158554057755,106.66631758181126,19,29,1.0,19,13,5,1,0.6552
10.7144382088356,106.73711688366168,23,35,1.0,19,13,5,1,0.6571
10.817236653231737,106.63191539530456,25,34,1.0,19,13,5,1,0.7353
10.772727584493625,106.69804225297564,12,23,0.960615,19,15,5,1,0.5217
10.774028664434528,106.70357076461706,12,29,0.93629,19,15,5,1,0.4138
10.752616652291238,106.72509685338922,39,39,1.0,19,15,5,1,1.0
10.745754766198267,106.65326266831876,42,42,1.0,19,15,5,1,1.0
10.94927106740351,106.87196348224562,30,41,1.0,19,15,5,1,0.7317
10.78866360854368,106.695513722289,35,42,1.0,19,15,5,1,0.8333
10.801406421807084,106.7114844087968,35,42,1.0,19,15,5,1,0.8333
10.843150534972033,106.6151343241409,24,35,1.0,19,15,5,1,0.6857
10.880537767027526,106.81481342866444,47,52,1.0,19,15,5,1,0.9038
10.740840166521664,106.61899246873142,28,35,1.0,19,15,5,1,0.8
10.798986343749618,106.7269705664684,45,45,1.0,19,16,5,1,1.0
10.741860769464234,106.73790365482628,45,45,1.0,19,16,5,1,1.0
10.752408891679814,106.7022703818112,23,34,1.0,19,16,5,1,0.6765
10.786216596454729,106.71836665482697,30,40,1.0,19,16,5,1,0.75
10.78948793356203,106.7151883818118,36,36,1.0,19,16,5,1,1.0
10.80223925742187,106.6478722259914,27,40,1.0,19,16,5,1,0.675
10.813928881466124,106.66511432455972,23,34,0.998948,19,16,5,1,0.6765
10.755608615763382,106.67347943578082,16,28,1.0,19,16,5,1,0.5714
10.782680856341084,106.70051548181168,15,30,1.0,19,16,5,1,0.5
10.754895139302109,106.67839188181134,21,32,1.0,19,16,5,1,0.6562
10.785070445194592,106.68331340921324,13,28,1.0,19,16,5,1,0.4643
10.7549373008113,106.67848844133415,21,32,1.0,19,16,5,1,0.6562
10.77898143649726,106.67684447140958,22,35,1.0,19,16,5,1,0.6286
10.7671128283867,106.6927618222887,7,19,1.0,19,16,5,1,0.3684
10.77847212665258,106.69389510879644,29,41,1.0,19,16,5,1,0.7073
10.796057790235078,106.67492629345334,23,34,0.998661,19,16,5,1,0.6765
10.8352982156415,106.72935479345392,30,42,0.998664,19,16,5,1,0.7143
10.777562007197462,106.7041335430398,16,30,1.0,19,16,5,1,0.5333
10.83886351241477,106.67566625482782,26,35,1.0,19,16,5,1,0.7429
10.765187049751797,106.67550552599072,25,35,1.0,19,16,5,1,0.7143
10.75948437198232,106.6840537511244,14,26,1.0,19,16,5,1,0.5385
10.865229381280963,106.72366973948476,34,49,1.0,19,16,5,1,0.6939
10.72279213640514,106.72808623948244,22,37,0.998475,19,16,5,1,0.5946
10.823400120373712,106.68551227436063,20,32,1.0,19,16,5,1,0.625
10.756158554057755,106.66631758181126,20,29,1.0,19,16,5,1,0.6897
10.7144382088356,106.73711688366168,22,35,1.0,19,16,5,1,0.6286
10.817236653231737,106.63191539530456,25,35,1.0,19,16,5,1,0.7143
10.772727584493625,106.69804225297564,11,24,0.96185,19,19,5,1,0.4583
10.774028664434528,106.70357076461706,10,27,0.95,19,19,5,1,0.3704
10.752616652291238,106.72509685338922,34,40,1.0,19,19,5,1,0.85
10.745754766198267,106.65326266831876,42,42,1.0,19,19,5,1,1.0
10.94927106740351,106.87196348224562,34,41,1.0,19,19,5,1,0.8293
10.78866360854368,106.695513722289,34,42,1.0,19,19,5,1,0.8095
10.801406421807084,106.7114844087968,34,42,1.0,19,19,5,1,0.8095
10.843150534972033,106.6151343241409,25,35,1.0,19,19,5,1,0.7143
10.880537767027526,106.81481342866444,48,53,1.0,19,19,5,1,0.9057
10.740840166521664,106.61899246873142,27,35,1.0,19,19,5,1,0.7714
10.798986343749618,106.7269705664684,45,45,1.0,19,19,5,1,1.0
10.741860769464234,106.73790365482628,45,45,1.0,19,19,5,1,1.0
10.752408891679814,106.7022703818112,22,33,1.0,19,19,5,1,0.6667
10.786216596454729,106.71836665482697,33,40,1.0,19,19,5,1,0.825
10.78948793356203,106.7151883818118,36,36,1.0,19,19,5,1,1.0
10.80223925742187,106.6478722259914,29,40,1.0,19,19,5,1,0.725
10.813928881466124,106.66511432455972,23,34,0.999138,19,19,5,1,0.6765
10.755608615763382,106.67347943578082,16,27,1.0,19,19,5,1,0.5926
10.782680856341084,106.70051548181168,16,30,1.0,19,19,5,1,0.5333
10.754895139302109,106.67839188181134,21,33,1.0,19,19,5,1,0.6364
10.785070445194592,106.68331340921324,14,28,1.0,19,19,5,1,0.5
10.7549373008113,106.67848844133415,21,33,1.0,19,20,5,1,0.6364
10.77898143649726,106.67684447140958,22,35,1.0,19,20,5,1,0.6286
10.7671128283867,106.6927618222887,10,19,1.0,19,20,5,1,0.5263
10.77847212665258,106.69389510879644,29,41,1.0,19,20,5,1,0.7073
10.796057790235078,106.67492629345334,23,34,0.999138,19,20,5,1,0.6765
10.8352982156415,106.72935479345392,30,42,0.998014,19,20,5,1,0.7143
10.777562007197462,106.7041335430398,16,30,1.0,19,20,5,1,0.5333
10.83886351241477,106.67566625482782,27,36,1.0,19,20,5,1,0.75
10.765187049751797,106.67550552599072,20,35,1.0,19,20,5,1,0.5714
10.75948437198232,106.6840537511244,16,27,1.0,19,20,5,1,0.5926
10.865229381280963,106.72366973948476,32,49,1.0,19,20,5,1,0.6531
10.72279213640514,106.72808623948244,22,37,0.998475,19,20,5,1,0.5946
10.823400120373712,106.68551227436063,19,30,1.0,19,20,5,1,0.6333
10.756158554057755,106.66631758181126,23,30,1.0,19,20,5,1,0.7667
10.7144382088356,106.73711688366168,22,35,1.0,19,20,5,1,0.6286
10.817236653231737,106.63191539530456,25,35,1.0,19,20,5,1,0.7143
10.772727584493625,106.69804225297564,13,24,0.963444,19,22,5,1,0.5417
10.774028664434528,106.70357076461706,11,29,0.95,19,22,5,1,0.3793
10.752616652291238,106.72509685338922,39,39,1.0,19,22,5,1,1.0
10.745754766198267,106.65326266831876,36,43,1.0,19,22,5,1,0.8372
10.94927106740351,106.87196348224562,30,41,1.0,19,22,5,1,0.7317
10.78866360854368,106.695513722289,34,41,1.0,19,22,5,1,0.8293
10.801406421807084,106.7114844087968,34,41,1.0,19,22,5,1,0.8293
10.843150534972033,106.6151343241409,24,35,1.0,19,22,5,1,0.6857
10.880537767027526,106.81481342866444,46,53,1.0,19,22,5,1,0.8679
10.740840166521664,106.61899246873142,27,35,1.0,19,22,5,1,0.7714
10.798986343749618,106.7269705664684,45,45,1.0,19,22,5,1,1.0
10.741860769464234,106.73790365482628,45,45,1.0,19,23,5,1,1.0
10.752408891679814,106.7022703818112,24,34,1.0,19,23,5,1,0.7059
10.786216596454729,106.71836665482697,40,40,1.0,19,23,5,1,1.0
10.78948793356203,106.7151883818118,36,36,1.0,19,23,5,1,1.0
10.80223925742187,106.6478722259914,28,41,1.0,19,23,5,1,0.6829
10.813928881466124,106.66511432455972,23,34,0.998406,19,23,5,1,0.6765
10.755608615763382,106.67347943578082,17,28,1.0,19,23,5,1,0.6071
10.782680856341084,106.70051548181168,16,30,1.0,19,23,5,1,0.5333
10.754895139302109,106.67839188181134,21,33,1.0,19,23,5,1,0.6364
10.785070445194592,106.68331340921324,14,27,1.0,19,23,5,1,0.5185
10.7549373008113,106.67848844133415,21,33,1.0,19,23,5,1,0.6364
10.77898143649726,106.67684447140958,23,34,1.0,19,23,5,1,0.6765
10.7671128283867,106.6927618222887,8,19,1.0,19,23,5,1,0.4211
10.77847212665258,106.69389510879644,29,41,1.0,19,23,5,1,0.7073
10.796057790235078,106.67492629345334,22,34,0.998406,19,23,5,1,0.6471
10.8352982156415,106.72935479345392,32,42,0.998016,19,23,5,1,0.7619
10.777562007197462,106.7041335430398,16,30,1.0,19,23,5,1,0.5333
10.83886351241477,106.67566625482782,27,36,1.0,19,23,5,1,0.75
10.765187049751797,106.67550552599072,17,36,1.0,19,23,5,1,0.4722
10.75948437198232,106.6840537511244,17,27,1.0,19,23,5,1,0.6296
10.865229381280963,106.72366973948476,33,49,1.0,19,24,5,1,0.6735
10.72279213640514,106.72808623948244,23,37,0.998475,19,24,5,1,0.6216
10.823400120373712,106.68551227436063,18,31,1.0,19,24,5,1,0.5806
10.756158554057755,106.66631758181126,22,29,1.0,19,24,5,1,0.7586
10.7144382088356,106.73711688366168,22,35,1.0,19,24,5,1,0.6286
10.817236653231737,106.63191539530456,25,35,1.0,19,24,5,1,0.7143
10.772727584493625,106.69804225297564,11,24,0.960974,19,26,5,1,0.4583
10.774028664434528,106.70357076461706,10,27,0.94,19,26,5,1,0.3704
10.752616652291238,106.72509685338922,39,39,1.0,19,26,5,1,1.0
10.745754766198267,106.65326266831876,35,42,1.0,19,26,5,1,0.8333
10.94927106740351,106.87196348224562,31,42,1.0,19,26,5,1,0.7381
10.78866360854368,106.695513722289,33,42,1.0,19,26,5,1,0.7857
10.801406421807084,106.7114844087968,33,41,1.0,19,26,5,1,0.8049
10.843150534972033,106.6151343241409,25,35,1.0,19,26,5,1,0.7143
10.880537767027526,106.81481342866444,46,53,1.0,19,27,5,1,0.8679
10.740840166521664,106.61899246873142,28,35,1.0,19,27,5,1,0.8
10.798986343749618,106.7269705664684,45,45,1.0,19,27,5,1,1.0
10.741860769464234,106.73790365482628,45,45,1.0,19,27,5,1,1.0
10.752408891679814,106.7022703818112,24,33,1.0,19,27,5,1,0.7273
10.786216596454729,106.71836665482697,40,40,1.0,19,27,5,1,1.0
10.78948793356203,106.7151883818118,36,36,1.0,19,27,5,1,1.0
10.80223925742187,106.6478722259914,29,41,1.0,19,27,5,1,0.7073
10.813928881466124,106.66511432455972,22,33,0.998405,19,27,5,1,0.6667
10.755608615763382,106.67347943578082,17,28,1.0,19,27,5,1,0.6071
10.782680856341084,106.70051548181168,17,31,1.0,19,28,5,1,0.5484
10.754895139302109,106.67839188181134,20,32,1.0,19,28,5,1,0.625
10.785070445194592,106.68331340921324,13,27,1.0,19,28,5,1,0.4815
10.7549373008113,106.67848844133415,21,33,1.0,19,28,5,1,0.6364
10.77898143649726,106.67684447140958,23,34,1.0,19,28,5,1,0.6765
10.7671128283867,106.6927618222887,9,20,1.0,19,28,5,1,0.45
10.77847212665258,106.69389510879644,29,41,1.0,19,28,5,1,0.7073
10.796057790235078,106.67492629345334,22,34,0.998667,19,28,5,1,0.6471
10.8352982156415,106.72935479345392,31,42,0.998014,19,28,5,1,0.7381
10.777562007197462,106.7041335430398,17,30,1.0,19,28,5,1,0.5667
10.83886351241477,106.67566625482782,26,36,1.0,19,28,5,1,0.7222
10.765187049751797,106.67550552599072,22,36,1.0,19,28,5,1,0.6111
10.75948437198232,106.6840537511244,16,28,1.0,19,28,5,1,0.5714
10.865229381280963,106.72366973948476,33,49,1.0,19,28,5,1,0.6735
10.72279213640514,106.72808623948244,22,37,0.99695,19,28,5,1,0.5946
10.823400120373712,106.68551227436063,19,31,1.0,19,28,5,1,0.6129
10.756158554057755,106.66631758181126,21,29,1.0,19,28,5,1,0.7241
10.7144382088356,106.73711688366168,23,35,1.0,19,28,5,1,0.6571
10.817236653231737,106.63191539530456,25,35,1.0,19,28,5,1,0.7143
10.772727584493625,106.69804225297564,10,24,0.960615,19,31,5,1,0.4167
10.774028664434528,106.70357076461706,13,29,0.92,19,31,5,1,0.4483
10.752616652291238,106.72509685338922,39,39,1.0,19,31,5,1,1.0
10.745754766198267,106.65326266831876,42,42,1.0,19,31,5,1,1.0
10.94927106740351,106.87196348224562,28,41,1.0,19,31,5,1,0.6829
10.78866360854368,106.695513722289,35,41,1.0,19,31,5,1,0.8537
10.801406421807084,106.7114844087968,34,42,1.0,19,31,5,1,0.8095
10.843150534972033,106.6151343241409,26,35,1.0,19,31,5,1,0.7429
10.880537767027526,106.81481342866444,46,53,1.0,19,31,5,1,0.8679
10.740840166521664,106.61899246873142,25,35,1.0,19,31,5,1,0.7143
10.798986343749618,106.7269705664684,45,45,1.0,19,31,5,1,1.0
10.741860769464234,106.73790365482628,45,45,1.0,19,31,5,1,1.0
10.752408891679814,106.7022703818112,23,34,1.0,19,31,5,1,0.6765
10.786216596454729,106.71836665482697,40,40,1.0,19,31,5,1,1.0
10.78948793356203,106.7151883818118,36,36,1.0,19,31,5,1,1.0
10.80223925742187,106.6478722259914,30,40,1.0,19,31,5,1,0.75
10.813928881466124,106.66511432455972,22,33,0.998691,19,31,5,1,0.6667
10.755608615763382,106.67347943578082,17,27,1.0,19,31,5,1,0.6296
10.782680856341084,106.70051548181168,17,30,1.0,19,31,5,1,0.5667
10.754895139302109,106.67839188181134,20,32,1.0,19,31,5,1,0.625
10.785070445194592,106.68331340921324,14,27,1.0,19,31,5,1,0.5185
10.7549373008113,106.67848844133415,20,32,1.0,19,31,5,1,0.625
10.77898143649726,106.67684447140958,22,34,1.0,19,31,5,1,0.6471
10.7671128283867,106.6927618222887,10,21,1.0,19,31,5,1,0.4762
10.77847212665258,106.69389510879644,29,42,1.0,19,31,5,1,0.6905
10.796057790235078,106.67492629345334,22,33,0.998691,19,31,5,1,0.6667
10.8352982156415,106.72935479345392,32,42,0.996928,19,31,5,1,0.7619
10.777562007197462,106.7041335430398,17,30,1.0,19,31,5,1,0.5667
10.83886351241477,106.67566625482782,26,36,1.0,19,32,5,1,0.7222
10.765187049751797,106.67550552599072,22,35,1.0,19,32,5,1,0.6286
10.75948437198232,106.6840537511244,17,27,1.0,19,32,5,1,0.6296
10.865229381280963,106.72366973948476,32,49,1.0,19,32,5,1,0.6531
10.72279213640514,106.72808623948244,23,37,0.996023,19,32,5,1,0.6216
10.823400120373712,106.68551227436063,20,31,1.0,19,32,5,1,0.6452
10.756158554057755,106.66631758181126,21,29,1.0,19,32,5,1,0.7241
10.7144382088356,106.73711688366168,21,35,1.0,19,32,5,1,0.6
10.817236653231737,106.63191539530456,27,35,1.0,19,32,5,1,0.7714
10.772727584493625,106.69804225297564,11,24,0.960615,19,34,5,1,0.4583
10.774028664434528,106.70357076461706,13,29,0.92,19,34,5,1,0.4483
10.752616652291238,106.72509685338922,39,39,1.0,19,34,5,1,1.0
10.745754766198267,106.65326266831876,35,42,1.0,19,35,5,1,0.8333
10.94927106740351,106.87196348224562,28,41,1.0,19,35,5,1,0.6829
10.78866360854368,106.695513722289,34,42,1.0,19,35,5,1,0.8095
10.801406421807084,106.7114844087968,34,42,1.0,19,35,5,1,0.8095
10.843150534972033,106.6151343241409,26,35,1.0,19,35,5,1,0.7429
10.880537767027526,106.81481342866444,53,53,1.0,19,35,5,1,1.0
10.740840166521664,106.61899246873142,27,34,1.0,19,35,5,1,0.7941
10.798986343749618,106.7269705664684,45,45,1.0,19,35,5,1,1.0
10.741860769464234,106.73790365482628,45,45,1.0,19,35,5,1,1.0
10.752408891679814,106.7022703818112,23,33,1.0,19,35,5,1,0.697
10.786216596454729,106.71836665482697,40,40,1.0,19,35,5,1,1.0
10.78948793356203,106.7151883818118,36,36,1.0,19,35,5,1,1.0
10.80223925742187,106.6478722259914,30,40,1.0,19,35,5,1,0.75
10.813928881466124,106.66511432455972,21,33,0.998979,19,35,5,1,0.6364
10.755608615763382,106.67347943578082,15,28,1.0,19,35,5,1,0.5357
10.782680856341084,106.70051548181168,17,30,1.0,19,35,5,1,0.5667
10.754895139302109,106.67839188181134,21,32,1.0,19,35,5,1,0.6562
10.785070445194592,106.68331340921324,11,28,1.0,19,35,5,1,0.3929
10.7549373008113,106.67848844133415,21,32,1.0,19,35,5,1,0.6562
10.77898143649726,106.67684447140958,23,34,1.0,19,35,5,1,0.6765
10.7671128283867,106.6927618222887,10,19,1.0,19,35,5,1,0.5263
10.77847212665258,106.69389510879644,29,42,1.0,19,35,5,1,0.6905
10.796057790235078,106.67492629345334,22,34,0.997456,19,35,5,1,0.6471
10.8352982156415,106.72935479345392,32,42,0.997416,19,35,5,1,0.7619
10.777562007197462,106.7041335430398,16,30,1.0,19,35,5,1,0.5333
10.83886351241477,106.67566625482782,27,36,1.0,19,35,5,1,0.75
10.765187049751797,106.67550552599072,21,36,1.0,19,35,5,1,0.5833
10.75948437198232,106.6840537511244,16,28,1.0,19,35,5,1,0.5714
10.865229381280963,106.72366973948476,34,49,1.0,19,35,5,1,0.6939
10.72279213640514,106.72808623948244,22,37,0.996179,19,35,5,1,0.5946
10.823400120373712,106.68551227436063,18,31,1.0,19,35,5,1,0.5806
10.756158554057755,106.66631758181126,21,29,1.0,19,35,5,1,0.7241
10.7144382088356,106.73711688366168,23,35,1.0,19,36,5,1,0.6571
10.817236653231737,106.63191539530456,25,35,1.0,19,36,5,1,0.7143
10.772727584493625,106.69804225297564,9,23,0.957495,19,38,5,1,0.3913
10.774028664434528,106.70357076461706,14,29,0.9,19,38,5,1,0.4828
10.752616652291238,106.72509685338922,39,39,1.0,19,38,5,1,1.0
10.745754766198267,106.65326266831876,36,42,1.0,19,38,5,1,0.8571
10.94927106740351,106.87196348224562,32,42,1.0,19,38,5,1,0.7619
10.78866360854368,106.695513722289,33,42,1.0,19,38,5,1,0.7857
10.801406421807084,106.7114844087968,33,42,1.0,19,38,5,1,0.7857
10.843150534972033,106.6151343241409,25,35,1.0,19,38,5,1,0.7143
10.880537767027526,106.81481342866444,53,53,1.0,19,38,5,1,1.0
10.740840166521664,106.61899246873142,28,35,1.0,19,38,5,1,0.8
10.798986343749618,106.7269705664684,45,45,1.0,19,38,5,1,1.0
10.741860769464234,106.73790365482628,45,45,1.0,19,38,5,1,1.0
10.752408891679814,106.7022703818112,26,32,1.0,19,38,5,1,0.8125
10.786216596454729,106.71836665482697,40,40,1.0,19,38,5,1,1.0
10.78948793356203,106.7151883818118,36,36,1.0,19,38,5,1,1.0
10.80223925742187,106.6478722259914,28,41,1.0,19,38,5,1,0.6829
10.813928881466124,106.66511432455972,23,34,0.99818,19,38,5,1,0.6765
10.755608615763382,106.67347943578082,17,27,1.0,19,38,5,1,0.6296
10.782680856341084,106.70051548181168,16,30,1.0,19,38,5,1,0.5333
10.754895139302109,106.67839188181134,20,32,1.0,19,38,5,1,0.625
10.785070445194592,106.68331340921324,12,28,1.0,19,38,5,1,0.4286
10.7549373008113,106.67848844133415,20,32,1.0,19,38,5,1,0.625
10.77898143649726,106.67684447140958,23,34,1.0,19,39,5,1,0.6765
10.7671128283867,106.6927618222887,10,20,1.0,19,39,5,1,0.5
10.77847212665258,106.69389510879644,30,42,1.0,19,39,5,1,0.7143
10.796057790235078,106.67492629345334,23,34,0.99818,19,39,5,1,0.6765
10.8352982156415,106.72935479345392,33,42,0.996476,19,39,5,1,0.7857
10.777562007197462,106.7041335430398,16,30,1.0,19,39,5,1,0.5333
10.83886351241477,106.67566625482782,27,36,1.0,19,39,5,1,0.75
10.765187049751797,106.67550552599072,25,35,1.0,19,39,5,1,0.7143
10.75948437198232,106.6840537511244,17,27,1.0,19,39,5,1,0.6296
10.865229381280963,106.72366973948476,33,49,1.0,19,39,5,1,0.6735
10.72279213640514,106.72808623948244,22,37,0.995105,19,39,5,1,0.5946
10.823400120373712,106.68551227436063,18,32,1.0,19,39,5,1,0.5625
10.756158554057755,106.66631758181126,21,28,1.0,19,39,5,1,0.75
10.7144382088356,106.73711688366168,22,35,1.0,19,39,5,1,0.6286
10.817236653231737,106.63191539530456,25,35,1.0,19,39,5,1,0.7143
10.772727584493625,106.69804225297564,12,23,0.962434,19,41,5,1,0.5217
10.752616652291238,106.72509685338922,33,39,1.0,19,41,5,1,0.8462
10.745754766198267,106.65326266831876,42,42,1.0,19,41,5,1,1.0
10.94927106740351,106.87196348224562,30,41,1.0,19,41,5,1,0.7317
10.78866360854368,106.695513722289,34,41,1.0,19,41,5,1,0.8293
10.801406421807084,106.7114844087968,34,41,1.0,19,41,5,1,0.8293
10.843150534972033,106.6151343241409,25,35,1.0,19,41,5,1,0.7143
10.880537767027526,106.81481342866444,53,53,1.0,19,41,5,1,1.0
10.740840166521664,106.61899246873142,28,35,1.0,19,41,5,1,0.8
10.798986343749618,106.7269705664684,36,45,1.0,19,41,5,1,0.8
10.741860769464234,106.73790365482628,45,45,1.0,19,42,5,1,1.0
10.752408891679814,106.7022703818112,25,33,1.0,19,42,5,1,0.7576
10.786216596454729,106.71836665482697,34,40,1.0,19,42,5,1,0.85
10.78948793356203,106.7151883818118,36,36,1.0,19,42,5,1,1.0
10.80223925742187,106.6478722259914,31,41,1.0,19,42,5,1,0.7561
10.813928881466124,106.66511432455972,22,34,0.998981,19,42,5,1,0.6471
10.755608615763382,106.67347943578082,15,27,1.0,19,42,5,1,0.5556
10.782680856341084,106.70051548181168,17,30,1.0,19,42,5,1,0.5667
10.754895139302109,106.67839188181134,21,32,1.0,19,42,5,1,0.6562
10.785070445194592,106.68331340921324,15,26,1.0,19,42,5,1,0.5769
10.7549373008113,106.67848844133415,22,32,1.0,19,42,5,1,0.6875
10.77898143649726,106.67684447140958,22,34,1.0,19,42,5,1,0.6471
10.7671128283867,106.6927618222887,11,20,1.0,19,42,5,1,0.55
10.77847212665258,106.69389510879644,30,41,1.0,19,42,5,1,0.7317
10.796057790235078,106.67492629345334,22,34,0.998772,19,42,5,1,0.6471
10.8352982156415,106.72935479345392,33,42,0.996859,19,42,5,1,0.7857
10.777562007197462,106.7041335430398,18,30,1.0,19,43,5,1,0.6
10.83886351241477,106.67566625482782,26,36,1.0,19,43,5,1,0.7222
10.765187049751797,106.67550552599072,23,35,1.0,19,43,5,1,0.6571
10.75948437198232,106.6840537511244,15,26,1.0,19,43,5,1,0.5769
10.865229381280963,106.72366973948476,32,49,1.0,19,43,5,1,0.6531
10.72279213640514,106.72808623948244,23,37,0.997703,19,43,5,1,0.6216
10.823400120373712,106.68551227436063,18,31,1.0,19,43,5,1,0.5806
10.756158554057755,106.66631758181126,21,28,1.0,19,43,5,1,0.75
10.7144382088356,106.73711688366168,23,35,1.0,19,43,5,1,0.6571
10.817236653231737,106.63191539530456,26,35,1.0,19,43,5,1,0.7429
10.772727584493625,106.69804225297564,12,24,0.96145,19,45,5,1,0.5
10.752616652291238,106.72509685338922,39,39,1.0,19,45,5,1,1.0
10.745754766198267,106.65326266831876,42,42,1.0,19,45,5,1,1.0
10.94927106740351,106.87196348224562,31,42,1.0,19,45,5,1,0.7381
10.78866360854368,106.695513722289,33,41,1.0,19,45,5,1,0.8049
10.801406421807084,106.7114844087968,33,41,1.0,19,45,5,1,0.8049
10.843150534972033,106.6151343241409,25,35,1.0,19,45,5,1,0.7143
10.880537767027526,106.81481342866444,53,53,1.0,19,45,5,1,1.0
10.740840166521664,106.61899246873142,34,34,1.0,19,46,5,1,1.0
10.798986343749618,106.7269705664684,45,45,1.0,19,46,5,1,1.0
10.741860769464234,106.73790365482628,45,45,1.0,19,46,5,1,1.0
10.752408891679814,106.7022703818112,25,34,1.0,19,46,5,1,0.7353
10.786216596454729,106.71836665482697,40,40,1.0,19,46,5,1,1.0
10.78948793356203,106.7151883818118,36,36,1.0,19,46,5,1,1.0
10.80223925742187,106.6478722259914,31,41,1.0,19,46,5,1,0.7561
10.813928881466124,106.66511432455972,23,33,0.998691,19,46,5,1,0.697
10.755608615763382,106.67347943578082,15,28,1.0,19,46,5,1,0.5357
10.782680856341084,106.70051548181168,18,30,1.0,19,46,5,1,0.6
10.754895139302109,106.67839188181134,20,32,1.0,19,46,5,1,0.625
10.785070445194592,106.68331340921324,14,28,1.0,19,46,5,1,0.5
10.7549373008113,106.67848844133415,20,32,1.0,19,46,5,1,0.625
10.77898143649726,106.67684447140958,22,34,1.0,19,46,5,1,0.6471
10.7671128283867,106.6927618222887,7,19,1.0,19,46,5,1,0.3684
10.77847212665258,106.69389510879644,29,41,1.0,19,46,5,1,0.7073
10.796057790235078,106.67492629345334,23,34,0.999713,19,46,5,1,0.6765
10.8352982156415,106.72935479345392,34,42,0.9955,19,46,5,1,0.8095
10.777562007197462,106.7041335430398,18,30,1.0,19,46,5,1,0.6
10.83886351241477,106.67566625482782,23,35,1.0,19,46,5,1,0.6571
10.765187049751797,106.67550552599072,22,36,1.0,19,46,5,1,0.6111
10.75948437198232,106.6840537511244,15,28,1.0,19,46,5,1,0.5357
10.865229381280963,106.72366973948476,33,49,1.0,19,46,5,1,0.6735
10.72279213640514,106.72808623948244,24,37,0.996918,19,46,5,1,0.6486
10.823400120373712,106.68551227436063,19,31,1.0,19,46,5,1,0.6129
10.756158554057755,106.66631758181126,22,29,1.0,19,46,5,1,0.7586
10.7144382088356,106.73711688366168,22,35,1.0,19,46,5,1,0.6286
10.817236653231737,106.63191539530456,25,35,1.0,19,46,5,1,0.7143
10.772727584493625,106.69804225297564,12,24,0.956994,19,49,5,1,0.5
10.752616652291238,106.72509685338922,39,39,1.0,19,49,5,1,1.0
10.745754766198267,106.65326266831876,42,42,1.0,19,49,5,1,1.0
10.94927106740351,106.87196348224562,30,41,1.0,19,49,5,1,0.7317
10.78866360854368,106.695513722289,34,41,1.0,19,49,5,1,0.8293
10.801406421807084,106.7114844087968,34,41,1.0,19,49,5,1,0.8293
10.843150534972033,106.6151343241409,25,34,1.0,19,49,5,1,0.7353
10.880537767027526,106.81481342866444,53,53,1.0,19,49,5,1,1.0
10.740840166521664,106.61899246873142,28,35,1.0,19,49,5,1,0.8
10.798986343749618,106.7269705664684,45,45,1.0,19,49,5,1,1.0
10.741860769464234,106.73790365482628,45,45,1.0,19,49,5,1,1.0
10.752408891679814,106.7022703818112,21,33,1.0,19,49,5,1,0.6364
10.786216596454729,106.71836665482697,40,40,1.0,19,49,5,1,1.0
10.78948793356203,106.7151883818118,36,36,1.0,19,49,5,1,1.0
10.80223925742187,106.6478722259914,28,41,1.0,19,49,5,1,0.6829
10.813928881466124,106.66511432455972,23,33,1.0,19,49,5,1,0.697
10.755608615763382,106.67347943578082,15,27,1.0,19,49,5,1,0.5556
10.782680856341084,106.70051548181168,16,29,1.0,19,49,5,1,0.5517
10.754895139302109,106.67839188181134,21,33,1.0,19,49,5,1,0.6364
10.785070445194592,106.68331340921324,12,27,1.0,19,49,5,1,0.4444
10.7549373008113,106.67848844133415,21,33,1.0,19,49,5,1,0.6364
10.77898143649726,106.67684447140958,24,35,1.0,19,49,5,1,0.6857
10.7671128283867,106.6927618222887,12,21,1.0,19,49,5,1,0.5714
10.77847212665258,106.69389510879644,30,42,1.0,19,49,5,1,0.7143
10.796057790235078,106.67492629345334,23,33,1.0,19,49,5,1,0.697
10.8352982156415,106.72935479345392,34,42,0.995813,19,49,5,1,0.8095
10.777562007197462,106.7041335430398,16,29,1.0,19,49,5,1,0.5517
10.83886351241477,106.67566625482782,28,36,1.0,19,50,5,1,0.7778
10.765187049751797,106.67550552599072,24,36,1.0,19,50,5,1,0.6667
10.75948437198232,106.6840537511244,15,27,1.0,19,50,5,1,0.5556
10.865229381280963,106.72366973948476,34,49,1.0,19,50,5,1,0.6939
10.72279213640514,106.72808623948244,24,37,0.996933,19,50,5,1,0.6486
10.823400120373712,106.68551227436063,19,32,1.0,19,50,5,1,0.5938
10.756158554057755,106.66631758181126,19,30,1.0,19,50,5,1,0.6333
10.7144382088356,106.73711688366168,23,35,1.0,19,50,5,1,0.6571
10.817236653231737,106.63191539530456,26,35,1.0,19,50,5,1,0.7429
10.772727584493625,106.69804225297564,13,24,0.96145,19,52,5,1,0.5417
10.752616652291238,106.72509685338922,39,39,1.0,19,52,5,1,1.0
10.745754766198267,106.65326266831876,42,42,1.0,19,52,5,1,1.0
10.94927106740351,106.87196348224562,34,41,1.0,19,52,5,1,0.8293
10.78866360854368,106.695513722289,35,41,1.0,19,52,5,1,0.8537
10.801406421807084,106.7114844087968,35,41,1.0,19,52,5,1,0.8537
10.843150534972033,106.6151343241409,26,34,1.0,19,52,5,1,0.7647
10.880537767027526,106.81481342866444,53,53,1.0,19,52,5,1,1.0
10.740840166521664,106.61899246873142,34,34,1.0,19,52,5,1,1.0
10.798986343749618,106.7269705664684,45,45,1.0,19,52,5,1,1.0
10.741860769464234,106.73790365482628,45,45,1.0,19,52,5,1,1.0
10.752408891679814,106.7022703818112,24,33,1.0,19,52,5,1,0.7273
10.786216596454729,106.71836665482697,34,39,1.0,19,52,5,1,0.8718
10.78948793356203,106.7151883818118,36,36,1.0,19,52,5,1,1.0
10.80223925742187,106.6478722259914,27,41,1.0,19,52,5,1,0.6585
10.813928881466124,106.66511432455972,23,33,0.999713,19,53,5,1,0.697
10.755608615763382,106.67347943578082,15,27,1.0,19,53,5,1,0.5556
10.782680856341084,106.70051548181168,18,30,1.0,19,53,5,1,0.6
10.754895139302109,106.67839188181134,18,32,1.0,19,53,5,1,0.5625
10.785070445194592,106.68331340921324,14,27,1.0,19,53,5,1,0.5185
10.7549373008113,106.67848844133415,18,32,1.0,19,53,5,1,0.5625
10.77898143649726,106.67684447140958,22,34,1.0,19,53,5,1,0.6471
10.7671128283867,106.6927618222887,9,20,1.0,19,53,5,1,0.45
10.77847212665258,106.69389510879644,29,41,1.0,19,53,5,1,0.7073
10.796057790235078,106.67492629345334,23,33,0.999713,19,53,5,1,0.697
10.8352982156415,106.72935479345392,34,42,0.995181,19,54,5,1,0.8095
10.777562007197462,106.7041335430398,17,30,1.0,19,54,5,1,0.5667
10.83886351241477,106.67566625482782,27,36,1.0,19,54,5,1,0.75
10.765187049751797,106.67550552599072,23,36,1.0,19,54,5,1,0.6389
10.75948437198232,106.6840537511244,14,26,1.0,19,54,5,1,0.5385
10.865229381280963,106.72366973948476,33,49,1.0,19,54,5,1,0.6735
10.72279213640514,106.72808623948244,24,37,1.0,19,54,5,1,0.6486
10.823400120373712,106.68551227436063,18,31,1.0,19,54,5,1,0.5806
10.756158554057755,106.66631758181126,20,29,1.0,19,54,5,1,0.6897
10.7144382088356,106.73711688366168,22,35,1.0,19,54,5,1,0.6286
10.817236653231737,106.63191539530456,26,35,1.0,19,54,5,1,0.7429
10.772727584493625,106.69804225297564,11,23,0.962935,19,56,5,1,0.4783
10.752616652291238,106.72509685338922,39,39,1.0,19,56,5,1,1.0
10.745754766198267,106.65326266831876,42,42,1.0,19,56,5,1,1.0
10.94927106740351,106.87196348224562,25,41,1.0,19,56,5,1,0.6098
10.78866360854368,106.695513722289,34,41,1.0,19,56,5,1,0.8293
10.801406421807084,106.7114844087968,34,41,1.0,19,56,5,1,0.8293
10.843150534972033,106.6151343241409,25,35,1.0,19,57,5,1,0.7143
10.880537767027526,106.81481342866444,53,53,1.0,19,57,5,1,1.0
10.740840166521664,106.61899246873142,27,34,1.0,19,57,5,1,0.7941
10.798986343749618,106.7269705664684,45,45,1.0,19,57,5,1,1.0
10.741860769464234,106.73790365482628,45,45,1.0,19,57,5,1,1.0
10.752408891679814,106.7022703818112,25,33,1.0,19,57,5,1,0.7576
10.786216596454729,106.71836665482697,40,40,1.0,19,57,5,1,1.0
10.78948793356203,106.7151883818118,36,36,1.0,19,57,5,1,1.0
10.80223925742187,106.6478722259914,27,40,1.0,19,57,5,1,0.675
10.813928881466124,106.66511432455972,23,34,0.999713,19,57,5,1,0.6765
10.755608615763382,106.67347943578082,16,28,1.0,19,57,5,1,0.5714
10.782680856341084,106.70051548181168,17,30,1.0,19,57,5,1,0.5667
10.754895139302109,106.67839188181134,20,32,1.0,19,57,5,1,0.625
10.785070445194592,106.68331340921324,16,27,1.0,19,57,5,1,0.5926
10.7549373008113,106.67848844133415,20,32,1.0,19,57,5,1,0.625
10.77898143649726,106.67684447140958,23,34,1.0,19,57,5,1,0.6765
10.7671128283867,106.6927618222887,11,20,1.0,19,57,5,1,0.55
10.77847212665258,106.69389510879644,30,41,1.0,19,57,5,1,0.7317
10.796057790235078,106.67492629345334,21,33,0.999713,19,58,5,1,0.6364
10.8352982156415,106.72935479345392,34,42,0.995348,19,58,5,1,0.8095
10.777562007197462,106.7041335430398,18,30,1.0,19,58,5,1,0.6
10.83886351241477,106.67566625482782,26,36,1.0,19,58,5,1,0.7222
10.765187049751797,106.67550552599072,20,36,1.0,19,58,5,1,0.5556
10.75948437198232,106.6840537511244,16,27,1.0,19,58,5,1,0.5926
10.865229381280963,106.72366973948476,34,49,1.0,19,58,5,1,0.6939
10.72279213640514,106.72808623948244,25,37,1.0,19,58,5,1,0.6757
10.823400120373712,106.68551227436063,17,32,1.0,19,58,5,1,0.5312
10.756158554057755,106.66631758181126,23,29,1.0,19,58,5,1,0.7931
10.7144382088356,106.73711688366168,23,35,1.0,19,58,5,1,0.6571
10.817236653231737,106.63191539530456,26,35,1.0,19,58,5,1,0.7429
10.772727584493625,106.69804225297564,12,24,0.957244,20,0,5,1,0.5
10.752616652291238,106.72509685338922,39,39,1.0,20,0,5,1,1.0
10.745754766198267,106.65326266831876,42,42,1.0,20,0,5,1,1.0
10.94927106740351,106.87196348224562,30,41,1.0,20,0,5,1,0.7317
10.78866360854368,106.695513722289,35,41,1.0,20,0,5,1,0.8537
10.801406421807084,106.7114844087968,34,41,1.0,20,0,5,1,0.8293
10.843150534972033,106.6151343241409,26,34,1.0,20,1,5,1,0.7647
10.880537767027526,106.81481342866444,53,53,1.0,20,1,5,1,1.0
10.740840166521664,106.61899246873142,28,35,1.0,20,1,5,1,0.8
10.798986343749618,106.7269705664684,45,45,1.0,20,1,5,1,1.0
10.741860769464234,106.73790365482628,45,45,1.0,20,1,5,1,1.0
10.752408891679814,106.7022703818112,24,34,1.0,20,1,5,1,0.7059
10.786216596454729,106.71836665482697,40,40,1.0,20,1,5,1,1.0
10.78948793356203,106.7151883818118,36,36,1.0,20,1,5,1,1.0
10.80223925742187,106.6478722259914,29,41,1.0,20,1,5,1,0.7073
10.813928881466124,106.66511432455972,23,33,1.0,20,1,5,1,0.697
10.755608615763382,106.67347943578082,16,28,1.0,20,1,5,1,0.5714
10.782680856341084,106.70051548181168,16,30,1.0,20,1,5,1,0.5333
10.754895139302109,106.67839188181134,20,32,1.0,20,1,5,1,0.625
10.785070445194592,106.68331340921324,16,28,1.0,20,1,5,1,0.5714
10.7549373008113,106.67848844133415,20,32,1.0,20,1,5,1,0.625
10.77898143649726,106.67684447140958,23,34,1.0,20,1,5,1,0.6765
10.7671128283867,106.6927618222887,12,19,1.0,20,1,5,1,0.6316
10.77847212665258,106.69389510879644,30,41,1.0,20,1,5,1,0.7317
10.796057790235078,106.67492629345334,24,34,0.999528,20,1,5,1,0.7059
10.8352982156415,106.72935479345392,35,42,0.997483,20,1,5,1,0.8333
10.777562007197462,106.7041335430398,17,30,1.0,20,1,5,1,0.5667
10.83886351241477,106.67566625482782,26,36,1.0,20,1,5,1,0.7222
10.765187049751797,106.67550552599072,16,35,1.0,20,1,5,1,0.4571
10.75948437198232,106.6840537511244,17,27,1.0,20,1,5,1,0.6296
10.865229381280963,106.72366973948476,34,49,1.0,20,1,5,1,0.6939
10.72279213640514,106.72808623948244,25,37,0.997441,20,2,5,1,0.6757
10.823400120373712,106.68551227436063,18,31,1.0,20,2,5,1,0.5806
10.756158554057755,106.66631758181126,22,29,1.0,20,2,5,1,0.7586
10.7144382088356,106.73711688366168,25,35,1.0,20,2,5,1,0.7143
10.817236653231737,106.63191539530456,25,35,1.0,20,2,5,1,0.7143
10.772727584493625,106.69804225297564,11,23,0.967124,20,4,5,1,0.4783
10.752616652291238,106.72509685338922,33,39,1.0,20,4,5,1,0.8462
10.745754766198267,106.65326266831876,42,42,1.0,20,4,5,1,1.0
10.94927106740351,106.87196348224562,30,41,1.0,20,4,5,1,0.7317
10.78866360854368,106.695513722289,36,42,1.0,20,4,5,1,0.8571
10.801406421807084,106.7114844087968,36,42,1.0,20,4,5,1,0.8571
10.843150534972033,106.6151343241409,24,35,1.0,20,4,5,1,0.6857
10.880537767027526,106.81481342866444,53,53,1.0,20,4,5,1,1.0
10.740840166521664,106.61899246873142,28,35,1.0,20,4,5,1,0.8
10.798986343749618,106.7269705664684,36,45,1.0,20,4,5,1,0.8
10.741860769464234,106.73790365482628,45,45,1.0,20,4,5,1,1.0
10.752408891679814,106.7022703818112,23,34,1.0,20,4,5,1,0.6765
10.786216596454729,106.71836665482697,40,40,1.0,20,4,5,1,1.0
10.78948793356203,106.7151883818118,36,36,1.0,20,4,5,1,1.0
10.80223925742187,106.6478722259914,30,40,1.0,20,4,5,1,0.75
10.813928881466124,106.66511432455972,22,34,1.0,20,4,5,1,0.6471
10.755608615763382,106.67347943578082,16,27,1.0,20,4,5,1,0.5926
10.782680856341084,106.70051548181168,18,31,1.0,20,4,5,1,0.5806
10.754895139302109,106.67839188181134,20,33,1.0,20,4,5,1,0.6061
10.785070445194592,106.68331340921324,16,27,1.0,20,4,5,1,0.5926
10.7549373008113,106.67848844133415,20,33,1.0,20,4,5,1,0.6061
10.77898143649726,106.67684447140958,22,34,1.0,20,4,5,1,0.6471
10.7671128283867,106.6927618222887,11,19,1.0,20,4,5,1,0.5789
10.77847212665258,106.69389510879644,29,41,1.0,20,4,5,1,0.7073
10.796057790235078,106.67492629345334,22,34,1.0,20,4,5,1,0.6471
10.8352982156415,106.72935479345392,34,42,0.996759,20,5,5,1,0.8095
10.777562007197462,106.7041335430398,18,30,1.0,20,5,5,1,0.6
10.83886351241477,106.67566625482782,25,35,1.0,20,5,5,1,0.7143
10.765187049751797,106.67550552599072,20,36,1.0,20,5,5,1,0.5556
10.75948437198232,106.6840537511244,18,28,1.0,20,5,5,1,0.6429
10.865229381280963,106.72366973948476,35,49,1.0,20,5,5,1,0.7143
10.72279213640514,106.72808623948244,23,37,0.996933,20,5,5,1,0.6216
10.823400120373712,106.68551227436063,19,32,1.0,20,5,5,1,0.5938
10.756158554057755,106.66631758181126,22,29,1.0,20,5,5,1,0.7586
10.7144382088356,106.73711688366168,24,35,1.0,20,5,5,1,0.6857
10.817236653231737,106.63191539530456,24,35,1.0,20,5,5,1,0.6857
10.772727584493625,106.69804225297564,12,24,0.97677,20,7,5,1,0.5
10.774028664434528,106.70357076461706,14,29,0.92,20,7,5,1,0.4828
10.752616652291238,106.72509685338922,31,39,1.0,20,7,5,1,0.7949
10.745754766198267,106.65326266831876,42,42,1.0,20,7,5,1,1.0
10.94927106740351,106.87196348224562,26,41,1.0,20,7,5,1,0.6341
10.78866360854368,106.695513722289,34,42,1.0,20,7,5,1,0.8095
10.801406421807084,106.7114844087968,34,42,1.0,20,7,5,1,0.8095
10.843150534972033,106.6151343241409,27,35,1.0,20,7,5,1,0.7714
10.880537767027526,106.81481342866444,53,53,1.0,20,7,5,1,1.0
10.740840166521664,106.61899246873142,27,35,1.0,20,7,5,1,0.7714
10.798986343749618,106.7269705664684,45,45,1.0,20,7,5,1,1.0
10.741860769464234,106.73790365482628,45,45,1.0,20,7,5,1,1.0
10.752408891679814,106.7022703818112,24,34,1.0,20,8,5,1,0.7059
10.786216596454729,106.71836665482697,40,40,1.0,20,8,5,1,1.0
10.78948793356203,106.7151883818118,36,36,1.0,20,8,5,1,1.0
10.80223925742187,106.6478722259914,27,40,1.0,20,8,5,1,0.675
10.813928881466124,106.66511432455972,23,34,1.0,20,8,5,1,0.6765
10.755608615763382,106.67347943578082,16,27,1.0,20,8,5,1,0.5926
10.782680856341084,106.70051548181168,17,30,1.0,20,8,5,1,0.5667
10.754895139302109,106.67839188181134,21,32,1.0,20,8,5,1,0.6562
10.785070445194592,106.68331340921324,17,27,1.0,20,8,5,1,0.6296
10.7549373008113,106.67848844133415,21,32,1.0,20,8,5,1,0.6562
10.77898143649726,106.67684447140958,21,34,1.0,20,8,5,1,0.6176
10.7671128283867,106.6927618222887,10,19,1.0,20,8,5,1,0.5263
10.77847212665258,106.69389510879644,29,41,1.0,20,8,5,1,0.7073
10.796057790235078,106.67492629345334,22,33,1.0,20,8,5,1,0.6667
10.8352982156415,106.72935479345392,34,42,0.997296,20,8,5,1,0.8095
10.777562007197462,106.7041335430398,17,30,1.0,20,8,5,1,0.5667
10.83886351241477,106.67566625482782,27,36,1.0,20,8,5,1,0.75
10.765187049751797,106.67550552599072,22,35,1.0,20,8,5,1,0.6286
10.75948437198232,106.6840537511244,15,27,1.0,20,9,5,1,0.5556
10.865229381280963,106.72366973948476,36,49,1.0,20,9,5,1,0.7347
10.72279213640514,106.72808623948244,24,37,0.996968,20,9,5,1,0.6486
10.823400120373712,106.68551227436063,21,31,1.0,20,9,5,1,0.6774
10.756158554057755,106.66631758181126,22,29,1.0,20,9,5,1,0.7586
10.7144382088356,106.73711688366168,25,35,1.0,20,9,5,1,0.7143
10.817236653231737,106.63191539530456,27,35,1.0,20,9,5,1,0.7714
10.772727584493625,106.69804225297564,10,24,0.9743,20,11,5,1,0.4167
10.752616652291238,106.72509685338922,33,39,1.0,20,11,5,1,0.8462
10.745754766198267,106.65326266831876,35,43,1.0,20,11,5,1,0.814
10.94927106740351,106.87196348224562,42,42,1.0,20,11,5,1,1.0
10.78866360854368,106.695513722289,34,41,1.0,20,11,5,1,0.8293
10.801406421807084,106.7114844087968,34,41,1.0,20,11,5,1,0.8293
10.843150534972033,106.6151343241409,25,34,1.0,20,11,5,1,0.7353
10.880537767027526,106.81481342866444,53,53,1.0,20,11,5,1,1.0
10.740840166521664,106.61899246873142,28,36,1.0,20,11,5,1,0.7778
10.798986343749618,106.7269705664684,45,45,1.0,20,11,5,1,1.0
10.741860769464234,106.73790365482628,45,45,1.0,20,11,5,1,1.0
10.752408891679814,106.7022703818112,22,34,1.0,20,11,5,1,0.6471
10.786216596454729,106.71836665482697,40,40,1.0,20,11,5,1,1.0
10.78948793356203,106.7151883818118,36,36,1.0,20,12,5,1,1.0
10.80223925742187,106.6478722259914,28,41,1.0,20,12,5,1,0.6829
10.813928881466124,106.66511432455972,24,34,1.0,20,12,5,1,0.7059
10.755608615763382,106.67347943578082,16,28,1.0,20,12,5,1,0.5714
10.782680856341084,106.70051548181168,17,31,1.0,20,12,5,1,0.5484
10.754895139302109,106.67839188181134,22,33,1.0,20,12,5,1,0.6667
10.785070445194592,106.68331340921324,16,28,1.0,20,12,5,1,0.5714
10.7549373008113,106.67848844133415,22,33,1.0,20,12,5,1,0.6667
10.77898143649726,106.67684447140958,21,34,1.0,20,12,5,1,0.6176
10.7671128283867,106.6927618222887,10,19,1.0,20,12,5,1,0.5263
10.77847212665258,106.69389510879644,30,41,1.0,20,12,5,1,0.7317
10.796057790235078,106.67492629345334,23,34,0.998954,20,12,5,1,0.6765
10.8352982156415,106.72935479345392,34,42,0.997654,20,12,5,1,0.8095
10.777562007197462,106.7041335430398,16,30,1.0,20,12,5,1,0.5333
10.83886351241477,106.67566625482782,23,36,1.0,20,12,5,1,0.6389
10.765187049751797,106.67550552599072,19,35,1.0,20,13,5,1,0.5429
10.75948437198232,106.6840537511244,15,27,1.0,20,13,5,1,0.5556
10.865229381280963,106.72366973948476,37,49,1.0,20,13,5,1,0.7551
10.72279213640514,106.72808623948244,24,37,0.996898,20,13,5,1,0.6486
10.823400120373712,106.68551227436063,22,32,1.0,20,13,5,1,0.6875
10.756158554057755,106.66631758181126,22,29,1.0,20,14,5,1,0.7586
10.7144382088356,106.73711688366168,24,36,1.0,20,14,5,1,0.6667
10.817236653231737,106.63191539530456,26,35,1.0,20,14,5,1,0.7429
10.772727584493625,106.69804225297564,11,24,0.967625,20,16,5,1,0.4583
10.752616652291238,106.72509685338922,39,39,1.0,20,16,5,1,1.0
10.745754766198267,106.65326266831876,42,42,1.0,20,16,5,1,1.0
10.94927106740351,106.87196348224562,33,42,1.0,20,16,5,1,0.7857
10.78866360854368,106.695513722289,34,41,1.0,20,16,5,1,0.8293
10.801406421807084,106.7114844087968,34,41,1.0,20,16,5,1,0.8293
10.843150534972033,106.6151343241409,25,34,1.0,20,16,5,1,0.7353
10.880537767027526,106.81481342866444,53,53,1.0,20,16,5,1,1.0
10.740840166521664,106.61899246873142,29,35,1.0,20,16,5,1,0.8286
10.798986343749618,106.7269705664684,36,45,1.0,20,16,5,1,0.8
10.741860769464234,106.73790365482628,45,45,1.0,20,16,5,1,1.0
10.752408891679814,106.7022703818112,22,34,1.0,20,16,5,1,0.6471
10.786216596454729,106.71836665482697,40,40,1.0,20,17,5,1,1.0
10.78948793356203,106.7151883818118,36,36,1.0,20,17,5,1,1.0
10.80223925742187,106.6478722259914,32,41,1.0,20,17,5,1,0.7805
10.813928881466124,106.66511432455972,23,34,0.998948,20,17,5,1,0.6765
10.755608615763382,106.67347943578082,15,27,1.0,20,17,5,1,0.5556
10.782680856341084,106.70051548181168,17,30,1.0,20,17,5,1,0.5667
10.754895139302109,106.67839188181134,22,33,1.0,20,17,5,1,0.6667
10.785070445194592,106.68331340921324,16,26,1.0,20,17,5,1,0.6154
10.7549373008113,106.67848844133415,22,33,1.0,20,17,5,1,0.6667
10.77898143649726,106.67684447140958,22,34,1.0,20,17,5,1,0.6471
10.7671128283867,106.6927618222887,10,20,1.0,20,17,5,1,0.5
10.77847212665258,106.69389510879644,29,41,1.0,20,17,5,1,0.7073
10.796057790235078,106.67492629345334,22,33,0.998948,20,17,5,1,0.6667
10.8352982156415,106.72935479345392,35,42,0.997838,20,17,5,1,0.8333
10.777562007197462,106.7041335430398,17,30,1.0,20,17,5,1,0.5667
10.83886351241477,106.67566625482782,24,35,1.0,20,17,5,1,0.6857
10.765187049751797,106.67550552599072,25,36,1.0,20,17,5,1,0.6944
10.75948437198232,106.6840537511244,14,28,1.0,20,17,5,1,0.5
10.865229381280963,106.72366973948476,36,49,1.0,20,17,5,1,0.7347
10.72279213640514,106.72808623948244,24,36,0.998398,20,18,5,1,0.6667
10.823400120373712,106.68551227436063,21,31,1.0,20,18,5,1,0.6774
10.756158554057755,106.66631758181126,22,29,1.0,20,18,5,1,0.7586
10.7144382088356,106.73711688366168,24,35,1.0,20,18,5,1,0.6857
10.817236653231737,106.63191539530456,26,35,1.0,20,18,5,1,0.7429
10.772727584493625,106.69804225297564,12,24,0.957078,20,20,5,1,0.5
10.752616652291238,106.72509685338922,39,39,1.0,20,20,5,1,1.0
10.745754766198267,106.65326266831876,42,42,1.0,20,20,5,1,1.0
10.94927106740351,106.87196348224562,31,42,1.0,20,20,5,1,0.7381
10.78866360854368,106.695513722289,33,42,1.0,20,20,5,1,0.7857
10.801406421807084,106.7114844087968,33,42,1.0,20,20,5,1,0.7857
10.843150534972033,106.6151343241409,26,35,1.0,20,20,5,1,0.7429
10.880537767027526,106.81481342866444,53,53,1.0,20,20,5,1,1.0
10.740840166521664,106.61899246873142,29,35,1.0,20,20,5,1,0.8286
10.798986343749618,106.7269705664684,45,45,1.0,20,20,5,1,1.0
10.741860769464234,106.73790365482628,45,45,1.0,20,20,5,1,1.0
10.752408891679814,106.7022703818112,22,34,1.0,20,20,5,1,0.6471
10.786216596454729,106.71836665482697,40,40,1.0,20,20,5,1,1.0
10.78948793356203,106.7151883818118,36,36,1.0,20,20,5,1,1.0
10.80223925742187,106.6478722259914,31,40,1.0,20,20,5,1,0.775
10.813928881466124,106.66511432455972,22,33,1.0,20,20,5,1,0.6667
10.755608615763382,106.67347943578082,13,27,1.0,20,20,5,1,0.4815
10.782680856341084,106.70051548181168,19,30,1.0,20,20,5,1,0.6333
10.754895139302109,106.67839188181134,22,33,1.0,20,20,5,1,0.6667
10.785070445194592,106.68331340921324,14,28,1.0,20,21,5,1,0.5
10.7549373008113,106.67848844133415,22,33,1.0,20,21,5,1,0.6667
10.77898143649726,106.67684447140958,22,34,1.0,20,21,5,1,0.6471
10.7671128283867,106.6927618222887,9,21,1.0,20,21,5,1,0.4286
10.77847212665258,106.69389510879644,31,41,1.0,20,21,5,1,0.7561
10.796057790235078,106.67492629345334,22,33,1.0,20,21,5,1,0.6667
10.8352982156415,106.72935479345392,34,42,0.997662,20,21,5,1,0.8095
10.777562007197462,106.7041335430398,20,30,1.0,20,21,5,1,0.6667
10.83886351241477,106.67566625482782,25,35,1.0,20,21,5,1,0.7143
10.765187049751797,106.67550552599072,23,35,1.0,20,21,5,1,0.6571
10.75948437198232,106.6840537511244,12,28,1.0,20,21,5,1,0.4286
10.865229381280963,106.72366973948476,34,49,1.0,20,21,5,1,0.6939
10.72279213640514,106.72808623948244,25,37,0.9977,20,21,5,1,0.6757
10.823400120373712,106.68551227436063,22,31,1.0,20,21,5,1,0.7097
10.756158554057755,106.66631758181126,20,30,1.0,20,21,5,1,0.6667
10.7144382088356,106.73711688366168,25,35,1.0,20,21,5,1,0.7143
10.817236653231737,106.63191539530456,26,34,1.0,20,21,5,1,0.7647
10.745754766198267,106.65326266831876,42,42,1.0,20,23,5,1,1.0
10.772727584493625,106.69804225297564,12,23,0.939267,20,49,5,1,0.5217
10.752616652291238,106.72509685338922,39,39,1.0,20,49,5,1,1.0
10.745754766198267,106.65326266831876,42,42,1.0,20,49,5,1,1.0
10.94927106740351,106.87196348224562,29,42,1.0,20,49,5,1,0.6905
10.78866360854368,106.695513722289,35,42,1.0,20,49,5,1,0.8333
10.801406421807084,106.7114844087968,35,42,1.0,20,49,5,1,0.8333
10.843150534972033,106.6151343241409,25,34,1.0,20,49,5,1,0.7353
10.880537767027526,106.81481342866444,53,53,1.0,20,49,5,1,1.0
10.740840166521664,106.61899246873142,34,34,1.0,20,49,5,1,1.0
10.798986343749618,106.7269705664684,45,45,1.0,20,49,5,1,1.0
10.741860769464234,106.73790365482628,45,45,1.0,20,49,5,1,1.0
10.752408891679814,106.7022703818112,25,34,1.0,20,49,5,1,0.7353
10.786216596454729,106.71836665482697,40,40,1.0,20,49,5,1,1.0
10.78948793356203,106.7151883818118,36,36,1.0,20,49,5,1,1.0
10.80223925742187,106.6478722259914,28,41,1.0,20,49,5,1,0.6829
10.813928881466124,106.66511432455972,23,34,1.0,20,50,5,1,0.6765
10.755608615763382,106.67347943578082,15,27,1.0,20,50,5,1,0.5556
10.782680856341084,106.70051548181168,17,30,1.0,20,50,5,1,0.5667
10.754895139302109,106.67839188181134,20,32,1.0,20,50,5,1,0.625
10.785070445194592,106.68331340921324,13,28,1.0,20,50,5,1,0.4643
10.7549373008113,106.67848844133415,20,32,1.0,20,50,5,1,0.625
10.77898143649726,106.67684447140958,25,34,1.0,20,50,5,1,0.7353
10.7671128283867,106.6927618222887,10,19,1.0,20,50,5,1,0.5263
10.77847212665258,106.69389510879644,31,42,1.0,20,50,5,1,0.7381
10.796057790235078,106.67492629345334,23,34,1.0,20,50,5,1,0.6765
10.8352982156415,106.72935479345392,36,42,0.991709,20,50,5,1,0.8571
10.777562007197462,106.7041335430398,16,30,1.0,20,50,5,1,0.5333
10.83886351241477,106.67566625482782,27,36,1.0,20,50,5,1,0.75
10.765187049751797,106.67550552599072,17,36,1.0,20,50,5,1,0.4722
10.75948437198232,106.6840537511244,15,28,1.0,20,50,5,1,0.5357
10.865229381280963,106.72366973948476,37,49,1.0,20,50,5,1,0.7551
10.72279213640514,106.72808623948244,27,36,0.996807,20,50,5,1,0.75
10.823400120373712,106.68551227436063,20,31,1.0,20,50,5,1,0.6452
10.756158554057755,106.66631758181126,23,29,1.0,20,50,5,1,0.7931
10.7144382088356,106.73711688366168,25,35,1.0,20,50,5,1,0.7143
10.817236653231737,106.63191539530456,26,35,1.0,20,50,5,1,0.7429
10.772727584493625,106.69804225297564,11,23,0.955592,20,53,5,1,0.4783
10.752616652291238,106.72509685338922,39,39,1.0,20,53,5,1,1.0
10.745754766198267,106.65326266831876,42,42,1.0,20,53,5,1,1.0
10.94927106740351,106.87196348224562,32,41,1.0,20,53,5,1,0.7805
10.78866360854368,106.695513722289,35,42,1.0,20,53,5,1,0.8333
10.801406421807084,106.7114844087968,35,42,1.0,20,53,5,1,0.8333
10.843150534972033,106.6151343241409,26,35,1.0,20,53,5,1,0.7429
10.880537767027526,106.81481342866444,53,53,1.0,20,53,5,1,1.0
10.740840166521664,106.61899246873142,34,34,1.0,20,53,5,1,1.0
10.798986343749618,106.7269705664684,45,45,1.0,20,53,5,1,1.0
10.741860769464234,106.73790365482628,45,45,1.0,20,53,5,1,1.0
10.752408891679814,106.7022703818112,25,34,1.0,20,53,5,1,0.7353
10.786216596454729,106.71836665482697,40,40,1.0,20,53,5,1,1.0
10.78948793356203,106.7151883818118,36,36,1.0,20,53,5,1,1.0
10.80223925742187,106.6478722259914,29,40,1.0,20,53,5,1,0.725
10.813928881466124,106.66511432455972,23,33,0.999528,20,53,5,1,0.697
10.755608615763382,106.67347943578082,15,27,1.0,20,53,5,1,0.5556
10.782680856341084,106.70051548181168,18,30,1.0,20,53,5,1,0.6
10.754895139302109,106.67839188181134,23,33,1.0,20,53,5,1,0.697
10.785070445194592,106.68331340921324,14,27,1.0,20,53,5,1,0.5185
10.7549373008113,106.67848844133415,23,33,1.0,20,54,5,1,0.697
10.77898143649726,106.67684447140958,23,34,1.0,20,54,5,1,0.6765
10.7671128283867,106.6927618222887,10,20,1.0,20,54,5,1,0.5
10.77847212665258,106.69389510879644,31,41,1.0,20,54,5,1,0.7561
10.796057790235078,106.67492629345334,23,34,0.999265,20,54,5,1,0.6765
10.8352982156415,106.72935479345392,35,42,0.992248,20,54,5,1,0.8333
10.777562007197462,106.7041335430398,18,30,1.0,20,54,5,1,0.6
10.83886351241477,106.67566625482782,27,36,1.0,20,54,5,1,0.75
10.765187049751797,106.67550552599072,24,36,1.0,20,54,5,1,0.6667
10.75948437198232,106.6840537511244,15,26,1.0,20,54,5,1,0.5769
10.865229381280963,106.72366973948476,39,49,1.0,20,54,5,1,0.7959
10.72279213640514,106.72808623948244,26,37,0.996503,20,54,5,1,0.7027
10.823400120373712,106.68551227436063,18,32,1.0,20,54,5,1,0.5625
10.756158554057755,106.66631758181126,30,30,1.0,20,54,5,1,1.0
10.7144382088356,106.73711688366168,24,35,1.0,20,54,5,1,0.6857
10.817236653231737,106.63191539530456,25,35,1.0,20,54,5,1,0.7143
10.772727584493625,106.69804225297564,11,24,0.955192,20,56,5,1,0.4583
10.752616652291238,106.72509685338922,39,39,1.0,20,56,5,1,1.0
10.745754766198267,106.65326266831876,38,43,1.0,20,56,5,1,0.8837
10.94927106740351,106.87196348224562,32,41,1.0,20,56,5,1,0.7805
10.78866360854368,106.695513722289,34,42,1.0,20,56,5,1,0.8095
10.801406421807084,106.7114844087968,34,42,1.0,20,56,5,1,0.8095
10.843150534972033,106.6151343241409,25,35,1.0,20,57,5,1,0.7143
10.880537767027526,106.81481342866444,53,53,1.0,20,57,5,1,1.0
10.740840166521664,106.61899246873142,34,34,1.0,20,57,5,1,1.0
10.798986343749618,106.7269705664684,35,45,1.0,20,57,5,1,0.7778
10.741860769464234,106.73790365482628,45,45,1.0,20,57,5,1,1.0
10.752408891679814,106.7022703818112,26,34,1.0,20,57,5,1,0.7647
10.786216596454729,106.71836665482697,35,40,1.0,20,57,5,1,0.875
10.78948793356203,106.7151883818118,36,36,1.0,20,57,5,1,1.0
10.80223925742187,106.6478722259914,26,40,1.0,20,57,5,1,0.65
10.813928881466124,106.66511432455972,23,33,1.0,20,57,5,1,0.697
10.755608615763382,106.67347943578082,19,28,1.0,20,57,5,1,0.6786
10.782680856341084,106.70051548181168,18,30,1.0,20,57,5,1,0.6
10.754895139302109,106.67839188181134,21,33,1.0,20,57,5,1,0.6364
10.785070445194592,106.68331340921324,18,28,1.0,20,57,5,1,0.6429
10.7549373008113,106.67848844133415,21,33,1.0,20,57,5,1,0.6364
10.77898143649726,106.67684447140958,25,34,1.0,20,57,5,1,0.7353
10.7671128283867,106.6927618222887,11,20,1.0,20,57,5,1,0.55
10.77847212665258,106.69389510879644,31,42,1.0,20,57,5,1,0.7381
10.796057790235078,106.67492629345334,23,33,1.0,20,57,5,1,0.697
10.8352982156415,106.72935479345392,33,42,0.992054,20,58,5,1,0.7857
10.777562007197462,106.7041335430398,19,30,1.0,20,58,5,1,0.6333
10.83886351241477,106.67566625482782,27,36,1.0,20,58,5,1,0.75
10.765187049751797,106.67550552599072,24,35,1.0,20,58,5,1,0.6857
10.75948437198232,106.6840537511244,19,27,1.0,20,58,5,1,0.7037
10.865229381280963,106.72366973948476,38,49,1.0,20,58,5,1,0.7755
10.72279213640514,106.72808623948244,28,37,0.998015,20,58,5,1,0.7568
10.823400120373712,106.68551227436063,19,32,1.0,20,58,5,1,0.5938
10.756158554057755,106.66631758181126,24,30,1.0,20,58,5,1,0.8
10.7144382088356,106.73711688366168,25,35,1.0,20,58,5,1,0.7143
10.817236653231737,106.63191539530456,25,35,1.0,20,58,5,1,0.7143
10.772727584493625,106.69804225297564,12,24,0.961145,21,0,5,1,0.5
10.752616652291238,106.72509685338922,39,39,1.0,21,0,5,1,1.0
10.745754766198267,106.65326266831876,42,42,1.0,21,0,5,1,1.0
10.94927106740351,106.87196348224562,27,42,1.0,21,0,5,1,0.6429
10.78866360854368,106.695513722289,33,41,1.0,21,0,5,1,0.8049
10.801406421807084,106.7114844087968,33,41,1.0,21,0,5,1,0.8049
10.843150534972033,106.6151343241409,26,35,1.0,21,0,5,1,0.7429
10.880537767027526,106.81481342866444,53,53,1.0,21,1,5,1,1.0
10.740840166521664,106.61899246873142,34,34,1.0,21,1,5,1,1.0
10.798986343749618,106.7269705664684,45,45,1.0,21,1,5,1,1.0
10.741860769464234,106.73790365482628,45,45,1.0,21,1,5,1,1.0
10.752408891679814,106.7022703818112,25,34,1.0,21,1,5,1,0.7353
10.786216596454729,106.71836665482697,40,40,1.0,21,1,5,1,1.0
10.78948793356203,106.7151883818118,36,36,1.0,21,1,5,1,1.0
10.80223925742187,106.6478722259914,28,41,1.0,21,1,5,1,0.6829
10.813928881466124,106.66511432455972,24,34,0.998979,21,1,5,1,0.7059
10.755608615763382,106.67347943578082,19,28,1.0,21,1,5,1,0.6786
10.782680856341084,106.70051548181168,18,30,1.0,21,1,5,1,0.6
10.754895139302109,106.67839188181134,22,33,1.0,21,1,5,1,0.6667
10.785070445194592,106.68331340921324,14,26,1.0,21,1,5,1,0.5385
10.7549373008113,106.67848844133415,22,33,1.0,21,1,5,1,0.6667
10.77898143649726,106.67684447140958,24,34,1.0,21,2,5,1,0.7059
10.7671128283867,106.6927618222887,9,21,1.0,21,2,5,1,0.4286
10.77847212665258,106.69389510879644,31,41,1.0,21,2,5,1,0.7561
10.796057790235078,106.67492629345334,23,33,1.0,21,2,5,1,0.697
10.8352982156415,106.72935479345392,35,42,0.994851,21,2,5,1,0.8333
10.777562007197462,106.7041335430398,18,30,1.0,21,2,5,1,0.6
10.83886351241477,106.67566625482782,28,36,1.0,21,2,5,1,0.7778
10.765187049751797,106.67550552599072,22,35,1.0,21,2,5,1,0.6286
10.75948437198232,106.6840537511244,19,28,1.0,21,2,5,1,0.6786
10.865229381280963,106.72366973948476,38,49,1.0,21,2,5,1,0.7755
10.72279213640514,106.72808623948244,28,36,0.998072,21,2,5,1,0.7778
10.823400120373712,106.68551227436063,21,31,1.0,21,2,5,1,0.6774
10.756158554057755,106.66631758181126,24,29,1.0,21,2,5,1,0.8276
10.7144382088356,106.73711688366168,25,35,1.0,21,2,5,1,0.7143
10.817236653231737,106.63191539530456,26,35,1.0,21,2,5,1,0.7429
10.772727584493625,106.69804225297564,12,24,0.959952,21,4,5,1,0.5
10.752616652291238,106.72509685338922,39,39,1.0,21,4,5,1,1.0
10.745754766198267,106.65326266831876,42,42,1.0,21,4,5,1,1.0
10.94927106740351,106.87196348224562,29,41,1.0,21,5,5,1,0.7073
10.78866360854368,106.695513722289,35,42,1.0,21,5,5,1,0.8333
10.801406421807084,106.7114844087968,35,42,1.0,21,5,5,1,0.8333
10.843150534972033,106.6151343241409,25,34,1.0,21,5,5,1,0.7353
10.880537767027526,106.81481342866444,53,53,1.0,21,5,5,1,1.0
10.740840166521664,106.61899246873142,34,34,1.0,21,5,5,1,1.0
10.798986343749618,106.7269705664684,35,44,1.0,21,5,5,1,0.7955
10.741860769464234,106.73790365482628,45,45,1.0,21,5,5,1,1.0
10.752408891679814,106.7022703818112,27,34,1.0,21,5,5,1,0.7941
10.786216596454729,106.71836665482697,35,40,1.0,21,5,5,1,0.875
10.78948793356203,106.7151883818118,36,36,1.0,21,5,5,1,1.0
10.80223925742187,106.6478722259914,30,41,1.0,21,5,5,1,0.7317
10.813928881466124,106.66511432455972,23,33,1.0,21,5,5,1,0.697
10.755608615763382,106.67347943578082,16,26,1.0,21,5,5,1,0.6154
10.782680856341084,106.70051548181168,18,30,1.0,21,5,5,1,0.6
10.754895139302109,106.67839188181134,21,32,1.0,21,5,5,1,0.6562
10.785070445194592,106.68331340921324,16,28,1.0,21,5,5,1,0.5714
10.7549373008113,106.67848844133415,21,32,1.0,21,5,5,1,0.6562
10.77898143649726,106.67684447140958,25,34,1.0,21,5,5,1,0.7353
10.7671128283867,106.6927618222887,9,21,1.0,21,5,5,1,0.4286
10.77847212665258,106.69389510879644,31,42,1.0,21,5,5,1,0.7381
10.796057790235078,106.67492629345334,23,33,1.0,21,5,5,1,0.697
10.8352982156415,106.72935479345392,34,42,0.995706,21,5,5,1,0.8095
10.777562007197462,106.7041335430398,18,30,1.0,21,5,5,1,0.6
10.83886351241477,106.67566625482782,25,35,1.0,21,5,5,1,0.7143
10.765187049751797,106.67550552599072,20,35,1.0,21,5,5,1,0.5714
10.75948437198232,106.6840537511244,16,27,1.0,21,5,5,1,0.5926
10.865229381280963,106.72366973948476,37,49,1.0,21,5,5,1,0.7551
10.72279213640514,106.72808623948244,26,37,0.997777,21,5,5,1,0.7027
10.823400120373712,106.68551227436063,21,32,1.0,21,5,5,1,0.6562
10.756158554057755,106.66631758181126,24,30,1.0,21,6,5,1,0.8
10.7144382088356,106.73711688366168,26,35,1.0,21,6,5,1,0.7429
10.817236653231737,106.63191539530456,26,35,1.0,21,6,5,1,0.7429
10.772727584493625,106.69804225297564,14,24,0.970845,21,8,5,1,0.5833
10.774028664434528,106.70357076461706,9,28,0.9,21,8,5,1,0.3214
10.752616652291238,106.72509685338922,39,39,1.0,21,8,5,1,1.0
10.745754766198267,106.65326266831876,42,42,1.0,21,8,5,1,1.0
10.94927106740351,106.87196348224562,29,41,1.0,21,8,5,1,0.7073
10.78866360854368,106.695513722289,36,42,1.0,21,8,5,1,0.8571
10.801406421807084,106.7114844087968,36,42,1.0,21,8,5,1,0.8571
10.843150534972033,106.6151343241409,27,35,1.0,21,8,5,1,0.7714
10.880537767027526,106.81481342866444,53,53,1.0,21,8,5,1,1.0
10.740840166521664,106.61899246873142,34,34,1.0,21,8,5,1,1.0
10.798986343749618,106.7269705664684,45,45,1.0,21,8,5,1,1.0
10.741860769464234,106.73790365482628,45,45,1.0,21,8,5,1,1.0
10.752408891679814,106.7022703818112,25,33,1.0,21,8,5,1,0.7576
10.786216596454729,106.71836665482697,40,40,1.0,21,9,5,1,1.0
10.78948793356203,106.7151883818118,36,36,1.0,21,9,5,1,1.0
10.80223925742187,106.6478722259914,25,41,1.0,21,9,5,1,0.6098
10.813928881466124,106.66511432455972,23,33,1.0,21,9,5,1,0.697
10.755608615763382,106.67347943578082,16,27,1.0,21,9,5,1,0.5926
10.782680856341084,106.70051548181168,18,30,1.0,21,9,5,1,0.6
10.754895139302109,106.67839188181134,24,33,1.0,21,9,5,1,0.7273
10.785070445194592,106.68331340921324,14,28,1.0,21,9,5,1,0.5
10.7549373008113,106.67848844133415,22,32,1.0,21,9,5,1,0.6875
10.77898143649726,106.67684447140958,25,34,1.0,21,9,5,1,0.7353
10.7671128283867,106.6927618222887,11,20,1.0,21,9,5,1,0.55
10.77847212665258,106.69389510879644,31,41,1.0,21,9,5,1,0.7561
10.796057790235078,106.67492629345334,24,33,0.999528,21,9,5,1,0.7273
10.8352982156415,106.72935479345392,36,42,0.995389,21,9,5,1,0.8571
10.777562007197462,106.7041335430398,17,30,1.0,21,9,5,1,0.5667
10.83886351241477,106.67566625482782,26,36,1.0,21,9,5,1,0.7222
10.765187049751797,106.67550552599072,25,35,1.0,21,9,5,1,0.7143
10.75948437198232,106.6840537511244,17,28,1.0,21,9,5,1,0.6071
10.865229381280963,106.72366973948476,38,49,1.0,21,9,5,1,0.7755
10.72279213640514,106.72808623948244,28,37,0.998252,21,9,5,1,0.7568
10.823400120373712,106.68551227436063,21,32,1.0,21,9,5,1,0.6562
10.756158554057755,106.66631758181126,23,29,1.0,21,9,5,1,0.7931
10.7144382088356,106.73711688366168,27,35,1.0,21,9,5,1,0.7714
10.817236653231737,106.63191539530456,26,35,1.0,21,9,5,1,0.7429
10.772727584493625,106.69804225297564,13,24,0.967141,21,12,5,1,0.5417
10.774028664434528,106.70357076461706,9,28,0.9,21,12,5,1,0.3214
10.752616652291238,106.72509685338922,39,39,1.0,21,12,5,1,1.0
10.745754766198267,106.65326266831876,42,42,1.0,21,12,5,1,1.0
10.94927106740351,106.87196348224562,42,42,1.0,21,12,5,1,1.0
10.78866360854368,106.695513722289,35,41,1.0,21,12,5,1,0.8537
10.801406421807084,106.7114844087968,35,41,1.0,21,12,5,1,0.8537
10.843150534972033,106.6151343241409,25,34,1.0,21,12,5,1,0.7353
10.880537767027526,106.81481342866444,53,53,1.0,21,12,5,1,1.0
10.740840166521664,106.61899246873142,34,34,1.0,21,12,5,1,1.0
10.798986343749618,106.7269705664684,45,45,1.0,21,12,5,1,1.0
10.741860769464234,106.73790365482628,45,45,1.0,21,12,5,1,1.0
10.752408891679814,106.7022703818112,25,32,1.0,21,12,5,1,0.7812
10.786216596454729,106.71836665482697,40,40,1.0,21,12,5,1,1.0
10.78948793356203,106.7151883818118,36,36,1.0,21,12,5,1,1.0
10.80223925742187,106.6478722259914,30,40,1.0,21,12,5,1,0.75
10.813928881466124,106.66511432455972,24,34,1.0,21,12,5,1,0.7059
10.755608615763382,106.67347943578082,17,28,1.0,21,12,5,1,0.6071
10.782680856341084,106.70051548181168,19,30,1.0,21,12,5,1,0.6333
10.754895139302109,106.67839188181134,21,32,1.0,21,12,5,1,0.6562
10.785070445194592,106.68331340921324,16,27,1.0,21,13,5,1,0.5926
10.7549373008113,106.67848844133415,21,32,1.0,21,13,5,1,0.6562
10.77898143649726,106.67684447140958,26,34,1.0,21,13,5,1,0.7647
10.7671128283867,106.6927618222887,10,19,1.0,21,13,5,1,0.5263
10.77847212665258,106.69389510879644,32,41,1.0,21,13,5,1,0.7805
10.796057790235078,106.67492629345334,24,34,1.0,21,13,5,1,0.7059
10.8352982156415,106.72935479345392,34,42,0.996224,21,13,5,1,0.8095
10.777562007197462,106.7041335430398,18,30,1.0,21,13,5,1,0.6
10.83886351241477,106.67566625482782,25,36,1.0,21,13,5,1,0.6944
10.765187049751797,106.67550552599072,23,36,1.0,21,13,5,1,0.6389
10.75948437198232,106.6840537511244,18,28,1.0,21,13,5,1,0.6429
10.865229381280963,106.72366973948476,38,49,1.0,21,14,5,1,0.7755
10.72279213640514,106.72808623948244,27,37,0.997961,21,14,5,1,0.7297
10.823400120373712,106.68551227436063,20,31,1.0,21,14,5,1,0.6452
10.756158554057755,106.66631758181126,23,30,1.0,21,14,5,1,0.7667
10.7144382088356,106.73711688366168,26,35,1.0,21,14,5,1,0.7429
10.817236653231737,106.63191539530456,26,35,1.0,21,14,5,1,0.7429
10.772727584493625,106.69804225297564,12,23,0.957712,21,16,5,1,0.5217
10.752616652291238,106.72509685338922,39,39,1.0,21,16,5,1,1.0
10.745754766198267,106.65326266831876,42,42,1.0,21,16,5,1,1.0
10.94927106740351,106.87196348224562,42,42,1.0,21,16,5,1,1.0
10.78866360854368,106.695513722289,34,41,1.0,21,16,5,1,0.8293
10.801406421807084,106.7114844087968,34,41,1.0,21,16,5,1,0.8293
10.843150534972033,106.6151343241409,25,35,1.0,21,16,5,1,0.7143
10.880537767027526,106.81481342866444,53,53,1.0,21,16,5,1,1.0
10.740840166521664,106.61899246873142,30,35,1.0,21,16,5,1,0.8571
10.798986343749618,106.7269705664684,32,44,1.0,21,16,5,1,0.7273
10.741860769464234,106.73790365482628,38,44,1.0,21,16,5,1,0.8636
10.752408891679814,106.7022703818112,25,34,1.0,21,16,5,1,0.7353
10.786216596454729,106.71836665482697,40,40,1.0,21,16,5,1,1.0
10.78948793356203,106.7151883818118,36,36,1.0,21,16,5,1,1.0
10.80223925742187,106.6478722259914,29,41,1.0,21,16,5,1,0.7073
10.813928881466124,106.66511432455972,24,34,0.999528,21,16,5,1,0.7059
10.755608615763382,106.67347943578082,15,27,1.0,21,16,5,1,0.5556
10.782680856341084,106.70051548181168,19,30,1.0,21,16,5,1,0.6333
10.754895139302109,106.67839188181134,21,32,1.0,21,17,5,1,0.6562
10.785070445194592,106.68331340921324,13,28,1.0,21,17,5,1,0.4643
10.7549373008113,106.67848844133415,21,32,1.0,21,17,5,1,0.6562
10.77898143649726,106.67684447140958,24,34,1.0,21,17,5,1,0.7059
10.7671128283867,106.6927618222887,12,19,1.0,21,17,5,1,0.6316
10.77847212665258,106.69389510879644,32,41,1.0,21,17,5,1,0.7805
10.796057790235078,106.67492629345334,23,33,0.999528,21,17,5,1,0.697
10.8352982156415,106.72935479345392,35,42,0.996397,21,17,5,1,0.8333
10.777562007197462,106.7041335430398,18,30,1.0,21,17,5,1,0.6
10.83886351241477,106.67566625482782,26,36,1.0,21,17,5,1,0.7222
10.765187049751797,106.67550552599072,26,35,1.0,21,17,5,1,0.7429
10.75948437198232,106.6840537511244,16,27,1.0,21,17,5,1,0.5926
10.865229381280963,106.72366973948476,39,49,1.0,21,17,5,1,0.7959
10.72279213640514,106.72808623948244,26,37,0.997702,21,17,5,1,0.7027
10.823400120373712,106.68551227436063,21,31,1.0,21,17,5,1,0.6774
10.756158554057755,106.66631758181126,23,30,1.0,21,17,5,1,0.7667
10.7144382088356,106.73711688366168,26,35,1.0,21,17,5,1,0.7429
10.817236653231737,106.63191539530456,27,35,1.0,21,17,5,1,0.7714
10.772727584493625,106.69804225297564,12,24,0.965655,21,19,5,1,0.5
10.752616652291238,106.72509685338922,39,39,1.0,21,19,5,1,1.0
10.745754766198267,106.65326266831876,42,42,1.0,21,19,5,1,1.0
10.94927106740351,106.87196348224562,42,42,1.0,21,19,5,1,1.0
10.78866360854368,106.695513722289,34,41,1.0,21,19,5,1,0.8293
10.801406421807084,106.7114844087968,34,41,1.0,21,19,5,1,0.8293
10.843150534972033,106.6151343241409,26,35,1.0,21,19,5,1,0.7429
10.880537767027526,106.81481342866444,53,53,1.0,21,19,5,1,1.0
10.740840166521664,106.61899246873142,34,34,1.0,21,19,5,1,1.0
10.798986343749618,106.7269705664684,45,45,1.0,21,19,5,1,1.0
10.741860769464234,106.73790365482628,37,44,1.0,21,19,5,1,0.8409
10.752408891679814,106.7022703818112,25,33,1.0,21,19,5,1,0.7576
10.786216596454729,106.71836665482697,40,40,1.0,21,20,5,1,1.0
10.78948793356203,106.7151883818118,29,36,1.0,21,20,5,1,0.8056
10.80223925742187,106.6478722259914,26,40,1.0,21,20,5,1,0.65
10.813928881466124,106.66511432455972,24,33,0.999528,21,20,5,1,0.7273
10.755608615763382,106.67347943578082,16,27,1.0,21,20,5,1,0.5926
10.782680856341084,106.70051548181168,18,30,1.0,21,20,5,1,0.6
10.754895139302109,106.67839188181134,22,32,1.0,21,20,5,1,0.6875
10.785070445194592,106.68331340921324,16,27,1.0,21,20,5,1,0.5926
10.7549373008113,106.67848844133415,22,32,1.0,21,20,5,1,0.6875
10.77898143649726,106.67684447140958,25,34,1.0,21,20,5,1,0.7353
10.7671128283867,106.6927618222887,12,20,1.0,21,20,5,1,0.6
10.77847212665258,106.69389510879644,31,41,1.0,21,20,5,1,0.7561
10.796057790235078,106.67492629345334,23,34,0.999715,21,20,5,1,0.6765
10.8352982156415,106.72935479345392,34,42,0.995855,21,20,5,1,0.8095
10.777562007197462,106.7041335430398,19,30,1.0,21,20,5,1,0.6333
10.83886351241477,106.67566625482782,26,36,1.0,21,20,5,1,0.7222
10.765187049751797,106.67550552599072,25,36,1.0,21,20,5,1,0.6944
10.75948437198232,106.6840537511244,16,27,1.0,21,20,5,1,0.5926
10.865229381280963,106.72366973948476,39,49,1.0,21,20,5,1,0.7959
10.72279213640514,106.72808623948244,27,37,0.996621,21,20,5,1,0.7297
10.823400120373712,106.68551227436063,19,31,1.0,21,20,5,1,0.6129
10.756158554057755,106.66631758181126,30,30,1.0,21,20,5,1,1.0
10.7144382088356,106.73711688366168,27,36,1.0,21,20,5,1,0.75
10.817236653231737,106.63191539530456,25,35,1.0,21,20,5,1,0.7143
10.772727584493625,106.69804225297564,12,24,0.965655,21,22,5,1,0.5
10.752616652291238,106.72509685338922,39,39,1.0,21,22,5,1,1.0
10.745754766198267,106.65326266831876,42,42,1.0,21,22,5,1,1.0
10.94927106740351,106.87196348224562,42,42,1.0,21,22,5,1,1.0
10.78866360854368,106.695513722289,34,41,1.0,21,22,5,1,0.8293
10.801406421807084,106.7114844087968,34,41,1.0,21,22,5,1,0.8293
10.843150534972033,106.6151343241409,24,35,1.0,21,23,5,1,0.6857
10.880537767027526,106.81481342866444,53,53,1.0,21,23,5,1,1.0
10.740840166521664,106.61899246873142,34,34,1.0,21,23,5,1,1.0
10.798986343749618,106.7269705664684,45,45,1.0,21,23,5,1,1.0
10.741860769464234,106.73790365482628,45,45,1.0,21,23,5,1,1.0
10.752408891679814,106.7022703818112,27,33,1.0,21,23,5,1,0.8182
10.786216596454729,106.71836665482697,34,40,1.0,21,23,5,1,0.85
10.78948793356203,106.7151883818118,36,36,1.0,21,23,5,1,1.0
10.80223925742187,106.6478722259914,27,41,1.0,21,23,5,1,0.6585
10.813928881466124,106.66511432455972,25,34,1.0,21,23,5,1,0.7353
10.755608615763382,106.67347943578082,17,28,1.0,21,23,5,1,0.6071
10.782680856341084,106.70051548181168,19,31,1.0,21,23,5,1,0.6129
10.754895139302109,106.67839188181134,20,33,1.0,21,23,5,1,0.6061
10.785070445194592,106.68331340921324,16,28,1.0,21,23,5,1,0.5714
10.7549373008113,106.67848844133415,20,33,1.0,21,23,5,1,0.6061
10.77898143649726,106.67684447140958,24,34,1.0,21,23,5,1,0.7059
10.7671128283867,106.6927618222887,12,20,1.0,21,23,5,1,0.6
10.77847212665258,106.69389510879644,31,41,1.0,21,23,5,1,0.7561
10.796057790235078,106.67492629345334,25,34,0.998954,21,23,5,1,0.7353
10.8352982156415,106.72935479345392,34,42,0.996759,21,23,5,1,0.8095
10.777562007197462,106.7041335430398,18,30,1.0,21,23,5,1,0.6
10.83886351241477,106.67566625482782,25,36,1.0,21,23,5,1,0.6944
10.765187049751797,106.67550552599072,24,36,1.0,21,23,5,1,0.6667
10.75948437198232,106.6840537511244,17,28,1.0,21,23,5,1,0.6071
10.865229381280963,106.72366973948476,37,48,1.0,21,23,5,1,0.7708
10.72279213640514,106.72808623948244,26,37,0.997703,21,23,5,1,0.7027
10.823400120373712,106.68551227436063,18,32,1.0,21,23,5,1,0.5625
10.756158554057755,106.66631758181126,21,29,1.0,21,23,5,1,0.7241
10.7144382088356,106.73711688366168,27,35,1.0,21,23,5,1,0.7714
10.817236653231737,106.63191539530456,24,35,1.0,21,23,5,1,0.6857
10.772727584493625,106.69804225297564,11,24,0.959481,21,25,5,1,0.4583
10.752616652291238,106.72509685338922,39,39,1.0,21,25,5,1,1.0
10.745754766198267,106.65326266831876,42,42,1.0,21,25,5,1,1.0
10.94927106740351,106.87196348224562,42,42,1.0,21,25,5,1,1.0
10.78866360854368,106.695513722289,35,41,1.0,21,25,5,1,0.8537
10.801406421807084,106.7114844087968,35,41,1.0,21,25,5,1,0.8537
10.843150534972033,106.6151343241409,24,35,1.0,21,25,5,1,0.6857
10.880537767027526,106.81481342866444,53,53,1.0,21,25,5,1,1.0
10.740840166521664,106.61899246873142,34,34,1.0,21,25,5,1,1.0
10.798986343749618,106.7269705664684,45,45,1.0,21,25,5,1,1.0
10.741860769464234,106.73790365482628,45,45,1.0,21,25,5,1,1.0
10.752408891679814,106.7022703818112,26,33,1.0,21,25,5,1,0.7879
10.786216596454729,106.71836665482697,40,40,1.0,21,25,5,1,1.0
10.78948793356203,106.7151883818118,36,36,1.0,21,26,5,1,1.0
10.80223925742187,106.6478722259914,27,41,1.0,21,26,5,1,0.6585
10.813928881466124,106.66511432455972,23,33,0.998692,21,26,5,1,0.697
10.755608615763382,106.67347943578082,16,27,1.0,21,26,5,1,0.5926
10.782680856341084,106.70051548181168,19,30,1.0,21,26,5,1,0.6333
10.754895139302109,106.67839188181134,22,32,1.0,21,26,5,1,0.6875
10.785070445194592,106.68331340921324,15,26,1.0,21,26,5,1,0.5769
10.7549373008113,106.67848844133415,22,32,1.0,21,26,5,1,0.6875
10.77898143649726,106.67684447140958,24,34,1.0,21,26,5,1,0.7059
10.7671128283867,106.6927618222887,10,21,1.0,21,26,5,1,0.4762
10.77847212665258,106.69389510879644,31,41,1.0,21,26,5,1,0.7561
10.796057790235078,106.67492629345334,23,33,0.999713,21,26,5,1,0.697
10.8352982156415,106.72935479345392,35,42,0.997666,21,26,5,1,0.8333
10.777562007197462,106.7041335430398,19,30,1.0,21,26,5,1,0.6333
10.83886351241477,106.67566625482782,26,36,1.0,21,26,5,1,0.7222
10.765187049751797,106.67550552599072,26,36,1.0,21,26,5,1,0.7222
10.75948437198232,106.6840537511244,16,27,1.0,21,26,5,1,0.5926
10.865229381280963,106.72366973948476,38,49,1.0,21,26,5,1,0.7755
10.72279213640514,106.72808623948244,27,37,1.0,21,26,5,1,0.7297
10.823400120373712,106.68551227436063,21,31,1.0,21,26,5,1,0.6774
10.756158554057755,106.66631758181126,23,29,1.0,21,26,5,1,0.7931
10.7144382088356,106.73711688366168,26,35,1.0,21,26,5,1,0.7429
10.817236653231737,106.63191539530456,24,35,1.0,21,26,5,1,0.6857
10.772727584493625,106.69804225297564,13,24,0.949084,21,29,5,1,0.5417
10.752616652291238,106.72509685338922,39,39,1.0,21,29,5,1,1.0
10.745754766198267,106.65326266831876,42,42,1.0,21,29,5,1,1.0
10.94927106740351,106.87196348224562,29,42,1.0,21,29,5,1,0.6905
10.78866360854368,106.695513722289,34,41,1.0,21,29,5,1,0.8293
10.801406421807084,106.7114844087968,34,41,1.0,21,29,5,1,0.8293
10.843150534972033,106.6151343241409,26,35,1.0,21,29,5,1,0.7429
10.880537767027526,106.81481342866444,53,53,1.0,21,29,5,1,1.0
10.740840166521664,106.61899246873142,34,34,1.0,21,29,5,1,1.0
10.798986343749618,106.7269705664684,45,45,1.0,21,29,5,1,1.0
10.741860769464234,106.73790365482628,45,45,1.0,21,29,5,1,1.0
10.752408891679814,106.7022703818112,33,33,1.0,21,29,5,1,1.0
10.786216596454729,106.71836665482697,40,40,1.0,21,29,5,1,1.0
10.78948793356203,106.7151883818118,36,36,1.0,21,29,5,1,1.0
10.80223925742187,106.6478722259914,30,41,1.0,21,29,5,1,0.7317
10.813928881466124,106.66511432455972,24,33,1.0,21,29,5,1,0.7273
10.755608615763382,106.67347943578082,17,27,1.0,21,29,5,1,0.6296
10.782680856341084,106.70051548181168,18,30,1.0,21,29,5,1,0.6
10.754895139302109,106.67839188181134,24,33,1.0,21,29,5,1,0.7273
10.785070445194592,106.68331340921324,19,27,1.0,21,29,5,1,0.7037
10.7549373008113,106.67848844133415,24,33,1.0,21,30,5,1,0.7273
10.77898143649726,106.67684447140958,24,34,1.0,21,30,5,1,0.7059
10.7671128283867,106.6927618222887,12,21,1.0,21,30,5,1,0.5714
10.77847212665258,106.69389510879644,32,42,1.0,21,30,5,1,0.7619
10.796057790235078,106.67492629345334,24,34,1.0,21,30,5,1,0.7059
10.8352982156415,106.72935479345392,36,42,0.997215,21,30,5,1,0.8571
10.777562007197462,106.7041335430398,19,30,1.0,21,30,5,1,0.6333
10.83886351241477,106.67566625482782,25,36,1.0,21,30,5,1,0.6944
10.765187049751797,106.67550552599072,27,36,1.0,21,30,5,1,0.75
10.75948437198232,106.6840537511244,16,28,1.0,21,30,5,1,0.5714
10.865229381280963,106.72366973948476,38,49,1.0,21,30,5,1,0.7755
10.72279213640514,106.72808623948244,28,37,1.0,21,30,5,1,0.7568
10.823400120373712,106.68551227436063,18,31,1.0,21,30,5,1,0.5806
10.756158554057755,106.66631758181126,30,30,1.0,21,30,5,1,1.0
10.7144382088356,106.73711688366168,25,35,1.0,21,30,5,1,0.7143
10.817236653231737,106.63191539530456,26,35,1.0,21,30,5,1,0.7429
10.772727584493625,106.69804225297564,12,24,0.955025,21,32,5,1,0.5
10.752616652291238,106.72509685338922,39,39,1.0,21,32,5,1,1.0
10.745754766198267,106.65326266831876,42,42,1.0,21,32,5,1,1.0
10.94927106740351,106.87196348224562,42,42,1.0,21,32,5,1,1.0
10.78866360854368,106.695513722289,34,42,1.0,21,32,5,1,0.8095
10.801406421807084,106.7114844087968,34,42,1.0,21,32,5,1,0.8095
10.843150534972033,106.6151343241409,27,35,1.0,21,32,5,1,0.7714
10.880537767027526,106.81481342866444,53,53,1.0,21,32,5,1,1.0
10.740840166521664,106.61899246873142,34,34,1.0,21,32,5,1,1.0
10.798986343749618,106.7269705664684,45,45,1.0,21,32,5,1,1.0
10.741860769464234,106.73790365482628,45,45,1.0,21,32,5,1,1.0
10.752408891679814,106.7022703818112,28,34,1.0,21,32,5,1,0.8235
10.786216596454729,106.71836665482697,34,40,1.0,21,32,5,1,0.85
10.78948793356203,106.7151883818118,36,36,1.0,21,33,5,1,1.0
10.80223925742187,106.6478722259914,29,41,1.0,21,33,5,1,0.7073
10.813928881466124,106.66511432455972,24,33,1.0,21,33,5,1,0.7273
10.755608615763382,106.67347943578082,16,27,0.998954,21,33,5,1,0.5926
10.782680856341084,106.70051548181168,18,30,1.0,21,33,5,1,0.6
10.754895139302109,106.67839188181134,22,33,1.0,21,33,5,1,0.6667
10.785070445194592,106.68331340921324,16,26,1.0,21,33,5,1,0.6154
10.7549373008113,106.67848844133415,22,33,1.0,21,33,5,1,0.6667
10.77898143649726,106.67684447140958,24,34,1.0,21,33,5,1,0.7059
10.7671128283867,106.6927618222887,9,21,1.0,21,33,5,1,0.4286
10.77847212665258,106.69389510879644,32,41,1.0,21,33,5,1,0.7805
10.796057790235078,106.67492629345334,25,33,1.0,21,33,5,1,0.7576
10.8352982156415,106.72935479345392,35,42,0.996583,21,33,5,1,0.8333
10.777562007197462,106.7041335430398,18,30,1.0,21,33,5,1,0.6
10.83886351241477,106.67566625482782,27,36,1.0,21,33,5,1,0.75
10.765187049751797,106.67550552599072,27,36,1.0,21,33,5,1,0.75
10.75948437198232,106.6840537511244,16,27,0.998954,21,33,5,1,0.5926
10.865229381280963,106.72366973948476,39,49,1.0,21,33,5,1,0.7959
10.72279213640514,106.72808623948244,28,37,1.0,21,33,5,1,0.7568
10.823400120373712,106.68551227436063,19,32,1.0,21,33,5,1,0.5938
10.756158554057755,106.66631758181126,23,29,1.0,21,33,5,1,0.7931
10.7144382088356,106.73711688366168,27,35,1.0,21,33,5,1,0.7714
10.817236653231737,106.63191539530456,26,35,1.0,21,33,5,1,0.7429
10.772727584493625,106.69804225297564,13,25,0.95651,21,35,5,1,0.52
10.752616652291238,106.72509685338922,39,39,1.0,21,35,5,1,1.0
10.745754766198267,106.65326266831876,42,42,1.0,21,35,5,1,1.0
10.94927106740351,106.87196348224562,33,41,1.0,21,35,5,1,0.8049
10.78866360854368,106.695513722289,36,42,1.0,21,35,5,1,0.8571
10.801406421807084,106.7114844087968,36,42,1.0,21,36,5,1,0.8571
10.843150534972033,106.6151343241409,26,35,1.0,21,36,5,1,0.7429
10.880537767027526,106.81481342866444,53,53,1.0,21,36,5,1,1.0
10.740840166521664,106.61899246873142,34,34,1.0,21,36,5,1,1.0
10.798986343749618,106.7269705664684,45,45,1.0,21,36,5,1,1.0
10.741860769464234,106.73790365482628,45,45,1.0,21,36,5,1,1.0
10.752408891679814,106.7022703818112,25,34,1.0,21,36,5,1,0.7353
10.786216596454729,106.71836665482697,40,40,1.0,21,36,5,1,1.0
10.78948793356203,106.7151883818118,36,36,1.0,21,36,5,1,1.0
10.80223925742187,106.6478722259914,27,41,1.0,21,36,5,1,0.6585
10.813928881466124,106.66511432455972,23,33,1.0,21,36,5,1,0.697
10.755608615763382,106.67347943578082,16,28,0.998947,21,36,5,1,0.5714
10.782680856341084,106.70051548181168,18,30,1.0,21,37,5,1,0.6
10.754895139302109,106.67839188181134,22,32,1.0,21,37,5,1,0.6875
10.785070445194592,106.68331340921324,19,27,1.0,21,37,5,1,0.7037
10.7549373008113,106.67848844133415,22,32,1.0,21,37,5,1,0.6875
10.77898143649726,106.67684447140958,24,34,0.998782,21,37,5,1,0.7059
10.7671128283867,106.6927618222887,11,19,1.0,21,37,5,1,0.5789
10.77847212665258,106.69389510879644,33,41,1.0,21,37,5,1,0.8049
10.796057790235078,106.67492629345334,24,33,1.0,21,37,5,1,0.7273
10.8352982156415,106.72935479345392,36,42,0.996637,21,37,5,1,0.8571
10.777562007197462,106.7041335430398,18,30,1.0,21,37,5,1,0.6
10.83886351241477,106.67566625482782,24,35,1.0,21,37,5,1,0.6857
10.765187049751797,106.67550552599072,22,35,1.0,21,37,5,1,0.6286
10.75948437198232,106.6840537511244,15,27,0.998947,21,37,5,1,0.5556
10.865229381280963,106.72366973948476,39,49,1.0,21,37,5,1,0.7959
10.72279213640514,106.72808623948244,26,37,0.996466,21,37,5,1,0.7027
10.823400120373712,106.68551227436063,19,31,1.0,21,37,5,1,0.6129
10.756158554057755,106.66631758181126,19,29,1.0,21,37,5,1,0.6552
10.7144382088356,106.73711688366168,27,35,1.0,21,37,5,1,0.7714
10.817236653231737,106.63191539530456,25,34,1.0,21,37,5,1,0.7353
10.772727584493625,106.69804225297564,13,24,0.957995,21,39,5,1,0.5417
10.752616652291238,106.72509685338922,39,39,1.0,21,39,5,1,1.0
10.745754766198267,106.65326266831876,42,42,1.0,21,39,5,1,1.0
10.94927106740351,106.87196348224562,31,41,1.0,21,39,5,1,0.7561
10.78866360854368,106.695513722289,35,42,1.0,21,40,5,1,0.8333
10.801406421807084,106.7114844087968,36,42,1.0,21,40,5,1,0.8571
10.843150534972033,106.6151343241409,25,35,1.0,21,40,5,1,0.7143
10.880537767027526,106.81481342866444,53,53,1.0,21,40,5,1,1.0
10.740840166521664,106.61899246873142,34,34,1.0,21,40,5,1,1.0
10.798986343749618,106.7269705664684,35,44,1.0,21,40,5,1,0.7955
10.741860769464234,106.73790365482628,45,45,1.0,21,40,5,1,1.0
10.752408891679814,106.7022703818112,33,33,1.0,21,40,5,1,1.0
10.786216596454729,106.71836665482697,40,40,1.0,21,40,5,1,1.0
10.78948793356203,106.7151883818118,36,36,1.0,21,40,5,1,1.0
10.80223925742187,106.6478722259914,25,40,1.0,21,40,5,1,0.625
10.813928881466124,106.66511432455972,24,34,0.999715,21,40,5,1,0.7059
10.755608615763382,106.67347943578082,18,28,1.0,21,40,5,1,0.6429
10.782680856341084,106.70051548181168,17,30,1.0,21,40,5,1,0.5667
10.754895139302109,106.67839188181134,21,33,1.0,21,40,5,1,0.6364
10.785070445194592,106.68331340921324,16,26,1.0,21,40,5,1,0.6154
10.7549373008113,106.67848844133415,20,33,1.0,21,41,5,1,0.6061
10.77898143649726,106.67684447140958,26,35,0.997945,21,41,5,1,0.7429
10.7671128283867,106.6927618222887,7,19,1.0,21,41,5,1,0.3684
10.77847212665258,106.69389510879644,32,41,1.0,21,41,5,1,0.7805
10.796057790235078,106.67492629345334,25,33,0.998691,21,41,5,1,0.7576
10.8352982156415,106.72935479345392,42,42,1.0,21,41,5,1,1.0
10.777562007197462,106.7041335430398,17,31,1.0,21,41,5,1,0.5484
10.83886351241477,106.67566625482782,27,36,1.0,21,41,5,1,0.75
10.765187049751797,106.67550552599072,28,36,1.0,21,41,5,1,0.7778
10.75948437198232,106.6840537511244,19,28,1.0,21,41,5,1,0.6786
10.865229381280963,106.72366973948476,38,49,1.0,21,41,5,1,0.7755
10.72279213640514,106.72808623948244,25,37,0.997203,21,41,5,1,0.6757
10.823400120373712,106.68551227436063,20,31,1.0,21,41,5,1,0.6452
10.756158554057755,106.66631758181126,30,30,1.0,21,41,5,1,1.0
10.7144382088356,106.73711688366168,26,35,1.0,21,41,5,1,0.7429
10.817236653231737,106.63191539530456,24,35,1.0,21,41,5,1,0.6857
10.772727584493625,106.69804225297564,15,24,0.957995,21,44,5,1,0.625
10.752616652291238,106.72509685338922,39,39,1.0,21,44,5,1,1.0
10.745754766198267,106.65326266831876,42,42,1.0,21,44,5,1,1.0
10.94927106740351,106.87196348224562,31,41,1.0,21,44,5,1,0.7561
10.78866360854368,106.695513722289,36,42,1.0,21,44,5,1,0.8571
10.801406421807084,106.7114844087968,36,42,1.0,21,44,5,1,0.8571
10.843150534972033,106.6151343241409,26,35,1.0,21,44,5,1,0.7429
10.880537767027526,106.81481342866444,53,53,1.0,21,44,5,1,1.0
10.740840166521664,106.61899246873142,34,34,1.0,21,44,5,1,1.0
10.798986343749618,106.7269705664684,45,45,1.0,21,44,5,1,1.0
10.741860769464234,106.73790365482628,45,45,1.0,21,44,5,1,1.0
10.752408891679814,106.7022703818112,26,34,1.0,21,44,5,1,0.7647
10.786216596454729,106.71836665482697,40,40,1.0,21,44,5,1,1.0
10.78948793356203,106.7151883818118,36,36,1.0,21,44,5,1,1.0
10.80223925742187,106.6478722259914,26,41,1.0,21,44,5,1,0.6341
10.813928881466124,106.66511432455972,24,34,0.997679,21,45,5,1,0.7059
10.755608615763382,106.67347943578082,19,28,1.0,21,45,5,1,0.6786
10.782680856341084,106.70051548181168,17,30,1.0,21,45,5,1,0.5667
10.754895139302109,106.67839188181134,21,33,1.0,21,45,5,1,0.6364
10.785070445194592,106.68331340921324,15,27,1.0,21,45,5,1,0.5556
10.7549373008113,106.67848844133415,21,33,1.0,21,45,5,1,0.6364
10.77898143649726,106.67684447140958,25,34,0.997671,21,45,5,1,0.7353
10.7671128283867,106.6927618222887,10,20,1.0,21,45,5,1,0.5
10.77847212665258,106.69389510879644,33,41,1.0,21,45,5,1,0.8049
10.796057790235078,106.67492629345334,23,33,0.997679,21,45,5,1,0.697
10.8352982156415,106.72935479345392,37,42,0.997489,21,45,5,1,0.881
10.777562007197462,106.7041335430398,19,30,1.0,21,46,5,1,0.6333
10.83886351241477,106.67566625482782,25,36,1.0,21,46,5,1,0.6944
10.765187049751797,106.67550552599072,24,35,1.0,21,46,5,1,0.6857
10.75948437198232,106.6840537511244,17,27,1.0,21,46,5,1,0.6296
10.865229381280963,106.72366973948476,37,49,1.0,21,46,5,1,0.7551
10.72279213640514,106.72808623948244,26,37,0.997902,21,46,5,1,0.7027
10.823400120373712,106.68551227436063,32,32,1.0,21,46,5,1,1.0
10.756158554057755,106.66631758181126,25,29,1.0,21,46,5,1,0.8621
10.7144382088356,106.73711688366168,25,34,1.0,21,46,5,1,0.7353
10.817236653231737,106.63191539530456,24,35,1.0,21,46,5,1,0.6857
10.772727584493625,106.69804225297564,13,24,0.940957,21,49,5,1,0.5417
10.752616652291238,106.72509685338922,39,39,1.0,21,49,5,1,1.0
10.745754766198267,106.65326266831876,42,42,1.0,21,49,5,1,1.0
10.94927106740351,106.87196348224562,28,41,1.0,21,49,5,1,0.6829
10.78866360854368,106.695513722289,35,41,1.0,21,49,5,1,0.8537
10.801406421807084,106.7114844087968,35,41,1.0,21,49,5,1,0.8537
10.843150534972033,106.6151343241409,25,35,1.0,21,49,5,1,0.7143
10.880537767027526,106.81481342866444,44,54,1.0,21,49,5,1,0.8148
10.740840166521664,106.61899246873142,34,34,1.0,21,49,5,1,1.0
10.798986343749618,106.7269705664684,45,45,1.0,21,49,5,1,1.0
10.741860769464234,106.73790365482628,45,45,1.0,21,49,5,1,1.0
10.752408891679814,106.7022703818112,25,34,1.0,21,49,5,1,0.7353
10.786216596454729,106.71836665482697,40,40,1.0,21,49,5,1,1.0
10.78948793356203,106.7151883818118,36,36,1.0,21,49,5,1,1.0
10.80223925742187,106.6478722259914,25,41,1.0,21,49,5,1,0.6098
10.813928881466124,106.66511432455972,22,33,0.99791,21,49,5,1,0.6667
10.755608615763382,106.67347943578082,17,27,0.998954,21,49,5,1,0.6296
10.782680856341084,106.70051548181168,18,30,1.0,21,49,5,1,0.6
10.754895139302109,106.67839188181134,21,33,1.0,21,49,5,1,0.6364
10.785070445194592,106.68331340921324,14,27,1.0,21,49,5,1,0.5185
10.7549373008113,106.67848844133415,21,33,1.0,21,49,5,1,0.6364
10.77898143649726,106.67684447140958,25,34,0.991913,21,49,5,1,0.7353
10.7671128283867,106.6927618222887,9,19,1.0,21,49,5,1,0.4737
10.77847212665258,106.69389510879644,33,41,1.0,21,49,5,1,0.8049
10.796057790235078,106.67492629345334,22,34,0.99791,21,49,5,1,0.6471
10.8352982156415,106.72935479345392,42,42,1.0,21,49,5,1,1.0
10.777562007197462,106.7041335430398,18,30,1.0,21,49,5,1,0.6
10.83886351241477,106.67566625482782,25,36,1.0,21,49,5,1,0.6944
10.765187049751797,106.67550552599072,26,36,1.0,21,49,5,1,0.7222
10.75948437198232,106.6840537511244,18,28,1.0,21,49,5,1,0.6429
10.865229381280963,106.72366973948476,39,48,1.0,21,49,5,1,0.8125
10.72279213640514,106.72808623948244,25,37,0.997902,21,49,5,1,0.6757
10.823400120373712,106.68551227436063,25,31,1.0,21,49,5,1,0.8065
10.756158554057755,106.66631758181126,24,28,1.0,21,49,5,1,0.8571
10.7144382088356,106.73711688366168,27,35,1.0,21,50,5,1,0.7714
10.817236653231737,106.63191539530456,25,35,1.0,21,50,5,1,0.7143
10.772727584493625,106.69804225297564,13,24,0.942442,21,52,5,1,0.5417
10.774028664434528,106.70357076461706,12,29,0.92,21,52,5,1,0.4138
10.752616652291238,106.72509685338922,39,39,1.0,21,52,5,1,1.0
10.745754766198267,106.65326266831876,42,42,1.0,21,52,5,1,1.0
10.94927106740351,106.87196348224562,42,42,1.0,21,52,5,1,1.0
10.78866360854368,106.695513722289,36,41,1.0,21,52,5,1,0.878
10.801406421807084,106.7114844087968,36,41,1.0,21,52,5,1,0.878
10.843150534972033,106.6151343241409,24,35,1.0,21,52,5,1,0.6857
10.880537767027526,106.81481342866444,47,53,1.0,21,52,5,1,0.8868
10.740840166521664,106.61899246873142,34,34,1.0,21,52,5,1,1.0
10.798986343749618,106.7269705664684,36,45,1.0,21,53,5,1,0.8
10.741860769464234,106.73790365482628,45,45,1.0,21,53,5,1,1.0
10.752408891679814,106.7022703818112,25,34,1.0,21,53,5,1,0.7353
10.786216596454729,106.71836665482697,40,40,1.0,21,53,5,1,1.0
10.78948793356203,106.7151883818118,36,36,1.0,21,53,5,1,1.0
10.80223925742187,106.6478722259914,27,41,1.0,21,53,5,1,0.6585
10.813928881466124,106.66511432455972,23,33,0.998531,21,53,5,1,0.697
10.755608615763382,106.67347943578082,17,27,1.0,21,53,5,1,0.6296
10.782680856341084,106.70051548181168,18,30,1.0,21,53,5,1,0.6
10.754895139302109,106.67839188181134,22,33,1.0,21,53,5,1,0.6667
10.785070445194592,106.68331340921324,20,27,1.0,21,53,5,1,0.7407
10.7549373008113,106.67848844133415,22,32,1.0,21,53,5,1,0.6875
10.77898143649726,106.67684447140958,25,34,0.993143,21,53,5,1,0.7353
10.7671128283867,106.6927618222887,9,19,1.0,21,53,5,1,0.4737
10.77847212665258,106.69389510879644,32,41,1.0,21,53,5,1,0.7805
10.796057790235078,106.67492629345334,24,34,0.998246,21,53,5,1,0.7059
10.8352982156415,106.72935479345392,35,42,0.997256,21,53,5,1,0.8333
10.777562007197462,106.7041335430398,17,30,1.0,21,53,5,1,0.5667
10.83886351241477,106.67566625482782,26,35,1.0,21,53,5,1,0.7429
10.765187049751797,106.67550552599072,28,35,1.0,21,53,5,1,0.8
10.75948437198232,106.6840537511244,16,27,1.0,21,53,5,1,0.5926
10.865229381280963,106.72366973948476,40,49,1.0,21,53,5,1,0.8163
10.72279213640514,106.72808623948244,26,37,0.997203,21,53,5,1,0.7027
10.823400120373712,106.68551227436063,19,31,1.0,21,53,5,1,0.6129
10.756158554057755,106.66631758181126,30,30,1.0,21,53,5,1,1.0
10.7144382088356,106.73711688366168,26,35,1.0,21,53,5,1,0.7429
10.817236653231737,106.63191539530456,24,35,1.0,21,53,5,1,0.6857
10.772727584493625,106.69804225297564,12,23,0.940347,21,56,5,1,0.5217
10.774028664434528,106.70357076461706,10,29,0.93746,21,56,5,1,0.3448
10.752616652291238,106.72509685338922,39,39,1.0,21,56,5,1,1.0
10.745754766198267,106.65326266831876,42,42,1.0,21,56,5,1,1.0
10.94927106740351,106.87196348224562,42,42,1.0,21,56,5,1,1.0
10.78866360854368,106.695513722289,35,41,1.0,21,56,5,1,0.8537
10.801406421807084,106.7114844087968,35,41,1.0,21,56,5,1,0.8537
10.843150534972033,106.6151343241409,25,35,1.0,21,56,5,1,0.7143
10.880537767027526,106.81481342866444,48,53,1.0,21,56,5,1,0.9057
10.740840166521664,106.61899246873142,34,34,1.0,21,56,5,1,1.0
10.798986343749618,106.7269705664684,45,45,1.0,21,57,5,1,1.0
10.741860769464234,106.73790365482628,45,45,1.0,21,57,5,1,1.0
10.752408891679814,106.7022703818112,26,34,1.0,21,57,5,1,0.7647
10.786216596454729,106.71836665482697,33,39,1.0,21,57,5,1,0.8462
10.78948793356203,106.7151883818118,36,36,1.0,21,57,5,1,1.0
10.80223925742187,106.6478722259914,28,41,1.0,21,57,5,1,0.6829
10.813928881466124,106.66511432455972,24,34,0.997916,21,57,5,1,0.7059
10.755608615763382,106.67347943578082,17,27,1.0,21,57,5,1,0.6296
10.782680856341084,106.70051548181168,18,30,1.0,21,57,5,1,0.6
10.754895139302109,106.67839188181134,22,32,1.0,21,57,5,1,0.6875
10.785070445194592,106.68331340921324,16,27,1.0,21,57,5,1,0.5926
10.7549373008113,106.67848844133415,23,32,1.0,21,57,5,1,0.7188
10.77898143649726,106.67684447140958,26,34,0.993667,21,57,5,1,0.7647
10.7671128283867,106.6927618222887,7,21,1.0,21,57,5,1,0.3333
10.77847212665258,106.69389510879644,33,41,1.0,21,58,5,1,0.8049
10.796057790235078,106.67492629345334,25,34,0.997916,21,58,5,1,0.7353
10.8352982156415,106.72935479345392,36,42,0.997084,21,58,5,1,0.8571
10.777562007197462,106.7041335430398,18,30,1.0,21,58,5,1,0.6
10.83886351241477,106.67566625482782,25,36,1.0,21,58,5,1,0.6944
10.765187049751797,106.67550552599072,27,35,1.0,21,58,5,1,0.7714
10.75948437198232,106.6840537511244,17,27,1.0,21,58,5,1,0.6296
10.865229381280963,106.72366973948476,49,49,1.0,21,58,5,1,1.0
10.72279213640514,106.72808623948244,27,37,0.995799,21,58,5,1,0.7297
10.823400120373712,106.68551227436063,24,31,1.0,21,58,5,1,0.7742
10.756158554057755,106.66631758181126,25,29,1.0,21,58,5,1,0.8621
10.7144382088356,106.73711688366168,26,35,1.0,21,58,5,1,0.7429
10.817236653231737,106.63191539530456,27,34,1.0,21,58,5,1,0.7941
10.772727584493625,106.69804225297564,11,23,0.943318,22,1,5,1,0.4783
10.774028664434528,106.70357076461706,13,27,0.974819,22,1,5,1,0.4815
10.752616652291238,106.72509685338922,39,42,1.0,22,1,5,1,0.9286
10.745754766198267,106.65326266831876,36,43,0.999762,22,1,5,1,0.8372
10.94927106740351,106.87196348224562,34,42,1.0,22,1,5,1,0.8095
10.78866360854368,106.695513722289,36,42,1.0,22,1,5,1,0.8571
10.801406421807084,106.7114844087968,42,42,1.0,22,1,5,1,1.0
10.843150534972033,106.6151343241409,25,35,1.0,22,1,5,1,0.7143
10.880537767027526,106.81481342866444,53,53,1.0,22,1,5,1,1.0
10.740840166521664,106.61899246873142,34,34,1.0,22,1,5,1,1.0
10.798986343749618,106.7269705664684,45,45,1.0,22,1,5,1,1.0
10.741860769464234,106.73790365482628,45,45,1.0,22,1,5,1,1.0
10.752408891679814,106.7022703818112,27,33,1.0,22,1,5,1,0.8182
10.786216596454729,106.71836665482697,32,40,1.0,22,1,5,1,0.8
10.78948793356203,106.7151883818118,36,36,1.0,22,1,5,1,1.0
10.80223925742187,106.6478722259914,29,41,1.0,22,1,5,1,0.7073
10.813928881466124,106.66511432455972,23,33,0.997914,22,1,5,1,0.697
10.755608615763382,106.67347943578082,17,27,1.0,22,1,5,1,0.6296
10.782680856341084,106.70051548181168,17,30,1.0,22,1,5,1,0.5667
10.754895139302109,106.67839188181134,24,32,1.0,22,1,5,1,0.75
10.785070445194592,106.68331340921324,16,27,1.0,22,1,5,1,0.5926
10.7549373008113,106.67848844133415,24,32,1.0,22,1,5,1,0.75
10.77898143649726,106.67684447140958,24,34,0.992146,22,1,5,1,0.7059
10.7671128283867,106.6927618222887,9,20,1.0,22,1,5,1,0.45
10.77847212665258,106.69389510879644,33,41,1.0,22,1,5,1,0.8049
10.796057790235078,106.67492629345334,22,34,0.996737,22,2,5,1,0.6471
10.8352982156415,106.72935479345392,36,42,0.996948,22,2,5,1,0.8571
10.777562007197462,106.7041335430398,18,30,1.0,22,2,5,1,0.6
10.83886351241477,106.67566625482782,27,36,1.0,22,2,5,1,0.75
10.765187049751797,106.67550552599072,26,35,1.0,22,2,5,1,0.7429
10.75948437198232,106.6840537511244,17,28,1.0,22,2,5,1,0.6071
10.865229381280963,106.72366973948476,40,49,1.0,22,2,5,1,0.8163
10.72279213640514,106.72808623948244,27,37,0.996503,22,2,5,1,0.7297
10.823400120373712,106.68551227436063,24,31,1.0,22,2,5,1,0.7742
10.756158554057755,106.66631758181126,23,29,1.0,22,2,5,1,0.7931
10.7144382088356,106.73711688366168,26,35,1.0,22,2,5,1,0.7429
10.817236653231737,106.63191539530456,26,35,1.0,22,2,5,1,0.7429
10.772727584493625,106.69804225297564,10,22,0.958121,22,4,5,1,0.4545
10.774028664434528,106.70357076461706,13,27,0.984819,22,4,5,1,0.4815
10.752616652291238,106.72509685338922,39,39,1.0,22,4,5,1,1.0
10.745754766198267,106.65326266831876,42,42,1.0,22,4,5,1,1.0
10.94927106740351,106.87196348224562,42,42,1.0,22,4,5,1,1.0
10.78866360854368,106.695513722289,36,42,1.0,22,4,5,1,0.8571
10.801406421807084,106.7114844087968,36,42,1.0,22,4,5,1,0.8571
10.843150534972033,106.6151343241409,24,34,1.0,22,4,5,1,0.7059
10.880537767027526,106.81481342866444,53,53,1.0,22,4,5,1,1.0
10.740840166521664,106.61899246873142,34,34,1.0,22,4,5,1,1.0
10.798986343749618,106.7269705664684,36,44,1.0,22,4,5,1,0.8182
10.741860769464234,106.73790365482628,45,45,1.0,22,4,5,1,1.0
10.752408891679814,106.7022703818112,25,34,1.0,22,4,5,1,0.7353
10.786216596454729,106.71836665482697,34,40,1.0,22,4,5,1,0.85
10.78948793356203,106.7151883818118,36,36,1.0,22,4,5,1,1.0
10.80223925742187,106.6478722259914,29,41,1.0,22,4,5,1,0.7073
10.813928881466124,106.66511432455972,26,33,0.99768,22,4,5,1,0.7879
10.755608615763382,106.67347943578082,16,27,0.998954,22,4,5,1,0.5926
10.782680856341084,106.70051548181168,18,30,1.0,22,4,5,1,0.6
10.754895139302109,106.67839188181134,23,33,1.0,22,4,5,1,0.697
10.785070445194592,106.68331340921324,16,27,1.0,22,4,5,1,0.5926
10.7549373008113,106.67848844133415,23,33,1.0,22,5,5,1,0.697
10.77898143649726,106.67684447140958,24,34,0.992146,22,5,5,1,0.7059
10.7671128283867,106.6927618222887,10,19,1.0,22,5,5,1,0.5263
10.77847212665258,106.69389510879644,33,41,1.0,22,5,5,1,0.8049
10.796057790235078,106.67492629345334,26,33,0.99768,22,5,5,1,0.7879
10.8352982156415,106.72935479345392,34,42,0.997126,22,5,5,1,0.8095
10.777562007197462,106.7041335430398,18,30,1.0,22,5,5,1,0.6
10.83886351241477,106.67566625482782,26,36,1.0,22,5,5,1,0.7222
10.765187049751797,106.67550552599072,36,36,1.0,22,5,5,1,1.0
10.75948437198232,106.6840537511244,16,27,1.0,22,5,5,1,0.5926
10.865229381280963,106.72366973948476,40,48,1.0,22,5,5,1,0.8333
10.72279213640514,106.72808623948244,27,37,0.995804,22,5,5,1,0.7297
10.823400120373712,106.68551227436063,21,32,1.0,22,5,5,1,0.6562
10.756158554057755,106.66631758181126,20,30,1.0,22,5,5,1,0.6667
10.7144382088356,106.73711688366168,26,35,1.0,22,5,5,1,0.7429
10.817236653231737,106.63191539530456,25,35,1.0,22,5,5,1,0.7143
10.772727584493625,106.69804225297564,10,22,0.964462,22,7,5,1,0.4545
10.774028664434528,106.70357076461706,12,28,0.984819,22,7,5,1,0.4286
10.752616652291238,106.72509685338922,39,39,1.0,22,7,5,1,1.0
10.745754766198267,106.65326266831876,42,42,1.0,22,7,5,1,1.0
10.94927106740351,106.87196348224562,34,41,1.0,22,7,5,1,0.8293
10.78866360854368,106.695513722289,42,42,1.0,22,7,5,1,1.0
10.801406421807084,106.7114844087968,42,42,1.0,22,8,5,1,1.0
10.843150534972033,106.6151343241409,25,34,1.0,22,8,5,1,0.7353
10.880537767027526,106.81481342866444,53,53,1.0,22,8,5,1,1.0
10.740840166521664,106.61899246873142,34,34,1.0,22,8,5,1,1.0
10.798986343749618,106.7269705664684,45,45,1.0,22,8,5,1,1.0
10.741860769464234,106.73790365482628,45,45,1.0,22,8,5,1,1.0
10.752408891679814,106.7022703818112,26,34,1.0,22,8,5,1,0.7647
10.786216596454729,106.71836665482697,34,40,1.0,22,8,5,1,0.85
10.78948793356203,106.7151883818118,36,36,1.0,22,8,5,1,1.0
10.80223925742187,106.6478722259914,30,40,1.0,22,8,5,1,0.75
10.813928881466124,106.66511432455972,24,34,0.997916,22,8,5,1,0.7059
10.755608615763382,106.67347943578082,16,27,1.0,22,8,5,1,0.5926
10.782680856341084,106.70051548181168,17,30,1.0,22,8,5,1,0.5667
10.754895139302109,106.67839188181134,24,33,1.0,22,8,5,1,0.7273
10.785070445194592,106.68331340921324,17,27,1.0,22,8,5,1,0.6296
10.7549373008113,106.67848844133415,24,33,1.0,22,8,5,1,0.7273
10.77898143649726,106.67684447140958,23,34,0.992146,22,8,5,1,0.6765
10.7671128283867,106.6927618222887,7,20,1.0,22,8,5,1,0.35
10.77847212665258,106.69389510879644,33,41,1.0,22,8,5,1,0.8049
10.796057790235078,106.67492629345334,24,34,0.997916,22,8,5,1,0.7059
10.8352982156415,106.72935479345392,35,42,0.996771,22,8,5,1,0.8333
10.777562007197462,106.7041335430398,17,30,1.0,22,8,5,1,0.5667
10.83886351241477,106.67566625482782,27,35,1.0,22,8,5,1,0.7714
10.765187049751797,106.67550552599072,27,35,1.0,22,8,5,1,0.7714
10.75948437198232,106.6840537511244,16,27,1.0,22,8,5,1,0.5926
10.865229381280963,106.72366973948476,39,49,1.0,22,8,5,1,0.7959
10.72279213640514,106.72808623948244,25,36,0.994406,22,8,5,1,0.6944
10.823400120373712,106.68551227436063,23,32,1.0,22,8,5,1,0.7188
10.756158554057755,106.66631758181126,30,30,1.0,22,8,5,1,1.0
10.7144382088356,106.73711688366168,26,35,1.0,22,8,5,1,0.7429
10.817236653231737,106.63191539530456,25,34,1.0,22,8,5,1,0.7353
10.772727584493625,106.69804225297564,11,23,0.96573,22,11,5,1,0.4783
10.774028664434528,106.70357076461706,13,27,0.996882,22,11,5,1,0.4815
10.752616652291238,106.72509685338922,39,39,1.0,22,11,5,1,1.0
10.745754766198267,106.65326266831876,42,42,1.0,22,11,5,1,1.0
10.94927106740351,106.87196348224562,34,41,1.0,22,11,5,1,0.8293
10.78866360854368,106.695513722289,36,42,1.0,22,11,5,1,0.8571
10.801406421807084,106.7114844087968,36,42,1.0,22,11,5,1,0.8571
10.843150534972033,106.6151343241409,25,35,1.0,22,11,5,1,0.7143
10.880537767027526,106.81481342866444,53,53,1.0,22,11,5,1,1.0
10.740840166521664,106.61899246873142,34,34,1.0,22,11,5,1,1.0
10.798986343749618,106.7269705664684,45,45,1.0,22,11,5,1,1.0
10.741860769464234,106.73790365482628,45,45,1.0,22,11,5,1,1.0
10.752408891679814,106.7022703818112,25,34,1.0,22,11,5,1,0.7353
10.786216596454729,106.71836665482697,40,40,1.0,22,11,5,1,1.0
10.78948793356203,106.7151883818118,29,36,1.0,22,11,5,1,0.8056
10.80223925742187,106.6478722259914,28,40,1.0,22,11,5,1,0.7
10.813928881466124,106.66511432455972,24,34,0.999057,22,12,5,1,0.7059
10.755608615763382,106.67347943578082,19,28,1.0,22,12,5,1,0.6786
10.782680856341084,106.70051548181168,17,30,1.0,22,12,5,1,0.5667
10.754895139302109,106.67839188181134,21,32,1.0,22,12,5,1,0.6562
10.785070445194592,106.68331340921324,20,27,1.0,22,12,5,1,0.7407
10.7549373008113,106.67848844133415,21,32,1.0,22,12,5,1,0.6562
10.77898143649726,106.67684447140958,23,34,0.992146,22,12,5,1,0.6765
10.7671128283867,106.6927618222887,9,20,1.0,22,12,5,1,0.45
10.77847212665258,106.69389510879644,32,41,1.0,22,12,5,1,0.7805
10.796057790235078,106.67492629345334,24,34,0.999244,22,12,5,1,0.7059
10.8352982156415,106.72935479345392,35,42,0.996581,22,12,5,1,0.8333
10.777562007197462,106.7041335430398,17,30,1.0,22,12,5,1,0.5667
10.83886351241477,106.67566625482782,28,36,1.0,22,12,5,1,0.7778
10.765187049751797,106.67550552599072,27,36,1.0,22,12,5,1,0.75
10.75948437198232,106.6840537511244,19,28,1.0,22,12,5,1,0.6786
10.865229381280963,106.72366973948476,40,49,1.0,22,12,5,1,0.8163
10.72279213640514,106.72808623948244,27,37,0.995613,22,12,5,1,0.7297
10.823400120373712,106.68551227436063,25,31,1.0,22,12,5,1,0.8065
10.756158554057755,106.66631758181126,22,29,1.0,22,12,5,1,0.7586
10.7144382088356,106.73711688366168,25,35,1.0,22,12,5,1,0.7143
10.817236653231737,106.63191539530456,24,35,1.0,22,12,5,1,0.6857
10.772727584493625,106.69804225297564,12,23,0.966365,22,14,5,1,0.5217
10.774028664434528,106.70357076461706,13,28,1.0,22,14,5,1,0.4643
10.752616652291238,106.72509685338922,39,39,1.0,22,14,5,1,1.0
10.745754766198267,106.65326266831876,42,42,1.0,22,14,5,1,1.0
10.94927106740351,106.87196348224562,29,41,1.0,22,14,5,1,0.7073
10.78866360854368,106.695513722289,36,42,1.0,22,14,5,1,0.8571
10.801406421807084,106.7114844087968,36,42,1.0,22,14,5,1,0.8571
10.843150534972033,106.6151343241409,26,35,1.0,22,14,5,1,0.7429
10.880537767027526,106.81481342866444,53,53,1.0,22,14,5,1,1.0
10.740840166521664,106.61899246873142,34,34,1.0,22,14,5,1,1.0
10.798986343749618,106.7269705664684,45,45,1.0,22,15,5,1,1.0
10.741860769464234,106.73790365482628,45,45,1.0,22,15,5,1,1.0
10.752408891679814,106.7022703818112,23,34,1.0,22,15,5,1,0.6765
10.786216596454729,106.71836665482697,34,40,1.0,22,15,5,1,0.85
10.78948793356203,106.7151883818118,36,36,1.0,22,15,5,1,1.0
10.80223925742187,106.6478722259914,28,40,1.0,22,15,5,1,0.7
10.813928881466124,106.66511432455972,26,33,0.998955,22,15,5,1,0.7879
10.755608615763382,106.67347943578082,19,28,1.0,22,15,5,1,0.6786
10.782680856341084,106.70051548181168,18,31,1.0,22,15,5,1,0.5806
10.754895139302109,106.67839188181134,22,32,1.0,22,15,5,1,0.6875
10.785070445194592,106.68331340921324,17,26,1.0,22,15,5,1,0.6538
10.7549373008113,106.67848844133415,22,32,1.0,22,15,5,1,0.6875
10.77898143649726,106.67684447140958,22,34,0.992146,22,15,5,1,0.6471
10.7671128283867,106.6927618222887,8,19,1.0,22,15,5,1,0.4211
10.77847212665258,106.69389510879644,33,42,1.0,22,15,5,1,0.7857
10.796057790235078,106.67492629345334,26,34,0.999242,22,15,5,1,0.7647
10.8352982156415,106.72935479345392,35,42,0.996246,22,15,5,1,0.8333
10.777562007197462,106.7041335430398,18,30,1.0,22,15,5,1,0.6
10.83886351241477,106.67566625482782,26,36,1.0,22,15,5,1,0.7222
10.765187049751797,106.67550552599072,26,35,1.0,22,15,5,1,0.7429
10.75948437198232,106.6840537511244,20,27,1.0,22,15,5,1,0.7407
10.865229381280963,106.72366973948476,40,49,1.0,22,16,5,1,0.8163
10.72279213640514,106.72808623948244,28,37,0.997414,22,16,5,1,0.7568
10.823400120373712,106.68551227436063,22,31,1.0,22,16,5,1,0.7097
10.756158554057755,106.66631758181126,24,29,1.0,22,16,5,1,0.8276
10.7144382088356,106.73711688366168,26,35,1.0,22,16,5,1,0.7429
10.817236653231737,106.63191539530456,26,35,1.0,22,16,5,1,0.7429
10.772727584493625,106.69804225297564,11,23,0.966999,22,18,5,1,0.4783
10.774028664434528,106.70357076461706,14,29,1.0,22,18,5,1,0.4828
10.752616652291238,106.72509685338922,39,39,1.0,22,18,5,1,1.0
10.745754766198267,106.65326266831876,42,42,1.0,22,18,5,1,1.0
10.94927106740351,106.87196348224562,30,41,1.0,22,18,5,1,0.7317
10.78866360854368,106.695513722289,42,42,1.0,22,18,5,1,1.0
10.801406421807084,106.7114844087968,42,42,1.0,22,18,5,1,1.0
10.843150534972033,106.6151343241409,26,35,1.0,22,18,5,1,0.7429
10.880537767027526,106.81481342866444,53,53,1.0,22,18,5,1,1.0
10.740840166521664,106.61899246873142,28,35,1.0,22,18,5,1,0.8
10.798986343749618,106.7269705664684,45,45,1.0,22,18,5,1,1.0
10.741860769464234,106.73790365482628,45,45,1.0,22,18,5,1,1.0
10.752408891679814,106.7022703818112,25,34,1.0,22,19,5,1,0.7353
10.786216596454729,106.71836665482697,40,40,1.0,22,19,5,1,1.0
10.78948793356203,106.7151883818118,36,36,1.0,22,19,5,1,1.0
10.80223925742187,106.6478722259914,31,40,1.0,22,19,5,1,0.775
10.813928881466124,106.66511432455972,27,33,1.0,22,19,5,1,0.8182
10.755608615763382,106.67347943578082,19,28,1.0,22,19,5,1,0.6786
10.782680856341084,106.70051548181168,19,30,1.0,22,19,5,1,0.6333
10.754895139302109,106.67839188181134,21,32,1.0,22,19,5,1,0.6562
10.785070445194592,106.68331340921324,18,26,1.0,22,19,5,1,0.6923
10.7549373008113,106.67848844133415,21,32,1.0,22,19,5,1,0.6562
10.77898143649726,106.67684447140958,23,34,0.992146,22,19,5,1,0.6765
10.7671128283867,106.6927618222887,6,19,1.0,22,19,5,1,0.3158
10.77847212665258,106.69389510879644,33,41,1.0,22,19,5,1,0.8049
10.796057790235078,106.67492629345334,27,33,1.0,22,19,5,1,0.8182
10.8352982156415,106.72935479345392,35,42,0.996061,22,19,5,1,0.8333
10.777562007197462,106.7041335430398,19,30,1.0,22,19,5,1,0.6333
10.83886351241477,106.67566625482782,26,36,1.0,22,19,5,1,0.7222
10.765187049751797,106.67550552599072,25,36,1.0,22,19,5,1,0.6944
10.75948437198232,106.6840537511244,19,27,1.0,22,19,5,1,0.7037
10.865229381280963,106.72366973948476,49,49,1.0,22,19,5,1,1.0
10.72279213640514,106.72808623948244,28,37,0.995795,22,19,5,1,0.7568
10.823400120373712,106.68551227436063,24,32,1.0,22,19,5,1,0.75
10.756158554057755,106.66631758181126,22,30,1.0,22,19,5,1,0.7333
10.7144382088356,106.73711688366168,26,35,1.0,22,19,5,1,0.7429
10.817236653231737,106.63191539530456,26,35,1.0,22,19,5,1,0.7429
10.772727584493625,106.69804225297564,10,23,0.967633,22,21,5,1,0.4348
10.774028664434528,106.70357076461706,17,28,1.0,22,22,5,1,0.6071
10.752616652291238,106.72509685338922,39,39,1.0,22,22,5,1,1.0
10.745754766198267,106.65326266831876,42,42,1.0,22,22,5,1,1.0
10.94927106740351,106.87196348224562,29,41,1.0,22,22,5,1,0.7073
10.78866360854368,106.695513722289,42,42,1.0,22,22,5,1,1.0
10.801406421807084,106.7114844087968,42,42,1.0,22,22,5,1,1.0
10.843150534972033,106.6151343241409,26,35,1.0,22,22,5,1,0.7429
10.880537767027526,106.81481342866444,53,53,1.0,22,22,5,1,1.0
10.740840166521664,106.61899246873142,34,34,1.0,22,22,5,1,1.0
10.798986343749618,106.7269705664684,36,45,1.0,22,22,5,1,0.8
10.741860769464234,106.73790365482628,45,45,1.0,22,22,5,1,1.0
10.752408891679814,106.7022703818112,24,33,1.0,22,22,5,1,0.7273
10.786216596454729,106.71836665482697,40,40,1.0,22,22,5,1,1.0
10.78948793356203,106.7151883818118,36,36,1.0,22,22,5,1,1.0
10.80223925742187,106.6478722259914,28,41,1.0,22,22,5,1,0.6829
10.813928881466124,106.66511432455972,26,33,1.0,22,22,5,1,0.7879
10.755608615763382,106.67347943578082,18,27,1.0,22,22,5,1,0.6667
10.782680856341084,106.70051548181168,18,30,1.0,22,22,5,1,0.6
10.754895139302109,106.67839188181134,23,33,1.0,22,22,5,1,0.697
10.785070445194592,106.68331340921324,14,27,1.0,22,22,5,1,0.5185
10.7549373008113,106.67848844133415,23,33,1.0,22,22,5,1,0.697
10.77898143649726,106.67684447140958,24,34,0.992146,22,22,5,1,0.7059
10.7671128283867,106.6927618222887,8,20,1.0,22,22,5,1,0.4
10.77847212665258,106.69389510879644,33,42,1.0,22,22,5,1,0.7857
10.796057790235078,106.67492629345334,26,34,1.0,22,22,5,1,0.7647
10.8352982156415,106.72935479345392,35,42,0.996717,22,22,5,1,0.8333
10.777562007197462,106.7041335430398,18,30,1.0,22,22,5,1,0.6
10.83886351241477,106.67566625482782,26,36,1.0,22,22,5,1,0.7222
10.765187049751797,106.67550552599072,26,36,1.0,22,22,5,1,0.7222
10.75948437198232,106.6840537511244,18,27,1.0,22,22,5,1,0.6667
10.865229381280963,106.72366973948476,40,49,1.0,22,22,5,1,0.8163
10.72279213640514,106.72808623948244,28,37,0.996519,22,23,5,1,0.7568
10.823400120373712,106.68551227436063,24,32,1.0,22,23,5,1,0.75
10.756158554057755,106.66631758181126,30,30,1.0,22,23,5,1,1.0
10.7144382088356,106.73711688366168,26,35,1.0,22,23,5,1,0.7429
10.817236653231737,106.63191539530456,25,35,1.0,22,23,5,1,0.7143
10.772727584493625,106.69804225297564,11,24,0.998765,22,25,5,1,0.4583
10.774028664434528,106.70357076461706,13,29,1.0,22,25,5,1,0.4483
10.752616652291238,106.72509685338922,39,39,1.0,22,25,5,1,1.0
10.745754766198267,106.65326266831876,42,42,1.0,22,25,5,1,1.0
10.94927106740351,106.87196348224562,27,41,1.0,22,25,5,1,0.6585
10.78866360854368,106.695513722289,37,42,1.0,22,25,5,1,0.881
10.801406421807084,106.7114844087968,37,42,1.0,22,25,5,1,0.881
10.843150534972033,106.6151343241409,26,35,1.0,22,25,5,1,0.7429
10.880537767027526,106.81481342866444,53,53,1.0,22,25,5,1,1.0
10.740840166521664,106.61899246873142,34,34,1.0,22,25,5,1,1.0
10.798986343749618,106.7269705664684,36,45,1.0,22,25,5,1,0.8
10.741860769464234,106.73790365482628,45,45,1.0,22,25,5,1,1.0
10.752408891679814,106.7022703818112,26,33,1.0,22,25,5,1,0.7879
10.786216596454729,106.71836665482697,40,40,1.0,22,25,5,1,1.0
10.78948793356203,106.7151883818118,36,36,1.0,22,26,5,1,1.0
10.80223925742187,106.6478722259914,29,41,1.0,22,26,5,1,0.7073
10.813928881466124,106.66511432455972,25,33,1.0,22,26,5,1,0.7576
10.755608615763382,106.67347943578082,16,27,1.0,22,26,5,1,0.5926
10.782680856341084,106.70051548181168,19,30,1.0,22,26,5,1,0.6333
10.754895139302109,106.67839188181134,23,32,1.0,22,26,5,1,0.7188
10.785070445194592,106.68331340921324,20,28,1.0,22,26,5,1,0.7143
10.7549373008113,106.67848844133415,23,32,1.0,22,26,5,1,0.7188
10.77898143649726,106.67684447140958,22,34,0.992146,22,26,5,1,0.6471
10.7671128283867,106.6927618222887,9,19,1.0,22,26,5,1,0.4737
10.77847212665258,106.69389510879644,33,41,1.0,22,27,5,1,0.8049
10.796057790235078,106.67492629345334,26,34,1.0,22,27,5,1,0.7647
10.8352982156415,106.72935479345392,35,42,0.996717,22,27,5,1,0.8333
10.777562007197462,106.7041335430398,19,30,1.0,22,27,5,1,0.6333
10.83886351241477,106.67566625482782,27,36,1.0,22,27,5,1,0.75
10.765187049751797,106.67550552599072,29,36,1.0,22,27,5,1,0.8056
10.75948437198232,106.6840537511244,17,27,0.998954,22,27,5,1,0.6296
10.865229381280963,106.72366973948476,39,49,1.0,22,27,5,1,0.7959
10.72279213640514,106.72808623948244,28,36,1.0,22,27,5,1,0.7778
10.823400120373712,106.68551227436063,22,32,1.0,22,27,5,1,0.6875
10.756158554057755,106.66631758181126,22,30,1.0,22,27,5,1,0.7333
10.7144382088356,106.73711688366168,27,35,1.0,22,27,5,1,0.7714
10.817236653231737,106.63191539530456,27,35,1.0,22,27,5,1,0.7714
10.772727584493625,106.69804225297564,10,24,0.998765,22,29,5,1,0.4167
10.774028664434528,106.70357076461706,8,27,1.0,22,29,5,1,0.2963
10.752616652291238,106.72509685338922,39,39,1.0,22,29,5,1,1.0
10.745754766198267,106.65326266831876,42,42,1.0,22,29,5,1,1.0
10.94927106740351,106.87196348224562,42,42,1.0,22,29,5,1,1.0
10.78866360854368,106.695513722289,36,42,1.0,22,29,5,1,0.8571
10.801406421807084,106.7114844087968,36,42,1.0,22,29,5,1,0.8571
10.843150534972033,106.6151343241409,26,35,1.0,22,29,5,1,0.7429
10.880537767027526,106.81481342866444,53,53,1.0,22,29,5,1,1.0
10.740840166521664,106.61899246873142,34,34,1.0,22,29,5,1,1.0
10.798986343749618,106.7269705664684,45,45,1.0,22,29,5,1,1.0
10.741860769464234,106.73790365482628,45,45,1.0,22,29,5,1,1.0
10.752408891679814,106.7022703818112,26,33,1.0,22,29,5,1,0.7879
10.786216596454729,106.71836665482697,40,40,1.0,22,30,5,1,1.0
10.78948793356203,106.7151883818118,27,35,1.0,22,30,5,1,0.7714
10.80223925742187,106.6478722259914,30,41,1.0,22,30,5,1,0.7317
10.813928881466124,106.66511432455972,25,33,1.0,22,30,5,1,0.7576
10.755608615763382,106.67347943578082,19,28,1.0,22,30,5,1,0.6786
10.782680856341084,106.70051548181168,18,30,1.0,22,30,5,1,0.6
10.754895139302109,106.67839188181134,23,32,1.0,22,30,5,1,0.7188
10.785070445194592,106.68331340921324,18,27,1.0,22,30,5,1,0.6667
10.7549373008113,106.67848844133415,23,32,1.0,22,30,5,1,0.7188
10.77898143649726,106.67684447140958,24,34,0.992146,22,30,5,1,0.7059
10.7671128283867,106.6927618222887,8,20,1.0,22,31,5,1,0.4
10.77847212665258,106.69389510879644,33,41,1.0,22,31,5,1,0.8049
10.796057790235078,106.67492629345334,26,34,0.997416,22,31,5,1,0.7647
10.8352982156415,106.72935479345392,34,42,0.99689,22,31,5,1,0.8095
10.777562007197462,106.7041335430398,19,30,1.0,22,31,5,1,0.6333
10.83886351241477,106.67566625482782,27,36,1.0,22,32,5,1,0.75
10.765187049751797,106.67550552599072,27,36,1.0,22,32,5,1,0.75
10.75948437198232,106.6840537511244,19,26,1.0,22,32,5,1,0.7308
10.865229381280963,106.72366973948476,40,49,1.0,22,32,5,1,0.8163
10.72279213640514,106.72808623948244,29,37,0.997702,22,32,5,1,0.7838
10.823400120373712,106.68551227436063,21,32,1.0,22,32,5,1,0.6562
10.756158554057755,106.66631758181126,30,30,1.0,22,32,5,1,1.0
10.7144382088356,106.73711688366168,26,35,1.0,22,32,5,1,0.7429
10.817236653231737,106.63191539530456,27,35,1.0,22,32,5,1,0.7714
10.772727584493625,106.69804225297564,12,25,0.998765,22,34,5,1,0.48
10.774028664434528,106.70357076461706,10,28,1.0,22,34,5,1,0.3571
10.752616652291238,106.72509685338922,39,39,1.0,22,34,5,1,1.0
10.745754766198267,106.65326266831876,42,42,1.0,22,34,5,1,1.0
10.94927106740351,106.87196348224562,42,42,1.0,22,34,5,1,1.0
10.78866360854368,106.695513722289,42,42,1.0,22,34,5,1,1.0
10.801406421807084,106.7114844087968,42,42,1.0,22,34,5,1,1.0
10.843150534972033,106.6151343241409,26,34,1.0,22,34,5,1,0.7647
10.880537767027526,106.81481342866444,53,53,1.0,22,34,5,1,1.0
10.740840166521664,106.61899246873142,34,34,1.0,22,35,5,1,1.0
10.798986343749618,106.7269705664684,45,45,1.0,22,35,5,1,1.0
10.741860769464234,106.73790365482628,45,45,1.0,22,35,5,1,1.0
10.752408891679814,106.7022703818112,33,33,1.0,22,35,5,1,1.0
10.786216596454729,106.71836665482697,40,40,1.0,22,35,5,1,1.0
10.78948793356203,106.7151883818118,36,36,1.0,22,35,5,1,1.0
10.80223925742187,106.6478722259914,28,40,1.0,22,35,5,1,0.7
10.813928881466124,106.66511432455972,25,33,0.997915,22,35,5,1,0.7576
10.755608615763382,106.67347943578082,18,28,1.0,22,35,5,1,0.6429
10.782680856341084,106.70051548181168,20,31,1.0,22,35,5,1,0.6452
10.754895139302109,106.67839188181134,25,33,1.0,22,35,5,1,0.7576
10.785070445194592,106.68331340921324,22,28,1.0,22,35,5,1,0.7857
10.7549373008113,106.67848844133415,24,32,1.0,22,35,5,1,0.75
10.77898143649726,106.67684447140958,24,33,0.992146,22,35,5,1,0.7273
10.7671128283867,106.6927618222887,11,20,1.0,22,35,5,1,0.55
10.77847212665258,106.69389510879644,33,41,1.0,22,35,5,1,0.8049
10.796057790235078,106.67492629345334,25,33,0.998669,22,35,5,1,0.7576
10.8352982156415,106.72935479345392,35,42,0.995938,22,35,5,1,0.8333
10.777562007197462,106.7041335430398,20,30,1.0,22,35,5,1,0.6667
10.83886351241477,106.67566625482782,27,36,1.0,22,35,5,1,0.75
10.765187049751797,106.67550552599072,28,35,1.0,22,35,5,1,0.8
10.75948437198232,106.6840537511244,18,28,1.0,22,35,5,1,0.6429
10.865229381280963,106.72366973948476,39,48,1.0,22,35,5,1,0.8125
10.72279213640514,106.72808623948244,29,37,0.998015,22,35,5,1,0.7838
10.823400120373712,106.68551227436063,24,31,1.0,22,35,5,1,0.7742
10.756158554057755,106.66631758181126,24,29,1.0,22,35,5,1,0.8276
10.7144382088356,106.73711688366168,26,35,1.0,22,36,5,1,0.7429
10.817236653231737,106.63191539530456,25,34,1.0,22,36,5,1,0.7353
10.772727584493625,106.69804225297564,12,24,1.0,22,38,5,1,0.5
10.774028664434528,106.70357076461706,9,28,1.0,22,38,5,1,0.3214
10.752616652291238,106.72509685338922,39,39,1.0,22,38,5,1,1.0
10.745754766198267,106.65326266831876,42,42,1.0,22,38,5,1,1.0
10.94927106740351,106.87196348224562,42,42,1.0,22,38,5,1,1.0
10.78866360854368,106.695513722289,42,42,1.0,22,38,5,1,1.0
10.801406421807084,106.7114844087968,42,42,1.0,22,38,5,1,1.0
10.843150534972033,106.6151343241409,27,35,1.0,22,38,5,1,0.7714
10.880537767027526,106.81481342866444,53,53,1.0,22,38,5,1,1.0
10.740840166521664,106.61899246873142,34,34,1.0,22,38,5,1,1.0
10.798986343749618,106.7269705664684,45,45,1.0,22,38,5,1,1.0
10.741860769464234,106.73790365482628,45,45,1.0,22,38,5,1,1.0
10.752408891679814,106.7022703818112,33,33,1.0,22,38,5,1,1.0
10.786216596454729,106.71836665482697,40,40,1.0,22,38,5,1,1.0
10.78948793356203,106.7151883818118,36,36,1.0,22,38,5,1,1.0
10.80223925742187,106.6478722259914,29,40,1.0,22,38,5,1,0.725
10.813928881466124,106.66511432455972,26,33,0.998487,22,38,5,1,0.7879
10.755608615763382,106.67347943578082,19,27,0.998951,22,38,5,1,0.7037
10.782680856341084,106.70051548181168,19,30,1.0,22,38,5,1,0.6333
10.754895139302109,106.67839188181134,24,32,1.0,22,38,5,1,0.75
10.785070445194592,106.68331340921324,21,27,1.0,22,38,5,1,0.7778
10.7549373008113,106.67848844133415,24,32,1.0,22,38,5,1,0.75
10.77898143649726,106.67684447140958,23,34,0.992146,22,38,5,1,0.6765
10.7671128283867,106.6927618222887,14,21,1.0,22,38,5,1,0.6667
10.77847212665258,106.69389510879644,35,41,1.0,22,38,5,1,0.8537
10.796057790235078,106.67492629345334,26,33,0.998487,22,38,5,1,0.7879
10.8352982156415,106.72935479345392,35,42,0.996585,22,38,5,1,0.8333
10.777562007197462,106.7041335430398,19,30,1.0,22,39,5,1,0.6333
10.83886351241477,106.67566625482782,29,36,1.0,22,39,5,1,0.8056
10.765187049751797,106.67550552599072,23,35,1.0,22,39,5,1,0.6571
10.75948437198232,106.6840537511244,21,28,1.0,22,39,5,1,0.75
10.865229381280963,106.72366973948476,40,49,1.0,22,39,5,1,0.8163
10.72279213640514,106.72808623948244,29,36,0.998015,22,39,5,1,0.8056
10.823400120373712,106.68551227436063,32,32,1.0,22,39,5,1,1.0
10.756158554057755,106.66631758181126,30,30,1.0,22,39,5,1,1.0
10.7144382088356,106.73711688366168,27,35,1.0,22,39,5,1,0.7714
10.817236653231737,106.63191539530456,27,35,1.0,22,39,5,1,0.7714
10.772727584493625,106.69804225297564,12,25,1.0,22,41,5,1,0.48
10.774028664434528,106.70357076461706,10,28,1.0,22,41,5,1,0.3571
10.752616652291238,106.72509685338922,39,39,1.0,22,41,5,1,1.0
10.745754766198267,106.65326266831876,42,42,1.0,22,41,5,1,1.0
10.94927106740351,106.87196348224562,33,42,1.0,22,41,5,1,0.7857
10.78866360854368,106.695513722289,36,42,1.0,22,41,5,1,0.8571
10.801406421807084,106.7114844087968,36,42,1.0,22,42,5,1,0.8571
10.843150534972033,106.6151343241409,26,35,1.0,22,42,5,1,0.7429
10.880537767027526,106.81481342866444,53,53,1.0,22,42,5,1,1.0
10.740840166521664,106.61899246873142,34,34,1.0,22,42,5,1,1.0
10.798986343749618,106.7269705664684,45,45,1.0,22,42,5,1,1.0
10.741860769464234,106.73790365482628,45,45,1.0,22,42,5,1,1.0
10.752408891679814,106.7022703818112,33,33,1.0,22,42,5,1,1.0
10.786216596454729,106.71836665482697,40,40,1.0,22,42,5,1,1.0
10.78948793356203,106.7151883818118,36,36,1.0,22,42,5,1,1.0
10.80223925742187,106.6478722259914,30,41,1.0,22,42,5,1,0.7317
10.813928881466124,106.66511432455972,27,33,0.997381,22,42,5,1,0.8182
10.755608615763382,106.67347943578082,18,28,1.0,22,42,5,1,0.6429
10.782680856341084,106.70051548181168,20,30,1.0,22,42,5,1,0.6667
10.754895139302109,106.67839188181134,25,33,1.0,22,42,5,1,0.7576
10.785070445194592,106.68331340921324,17,27,1.0,22,42,5,1,0.6296
10.7549373008113,106.67848844133415,25,33,1.0,22,42,5,1,0.7576
10.77898143649726,106.67684447140958,24,34,0.992146,22,42,5,1,0.7059
10.7671128283867,106.6927618222887,9,19,1.0,22,42,5,1,0.4737
10.77847212665258,106.69389510879644,35,41,1.0,22,42,5,1,0.8537
10.796057790235078,106.67492629345334,33,33,1.0,22,42,5,1,1.0
10.8352982156415,106.72935479345392,36,42,0.995124,22,42,5,1,0.8571
10.777562007197462,106.7041335430398,20,30,1.0,22,42,5,1,0.6667
10.83886351241477,106.67566625482782,29,35,1.0,22,42,5,1,0.8286
10.765187049751797,106.67550552599072,23,36,1.0,22,43,5,1,0.6389
10.75948437198232,106.6840537511244,18,28,1.0,22,43,5,1,0.6429
10.865229381280963,106.72366973948476,49,49,1.0,22,43,5,1,1.0
10.72279213640514,106.72808623948244,30,37,0.99649,22,43,5,1,0.8108
10.823400120373712,106.68551227436063,24,32,1.0,22,43,5,1,0.75
10.756158554057755,106.66631758181126,30,30,1.0,22,43,5,1,1.0
10.7144382088356,106.73711688366168,27,35,1.0,22,43,5,1,0.7714
10.817236653231737,106.63191539530456,27,34,1.0,22,43,5,1,0.7941
10.772727584493625,106.69804225297564,11,24,1.0,22,45,5,1,0.4583
10.774028664434528,106.70357076461706,13,29,1.0,22,45,5,1,0.4483
10.752616652291238,106.72509685338922,39,39,1.0,22,45,5,1,1.0
10.745754766198267,106.65326266831876,42,42,1.0,22,45,5,1,1.0
10.94927106740351,106.87196348224562,30,41,1.0,22,45,5,1,0.7317
10.78866360854368,106.695513722289,42,42,1.0,22,45,5,1,1.0
10.801406421807084,106.7114844087968,42,42,1.0,22,45,5,1,1.0
10.843150534972033,106.6151343241409,27,35,1.0,22,45,5,1,0.7714
10.880537767027526,106.81481342866444,53,53,1.0,22,45,5,1,1.0
10.740840166521664,106.61899246873142,34,34,1.0,22,46,5,1,1.0
10.798986343749618,106.7269705664684,45,45,1.0,22,46,5,1,1.0
10.741860769464234,106.73790365482628,45,45,1.0,22,46,5,1,1.0
10.752408891679814,106.7022703818112,33,33,1.0,22,46,5,1,1.0
10.786216596454729,106.71836665482697,40,40,1.0,22,46,5,1,1.0
10.78948793356203,106.7151883818118,36,36,1.0,22,46,5,1,1.0
10.80223925742187,106.6478722259914,29,41,1.0,22,46,5,1,0.7073
10.813928881466124,106.66511432455972,27,33,0.99739,22,46,5,1,0.8182
10.755608615763382,106.67347943578082,18,27,1.0,22,46,5,1,0.6667
10.782680856341084,106.70051548181168,20,30,1.0,22,46,5,1,0.6667
10.754895139302109,106.67839188181134,26,32,1.0,22,46,5,1,0.8125
10.785070445194592,106.68331340921324,22,27,1.0,22,46,5,1,0.8148
10.7549373008113,106.67848844133415,26,32,1.0,22,46,5,1,0.8125
10.77898143649726,106.67684447140958,25,34,0.992146,22,46,5,1,0.7353
10.7671128283867,106.6927618222887,11,19,1.0,22,46,5,1,0.5789
10.77847212665258,106.69389510879644,35,41,1.0,22,46,5,1,0.8537
10.796057790235078,106.67492629345334,27,33,0.99739,22,46,5,1,0.8182
10.8352982156415,106.72935479345392,42,42,1.0,22,46,5,1,1.0
10.777562007197462,106.7041335430398,20,30,1.0,22,46,5,1,0.6667
10.83886351241477,106.67566625482782,27,35,1.0,22,47,5,1,0.7714
10.765187049751797,106.67550552599072,27,35,1.0,22,47,5,1,0.7714
10.75948437198232,106.6840537511244,20,29,1.0,22,47,5,1,0.6897
10.865229381280963,106.72366973948476,40,48,1.0,22,47,5,1,0.8333
10.72279213640514,106.72808623948244,29,37,0.994966,22,47,5,1,0.7838
10.823400120373712,106.68551227436063,27,32,1.0,22,47,5,1,0.8438
10.756158554057755,106.66631758181126,30,30,1.0,22,47,5,1,1.0
10.7144382088356,106.73711688366168,27,35,1.0,22,47,5,1,0.7714
10.817236653231737,106.63191539530456,27,34,1.0,22,47,5,1,0.7941
10.772727584493625,106.69804225297564,11,24,1.0,22,49,5,1,0.4583
10.774028664434528,106.70357076461706,11,28,1.0,22,49,5,1,0.3929
10.752616652291238,106.72509685338922,39,39,1.0,22,49,5,1,1.0
10.745754766198267,106.65326266831876,42,42,1.0,22,49,5,1,1.0
10.94927106740351,106.87196348224562,32,42,1.0,22,49,5,1,0.7619
10.78866360854368,106.695513722289,42,42,1.0,22,49,5,1,1.0
10.801406421807084,106.7114844087968,42,42,1.0,22,49,5,1,1.0
10.843150534972033,106.6151343241409,27,34,1.0,22,49,5,1,0.7941
10.880537767027526,106.81481342866444,53,53,1.0,22,49,5,1,1.0
10.740840166521664,106.61899246873142,34,34,1.0,22,49,5,1,1.0
10.798986343749618,106.7269705664684,45,45,1.0,22,49,5,1,1.0
10.741860769464234,106.73790365482628,45,45,1.0,22,49,5,1,1.0
10.752408891679814,106.7022703818112,26,32,1.0,22,49,5,1,0.8125
10.786216596454729,106.71836665482697,40,40,1.0,22,49,5,1,1.0
10.78948793356203,106.7151883818118,36,36,1.0,22,49,5,1,1.0
10.80223925742187,106.6478722259914,30,41,1.0,22,49,5,1,0.7317
10.813928881466124,106.66511432455972,24,33,0.997416,22,50,5,1,0.7273
10.755608615763382,106.67347943578082,20,28,1.0,22,50,5,1,0.7143
10.782680856341084,106.70051548181168,20,30,1.0,22,50,5,1,0.6667
10.754895139302109,106.67839188181134,32,32,1.0,22,50,5,1,1.0
10.785070445194592,106.68331340921324,22,27,1.0,22,50,5,1,0.8148
10.7549373008113,106.67848844133415,32,32,1.0,22,50,5,1,1.0
10.77898143649726,106.67684447140958,27,34,0.992146,22,50,5,1,0.7941
10.7671128283867,106.6927618222887,11,20,1.0,22,50,5,1,0.55
10.77847212665258,106.69389510879644,34,42,1.0,22,50,5,1,0.8095
10.796057790235078,106.67492629345334,24,33,0.997416,22,50,5,1,0.7273
10.8352982156415,106.72935479345392,35,42,0.98707,22,50,5,1,0.8333
10.777562007197462,106.7041335430398,20,30,1.0,22,50,5,1,0.6667
10.83886351241477,106.67566625482782,28,36,1.0,22,50,5,1,0.7778
10.765187049751797,106.67550552599072,36,36,1.0,22,50,5,1,1.0
10.75948437198232,106.6840537511244,20,28,1.0,22,50,5,1,0.7143
10.865229381280963,106.72366973948476,49,49,1.0,22,50,5,1,1.0
10.72279213640514,106.72808623948244,30,37,0.994966,22,50,5,1,0.8108
10.823400120373712,106.68551227436063,26,32,1.0,22,50,5,1,0.8125
10.756158554057755,106.66631758181126,30,30,1.0,22,50,5,1,1.0
10.7144382088356,106.73711688366168,28,35,1.0,22,50,5,1,0.8
10.817236653231737,106.63191539530456,28,35,1.0,22,50,5,1,0.8
10.772727584493625,106.69804225297564,10,24,1.0,22,52,5,1,0.4167
10.774028664434528,106.70357076461706,13,28,1.0,22,52,5,1,0.4643
10.752616652291238,106.72509685338922,39,39,1.0,22,52,5,1,1.0
10.745754766198267,106.65326266831876,42,42,1.0,22,52,5,1,1.0
10.94927106740351,106.87196348224562,42,42,1.0,22,52,5,1,1.0
10.78866360854368,106.695513722289,42,42,1.0,22,52,5,1,1.0
10.801406421807084,106.7114844087968,42,42,1.0,22,53,5,1,1.0
10.843150534972033,106.6151343241409,29,35,1.0,22,53,5,1,0.8286
10.880537767027526,106.81481342866444,53,53,1.0,22,53,5,1,1.0
10.740840166521664,106.61899246873142,34,34,1.0,22,53,5,1,1.0
10.798986343749618,106.7269705664684,45,45,1.0,22,53,5,1,1.0
10.741860769464234,106.73790365482628,45,45,1.0,22,53,5,1,1.0
10.752408891679814,106.7022703818112,33,33,1.0,22,53,5,1,1.0
10.786216596454729,106.71836665482697,40,40,1.0,22,53,5,1,1.0
10.78948793356203,106.7151883818118,36,36,1.0,22,53,5,1,1.0
10.80223925742187,106.6478722259914,31,40,1.0,22,53,5,1,0.775
10.813928881466124,106.66511432455972,25,33,0.998692,22,53,5,1,0.7576
10.755608615763382,106.67347943578082,20,27,1.0,22,53,5,1,0.7407
10.782680856341084,106.70051548181168,19,30,1.0,22,53,5,1,0.6333
10.754895139302109,106.67839188181134,26,32,1.0,22,53,5,1,0.8125
10.785070445194592,106.68331340921324,18,28,1.0,22,53,5,1,0.6429
10.7549373008113,106.67848844133415,26,32,1.0,22,53,5,1,0.8125
10.77898143649726,106.67684447140958,27,34,0.992146,22,53,5,1,0.7941
10.7671128283867,106.6927618222887,14,21,1.0,22,54,5,1,0.6667
10.77847212665258,106.69389510879644,34,41,1.0,22,54,5,1,0.8293
10.796057790235078,106.67492629345334,25,34,0.998692,22,54,5,1,0.7353
10.8352982156415,106.72935479345392,38,42,0.987457,22,54,5,1,0.9048
10.777562007197462,106.7041335430398,20,30,1.0,22,54,5,1,0.6667
10.83886351241477,106.67566625482782,36,36,1.0,22,54,5,1,1.0
10.765187049751797,106.67550552599072,26,35,1.0,22,54,5,1,0.7429
10.75948437198232,106.6840537511244,19,26,0.998954,22,54,5,1,0.7308
10.865229381280963,106.72366973948476,49,49,1.0,22,54,5,1,1.0
10.72279213640514,106.72808623948244,30,37,0.988408,22,54,5,1,0.8108
10.823400120373712,106.68551227436063,26,31,1.0,22,54,5,1,0.8387
10.756158554057755,106.66631758181126,30,30,1.0,22,54,5,1,1.0
10.7144382088356,106.73711688366168,28,35,1.0,22,54,5,1,0.8
10.817236653231737,106.63191539530456,28,35,1.0,22,54,5,1,0.8
10.772727584493625,106.69804225297564,9,24,1.0,22,56,5,1,0.375
10.774028664434528,106.70357076461706,18,28,1.0,22,56,5,1,0.6429
10.752616652291238,106.72509685338922,39,39,1.0,22,57,5,1,1.0
10.745754766198267,106.65326266831876,37,43,1.0,22,57,5,1,0.8605
10.94927106740351,106.87196348224562,32,42,1.0,22,57,5,1,0.7619
10.78866360854368,106.695513722289,42,42,1.0,22,57,5,1,1.0
10.801406421807084,106.7114844087968,42,42,1.0,22,57,5,1,1.0
10.843150534972033,106.6151343241409,28,35,1.0,22,57,5,1,0.8
10.880537767027526,106.81481342866444,53,53,1.0,22,57,5,1,1.0
10.740840166521664,106.61899246873142,34,34,1.0,22,57,5,1,1.0
10.798986343749618,106.7269705664684,45,45,1.0,22,57,5,1,1.0
10.741860769464234,106.73790365482628,45,45,1.0,22,57,5,1,1.0
10.752408891679814,106.7022703818112,27,33,1.0,22,57,5,1,0.8182
10.786216596454729,106.71836665482697,40,40,1.0,22,57,5,1,1.0
10.78948793356203,106.7151883818118,36,36,1.0,22,57,5,1,1.0
10.80223925742187,106.6478722259914,41,41,1.0,22,57,5,1,1.0
10.813928881466124,106.66511432455972,26,33,1.0,22,57,5,1,0.7879
10.755608615763382,106.67347943578082,20,28,1.0,22,57,5,1,0.7143
10.782680856341084,106.70051548181168,20,31,1.0,22,57,5,1,0.6452
10.754895139302109,106.67839188181134,25,32,1.0,22,57,5,1,0.7812
10.785070445194592,106.68331340921324,21,28,1.0,22,57,5,1,0.75
10.7549373008113,106.67848844133415,25,32,1.0,22,57,5,1,0.7812
10.77898143649726,106.67684447140958,28,34,0.992146,22,57,5,1,0.8235
10.7671128283867,106.6927618222887,10,19,1.0,22,57,5,1,0.5263
10.77847212665258,106.69389510879644,34,41,1.0,22,57,5,1,0.8293
10.796057790235078,106.67492629345334,26,34,1.0,22,57,5,1,0.7647
10.8352982156415,106.72935479345392,36,42,0.987545,22,58,5,1,0.8571
10.777562007197462,106.7041335430398,20,31,1.0,22,58,5,1,0.6452
10.83886351241477,106.67566625482782,36,36,1.0,22,58,5,1,1.0
10.765187049751797,106.67550552599072,36,36,1.0,22,58,5,1,1.0
10.75948437198232,106.6840537511244,21,27,1.0,22,58,5,1,0.7778
10.865229381280963,106.72366973948476,49,49,1.0,22,58,5,1,1.0
10.72279213640514,106.72808623948244,29,37,0.994912,22,58,5,1,0.7838
10.823400120373712,106.68551227436063,32,32,1.0,22,58,5,1,1.0
10.756158554057755,106.66631758181126,30,30,1.0,22,58,5,1,1.0
10.7144382088356,106.73711688366168,28,35,1.0,22,58,5,1,0.8
10.817236653231737,106.63191539530456,28,34,1.0,22,58,5,1,0.8235
10.772727584493625,106.69804225297564,11,24,1.0,23,0,5,1,0.4583
10.774028664434528,106.70357076461706,18,29,1.0,23,0,5,1,0.6207
10.752616652291238,106.72509685338922,39,39,1.0,23,0,5,1,1.0
10.745754766198267,106.65326266831876,42,42,1.0,23,0,5,1,1.0
10.94927106740351,106.87196348224562,33,41,1.0,23,0,5,1,0.8049
10.78866360854368,106.695513722289,42,42,1.0,23,0,5,1,1.0
10.801406421807084,106.7114844087968,42,42,1.0,23,1,5,1,1.0
10.843150534972033,106.6151343241409,27,35,1.0,23,1,5,1,0.7714
10.880537767027526,106.81481342866444,53,53,1.0,23,1,5,1,1.0
10.740840166521664,106.61899246873142,34,34,1.0,23,1,5,1,1.0
10.798986343749618,106.7269705664684,45,45,1.0,23,1,5,1,1.0
10.741860769464234,106.73790365482628,45,45,1.0,23,1,5,1,1.0
10.752408891679814,106.7022703818112,33,33,1.0,23,1,5,1,1.0
10.786216596454729,106.71836665482697,40,40,1.0,23,1,5,1,1.0
10.78948793356203,106.7151883818118,36,36,1.0,23,1,5,1,1.0
10.80223925742187,106.6478722259914,30,40,1.0,23,1,5,1,0.75
10.813928881466124,106.66511432455972,26,33,0.998691,23,1,5,1,0.7879
10.755608615763382,106.67347943578082,21,28,1.0,23,1,5,1,0.75
10.782680856341084,106.70051548181168,19,30,1.0,23,1,5,1,0.6333
10.754895139302109,106.67839188181134,26,32,1.0,23,1,5,1,0.8125
10.785070445194592,106.68331340921324,18,27,1.0,23,1,5,1,0.6667
10.7549373008113,106.67848844133415,26,32,1.0,23,1,5,1,0.8125
10.77898143649726,106.67684447140958,28,34,0.992146,23,1,5,1,0.8235
10.7671128283867,106.6927618222887,9,20,1.0,23,1,5,1,0.45
10.77847212665258,106.69389510879644,36,42,1.0,23,1,5,1,0.8571
10.796057790235078,106.67492629345334,26,33,0.998691,23,1,5,1,0.7879
10.8352982156415,106.72935479345392,36,42,0.988606,23,1,5,1,0.8571
10.777562007197462,106.7041335430398,19,30,1.0,23,1,5,1,0.6333
10.83886351241477,106.67566625482782,29,35,1.0,23,1,5,1,0.8286
10.765187049751797,106.67550552599072,25,35,1.0,23,1,5,1,0.7143
10.75948437198232,106.6840537511244,21,28,1.0,23,1,5,1,0.75
10.865229381280963,106.72366973948476,49,49,1.0,23,2,5,1,1.0
10.72279213640514,106.72808623948244,31,37,0.994912,23,2,5,1,0.8378
10.823400120373712,106.68551227436063,32,32,1.0,23,2,5,1,1.0
10.756158554057755,106.66631758181126,30,30,1.0,23,2,5,1,1.0
10.7144382088356,106.73711688366168,29,35,1.0,23,2,5,1,0.8286
10.817236653231737,106.63191539530456,27,34,1.0,23,2,5,1,0.7941
10.772727584493625,106.69804225297564,11,23,1.0,23,4,5,1,0.4783
10.774028664434528,106.70357076461706,14,29,1.0,23,4,5,1,0.4828
10.752616652291238,106.72509685338922,39,39,1.0,23,4,5,1,1.0
10.745754766198267,106.65326266831876,37,43,0.999762,23,4,5,1,0.8605
10.94927106740351,106.87196348224562,42,42,1.0,23,4,5,1,1.0
10.78866360854368,106.695513722289,42,42,1.0,23,4,5,1,1.0
10.801406421807084,106.7114844087968,42,42,1.0,23,4,5,1,1.0
10.843150534972033,106.6151343241409,27,34,1.0,23,4,5,1,0.7941
10.880537767027526,106.81481342866444,53,53,1.0,23,4,5,1,1.0
10.740840166521664,106.61899246873142,34,34,1.0,23,4,5,1,1.0
10.798986343749618,106.7269705664684,45,45,1.0,23,4,5,1,1.0
10.741860769464234,106.73790365482628,45,45,1.0,23,4,5,1,1.0
10.752408891679814,106.7022703818112,33,33,1.0,23,4,5,1,1.0
10.786216596454729,106.71836665482697,40,40,1.0,23,4,5,1,1.0
10.78948793356203,106.7151883818118,36,36,1.0,23,4,5,1,1.0
10.80223925742187,106.6478722259914,32,41,1.0,23,4,5,1,0.7805
10.813928881466124,106.66511432455972,25,33,0.998955,23,4,5,1,0.7576
10.755608615763382,106.67347943578082,21,28,1.0,23,4,5,1,0.75
10.782680856341084,106.70051548181168,20,31,1.0,23,5,5,1,0.6452
10.754895139302109,106.67839188181134,25,32,1.0,23,5,5,1,0.7812
10.785070445194592,106.68331340921324,19,27,1.0,23,5,5,1,0.7037
10.7549373008113,106.67848844133415,25,32,1.0,23,5,5,1,0.7812
10.77898143649726,106.67684447140958,28,34,0.992146,23,5,5,1,0.8235
10.7671128283867,106.6927618222887,11,20,1.0,23,5,5,1,0.55
10.77847212665258,106.69389510879644,41,41,1.0,23,5,5,1,1.0
10.796057790235078,106.67492629345334,26,34,0.997914,23,5,5,1,0.7647
10.8352982156415,106.72935479345392,42,42,1.0,23,5,5,1,1.0
10.777562007197462,106.7041335430398,21,30,1.0,23,5,5,1,0.7
10.83886351241477,106.67566625482782,29,36,1.0,23,5,5,1,0.8056
10.765187049751797,106.67550552599072,36,36,1.0,23,5,5,1,1.0
10.75948437198232,106.6840537511244,21,28,1.0,23,5,5,1,0.75
10.865229381280963,106.72366973948476,49,49,1.0,23,5,5,1,1.0
10.72279213640514,106.72808623948244,37,37,1.0,23,5,5,1,1.0
10.823400120373712,106.68551227436063,25,32,1.0,23,5,5,1,0.7812
10.756158554057755,106.66631758181126,24,29,1.0,23,6,5,1,0.8276
10.7144382088356,106.73711688366168,35,35,1.0,23,6,5,1,1.0
10.817236653231737,106.63191539530456,28,35,1.0,23,6,5,1,0.8
10.772727584493625,106.69804225297564,14,24,1.0,23,8,5,1,0.5833
10.774028664434528,106.70357076461706,19,29,1.0,23,8,5,1,0.6552
10.752616652291238,106.72509685338922,39,39,1.0,23,8,5,1,1.0
10.745754766198267,106.65326266831876,42,42,1.0,23,8,5,1,1.0
10.94927106740351,106.87196348224562,34,42,1.0,23,8,5,1,0.8095
10.78866360854368,106.695513722289,42,42,1.0,23,8,5,1,1.0
10.801406421807084,106.7114844087968,42,42,1.0,23,8,5,1,1.0
10.843150534972033,106.6151343241409,26,35,1.0,23,8,5,1,0.7429
10.880537767027526,106.81481342866444,53,53,1.0,23,8,5,1,1.0
10.740840166521664,106.61899246873142,34,34,1.0,23,8,5,1,1.0
10.798986343749618,106.7269705664684,45,45,1.0,23,8,5,1,1.0
10.741860769464234,106.73790365482628,45,45,1.0,23,8,5,1,1.0
10.752408891679814,106.7022703818112,33,33,1.0,23,9,5,1,1.0
10.786216596454729,106.71836665482697,40,40,1.0,23,9,5,1,1.0
10.78948793356203,106.7151883818118,36,36,1.0,23,9,5,1,1.0
10.80223925742187,106.6478722259914,41,41,1.0,23,9,5,1,1.0
10.813928881466124,106.66511432455972,26,34,0.999528,23,9,5,1,0.7647
10.755608615763382,106.67347943578082,21,27,1.0,23,9,5,1,0.7778
10.782680856341084,106.70051548181168,22,30,1.0,23,9,5,1,0.7333
10.754895139302109,106.67839188181134,26,33,1.0,23,9,5,1,0.7879
10.785070445194592,106.68331340921324,28,28,1.0,23,9,5,1,1.0
10.7549373008113,106.67848844133415,26,33,1.0,23,9,5,1,0.7879
10.77898143649726,106.67684447140958,27,34,0.992146,23,9,5,1,0.7941
10.7671128283867,106.6927618222887,11,18,1.0,23,9,5,1,0.6111
10.77847212665258,106.69389510879644,35,41,1.0,23,9,5,1,0.8537
10.796057790235078,106.67492629345334,27,33,0.999528,23,9,5,1,0.8182
10.8352982156415,106.72935479345392,36,42,0.987951,23,9,5,1,0.8571
10.777562007197462,106.7041335430398,22,30,1.0,23,9,5,1,0.7333
10.83886351241477,106.67566625482782,30,36,1.0,23,9,5,1,0.8333
10.765187049751797,106.67550552599072,26,36,1.0,23,9,5,1,0.7222
10.75948437198232,106.6840537511244,21,28,1.0,23,9,5,1,0.75
10.865229381280963,106.72366973948476,49,49,1.0,23,9,5,1,1.0
10.72279213640514,106.72808623948244,37,37,1.0,23,9,5,1,1.0
10.823400120373712,106.68551227436063,25,32,1.0,23,9,5,1,0.7812
10.756158554057755,106.66631758181126,23,29,1.0,23,9,5,1,0.7931
10.7144382088356,106.73711688366168,29,35,1.0,23,9,5,1,0.8286
10.817236653231737,106.63191539530456,27,35,1.0,23,9,5,1,0.7714
10.772727584493625,106.69804225297564,14,24,1.0,23,12,5,1,0.5833
10.774028664434528,106.70357076461706,16,27,1.0,23,12,5,1,0.5926
10.752616652291238,106.72509685338922,39,39,1.0,23,12,5,1,1.0
10.745754766198267,106.65326266831876,42,42,1.0,23,12,5,1,1.0
10.94927106740351,106.87196348224562,42,42,1.0,23,12,5,1,1.0
10.78866360854368,106.695513722289,42,42,1.0,23,12,5,1,1.0
10.801406421807084,106.7114844087968,42,42,1.0,23,12,5,1,1.0
10.843150534972033,106.6151343241409,28,35,1.0,23,12,5,1,0.8
10.880537767027526,106.81481342866444,53,53,1.0,23,12,5,1,1.0
10.740840166521664,106.61899246873142,34,34,1.0,23,12,5,1,1.0
10.798986343749618,106.7269705664684,45,45,1.0,23,12,5,1,1.0
10.741860769464234,106.73790365482628,45,45,1.0,23,12,5,1,1.0
10.752408891679814,106.7022703818112,33,33,1.0,23,12,5,1,1.0
10.786216596454729,106.71836665482697,40,40,1.0,23,12,5,1,1.0
10.78948793356203,106.7151883818118,36,36,1.0,23,13,5,1,1.0
10.80223925742187,106.6478722259914,29,40,1.0,23,13,5,1,0.725
10.813928881466124,106.66511432455972,26,33,0.999528,23,13,5,1,0.7879
10.755608615763382,106.67347943578082,20,27,1.0,23,13,5,1,0.7407
10.782680856341084,106.70051548181168,23,31,1.0,23,13,5,1,0.7419
10.754895139302109,106.67839188181134,32,32,1.0,23,13,5,1,1.0
10.785070445194592,106.68331340921324,28,28,1.0,23,13,5,1,1.0
10.7549373008113,106.67848844133415,32,32,1.0,23,13,5,1,1.0
10.77898143649726,106.67684447140958,27,34,0.992146,23,13,5,1,0.7941
10.7671128283867,106.6927618222887,13,19,1.0,23,13,5,1,0.6842
10.77847212665258,106.69389510879644,34,41,1.0,23,13,5,1,0.8293
10.796057790235078,106.67492629345334,26,33,0.999057,23,13,5,1,0.7879
10.8352982156415,106.72935479345392,42,42,1.0,23,13,5,1,1.0
10.777562007197462,106.7041335430398,21,30,1.0,23,13,5,1,0.7
10.83886351241477,106.67566625482782,36,36,1.0,23,13,5,1,1.0
10.765187049751797,106.67550552599072,29,36,1.0,23,13,5,1,0.8056
10.75948437198232,106.6840537511244,18,28,1.0,23,13,5,1,0.6429
10.865229381280963,106.72366973948476,49,49,1.0,23,13,5,1,1.0
10.72279213640514,106.72808623948244,37,37,1.0,23,13,5,1,1.0
10.823400120373712,106.68551227436063,25,31,1.0,23,13,5,1,0.8065
10.756158554057755,106.66631758181126,30,30,1.0,23,13,5,1,1.0
10.7144382088356,106.73711688366168,35,35,1.0,23,13,5,1,1.0
10.817236653231737,106.63191539530456,28,34,1.0,23,13,5,1,0.8235
10.772727584493625,106.69804225297564,12,24,1.0,23,15,5,1,0.5
10.774028664434528,106.70357076461706,18,27,1.0,23,15,5,1,0.6667
10.752616652291238,106.72509685338922,39,39,1.0,23,15,5,1,1.0
10.745754766198267,106.65326266831876,42,42,1.0,23,15,5,1,1.0
10.94927106740351,106.87196348224562,42,42,1.0,23,15,5,1,1.0
10.78866360854368,106.695513722289,36,42,1.0,23,15,5,1,0.8571
10.801406421807084,106.7114844087968,36,42,1.0,23,15,5,1,0.8571
10.843150534972033,106.6151343241409,29,35,1.0,23,15,5,1,0.8286
10.880537767027526,106.81481342866444,53,53,1.0,23,16,5,1,1.0
10.740840166521664,106.61899246873142,34,34,1.0,23,16,5,1,1.0
10.798986343749618,106.7269705664684,36,45,1.0,23,16,5,1,0.8
10.741860769464234,106.73790365482628,45,45,1.0,23,16,5,1,1.0
10.752408891679814,106.7022703818112,26,34,1.0,23,16,5,1,0.7647
10.786216596454729,106.71836665482697,33,40,1.0,23,16,5,1,0.825
10.78948793356203,106.7151883818118,36,36,1.0,23,16,5,1,1.0
10.80223925742187,106.6478722259914,33,41,1.0,23,16,5,1,0.8049
10.813928881466124,106.66511432455972,25,33,0.998484,23,16,5,1,0.7576
10.755608615763382,106.67347943578082,19,28,1.0,23,16,5,1,0.6786
10.782680856341084,106.70051548181168,22,30,1.0,23,16,5,1,0.7333
10.754895139302109,106.67839188181134,24,32,1.0,23,16,5,1,0.75
10.785070445194592,106.68331340921324,20,27,1.0,23,16,5,1,0.7407
10.7549373008113,106.67848844133415,24,32,1.0,23,16,5,1,0.75
10.77898143649726,106.67684447140958,27,34,0.992146,23,16,5,1,0.7941
10.7671128283867,106.6927618222887,6,20,1.0,23,16,5,1,0.3
10.77847212665258,106.69389510879644,41,41,1.0,23,17,5,1,1.0
10.796057790235078,106.67492629345334,26,33,0.999057,23,17,5,1,0.7879
10.8352982156415,106.72935479345392,36,42,0.994966,23,17,5,1,0.8571
10.777562007197462,106.7041335430398,22,30,1.0,23,17,5,1,0.7333
10.83886351241477,106.67566625482782,36,36,1.0,23,17,5,1,1.0
10.765187049751797,106.67550552599072,28,35,1.0,23,17,5,1,0.8
10.75948437198232,106.6840537511244,21,28,1.0,23,17,5,1,0.75
10.865229381280963,106.72366973948476,49,49,1.0,23,17,5,1,1.0
10.72279213640514,106.72808623948244,37,37,1.0,23,17,5,1,1.0
10.823400120373712,106.68551227436063,26,32,1.0,23,17,5,1,0.8125
10.756158554057755,106.66631758181126,30,30,1.0,23,17,5,1,1.0
10.7144382088356,106.73711688366168,35,35,1.0,23,17,5,1,1.0
10.817236653231737,106.63191539530456,29,35,1.0,23,17,5,1,0.8286
10.772727584493625,106.69804225297564,13,24,1.0,23,20,5,1,0.5417
10.774028664434528,106.70357076461706,16,28,1.0,23,20,5,1,0.5714
10.752616652291238,106.72509685338922,39,39,1.0,23,20,5,1,1.0
10.745754766198267,106.65326266831876,42,42,1.0,23,20,5,1,1.0
10.94927106740351,106.87196348224562,42,42,1.0,23,20,5,1,1.0
10.78866360854368,106.695513722289,42,42,1.0,23,20,5,1,1.0
10.801406421807084,106.7114844087968,42,42,1.0,23,20,5,1,1.0
10.843150534972033,106.6151343241409,29,35,1.0,23,20,5,1,0.8286
10.880537767027526,106.81481342866444,53,53,1.0,23,20,5,1,1.0
10.740840166521664,106.61899246873142,34,34,1.0,23,20,5,1,1.0
10.798986343749618,106.7269705664684,45,45,1.0,23,20,5,1,1.0
10.741860769464234,106.73790365482628,45,45,1.0,23,20,5,1,1.0
10.752408891679814,106.7022703818112,33,33,1.0,23,20,5,1,1.0
10.786216596454729,106.71836665482697,40,40,1.0,23,20,5,1,1.0
10.78948793356203,106.7151883818118,36,36,1.0,23,20,5,1,1.0
10.80223925742187,106.6478722259914,32,40,1.0,23,20,5,1,0.8
10.813928881466124,106.66511432455972,27,33,0.996738,23,20,5,1,0.8182
10.755608615763382,106.67347943578082,21,28,1.0,23,20,5,1,0.75
10.782680856341084,106.70051548181168,22,30,1.0,23,20,5,1,0.7333
10.754895139302109,106.67839188181134,32,32,1.0,23,21,5,1,1.0
10.785070445194592,106.68331340921324,20,27,1.0,23,21,5,1,0.7407
10.7549373008113,106.67848844133415,32,32,1.0,23,21,5,1,1.0
10.77898143649726,106.67684447140958,27,34,0.992146,23,21,5,1,0.7941
10.7671128283867,106.6927618222887,12,19,1.0,23,21,5,1,0.6316
10.77847212665258,106.69389510879644,41,41,1.0,23,21,5,1,1.0
10.796057790235078,106.67492629345334,27,33,0.999057,23,21,5,1,0.8182
10.8352982156415,106.72935479345392,36,42,0.994238,23,21,5,1,0.8571
10.777562007197462,106.7041335430398,22,30,1.0,23,21,5,1,0.7333
10.83886351241477,106.67566625482782,36,36,1.0,23,21,5,1,1.0
10.765187049751797,106.67550552599072,36,36,1.0,23,21,5,1,1.0
10.75948437198232,106.6840537511244,22,27,1.0,23,21,5,1,0.8148
10.865229381280963,106.72366973948476,49,49,1.0,23,21,5,1,1.0
10.72279213640514,106.72808623948244,37,37,1.0,23,21,5,1,1.0
10.823400120373712,106.68551227436063,25,31,1.0,23,21,5,1,0.8065
10.756158554057755,106.66631758181126,25,29,1.0,23,21,5,1,0.8621
10.7144382088356,106.73711688366168,35,35,1.0,23,21,5,1,1.0
10.817236653231737,106.63191539530456,35,35,1.0,23,21,5,1,1.0
10.772727584493625,106.69804225297564,13,24,1.0,23,24,5,1,0.5417
10.774028664434528,106.70357076461706,18,28,1.0,23,24,5,1,0.6429
10.752616652291238,106.72509685338922,39,39,1.0,23,24,5,1,1.0
10.745754766198267,106.65326266831876,42,42,1.0,23,24,5,1,1.0
10.94927106740351,106.87196348224562,42,42,1.0,23,24,5,1,1.0
10.78866360854368,106.695513722289,42,42,1.0,23,24,5,1,1.0
10.801406421807084,106.7114844087968,42,42,1.0,23,24,5,1,1.0
10.843150534972033,106.6151343241409,35,35,1.0,23,24,5,1,1.0
10.880537767027526,106.81481342866444,53,53,1.0,23,24,5,1,1.0
10.740840166521664,106.61899246873142,34,34,1.0,23,24,5,1,1.0
10.798986343749618,106.7269705664684,45,45,1.0,23,24,5,1,1.0
10.741860769464234,106.73790365482628,45,45,1.0,23,24,5,1,1.0
10.752408891679814,106.7022703818112,33,33,1.0,23,24,5,1,1.0
10.786216596454729,106.71836665482697,40,40,1.0,23,24,5,1,1.0
10.78948793356203,106.7151883818118,36,36,1.0,23,24,5,1,1.0
10.80223925742187,106.6478722259914,41,41,1.0,23,24,5,1,1.0
10.813928881466124,106.66511432455972,27,34,0.997652,23,24,5,1,0.7941
10.755608615763382,106.67347943578082,22,28,1.0,23,24,5,1,0.7857
10.782680856341084,106.70051548181168,22,30,1.0,23,24,5,1,0.7333
10.754895139302109,106.67839188181134,32,32,1.0,23,24,5,1,1.0
10.785070445194592,106.68331340921324,28,28,1.0,23,24,5,1,1.0
10.7549373008113,106.67848844133415,32,32,1.0,23,25,5,1,1.0
10.77898143649726,106.67684447140958,28,34,0.992146,23,25,5,1,0.8235
10.7671128283867,106.6927618222887,11,20,1.0,23,25,5,1,0.55
10.77847212665258,106.69389510879644,41,41,1.0,23,25,5,1,1.0
10.796057790235078,106.67492629345334,27,34,0.996917,23,25,5,1,0.7941
10.8352982156415,106.72935479345392,42,42,1.0,23,25,5,1,1.0
10.777562007197462,106.7041335430398,22,30,1.0,23,25,5,1,0.7333
10.83886351241477,106.67566625482782,28,35,1.0,23,25,5,1,0.8
10.765187049751797,106.67550552599072,27,35,1.0,23,25,5,1,0.7714
10.75948437198232,106.6840537511244,28,28,1.0,23,25,5,1,1.0
10.865229381280963,106.72366973948476,49,49,1.0,23,25,5,1,1.0
10.72279213640514,106.72808623948244,37,37,1.0,23,25,5,1,1.0
10.823400120373712,106.68551227436063,25,32,1.0,23,25,5,1,0.7812
10.756158554057755,106.66631758181126,30,30,1.0,23,25,5,1,1.0
10.7144382088356,106.73711688366168,35,35,1.0,23,25,5,1,1.0
10.817236653231737,106.63191539530456,35,35,1.0,23,25,5,1,1.0
10.772727584493625,106.69804225297564,14,24,1.0,23,27,5,1,0.5833
10.774028664434528,106.70357076461706,16,28,1.0,23,27,5,1,0.5714
10.752616652291238,106.72509685338922,39,39,1.0,23,27,5,1,1.0
10.745754766198267,106.65326266831876,42,42,1.0,23,27,5,1,1.0
10.94927106740351,106.87196348224562,42,42,1.0,23,27,5,1,1.0
10.78866360854368,106.695513722289,42,42,1.0,23,27,5,1,1.0
10.801406421807084,106.7114844087968,42,42,1.0,23,27,5,1,1.0
10.843150534972033,106.6151343241409,35,35,1.0,23,28,5,1,1.0
10.880537767027526,106.81481342866444,53,53,1.0,23,28,5,1,1.0
10.740840166521664,106.61899246873142,34,34,1.0,23,28,5,1,1.0
10.798986343749618,106.7269705664684,45,45,1.0,23,28,5,1,1.0
10.741860769464234,106.73790365482628,45,45,1.0,23,28,5,1,1.0
10.752408891679814,106.7022703818112,33,33,1.0,23,28,5,1,1.0
10.786216596454729,106.71836665482697,40,40,1.0,23,28,5,1,1.0
10.78948793356203,106.7151883818118,36,36,1.0,23,28,5,1,1.0
10.80223925742187,106.6478722259914,41,41,1.0,23,28,5,1,1.0
10.813928881466124,106.66511432455972,33,33,1.0,23,28,5,1,1.0
10.755608615763382,106.67347943578082,21,28,1.0,23,28,5,1,0.75
10.782680856341084,106.70051548181168,23,30,1.0,23,28,5,1,0.7667
10.754895139302109,106.67839188181134,26,32,1.0,23,28,5,1,0.8125
10.785070445194592,106.68331340921324,28,28,1.0,23,28,5,1,1.0
10.7549373008113,106.67848844133415,26,32,1.0,23,28,5,1,0.8125
10.77898143649726,106.67684447140958,29,34,0.992146,23,28,5,1,0.8529
10.7671128283867,106.6927618222887,11,19,1.0,23,28,5,1,0.5789
10.77847212665258,106.69389510879644,41,41,1.0,23,28,5,1,1.0
10.796057790235078,106.67492629345334,33,33,1.0,23,28,5,1,1.0
10.8352982156415,106.72935479345392,42,42,1.0,23,28,5,1,1.0
10.777562007197462,106.7041335430398,23,30,1.0,23,28,5,1,0.7667
10.83886351241477,106.67566625482782,30,36,1.0,23,28,5,1,0.8333
10.765187049751797,106.67550552599072,25,35,1.0,23,28,5,1,0.7143
10.75948437198232,106.6840537511244,21,28,1.0,23,28,5,1,0.75
10.865229381280963,106.72366973948476,49,49,1.0,23,28,5,1,1.0
10.72279213640514,106.72808623948244,37,37,1.0,23,29,5,1,1.0
10.823400120373712,106.68551227436063,25,32,1.0,23,29,5,1,0.7812
10.756158554057755,106.66631758181126,23,30,1.0,23,29,5,1,0.7667
10.7144382088356,106.73711688366168,35,35,1.0,23,29,5,1,1.0
10.817236653231737,106.63191539530456,35,35,1.0,23,29,5,1,1.0
10.772727584493625,106.69804225297564,15,25,1.0,23,31,5,1,0.6
10.774028664434528,106.70357076461706,17,28,1.0,23,31,5,1,0.6071
10.752616652291238,106.72509685338922,39,39,1.0,23,31,5,1,1.0
10.745754766198267,106.65326266831876,42,42,1.0,23,31,5,1,1.0
10.94927106740351,106.87196348224562,42,42,1.0,23,31,5,1,1.0
10.78866360854368,106.695513722289,42,42,1.0,23,31,5,1,1.0
10.801406421807084,106.7114844087968,42,42,1.0,23,31,5,1,1.0
10.843150534972033,106.6151343241409,35,35,1.0,23,31,5,1,1.0
10.880537767027526,106.81481342866444,53,53,1.0,23,31,5,1,1.0
10.740840166521664,106.61899246873142,34,34,1.0,23,31,5,1,1.0
10.798986343749618,106.7269705664684,45,45,1.0,23,31,5,1,1.0
10.741860769464234,106.73790365482628,45,45,1.0,23,31,5,1,1.0
10.752408891679814,106.7022703818112,33,33,1.0,23,31,5,1,1.0
10.786216596454729,106.71836665482697,40,40,1.0,23,31,5,1,1.0
10.78948793356203,106.7151883818118,36,36,1.0,23,31,5,1,1.0
10.80223925742187,106.6478722259914,41,41,1.0,23,31,5,1,1.0
10.813928881466124,106.66511432455972,28,33,0.997635,23,31,5,1,0.8485
10.755608615763382,106.67347943578082,28,28,1.0,23,31,5,1,1.0
10.782680856341084,106.70051548181168,22,30,1.0,23,31,5,1,0.7333
10.754895139302109,106.67839188181134,26,32,1.0,23,31,5,1,0.8125
10.785070445194592,106.68331340921324,28,28,1.0,23,31,5,1,1.0
10.7549373008113,106.67848844133415,26,32,1.0,23,31,5,1,0.8125
10.77898143649726,106.67684447140958,27,34,0.992146,23,31,5,1,0.7941
10.7671128283867,106.6927618222887,13,20,1.0,23,31,5,1,0.65
10.77847212665258,106.69389510879644,36,41,1.0,23,31,5,1,0.878
10.796057790235078,106.67492629345334,28,33,0.997635,23,32,5,1,0.8485
10.8352982156415,106.72935479345392,42,42,1.0,23,32,5,1,1.0
10.777562007197462,106.7041335430398,22,30,1.0,23,32,5,1,0.7333
10.83886351241477,106.67566625482782,36,36,1.0,23,32,5,1,1.0
10.765187049751797,106.67550552599072,26,35,1.0,23,32,5,1,0.7429
10.75948437198232,106.6840537511244,28,28,1.0,23,32,5,1,1.0
10.865229381280963,106.72366973948476,49,49,1.0,23,32,5,1,1.0
10.72279213640514,106.72808623948244,37,37,1.0,23,32,5,1,1.0
10.823400120373712,106.68551227436063,26,31,1.0,23,32,5,1,0.8387
10.756158554057755,106.66631758181126,30,30,1.0,23,32,5,1,1.0
10.7144382088356,106.73711688366168,35,35,1.0,23,32,5,1,1.0
10.817236653231737,106.63191539530456,35,35,1.0,23,32,5,1,1.0
10.772727584493625,106.69804225297564,15,24,1.0,23,34,5,1,0.625
10.774028664434528,106.70357076461706,13,28,1.0,23,34,5,1,0.4643
10.752616652291238,106.72509685338922,39,39,1.0,23,34,5,1,1.0
10.745754766198267,106.65326266831876,42,42,1.0,23,34,5,1,1.0
10.94927106740351,106.87196348224562,42,42,1.0,23,34,5,1,1.0
10.78866360854368,106.695513722289,42,42,1.0,23,34,5,1,1.0
10.801406421807084,106.7114844087968,42,42,1.0,23,34,5,1,1.0
10.843150534972033,106.6151343241409,35,35,1.0,23,34,5,1,1.0
10.880537767027526,106.81481342866444,53,53,1.0,23,35,5,1,1.0
10.740840166521664,106.61899246873142,34,34,1.0,23,35,5,1,1.0
10.798986343749618,106.7269705664684,45,45,1.0,23,35,5,1,1.0
10.741860769464234,106.73790365482628,45,45,1.0,23,35,5,1,1.0
10.752408891679814,106.7022703818112,33,33,1.0,23,35,5,1,1.0
10.786216596454729,106.71836665482697,40,40,1.0,23,35,5,1,1.0
10.78948793356203,106.7151883818118,36,36,1.0,23,35,5,1,1.0
10.80223925742187,106.6478722259914,41,41,1.0,23,35,5,1,1.0
10.813928881466124,106.66511432455972,26,33,0.997384,23,35,5,1,0.7879
10.755608615763382,106.67347943578082,21,28,1.0,23,35,5,1,0.75
10.782680856341084,106.70051548181168,23,30,1.0,23,35,5,1,0.7667
10.754895139302109,106.67839188181134,27,32,1.0,23,35,5,1,0.8438
10.785070445194592,106.68331340921324,20,27,1.0,23,35,5,1,0.7407
10.7549373008113,106.67848844133415,27,32,1.0,23,35,5,1,0.8438
10.77898143649726,106.67684447140958,27,34,0.992146,23,35,5,1,0.7941
10.7671128283867,106.6927618222887,7,20,1.0,23,35,5,1,0.35
10.77847212665258,106.69389510879644,41,41,1.0,23,35,5,1,1.0
10.796057790235078,106.67492629345334,26,33,0.997384,23,35,5,1,0.7879
10.8352982156415,106.72935479345392,42,42,1.0,23,36,5,1,1.0
10.777562007197462,106.7041335430398,24,31,1.0,23,36,5,1,0.7742
10.83886351241477,106.67566625482782,36,36,1.0,23,36,5,1,1.0
10.765187049751797,106.67550552599072,36,36,1.0,23,36,5,1,1.0
10.75948437198232,106.6840537511244,21,28,0.998947,23,36,5,1,0.75
10.865229381280963,106.72366973948476,49,49,1.0,23,36,5,1,1.0
10.72279213640514,106.72808623948244,31,37,0.996325,23,36,5,1,0.8378
10.823400120373712,106.68551227436063,32,32,1.0,23,36,5,1,1.0
10.756158554057755,106.66631758181126,30,30,1.0,23,36,5,1,1.0
10.7144382088356,106.73711688366168,35,35,1.0,23,36,5,1,1.0
10.817236653231737,106.63191539530456,35,35,1.0,23,37,5,1,1.0
10.772727584493625,106.69804225297564,16,24,1.0,23,39,5,1,0.6667
10.774028664434528,106.70357076461706,18,28,1.0,23,39,5,1,0.6429
10.752616652291238,106.72509685338922,31,39,1.0,23,39,5,1,0.7949
10.745754766198267,106.65326266831876,42,42,1.0,23,39,5,1,1.0
10.94927106740351,106.87196348224562,42,42,1.0,23,39,5,1,1.0
10.78866360854368,106.695513722289,42,42,1.0,23,39,5,1,1.0
10.801406421807084,106.7114844087968,42,42,1.0,23,39,5,1,1.0
10.843150534972033,106.6151343241409,35,35,1.0,23,39,5,1,1.0
10.880537767027526,106.81481342866444,53,53,1.0,23,39,5,1,1.0
10.740840166521664,106.61899246873142,34,34,1.0,23,39,5,1,1.0
10.798986343749618,106.7269705664684,45,45,1.0,23,39,5,1,1.0
10.741860769464234,106.73790365482628,45,45,1.0,23,39,5,1,1.0
10.752408891679814,106.7022703818112,33,33,1.0,23,39,5,1,1.0
10.786216596454729,106.71836665482697,40,40,1.0,23,39,5,1,1.0
10.78948793356203,106.7151883818118,36,36,1.0,23,39,5,1,1.0
10.80223925742187,106.6478722259914,33,41,1.0,23,39,5,1,0.8049
10.813928881466124,106.66511432455972,27,33,0.997671,23,39,5,1,0.8182
10.755608615763382,106.67347943578082,22,27,1.0,23,39,5,1,0.8148
10.782680856341084,106.70051548181168,22,30,1.0,23,39,5,1,0.7333
10.754895139302109,106.67839188181134,32,32,1.0,23,39,5,1,1.0
10.785070445194592,106.68331340921324,20,28,1.0,23,39,5,1,0.7143
10.7549373008113,106.67848844133415,32,32,1.0,23,39,5,1,1.0
10.77898143649726,106.67684447140958,28,34,0.992146,23,39,5,1,0.8235
10.7671128283867,106.6927618222887,8,19,1.0,23,39,5,1,0.4211
10.77847212665258,106.69389510879644,41,41,1.0,23,39,5,1,1.0
10.796057790235078,106.67492629345334,26,33,0.997674,23,39,5,1,0.7879
10.8352982156415,106.72935479345392,42,42,1.0,23,39,5,1,1.0
10.777562007197462,106.7041335430398,23,30,1.0,23,39,5,1,0.7667
10.83886351241477,106.67566625482782,36,36,1.0,23,39,5,1,1.0
10.765187049751797,106.67550552599072,36,36,1.0,23,39,5,1,1.0
10.75948437198232,106.6840537511244,21,27,1.0,23,39,5,1,0.7778
10.865229381280963,106.72366973948476,49,49,1.0,23,39,5,1,1.0
10.72279213640514,106.72808623948244,37,37,1.0,23,39,5,1,1.0
10.823400120373712,106.68551227436063,32,32,1.0,23,39,5,1,1.0
10.756158554057755,106.66631758181126,30,30,1.0,23,39,5,1,1.0
10.7144382088356,106.73711688366168,35,35,1.0,23,40,5,1,1.0
10.817236653231737,106.63191539530456,35,35,1.0,23,40,5,1,1.0
10.772727584493625,106.69804225297564,14,24,1.0,23,42,5,1,0.5833
10.774028664434528,106.70357076461706,15,28,1.0,23,42,5,1,0.5357
10.752616652291238,106.72509685338922,39,39,1.0,23,42,5,1,1.0
10.745754766198267,106.65326266831876,42,42,1.0,23,42,5,1,1.0
10.94927106740351,106.87196348224562,30,41,1.0,23,42,5,1,0.7317
10.78866360854368,106.695513722289,42,42,1.0,23,42,5,1,1.0
10.801406421807084,106.7114844087968,42,42,1.0,23,42,5,1,1.0
10.843150534972033,106.6151343241409,35,35,1.0,23,42,5,1,1.0
10.880537767027526,106.81481342866444,53,53,1.0,23,42,5,1,1.0
10.740840166521664,106.61899246873142,34,34,1.0,23,42,5,1,1.0
10.798986343749618,106.7269705664684,45,45,1.0,23,42,5,1,1.0
10.741860769464234,106.73790365482628,45,45,1.0,23,42,5,1,1.0
10.752408891679814,106.7022703818112,33,33,1.0,23,42,5,1,1.0
10.786216596454729,106.71836665482697,40,40,1.0,23,42,5,1,1.0
10.78948793356203,106.7151883818118,36,36,1.0,23,42,5,1,1.0
10.80223925742187,106.6478722259914,32,41,1.0,23,42,5,1,0.7805
10.813928881466124,106.66511432455972,27,34,0.998479,23,42,5,1,0.7941
10.755608615763382,106.67347943578082,28,28,1.0,23,42,5,1,1.0
10.782680856341084,106.70051548181168,24,31,1.0,23,42,5,1,0.7742
10.754895139302109,106.67839188181134,26,32,1.0,23,42,5,1,0.8125
10.785070445194592,106.68331340921324,28,28,1.0,23,43,5,1,1.0
10.7549373008113,106.67848844133415,26,32,1.0,23,43,5,1,0.8125
10.77898143649726,106.67684447140958,30,34,0.992146,23,43,5,1,0.8824
10.7671128283867,106.6927618222887,8,19,1.0,23,43,5,1,0.4211
10.77847212665258,106.69389510879644,41,41,1.0,23,43,5,1,1.0
10.796057790235078,106.67492629345334,33,33,1.0,23,43,5,1,1.0
10.8352982156415,106.72935479345392,42,42,1.0,23,43,5,1,1.0
10.777562007197462,106.7041335430398,23,30,1.0,23,43,5,1,0.7667
10.83886351241477,106.67566625482782,36,36,1.0,23,43,5,1,1.0
10.765187049751797,106.67550552599072,36,36,1.0,23,43,5,1,1.0
10.75948437198232,106.6840537511244,28,28,1.0,23,43,5,1,1.0
10.865229381280963,106.72366973948476,49,49,1.0,23,43,5,1,1.0
10.72279213640514,106.72808623948244,37,37,1.0,23,43,5,1,1.0
10.823400120373712,106.68551227436063,26,31,1.0,23,43,5,1,0.8387
10.756158554057755,106.66631758181126,24,29,1.0,23,43,5,1,0.8276
10.7144382088356,106.73711688366168,35,35,1.0,23,43,5,1,1.0
10.817236653231737,106.63191539530456,35,35,1.0,23,43,5,1,1.0
10.772727584493625,106.69804225297564,16,24,1.0,23,45,5,1,0.6667
10.774028664434528,106.70357076461706,17,28,1.0,23,46,5,1,0.6071
10.752616652291238,106.72509685338922,39,39,1.0,23,46,5,1,1.0
10.745754766198267,106.65326266831876,42,42,1.0,23,46,5,1,1.0
10.94927106740351,106.87196348224562,42,42,1.0,23,46,5,1,1.0
10.78866360854368,106.695513722289,42,42,1.0,23,46,5,1,1.0
10.801406421807084,106.7114844087968,42,42,1.0,23,46,5,1,1.0
10.843150534972033,106.6151343241409,35,35,1.0,23,46,5,1,1.0
10.880537767027526,106.81481342866444,53,53,1.0,23,46,5,1,1.0
10.740840166521664,106.61899246873142,34,34,1.0,23,46,5,1,1.0
10.798986343749618,106.7269705664684,45,45,1.0,23,46,5,1,1.0
10.741860769464234,106.73790365482628,45,45,1.0,23,46,5,1,1.0
10.752408891679814,106.7022703818112,33,33,1.0,23,46,5,1,1.0
10.786216596454729,106.71836665482697,40,40,1.0,23,46,5,1,1.0
10.78948793356203,106.7151883818118,36,36,1.0,23,46,5,1,1.0
10.80223925742187,106.6478722259914,41,41,1.0,23,46,5,1,1.0
10.813928881466124,106.66511432455972,33,33,1.0,23,46,5,1,1.0
10.755608615763382,106.67347943578082,28,28,1.0,23,46,5,1,1.0
10.782680856341084,106.70051548181168,24,30,1.0,23,46,5,1,0.8
10.754895139302109,106.67839188181134,32,32,1.0,23,46,5,1,1.0
10.785070445194592,106.68331340921324,28,28,1.0,23,46,5,1,1.0
10.7549373008113,106.67848844133415,32,32,1.0,23,47,5,1,1.0
10.77898143649726,106.67684447140958,30,34,0.992146,23,47,5,1,0.8824
10.7671128283867,106.6927618222887,6,21,1.0,23,47,5,1,0.2857
10.77847212665258,106.69389510879644,41,41,1.0,23,47,5,1,1.0
10.796057790235078,106.67492629345334,33,33,1.0,23,47,5,1,1.0
10.8352982156415,106.72935479345392,42,42,1.0,23,47,5,1,1.0
10.777562007197462,106.7041335430398,24,30,1.0,23,47,5,1,0.8
10.83886351241477,106.67566625482782,36,36,1.0,23,47,5,1,1.0
10.765187049751797,106.67550552599072,36,36,1.0,23,47,5,1,1.0
10.75948437198232,106.6840537511244,21,28,1.0,23,47,5,1,0.75
10.865229381280963,106.72366973948476,49,49,1.0,23,47,5,1,1.0
10.72279213640514,106.72808623948244,37,37,1.0,23,47,5,1,1.0
10.823400120373712,106.68551227436063,32,32,1.0,23,47,5,1,1.0
10.756158554057755,106.66631758181126,30,30,1.0,23,47,5,1,1.0
10.7144382088356,106.73711688366168,35,35,1.0,23,47,5,1,1.0
10.817236653231737,106.63191539530456,35,35,1.0,23,47,5,1,1.0
