Latitude,Longitude,CurrentSpeed,FreeFlowSpeed,Confidence,Hour,Minute,DayOfWeek,Weekend,CongestionRatio
10.772727584493625,106.69804225297564,19,24,0.996612,7,14,5,1,0.7917
10.774028664434528,106.70357076461706,29,29,1.0,7,14,5,1,1.0
10.752616652291238,106.72509685338922,39,39,1.0,7,14,5,1,1.0
10.745754766198267,106.65326266831876,42,42,1.0,7,14,5,1,1.0
10.94927106740351,106.87196348224562,29,41,1.0,7,14,5,1,0.7073
10.78866360854368,106.695513722289,36,41,1.0,7,14,5,1,0.878
10.801406421807084,106.7114844087968,36,41,1.0,7,14,5,1,0.878
10.843150534972033,106.6151343241409,26,35,1.0,7,15,5,1,0.7429
10.880537767027526,106.81481342866444,43,53,1.0,7,15,5,1,0.8113
10.740840166521664,106.61899246873142,27,35,1.0,7,15,5,1,0.7714
10.798986343749618,106.7269705664684,45,45,1.0,7,15,5,1,1.0
10.741860769464234,106.73790365482628,33,44,1.0,7,15,5,1,0.75
10.752408891679814,106.7022703818112,26,33,1.0,7,15,5,1,0.7879
10.786216596454729,106.71836665482697,40,40,1.0,7,15,5,1,1.0
10.78948793356203,106.7151883818118,36,36,1.0,7,15,5,1,1.0
10.80223925742187,106.6478722259914,41,41,1.0,7,15,5,1,1.0
10.813928881466124,106.66511432455972,26,33,0.997651,7,15,5,1,0.7879
10.755608615763382,106.67347943578082,28,28,1.0,7,15,5,1,1.0
10.782680856341084,106.70051548181168,24,30,1.0,7,15,5,1,0.8
10.754895139302109,106.67839188181134,23,33,1.0,7,15,5,1,0.697
10.785070445194592,106.68331340921324,17,27,1.0,7,15,5,1,0.6296
10.7549373008113,106.67848844133415,23,33,1.0,7,15,5,1,0.697
10.77898143649726,106.67684447140958,25,34,1.0,7,15,5,1,0.7353
10.7671128283867,106.6927618222887,20,20,1.0,7,15,5,1,1.0
10.77847212665258,106.69389510879644,32,41,1.0,7,15,5,1,0.7805
10.796057790235078,106.67492629345334,25,33,0.997651,7,15,5,1,0.7576
10.8352982156415,106.72935479345392,35,42,0.99245,7,15,5,1,0.8333
10.777562007197462,106.7041335430398,23,30,1.0,7,15,5,1,0.7667
10.83886351241477,106.67566625482782,36,36,1.0,7,15,5,1,1.0
10.765187049751797,106.67550552599072,22,36,1.0,7,15,5,1,0.6111
10.75948437198232,106.6840537511244,22,27,0.99,7,15,5,1,0.8148
10.865229381280963,106.72366973948476,37,49,1.0,7,15,5,1,0.7551
10.72279213640514,106.72808623948244,27,37,0.999742,7,15,5,1,0.7297
10.823400120373712,106.68551227436063,24,32,1.0,7,15,5,1,0.75
10.756158554057755,106.66631758181126,30,30,1.0,7,15,5,1,1.0
10.7144382088356,106.73711688366168,27,35,1.0,7,16,5,1,0.7714
10.817236653231737,106.63191539530456,27,35,1.0,7,16,5,1,0.7714
10.772727584493625,106.69804225297564,16,24,0.997463,7,18,5,1,0.6667
10.774028664434528,106.70357076461706,29,29,1.0,7,18,5,1,1.0
10.752616652291238,106.72509685338922,39,39,1.0,7,18,5,1,1.0
10.745754766198267,106.65326266831876,42,42,1.0,7,18,5,1,1.0
10.94927106740351,106.87196348224562,28,41,1.0,7,18,5,1,0.6829
10.78866360854368,106.695513722289,35,41,1.0,7,18,5,1,0.8537
10.801406421807084,106.7114844087968,35,41,1.0,7,18,5,1,0.8537
10.843150534972033,106.6151343241409,26,35,1.0,7,18,5,1,0.7429
10.880537767027526,106.81481342866444,42,53,1.0,7,18,5,1,0.7925
10.740840166521664,106.61899246873142,27,35,1.0,7,19,5,1,0.7714
10.798986343749618,106.7269705664684,45,45,1.0,7,19,5,1,1.0
10.741860769464234,106.73790365482628,33,45,1.0,7,19,5,1,0.7333
10.752408891679814,106.7022703818112,33,33,1.0,7,19,5,1,1.0
10.786216596454729,106.71836665482697,40,40,1.0,7,19,5,1,1.0
10.78948793356203,106.7151883818118,27,35,1.0,7,19,5,1,0.7714
10.80223925742187,106.6478722259914,41,41,1.0,7,19,5,1,1.0
10.813928881466124,106.66511432455972,25,33,0.998955,7,19,5,1,0.7576
10.755608615763382,106.67347943578082,20,27,0.995817,7,19,5,1,0.7407
10.782680856341084,106.70051548181168,23,30,1.0,7,19,5,1,0.7667
10.754895139302109,106.67839188181134,24,33,1.0,7,19,5,1,0.7273
10.785070445194592,106.68331340921324,18,28,1.0,7,19,5,1,0.6429
10.7549373008113,106.67848844133415,24,33,1.0,7,19,5,1,0.7273
10.77898143649726,106.67684447140958,25,34,1.0,7,19,5,1,0.7353
10.7671128283867,106.6927618222887,20,20,1.0,7,20,5,1,1.0
10.77847212665258,106.69389510879644,31,41,1.0,7,20,5,1,0.7561
10.796057790235078,106.67492629345334,25,33,0.998692,7,20,5,1,0.7576
10.8352982156415,106.72935479345392,42,42,1.0,7,20,5,1,1.0
10.777562007197462,106.7041335430398,23,30,1.0,7,20,5,1,0.7667
10.83886351241477,106.67566625482782,28,35,1.0,7,20,5,1,0.8
10.765187049751797,106.67550552599072,25,35,1.0,7,20,5,1,0.7143
10.75948437198232,106.6840537511244,20,27,0.995817,7,20,5,1,0.7407
10.865229381280963,106.72366973948476,38,49,1.0,7,20,5,1,0.7755
10.72279213640514,106.72808623948244,27,37,0.999509,7,20,5,1,0.7297
10.823400120373712,106.68551227436063,24,31,1.0,7,20,5,1,0.7742
10.756158554057755,106.66631758181126,24,29,1.0,7,20,5,1,0.8276
10.7144382088356,106.73711688366168,26,35,1.0,7,20,5,1,0.7429
10.817236653231737,106.63191539530456,27,35,1.0,7,20,5,1,0.7714
10.772727584493625,106.69804225297564,15,24,0.998098,7,23,5,1,0.625
10.774028664434528,106.70357076461706,29,29,1.0,7,23,5,1,1.0
10.752616652291238,106.72509685338922,31,39,1.0,7,23,5,1,0.7949
10.745754766198267,106.65326266831876,42,42,1.0,7,23,5,1,1.0
10.94927106740351,106.87196348224562,33,41,1.0,7,23,5,1,0.8049
10.78866360854368,106.695513722289,42,42,1.0,7,23,5,1,1.0
10.801406421807084,106.7114844087968,42,42,1.0,7,23,5,1,1.0
10.843150534972033,106.6151343241409,26,35,1.0,7,23,5,1,0.7429
10.880537767027526,106.81481342866444,44,53,1.0,7,23,5,1,0.8302
10.740840166521664,106.61899246873142,28,35,1.0,7,23,5,1,0.8
10.798986343749618,106.7269705664684,45,45,1.0,7,23,5,1,1.0
10.741860769464234,106.73790365482628,36,44,1.0,7,23,5,1,0.8182
10.752408891679814,106.7022703818112,28,34,1.0,7,23,5,1,0.8235
10.786216596454729,106.71836665482697,40,40,1.0,7,24,5,1,1.0
10.78948793356203,106.7151883818118,28,35,1.0,7,24,5,1,0.8
10.80223925742187,106.6478722259914,33,41,1.0,7,24,5,1,0.8049
10.813928881466124,106.66511432455972,25,34,0.997651,7,24,5,1,0.7353
10.755608615763382,106.67347943578082,22,26,0.996863,7,24,5,1,0.8462
10.782680856341084,106.70051548181168,21,30,1.0,7,24,5,1,0.7
10.754895139302109,106.67839188181134,25,33,1.0,7,24,5,1,0.7576
10.785070445194592,106.68331340921324,20,27,1.0,7,24,5,1,0.7407
10.7549373008113,106.67848844133415,25,33,1.0,7,24,5,1,0.7576
10.77898143649726,106.67684447140958,25,35,1.0,7,24,5,1,0.7143
10.7671128283867,106.6927618222887,20,20,1.0,7,24,5,1,1.0
10.77847212665258,106.69389510879644,31,41,1.0,7,24,5,1,0.7561
10.796057790235078,106.67492629345334,25,33,0.997651,7,24,5,1,0.7576
10.8352982156415,106.72935479345392,42,42,1.0,7,24,5,1,1.0
10.777562007197462,106.7041335430398,22,30,1.0,7,24,5,1,0.7333
10.83886351241477,106.67566625482782,36,36,1.0,7,24,5,1,1.0
10.765187049751797,106.67550552599072,24,35,1.0,7,24,5,1,0.6857
10.75948437198232,106.6840537511244,22,27,0.996863,7,25,5,1,0.8148
10.865229381280963,106.72366973948476,37,49,1.0,7,25,5,1,0.7551
10.72279213640514,106.72808623948244,25,37,0.999742,7,25,5,1,0.6757
10.823400120373712,106.68551227436063,20,32,1.0,7,25,5,1,0.625
10.756158554057755,106.66631758181126,25,29,1.0,7,25,5,1,0.8621
10.7144382088356,106.73711688366168,26,35,1.0,7,25,5,1,0.7429
10.817236653231737,106.63191539530456,25,35,1.0,7,25,5,1,0.7143
10.740840166521664,106.61899246873142,27,35,1.0,8,30,5,1,0.7714
10.798986343749618,106.7269705664684,45,45,1.0,8,30,5,1,1.0
10.741860769464234,106.73790365482628,34,44,1.0,8,30,5,1,0.7727
10.752408891679814,106.7022703818112,22,34,1.0,8,30,5,1,0.6471
10.786216596454729,106.71836665482697,40,40,1.0,8,30,5,1,1.0
10.78948793356203,106.7151883818118,25,35,1.0,8,31,5,1,0.7143
10.80223925742187,106.6478722259914,28,41,1.0,8,31,5,1,0.6829
10.813928881466124,106.66511432455972,21,34,0.999242,8,31,5,1,0.6176
10.755608615763382,106.67347943578082,20,28,1.0,8,31,5,1,0.7143
10.782680856341084,106.70051548181168,20,30,1.0,8,31,5,1,0.6667
10.754895139302109,106.67839188181134,23,33,1.0,8,31,5,1,0.697
10.785070445194592,106.68331340921324,17,27,1.0,8,31,5,1,0.6296
10.7549373008113,106.67848844133415,23,33,1.0,8,31,5,1,0.697
10.77898143649726,106.67684447140958,24,34,1.0,8,31,5,1,0.7059
10.7671128283867,106.6927618222887,20,20,1.0,8,31,5,1,1.0
10.77847212665258,106.69389510879644,30,41,1.0,8,31,5,1,0.7317
10.796057790235078,106.67492629345334,21,33,0.998866,8,32,5,1,0.6364
10.8352982156415,106.72935479345392,34,42,0.993128,8,32,5,1,0.8095
10.777562007197462,106.7041335430398,21,30,1.0,8,32,5,1,0.7
10.83886351241477,106.67566625482782,29,36,1.0,8,32,5,1,0.8056
10.765187049751797,106.67550552599072,26,36,1.0,8,32,5,1,0.7222
10.75948437198232,106.6840537511244,20,27,1.0,8,32,5,1,0.7407
10.865229381280963,106.72366973948476,35,49,1.0,8,32,5,1,0.7143
10.72279213640514,106.72808623948244,26,37,0.998396,8,32,5,1,0.7027
10.823400120373712,106.68551227436063,21,32,1.0,8,32,5,1,0.6562
10.756158554057755,106.66631758181126,21,29,1.0,8,32,5,1,0.7241
10.7144382088356,106.73711688366168,26,36,1.0,8,32,5,1,0.7222
10.817236653231737,106.63191539530456,26,35,1.0,8,32,5,1,0.7429
10.772727584493625,106.69804225297564,19,24,0.998732,8,34,5,1,0.7917
10.774028664434528,106.70357076461706,24,28,1.0,8,34,5,1,0.8571
10.752616652291238,106.72509685338922,39,39,1.0,8,34,5,1,1.0
10.745754766198267,106.65326266831876,42,42,1.0,8,34,5,1,1.0
10.94927106740351,106.87196348224562,25,43,1.0,8,34,5,1,0.5814
10.78866360854368,106.695513722289,35,42,1.0,8,34,5,1,0.8333
10.801406421807084,106.7114844087968,35,42,1.0,8,35,5,1,0.8333
10.843150534972033,106.6151343241409,24,35,1.0,8,35,5,1,0.6857
10.880537767027526,106.81481342866444,43,53,1.0,8,35,5,1,0.8113
10.740840166521664,106.61899246873142,25,35,1.0,8,35,5,1,0.7143
10.798986343749618,106.7269705664684,45,45,1.0,8,35,5,1,1.0
10.741860769464234,106.73790365482628,33,44,1.0,8,35,5,1,0.75
10.752408891679814,106.7022703818112,26,33,1.0,8,35,5,1,0.7879
10.786216596454729,106.71836665482697,40,40,1.0,8,35,5,1,1.0
10.78948793356203,106.7151883818118,28,36,1.0,8,35,5,1,0.7778
10.80223925742187,106.6478722259914,31,41,1.0,8,36,5,1,0.7561
10.813928881466124,106.66511432455972,20,34,0.997651,8,36,5,1,0.5882
10.755608615763382,106.67347943578082,28,28,1.0,8,36,5,1,1.0
10.782680856341084,106.70051548181168,20,30,1.0,8,36,5,1,0.6667
10.754895139302109,106.67839188181134,23,32,1.0,8,36,5,1,0.7188
10.785070445194592,106.68331340921324,22,27,1.0,8,36,5,1,0.8148
10.7549373008113,106.67848844133415,23,32,1.0,8,36,5,1,0.7188
10.77898143649726,106.67684447140958,24,34,1.0,8,36,5,1,0.7059
10.7671128283867,106.6927618222887,20,20,1.0,8,36,5,1,1.0
10.77847212665258,106.69389510879644,30,41,1.0,8,36,5,1,0.7317
10.796057790235078,106.67492629345334,21,33,0.997651,8,36,5,1,0.6364
10.8352982156415,106.72935479345392,35,42,0.993903,8,36,5,1,0.8333
10.777562007197462,106.7041335430398,21,30,1.0,8,36,5,1,0.7
10.83886351241477,106.67566625482782,29,36,1.0,8,36,5,1,0.8056
10.765187049751797,106.67550552599072,26,36,1.0,8,36,5,1,0.7222
10.75948437198232,106.6840537511244,21,27,1.0,8,37,5,1,0.7778
10.865229381280963,106.72366973948476,35,49,1.0,8,37,5,1,0.7143
10.72279213640514,106.72808623948244,27,37,0.996317,8,37,5,1,0.7297
10.823400120373712,106.68551227436063,20,31,1.0,8,37,5,1,0.6452
10.756158554057755,106.66631758181126,23,29,1.0,8,37,5,1,0.7931
10.7144382088356,106.73711688366168,26,35,1.0,8,37,5,1,0.7429
10.817236653231737,106.63191539530456,24,35,1.0,8,37,5,1,0.6857
10.772727584493625,106.69804225297564,16,24,0.999366,8,39,5,1,0.6667
10.774028664434528,106.70357076461706,29,29,1.0,8,39,5,1,1.0
10.752616652291238,106.72509685338922,39,39,1.0,8,39,5,1,1.0
10.745754766198267,106.65326266831876,42,42,1.0,8,39,5,1,1.0
10.94927106740351,106.87196348224562,27,42,1.0,8,39,5,1,0.6429
10.78866360854368,106.695513722289,33,42,1.0,8,40,5,1,0.7857
10.801406421807084,106.7114844087968,33,42,1.0,8,40,5,1,0.7857
10.843150534972033,106.6151343241409,25,35,1.0,8,40,5,1,0.7143
10.880537767027526,106.81481342866444,53,53,1.0,8,40,5,1,1.0
10.740840166521664,106.61899246873142,28,36,1.0,8,40,5,1,0.7778
10.798986343749618,106.7269705664684,45,45,1.0,8,40,5,1,1.0
10.741860769464234,106.73790365482628,34,44,1.0,8,40,5,1,0.7727
10.752408891679814,106.7022703818112,26,33,1.0,8,40,5,1,0.7879
10.786216596454729,106.71836665482697,40,40,1.0,8,40,5,1,1.0
10.78948793356203,106.7151883818118,36,36,1.0,8,40,5,1,1.0
10.80223925742187,106.6478722259914,31,39,1.0,8,40,5,1,0.7949
10.813928881466124,106.66511432455972,23,33,0.997734,8,40,5,1,0.697
10.755608615763382,106.67347943578082,20,27,0.998954,8,40,5,1,0.7407
10.782680856341084,106.70051548181168,21,30,1.0,8,40,5,1,0.7
10.754895139302109,106.67839188181134,23,34,1.0,8,40,5,1,0.6765
10.785070445194592,106.68331340921324,18,27,1.0,8,40,5,1,0.6667
10.7549373008113,106.67848844133415,23,33,1.0,8,40,5,1,0.697
10.77898143649726,106.67684447140958,23,34,1.0,8,40,5,1,0.6765
10.7671128283867,106.6927618222887,20,20,1.0,8,40,5,1,1.0
10.77847212665258,106.69389510879644,29,42,1.0,8,40,5,1,0.6905
10.796057790235078,106.67492629345334,23,33,0.997472,8,40,5,1,0.697
10.8352982156415,106.72935479345392,35,42,0.993856,8,41,5,1,0.8333
10.777562007197462,106.7041335430398,22,30,1.0,8,41,5,1,0.7333
10.83886351241477,106.67566625482782,28,36,1.0,8,41,5,1,0.7778
10.765187049751797,106.67550552599072,26,36,1.0,8,41,5,1,0.7222
10.75948437198232,106.6840537511244,20,26,0.998954,8,41,5,1,0.7692
10.865229381280963,106.72366973948476,34,49,1.0,8,41,5,1,0.6939
10.72279213640514,106.72808623948244,26,37,0.998603,8,41,5,1,0.7027
10.823400120373712,106.68551227436063,21,30,1.0,8,41,5,1,0.7
10.756158554057755,106.66631758181126,19,29,1.0,8,41,5,1,0.6552
10.7144382088356,106.73711688366168,26,35,1.0,8,41,5,1,0.7429
10.817236653231737,106.63191539530456,25,35,1.0,8,41,5,1,0.7143
10.772727584493625,106.69804225297564,16,24,0.999366,8,43,5,1,0.6667
10.774028664434528,106.70357076461706,29,29,1.0,8,43,5,1,1.0
10.752616652291238,106.72509685338922,39,39,1.0,8,43,5,1,1.0
10.745754766198267,106.65326266831876,36,42,1.0,8,43,5,1,0.8571
10.94927106740351,106.87196348224562,28,41,1.0,8,43,5,1,0.6829
10.78866360854368,106.695513722289,34,42,1.0,8,43,5,1,0.8095
10.801406421807084,106.7114844087968,34,42,1.0,8,43,5,1,0.8095
10.843150534972033,106.6151343241409,25,35,1.0,8,43,5,1,0.7143
10.880537767027526,106.81481342866444,53,53,1.0,8,43,5,1,1.0
10.740840166521664,106.61899246873142,26,35,1.0,8,43,5,1,0.7429
10.798986343749618,106.7269705664684,45,45,1.0,8,44,5,1,1.0
10.741860769464234,106.73790365482628,34,44,1.0,8,44,5,1,0.7727
10.752408891679814,106.7022703818112,24,34,1.0,8,44,5,1,0.7059
10.786216596454729,106.71836665482697,35,39,1.0,8,44,5,1,0.8974
10.78948793356203,106.7151883818118,36,36,1.0,8,44,5,1,1.0
10.80223925742187,106.6478722259914,31,41,1.0,8,44,5,1,0.7561
10.813928881466124,106.66511432455972,23,33,0.997914,8,44,5,1,0.697
10.755608615763382,106.67347943578082,17,28,0.997945,8,44,5,1,0.6071
10.782680856341084,106.70051548181168,21,30,1.0,8,44,5,1,0.7
10.754895139302109,106.67839188181134,22,33,1.0,8,45,5,1,0.6667
10.785070445194592,106.68331340921324,14,27,1.0,8,45,5,1,0.5185
10.7549373008113,106.67848844133415,22,33,1.0,8,45,5,1,0.6667
10.77898143649726,106.67684447140958,23,34,1.0,8,45,5,1,0.6765
10.7671128283867,106.6927618222887,15,20,1.0,8,45,5,1,0.75
10.77847212665258,106.69389510879644,29,42,1.0,8,45,5,1,0.6905
10.796057790235078,106.67492629345334,23,34,0.997651,8,45,5,1,0.6765
10.8352982156415,106.72935479345392,35,42,0.993129,8,45,5,1,0.8333
10.777562007197462,106.7041335430398,20,30,1.0,8,45,5,1,0.6667
10.83886351241477,106.67566625482782,28,36,1.0,8,45,5,1,0.7778
10.765187049751797,106.67550552599072,23,36,1.0,8,46,5,1,0.6389
10.75948437198232,106.6840537511244,18,28,0.997945,8,46,5,1,0.6429
10.865229381280963,106.72366973948476,35,49,1.0,8,46,5,1,0.7143
10.72279213640514,106.72808623948244,26,37,0.998603,8,46,5,1,0.7027
10.823400120373712,106.68551227436063,24,32,1.0,8,46,5,1,0.75
10.756158554057755,106.66631758181126,19,29,1.0,8,46,5,1,0.6552
10.7144382088356,106.73711688366168,26,35,1.0,8,46,5,1,0.7429
10.817236653231737,106.63191539530456,25,35,1.0,8,46,5,1,0.7143
10.772727584493625,106.69804225297564,18,23,0.999366,8,48,5,1,0.7826
10.774028664434528,106.70357076461706,15,28,1.0,8,49,5,1,0.5357
10.752616652291238,106.72509685338922,39,39,1.0,8,49,5,1,1.0
10.745754766198267,106.65326266831876,42,42,1.0,8,49,5,1,1.0
10.94927106740351,106.87196348224562,28,43,1.0,8,49,5,1,0.6512
10.78866360854368,106.695513722289,34,42,1.0,8,49,5,1,0.8095
10.801406421807084,106.7114844087968,34,42,1.0,8,49,5,1,0.8095
10.843150534972033,106.6151343241409,25,35,1.0,8,49,5,1,0.7143
10.880537767027526,106.81481342866444,53,53,1.0,8,49,5,1,1.0
10.740840166521664,106.61899246873142,27,35,1.0,8,49,5,1,0.7714
10.798986343749618,106.7269705664684,45,45,1.0,8,49,5,1,1.0
10.741860769464234,106.73790365482628,37,44,1.0,8,49,5,1,0.8409
10.752408891679814,106.7022703818112,24,34,1.0,8,49,5,1,0.7059
10.786216596454729,106.71836665482697,40,40,1.0,8,50,5,1,1.0
10.78948793356203,106.7151883818118,36,36,1.0,8,50,5,1,1.0
10.80223925742187,106.6478722259914,28,39,1.0,8,50,5,1,0.7179
10.813928881466124,106.66511432455972,24,34,0.997914,8,50,5,1,0.7059
10.755608615763382,106.67347943578082,21,26,0.998954,8,50,5,1,0.8077
10.782680856341084,106.70051548181168,22,31,1.0,8,51,5,1,0.7097
10.754895139302109,106.67839188181134,23,33,1.0,8,51,5,1,0.697
10.785070445194592,106.68331340921324,17,28,1.0,8,51,5,1,0.6071
10.7549373008113,106.67848844133415,23,33,1.0,8,51,5,1,0.697
10.77898143649726,106.67684447140958,23,34,1.0,8,51,5,1,0.6765
10.7671128283867,106.6927618222887,20,20,1.0,8,51,5,1,1.0
10.77847212665258,106.69389510879644,28,41,1.0,8,51,5,1,0.6829
10.796057790235078,106.67492629345334,24,34,0.997651,8,51,5,1,0.7059
10.8352982156415,106.72935479345392,36,42,0.994046,8,51,5,1,0.8571
10.777562007197462,106.7041335430398,21,30,1.0,8,51,5,1,0.7
10.83886351241477,106.67566625482782,28,37,1.0,8,51,5,1,0.7568
10.765187049751797,106.67550552599072,24,36,1.0,8,51,5,1,0.6667
10.75948437198232,106.6840537511244,21,27,0.998954,8,51,5,1,0.7778
10.865229381280963,106.72366973948476,34,49,1.0,8,52,5,1,0.6939
10.72279213640514,106.72808623948244,25,37,0.998595,8,52,5,1,0.6757
10.823400120373712,106.68551227436063,22,32,1.0,8,52,5,1,0.6875
10.756158554057755,106.66631758181126,21,29,1.0,8,52,5,1,0.7241
10.7144382088356,106.73711688366168,25,35,1.0,8,52,5,1,0.7143
10.817236653231737,106.63191539530456,24,34,1.0,8,52,5,1,0.7059
10.772727584493625,106.69804225297564,18,24,0.999366,8,54,5,1,0.75
10.774028664434528,106.70357076461706,17,27,1.0,8,54,5,1,0.6296
10.752616652291238,106.72509685338922,39,39,1.0,8,54,5,1,1.0
10.745754766198267,106.65326266831876,36,43,1.0,8,54,5,1,0.8372
10.94927106740351,106.87196348224562,28,42,1.0,8,54,5,1,0.6667
10.78866360854368,106.695513722289,33,42,1.0,8,54,5,1,0.7857
10.801406421807084,106.7114844087968,33,42,1.0,8,54,5,1,0.7857
10.843150534972033,106.6151343241409,24,35,1.0,8,55,5,1,0.6857
10.880537767027526,106.81481342866444,45,53,1.0,8,55,5,1,0.8491
10.740840166521664,106.61899246873142,26,36,1.0,8,55,5,1,0.7222
10.798986343749618,106.7269705664684,45,45,1.0,8,55,5,1,1.0
10.741860769464234,106.73790365482628,36,44,1.0,8,55,5,1,0.8182
10.752408891679814,106.7022703818112,24,34,1.0,8,55,5,1,0.7059
10.786216596454729,106.71836665482697,40,40,1.0,8,55,5,1,1.0
10.78948793356203,106.7151883818118,36,36,1.0,8,55,5,1,1.0
10.80223925742187,106.6478722259914,30,39,1.0,8,55,5,1,0.7692
10.813928881466124,106.66511432455972,23,34,0.997651,8,55,5,1,0.6765
10.755608615763382,106.67347943578082,17,27,0.998947,8,55,5,1,0.6296
10.782680856341084,106.70051548181168,19,30,1.0,8,55,5,1,0.6333
10.754895139302109,106.67839188181134,23,32,1.0,8,55,5,1,0.7188
10.785070445194592,106.68331340921324,18,28,1.0,8,55,5,1,0.6429
10.7549373008113,106.67848844133415,23,32,1.0,8,55,5,1,0.7188
10.77898143649726,106.67684447140958,22,34,1.0,8,56,5,1,0.6471
10.7671128283867,106.6927618222887,20,20,1.0,8,56,5,1,1.0
10.77847212665258,106.69389510879644,29,41,1.0,8,56,5,1,0.7073
10.796057790235078,106.67492629345334,23,34,0.997914,8,56,5,1,0.6765
10.8352982156415,106.72935479345392,34,42,0.996572,8,56,5,1,0.8095
10.777562007197462,106.7041335430398,19,30,1.0,8,56,5,1,0.6333
10.83886351241477,106.67566625482782,28,36,1.0,8,56,5,1,0.7778
10.765187049751797,106.67550552599072,29,36,1.0,8,56,5,1,0.8056
10.75948437198232,106.6840537511244,17,27,0.998947,8,56,5,1,0.6296
10.865229381280963,106.72366973948476,34,49,1.0,8,56,5,1,0.6939
10.72279213640514,106.72808623948244,26,37,0.997839,8,56,5,1,0.7027
10.823400120373712,106.68551227436063,20,31,1.0,8,56,5,1,0.6452
10.756158554057755,106.66631758181126,30,30,1.0,8,56,5,1,1.0
10.7144382088356,106.73711688366168,24,35,1.0,8,56,5,1,0.6857
10.817236653231737,106.63191539530456,24,35,1.0,8,56,5,1,0.6857
10.772727584493625,106.69804225297564,15,24,0.998098,8,59,5,1,0.625
10.774028664434528,106.70357076461706,29,29,1.0,8,59,5,1,1.0
10.752616652291238,106.72509685338922,39,39,1.0,8,59,5,1,1.0
10.745754766198267,106.65326266831876,38,43,1.0,8,59,5,1,0.8837
10.94927106740351,106.87196348224562,28,43,1.0,8,59,5,1,0.6512
10.78866360854368,106.695513722289,33,42,1.0,8,59,5,1,0.7857
10.801406421807084,106.7114844087968,33,42,1.0,8,59,5,1,0.7857
10.843150534972033,106.6151343241409,24,35,1.0,8,59,5,1,0.6857
10.880537767027526,106.81481342866444,47,53,1.0,8,59,5,1,0.8868
10.740840166521664,106.61899246873142,25,35,1.0,8,59,5,1,0.7143
10.798986343749618,106.7269705664684,45,45,1.0,8,59,5,1,1.0
10.741860769464234,106.73790365482628,36,44,1.0,8,59,5,1,0.8182
10.752408891679814,106.7022703818112,25,34,1.0,8,59,5,1,0.7353
10.786216596454729,106.71836665482697,40,40,1.0,8,59,5,1,1.0
10.78948793356203,106.7151883818118,36,36,1.0,8,59,5,1,1.0
10.80223925742187,106.6478722259914,29,41,1.0,8,59,5,1,0.7073
10.813928881466124,106.66511432455972,24,34,0.997651,8,59,5,1,0.7059
10.755608615763382,106.67347943578082,19,27,1.0,8,59,5,1,0.7037
10.782680856341084,106.70051548181168,21,30,1.0,8,59,5,1,0.7
10.754895139302109,106.67839188181134,23,32,1.0,9,0,5,1,0.7188
10.785070445194592,106.68331340921324,17,28,1.0,9,0,5,1,0.6071
10.7549373008113,106.67848844133415,23,32,1.0,9,0,5,1,0.7188
10.77898143649726,106.67684447140958,23,34,1.0,9,0,5,1,0.6765
10.7671128283867,106.6927618222887,20,20,1.0,9,0,5,1,1.0
10.77847212665258,106.69389510879644,29,41,1.0,9,0,5,1,0.7073
10.796057790235078,106.67492629345334,24,34,0.997651,9,0,5,1,0.7059
10.8352982156415,106.72935479345392,34,42,0.997119,9,0,5,1,0.8095
10.777562007197462,106.7041335430398,20,30,1.0,9,0,5,1,0.6667
10.83886351241477,106.67566625482782,27,36,1.0,9,0,5,1,0.75
10.765187049751797,106.67550552599072,22,35,1.0,9,0,5,1,0.6286
10.75948437198232,106.6840537511244,19,27,1.0,9,0,5,1,0.7037
10.865229381280963,106.72366973948476,35,49,1.0,9,0,5,1,0.7143
10.72279213640514,106.72808623948244,25,37,0.998015,9,0,5,1,0.6757
10.823400120373712,106.68551227436063,22,31,1.0,9,0,5,1,0.7097
10.756158554057755,106.66631758181126,19,29,1.0,9,0,5,1,0.6552
10.7144382088356,106.73711688366168,25,35,1.0,9,0,5,1,0.7143
10.817236653231737,106.63191539530456,24,35,1.0,9,0,5,1,0.6857
10.772727584493625,106.69804225297564,17,24,0.998098,9,3,5,1,0.7083
10.774028664434528,106.70357076461706,29,29,1.0,9,3,5,1,1.0
10.752616652291238,106.72509685338922,39,39,1.0,9,3,5,1,1.0
10.745754766198267,106.65326266831876,42,42,1.0,9,3,5,1,1.0
10.94927106740351,106.87196348224562,25,42,1.0,9,3,5,1,0.5952
10.78866360854368,106.695513722289,33,42,1.0,9,3,5,1,0.7857
10.801406421807084,106.7114844087968,33,42,1.0,9,3,5,1,0.7857
10.843150534972033,106.6151343241409,23,35,1.0,9,3,5,1,0.6571
10.880537767027526,106.81481342866444,48,53,1.0,9,3,5,1,0.9057
10.740840166521664,106.61899246873142,25,35,1.0,9,3,5,1,0.7143
10.798986343749618,106.7269705664684,45,45,1.0,9,3,5,1,1.0
10.741860769464234,106.73790365482628,37,44,1.0,9,3,5,1,0.8409
10.752408891679814,106.7022703818112,25,34,1.0,9,3,5,1,0.7353
10.786216596454729,106.71836665482697,40,40,1.0,9,3,5,1,1.0
10.78948793356203,106.7151883818118,26,34,1.0,9,3,5,1,0.7647
10.80223925742187,106.6478722259914,29,41,1.0,9,3,5,1,0.7073
10.813928881466124,106.66511432455972,23,33,0.998772,9,3,5,1,0.697
10.755608615763382,106.67347943578082,18,28,0.997901,9,3,5,1,0.6429
10.782680856341084,106.70051548181168,21,30,1.0,9,3,5,1,0.7
10.754895139302109,106.67839188181134,21,33,1.0,9,3,5,1,0.6364
10.785070445194592,106.68331340921324,18,28,1.0,9,3,5,1,0.6429
10.7549373008113,106.67848844133415,21,33,1.0,9,3,5,1,0.6364
10.77898143649726,106.67684447140958,21,34,1.0,9,3,5,1,0.6176
10.7671128283867,106.6927618222887,20,20,1.0,9,3,5,1,1.0
10.77847212665258,106.69389510879644,28,41,1.0,9,3,5,1,0.6829
10.796057790235078,106.67492629345334,23,33,0.998772,9,3,5,1,0.697
10.8352982156415,106.72935479345392,36,42,0.997113,9,3,5,1,0.8571
10.777562007197462,106.7041335430398,21,30,1.0,9,4,5,1,0.7
10.83886351241477,106.67566625482782,27,36,1.0,9,4,5,1,0.75
10.765187049751797,106.67550552599072,20,35,1.0,9,4,5,1,0.5714
10.75948437198232,106.6840537511244,18,27,0.997886,9,4,5,1,0.6667
10.865229381280963,106.72366973948476,34,49,1.0,9,4,5,1,0.6939
10.72279213640514,106.72808623948244,26,37,0.997961,9,4,5,1,0.7027
10.823400120373712,106.68551227436063,21,32,1.0,9,4,5,1,0.6562
10.756158554057755,106.66631758181126,23,29,1.0,9,4,5,1,0.7931
10.7144382088356,106.73711688366168,25,35,1.0,9,4,5,1,0.7143
10.817236653231737,106.63191539530456,23,35,1.0,9,4,5,1,0.6571
10.772727584493625,106.69804225297564,18,24,0.998098,9,6,5,1,0.75
10.774028664434528,106.70357076461706,29,29,1.0,9,6,5,1,1.0
10.752616652291238,106.72509685338922,39,39,1.0,9,6,5,1,1.0
10.745754766198267,106.65326266831876,36,42,1.0,9,6,5,1,0.8571
10.94927106740351,106.87196348224562,27,41,1.0,9,6,5,1,0.6585
10.78866360854368,106.695513722289,32,41,1.0,9,6,5,1,0.7805
10.801406421807084,106.7114844087968,32,41,1.0,9,6,5,1,0.7805
10.843150534972033,106.6151343241409,23,35,1.0,9,6,5,1,0.6571
10.880537767027526,106.81481342866444,46,53,1.0,9,6,5,1,0.8679
10.740840166521664,106.61899246873142,25,35,1.0,9,6,5,1,0.7143
10.798986343749618,106.7269705664684,45,45,1.0,9,6,5,1,1.0
10.741860769464234,106.73790365482628,37,44,1.0,9,6,5,1,0.8409
10.752408891679814,106.7022703818112,23,34,1.0,9,6,5,1,0.6765
10.786216596454729,106.71836665482697,40,40,1.0,9,6,5,1,1.0
10.78948793356203,106.7151883818118,36,36,1.0,9,6,5,1,1.0
10.80223925742187,106.6478722259914,30,40,1.0,9,6,5,1,0.75
10.813928881466124,106.66511432455972,21,34,0.999187,9,7,5,1,0.6176
10.755608615763382,106.67347943578082,20,28,1.0,9,7,5,1,0.7143
10.782680856341084,106.70051548181168,19,30,1.0,9,7,5,1,0.6333
10.754895139302109,106.67839188181134,22,33,1.0,9,7,5,1,0.6667
10.785070445194592,106.68331340921324,16,27,1.0,9,7,5,1,0.5926
10.7549373008113,106.67848844133415,21,32,1.0,9,7,5,1,0.6562
10.77898143649726,106.67684447140958,20,34,1.0,9,7,5,1,0.5882
10.7671128283867,106.6927618222887,20,20,1.0,9,7,5,1,1.0
10.77847212665258,106.69389510879644,28,42,1.0,9,7,5,1,0.6667
10.796057790235078,106.67492629345334,21,34,0.999187,9,7,5,1,0.6176
10.8352982156415,106.72935479345392,34,42,0.996871,9,7,5,1,0.8095
10.777562007197462,106.7041335430398,20,30,1.0,9,7,5,1,0.6667
10.83886351241477,106.67566625482782,26,36,1.0,9,7,5,1,0.7222
10.765187049751797,106.67550552599072,26,35,1.0,9,7,5,1,0.7429
10.75948437198232,106.6840537511244,20,28,1.0,9,7,5,1,0.7143
10.865229381280963,106.72366973948476,35,49,1.0,9,7,5,1,0.7143
10.72279213640514,106.72808623948244,25,37,0.998088,9,7,5,1,0.6757
10.823400120373712,106.68551227436063,21,32,1.0,9,7,5,1,0.6562
10.756158554057755,106.66631758181126,20,29,1.0,9,7,5,1,0.6897
10.7144382088356,106.73711688366168,24,35,1.0,9,7,5,1,0.6857
10.817236653231737,106.63191539530456,23,35,1.0,9,7,5,1,0.6571
10.772727584493625,106.69804225297564,17,24,0.999366,9,9,5,1,0.7083
10.774028664434528,106.70357076461706,29,29,1.0,9,9,5,1,1.0
10.752616652291238,106.72509685338922,39,39,1.0,9,9,5,1,1.0
10.745754766198267,106.65326266831876,42,42,1.0,9,9,5,1,1.0
10.94927106740351,106.87196348224562,27,42,1.0,9,9,5,1,0.6429
10.78866360854368,106.695513722289,34,42,1.0,9,10,5,1,0.8095
10.801406421807084,106.7114844087968,34,42,1.0,9,10,5,1,0.8095
10.843150534972033,106.6151343241409,25,35,1.0,9,10,5,1,0.7143
10.880537767027526,106.81481342866444,47,53,1.0,9,10,5,1,0.8868
10.740840166521664,106.61899246873142,23,35,1.0,9,10,5,1,0.6571
10.798986343749618,106.7269705664684,45,45,1.0,9,10,5,1,1.0
10.741860769464234,106.73790365482628,45,45,1.0,9,10,5,1,1.0
10.752408891679814,106.7022703818112,23,34,1.0,9,10,5,1,0.6765
10.786216596454729,106.71836665482697,40,40,1.0,9,10,5,1,1.0
10.78948793356203,106.7151883818118,36,36,1.0,9,10,5,1,1.0
10.80223925742187,106.6478722259914,31,39,1.0,9,10,5,1,0.7949
10.813928881466124,106.66511432455972,21,33,0.998954,9,10,5,1,0.6364
10.755608615763382,106.67347943578082,19,27,1.0,9,10,5,1,0.7037
10.782680856341084,106.70051548181168,20,30,1.0,9,10,5,1,0.6667
10.754895139302109,106.67839188181134,21,33,1.0,9,10,5,1,0.6364
10.785070445194592,106.68331340921324,14,28,1.0,9,10,5,1,0.5
10.7549373008113,106.67848844133415,21,33,1.0,9,10,5,1,0.6364
10.77898143649726,106.67684447140958,20,34,1.0,9,10,5,1,0.5882
10.7671128283867,106.6927618222887,20,20,1.0,9,10,5,1,1.0
10.77847212665258,106.69389510879644,29,42,1.0,9,10,5,1,0.6905
10.796057790235078,106.67492629345334,22,34,0.999715,9,10,5,1,0.6471
10.8352982156415,106.72935479345392,35,42,0.997235,9,10,5,1,0.8333
10.777562007197462,106.7041335430398,20,30,1.0,9,10,5,1,0.6667
10.83886351241477,106.67566625482782,27,36,1.0,9,10,5,1,0.75
10.765187049751797,106.67550552599072,23,35,1.0,9,10,5,1,0.6571
10.75948437198232,106.6840537511244,20,27,1.0,9,10,5,1,0.7407
10.865229381280963,106.72366973948476,35,49,1.0,9,11,5,1,0.7143
10.72279213640514,106.72808623948244,24,37,0.997203,9,11,5,1,0.6486
10.823400120373712,106.68551227436063,21,32,1.0,9,11,5,1,0.6562
10.756158554057755,106.66631758181126,24,29,1.0,9,11,5,1,0.8276
10.7144382088356,106.73711688366168,24,35,1.0,9,11,5,1,0.6857
10.817236653231737,106.63191539530456,24,35,1.0,9,11,5,1,0.6857
10.772727584493625,106.69804225297564,16,24,0.999366,9,13,5,1,0.6667
10.774028664434528,106.70357076461706,29,29,1.0,9,13,5,1,1.0
10.752616652291238,106.72509685338922,39,39,1.0,9,13,5,1,1.0
10.745754766198267,106.65326266831876,38,43,1.0,9,13,5,1,0.8837
10.94927106740351,106.87196348224562,28,42,1.0,9,13,5,1,0.6667
10.78866360854368,106.695513722289,34,42,1.0,9,13,5,1,0.8095
10.801406421807084,106.7114844087968,34,42,1.0,9,14,5,1,0.8095
10.843150534972033,106.6151343241409,24,35,1.0,9,14,5,1,0.6857
10.880537767027526,106.81481342866444,45,53,1.0,9,14,5,1,0.8491
10.740840166521664,106.61899246873142,23,35,1.0,9,14,5,1,0.6571
10.798986343749618,106.7269705664684,45,45,1.0,9,14,5,1,1.0
10.741860769464234,106.73790365482628,45,45,1.0,9,14,5,1,1.0
10.752408891679814,106.7022703818112,22,33,1.0,9,14,5,1,0.6667
10.786216596454729,106.71836665482697,40,40,1.0,9,14,5,1,1.0
10.78948793356203,106.7151883818118,36,36,1.0,9,14,5,1,1.0
10.80223925742187,106.6478722259914,29,41,1.0,9,14,5,1,0.7073
10.813928881466124,106.66511432455972,23,34,0.998691,9,14,5,1,0.6765
10.755608615763382,106.67347943578082,18,27,1.0,9,14,5,1,0.6667
10.782680856341084,106.70051548181168,22,30,1.0,9,14,5,1,0.7333
10.754895139302109,106.67839188181134,21,32,1.0,9,14,5,1,0.6562
10.785070445194592,106.68331340921324,16,27,1.0,9,15,5,1,0.5926
10.7549373008113,106.67848844133415,21,33,1.0,9,15,5,1,0.6364
10.77898143649726,106.67684447140958,20,34,1.0,9,15,5,1,0.5882
10.7671128283867,106.6927618222887,20,20,1.0,9,15,5,1,1.0
10.77847212665258,106.69389510879644,28,41,1.0,9,15,5,1,0.6829
10.796057790235078,106.67492629345334,22,34,0.998691,9,15,5,1,0.6471
10.8352982156415,106.72935479345392,34,42,0.997598,9,15,5,1,0.8095
10.777562007197462,106.7041335430398,21,30,1.0,9,15,5,1,0.7
10.83886351241477,106.67566625482782,28,36,1.0,9,15,5,1,0.7778
10.765187049751797,106.67550552599072,24,35,1.0,9,15,5,1,0.6857
10.75948437198232,106.6840537511244,18,28,0.997901,9,15,5,1,0.6429
10.865229381280963,106.72366973948476,34,49,1.0,9,15,5,1,0.6939
10.72279213640514,106.72808623948244,24,36,0.997926,9,15,5,1,0.6667
10.823400120373712,106.68551227436063,20,31,1.0,9,16,5,1,0.6452
10.756158554057755,106.66631758181126,20,29,1.0,9,16,5,1,0.6897
10.7144382088356,106.73711688366168,25,35,1.0,9,16,5,1,0.7143
10.817236653231737,106.63191539530456,25,35,1.0,9,16,5,1,0.7143
10.772727584493625,106.69804225297564,13,25,0.999366,9,18,5,1,0.52
10.774028664434528,106.70357076461706,29,29,1.0,9,18,5,1,1.0
10.752616652291238,106.72509685338922,33,39,1.0,9,18,5,1,0.8462
10.745754766198267,106.65326266831876,42,42,1.0,9,18,5,1,1.0
10.94927106740351,106.87196348224562,30,42,1.0,9,18,5,1,0.7143
10.78866360854368,106.695513722289,33,42,1.0,9,18,5,1,0.7857
10.801406421807084,106.7114844087968,33,42,1.0,9,18,5,1,0.7857
10.843150534972033,106.6151343241409,26,35,1.0,9,18,5,1,0.7429
10.880537767027526,106.81481342866444,47,54,1.0,9,18,5,1,0.8704
10.740840166521664,106.61899246873142,23,35,1.0,9,18,5,1,0.6571
10.798986343749618,106.7269705664684,45,45,1.0,9,18,5,1,1.0
10.741860769464234,106.73790365482628,38,44,1.0,9,18,5,1,0.8636
10.752408891679814,106.7022703818112,22,34,1.0,9,18,5,1,0.6471
10.786216596454729,106.71836665482697,40,40,1.0,9,18,5,1,1.0
10.78948793356203,106.7151883818118,36,36,1.0,9,18,5,1,1.0
10.80223925742187,106.6478722259914,31,39,1.0,9,18,5,1,0.7949
10.813928881466124,106.66511432455972,22,33,0.998955,9,18,5,1,0.6667
10.755608615763382,106.67347943578082,19,27,1.0,9,18,5,1,0.7037
10.782680856341084,106.70051548181168,20,30,1.0,9,18,5,1,0.6667
10.754895139302109,106.67839188181134,21,33,1.0,9,18,5,1,0.6364
10.785070445194592,106.68331340921324,12,27,1.0,9,18,5,1,0.4444
10.7549373008113,106.67848844133415,21,33,1.0,9,18,5,1,0.6364
10.77898143649726,106.67684447140958,20,34,1.0,9,18,5,1,0.5882
10.7671128283867,106.6927618222887,16,20,1.0,9,18,5,1,0.8
10.77847212665258,106.69389510879644,28,41,1.0,9,18,5,1,0.6829
10.796057790235078,106.67492629345334,22,33,1.0,9,18,5,1,0.6667
10.8352982156415,106.72935479345392,35,42,0.997744,9,19,5,1,0.8333
10.777562007197462,106.7041335430398,20,30,1.0,9,19,5,1,0.6667
10.83886351241477,106.67566625482782,28,36,1.0,9,19,5,1,0.7778
10.765187049751797,106.67550552599072,25,36,1.0,9,19,5,1,0.6944
10.75948437198232,106.6840537511244,18,27,1.0,9,19,5,1,0.6667
10.865229381280963,106.72366973948476,34,49,1.0,9,19,5,1,0.6939
10.72279213640514,106.72808623948244,24,37,0.998475,9,19,5,1,0.6486
10.823400120373712,106.68551227436063,23,31,1.0,9,19,5,1,0.7419
10.756158554057755,106.66631758181126,20,29,1.0,9,19,5,1,0.6897
10.7144382088356,106.73711688366168,23,36,1.0,9,19,5,1,0.6389
10.817236653231737,106.63191539530456,26,35,1.0,9,19,5,1,0.7429
10.772727584493625,106.69804225297564,16,24,0.999366,9,21,5,1,0.6667
10.774028664434528,106.70357076461706,29,29,1.0,9,21,5,1,1.0
10.752616652291238,106.72509685338922,33,38,1.0,9,22,5,1,0.8684
10.745754766198267,106.65326266831876,36,42,1.0,9,22,5,1,0.8571
10.94927106740351,106.87196348224562,29,42,1.0,9,22,5,1,0.6905
10.78866360854368,106.695513722289,32,42,1.0,9,22,5,1,0.7619
10.801406421807084,106.7114844087968,32,42,1.0,9,22,5,1,0.7619
10.843150534972033,106.6151343241409,24,35,1.0,9,22,5,1,0.6857
10.880537767027526,106.81481342866444,45,54,1.0,9,22,5,1,0.8333
10.740840166521664,106.61899246873142,22,35,1.0,9,22,5,1,0.6286
10.798986343749618,106.7269705664684,45,45,1.0,9,22,5,1,1.0
10.741860769464234,106.73790365482628,45,45,1.0,9,22,5,1,1.0
10.752408891679814,106.7022703818112,21,34,1.0,9,22,5,1,0.6176
10.786216596454729,106.71836665482697,40,40,1.0,9,22,5,1,1.0
10.78948793356203,106.7151883818118,36,36,1.0,9,22,5,1,1.0
10.80223925742187,106.6478722259914,29,41,1.0,9,23,5,1,0.7073
10.813928881466124,106.66511432455972,22,34,1.0,9,23,5,1,0.6471
10.755608615763382,106.67347943578082,18,28,1.0,9,23,5,1,0.6429
10.782680856341084,106.70051548181168,19,30,1.0,9,23,5,1,0.6333
10.754895139302109,106.67839188181134,22,32,1.0,9,23,5,1,0.6875
10.785070445194592,106.68331340921324,16,28,1.0,9,23,5,1,0.5714
10.7549373008113,106.67848844133415,22,32,1.0,9,23,5,1,0.6875
10.77898143649726,106.67684447140958,19,34,1.0,9,23,5,1,0.5588
10.7671128283867,106.6927618222887,20,20,1.0,9,23,5,1,1.0
10.77847212665258,106.69389510879644,27,41,1.0,9,23,5,1,0.6585
10.796057790235078,106.67492629345334,22,34,1.0,9,23,5,1,0.6471
10.8352982156415,106.72935479345392,32,42,0.997827,9,23,5,1,0.7619
10.777562007197462,106.7041335430398,20,30,1.0,9,23,5,1,0.6667
10.83886351241477,106.67566625482782,28,36,1.0,9,23,5,1,0.7778
10.765187049751797,106.67550552599072,24,35,1.0,9,24,5,1,0.6857
10.75948437198232,106.6840537511244,19,27,0.998954,9,24,5,1,0.7037
10.865229381280963,106.72366973948476,34,49,1.0,9,24,5,1,0.6939
10.72279213640514,106.72808623948244,24,37,0.998476,9,24,5,1,0.6486
10.823400120373712,106.68551227436063,21,31,1.0,9,24,5,1,0.6774
10.756158554057755,106.66631758181126,21,28,1.0,9,24,5,1,0.75
10.7144382088356,106.73711688366168,24,35,1.0,9,24,5,1,0.6857
10.817236653231737,106.63191539530456,24,35,1.0,9,24,5,1,0.6857
10.772727584493625,106.69804225297564,16,24,0.999366,9,26,5,1,0.6667
10.774028664434528,106.70357076461706,29,29,1.0,9,26,5,1,1.0
10.752616652291238,106.72509685338922,39,39,1.0,9,26,5,1,1.0
10.745754766198267,106.65326266831876,36,43,1.0,9,26,5,1,0.8372
10.94927106740351,106.87196348224562,33,42,1.0,9,26,5,1,0.7857
10.78866360854368,106.695513722289,32,42,1.0,9,26,5,1,0.7619
10.801406421807084,106.7114844087968,31,41,1.0,9,27,5,1,0.7561
10.843150534972033,106.6151343241409,24,35,1.0,9,27,5,1,0.6857
10.880537767027526,106.81481342866444,46,53,1.0,9,27,5,1,0.8679
10.740840166521664,106.61899246873142,22,35,1.0,9,27,5,1,0.6286
10.798986343749618,106.7269705664684,45,45,1.0,9,27,5,1,1.0
10.741860769464234,106.73790365482628,39,44,1.0,9,27,5,1,0.8864
10.752408891679814,106.7022703818112,21,34,1.0,9,27,5,1,0.6176
10.786216596454729,106.71836665482697,40,40,1.0,9,27,5,1,1.0
10.78948793356203,106.7151883818118,36,36,1.0,9,27,5,1,1.0
10.80223925742187,106.6478722259914,30,41,1.0,9,27,5,1,0.7317
10.813928881466124,106.66511432455972,22,34,0.999713,9,27,5,1,0.6471
10.755608615763382,106.67347943578082,19,27,0.998954,9,27,5,1,0.7037
10.782680856341084,106.70051548181168,20,30,1.0,9,27,5,1,0.6667
10.754895139302109,106.67839188181134,21,33,1.0,9,27,5,1,0.6364
10.785070445194592,106.68331340921324,19,27,1.0,9,27,5,1,0.7037
10.7549373008113,106.67848844133415,21,33,1.0,9,27,5,1,0.6364
10.77898143649726,106.67684447140958,19,34,1.0,9,27,5,1,0.5588
10.7671128283867,106.6927618222887,12,19,0.99,9,27,5,1,0.6316
10.77847212665258,106.69389510879644,28,41,1.0,9,28,5,1,0.6829
10.796057790235078,106.67492629345334,22,34,0.999713,9,28,5,1,0.6471
10.8352982156415,106.72935479345392,33,42,0.997829,9,28,5,1,0.7857
10.777562007197462,106.7041335430398,20,30,1.0,9,28,5,1,0.6667
10.83886351241477,106.67566625482782,27,36,1.0,9,28,5,1,0.75
10.765187049751797,106.67550552599072,26,36,1.0,9,28,5,1,0.7222
10.75948437198232,106.6840537511244,19,27,0.998954,9,28,5,1,0.7037
10.865229381280963,106.72366973948476,34,49,1.0,9,28,5,1,0.6939
10.72279213640514,106.72808623948244,24,37,0.997399,9,28,5,1,0.6486
10.823400120373712,106.68551227436063,20,30,1.0,9,28,5,1,0.6667
10.756158554057755,106.66631758181126,22,29,1.0,9,28,5,1,0.7586
10.7144382088356,106.73711688366168,25,35,1.0,9,28,5,1,0.7143
10.817236653231737,106.63191539530456,23,35,1.0,9,28,5,1,0.6571
10.772727584493625,106.69804225297564,15,24,0.999366,9,30,5,1,0.625
10.774028664434528,106.70357076461706,29,29,1.0,9,30,5,1,1.0
10.752616652291238,106.72509685338922,39,39,1.0,9,30,5,1,1.0
10.745754766198267,106.65326266831876,36,43,1.0,9,30,5,1,0.8372
10.94927106740351,106.87196348224562,27,41,1.0,9,30,5,1,0.6585
10.78866360854368,106.695513722289,32,41,1.0,9,30,5,1,0.7805
10.801406421807084,106.7114844087968,32,41,1.0,9,31,5,1,0.7805
10.843150534972033,106.6151343241409,21,35,1.0,9,31,5,1,0.6
10.880537767027526,106.81481342866444,48,53,1.0,9,31,5,1,0.9057
10.740840166521664,106.61899246873142,23,35,1.0,9,31,5,1,0.6571
10.798986343749618,106.7269705664684,45,45,1.0,9,31,5,1,1.0
10.741860769464234,106.73790365482628,45,45,1.0,9,31,5,1,1.0
10.752408891679814,106.7022703818112,23,34,1.0,9,31,5,1,0.6765
10.786216596454729,106.71836665482697,40,40,1.0,9,31,5,1,1.0
10.78948793356203,106.7151883818118,36,36,1.0,9,31,5,1,1.0
10.80223925742187,106.6478722259914,30,41,1.0,9,31,5,1,0.7317
10.813928881466124,106.66511432455972,22,34,0.999073,9,31,5,1,0.6471
10.755608615763382,106.67347943578082,19,27,1.0,9,31,5,1,0.7037
10.782680856341084,106.70051548181168,22,30,1.0,9,31,5,1,0.7333
10.754895139302109,106.67839188181134,21,33,1.0,9,31,5,1,0.6364
10.785070445194592,106.68331340921324,18,27,1.0,9,31,5,1,0.6667
10.7549373008113,106.67848844133415,21,33,1.0,9,31,5,1,0.6364
10.77898143649726,106.67684447140958,19,34,1.0,9,32,5,1,0.5588
10.7671128283867,106.6927618222887,20,20,1.0,9,32,5,1,1.0
10.77847212665258,106.69389510879644,28,42,1.0,9,32,5,1,0.6667
10.796057790235078,106.67492629345334,22,34,0.99914,9,32,5,1,0.6471
10.8352982156415,106.72935479345392,34,42,0.997468,9,32,5,1,0.8095
10.777562007197462,106.7041335430398,22,30,1.0,9,32,5,1,0.7333
10.83886351241477,106.67566625482782,26,35,1.0,9,32,5,1,0.7429
10.765187049751797,106.67550552599072,25,35,1.0,9,32,5,1,0.7143
10.75948437198232,106.6840537511244,19,28,1.0,9,32,5,1,0.6786
10.865229381280963,106.72366973948476,34,49,1.0,9,32,5,1,0.6939
10.72279213640514,106.72808623948244,24,37,0.996876,9,32,5,1,0.6486
10.823400120373712,106.68551227436063,21,31,1.0,9,32,5,1,0.6774
10.756158554057755,106.66631758181126,18,29,1.0,9,32,5,1,0.6207
10.7144382088356,106.73711688366168,24,35,1.0,9,32,5,1,0.6857
10.817236653231737,106.63191539530456,22,35,1.0,9,32,5,1,0.6286
10.772727584493625,106.69804225297564,17,24,0.999366,9,34,5,1,0.7083
10.774028664434528,106.70357076461706,22,28,1.0,9,34,5,1,0.7857
10.752616652291238,106.72509685338922,39,39,1.0,9,34,5,1,1.0
10.745754766198267,106.65326266831876,35,43,1.0,9,34,5,1,0.814
10.94927106740351,106.87196348224562,31,42,1.0,9,34,5,1,0.7381
10.78866360854368,106.695513722289,33,42,1.0,9,34,5,1,0.7857
10.801406421807084,106.7114844087968,33,42,1.0,9,34,5,1,0.7857
10.843150534972033,106.6151343241409,22,35,1.0,9,34,5,1,0.6286
10.880537767027526,106.81481342866444,48,54,1.0,9,34,5,1,0.8889
10.740840166521664,106.61899246873142,22,35,1.0,9,34,5,1,0.6286
10.798986343749618,106.7269705664684,45,45,1.0,9,34,5,1,1.0
10.741860769464234,106.73790365482628,45,45,1.0,9,34,5,1,1.0
10.752408891679814,106.7022703818112,21,33,1.0,9,34,5,1,0.6364
10.786216596454729,106.71836665482697,40,40,1.0,9,34,5,1,1.0
10.78948793356203,106.7151883818118,36,36,1.0,9,34,5,1,1.0
10.80223925742187,106.6478722259914,32,41,1.0,9,34,5,1,0.7805
10.813928881466124,106.66511432455972,22,34,0.998384,9,34,5,1,0.6471
10.755608615763382,106.67347943578082,18,27,1.0,9,34,5,1,0.6667
10.782680856341084,106.70051548181168,21,30,1.0,9,35,5,1,0.7
10.754895139302109,106.67839188181134,20,32,1.0,9,35,5,1,0.625
10.785070445194592,106.68331340921324,14,27,1.0,9,35,5,1,0.5185
10.7549373008113,106.67848844133415,20,32,1.0,9,35,5,1,0.625
10.77898143649726,106.67684447140958,19,34,1.0,9,35,5,1,0.5588
10.7671128283867,106.6927618222887,16,20,1.0,9,35,5,1,0.8
10.77847212665258,106.69389510879644,28,41,1.0,9,35,5,1,0.6829
10.796057790235078,106.67492629345334,21,33,0.998959,9,35,5,1,0.6364
10.8352982156415,106.72935479345392,32,42,0.997652,9,35,5,1,0.7619
10.777562007197462,106.7041335430398,21,30,1.0,9,35,5,1,0.7
10.83886351241477,106.67566625482782,25,36,1.0,9,35,5,1,0.6944
10.765187049751797,106.67550552599072,25,36,1.0,9,36,5,1,0.6944
10.75948437198232,106.6840537511244,18,28,0.997901,9,36,5,1,0.6429
10.865229381280963,106.72366973948476,34,49,1.0,9,36,5,1,0.6939
10.72279213640514,106.72808623948244,24,37,0.997578,9,36,5,1,0.6486
10.823400120373712,106.68551227436063,20,32,1.0,9,36,5,1,0.625
10.756158554057755,106.66631758181126,20,28,1.0,9,36,5,1,0.7143
10.7144382088356,106.73711688366168,23,35,1.0,9,36,5,1,0.6571
10.817236653231737,106.63191539530456,22,35,1.0,9,36,5,1,0.6286
10.772727584493625,106.69804225297564,15,24,0.998732,9,38,5,1,0.625
10.774028664434528,106.70357076461706,29,29,1.0,9,38,5,1,1.0
10.752616652291238,106.72509685338922,39,39,1.0,9,38,5,1,1.0
10.745754766198267,106.65326266831876,34,43,1.0,9,38,5,1,0.7907
10.94927106740351,106.87196348224562,33,41,1.0,9,38,5,1,0.8049
10.78866360854368,106.695513722289,32,42,1.0,9,38,5,1,0.7619
10.801406421807084,106.7114844087968,32,42,1.0,9,39,5,1,0.7619
10.843150534972033,106.6151343241409,23,35,1.0,9,39,5,1,0.6571
10.880537767027526,106.81481342866444,53,53,1.0,9,39,5,1,1.0
10.740840166521664,106.61899246873142,23,35,1.0,9,39,5,1,0.6571
10.798986343749618,106.7269705664684,45,45,1.0,9,39,5,1,1.0
10.741860769464234,106.73790365482628,45,45,1.0,9,39,5,1,1.0
10.752408891679814,106.7022703818112,22,34,1.0,9,39,5,1,0.6471
10.786216596454729,106.71836665482697,35,40,1.0,9,39,5,1,0.875
10.78948793356203,106.7151883818118,36,36,1.0,9,39,5,1,1.0
10.80223925742187,106.6478722259914,30,39,1.0,9,39,5,1,0.7692
10.813928881466124,106.66511432455972,21,34,0.997472,9,39,5,1,0.6176
10.755608615763382,106.67347943578082,19,28,1.0,9,39,5,1,0.6786
10.782680856341084,106.70051548181168,21,30,1.0,9,39,5,1,0.7
10.754895139302109,106.67839188181134,20,33,1.0,9,39,5,1,0.6061
10.785070445194592,106.68331340921324,13,27,1.0,9,39,5,1,0.4815
10.7549373008113,106.67848844133415,20,33,1.0,9,39,5,1,0.6061
10.77898143649726,106.67684447140958,20,34,1.0,9,39,5,1,0.5882
10.7671128283867,106.6927618222887,20,20,1.0,9,39,5,1,1.0
10.77847212665258,106.69389510879644,27,41,1.0,9,39,5,1,0.6585
10.796057790235078,106.67492629345334,21,34,0.997472,9,39,5,1,0.6176
10.8352982156415,106.72935479345392,32,42,0.997105,9,39,5,1,0.7619
10.777562007197462,106.7041335430398,20,30,1.0,9,39,5,1,0.6667
10.83886351241477,106.67566625482782,27,35,1.0,9,39,5,1,0.7714
10.765187049751797,106.67550552599072,25,36,1.0,9,39,5,1,0.6944
10.75948437198232,106.6840537511244,18,27,1.0,9,39,5,1,0.6667
10.865229381280963,106.72366973948476,33,49,1.0,9,39,5,1,0.6735
10.72279213640514,106.72808623948244,25,38,0.996434,9,39,5,1,0.6579
10.823400120373712,106.68551227436063,21,32,1.0,9,39,5,1,0.6562
10.756158554057755,106.66631758181126,18,29,1.0,9,39,5,1,0.6207
10.7144382088356,106.73711688366168,24,35,1.0,9,39,5,1,0.6857
10.817236653231737,106.63191539530456,23,35,1.0,9,40,5,1,0.6571
10.772727584493625,106.69804225297564,15,24,0.998732,9,42,5,1,0.625
10.774028664434528,106.70357076461706,29,29,1.0,9,42,5,1,1.0
10.752616652291238,106.72509685338922,39,39,1.0,9,42,5,1,1.0
10.745754766198267,106.65326266831876,36,43,1.0,9,42,5,1,0.8372
10.94927106740351,106.87196348224562,32,42,1.0,9,42,5,1,0.7619
10.78866360854368,106.695513722289,33,42,1.0,9,42,5,1,0.7857
10.801406421807084,106.7114844087968,33,42,1.0,9,42,5,1,0.7857
10.843150534972033,106.6151343241409,22,34,1.0,9,42,5,1,0.6471
10.880537767027526,106.81481342866444,53,53,1.0,9,42,5,1,1.0
10.740840166521664,106.61899246873142,23,35,1.0,9,42,5,1,0.6571
10.798986343749618,106.7269705664684,45,45,1.0,9,42,5,1,1.0
10.741860769464234,106.73790365482628,45,45,1.0,9,42,5,1,1.0
10.752408891679814,106.7022703818112,22,34,1.0,9,42,5,1,0.6471
10.786216596454729,106.71836665482697,40,40,1.0,9,42,5,1,1.0
10.78948793356203,106.7151883818118,36,36,1.0,9,42,5,1,1.0
10.80223925742187,106.6478722259914,23,41,1.0,9,43,5,1,0.561
10.813928881466124,106.66511432455972,22,34,0.99892,9,43,5,1,0.6471
10.755608615763382,106.67347943578082,20,28,1.0,9,43,5,1,0.7143
10.782680856341084,106.70051548181168,21,30,1.0,9,43,5,1,0.7
10.754895139302109,106.67839188181134,20,32,1.0,9,43,5,1,0.625
10.785070445194592,106.68331340921324,16,27,1.0,9,43,5,1,0.5926
10.7549373008113,106.67848844133415,20,32,1.0,9,43,5,1,0.625
10.77898143649726,106.67684447140958,20,34,1.0,9,43,5,1,0.5882
10.7671128283867,106.6927618222887,15,19,1.0,9,43,5,1,0.7895
10.77847212665258,106.69389510879644,28,41,1.0,9,43,5,1,0.6829
10.796057790235078,106.67492629345334,22,34,0.99892,9,43,5,1,0.6471
10.8352982156415,106.72935479345392,34,42,0.996735,9,43,5,1,0.8095
10.777562007197462,106.7041335430398,20,30,1.0,9,43,5,1,0.6667
10.83886351241477,106.67566625482782,27,36,1.0,9,43,5,1,0.75
10.765187049751797,106.67550552599072,23,36,1.0,9,43,5,1,0.6389
10.75948437198232,106.6840537511244,19,28,1.0,9,44,5,1,0.6786
10.865229381280963,106.72366973948476,33,49,1.0,9,44,5,1,0.6735
10.72279213640514,106.72808623948244,25,37,0.995873,9,44,5,1,0.6757
10.823400120373712,106.68551227436063,23,31,1.0,9,44,5,1,0.7419
10.756158554057755,106.66631758181126,24,30,1.0,9,44,5,1,0.8
10.7144382088356,106.73711688366168,24,35,1.0,9,44,5,1,0.6857
10.817236653231737,106.63191539530456,22,35,1.0,9,44,5,1,0.6286
10.772727584493625,106.69804225297564,16,24,0.998732,9,46,5,1,0.6667
10.774028664434528,106.70357076461706,19,27,1.0,9,46,5,1,0.7037
10.752616652291238,106.72509685338922,39,39,1.0,9,46,5,1,1.0
10.745754766198267,106.65326266831876,36,43,1.0,9,46,5,1,0.8372
10.94927106740351,106.87196348224562,32,41,1.0,9,46,5,1,0.7805
10.78866360854368,106.695513722289,33,42,1.0,9,46,5,1,0.7857
10.801406421807084,106.7114844087968,33,42,1.0,9,46,5,1,0.7857
10.843150534972033,106.6151343241409,23,35,1.0,9,46,5,1,0.6571
10.880537767027526,106.81481342866444,53,53,1.0,9,46,5,1,1.0
10.740840166521664,106.61899246873142,23,35,1.0,9,46,5,1,0.6571
10.798986343749618,106.7269705664684,45,45,1.0,9,46,5,1,1.0
10.741860769464234,106.73790365482628,45,45,1.0,9,46,5,1,1.0
10.752408891679814,106.7022703818112,21,34,1.0,9,46,5,1,0.6176
10.786216596454729,106.71836665482697,40,40,1.0,9,46,5,1,1.0
10.78948793356203,106.7151883818118,36,36,1.0,9,46,5,1,1.0
10.80223925742187,106.6478722259914,26,39,1.0,9,46,5,1,0.6667
10.813928881466124,106.66511432455972,22,33,0.997381,9,46,5,1,0.6667
10.755608615763382,106.67347943578082,18,27,1.0,9,46,5,1,0.6667
10.782680856341084,106.70051548181168,18,30,1.0,9,46,5,1,0.6
10.754895139302109,106.67839188181134,20,34,1.0,9,47,5,1,0.5882
10.785070445194592,106.68331340921324,16,28,1.0,9,47,5,1,0.5714
10.7549373008113,106.67848844133415,19,33,1.0,9,47,5,1,0.5758
10.77898143649726,106.67684447140958,20,35,1.0,9,47,5,1,0.5714
10.7671128283867,106.6927618222887,16,20,1.0,9,47,5,1,0.8
10.77847212665258,106.69389510879644,28,41,1.0,9,47,5,1,0.6829
10.796057790235078,106.67492629345334,22,34,0.997638,9,47,5,1,0.6471
10.8352982156415,106.72935479345392,32,42,0.995671,9,47,5,1,0.7619
10.777562007197462,106.7041335430398,20,30,1.0,9,47,5,1,0.6667
10.83886351241477,106.67566625482782,27,36,0.997413,9,47,5,1,0.75
10.765187049751797,106.67550552599072,25,36,1.0,9,47,5,1,0.6944
10.75948437198232,106.6840537511244,18,27,1.0,9,47,5,1,0.6667
10.865229381280963,106.72366973948476,33,49,1.0,9,47,5,1,0.6735
10.72279213640514,106.72808623948244,24,37,0.997185,9,47,5,1,0.6486
10.823400120373712,106.68551227436063,21,32,1.0,9,47,5,1,0.6562
10.756158554057755,106.66631758181126,23,29,1.0,9,47,5,1,0.7931
10.7144382088356,106.73711688366168,24,35,1.0,9,47,5,1,0.6857
10.817236653231737,106.63191539530456,23,35,1.0,9,48,5,1,0.6571
10.772727584493625,106.69804225297564,16,23,0.998732,9,50,5,1,0.6957
10.774028664434528,106.70357076461706,29,29,1.0,9,50,5,1,1.0
10.752616652291238,106.72509685338922,39,39,1.0,9,50,5,1,1.0
10.745754766198267,106.65326266831876,35,43,1.0,9,50,5,1,0.814
10.94927106740351,106.87196348224562,28,41,1.0,9,50,5,1,0.6829
10.78866360854368,106.695513722289,32,41,1.0,9,50,5,1,0.7805
10.801406421807084,106.7114844087968,32,41,1.0,9,50,5,1,0.7805
10.843150534972033,106.6151343241409,22,34,1.0,9,50,5,1,0.6471
10.880537767027526,106.81481342866444,47,54,1.0,9,50,5,1,0.8704
10.740840166521664,106.61899246873142,22,35,1.0,9,50,5,1,0.6286
10.798986343749618,106.7269705664684,45,45,1.0,9,50,5,1,1.0
10.741860769464234,106.73790365482628,37,44,1.0,9,50,5,1,0.8409
10.752408891679814,106.7022703818112,21,34,1.0,9,50,5,1,0.6176
10.786216596454729,106.71836665482697,40,40,1.0,9,50,5,1,1.0
10.78948793356203,106.7151883818118,36,36,1.0,9,50,5,1,1.0
10.80223925742187,106.6478722259914,30,41,1.0,9,50,5,1,0.7317
10.813928881466124,106.66511432455972,23,34,0.997314,9,50,5,1,0.6765
10.755608615763382,106.67347943578082,20,28,1.0,9,50,5,1,0.7143
10.782680856341084,106.70051548181168,19,30,1.0,9,50,5,1,0.6333
10.754895139302109,106.67839188181134,21,32,1.0,9,50,5,1,0.6562
10.785070445194592,106.68331340921324,13,28,1.0,9,50,5,1,0.4643
10.7549373008113,106.67848844133415,20,33,1.0,9,51,5,1,0.6061
10.77898143649726,106.67684447140958,18,34,1.0,9,51,5,1,0.5294
10.7671128283867,106.6927618222887,20,20,1.0,9,51,5,1,1.0
10.77847212665258,106.69389510879644,28,41,1.0,9,51,5,1,0.6829
10.796057790235078,106.67492629345334,22,34,0.997384,9,51,5,1,0.6471
10.8352982156415,106.72935479345392,32,43,0.993306,9,51,5,1,0.7442
10.777562007197462,106.7041335430398,18,30,1.0,9,51,5,1,0.6
10.83886351241477,106.67566625482782,28,36,0.998083,9,51,5,1,0.7778
10.765187049751797,106.67550552599072,23,36,1.0,9,51,5,1,0.6389
10.75948437198232,106.6840537511244,20,27,1.0,9,51,5,1,0.7407
10.865229381280963,106.72366973948476,33,49,1.0,9,51,5,1,0.6735
10.72279213640514,106.72808623948244,24,37,0.998053,9,51,5,1,0.6486
10.823400120373712,106.68551227436063,24,32,1.0,9,51,5,1,0.75
10.756158554057755,106.66631758181126,23,29,1.0,9,51,5,1,0.7931
10.7144382088356,106.73711688366168,25,35,1.0,9,51,5,1,0.7143
10.817236653231737,106.63191539530456,22,35,1.0,9,51,5,1,0.6286
10.772727584493625,106.69804225297564,14,24,0.998732,9,54,5,1,0.5833
10.774028664434528,106.70357076461706,21,28,1.0,9,54,5,1,0.75
10.752616652291238,106.72509685338922,39,39,1.0,9,54,5,1,1.0
10.745754766198267,106.65326266831876,36,43,1.0,9,54,5,1,0.8372
10.94927106740351,106.87196348224562,31,42,1.0,9,54,5,1,0.7381
10.78866360854368,106.695513722289,32,42,1.0,9,54,5,1,0.7619
10.801406421807084,106.7114844087968,33,42,1.0,9,54,5,1,0.7857
10.843150534972033,106.6151343241409,22,35,1.0,9,54,5,1,0.6286
10.880537767027526,106.81481342866444,45,54,1.0,9,54,5,1,0.8333
10.740840166521664,106.61899246873142,22,36,1.0,9,54,5,1,0.6111
10.798986343749618,106.7269705664684,45,45,1.0,9,54,5,1,1.0
10.741860769464234,106.73790365482628,45,45,1.0,9,54,5,1,1.0
10.752408891679814,106.7022703818112,21,34,1.0,9,54,5,1,0.6176
10.786216596454729,106.71836665482697,40,40,1.0,9,54,5,1,1.0
10.78948793356203,106.7151883818118,36,36,1.0,9,54,5,1,1.0
10.80223925742187,106.6478722259914,33,41,1.0,9,55,5,1,0.8049
10.813928881466124,106.66511432455972,22,33,0.99568,9,55,5,1,0.6667
10.755608615763382,106.67347943578082,20,28,1.0,9,55,5,1,0.7143
10.782680856341084,106.70051548181168,19,30,1.0,9,55,5,1,0.6333
10.754895139302109,106.67839188181134,20,33,1.0,9,55,5,1,0.6061
10.785070445194592,106.68331340921324,11,28,1.0,9,55,5,1,0.3929
10.7549373008113,106.67848844133415,20,33,1.0,9,55,5,1,0.6061
10.77898143649726,106.67684447140958,19,34,1.0,9,55,5,1,0.5588
10.7671128283867,106.6927618222887,16,20,1.0,9,55,5,1,0.8
10.77847212665258,106.69389510879644,27,41,1.0,9,55,5,1,0.6585
10.796057790235078,106.67492629345334,22,33,0.995972,9,55,5,1,0.6667
10.8352982156415,106.72935479345392,31,42,0.990386,9,55,5,1,0.7381
10.777562007197462,106.7041335430398,19,30,1.0,9,55,5,1,0.6333
10.83886351241477,106.67566625482782,29,36,1.0,9,55,5,1,0.8056
10.765187049751797,106.67550552599072,23,35,1.0,9,55,5,1,0.6571
10.75948437198232,106.6840537511244,19,27,1.0,9,55,5,1,0.7037
10.865229381280963,106.72366973948476,34,49,1.0,9,55,5,1,0.6939
10.72279213640514,106.72808623948244,23,37,0.998218,9,55,5,1,0.6216
10.823400120373712,106.68551227436063,22,31,1.0,9,55,5,1,0.7097
10.756158554057755,106.66631758181126,20,29,1.0,9,55,5,1,0.6897
10.7144382088356,106.73711688366168,24,35,1.0,9,55,5,1,0.6857
10.817236653231737,106.63191539530456,22,35,1.0,9,55,5,1,0.6286
10.772727584493625,106.69804225297564,15,24,0.998732,9,57,5,1,0.625
10.774028664434528,106.70357076461706,21,27,1.0,9,57,5,1,0.7778
10.752616652291238,106.72509685338922,39,39,1.0,9,57,5,1,1.0
10.745754766198267,106.65326266831876,34,42,1.0,9,57,5,1,0.8095
10.94927106740351,106.87196348224562,28,42,1.0,9,57,5,1,0.6667
10.78866360854368,106.695513722289,32,41,1.0,9,57,5,1,0.7805
10.801406421807084,106.7114844087968,32,41,1.0,9,58,5,1,0.7805
10.843150534972033,106.6151343241409,22,35,1.0,9,58,5,1,0.6286
10.880537767027526,106.81481342866444,46,53,1.0,9,58,5,1,0.8679
10.740840166521664,106.61899246873142,21,35,1.0,9,58,5,1,0.6
10.798986343749618,106.7269705664684,45,45,1.0,9,58,5,1,1.0
10.741860769464234,106.73790365482628,37,44,1.0,9,58,5,1,0.8409
10.752408891679814,106.7022703818112,22,34,1.0,9,58,5,1,0.6471
10.786216596454729,106.71836665482697,40,40,1.0,9,58,5,1,1.0
10.78948793356203,106.7151883818118,36,36,1.0,9,58,5,1,1.0
10.80223925742187,106.6478722259914,28,41,1.0,9,58,5,1,0.6829
10.813928881466124,106.66511432455972,22,34,0.99676,9,58,5,1,0.6471
10.755608615763382,106.67347943578082,19,27,1.0,9,58,5,1,0.7037
10.782680856341084,106.70051548181168,20,30,1.0,9,58,5,1,0.6667
10.754895139302109,106.67839188181134,21,33,1.0,9,58,5,1,0.6364
10.785070445194592,106.68331340921324,12,28,1.0,9,58,5,1,0.4286
10.7549373008113,106.67848844133415,21,32,1.0,9,58,5,1,0.6562
10.77898143649726,106.67684447140958,19,34,1.0,9,58,5,1,0.5588
10.7671128283867,106.6927618222887,12,20,1.0,9,58,5,1,0.6
10.77847212665258,106.69389510879644,28,42,1.0,9,58,5,1,0.6667
10.796057790235078,106.67492629345334,22,34,0.997314,9,58,5,1,0.6471
10.8352982156415,106.72935479345392,33,43,0.989714,9,58,5,1,0.7674
10.777562007197462,106.7041335430398,20,30,1.0,9,58,5,1,0.6667
10.83886351241477,106.67566625482782,26,36,1.0,9,58,5,1,0.7222
10.765187049751797,106.67550552599072,27,36,1.0,9,58,5,1,0.75
10.75948437198232,106.6840537511244,19,28,1.0,9,58,5,1,0.6786
10.865229381280963,106.72366973948476,35,49,1.0,9,58,5,1,0.7143
10.72279213640514,106.72808623948244,26,38,0.998218,9,59,5,1,0.6842
10.823400120373712,106.68551227436063,21,32,1.0,9,59,5,1,0.6562
10.756158554057755,106.66631758181126,19,29,1.0,9,59,5,1,0.6552
10.7144382088356,106.73711688366168,24,35,1.0,9,59,5,1,0.6857
10.817236653231737,106.63191539530456,21,35,1.0,9,59,5,1,0.6
10.772727584493625,106.69804225297564,16,23,0.998732,10,1,5,1,0.6957
10.774028664434528,106.70357076461706,29,29,1.0,10,1,5,1,1.0
10.752616652291238,106.72509685338922,31,40,1.0,10,1,5,1,0.775
10.745754766198267,106.65326266831876,36,42,1.0,10,1,5,1,0.8571
10.94927106740351,106.87196348224562,31,41,1.0,10,1,5,1,0.7561
10.78866360854368,106.695513722289,32,41,1.0,10,1,5,1,0.7805
10.801406421807084,106.7114844087968,32,41,1.0,10,1,5,1,0.7805
10.843150534972033,106.6151343241409,21,35,1.0,10,1,5,1,0.6
10.880537767027526,106.81481342866444,45,53,1.0,10,1,5,1,0.8491
10.740840166521664,106.61899246873142,22,35,1.0,10,1,5,1,0.6286
10.798986343749618,106.7269705664684,45,45,1.0,10,1,5,1,1.0
10.741860769464234,106.73790365482628,45,45,1.0,10,1,5,1,1.0
10.752408891679814,106.7022703818112,23,34,1.0,10,1,5,1,0.6765
10.786216596454729,106.71836665482697,40,40,1.0,10,1,5,1,1.0
10.78948793356203,106.7151883818118,36,36,1.0,10,1,5,1,1.0
10.80223925742187,106.6478722259914,28,39,1.0,10,1,5,1,0.7179
10.813928881466124,106.66511432455972,22,34,0.997706,10,1,5,1,0.6471
10.755608615763382,106.67347943578082,20,28,1.0,10,1,5,1,0.7143
10.782680856341084,106.70051548181168,20,30,1.0,10,1,5,1,0.6667
10.754895139302109,106.67839188181134,21,32,1.0,10,1,5,1,0.6562
10.785070445194592,106.68331340921324,12,27,1.0,10,1,5,1,0.4444
10.7549373008113,106.67848844133415,21,32,1.0,10,1,5,1,0.6562
10.77898143649726,106.67684447140958,19,34,1.0,10,1,5,1,0.5588
10.7671128283867,106.6927618222887,20,20,1.0,10,1,5,1,1.0
10.77847212665258,106.69389510879644,28,42,1.0,10,1,5,1,0.6667
10.796057790235078,106.67492629345334,22,34,0.997706,10,1,5,1,0.6471
10.8352982156415,106.72935479345392,33,43,0.989272,10,1,5,1,0.7674
10.777562007197462,106.7041335430398,20,30,1.0,10,1,5,1,0.6667
10.83886351241477,106.67566625482782,27,36,0.999218,10,1,5,1,0.75
10.765187049751797,106.67550552599072,22,36,1.0,10,1,5,1,0.6111
10.75948437198232,106.6840537511244,17,27,0.996863,10,2,5,1,0.6296
10.865229381280963,106.72366973948476,33,49,1.0,10,2,5,1,0.6735
10.72279213640514,106.72808623948244,26,37,0.998218,10,2,5,1,0.7027
10.823400120373712,106.68551227436063,21,31,1.0,10,2,5,1,0.6774
10.756158554057755,106.66631758181126,19,29,1.0,10,2,5,1,0.6552
10.7144382088356,106.73711688366168,24,35,1.0,10,2,5,1,0.6857
10.817236653231737,106.63191539530456,21,35,1.0,10,2,5,1,0.6
10.772727584493625,106.69804225297564,16,23,0.998732,10,4,5,1,0.6957
10.774028664434528,106.70357076461706,29,29,1.0,10,4,5,1,1.0
10.752616652291238,106.72509685338922,39,39,1.0,10,4,5,1,1.0
10.745754766198267,106.65326266831876,36,42,1.0,10,4,5,1,0.8571
10.94927106740351,106.87196348224562,27,42,1.0,10,4,5,1,0.6429
10.78866360854368,106.695513722289,31,42,1.0,10,4,5,1,0.7381
10.801406421807084,106.7114844087968,31,42,1.0,10,4,5,1,0.7381
10.843150534972033,106.6151343241409,23,35,1.0,10,4,5,1,0.6571
10.880537767027526,106.81481342866444,46,53,1.0,10,5,5,1,0.8679
10.740840166521664,106.61899246873142,21,35,1.0,10,5,5,1,0.6
10.798986343749618,106.7269705664684,45,45,1.0,10,5,5,1,1.0
10.741860769464234,106.73790365482628,45,45,1.0,10,5,5,1,1.0
10.752408891679814,106.7022703818112,24,34,1.0,10,5,5,1,0.7059
10.786216596454729,106.71836665482697,40,40,1.0,10,5,5,1,1.0
10.78948793356203,106.7151883818118,36,36,1.0,10,5,5,1,1.0
10.80223925742187,106.6478722259914,28,41,1.0,10,5,5,1,0.6829
10.813928881466124,106.66511432455972,21,33,0.99866,10,5,5,1,0.6364
10.755608615763382,106.67347943578082,18,28,0.996829,10,5,5,1,0.6429
10.782680856341084,106.70051548181168,19,30,1.0,10,5,5,1,0.6333
10.754895139302109,106.67839188181134,21,33,1.0,10,6,5,1,0.6364
10.785070445194592,106.68331340921324,16,27,1.0,10,6,5,1,0.5926
10.7549373008113,106.67848844133415,21,33,1.0,10,6,5,1,0.6364
10.77898143649726,106.67684447140958,20,34,1.0,10,6,5,1,0.5882
10.7671128283867,106.6927618222887,12,20,0.99,10,6,5,1,0.6
10.77847212665258,106.69389510879644,26,42,1.0,10,6,5,1,0.619
10.796057790235078,106.67492629345334,20,34,0.998657,10,6,5,1,0.5882
10.8352982156415,106.72935479345392,30,42,0.978021,10,6,5,1,0.7143
10.777562007197462,106.7041335430398,19,30,1.0,10,6,5,1,0.6333
10.83886351241477,106.67566625482782,27,36,1.0,10,6,5,1,0.75
10.765187049751797,106.67550552599072,28,36,1.0,10,6,5,1,0.7778
10.75948437198232,106.6840537511244,19,28,0.99684,10,6,5,1,0.6786
10.865229381280963,106.72366973948476,35,49,1.0,10,6,5,1,0.7143
10.72279213640514,106.72808623948244,24,37,1.0,10,6,5,1,0.6486
10.823400120373712,106.68551227436063,21,31,1.0,10,7,5,1,0.6774
10.756158554057755,106.66631758181126,19,29,1.0,10,7,5,1,0.6552
10.7144382088356,106.73711688366168,23,35,1.0,10,7,5,1,0.6571
10.817236653231737,106.63191539530456,23,35,1.0,10,7,5,1,0.6571
10.772727584493625,106.69804225297564,15,24,0.998732,10,9,5,1,0.625
10.774028664434528,106.70357076461706,29,29,1.0,10,9,5,1,1.0
10.752616652291238,106.72509685338922,39,39,1.0,10,9,5,1,1.0
10.745754766198267,106.65326266831876,34,42,1.0,10,9,5,1,0.8095
10.94927106740351,106.87196348224562,30,42,1.0,10,9,5,1,0.7143
10.78866360854368,106.695513722289,32,41,1.0,10,9,5,1,0.7805
10.801406421807084,106.7114844087968,32,41,1.0,10,9,5,1,0.7805
10.843150534972033,106.6151343241409,22,35,1.0,10,9,5,1,0.6286
10.880537767027526,106.81481342866444,47,53,1.0,10,9,5,1,0.8868
10.740840166521664,106.61899246873142,22,35,1.0,10,9,5,1,0.6286
10.798986343749618,106.7269705664684,45,45,1.0,10,9,5,1,1.0
10.741860769464234,106.73790365482628,45,45,1.0,10,10,5,1,1.0
10.752408891679814,106.7022703818112,23,34,1.0,10,10,5,1,0.6765
10.786216596454729,106.71836665482697,40,40,1.0,10,10,5,1,1.0
10.78948793356203,106.7151883818118,36,36,1.0,10,10,5,1,1.0
10.80223925742187,106.6478722259914,28,41,1.0,10,10,5,1,0.6829
10.813928881466124,106.66511432455972,22,34,0.99866,10,10,5,1,0.6471
10.755608615763382,106.67347943578082,19,27,1.0,10,10,5,1,0.7037
10.782680856341084,106.70051548181168,18,30,1.0,10,10,5,1,0.6
10.754895139302109,106.67839188181134,20,33,1.0,10,10,5,1,0.6061
10.785070445194592,106.68331340921324,15,27,1.0,10,11,5,1,0.5556
10.7549373008113,106.67848844133415,20,33,1.0,10,11,5,1,0.6061
10.77898143649726,106.67684447140958,19,34,1.0,10,11,5,1,0.5588
10.7671128283867,106.6927618222887,20,20,1.0,10,11,5,1,1.0
10.77847212665258,106.69389510879644,27,42,1.0,10,11,5,1,0.6429
10.796057790235078,106.67492629345334,23,33,0.998923,10,11,5,1,0.697
10.8352982156415,106.72935479345392,32,43,0.992968,10,11,5,1,0.7442
10.777562007197462,106.7041335430398,19,30,1.0,10,11,5,1,0.6333
10.83886351241477,106.67566625482782,27,36,1.0,10,11,5,1,0.75
10.765187049751797,106.67550552599072,24,35,1.0,10,11,5,1,0.6857
10.75948437198232,106.6840537511244,19,27,1.0,10,11,5,1,0.7037
10.865229381280963,106.72366973948476,32,49,1.0,10,11,5,1,0.6531
10.72279213640514,106.72808623948244,26,37,0.99809,10,11,5,1,0.7027
10.823400120373712,106.68551227436063,19,32,1.0,10,11,5,1,0.5938
10.756158554057755,106.66631758181126,21,30,1.0,10,12,5,1,0.7
10.7144382088356,106.73711688366168,24,35,1.0,10,12,5,1,0.6857
10.817236653231737,106.63191539530456,22,35,1.0,10,12,5,1,0.6286
10.772727584493625,106.69804225297564,15,24,0.999366,10,14,5,1,0.625
10.774028664434528,106.70357076461706,29,29,1.0,10,14,5,1,1.0
10.752616652291238,106.72509685338922,29,38,1.0,10,14,5,1,0.7632
10.745754766198267,106.65326266831876,36,42,1.0,10,14,5,1,0.8571
10.94927106740351,106.87196348224562,28,41,1.0,10,14,5,1,0.6829
10.78866360854368,106.695513722289,32,41,1.0,10,15,5,1,0.7805
10.801406421807084,106.7114844087968,31,42,1.0,10,15,5,1,0.7381
10.843150534972033,106.6151343241409,21,35,1.0,10,15,5,1,0.6
10.880537767027526,106.81481342866444,45,53,1.0,10,15,5,1,0.8491
10.740840166521664,106.61899246873142,21,36,1.0,10,15,5,1,0.5833
10.798986343749618,106.7269705664684,45,45,1.0,10,15,5,1,1.0
10.741860769464234,106.73790365482628,45,45,1.0,10,15,5,1,1.0
10.752408891679814,106.7022703818112,21,34,1.0,10,15,5,1,0.6176
10.786216596454729,106.71836665482697,40,40,1.0,10,15,5,1,1.0
10.78948793356203,106.7151883818118,36,36,1.0,10,15,5,1,1.0
10.80223925742187,106.6478722259914,31,39,1.0,10,15,5,1,0.7949
10.813928881466124,106.66511432455972,23,33,0.998954,10,15,5,1,0.697
10.755608615763382,106.67347943578082,17,28,0.997938,10,15,5,1,0.6071
10.782680856341084,106.70051548181168,18,30,1.0,10,15,5,1,0.6
10.754895139302109,106.67839188181134,21,33,1.0,10,15,5,1,0.6364
10.785070445194592,106.68331340921324,13,28,1.0,10,15,5,1,0.4643
10.7549373008113,106.67848844133415,21,33,1.0,10,15,5,1,0.6364
10.77898143649726,106.67684447140958,18,34,1.0,10,15,5,1,0.5294
10.7671128283867,106.6927618222887,20,20,1.0,10,16,5,1,1.0
10.77847212665258,106.69389510879644,27,41,1.0,10,16,5,1,0.6585
10.796057790235078,106.67492629345334,24,34,0.998954,10,16,5,1,0.7059
10.8352982156415,106.72935479345392,31,42,0.991857,10,16,5,1,0.7381
10.777562007197462,106.7041335430398,18,30,1.0,10,16,5,1,0.6
10.83886351241477,106.67566625482782,27,36,1.0,10,16,5,1,0.75
10.765187049751797,106.67550552599072,25,36,1.0,10,16,5,1,0.6944
10.75948437198232,106.6840537511244,18,27,1.0,10,16,5,1,0.6667
10.865229381280963,106.72366973948476,33,49,1.0,10,16,5,1,0.6735
10.72279213640514,106.72808623948244,25,37,0.998398,10,16,5,1,0.6757
10.823400120373712,106.68551227436063,19,31,1.0,10,16,5,1,0.6129
10.756158554057755,106.66631758181126,23,30,1.0,10,16,5,1,0.7667
10.7144382088356,106.73711688366168,24,35,1.0,10,16,5,1,0.6857
10.817236653231737,106.63191539530456,21,35,1.0,10,16,5,1,0.6
10.772727584493625,106.69804225297564,15,23,0.999366,10,18,5,1,0.6522
10.774028664434528,106.70357076461706,29,29,1.0,10,18,5,1,1.0
10.752616652291238,106.72509685338922,39,39,1.0,10,18,5,1,1.0
10.745754766198267,106.65326266831876,36,43,1.0,10,18,5,1,0.8372
10.94927106740351,106.87196348224562,33,42,1.0,10,18,5,1,0.7857
10.78866360854368,106.695513722289,32,41,1.0,10,18,5,1,0.7805
10.801406421807084,106.7114844087968,32,41,1.0,10,18,5,1,0.7805
10.843150534972033,106.6151343241409,22,35,1.0,10,18,5,1,0.6286
10.880537767027526,106.81481342866444,46,54,1.0,10,18,5,1,0.8519
10.740840166521664,106.61899246873142,21,35,1.0,10,18,5,1,0.6
10.798986343749618,106.7269705664684,45,45,1.0,10,19,5,1,1.0
10.741860769464234,106.73790365482628,45,45,1.0,10,19,5,1,1.0
10.752408891679814,106.7022703818112,22,34,1.0,10,19,5,1,0.6471
10.786216596454729,106.71836665482697,40,40,1.0,10,19,5,1,1.0
10.78948793356203,106.7151883818118,19,36,1.0,10,19,5,1,0.5278
10.80223925742187,106.6478722259914,41,41,1.0,10,19,5,1,1.0
10.813928881466124,106.66511432455972,23,34,0.998954,10,19,5,1,0.6765
10.755608615763382,106.67347943578082,17,28,1.0,10,19,5,1,0.6071
10.782680856341084,106.70051548181168,17,30,1.0,10,19,5,1,0.5667
10.754895139302109,106.67839188181134,19,33,1.0,10,19,5,1,0.5758
10.785070445194592,106.68331340921324,18,27,1.0,10,19,5,1,0.6667
10.7549373008113,106.67848844133415,19,33,1.0,10,19,5,1,0.5758
10.77898143649726,106.67684447140958,18,34,1.0,10,19,5,1,0.5294
10.7671128283867,106.6927618222887,20,20,1.0,10,19,5,1,1.0
10.77847212665258,106.69389510879644,26,41,1.0,10,19,5,1,0.6341
10.796057790235078,106.67492629345334,22,33,0.998691,10,19,5,1,0.6667
10.8352982156415,106.72935479345392,32,43,0.992226,10,20,5,1,0.7442
10.777562007197462,106.7041335430398,18,30,1.0,10,20,5,1,0.6
10.83886351241477,106.67566625482782,27,36,1.0,10,20,5,1,0.75
10.765187049751797,106.67550552599072,24,36,1.0,10,20,5,1,0.6667
10.75948437198232,106.6840537511244,18,28,0.9979,10,20,5,1,0.6429
10.865229381280963,106.72366973948476,33,49,1.0,10,20,5,1,0.6735
10.72279213640514,106.72808623948244,24,37,0.997958,10,21,5,1,0.6486
10.823400120373712,106.68551227436063,23,31,1.0,10,21,5,1,0.7419
10.756158554057755,106.66631758181126,18,29,1.0,10,21,5,1,0.6207
10.7144382088356,106.73711688366168,24,36,1.0,10,21,5,1,0.6667
10.817236653231737,106.63191539530456,22,35,1.0,10,21,5,1,0.6286
10.772727584493625,106.69804225297564,15,24,0.999366,10,23,5,1,0.625
10.774028664434528,106.70357076461706,22,28,1.0,10,23,5,1,0.7857
10.752616652291238,106.72509685338922,39,39,1.0,10,23,5,1,1.0
10.745754766198267,106.65326266831876,36,43,1.0,10,23,5,1,0.8372
10.94927106740351,106.87196348224562,31,41,1.0,10,23,5,1,0.7561
10.78866360854368,106.695513722289,32,41,1.0,10,23,5,1,0.7805
10.801406421807084,106.7114844087968,32,42,1.0,10,23,5,1,0.7619
10.843150534972033,106.6151343241409,22,35,1.0,10,23,5,1,0.6286
10.880537767027526,106.81481342866444,44,53,1.0,10,23,5,1,0.8302
10.740840166521664,106.61899246873142,22,35,1.0,10,23,5,1,0.6286
10.798986343749618,106.7269705664684,45,45,1.0,10,23,5,1,1.0
10.741860769464234,106.73790365482628,45,45,1.0,10,23,5,1,1.0
10.752408891679814,106.7022703818112,21,34,1.0,10,24,5,1,0.6176
10.786216596454729,106.71836665482697,40,40,1.0,10,24,5,1,1.0
10.78948793356203,106.7151883818118,27,35,1.0,10,24,5,1,0.7714
10.80223925742187,106.6478722259914,28,41,1.0,10,24,5,1,0.6829
10.813928881466124,106.66511432455972,23,34,0.998691,10,24,5,1,0.6765
10.755608615763382,106.67347943578082,18,27,0.998954,10,24,5,1,0.6667
10.782680856341084,106.70051548181168,18,30,1.0,10,24,5,1,0.6
10.754895139302109,106.67839188181134,20,33,1.0,10,24,5,1,0.6061
10.785070445194592,106.68331340921324,16,27,1.0,10,24,5,1,0.5926
10.7549373008113,106.67848844133415,20,33,1.0,10,24,5,1,0.6061
10.77898143649726,106.67684447140958,19,34,1.0,10,24,5,1,0.5588
10.7671128283867,106.6927618222887,20,20,1.0,10,24,5,1,1.0
10.77847212665258,106.69389510879644,25,41,1.0,10,24,5,1,0.6098
10.796057790235078,106.67492629345334,23,34,0.998691,10,24,5,1,0.6765
10.8352982156415,106.72935479345392,31,43,0.995842,10,24,5,1,0.7209
10.777562007197462,106.7041335430398,18,30,1.0,10,24,5,1,0.6
10.83886351241477,106.67566625482782,26,35,1.0,10,24,5,1,0.7429
10.765187049751797,106.67550552599072,24,36,1.0,10,25,5,1,0.6667
10.75948437198232,106.6840537511244,20,27,0.998954,10,25,5,1,0.7407
10.865229381280963,106.72366973948476,33,49,1.0,10,25,5,1,0.6735
10.72279213640514,106.72808623948244,24,37,0.997423,10,25,5,1,0.6486
10.823400120373712,106.68551227436063,23,32,1.0,10,25,5,1,0.7188
10.756158554057755,106.66631758181126,22,29,1.0,10,25,5,1,0.7586
10.7144382088356,106.73711688366168,24,35,1.0,10,25,5,1,0.6857
10.817236653231737,106.63191539530456,22,35,1.0,10,25,5,1,0.6286
10.772727584493625,106.69804225297564,17,24,0.999366,10,27,5,1,0.7083
10.774028664434528,106.70357076461706,22,28,1.0,10,27,5,1,0.7857
10.752616652291238,106.72509685338922,32,40,1.0,10,27,5,1,0.8
10.745754766198267,106.65326266831876,35,43,1.0,10,28,5,1,0.814
10.94927106740351,106.87196348224562,33,42,1.0,10,28,5,1,0.7857
10.78866360854368,106.695513722289,31,42,1.0,10,28,5,1,0.7381
10.801406421807084,106.7114844087968,31,42,1.0,10,28,5,1,0.7381
10.843150534972033,106.6151343241409,21,35,1.0,10,28,5,1,0.6
10.880537767027526,106.81481342866444,45,53,1.0,10,28,5,1,0.8491
10.740840166521664,106.61899246873142,22,35,1.0,10,28,5,1,0.6286
10.798986343749618,106.7269705664684,45,45,1.0,10,28,5,1,1.0
10.741860769464234,106.73790365482628,45,45,1.0,10,28,5,1,1.0
10.752408891679814,106.7022703818112,22,34,1.0,10,28,5,1,0.6471
10.786216596454729,106.71836665482697,40,40,1.0,10,28,5,1,1.0
10.78948793356203,106.7151883818118,36,36,1.0,10,28,5,1,1.0
10.80223925742187,106.6478722259914,28,40,1.0,10,28,5,1,0.7
10.813928881466124,106.66511432455972,22,33,0.998657,10,28,5,1,0.6667
10.755608615763382,106.67347943578082,16,28,0.998947,10,28,5,1,0.5714
10.782680856341084,106.70051548181168,17,30,1.0,10,28,5,1,0.5667
10.754895139302109,106.67839188181134,19,32,1.0,10,28,5,1,0.5938
10.785070445194592,106.68331340921324,14,27,1.0,10,28,5,1,0.5185
10.7549373008113,106.67848844133415,19,32,1.0,10,28,5,1,0.5938
10.77898143649726,106.67684447140958,19,34,1.0,10,28,5,1,0.5588
10.7671128283867,106.6927618222887,20,20,1.0,10,28,5,1,1.0
10.77847212665258,106.69389510879644,25,42,1.0,10,29,5,1,0.5952
10.796057790235078,106.67492629345334,22,33,0.998657,10,29,5,1,0.6667
10.8352982156415,106.72935479345392,31,43,0.996013,10,29,5,1,0.7209
10.777562007197462,106.7041335430398,17,30,1.0,10,29,5,1,0.5667
10.83886351241477,106.67566625482782,27,36,1.0,10,29,5,1,0.75
10.765187049751797,106.67550552599072,20,35,1.0,10,29,5,1,0.5714
10.75948437198232,106.6840537511244,16,28,0.998947,10,29,5,1,0.5714
10.865229381280963,106.72366973948476,33,49,1.0,10,29,5,1,0.6735
10.72279213640514,106.72808623948244,25,37,0.99726,10,29,5,1,0.6757
10.823400120373712,106.68551227436063,24,32,1.0,10,29,5,1,0.75
10.756158554057755,106.66631758181126,20,29,1.0,10,29,5,1,0.6897
10.7144382088356,106.73711688366168,24,35,1.0,10,29,5,1,0.6857
10.817236653231737,106.63191539530456,22,35,1.0,10,29,5,1,0.6286
10.772727584493625,106.69804225297564,14,25,0.999366,10,31,5,1,0.56
10.774028664434528,106.70357076461706,29,29,1.0,10,31,5,1,1.0
10.752616652291238,106.72509685338922,30,39,1.0,10,31,5,1,0.7692
10.745754766198267,106.65326266831876,33,42,1.0,10,31,5,1,0.7857
10.94927106740351,106.87196348224562,27,40,1.0,10,31,5,1,0.675
10.78866360854368,106.695513722289,32,42,1.0,10,31,5,1,0.7619
10.801406421807084,106.7114844087968,32,42,1.0,10,31,5,1,0.7619
10.843150534972033,106.6151343241409,22,35,1.0,10,31,5,1,0.6286
10.880537767027526,106.81481342866444,44,54,1.0,10,31,5,1,0.8148
10.740840166521664,106.61899246873142,23,35,1.0,10,31,5,1,0.6571
10.798986343749618,106.7269705664684,45,45,1.0,10,31,5,1,1.0
10.741860769464234,106.73790365482628,45,45,1.0,10,31,5,1,1.0
10.752408891679814,106.7022703818112,21,34,1.0,10,31,5,1,0.6176
10.786216596454729,106.71836665482697,40,40,1.0,10,31,5,1,1.0
10.78948793356203,106.7151883818118,36,36,1.0,10,31,5,1,1.0
10.80223925742187,106.6478722259914,30,41,1.0,10,31,5,1,0.7317
10.813928881466124,106.66511432455972,22,34,0.998281,10,32,5,1,0.6471
10.755608615763382,106.67347943578082,17,28,0.998943,10,32,5,1,0.6071
10.782680856341084,106.70051548181168,17,30,1.0,10,32,5,1,0.5667
10.754895139302109,106.67839188181134,20,32,1.0,10,32,5,1,0.625
10.785070445194592,106.68331340921324,15,28,1.0,10,32,5,1,0.5357
10.7549373008113,106.67848844133415,20,32,1.0,10,32,5,1,0.625
10.77898143649726,106.67684447140958,20,34,1.0,10,32,5,1,0.5882
10.7671128283867,106.6927618222887,20,20,1.0,10,32,5,1,1.0
10.77847212665258,106.69389510879644,26,42,1.0,10,32,5,1,0.619
10.796057790235078,106.67492629345334,23,34,0.99796,10,33,5,1,0.6765
10.8352982156415,106.72935479345392,32,43,0.996291,10,33,5,1,0.7442
10.777562007197462,106.7041335430398,18,31,1.0,10,33,5,1,0.5806
10.83886351241477,106.67566625482782,27,36,1.0,10,33,5,1,0.75
10.765187049751797,106.67550552599072,24,36,1.0,10,33,5,1,0.6667
10.75948437198232,106.6840537511244,16,27,0.998943,10,33,5,1,0.5926
10.865229381280963,106.72366973948476,34,49,1.0,10,33,5,1,0.6939
10.72279213640514,106.72808623948244,24,37,0.996969,10,33,5,1,0.6486
10.823400120373712,106.68551227436063,24,31,1.0,10,33,5,1,0.7742
10.756158554057755,106.66631758181126,23,29,1.0,10,33,5,1,0.7931
10.7144382088356,106.73711688366168,23,35,1.0,10,33,5,1,0.6571
10.817236653231737,106.63191539530456,22,35,1.0,10,33,5,1,0.6286
10.772727584493625,106.69804225297564,15,24,0.998732,10,36,5,1,0.625
10.774028664434528,106.70357076461706,29,29,1.0,10,36,5,1,1.0
10.752616652291238,106.72509685338922,39,39,1.0,10,36,5,1,1.0
10.745754766198267,106.65326266831876,34,43,1.0,10,36,5,1,0.7907
10.94927106740351,106.87196348224562,29,41,1.0,10,36,5,1,0.7073
10.78866360854368,106.695513722289,32,41,1.0,10,36,5,1,0.7805
10.801406421807084,106.7114844087968,32,42,1.0,10,36,5,1,0.7619
10.843150534972033,106.6151343241409,22,35,1.0,10,36,5,1,0.6286
10.880537767027526,106.81481342866444,43,53,1.0,10,36,5,1,0.8113
10.740840166521664,106.61899246873142,23,35,1.0,10,36,5,1,0.6571
10.798986343749618,106.7269705664684,45,45,1.0,10,36,5,1,1.0
10.741860769464234,106.73790365482628,35,44,1.0,10,36,5,1,0.7955
10.752408891679814,106.7022703818112,22,34,1.0,10,36,5,1,0.6471
10.786216596454729,106.71836665482697,40,40,1.0,10,36,5,1,1.0
10.78948793356203,106.7151883818118,36,36,1.0,10,36,5,1,1.0
10.80223925742187,106.6478722259914,32,40,1.0,10,36,5,1,0.8
10.813928881466124,106.66511432455972,23,34,0.99796,10,37,5,1,0.6765
10.755608615763382,106.67347943578082,18,28,1.0,10,37,5,1,0.6429
10.782680856341084,106.70051548181168,19,30,1.0,10,37,5,1,0.6333
10.754895139302109,106.67839188181134,19,33,1.0,10,37,5,1,0.5758
10.785070445194592,106.68331340921324,13,28,1.0,10,37,5,1,0.4643
10.7549373008113,106.67848844133415,19,33,1.0,10,37,5,1,0.5758
10.77898143649726,106.67684447140958,19,34,1.0,10,37,5,1,0.5588
10.7671128283867,106.6927618222887,16,20,1.0,10,37,5,1,0.8
10.77847212665258,106.69389510879644,26,41,1.0,10,37,5,1,0.6341
10.796057790235078,106.67492629345334,22,34,0.99796,10,37,5,1,0.6471
10.8352982156415,106.72935479345392,31,42,0.997467,10,37,5,1,0.7381
10.777562007197462,106.7041335430398,17,30,1.0,10,37,5,1,0.5667
10.83886351241477,106.67566625482782,27,35,1.0,10,37,5,1,0.7714
10.765187049751797,106.67550552599072,28,36,1.0,10,37,5,1,0.7778
10.75948437198232,106.6840537511244,16,27,1.0,10,37,5,1,0.5926
10.865229381280963,106.72366973948476,34,49,1.0,10,37,5,1,0.6939
10.72279213640514,106.72808623948244,24,37,0.997203,10,37,5,1,0.6486
10.823400120373712,106.68551227436063,24,32,1.0,10,37,5,1,0.75
10.756158554057755,106.66631758181126,21,29,1.0,10,37,5,1,0.7241
10.7144382088356,106.73711688366168,24,35,1.0,10,37,5,1,0.6857
10.817236653231737,106.63191539530456,22,35,1.0,10,37,5,1,0.6286
10.772727584493625,106.69804225297564,14,24,0.999366,10,39,5,1,0.5833
10.774028664434528,106.70357076461706,22,29,1.0,10,39,5,1,0.7586
10.752616652291238,106.72509685338922,39,39,1.0,10,39,5,1,1.0
10.745754766198267,106.65326266831876,33,43,1.0,10,39,5,1,0.7674
10.94927106740351,106.87196348224562,28,41,1.0,10,39,5,1,0.6829
10.78866360854368,106.695513722289,32,42,1.0,10,39,5,1,0.7619
10.801406421807084,106.7114844087968,32,42,1.0,10,39,5,1,0.7619
10.843150534972033,106.6151343241409,20,35,1.0,10,39,5,1,0.5714
10.880537767027526,106.81481342866444,45,53,1.0,10,39,5,1,0.8491
10.740840166521664,106.61899246873142,23,35,1.0,10,40,5,1,0.6571
10.798986343749618,106.7269705664684,45,45,1.0,10,40,5,1,1.0
10.741860769464234,106.73790365482628,34,44,1.0,10,40,5,1,0.7727
10.752408891679814,106.7022703818112,19,33,1.0,10,40,5,1,0.5758
10.786216596454729,106.71836665482697,40,40,1.0,10,40,5,1,1.0
10.78948793356203,106.7151883818118,36,36,1.0,10,40,5,1,1.0
10.80223925742187,106.6478722259914,31,39,1.0,10,40,5,1,0.7949
10.813928881466124,106.66511432455972,21,33,0.998093,10,40,5,1,0.6364
10.755608615763382,106.67347943578082,18,28,0.998943,10,40,5,1,0.6429
10.782680856341084,106.70051548181168,18,30,1.0,10,40,5,1,0.6
10.754895139302109,106.67839188181134,18,32,1.0,10,40,5,1,0.5625
10.785070445194592,106.68331340921324,16,28,1.0,10,40,5,1,0.5714
10.7549373008113,106.67848844133415,18,32,1.0,10,41,5,1,0.5625
10.77898143649726,106.67684447140958,18,34,1.0,10,41,5,1,0.5294
10.7671128283867,106.6927618222887,20,20,1.0,10,41,5,1,1.0
10.77847212665258,106.69389510879644,27,41,1.0,10,41,5,1,0.6585
10.796057790235078,106.67492629345334,21,34,0.998691,10,41,5,1,0.6176
10.8352982156415,106.72935479345392,32,43,0.997883,10,41,5,1,0.7442
10.777562007197462,106.7041335430398,18,30,1.0,10,41,5,1,0.6
10.83886351241477,106.67566625482782,28,36,1.0,10,41,5,1,0.7778
10.765187049751797,106.67550552599072,25,36,1.0,10,41,5,1,0.6944
10.75948437198232,106.6840537511244,18,28,1.0,10,41,5,1,0.6429
10.865229381280963,106.72366973948476,34,49,1.0,10,42,5,1,0.6939
10.72279213640514,106.72808623948244,23,36,0.996876,10,42,5,1,0.6389
10.823400120373712,106.68551227436063,23,32,1.0,10,42,5,1,0.7188
10.756158554057755,106.66631758181126,20,29,1.0,10,42,5,1,0.6897
10.7144382088356,106.73711688366168,24,35,1.0,10,42,5,1,0.6857
10.817236653231737,106.63191539530456,20,35,1.0,10,42,5,1,0.5714
10.772727584493625,106.69804225297564,13,23,0.999366,10,44,5,1,0.5652
10.774028664434528,106.70357076461706,22,29,1.0,10,44,5,1,0.7586
10.752616652291238,106.72509685338922,39,39,1.0,10,44,5,1,1.0
10.745754766198267,106.65326266831876,35,43,1.0,10,44,5,1,0.814
10.94927106740351,106.87196348224562,33,42,1.0,10,44,5,1,0.7857
10.78866360854368,106.695513722289,33,42,1.0,10,44,5,1,0.7857
10.801406421807084,106.7114844087968,33,42,1.0,10,44,5,1,0.7857
10.843150534972033,106.6151343241409,21,35,1.0,10,44,5,1,0.6
10.880537767027526,106.81481342866444,43,53,1.0,10,44,5,1,0.8113
10.740840166521664,106.61899246873142,21,35,1.0,10,45,5,1,0.6
10.798986343749618,106.7269705664684,45,45,1.0,10,45,5,1,1.0
10.741860769464234,106.73790365482628,33,44,1.0,10,45,5,1,0.75
10.752408891679814,106.7022703818112,23,34,1.0,10,45,5,1,0.6765
10.786216596454729,106.71836665482697,40,40,1.0,10,45,5,1,1.0
10.78948793356203,106.7151883818118,36,36,1.0,10,45,5,1,1.0
10.80223925742187,106.6478722259914,30,40,1.0,10,45,5,1,0.75
10.813928881466124,106.66511432455972,21,33,0.999425,10,45,5,1,0.6364
10.755608615763382,106.67347943578082,21,27,1.0,10,45,5,1,0.7778
10.782680856341084,106.70051548181168,17,30,1.0,10,45,5,1,0.5667
10.754895139302109,106.67839188181134,22,33,1.0,10,45,5,1,0.6667
10.785070445194592,106.68331340921324,14,28,1.0,10,45,5,1,0.5
10.7549373008113,106.67848844133415,22,33,1.0,10,45,5,1,0.6667
10.77898143649726,106.67684447140958,19,34,1.0,10,45,5,1,0.5588
10.7671128283867,106.6927618222887,20,20,1.0,10,45,5,1,1.0
10.77847212665258,106.69389510879644,26,41,1.0,10,45,5,1,0.6341
10.796057790235078,106.67492629345334,22,33,0.998691,10,45,5,1,0.6667
10.8352982156415,106.72935479345392,29,42,0.998196,10,46,5,1,0.6905
10.777562007197462,106.7041335430398,18,30,1.0,10,46,5,1,0.6
10.83886351241477,106.67566625482782,25,36,1.0,10,46,5,1,0.6944
10.765187049751797,106.67550552599072,23,35,1.0,10,46,5,1,0.6571
10.75948437198232,106.6840537511244,21,28,1.0,10,46,5,1,0.75
10.865229381280963,106.72366973948476,34,49,1.0,10,46,5,1,0.6939
10.72279213640514,106.72808623948244,25,37,0.997784,10,46,5,1,0.6757
10.823400120373712,106.68551227436063,22,32,1.0,10,46,5,1,0.6875
10.756158554057755,106.66631758181126,20,30,1.0,10,46,5,1,0.6667
10.7144382088356,106.73711688366168,24,35,1.0,10,46,5,1,0.6857
10.817236653231737,106.63191539530456,22,34,1.0,10,46,5,1,0.6471
10.772727584493625,106.69804225297564,13,24,0.999366,10,48,5,1,0.5417
10.774028664434528,106.70357076461706,29,29,1.0,10,48,5,1,1.0
10.752616652291238,106.72509685338922,39,39,1.0,10,48,5,1,1.0
10.745754766198267,106.65326266831876,35,43,1.0,10,48,5,1,0.814
10.94927106740351,106.87196348224562,42,42,1.0,10,48,5,1,1.0
10.78866360854368,106.695513722289,31,41,1.0,10,48,5,1,0.7561
10.801406421807084,106.7114844087968,31,41,1.0,10,48,5,1,0.7561
10.843150534972033,106.6151343241409,22,35,1.0,10,48,5,1,0.6286
10.880537767027526,106.81481342866444,43,53,1.0,10,48,5,1,0.8113
10.740840166521664,106.61899246873142,22,35,1.0,10,48,5,1,0.6286
10.798986343749618,106.7269705664684,45,45,1.0,10,49,5,1,1.0
10.741860769464234,106.73790365482628,33,44,1.0,10,49,5,1,0.75
10.752408891679814,106.7022703818112,22,34,1.0,10,49,5,1,0.6471
10.786216596454729,106.71836665482697,40,40,1.0,10,49,5,1,1.0
10.78948793356203,106.7151883818118,36,36,1.0,10,49,5,1,1.0
10.80223925742187,106.6478722259914,29,41,1.0,10,49,5,1,0.7073
10.813928881466124,106.66511432455972,22,34,0.998691,10,49,5,1,0.6471
10.755608615763382,106.67347943578082,19,27,0.997361,10,49,5,1,0.7037
10.782680856341084,106.70051548181168,19,30,1.0,10,49,5,1,0.6333
10.754895139302109,106.67839188181134,20,32,1.0,10,49,5,1,0.625
10.785070445194592,106.68331340921324,14,28,1.0,10,49,5,1,0.5
10.7549373008113,106.67848844133415,20,32,1.0,10,49,5,1,0.625
10.77898143649726,106.67684447140958,19,34,1.0,10,49,5,1,0.5588
10.7671128283867,106.6927618222887,15,20,1.0,10,49,5,1,0.75
10.77847212665258,106.69389510879644,27,42,1.0,10,49,5,1,0.6429
10.796057790235078,106.67492629345334,22,34,0.998691,10,49,5,1,0.6471
10.8352982156415,106.72935479345392,29,42,0.998003,10,49,5,1,0.6905
10.777562007197462,106.7041335430398,18,30,1.0,10,49,5,1,0.6
10.83886351241477,106.67566625482782,28,36,1.0,10,49,5,1,0.7778
10.765187049751797,106.67550552599072,25,36,1.0,10,49,5,1,0.6944
10.75948437198232,106.6840537511244,19,27,0.997886,10,49,5,1,0.7037
10.865229381280963,106.72366973948476,34,49,1.0,10,49,5,1,0.6939
10.72279213640514,106.72808623948244,26,37,0.997974,10,49,5,1,0.7027
10.823400120373712,106.68551227436063,21,31,1.0,10,50,5,1,0.6774
10.756158554057755,106.66631758181126,18,30,1.0,10,50,5,1,0.6
10.7144382088356,106.73711688366168,23,35,1.0,10,50,5,1,0.6571
10.817236653231737,106.63191539530456,21,35,1.0,10,50,5,1,0.6
10.772727584493625,106.69804225297564,14,24,1.0,10,52,5,1,0.5833
10.774028664434528,106.70357076461706,23,28,1.0,10,52,5,1,0.8214
10.752616652291238,106.72509685338922,39,39,1.0,10,52,5,1,1.0
10.745754766198267,106.65326266831876,34,43,1.0,10,52,5,1,0.7907
10.94927106740351,106.87196348224562,29,42,1.0,10,52,5,1,0.6905
10.78866360854368,106.695513722289,33,41,1.0,10,52,5,1,0.8049
10.801406421807084,106.7114844087968,33,41,1.0,10,52,5,1,0.8049
10.843150534972033,106.6151343241409,24,35,1.0,10,52,5,1,0.6857
10.880537767027526,106.81481342866444,44,53,1.0,10,52,5,1,0.8302
10.740840166521664,106.61899246873142,23,35,1.0,10,52,5,1,0.6571
10.798986343749618,106.7269705664684,45,45,1.0,10,52,5,1,1.0
10.741860769464234,106.73790365482628,32,44,1.0,10,52,5,1,0.7273
10.752408891679814,106.7022703818112,22,34,1.0,10,52,5,1,0.6471
10.786216596454729,106.71836665482697,40,40,1.0,10,52,5,1,1.0
10.78948793356203,106.7151883818118,36,36,1.0,10,52,5,1,1.0
10.80223925742187,106.6478722259914,29,41,1.0,10,52,5,1,0.7073
10.813928881466124,106.66511432455972,20,33,0.997734,10,52,5,1,0.6061
10.755608615763382,106.67347943578082,17,28,0.998943,10,52,5,1,0.6071
10.782680856341084,106.70051548181168,18,30,1.0,10,52,5,1,0.6
10.754895139302109,106.67839188181134,19,32,1.0,10,52,5,1,0.5938
10.785070445194592,106.68331340921324,17,27,1.0,10,52,5,1,0.6296
10.7549373008113,106.67848844133415,19,32,1.0,10,52,5,1,0.5938
10.77898143649726,106.67684447140958,19,34,1.0,10,52,5,1,0.5588
10.7671128283867,106.6927618222887,10,20,1.0,10,52,5,1,0.5
10.77847212665258,106.69389510879644,27,42,1.0,10,52,5,1,0.6429
10.796057790235078,106.67492629345334,20,33,0.997734,10,52,5,1,0.6061
10.8352982156415,106.72935479345392,31,42,0.99801,10,52,5,1,0.7381
10.777562007197462,106.7041335430398,18,30,1.0,10,52,5,1,0.6
10.83886351241477,106.67566625482782,25,36,1.0,10,52,5,1,0.6944
10.765187049751797,106.67550552599072,24,35,1.0,10,52,5,1,0.6857
10.75948437198232,106.6840537511244,17,28,0.998943,10,52,5,1,0.6071
10.865229381280963,106.72366973948476,33,49,1.0,10,52,5,1,0.6735
10.72279213640514,106.72808623948244,25,36,0.997905,10,53,5,1,0.6944
10.823400120373712,106.68551227436063,20,32,1.0,10,53,5,1,0.625
10.756158554057755,106.66631758181126,19,29,1.0,10,53,5,1,0.6552
10.7144382088356,106.73711688366168,25,35,1.0,10,53,5,1,0.7143
10.817236653231737,106.63191539530456,23,35,1.0,10,53,5,1,0.6571
10.772727584493625,106.69804225297564,14,24,1.0,10,55,5,1,0.5833
10.774028664434528,106.70357076461706,22,28,1.0,10,55,5,1,0.7857
10.752616652291238,106.72509685338922,39,39,1.0,10,55,5,1,1.0
10.745754766198267,106.65326266831876,34,42,1.0,10,55,5,1,0.8095
10.94927106740351,106.87196348224562,30,41,1.0,10,55,5,1,0.7317
10.78866360854368,106.695513722289,34,42,1.0,10,55,5,1,0.8095
10.801406421807084,106.7114844087968,34,42,1.0,10,55,5,1,0.8095
10.843150534972033,106.6151343241409,22,35,1.0,10,55,5,1,0.6286
10.880537767027526,106.81481342866444,43,53,1.0,10,55,5,1,0.8113
10.740840166521664,106.61899246873142,22,35,1.0,10,55,5,1,0.6286
10.798986343749618,106.7269705664684,45,45,1.0,10,55,5,1,1.0
10.741860769464234,106.73790365482628,33,44,1.0,10,55,5,1,0.75
10.752408891679814,106.7022703818112,22,34,1.0,10,55,5,1,0.6471
10.786216596454729,106.71836665482697,37,40,1.0,10,55,5,1,0.925
10.78948793356203,106.7151883818118,36,36,1.0,10,55,5,1,1.0
10.80223925742187,106.6478722259914,27,41,1.0,10,55,5,1,0.6585
10.813928881466124,106.66511432455972,21,34,0.998691,10,55,5,1,0.6176
10.755608615763382,106.67347943578082,17,27,0.998947,10,55,5,1,0.6296
10.782680856341084,106.70051548181168,19,30,1.0,10,55,5,1,0.6333
10.754895139302109,106.67839188181134,21,33,1.0,10,56,5,1,0.6364
10.785070445194592,106.68331340921324,16,28,1.0,10,56,5,1,0.5714
10.7549373008113,106.67848844133415,21,33,1.0,10,56,5,1,0.6364
10.77898143649726,106.67684447140958,19,35,1.0,10,56,5,1,0.5429
10.7671128283867,106.6927618222887,20,20,1.0,10,56,5,1,1.0
10.77847212665258,106.69389510879644,27,41,1.0,10,56,5,1,0.6585
10.796057790235078,106.67492629345334,21,34,0.998117,10,56,5,1,0.6176
10.8352982156415,106.72935479345392,30,42,0.998014,10,56,5,1,0.7143
10.777562007197462,106.7041335430398,17,30,1.0,10,56,5,1,0.5667
10.83886351241477,106.67566625482782,25,36,1.0,10,56,5,1,0.6944
10.765187049751797,106.67550552599072,26,36,1.0,10,57,5,1,0.7222
10.75948437198232,106.6840537511244,19,27,1.0,10,57,5,1,0.7037
10.865229381280963,106.72366973948476,34,49,1.0,10,57,5,1,0.6939
10.72279213640514,106.72808623948244,26,37,0.998603,10,57,5,1,0.7027
10.823400120373712,106.68551227436063,20,32,1.0,10,57,5,1,0.625
10.756158554057755,106.66631758181126,20,29,1.0,10,57,5,1,0.6897
10.7144382088356,106.73711688366168,24,35,1.0,10,57,5,1,0.6857
10.817236653231737,106.63191539530456,22,35,1.0,10,57,5,1,0.6286
10.772727584493625,106.69804225297564,15,24,1.0,10,59,5,1,0.625
10.774028664434528,106.70357076461706,29,29,1.0,10,59,5,1,1.0
10.752616652291238,106.72509685338922,39,39,1.0,10,59,5,1,1.0
10.745754766198267,106.65326266831876,34,42,1.0,10,59,5,1,0.8095
10.94927106740351,106.87196348224562,30,41,1.0,10,59,5,1,0.7317
10.78866360854368,106.695513722289,32,41,1.0,10,59,5,1,0.7805
10.801406421807084,106.7114844087968,32,41,1.0,10,59,5,1,0.7805
10.843150534972033,106.6151343241409,22,35,1.0,10,59,5,1,0.6286
10.880537767027526,106.81481342866444,45,53,1.0,10,59,5,1,0.8491
10.740840166521664,106.61899246873142,23,35,1.0,10,59,5,1,0.6571
10.798986343749618,106.7269705664684,45,45,1.0,11,0,5,1,1.0
10.741860769464234,106.73790365482628,31,44,1.0,11,0,5,1,0.7045
10.752408891679814,106.7022703818112,24,34,1.0,11,0,5,1,0.7059
10.786216596454729,106.71836665482697,40,40,1.0,11,0,5,1,1.0
10.78948793356203,106.7151883818118,36,36,1.0,11,0,5,1,1.0
10.80223925742187,106.6478722259914,27,41,1.0,11,0,5,1,0.6585
10.813928881466124,106.66511432455972,20,33,0.999133,11,0,5,1,0.6061
10.755608615763382,106.67347943578082,19,27,1.0,11,0,5,1,0.7037
10.782680856341084,106.70051548181168,17,30,1.0,11,0,5,1,0.5667
10.754895139302109,106.67839188181134,20,33,1.0,11,0,5,1,0.6061
10.785070445194592,106.68331340921324,14,28,1.0,11,0,5,1,0.5
10.7549373008113,106.67848844133415,20,33,1.0,11,0,5,1,0.6061
10.77898143649726,106.67684447140958,21,34,1.0,11,0,5,1,0.6176
10.7671128283867,106.6927618222887,13,19,1.0,11,0,5,1,0.6842
10.77847212665258,106.69389510879644,26,41,1.0,11,0,5,1,0.6341
10.796057790235078,106.67492629345334,21,34,1.0,11,1,5,1,0.6176
10.8352982156415,106.72935479345392,30,42,0.998016,11,1,5,1,0.7143
10.777562007197462,106.7041335430398,18,30,1.0,11,1,5,1,0.6
10.83886351241477,106.67566625482782,27,36,0.999214,11,1,5,1,0.75
10.765187049751797,106.67550552599072,21,35,1.0,11,1,5,1,0.6
10.75948437198232,106.6840537511244,17,27,0.998951,11,1,5,1,0.6296
10.865229381280963,106.72366973948476,34,49,1.0,11,1,5,1,0.6939
10.72279213640514,106.72808623948244,26,37,0.998603,11,1,5,1,0.7027
10.823400120373712,106.68551227436063,23,31,1.0,11,1,5,1,0.7419
10.756158554057755,106.66631758181126,23,30,1.0,11,1,5,1,0.7667
10.7144382088356,106.73711688366168,25,35,1.0,11,1,5,1,0.7143
10.817236653231737,106.63191539530456,22,35,1.0,11,1,5,1,0.6286
10.772727584493625,106.69804225297564,16,24,1.0,11,3,5,1,0.6667
10.774028664434528,106.70357076461706,18,28,1.0,11,4,5,1,0.6429
10.752616652291238,106.72509685338922,39,39,1.0,11,4,5,1,1.0
10.745754766198267,106.65326266831876,34,42,1.0,11,4,5,1,0.8095
10.94927106740351,106.87196348224562,34,42,1.0,11,4,5,1,0.8095
10.78866360854368,106.695513722289,32,41,1.0,11,4,5,1,0.7805
10.801406421807084,106.7114844087968,32,41,1.0,11,4,5,1,0.7805
10.843150534972033,106.6151343241409,23,34,1.0,11,4,5,1,0.6765
10.880537767027526,106.81481342866444,46,54,1.0,11,4,5,1,0.8519
10.740840166521664,106.61899246873142,22,35,1.0,11,4,5,1,0.6286
10.798986343749618,106.7269705664684,45,45,1.0,11,4,5,1,1.0
10.741860769464234,106.73790365482628,31,44,1.0,11,4,5,1,0.7045
10.752408891679814,106.7022703818112,22,34,1.0,11,4,5,1,0.6471
10.786216596454729,106.71836665482697,40,40,1.0,11,4,5,1,1.0
10.78948793356203,106.7151883818118,25,35,1.0,11,4,5,1,0.7143
10.80223925742187,106.6478722259914,26,39,1.0,11,4,5,1,0.6667
10.813928881466124,106.66511432455972,21,34,0.999425,11,4,5,1,0.6176
10.755608615763382,106.67347943578082,16,27,0.998951,11,4,5,1,0.5926
10.782680856341084,106.70051548181168,18,30,1.0,11,4,5,1,0.6
10.754895139302109,106.67839188181134,20,33,1.0,11,4,5,1,0.6061
10.785070445194592,106.68331340921324,14,29,1.0,11,5,5,1,0.4828
10.7549373008113,106.67848844133415,20,33,1.0,11,5,5,1,0.6061
10.77898143649726,106.67684447140958,19,34,1.0,11,5,5,1,0.5588
10.7671128283867,106.6927618222887,20,20,1.0,11,5,5,1,1.0
10.77847212665258,106.69389510879644,27,42,1.0,11,5,5,1,0.6429
10.796057790235078,106.67492629345334,21,34,0.999425,11,5,5,1,0.6176
10.8352982156415,106.72935479345392,29,43,0.997467,11,5,5,1,0.6744
10.777562007197462,106.7041335430398,17,30,1.0,11,5,5,1,0.5667
10.83886351241477,106.67566625482782,25,37,1.0,11,5,5,1,0.6757
10.765187049751797,106.67550552599072,22,36,1.0,11,5,5,1,0.6111
10.75948437198232,106.6840537511244,17,28,1.0,11,5,5,1,0.6071
10.865229381280963,106.72366973948476,34,49,1.0,11,6,5,1,0.6939
10.72279213640514,106.72808623948244,26,37,1.0,11,6,5,1,0.7027
10.823400120373712,106.68551227436063,21,31,1.0,11,6,5,1,0.6774
10.756158554057755,106.66631758181126,18,29,1.0,11,6,5,1,0.6207
10.7144382088356,106.73711688366168,25,35,1.0,11,6,5,1,0.7143
10.817236653231737,106.63191539530456,22,34,1.0,11,6,5,1,0.6471
10.772727584493625,106.69804225297564,14,24,1.0,11,8,5,1,0.5833
10.774028664434528,106.70357076461706,29,29,1.0,11,8,5,1,1.0
10.752616652291238,106.72509685338922,39,39,1.0,11,8,5,1,1.0
10.745754766198267,106.65326266831876,36,42,1.0,11,8,5,1,0.8571
10.94927106740351,106.87196348224562,31,42,1.0,11,8,5,1,0.7381
10.78866360854368,106.695513722289,32,41,1.0,11,8,5,1,0.7805
10.801406421807084,106.7114844087968,32,41,1.0,11,8,5,1,0.7805
10.843150534972033,106.6151343241409,23,34,1.0,11,9,5,1,0.6765
10.880537767027526,106.81481342866444,43,53,1.0,11,9,5,1,0.8113
10.740840166521664,106.61899246873142,21,35,1.0,11,9,5,1,0.6
10.798986343749618,106.7269705664684,45,45,1.0,11,9,5,1,1.0
10.741860769464234,106.73790365482628,34,44,1.0,11,9,5,1,0.7727
10.752408891679814,106.7022703818112,21,33,1.0,11,9,5,1,0.6364
10.786216596454729,106.71836665482697,40,40,1.0,11,9,5,1,1.0
10.78948793356203,106.7151883818118,36,36,1.0,11,9,5,1,1.0
10.80223925742187,106.6478722259914,29,41,1.0,11,9,5,1,0.7073
10.813928881466124,106.66511432455972,20,34,1.0,11,9,5,1,0.5882
10.755608615763382,106.67347943578082,19,27,0.998954,11,9,5,1,0.7037
10.782680856341084,106.70051548181168,19,30,1.0,11,9,5,1,0.6333
10.754895139302109,106.67839188181134,19,33,1.0,11,9,5,1,0.5758
10.785070445194592,106.68331340921324,13,28,1.0,11,9,5,1,0.4643
10.7549373008113,106.67848844133415,19,33,1.0,11,9,5,1,0.5758
10.77898143649726,106.67684447140958,20,34,1.0,11,9,5,1,0.5882
10.7671128283867,106.6927618222887,9,19,1.0,11,9,5,1,0.4737
10.77847212665258,106.69389510879644,26,41,1.0,11,9,5,1,0.6341
10.796057790235078,106.67492629345334,20,34,1.0,11,9,5,1,0.5882
10.8352982156415,106.72935479345392,30,42,0.996743,11,9,5,1,0.7143
10.777562007197462,106.7041335430398,19,30,1.0,11,9,5,1,0.6333
10.83886351241477,106.67566625482782,25,36,1.0,11,9,5,1,0.6944
10.765187049751797,106.67550552599072,21,35,1.0,11,9,5,1,0.6
10.75948437198232,106.6840537511244,19,27,0.998954,11,9,5,1,0.7037
10.865229381280963,106.72366973948476,34,49,1.0,11,9,5,1,0.6939
10.72279213640514,106.72808623948244,25,37,1.0,11,9,5,1,0.6757
10.823400120373712,106.68551227436063,22,32,1.0,11,9,5,1,0.6875
10.756158554057755,106.66631758181126,22,29,1.0,11,9,5,1,0.7586
10.7144382088356,106.73711688366168,25,35,1.0,11,9,5,1,0.7143
10.817236653231737,106.63191539530456,24,35,1.0,11,9,5,1,0.6857
10.772727584493625,106.69804225297564,14,23,1.0,11,12,5,1,0.6087
10.774028664434528,106.70357076461706,21,29,1.0,11,12,5,1,0.7241
10.752616652291238,106.72509685338922,39,39,1.0,11,12,5,1,1.0
10.745754766198267,106.65326266831876,36,42,1.0,11,12,5,1,0.8571
10.94927106740351,106.87196348224562,30,42,1.0,11,12,5,1,0.7143
10.78866360854368,106.695513722289,32,42,1.0,11,12,5,1,0.7619
10.801406421807084,106.7114844087968,32,42,1.0,11,12,5,1,0.7619
10.843150534972033,106.6151343241409,23,35,1.0,11,12,5,1,0.6571
10.880537767027526,106.81481342866444,44,54,1.0,11,12,5,1,0.8148
10.740840166521664,106.61899246873142,24,35,1.0,11,12,5,1,0.6857
10.798986343749618,106.7269705664684,45,45,1.0,11,12,5,1,1.0
10.741860769464234,106.73790365482628,32,43,1.0,11,13,5,1,0.7442
10.752408891679814,106.7022703818112,21,34,1.0,11,13,5,1,0.6176
10.786216596454729,106.71836665482697,40,40,1.0,11,13,5,1,1.0
10.78948793356203,106.7151883818118,36,36,1.0,11,13,5,1,1.0
10.80223925742187,106.6478722259914,25,40,1.0,11,13,5,1,0.625
10.813928881466124,106.66511432455972,20,34,0.999021,11,13,5,1,0.5882
10.755608615763382,106.67347943578082,17,28,1.0,11,13,5,1,0.6071
10.782680856341084,106.70051548181168,18,30,1.0,11,13,5,1,0.6
10.754895139302109,106.67839188181134,20,32,1.0,11,13,5,1,0.625
10.785070445194592,106.68331340921324,14,28,1.0,11,13,5,1,0.5
10.7549373008113,106.67848844133415,20,32,1.0,11,13,5,1,0.625
10.77898143649726,106.67684447140958,21,34,1.0,11,13,5,1,0.6176
10.7671128283867,106.6927618222887,16,20,1.0,11,13,5,1,0.8
10.77847212665258,106.69389510879644,26,41,1.0,11,14,5,1,0.6341
10.796057790235078,106.67492629345334,21,34,0.998758,11,14,5,1,0.6176
10.8352982156415,106.72935479345392,31,43,0.996381,11,14,5,1,0.7209
10.777562007197462,106.7041335430398,17,30,1.0,11,14,5,1,0.5667
10.83886351241477,106.67566625482782,27,36,1.0,11,14,5,1,0.75
10.765187049751797,106.67550552599072,26,36,1.0,11,14,5,1,0.7222
10.75948437198232,106.6840537511244,16,28,0.998939,11,14,5,1,0.5714
10.865229381280963,106.72366973948476,35,49,1.0,11,14,5,1,0.7143
10.72279213640514,106.72808623948244,25,37,1.0,11,14,5,1,0.6757
10.823400120373712,106.68551227436063,24,31,1.0,11,15,5,1,0.7742
10.756158554057755,106.66631758181126,19,30,1.0,11,15,5,1,0.6333
10.7144382088356,106.73711688366168,25,35,1.0,11,15,5,1,0.7143
10.817236653231737,106.63191539530456,21,34,1.0,11,15,5,1,0.6176
10.772727584493625,106.69804225297564,15,24,0.999366,11,17,5,1,0.625
10.774028664434528,106.70357076461706,21,29,1.0,11,17,5,1,0.7241
10.752616652291238,106.72509685338922,39,39,1.0,11,17,5,1,1.0
10.745754766198267,106.65326266831876,35,43,1.0,11,17,5,1,0.814
10.94927106740351,106.87196348224562,31,41,1.0,11,17,5,1,0.7561
10.78866360854368,106.695513722289,31,41,1.0,11,17,5,1,0.7561
10.801406421807084,106.7114844087968,31,41,1.0,11,17,5,1,0.7561
10.843150534972033,106.6151343241409,22,35,1.0,11,17,5,1,0.6286
10.880537767027526,106.81481342866444,44,53,1.0,11,17,5,1,0.8302
10.740840166521664,106.61899246873142,24,35,1.0,11,17,5,1,0.6857
10.798986343749618,106.7269705664684,45,45,1.0,11,18,5,1,1.0
10.741860769464234,106.73790365482628,31,44,1.0,11,18,5,1,0.7045
10.752408891679814,106.7022703818112,23,34,1.0,11,18,5,1,0.6765
10.786216596454729,106.71836665482697,40,40,1.0,11,18,5,1,1.0
10.78948793356203,106.7151883818118,36,36,1.0,11,18,5,1,1.0
10.80223925742187,106.6478722259914,28,41,1.0,11,18,5,1,0.6829
10.813928881466124,106.66511432455972,20,34,0.998954,11,18,5,1,0.5882
10.755608615763382,106.67347943578082,16,27,0.998951,11,18,5,1,0.5926
10.782680856341084,106.70051548181168,17,29,1.0,11,18,5,1,0.5862
10.754895139302109,106.67839188181134,19,33,1.0,11,18,5,1,0.5758
10.785070445194592,106.68331340921324,14,27,1.0,11,18,5,1,0.5185
10.7549373008113,106.67848844133415,19,33,1.0,11,18,5,1,0.5758
10.77898143649726,106.67684447140958,21,34,1.0,11,18,5,1,0.6176
10.7671128283867,106.6927618222887,11,20,1.0,11,18,5,1,0.55
10.77847212665258,106.69389510879644,26,42,1.0,11,18,5,1,0.619
10.796057790235078,106.67492629345334,20,34,0.998954,11,18,5,1,0.5882
10.8352982156415,106.72935479345392,32,43,0.99598,11,18,5,1,0.7442
10.777562007197462,106.7041335430398,17,29,1.0,11,18,5,1,0.5862
10.83886351241477,106.67566625482782,26,36,0.999213,11,18,5,1,0.7222
10.765187049751797,106.67550552599072,17,36,1.0,11,18,5,1,0.4722
10.75948437198232,106.6840537511244,16,27,0.998951,11,18,5,1,0.5926
10.865229381280963,106.72366973948476,34,49,1.0,11,18,5,1,0.6939
10.72279213640514,106.72808623948244,25,37,0.995555,11,18,5,1,0.6757
10.823400120373712,106.68551227436063,24,32,1.0,11,19,5,1,0.75
10.756158554057755,106.66631758181126,23,29,1.0,11,19,5,1,0.7931
10.7144382088356,106.73711688366168,25,35,1.0,11,19,5,1,0.7143
10.817236653231737,106.63191539530456,22,35,1.0,11,19,5,1,0.6286
10.772727584493625,106.69804225297564,15,24,0.999366,11,21,5,1,0.625
10.774028664434528,106.70357076461706,29,29,1.0,11,21,5,1,1.0
10.752616652291238,106.72509685338922,39,39,1.0,11,21,5,1,1.0
10.745754766198267,106.65326266831876,35,43,1.0,11,21,5,1,0.814
10.94927106740351,106.87196348224562,33,41,1.0,11,21,5,1,0.8049
10.78866360854368,106.695513722289,32,42,1.0,11,21,5,1,0.7619
10.801406421807084,106.7114844087968,32,42,1.0,11,21,5,1,0.7619
10.843150534972033,106.6151343241409,22,35,1.0,11,21,5,1,0.6286
10.880537767027526,106.81481342866444,43,53,1.0,11,21,5,1,0.8113
10.740840166521664,106.61899246873142,24,35,1.0,11,22,5,1,0.6857
10.798986343749618,106.7269705664684,45,45,1.0,11,22,5,1,1.0
10.741860769464234,106.73790365482628,32,44,1.0,11,22,5,1,0.7273
10.752408891679814,106.7022703818112,23,34,1.0,11,22,5,1,0.6765
10.786216596454729,106.71836665482697,40,40,1.0,11,22,5,1,1.0
10.78948793356203,106.7151883818118,36,36,1.0,11,22,5,1,1.0
10.80223925742187,106.6478722259914,26,40,1.0,11,22,5,1,0.65
10.813928881466124,106.66511432455972,22,34,1.0,11,22,5,1,0.6471
10.755608615763382,106.67347943578082,19,27,1.0,11,22,5,1,0.7037
10.782680856341084,106.70051548181168,18,30,1.0,11,22,5,1,0.6
10.754895139302109,106.67839188181134,20,32,1.0,11,22,5,1,0.625
10.785070445194592,106.68331340921324,12,28,1.0,11,22,5,1,0.4286
10.7549373008113,106.67848844133415,20,32,1.0,11,22,5,1,0.625
10.77898143649726,106.67684447140958,21,34,1.0,11,22,5,1,0.6176
10.7671128283867,106.6927618222887,11,19,1.0,11,22,5,1,0.5789
10.77847212665258,106.69389510879644,26,42,1.0,11,22,5,1,0.619
10.796057790235078,106.67492629345334,22,34,1.0,11,22,5,1,0.6471
10.8352982156415,106.72935479345392,31,42,0.996693,11,22,5,1,0.7381
10.777562007197462,106.7041335430398,18,30,1.0,11,22,5,1,0.6
10.83886351241477,106.67566625482782,25,36,1.0,11,22,5,1,0.6944
10.765187049751797,106.67550552599072,17,36,1.0,11,22,5,1,0.4722
10.75948437198232,106.6840537511244,19,27,1.0,11,22,5,1,0.7037
10.865229381280963,106.72366973948476,33,49,1.0,11,22,5,1,0.6735
10.72279213640514,106.72808623948244,25,37,0.996876,11,23,5,1,0.6757
10.823400120373712,106.68551227436063,23,32,1.0,11,23,5,1,0.7188
10.756158554057755,106.66631758181126,20,28,1.0,11,23,5,1,0.7143
10.7144382088356,106.73711688366168,24,36,1.0,11,23,5,1,0.6667
10.817236653231737,106.63191539530456,21,35,1.0,11,23,5,1,0.6
10.772727584493625,106.69804225297564,13,24,0.999366,11,25,5,1,0.5417
10.774028664434528,106.70357076461706,18,28,1.0,11,25,5,1,0.6429
10.752616652291238,106.72509685338922,39,39,1.0,11,25,5,1,1.0
10.745754766198267,106.65326266831876,36,43,1.0,11,25,5,1,0.8372
10.94927106740351,106.87196348224562,31,42,1.0,11,25,5,1,0.7381
10.78866360854368,106.695513722289,31,41,1.0,11,25,5,1,0.7561
10.801406421807084,106.7114844087968,31,41,1.0,11,25,5,1,0.7561
10.843150534972033,106.6151343241409,22,35,1.0,11,25,5,1,0.6286
10.880537767027526,106.81481342866444,45,53,1.0,11,25,5,1,0.8491
10.740840166521664,106.61899246873142,25,35,1.0,11,25,5,1,0.7143
10.798986343749618,106.7269705664684,45,45,1.0,11,25,5,1,1.0
10.741860769464234,106.73790365482628,30,44,1.0,11,25,5,1,0.6818
10.752408891679814,106.7022703818112,21,34,1.0,11,26,5,1,0.6176
10.786216596454729,106.71836665482697,40,40,1.0,11,26,5,1,1.0
10.78948793356203,106.7151883818118,36,36,1.0,11,26,5,1,1.0
10.80223925742187,106.6478722259914,27,41,1.0,11,26,5,1,0.6585
10.813928881466124,106.66511432455972,20,34,0.999425,11,26,5,1,0.5882
10.755608615763382,106.67347943578082,16,27,0.998947,11,26,5,1,0.5926
10.782680856341084,106.70051548181168,17,30,1.0,11,26,5,1,0.5667
10.754895139302109,106.67839188181134,19,33,1.0,11,26,5,1,0.5758
10.785070445194592,106.68331340921324,14,27,1.0,11,26,5,1,0.5185
10.7549373008113,106.67848844133415,19,33,1.0,11,26,5,1,0.5758
10.77898143649726,106.67684447140958,20,34,1.0,11,26,5,1,0.5882
10.7671128283867,106.6927618222887,15,19,1.0,11,26,5,1,0.7895
10.77847212665258,106.69389510879644,26,41,1.0,11,26,5,1,0.6341
10.796057790235078,106.67492629345334,20,33,0.999425,11,27,5,1,0.6061
10.8352982156415,106.72935479345392,31,43,0.996922,11,27,5,1,0.7209
10.777562007197462,106.7041335430398,17,30,1.0,11,27,5,1,0.5667
10.83886351241477,106.67566625482782,24,36,1.0,11,27,5,1,0.6667
10.765187049751797,106.67550552599072,16,36,1.0,11,27,5,1,0.4444
10.75948437198232,106.6840537511244,17,28,1.0,11,27,5,1,0.6071
10.865229381280963,106.72366973948476,34,49,1.0,11,27,5,1,0.6939
10.72279213640514,106.72808623948244,25,37,0.995997,11,27,5,1,0.6757
10.823400120373712,106.68551227436063,23,31,1.0,11,27,5,1,0.7419
10.756158554057755,106.66631758181126,20,28,1.0,11,27,5,1,0.7143
10.7144382088356,106.73711688366168,23,36,1.0,11,27,5,1,0.6389
10.817236653231737,106.63191539530456,22,35,1.0,11,27,5,1,0.6286
10.772727584493625,106.69804225297564,14,23,0.999366,11,29,5,1,0.6087
10.774028664434528,106.70357076461706,29,29,1.0,11,30,5,1,1.0
10.752616652291238,106.72509685338922,32,40,1.0,11,30,5,1,0.8
10.745754766198267,106.65326266831876,36,42,1.0,11,30,5,1,0.8571
10.94927106740351,106.87196348224562,28,41,1.0,11,30,5,1,0.6829
10.78866360854368,106.695513722289,33,42,1.0,11,30,5,1,0.7857
10.801406421807084,106.7114844087968,33,42,1.0,11,30,5,1,0.7857
10.843150534972033,106.6151343241409,23,35,1.0,11,30,5,1,0.6571
10.880537767027526,106.81481342866444,44,53,1.0,11,30,5,1,0.8302
10.740840166521664,106.61899246873142,25,35,1.0,11,30,5,1,0.7143
10.798986343749618,106.7269705664684,45,45,1.0,11,30,5,1,1.0
10.741860769464234,106.73790365482628,30,44,1.0,11,30,5,1,0.6818
10.752408891679814,106.7022703818112,20,34,1.0,11,30,5,1,0.5882
10.786216596454729,106.71836665482697,40,40,1.0,11,30,5,1,1.0
10.78948793356203,106.7151883818118,29,35,1.0,11,30,5,1,0.8286
10.80223925742187,106.6478722259914,26,41,1.0,11,30,5,1,0.6341
10.813928881466124,106.66511432455972,20,34,0.997982,11,30,5,1,0.5882
10.755608615763382,106.67347943578082,18,28,1.0,11,30,5,1,0.6429
10.782680856341084,106.70051548181168,18,30,1.0,11,30,5,1,0.6
10.754895139302109,106.67839188181134,19,33,1.0,11,30,5,1,0.5758
10.785070445194592,106.68331340921324,14,28,1.0,11,30,5,1,0.5
10.7549373008113,106.67848844133415,19,33,1.0,11,30,5,1,0.5758
10.77898143649726,106.67684447140958,20,34,1.0,11,30,5,1,0.5882
10.7671128283867,106.6927618222887,20,20,1.0,11,30,5,1,1.0
10.77847212665258,106.69389510879644,27,42,1.0,11,30,5,1,0.6429
10.796057790235078,106.67492629345334,20,34,0.997982,11,30,5,1,0.5882
10.8352982156415,106.72935479345392,32,43,0.997643,11,30,5,1,0.7442
10.777562007197462,106.7041335430398,17,30,1.0,11,30,5,1,0.5667
10.83886351241477,106.67566625482782,25,36,1.0,11,30,5,1,0.6944
10.765187049751797,106.67550552599072,16,37,1.0,11,30,5,1,0.4324
10.75948437198232,106.6840537511244,15,28,1.0,11,30,5,1,0.5357
10.865229381280963,106.72366973948476,33,49,1.0,11,30,5,1,0.6735
10.72279213640514,106.72808623948244,25,37,0.9966,11,30,5,1,0.6757
10.823400120373712,106.68551227436063,23,32,1.0,11,31,5,1,0.7188
10.756158554057755,106.66631758181126,22,30,1.0,11,31,5,1,0.7333
10.7144382088356,106.73711688366168,24,35,1.0,11,31,5,1,0.6857
10.817236653231737,106.63191539530456,22,35,1.0,11,31,5,1,0.6286
10.772727584493625,106.69804225297564,14,24,0.999366,11,33,5,1,0.5833
10.774028664434528,106.70357076461706,29,29,1.0,11,33,5,1,1.0
10.752616652291238,106.72509685338922,39,39,1.0,11,33,5,1,1.0
10.745754766198267,106.65326266831876,36,43,1.0,11,33,5,1,0.8372
10.94927106740351,106.87196348224562,42,42,1.0,11,33,5,1,1.0
10.78866360854368,106.695513722289,30,42,1.0,11,33,5,1,0.7143
10.801406421807084,106.7114844087968,30,42,1.0,11,34,5,1,0.7143
10.843150534972033,106.6151343241409,21,34,1.0,11,34,5,1,0.6176
10.880537767027526,106.81481342866444,44,53,1.0,11,34,5,1,0.8302
10.740840166521664,106.61899246873142,24,35,1.0,11,34,5,1,0.6857
10.798986343749618,106.7269705664684,45,45,1.0,11,34,5,1,1.0
10.741860769464234,106.73790365482628,29,45,1.0,11,34,5,1,0.6444
10.752408891679814,106.7022703818112,22,34,1.0,11,34,5,1,0.6471
10.786216596454729,106.71836665482697,40,40,1.0,11,34,5,1,1.0
10.78948793356203,106.7151883818118,36,36,1.0,11,34,5,1,1.0
10.80223925742187,106.6478722259914,25,41,1.0,11,34,5,1,0.6098
10.813928881466124,106.66511432455972,20,34,0.997157,11,34,5,1,0.5882
10.755608615763382,106.67347943578082,20,28,0.998951,11,34,5,1,0.7143
10.782680856341084,106.70051548181168,18,30,1.0,11,34,5,1,0.6
10.754895139302109,106.67839188181134,19,32,1.0,11,34,5,1,0.5938
10.785070445194592,106.68331340921324,12,27,1.0,11,34,5,1,0.4444
10.7549373008113,106.67848844133415,20,33,1.0,11,34,5,1,0.6061
10.77898143649726,106.67684447140958,21,34,1.0,11,34,5,1,0.6176
10.7671128283867,106.6927618222887,14,20,1.0,11,34,5,1,0.7
10.77847212665258,106.69389510879644,28,42,1.0,11,35,5,1,0.6667
10.796057790235078,106.67492629345334,19,34,0.998179,11,35,5,1,0.5588
10.8352982156415,106.72935479345392,31,43,0.997646,11,35,5,1,0.7209
10.777562007197462,106.7041335430398,18,30,1.0,11,35,5,1,0.6
10.83886351241477,106.67566625482782,26,36,1.0,11,35,5,1,0.7222
10.765187049751797,106.67550552599072,12,36,1.0,11,35,5,1,0.3333
10.75948437198232,106.6840537511244,20,28,0.998951,11,35,5,1,0.7143
10.865229381280963,106.72366973948476,36,49,1.0,11,35,5,1,0.7347
10.72279213640514,106.72808623948244,25,37,0.997961,11,35,5,1,0.6757
10.823400120373712,106.68551227436063,21,31,1.0,11,35,5,1,0.6774
10.756158554057755,106.66631758181126,21,29,1.0,11,35,5,1,0.7241
10.7144382088356,106.73711688366168,24,35,1.0,11,35,5,1,0.6857
10.817236653231737,106.63191539530456,22,34,1.0,11,35,5,1,0.6471
10.772727584493625,106.69804225297564,13,24,0.999366,11,37,5,1,0.5417
10.774028664434528,106.70357076461706,29,29,1.0,11,37,5,1,1.0
10.752616652291238,106.72509685338922,39,39,1.0,11,37,5,1,1.0
10.745754766198267,106.65326266831876,35,42,1.0,11,37,5,1,0.8333
10.94927106740351,106.87196348224562,35,41,1.0,11,37,5,1,0.8537
10.78866360854368,106.695513722289,32,42,1.0,11,37,5,1,0.7619
10.801406421807084,106.7114844087968,32,42,1.0,11,38,5,1,0.7619
10.843150534972033,106.6151343241409,22,35,1.0,11,38,5,1,0.6286
10.880537767027526,106.81481342866444,43,53,1.0,11,38,5,1,0.8113
10.740840166521664,106.61899246873142,25,35,1.0,11,38,5,1,0.7143
10.798986343749618,106.7269705664684,45,45,1.0,11,38,5,1,1.0
10.741860769464234,106.73790365482628,28,44,1.0,11,38,5,1,0.6364
10.752408891679814,106.7022703818112,22,33,1.0,11,38,5,1,0.6667
10.786216596454729,106.71836665482697,40,40,1.0,11,38,5,1,1.0
10.78948793356203,106.7151883818118,36,36,1.0,11,39,5,1,1.0
10.80223925742187,106.6478722259914,26,41,1.0,11,39,5,1,0.6341
10.813928881466124,106.66511432455972,19,34,0.99681,11,39,5,1,0.5588
10.755608615763382,106.67347943578082,21,28,1.0,11,39,5,1,0.75
10.782680856341084,106.70051548181168,18,30,1.0,11,39,5,1,0.6
10.754895139302109,106.67839188181134,21,32,1.0,11,39,5,1,0.6562
10.785070445194592,106.68331340921324,15,28,1.0,11,39,5,1,0.5357
10.7549373008113,106.67848844133415,21,32,1.0,11,39,5,1,0.6562
10.77898143649726,106.67684447140958,21,34,1.0,11,39,5,1,0.6176
10.7671128283867,106.6927618222887,20,20,1.0,11,39,5,1,1.0
10.77847212665258,106.69389510879644,28,41,1.0,11,39,5,1,0.6829
10.796057790235078,106.67492629345334,19,34,0.99681,11,39,5,1,0.5588
10.8352982156415,106.72935479345392,32,42,0.997472,11,39,5,1,0.7619
10.777562007197462,106.7041335430398,18,30,1.0,11,39,5,1,0.6
10.83886351241477,106.67566625482782,26,36,1.0,11,39,5,1,0.7222
10.765187049751797,106.67550552599072,18,35,1.0,11,39,5,1,0.5143
10.75948437198232,106.6840537511244,21,28,1.0,11,39,5,1,0.75
10.865229381280963,106.72366973948476,35,49,1.0,11,39,5,1,0.7143
10.72279213640514,106.72808623948244,26,37,0.997739,11,39,5,1,0.7027
10.823400120373712,106.68551227436063,22,32,1.0,11,39,5,1,0.6875
10.756158554057755,106.66631758181126,21,29,1.0,11,39,5,1,0.7241
10.7144382088356,106.73711688366168,23,35,1.0,11,39,5,1,0.6571
10.817236653231737,106.63191539530456,21,35,1.0,11,40,5,1,0.6
10.772727584493625,106.69804225297564,15,24,0.999366,11,42,5,1,0.625
10.774028664434528,106.70357076461706,23,29,1.0,11,42,5,1,0.7931
10.752616652291238,106.72509685338922,39,39,1.0,11,42,5,1,1.0
10.745754766198267,106.65326266831876,35,43,1.0,11,42,5,1,0.814
10.94927106740351,106.87196348224562,31,41,1.0,11,42,5,1,0.7561
10.78866360854368,106.695513722289,32,42,1.0,11,42,5,1,0.7619
10.801406421807084,106.7114844087968,32,42,1.0,11,42,5,1,0.7619
10.843150534972033,106.6151343241409,20,35,1.0,11,42,5,1,0.5714
10.880537767027526,106.81481342866444,45,53,1.0,11,42,5,1,0.8491
10.740840166521664,106.61899246873142,25,35,1.0,11,42,5,1,0.7143
10.798986343749618,106.7269705664684,45,45,1.0,11,42,5,1,1.0
10.741860769464234,106.73790365482628,27,44,1.0,11,42,5,1,0.6136
10.752408891679814,106.7022703818112,22,34,1.0,11,42,5,1,0.6471
10.786216596454729,106.71836665482697,40,40,1.0,11,42,5,1,1.0
10.78948793356203,106.7151883818118,36,36,1.0,11,42,5,1,1.0
10.80223925742187,106.6478722259914,29,41,1.0,11,42,5,1,0.7073
10.813928881466124,106.66511432455972,20,34,0.997314,11,42,5,1,0.5882
10.755608615763382,106.67347943578082,16,26,0.997909,11,43,5,1,0.6154
10.782680856341084,106.70051548181168,17,29,1.0,11,43,5,1,0.5862
10.754895139302109,106.67839188181134,20,33,1.0,11,43,5,1,0.6061
10.785070445194592,106.68331340921324,13,28,1.0,11,43,5,1,0.4643
10.7549373008113,106.67848844133415,20,33,1.0,11,43,5,1,0.6061
10.77898143649726,106.67684447140958,23,34,1.0,11,43,5,1,0.6765
10.7671128283867,106.6927618222887,10,19,1.0,11,43,5,1,0.5263
10.77847212665258,106.69389510879644,27,42,1.0,11,43,5,1,0.6429
10.796057790235078,106.67492629345334,20,34,0.997314,11,43,5,1,0.5882
10.8352982156415,106.72935479345392,32,42,0.997646,11,43,5,1,0.7619
10.777562007197462,106.7041335430398,17,30,1.0,11,43,5,1,0.5667
10.83886351241477,106.67566625482782,27,36,1.0,11,43,5,1,0.75
10.765187049751797,106.67550552599072,17,35,1.0,11,43,5,1,0.4857
10.75948437198232,106.6840537511244,16,28,0.997894,11,43,5,1,0.5714
10.865229381280963,106.72366973948476,36,49,1.0,11,43,5,1,0.7347
10.72279213640514,106.72808623948244,24,37,1.0,11,43,5,1,0.6486
10.823400120373712,106.68551227436063,20,31,1.0,11,43,5,1,0.6452
10.756158554057755,106.66631758181126,21,30,1.0,11,43,5,1,0.7
10.7144382088356,106.73711688366168,24,35,1.0,11,43,5,1,0.6857
10.817236653231737,106.63191539530456,20,34,1.0,11,43,5,1,0.5882
10.772727584493625,106.69804225297564,14,24,1.0,11,46,5,1,0.5833
10.774028664434528,106.70357076461706,29,29,1.0,11,46,5,1,1.0
10.752616652291238,106.72509685338922,39,39,1.0,11,46,5,1,1.0
10.745754766198267,106.65326266831876,34,43,1.0,11,46,5,1,0.7907
10.94927106740351,106.87196348224562,32,41,1.0,11,46,5,1,0.7805
10.78866360854368,106.695513722289,31,42,1.0,11,46,5,1,0.7381
10.801406421807084,106.7114844087968,31,42,1.0,11,46,5,1,0.7381
10.843150534972033,106.6151343241409,22,35,1.0,11,46,5,1,0.6286
10.880537767027526,106.81481342866444,45,53,1.0,11,46,5,1,0.8491
10.740840166521664,106.61899246873142,25,35,1.0,11,46,5,1,0.7143
10.798986343749618,106.7269705664684,45,45,1.0,11,46,5,1,1.0
10.741860769464234,106.73790365482628,29,44,1.0,11,46,5,1,0.6591
10.752408891679814,106.7022703818112,22,34,1.0,11,46,5,1,0.6471
10.786216596454729,106.71836665482697,40,40,1.0,11,46,5,1,1.0
10.78948793356203,106.7151883818118,36,36,1.0,11,46,5,1,1.0
10.80223925742187,106.6478722259914,26,39,1.0,11,46,5,1,0.6667
10.813928881466124,106.66511432455972,20,34,0.998317,11,46,5,1,0.5882
10.755608615763382,106.67347943578082,15,27,1.0,11,46,5,1,0.5556
10.782680856341084,106.70051548181168,17,29,1.0,11,46,5,1,0.5862
10.754895139302109,106.67839188181134,21,33,1.0,11,46,5,1,0.6364
10.785070445194592,106.68331340921324,14,27,1.0,11,47,5,1,0.5185
10.7549373008113,106.67848844133415,20,32,1.0,11,47,5,1,0.625
10.77898143649726,106.67684447140958,21,34,1.0,11,47,5,1,0.6176
10.7671128283867,106.6927618222887,12,20,1.0,11,47,5,1,0.6
10.77847212665258,106.69389510879644,28,42,1.0,11,47,5,1,0.6667
10.796057790235078,106.67492629345334,20,34,0.99892,11,47,5,1,0.5882
10.8352982156415,106.72935479345392,33,42,0.997641,11,47,5,1,0.7857
10.777562007197462,106.7041335430398,16,30,1.0,11,47,5,1,0.5333
10.83886351241477,106.67566625482782,27,36,1.0,11,47,5,1,0.75
10.765187049751797,106.67550552599072,13,35,1.0,11,47,5,1,0.3714
10.75948437198232,106.6840537511244,16,27,0.997907,11,47,5,1,0.5926
10.865229381280963,106.72366973948476,34,49,1.0,11,47,5,1,0.6939
10.72279213640514,106.72808623948244,26,37,1.0,11,48,5,1,0.7027
10.823400120373712,106.68551227436063,20,31,1.0,11,48,5,1,0.6452
10.756158554057755,106.66631758181126,20,30,1.0,11,48,5,1,0.6667
10.7144382088356,106.73711688366168,23,35,1.0,11,48,5,1,0.6571
10.817236653231737,106.63191539530456,21,35,1.0,11,48,5,1,0.6
10.772727584493625,106.69804225297564,14,24,1.0,11,50,5,1,0.5833
10.774028664434528,106.70357076461706,29,29,1.0,11,50,5,1,1.0
10.752616652291238,106.72509685338922,39,39,1.0,11,50,5,1,1.0
10.745754766198267,106.65326266831876,35,42,0.999762,11,50,5,1,0.8333
10.94927106740351,106.87196348224562,30,42,1.0,11,50,5,1,0.7143
10.78866360854368,106.695513722289,31,42,1.0,11,50,5,1,0.7381
10.801406421807084,106.7114844087968,31,42,1.0,11,50,5,1,0.7381
10.843150534972033,106.6151343241409,21,35,1.0,11,50,5,1,0.6
10.880537767027526,106.81481342866444,45,53,1.0,11,51,5,1,0.8491
10.740840166521664,106.61899246873142,25,35,1.0,11,51,5,1,0.7143
10.798986343749618,106.7269705664684,45,45,1.0,11,51,5,1,1.0
10.741860769464234,106.73790365482628,29,44,1.0,11,51,5,1,0.6591
10.752408891679814,106.7022703818112,21,34,1.0,11,51,5,1,0.6176
10.786216596454729,106.71836665482697,40,40,1.0,11,51,5,1,1.0
10.78948793356203,106.7151883818118,36,36,1.0,11,51,5,1,1.0
10.80223925742187,106.6478722259914,27,41,1.0,11,51,5,1,0.6585
10.813928881466124,106.66511432455972,19,34,0.997907,11,51,5,1,0.5588
10.755608615763382,106.67347943578082,18,28,1.0,11,51,5,1,0.6429
10.782680856341084,106.70051548181168,17,30,1.0,11,51,5,1,0.5667
10.754895139302109,106.67839188181134,21,33,1.0,11,51,5,1,0.6364
10.785070445194592,106.68331340921324,11,27,1.0,11,51,5,1,0.4074
10.7549373008113,106.67848844133415,21,33,1.0,11,51,5,1,0.6364
10.77898143649726,106.67684447140958,21,34,1.0,11,52,5,1,0.6176
10.7671128283867,106.6927618222887,15,20,1.0,11,52,5,1,0.75
10.77847212665258,106.69389510879644,27,41,1.0,11,52,5,1,0.6585
10.796057790235078,106.67492629345334,19,34,0.997834,11,52,5,1,0.5588
10.8352982156415,106.72935479345392,32,42,0.998344,11,52,5,1,0.7619
10.777562007197462,106.7041335430398,16,30,1.0,11,52,5,1,0.5333
10.83886351241477,106.67566625482782,26,36,1.0,11,52,5,1,0.7222
10.765187049751797,106.67550552599072,23,36,1.0,11,52,5,1,0.6389
10.75948437198232,106.6840537511244,17,27,1.0,11,52,5,1,0.6296
10.865229381280963,106.72366973948476,35,49,1.0,11,52,5,1,0.7143
10.72279213640514,106.72808623948244,26,37,0.998015,11,52,5,1,0.7027
10.823400120373712,106.68551227436063,24,31,1.0,11,52,5,1,0.7742
10.756158554057755,106.66631758181126,21,28,1.0,11,52,5,1,0.75
10.7144382088356,106.73711688366168,24,35,1.0,11,52,5,1,0.6857
10.817236653231737,106.63191539530456,21,35,1.0,11,52,5,1,0.6
10.772727584493625,106.69804225297564,13,24,1.0,11,54,5,1,0.5417
10.774028664434528,106.70357076461706,20,28,1.0,11,55,5,1,0.7143
10.752616652291238,106.72509685338922,39,39,1.0,11,55,5,1,1.0
10.745754766198267,106.65326266831876,36,42,1.0,11,55,5,1,0.8571
10.94927106740351,106.87196348224562,33,41,1.0,11,55,5,1,0.8049
10.78866360854368,106.695513722289,31,41,1.0,11,55,5,1,0.7561
10.801406421807084,106.7114844087968,31,41,1.0,11,55,5,1,0.7561
10.843150534972033,106.6151343241409,21,35,1.0,11,55,5,1,0.6
10.880537767027526,106.81481342866444,44,53,1.0,11,55,5,1,0.8302
10.740840166521664,106.61899246873142,24,35,1.0,11,55,5,1,0.6857
10.798986343749618,106.7269705664684,45,45,1.0,11,55,5,1,1.0
10.741860769464234,106.73790365482628,33,44,1.0,11,56,5,1,0.75
10.752408891679814,106.7022703818112,21,34,1.0,11,56,5,1,0.6176
10.786216596454729,106.71836665482697,40,40,1.0,11,56,5,1,1.0
10.78948793356203,106.7151883818118,36,36,1.0,11,56,5,1,1.0
10.80223925742187,106.6478722259914,27,40,1.0,11,56,5,1,0.675
10.813928881466124,106.66511432455972,19,34,0.998054,11,56,5,1,0.5588
10.755608615763382,106.67347943578082,17,28,0.998939,11,56,5,1,0.6071
10.782680856341084,106.70051548181168,18,30,1.0,11,56,5,1,0.6
10.754895139302109,106.67839188181134,18,32,1.0,11,56,5,1,0.5625
10.785070445194592,106.68331340921324,11,26,1.0,11,56,5,1,0.4231
10.7549373008113,106.67848844133415,18,32,1.0,11,56,5,1,0.5625
10.77898143649726,106.67684447140958,21,34,1.0,11,56,5,1,0.6176
10.7671128283867,106.6927618222887,7,20,1.0,11,56,5,1,0.35
10.77847212665258,106.69389510879644,27,41,1.0,11,57,5,1,0.6585
10.796057790235078,106.67492629345334,18,34,0.998754,11,57,5,1,0.5294
10.8352982156415,106.72935479345392,32,42,0.998519,11,57,5,1,0.7619
10.777562007197462,106.7041335430398,18,30,1.0,11,57,5,1,0.6
10.83886351241477,106.67566625482782,27,36,1.0,11,57,5,1,0.75
10.765187049751797,106.67550552599072,25,35,1.0,11,57,5,1,0.7143
10.75948437198232,106.6840537511244,17,28,1.0,11,57,5,1,0.6071
10.865229381280963,106.72366973948476,34,49,1.0,11,57,5,1,0.6939
10.72279213640514,106.72808623948244,25,37,0.997497,11,57,5,1,0.6757
10.823400120373712,106.68551227436063,23,32,1.0,11,57,5,1,0.7188
10.756158554057755,106.66631758181126,18,29,1.0,11,57,5,1,0.6207
10.7144382088356,106.73711688366168,24,35,1.0,11,58,5,1,0.6857
10.817236653231737,106.63191539530456,21,35,1.0,11,58,5,1,0.6
10.772727584493625,106.69804225297564,14,24,0.999366,12,0,5,1,0.5833
10.774028664434528,106.70357076461706,29,29,1.0,12,0,5,1,1.0
10.752616652291238,106.72509685338922,39,39,1.0,12,0,5,1,1.0
10.745754766198267,106.65326266831876,33,43,1.0,12,0,5,1,0.7674
10.94927106740351,106.87196348224562,31,41,1.0,12,0,5,1,0.7561
10.78866360854368,106.695513722289,31,41,1.0,12,0,5,1,0.7561
10.801406421807084,106.7114844087968,31,41,1.0,12,0,5,1,0.7561
10.843150534972033,106.6151343241409,21,35,1.0,12,0,5,1,0.6
10.880537767027526,106.81481342866444,44,53,1.0,12,0,5,1,0.8302
10.740840166521664,106.61899246873142,24,35,1.0,12,0,5,1,0.6857
10.798986343749618,106.7269705664684,45,45,1.0,12,0,5,1,1.0
10.741860769464234,106.73790365482628,32,44,1.0,12,0,5,1,0.7273
10.752408891679814,106.7022703818112,22,34,1.0,12,1,5,1,0.6471
10.786216596454729,106.71836665482697,40,40,1.0,12,1,5,1,1.0
10.78948793356203,106.7151883818118,36,36,1.0,12,1,5,1,1.0
10.80223925742187,106.6478722259914,27,41,1.0,12,1,5,1,0.6585
10.813928881466124,106.66511432455972,19,33,0.998808,12,1,5,1,0.5758
10.755608615763382,106.67347943578082,18,27,1.0,12,1,5,1,0.6667
10.782680856341084,106.70051548181168,18,30,1.0,12,1,5,1,0.6
10.754895139302109,106.67839188181134,20,32,1.0,12,1,5,1,0.625
10.785070445194592,106.68331340921324,14,27,1.0,12,1,5,1,0.5185
10.7549373008113,106.67848844133415,20,32,1.0,12,1,5,1,0.625
10.77898143649726,106.67684447140958,20,34,1.0,12,1,5,1,0.5882
10.7671128283867,106.6927618222887,20,20,1.0,12,1,5,1,1.0
10.77847212665258,106.69389510879644,27,42,1.0,12,1,5,1,0.6429
10.796057790235078,106.67492629345334,19,34,0.998566,12,1,5,1,0.5588
10.8352982156415,106.72935479345392,32,42,0.99831,12,1,5,1,0.7619
10.777562007197462,106.7041335430398,17,30,1.0,12,2,5,1,0.5667
10.83886351241477,106.67566625482782,24,36,1.0,12,2,5,1,0.6667
10.765187049751797,106.67550552599072,24,35,1.0,12,2,5,1,0.6857
10.75948437198232,106.6840537511244,18,27,1.0,12,2,5,1,0.6667
10.865229381280963,106.72366973948476,35,49,1.0,12,2,5,1,0.7143
10.72279213640514,106.72808623948244,26,37,0.998218,12,2,5,1,0.7027
10.823400120373712,106.68551227436063,22,32,1.0,12,2,5,1,0.6875
10.756158554057755,106.66631758181126,18,28,1.0,12,2,5,1,0.6429
10.7144382088356,106.73711688366168,24,35,1.0,12,2,5,1,0.6857
10.817236653231737,106.63191539530456,21,34,1.0,12,3,5,1,0.6176
10.772727584493625,106.69804225297564,14,24,1.0,12,5,5,1,0.5833
10.774028664434528,106.70357076461706,22,29,1.0,12,5,5,1,0.7586
10.752616652291238,106.72509685338922,39,39,1.0,12,5,5,1,1.0
10.745754766198267,106.65326266831876,36,43,1.0,12,5,5,1,0.8372
10.94927106740351,106.87196348224562,42,42,1.0,12,5,5,1,1.0
10.78866360854368,106.695513722289,32,41,1.0,12,5,5,1,0.7805
10.801406421807084,106.7114844087968,32,41,1.0,12,5,5,1,0.7805
10.843150534972033,106.6151343241409,22,34,1.0,12,5,5,1,0.6471
10.880537767027526,106.81481342866444,44,53,1.0,12,5,5,1,0.8302
10.740840166521664,106.61899246873142,24,35,1.0,12,5,5,1,0.6857
10.798986343749618,106.7269705664684,45,45,1.0,12,5,5,1,1.0
10.741860769464234,106.73790365482628,31,44,1.0,12,5,5,1,0.7045
10.752408891679814,106.7022703818112,22,34,1.0,12,6,5,1,0.6471
10.786216596454729,106.71836665482697,40,40,1.0,12,6,5,1,1.0
10.78948793356203,106.7151883818118,36,36,1.0,12,6,5,1,1.0
10.80223925742187,106.6478722259914,26,41,1.0,12,6,5,1,0.6341
10.813928881466124,106.66511432455972,20,34,0.998566,12,6,5,1,0.5882
10.755608615763382,106.67347943578082,19,27,1.0,12,6,5,1,0.7037
10.782680856341084,106.70051548181168,16,30,1.0,12,6,5,1,0.5333
10.754895139302109,106.67839188181134,19,32,1.0,12,6,5,1,0.5938
10.785070445194592,106.68331340921324,12,28,1.0,12,6,5,1,0.4286
10.7549373008113,106.67848844133415,19,33,1.0,12,7,5,1,0.5758
10.77898143649726,106.67684447140958,21,34,1.0,12,7,5,1,0.6176
10.7671128283867,106.6927618222887,16,20,1.0,12,7,5,1,0.8
10.77847212665258,106.69389510879644,27,42,1.0,12,7,5,1,0.6429
10.796057790235078,106.67492629345334,20,33,0.998808,12,7,5,1,0.6061
10.8352982156415,106.72935479345392,31,42,0.997951,12,7,5,1,0.7381
10.777562007197462,106.7041335430398,16,30,1.0,12,7,5,1,0.5333
10.83886351241477,106.67566625482782,25,36,1.0,12,7,5,1,0.6944
10.765187049751797,106.67550552599072,19,35,1.0,12,7,5,1,0.5429
10.75948437198232,106.6840537511244,19,27,1.0,12,7,5,1,0.7037
10.865229381280963,106.72366973948476,35,49,1.0,12,7,5,1,0.7143
10.72279213640514,106.72808623948244,26,37,1.0,12,7,5,1,0.7027
10.823400120373712,106.68551227436063,23,31,1.0,12,7,5,1,0.7419
10.756158554057755,106.66631758181126,20,29,1.0,12,7,5,1,0.6897
10.7144382088356,106.73711688366168,25,35,1.0,12,7,5,1,0.7143
10.817236653231737,106.63191539530456,22,35,1.0,12,7,5,1,0.6286
10.772727584493625,106.69804225297564,14,23,0.999366,12,10,5,1,0.6087
10.774028664434528,106.70357076461706,29,29,1.0,12,10,5,1,1.0
10.752616652291238,106.72509685338922,39,39,1.0,12,10,5,1,1.0
10.745754766198267,106.65326266831876,35,43,1.0,12,10,5,1,0.814
10.94927106740351,106.87196348224562,28,41,1.0,12,10,5,1,0.6829
10.78866360854368,106.695513722289,33,41,1.0,12,10,5,1,0.8049
10.801406421807084,106.7114844087968,33,41,1.0,12,10,5,1,0.8049
10.843150534972033,106.6151343241409,21,35,1.0,12,10,5,1,0.6
10.880537767027526,106.81481342866444,44,53,1.0,12,10,5,1,0.8302
10.740840166521664,106.61899246873142,24,36,1.0,12,10,5,1,0.6667
10.798986343749618,106.7269705664684,45,45,1.0,12,10,5,1,1.0
10.741860769464234,106.73790365482628,34,44,1.0,12,10,5,1,0.7727
10.752408891679814,106.7022703818112,22,33,1.0,12,10,5,1,0.6667
10.786216596454729,106.71836665482697,40,40,1.0,12,10,5,1,1.0
10.78948793356203,106.7151883818118,36,36,1.0,12,10,5,1,1.0
10.80223925742187,106.6478722259914,27,40,1.0,12,10,5,1,0.675
10.813928881466124,106.66511432455972,19,34,0.999,12,10,5,1,0.5588
10.755608615763382,106.67347943578082,19,28,1.0,12,10,5,1,0.6786
10.782680856341084,106.70051548181168,17,30,1.0,12,10,5,1,0.5667
10.754895139302109,106.67839188181134,21,32,1.0,12,10,5,1,0.6562
10.785070445194592,106.68331340921324,13,28,1.0,12,10,5,1,0.4643
10.7549373008113,106.67848844133415,21,32,1.0,12,10,5,1,0.6562
10.77898143649726,106.67684447140958,22,34,1.0,12,10,5,1,0.6471
10.7671128283867,106.6927618222887,10,20,1.0,12,10,5,1,0.5
10.77847212665258,106.69389510879644,26,42,1.0,12,10,5,1,0.619
10.796057790235078,106.67492629345334,20,33,0.99876,12,10,5,1,0.6061
10.8352982156415,106.72935479345392,33,42,0.997458,12,10,5,1,0.7857
10.777562007197462,106.7041335430398,17,29,1.0,12,10,5,1,0.5862
10.83886351241477,106.67566625482782,25,36,1.0,12,11,5,1,0.6944
10.765187049751797,106.67550552599072,23,35,1.0,12,11,5,1,0.6571
10.75948437198232,106.6840537511244,21,28,1.0,12,11,5,1,0.75
10.865229381280963,106.72366973948476,34,49,1.0,12,11,5,1,0.6939
10.72279213640514,106.72808623948244,25,37,0.998601,12,11,5,1,0.6757
10.823400120373712,106.68551227436063,19,31,1.0,12,11,5,1,0.6129
10.756158554057755,106.66631758181126,20,29,1.0,12,11,5,1,0.6897
10.7144382088356,106.73711688366168,24,35,1.0,12,11,5,1,0.6857
10.817236653231737,106.63191539530456,22,35,1.0,12,11,5,1,0.6286
10.772727584493625,106.69804225297564,15,24,0.999366,12,13,5,1,0.625
10.774028664434528,106.70357076461706,22,28,1.0,12,13,5,1,0.7857
10.752616652291238,106.72509685338922,39,39,1.0,12,13,5,1,1.0
10.745754766198267,106.65326266831876,35,43,1.0,12,13,5,1,0.814
10.94927106740351,106.87196348224562,34,41,1.0,12,13,5,1,0.8293
10.78866360854368,106.695513722289,32,42,1.0,12,13,5,1,0.7619
10.801406421807084,106.7114844087968,32,42,1.0,12,14,5,1,0.7619
10.843150534972033,106.6151343241409,22,34,1.0,12,14,5,1,0.6471
10.880537767027526,106.81481342866444,43,53,1.0,12,14,5,1,0.8113
10.740840166521664,106.61899246873142,26,35,1.0,12,14,5,1,0.7429
10.798986343749618,106.7269705664684,45,45,1.0,12,14,5,1,1.0
10.741860769464234,106.73790365482628,32,44,1.0,12,14,5,1,0.7273
10.752408891679814,106.7022703818112,21,34,1.0,12,14,5,1,0.6176
10.786216596454729,106.71836665482697,40,40,1.0,12,14,5,1,1.0
10.78948793356203,106.7151883818118,36,36,1.0,12,14,5,1,1.0
10.80223925742187,106.6478722259914,26,41,1.0,12,14,5,1,0.6341
10.813928881466124,106.66511432455972,20,34,0.998753,12,14,5,1,0.5882
10.755608615763382,106.67347943578082,17,28,1.0,12,14,5,1,0.6071
10.782680856341084,106.70051548181168,18,30,1.0,12,14,5,1,0.6
10.754895139302109,106.67839188181134,20,33,1.0,12,14,5,1,0.6061
10.785070445194592,106.68331340921324,14,27,1.0,12,14,5,1,0.5185
10.7549373008113,106.67848844133415,20,33,1.0,12,14,5,1,0.6061
10.77898143649726,106.67684447140958,21,34,1.0,12,14,5,1,0.6176
10.7671128283867,106.6927618222887,14,19,1.0,12,15,5,1,0.7368
10.77847212665258,106.69389510879644,27,42,1.0,12,15,5,1,0.6429
10.796057790235078,106.67492629345334,20,34,0.998169,12,15,5,1,0.5882
10.8352982156415,106.72935479345392,34,42,0.997292,12,15,5,1,0.8095
10.777562007197462,106.7041335430398,17,30,1.0,12,15,5,1,0.5667
10.83886351241477,106.67566625482782,25,36,1.0,12,15,5,1,0.6944
10.765187049751797,106.67550552599072,20,35,1.0,12,15,5,1,0.5714
10.75948437198232,106.6840537511244,16,27,1.0,12,15,5,1,0.5926
10.865229381280963,106.72366973948476,34,49,1.0,12,15,5,1,0.6939
10.72279213640514,106.72808623948244,25,37,0.997702,12,15,5,1,0.6757
10.823400120373712,106.68551227436063,21,31,1.0,12,15,5,1,0.6774
10.756158554057755,106.66631758181126,22,28,1.0,12,15,5,1,0.7857
10.7144382088356,106.73711688366168,25,35,1.0,12,15,5,1,0.7143
10.817236653231737,106.63191539530456,21,35,1.0,12,15,5,1,0.6
10.772727584493625,106.69804225297564,13,23,0.999366,12,17,5,1,0.5652
10.774028664434528,106.70357076461706,29,29,1.0,12,17,5,1,1.0
10.752616652291238,106.72509685338922,39,39,1.0,12,17,5,1,1.0
10.745754766198267,106.65326266831876,34,43,1.0,12,17,5,1,0.7907
10.94927106740351,106.87196348224562,30,41,1.0,12,17,5,1,0.7317
10.78866360854368,106.695513722289,32,42,1.0,12,17,5,1,0.7619
10.801406421807084,106.7114844087968,32,42,1.0,12,18,5,1,0.7619
10.843150534972033,106.6151343241409,22,35,1.0,12,18,5,1,0.6286
10.880537767027526,106.81481342866444,42,53,1.0,12,18,5,1,0.7925
10.740840166521664,106.61899246873142,26,35,1.0,12,18,5,1,0.7429
10.798986343749618,106.7269705664684,45,45,1.0,12,18,5,1,1.0
10.741860769464234,106.73790365482628,33,44,1.0,12,18,5,1,0.75
10.752408891679814,106.7022703818112,24,34,1.0,12,18,5,1,0.7059
10.786216596454729,106.71836665482697,36,40,0.998664,12,18,5,1,0.9
10.78948793356203,106.7151883818118,36,36,1.0,12,18,5,1,1.0
10.80223925742187,106.6478722259914,26,41,1.0,12,18,5,1,0.6341
10.813928881466124,106.66511432455972,19,34,0.998268,12,18,5,1,0.5588
10.755608615763382,106.67347943578082,17,28,1.0,12,18,5,1,0.6071
10.782680856341084,106.70051548181168,17,30,1.0,12,18,5,1,0.5667
10.754895139302109,106.67839188181134,21,32,1.0,12,18,5,1,0.6562
10.785070445194592,106.68331340921324,14,29,1.0,12,18,5,1,0.4828
10.7549373008113,106.67848844133415,21,32,1.0,12,18,5,1,0.6562
10.77898143649726,106.67684447140958,20,34,1.0,12,18,5,1,0.5882
10.7671128283867,106.6927618222887,14,20,1.0,12,18,5,1,0.7
10.77847212665258,106.69389510879644,27,41,1.0,12,18,5,1,0.6585
10.796057790235078,106.67492629345334,19,34,0.998268,12,18,5,1,0.5588
10.8352982156415,106.72935479345392,32,42,0.996378,12,18,5,1,0.7619
10.777562007197462,106.7041335430398,16,29,1.0,12,18,5,1,0.5517
10.83886351241477,106.67566625482782,24,36,1.0,12,18,5,1,0.6667
10.765187049751797,106.67550552599072,22,35,1.0,12,18,5,1,0.6286
10.75948437198232,106.6840537511244,16,27,1.0,12,18,5,1,0.5926
10.865229381280963,106.72366973948476,35,49,1.0,12,18,5,1,0.7143
10.72279213640514,106.72808623948244,26,37,0.997755,12,19,5,1,0.7027
10.823400120373712,106.68551227436063,22,31,1.0,12,19,5,1,0.7097
10.756158554057755,106.66631758181126,19,30,1.0,12,19,5,1,0.6333
10.7144382088356,106.73711688366168,25,35,1.0,12,19,5,1,0.7143
10.817236653231737,106.63191539530456,22,35,1.0,12,19,5,1,0.6286
10.772727584493625,106.69804225297564,13,24,0.999366,12,20,5,1,0.5417
10.774028664434528,106.70357076461706,17,28,1.0,12,20,5,1,0.6071
10.752616652291238,106.72509685338922,30,38,1.0,12,20,5,1,0.7895
10.745754766198267,106.65326266831876,37,42,1.0,12,20,5,1,0.881
10.94927106740351,106.87196348224562,31,42,1.0,12,20,5,1,0.7381
10.78866360854368,106.695513722289,31,42,1.0,12,20,5,1,0.7381
10.801406421807084,106.7114844087968,31,42,1.0,12,20,5,1,0.7381
10.843150534972033,106.6151343241409,22,35,1.0,12,20,5,1,0.6286
10.880537767027526,106.81481342866444,44,53,1.0,12,20,5,1,0.8302
10.740840166521664,106.61899246873142,26,35,1.0,12,21,5,1,0.7429
10.798986343749618,106.7269705664684,45,45,1.0,12,21,5,1,1.0
10.741860769464234,106.73790365482628,34,44,1.0,12,21,5,1,0.7727
10.752408891679814,106.7022703818112,23,34,1.0,12,21,5,1,0.6765
10.786216596454729,106.71836665482697,40,40,1.0,12,21,5,1,1.0
10.78948793356203,106.7151883818118,36,36,1.0,12,21,5,1,1.0
10.80223925742187,106.6478722259914,25,41,1.0,12,21,5,1,0.6098
10.813928881466124,106.66511432455972,19,33,0.99876,12,21,5,1,0.5758
10.755608615763382,106.67347943578082,18,28,1.0,12,21,5,1,0.6429
10.782680856341084,106.70051548181168,16,30,1.0,12,21,5,1,0.5333
10.754895139302109,106.67839188181134,20,33,1.0,12,21,5,1,0.6061
10.785070445194592,106.68331340921324,16,27,1.0,12,21,5,1,0.5926
10.7549373008113,106.67848844133415,20,33,1.0,12,21,5,1,0.6061
10.77898143649726,106.67684447140958,22,34,1.0,12,21,5,1,0.6471
10.7671128283867,106.6927618222887,14,20,1.0,12,21,5,1,0.7
10.77847212665258,106.69389510879644,27,41,1.0,12,21,5,1,0.6585
10.796057790235078,106.67492629345334,19,33,0.99876,12,21,5,1,0.5758
10.8352982156415,106.72935479345392,34,42,0.993671,12,21,5,1,0.8095
10.777562007197462,106.7041335430398,16,30,1.0,12,21,5,1,0.5333
10.83886351241477,106.67566625482782,26,36,1.0,12,21,5,1,0.7222
10.765187049751797,106.67550552599072,25,35,1.0,12,21,5,1,0.7143
10.75948437198232,106.6840537511244,18,28,1.0,12,21,5,1,0.6429
10.865229381280963,106.72366973948476,35,49,1.0,12,21,5,1,0.7143
10.72279213640514,106.72808623948244,25,36,0.995795,12,21,5,1,0.6944
10.823400120373712,106.68551227436063,21,31,1.0,12,21,5,1,0.6774
10.756158554057755,106.66631758181126,16,29,1.0,12,21,5,1,0.5517
10.7144382088356,106.73711688366168,25,35,1.0,12,22,5,1,0.7143
10.817236653231737,106.63191539530456,22,35,1.0,12,22,5,1,0.6286
10.772727584493625,106.69804225297564,14,24,0.999366,12,24,5,1,0.5833
10.774028664434528,106.70357076461706,29,29,1.0,12,24,5,1,1.0
10.752616652291238,106.72509685338922,39,39,1.0,12,24,5,1,1.0
10.745754766198267,106.65326266831876,34,43,1.0,12,24,5,1,0.7907
10.94927106740351,106.87196348224562,33,41,1.0,12,24,5,1,0.8049
10.78866360854368,106.695513722289,33,42,1.0,12,24,5,1,0.7857
10.801406421807084,106.7114844087968,33,42,1.0,12,24,5,1,0.7857
10.843150534972033,106.6151343241409,22,35,1.0,12,24,5,1,0.6286
10.880537767027526,106.81481342866444,45,53,1.0,12,24,5,1,0.8491
10.740840166521664,106.61899246873142,27,36,1.0,12,24,5,1,0.75
10.798986343749618,106.7269705664684,45,45,1.0,12,24,5,1,1.0
10.741860769464234,106.73790365482628,34,44,1.0,12,24,5,1,0.7727
10.752408891679814,106.7022703818112,23,34,1.0,12,24,5,1,0.6765
10.786216596454729,106.71836665482697,40,40,1.0,12,24,5,1,1.0
10.78948793356203,106.7151883818118,36,36,1.0,12,24,5,1,1.0
10.80223925742187,106.6478722259914,26,41,1.0,12,24,5,1,0.6341
10.813928881466124,106.66511432455972,20,34,0.998841,12,24,5,1,0.5882
10.755608615763382,106.67347943578082,16,28,1.0,12,25,5,1,0.5714
10.782680856341084,106.70051548181168,17,30,1.0,12,25,5,1,0.5667
10.754895139302109,106.67839188181134,19,32,1.0,12,25,5,1,0.5938
10.785070445194592,106.68331340921324,12,27,1.0,12,25,5,1,0.4444
10.7549373008113,106.67848844133415,19,32,1.0,12,25,5,1,0.5938
10.77898143649726,106.67684447140958,22,34,1.0,12,25,5,1,0.6471
10.7671128283867,106.6927618222887,8,21,1.0,12,25,5,1,0.381
10.77847212665258,106.69389510879644,27,41,1.0,12,25,5,1,0.6585
10.796057790235078,106.67492629345334,20,34,0.998841,12,25,5,1,0.5882
10.8352982156415,106.72935479345392,34,42,0.984086,12,25,5,1,0.8095
10.777562007197462,106.7041335430398,17,30,1.0,12,25,5,1,0.5667
10.83886351241477,106.67566625482782,25,37,1.0,12,25,5,1,0.6757
10.765187049751797,106.67550552599072,26,36,1.0,12,25,5,1,0.7222
10.75948437198232,106.6840537511244,16,28,1.0,12,25,5,1,0.5714
10.865229381280963,106.72366973948476,34,49,1.0,12,25,5,1,0.6939
10.72279213640514,106.72808623948244,26,37,0.995795,12,25,5,1,0.7027
10.823400120373712,106.68551227436063,23,32,1.0,12,25,5,1,0.7188
10.756158554057755,106.66631758181126,21,29,1.0,12,25,5,1,0.7241
10.7144382088356,106.73711688366168,26,36,1.0,12,25,5,1,0.7222
10.817236653231737,106.63191539530456,22,35,1.0,12,25,5,1,0.6286
10.772727584493625,106.69804225297564,15,24,0.999366,12,28,5,1,0.625
10.774028664434528,106.70357076461706,21,29,1.0,12,28,5,1,0.7241
10.752616652291238,106.72509685338922,39,39,1.0,12,28,5,1,1.0
10.745754766198267,106.65326266831876,35,43,1.0,12,28,5,1,0.814
10.94927106740351,106.87196348224562,32,41,1.0,12,28,5,1,0.7805
10.78866360854368,106.695513722289,31,42,1.0,12,28,5,1,0.7381
10.801406421807084,106.7114844087968,31,42,1.0,12,28,5,1,0.7381
10.843150534972033,106.6151343241409,21,35,1.0,12,28,5,1,0.6
10.880537767027526,106.81481342866444,43,53,1.0,12,28,5,1,0.8113
10.740840166521664,106.61899246873142,26,35,1.0,12,28,5,1,0.7429
10.798986343749618,106.7269705664684,45,45,1.0,12,28,5,1,1.0
10.741860769464234,106.73790365482628,36,44,1.0,12,28,5,1,0.8182
10.752408891679814,106.7022703818112,21,34,1.0,12,28,5,1,0.6176
10.786216596454729,106.71836665482697,40,40,1.0,12,28,5,1,1.0
10.78948793356203,106.7151883818118,36,36,1.0,12,28,5,1,1.0
10.80223925742187,106.6478722259914,26,41,1.0,12,28,5,1,0.6341
10.813928881466124,106.66511432455972,20,34,0.99876,12,28,5,1,0.5882
10.755608615763382,106.67347943578082,17,28,1.0,12,28,5,1,0.6071
10.782680856341084,106.70051548181168,17,30,1.0,12,28,5,1,0.5667
10.754895139302109,106.67839188181134,21,32,1.0,12,28,5,1,0.6562
10.785070445194592,106.68331340921324,15,28,1.0,12,28,5,1,0.5357
10.7549373008113,106.67848844133415,19,32,1.0,12,29,5,1,0.5938
10.77898143649726,106.67684447140958,21,34,1.0,12,29,5,1,0.6176
10.7671128283867,106.6927618222887,13,20,1.0,12,29,5,1,0.65
10.77847212665258,106.69389510879644,27,41,1.0,12,29,5,1,0.6585
10.796057790235078,106.67492629345334,20,34,0.998728,12,29,5,1,0.5882
10.8352982156415,106.72935479345392,34,42,0.983548,12,29,5,1,0.8095
10.777562007197462,106.7041335430398,17,30,1.0,12,29,5,1,0.5667
10.83886351241477,106.67566625482782,25,36,1.0,12,29,5,1,0.6944
10.765187049751797,106.67550552599072,23,35,1.0,12,29,5,1,0.6571
10.75948437198232,106.6840537511244,16,27,1.0,12,29,5,1,0.5926
10.865229381280963,106.72366973948476,35,49,1.0,12,29,5,1,0.7143
10.72279213640514,106.72808623948244,26,37,0.998189,12,29,5,1,0.7027
10.823400120373712,106.68551227436063,20,31,1.0,12,29,5,1,0.6452
10.756158554057755,106.66631758181126,22,30,1.0,12,29,5,1,0.7333
10.7144382088356,106.73711688366168,25,35,1.0,12,29,5,1,0.7143
10.817236653231737,106.63191539530456,22,34,1.0,12,30,5,1,0.6471
10.772727584493625,106.69804225297564,15,24,0.999366,12,32,5,1,0.625
10.774028664434528,106.70357076461706,21,28,1.0,12,32,5,1,0.75
10.752616652291238,106.72509685338922,39,39,1.0,12,32,5,1,1.0
10.745754766198267,106.65326266831876,42,42,1.0,12,32,5,1,1.0
10.94927106740351,106.87196348224562,30,41,1.0,12,32,5,1,0.7317
10.78866360854368,106.695513722289,31,41,1.0,12,32,5,1,0.7561
10.801406421807084,106.7114844087968,31,41,1.0,12,32,5,1,0.7561
10.843150534972033,106.6151343241409,21,35,1.0,12,32,5,1,0.6
10.880537767027526,106.81481342866444,44,53,1.0,12,32,5,1,0.8302
10.740840166521664,106.61899246873142,27,35,1.0,12,32,5,1,0.7714
10.798986343749618,106.7269705664684,45,45,1.0,12,32,5,1,1.0
10.741860769464234,106.73790365482628,37,44,1.0,12,32,5,1,0.8409
10.752408891679814,106.7022703818112,22,34,1.0,12,33,5,1,0.6471
10.786216596454729,106.71836665482697,40,40,1.0,12,33,5,1,1.0
10.78948793356203,106.7151883818118,36,36,1.0,12,33,5,1,1.0
10.80223925742187,106.6478722259914,29,41,1.0,12,33,5,1,0.7073
10.813928881466124,106.66511432455972,20,33,0.997683,12,33,5,1,0.6061
10.755608615763382,106.67347943578082,19,28,1.0,12,33,5,1,0.6786
10.782680856341084,106.70051548181168,17,31,1.0,12,33,5,1,0.5484
10.754895139302109,106.67839188181134,21,32,1.0,12,33,5,1,0.6562
10.785070445194592,106.68331340921324,12,28,1.0,12,33,5,1,0.4286
10.7549373008113,106.67848844133415,21,32,1.0,12,33,5,1,0.6562
10.77898143649726,106.67684447140958,22,34,1.0,12,33,5,1,0.6471
10.7671128283867,106.6927618222887,11,19,1.0,12,33,5,1,0.5789
10.77847212665258,106.69389510879644,27,41,1.0,12,33,5,1,0.6585
10.796057790235078,106.67492629345334,20,33,0.997683,12,33,5,1,0.6061
10.8352982156415,106.72935479345392,33,42,0.983347,12,33,5,1,0.7857
10.777562007197462,106.7041335430398,16,30,1.0,12,33,5,1,0.5333
10.83886351241477,106.67566625482782,26,36,1.0,12,34,5,1,0.7222
10.765187049751797,106.67550552599072,23,35,1.0,12,34,5,1,0.6571
10.75948437198232,106.6840537511244,19,28,0.998943,12,34,5,1,0.6786
10.865229381280963,106.72366973948476,35,49,1.0,12,34,5,1,0.7143
10.72279213640514,106.72808623948244,28,36,0.997206,12,34,5,1,0.7778
10.823400120373712,106.68551227436063,21,31,1.0,12,34,5,1,0.6774
10.756158554057755,106.66631758181126,19,29,1.0,12,34,5,1,0.6552
10.7144382088356,106.73711688366168,26,35,1.0,12,34,5,1,0.7429
10.817236653231737,106.63191539530456,22,35,1.0,12,34,5,1,0.6286
10.772727584493625,106.69804225297564,14,24,0.999366,12,36,5,1,0.5833
10.774028664434528,106.70357076461706,29,29,1.0,12,36,5,1,1.0
10.752616652291238,106.72509685338922,39,39,1.0,12,36,5,1,1.0
10.745754766198267,106.65326266831876,36,43,1.0,12,36,5,1,0.8372
10.94927106740351,106.87196348224562,35,42,1.0,12,36,5,1,0.8333
10.78866360854368,106.695513722289,30,42,1.0,12,36,5,1,0.7143
10.801406421807084,106.7114844087968,31,41,1.0,12,37,5,1,0.7561
10.843150534972033,106.6151343241409,22,35,1.0,12,37,5,1,0.6286
10.880537767027526,106.81481342866444,44,53,1.0,12,37,5,1,0.8302
10.740840166521664,106.61899246873142,26,35,1.0,12,37,5,1,0.7429
10.798986343749618,106.7269705664684,45,45,1.0,12,37,5,1,1.0
10.741860769464234,106.73790365482628,34,44,1.0,12,37,5,1,0.7727
10.752408891679814,106.7022703818112,21,34,1.0,12,37,5,1,0.6176
10.786216596454729,106.71836665482697,40,40,1.0,12,37,5,1,1.0
10.78948793356203,106.7151883818118,36,36,1.0,12,37,5,1,1.0
10.80223925742187,106.6478722259914,26,41,1.0,12,38,5,1,0.6341
10.813928881466124,106.66511432455972,20,34,0.998691,12,38,5,1,0.5882
10.755608615763382,106.67347943578082,15,27,1.0,12,38,5,1,0.5556
10.782680856341084,106.70051548181168,16,30,1.0,12,38,5,1,0.5333
10.754895139302109,106.67839188181134,21,33,1.0,12,38,5,1,0.6364
10.785070445194592,106.68331340921324,14,27,1.0,12,38,5,1,0.5185
10.7549373008113,106.67848844133415,21,33,1.0,12,38,5,1,0.6364
10.77898143649726,106.67684447140958,21,34,1.0,12,38,5,1,0.6176
10.7671128283867,106.6927618222887,20,20,1.0,12,38,5,1,1.0
10.77847212665258,106.69389510879644,28,41,1.0,12,38,5,1,0.6829
10.796057790235078,106.67492629345334,20,34,0.998691,12,38,5,1,0.5882
10.8352982156415,106.72935479345392,35,43,0.992226,12,38,5,1,0.814
10.777562007197462,106.7041335430398,16,30,1.0,12,38,5,1,0.5333
10.83886351241477,106.67566625482782,27,36,1.0,12,38,5,1,0.75
10.765187049751797,106.67550552599072,23,35,1.0,12,38,5,1,0.6571
10.75948437198232,106.6840537511244,15,27,1.0,12,38,5,1,0.5556
10.865229381280963,106.72366973948476,36,49,1.0,12,38,5,1,0.7347
10.72279213640514,106.72808623948244,27,37,0.997727,12,39,5,1,0.7297
10.823400120373712,106.68551227436063,22,31,1.0,12,39,5,1,0.7097
10.756158554057755,106.66631758181126,23,29,1.0,12,39,5,1,0.7931
10.7144382088356,106.73711688366168,26,35,1.0,12,39,5,1,0.7429
10.817236653231737,106.63191539530456,22,35,1.0,12,39,5,1,0.6286
10.772727584493625,106.69804225297564,18,24,0.999366,12,41,5,1,0.75
10.774028664434528,106.70357076461706,29,29,1.0,12,41,5,1,1.0
10.752616652291238,106.72509685338922,39,39,1.0,12,41,5,1,1.0
10.745754766198267,106.65326266831876,35,42,1.0,12,41,5,1,0.8333
10.94927106740351,106.87196348224562,28,41,1.0,12,41,5,1,0.6829
10.78866360854368,106.695513722289,32,42,1.0,12,41,5,1,0.7619
10.801406421807084,106.7114844087968,32,42,1.0,12,41,5,1,0.7619
10.843150534972033,106.6151343241409,22,35,1.0,12,41,5,1,0.6286
10.880537767027526,106.81481342866444,46,53,1.0,12,41,5,1,0.8679
10.740840166521664,106.61899246873142,25,35,1.0,12,41,5,1,0.7143
10.798986343749618,106.7269705664684,45,45,1.0,12,41,5,1,1.0
10.741860769464234,106.73790365482628,33,44,1.0,12,41,5,1,0.75
10.752408891679814,106.7022703818112,22,33,1.0,12,41,5,1,0.6667
10.786216596454729,106.71836665482697,40,40,1.0,12,41,5,1,1.0
10.78948793356203,106.7151883818118,36,36,1.0,12,42,5,1,1.0
10.80223925742187,106.6478722259914,26,41,1.0,12,42,5,1,0.6341
10.813928881466124,106.66511432455972,20,33,0.998979,12,42,5,1,0.6061
10.755608615763382,106.67347943578082,19,27,1.0,12,42,5,1,0.7037
10.782680856341084,106.70051548181168,17,30,1.0,12,42,5,1,0.5667
10.754895139302109,106.67839188181134,22,33,1.0,12,42,5,1,0.6667
10.785070445194592,106.68331340921324,14,27,1.0,12,42,5,1,0.5185
10.7549373008113,106.67848844133415,22,33,1.0,12,42,5,1,0.6667
10.77898143649726,106.67684447140958,21,35,1.0,12,42,5,1,0.6
10.7671128283867,106.6927618222887,12,19,1.0,12,42,5,1,0.6316
10.77847212665258,106.69389510879644,28,41,1.0,12,42,5,1,0.6829
10.796057790235078,106.67492629345334,20,34,0.999242,12,42,5,1,0.5882
10.8352982156415,106.72935479345392,37,42,0.993402,12,43,5,1,0.881
10.777562007197462,106.7041335430398,17,30,1.0,12,43,5,1,0.5667
10.83886351241477,106.67566625482782,26,36,0.999223,12,43,5,1,0.7222
10.765187049751797,106.67550552599072,36,36,1.0,12,43,5,1,1.0
10.75948437198232,106.6840537511244,20,27,1.0,12,43,5,1,0.7407
10.865229381280963,106.72366973948476,36,49,1.0,12,43,5,1,0.7347
10.72279213640514,106.72808623948244,28,37,0.997902,12,43,5,1,0.7568
10.823400120373712,106.68551227436063,22,32,1.0,12,43,5,1,0.6875
10.756158554057755,106.66631758181126,21,30,1.0,12,43,5,1,0.7
10.7144382088356,106.73711688366168,25,35,1.0,12,43,5,1,0.7143
10.817236653231737,106.63191539530456,23,35,1.0,12,43,5,1,0.6571
10.772727584493625,106.69804225297564,14,24,0.999366,12,45,5,1,0.5833
10.774028664434528,106.70357076461706,15,28,1.0,12,46,5,1,0.5357
10.752616652291238,106.72509685338922,32,39,1.0,12,46,5,1,0.8205
10.745754766198267,106.65326266831876,36,42,1.0,12,46,5,1,0.8571
10.94927106740351,106.87196348224562,21,41,1.0,12,46,5,1,0.5122
10.78866360854368,106.695513722289,29,41,1.0,12,46,5,1,0.7073
10.801406421807084,106.7114844087968,29,41,1.0,12,46,5,1,0.7073
10.843150534972033,106.6151343241409,23,35,1.0,12,46,5,1,0.6571
10.880537767027526,106.81481342866444,46,52,1.0,12,46,5,1,0.8846
10.740840166521664,106.61899246873142,26,35,1.0,12,46,5,1,0.7429
10.798986343749618,106.7269705664684,45,45,1.0,12,46,5,1,1.0
10.741860769464234,106.73790365482628,34,44,1.0,12,46,5,1,0.7727
10.752408891679814,106.7022703818112,20,33,1.0,12,46,5,1,0.6061
10.786216596454729,106.71836665482697,40,40,1.0,12,46,5,1,1.0
10.78948793356203,106.7151883818118,20,35,1.0,12,46,5,1,0.5714
10.80223925742187,106.6478722259914,28,41,1.0,12,46,5,1,0.6829
10.813928881466124,106.66511432455972,21,34,0.998691,12,46,5,1,0.6176
10.755608615763382,106.67347943578082,18,28,0.998947,12,46,5,1,0.6429
10.782680856341084,106.70051548181168,17,30,1.0,12,46,5,1,0.5667
10.754895139302109,106.67839188181134,21,32,1.0,12,46,5,1,0.6562
10.785070445194592,106.68331340921324,12,27,1.0,12,46,5,1,0.4444
10.7549373008113,106.67848844133415,21,32,1.0,12,46,5,1,0.6562
10.77898143649726,106.67684447140958,21,34,1.0,12,46,5,1,0.6176
10.7671128283867,106.6927618222887,13,19,1.0,12,46,5,1,0.6842
10.77847212665258,106.69389510879644,28,41,1.0,12,46,5,1,0.6829
10.796057790235078,106.67492629345334,21,34,0.998691,12,46,5,1,0.6176
10.8352982156415,106.72935479345392,34,42,0.993386,12,46,5,1,0.8095
10.777562007197462,106.7041335430398,17,30,1.0,12,46,5,1,0.5667
10.83886351241477,106.67566625482782,26,36,0.999211,12,46,5,1,0.7222
10.765187049751797,106.67550552599072,25,36,1.0,12,46,5,1,0.6944
10.75948437198232,106.6840537511244,18,28,0.998947,12,47,5,1,0.6429
10.865229381280963,106.72366973948476,37,49,1.0,12,47,5,1,0.7551
10.72279213640514,106.72808623948244,28,37,0.995682,12,47,5,1,0.7568
10.823400120373712,106.68551227436063,22,31,1.0,12,47,5,1,0.7097
10.756158554057755,106.66631758181126,20,29,1.0,12,47,5,1,0.6897
10.7144382088356,106.73711688366168,25,35,1.0,12,47,5,1,0.7143
10.817236653231737,106.63191539530456,22,35,1.0,12,47,5,1,0.6286
10.772727584493625,106.69804225297564,16,24,0.999366,12,50,5,1,0.6667
10.774028664434528,106.70357076461706,29,29,1.0,12,50,5,1,1.0
10.752616652291238,106.72509685338922,39,39,1.0,12,50,5,1,1.0
10.745754766198267,106.65326266831876,33,43,1.0,12,50,5,1,0.7674
10.94927106740351,106.87196348224562,32,42,1.0,12,50,5,1,0.7619
10.78866360854368,106.695513722289,32,42,1.0,12,50,5,1,0.7619
10.801406421807084,106.7114844087968,32,42,1.0,12,50,5,1,0.7619
10.843150534972033,106.6151343241409,22,35,1.0,12,50,5,1,0.6286
10.880537767027526,106.81481342866444,44,53,1.0,12,50,5,1,0.8302
10.740840166521664,106.61899246873142,27,35,1.0,12,50,5,1,0.7714
10.798986343749618,106.7269705664684,45,45,1.0,12,50,5,1,1.0
10.741860769464234,106.73790365482628,36,44,1.0,12,50,5,1,0.8182
10.752408891679814,106.7022703818112,21,34,1.0,12,50,5,1,0.6176
10.786216596454729,106.71836665482697,40,40,1.0,12,50,5,1,1.0
10.78948793356203,106.7151883818118,36,36,1.0,12,50,5,1,1.0
10.80223925742187,106.6478722259914,30,41,1.0,12,50,5,1,0.7317
10.813928881466124,106.66511432455972,22,34,0.997381,12,50,5,1,0.6471
10.755608615763382,106.67347943578082,17,27,0.998954,12,50,5,1,0.6296
10.782680856341084,106.70051548181168,18,30,1.0,12,50,5,1,0.6
10.754895139302109,106.67839188181134,20,32,1.0,12,50,5,1,0.625
10.785070445194592,106.68331340921324,14,27,1.0,12,50,5,1,0.5185
10.7549373008113,106.67848844133415,20,32,1.0,12,51,5,1,0.625
10.77898143649726,106.67684447140958,21,34,1.0,12,51,5,1,0.6176
10.7671128283867,106.6927618222887,14,20,1.0,12,51,5,1,0.7
10.77847212665258,106.69389510879644,29,42,1.0,12,51,5,1,0.6905
10.796057790235078,106.67492629345334,22,34,0.997381,12,51,5,1,0.6471
10.8352982156415,106.72935479345392,36,42,0.993494,12,51,5,1,0.8571
10.777562007197462,106.7041335430398,18,30,1.0,12,51,5,1,0.6
10.83886351241477,106.67566625482782,26,36,1.0,12,51,5,1,0.7222
10.765187049751797,106.67550552599072,19,35,1.0,12,51,5,1,0.5429
10.75948437198232,106.6840537511244,18,27,0.998954,12,51,5,1,0.6667
10.865229381280963,106.72366973948476,36,49,1.0,12,51,5,1,0.7347
10.72279213640514,106.72808623948244,28,36,0.996541,12,51,5,1,0.7778
10.823400120373712,106.68551227436063,24,31,1.0,12,51,5,1,0.7742
10.756158554057755,106.66631758181126,19,29,1.0,12,51,5,1,0.6552
10.7144382088356,106.73711688366168,26,35,1.0,12,51,5,1,0.7429
10.817236653231737,106.63191539530456,23,35,1.0,12,51,5,1,0.6571
10.772727584493625,106.69804225297564,12,24,0.999366,12,54,5,1,0.5
10.774028664434528,106.70357076461706,23,28,1.0,12,54,5,1,0.8214
10.752616652291238,106.72509685338922,39,39,1.0,12,54,5,1,1.0
10.745754766198267,106.65326266831876,35,42,1.0,12,54,5,1,0.8333
10.94927106740351,106.87196348224562,32,42,1.0,12,54,5,1,0.7619
10.78866360854368,106.695513722289,31,42,1.0,12,54,5,1,0.7381
10.801406421807084,106.7114844087968,31,42,1.0,12,54,5,1,0.7381
10.843150534972033,106.6151343241409,24,35,1.0,12,54,5,1,0.6857
10.880537767027526,106.81481342866444,44,53,1.0,12,54,5,1,0.8302
10.740840166521664,106.61899246873142,26,35,1.0,12,54,5,1,0.7429
10.798986343749618,106.7269705664684,45,45,1.0,12,54,5,1,1.0
10.741860769464234,106.73790365482628,34,44,1.0,12,54,5,1,0.7727
10.752408891679814,106.7022703818112,21,34,1.0,12,54,5,1,0.6176
10.786216596454729,106.71836665482697,40,40,1.0,12,54,5,1,1.0
10.78948793356203,106.7151883818118,36,36,1.0,12,54,5,1,1.0
10.80223925742187,106.6478722259914,24,41,1.0,12,54,5,1,0.5854
10.813928881466124,106.66511432455972,21,34,0.998189,12,54,5,1,0.6176
10.755608615763382,106.67347943578082,17,26,0.998954,12,54,5,1,0.6538
10.782680856341084,106.70051548181168,19,30,1.0,12,54,5,1,0.6333
10.754895139302109,106.67839188181134,21,32,1.0,12,55,5,1,0.6562
10.785070445194592,106.68331340921324,12,28,1.0,12,55,5,1,0.4286
10.7549373008113,106.67848844133415,21,32,1.0,12,55,5,1,0.6562
10.77898143649726,106.67684447140958,21,34,1.0,12,55,5,1,0.6176
10.7671128283867,106.6927618222887,15,20,1.0,12,55,5,1,0.75
10.77847212665258,106.69389510879644,28,41,1.0,12,55,5,1,0.6829
10.796057790235078,106.67492629345334,21,34,0.998189,12,55,5,1,0.6176
10.8352982156415,106.72935479345392,35,42,0.995853,12,55,5,1,0.8333
10.777562007197462,106.7041335430398,19,30,1.0,12,55,5,1,0.6333
10.83886351241477,106.67566625482782,27,36,1.0,12,55,5,1,0.75
10.765187049751797,106.67550552599072,25,35,1.0,12,55,5,1,0.7143
10.75948437198232,106.6840537511244,17,27,0.998954,12,55,5,1,0.6296
10.865229381280963,106.72366973948476,35,49,1.0,12,55,5,1,0.7143
10.72279213640514,106.72808623948244,26,37,0.998348,12,55,5,1,0.7027
10.823400120373712,106.68551227436063,24,31,1.0,12,55,5,1,0.7742
10.756158554057755,106.66631758181126,22,30,1.0,12,55,5,1,0.7333
10.7144382088356,106.73711688366168,26,35,1.0,12,55,5,1,0.7429
10.817236653231737,106.63191539530456,23,35,1.0,12,56,5,1,0.6571
10.772727584493625,106.69804225297564,15,25,0.999366,12,58,5,1,0.6
10.774028664434528,106.70357076461706,18,29,1.0,12,58,5,1,0.6207
10.752616652291238,106.72509685338922,39,39,1.0,12,58,5,1,1.0
10.745754766198267,106.65326266831876,36,42,1.0,12,58,5,1,0.8571
10.94927106740351,106.87196348224562,23,42,1.0,12,58,5,1,0.5476
10.78866360854368,106.695513722289,31,42,1.0,12,58,5,1,0.7381
10.801406421807084,106.7114844087968,31,42,1.0,12,58,5,1,0.7381
10.843150534972033,106.6151343241409,22,34,1.0,12,58,5,1,0.6471
10.880537767027526,106.81481342866444,44,53,1.0,12,58,5,1,0.8302
10.740840166521664,106.61899246873142,26,35,1.0,12,58,5,1,0.7429
10.798986343749618,106.7269705664684,45,45,1.0,12,58,5,1,1.0
10.741860769464234,106.73790365482628,32,44,1.0,12,58,5,1,0.7273
10.752408891679814,106.7022703818112,21,33,1.0,12,58,5,1,0.6364
10.786216596454729,106.71836665482697,40,40,1.0,12,58,5,1,1.0
10.78948793356203,106.7151883818118,36,36,1.0,12,58,5,1,1.0
10.80223925742187,106.6478722259914,26,40,1.0,12,58,5,1,0.65
10.813928881466124,106.66511432455972,19,34,0.998692,12,58,5,1,0.5588
10.755608615763382,106.67347943578082,19,27,1.0,12,58,5,1,0.7037
10.782680856341084,106.70051548181168,19,30,1.0,12,58,5,1,0.6333
10.754895139302109,106.67839188181134,22,32,1.0,12,59,5,1,0.6875
10.785070445194592,106.68331340921324,15,27,1.0,12,59,5,1,0.5556
10.7549373008113,106.67848844133415,22,32,1.0,12,59,5,1,0.6875
10.77898143649726,106.67684447140958,23,34,1.0,12,59,5,1,0.6765
10.7671128283867,106.6927618222887,12,20,1.0,12,59,5,1,0.6
10.77847212665258,106.69389510879644,29,42,1.0,12,59,5,1,0.6905
10.796057790235078,106.67492629345334,21,34,0.998381,12,59,5,1,0.6176
10.8352982156415,106.72935479345392,33,42,0.996036,12,59,5,1,0.7857
10.777562007197462,106.7041335430398,19,30,1.0,12,59,5,1,0.6333
10.83886351241477,106.67566625482782,27,36,1.0,12,59,5,1,0.75
10.765187049751797,106.67550552599072,24,36,1.0,12,59,5,1,0.6667
10.75948437198232,106.6840537511244,18,27,0.998943,12,59,5,1,0.6667
10.865229381280963,106.72366973948476,36,49,1.0,12,59,5,1,0.7347
10.72279213640514,106.72808623948244,26,37,0.998601,12,59,5,1,0.7027
10.823400120373712,106.68551227436063,24,31,1.0,12,59,5,1,0.7742
10.756158554057755,106.66631758181126,23,29,1.0,12,59,5,1,0.7931
10.7144382088356,106.73711688366168,26,35,1.0,13,0,5,1,0.7429
10.817236653231737,106.63191539530456,23,35,1.0,13,0,5,1,0.6571
10.772727584493625,106.69804225297564,13,24,1.0,13,2,5,1,0.5417
10.774028664434528,106.70357076461706,29,29,1.0,13,2,5,1,1.0
10.752616652291238,106.72509685338922,33,40,1.0,13,2,5,1,0.825
10.745754766198267,106.65326266831876,42,42,1.0,13,2,5,1,1.0
10.94927106740351,106.87196348224562,24,42,1.0,13,2,5,1,0.5714
10.78866360854368,106.695513722289,31,42,1.0,13,2,5,1,0.7381
10.801406421807084,106.7114844087968,31,42,1.0,13,2,5,1,0.7381
10.843150534972033,106.6151343241409,23,35,1.0,13,2,5,1,0.6571
10.880537767027526,106.81481342866444,46,53,1.0,13,2,5,1,0.8679
10.740840166521664,106.61899246873142,25,35,1.0,13,2,5,1,0.7143
10.798986343749618,106.7269705664684,45,45,1.0,13,2,5,1,1.0
10.741860769464234,106.73790365482628,33,44,1.0,13,2,5,1,0.75
10.752408891679814,106.7022703818112,21,34,1.0,13,2,5,1,0.6176
10.786216596454729,106.71836665482697,40,40,1.0,13,2,5,1,1.0
10.78948793356203,106.7151883818118,36,36,1.0,13,2,5,1,1.0
10.80223925742187,106.6478722259914,25,41,1.0,13,2,5,1,0.6098
10.813928881466124,106.66511432455972,21,34,0.998691,13,2,5,1,0.6176
10.755608615763382,106.67347943578082,19,27,1.0,13,3,5,1,0.7037
10.782680856341084,106.70051548181168,18,30,1.0,13,3,5,1,0.6
10.754895139302109,106.67839188181134,22,33,1.0,13,3,5,1,0.6667
10.785070445194592,106.68331340921324,14,27,1.0,13,3,5,1,0.5185
10.7549373008113,106.67848844133415,22,33,1.0,13,3,5,1,0.6667
10.77898143649726,106.67684447140958,23,34,1.0,13,3,5,1,0.6765
10.7671128283867,106.6927618222887,14,20,1.0,13,3,5,1,0.7
10.77847212665258,106.69389510879644,28,41,1.0,13,3,5,1,0.6829
10.796057790235078,106.67492629345334,20,34,0.998667,13,3,5,1,0.5882
10.8352982156415,106.72935479345392,35,42,0.996787,13,3,5,1,0.8333
10.777562007197462,106.7041335430398,18,30,1.0,13,4,5,1,0.6
10.83886351241477,106.67566625482782,27,36,1.0,13,4,5,1,0.75
10.765187049751797,106.67550552599072,27,36,1.0,13,4,5,1,0.75
10.75948437198232,106.6840537511244,16,27,0.998951,13,4,5,1,0.5926
10.865229381280963,106.72366973948476,36,49,1.0,13,4,5,1,0.7347
10.72279213640514,106.72808623948244,26,37,0.998601,13,4,5,1,0.7027
10.823400120373712,106.68551227436063,22,32,1.0,13,4,5,1,0.6875
10.756158554057755,106.66631758181126,23,29,1.0,13,4,5,1,0.7931
10.7144382088356,106.73711688366168,27,35,1.0,13,4,5,1,0.7714
10.817236653231737,106.63191539530456,23,34,1.0,13,4,5,1,0.6765
10.772727584493625,106.69804225297564,15,24,1.0,13,6,5,1,0.625
10.774028664434528,106.70357076461706,16,28,1.0,13,6,5,1,0.5714
10.752616652291238,106.72509685338922,39,39,1.0,13,6,5,1,1.0
10.745754766198267,106.65326266831876,42,42,1.0,13,6,5,1,1.0
10.94927106740351,106.87196348224562,26,42,1.0,13,6,5,1,0.619
10.78866360854368,106.695513722289,32,42,1.0,13,6,5,1,0.7619
10.801406421807084,106.7114844087968,32,42,1.0,13,6,5,1,0.7619
10.843150534972033,106.6151343241409,24,35,1.0,13,6,5,1,0.6857
10.880537767027526,106.81481342866444,46,53,1.0,13,6,5,1,0.8679
10.740840166521664,106.61899246873142,25,35,1.0,13,6,5,1,0.7143
10.798986343749618,106.7269705664684,45,45,1.0,13,6,5,1,1.0
10.741860769464234,106.73790365482628,33,44,1.0,13,7,5,1,0.75
10.752408891679814,106.7022703818112,22,34,1.0,13,7,5,1,0.6471
10.786216596454729,106.71836665482697,40,40,1.0,13,7,5,1,1.0
10.78948793356203,106.7151883818118,36,36,1.0,13,7,5,1,1.0
10.80223925742187,106.6478722259914,26,41,1.0,13,7,5,1,0.6341
10.813928881466124,106.66511432455972,21,33,0.99914,13,7,5,1,0.6364
10.755608615763382,106.67347943578082,18,28,1.0,13,7,5,1,0.6429
10.782680856341084,106.70051548181168,18,30,1.0,13,7,5,1,0.6
10.754895139302109,106.67839188181134,22,32,1.0,13,8,5,1,0.6875
10.785070445194592,106.68331340921324,15,28,1.0,13,8,5,1,0.5357
10.7549373008113,106.67848844133415,22,32,1.0,13,8,5,1,0.6875
10.77898143649726,106.67684447140958,23,34,1.0,13,8,5,1,0.6765
10.7671128283867,106.6927618222887,12,20,1.0,13,8,5,1,0.6
10.77847212665258,106.69389510879644,28,42,1.0,13,8,5,1,0.6667
10.796057790235078,106.67492629345334,21,34,0.998691,13,8,5,1,0.6176
10.8352982156415,106.72935479345392,35,42,0.996753,13,8,5,1,0.8333
10.777562007197462,106.7041335430398,18,30,1.0,13,8,5,1,0.6
10.83886351241477,106.67566625482782,26,37,1.0,13,8,5,1,0.7027
10.765187049751797,106.67550552599072,25,35,1.0,13,8,5,1,0.7143
10.75948437198232,106.6840537511244,17,28,1.0,13,8,5,1,0.6071
10.865229381280963,106.72366973948476,37,49,1.0,13,8,5,1,0.7551
10.72279213640514,106.72808623948244,25,36,0.999301,13,8,5,1,0.6944
10.823400120373712,106.68551227436063,32,32,1.0,13,9,5,1,1.0
10.756158554057755,106.66631758181126,22,29,1.0,13,9,5,1,0.7586
10.7144382088356,106.73711688366168,26,35,1.0,13,9,5,1,0.7429
10.817236653231737,106.63191539530456,23,35,1.0,13,9,5,1,0.6571
10.772727584493625,106.69804225297564,13,24,1.0,13,11,5,1,0.5417
10.774028664434528,106.70357076461706,20,27,1.0,13,11,5,1,0.7407
10.752616652291238,106.72509685338922,39,39,1.0,13,11,5,1,1.0
10.745754766198267,106.65326266831876,42,42,1.0,13,11,5,1,1.0
10.94927106740351,106.87196348224562,31,41,1.0,13,11,5,1,0.7561
10.78866360854368,106.695513722289,32,42,1.0,13,11,5,1,0.7619
10.801406421807084,106.7114844087968,32,42,1.0,13,11,5,1,0.7619
10.843150534972033,106.6151343241409,24,35,1.0,13,11,5,1,0.6857
10.880537767027526,106.81481342866444,45,53,1.0,13,11,5,1,0.8491
10.740840166521664,106.61899246873142,28,35,1.0,13,11,5,1,0.8
10.798986343749618,106.7269705664684,45,45,1.0,13,11,5,1,1.0
10.741860769464234,106.73790365482628,33,44,1.0,13,11,5,1,0.75
10.752408891679814,106.7022703818112,23,33,1.0,13,11,5,1,0.697
10.786216596454729,106.71836665482697,40,40,1.0,13,11,5,1,1.0
10.78948793356203,106.7151883818118,36,36,1.0,13,11,5,1,1.0
10.80223925742187,106.6478722259914,26,41,1.0,13,11,5,1,0.6341
10.813928881466124,106.66511432455972,21,34,0.999425,13,11,5,1,0.6176
10.755608615763382,106.67347943578082,20,28,0.998951,13,12,5,1,0.7143
10.782680856341084,106.70051548181168,18,30,1.0,13,12,5,1,0.6
10.754895139302109,106.67839188181134,21,32,1.0,13,12,5,1,0.6562
10.785070445194592,106.68331340921324,13,28,1.0,13,12,5,1,0.4643
10.7549373008113,106.67848844133415,21,32,1.0,13,12,5,1,0.6562
10.77898143649726,106.67684447140958,24,34,1.0,13,12,5,1,0.7059
10.7671128283867,106.6927618222887,12,19,1.0,13,12,5,1,0.6316
10.77847212665258,106.69389510879644,29,41,1.0,13,12,5,1,0.7073
10.796057790235078,106.67492629345334,21,33,1.0,13,12,5,1,0.6364
10.8352982156415,106.72935479345392,36,42,0.996749,13,12,5,1,0.8571
10.777562007197462,106.7041335430398,19,30,1.0,13,12,5,1,0.6333
10.83886351241477,106.67566625482782,26,36,1.0,13,12,5,1,0.7222
10.765187049751797,106.67550552599072,23,35,1.0,13,12,5,1,0.6571
10.75948437198232,106.6840537511244,20,28,1.0,13,12,5,1,0.7143
10.865229381280963,106.72366973948476,36,49,1.0,13,12,5,1,0.7347
10.72279213640514,106.72808623948244,27,37,0.999104,13,13,5,1,0.7297
10.823400120373712,106.68551227436063,23,31,1.0,13,13,5,1,0.7419
10.756158554057755,106.66631758181126,22,29,1.0,13,13,5,1,0.7586
10.7144382088356,106.73711688366168,27,35,1.0,13,13,5,1,0.7714
10.817236653231737,106.63191539530456,24,34,1.0,13,13,5,1,0.7059
10.772727584493625,106.69804225297564,15,25,1.0,13,15,5,1,0.6
10.774028664434528,106.70357076461706,18,28,1.0,13,15,5,1,0.6429
10.752616652291238,106.72509685338922,39,39,1.0,13,15,5,1,1.0
10.745754766198267,106.65326266831876,35,43,1.0,13,15,5,1,0.814
10.94927106740351,106.87196348224562,30,41,1.0,13,15,5,1,0.7317
10.78866360854368,106.695513722289,32,42,1.0,13,15,5,1,0.7619
10.801406421807084,106.7114844087968,32,42,1.0,13,15,5,1,0.7619
10.843150534972033,106.6151343241409,23,35,1.0,13,15,5,1,0.6571
10.880537767027526,106.81481342866444,46,53,1.0,13,15,5,1,0.8679
10.740840166521664,106.61899246873142,26,35,1.0,13,15,5,1,0.7429
10.798986343749618,106.7269705664684,45,45,1.0,13,15,5,1,1.0
10.741860769464234,106.73790365482628,33,44,1.0,13,15,5,1,0.75
10.752408891679814,106.7022703818112,22,34,1.0,13,16,5,1,0.6471
10.786216596454729,106.71836665482697,40,40,1.0,13,16,5,1,1.0
10.78948793356203,106.7151883818118,36,36,1.0,13,16,5,1,1.0
10.80223925742187,106.6478722259914,29,41,1.0,13,16,5,1,0.7073
10.813928881466124,106.66511432455972,21,34,0.998691,13,16,5,1,0.6176
10.755608615763382,106.67347943578082,19,27,1.0,13,16,5,1,0.7037
10.782680856341084,106.70051548181168,17,30,1.0,13,16,5,1,0.5667
10.754895139302109,106.67839188181134,20,33,1.0,13,16,5,1,0.6061
10.785070445194592,106.68331340921324,15,28,1.0,13,16,5,1,0.5357
10.7549373008113,106.67848844133415,20,33,1.0,13,16,5,1,0.6061
10.77898143649726,106.67684447140958,22,34,1.0,13,16,5,1,0.6471
10.7671128283867,106.6927618222887,20,20,1.0,13,16,5,1,1.0
10.77847212665258,106.69389510879644,28,41,1.0,13,16,5,1,0.6829
10.796057790235078,106.67492629345334,21,33,0.998954,13,16,5,1,0.6364
10.8352982156415,106.72935479345392,36,42,0.996401,13,16,5,1,0.8571
10.777562007197462,106.7041335430398,18,30,1.0,13,16,5,1,0.6
10.83886351241477,106.67566625482782,29,36,1.0,13,16,5,1,0.8056
10.765187049751797,106.67550552599072,20,35,1.0,13,16,5,1,0.5714
10.75948437198232,106.6840537511244,18,27,1.0,13,16,5,1,0.6667
10.865229381280963,106.72366973948476,36,49,1.0,13,16,5,1,0.7347
10.72279213640514,106.72808623948244,27,37,1.0,13,17,5,1,0.7297
10.823400120373712,106.68551227436063,22,31,1.0,13,17,5,1,0.7097
10.756158554057755,106.66631758181126,21,29,1.0,13,17,5,1,0.7241
10.7144382088356,106.73711688366168,27,35,1.0,13,17,5,1,0.7714
10.817236653231737,106.63191539530456,23,34,1.0,13,17,5,1,0.6765
10.772727584493625,106.69804225297564,17,24,1.0,13,19,5,1,0.7083
10.774028664434528,106.70357076461706,23,29,1.0,13,19,5,1,0.7931
10.752616652291238,106.72509685338922,31,39,1.0,13,19,5,1,0.7949
10.745754766198267,106.65326266831876,34,42,1.0,13,19,5,1,0.8095
10.94927106740351,106.87196348224562,31,42,1.0,13,19,5,1,0.7381
10.78866360854368,106.695513722289,32,42,1.0,13,19,5,1,0.7619
10.801406421807084,106.7114844087968,32,42,1.0,13,19,5,1,0.7619
10.843150534972033,106.6151343241409,23,35,1.0,13,19,5,1,0.6571
10.880537767027526,106.81481342866444,45,53,1.0,13,19,5,1,0.8491
10.740840166521664,106.61899246873142,27,35,1.0,13,20,5,1,0.7714
10.798986343749618,106.7269705664684,45,45,1.0,13,20,5,1,1.0
10.741860769464234,106.73790365482628,34,44,1.0,13,20,5,1,0.7727
10.752408891679814,106.7022703818112,25,34,1.0,13,20,5,1,0.7353
10.786216596454729,106.71836665482697,40,40,1.0,13,20,5,1,1.0
10.78948793356203,106.7151883818118,36,36,1.0,13,20,5,1,1.0
10.80223925742187,106.6478722259914,26,41,1.0,13,20,5,1,0.6341
10.813928881466124,106.66511432455972,22,34,0.998179,13,20,5,1,0.6471
10.755608615763382,106.67347943578082,17,28,1.0,13,20,5,1,0.6071
10.782680856341084,106.70051548181168,19,30,1.0,13,20,5,1,0.6333
10.754895139302109,106.67839188181134,20,32,1.0,13,20,5,1,0.625
10.785070445194592,106.68331340921324,16,27,1.0,13,20,5,1,0.5926
10.7549373008113,106.67848844133415,20,32,1.0,13,21,5,1,0.625
10.77898143649726,106.67684447140958,20,34,1.0,13,21,5,1,0.5882
10.7671128283867,106.6927618222887,20,20,1.0,13,21,5,1,1.0
10.77847212665258,106.69389510879644,28,41,1.0,13,21,5,1,0.6829
10.796057790235078,106.67492629345334,22,33,0.998853,13,21,5,1,0.6667
10.8352982156415,106.72935479345392,42,42,1.0,13,21,5,1,1.0
10.777562007197462,106.7041335430398,18,30,1.0,13,21,5,1,0.6
10.83886351241477,106.67566625482782,27,36,1.0,13,21,5,1,0.75
10.765187049751797,106.67550552599072,29,36,1.0,13,21,5,1,0.8056
10.75948437198232,106.6840537511244,17,28,1.0,13,21,5,1,0.6071
10.865229381280963,106.72366973948476,36,49,1.0,13,21,5,1,0.7347
10.72279213640514,106.72808623948244,29,37,0.997777,13,21,5,1,0.7838
10.823400120373712,106.68551227436063,25,32,1.0,13,21,5,1,0.7812
10.756158554057755,106.66631758181126,22,29,1.0,13,21,5,1,0.7586
10.7144382088356,106.73711688366168,27,35,1.0,13,21,5,1,0.7714
10.817236653231737,106.63191539530456,22,35,1.0,13,21,5,1,0.6286
10.772727584493625,106.69804225297564,15,24,0.999366,13,23,5,1,0.625
10.774028664434528,106.70357076461706,18,28,1.0,13,24,5,1,0.6429
10.752616652291238,106.72509685338922,30,39,1.0,13,24,5,1,0.7692
10.745754766198267,106.65326266831876,36,42,1.0,13,24,5,1,0.8571
10.94927106740351,106.87196348224562,32,42,1.0,13,24,5,1,0.7619
10.78866360854368,106.695513722289,33,42,1.0,13,24,5,1,0.7857
10.801406421807084,106.7114844087968,33,42,1.0,13,24,5,1,0.7857
10.843150534972033,106.6151343241409,23,35,1.0,13,24,5,1,0.6571
10.880537767027526,106.81481342866444,45,53,1.0,13,24,5,1,0.8491
10.740840166521664,106.61899246873142,28,35,1.0,13,24,5,1,0.8
10.798986343749618,106.7269705664684,45,45,1.0,13,24,5,1,1.0
10.741860769464234,106.73790365482628,35,44,1.0,13,24,5,1,0.7955
10.752408891679814,106.7022703818112,22,33,1.0,13,24,5,1,0.6667
10.786216596454729,106.71836665482697,40,40,1.0,13,24,5,1,1.0
10.78948793356203,106.7151883818118,36,36,1.0,13,24,5,1,1.0
10.80223925742187,106.6478722259914,27,41,1.0,13,24,5,1,0.6585
10.813928881466124,106.66511432455972,22,34,0.998381,13,24,5,1,0.6471
10.755608615763382,106.67347943578082,20,28,1.0,13,24,5,1,0.7143
10.782680856341084,106.70051548181168,19,30,1.0,13,24,5,1,0.6333
10.754895139302109,106.67839188181134,21,33,1.0,13,24,5,1,0.6364
10.785070445194592,106.68331340921324,11,27,1.0,13,24,5,1,0.4074
10.7549373008113,106.67848844133415,21,33,1.0,13,24,5,1,0.6364
10.77898143649726,106.67684447140958,22,34,1.0,13,24,5,1,0.6471
10.7671128283867,106.6927618222887,20,20,1.0,13,24,5,1,1.0
10.77847212665258,106.69389510879644,29,41,1.0,13,25,5,1,0.7073
10.796057790235078,106.67492629345334,22,34,0.998691,13,25,5,1,0.6471
10.8352982156415,106.72935479345392,34,42,0.996044,13,25,5,1,0.8095
10.777562007197462,106.7041335430398,17,30,1.0,13,25,5,1,0.5667
10.83886351241477,106.67566625482782,28,36,1.0,13,25,5,1,0.7778
10.765187049751797,106.67550552599072,26,35,1.0,13,25,5,1,0.7429
10.75948437198232,106.6840537511244,19,27,0.998951,13,25,5,1,0.7037
10.865229381280963,106.72366973948476,36,49,1.0,13,25,5,1,0.7347
10.72279213640514,106.72808623948244,28,37,1.0,13,25,5,1,0.7568
10.823400120373712,106.68551227436063,23,31,1.0,13,25,5,1,0.7419
10.756158554057755,106.66631758181126,19,29,1.0,13,26,5,1,0.6552
10.7144382088356,106.73711688366168,27,35,1.0,13,26,5,1,0.7714
10.817236653231737,106.63191539530456,23,35,1.0,13,26,5,1,0.6571
10.772727584493625,106.69804225297564,12,23,0.998732,13,28,5,1,0.5217
10.774028664434528,106.70357076461706,21,27,1.0,13,28,5,1,0.7778
10.752616652291238,106.72509685338922,39,39,1.0,13,28,5,1,1.0
10.745754766198267,106.65326266831876,36,43,1.0,13,28,5,1,0.8372
10.94927106740351,106.87196348224562,31,42,1.0,13,28,5,1,0.7381
10.78866360854368,106.695513722289,33,42,1.0,13,28,5,1,0.7857
10.801406421807084,106.7114844087968,33,42,1.0,13,28,5,1,0.7857
10.843150534972033,106.6151343241409,23,35,1.0,13,28,5,1,0.6571
10.880537767027526,106.81481342866444,44,53,1.0,13,28,5,1,0.8302
10.740840166521664,106.61899246873142,26,36,1.0,13,28,5,1,0.7222
10.798986343749618,106.7269705664684,45,45,1.0,13,29,5,1,1.0
10.741860769464234,106.73790365482628,35,44,1.0,13,29,5,1,0.7955
10.752408891679814,106.7022703818112,24,34,1.0,13,29,5,1,0.7059
10.786216596454729,106.71836665482697,40,40,1.0,13,29,5,1,1.0
10.78948793356203,106.7151883818118,36,36,1.0,13,29,5,1,1.0
10.80223925742187,106.6478722259914,28,41,1.0,13,29,5,1,0.6829
10.813928881466124,106.66511432455972,20,34,0.998948,13,29,5,1,0.5882
10.755608615763382,106.67347943578082,19,28,1.0,13,29,5,1,0.6786
10.782680856341084,106.70051548181168,17,30,1.0,13,29,5,1,0.5667
10.754895139302109,106.67839188181134,21,33,1.0,13,29,5,1,0.6364
10.785070445194592,106.68331340921324,12,27,1.0,13,29,5,1,0.4444
10.7549373008113,106.67848844133415,21,33,1.0,13,29,5,1,0.6364
10.77898143649726,106.67684447140958,21,34,1.0,13,29,5,1,0.6176
10.7671128283867,106.6927618222887,20,20,1.0,13,29,5,1,1.0
10.77847212665258,106.69389510879644,29,41,1.0,13,29,5,1,0.7073
10.796057790235078,106.67492629345334,21,34,0.998948,13,29,5,1,0.6176
10.8352982156415,106.72935479345392,32,42,0.993909,13,29,5,1,0.7619
10.777562007197462,106.7041335430398,17,30,1.0,13,29,5,1,0.5667
10.83886351241477,106.67566625482782,27,36,1.0,13,30,5,1,0.75
10.765187049751797,106.67550552599072,26,36,1.0,13,30,5,1,0.7222
10.75948437198232,106.6840537511244,21,28,1.0,13,30,5,1,0.75
10.865229381280963,106.72366973948476,33,49,1.0,13,30,5,1,0.6735
10.72279213640514,106.72808623948244,29,37,0.998245,13,30,5,1,0.7838
10.823400120373712,106.68551227436063,21,32,1.0,13,30,5,1,0.6562
10.756158554057755,106.66631758181126,20,30,1.0,13,30,5,1,0.6667
10.7144382088356,106.73711688366168,27,35,1.0,13,30,5,1,0.7714
10.817236653231737,106.63191539530456,24,35,1.0,13,30,5,1,0.6857
10.772727584493625,106.69804225297564,15,25,0.998098,13,32,5,1,0.6
10.774028664434528,106.70357076461706,20,28,1.0,13,32,5,1,0.7143
10.752616652291238,106.72509685338922,39,39,1.0,13,32,5,1,1.0
10.745754766198267,106.65326266831876,36,42,1.0,13,32,5,1,0.8571
10.94927106740351,106.87196348224562,27,42,1.0,13,33,5,1,0.6429
10.78866360854368,106.695513722289,32,42,1.0,13,33,5,1,0.7619
10.801406421807084,106.7114844087968,32,42,1.0,13,33,5,1,0.7619
10.843150534972033,106.6151343241409,23,35,1.0,13,33,5,1,0.6571
10.880537767027526,106.81481342866444,44,53,1.0,13,33,5,1,0.8302
10.740840166521664,106.61899246873142,25,35,1.0,13,33,5,1,0.7143
10.798986343749618,106.7269705664684,45,45,1.0,13,33,5,1,1.0
10.741860769464234,106.73790365482628,36,44,1.0,13,33,5,1,0.8182
10.752408891679814,106.7022703818112,24,33,1.0,13,33,5,1,0.7273
10.786216596454729,106.71836665482697,40,40,1.0,13,33,5,1,1.0
10.78948793356203,106.7151883818118,36,36,1.0,13,33,5,1,1.0
10.80223925742187,106.6478722259914,28,39,1.0,13,33,5,1,0.7179
10.813928881466124,106.66511432455972,20,34,0.997917,13,34,5,1,0.5882
10.755608615763382,106.67347943578082,18,27,1.0,13,34,5,1,0.6667
10.782680856341084,106.70051548181168,17,30,1.0,13,34,5,1,0.5667
10.754895139302109,106.67839188181134,21,32,1.0,13,34,5,1,0.6562
10.785070445194592,106.68331340921324,11,27,1.0,13,34,5,1,0.4074
10.7549373008113,106.67848844133415,21,32,1.0,13,34,5,1,0.6562
10.77898143649726,106.67684447140958,23,35,1.0,13,34,5,1,0.6571
10.7671128283867,106.6927618222887,20,20,1.0,13,34,5,1,1.0
10.77847212665258,106.69389510879644,28,41,1.0,13,34,5,1,0.6829
10.796057790235078,106.67492629345334,20,34,0.997917,13,34,5,1,0.5882
10.8352982156415,106.72935479345392,33,43,0.99098,13,34,5,1,0.7674
10.777562007197462,106.7041335430398,17,30,1.0,13,34,5,1,0.5667
10.83886351241477,106.67566625482782,28,36,1.0,13,34,5,1,0.7778
10.765187049751797,106.67550552599072,24,36,1.0,13,34,5,1,0.6667
10.75948437198232,106.6840537511244,18,27,1.0,13,34,5,1,0.6667
10.865229381280963,106.72366973948476,35,49,1.0,13,34,5,1,0.7143
10.72279213640514,106.72808623948244,28,37,0.996399,13,34,5,1,0.7568
10.823400120373712,106.68551227436063,23,32,1.0,13,34,5,1,0.7188
10.756158554057755,106.66631758181126,16,29,1.0,13,34,5,1,0.5517
10.7144382088356,106.73711688366168,26,35,1.0,13,34,5,1,0.7429
10.817236653231737,106.63191539530456,23,35,1.0,13,34,5,1,0.6571
10.772727584493625,106.69804225297564,15,23,0.998098,13,37,5,1,0.6522
10.774028664434528,106.70357076461706,29,29,1.0,13,37,5,1,1.0
10.752616652291238,106.72509685338922,39,39,1.0,13,37,5,1,1.0
10.745754766198267,106.65326266831876,36,43,1.0,13,37,5,1,0.8372
10.94927106740351,106.87196348224562,25,42,1.0,13,37,5,1,0.5952
10.78866360854368,106.695513722289,34,41,1.0,13,37,5,1,0.8293
10.801406421807084,106.7114844087968,34,41,1.0,13,37,5,1,0.8293
10.843150534972033,106.6151343241409,23,35,1.0,13,37,5,1,0.6571
10.880537767027526,106.81481342866444,45,54,1.0,13,37,5,1,0.8333
10.740840166521664,106.61899246873142,25,35,1.0,13,37,5,1,0.7143
10.798986343749618,106.7269705664684,45,45,1.0,13,37,5,1,1.0
10.741860769464234,106.73790365482628,37,44,1.0,13,37,5,1,0.8409
10.752408891679814,106.7022703818112,23,34,1.0,13,37,5,1,0.6765
10.786216596454729,106.71836665482697,40,40,1.0,13,37,5,1,1.0
10.78948793356203,106.7151883818118,36,36,1.0,13,37,5,1,1.0
10.80223925742187,106.6478722259914,29,41,1.0,13,37,5,1,0.7073
10.813928881466124,106.66511432455972,22,34,0.99892,13,37,5,1,0.6471
10.755608615763382,106.67347943578082,20,28,1.0,13,37,5,1,0.7143
10.782680856341084,106.70051548181168,19,30,1.0,13,37,5,1,0.6333
10.754895139302109,106.67839188181134,22,33,1.0,13,37,5,1,0.6667
10.785070445194592,106.68331340921324,13,28,1.0,13,38,5,1,0.4643
10.7549373008113,106.67848844133415,22,33,1.0,13,38,5,1,0.6667
10.77898143649726,106.67684447140958,21,34,1.0,13,38,5,1,0.6176
10.7671128283867,106.6927618222887,15,19,1.0,13,38,5,1,0.7895
10.77847212665258,106.69389510879644,29,41,1.0,13,38,5,1,0.7073
10.796057790235078,106.67492629345334,22,34,0.99892,13,38,5,1,0.6471
10.8352982156415,106.72935479345392,33,42,0.996581,13,38,5,1,0.7857
10.777562007197462,106.7041335430398,19,30,1.0,13,38,5,1,0.6333
10.83886351241477,106.67566625482782,27,36,1.0,13,38,5,1,0.75
10.765187049751797,106.67550552599072,28,35,1.0,13,38,5,1,0.8
10.75948437198232,106.6840537511244,18,27,1.0,13,38,5,1,0.6667
10.865229381280963,106.72366973948476,35,49,1.0,13,38,5,1,0.7143
10.72279213640514,106.72808623948244,29,37,0.996405,13,38,5,1,0.7838
10.823400120373712,106.68551227436063,21,31,1.0,13,38,5,1,0.6774
10.756158554057755,106.66631758181126,20,29,1.0,13,38,5,1,0.6897
10.7144382088356,106.73711688366168,27,35,1.0,13,38,5,1,0.7714
10.817236653231737,106.63191539530456,23,34,1.0,13,38,5,1,0.6765
10.772727584493625,106.69804225297564,14,24,0.998098,13,40,5,1,0.5833
10.774028664434528,106.70357076461706,29,29,1.0,13,40,5,1,1.0
10.752616652291238,106.72509685338922,39,39,1.0,13,40,5,1,1.0
10.745754766198267,106.65326266831876,36,43,1.0,13,40,5,1,0.8372
10.94927106740351,106.87196348224562,29,41,1.0,13,41,5,1,0.7073
10.78866360854368,106.695513722289,33,42,1.0,13,41,5,1,0.7857
10.801406421807084,106.7114844087968,33,42,1.0,13,41,5,1,0.7857
10.843150534972033,106.6151343241409,23,35,1.0,13,41,5,1,0.6571
10.880537767027526,106.81481342866444,42,53,1.0,13,41,5,1,0.7925
10.740840166521664,106.61899246873142,25,35,1.0,13,41,5,1,0.7143
10.798986343749618,106.7269705664684,45,45,1.0,13,41,5,1,1.0
10.741860769464234,106.73790365482628,45,45,1.0,13,41,5,1,1.0
10.752408891679814,106.7022703818112,25,34,1.0,13,41,5,1,0.7353
10.786216596454729,106.71836665482697,40,40,1.0,13,41,5,1,1.0
10.78948793356203,106.7151883818118,36,36,1.0,13,41,5,1,1.0
10.80223925742187,106.6478722259914,29,40,1.0,13,41,5,1,0.725
10.813928881466124,106.66511432455972,22,33,0.998954,13,42,5,1,0.6667
10.755608615763382,106.67347943578082,17,28,0.998947,13,42,5,1,0.6071
10.782680856341084,106.70051548181168,19,30,1.0,13,42,5,1,0.6333
10.754895139302109,106.67839188181134,22,33,1.0,13,42,5,1,0.6667
10.785070445194592,106.68331340921324,13,28,1.0,13,42,5,1,0.4643
10.7549373008113,106.67848844133415,22,33,1.0,13,42,5,1,0.6667
10.77898143649726,106.67684447140958,23,34,1.0,13,42,5,1,0.6765
10.7671128283867,106.6927618222887,20,20,1.0,13,42,5,1,1.0
10.77847212665258,106.69389510879644,28,42,1.0,13,42,5,1,0.6667
10.796057790235078,106.67492629345334,22,34,0.998954,13,42,5,1,0.6471
10.8352982156415,106.72935479345392,35,42,0.996924,13,42,5,1,0.8333
10.777562007197462,106.7041335430398,19,30,1.0,13,42,5,1,0.6333
10.83886351241477,106.67566625482782,26,35,1.0,13,42,5,1,0.7429
10.765187049751797,106.67550552599072,27,36,1.0,13,42,5,1,0.75
10.75948437198232,106.6840537511244,18,27,1.0,13,43,5,1,0.6667
10.865229381280963,106.72366973948476,33,49,1.0,13,43,5,1,0.6735
10.72279213640514,106.72808623948244,26,37,0.997777,13,43,5,1,0.7027
10.823400120373712,106.68551227436063,24,32,1.0,13,43,5,1,0.75
10.756158554057755,106.66631758181126,22,29,1.0,13,43,5,1,0.7586
10.7144382088356,106.73711688366168,26,35,1.0,13,43,5,1,0.7429
10.817236653231737,106.63191539530456,23,35,1.0,13,43,5,1,0.6571
10.772727584493625,106.69804225297564,15,24,0.998732,13,46,5,1,0.625
10.774028664434528,106.70357076461706,17,28,1.0,13,46,5,1,0.6071
10.752616652291238,106.72509685338922,39,39,1.0,13,46,5,1,1.0
10.745754766198267,106.65326266831876,42,42,1.0,13,46,5,1,1.0
10.94927106740351,106.87196348224562,28,42,1.0,13,46,5,1,0.6667
10.78866360854368,106.695513722289,32,42,1.0,13,46,5,1,0.7619
10.801406421807084,106.7114844087968,33,42,1.0,13,46,5,1,0.7857
10.843150534972033,106.6151343241409,22,35,1.0,13,46,5,1,0.6286
10.880537767027526,106.81481342866444,44,53,1.0,13,46,5,1,0.8302
10.740840166521664,106.61899246873142,27,35,1.0,13,46,5,1,0.7714
10.798986343749618,106.7269705664684,45,45,1.0,13,46,5,1,1.0
10.741860769464234,106.73790365482628,45,45,1.0,13,46,5,1,1.0
10.752408891679814,106.7022703818112,22,33,1.0,13,46,5,1,0.6667
10.786216596454729,106.71836665482697,40,40,1.0,13,46,5,1,1.0
10.78948793356203,106.7151883818118,36,36,1.0,13,46,5,1,1.0
10.80223925742187,106.6478722259914,31,40,1.0,13,47,5,1,0.775
10.813928881466124,106.66511432455972,22,34,1.0,13,47,5,1,0.6471
10.755608615763382,106.67347943578082,17,26,0.998954,13,47,5,1,0.6538
10.782680856341084,106.70051548181168,19,30,1.0,13,47,5,1,0.6333
10.754895139302109,106.67839188181134,22,33,1.0,13,47,5,1,0.6667
10.785070445194592,106.68331340921324,12,27,1.0,13,47,5,1,0.4444
10.7549373008113,106.67848844133415,22,33,1.0,13,47,5,1,0.6667
10.77898143649726,106.67684447140958,22,34,1.0,13,47,5,1,0.6471
10.7671128283867,106.6927618222887,15,20,1.0,13,47,5,1,0.75
10.77847212665258,106.69389510879644,28,41,1.0,13,47,5,1,0.6829
10.796057790235078,106.67492629345334,23,34,0.99972,13,47,5,1,0.6765
10.8352982156415,106.72935479345392,33,42,0.997475,13,47,5,1,0.7857
10.777562007197462,106.7041335430398,18,30,1.0,13,47,5,1,0.6
10.83886351241477,106.67566625482782,26,35,1.0,13,47,5,1,0.7429
10.765187049751797,106.67550552599072,22,36,1.0,13,47,5,1,0.6111
10.75948437198232,106.6840537511244,20,28,0.998951,13,48,5,1,0.7143
10.865229381280963,106.72366973948476,34,49,1.0,13,48,5,1,0.6939
10.72279213640514,106.72808623948244,27,37,0.998218,13,48,5,1,0.7297
10.823400120373712,106.68551227436063,25,31,1.0,13,48,5,1,0.8065
10.756158554057755,106.66631758181126,23,29,1.0,13,48,5,1,0.7931
10.7144382088356,106.73711688366168,26,35,1.0,13,48,5,1,0.7429
10.817236653231737,106.63191539530456,23,35,1.0,13,48,5,1,0.6571
10.772727584493625,106.69804225297564,16,24,0.999366,13,50,5,1,0.6667
10.774028664434528,106.70357076461706,21,29,1.0,13,50,5,1,0.7241
10.752616652291238,106.72509685338922,39,39,1.0,13,50,5,1,1.0
10.745754766198267,106.65326266831876,42,42,1.0,13,50,5,1,1.0
10.94927106740351,106.87196348224562,29,41,1.0,13,50,5,1,0.7073
10.78866360854368,106.695513722289,33,42,1.0,13,50,5,1,0.7857
10.801406421807084,106.7114844087968,32,42,1.0,13,50,5,1,0.7619
10.843150534972033,106.6151343241409,23,34,1.0,13,51,5,1,0.6765
10.880537767027526,106.81481342866444,43,53,1.0,13,51,5,1,0.8113
10.740840166521664,106.61899246873142,26,35,1.0,13,51,5,1,0.7429
10.798986343749618,106.7269705664684,45,45,1.0,13,51,5,1,1.0
10.741860769464234,106.73790365482628,45,45,1.0,13,51,5,1,1.0
10.752408891679814,106.7022703818112,22,34,1.0,13,51,5,1,0.6471
10.786216596454729,106.71836665482697,40,40,1.0,13,51,5,1,1.0
10.78948793356203,106.7151883818118,36,36,1.0,13,51,5,1,1.0
10.80223925742187,106.6478722259914,30,40,1.0,13,51,5,1,0.75
10.813928881466124,106.66511432455972,22,34,1.0,13,51,5,1,0.6471
10.755608615763382,106.67347943578082,17,27,0.997894,13,51,5,1,0.6296
10.782680856341084,106.70051548181168,19,30,1.0,13,52,5,1,0.6333
10.754895139302109,106.67839188181134,18,33,1.0,13,52,5,1,0.5455
10.785070445194592,106.68331340921324,9,27,1.0,13,52,5,1,0.3333
10.7549373008113,106.67848844133415,18,33,1.0,13,52,5,1,0.5455
10.77898143649726,106.67684447140958,22,35,1.0,13,52,5,1,0.6286
10.7671128283867,106.6927618222887,10,20,1.0,13,52,5,1,0.5
10.77847212665258,106.69389510879644,28,41,1.0,13,52,5,1,0.6829
10.796057790235078,106.67492629345334,22,34,1.0,13,52,5,1,0.6471
10.8352982156415,106.72935479345392,34,42,0.998195,13,52,5,1,0.8095
10.777562007197462,106.7041335430398,18,30,1.0,13,53,5,1,0.6
10.83886351241477,106.67566625482782,28,36,1.0,13,53,5,1,0.7778
10.765187049751797,106.67550552599072,24,35,1.0,13,53,5,1,0.6857
10.75948437198232,106.6840537511244,16,28,1.0,13,53,5,1,0.5714
10.865229381280963,106.72366973948476,34,49,1.0,13,53,5,1,0.6939
10.72279213640514,106.72808623948244,26,37,0.999076,13,53,5,1,0.7027
10.823400120373712,106.68551227436063,23,31,1.0,13,53,5,1,0.7419
10.756158554057755,106.66631758181126,30,30,1.0,13,53,5,1,1.0
10.7144382088356,106.73711688366168,27,35,1.0,13,53,5,1,0.7714
10.817236653231737,106.63191539530456,22,34,1.0,13,53,5,1,0.6471
10.772727584493625,106.69804225297564,14,24,0.999366,13,56,5,1,0.5833
10.774028664434528,106.70357076461706,20,29,1.0,13,56,5,1,0.6897
10.752616652291238,106.72509685338922,39,39,1.0,13,56,5,1,1.0
10.745754766198267,106.65326266831876,35,43,1.0,13,56,5,1,0.814
10.94927106740351,106.87196348224562,30,42,1.0,13,56,5,1,0.7143
10.78866360854368,106.695513722289,32,41,1.0,13,56,5,1,0.7805
10.801406421807084,106.7114844087968,32,41,1.0,13,56,5,1,0.7805
10.843150534972033,106.6151343241409,22,35,1.0,13,56,5,1,0.6286
10.880537767027526,106.81481342866444,42,53,1.0,13,56,5,1,0.7925
10.740840166521664,106.61899246873142,24,35,1.0,13,56,5,1,0.6857
10.798986343749618,106.7269705664684,45,45,1.0,13,56,5,1,1.0
10.741860769464234,106.73790365482628,39,44,1.0,13,56,5,1,0.8864
10.752408891679814,106.7022703818112,23,34,1.0,13,56,5,1,0.6765
10.786216596454729,106.71836665482697,40,40,1.0,13,56,5,1,1.0
10.78948793356203,106.7151883818118,36,36,1.0,13,56,5,1,1.0
10.80223925742187,106.6478722259914,31,41,1.0,13,56,5,1,0.7561
10.813928881466124,106.66511432455972,22,34,1.0,13,57,5,1,0.6471
10.755608615763382,106.67347943578082,18,28,1.0,13,57,5,1,0.6429
10.782680856341084,106.70051548181168,18,30,1.0,13,57,5,1,0.6
10.754895139302109,106.67839188181134,22,32,1.0,13,57,5,1,0.6875
10.785070445194592,106.68331340921324,14,27,1.0,13,57,5,1,0.5185
10.7549373008113,106.67848844133415,22,32,1.0,13,57,5,1,0.6875
10.77898143649726,106.67684447140958,20,34,1.0,13,57,5,1,0.5882
10.7671128283867,106.6927618222887,12,19,1.0,13,57,5,1,0.6316
10.77847212665258,106.69389510879644,28,41,1.0,13,57,5,1,0.6829
10.796057790235078,106.67492629345334,22,34,0.998691,13,57,5,1,0.6471
10.8352982156415,106.72935479345392,33,42,0.998195,13,57,5,1,0.7857
10.777562007197462,106.7041335430398,18,30,1.0,13,57,5,1,0.6
10.83886351241477,106.67566625482782,26,36,1.0,13,57,5,1,0.7222
10.765187049751797,106.67550552599072,26,36,1.0,13,57,5,1,0.7222
10.75948437198232,106.6840537511244,18,27,1.0,13,58,5,1,0.6667
10.865229381280963,106.72366973948476,34,49,1.0,13,58,5,1,0.6939
10.72279213640514,106.72808623948244,27,37,0.997777,13,58,5,1,0.7297
10.823400120373712,106.68551227436063,25,31,1.0,13,58,5,1,0.8065
10.756158554057755,106.66631758181126,20,29,1.0,13,58,5,1,0.6897
10.7144382088356,106.73711688366168,26,35,1.0,13,58,5,1,0.7429
10.817236653231737,106.63191539530456,22,35,1.0,13,58,5,1,0.6286
10.772727584493625,106.69804225297564,15,23,0.999366,14,0,5,1,0.6522
10.774028664434528,106.70357076461706,11,29,1.0,14,1,5,1,0.3793
10.752616652291238,106.72509685338922,39,39,1.0,14,1,5,1,1.0
10.745754766198267,106.65326266831876,35,43,1.0,14,1,5,1,0.814
10.94927106740351,106.87196348224562,27,42,1.0,14,1,5,1,0.6429
10.78866360854368,106.695513722289,33,42,1.0,14,1,5,1,0.7857
10.801406421807084,106.7114844087968,33,42,1.0,14,1,5,1,0.7857
10.843150534972033,106.6151343241409,22,34,1.0,14,1,5,1,0.6471
10.880537767027526,106.81481342866444,42,53,1.0,14,1,5,1,0.7925
10.740840166521664,106.61899246873142,24,35,1.0,14,1,5,1,0.6857
10.798986343749618,106.7269705664684,45,45,1.0,14,1,5,1,1.0
10.741860769464234,106.73790365482628,40,44,1.0,14,1,5,1,0.9091
10.752408891679814,106.7022703818112,23,34,1.0,14,1,5,1,0.6765
10.786216596454729,106.71836665482697,35,40,1.0,14,1,5,1,0.875
10.78948793356203,106.7151883818118,36,36,1.0,14,1,5,1,1.0
10.80223925742187,106.6478722259914,31,39,1.0,14,1,5,1,0.7949
10.813928881466124,106.66511432455972,25,34,1.0,14,2,5,1,0.7353
10.755608615763382,106.67347943578082,17,27,1.0,14,2,5,1,0.6296
10.782680856341084,106.70051548181168,19,30,1.0,14,2,5,1,0.6333
10.754895139302109,106.67839188181134,22,32,1.0,14,2,5,1,0.6875
10.785070445194592,106.68331340921324,14,28,1.0,14,2,5,1,0.5
10.7549373008113,106.67848844133415,22,32,1.0,14,2,5,1,0.6875
10.77898143649726,106.67684447140958,22,35,1.0,14,2,5,1,0.6286
10.7671128283867,106.6927618222887,20,20,1.0,14,2,5,1,1.0
10.77847212665258,106.69389510879644,27,41,1.0,14,2,5,1,0.6585
10.796057790235078,106.67492629345334,25,34,1.0,14,2,5,1,0.7353
10.8352982156415,106.72935479345392,34,42,0.998372,14,2,5,1,0.8095
10.777562007197462,106.7041335430398,19,30,1.0,14,2,5,1,0.6333
10.83886351241477,106.67566625482782,26,36,1.0,14,2,5,1,0.7222
10.765187049751797,106.67550552599072,19,35,1.0,14,2,5,1,0.5429
10.75948437198232,106.6840537511244,17,27,1.0,14,2,5,1,0.6296
10.865229381280963,106.72366973948476,34,49,1.0,14,2,5,1,0.6939
10.72279213640514,106.72808623948244,28,37,0.999485,14,3,5,1,0.7568
10.823400120373712,106.68551227436063,24,31,1.0,14,3,5,1,0.7742
10.756158554057755,106.66631758181126,18,29,1.0,14,3,5,1,0.6207
10.7144382088356,106.73711688366168,27,35,1.0,14,3,5,1,0.7714
10.817236653231737,106.63191539530456,22,35,1.0,14,3,5,1,0.6286
10.772727584493625,106.69804225297564,16,24,0.999366,14,5,5,1,0.6667
10.774028664434528,106.70357076461706,21,28,1.0,14,5,5,1,0.75
10.752616652291238,106.72509685338922,30,39,1.0,14,5,5,1,0.7692
10.745754766198267,106.65326266831876,36,43,1.0,14,5,5,1,0.8372
10.94927106740351,106.87196348224562,30,41,1.0,14,5,5,1,0.7317
10.78866360854368,106.695513722289,34,42,1.0,14,5,5,1,0.8095
10.801406421807084,106.7114844087968,34,42,1.0,14,5,5,1,0.8095
10.843150534972033,106.6151343241409,22,35,1.0,14,5,5,1,0.6286
10.880537767027526,106.81481342866444,42,53,1.0,14,5,5,1,0.7925
10.740840166521664,106.61899246873142,25,35,1.0,14,5,5,1,0.7143
10.798986343749618,106.7269705664684,45,45,1.0,14,5,5,1,1.0
10.741860769464234,106.73790365482628,39,43,1.0,14,5,5,1,0.907
10.752408891679814,106.7022703818112,23,34,1.0,14,5,5,1,0.6765
10.786216596454729,106.71836665482697,40,40,1.0,14,5,5,1,1.0
10.78948793356203,106.7151883818118,36,36,1.0,14,5,5,1,1.0
10.80223925742187,106.6478722259914,29,40,1.0,14,6,5,1,0.725
10.813928881466124,106.66511432455972,22,34,0.999713,14,6,5,1,0.6471
10.755608615763382,106.67347943578082,17,28,1.0,14,6,5,1,0.6071
10.782680856341084,106.70051548181168,18,30,1.0,14,6,5,1,0.6
10.754895139302109,106.67839188181134,22,32,1.0,14,6,5,1,0.6875
10.785070445194592,106.68331340921324,15,27,1.0,14,6,5,1,0.5556
10.7549373008113,106.67848844133415,22,32,1.0,14,6,5,1,0.6875
10.77898143649726,106.67684447140958,21,34,1.0,14,6,5,1,0.6176
10.7671128283867,106.6927618222887,13,19,1.0,14,6,5,1,0.6842
10.77847212665258,106.69389510879644,28,41,1.0,14,7,5,1,0.6829
10.796057790235078,106.67492629345334,22,33,0.998691,14,7,5,1,0.6667
10.8352982156415,106.72935479345392,34,42,0.997658,14,7,5,1,0.8095
10.777562007197462,106.7041335430398,18,30,1.0,14,7,5,1,0.6
10.83886351241477,106.67566625482782,29,36,1.0,14,7,5,1,0.8056
10.765187049751797,106.67550552599072,22,35,1.0,14,7,5,1,0.6286
10.75948437198232,106.6840537511244,18,26,1.0,14,7,5,1,0.6923
10.865229381280963,106.72366973948476,34,49,1.0,14,7,5,1,0.6939
10.72279213640514,106.72808623948244,28,37,0.999277,14,7,5,1,0.7568
10.823400120373712,106.68551227436063,20,31,1.0,14,7,5,1,0.6452
10.756158554057755,106.66631758181126,22,29,1.0,14,7,5,1,0.7586
10.7144382088356,106.73711688366168,26,35,1.0,14,7,5,1,0.7429
10.817236653231737,106.63191539530456,22,35,1.0,14,7,5,1,0.6286
10.772727584493625,106.69804225297564,15,24,0.998732,14,9,5,1,0.625
10.774028664434528,106.70357076461706,19,27,1.0,14,9,5,1,0.7037
10.752616652291238,106.72509685338922,39,39,1.0,14,9,5,1,1.0
10.745754766198267,106.65326266831876,37,42,1.0,14,9,5,1,0.881
10.94927106740351,106.87196348224562,32,42,1.0,14,9,5,1,0.7619
10.78866360854368,106.695513722289,33,42,1.0,14,9,5,1,0.7857
10.801406421807084,106.7114844087968,33,42,1.0,14,10,5,1,0.7857
10.843150534972033,106.6151343241409,21,35,1.0,14,10,5,1,0.6
10.880537767027526,106.81481342866444,44,53,1.0,14,10,5,1,0.8302
10.740840166521664,106.61899246873142,25,35,1.0,14,10,5,1,0.7143
10.798986343749618,106.7269705664684,45,45,1.0,14,10,5,1,1.0
10.741860769464234,106.73790365482628,45,45,1.0,14,10,5,1,1.0
10.752408891679814,106.7022703818112,23,33,1.0,14,10,5,1,0.697
10.786216596454729,106.71836665482697,40,40,1.0,14,10,5,1,1.0
10.78948793356203,106.7151883818118,36,36,1.0,14,10,5,1,1.0
10.80223925742187,106.6478722259914,27,41,1.0,14,10,5,1,0.6585
10.813928881466124,106.66511432455972,21,33,1.0,14,10,5,1,0.6364
10.755608615763382,106.67347943578082,19,28,1.0,14,10,5,1,0.6786
10.782680856341084,106.70051548181168,19,30,1.0,14,10,5,1,0.6333
10.754895139302109,106.67839188181134,22,33,1.0,14,10,5,1,0.6667
10.785070445194592,106.68331340921324,14,27,1.0,14,10,5,1,0.5185
10.7549373008113,106.67848844133415,22,33,1.0,14,10,5,1,0.6667
10.77898143649726,106.67684447140958,22,34,1.0,14,10,5,1,0.6471
10.7671128283867,106.6927618222887,13,20,1.0,14,10,5,1,0.65
10.77847212665258,106.69389510879644,28,41,1.0,14,10,5,1,0.6829
10.796057790235078,106.67492629345334,21,33,1.0,14,10,5,1,0.6364
10.8352982156415,106.72935479345392,33,42,0.998019,14,10,5,1,0.7857
10.777562007197462,106.7041335430398,19,30,1.0,14,11,5,1,0.6333
10.83886351241477,106.67566625482782,36,36,1.0,14,11,5,1,1.0
10.765187049751797,106.67550552599072,22,36,1.0,14,11,5,1,0.6111
10.75948437198232,106.6840537511244,19,28,1.0,14,11,5,1,0.6786
10.865229381280963,106.72366973948476,35,49,1.0,14,11,5,1,0.7143
10.72279213640514,106.72808623948244,27,37,0.998476,14,11,5,1,0.7297
10.823400120373712,106.68551227436063,21,31,1.0,14,11,5,1,0.6774
10.756158554057755,106.66631758181126,21,29,1.0,14,11,5,1,0.7241
10.7144382088356,106.73711688366168,26,35,1.0,14,11,5,1,0.7429
10.817236653231737,106.63191539530456,21,35,1.0,14,11,5,1,0.6
10.772727584493625,106.69804225297564,15,24,0.998732,14,13,5,1,0.625
10.774028664434528,106.70357076461706,29,29,1.0,14,13,5,1,1.0
10.752616652291238,106.72509685338922,39,39,1.0,14,13,5,1,1.0
10.745754766198267,106.65326266831876,35,43,1.0,14,13,5,1,0.814
10.94927106740351,106.87196348224562,29,42,1.0,14,13,5,1,0.6905
10.78866360854368,106.695513722289,33,41,1.0,14,13,5,1,0.8049
10.801406421807084,106.7114844087968,33,41,1.0,14,13,5,1,0.8049
10.843150534972033,106.6151343241409,22,35,1.0,14,13,5,1,0.6286
10.880537767027526,106.81481342866444,43,53,1.0,14,13,5,1,0.8113
10.740840166521664,106.61899246873142,25,35,1.0,14,13,5,1,0.7143
10.798986343749618,106.7269705664684,45,45,1.0,14,13,5,1,1.0
10.741860769464234,106.73790365482628,45,45,1.0,14,13,5,1,1.0
10.752408891679814,106.7022703818112,22,33,1.0,14,13,5,1,0.6667
10.786216596454729,106.71836665482697,40,40,1.0,14,13,5,1,1.0
10.78948793356203,106.7151883818118,29,35,1.0,14,13,5,1,0.8286
10.80223925742187,106.6478722259914,29,41,1.0,14,13,5,1,0.7073
10.813928881466124,106.66511432455972,22,33,1.0,14,13,5,1,0.6667
10.755608615763382,106.67347943578082,19,27,1.0,14,14,5,1,0.7037
10.782680856341084,106.70051548181168,18,30,1.0,14,14,5,1,0.6
10.754895139302109,106.67839188181134,23,32,1.0,14,14,5,1,0.7188
10.785070445194592,106.68331340921324,12,28,1.0,14,14,5,1,0.4286
10.7549373008113,106.67848844133415,23,32,1.0,14,14,5,1,0.7188
10.77898143649726,106.67684447140958,22,34,1.0,14,14,5,1,0.6471
10.7671128283867,106.6927618222887,20,20,1.0,14,14,5,1,1.0
10.77847212665258,106.69389510879644,28,41,1.0,14,14,5,1,0.6829
10.796057790235078,106.67492629345334,22,34,0.998577,14,14,5,1,0.6471
10.8352982156415,106.72935479345392,34,42,0.997816,14,15,5,1,0.8095
10.777562007197462,106.7041335430398,18,30,1.0,14,15,5,1,0.6
10.83886351241477,106.67566625482782,29,35,1.0,14,15,5,1,0.8286
10.765187049751797,106.67550552599072,25,36,1.0,14,15,5,1,0.6944
10.75948437198232,106.6840537511244,16,27,1.0,14,15,5,1,0.5926
10.865229381280963,106.72366973948476,34,49,1.0,14,15,5,1,0.6939
10.72279213640514,106.72808623948244,26,37,0.998601,14,15,5,1,0.7027
10.823400120373712,106.68551227436063,21,31,1.0,14,15,5,1,0.6774
10.756158554057755,106.66631758181126,21,29,1.0,14,15,5,1,0.7241
10.7144382088356,106.73711688366168,26,35,1.0,14,15,5,1,0.7429
10.817236653231737,106.63191539530456,23,35,1.0,14,15,5,1,0.6571
10.772727584493625,106.69804225297564,14,24,0.998098,14,17,5,1,0.5833
10.774028664434528,106.70357076461706,29,29,1.0,14,17,5,1,1.0
10.752616652291238,106.72509685338922,39,39,1.0,14,17,5,1,1.0
10.745754766198267,106.65326266831876,36,43,1.0,14,17,5,1,0.8372
10.94927106740351,106.87196348224562,29,42,1.0,14,17,5,1,0.6905
10.78866360854368,106.695513722289,33,42,1.0,14,17,5,1,0.7857
10.801406421807084,106.7114844087968,33,42,1.0,14,17,5,1,0.7857
10.843150534972033,106.6151343241409,22,35,1.0,14,17,5,1,0.6286
10.880537767027526,106.81481342866444,42,53,1.0,14,17,5,1,0.7925
10.740840166521664,106.61899246873142,24,35,1.0,14,17,5,1,0.6857
10.798986343749618,106.7269705664684,45,45,1.0,14,17,5,1,1.0
10.741860769464234,106.73790365482628,45,45,1.0,14,17,5,1,1.0
10.752408891679814,106.7022703818112,20,34,1.0,14,18,5,1,0.5882
10.786216596454729,106.71836665482697,40,40,1.0,14,18,5,1,1.0
10.78948793356203,106.7151883818118,36,36,1.0,14,18,5,1,1.0
10.80223925742187,106.6478722259914,27,41,1.0,14,18,5,1,0.6585
10.813928881466124,106.66511432455972,21,34,0.997734,14,18,5,1,0.6176
10.755608615763382,106.67347943578082,19,27,1.0,14,18,5,1,0.7037
10.782680856341084,106.70051548181168,19,30,1.0,14,18,5,1,0.6333
10.754895139302109,106.67839188181134,23,33,1.0,14,18,5,1,0.697
10.785070445194592,106.68331340921324,12,28,1.0,14,18,5,1,0.4286
10.7549373008113,106.67848844133415,23,33,1.0,14,18,5,1,0.697
10.77898143649726,106.67684447140958,22,34,1.0,14,18,5,1,0.6471
10.7671128283867,106.6927618222887,20,20,1.0,14,18,5,1,1.0
10.77847212665258,106.69389510879644,28,41,1.0,14,18,5,1,0.6829
10.796057790235078,106.67492629345334,21,34,0.997734,14,18,5,1,0.6176
10.8352982156415,106.72935479345392,34,42,0.99746,14,18,5,1,0.8095
10.777562007197462,106.7041335430398,19,30,1.0,14,18,5,1,0.6333
10.83886351241477,106.67566625482782,27,36,0.997413,14,18,5,1,0.75
10.765187049751797,106.67550552599072,25,35,1.0,14,18,5,1,0.7143
10.75948437198232,106.6840537511244,21,28,1.0,14,18,5,1,0.75
10.865229381280963,106.72366973948476,34,49,1.0,14,18,5,1,0.6939
10.72279213640514,106.72808623948244,27,37,0.998601,14,18,5,1,0.7297
10.823400120373712,106.68551227436063,21,31,1.0,14,18,5,1,0.6774
10.756158554057755,106.66631758181126,22,30,1.0,14,18,5,1,0.7333
10.7144382088356,106.73711688366168,26,35,1.0,14,18,5,1,0.7429
10.817236653231737,106.63191539530456,22,35,1.0,14,19,5,1,0.6286
10.772727584493625,106.69804225297564,15,24,0.998732,14,21,5,1,0.625
10.774028664434528,106.70357076461706,29,29,1.0,14,21,5,1,1.0
10.752616652291238,106.72509685338922,39,39,1.0,14,21,5,1,1.0
10.745754766198267,106.65326266831876,36,43,1.0,14,21,5,1,0.8372
10.94927106740351,106.87196348224562,28,41,1.0,14,21,5,1,0.6829
10.78866360854368,106.695513722289,33,41,1.0,14,21,5,1,0.8049
10.801406421807084,106.7114844087968,33,41,1.0,14,21,5,1,0.8049
10.843150534972033,106.6151343241409,22,35,1.0,14,21,5,1,0.6286
10.880537767027526,106.81481342866444,43,53,1.0,14,21,5,1,0.8113
10.740840166521664,106.61899246873142,25,35,1.0,14,22,5,1,0.7143
10.798986343749618,106.7269705664684,45,45,1.0,14,22,5,1,1.0
10.741860769464234,106.73790365482628,45,45,1.0,14,22,5,1,1.0
10.752408891679814,106.7022703818112,18,34,1.0,14,22,5,1,0.5294
10.786216596454729,106.71836665482697,40,40,1.0,14,22,5,1,1.0
10.78948793356203,106.7151883818118,36,36,1.0,14,22,5,1,1.0
10.80223925742187,106.6478722259914,30,39,1.0,14,22,5,1,0.7692
10.813928881466124,106.66511432455972,22,34,0.997916,14,22,5,1,0.6471
10.755608615763382,106.67347943578082,21,27,1.0,14,22,5,1,0.7778
10.782680856341084,106.70051548181168,17,30,1.0,14,22,5,1,0.5667
10.754895139302109,106.67839188181134,22,32,1.0,14,22,5,1,0.6875
10.785070445194592,106.68331340921324,11,26,1.0,14,22,5,1,0.4231
10.7549373008113,106.67848844133415,22,32,1.0,14,22,5,1,0.6875
10.77898143649726,106.67684447140958,23,34,1.0,14,22,5,1,0.6765
10.7671128283867,106.6927618222887,20,20,1.0,14,22,5,1,1.0
10.77847212665258,106.69389510879644,27,41,1.0,14,22,5,1,0.6585
10.796057790235078,106.67492629345334,22,34,0.997916,14,22,5,1,0.6471
10.8352982156415,106.72935479345392,35,43,0.997022,14,22,5,1,0.814
10.777562007197462,106.7041335430398,17,30,1.0,14,23,5,1,0.5667
10.83886351241477,106.67566625482782,27,36,1.0,14,23,5,1,0.75
10.765187049751797,106.67550552599072,23,36,1.0,14,23,5,1,0.6389
10.75948437198232,106.6840537511244,19,27,1.0,14,23,5,1,0.7037
10.865229381280963,106.72366973948476,33,49,1.0,14,23,5,1,0.6735
10.72279213640514,106.72808623948244,27,36,1.0,14,23,5,1,0.75
10.823400120373712,106.68551227436063,22,32,1.0,14,23,5,1,0.6875
10.756158554057755,106.66631758181126,21,29,1.0,14,24,5,1,0.7241
10.7144382088356,106.73711688366168,26,35,1.0,14,24,5,1,0.7429
10.817236653231737,106.63191539530456,23,35,1.0,14,24,5,1,0.6571
10.772727584493625,106.69804225297564,15,24,0.998098,14,26,5,1,0.625
10.774028664434528,106.70357076461706,22,28,1.0,14,26,5,1,0.7857
10.752616652291238,106.72509685338922,39,39,1.0,14,26,5,1,1.0
10.745754766198267,106.65326266831876,36,43,1.0,14,26,5,1,0.8372
10.94927106740351,106.87196348224562,28,41,1.0,14,26,5,1,0.6829
10.78866360854368,106.695513722289,33,42,1.0,14,26,5,1,0.7857
10.801406421807084,106.7114844087968,32,41,1.0,14,26,5,1,0.7805
10.843150534972033,106.6151343241409,23,35,1.0,14,26,5,1,0.6571
10.880537767027526,106.81481342866444,43,53,1.0,14,26,5,1,0.8113
10.740840166521664,106.61899246873142,25,35,1.0,14,26,5,1,0.7143
10.798986343749618,106.7269705664684,45,45,1.0,14,26,5,1,1.0
10.741860769464234,106.73790365482628,45,45,1.0,14,26,5,1,1.0
10.752408891679814,106.7022703818112,21,34,1.0,14,26,5,1,0.6176
10.786216596454729,106.71836665482697,40,40,1.0,14,26,5,1,1.0
10.78948793356203,106.7151883818118,36,36,1.0,14,27,5,1,1.0
10.80223925742187,106.6478722259914,29,41,1.0,14,27,5,1,0.7073
10.813928881466124,106.66511432455972,21,34,0.998692,14,27,5,1,0.6176
10.755608615763382,106.67347943578082,20,28,1.0,14,27,5,1,0.7143
10.782680856341084,106.70051548181168,18,30,1.0,14,27,5,1,0.6
10.754895139302109,106.67839188181134,22,33,1.0,14,27,5,1,0.6667
10.785070445194592,106.68331340921324,12,27,1.0,14,27,5,1,0.4444
10.7549373008113,106.67848844133415,22,33,1.0,14,27,5,1,0.6667
10.77898143649726,106.67684447140958,21,35,1.0,14,27,5,1,0.6
10.7671128283867,106.6927618222887,20,20,1.0,14,27,5,1,1.0
10.77847212665258,106.69389510879644,28,42,1.0,14,27,5,1,0.6667
10.796057790235078,106.67492629345334,21,34,0.998692,14,27,5,1,0.6176
10.8352982156415,106.72935479345392,34,42,0.99717,14,27,5,1,0.8095
10.777562007197462,106.7041335430398,18,30,1.0,14,27,5,1,0.6
10.83886351241477,106.67566625482782,27,36,1.0,14,27,5,1,0.75
10.765187049751797,106.67550552599072,26,36,1.0,14,27,5,1,0.7222
10.75948437198232,106.6840537511244,21,27,1.0,14,27,5,1,0.7778
10.865229381280963,106.72366973948476,33,49,1.0,14,27,5,1,0.6735
10.72279213640514,106.72808623948244,26,37,1.0,14,28,5,1,0.7027
10.823400120373712,106.68551227436063,22,31,1.0,14,28,5,1,0.7097
10.756158554057755,106.66631758181126,23,28,1.0,14,28,5,1,0.8214
10.7144382088356,106.73711688366168,25,35,1.0,14,28,5,1,0.7143
10.817236653231737,106.63191539530456,22,35,1.0,14,28,5,1,0.6286
10.772727584493625,106.69804225297564,15,23,0.998732,14,30,5,1,0.6522
10.774028664434528,106.70357076461706,23,28,1.0,14,30,5,1,0.8214
10.752616652291238,106.72509685338922,39,39,1.0,14,30,5,1,1.0
10.745754766198267,106.65326266831876,42,42,1.0,14,30,5,1,1.0
10.94927106740351,106.87196348224562,31,42,1.0,14,30,5,1,0.7381
10.78866360854368,106.695513722289,33,41,1.0,14,30,5,1,0.8049
10.801406421807084,106.7114844087968,33,41,1.0,14,30,5,1,0.8049
10.843150534972033,106.6151343241409,23,35,1.0,14,30,5,1,0.6571
10.880537767027526,106.81481342866444,42,53,1.0,14,30,5,1,0.7925
10.740840166521664,106.61899246873142,24,35,1.0,14,30,5,1,0.6857
10.798986343749618,106.7269705664684,45,45,1.0,14,30,5,1,1.0
10.741860769464234,106.73790365482628,45,45,1.0,14,30,5,1,1.0
10.752408891679814,106.7022703818112,20,34,1.0,14,31,5,1,0.5882
10.786216596454729,106.71836665482697,40,40,1.0,14,31,5,1,1.0
10.78948793356203,106.7151883818118,36,36,1.0,14,31,5,1,1.0
10.80223925742187,106.6478722259914,30,41,1.0,14,31,5,1,0.7317
10.813928881466124,106.66511432455972,21,34,0.998381,14,31,5,1,0.6176
10.755608615763382,106.67347943578082,20,27,1.0,14,31,5,1,0.7407
10.782680856341084,106.70051548181168,18,30,1.0,14,31,5,1,0.6
10.754895139302109,106.67839188181134,21,33,1.0,14,31,5,1,0.6364
10.785070445194592,106.68331340921324,13,27,1.0,14,31,5,1,0.4815
10.7549373008113,106.67848844133415,21,33,1.0,14,31,5,1,0.6364
10.77898143649726,106.67684447140958,22,34,1.0,14,31,5,1,0.6471
10.7671128283867,106.6927618222887,16,20,1.0,14,31,5,1,0.8
10.77847212665258,106.69389510879644,28,41,1.0,14,31,5,1,0.6829
10.796057790235078,106.67492629345334,21,34,0.998381,14,31,5,1,0.6176
10.8352982156415,106.72935479345392,34,42,0.997296,14,31,5,1,0.8095
10.777562007197462,106.7041335430398,18,30,1.0,14,31,5,1,0.6
10.83886351241477,106.67566625482782,27,36,1.0,14,31,5,1,0.75
10.765187049751797,106.67550552599072,25,35,1.0,14,31,5,1,0.7143
10.75948437198232,106.6840537511244,20,27,1.0,14,31,5,1,0.7407
10.865229381280963,106.72366973948476,34,49,1.0,14,31,5,1,0.6939
10.72279213640514,106.72808623948244,27,37,0.999094,14,31,5,1,0.7297
10.823400120373712,106.68551227436063,23,31,1.0,14,31,5,1,0.7419
10.756158554057755,106.66631758181126,17,29,1.0,14,31,5,1,0.5862
10.7144382088356,106.73711688366168,25,35,1.0,14,31,5,1,0.7143
10.817236653231737,106.63191539530456,22,34,1.0,14,31,5,1,0.6471
10.772727584493625,106.69804225297564,14,24,0.998732,14,34,5,1,0.5833
10.774028664434528,106.70357076461706,18,28,1.0,14,34,5,1,0.6429
10.752616652291238,106.72509685338922,39,39,1.0,14,34,5,1,1.0
10.745754766198267,106.65326266831876,42,42,1.0,14,34,5,1,1.0
10.94927106740351,106.87196348224562,33,41,1.0,14,34,5,1,0.8049
10.78866360854368,106.695513722289,33,41,1.0,14,34,5,1,0.8049
10.801406421807084,106.7114844087968,33,41,1.0,14,34,5,1,0.8049
10.843150534972033,106.6151343241409,23,35,1.0,14,34,5,1,0.6571
10.880537767027526,106.81481342866444,43,54,1.0,14,34,5,1,0.7963
10.740840166521664,106.61899246873142,24,35,1.0,14,34,5,1,0.6857
10.798986343749618,106.7269705664684,45,45,1.0,14,34,5,1,1.0
10.741860769464234,106.73790365482628,45,45,1.0,14,34,5,1,1.0
10.752408891679814,106.7022703818112,19,33,1.0,14,34,5,1,0.5758
10.786216596454729,106.71836665482697,40,40,1.0,14,34,5,1,1.0
10.78948793356203,106.7151883818118,36,36,1.0,14,34,5,1,1.0
10.80223925742187,106.6478722259914,29,41,1.0,14,34,5,1,0.7073
10.813928881466124,106.66511432455972,22,33,1.0,14,34,5,1,0.6667
10.755608615763382,106.67347943578082,21,27,0.997069,14,34,5,1,0.7778
10.782680856341084,106.70051548181168,17,30,1.0,14,34,5,1,0.5667
10.754895139302109,106.67839188181134,23,33,1.0,14,34,5,1,0.697
10.785070445194592,106.68331340921324,14,27,1.0,14,34,5,1,0.5185
10.7549373008113,106.67848844133415,23,33,1.0,14,34,5,1,0.697
10.77898143649726,106.67684447140958,22,34,1.0,14,34,5,1,0.6471
10.7671128283867,106.6927618222887,16,20,1.0,14,34,5,1,0.8
10.77847212665258,106.69389510879644,28,41,1.0,14,34,5,1,0.6829
10.796057790235078,106.67492629345334,22,33,1.0,14,35,5,1,0.6667
10.8352982156415,106.72935479345392,34,42,0.996907,14,35,5,1,0.8095
10.777562007197462,106.7041335430398,17,31,1.0,14,35,5,1,0.5484
10.83886351241477,106.67566625482782,25,35,1.0,14,35,5,1,0.7143
10.765187049751797,106.67550552599072,23,36,1.0,14,35,5,1,0.6389
10.75948437198232,106.6840537511244,19,27,0.997065,14,35,5,1,0.7037
10.865229381280963,106.72366973948476,33,49,1.0,14,35,5,1,0.6735
10.72279213640514,106.72808623948244,26,37,0.999094,14,35,5,1,0.7027
10.823400120373712,106.68551227436063,22,31,1.0,14,35,5,1,0.7097
10.756158554057755,106.66631758181126,21,30,1.0,14,35,5,1,0.7
10.7144382088356,106.73711688366168,25,35,1.0,14,35,5,1,0.7143
10.817236653231737,106.63191539530456,23,35,1.0,14,35,5,1,0.6571
10.772727584493625,106.69804225297564,13,23,0.998732,14,37,5,1,0.5652
10.774028664434528,106.70357076461706,23,28,1.0,14,37,5,1,0.8214
10.752616652291238,106.72509685338922,39,39,1.0,14,37,5,1,1.0
10.745754766198267,106.65326266831876,36,43,1.0,14,37,5,1,0.8372
10.94927106740351,106.87196348224562,29,41,1.0,14,37,5,1,0.7073
10.78866360854368,106.695513722289,31,41,1.0,14,37,5,1,0.7561
10.801406421807084,106.7114844087968,31,41,1.0,14,37,5,1,0.7561
10.843150534972033,106.6151343241409,24,35,1.0,14,37,5,1,0.6857
10.880537767027526,106.81481342866444,42,54,1.0,14,37,5,1,0.7778
10.740840166521664,106.61899246873142,25,35,1.0,14,37,5,1,0.7143
10.798986343749618,106.7269705664684,45,45,1.0,14,38,5,1,1.0
10.741860769464234,106.73790365482628,45,45,1.0,14,38,5,1,1.0
10.752408891679814,106.7022703818112,21,34,1.0,14,38,5,1,0.6176
10.786216596454729,106.71836665482697,40,40,1.0,14,38,5,1,1.0
10.78948793356203,106.7151883818118,36,36,1.0,14,38,5,1,1.0
10.80223925742187,106.6478722259914,29,41,1.0,14,38,5,1,0.7073
10.813928881466124,106.66511432455972,21,34,0.999138,14,38,5,1,0.6176
10.755608615763382,106.67347943578082,20,26,1.0,14,38,5,1,0.7692
10.782680856341084,106.70051548181168,17,30,1.0,14,38,5,1,0.5667
10.754895139302109,106.67839188181134,21,32,1.0,14,38,5,1,0.6562
10.785070445194592,106.68331340921324,15,28,1.0,14,38,5,1,0.5357
10.7549373008113,106.67848844133415,21,32,1.0,14,38,5,1,0.6562
10.77898143649726,106.67684447140958,22,34,1.0,14,38,5,1,0.6471
10.7671128283867,106.6927618222887,15,20,1.0,14,38,5,1,0.75
10.77847212665258,106.69389510879644,28,41,1.0,14,38,5,1,0.6829
10.796057790235078,106.67492629345334,21,34,0.999138,14,38,5,1,0.6176
10.8352982156415,106.72935479345392,33,42,0.995429,14,38,5,1,0.7857
10.777562007197462,106.7041335430398,17,30,1.0,14,38,5,1,0.5667
10.83886351241477,106.67566625482782,29,36,1.0,14,38,5,1,0.8056
10.765187049751797,106.67550552599072,23,35,1.0,14,38,5,1,0.6571
10.75948437198232,106.6840537511244,20,26,1.0,14,39,5,1,0.7692
10.865229381280963,106.72366973948476,35,49,1.0,14,39,5,1,0.7143
10.72279213640514,106.72808623948244,26,37,0.999094,14,39,5,1,0.7027
10.823400120373712,106.68551227436063,23,31,1.0,14,39,5,1,0.7419
10.756158554057755,106.66631758181126,22,29,1.0,14,39,5,1,0.7586
10.7144382088356,106.73711688366168,25,35,1.0,14,39,5,1,0.7143
10.817236653231737,106.63191539530456,23,35,1.0,14,39,5,1,0.6571
10.772727584493625,106.69804225297564,16,24,0.998732,14,41,5,1,0.6667
10.774028664434528,106.70357076461706,21,29,1.0,14,41,5,1,0.7241
10.752616652291238,106.72509685338922,39,39,1.0,14,41,5,1,1.0
10.745754766198267,106.65326266831876,35,42,1.0,14,41,5,1,0.8333
10.94927106740351,106.87196348224562,31,41,1.0,14,41,5,1,0.7561
10.78866360854368,106.695513722289,31,42,1.0,14,41,5,1,0.7381
10.801406421807084,106.7114844087968,31,42,1.0,14,41,5,1,0.7381
10.843150534972033,106.6151343241409,22,35,1.0,14,41,5,1,0.6286
10.880537767027526,106.81481342866444,39,53,1.0,14,41,5,1,0.7358
10.740840166521664,106.61899246873142,26,35,1.0,14,42,5,1,0.7429
10.798986343749618,106.7269705664684,45,45,1.0,14,42,5,1,1.0
10.741860769464234,106.73790365482628,45,45,1.0,14,42,5,1,1.0
10.752408891679814,106.7022703818112,21,33,1.0,14,42,5,1,0.6364
10.786216596454729,106.71836665482697,40,40,1.0,14,42,5,1,1.0
10.78948793356203,106.7151883818118,36,36,1.0,14,42,5,1,1.0
10.80223925742187,106.6478722259914,29,41,1.0,14,42,5,1,0.7073
10.813928881466124,106.66511432455972,22,34,0.998494,14,42,5,1,0.6471
10.755608615763382,106.67347943578082,19,28,1.0,14,42,5,1,0.6786
10.782680856341084,106.70051548181168,18,31,1.0,14,42,5,1,0.5806
10.754895139302109,106.67839188181134,22,32,1.0,14,42,5,1,0.6875
10.785070445194592,106.68331340921324,16,27,1.0,14,42,5,1,0.5926
10.7549373008113,106.67848844133415,22,33,1.0,14,42,5,1,0.6667
10.77898143649726,106.67684447140958,22,34,1.0,14,42,5,1,0.6471
10.7671128283867,106.6927618222887,16,20,1.0,14,42,5,1,0.8
10.77847212665258,106.69389510879644,27,42,1.0,14,42,5,1,0.6429
10.796057790235078,106.67492629345334,24,34,0.997915,14,42,5,1,0.7059
10.8352982156415,106.72935479345392,35,42,0.99601,14,42,5,1,0.8333
10.777562007197462,106.7041335430398,16,30,1.0,14,42,5,1,0.5333
10.83886351241477,106.67566625482782,27,36,1.0,14,42,5,1,0.75
10.765187049751797,106.67550552599072,27,36,1.0,14,42,5,1,0.75
10.75948437198232,106.6840537511244,20,27,1.0,14,42,5,1,0.7407
10.865229381280963,106.72366973948476,34,49,1.0,14,43,5,1,0.6939
10.72279213640514,106.72808623948244,27,37,0.998476,14,43,5,1,0.7297
10.823400120373712,106.68551227436063,22,32,1.0,14,43,5,1,0.6875
10.756158554057755,106.66631758181126,23,30,1.0,14,43,5,1,0.7667
10.7144382088356,106.73711688366168,25,35,1.0,14,43,5,1,0.7143
10.817236653231737,106.63191539530456,22,35,1.0,14,43,5,1,0.6286
10.772727584493625,106.69804225297564,15,23,0.998732,14,45,5,1,0.6522
10.774028664434528,106.70357076461706,20,28,1.0,14,45,5,1,0.7143
10.752616652291238,106.72509685338922,39,39,1.0,14,45,5,1,1.0
10.745754766198267,106.65326266831876,35,43,1.0,14,45,5,1,0.814
10.94927106740351,106.87196348224562,31,41,1.0,14,45,5,1,0.7561
10.78866360854368,106.695513722289,32,42,1.0,14,45,5,1,0.7619
10.801406421807084,106.7114844087968,32,42,1.0,14,45,5,1,0.7619
10.843150534972033,106.6151343241409,21,35,1.0,14,45,5,1,0.6
10.880537767027526,106.81481342866444,41,53,1.0,14,45,5,1,0.7736
10.740840166521664,106.61899246873142,25,35,1.0,14,45,5,1,0.7143
10.798986343749618,106.7269705664684,45,45,1.0,14,45,5,1,1.0
10.741860769464234,106.73790365482628,45,45,1.0,14,46,5,1,1.0
10.752408891679814,106.7022703818112,21,34,1.0,14,46,5,1,0.6176
10.786216596454729,106.71836665482697,40,40,1.0,14,46,5,1,1.0
10.78948793356203,106.7151883818118,36,36,1.0,14,46,5,1,1.0
10.80223925742187,106.6478722259914,28,40,1.0,14,46,5,1,0.7
10.813928881466124,106.66511432455972,22,34,1.0,14,46,5,1,0.6471
10.755608615763382,106.67347943578082,18,27,0.998954,14,46,5,1,0.6667
10.782680856341084,106.70051548181168,17,30,1.0,14,46,5,1,0.5667
10.754895139302109,106.67839188181134,23,32,1.0,14,46,5,1,0.7188
10.785070445194592,106.68331340921324,15,28,1.0,14,46,5,1,0.5357
10.7549373008113,106.67848844133415,23,32,1.0,14,46,5,1,0.7188
10.77898143649726,106.67684447140958,22,35,1.0,14,46,5,1,0.6286
10.7671128283867,106.6927618222887,14,20,1.0,14,46,5,1,0.7
10.77847212665258,106.69389510879644,28,41,1.0,14,46,5,1,0.6829
10.796057790235078,106.67492629345334,21,33,0.998667,14,46,5,1,0.6364
10.8352982156415,106.72935479345392,35,42,0.989312,14,46,5,1,0.8333
10.777562007197462,106.7041335430398,17,30,1.0,14,46,5,1,0.5667
10.83886351241477,106.67566625482782,28,36,1.0,14,46,5,1,0.7778
10.765187049751797,106.67550552599072,25,36,1.0,14,46,5,1,0.6944
10.75948437198232,106.6840537511244,21,28,1.0,14,46,5,1,0.75
10.865229381280963,106.72366973948476,33,49,1.0,14,47,5,1,0.6735
10.72279213640514,106.72808623948244,25,37,0.999301,14,47,5,1,0.6757
10.823400120373712,106.68551227436063,23,32,1.0,14,47,5,1,0.7188
10.756158554057755,106.66631758181126,20,29,1.0,14,47,5,1,0.6897
10.7144382088356,106.73711688366168,25,35,1.0,14,47,5,1,0.7143
10.817236653231737,106.63191539530456,22,35,1.0,14,47,5,1,0.6286
10.772727584493625,106.69804225297564,13,23,0.998765,14,49,5,1,0.5652
10.774028664434528,106.70357076461706,18,28,1.0,14,49,5,1,0.6429
10.752616652291238,106.72509685338922,39,39,1.0,14,49,5,1,1.0
10.745754766198267,106.65326266831876,36,43,1.0,14,49,5,1,0.8372
10.94927106740351,106.87196348224562,35,42,1.0,14,49,5,1,0.8333
10.78866360854368,106.695513722289,32,42,1.0,14,49,5,1,0.7619
10.801406421807084,106.7114844087968,32,42,1.0,14,49,5,1,0.7619
10.843150534972033,106.6151343241409,23,35,1.0,14,49,5,1,0.6571
10.880537767027526,106.81481342866444,41,53,1.0,14,49,5,1,0.7736
10.740840166521664,106.61899246873142,24,35,1.0,14,49,5,1,0.6857
10.798986343749618,106.7269705664684,45,45,1.0,14,49,5,1,1.0
10.741860769464234,106.73790365482628,45,45,1.0,14,49,5,1,1.0
10.752408891679814,106.7022703818112,20,34,1.0,14,49,5,1,0.5882
10.786216596454729,106.71836665482697,40,40,1.0,14,49,5,1,1.0
10.78948793356203,106.7151883818118,36,36,1.0,14,50,5,1,1.0
10.80223925742187,106.6478722259914,28,41,1.0,14,50,5,1,0.6829
10.813928881466124,106.66511432455972,21,34,0.998955,14,50,5,1,0.6176
10.755608615763382,106.67347943578082,21,27,1.0,14,50,5,1,0.7778
10.782680856341084,106.70051548181168,18,30,1.0,14,50,5,1,0.6
10.754895139302109,106.67839188181134,22,32,1.0,14,50,5,1,0.6875
10.785070445194592,106.68331340921324,16,27,1.0,14,50,5,1,0.5926
10.7549373008113,106.67848844133415,22,32,1.0,14,50,5,1,0.6875
10.77898143649726,106.67684447140958,21,34,1.0,14,50,5,1,0.6176
10.7671128283867,106.6927618222887,20,20,1.0,14,50,5,1,1.0
10.77847212665258,106.69389510879644,28,41,1.0,14,50,5,1,0.6829
10.796057790235078,106.67492629345334,21,34,0.998818,14,50,5,1,0.6176
10.8352982156415,106.72935479345392,35,42,0.994829,14,50,5,1,0.8333
10.777562007197462,106.7041335430398,19,30,1.0,14,51,5,1,0.6333
10.83886351241477,106.67566625482782,28,36,1.0,14,51,5,1,0.7778
10.765187049751797,106.67550552599072,25,36,1.0,14,51,5,1,0.6944
10.75948437198232,106.6840537511244,21,27,1.0,14,51,5,1,0.7778
10.865229381280963,106.72366973948476,34,49,1.0,14,51,5,1,0.6939
10.72279213640514,106.72808623948244,26,37,1.0,14,51,5,1,0.7027
10.823400120373712,106.68551227436063,22,31,1.0,14,51,5,1,0.7097
10.756158554057755,106.66631758181126,18,29,1.0,14,51,5,1,0.6207
10.7144382088356,106.73711688366168,23,35,1.0,14,51,5,1,0.6571
10.817236653231737,106.63191539530456,22,35,1.0,14,51,5,1,0.6286
10.772727584493625,106.69804225297564,13,24,1.0,14,53,5,1,0.5417
10.774028664434528,106.70357076461706,23,28,1.0,14,53,5,1,0.8214
10.752616652291238,106.72509685338922,32,39,1.0,14,53,5,1,0.8205
10.745754766198267,106.65326266831876,38,43,1.0,14,53,5,1,0.8837
10.94927106740351,106.87196348224562,25,41,1.0,14,53,5,1,0.6098
10.78866360854368,106.695513722289,32,41,1.0,14,53,5,1,0.7805
10.801406421807084,106.7114844087968,32,41,1.0,14,53,5,1,0.7805
10.843150534972033,106.6151343241409,23,35,1.0,14,53,5,1,0.6571
10.880537767027526,106.81481342866444,40,53,1.0,14,53,5,1,0.7547
10.740840166521664,106.61899246873142,26,35,1.0,14,53,5,1,0.7429
10.798986343749618,106.7269705664684,45,45,1.0,14,54,5,1,1.0
10.741860769464234,106.73790365482628,45,45,1.0,14,54,5,1,1.0
10.752408891679814,106.7022703818112,21,34,1.0,14,54,5,1,0.6176
10.786216596454729,106.71836665482697,40,40,1.0,14,54,5,1,1.0
10.78948793356203,106.7151883818118,36,36,1.0,14,54,5,1,1.0
10.80223925742187,106.6478722259914,26,41,1.0,14,54,5,1,0.6341
10.813928881466124,106.66511432455972,20,34,0.999713,14,54,5,1,0.5882
10.755608615763382,106.67347943578082,20,28,1.0,14,54,5,1,0.7143
10.782680856341084,106.70051548181168,19,30,1.0,14,54,5,1,0.6333
10.754895139302109,106.67839188181134,22,32,1.0,14,54,5,1,0.6875
10.785070445194592,106.68331340921324,13,27,1.0,14,54,5,1,0.4815
10.7549373008113,106.67848844133415,22,32,1.0,14,54,5,1,0.6875
10.77898143649726,106.67684447140958,22,34,1.0,14,54,5,1,0.6471
10.7671128283867,106.6927618222887,20,20,1.0,14,54,5,1,1.0
10.77847212665258,106.69389510879644,28,42,1.0,14,55,5,1,0.6667
10.796057790235078,106.67492629345334,20,33,1.0,14,55,5,1,0.6061
10.8352982156415,106.72935479345392,35,42,0.996406,14,55,5,1,0.8333
10.777562007197462,106.7041335430398,17,30,1.0,14,55,5,1,0.5667
10.83886351241477,106.67566625482782,27,36,1.0,14,55,5,1,0.75
10.765187049751797,106.67550552599072,25,35,1.0,14,55,5,1,0.7143
10.75948437198232,106.6840537511244,22,28,1.0,14,55,5,1,0.7857
10.865229381280963,106.72366973948476,34,49,1.0,14,55,5,1,0.6939
10.72279213640514,106.72808623948244,25,37,0.999301,14,55,5,1,0.6757
10.823400120373712,106.68551227436063,24,31,1.0,14,55,5,1,0.7742
10.756158554057755,106.66631758181126,20,28,1.0,14,55,5,1,0.7143
10.7144382088356,106.73711688366168,25,35,1.0,14,55,5,1,0.7143
10.817236653231737,106.63191539530456,23,35,1.0,14,55,5,1,0.6571
10.772727584493625,106.69804225297564,16,24,1.0,14,58,5,1,0.6667
10.774028664434528,106.70357076461706,22,28,1.0,14,58,5,1,0.7857
10.752616652291238,106.72509685338922,39,39,1.0,14,58,5,1,1.0
10.745754766198267,106.65326266831876,35,43,1.0,14,58,5,1,0.814
10.94927106740351,106.87196348224562,29,41,1.0,14,58,5,1,0.7073
10.78866360854368,106.695513722289,31,42,1.0,14,58,5,1,0.7381
10.801406421807084,106.7114844087968,31,42,1.0,14,58,5,1,0.7381
10.843150534972033,106.6151343241409,23,34,1.0,14,58,5,1,0.6765
10.880537767027526,106.81481342866444,41,53,1.0,14,58,5,1,0.7736
10.740840166521664,106.61899246873142,27,35,1.0,14,58,5,1,0.7714
10.798986343749618,106.7269705664684,45,45,1.0,14,58,5,1,1.0
10.741860769464234,106.73790365482628,45,45,1.0,14,58,5,1,1.0
10.752408891679814,106.7022703818112,23,34,1.0,14,58,5,1,0.6765
10.786216596454729,106.71836665482697,40,40,1.0,14,58,5,1,1.0
10.78948793356203,106.7151883818118,36,36,1.0,14,59,5,1,1.0
10.80223925742187,106.6478722259914,28,41,1.0,14,59,5,1,0.6829
10.813928881466124,106.66511432455972,21,34,1.0,14,59,5,1,0.6176
10.755608615763382,106.67347943578082,18,27,0.998947,14,59,5,1,0.6667
10.782680856341084,106.70051548181168,19,30,1.0,14,59,5,1,0.6333
10.754895139302109,106.67839188181134,20,32,1.0,14,59,5,1,0.625
10.785070445194592,106.68331340921324,15,27,1.0,14,59,5,1,0.5556
10.7549373008113,106.67848844133415,20,33,1.0,14,59,5,1,0.6061
10.77898143649726,106.67684447140958,22,34,1.0,14,59,5,1,0.6471
10.7671128283867,106.6927618222887,12,20,1.0,14,59,5,1,0.6
10.77847212665258,106.69389510879644,28,41,1.0,14,59,5,1,0.6829
10.796057790235078,106.67492629345334,21,34,0.999523,14,59,5,1,0.6176
10.8352982156415,106.72935479345392,35,42,0.996217,14,59,5,1,0.8333
10.777562007197462,106.7041335430398,18,30,1.0,14,59,5,1,0.6
10.83886351241477,106.67566625482782,27,36,1.0,15,0,5,1,0.75
10.765187049751797,106.67550552599072,25,35,1.0,15,0,5,1,0.7143
10.75948437198232,106.6840537511244,18,27,0.998947,15,0,5,1,0.6667
10.865229381280963,106.72366973948476,34,49,1.0,15,0,5,1,0.6939
10.72279213640514,106.72808623948244,25,37,1.0,15,0,5,1,0.6757
10.823400120373712,106.68551227436063,26,32,1.0,15,0,5,1,0.8125
10.756158554057755,106.66631758181126,21,29,1.0,15,0,5,1,0.7241
10.7144382088356,106.73711688366168,25,35,1.0,15,0,5,1,0.7143
10.817236653231737,106.63191539530456,21,35,1.0,15,0,5,1,0.6
10.772727584493625,106.69804225297564,14,25,1.0,15,2,5,1,0.56
10.774028664434528,106.70357076461706,21,28,1.0,15,2,5,1,0.75
10.752616652291238,106.72509685338922,33,38,1.0,15,2,5,1,0.8684
10.745754766198267,106.65326266831876,33,43,1.0,15,2,5,1,0.7674
10.94927106740351,106.87196348224562,34,42,1.0,15,2,5,1,0.8095
10.78866360854368,106.695513722289,32,42,1.0,15,2,5,1,0.7619
10.801406421807084,106.7114844087968,32,42,1.0,15,2,5,1,0.7619
10.843150534972033,106.6151343241409,21,35,1.0,15,3,5,1,0.6
10.880537767027526,106.81481342866444,41,53,1.0,15,3,5,1,0.7736
10.740840166521664,106.61899246873142,27,35,1.0,15,3,5,1,0.7714
10.798986343749618,106.7269705664684,45,45,1.0,15,3,5,1,1.0
10.741860769464234,106.73790365482628,45,45,1.0,15,3,5,1,1.0
10.752408891679814,106.7022703818112,23,34,1.0,15,3,5,1,0.6765
10.786216596454729,106.71836665482697,40,40,1.0,15,3,5,1,1.0
10.78948793356203,106.7151883818118,36,36,1.0,15,3,5,1,1.0
10.80223925742187,106.6478722259914,29,40,1.0,15,3,5,1,0.725
10.813928881466124,106.66511432455972,21,34,0.998755,15,3,5,1,0.6176
10.755608615763382,106.67347943578082,20,27,0.998947,15,3,5,1,0.7407
10.782680856341084,106.70051548181168,19,30,1.0,15,3,5,1,0.6333
10.754895139302109,106.67839188181134,21,32,1.0,15,3,5,1,0.6562
10.785070445194592,106.68331340921324,14,28,1.0,15,3,5,1,0.5
10.7549373008113,106.67848844133415,21,32,1.0,15,3,5,1,0.6562
10.77898143649726,106.67684447140958,23,34,1.0,15,4,5,1,0.6765
10.7671128283867,106.6927618222887,15,19,1.0,15,4,5,1,0.7895
10.77847212665258,106.69389510879644,28,42,1.0,15,4,5,1,0.6667
10.796057790235078,106.67492629345334,21,34,0.998755,15,4,5,1,0.6176
10.8352982156415,106.72935479345392,34,42,0.997113,15,4,5,1,0.8095
10.777562007197462,106.7041335430398,19,30,1.0,15,4,5,1,0.6333
10.83886351241477,106.67566625482782,26,36,1.0,15,4,5,1,0.7222
10.765187049751797,106.67550552599072,23,35,1.0,15,4,5,1,0.6571
10.75948437198232,106.6840537511244,21,28,1.0,15,4,5,1,0.75
10.865229381280963,106.72366973948476,34,49,1.0,15,4,5,1,0.6939
10.72279213640514,106.72808623948244,25,37,0.998918,15,4,5,1,0.6757
10.823400120373712,106.68551227436063,22,32,1.0,15,4,5,1,0.6875
10.756158554057755,106.66631758181126,20,29,1.0,15,4,5,1,0.6897
10.7144382088356,106.73711688366168,24,35,1.0,15,4,5,1,0.6857
10.817236653231737,106.63191539530456,22,35,1.0,15,4,5,1,0.6286
10.772727584493625,106.69804225297564,12,24,1.0,15,6,5,1,0.5
10.774028664434528,106.70357076461706,7,27,1.0,15,6,5,1,0.2593
10.752616652291238,106.72509685338922,38,43,1.0,15,6,5,1,0.8837
10.745754766198267,106.65326266831876,33,43,1.0,15,6,5,1,0.7674
10.94927106740351,106.87196348224562,42,42,1.0,15,6,5,1,1.0
10.78866360854368,106.695513722289,33,42,1.0,15,7,5,1,0.7857
10.801406421807084,106.7114844087968,33,42,1.0,15,7,5,1,0.7857
10.843150534972033,106.6151343241409,23,35,1.0,15,7,5,1,0.6571
10.880537767027526,106.81481342866444,40,53,1.0,15,7,5,1,0.7547
10.740840166521664,106.61899246873142,25,35,1.0,15,7,5,1,0.7143
10.798986343749618,106.7269705664684,45,45,1.0,15,7,5,1,1.0
10.741860769464234,106.73790365482628,45,45,1.0,15,7,5,1,1.0
10.752408891679814,106.7022703818112,23,34,1.0,15,7,5,1,0.6765
10.786216596454729,106.71836665482697,40,40,1.0,15,7,5,1,1.0
10.78948793356203,106.7151883818118,36,36,1.0,15,7,5,1,1.0
10.80223925742187,106.6478722259914,27,41,1.0,15,7,5,1,0.6585
10.813928881466124,106.66511432455972,22,34,0.998954,15,7,5,1,0.6471
10.755608615763382,106.67347943578082,18,27,1.0,15,7,5,1,0.6667
10.782680856341084,106.70051548181168,19,30,1.0,15,7,5,1,0.6333
10.754895139302109,106.67839188181134,22,32,1.0,15,7,5,1,0.6875
10.785070445194592,106.68331340921324,13,27,1.0,15,7,5,1,0.4815
10.7549373008113,106.67848844133415,22,32,1.0,15,7,5,1,0.6875
10.77898143649726,106.67684447140958,21,34,1.0,15,7,5,1,0.6176
10.7671128283867,106.6927618222887,20,20,1.0,15,7,5,1,1.0
10.77847212665258,106.69389510879644,28,42,1.0,15,7,5,1,0.6667
10.796057790235078,106.67492629345334,22,34,0.998954,15,7,5,1,0.6471
10.8352982156415,106.72935479345392,34,42,0.997288,15,7,5,1,0.8095
10.777562007197462,106.7041335430398,19,30,1.0,15,7,5,1,0.6333
10.83886351241477,106.67566625482782,26,36,1.0,15,7,5,1,0.7222
10.765187049751797,106.67550552599072,26,35,1.0,15,7,5,1,0.7429
10.75948437198232,106.6840537511244,18,27,1.0,15,8,5,1,0.6667
10.865229381280963,106.72366973948476,33,49,1.0,15,8,5,1,0.6735
10.72279213640514,106.72808623948244,24,37,0.998189,15,8,5,1,0.6486
10.823400120373712,106.68551227436063,20,31,1.0,15,8,5,1,0.6452
10.756158554057755,106.66631758181126,21,30,1.0,15,8,5,1,0.7
10.7144382088356,106.73711688366168,25,35,1.0,15,8,5,1,0.7143
10.817236653231737,106.63191539530456,23,35,1.0,15,8,5,1,0.6571
10.772727584493625,106.69804225297564,14,23,1.0,15,10,5,1,0.6087
10.774028664434528,106.70357076461706,18,28,1.0,15,10,5,1,0.6429
10.752616652291238,106.72509685338922,27,39,1.0,15,10,5,1,0.6923
10.745754766198267,106.65326266831876,36,43,1.0,15,10,5,1,0.8372
10.94927106740351,106.87196348224562,28,42,1.0,15,10,5,1,0.6667
10.78866360854368,106.695513722289,32,42,1.0,15,10,5,1,0.7619
10.801406421807084,106.7114844087968,32,42,1.0,15,10,5,1,0.7619
10.843150534972033,106.6151343241409,23,35,1.0,15,11,5,1,0.6571
10.880537767027526,106.81481342866444,42,53,1.0,15,11,5,1,0.7925
10.740840166521664,106.61899246873142,26,35,1.0,15,11,5,1,0.7429
10.798986343749618,106.7269705664684,45,45,1.0,15,11,5,1,1.0
10.741860769464234,106.73790365482628,45,45,1.0,15,11,5,1,1.0
10.752408891679814,106.7022703818112,24,33,1.0,15,11,5,1,0.7273
10.786216596454729,106.71836665482697,40,40,1.0,15,11,5,1,1.0
10.78948793356203,106.7151883818118,36,36,1.0,15,11,5,1,1.0
10.80223925742187,106.6478722259914,26,40,1.0,15,11,5,1,0.65
10.813928881466124,106.66511432455972,21,34,0.998956,15,11,5,1,0.6176
10.755608615763382,106.67347943578082,14,28,0.996852,15,11,5,1,0.5
10.782680856341084,106.70051548181168,17,30,1.0,15,11,5,1,0.5667
10.754895139302109,106.67839188181134,22,32,1.0,15,12,5,1,0.6875
10.785070445194592,106.68331340921324,13,27,1.0,15,12,5,1,0.4815
10.7549373008113,106.67848844133415,22,32,1.0,15,12,5,1,0.6875
10.77898143649726,106.67684447140958,22,35,1.0,15,12,5,1,0.6286
10.7671128283867,106.6927618222887,20,20,1.0,15,12,5,1,1.0
10.77847212665258,106.69389510879644,27,41,1.0,15,12,5,1,0.6585
10.796057790235078,106.67492629345334,21,34,0.998956,15,12,5,1,0.6176
10.8352982156415,106.72935479345392,32,42,0.997813,15,12,5,1,0.7619
10.777562007197462,106.7041335430398,17,30,1.0,15,12,5,1,0.5667
10.83886351241477,106.67566625482782,26,36,1.0,15,12,5,1,0.7222
10.765187049751797,106.67550552599072,25,35,1.0,15,12,5,1,0.7143
10.75948437198232,106.6840537511244,14,28,0.996852,15,12,5,1,0.5
10.865229381280963,106.72366973948476,34,49,1.0,15,12,5,1,0.6939
10.72279213640514,106.72808623948244,25,37,1.0,15,12,5,1,0.6757
10.823400120373712,106.68551227436063,23,31,1.0,15,13,5,1,0.7419
10.756158554057755,106.66631758181126,20,29,1.0,15,13,5,1,0.6897
10.7144382088356,106.73711688366168,25,35,1.0,15,13,5,1,0.7143
10.817236653231737,106.63191539530456,23,35,1.0,15,13,5,1,0.6571
10.772727584493625,106.69804225297564,14,24,0.997276,15,15,5,1,0.5833
10.774028664434528,106.70357076461706,19,27,1.0,15,15,5,1,0.7037
10.752616652291238,106.72509685338922,38,42,1.0,15,15,5,1,0.9048
10.745754766198267,106.65326266831876,35,43,1.0,15,15,5,1,0.814
10.94927106740351,106.87196348224562,28,41,1.0,15,15,5,1,0.6829
10.78866360854368,106.695513722289,32,42,1.0,15,15,5,1,0.7619
10.801406421807084,106.7114844087968,31,41,1.0,15,15,5,1,0.7561
10.843150534972033,106.6151343241409,22,35,1.0,15,16,5,1,0.6286
10.880537767027526,106.81481342866444,43,54,1.0,15,16,5,1,0.7963
10.740840166521664,106.61899246873142,26,35,1.0,15,16,5,1,0.7429
10.798986343749618,106.7269705664684,45,45,1.0,15,16,5,1,1.0
10.741860769464234,106.73790365482628,45,45,1.0,15,16,5,1,1.0
10.752408891679814,106.7022703818112,23,34,1.0,15,16,5,1,0.6765
10.786216596454729,106.71836665482697,40,40,1.0,15,16,5,1,1.0
10.78948793356203,106.7151883818118,36,36,1.0,15,16,5,1,1.0
10.80223925742187,106.6478722259914,26,41,1.0,15,16,5,1,0.6341
10.813928881466124,106.66511432455972,22,34,0.998691,15,16,5,1,0.6471
10.755608615763382,106.67347943578082,18,27,1.0,15,16,5,1,0.6667
10.782680856341084,106.70051548181168,18,30,1.0,15,16,5,1,0.6
10.754895139302109,106.67839188181134,20,32,1.0,15,16,5,1,0.625
10.785070445194592,106.68331340921324,16,28,1.0,15,16,5,1,0.5714
10.7549373008113,106.67848844133415,20,32,1.0,15,16,5,1,0.625
10.77898143649726,106.67684447140958,22,34,1.0,15,17,5,1,0.6471
10.7671128283867,106.6927618222887,20,20,1.0,15,17,5,1,1.0
10.77847212665258,106.69389510879644,28,42,1.0,15,17,5,1,0.6667
10.796057790235078,106.67492629345334,21,34,0.998692,15,17,5,1,0.6176
10.8352982156415,106.72935479345392,34,42,0.99679,15,17,5,1,0.8095
10.777562007197462,106.7041335430398,18,30,1.0,15,17,5,1,0.6
10.83886351241477,106.67566625482782,26,36,1.0,15,17,5,1,0.7222
10.765187049751797,106.67550552599072,27,35,1.0,15,17,5,1,0.7714
10.75948437198232,106.6840537511244,19,28,0.996177,15,17,5,1,0.6786
10.865229381280963,106.72366973948476,33,49,1.0,15,17,5,1,0.6735
10.72279213640514,106.72808623948244,26,37,0.998476,15,17,5,1,0.7027
10.823400120373712,106.68551227436063,21,32,1.0,15,17,5,1,0.6562
10.756158554057755,106.66631758181126,21,29,1.0,15,17,5,1,0.7241
10.7144382088356,106.73711688366168,24,35,1.0,15,17,5,1,0.6857
10.817236653231737,106.63191539530456,23,35,1.0,15,18,5,1,0.6571
10.772727584493625,106.69804225297564,12,23,1.0,15,20,5,1,0.5217
10.774028664434528,106.70357076461706,29,29,1.0,15,20,5,1,1.0
10.752616652291238,106.72509685338922,38,42,1.0,15,20,5,1,0.9048
10.745754766198267,106.65326266831876,34,43,1.0,15,20,5,1,0.7907
10.94927106740351,106.87196348224562,29,41,1.0,15,20,5,1,0.7073
10.78866360854368,106.695513722289,32,42,1.0,15,20,5,1,0.7619
10.801406421807084,106.7114844087968,32,42,1.0,15,20,5,1,0.7619
10.843150534972033,106.6151343241409,22,35,1.0,15,20,5,1,0.6286
10.880537767027526,106.81481342866444,41,53,1.0,15,20,5,1,0.7736
10.740840166521664,106.61899246873142,25,35,1.0,15,20,5,1,0.7143
10.798986343749618,106.7269705664684,45,45,1.0,15,20,5,1,1.0
10.741860769464234,106.73790365482628,45,45,1.0,15,20,5,1,1.0
10.752408891679814,106.7022703818112,23,34,1.0,15,20,5,1,0.6765
10.786216596454729,106.71836665482697,40,40,1.0,15,20,5,1,1.0
10.78948793356203,106.7151883818118,36,36,1.0,15,20,5,1,1.0
10.80223925742187,106.6478722259914,29,41,1.0,15,20,5,1,0.7073
10.813928881466124,106.66511432455972,21,34,0.998818,15,20,5,1,0.6176
10.755608615763382,106.67347943578082,20,28,1.0,15,20,5,1,0.7143
10.782680856341084,106.70051548181168,17,30,1.0,15,20,5,1,0.5667
10.754895139302109,106.67839188181134,21,33,1.0,15,20,5,1,0.6364
10.785070445194592,106.68331340921324,13,27,1.0,15,21,5,1,0.4815
10.7549373008113,106.67848844133415,20,33,1.0,15,21,5,1,0.6061
10.77898143649726,106.67684447140958,21,34,1.0,15,21,5,1,0.6176
10.7671128283867,106.6927618222887,12,19,1.0,15,21,5,1,0.6316
10.77847212665258,106.69389510879644,28,42,1.0,15,21,5,1,0.6667
10.796057790235078,106.67492629345334,22,34,0.999081,15,21,5,1,0.6471
10.8352982156415,106.72935479345392,34,42,0.9973,15,21,5,1,0.8095
10.777562007197462,106.7041335430398,18,30,1.0,15,21,5,1,0.6
10.83886351241477,106.67566625482782,22,36,1.0,15,21,5,1,0.6111
10.765187049751797,106.67550552599072,23,35,1.0,15,21,5,1,0.6571
10.75948437198232,106.6840537511244,20,28,1.0,15,21,5,1,0.7143
10.865229381280963,106.72366973948476,33,49,1.0,15,21,5,1,0.6735
10.72279213640514,106.72808623948244,25,37,0.998218,15,21,5,1,0.6757
10.823400120373712,106.68551227436063,32,32,1.0,15,21,5,1,1.0
10.756158554057755,106.66631758181126,23,29,1.0,15,21,5,1,0.7931
10.7144382088356,106.73711688366168,24,35,1.0,15,21,5,1,0.6857
10.817236653231737,106.63191539530456,22,35,1.0,15,21,5,1,0.6286
10.772727584493625,106.69804225297564,13,24,1.0,15,24,5,1,0.5417
10.774028664434528,106.70357076461706,19,29,1.0,15,24,5,1,0.6552
10.752616652291238,106.72509685338922,33,41,1.0,15,24,5,1,0.8049
10.745754766198267,106.65326266831876,35,43,1.0,15,24,5,1,0.814
10.94927106740351,106.87196348224562,29,41,1.0,15,24,5,1,0.7073
10.78866360854368,106.695513722289,30,42,1.0,15,24,5,1,0.7143
10.801406421807084,106.7114844087968,31,42,1.0,15,24,5,1,0.7381
10.843150534972033,106.6151343241409,22,35,1.0,15,24,5,1,0.6286
10.880537767027526,106.81481342866444,43,53,1.0,15,24,5,1,0.8113
10.740840166521664,106.61899246873142,27,35,1.0,15,24,5,1,0.7714
10.798986343749618,106.7269705664684,31,44,1.0,15,24,5,1,0.7045
10.741860769464234,106.73790365482628,45,45,1.0,15,24,5,1,1.0
10.752408891679814,106.7022703818112,23,34,1.0,15,24,5,1,0.6765
10.786216596454729,106.71836665482697,40,40,1.0,15,24,5,1,1.0
10.78948793356203,106.7151883818118,36,36,1.0,15,25,5,1,1.0
10.80223925742187,106.6478722259914,27,41,1.0,15,25,5,1,0.6585
10.813928881466124,106.66511432455972,23,34,0.999362,15,25,5,1,0.6765
10.755608615763382,106.67347943578082,19,27,1.0,15,25,5,1,0.7037
10.782680856341084,106.70051548181168,18,30,1.0,15,25,5,1,0.6
10.754895139302109,106.67839188181134,20,33,1.0,15,25,5,1,0.6061
10.785070445194592,106.68331340921324,15,27,1.0,15,25,5,1,0.5556
10.7549373008113,106.67848844133415,20,33,1.0,15,25,5,1,0.6061
10.77898143649726,106.67684447140958,24,34,1.0,15,25,5,1,0.7059
10.7671128283867,106.6927618222887,10,20,1.0,15,25,5,1,0.5
10.77847212665258,106.69389510879644,27,42,1.0,15,25,5,1,0.6429
10.796057790235078,106.67492629345334,23,34,0.999362,15,25,5,1,0.6765
10.8352982156415,106.72935479345392,34,42,0.996036,15,25,5,1,0.8095
10.777562007197462,106.7041335430398,18,30,1.0,15,25,5,1,0.6
10.83886351241477,106.67566625482782,24,36,1.0,15,25,5,1,0.6667
10.765187049751797,106.67550552599072,22,35,1.0,15,26,5,1,0.6286
10.75948437198232,106.6840537511244,19,28,1.0,15,26,5,1,0.6786
10.865229381280963,106.72366973948476,33,50,1.0,15,26,5,1,0.66
10.72279213640514,106.72808623948244,24,37,0.997702,15,26,5,1,0.6486
10.823400120373712,106.68551227436063,24,31,1.0,15,26,5,1,0.7742
10.756158554057755,106.66631758181126,19,28,1.0,15,26,5,1,0.6786
10.7144382088356,106.73711688366168,24,35,1.0,15,26,5,1,0.6857
10.817236653231737,106.63191539530456,22,35,1.0,15,26,5,1,0.6286
10.772727584493625,106.69804225297564,15,24,0.998765,15,28,5,1,0.625
10.774028664434528,106.70357076461706,18,28,1.0,15,28,5,1,0.6429
10.752616652291238,106.72509685338922,35,42,1.0,15,28,5,1,0.8333
10.745754766198267,106.65326266831876,34,43,1.0,15,28,5,1,0.7907
10.94927106740351,106.87196348224562,22,41,1.0,15,28,5,1,0.5366
10.78866360854368,106.695513722289,31,42,1.0,15,28,5,1,0.7381
10.801406421807084,106.7114844087968,31,42,1.0,15,29,5,1,0.7381
10.843150534972033,106.6151343241409,22,35,1.0,15,29,5,1,0.6286
10.880537767027526,106.81481342866444,45,53,1.0,15,29,5,1,0.8491
10.740840166521664,106.61899246873142,26,35,1.0,15,29,5,1,0.7429
10.798986343749618,106.7269705664684,45,45,1.0,15,29,5,1,1.0
10.741860769464234,106.73790365482628,45,45,1.0,15,29,5,1,1.0
10.752408891679814,106.7022703818112,21,34,1.0,15,29,5,1,0.6176
10.786216596454729,106.71836665482697,40,40,1.0,15,29,5,1,1.0
10.78948793356203,106.7151883818118,36,36,1.0,15,29,5,1,1.0
10.80223925742187,106.6478722259914,26,41,1.0,15,29,5,1,0.6341
10.813928881466124,106.66511432455972,22,33,1.0,15,30,5,1,0.6667
10.755608615763382,106.67347943578082,17,27,1.0,15,30,5,1,0.6296
10.782680856341084,106.70051548181168,19,30,1.0,15,30,5,1,0.6333
10.754895139302109,106.67839188181134,22,32,1.0,15,30,5,1,0.6875
10.785070445194592,106.68331340921324,15,27,1.0,15,30,5,1,0.5556
10.7549373008113,106.67848844133415,22,33,1.0,15,30,5,1,0.6667
10.77898143649726,106.67684447140958,23,34,1.0,15,30,5,1,0.6765
10.7671128283867,106.6927618222887,12,19,1.0,15,30,5,1,0.6316
10.77847212665258,106.69389510879644,28,42,1.0,15,30,5,1,0.6667
10.796057790235078,106.67492629345334,21,33,1.0,15,30,5,1,0.6364
10.8352982156415,106.72935479345392,36,42,0.995317,15,30,5,1,0.8571
10.777562007197462,106.7041335430398,18,30,1.0,15,30,5,1,0.6
10.83886351241477,106.67566625482782,25,36,1.0,15,30,5,1,0.6944
10.765187049751797,106.67550552599072,22,35,1.0,15,30,5,1,0.6286
10.75948437198232,106.6840537511244,19,28,1.0,15,30,5,1,0.6786
10.865229381280963,106.72366973948476,34,49,1.0,15,30,5,1,0.6939
10.72279213640514,106.72808623948244,25,37,0.998051,15,30,5,1,0.6757
10.823400120373712,106.68551227436063,26,31,1.0,15,31,5,1,0.8387
10.756158554057755,106.66631758181126,23,29,1.0,15,31,5,1,0.7931
10.7144382088356,106.73711688366168,24,35,1.0,15,31,5,1,0.6857
10.817236653231737,106.63191539530456,23,35,1.0,15,31,5,1,0.6571
10.772727584493625,106.69804225297564,13,24,1.0,15,33,5,1,0.5417
10.774028664434528,106.70357076461706,21,28,1.0,15,33,5,1,0.75
10.752616652291238,106.72509685338922,37,42,1.0,15,33,5,1,0.881
10.745754766198267,106.65326266831876,35,43,1.0,15,33,5,1,0.814
10.94927106740351,106.87196348224562,42,42,1.0,15,33,5,1,1.0
10.78866360854368,106.695513722289,30,41,1.0,15,33,5,1,0.7317
10.801406421807084,106.7114844087968,30,41,1.0,15,33,5,1,0.7317
10.843150534972033,106.6151343241409,22,35,1.0,15,33,5,1,0.6286
10.880537767027526,106.81481342866444,46,52,1.0,15,33,5,1,0.8846
10.740840166521664,106.61899246873142,28,35,1.0,15,33,5,1,0.8
10.798986343749618,106.7269705664684,45,45,1.0,15,33,5,1,1.0
10.741860769464234,106.73790365482628,45,45,1.0,15,33,5,1,1.0
10.752408891679814,106.7022703818112,22,34,1.0,15,33,5,1,0.6471
10.786216596454729,106.71836665482697,40,40,1.0,15,33,5,1,1.0
10.78948793356203,106.7151883818118,27,35,1.0,15,33,5,1,0.7714
10.80223925742187,106.6478722259914,29,41,1.0,15,34,5,1,0.7073
10.813928881466124,106.66511432455972,22,34,1.0,15,34,5,1,0.6471
10.755608615763382,106.67347943578082,21,28,1.0,15,34,5,1,0.75
10.782680856341084,106.70051548181168,18,31,1.0,15,34,5,1,0.5806
10.754895139302109,106.67839188181134,22,33,1.0,15,34,5,1,0.6667
10.785070445194592,106.68331340921324,14,27,1.0,15,34,5,1,0.5185
10.7549373008113,106.67848844133415,22,33,1.0,15,34,5,1,0.6667
10.77898143649726,106.67684447140958,22,34,1.0,15,34,5,1,0.6471
10.7671128283867,106.6927618222887,15,19,1.0,15,34,5,1,0.7895
10.77847212665258,106.69389510879644,28,42,1.0,15,34,5,1,0.6667
10.796057790235078,106.67492629345334,21,33,1.0,15,34,5,1,0.6364
10.8352982156415,106.72935479345392,36,42,0.994415,15,34,5,1,0.8571
10.777562007197462,106.7041335430398,18,30,1.0,15,34,5,1,0.6
10.83886351241477,106.67566625482782,25,37,1.0,15,34,5,1,0.6757
10.765187049751797,106.67550552599072,22,36,1.0,15,34,5,1,0.6111
10.75948437198232,106.6840537511244,22,28,1.0,15,34,5,1,0.7857
10.865229381280963,106.72366973948476,34,49,1.0,15,34,5,1,0.6939
10.72279213640514,106.72808623948244,27,36,1.0,15,34,5,1,0.75
10.823400120373712,106.68551227436063,23,32,1.0,15,35,5,1,0.7188
10.756158554057755,106.66631758181126,23,29,1.0,15,35,5,1,0.7931
10.7144382088356,106.73711688366168,24,35,1.0,15,35,5,1,0.6857
10.817236653231737,106.63191539530456,23,35,1.0,15,35,5,1,0.6571
10.772727584493625,106.69804225297564,15,25,1.0,15,37,5,1,0.6
10.774028664434528,106.70357076461706,18,27,1.0,15,37,5,1,0.6667
10.752616652291238,106.72509685338922,38,42,1.0,15,37,5,1,0.9048
10.745754766198267,106.65326266831876,35,42,1.0,15,37,5,1,0.8333
10.94927106740351,106.87196348224562,26,41,1.0,15,37,5,1,0.6341
10.78866360854368,106.695513722289,31,41,1.0,15,37,5,1,0.7561
10.801406421807084,106.7114844087968,30,41,1.0,15,37,5,1,0.7317
10.843150534972033,106.6151343241409,22,34,1.0,15,37,5,1,0.6471
10.880537767027526,106.81481342866444,43,54,1.0,15,37,5,1,0.7963
10.740840166521664,106.61899246873142,27,35,1.0,15,37,5,1,0.7714
10.798986343749618,106.7269705664684,45,45,1.0,15,37,5,1,1.0
10.741860769464234,106.73790365482628,45,45,1.0,15,37,5,1,1.0
10.752408891679814,106.7022703818112,20,34,1.0,15,38,5,1,0.5882
10.786216596454729,106.71836665482697,40,40,1.0,15,38,5,1,1.0
10.78948793356203,106.7151883818118,36,36,1.0,15,38,5,1,1.0
10.80223925742187,106.6478722259914,29,40,1.0,15,38,5,1,0.725
10.813928881466124,106.66511432455972,22,34,0.999115,15,38,5,1,0.6471
10.755608615763382,106.67347943578082,20,27,0.997061,15,38,5,1,0.7407
10.782680856341084,106.70051548181168,18,30,1.0,15,38,5,1,0.6
10.754895139302109,106.67839188181134,22,33,1.0,15,38,5,1,0.6667
10.785070445194592,106.68331340921324,14,28,1.0,15,38,5,1,0.5
10.7549373008113,106.67848844133415,23,33,1.0,15,38,5,1,0.697
10.77898143649726,106.67684447140958,22,34,1.0,15,39,5,1,0.6471
10.7671128283867,106.6927618222887,12,19,1.0,15,39,5,1,0.6316
10.77847212665258,106.69389510879644,27,42,1.0,15,39,5,1,0.6429
10.796057790235078,106.67492629345334,22,34,0.999115,15,39,5,1,0.6471
10.8352982156415,106.72935479345392,35,42,0.99458,15,39,5,1,0.8333
10.777562007197462,106.7041335430398,17,30,1.0,15,39,5,1,0.5667
10.83886351241477,106.67566625482782,28,36,1.0,15,39,5,1,0.7778
10.765187049751797,106.67550552599072,26,36,1.0,15,39,5,1,0.7222
10.75948437198232,106.6840537511244,19,28,1.0,15,39,5,1,0.6786
10.865229381280963,106.72366973948476,34,49,1.0,15,39,5,1,0.6939
10.72279213640514,106.72808623948244,27,37,0.998015,15,39,5,1,0.7297
10.823400120373712,106.68551227436063,22,31,1.0,15,39,5,1,0.7097
10.756158554057755,106.66631758181126,21,30,1.0,15,39,5,1,0.7
10.7144382088356,106.73711688366168,24,35,1.0,15,39,5,1,0.6857
10.817236653231737,106.63191539530456,22,35,1.0,15,39,5,1,0.6286
10.772727584493625,106.69804225297564,14,24,1.0,15,41,5,1,0.5833
10.774028664434528,106.70357076461706,18,28,1.0,15,41,5,1,0.6429
10.752616652291238,106.72509685338922,29,40,1.0,15,41,5,1,0.725
10.745754766198267,106.65326266831876,34,42,1.0,15,41,5,1,0.8095
10.94927106740351,106.87196348224562,31,41,1.0,15,41,5,1,0.7561
10.78866360854368,106.695513722289,30,42,1.0,15,41,5,1,0.7143
10.801406421807084,106.7114844087968,30,42,1.0,15,42,5,1,0.7143
10.843150534972033,106.6151343241409,22,35,1.0,15,42,5,1,0.6286
10.880537767027526,106.81481342866444,43,53,1.0,15,42,5,1,0.8113
10.740840166521664,106.61899246873142,27,35,1.0,15,42,5,1,0.7714
10.798986343749618,106.7269705664684,45,45,1.0,15,42,5,1,1.0
10.741860769464234,106.73790365482628,45,45,1.0,15,42,5,1,1.0
10.752408891679814,106.7022703818112,21,34,1.0,15,42,5,1,0.6176
10.786216596454729,106.71836665482697,40,40,1.0,15,42,5,1,1.0
10.78948793356203,106.7151883818118,36,36,1.0,15,42,5,1,1.0
10.80223925742187,106.6478722259914,28,40,1.0,15,42,5,1,0.7
10.813928881466124,106.66511432455972,23,34,0.999244,15,42,5,1,0.6765
10.755608615763382,106.67347943578082,19,28,0.998951,15,42,5,1,0.6786
10.782680856341084,106.70051548181168,18,31,1.0,15,42,5,1,0.5806
10.754895139302109,106.67839188181134,21,33,1.0,15,42,5,1,0.6364
10.785070445194592,106.68331340921324,16,27,1.0,15,42,5,1,0.5926
10.7549373008113,106.67848844133415,21,33,1.0,15,42,5,1,0.6364
10.77898143649726,106.67684447140958,24,34,1.0,15,42,5,1,0.7059
10.7671128283867,106.6927618222887,16,20,1.0,15,42,5,1,0.8
10.77847212665258,106.69389510879644,27,42,1.0,15,42,5,1,0.6429
10.796057790235078,106.67492629345334,21,34,0.998381,15,43,5,1,0.6176
10.8352982156415,106.72935479345392,34,42,0.996031,15,43,5,1,0.8095
10.777562007197462,106.7041335430398,19,30,1.0,15,43,5,1,0.6333
10.83886351241477,106.67566625482782,26,36,1.0,15,43,5,1,0.7222
10.765187049751797,106.67550552599072,24,36,1.0,15,43,5,1,0.6667
10.75948437198232,106.6840537511244,18,27,1.0,15,43,5,1,0.6667
10.865229381280963,106.72366973948476,34,49,1.0,15,43,5,1,0.6939
10.72279213640514,106.72808623948244,25,37,0.997744,15,43,5,1,0.6757
10.823400120373712,106.68551227436063,25,32,1.0,15,43,5,1,0.7812
10.756158554057755,106.66631758181126,19,29,1.0,15,43,5,1,0.6552
10.7144382088356,106.73711688366168,23,35,1.0,15,43,5,1,0.6571
10.817236653231737,106.63191539530456,22,34,1.0,15,43,5,1,0.6471
10.772727584493625,106.69804225297564,13,24,0.997276,15,46,5,1,0.5417
10.774028664434528,106.70357076461706,15,28,1.0,15,46,5,1,0.5357
10.752616652291238,106.72509685338922,39,39,1.0,15,46,5,1,1.0
10.745754766198267,106.65326266831876,42,42,1.0,15,46,5,1,1.0
10.94927106740351,106.87196348224562,32,41,1.0,15,46,5,1,0.7805
10.78866360854368,106.695513722289,29,41,1.0,15,46,5,1,0.7073
10.801406421807084,106.7114844087968,29,41,1.0,15,46,5,1,0.7073
10.843150534972033,106.6151343241409,21,35,1.0,15,46,5,1,0.6
10.880537767027526,106.81481342866444,42,52,1.0,15,46,5,1,0.8077
10.740840166521664,106.61899246873142,27,35,1.0,15,46,5,1,0.7714
10.798986343749618,106.7269705664684,45,45,1.0,15,46,5,1,1.0
10.741860769464234,106.73790365482628,45,45,1.0,15,46,5,1,1.0
10.752408891679814,106.7022703818112,22,34,1.0,15,46,5,1,0.6471
10.786216596454729,106.71836665482697,35,40,1.0,15,46,5,1,0.875
10.78948793356203,106.7151883818118,36,36,1.0,15,46,5,1,1.0
10.80223925742187,106.6478722259914,26,41,1.0,15,46,5,1,0.6341
10.813928881466124,106.66511432455972,23,34,0.999242,15,46,5,1,0.6765
10.755608615763382,106.67347943578082,19,28,0.997903,15,46,5,1,0.6786
10.782680856341084,106.70051548181168,19,30,1.0,15,46,5,1,0.6333
10.754895139302109,106.67839188181134,22,32,1.0,15,46,5,1,0.6875
10.785070445194592,106.68331340921324,15,27,1.0,15,46,5,1,0.5556
10.7549373008113,106.67848844133415,22,32,1.0,15,46,5,1,0.6875
10.77898143649726,106.67684447140958,24,34,1.0,15,47,5,1,0.7059
10.7671128283867,106.6927618222887,13,20,1.0,15,47,5,1,0.65
10.77847212665258,106.69389510879644,27,41,1.0,15,47,5,1,0.6585
10.796057790235078,106.67492629345334,23,34,0.999242,15,47,5,1,0.6765
10.8352982156415,106.72935479345392,34,42,0.995129,15,47,5,1,0.8095
10.777562007197462,106.7041335430398,19,30,1.0,15,47,5,1,0.6333
10.83886351241477,106.67566625482782,25,36,1.0,15,47,5,1,0.6944
10.765187049751797,106.67550552599072,20,35,1.0,15,47,5,1,0.5714
10.75948437198232,106.6840537511244,19,28,0.997903,15,47,5,1,0.6786
10.865229381280963,106.72366973948476,34,49,1.0,15,47,5,1,0.6939
10.72279213640514,106.72808623948244,23,37,0.998601,15,47,5,1,0.6216
10.823400120373712,106.68551227436063,21,31,1.0,15,47,5,1,0.6774
10.756158554057755,106.66631758181126,23,30,1.0,15,47,5,1,0.7667
10.7144382088356,106.73711688366168,24,35,1.0,15,48,5,1,0.6857
10.817236653231737,106.63191539530456,22,35,1.0,15,48,5,1,0.6286
10.772727584493625,106.69804225297564,14,24,1.0,15,50,5,1,0.5833
10.774028664434528,106.70357076461706,16,28,1.0,15,50,5,1,0.5714
10.752616652291238,106.72509685338922,39,39,1.0,15,50,5,1,1.0
10.745754766198267,106.65326266831876,36,43,1.0,15,50,5,1,0.8372
10.94927106740351,106.87196348224562,27,41,1.0,15,50,5,1,0.6585
10.78866360854368,106.695513722289,29,41,1.0,15,50,5,1,0.7073
10.801406421807084,106.7114844087968,29,41,1.0,15,50,5,1,0.7073
10.843150534972033,106.6151343241409,21,35,1.0,15,50,5,1,0.6
10.880537767027526,106.81481342866444,44,53,1.0,15,50,5,1,0.8302
10.740840166521664,106.61899246873142,28,35,1.0,15,50,5,1,0.8
10.798986343749618,106.7269705664684,45,45,1.0,15,50,5,1,1.0
10.741860769464234,106.73790365482628,45,45,1.0,15,50,5,1,1.0
10.752408891679814,106.7022703818112,21,34,1.0,15,50,5,1,0.6176
10.786216596454729,106.71836665482697,34,40,1.0,15,50,5,1,0.85
10.78948793356203,106.7151883818118,36,36,1.0,15,50,5,1,1.0
10.80223925742187,106.6478722259914,28,39,1.0,15,50,5,1,0.7179
10.813928881466124,106.66511432455972,21,33,0.998669,15,51,5,1,0.6364
10.755608615763382,106.67347943578082,19,28,1.0,15,51,5,1,0.6786
10.782680856341084,106.70051548181168,18,30,1.0,15,51,5,1,0.6
10.754895139302109,106.67839188181134,20,32,1.0,15,51,5,1,0.625
10.785070445194592,106.68331340921324,19,27,1.0,15,51,5,1,0.7037
10.7549373008113,106.67848844133415,20,32,1.0,15,51,5,1,0.625
10.77898143649726,106.67684447140958,23,34,1.0,15,51,5,1,0.6765
10.7671128283867,106.6927618222887,9,20,1.0,15,51,5,1,0.45
10.77847212665258,106.69389510879644,27,41,1.0,15,51,5,1,0.6585
10.796057790235078,106.67492629345334,22,34,0.999244,15,51,5,1,0.6471
10.8352982156415,106.72935479345392,35,42,0.997469,15,51,5,1,0.8333
10.777562007197462,106.7041335430398,18,30,1.0,15,51,5,1,0.6
10.83886351241477,106.67566625482782,26,35,1.0,15,51,5,1,0.7429
10.765187049751797,106.67550552599072,27,35,1.0,15,51,5,1,0.7714
10.75948437198232,106.6840537511244,19,28,1.0,15,51,5,1,0.6786
10.865229381280963,106.72366973948476,33,49,1.0,15,52,5,1,0.6735
10.72279213640514,106.72808623948244,25,37,0.997578,15,52,5,1,0.6757
10.823400120373712,106.68551227436063,22,32,1.0,15,52,5,1,0.6875
10.756158554057755,106.66631758181126,22,30,1.0,15,52,5,1,0.7333
10.7144382088356,106.73711688366168,25,35,1.0,15,52,5,1,0.7143
10.817236653231737,106.63191539530456,20,34,1.0,15,52,5,1,0.5882
10.772727584493625,106.69804225297564,12,24,1.0,15,54,5,1,0.5
10.774028664434528,106.70357076461706,29,29,1.0,15,55,5,1,1.0
10.752616652291238,106.72509685338922,30,38,1.0,15,55,5,1,0.7895
10.745754766198267,106.65326266831876,42,42,1.0,15,55,5,1,1.0
10.94927106740351,106.87196348224562,25,42,1.0,15,55,5,1,0.5952
10.78866360854368,106.695513722289,30,42,1.0,15,55,5,1,0.7143
10.801406421807084,106.7114844087968,30,42,1.0,15,55,5,1,0.7143
10.843150534972033,106.6151343241409,22,35,1.0,15,55,5,1,0.6286
10.880537767027526,106.81481342866444,42,53,1.0,15,55,5,1,0.7925
10.740840166521664,106.61899246873142,27,35,1.0,15,55,5,1,0.7714
10.798986343749618,106.7269705664684,45,45,1.0,15,55,5,1,1.0
10.741860769464234,106.73790365482628,45,45,1.0,15,55,5,1,1.0
10.752408891679814,106.7022703818112,19,34,1.0,15,55,5,1,0.5588
10.786216596454729,106.71836665482697,40,40,1.0,15,55,5,1,1.0
10.78948793356203,106.7151883818118,36,36,1.0,15,55,5,1,1.0
10.80223925742187,106.6478722259914,29,41,1.0,15,56,5,1,0.7073
10.813928881466124,106.66511432455972,22,34,1.0,15,56,5,1,0.6471
10.755608615763382,106.67347943578082,17,28,0.997926,15,56,5,1,0.6071
10.782680856341084,106.70051548181168,17,30,1.0,15,56,5,1,0.5667
10.754895139302109,106.67839188181134,21,33,1.0,15,56,5,1,0.6364
10.785070445194592,106.68331340921324,14,27,1.0,15,56,5,1,0.5185
10.7549373008113,106.67848844133415,21,33,1.0,15,56,5,1,0.6364
10.77898143649726,106.67684447140958,24,34,1.0,15,56,5,1,0.7059
10.7671128283867,106.6927618222887,9,19,1.0,15,56,5,1,0.4737
10.77847212665258,106.69389510879644,27,42,1.0,15,56,5,1,0.6429
10.796057790235078,106.67492629345334,22,33,0.999713,15,56,5,1,0.6667
10.8352982156415,106.72935479345392,34,42,0.997472,15,56,5,1,0.8095
10.777562007197462,106.7041335430398,17,30,1.0,15,56,5,1,0.5667
10.83886351241477,106.67566625482782,27,36,1.0,15,56,5,1,0.75
10.765187049751797,106.67550552599072,22,35,1.0,15,57,5,1,0.6286
10.75948437198232,106.6840537511244,14,28,0.997878,15,57,5,1,0.5
10.865229381280963,106.72366973948476,34,49,1.0,15,57,5,1,0.6939
10.72279213640514,106.72808623948244,24,37,0.998303,15,57,5,1,0.6486
10.823400120373712,106.68551227436063,24,32,1.0,15,57,5,1,0.75
10.756158554057755,106.66631758181126,19,29,1.0,15,57,5,1,0.6552
10.7144382088356,106.73711688366168,22,35,1.0,15,57,5,1,0.6286
10.817236653231737,106.63191539530456,22,35,1.0,15,57,5,1,0.6286
10.772727584493625,106.69804225297564,13,24,1.0,15,59,5,1,0.5417
10.774028664434528,106.70357076461706,23,28,1.0,15,59,5,1,0.8214
10.752616652291238,106.72509685338922,38,42,1.0,15,59,5,1,0.9048
10.745754766198267,106.65326266831876,35,42,1.0,15,59,5,1,0.8333
10.94927106740351,106.87196348224562,30,42,1.0,15,59,5,1,0.7143
10.78866360854368,106.695513722289,31,42,1.0,15,59,5,1,0.7381
10.801406421807084,106.7114844087968,31,42,1.0,15,59,5,1,0.7381
10.843150534972033,106.6151343241409,20,34,1.0,15,59,5,1,0.5882
10.880537767027526,106.81481342866444,45,54,1.0,16,0,5,1,0.8333
10.740840166521664,106.61899246873142,28,35,1.0,16,0,5,1,0.8
10.798986343749618,106.7269705664684,45,45,1.0,16,0,5,1,1.0
10.741860769464234,106.73790365482628,45,45,1.0,16,0,5,1,1.0
10.752408891679814,106.7022703818112,19,34,1.0,16,0,5,1,0.5588
10.786216596454729,106.71836665482697,40,40,1.0,16,0,5,1,1.0
10.78948793356203,106.7151883818118,36,36,1.0,16,0,5,1,1.0
10.80223925742187,106.6478722259914,29,40,1.0,16,0,5,1,0.725
10.813928881466124,106.66511432455972,23,34,1.0,16,0,5,1,0.6765
10.755608615763382,106.67347943578082,17,28,0.997911,16,0,5,1,0.6071
10.782680856341084,106.70051548181168,17,30,1.0,16,0,5,1,0.5667
10.754895139302109,106.67839188181134,22,33,1.0,16,0,5,1,0.6667
10.785070445194592,106.68331340921324,13,27,1.0,16,0,5,1,0.4815
10.7549373008113,106.67848844133415,22,33,1.0,16,0,5,1,0.6667
10.77898143649726,106.67684447140958,21,34,1.0,16,0,5,1,0.6176
10.7671128283867,106.6927618222887,12,20,1.0,16,0,5,1,0.6
10.77847212665258,106.69389510879644,26,41,1.0,16,0,5,1,0.6341
10.796057790235078,106.67492629345334,23,34,1.0,16,0,5,1,0.6765
10.8352982156415,106.72935479345392,34,42,0.997834,16,0,5,1,0.8095
10.777562007197462,106.7041335430398,17,30,1.0,16,0,5,1,0.5667
10.83886351241477,106.67566625482782,26,36,0.997422,16,0,5,1,0.7222
10.765187049751797,106.67550552599072,23,36,1.0,16,1,5,1,0.6389
10.75948437198232,106.6840537511244,17,28,0.996177,16,1,5,1,0.6071
10.865229381280963,106.72366973948476,33,49,1.0,16,1,5,1,0.6735
10.72279213640514,106.72808623948244,23,37,0.997958,16,1,5,1,0.6216
10.823400120373712,106.68551227436063,24,31,1.0,16,1,5,1,0.7742
10.756158554057755,106.66631758181126,19,28,1.0,16,1,5,1,0.6786
10.7144382088356,106.73711688366168,23,35,1.0,16,1,5,1,0.6571
10.817236653231737,106.63191539530456,21,35,1.0,16,1,5,1,0.6
10.772727584493625,106.69804225297564,14,25,1.0,16,3,5,1,0.56
10.774028664434528,106.70357076461706,20,28,1.0,16,3,5,1,0.7143
10.752616652291238,106.72509685338922,35,42,1.0,16,3,5,1,0.8333
10.745754766198267,106.65326266831876,34,42,1.0,16,3,5,1,0.8095
10.94927106740351,106.87196348224562,28,41,1.0,16,3,5,1,0.6829
10.78866360854368,106.695513722289,30,42,1.0,16,3,5,1,0.7143
10.801406421807084,106.7114844087968,30,42,1.0,16,3,5,1,0.7143
10.843150534972033,106.6151343241409,21,35,1.0,16,3,5,1,0.6
10.880537767027526,106.81481342866444,43,53,1.0,16,3,5,1,0.8113
10.740840166521664,106.61899246873142,28,35,1.0,16,3,5,1,0.8
10.798986343749618,106.7269705664684,45,45,1.0,16,3,5,1,1.0
10.741860769464234,106.73790365482628,45,45,1.0,16,4,5,1,1.0
10.752408891679814,106.7022703818112,21,34,1.0,16,4,5,1,0.6176
10.786216596454729,106.71836665482697,40,40,1.0,16,4,5,1,1.0
10.78948793356203,106.7151883818118,36,36,1.0,16,4,5,1,1.0
10.80223925742187,106.6478722259914,28,41,1.0,16,4,5,1,0.6829
10.813928881466124,106.66511432455972,21,33,1.0,16,4,5,1,0.6364
10.755608615763382,106.67347943578082,17,28,1.0,16,4,5,1,0.6071
10.782680856341084,106.70051548181168,16,29,1.0,16,4,5,1,0.5517
10.754895139302109,106.67839188181134,22,31,1.0,16,4,5,1,0.7097
10.785070445194592,106.68331340921324,13,27,1.0,16,5,5,1,0.4815
10.7549373008113,106.67848844133415,22,32,1.0,16,5,5,1,0.6875
10.77898143649726,106.67684447140958,21,34,1.0,16,5,5,1,0.6176
10.7671128283867,106.6927618222887,20,20,1.0,16,5,5,1,1.0
10.77847212665258,106.69389510879644,27,42,1.0,16,5,5,1,0.6429
10.796057790235078,106.67492629345334,22,34,1.0,16,5,5,1,0.6471
10.8352982156415,106.72935479345392,35,42,0.997284,16,5,5,1,0.8333
10.777562007197462,106.7041335430398,16,30,1.0,16,5,5,1,0.5333
10.83886351241477,106.67566625482782,27,36,1.0,16,5,5,1,0.75
10.765187049751797,106.67550552599072,24,35,1.0,16,5,5,1,0.6857
10.75948437198232,106.6840537511244,18,28,1.0,16,5,5,1,0.6429
10.865229381280963,106.72366973948476,33,49,1.0,16,5,5,1,0.6735
10.72279213640514,106.72808623948244,24,37,0.997905,16,5,5,1,0.6486
10.823400120373712,106.68551227436063,25,31,1.0,16,5,5,1,0.8065
10.756158554057755,106.66631758181126,21,29,1.0,16,5,5,1,0.7241
10.7144382088356,106.73711688366168,23,35,1.0,16,5,5,1,0.6571
10.817236653231737,106.63191539530456,21,34,1.0,16,5,5,1,0.6176
10.772727584493625,106.69804225297564,13,24,1.0,16,7,5,1,0.5417
10.774028664434528,106.70357076461706,20,28,1.0,16,7,5,1,0.7143
10.752616652291238,106.72509685338922,38,42,1.0,16,7,5,1,0.9048
10.745754766198267,106.65326266831876,35,42,1.0,16,7,5,1,0.8333
10.94927106740351,106.87196348224562,29,41,1.0,16,7,5,1,0.7073
10.78866360854368,106.695513722289,30,41,1.0,16,7,5,1,0.7317
10.801406421807084,106.7114844087968,30,41,1.0,16,7,5,1,0.7317
10.843150534972033,106.6151343241409,22,35,1.0,16,7,5,1,0.6286
10.880537767027526,106.81481342866444,43,53,1.0,16,7,5,1,0.8113
10.740840166521664,106.61899246873142,27,35,1.0,16,7,5,1,0.7714
10.798986343749618,106.7269705664684,45,45,1.0,16,7,5,1,1.0
10.741860769464234,106.73790365482628,45,45,1.0,16,7,5,1,1.0
10.752408891679814,106.7022703818112,20,33,1.0,16,8,5,1,0.6061
10.786216596454729,106.71836665482697,40,40,1.0,16,8,5,1,1.0
10.78948793356203,106.7151883818118,36,36,1.0,16,8,5,1,1.0
10.80223925742187,106.6478722259914,28,41,1.0,16,8,5,1,0.6829
10.813928881466124,106.66511432455972,22,33,0.998692,16,8,5,1,0.6667
10.755608615763382,106.67347943578082,20,28,1.0,16,8,5,1,0.7143
10.782680856341084,106.70051548181168,18,30,1.0,16,8,5,1,0.6
10.754895139302109,106.67839188181134,20,32,1.0,16,8,5,1,0.625
10.785070445194592,106.68331340921324,14,27,1.0,16,8,5,1,0.5185
10.7549373008113,106.67848844133415,20,32,1.0,16,8,5,1,0.625
10.77898143649726,106.67684447140958,24,34,1.0,16,8,5,1,0.7059
10.7671128283867,106.6927618222887,20,20,1.0,16,8,5,1,1.0
10.77847212665258,106.69389510879644,28,42,1.0,16,8,5,1,0.6667
10.796057790235078,106.67492629345334,22,33,0.998692,16,8,5,1,0.6667
10.8352982156415,106.72935479345392,35,42,0.997298,16,8,5,1,0.8333
10.777562007197462,106.7041335430398,18,30,1.0,16,8,5,1,0.6
10.83886351241477,106.67566625482782,25,35,1.0,16,8,5,1,0.7143
10.765187049751797,106.67550552599072,23,35,1.0,16,8,5,1,0.6571
10.75948437198232,106.6840537511244,20,28,1.0,16,8,5,1,0.7143
10.865229381280963,106.72366973948476,33,49,1.0,16,8,5,1,0.6735
10.72279213640514,106.72808623948244,26,37,0.998162,16,9,5,1,0.7027
10.823400120373712,106.68551227436063,22,31,1.0,16,9,5,1,0.7097
10.756158554057755,106.66631758181126,22,30,1.0,16,9,5,1,0.7333
10.7144382088356,106.73711688366168,24,35,1.0,16,9,5,1,0.6857
10.817236653231737,106.63191539530456,21,35,1.0,16,9,5,1,0.6
10.772727584493625,106.69804225297564,13,23,1.0,16,11,5,1,0.5652
10.774028664434528,106.70357076461706,19,28,1.0,16,11,5,1,0.6786
10.752616652291238,106.72509685338922,34,42,1.0,16,11,5,1,0.8095
10.745754766198267,106.65326266831876,35,43,1.0,16,11,5,1,0.814
10.94927106740351,106.87196348224562,20,41,1.0,16,11,5,1,0.4878
10.78866360854368,106.695513722289,31,41,1.0,16,11,5,1,0.7561
10.801406421807084,106.7114844087968,31,41,1.0,16,11,5,1,0.7561
10.843150534972033,106.6151343241409,21,35,1.0,16,11,5,1,0.6
10.880537767027526,106.81481342866444,45,53,1.0,16,11,5,1,0.8491
10.740840166521664,106.61899246873142,28,35,1.0,16,11,5,1,0.8
10.798986343749618,106.7269705664684,45,45,1.0,16,11,5,1,1.0
10.741860769464234,106.73790365482628,39,44,1.0,16,12,5,1,0.8864
10.752408891679814,106.7022703818112,21,34,1.0,16,12,5,1,0.6176
10.786216596454729,106.71836665482697,40,40,1.0,16,12,5,1,1.0
10.78948793356203,106.7151883818118,36,36,1.0,16,12,5,1,1.0
10.80223925742187,106.6478722259914,28,41,1.0,16,12,5,1,0.6829
10.813928881466124,106.66511432455972,24,34,0.997651,16,12,5,1,0.7059
10.755608615763382,106.67347943578082,20,27,1.0,16,12,5,1,0.7407
10.782680856341084,106.70051548181168,18,30,1.0,16,12,5,1,0.6
10.754895139302109,106.67839188181134,19,33,1.0,16,12,5,1,0.5758
10.785070445194592,106.68331340921324,18,28,1.0,16,12,5,1,0.6429
10.7549373008113,106.67848844133415,19,33,1.0,16,12,5,1,0.5758
10.77898143649726,106.67684447140958,23,34,1.0,16,12,5,1,0.6765
10.7671128283867,106.6927618222887,20,20,1.0,16,12,5,1,1.0
10.77847212665258,106.69389510879644,28,41,1.0,16,12,5,1,0.6829
10.796057790235078,106.67492629345334,24,34,0.997651,16,12,5,1,0.7059
10.8352982156415,106.72935479345392,36,42,0.996934,16,12,5,1,0.8571
10.777562007197462,106.7041335430398,18,30,1.0,16,12,5,1,0.6
10.83886351241477,106.67566625482782,27,35,1.0,16,12,5,1,0.7714
10.765187049751797,106.67550552599072,25,36,1.0,16,12,5,1,0.6944
10.75948437198232,106.6840537511244,20,27,1.0,16,12,5,1,0.7407
10.865229381280963,106.72366973948476,32,49,1.0,16,13,5,1,0.6531
10.72279213640514,106.72808623948244,26,37,0.997905,16,13,5,1,0.7027
10.823400120373712,106.68551227436063,21,31,1.0,16,13,5,1,0.6774
10.756158554057755,106.66631758181126,22,30,1.0,16,13,5,1,0.7333
10.7144382088356,106.73711688366168,23,35,1.0,16,13,5,1,0.6571
10.817236653231737,106.63191539530456,21,35,1.0,16,13,5,1,0.6
10.772727584493625,106.69804225297564,11,23,1.0,16,15,5,1,0.4783
10.774028664434528,106.70357076461706,29,29,1.0,16,15,5,1,1.0
10.752616652291238,106.72509685338922,36,42,1.0,16,15,5,1,0.8571
10.745754766198267,106.65326266831876,35,43,1.0,16,15,5,1,0.814
10.94927106740351,106.87196348224562,31,41,1.0,16,15,5,1,0.7561
10.78866360854368,106.695513722289,31,42,1.0,16,15,5,1,0.7381
10.801406421807084,106.7114844087968,31,42,1.0,16,15,5,1,0.7381
10.843150534972033,106.6151343241409,22,35,1.0,16,15,5,1,0.6286
10.880537767027526,106.81481342866444,41,53,1.0,16,16,5,1,0.7736
10.740840166521664,106.61899246873142,27,35,1.0,16,16,5,1,0.7714
10.798986343749618,106.7269705664684,45,45,1.0,16,16,5,1,1.0
10.741860769464234,106.73790365482628,38,44,1.0,16,16,5,1,0.8636
10.752408891679814,106.7022703818112,20,34,1.0,16,16,5,1,0.5882
10.786216596454729,106.71836665482697,35,40,0.998783,16,16,5,1,0.875
10.78948793356203,106.7151883818118,36,36,1.0,16,16,5,1,1.0
10.80223925742187,106.6478722259914,30,41,1.0,16,16,5,1,0.7317
10.813928881466124,106.66511432455972,22,34,0.998405,16,16,5,1,0.6471
10.755608615763382,106.67347943578082,20,28,1.0,16,16,5,1,0.7143
10.782680856341084,106.70051548181168,19,30,1.0,16,16,5,1,0.6333
10.754895139302109,106.67839188181134,20,32,1.0,16,16,5,1,0.625
10.785070445194592,106.68331340921324,14,26,1.0,16,16,5,1,0.5385
10.7549373008113,106.67848844133415,20,32,1.0,16,16,5,1,0.625
10.77898143649726,106.67684447140958,22,34,1.0,16,16,5,1,0.6471
10.7671128283867,106.6927618222887,12,19,1.0,16,17,5,1,0.6316
10.77847212665258,106.69389510879644,27,41,1.0,16,17,5,1,0.6585
10.796057790235078,106.67492629345334,22,33,0.998405,16,17,5,1,0.6667
10.8352982156415,106.72935479345392,34,42,0.996757,16,17,5,1,0.8095
10.777562007197462,106.7041335430398,19,30,1.0,16,17,5,1,0.6333
10.83886351241477,106.67566625482782,25,36,1.0,16,17,5,1,0.6944
10.765187049751797,106.67550552599072,28,36,1.0,16,17,5,1,0.7778
10.75948437198232,106.6840537511244,19,26,0.997909,16,17,5,1,0.7308
10.865229381280963,106.72366973948476,33,49,1.0,16,18,5,1,0.6735
10.72279213640514,106.72808623948244,23,37,0.997787,16,18,5,1,0.6216
10.823400120373712,106.68551227436063,22,31,1.0,16,18,5,1,0.7097
10.756158554057755,106.66631758181126,21,29,1.0,16,18,5,1,0.7241
10.7144382088356,106.73711688366168,23,35,1.0,16,18,5,1,0.6571
10.817236653231737,106.63191539530456,22,35,1.0,16,18,5,1,0.6286
10.772727584493625,106.69804225297564,12,24,1.0,16,20,5,1,0.5
10.774028664434528,106.70357076461706,23,29,1.0,16,20,5,1,0.7931
10.752616652291238,106.72509685338922,23,39,1.0,16,20,5,1,0.5897
10.745754766198267,106.65326266831876,37,43,1.0,16,20,5,1,0.8605
10.94927106740351,106.87196348224562,31,42,1.0,16,20,5,1,0.7381
10.78866360854368,106.695513722289,32,42,1.0,16,20,5,1,0.7619
10.801406421807084,106.7114844087968,32,42,1.0,16,20,5,1,0.7619
10.843150534972033,106.6151343241409,23,35,1.0,16,20,5,1,0.6571
10.880537767027526,106.81481342866444,44,54,1.0,16,20,5,1,0.8148
10.740840166521664,106.61899246873142,27,36,1.0,16,20,5,1,0.75
10.798986343749618,106.7269705664684,45,45,1.0,16,20,5,1,1.0
10.741860769464234,106.73790365482628,39,44,1.0,16,20,5,1,0.8864
10.752408891679814,106.7022703818112,20,33,1.0,16,20,5,1,0.6061
10.786216596454729,106.71836665482697,40,40,1.0,16,20,5,1,1.0
10.78948793356203,106.7151883818118,25,36,1.0,16,20,5,1,0.6944
10.80223925742187,106.6478722259914,27,40,1.0,16,21,5,1,0.675
10.813928881466124,106.66511432455972,22,34,0.997152,16,21,5,1,0.6471
10.755608615763382,106.67347943578082,19,28,0.997894,16,21,5,1,0.6786
10.782680856341084,106.70051548181168,18,30,1.0,16,21,5,1,0.6
10.754895139302109,106.67839188181134,20,31,1.0,16,21,5,1,0.6452
10.785070445194592,106.68331340921324,16,28,1.0,16,21,5,1,0.5714
10.7549373008113,106.67848844133415,20,31,1.0,16,21,5,1,0.6452
10.77898143649726,106.67684447140958,23,34,1.0,16,21,5,1,0.6765
10.7671128283867,106.6927618222887,20,20,1.0,16,21,5,1,1.0
10.77847212665258,106.69389510879644,27,41,1.0,16,21,5,1,0.6585
10.796057790235078,106.67492629345334,21,33,0.998405,16,21,5,1,0.6364
10.8352982156415,106.72935479345392,36,42,0.996743,16,21,5,1,0.8571
10.777562007197462,106.7041335430398,19,30,1.0,16,21,5,1,0.6333
10.83886351241477,106.67566625482782,25,35,1.0,16,21,5,1,0.7143
10.765187049751797,106.67550552599072,20,35,1.0,16,21,5,1,0.5714
10.75948437198232,106.6840537511244,19,27,0.998947,16,22,5,1,0.7037
10.865229381280963,106.72366973948476,34,49,1.0,16,22,5,1,0.6939
10.72279213640514,106.72808623948244,24,37,0.997902,16,22,5,1,0.6486
10.823400120373712,106.68551227436063,22,32,1.0,16,22,5,1,0.6875
10.756158554057755,106.66631758181126,21,29,1.0,16,22,5,1,0.7241
10.7144382088356,106.73711688366168,24,35,1.0,16,22,5,1,0.6857
10.817236653231737,106.63191539530456,22,35,1.0,16,22,5,1,0.6286
10.772727584493625,106.69804225297564,12,24,1.0,16,24,5,1,0.5
10.774028664434528,106.70357076461706,17,27,1.0,16,24,5,1,0.6296
10.752616652291238,106.72509685338922,38,42,1.0,16,24,5,1,0.9048
10.745754766198267,106.65326266831876,38,42,1.0,16,24,5,1,0.9048
10.94927106740351,106.87196348224562,29,41,1.0,16,24,5,1,0.7073
10.78866360854368,106.695513722289,31,41,1.0,16,24,5,1,0.7561
10.801406421807084,106.7114844087968,31,41,1.0,16,25,5,1,0.7561
10.843150534972033,106.6151343241409,23,35,1.0,16,25,5,1,0.6571
10.880537767027526,106.81481342866444,45,53,1.0,16,25,5,1,0.8491
10.740840166521664,106.61899246873142,27,35,1.0,16,25,5,1,0.7714
10.798986343749618,106.7269705664684,45,45,1.0,16,25,5,1,1.0
10.741860769464234,106.73790365482628,37,43,1.0,16,25,5,1,0.8605
10.752408891679814,106.7022703818112,20,34,1.0,16,25,5,1,0.5882
10.786216596454729,106.71836665482697,40,40,1.0,16,25,5,1,1.0
10.78948793356203,106.7151883818118,28,35,1.0,16,25,5,1,0.8
10.80223925742187,106.6478722259914,27,41,1.0,16,25,5,1,0.6585
10.813928881466124,106.66511432455972,21,34,0.995432,16,25,5,1,0.6176
10.755608615763382,106.67347943578082,19,28,0.998947,16,25,5,1,0.6786
10.782680856341084,106.70051548181168,17,30,1.0,16,25,5,1,0.5667
10.754895139302109,106.67839188181134,21,32,1.0,16,25,5,1,0.6562
10.785070445194592,106.68331340921324,17,28,1.0,16,25,5,1,0.6071
10.7549373008113,106.67848844133415,21,32,1.0,16,25,5,1,0.6562
10.77898143649726,106.67684447140958,22,34,1.0,16,25,5,1,0.6471
10.7671128283867,106.6927618222887,20,20,1.0,16,25,5,1,1.0
10.77847212665258,106.69389510879644,28,42,1.0,16,25,5,1,0.6667
10.796057790235078,106.67492629345334,20,33,0.995463,16,25,5,1,0.6061
10.8352982156415,106.72935479345392,33,42,0.997421,16,26,5,1,0.7857
10.777562007197462,106.7041335430398,18,30,1.0,16,26,5,1,0.6
10.83886351241477,106.67566625482782,26,36,1.0,16,26,5,1,0.7222
10.765187049751797,106.67550552599072,20,35,1.0,16,26,5,1,0.5714
10.75948437198232,106.6840537511244,17,28,0.998947,16,26,5,1,0.6071
10.865229381280963,106.72366973948476,33,49,1.0,16,26,5,1,0.6735
10.72279213640514,106.72808623948244,22,36,0.996807,16,26,5,1,0.6111
10.823400120373712,106.68551227436063,22,31,1.0,16,26,5,1,0.7097
10.756158554057755,106.66631758181126,21,29,1.0,16,26,5,1,0.7241
10.7144382088356,106.73711688366168,23,35,1.0,16,26,5,1,0.6571
10.817236653231737,106.63191539530456,21,35,1.0,16,26,5,1,0.6
10.772727584493625,106.69804225297564,14,24,1.0,16,28,5,1,0.5833
10.774028664434528,106.70357076461706,15,27,1.0,16,28,5,1,0.5556
10.752616652291238,106.72509685338922,39,39,1.0,16,28,5,1,1.0
10.745754766198267,106.65326266831876,42,42,1.0,16,28,5,1,1.0
10.94927106740351,106.87196348224562,30,41,1.0,16,28,5,1,0.7317
10.78866360854368,106.695513722289,32,42,1.0,16,28,5,1,0.7619
10.801406421807084,106.7114844087968,32,42,1.0,16,28,5,1,0.7619
10.843150534972033,106.6151343241409,21,35,1.0,16,28,5,1,0.6
10.880537767027526,106.81481342866444,43,53,1.0,16,29,5,1,0.8113
10.740840166521664,106.61899246873142,28,35,1.0,16,29,5,1,0.8
10.798986343749618,106.7269705664684,45,45,1.0,16,29,5,1,1.0
10.741860769464234,106.73790365482628,45,45,1.0,16,29,5,1,1.0
10.752408891679814,106.7022703818112,20,34,1.0,16,29,5,1,0.5882
10.786216596454729,106.71836665482697,40,40,1.0,16,29,5,1,1.0
10.78948793356203,106.7151883818118,36,36,1.0,16,29,5,1,1.0
10.80223925742187,106.6478722259914,30,41,1.0,16,29,5,1,0.7317
10.813928881466124,106.66511432455972,21,34,0.997381,16,29,5,1,0.6176
10.755608615763382,106.67347943578082,22,28,1.0,16,29,5,1,0.7857
10.782680856341084,106.70051548181168,17,30,1.0,16,29,5,1,0.5667
10.754895139302109,106.67839188181134,21,33,1.0,16,29,5,1,0.6364
10.785070445194592,106.68331340921324,14,27,1.0,16,29,5,1,0.5185
10.7549373008113,106.67848844133415,21,33,1.0,16,29,5,1,0.6364
10.77898143649726,106.67684447140958,22,35,1.0,16,29,5,1,0.6286
10.7671128283867,106.6927618222887,20,20,1.0,16,29,5,1,1.0
10.77847212665258,106.69389510879644,28,41,1.0,16,29,5,1,0.6829
10.796057790235078,106.67492629345334,21,34,0.997381,16,29,5,1,0.6176
10.8352982156415,106.72935479345392,34,42,0.997239,16,29,5,1,0.8095
10.777562007197462,106.7041335430398,17,30,1.0,16,29,5,1,0.5667
10.83886351241477,106.67566625482782,26,36,1.0,16,29,5,1,0.7222
10.765187049751797,106.67550552599072,23,36,1.0,16,29,5,1,0.6389
10.75948437198232,106.6840537511244,21,28,1.0,16,30,5,1,0.75
10.865229381280963,106.72366973948476,33,49,1.0,16,30,5,1,0.6735
10.72279213640514,106.72808623948244,23,37,0.997902,16,30,5,1,0.6216
10.823400120373712,106.68551227436063,23,31,1.0,16,30,5,1,0.7419
10.756158554057755,106.66631758181126,22,30,1.0,16,30,5,1,0.7333
10.7144382088356,106.73711688366168,23,36,1.0,16,30,5,1,0.6389
10.817236653231737,106.63191539530456,21,35,1.0,16,30,5,1,0.6
10.772727584493625,106.69804225297564,14,24,1.0,16,32,5,1,0.5833
10.774028664434528,106.70357076461706,16,29,1.0,16,32,5,1,0.5517
10.752616652291238,106.72509685338922,39,39,1.0,16,32,5,1,1.0
10.745754766198267,106.65326266831876,37,42,1.0,16,32,5,1,0.881
10.94927106740351,106.87196348224562,26,42,1.0,16,32,5,1,0.619
10.78866360854368,106.695513722289,32,42,1.0,16,32,5,1,0.7619
10.801406421807084,106.7114844087968,32,42,1.0,16,32,5,1,0.7619
10.843150534972033,106.6151343241409,21,35,1.0,16,32,5,1,0.6
10.880537767027526,106.81481342866444,43,53,1.0,16,32,5,1,0.8113
10.740840166521664,106.61899246873142,27,35,1.0,16,32,5,1,0.7714
10.798986343749618,106.7269705664684,45,45,1.0,16,33,5,1,1.0
10.741860769464234,106.73790365482628,40,45,1.0,16,33,5,1,0.8889
10.752408891679814,106.7022703818112,19,34,1.0,16,33,5,1,0.5588
10.786216596454729,106.71836665482697,40,40,1.0,16,33,5,1,1.0
10.78948793356203,106.7151883818118,36,36,1.0,16,33,5,1,1.0
10.80223925742187,106.6478722259914,27,39,1.0,16,33,5,1,0.6923
10.813928881466124,106.66511432455972,21,33,0.997472,16,33,5,1,0.6364
10.755608615763382,106.67347943578082,19,28,0.998947,16,33,5,1,0.6786
10.782680856341084,106.70051548181168,17,30,1.0,16,33,5,1,0.5667
10.754895139302109,106.67839188181134,21,33,1.0,16,34,5,1,0.6364
10.785070445194592,106.68331340921324,14,28,1.0,16,34,5,1,0.5
10.7549373008113,106.67848844133415,21,33,1.0,16,34,5,1,0.6364
10.77898143649726,106.67684447140958,22,34,1.0,16,34,5,1,0.6471
10.7671128283867,106.6927618222887,14,20,1.0,16,34,5,1,0.7
10.77847212665258,106.69389510879644,27,41,1.0,16,34,5,1,0.6585
10.796057790235078,106.67492629345334,21,33,0.997443,16,34,5,1,0.6364
10.8352982156415,106.72935479345392,34,42,0.997028,16,34,5,1,0.8095
10.777562007197462,106.7041335430398,17,30,1.0,16,34,5,1,0.5667
10.83886351241477,106.67566625482782,26,36,1.0,16,34,5,1,0.7222
10.765187049751797,106.67550552599072,23,36,1.0,16,34,5,1,0.6389
10.75948437198232,106.6840537511244,20,28,0.997894,16,34,5,1,0.7143
10.865229381280963,106.72366973948476,33,49,1.0,16,34,5,1,0.6735
10.72279213640514,106.72808623948244,24,37,0.997203,16,34,5,1,0.6486
10.823400120373712,106.68551227436063,24,31,1.0,16,34,5,1,0.7742
10.756158554057755,106.66631758181126,19,28,1.0,16,34,5,1,0.6786
10.7144382088356,106.73711688366168,23,35,1.0,16,34,5,1,0.6571
10.817236653231737,106.63191539530456,21,35,1.0,16,34,5,1,0.6
10.772727584493625,106.69804225297564,14,24,0.997451,16,37,5,1,0.5833
10.774028664434528,106.70357076461706,19,29,1.0,16,37,5,1,0.6552
10.752616652291238,106.72509685338922,39,39,1.0,16,37,5,1,1.0
10.745754766198267,106.65326266831876,38,43,1.0,16,37,5,1,0.8837
10.94927106740351,106.87196348224562,27,42,1.0,16,37,5,1,0.6429
10.78866360854368,106.695513722289,32,42,1.0,16,37,5,1,0.7619
10.801406421807084,106.7114844087968,32,42,1.0,16,37,5,1,0.7619
10.843150534972033,106.6151343241409,22,35,1.0,16,37,5,1,0.6286
10.880537767027526,106.81481342866444,43,53,1.0,16,38,5,1,0.8113
10.740840166521664,106.61899246873142,26,35,1.0,16,38,5,1,0.7429
10.798986343749618,106.7269705664684,45,45,1.0,16,38,5,1,1.0
10.741860769464234,106.73790365482628,40,43,1.0,16,38,5,1,0.9302
10.752408891679814,106.7022703818112,18,33,1.0,16,38,5,1,0.5455
10.786216596454729,106.71836665482697,40,40,1.0,16,38,5,1,1.0
10.78948793356203,106.7151883818118,25,35,1.0,16,38,5,1,0.7143
10.80223925742187,106.6478722259914,27,40,1.0,16,38,5,1,0.675
10.813928881466124,106.66511432455972,21,34,0.999057,16,38,5,1,0.6176
10.755608615763382,106.67347943578082,19,27,0.997894,16,38,5,1,0.7037
10.782680856341084,106.70051548181168,17,30,1.0,16,38,5,1,0.5667
10.754895139302109,106.67839188181134,20,32,1.0,16,38,5,1,0.625
10.785070445194592,106.68331340921324,15,27,1.0,16,38,5,1,0.5556
10.7549373008113,106.67848844133415,22,33,1.0,16,38,5,1,0.6667
10.77898143649726,106.67684447140958,22,35,1.0,16,38,5,1,0.6286
10.7671128283867,106.6927618222887,20,20,1.0,16,38,5,1,1.0
10.77847212665258,106.69389510879644,28,41,1.0,16,38,5,1,0.6829
10.796057790235078,106.67492629345334,21,34,0.999057,16,38,5,1,0.6176
10.8352982156415,106.72935479345392,33,42,0.998196,16,38,5,1,0.7857
10.777562007197462,106.7041335430398,18,29,1.0,16,38,5,1,0.6207
10.83886351241477,106.67566625482782,27,36,1.0,16,38,5,1,0.75
10.765187049751797,106.67550552599072,22,35,1.0,16,39,5,1,0.6286
10.75948437198232,106.6840537511244,16,27,0.996818,16,39,5,1,0.5926
10.865229381280963,106.72366973948476,33,49,1.0,16,39,5,1,0.6735
10.72279213640514,106.72808623948244,24,37,0.997203,16,39,5,1,0.6486
10.823400120373712,106.68551227436063,23,31,1.0,16,39,5,1,0.7419
10.756158554057755,106.66631758181126,21,30,1.0,16,39,5,1,0.7
10.7144382088356,106.73711688366168,23,35,1.0,16,39,5,1,0.6571
10.817236653231737,106.63191539530456,22,35,1.0,16,39,5,1,0.6286
10.772727584493625,106.69804225297564,12,24,0.99675,16,41,5,1,0.5
10.774028664434528,106.70357076461706,17,28,1.0,16,41,5,1,0.6071
10.752616652291238,106.72509685338922,39,39,1.0,16,41,5,1,1.0
10.745754766198267,106.65326266831876,36,43,1.0,16,41,5,1,0.8372
10.94927106740351,106.87196348224562,27,43,1.0,16,41,5,1,0.6279
10.78866360854368,106.695513722289,33,42,1.0,16,41,5,1,0.7857
10.801406421807084,106.7114844087968,33,42,1.0,16,41,5,1,0.7857
10.843150534972033,106.6151343241409,23,35,1.0,16,41,5,1,0.6571
10.880537767027526,106.81481342866444,43,53,1.0,16,41,5,1,0.8113
10.740840166521664,106.61899246873142,27,36,1.0,16,42,5,1,0.75
10.798986343749618,106.7269705664684,45,45,1.0,16,42,5,1,1.0
10.741860769464234,106.73790365482628,39,44,1.0,16,42,5,1,0.8864
10.752408891679814,106.7022703818112,19,34,1.0,16,42,5,1,0.5588
10.786216596454729,106.71836665482697,40,40,1.0,16,42,5,1,1.0
10.78948793356203,106.7151883818118,18,35,1.0,16,42,5,1,0.5143
10.80223925742187,106.6478722259914,27,40,1.0,16,42,5,1,0.675
10.813928881466124,106.66511432455972,20,34,0.999057,16,42,5,1,0.5882
10.755608615763382,106.67347943578082,18,28,1.0,16,42,5,1,0.6429
10.782680856341084,106.70051548181168,16,30,1.0,16,42,5,1,0.5333
10.754895139302109,106.67839188181134,21,33,1.0,16,42,5,1,0.6364
10.785070445194592,106.68331340921324,16,27,1.0,16,42,5,1,0.5926
10.7549373008113,106.67848844133415,21,33,1.0,16,42,5,1,0.6364
10.77898143649726,106.67684447140958,21,34,1.0,16,42,5,1,0.6176
10.7671128283867,106.6927618222887,14,20,1.0,16,42,5,1,0.7
10.77847212665258,106.69389510879644,27,41,1.0,16,42,5,1,0.6585
10.796057790235078,106.67492629345334,20,34,0.999057,16,42,5,1,0.5882
10.8352982156415,106.72935479345392,33,42,0.998243,16,42,5,1,0.7857
10.777562007197462,106.7041335430398,16,30,1.0,16,42,5,1,0.5333
10.83886351241477,106.67566625482782,27,36,0.998079,16,42,5,1,0.75
10.765187049751797,106.67550552599072,23,36,1.0,16,42,5,1,0.6389
10.75948437198232,106.6840537511244,18,28,1.0,16,42,5,1,0.6429
10.865229381280963,106.72366973948476,32,49,1.0,16,42,5,1,0.6531
10.72279213640514,106.72808623948244,22,36,0.997582,16,42,5,1,0.6111
10.823400120373712,106.68551227436063,22,31,1.0,16,42,5,1,0.7097
10.756158554057755,106.66631758181126,19,29,1.0,16,42,5,1,0.6552
10.7144382088356,106.73711688366168,23,35,1.0,16,42,5,1,0.6571
10.817236653231737,106.63191539530456,23,35,1.0,16,42,5,1,0.6571
10.772727584493625,106.69804225297564,13,24,0.997876,16,44,5,1,0.5417
10.774028664434528,106.70357076461706,20,28,1.0,16,44,5,1,0.7143
10.752616652291238,106.72509685338922,39,39,1.0,16,45,5,1,1.0
10.745754766198267,106.65326266831876,37,43,1.0,16,45,5,1,0.8605
10.94927106740351,106.87196348224562,23,40,1.0,16,45,5,1,0.575
10.78866360854368,106.695513722289,32,41,1.0,16,45,5,1,0.7805
10.801406421807084,106.7114844087968,32,41,1.0,16,45,5,1,0.7805
10.843150534972033,106.6151343241409,22,35,1.0,16,45,5,1,0.6286
10.880537767027526,106.81481342866444,42,53,1.0,16,45,5,1,0.7925
10.740840166521664,106.61899246873142,26,35,1.0,16,45,5,1,0.7429
10.798986343749618,106.7269705664684,45,45,1.0,16,45,5,1,1.0
10.741860769464234,106.73790365482628,38,44,1.0,16,45,5,1,0.8636
10.752408891679814,106.7022703818112,16,33,1.0,16,45,5,1,0.4848
10.786216596454729,106.71836665482697,31,40,1.0,16,45,5,1,0.775
10.78948793356203,106.7151883818118,25,35,1.0,16,45,5,1,0.7143
10.80223925742187,106.6478722259914,26,41,1.0,16,45,5,1,0.6341
10.813928881466124,106.66511432455972,21,34,0.998979,16,45,5,1,0.6176
10.755608615763382,106.67347943578082,17,27,1.0,16,45,5,1,0.6296
10.782680856341084,106.70051548181168,16,30,1.0,16,46,5,1,0.5333
10.754895139302109,106.67839188181134,22,32,1.0,16,46,5,1,0.6875
10.785070445194592,106.68331340921324,20,28,1.0,16,46,5,1,0.7143
10.7549373008113,106.67848844133415,22,32,1.0,16,46,5,1,0.6875
10.77898143649726,106.67684447140958,21,34,1.0,16,46,5,1,0.6176
10.7671128283867,106.6927618222887,10,19,1.0,16,46,5,1,0.5263
10.77847212665258,106.69389510879644,28,42,1.0,16,46,5,1,0.6667
10.796057790235078,106.67492629345334,21,33,0.999242,16,46,5,1,0.6364
10.8352982156415,106.72935479345392,32,43,0.997772,16,46,5,1,0.7442
10.777562007197462,106.7041335430398,18,30,1.0,16,46,5,1,0.6
10.83886351241477,106.67566625482782,25,36,1.0,16,46,5,1,0.6944
10.765187049751797,106.67550552599072,22,35,1.0,16,46,5,1,0.6286
10.75948437198232,106.6840537511244,19,28,1.0,16,46,5,1,0.6786
10.865229381280963,106.72366973948476,32,49,1.0,16,46,5,1,0.6531
10.72279213640514,106.72808623948244,22,37,0.998165,16,46,5,1,0.5946
10.823400120373712,106.68551227436063,22,32,1.0,16,47,5,1,0.6875
10.756158554057755,106.66631758181126,22,30,1.0,16,47,5,1,0.7333
10.7144382088356,106.73711688366168,22,35,1.0,16,47,5,1,0.6286
10.817236653231737,106.63191539530456,23,35,1.0,16,47,5,1,0.6571
10.772727584493625,106.69804225297564,13,25,1.0,16,49,5,1,0.52
10.774028664434528,106.70357076461706,19,29,1.0,16,49,5,1,0.6552
10.752616652291238,106.72509685338922,31,39,1.0,16,49,5,1,0.7949
10.745754766198267,106.65326266831876,42,42,1.0,16,49,5,1,1.0
10.94927106740351,106.87196348224562,30,42,1.0,16,49,5,1,0.7143
10.78866360854368,106.695513722289,31,42,1.0,16,49,5,1,0.7381
10.801406421807084,106.7114844087968,31,42,1.0,16,49,5,1,0.7381
10.843150534972033,106.6151343241409,23,35,1.0,16,49,5,1,0.6571
10.880537767027526,106.81481342866444,43,54,1.0,16,49,5,1,0.7963
10.740840166521664,106.61899246873142,27,36,1.0,16,49,5,1,0.75
10.798986343749618,106.7269705664684,45,45,1.0,16,49,5,1,1.0
10.741860769464234,106.73790365482628,37,44,1.0,16,49,5,1,0.8409
10.752408891679814,106.7022703818112,18,34,1.0,16,49,5,1,0.5294
10.786216596454729,106.71836665482697,40,40,1.0,16,49,5,1,1.0
10.78948793356203,106.7151883818118,27,36,1.0,16,50,5,1,0.75
10.80223925742187,106.6478722259914,29,41,1.0,16,50,5,1,0.7073
10.813928881466124,106.66511432455972,22,34,1.0,16,50,5,1,0.6471
10.755608615763382,106.67347943578082,17,28,1.0,16,50,5,1,0.6071
10.782680856341084,106.70051548181168,16,30,1.0,16,50,5,1,0.5333
10.754895139302109,106.67839188181134,21,33,1.0,16,50,5,1,0.6364
10.785070445194592,106.68331340921324,14,28,1.0,16,50,5,1,0.5
10.7549373008113,106.67848844133415,21,33,1.0,16,50,5,1,0.6364
10.77898143649726,106.67684447140958,21,34,1.0,16,50,5,1,0.6176
10.7671128283867,106.6927618222887,20,20,1.0,16,50,5,1,1.0
10.77847212665258,106.69389510879644,28,42,1.0,16,50,5,1,0.6667
10.796057790235078,106.67492629345334,22,34,1.0,16,50,5,1,0.6471
10.8352982156415,106.72935479345392,33,42,0.997261,16,50,5,1,0.7857
10.777562007197462,106.7041335430398,16,30,1.0,16,50,5,1,0.5333
10.83886351241477,106.67566625482782,26,36,1.0,16,50,5,1,0.7222
10.765187049751797,106.67550552599072,20,36,1.0,16,50,5,1,0.5556
10.75948437198232,106.6840537511244,17,28,1.0,16,50,5,1,0.6071
10.865229381280963,106.72366973948476,33,49,1.0,16,50,5,1,0.6735
10.72279213640514,106.72808623948244,21,37,0.996993,16,51,5,1,0.5676
10.823400120373712,106.68551227436063,24,32,1.0,16,51,5,1,0.75
10.756158554057755,106.66631758181126,20,30,1.0,16,51,5,1,0.6667
10.7144382088356,106.73711688366168,22,35,1.0,16,51,5,1,0.6286
10.817236653231737,106.63191539530456,24,35,1.0,16,51,5,1,0.6857
10.772727584493625,106.69804225297564,14,24,1.0,16,53,5,1,0.5833
10.774028664434528,106.70357076461706,17,27,1.0,16,53,5,1,0.6296
10.752616652291238,106.72509685338922,31,39,1.0,16,53,5,1,0.7949
10.745754766198267,106.65326266831876,42,42,1.0,16,53,5,1,1.0
10.94927106740351,106.87196348224562,31,41,1.0,16,53,5,1,0.7561
10.78866360854368,106.695513722289,32,42,1.0,16,53,5,1,0.7619
10.801406421807084,106.7114844087968,32,42,1.0,16,53,5,1,0.7619
10.843150534972033,106.6151343241409,23,35,1.0,16,54,5,1,0.6571
10.880537767027526,106.81481342866444,43,53,1.0,16,54,5,1,0.8113
10.740840166521664,106.61899246873142,25,35,1.0,16,54,5,1,0.7143
10.798986343749618,106.7269705664684,45,45,1.0,16,54,5,1,1.0
10.741860769464234,106.73790365482628,36,44,1.0,16,54,5,1,0.8182
10.752408891679814,106.7022703818112,19,33,1.0,16,54,5,1,0.5758
10.786216596454729,106.71836665482697,40,40,1.0,16,54,5,1,1.0
10.78948793356203,106.7151883818118,21,35,1.0,16,54,5,1,0.6
10.80223925742187,106.6478722259914,29,41,1.0,16,54,5,1,0.7073
10.813928881466124,106.66511432455972,21,34,0.998691,16,54,5,1,0.6176
10.755608615763382,106.67347943578082,17,28,1.0,16,54,5,1,0.6071
10.782680856341084,106.70051548181168,18,30,1.0,16,54,5,1,0.6
10.754895139302109,106.67839188181134,21,33,1.0,16,54,5,1,0.6364
10.785070445194592,106.68331340921324,13,28,1.0,16,54,5,1,0.4643
10.7549373008113,106.67848844133415,21,33,1.0,16,55,5,1,0.6364
10.77898143649726,106.67684447140958,22,34,1.0,16,55,5,1,0.6471
10.7671128283867,106.6927618222887,11,19,1.0,16,55,5,1,0.5789
10.77847212665258,106.69389510879644,26,41,1.0,16,55,5,1,0.6341
10.796057790235078,106.67492629345334,21,33,0.999244,16,55,5,1,0.6364
10.8352982156415,106.72935479345392,33,42,0.996575,16,55,5,1,0.7857
10.777562007197462,106.7041335430398,18,31,1.0,16,55,5,1,0.5806
10.83886351241477,106.67566625482782,26,36,1.0,16,55,5,1,0.7222
10.765187049751797,106.67550552599072,23,35,1.0,16,55,5,1,0.6571
10.75948437198232,106.6840537511244,18,28,1.0,16,55,5,1,0.6429
10.865229381280963,106.72366973948476,32,49,1.0,16,55,5,1,0.6531
10.72279213640514,106.72808623948244,22,37,0.99856,16,55,5,1,0.5946
10.823400120373712,106.68551227436063,21,31,1.0,16,55,5,1,0.6774
10.756158554057755,106.66631758181126,17,29,1.0,16,55,5,1,0.5862
10.7144382088356,106.73711688366168,22,35,1.0,16,56,5,1,0.6286
10.817236653231737,106.63191539530456,22,35,1.0,16,56,5,1,0.6286
10.772727584493625,106.69804225297564,14,24,0.998623,16,58,5,1,0.5833
10.774028664434528,106.70357076461706,13,29,1.0,16,58,5,1,0.4483
10.752616652291238,106.72509685338922,39,39,1.0,16,58,5,1,1.0
10.745754766198267,106.65326266831876,42,42,1.0,16,58,5,1,1.0
10.94927106740351,106.87196348224562,30,41,1.0,16,58,5,1,0.7317
10.78866360854368,106.695513722289,31,42,1.0,16,58,5,1,0.7381
10.801406421807084,106.7114844087968,31,42,1.0,16,58,5,1,0.7381
10.843150534972033,106.6151343241409,23,35,1.0,16,58,5,1,0.6571
10.880537767027526,106.81481342866444,42,53,1.0,16,58,5,1,0.7925
10.740840166521664,106.61899246873142,26,35,1.0,16,58,5,1,0.7429
10.798986343749618,106.7269705664684,45,45,1.0,16,58,5,1,1.0
10.741860769464234,106.73790365482628,38,44,1.0,16,58,5,1,0.8636
10.752408891679814,106.7022703818112,19,34,1.0,16,58,5,1,0.5588
10.786216596454729,106.71836665482697,40,40,1.0,16,58,5,1,1.0
10.78948793356203,106.7151883818118,23,35,1.0,16,58,5,1,0.6571
10.80223925742187,106.6478722259914,28,41,1.0,16,58,5,1,0.6829
10.813928881466124,106.66511432455972,22,33,0.997719,16,58,5,1,0.6667
10.755608615763382,106.67347943578082,16,27,0.997482,16,58,5,1,0.5926
10.782680856341084,106.70051548181168,15,30,1.0,16,58,5,1,0.5
10.754895139302109,106.67839188181134,20,32,1.0,16,59,5,1,0.625
10.785070445194592,106.68331340921324,17,27,1.0,16,59,5,1,0.6296
10.7549373008113,106.67848844133415,20,32,1.0,16,59,5,1,0.625
10.77898143649726,106.67684447140958,22,34,1.0,16,59,5,1,0.6471
10.7671128283867,106.6927618222887,20,20,1.0,16,59,5,1,1.0
10.77847212665258,106.69389510879644,26,41,1.0,16,59,5,1,0.6341
10.796057790235078,106.67492629345334,22,34,0.998196,16,59,5,1,0.6471
10.8352982156415,106.72935479345392,32,43,0.995771,16,59,5,1,0.7442
10.777562007197462,106.7041335430398,16,30,1.0,16,59,5,1,0.5333
10.83886351241477,106.67566625482782,25,36,0.997619,16,59,5,1,0.6944
10.765187049751797,106.67550552599072,23,35,1.0,16,59,5,1,0.6571
10.75948437198232,106.6840537511244,16,27,0.998954,16,59,5,1,0.5926
10.865229381280963,106.72366973948476,31,49,1.0,16,59,5,1,0.6327
10.72279213640514,106.72808623948244,21,37,0.998679,16,59,5,1,0.5676
10.823400120373712,106.68551227436063,20,31,1.0,16,59,5,1,0.6452
10.756158554057755,106.66631758181126,22,29,1.0,16,59,5,1,0.7586
10.7144382088356,106.73711688366168,22,35,1.0,16,59,5,1,0.6286
10.817236653231737,106.63191539530456,23,35,1.0,16,59,5,1,0.6571
10.772727584493625,106.69804225297564,15,24,1.0,17,1,5,1,0.625
10.774028664434528,106.70357076461706,16,28,1.0,17,1,5,1,0.5714
10.752616652291238,106.72509685338922,31,39,1.0,17,1,5,1,0.7949
10.745754766198267,106.65326266831876,36,42,1.0,17,1,5,1,0.8571
10.94927106740351,106.87196348224562,30,43,1.0,17,1,5,1,0.6977
10.78866360854368,106.695513722289,31,42,1.0,17,1,5,1,0.7381
10.801406421807084,106.7114844087968,31,42,1.0,17,1,5,1,0.7381
10.843150534972033,106.6151343241409,22,35,1.0,17,2,5,1,0.6286
10.880537767027526,106.81481342866444,41,53,1.0,17,2,5,1,0.7736
10.740840166521664,106.61899246873142,26,35,1.0,17,2,5,1,0.7429
10.798986343749618,106.7269705664684,45,45,1.0,17,2,5,1,1.0
10.741860769464234,106.73790365482628,36,45,1.0,17,2,5,1,0.8
10.752408891679814,106.7022703818112,17,34,1.0,17,2,5,1,0.5
10.786216596454729,106.71836665482697,40,40,1.0,17,2,5,1,1.0
10.78948793356203,106.7151883818118,36,36,1.0,17,2,5,1,1.0
10.80223925742187,106.6478722259914,25,40,1.0,17,2,5,1,0.625
10.813928881466124,106.66511432455972,23,34,0.998667,17,2,5,1,0.6765
10.755608615763382,106.67347943578082,17,27,1.0,17,2,5,1,0.6296
10.782680856341084,106.70051548181168,17,30,1.0,17,2,5,1,0.5667
10.754895139302109,106.67839188181134,20,32,1.0,17,2,5,1,0.625
10.785070445194592,106.68331340921324,14,28,1.0,17,2,5,1,0.5
10.7549373008113,106.67848844133415,20,32,1.0,17,2,5,1,0.625
10.77898143649726,106.67684447140958,23,34,1.0,17,2,5,1,0.6765
10.7671128283867,106.6927618222887,12,20,1.0,17,2,5,1,0.6
10.77847212665258,106.69389510879644,26,41,1.0,17,2,5,1,0.6341
10.796057790235078,106.67492629345334,23,34,0.998667,17,2,5,1,0.6765
10.8352982156415,106.72935479345392,34,42,0.995303,17,2,5,1,0.8095
10.777562007197462,106.7041335430398,17,30,1.0,17,2,5,1,0.5667
10.83886351241477,106.67566625482782,26,36,0.99741,17,2,5,1,0.7222
10.765187049751797,106.67550552599072,21,36,1.0,17,2,5,1,0.5833
10.75948437198232,106.6840537511244,17,27,1.0,17,2,5,1,0.6296
10.865229381280963,106.72366973948476,32,49,1.0,17,2,5,1,0.6531
10.72279213640514,106.72808623948244,21,37,0.998019,17,2,5,1,0.5676
10.823400120373712,106.68551227436063,20,31,1.0,17,2,5,1,0.6452
10.756158554057755,106.66631758181126,19,29,1.0,17,2,5,1,0.6552
10.7144382088356,106.73711688366168,22,35,1.0,17,3,5,1,0.6286
10.817236653231737,106.63191539530456,22,35,1.0,17,3,5,1,0.6286
10.772727584493625,106.69804225297564,13,24,0.998456,17,5,5,1,0.5417
10.774028664434528,106.70357076461706,19,27,1.0,17,5,5,1,0.7037
10.752616652291238,106.72509685338922,31,40,1.0,17,5,5,1,0.775
10.745754766198267,106.65326266831876,42,42,1.0,17,5,5,1,1.0
10.94927106740351,106.87196348224562,27,41,1.0,17,5,5,1,0.6585
10.78866360854368,106.695513722289,32,41,1.0,17,5,5,1,0.7805
10.801406421807084,106.7114844087968,32,41,1.0,17,5,5,1,0.7805
10.843150534972033,106.6151343241409,22,35,1.0,17,6,5,1,0.6286
10.880537767027526,106.81481342866444,42,54,1.0,17,6,5,1,0.7778
10.740840166521664,106.61899246873142,25,35,1.0,17,6,5,1,0.7143
10.798986343749618,106.7269705664684,45,45,1.0,17,6,5,1,1.0
10.741860769464234,106.73790365482628,36,44,1.0,17,6,5,1,0.8182
10.752408891679814,106.7022703818112,18,33,1.0,17,6,5,1,0.5455
10.786216596454729,106.71836665482697,36,40,1.0,17,6,5,1,0.9
10.78948793356203,106.7151883818118,36,36,1.0,17,6,5,1,1.0
10.80223925742187,106.6478722259914,25,40,1.0,17,6,5,1,0.625
10.813928881466124,106.66511432455972,21,33,0.998405,17,6,5,1,0.6364
10.755608615763382,106.67347943578082,14,28,1.0,17,6,5,1,0.5
10.782680856341084,106.70051548181168,15,30,1.0,17,6,5,1,0.5
10.754895139302109,106.67839188181134,20,33,1.0,17,6,5,1,0.6061
10.785070445194592,106.68331340921324,14,28,1.0,17,6,5,1,0.5
10.7549373008113,106.67848844133415,20,33,1.0,17,6,5,1,0.6061
10.77898143649726,106.67684447140958,22,34,1.0,17,6,5,1,0.6471
10.7671128283867,106.6927618222887,14,20,1.0,17,6,5,1,0.7
10.77847212665258,106.69389510879644,26,41,1.0,17,6,5,1,0.6341
10.796057790235078,106.67492629345334,21,33,0.998405,17,6,5,1,0.6364
10.8352982156415,106.72935479345392,30,42,0.992386,17,7,5,1,0.7143
10.777562007197462,106.7041335430398,15,30,1.0,17,7,5,1,0.5
10.83886351241477,106.67566625482782,23,35,1.0,17,7,5,1,0.6571
10.765187049751797,106.67550552599072,25,36,1.0,17,7,5,1,0.6944
10.75948437198232,106.6840537511244,14,28,1.0,17,7,5,1,0.5
10.865229381280963,106.72366973948476,32,49,1.0,17,7,5,1,0.6531
10.72279213640514,106.72808623948244,21,37,0.997931,17,7,5,1,0.5676
10.823400120373712,106.68551227436063,21,31,1.0,17,7,5,1,0.6774
10.756158554057755,106.66631758181126,21,29,1.0,17,7,5,1,0.7241
10.7144382088356,106.73711688366168,22,35,1.0,17,7,5,1,0.6286
10.817236653231737,106.63191539530456,23,35,1.0,17,7,5,1,0.6571
10.772727584493625,106.69804225297564,13,23,0.968025,19,40,5,1,0.5652
10.774028664434528,106.70357076461706,19,28,0.92,19,40,5,1,0.6786
10.752616652291238,106.72509685338922,29,39,1.0,19,40,5,1,0.7436
10.745754766198267,106.65326266831876,37,43,1.0,19,40,5,1,0.8605
10.94927106740351,106.87196348224562,20,41,1.0,19,40,5,1,0.4878
10.78866360854368,106.695513722289,33,42,1.0,19,40,5,1,0.7857
10.801406421807084,106.7114844087968,33,42,1.0,19,40,5,1,0.7857
10.843150534972033,106.6151343241409,25,35,1.0,19,40,5,1,0.7143
10.880537767027526,106.81481342866444,45,53,1.0,19,40,5,1,0.8491
10.740840166521664,106.61899246873142,27,35,1.0,19,40,5,1,0.7714
10.798986343749618,106.7269705664684,45,45,1.0,19,40,5,1,1.0
10.741860769464234,106.73790365482628,45,45,1.0,19,40,5,1,1.0
10.752408891679814,106.7022703818112,23,33,1.0,19,40,5,1,0.697
10.786216596454729,106.71836665482697,40,40,1.0,19,40,5,1,1.0
10.78948793356203,106.7151883818118,36,36,1.0,19,40,5,1,1.0
10.80223925742187,106.6478722259914,28,41,1.0,19,40,5,1,0.6829
10.813928881466124,106.66511432455972,21,33,0.997651,19,41,5,1,0.6364
10.755608615763382,106.67347943578082,16,28,0.99908,19,41,5,1,0.5714
10.782680856341084,106.70051548181168,15,30,1.0,19,41,5,1,0.5
10.754895139302109,106.67839188181134,20,32,1.0,19,41,5,1,0.625
10.785070445194592,106.68331340921324,16,27,1.0,19,41,5,1,0.5926
10.7549373008113,106.67848844133415,20,32,1.0,19,41,5,1,0.625
10.77898143649726,106.67684447140958,22,34,1.0,19,41,5,1,0.6471
10.7671128283867,106.6927618222887,11,20,1.0,19,41,5,1,0.55
10.77847212665258,106.69389510879644,28,42,1.0,19,41,5,1,0.6667
10.796057790235078,106.67492629345334,22,34,0.998661,19,42,5,1,0.6471
10.8352982156415,106.72935479345392,31,42,0.990474,19,42,5,1,0.7381
10.777562007197462,106.7041335430398,15,30,1.0,19,42,5,1,0.5
10.83886351241477,106.67566625482782,26,36,1.0,19,42,5,1,0.7222
10.765187049751797,106.67550552599072,20,35,1.0,19,42,5,1,0.5714
10.75948437198232,106.6840537511244,15,28,1.0,19,42,5,1,0.5357
10.865229381280963,106.72366973948476,35,49,1.0,19,42,5,1,0.7143
10.72279213640514,106.72808623948244,22,37,1.0,19,42,5,1,0.5946
10.823400120373712,106.68551227436063,22,32,1.0,19,42,5,1,0.6875
10.756158554057755,106.66631758181126,21,29,1.0,19,42,5,1,0.7241
10.7144382088356,106.73711688366168,22,35,1.0,19,42,5,1,0.6286
10.817236653231737,106.63191539530456,24,35,1.0,19,42,5,1,0.6857
10.772727584493625,106.69804225297564,11,23,0.974517,19,44,5,1,0.4783
10.774028664434528,106.70357076461706,19,29,0.92,19,45,5,1,0.6552
10.752616652291238,106.72509685338922,39,39,1.0,19,45,5,1,1.0
10.745754766198267,106.65326266831876,42,42,1.0,19,45,5,1,1.0
10.94927106740351,106.87196348224562,29,41,1.0,19,45,5,1,0.7073
10.78866360854368,106.695513722289,32,42,1.0,19,45,5,1,0.7619
10.801406421807084,106.7114844087968,32,42,1.0,19,45,5,1,0.7619
10.843150534972033,106.6151343241409,27,35,1.0,19,45,5,1,0.7714
10.880537767027526,106.81481342866444,46,53,1.0,19,45,5,1,0.8679
10.740840166521664,106.61899246873142,28,35,1.0,19,45,5,1,0.8
10.798986343749618,106.7269705664684,45,45,1.0,19,45,5,1,1.0
10.741860769464234,106.73790365482628,45,45,1.0,19,45,5,1,1.0
10.752408891679814,106.7022703818112,23,34,1.0,19,45,5,1,0.6765
10.786216596454729,106.71836665482697,40,40,1.0,19,45,5,1,1.0
10.78948793356203,106.7151883818118,36,36,1.0,19,46,5,1,1.0
10.80223925742187,106.6478722259914,30,39,1.0,19,46,5,1,0.7692
10.813928881466124,106.66511432455972,23,34,1.0,19,46,5,1,0.6765
10.755608615763382,106.67347943578082,14,29,1.0,19,46,5,1,0.4828
10.782680856341084,106.70051548181168,14,30,1.0,19,46,5,1,0.4667
10.754895139302109,106.67839188181134,20,33,1.0,19,46,5,1,0.6061
10.785070445194592,106.68331340921324,19,27,1.0,19,46,5,1,0.7037
10.7549373008113,106.67848844133415,20,33,1.0,19,46,5,1,0.6061
10.77898143649726,106.67684447140958,22,35,1.0,19,46,5,1,0.6286
10.7671128283867,106.6927618222887,9,20,1.0,19,46,5,1,0.45
10.77847212665258,106.69389510879644,27,41,1.0,19,46,5,1,0.6585
10.796057790235078,106.67492629345334,24,33,0.998948,19,46,5,1,0.7273
10.8352982156415,106.72935479345392,33,42,0.995259,19,46,5,1,0.7857
10.777562007197462,106.7041335430398,14,30,1.0,19,46,5,1,0.4667
10.83886351241477,106.67566625482782,25,35,1.0,19,46,5,1,0.7143
10.765187049751797,106.67550552599072,23,36,1.0,19,46,5,1,0.6389
10.75948437198232,106.6840537511244,12,27,1.0,19,46,5,1,0.4444
10.865229381280963,106.72366973948476,34,49,1.0,19,46,5,1,0.6939
10.72279213640514,106.72808623948244,22,37,1.0,19,46,5,1,0.5946
10.823400120373712,106.68551227436063,22,32,1.0,19,46,5,1,0.6875
10.756158554057755,106.66631758181126,22,30,1.0,19,46,5,1,0.7333
10.7144382088356,106.73711688366168,22,35,1.0,19,46,5,1,0.6286
10.817236653231737,106.63191539530456,25,35,1.0,19,46,5,1,0.7143
10.772727584493625,106.69804225297564,12,24,0.974517,19,49,5,1,0.5
10.774028664434528,106.70357076461706,18,28,0.92,19,49,5,1,0.6429
10.752616652291238,106.72509685338922,39,39,1.0,19,49,5,1,1.0
10.745754766198267,106.65326266831876,42,42,1.0,19,49,5,1,1.0
10.94927106740351,106.87196348224562,25,42,1.0,19,49,5,1,0.5952
10.78866360854368,106.695513722289,30,41,1.0,19,49,5,1,0.7317
10.801406421807084,106.7114844087968,30,41,1.0,19,49,5,1,0.7317
10.843150534972033,106.6151343241409,25,34,1.0,19,49,5,1,0.7353
10.880537767027526,106.81481342866444,46,53,1.0,19,49,5,1,0.8679
10.740840166521664,106.61899246873142,27,35,1.0,19,49,5,1,0.7714
10.798986343749618,106.7269705664684,45,45,1.0,19,49,5,1,1.0
10.741860769464234,106.73790365482628,45,45,1.0,19,49,5,1,1.0
10.752408891679814,106.7022703818112,22,33,1.0,19,49,5,1,0.6667
10.786216596454729,106.71836665482697,40,40,1.0,19,49,5,1,1.0
10.78948793356203,106.7151883818118,29,36,1.0,19,49,5,1,0.8056
10.80223925742187,106.6478722259914,29,39,1.0,19,49,5,1,0.7436
10.813928881466124,106.66511432455972,22,34,1.0,19,50,5,1,0.6471
10.755608615763382,106.67347943578082,16,28,1.0,19,50,5,1,0.5714
10.782680856341084,106.70051548181168,16,30,1.0,19,50,5,1,0.5333
10.754895139302109,106.67839188181134,21,32,1.0,19,50,5,1,0.6562
10.785070445194592,106.68331340921324,17,28,1.0,19,50,5,1,0.6071
10.7549373008113,106.67848844133415,21,32,1.0,19,50,5,1,0.6562
10.77898143649726,106.67684447140958,22,34,1.0,19,50,5,1,0.6471
10.7671128283867,106.6927618222887,9,20,1.0,19,50,5,1,0.45
10.77847212665258,106.69389510879644,28,41,1.0,19,50,5,1,0.6829
10.796057790235078,106.67492629345334,22,33,1.0,19,50,5,1,0.6667
10.8352982156415,106.72935479345392,33,42,0.99647,19,50,5,1,0.7857
10.777562007197462,106.7041335430398,17,31,1.0,19,50,5,1,0.5484
10.83886351241477,106.67566625482782,26,36,1.0,19,50,5,1,0.7222
10.765187049751797,106.67550552599072,22,35,1.0,19,50,5,1,0.6286
10.75948437198232,106.6840537511244,16,28,1.0,19,50,5,1,0.5714
10.865229381280963,106.72366973948476,34,49,1.0,19,50,5,1,0.6939
10.72279213640514,106.72808623948244,23,37,1.0,19,50,5,1,0.6216
10.823400120373712,106.68551227436063,20,31,1.0,19,51,5,1,0.6452
10.756158554057755,106.66631758181126,19,29,1.0,19,51,5,1,0.6552
10.7144382088356,106.73711688366168,23,35,1.0,19,51,5,1,0.6571
10.817236653231737,106.63191539530456,25,34,1.0,19,51,5,1,0.7353
10.772727584493625,106.69804225297564,12,24,0.968271,19,53,5,1,0.5
10.774028664434528,106.70357076461706,18,29,0.91,19,53,5,1,0.6207
10.752616652291238,106.72509685338922,39,39,1.0,19,53,5,1,1.0
10.745754766198267,106.65326266831876,42,42,1.0,19,53,5,1,1.0
10.94927106740351,106.87196348224562,27,41,1.0,19,53,5,1,0.6585
10.78866360854368,106.695513722289,33,42,1.0,19,53,5,1,0.7857
10.801406421807084,106.7114844087968,33,41,1.0,19,53,5,1,0.8049
10.843150534972033,106.6151343241409,25,34,1.0,19,53,5,1,0.7353
10.880537767027526,106.81481342866444,47,53,1.0,19,53,5,1,0.8868
10.740840166521664,106.61899246873142,28,35,1.0,19,53,5,1,0.8
10.798986343749618,106.7269705664684,45,45,1.0,19,53,5,1,1.0
10.741860769464234,106.73790365482628,45,45,1.0,19,53,5,1,1.0
10.752408891679814,106.7022703818112,24,34,1.0,19,53,5,1,0.7059
10.786216596454729,106.71836665482697,40,40,1.0,19,53,5,1,1.0
10.78948793356203,106.7151883818118,36,36,1.0,19,53,5,1,1.0
10.80223925742187,106.6478722259914,30,41,1.0,19,53,5,1,0.7317
10.813928881466124,106.66511432455972,23,34,1.0,19,53,5,1,0.6765
10.755608615763382,106.67347943578082,18,28,1.0,19,53,5,1,0.6429
10.782680856341084,106.70051548181168,16,30,1.0,19,53,5,1,0.5333
10.754895139302109,106.67839188181134,21,32,1.0,19,53,5,1,0.6562
10.785070445194592,106.68331340921324,15,28,1.0,19,54,5,1,0.5357
10.7549373008113,106.67848844133415,21,32,1.0,19,54,5,1,0.6562
10.77898143649726,106.67684447140958,22,34,1.0,19,54,5,1,0.6471
10.7671128283867,106.6927618222887,9,21,1.0,19,54,5,1,0.4286
10.77847212665258,106.69389510879644,29,41,1.0,19,54,5,1,0.7073
10.796057790235078,106.67492629345334,22,33,1.0,19,54,5,1,0.6667
10.8352982156415,106.72935479345392,35,42,0.996397,19,54,5,1,0.8333
10.777562007197462,106.7041335430398,16,30,1.0,19,54,5,1,0.5333
10.83886351241477,106.67566625482782,25,36,1.0,19,54,5,1,0.6944
10.765187049751797,106.67550552599072,20,36,1.0,19,54,5,1,0.5556
10.75948437198232,106.6840537511244,17,27,1.0,19,54,5,1,0.6296
10.865229381280963,106.72366973948476,36,49,1.0,19,54,5,1,0.7347
10.72279213640514,106.72808623948244,23,37,0.998475,19,54,5,1,0.6216
10.823400120373712,106.68551227436063,20,32,1.0,19,54,5,1,0.625
10.756158554057755,106.66631758181126,19,29,1.0,19,54,5,1,0.6552
10.7144382088356,106.73711688366168,23,36,1.0,19,54,5,1,0.6389
10.817236653231737,106.63191539530456,25,35,1.0,19,55,5,1,0.7143
10.772727584493625,106.69804225297564,10,23,0.978764,19,57,5,1,0.4348
10.774028664434528,106.70357076461706,16,28,0.94,19,57,5,1,0.5714
10.752616652291238,106.72509685338922,39,39,1.0,19,57,5,1,1.0
10.745754766198267,106.65326266831876,42,42,1.0,19,57,5,1,1.0
10.94927106740351,106.87196348224562,30,42,1.0,19,57,5,1,0.7143
10.78866360854368,106.695513722289,34,42,1.0,19,57,5,1,0.8095
10.801406421807084,106.7114844087968,34,42,1.0,19,57,5,1,0.8095
10.843150534972033,106.6151343241409,25,35,1.0,19,57,5,1,0.7143
10.880537767027526,106.81481342866444,44,53,1.0,19,57,5,1,0.8302
10.740840166521664,106.61899246873142,27,35,1.0,19,57,5,1,0.7714
10.798986343749618,106.7269705664684,45,45,1.0,19,57,5,1,1.0
10.741860769464234,106.73790365482628,45,45,1.0,19,57,5,1,1.0
10.752408891679814,106.7022703818112,24,33,1.0,19,57,5,1,0.7273
10.786216596454729,106.71836665482697,40,40,1.0,19,58,5,1,1.0
10.78948793356203,106.7151883818118,28,36,1.0,19,58,5,1,0.7778
10.80223925742187,106.6478722259914,30,41,1.0,19,58,5,1,0.7317
10.813928881466124,106.66511432455972,23,33,0.998195,19,58,5,1,0.697
10.755608615763382,106.67347943578082,17,27,1.0,19,58,5,1,0.6296
10.782680856341084,106.70051548181168,17,30,1.0,19,58,5,1,0.5667
10.754895139302109,106.67839188181134,21,33,1.0,19,58,5,1,0.6364
10.785070445194592,106.68331340921324,17,28,1.0,19,58,5,1,0.6071
10.7549373008113,106.67848844133415,21,33,1.0,19,58,5,1,0.6364
10.77898143649726,106.67684447140958,23,35,1.0,19,58,5,1,0.6571
10.7671128283867,106.6927618222887,9,20,1.0,19,58,5,1,0.45
10.77847212665258,106.69389510879644,28,41,1.0,19,59,5,1,0.6829
10.796057790235078,106.67492629345334,24,33,1.0,19,59,5,1,0.7273
10.8352982156415,106.72935479345392,32,42,0.997338,19,59,5,1,0.7619
10.777562007197462,106.7041335430398,17,31,1.0,19,59,5,1,0.5484
10.83886351241477,106.67566625482782,26,36,1.0,19,59,5,1,0.7222
10.765187049751797,106.67550552599072,23,36,1.0,19,59,5,1,0.6389
10.75948437198232,106.6840537511244,16,27,1.0,19,59,5,1,0.5926
10.865229381280963,106.72366973948476,35,49,1.0,19,59,5,1,0.7143
10.72279213640514,106.72808623948244,24,37,0.997905,19,59,5,1,0.6486
10.823400120373712,106.68551227436063,21,31,1.0,19,59,5,1,0.6774
10.756158554057755,106.66631758181126,22,29,1.0,19,59,5,1,0.7586
10.7144382088356,106.73711688366168,23,35,1.0,19,59,5,1,0.6571
10.817236653231737,106.63191539530456,25,35,1.0,19,59,5,1,0.7143
10.772727584493625,106.69804225297564,11,23,0.971822,20,1,5,1,0.4783
10.752616652291238,106.72509685338922,39,39,1.0,20,1,5,1,1.0
10.745754766198267,106.65326266831876,42,42,1.0,20,2,5,1,1.0
10.94927106740351,106.87196348224562,33,42,1.0,20,2,5,1,0.7857
10.78866360854368,106.695513722289,33,41,1.0,20,2,5,1,0.8049
10.801406421807084,106.7114844087968,33,41,1.0,20,2,5,1,0.8049
10.843150534972033,106.6151343241409,25,35,1.0,20,2,5,1,0.7143
10.880537767027526,106.81481342866444,46,53,1.0,20,2,5,1,0.8679
10.740840166521664,106.61899246873142,28,35,1.0,20,2,5,1,0.8
10.798986343749618,106.7269705664684,45,45,1.0,20,2,5,1,1.0
10.741860769464234,106.73790365482628,45,45,1.0,20,2,5,1,1.0
10.752408891679814,106.7022703818112,24,34,1.0,20,2,5,1,0.7059
10.786216596454729,106.71836665482697,40,40,1.0,20,2,5,1,1.0
10.78948793356203,106.7151883818118,36,36,1.0,20,2,5,1,1.0
10.80223925742187,106.6478722259914,29,41,1.0,20,2,5,1,0.7073
10.813928881466124,106.66511432455972,24,34,1.0,20,2,5,1,0.7059
10.755608615763382,106.67347943578082,18,28,1.0,20,2,5,1,0.6429
10.782680856341084,106.70051548181168,16,30,1.0,20,2,5,1,0.5333
10.754895139302109,106.67839188181134,19,32,1.0,20,2,5,1,0.5938
10.785070445194592,106.68331340921324,14,28,1.0,20,2,5,1,0.5
10.7549373008113,106.67848844133415,19,32,1.0,20,2,5,1,0.5938
10.77898143649726,106.67684447140958,22,34,1.0,20,2,5,1,0.6471
10.7671128283867,106.6927618222887,10,19,1.0,20,2,5,1,0.5263
10.77847212665258,106.69389510879644,29,41,1.0,20,2,5,1,0.7073
10.796057790235078,106.67492629345334,23,34,0.999528,20,2,5,1,0.6765
10.8352982156415,106.72935479345392,34,42,0.997296,20,2,5,1,0.8095
10.777562007197462,106.7041335430398,16,30,1.0,20,2,5,1,0.5333
10.83886351241477,106.67566625482782,26,36,1.0,20,2,5,1,0.7222
10.765187049751797,106.67550552599072,21,36,1.0,20,2,5,1,0.5833
10.75948437198232,106.6840537511244,18,28,1.0,20,2,5,1,0.6429
10.865229381280963,106.72366973948476,35,49,1.0,20,2,5,1,0.7143
10.72279213640514,106.72808623948244,24,37,0.997905,20,2,5,1,0.6486
10.823400120373712,106.68551227436063,21,32,1.0,20,3,5,1,0.6562
10.756158554057755,106.66631758181126,23,29,1.0,20,3,5,1,0.7931
10.7144382088356,106.73711688366168,23,35,1.0,20,3,5,1,0.6571
10.817236653231737,106.63191539530456,25,35,1.0,20,3,5,1,0.7143
10.772727584493625,106.69804225297564,12,25,0.968146,20,5,5,1,0.48
10.752616652291238,106.72509685338922,39,39,1.0,20,5,5,1,1.0
10.745754766198267,106.65326266831876,42,42,1.0,20,5,5,1,1.0
10.94927106740351,106.87196348224562,28,41,1.0,20,5,5,1,0.6829
10.78866360854368,106.695513722289,32,41,1.0,20,5,5,1,0.7805
10.801406421807084,106.7114844087968,32,41,1.0,20,5,5,1,0.7805
10.843150534972033,106.6151343241409,25,35,1.0,20,5,5,1,0.7143
10.880537767027526,106.81481342866444,46,53,1.0,20,5,5,1,0.8679
10.740840166521664,106.61899246873142,27,35,1.0,20,5,5,1,0.7714
10.798986343749618,106.7269705664684,45,45,1.0,20,5,5,1,1.0
10.741860769464234,106.73790365482628,45,45,1.0,20,5,5,1,1.0
10.752408891679814,106.7022703818112,22,34,1.0,20,5,5,1,0.6471
10.786216596454729,106.71836665482697,40,40,1.0,20,5,5,1,1.0
10.78948793356203,106.7151883818118,27,35,1.0,20,5,5,1,0.7714
10.80223925742187,106.6478722259914,30,39,1.0,20,5,5,1,0.7692
10.813928881466124,106.66511432455972,22,34,0.999528,20,6,5,1,0.6471
10.755608615763382,106.67347943578082,16,27,1.0,20,6,5,1,0.5926
10.782680856341084,106.70051548181168,16,30,1.0,20,6,5,1,0.5333
10.754895139302109,106.67839188181134,18,32,1.0,20,6,5,1,0.5625
10.785070445194592,106.68331340921324,14,27,1.0,20,6,5,1,0.5185
10.7549373008113,106.67848844133415,18,32,1.0,20,6,5,1,0.5625
10.77898143649726,106.67684447140958,22,35,1.0,20,6,5,1,0.6286
10.7671128283867,106.6927618222887,14,20,1.0,20,6,5,1,0.7
10.77847212665258,106.69389510879644,29,42,1.0,20,6,5,1,0.6905
10.796057790235078,106.67492629345334,22,34,0.998956,20,7,5,1,0.6471
10.8352982156415,106.72935479345392,32,42,0.997837,20,7,5,1,0.7619
10.777562007197462,106.7041335430398,16,30,1.0,20,7,5,1,0.5333
10.83886351241477,106.67566625482782,25,36,1.0,20,7,5,1,0.6944
10.765187049751797,106.67550552599072,22,36,1.0,20,7,5,1,0.6111
10.75948437198232,106.6840537511244,16,27,1.0,20,7,5,1,0.5926
10.865229381280963,106.72366973948476,35,49,1.0,20,7,5,1,0.7143
10.72279213640514,106.72808623948244,23,37,0.996923,20,7,5,1,0.6216
10.823400120373712,106.68551227436063,20,31,1.0,20,7,5,1,0.6452
10.756158554057755,106.66631758181126,21,29,1.0,20,7,5,1,0.7241
10.7144382088356,106.73711688366168,23,35,1.0,20,7,5,1,0.6571
10.817236653231737,106.63191539530456,26,34,1.0,20,7,5,1,0.7647
10.772727584493625,106.69804225297564,12,24,0.968146,20,9,5,1,0.5
10.752616652291238,106.72509685338922,31,39,1.0,20,9,5,1,0.7949
10.745754766198267,106.65326266831876,42,42,1.0,20,10,5,1,1.0
10.94927106740351,106.87196348224562,32,41,1.0,20,10,5,1,0.7805
10.78866360854368,106.695513722289,33,42,1.0,20,10,5,1,0.7857
10.801406421807084,106.7114844087968,32,41,1.0,20,10,5,1,0.7805
10.843150534972033,106.6151343241409,25,35,1.0,20,10,5,1,0.7143
10.880537767027526,106.81481342866444,46,53,1.0,20,10,5,1,0.8679
10.740840166521664,106.61899246873142,28,35,1.0,20,10,5,1,0.8
10.798986343749618,106.7269705664684,45,45,1.0,20,10,5,1,1.0
10.741860769464234,106.73790365482628,45,45,1.0,20,10,5,1,1.0
10.752408891679814,106.7022703818112,23,34,1.0,20,10,5,1,0.6765
10.786216596454729,106.71836665482697,33,39,1.0,20,10,5,1,0.8462
10.78948793356203,106.7151883818118,36,36,1.0,20,11,5,1,1.0
10.80223925742187,106.6478722259914,29,41,1.0,20,11,5,1,0.7073
10.813928881466124,106.66511432455972,24,33,0.998405,20,11,5,1,0.7273
10.755608615763382,106.67347943578082,16,27,1.0,20,11,5,1,0.5926
10.782680856341084,106.70051548181168,16,31,1.0,20,11,5,1,0.5161
10.754895139302109,106.67839188181134,19,33,1.0,20,11,5,1,0.5758
10.785070445194592,106.68331340921324,15,27,1.0,20,11,5,1,0.5556
10.7549373008113,106.67848844133415,19,33,1.0,20,11,5,1,0.5758
10.77898143649726,106.67684447140958,21,34,1.0,20,11,5,1,0.6176
10.7671128283867,106.6927618222887,12,20,1.0,20,11,5,1,0.6
10.77847212665258,106.69389510879644,29,41,1.0,20,11,5,1,0.7073
10.796057790235078,106.67492629345334,23,33,0.998667,20,11,5,1,0.697
10.8352982156415,106.72935479345392,34,42,0.997754,20,11,5,1,0.8095
10.777562007197462,106.7041335430398,16,30,1.0,20,11,5,1,0.5333
10.83886351241477,106.67566625482782,27,35,1.0,20,11,5,1,0.7714
10.765187049751797,106.67550552599072,20,36,1.0,20,11,5,1,0.5556
10.75948437198232,106.6840537511244,16,28,1.0,20,11,5,1,0.5714
10.865229381280963,106.72366973948476,36,49,1.0,20,11,5,1,0.7347
10.72279213640514,106.72808623948244,24,37,0.99698,20,11,5,1,0.6486
10.823400120373712,106.68551227436063,19,31,1.0,20,11,5,1,0.6129
10.756158554057755,106.66631758181126,21,30,1.0,20,12,5,1,0.7
10.7144382088356,106.73711688366168,23,35,1.0,20,12,5,1,0.6571
10.817236653231737,106.63191539530456,24,35,1.0,20,12,5,1,0.6857
10.772727584493625,106.69804225297564,11,24,0.972393,20,14,5,1,0.4583
10.752616652291238,106.72509685338922,39,39,1.0,20,14,5,1,1.0
10.745754766198267,106.65326266831876,42,42,1.0,20,14,5,1,1.0
10.94927106740351,106.87196348224562,34,42,1.0,20,14,5,1,0.8095
10.78866360854368,106.695513722289,32,41,1.0,20,14,5,1,0.7805
10.801406421807084,106.7114844087968,32,41,1.0,20,14,5,1,0.7805
10.843150534972033,106.6151343241409,24,35,1.0,20,14,5,1,0.6857
10.880537767027526,106.81481342866444,46,53,1.0,20,14,5,1,0.8679
10.740840166521664,106.61899246873142,27,35,1.0,20,14,5,1,0.7714
10.798986343749618,106.7269705664684,45,45,1.0,20,14,5,1,1.0
10.741860769464234,106.73790365482628,45,45,1.0,20,14,5,1,1.0
10.752408891679814,106.7022703818112,23,34,1.0,20,14,5,1,0.6765
10.786216596454729,106.71836665482697,40,40,1.0,20,15,5,1,1.0
10.78948793356203,106.7151883818118,36,36,1.0,20,15,5,1,1.0
10.80223925742187,106.6478722259914,41,41,1.0,20,15,5,1,1.0
10.813928881466124,106.66511432455972,24,34,0.998603,20,15,5,1,0.7059
10.755608615763382,106.67347943578082,16,28,1.0,20,15,5,1,0.5714
10.782680856341084,106.70051548181168,16,31,1.0,20,15,5,1,0.5161
10.754895139302109,106.67839188181134,20,32,1.0,20,15,5,1,0.625
10.785070445194592,106.68331340921324,13,28,1.0,20,15,5,1,0.4643
10.7549373008113,106.67848844133415,20,32,1.0,20,15,5,1,0.625
10.77898143649726,106.67684447140958,20,34,1.0,20,15,5,1,0.5882
10.7671128283867,106.6927618222887,7,18,1.0,20,15,5,1,0.3889
10.77847212665258,106.69389510879644,29,41,1.0,20,15,5,1,0.7073
10.796057790235078,106.67492629345334,23,34,0.998603,20,15,5,1,0.6765
10.8352982156415,106.72935479345392,33,42,0.997898,20,15,5,1,0.7857
10.777562007197462,106.7041335430398,17,30,1.0,20,15,5,1,0.5667
10.83886351241477,106.67566625482782,27,36,1.0,20,15,5,1,0.75
10.765187049751797,106.67550552599072,23,35,1.0,20,16,5,1,0.6571
10.75948437198232,106.6840537511244,15,28,1.0,20,16,5,1,0.5357
10.865229381280963,106.72366973948476,35,49,1.0,20,16,5,1,0.7143
10.72279213640514,106.72808623948244,24,37,0.994201,20,16,5,1,0.6486
10.823400120373712,106.68551227436063,23,32,1.0,20,16,5,1,0.7188
10.756158554057755,106.66631758181126,24,30,1.0,20,16,5,1,0.8
10.7144382088356,106.73711688366168,23,35,1.0,20,16,5,1,0.6571
10.817236653231737,106.63191539530456,23,34,1.0,20,16,5,1,0.6765
10.772727584493625,106.69804225297564,11,23,0.974517,20,18,5,1,0.4783
10.752616652291238,106.72509685338922,39,39,1.0,20,18,5,1,1.0
10.745754766198267,106.65326266831876,42,42,1.0,20,18,5,1,1.0
10.94927106740351,106.87196348224562,23,41,1.0,20,18,5,1,0.561
10.78866360854368,106.695513722289,33,42,1.0,20,18,5,1,0.7857
10.801406421807084,106.7114844087968,33,42,1.0,20,19,5,1,0.7857
10.843150534972033,106.6151343241409,24,35,1.0,20,19,5,1,0.6857
10.880537767027526,106.81481342866444,46,53,1.0,20,19,5,1,0.8679
10.740840166521664,106.61899246873142,28,35,1.0,20,19,5,1,0.8
10.798986343749618,106.7269705664684,45,45,1.0,20,19,5,1,1.0
10.741860769464234,106.73790365482628,45,45,1.0,20,19,5,1,1.0
10.752408891679814,106.7022703818112,23,34,1.0,20,19,5,1,0.6765
10.786216596454729,106.71836665482697,40,40,1.0,20,19,5,1,1.0
10.78948793356203,106.7151883818118,28,35,1.0,20,19,5,1,0.8
10.80223925742187,106.6478722259914,29,40,1.0,20,19,5,1,0.725
10.813928881466124,106.66511432455972,23,33,0.998669,20,19,5,1,0.697
10.755608615763382,106.67347943578082,14,27,1.0,20,19,5,1,0.5185
10.782680856341084,106.70051548181168,17,31,1.0,20,19,5,1,0.5484
10.754895139302109,106.67839188181134,20,32,1.0,20,19,5,1,0.625
10.785070445194592,106.68331340921324,12,27,1.0,20,19,5,1,0.4444
10.7549373008113,106.67848844133415,20,32,1.0,20,19,5,1,0.625
10.77898143649726,106.67684447140958,20,34,1.0,20,19,5,1,0.5882
10.7671128283867,106.6927618222887,9,20,1.0,20,19,5,1,0.45
10.77847212665258,106.69389510879644,29,41,1.0,20,19,5,1,0.7073
10.796057790235078,106.67492629345334,24,33,0.998406,20,19,5,1,0.7273
10.8352982156415,106.72935479345392,34,42,0.997378,20,19,5,1,0.8095
10.777562007197462,106.7041335430398,17,30,1.0,20,19,5,1,0.5667
10.83886351241477,106.67566625482782,26,36,1.0,20,19,5,1,0.7222
10.765187049751797,106.67550552599072,20,36,1.0,20,20,5,1,0.5556
10.75948437198232,106.6840537511244,12,29,1.0,20,20,5,1,0.4138
10.865229381280963,106.72366973948476,36,49,1.0,20,20,5,1,0.7347
10.72279213640514,106.72808623948244,23,36,0.995522,20,20,5,1,0.6389
10.823400120373712,106.68551227436063,19,31,1.0,20,20,5,1,0.6129
10.756158554057755,106.66631758181126,23,29,1.0,20,20,5,1,0.7931
10.7144382088356,106.73711688366168,23,35,1.0,20,20,5,1,0.6571
10.817236653231737,106.63191539530456,25,35,1.0,20,20,5,1,0.7143
10.772727584493625,106.69804225297564,13,23,0.947486,20,22,5,1,0.5652
10.752616652291238,106.72509685338922,39,39,1.0,20,22,5,1,1.0
10.745754766198267,106.65326266831876,42,42,1.0,20,22,5,1,1.0
10.94927106740351,106.87196348224562,31,42,1.0,20,22,5,1,0.7381
10.78866360854368,106.695513722289,33,41,1.0,20,22,5,1,0.8049
10.801406421807084,106.7114844087968,34,42,1.0,20,22,5,1,0.8095
10.843150534972033,106.6151343241409,24,35,1.0,20,22,5,1,0.6857
10.880537767027526,106.81481342866444,45,53,1.0,20,22,5,1,0.8491
10.740840166521664,106.61899246873142,28,35,1.0,20,22,5,1,0.8
10.798986343749618,106.7269705664684,45,45,1.0,20,22,5,1,1.0
10.741860769464234,106.73790365482628,45,45,1.0,20,22,5,1,1.0
10.752408891679814,106.7022703818112,21,34,1.0,20,22,5,1,0.6176
10.786216596454729,106.71836665482697,35,40,1.0,20,22,5,1,0.875
10.78948793356203,106.7151883818118,28,35,1.0,20,22,5,1,0.8
10.80223925742187,106.6478722259914,26,40,1.0,20,22,5,1,0.65
10.813928881466124,106.66511432455972,24,34,0.997628,20,22,5,1,0.7059
10.755608615763382,106.67347943578082,13,27,1.0,20,22,5,1,0.4815
10.782680856341084,106.70051548181168,17,30,1.0,20,22,5,1,0.5667
10.754895139302109,106.67839188181134,22,33,1.0,20,22,5,1,0.6667
10.785070445194592,106.68331340921324,14,27,1.0,20,22,5,1,0.5185
10.7549373008113,106.67848844133415,22,33,1.0,20,22,5,1,0.6667
10.77898143649726,106.67684447140958,20,34,1.0,20,23,5,1,0.5882
10.7671128283867,106.6927618222887,7,20,1.0,20,23,5,1,0.35
10.77847212665258,106.69389510879644,29,42,1.0,20,23,5,1,0.6905
10.796057790235078,106.67492629345334,24,34,0.997628,20,23,5,1,0.7059
10.8352982156415,106.72935479345392,34,42,0.99706,20,23,5,1,0.8095
10.777562007197462,106.7041335430398,17,30,1.0,20,23,5,1,0.5667
10.83886351241477,106.67566625482782,24,36,1.0,20,23,5,1,0.6667
10.765187049751797,106.67550552599072,20,35,1.0,20,23,5,1,0.5714
10.75948437198232,106.6840537511244,13,27,1.0,20,23,5,1,0.4815
10.865229381280963,106.72366973948476,36,49,1.0,20,23,5,1,0.7347
10.72279213640514,106.72808623948244,25,37,0.997777,20,23,5,1,0.6757
10.823400120373712,106.68551227436063,21,32,1.0,20,23,5,1,0.6562
10.756158554057755,106.66631758181126,21,29,1.0,20,23,5,1,0.7241
10.7144382088356,106.73711688366168,23,35,1.0,20,23,5,1,0.6571
10.817236653231737,106.63191539530456,25,35,1.0,20,23,5,1,0.7143
10.772727584493625,106.69804225297564,12,24,0.953281,20,25,5,1,0.5
10.752616652291238,106.72509685338922,39,39,1.0,20,25,5,1,1.0
10.745754766198267,106.65326266831876,42,42,1.0,20,26,5,1,1.0
10.94927106740351,106.87196348224562,26,42,1.0,20,26,5,1,0.619
10.78866360854368,106.695513722289,33,42,1.0,20,26,5,1,0.7857
10.801406421807084,106.7114844087968,33,42,1.0,20,26,5,1,0.7857
10.843150534972033,106.6151343241409,25,35,1.0,20,26,5,1,0.7143
10.880537767027526,106.81481342866444,46,53,1.0,20,26,5,1,0.8679
10.740840166521664,106.61899246873142,28,34,1.0,20,26,5,1,0.8235
10.798986343749618,106.7269705664684,35,44,1.0,20,26,5,1,0.7955
10.741860769464234,106.73790365482628,45,45,1.0,20,26,5,1,1.0
10.752408891679814,106.7022703818112,23,34,1.0,20,26,5,1,0.6765
10.786216596454729,106.71836665482697,40,40,1.0,20,26,5,1,1.0
10.78948793356203,106.7151883818118,28,35,1.0,20,26,5,1,0.8
10.80223925742187,106.6478722259914,29,41,1.0,20,26,5,1,0.7073
10.813928881466124,106.66511432455972,24,33,0.997734,20,27,5,1,0.7273
10.755608615763382,106.67347943578082,16,28,1.0,20,27,5,1,0.5714
10.782680856341084,106.70051548181168,17,30,1.0,20,27,5,1,0.5667
10.754895139302109,106.67839188181134,21,33,1.0,20,27,5,1,0.6364
10.785070445194592,106.68331340921324,16,27,1.0,20,27,5,1,0.5926
10.7549373008113,106.67848844133415,21,32,1.0,20,27,5,1,0.6562
10.77898143649726,106.67684447140958,21,34,1.0,20,27,5,1,0.6176
10.7671128283867,106.6927618222887,11,20,1.0,20,27,5,1,0.55
10.77847212665258,106.69389510879644,29,41,1.0,20,27,5,1,0.7073
10.796057790235078,106.67492629345334,23,33,0.99829,20,27,5,1,0.697
10.8352982156415,106.72935479345392,33,42,0.996207,20,27,5,1,0.7857
10.777562007197462,106.7041335430398,17,29,1.0,20,27,5,1,0.5862
10.83886351241477,106.67566625482782,25,36,1.0,20,27,5,1,0.6944
10.765187049751797,106.67550552599072,20,36,1.0,20,27,5,1,0.5556
10.75948437198232,106.6840537511244,16,28,1.0,20,27,5,1,0.5714
10.865229381280963,106.72366973948476,37,49,1.0,20,27,5,1,0.7551
10.72279213640514,106.72808623948244,25,37,0.996269,20,27,5,1,0.6757
10.823400120373712,106.68551227436063,23,31,1.0,20,27,5,1,0.7419
10.756158554057755,106.66631758181126,20,29,1.0,20,27,5,1,0.6897
10.7144382088356,106.73711688366168,23,36,1.0,20,27,5,1,0.6389
10.817236653231737,106.63191539530456,25,35,1.0,20,27,5,1,0.7143
10.772727584493625,106.69804225297564,12,24,0.95417,20,29,5,1,0.5
10.752616652291238,106.72509685338922,32,39,1.0,20,30,5,1,0.8205
10.745754766198267,106.65326266831876,42,42,1.0,20,30,5,1,1.0
10.94927106740351,106.87196348224562,26,41,1.0,20,30,5,1,0.6341
10.78866360854368,106.695513722289,34,41,1.0,20,30,5,1,0.8293
10.801406421807084,106.7114844087968,34,42,1.0,20,30,5,1,0.8095
10.843150534972033,106.6151343241409,24,35,1.0,20,30,5,1,0.6857
10.880537767027526,106.81481342866444,46,53,1.0,20,30,5,1,0.8679
10.740840166521664,106.61899246873142,28,35,1.0,20,30,5,1,0.8
10.798986343749618,106.7269705664684,45,45,1.0,20,30,5,1,1.0
10.741860769464234,106.73790365482628,45,45,1.0,20,30,5,1,1.0
10.752408891679814,106.7022703818112,23,34,1.0,20,30,5,1,0.6765
10.786216596454729,106.71836665482697,35,40,1.0,20,30,5,1,0.875
10.78948793356203,106.7151883818118,36,36,1.0,20,30,5,1,1.0
10.80223925742187,106.6478722259914,28,39,1.0,20,30,5,1,0.7179
10.813928881466124,106.66511432455972,24,34,0.997915,20,30,5,1,0.7059
10.755608615763382,106.67347943578082,15,27,1.0,20,30,5,1,0.5556
10.782680856341084,106.70051548181168,17,30,1.0,20,30,5,1,0.5667
10.754895139302109,106.67839188181134,20,32,1.0,20,30,5,1,0.625
10.785070445194592,106.68331340921324,15,27,1.0,20,30,5,1,0.5556
10.7549373008113,106.67848844133415,20,32,1.0,20,30,5,1,0.625
10.77898143649726,106.67684447140958,23,35,1.0,20,30,5,1,0.6571
10.7671128283867,106.6927618222887,9,19,1.0,20,30,5,1,0.4737
10.77847212665258,106.69389510879644,29,41,1.0,20,30,5,1,0.7073
10.796057790235078,106.67492629345334,24,33,0.99818,20,30,5,1,0.7273
10.8352982156415,106.72935479345392,34,42,0.996527,20,31,5,1,0.8095
10.777562007197462,106.7041335430398,16,29,1.0,20,31,5,1,0.5517
10.83886351241477,106.67566625482782,25,36,1.0,20,31,5,1,0.6944
10.765187049751797,106.67550552599072,19,36,1.0,20,31,5,1,0.5278
10.75948437198232,106.6840537511244,14,27,1.0,20,31,5,1,0.5185
10.865229381280963,106.72366973948476,37,49,1.0,20,31,5,1,0.7551
10.72279213640514,106.72808623948244,25,36,0.996269,20,31,5,1,0.6944
10.823400120373712,106.68551227436063,23,31,1.0,20,31,5,1,0.7419
10.756158554057755,106.66631758181126,18,29,1.0,20,31,5,1,0.6207
10.7144382088356,106.73711688366168,24,35,1.0,20,31,5,1,0.6857
10.817236653231737,106.63191539530456,24,35,1.0,20,31,5,1,0.6857
10.772727584493625,106.69804225297564,11,24,0.957695,20,34,5,1,0.4583
10.752616652291238,106.72509685338922,34,38,1.0,20,34,5,1,0.8947
10.745754766198267,106.65326266831876,42,42,1.0,20,34,5,1,1.0
10.94927106740351,106.87196348224562,28,42,1.0,20,34,5,1,0.6667
10.78866360854368,106.695513722289,35,42,1.0,20,34,5,1,0.8333
10.801406421807084,106.7114844087968,33,41,1.0,20,34,5,1,0.8049
10.843150534972033,106.6151343241409,24,35,1.0,20,34,5,1,0.6857
10.880537767027526,106.81481342866444,48,54,1.0,20,34,5,1,0.8889
10.740840166521664,106.61899246873142,28,35,1.0,20,34,5,1,0.8
10.798986343749618,106.7269705664684,45,45,1.0,20,34,5,1,1.0
10.741860769464234,106.73790365482628,45,45,1.0,20,34,5,1,1.0
10.752408891679814,106.7022703818112,21,32,1.0,20,34,5,1,0.6562
10.786216596454729,106.71836665482697,40,40,1.0,20,34,5,1,1.0
10.78948793356203,106.7151883818118,26,36,1.0,20,35,5,1,0.7222
10.80223925742187,106.6478722259914,30,39,1.0,20,35,5,1,0.7692
10.813928881466124,106.66511432455972,25,34,0.998484,20,35,5,1,0.7353
10.755608615763382,106.67347943578082,16,27,1.0,20,35,5,1,0.5926
10.782680856341084,106.70051548181168,17,30,1.0,20,35,5,1,0.5667
10.754895139302109,106.67839188181134,18,32,1.0,20,35,5,1,0.5625
10.785070445194592,106.68331340921324,14,29,1.0,20,35,5,1,0.4828
10.7549373008113,106.67848844133415,18,32,1.0,20,35,5,1,0.5625
10.77898143649726,106.67684447140958,22,34,1.0,20,35,5,1,0.6471
10.7671128283867,106.6927618222887,7,20,1.0,20,35,5,1,0.35
10.77847212665258,106.69389510879644,29,42,1.0,20,35,5,1,0.6905
10.796057790235078,106.67492629345334,25,34,0.998484,20,35,5,1,0.7353
10.8352982156415,106.72935479345392,35,42,0.99549,20,35,5,1,0.8333
10.777562007197462,106.7041335430398,17,30,1.0,20,35,5,1,0.5667
10.83886351241477,106.67566625482782,27,36,1.0,20,35,5,1,0.75
10.765187049751797,106.67550552599072,25,36,1.0,20,35,5,1,0.6944
10.75948437198232,106.6840537511244,16,27,1.0,20,35,5,1,0.5926
10.865229381280963,106.72366973948476,37,49,1.0,20,35,5,1,0.7551
10.72279213640514,106.72808623948244,25,37,0.996269,20,35,5,1,0.6757
10.823400120373712,106.68551227436063,21,31,1.0,20,35,5,1,0.6774
10.756158554057755,106.66631758181126,23,29,1.0,20,35,5,1,0.7931
10.7144382088356,106.73711688366168,24,35,1.0,20,35,5,1,0.6857
10.817236653231737,106.63191539530456,24,35,1.0,20,35,5,1,0.6857
10.772727584493625,106.69804225297564,12,24,0.971797,20,37,5,1,0.5
10.752616652291238,106.72509685338922,32,40,1.0,20,37,5,1,0.8
10.745754766198267,106.65326266831876,42,42,1.0,20,37,5,1,1.0
10.94927106740351,106.87196348224562,29,42,1.0,20,37,5,1,0.6905
10.78866360854368,106.695513722289,34,41,1.0,20,37,5,1,0.8293
10.801406421807084,106.7114844087968,34,41,1.0,20,37,5,1,0.8293
10.843150534972033,106.6151343241409,26,35,1.0,20,38,5,1,0.7429
10.880537767027526,106.81481342866444,53,53,1.0,20,38,5,1,1.0
10.740840166521664,106.61899246873142,28,35,1.0,20,38,5,1,0.8
10.798986343749618,106.7269705664684,45,45,1.0,20,38,5,1,1.0
10.741860769464234,106.73790365482628,45,45,1.0,20,38,5,1,1.0
10.752408891679814,106.7022703818112,24,34,1.0,20,38,5,1,0.7059
10.786216596454729,106.71836665482697,40,40,1.0,20,38,5,1,1.0
10.78948793356203,106.7151883818118,36,36,1.0,20,38,5,1,1.0
10.80223925742187,106.6478722259914,41,41,1.0,20,38,5,1,1.0
10.813928881466124,106.66511432455972,24,33,0.997915,20,38,5,1,0.7273
10.755608615763382,106.67347943578082,15,27,1.0,20,38,5,1,0.5556
10.782680856341084,106.70051548181168,16,31,1.0,20,38,5,1,0.5161
10.754895139302109,106.67839188181134,20,33,1.0,20,38,5,1,0.6061
10.785070445194592,106.68331340921324,14,28,1.0,20,38,5,1,0.5
10.7549373008113,106.67848844133415,20,33,1.0,20,38,5,1,0.6061
10.77898143649726,106.67684447140958,22,34,1.0,20,38,5,1,0.6471
10.7671128283867,106.6927618222887,9,19,1.0,20,38,5,1,0.4737
10.77847212665258,106.69389510879644,29,41,1.0,20,39,5,1,0.7073
10.796057790235078,106.67492629345334,23,33,0.999244,20,39,5,1,0.697
10.8352982156415,106.72935479345392,34,42,0.996234,20,39,5,1,0.8095
10.777562007197462,106.7041335430398,16,29,1.0,20,39,5,1,0.5517
10.83886351241477,106.67566625482782,26,36,1.0,20,39,5,1,0.7222
10.765187049751797,106.67550552599072,19,35,1.0,20,39,5,1,0.5429
10.75948437198232,106.6840537511244,15,28,1.0,20,39,5,1,0.5357
10.865229381280963,106.72366973948476,37,49,1.0,20,39,5,1,0.7551
10.72279213640514,106.72808623948244,25,37,0.997399,20,39,5,1,0.6757
10.823400120373712,106.68551227436063,22,31,1.0,20,39,5,1,0.7097
10.756158554057755,106.66631758181126,24,29,1.0,20,39,5,1,0.8276
10.7144382088356,106.73711688366168,23,35,1.0,20,39,5,1,0.6571
10.817236653231737,106.63191539530456,25,35,1.0,20,39,5,1,0.7143
10.772727584493625,106.69804225297564,12,24,0.974517,20,41,5,1,0.5
10.752616652291238,106.72509685338922,39,39,1.0,20,41,5,1,1.0
10.745754766198267,106.65326266831876,42,42,1.0,20,41,5,1,1.0
10.94927106740351,106.87196348224562,27,42,1.0,20,41,5,1,0.6429
10.78866360854368,106.695513722289,33,42,1.0,20,41,5,1,0.7857
10.801406421807084,106.7114844087968,33,42,1.0,20,41,5,1,0.7857
10.843150534972033,106.6151343241409,25,34,1.0,20,41,5,1,0.7353
10.880537767027526,106.81481342866444,53,53,1.0,20,41,5,1,1.0
10.740840166521664,106.61899246873142,27,35,1.0,20,41,5,1,0.7714
10.798986343749618,106.7269705664684,45,45,1.0,20,41,5,1,1.0
10.741860769464234,106.73790365482628,45,45,1.0,20,42,5,1,1.0
10.752408891679814,106.7022703818112,25,33,1.0,20,42,5,1,0.7576
10.786216596454729,106.71836665482697,40,40,1.0,20,42,5,1,1.0
10.78948793356203,106.7151883818118,36,36,1.0,20,42,5,1,1.0
10.80223925742187,106.6478722259914,32,41,1.0,20,42,5,1,0.7805
10.813928881466124,106.66511432455972,22,34,0.998196,20,42,5,1,0.6471
10.755608615763382,106.67347943578082,14,27,1.0,20,42,5,1,0.5185
10.782680856341084,106.70051548181168,17,29,1.0,20,42,5,1,0.5862
10.754895139302109,106.67839188181134,22,33,1.0,20,42,5,1,0.6667
10.785070445194592,106.68331340921324,14,27,1.0,20,42,5,1,0.5185
10.7549373008113,106.67848844133415,21,33,1.0,20,42,5,1,0.6364
10.77898143649726,106.67684447140958,20,34,1.0,20,42,5,1,0.5882
10.7671128283867,106.6927618222887,10,19,1.0,20,42,5,1,0.5263
10.77847212665258,106.69389510879644,29,41,1.0,20,42,5,1,0.7073
10.796057790235078,106.67492629345334,23,33,0.999528,20,42,5,1,0.697
10.8352982156415,106.72935479345392,35,42,0.996044,20,43,5,1,0.8333
10.777562007197462,106.7041335430398,17,30,1.0,20,43,5,1,0.5667
10.83886351241477,106.67566625482782,27,36,1.0,20,43,5,1,0.75
10.765187049751797,106.67550552599072,21,36,1.0,20,43,5,1,0.5833
10.75948437198232,106.6840537511244,15,28,1.0,20,43,5,1,0.5357
10.865229381280963,106.72366973948476,38,49,1.0,20,43,5,1,0.7755
10.72279213640514,106.72808623948244,25,37,0.997399,20,43,5,1,0.6757
10.823400120373712,106.68551227436063,21,31,1.0,20,43,5,1,0.6774
10.756158554057755,106.66631758181126,24,30,1.0,20,43,5,1,0.8
10.7144382088356,106.73711688366168,24,35,1.0,20,43,5,1,0.6857
10.817236653231737,106.63191539530456,25,35,1.0,20,43,5,1,0.7143
10.772727584493625,106.69804225297564,12,23,0.968271,20,46,5,1,0.5217
10.752616652291238,106.72509685338922,39,39,1.0,20,46,5,1,1.0
10.745754766198267,106.65326266831876,42,42,1.0,20,46,5,1,1.0
10.94927106740351,106.87196348224562,42,42,1.0,20,46,5,1,1.0
10.78866360854368,106.695513722289,34,42,1.0,20,46,5,1,0.8095
10.801406421807084,106.7114844087968,34,42,1.0,20,46,5,1,0.8095
10.843150534972033,106.6151343241409,24,35,1.0,20,46,5,1,0.6857
10.880537767027526,106.81481342866444,53,53,1.0,20,46,5,1,1.0
10.740840166521664,106.61899246873142,34,34,1.0,20,46,5,1,1.0
10.798986343749618,106.7269705664684,45,45,1.0,20,46,5,1,1.0
10.741860769464234,106.73790365482628,45,45,1.0,20,46,5,1,1.0
10.752408891679814,106.7022703818112,25,34,1.0,20,46,5,1,0.7353
10.786216596454729,106.71836665482697,33,40,1.0,20,46,5,1,0.825
10.78948793356203,106.7151883818118,27,36,1.0,20,47,5,1,0.75
10.80223925742187,106.6478722259914,28,41,1.0,20,47,5,1,0.6829
10.813928881466124,106.66511432455972,24,33,1.0,20,47,5,1,0.7273
10.755608615763382,106.67347943578082,17,27,1.0,20,47,5,1,0.6296
10.782680856341084,106.70051548181168,15,29,1.0,20,47,5,1,0.5172
10.754895139302109,106.67839188181134,21,32,1.0,20,47,5,1,0.6562
10.785070445194592,106.68331340921324,14,27,1.0,20,47,5,1,0.5185
10.7549373008113,106.67848844133415,20,32,1.0,20,47,5,1,0.625
10.77898143649726,106.67684447140958,22,34,1.0,20,47,5,1,0.6471
10.7671128283867,106.6927618222887,9,19,1.0,20,47,5,1,0.4737
10.77847212665258,106.69389510879644,29,42,1.0,20,47,5,1,0.6905
10.796057790235078,106.67492629345334,24,33,0.998691,20,47,5,1,0.7273
10.8352982156415,106.72935479345392,34,42,0.995842,20,47,5,1,0.8095
10.777562007197462,106.7041335430398,15,30,1.0,20,47,5,1,0.5
10.83886351241477,106.67566625482782,26,36,1.0,20,48,5,1,0.7222
10.765187049751797,106.67550552599072,21,36,1.0,20,48,5,1,0.5833
10.75948437198232,106.6840537511244,16,26,1.0,20,48,5,1,0.6154
10.865229381280963,106.72366973948476,36,49,1.0,20,48,5,1,0.7347
10.72279213640514,106.72808623948244,25,37,0.998603,20,48,5,1,0.6757
10.823400120373712,106.68551227436063,19,31,1.0,20,48,5,1,0.6129
10.756158554057755,106.66631758181126,23,29,1.0,20,48,5,1,0.7931
10.7144382088356,106.73711688366168,24,35,1.0,20,48,5,1,0.6857
10.817236653231737,106.63191539530456,25,35,1.0,20,48,5,1,0.7143
10.772727584493625,106.69804225297564,12,24,0.975322,20,50,5,1,0.5
10.752616652291238,106.72509685338922,29,39,1.0,20,50,5,1,0.7436
10.745754766198267,106.65326266831876,42,42,1.0,20,50,5,1,1.0
10.94927106740351,106.87196348224562,42,42,1.0,20,50,5,1,1.0
10.78866360854368,106.695513722289,34,42,1.0,20,50,5,1,0.8095
10.801406421807084,106.7114844087968,34,42,1.0,20,50,5,1,0.8095
10.843150534972033,106.6151343241409,25,35,1.0,20,50,5,1,0.7143
10.880537767027526,106.81481342866444,53,53,1.0,20,50,5,1,1.0
10.740840166521664,106.61899246873142,28,35,1.0,20,50,5,1,0.8
10.798986343749618,106.7269705664684,45,45,1.0,20,50,5,1,1.0
10.741860769464234,106.73790365482628,45,45,1.0,20,50,5,1,1.0
10.752408891679814,106.7022703818112,26,33,1.0,20,50,5,1,0.7879
10.786216596454729,106.71836665482697,33,39,1.0,20,50,5,1,0.8462
10.78948793356203,106.7151883818118,27,36,1.0,20,50,5,1,0.75
10.80223925742187,106.6478722259914,29,41,1.0,20,50,5,1,0.7073
10.813928881466124,106.66511432455972,23,34,1.0,20,50,5,1,0.6765
10.755608615763382,106.67347943578082,16,27,1.0,20,50,5,1,0.5926
10.782680856341084,106.70051548181168,16,30,1.0,20,51,5,1,0.5333
10.754895139302109,106.67839188181134,20,33,1.0,20,51,5,1,0.6061
10.785070445194592,106.68331340921324,15,28,1.0,20,51,5,1,0.5357
10.7549373008113,106.67848844133415,20,33,1.0,20,51,5,1,0.6061
10.77898143649726,106.67684447140958,22,34,1.0,20,51,5,1,0.6471
10.7671128283867,106.6927618222887,12,20,1.0,20,51,5,1,0.6
10.77847212665258,106.69389510879644,31,41,1.0,20,51,5,1,0.7561
10.796057790235078,106.67492629345334,23,33,1.0,20,51,5,1,0.697
10.8352982156415,106.72935479345392,34,41,0.995861,20,51,5,1,0.8293
10.777562007197462,106.7041335430398,16,30,1.0,20,51,5,1,0.5333
10.83886351241477,106.67566625482782,27,36,1.0,20,51,5,1,0.75
10.765187049751797,106.67550552599072,22,36,1.0,20,51,5,1,0.6111
10.75948437198232,106.6840537511244,16,28,1.0,20,51,5,1,0.5714
10.865229381280963,106.72366973948476,36,49,1.0,20,51,5,1,0.7347
10.72279213640514,106.72808623948244,26,37,0.998245,20,51,5,1,0.7027
10.823400120373712,106.68551227436063,20,31,1.0,20,51,5,1,0.6452
10.756158554057755,106.66631758181126,22,30,1.0,20,51,5,1,0.7333
10.7144382088356,106.73711688366168,24,35,1.0,20,51,5,1,0.6857
10.817236653231737,106.63191539530456,25,35,1.0,20,52,5,1,0.7143
10.772727584493625,106.69804225297564,12,24,0.971797,20,54,5,1,0.5
10.752616652291238,106.72509685338922,39,39,1.0,20,54,5,1,1.0
10.745754766198267,106.65326266831876,42,42,1.0,20,54,5,1,1.0
10.94927106740351,106.87196348224562,26,42,1.0,20,54,5,1,0.619
10.78866360854368,106.695513722289,33,41,1.0,20,54,5,1,0.8049
10.801406421807084,106.7114844087968,33,42,1.0,20,54,5,1,0.7857
10.843150534972033,106.6151343241409,25,35,1.0,20,54,5,1,0.7143
10.880537767027526,106.81481342866444,53,53,1.0,20,54,5,1,1.0
10.740840166521664,106.61899246873142,29,35,1.0,20,54,5,1,0.8286
10.798986343749618,106.7269705664684,45,45,1.0,20,54,5,1,1.0
10.741860769464234,106.73790365482628,45,45,1.0,20,54,5,1,1.0
10.752408891679814,106.7022703818112,26,33,1.0,20,54,5,1,0.7879
10.786216596454729,106.71836665482697,40,40,1.0,20,55,5,1,1.0
10.78948793356203,106.7151883818118,36,36,1.0,20,55,5,1,1.0
10.80223925742187,106.6478722259914,27,41,1.0,20,55,5,1,0.6585
10.813928881466124,106.66511432455972,24,34,1.0,20,55,5,1,0.7059
10.755608615763382,106.67347943578082,16,28,1.0,20,55,5,1,0.5714
10.782680856341084,106.70051548181168,16,30,1.0,20,55,5,1,0.5333
10.754895139302109,106.67839188181134,22,33,1.0,20,55,5,1,0.6667
10.785070445194592,106.68331340921324,14,27,1.0,20,55,5,1,0.5185
10.7549373008113,106.67848844133415,22,33,1.0,20,55,5,1,0.6667
10.77898143649726,106.67684447140958,22,34,1.0,20,55,5,1,0.6471
10.7671128283867,106.6927618222887,9,20,1.0,20,56,5,1,0.45
10.77847212665258,106.69389510879644,30,41,1.0,20,56,5,1,0.7317
10.796057790235078,106.67492629345334,23,34,1.0,20,56,5,1,0.6765
10.8352982156415,106.72935479345392,36,42,0.9955,20,56,5,1,0.8571
10.777562007197462,106.7041335430398,16,30,1.0,20,56,5,1,0.5333
10.83886351241477,106.67566625482782,26,36,1.0,20,56,5,1,0.7222
10.765187049751797,106.67550552599072,20,35,1.0,20,56,5,1,0.5714
10.75948437198232,106.6840537511244,16,28,1.0,20,56,5,1,0.5714
10.865229381280963,106.72366973948476,38,49,1.0,20,56,5,1,0.7755
10.72279213640514,106.72808623948244,26,37,0.997697,20,56,5,1,0.7027
10.823400120373712,106.68551227436063,20,32,1.0,20,56,5,1,0.625
10.756158554057755,106.66631758181126,30,30,1.0,20,56,5,1,1.0
10.7144382088356,106.73711688366168,23,35,1.0,20,56,5,1,0.6571
10.817236653231737,106.63191539530456,25,35,1.0,20,56,5,1,0.7143
10.772727584493625,106.69804225297564,11,23,0.975322,20,58,5,1,0.4783
10.774028664434528,106.70357076461706,12,29,0.92,20,58,5,1,0.4138
10.752616652291238,106.72509685338922,39,39,1.0,20,58,5,1,1.0
10.745754766198267,106.65326266831876,42,42,1.0,20,58,5,1,1.0
10.94927106740351,106.87196348224562,28,41,1.0,20,58,5,1,0.6829
10.78866360854368,106.695513722289,33,42,1.0,20,58,5,1,0.7857
10.801406421807084,106.7114844087968,33,42,1.0,20,59,5,1,0.7857
10.843150534972033,106.6151343241409,25,35,1.0,20,59,5,1,0.7143
10.880537767027526,106.81481342866444,53,53,1.0,20,59,5,1,1.0
10.740840166521664,106.61899246873142,29,35,1.0,20,59,5,1,0.8286
10.798986343749618,106.7269705664684,45,45,1.0,20,59,5,1,1.0
10.741860769464234,106.73790365482628,45,45,1.0,20,59,5,1,1.0
10.752408891679814,106.7022703818112,25,34,1.0,20,59,5,1,0.7353
10.786216596454729,106.71836665482697,40,40,1.0,20,59,5,1,1.0
10.78948793356203,106.7151883818118,36,36,1.0,20,59,5,1,1.0
10.80223925742187,106.6478722259914,29,41,1.0,20,59,5,1,0.7073
10.813928881466124,106.66511432455972,22,33,1.0,20,59,5,1,0.6667
10.755608615763382,106.67347943578082,16,28,1.0,20,59,5,1,0.5714
10.782680856341084,106.70051548181168,17,30,1.0,20,59,5,1,0.5667
10.754895139302109,106.67839188181134,20,32,1.0,20,59,5,1,0.625
10.785070445194592,106.68331340921324,15,27,1.0,20,59,5,1,0.5556
10.7549373008113,106.67848844133415,20,32,1.0,20,59,5,1,0.625
10.77898143649726,106.67684447140958,22,34,1.0,20,59,5,1,0.6471
10.7671128283867,106.6927618222887,9,20,1.0,20,59,5,1,0.45
10.77847212665258,106.69389510879644,30,41,1.0,20,59,5,1,0.7317
10.796057790235078,106.67492629345334,23,34,1.0,20,59,5,1,0.6765
10.8352982156415,106.72935479345392,35,42,0.996402,20,59,5,1,0.8333
10.777562007197462,106.7041335430398,17,30,1.0,20,59,5,1,0.5667
10.83886351241477,106.67566625482782,26,36,1.0,20,59,5,1,0.7222
10.765187049751797,106.67550552599072,19,35,1.0,20,59,5,1,0.5429
10.75948437198232,106.6840537511244,16,28,1.0,21,0,5,1,0.5714
10.865229381280963,106.72366973948476,36,49,1.0,21,0,5,1,0.7347
10.72279213640514,106.72808623948244,26,37,0.997905,21,0,5,1,0.7027
10.823400120373712,106.68551227436063,20,31,1.0,21,0,5,1,0.6452
10.756158554057755,106.66631758181126,18,29,1.0,21,0,5,1,0.6207
10.7144382088356,106.73711688366168,24,35,1.0,21,0,5,1,0.6857
10.817236653231737,106.63191539530456,25,35,1.0,21,0,5,1,0.7143
10.772727584493625,106.69804225297564,12,24,0.972393,21,2,5,1,0.5
10.774028664434528,106.70357076461706,12,29,0.93,21,2,5,1,0.4138
10.752616652291238,106.72509685338922,39,39,1.0,21,2,5,1,1.0
10.745754766198267,106.65326266831876,42,42,1.0,21,2,5,1,1.0
10.94927106740351,106.87196348224562,30,41,1.0,21,2,5,1,0.7317
10.78866360854368,106.695513722289,34,41,1.0,21,2,5,1,0.8293
10.801406421807084,106.7114844087968,34,41,1.0,21,2,5,1,0.8293
10.843150534972033,106.6151343241409,25,34,1.0,21,2,5,1,0.7353
10.880537767027526,106.81481342866444,53,53,1.0,21,2,5,1,1.0
10.740840166521664,106.61899246873142,29,35,1.0,21,2,5,1,0.8286
10.798986343749618,106.7269705664684,45,45,1.0,21,3,5,1,1.0
10.741860769464234,106.73790365482628,45,45,1.0,21,3,5,1,1.0
10.752408891679814,106.7022703818112,27,34,1.0,21,3,5,1,0.7941
10.786216596454729,106.71836665482697,40,40,1.0,21,3,5,1,1.0
10.78948793356203,106.7151883818118,36,36,1.0,21,3,5,1,1.0
10.80223925742187,106.6478722259914,28,41,1.0,21,3,5,1,0.6829
10.813928881466124,106.66511432455972,23,33,1.0,21,3,5,1,0.697
10.755608615763382,106.67347943578082,15,28,1.0,21,3,5,1,0.5357
10.782680856341084,106.70051548181168,16,30,1.0,21,3,5,1,0.5333
10.754895139302109,106.67839188181134,20,33,1.0,21,3,5,1,0.6061
10.785070445194592,106.68331340921324,17,28,1.0,21,3,5,1,0.6071
10.7549373008113,106.67848844133415,20,33,1.0,21,3,5,1,0.6061
10.77898143649726,106.67684447140958,22,34,1.0,21,3,5,1,0.6471
10.7671128283867,106.6927618222887,12,19,1.0,21,3,5,1,0.6316
10.77847212665258,106.69389510879644,31,42,1.0,21,3,5,1,0.7381
10.796057790235078,106.67492629345334,23,33,1.0,21,3,5,1,0.697
10.8352982156415,106.72935479345392,42,42,1.0,21,3,5,1,1.0
10.777562007197462,106.7041335430398,16,30,1.0,21,3,5,1,0.5333
10.83886351241477,106.67566625482782,28,36,1.0,21,3,5,1,0.7778
10.765187049751797,106.67550552599072,24,35,1.0,21,3,5,1,0.6857
10.75948437198232,106.6840537511244,15,28,1.0,21,4,5,1,0.5357
10.865229381280963,106.72366973948476,38,48,1.0,21,4,5,1,0.7917
10.72279213640514,106.72808623948244,25,37,0.997905,21,4,5,1,0.6757
10.823400120373712,106.68551227436063,20,31,1.0,21,4,5,1,0.6452
10.756158554057755,106.66631758181126,19,29,1.0,21,4,5,1,0.6552
10.7144382088356,106.73711688366168,25,35,1.0,21,4,5,1,0.7143
10.817236653231737,106.63191539530456,25,35,1.0,21,4,5,1,0.7143
10.772727584493625,106.69804225297564,12,23,0.97027,21,6,5,1,0.5217
10.774028664434528,106.70357076461706,12,29,0.94,21,6,5,1,0.4138
10.752616652291238,106.72509685338922,39,39,1.0,21,6,5,1,1.0
10.745754766198267,106.65326266831876,42,42,1.0,21,6,5,1,1.0
10.94927106740351,106.87196348224562,33,42,1.0,21,6,5,1,0.7857
10.78866360854368,106.695513722289,33,41,1.0,21,6,5,1,0.8049
10.801406421807084,106.7114844087968,33,41,1.0,21,6,5,1,0.8049
10.843150534972033,106.6151343241409,25,35,1.0,21,6,5,1,0.7143
10.880537767027526,106.81481342866444,53,53,1.0,21,6,5,1,1.0
10.740840166521664,106.61899246873142,27,34,1.0,21,7,5,1,0.7941
10.798986343749618,106.7269705664684,36,45,1.0,21,7,5,1,0.8
10.741860769464234,106.73790365482628,45,45,1.0,21,7,5,1,1.0
10.752408891679814,106.7022703818112,27,34,1.0,21,7,5,1,0.7941
10.786216596454729,106.71836665482697,40,40,1.0,21,7,5,1,1.0
10.78948793356203,106.7151883818118,36,36,1.0,21,7,5,1,1.0
10.80223925742187,106.6478722259914,27,41,1.0,21,7,5,1,0.6585
10.813928881466124,106.66511432455972,23,33,1.0,21,7,5,1,0.697
10.755608615763382,106.67347943578082,16,28,1.0,21,7,5,1,0.5714
10.782680856341084,106.70051548181168,17,29,1.0,21,7,5,1,0.5862
10.754895139302109,106.67839188181134,21,32,1.0,21,7,5,1,0.6562
10.785070445194592,106.68331340921324,14,27,1.0,21,7,5,1,0.5185
10.7549373008113,106.67848844133415,21,32,1.0,21,7,5,1,0.6562
10.77898143649726,106.67684447140958,24,35,1.0,21,7,5,1,0.6857
10.7671128283867,106.6927618222887,8,19,1.0,21,7,5,1,0.4211
10.77847212665258,106.69389510879644,30,42,1.0,21,8,5,1,0.7143
10.796057790235078,106.67492629345334,23,34,1.0,21,8,5,1,0.6765
10.8352982156415,106.72935479345392,34,42,0.996386,21,8,5,1,0.8095
10.777562007197462,106.7041335430398,17,29,1.0,21,8,5,1,0.5862
10.83886351241477,106.67566625482782,26,36,1.0,21,8,5,1,0.7222
10.765187049751797,106.67550552599072,24,35,1.0,21,8,5,1,0.6857
10.75948437198232,106.6840537511244,16,28,1.0,21,8,5,1,0.5714
10.865229381280963,106.72366973948476,39,49,1.0,21,8,5,1,0.7959
10.72279213640514,106.72808623948244,25,37,0.996201,21,8,5,1,0.6757
10.823400120373712,106.68551227436063,23,32,1.0,21,8,5,1,0.7188
10.756158554057755,106.66631758181126,20,28,1.0,21,8,5,1,0.7143
10.7144382088356,106.73711688366168,24,35,1.0,21,8,5,1,0.6857
10.817236653231737,106.63191539530456,25,35,1.0,21,8,5,1,0.7143
10.772727584493625,106.69804225297564,10,23,0.974517,21,10,5,1,0.4348
10.774028664434528,106.70357076461706,12,29,0.92,21,10,5,1,0.4138
10.752616652291238,106.72509685338922,39,39,1.0,21,10,5,1,1.0
10.745754766198267,106.65326266831876,42,42,1.0,21,10,5,1,1.0
10.94927106740351,106.87196348224562,42,42,1.0,21,10,5,1,1.0
10.78866360854368,106.695513722289,33,42,1.0,21,10,5,1,0.7857
10.801406421807084,106.7114844087968,33,42,1.0,21,11,5,1,0.7857
10.843150534972033,106.6151343241409,24,34,1.0,21,11,5,1,0.7059
10.880537767027526,106.81481342866444,44,53,1.0,21,11,5,1,0.8302
10.740840166521664,106.61899246873142,34,34,1.0,21,11,5,1,1.0
10.798986343749618,106.7269705664684,45,45,1.0,21,11,5,1,1.0
10.741860769464234,106.73790365482628,45,45,1.0,21,11,5,1,1.0
10.752408891679814,106.7022703818112,25,34,1.0,21,11,5,1,0.7353
10.786216596454729,106.71836665482697,34,39,1.0,21,11,5,1,0.8718
10.78948793356203,106.7151883818118,36,36,1.0,21,11,5,1,1.0
10.80223925742187,106.6478722259914,29,41,1.0,21,11,5,1,0.7073
10.813928881466124,106.66511432455972,25,34,1.0,21,11,5,1,0.7353
10.755608615763382,106.67347943578082,17,28,1.0,21,12,5,1,0.6071
10.782680856341084,106.70051548181168,16,30,1.0,21,12,5,1,0.5333
10.754895139302109,106.67839188181134,21,33,1.0,21,12,5,1,0.6364
10.785070445194592,106.68331340921324,13,26,1.0,21,12,5,1,0.5
10.7549373008113,106.67848844133415,20,32,1.0,21,12,5,1,0.625
10.77898143649726,106.67684447140958,25,34,1.0,21,12,5,1,0.7353
10.7671128283867,106.6927618222887,11,20,1.0,21,12,5,1,0.55
10.77847212665258,106.69389510879644,30,42,1.0,21,12,5,1,0.7143
10.796057790235078,106.67492629345334,24,33,1.0,21,12,5,1,0.7273
10.8352982156415,106.72935479345392,35,42,0.997306,21,12,5,1,0.8333
10.777562007197462,106.7041335430398,18,30,1.0,21,12,5,1,0.6
10.83886351241477,106.67566625482782,27,36,1.0,21,12,5,1,0.75
10.765187049751797,106.67550552599072,21,35,1.0,21,12,5,1,0.6
10.75948437198232,106.6840537511244,18,27,1.0,21,12,5,1,0.6667
10.865229381280963,106.72366973948476,37,49,1.0,21,13,5,1,0.7551
10.72279213640514,106.72808623948244,24,37,0.997905,21,13,5,1,0.6486
10.823400120373712,106.68551227436063,22,31,1.0,21,13,5,1,0.7097
10.756158554057755,106.66631758181126,19,29,1.0,21,13,5,1,0.6552
10.7144382088356,106.73711688366168,25,36,1.0,21,13,5,1,0.6944
10.817236653231737,106.63191539530456,24,35,1.0,21,13,5,1,0.6857
10.772727584493625,106.69804225297564,10,23,0.97664,21,15,5,1,0.4348
10.774028664434528,106.70357076461706,12,29,0.94,21,15,5,1,0.4138
10.752616652291238,106.72509685338922,39,39,1.0,21,15,5,1,1.0
10.745754766198267,106.65326266831876,42,42,1.0,21,15,5,1,1.0
10.94927106740351,106.87196348224562,42,42,1.0,21,15,5,1,1.0
10.78866360854368,106.695513722289,33,42,1.0,21,15,5,1,0.7857
10.801406421807084,106.7114844087968,33,42,1.0,21,15,5,1,0.7857
10.843150534972033,106.6151343241409,25,35,1.0,21,16,5,1,0.7143
10.880537767027526,106.81481342866444,47,53,1.0,21,16,5,1,0.8868
10.740840166521664,106.61899246873142,28,35,1.0,21,16,5,1,0.8
10.798986343749618,106.7269705664684,45,45,1.0,21,16,5,1,1.0
10.741860769464234,106.73790365482628,45,45,1.0,21,16,5,1,1.0
10.752408891679814,106.7022703818112,22,33,1.0,21,16,5,1,0.6667
10.786216596454729,106.71836665482697,40,40,1.0,21,16,5,1,1.0
10.78948793356203,106.7151883818118,28,35,1.0,21,16,5,1,0.8
10.80223925742187,106.6478722259914,26,41,1.0,21,16,5,1,0.6341
10.813928881466124,106.66511432455972,23,34,1.0,21,16,5,1,0.6765
10.755608615763382,106.67347943578082,16,28,1.0,21,16,5,1,0.5714
10.782680856341084,106.70051548181168,16,30,1.0,21,17,5,1,0.5333
10.754895139302109,106.67839188181134,21,32,1.0,21,17,5,1,0.6562
10.785070445194592,106.68331340921324,16,28,1.0,21,17,5,1,0.5714
10.7549373008113,106.67848844133415,21,32,1.0,21,17,5,1,0.6562
10.77898143649726,106.67684447140958,24,34,1.0,21,17,5,1,0.7059
10.7671128283867,106.6927618222887,11,19,1.0,21,17,5,1,0.5789
10.77847212665258,106.69389510879644,30,42,1.0,21,17,5,1,0.7143
10.796057790235078,106.67492629345334,23,33,1.0,21,17,5,1,0.697
10.8352982156415,106.72935479345392,33,42,0.996943,21,17,5,1,0.7857
10.777562007197462,106.7041335430398,16,30,1.0,21,17,5,1,0.5333
10.83886351241477,106.67566625482782,25,36,1.0,21,17,5,1,0.6944
10.765187049751797,106.67550552599072,22,35,1.0,21,17,5,1,0.6286
10.75948437198232,106.6840537511244,16,27,1.0,21,17,5,1,0.5926
10.865229381280963,106.72366973948476,39,49,1.0,21,17,5,1,0.7959
10.72279213640514,106.72808623948244,26,37,0.997578,21,17,5,1,0.7027
10.823400120373712,106.68551227436063,20,31,1.0,21,17,5,1,0.6452
10.756158554057755,106.66631758181126,19,29,1.0,21,18,5,1,0.6552
10.7144382088356,106.73711688366168,26,35,1.0,21,18,5,1,0.7429
10.817236653231737,106.63191539530456,24,35,1.0,21,18,5,1,0.6857
10.772727584493625,106.69804225297564,11,25,0.974517,21,20,5,1,0.44
10.774028664434528,106.70357076461706,12,28,0.96,21,20,5,1,0.4286
10.752616652291238,106.72509685338922,39,39,1.0,21,20,5,1,1.0
10.745754766198267,106.65326266831876,42,42,1.0,21,20,5,1,1.0
10.94927106740351,106.87196348224562,42,42,1.0,21,20,5,1,1.0
10.78866360854368,106.695513722289,34,41,1.0,21,20,5,1,0.8293
10.801406421807084,106.7114844087968,34,41,1.0,21,21,5,1,0.8293
10.843150534972033,106.6151343241409,24,35,1.0,21,21,5,1,0.6857
10.880537767027526,106.81481342866444,46,53,1.0,21,21,5,1,0.8679
10.740840166521664,106.61899246873142,34,34,1.0,21,21,5,1,1.0
10.798986343749618,106.7269705664684,45,45,1.0,21,21,5,1,1.0
10.741860769464234,106.73790365482628,45,45,1.0,21,21,5,1,1.0
10.752408891679814,106.7022703818112,23,33,1.0,21,21,5,1,0.697
10.786216596454729,106.71836665482697,33,40,1.0,21,21,5,1,0.825
10.78948793356203,106.7151883818118,36,36,1.0,21,21,5,1,1.0
10.80223925742187,106.6478722259914,27,40,1.0,21,21,5,1,0.675
10.813928881466124,106.66511432455972,25,34,1.0,21,21,5,1,0.7353
10.755608615763382,106.67347943578082,16,28,1.0,21,21,5,1,0.5714
10.782680856341084,106.70051548181168,17,29,1.0,21,21,5,1,0.5862
10.754895139302109,106.67839188181134,23,33,1.0,21,21,5,1,0.697
10.785070445194592,106.68331340921324,15,28,1.0,21,21,5,1,0.5357
10.7549373008113,106.67848844133415,23,33,1.0,21,21,5,1,0.697
10.77898143649726,106.67684447140958,24,34,1.0,21,21,5,1,0.7059
10.7671128283867,106.6927618222887,12,21,1.0,21,21,5,1,0.5714
10.77847212665258,106.69389510879644,30,41,1.0,21,21,5,1,0.7317
10.796057790235078,106.67492629345334,25,34,1.0,21,21,5,1,0.7353
10.8352982156415,106.72935479345392,34,42,0.996572,21,21,5,1,0.8095
10.777562007197462,106.7041335430398,17,29,1.0,21,21,5,1,0.5862
10.83886351241477,106.67566625482782,23,36,1.0,21,21,5,1,0.6389
10.765187049751797,106.67550552599072,21,35,1.0,21,21,5,1,0.6
10.75948437198232,106.6840537511244,15,27,1.0,21,21,5,1,0.5556
10.865229381280963,106.72366973948476,38,49,1.0,21,21,5,1,0.7755
10.72279213640514,106.72808623948244,26,36,0.995795,21,21,5,1,0.7222
10.823400120373712,106.68551227436063,18,31,1.0,21,21,5,1,0.5806
10.756158554057755,106.66631758181126,19,29,1.0,21,21,5,1,0.6552
10.7144382088356,106.73711688366168,25,35,1.0,21,21,5,1,0.7143
10.817236653231737,106.63191539530456,25,35,1.0,21,21,5,1,0.7143
10.772727584493625,106.69804225297564,11,24,0.973103,21,23,5,1,0.4583
10.774028664434528,106.70357076461706,12,28,0.94,21,23,5,1,0.4286
10.752616652291238,106.72509685338922,39,39,1.0,21,23,5,1,1.0
10.745754766198267,106.65326266831876,42,42,1.0,21,23,5,1,1.0
10.94927106740351,106.87196348224562,31,42,1.0,21,23,5,1,0.7381
10.78866360854368,106.695513722289,33,41,1.0,21,23,5,1,0.8049
10.801406421807084,106.7114844087968,33,41,1.0,21,23,5,1,0.8049
10.843150534972033,106.6151343241409,25,34,1.0,21,23,5,1,0.7353
10.880537767027526,106.81481342866444,45,53,1.0,21,23,5,1,0.8491
10.740840166521664,106.61899246873142,34,34,1.0,21,23,5,1,1.0
10.798986343749618,106.7269705664684,45,45,1.0,21,23,5,1,1.0
10.741860769464234,106.73790365482628,45,45,1.0,21,23,5,1,1.0
10.752408891679814,106.7022703818112,25,34,1.0,21,23,5,1,0.7353
10.786216596454729,106.71836665482697,40,40,1.0,21,23,5,1,1.0
10.78948793356203,106.7151883818118,36,36,1.0,21,23,5,1,1.0
10.80223925742187,106.6478722259914,26,41,1.0,21,23,5,1,0.6341
10.813928881466124,106.66511432455972,23,34,0.999528,21,23,5,1,0.6765
10.755608615763382,106.67347943578082,16,27,1.0,21,23,5,1,0.5926
10.782680856341084,106.70051548181168,16,30,1.0,21,23,5,1,0.5333
10.754895139302109,106.67839188181134,21,32,1.0,21,23,5,1,0.6562
10.785070445194592,106.68331340921324,18,27,1.0,21,23,5,1,0.6667
10.7549373008113,106.67848844133415,21,32,1.0,21,23,5,1,0.6562
10.77898143649726,106.67684447140958,24,35,1.0,21,23,5,1,0.6857
10.7671128283867,106.6927618222887,12,20,1.0,21,23,5,1,0.6
10.77847212665258,106.69389510879644,30,42,1.0,21,23,5,1,0.7143
10.796057790235078,106.67492629345334,24,34,0.999528,21,23,5,1,0.7059
10.8352982156415,106.72935479345392,42,42,1.0,21,23,5,1,1.0
10.777562007197462,106.7041335430398,16,30,1.0,21,24,5,1,0.5333
10.83886351241477,106.67566625482782,23,36,1.0,21,24,5,1,0.6389
10.765187049751797,106.67550552599072,25,36,1.0,21,24,5,1,0.6944
10.75948437198232,106.6840537511244,15,27,1.0,21,24,5,1,0.5556
10.865229381280963,106.72366973948476,38,49,1.0,21,24,5,1,0.7755
10.72279213640514,106.72808623948244,25,37,0.997578,21,24,5,1,0.6757
10.823400120373712,106.68551227436063,21,31,1.0,21,24,5,1,0.6774
10.756158554057755,106.66631758181126,20,28,1.0,21,24,5,1,0.7143
10.7144382088356,106.73711688366168,26,35,1.0,21,24,5,1,0.7429
10.817236653231737,106.63191539530456,24,35,1.0,21,24,5,1,0.6857
10.772727584493625,106.69804225297564,10,23,0.97027,21,26,5,1,0.4348
10.774028664434528,106.70357076461706,12,28,0.93,21,26,5,1,0.4286
10.752616652291238,106.72509685338922,39,39,1.0,21,26,5,1,1.0
10.745754766198267,106.65326266831876,42,42,1.0,21,26,5,1,1.0
10.94927106740351,106.87196348224562,33,41,1.0,21,26,5,1,0.8049
10.78866360854368,106.695513722289,34,42,1.0,21,26,5,1,0.8095
10.801406421807084,106.7114844087968,34,42,1.0,21,26,5,1,0.8095
10.843150534972033,106.6151343241409,25,35,1.0,21,26,5,1,0.7143
10.880537767027526,106.81481342866444,46,54,1.0,21,26,5,1,0.8519
10.740840166521664,106.61899246873142,34,34,1.0,21,26,5,1,1.0
10.798986343749618,106.7269705664684,45,45,1.0,21,26,5,1,1.0
10.741860769464234,106.73790365482628,45,45,1.0,21,26,5,1,1.0
10.752408891679814,106.7022703818112,24,33,1.0,21,26,5,1,0.7273
10.786216596454729,106.71836665482697,35,39,1.0,21,26,5,1,0.8974
10.78948793356203,106.7151883818118,36,36,1.0,21,26,5,1,1.0
10.80223925742187,106.6478722259914,29,41,1.0,21,26,5,1,0.7073
10.813928881466124,106.66511432455972,23,33,1.0,21,26,5,1,0.697
10.755608615763382,106.67347943578082,16,28,1.0,21,26,5,1,0.5714
10.782680856341084,106.70051548181168,17,30,1.0,21,26,5,1,0.5667
10.754895139302109,106.67839188181134,21,33,1.0,21,26,5,1,0.6364
10.785070445194592,106.68331340921324,10,26,1.0,21,26,5,1,0.3846
10.7549373008113,106.67848844133415,21,33,1.0,21,26,5,1,0.6364
10.77898143649726,106.67684447140958,22,34,1.0,21,26,5,1,0.6471
10.7671128283867,106.6927618222887,11,20,1.0,21,26,5,1,0.55
10.77847212665258,106.69389510879644,31,41,1.0,21,26,5,1,0.7561
10.796057790235078,106.67492629345334,23,33,1.0,21,26,5,1,0.697
10.8352982156415,106.72935479345392,35,42,0.997688,21,26,5,1,0.8333
10.777562007197462,106.7041335430398,17,30,1.0,21,26,5,1,0.5667
10.83886351241477,106.67566625482782,25,36,1.0,21,26,5,1,0.6944
10.765187049751797,106.67550552599072,25,35,1.0,21,26,5,1,0.7143
10.75948437198232,106.6840537511244,16,28,1.0,21,26,5,1,0.5714
10.865229381280963,106.72366973948476,39,49,1.0,21,26,5,1,0.7959
10.72279213640514,106.72808623948244,25,37,0.997777,21,26,5,1,0.6757
10.823400120373712,106.68551227436063,21,32,1.0,21,26,5,1,0.6562
10.756158554057755,106.66631758181126,23,30,1.0,21,26,5,1,0.7667
10.7144382088356,106.73711688366168,26,35,1.0,21,26,5,1,0.7429
10.817236653231737,106.63191539530456,24,35,1.0,21,26,5,1,0.6857
10.772727584493625,106.69804225297564,12,24,0.968271,21,28,5,1,0.5
10.774028664434528,106.70357076461706,10,28,0.93,21,28,5,1,0.3571
10.752616652291238,106.72509685338922,39,39,1.0,21,28,5,1,1.0
10.745754766198267,106.65326266831876,36,42,1.0,21,28,5,1,0.8571
10.94927106740351,106.87196348224562,42,42,1.0,21,28,5,1,1.0
10.78866360854368,106.695513722289,34,41,1.0,21,28,5,1,0.8293
10.801406421807084,106.7114844087968,34,41,1.0,21,28,5,1,0.8293
10.843150534972033,106.6151343241409,24,35,1.0,21,28,5,1,0.6857
10.880537767027526,106.81481342866444,47,53,1.0,21,28,5,1,0.8868
10.740840166521664,106.61899246873142,34,34,1.0,21,28,5,1,1.0
10.798986343749618,106.7269705664684,45,45,1.0,21,28,5,1,1.0
10.741860769464234,106.73790365482628,45,45,1.0,21,28,5,1,1.0
10.752408891679814,106.7022703818112,26,34,1.0,21,29,5,1,0.7647
10.786216596454729,106.71836665482697,40,40,1.0,21,29,5,1,1.0
10.78948793356203,106.7151883818118,36,36,1.0,21,29,5,1,1.0
10.80223925742187,106.6478722259914,25,41,1.0,21,29,5,1,0.6098
10.813928881466124,106.66511432455972,24,34,0.999057,21,29,5,1,0.7059
10.755608615763382,106.67347943578082,18,27,1.0,21,29,5,1,0.6667
10.782680856341084,106.70051548181168,16,30,1.0,21,29,5,1,0.5333
10.754895139302109,106.67839188181134,22,32,1.0,21,29,5,1,0.6875
10.785070445194592,106.68331340921324,13,27,1.0,21,29,5,1,0.4815
10.7549373008113,106.67848844133415,22,32,1.0,21,29,5,1,0.6875
10.77898143649726,106.67684447140958,24,35,1.0,21,29,5,1,0.6857
10.7671128283867,106.6927618222887,12,19,1.0,21,29,5,1,0.6316
10.77847212665258,106.69389510879644,31,41,1.0,21,29,5,1,0.7561
10.796057790235078,106.67492629345334,24,34,0.999057,21,29,5,1,0.7059
10.8352982156415,106.72935479345392,35,42,0.997478,21,29,5,1,0.8333
10.777562007197462,106.7041335430398,16,30,1.0,21,29,5,1,0.5333
10.83886351241477,106.67566625482782,24,36,1.0,21,29,5,1,0.6667
10.765187049751797,106.67550552599072,25,35,1.0,21,29,5,1,0.7143
10.75948437198232,106.6840537511244,18,27,1.0,21,29,5,1,0.6667
10.865229381280963,106.72366973948476,39,49,1.0,21,29,5,1,0.7959
10.72279213640514,106.72808623948244,26,37,0.997487,21,29,5,1,0.7027
10.823400120373712,106.68551227436063,23,30,1.0,21,29,5,1,0.7667
10.756158554057755,106.66631758181126,24,29,1.0,21,29,5,1,0.8276
10.7144382088356,106.73711688366168,25,35,1.0,21,29,5,1,0.7143
10.817236653231737,106.63191539530456,24,35,1.0,21,29,5,1,0.6857
10.772727584493625,106.69804225297564,14,23,0.971797,21,31,5,1,0.6087
10.774028664434528,106.70357076461706,11,29,0.92,21,31,5,1,0.3793
10.752616652291238,106.72509685338922,39,39,1.0,21,31,5,1,1.0
10.745754766198267,106.65326266831876,37,43,1.0,21,31,5,1,0.8605
10.94927106740351,106.87196348224562,31,41,1.0,21,31,5,1,0.7561
10.78866360854368,106.695513722289,35,42,1.0,21,31,5,1,0.8333
10.801406421807084,106.7114844087968,35,42,1.0,21,31,5,1,0.8333
10.843150534972033,106.6151343241409,23,34,1.0,21,31,5,1,0.6765
10.880537767027526,106.81481342866444,47,53,1.0,21,31,5,1,0.8868
10.740840166521664,106.61899246873142,34,34,1.0,21,31,5,1,1.0
10.798986343749618,106.7269705664684,45,45,1.0,21,31,5,1,1.0
10.741860769464234,106.73790365482628,45,45,1.0,21,31,5,1,1.0
10.752408891679814,106.7022703818112,25,33,1.0,21,31,5,1,0.7576
10.786216596454729,106.71836665482697,35,39,1.0,21,31,5,1,0.8974
10.78948793356203,106.7151883818118,28,35,1.0,21,31,5,1,0.8
10.80223925742187,106.6478722259914,26,41,1.0,21,31,5,1,0.6341
10.813928881466124,106.66511432455972,23,33,0.997652,21,31,5,1,0.697
10.755608615763382,106.67347943578082,16,27,1.0,21,31,5,1,0.5926
10.782680856341084,106.70051548181168,16,29,1.0,21,31,5,1,0.5517
10.754895139302109,106.67839188181134,21,32,1.0,21,31,5,1,0.6562
10.785070445194592,106.68331340921324,16,27,1.0,21,31,5,1,0.5926
10.7549373008113,106.67848844133415,21,32,1.0,21,31,5,1,0.6562
10.77898143649726,106.67684447140958,24,35,1.0,21,31,5,1,0.6857
10.7671128283867,106.6927618222887,10,20,1.0,21,31,5,1,0.5
10.77847212665258,106.69389510879644,30,42,1.0,21,31,5,1,0.7143
10.796057790235078,106.67492629345334,25,34,0.999242,21,31,5,1,0.7353
10.8352982156415,106.72935479345392,37,42,0.996922,21,31,5,1,0.881
10.777562007197462,106.7041335430398,16,30,1.0,21,31,5,1,0.5333
10.83886351241477,106.67566625482782,25,36,1.0,21,31,5,1,0.6944
10.765187049751797,106.67550552599072,19,35,1.0,21,31,5,1,0.5429
10.75948437198232,106.6840537511244,16,28,1.0,21,31,5,1,0.5714
10.865229381280963,106.72366973948476,39,49,1.0,21,31,5,1,0.7959
10.72279213640514,106.72808623948244,27,37,1.0,21,31,5,1,0.7297
10.823400120373712,106.68551227436063,23,31,1.0,21,31,5,1,0.7419
10.756158554057755,106.66631758181126,21,29,1.0,21,31,5,1,0.7241
10.7144382088356,106.73711688366168,25,35,1.0,21,32,5,1,0.7143
10.817236653231737,106.63191539530456,24,35,1.0,21,32,5,1,0.6857
10.772727584493625,106.69804225297564,12,24,0.975322,21,34,5,1,0.5
10.774028664434528,106.70357076461706,11,29,0.93,21,34,5,1,0.3793
10.752616652291238,106.72509685338922,39,39,1.0,21,34,5,1,1.0
10.745754766198267,106.65326266831876,42,42,1.0,21,34,5,1,1.0
10.94927106740351,106.87196348224562,27,41,1.0,21,34,5,1,0.6585
10.78866360854368,106.695513722289,35,42,1.0,21,34,5,1,0.8333
10.801406421807084,106.7114844087968,35,42,1.0,21,34,5,1,0.8333
10.843150534972033,106.6151343241409,24,35,1.0,21,34,5,1,0.6857
10.880537767027526,106.81481342866444,46,53,1.0,21,34,5,1,0.8679
10.740840166521664,106.61899246873142,34,34,1.0,21,34,5,1,1.0
10.798986343749618,106.7269705664684,45,45,1.0,21,34,5,1,1.0
10.741860769464234,106.73790365482628,45,45,1.0,21,34,5,1,1.0
10.752408891679814,106.7022703818112,26,34,1.0,21,34,5,1,0.7647
10.786216596454729,106.71836665482697,34,39,1.0,21,34,5,1,0.8718
10.78948793356203,106.7151883818118,36,36,1.0,21,34,5,1,1.0
10.80223925742187,106.6478722259914,24,41,1.0,21,34,5,1,0.5854
10.813928881466124,106.66511432455972,24,34,1.0,21,34,5,1,0.7059
10.755608615763382,106.67347943578082,14,28,1.0,21,34,5,1,0.5
10.782680856341084,106.70051548181168,17,31,1.0,21,34,5,1,0.5484
10.754895139302109,106.67839188181134,21,33,1.0,21,34,5,1,0.6364
10.785070445194592,106.68331340921324,15,27,1.0,21,34,5,1,0.5556
10.7549373008113,106.67848844133415,21,33,1.0,21,34,5,1,0.6364
10.77898143649726,106.67684447140958,25,34,1.0,21,34,5,1,0.7353
10.7671128283867,106.6927618222887,10,19,1.0,21,34,5,1,0.5263
10.77847212665258,106.69389510879644,30,42,1.0,21,34,5,1,0.7143
10.796057790235078,106.67492629345334,24,33,1.0,21,34,5,1,0.7273
10.8352982156415,106.72935479345392,36,42,0.996885,21,34,5,1,0.8571
10.777562007197462,106.7041335430398,17,29,1.0,21,34,5,1,0.5862
10.83886351241477,106.67566625482782,24,36,1.0,21,34,5,1,0.6667
10.765187049751797,106.67550552599072,27,35,1.0,21,34,5,1,0.7714
10.75948437198232,106.6840537511244,16,27,0.998947,21,34,5,1,0.5926
10.865229381280963,106.72366973948476,39,49,1.0,21,34,5,1,0.7959
10.72279213640514,106.72808623948244,28,37,1.0,21,34,5,1,0.7568
10.823400120373712,106.68551227436063,21,32,1.0,21,34,5,1,0.6562
10.756158554057755,106.66631758181126,30,30,1.0,21,34,5,1,1.0
10.7144382088356,106.73711688366168,24,35,1.0,21,34,5,1,0.6857
10.817236653231737,106.63191539530456,24,34,1.0,21,34,5,1,0.7059
10.772727584493625,106.69804225297564,14,24,0.975322,21,36,5,1,0.5833
10.774028664434528,106.70357076461706,11,28,0.95,21,37,5,1,0.3929
10.752616652291238,106.72509685338922,39,39,1.0,21,37,5,1,1.0
10.745754766198267,106.65326266831876,38,43,1.0,21,37,5,1,0.8837
10.94927106740351,106.87196348224562,33,41,1.0,21,37,5,1,0.8049
10.78866360854368,106.695513722289,34,42,1.0,21,37,5,1,0.8095
10.801406421807084,106.7114844087968,34,42,1.0,21,37,5,1,0.8095
10.843150534972033,106.6151343241409,25,35,1.0,21,37,5,1,0.7143
10.880537767027526,106.81481342866444,47,53,1.0,21,37,5,1,0.8868
10.740840166521664,106.61899246873142,34,34,1.0,21,37,5,1,1.0
10.798986343749618,106.7269705664684,45,45,1.0,21,37,5,1,1.0
10.741860769464234,106.73790365482628,45,45,1.0,21,37,5,1,1.0
10.752408891679814,106.7022703818112,23,34,1.0,21,37,5,1,0.6765
10.786216596454729,106.71836665482697,35,39,1.0,21,37,5,1,0.8974
10.78948793356203,106.7151883818118,36,36,1.0,21,37,5,1,1.0
10.80223925742187,106.6478722259914,25,41,1.0,21,37,5,1,0.6098
10.813928881466124,106.66511432455972,23,33,0.998691,21,37,5,1,0.697
10.755608615763382,106.67347943578082,15,27,1.0,21,38,5,1,0.5556
10.782680856341084,106.70051548181168,16,30,1.0,21,38,5,1,0.5333
10.754895139302109,106.67839188181134,21,33,1.0,21,38,5,1,0.6364
10.785070445194592,106.68331340921324,19,28,1.0,21,38,5,1,0.6786
10.7549373008113,106.67848844133415,21,33,1.0,21,38,5,1,0.6364
10.77898143649726,106.67684447140958,24,34,1.0,21,38,5,1,0.7059
10.7671128283867,106.6927618222887,10,20,1.0,21,38,5,1,0.5
10.77847212665258,106.69389510879644,30,42,1.0,21,38,5,1,0.7143
10.796057790235078,106.67492629345334,24,34,0.998691,21,38,5,1,0.7059
10.8352982156415,106.72935479345392,36,42,0.9942,21,38,5,1,0.8571
10.777562007197462,106.7041335430398,16,30,1.0,21,38,5,1,0.5333
10.83886351241477,106.67566625482782,26,36,1.0,21,38,5,1,0.7222
10.765187049751797,106.67550552599072,24,35,1.0,21,38,5,1,0.6857
10.75948437198232,106.6840537511244,16,28,1.0,21,38,5,1,0.5714
10.865229381280963,106.72366973948476,39,49,1.0,21,38,5,1,0.7959
10.72279213640514,106.72808623948244,27,37,0.996508,21,38,5,1,0.7297
10.823400120373712,106.68551227436063,22,31,1.0,21,38,5,1,0.7097
10.756158554057755,106.66631758181126,23,29,1.0,21,38,5,1,0.7931
10.7144382088356,106.73711688366168,26,35,1.0,21,38,5,1,0.7429
10.817236653231737,106.63191539530456,25,35,1.0,21,38,5,1,0.7143
